SYMBOL, SERIES, DATE1, PREV_CLOSE, OPEN_PRICE, HIGH_PRICE, LOW_PRICE, LAST_PRICE, CLOSE_PRICE, AVG_PRICE, TTL_TRD_QNTY, TURNOVER_LACS, NO_OF_TRADES, DELIV_QTY, DELIV_PER,PER_CHANGE
ACC, EQ, 01-Jan-2020,1445.65,1452.5,1457.0,1438.2, 1438.40,1440.1,1444.5,321092,4638.18,12889, 82053, 25.55,-0.38
ACC, EQ, 01-Jan-2021,1617.65,1617.2,1632.0,1615.65, 1626.00,1626.1,1625.61,647892,10532.17,19780, 96651, 14.92,0.52
ACC, EQ, 01-Jan-2024,2211.25,2212.0,2260.0,2208.65, 2245.00,2243.3,2238.13,531769,11901.69,29460, 186694, 35.11,1.45
ACC, EQ, 01-Jan-2025,2052.5,2051.95,2060.0,2035.0,2052.0,2053.3,2049.74,122193,2504.64,16672, 46780, 38.28,0.04
ACC, EQ, 01-Feb-2021,1603.85,1625.0,1696.95,1584.2, 1690.00,1685.45,1647.34,952374,15688.85,35699, 176867, 18.57,5.09
ACC, EQ, 01-Feb-2022,2285.75,2300.05,2355.0,2272.7,2337.05,2332.55,2317.55,491690,11395.15,29691, 154535, 31.43,2.05
ACC, EQ, 01-Feb-2023,1968.3,1999.5,2008.5,1750.0, 1858.00,1846.45,1858.92,4840022,89971.97,208111, 1253610, 25.90,-6.19
ACC, EQ, 01-Feb-2024,2544.3,2553.4,2566.0,2511.7, 2520.30,2530.0,2536.91,424201,10761.6,40639, 123674, 29.15,-0.56
ACC, EQ, 01-Mar-2021,1733.2,1754.4,1779.85,1725.7, 1771.20,1774.4,1754.08,890744,15624.4,34991, 212673, 23.88,2.38
ACC, EQ, 01-Mar-2023,1731.7,1739.7,1776.05,1735.65, 1767.05,1769.45,1759.48,626061,11015.39,36212, 76189, 12.17,2.18
ACC, EQ, 01-Mar-2024,2629.3,2650.0,2704.85,2636.35, 2699.00,2695.45,2668.91,295468,7885.79,26136, 118050, 39.95,2.52
ACC, EQ, 01-Apr-2020,968.5,964.8,969.0,948.0,968.0,963.45,960.72,1020895,9807.93,41076, 546992, 53.58,-0.52
ACC, EQ, 01-Apr-2021,1903.25,1920.0,1920.0,1886.95, 1912.00,1913.35,1905.67,765296,14583.99,29559, 167345, 21.87,0.53
ACC, EQ, 01-Apr-2022,2151.35,2148.0,2160.0,2128.35, 2150.00,2151.0,2144.96,838234,17979.82,28224, 518206, 61.82,-0.02
ACC, EQ, 01-Apr-2024,2491.7,2510.0,2555.65,2497.1, 2542.00,2544.55,2531.4,436532,11050.35,41006, 179856, 41.20,2.12
ACC, EQ, 01-Apr-2025,1942.65,1943.95,1960.85,1935.3,1951.0,1952.2,1947.91,183723,3578.75,11525, 103092, 56.11,0.49
ACC, EQ, 01-Jun-2020,1270.2,1283.0,1310.0,1273.05, 1283.00,1283.75,1295.97,1110142,14387.09,37028, 135965, 12.25,1.07
ACC, EQ, 01-Jun-2021,1986.05,1990.0,2001.0,1959.75, 1970.00,1973.45,1979.46,297295,5884.83,12595, 60122, 20.22,-0.63
ACC, EQ, 01-Jun-2022,2198.4,2205.9,2214.8,2182.5,2197.0,2195.85,2201.93,394675,8690.47,19599, 199654, 50.59,-0.12
ACC, EQ, 01-Jun-2023,1777.2,1782.0,1823.7,1780.7, 1799.90,1800.3,1806.84,542023,9793.51,32990, 221418, 40.85,1.3
ACC, EQ, 01-Jul-2020,1332.25,1339.95,1340.0,1308.65, 1322.00,1325.95,1324.32,1411969,18699.02,41001, 143463, 10.16,-0.47
ACC, EQ, 01-Jul-2021,2014.8,2021.8,2021.8,1991.7, 1996.60,1996.0,2002.69,335738,6723.78,18569, 109247, 32.54,-0.93
ACC, EQ, 01-Jul-2022,2121.95,2122.95,2174.0,2122.95,2171.7,2167.1,2155.75,284645,6136.22,17683, 101592, 35.69,2.13
ACC, EQ, 01-Jul-2024,2619.05,2634.75,2769.0,2619.1,2751.3,2749.6,2722.22,895260,24370.93,66207, 322299, 36.00,4.98
ACC, EQ, 01-Aug-2022,2227.4,2232.0,2234.0,2208.8, 2230.00,2226.55,2224.57,286221,6367.18,15087, 159762, 55.82,-0.04
ACC, EQ, 01-Aug-2023,2017.9,2014.7,2029.0,1980.2, 2012.00,2010.6,2005.28,522582,10479.26,29828, 176761, 33.82,-0.36
ACC, EQ, 01-Aug-2024,2590.65,2590.0,2590.55,2483.0,2485.0,2487.9,2513.83,1165948,29310.0,75859, 626606, 53.74,-3.97
ACC, EQ, 01-Sep-2020,1321.8,1323.05,1344.9,1303.55, 1341.70,1338.65,1324.05,865323,11457.29,28972, 170968, 19.76,1.27
ACC, EQ, 01-Sep-2021,2413.2,2420.0,2437.4,2393.05,2420.0,2424.05,2413.29,418473,10098.96,25335, 193513, 46.24,0.45
ACC, EQ, 01-Sep-2022,2299.7,2294.7,2314.35,2290.0,2295.0,2296.35,2298.67,282890,6502.71,17029, 140045, 49.51,-0.15
ACC, EQ, 01-Sep-2023,2005.75,2000.0,2037.65,1990.0, 2008.95,2011.25,2009.33,511773,10283.2,24978, 156936, 30.67,0.27
ACC, EQ, 01-Oct-2020,1393.45,1410.0,1423.0,1396.0, 1415.35,1415.1,1409.15,850859,11989.92,25011, 344483, 40.49,1.55
ACC, EQ, 01-Oct-2021,2254.5,2237.0,2258.0,2211.35, 2237.70,2237.5,2238.74,319800,7159.49,27837, 73474, 22.97,-0.75
ACC, EQ, 01-Oct-2024,2513.45,2514.0,2519.4,2476.0,2511.0,2511.0,2504.46,187093,4685.67,15514, 61526, 32.89,-0.1
ACC, EQ, 01-Nov-2021,2333.4,2345.05,2399.8,2328.4, 2377.05,2374.3,2368.47,703217,16655.52,40750, 255723, 36.36,1.75
ACC, EQ, 01-Nov-2022,2390.3,2399.0,2436.4,2386.55,2430.0,2428.05,2412.65,726935,17538.42,28214, 267149, 36.75,1.58
ACC, EQ, 01-Nov-2023,1888.2,1890.0,1897.35,1836.6, 1841.00,1843.75,1860.15,274912,5113.79,20185, 121707, 44.27,-2.35
ACC, EQ, 01-Dec-2020,1705.05,1738.0,1785.0,1705.9,1750.0,1747.9,1753.28,3242401,56848.28,139972, 619530, 19.11,2.51
ACC, EQ, 01-Dec-2021,2286.4,2296.0,2332.45,2248.0,2257.55,2253.45,2275.92,423543,9639.49,37653, 153128, 36.15,-1.44
ACC, EQ, 01-Dec-2022,2563.25,2568.0,2603.95,2550.0,2577.0,2577.35,2577.92,770271,19856.96,30935, 204876, 26.60,0.55
ACC, EQ, 01-Dec-2023,1875.55,1899.05,1911.2,1885.9, 1900.50,1900.25,1898.73,465342,8835.57,29110, 179619, 38.60,1.32
ACC, EQ, 02-Jan-2020,1440.1,1442.0,1501.7,1442.0, 1494.80,1493.05,1484.55,1503364,22318.17,42586, 394367, 26.23,3.68
ACC, EQ, 02-Jan-2023,2441.6,2440.0,2467.0,2436.65, 2438.00,2439.75,2447.09,162920,3986.81,12449, 53974, 33.13,-0.08
ACC, EQ, 02-Jan-2024,2243.3,2244.0,2278.0,2214.9, 2265.20,2267.3,2243.18,534118,11981.24,33623, 169028, 31.65,1.07
ACC, EQ, 02-Jan-2025,2053.3,2054.75,2081.9,2040.5,2072.0,2070.15,2058.93,362606,7465.8,23920, 206532, 56.96,0.82
ACC, EQ, 02-Feb-2021,1685.45,1700.0,1784.0,1691.05, 1763.75,1762.85,1753.04,1697944,29765.67,58464, 480697, 28.31,4.59
ACC, EQ, 02-Feb-2022,2332.55,2348.75,2350.05,2300.0, 2309.00,2306.55,2318.32,274847,6371.82,17543, 91175, 33.17,-1.11
ACC, EQ, 02-Feb-2023,1846.45,2010.0,2010.0,1767.0, 1854.60,1841.25,1855.4,3416062,63381.53,190890, 594338, 17.40,-0.28
ACC, EQ, 02-Feb-2024,2530.0,2552.8,2563.9,2490.0, 2500.00,2499.45,2516.87,240193,6045.35,22369, 76199, 31.72,-1.21
ACC, EQ, 02-Mar-2020,1320.85,1340.45,1356.45,1270.0, 1275.00,1284.2,1327.61,612866,8136.5,20586, 105414, 17.20,-2.77
ACC, EQ, 02-Mar-2021,1774.4,1779.0,1812.95,1760.05,1773.0,1771.8,1782.15,824150,14687.62,26093, 218314, 26.49,-0.15
ACC, EQ, 02-Mar-2022,2089.15,2073.8,2099.95,2043.0, 2057.45,2067.75,2067.28,494931,10231.59,31949, 227008, 45.87,-1.02
ACC, EQ, 02-Mar-2023,1769.45,1768.95,1806.7,1733.1, 1794.00,1801.35,1780.99,1273916,22688.28,63532, 426179, 33.45,1.8
ACC, EQ, 02-Apr-2024,2544.55,2555.0,2658.0,2545.85, 2641.90,2648.65,2603.95,493639,12854.1,41593, 128648, 26.06,4.09
ACC, EQ, 02-Apr-2025,1952.2,1957.0,1974.6,1929.0,1962.5,1963.85,1958.51,140886,2759.26,10934, 43871, 31.14,0.6
ACC, EQ, 02-May-2022,2328.9,2314.0,2358.3,2309.7,2349.9,2347.2,2339.1,490846,11481.4,35603, 198238, 40.39,0.79
ACC, EQ, 02-May-2023,1762.85,1764.8,1777.0,1750.55, 1766.00,1764.15,1762.93,503277,8872.44,18417, 302096, 60.03,0.07
ACC, EQ, 02-May-2024,2531.8,2544.0,2552.0,2521.5, 2529.00,2529.45,2532.55,477663,12097.04,32264, 211594, 44.30,-0.09
ACC, EQ, 02-Jun-2020,1283.75,1282.0,1299.3,1272.8,1287.1,1287.1,1287.03,980515,12619.48,40799, 177555, 18.11,0.26
ACC, EQ, 02-Jun-2021,1973.45,1975.25,2007.3,1970.9, 1996.00,1997.1,1993.71,447284,8917.55,19905, 109383, 24.45,1.2
ACC, EQ, 02-Jun-2022,2195.85,2190.0,2211.65,2186.05,2198.25,2198.75,2199.53,195697,4304.41,14727, 64478, 32.95,0.13
ACC, EQ, 02-Jun-2023,1800.3,1809.95,1819.0,1790.25, 1815.00,1815.6,1809.7,819953,14838.66,35027, 445273, 54.30,0.85
ACC, EQ, 02-Jul-2020,1325.95,1329.8,1340.0,1318.25, 1326.80,1328.85,1330.26,1008548,13416.35,29019, 168899, 16.75,0.22
ACC, EQ, 02-Jul-2021,1996.0,2003.9,2004.35,1978.0,1991.0,1987.25,1987.49,293738,5838.02,13624, 89714, 30.54,-0.44
ACC, EQ, 02-Jul-2024,2749.6,2768.0,2844.0,2720.3,2768.0,2772.25,2788.8,1487394,41480.39,90642, 406830, 27.35,0.82
ACC, EQ, 02-Aug-2021,2394.1,2395.0,2434.4,2381.2,2424.0,2424.0,2412.5,464987,11217.82,28026, 171593, 36.90,1.25
ACC, EQ, 02-Aug-2022,2226.55,2235.4,2262.6,2215.0,2226.0,2227.65,2237.35,563363,12604.38,30125, 209011, 37.10,0.05
ACC, EQ, 02-Aug-2023,2010.6,2007.0,2026.7,1961.5, 1968.30,1971.25,1987.3,677137,13456.74,32662, 212757, 31.42,-1.96
ACC, EQ, 02-Aug-2024,2487.9,2484.95,2485.0,2431.0,2440.0,2435.3,2449.18,674689,16524.34,83786, 315293, 46.73,-2.11
ACC, EQ, 02-Sep-2020,1338.65,1333.0,1361.8,1326.65, 1359.50,1357.85,1346.6,713412,9606.82,25700, 176009, 24.67,1.43
ACC, EQ, 02-Sep-2021,2424.05,2428.9,2498.0,2413.15, 2481.00,2474.2,2461.85,589580,14514.6,41669, 164680, 27.93,2.07
ACC, EQ, 02-Sep-2022,2296.35,2305.0,2307.35,2276.2,2286.5,2290.05,2289.78,1374277,31467.99,16296, 1116025, 81.21,-0.27
ACC, EQ, 02-Sep-2024,2329.15,2338.8,2343.15,2322.7,2336.2,2336.15,2333.67,144030,3361.19,15352, 54865, 38.09,0.3
ACC, EQ, 02-Nov-2020,1649.0,1649.0,1671.0,1630.0, 1666.25,1665.85,1657.61,1106012,18333.36,33315, 121900, 11.02,1.02
ACC, EQ, 02-Nov-2021,2374.3,2385.0,2416.0,2374.9, 2399.00,2392.0,2395.1,461093,11043.62,25224, 141872, 30.77,0.75
ACC, EQ, 02-Nov-2022,2428.05,2430.0,2453.05,2415.0,2435.9,2440.0,2437.25,460821,11231.37,21675, 198558, 43.09,0.49
ACC, EQ, 02-Nov-2023,1843.75,1851.75,1879.05,1841.2, 1863.55,1864.15,1866.43,205501,3835.53,13930, 74309, 36.16,1.11
ACC, EQ, 02-Dec-2020,1747.9,1745.0,1748.85,1701.3, 1728.00,1729.25,1726.07,1326419,22894.89,51393, 371978, 28.04,-1.07
ACC, EQ, 02-Dec-2021,2253.45,2248.15,2278.75,2229.6, 2267.10,2264.65,2248.25,457153,10277.95,27050, 179699, 39.31,0.5
ACC, EQ, 02-Dec-2022,2577.35,2589.0,2625.65,2555.0, 2610.00,2609.3,2595.65,816152,21184.46,48342, 293033, 35.90,1.24
ACC, EQ, 02-Dec-2024,2222.55,2239.9,2248.4,2212.35,2232.2,2234.45,2235.37,587799,13139.46,27445, 371227, 63.16,0.54
ACC, EQ, 03-Jan-2020,1493.05,1493.0,1494.0,1467.1, 1476.80,1476.3,1478.78,568262,8403.37,18109, 146128, 25.71,-1.12
ACC, EQ, 03-Jan-2022,2215.75,2220.2,2259.55,2214.15, 2245.90,2251.35,2237.14,335699,7510.05,11932, 130418, 38.85,1.61
ACC, EQ, 03-Jan-2023,2439.75,2440.05,2453.0,2428.0, 2443.40,2442.7,2438.09,356701,8696.71,25597, 181324, 50.83,0.12
ACC, EQ, 03-Jan-2024,2267.3,2283.0,2333.8,2255.0, 2277.80,2280.2,2294.1,1440573,33048.2,72360, 342799, 23.80,0.57
ACC, EQ, 03-Jan-2025,2070.15,2070.15,2078.0,2050.45,2053.0,2054.95,2062.62,112938,2329.48,12535, 47465, 42.03,-0.73
ACC, EQ, 03-Feb-2020,1426.6,1434.0,1468.5,1431.15, 1456.55,1456.55,1452.03,772603,11218.44,29069, 293559, 38.00,2.1
ACC, EQ, 03-Feb-2021,1762.85,1770.0,1783.95,1719.8, 1732.00,1727.65,1749.51,893327,15628.83,30070, 220158, 24.64,-2.0
ACC, EQ, 03-Feb-2022,2306.55,2308.9,2328.0,2286.25, 2293.15,2293.6,2303.04,253714,5843.12,13054, 125753, 49.56,-0.56
ACC, EQ, 03-Feb-2023,1841.25,1845.0,1939.25,1695.9, 1920.00,1926.75,1818.76,4096049,74497.19,211674, 356543, 8.70,4.64
ACC, EQ, 03-Feb-2025,2001.05,1990.0,1995.8,1954.55,1983.6,1990.5,1976.05,220895,4365.01,22722, 64325, 29.12,-0.53
ACC, EQ, 03-Mar-2020,1284.2,1288.0,1342.0,1288.0, 1334.60,1335.25,1316.96,701334,9236.29,28590, 115492, 16.47,3.98
ACC, EQ, 03-Mar-2021,1771.8,1784.0,1817.75,1773.2,1794.25,1796.4,1793.71,841356,15091.49,33863, 212289, 25.23,1.39
ACC, EQ, 03-Mar-2022,2067.75,2088.0,2092.7,1950.0,1963.0,1956.0,2009.1,728165,14629.53,41045, 311265, 42.75,-5.4
ACC, EQ, 03-Mar-2023,1801.35,1850.0,1916.3,1830.0, 1890.00,1894.05,1874.95,2157584,40453.62,89335, 498555, 23.11,5.15
ACC, EQ, 03-Mar-2025,1818.55,1818.55,1845.75,1778.45,1823.0,1825.75,1802.94,241566,4355.29,22680, 77972, 32.28,0.4
ACC, EQ, 03-Apr-2020,963.45,960.0,969.8,936.95, 958.05,962.6,959.12,1221295,11713.74,31706, 599171, 49.06,-0.09
ACC, EQ, 03-Apr-2023,1667.2,1675.0,1714.0,1651.6, 1707.70,1709.0,1690.78,547370,9254.84,30232, 83998, 15.35,2.51
ACC, EQ, 03-Apr-2024,2648.65,2625.0,2657.0,2606.0, 2636.20,2633.95,2636.65,331703,8745.85,28625, 135136, 40.74,-0.55
ACC, EQ, 03-Apr-2025,1963.85,1953.6,1999.0,1950.5,1997.05,1994.85,1984.28,163342,3241.16,12220, 70204, 42.98,1.58
ACC, EQ, 03-May-2021,1882.75,1860.0,1904.9,1853.2,1899.0,1898.0,1886.47,501054,9452.24,20197, 120447, 24.04,0.81
ACC, EQ, 03-May-2023,1764.15,1763.05,1774.0,1718.75,1742.0,1743.6,1750.73,478140,8370.94,28000, 148355, 31.03,-1.16
ACC, EQ, 03-May-2024,2529.45,2544.7,2564.0,2503.05, 2530.95,2531.4,2533.51,521596,13214.7,51859, 176265, 33.79,0.08
ACC, EQ, 03-Jun-2020,1287.1,1293.0,1307.0,1252.0,1260.45,1261.3,1285.86,1460107,18774.95,42830, 384026, 26.30,-2.0
ACC, EQ, 03-Jun-2021,1997.1,1999.15,2030.0,1999.15, 2024.00,2027.35,2019.38,571072,11532.12,24694, 197183, 34.53,1.51
ACC, EQ, 03-Jun-2022,2198.75,2205.5,2216.85,2122.2, 2145.20,2133.1,2145.19,715122,15340.7,29866, 298476, 41.74,-2.99
ACC, EQ, 03-Jun-2024,2546.4,2670.0,2702.7,2603.4,2701.75,2682.8,2655.34,1017937,27029.69,55518, 489331, 48.07,5.36
ACC, EQ, 03-Jul-2020,1328.85,1330.0,1337.55,1306.0, 1315.00,1314.95,1316.59,1019896,13427.85,36666, 255072, 25.01,-1.05
ACC, EQ, 03-Jul-2023,1813.7,1823.95,1835.0,1812.8, 1826.70,1825.1,1823.62,445138,8117.61,36913, 196073, 44.05,0.63
ACC, EQ, 03-Jul-2024,2772.25,2788.85,2798.0,2749.8,2763.0,2767.6,2771.07,380778,10551.62,29651, 116658, 30.64,-0.17
ACC, EQ, 03-Aug-2020,1425.45,1423.4,1452.95,1410.05,1415.0,1414.1,1435.07,1203679,17273.62,65684, 447017, 37.14,-0.8
ACC, EQ, 03-Aug-2021,2424.0,2420.0,2440.8,2392.0,2429.55,2433.1,2417.52,538219,13011.56,33638, 247167, 45.92,0.38
ACC, EQ, 03-Aug-2022,2227.65,2233.95,2241.55,2204.2, 2238.95,2236.4,2223.94,288612,6418.57,15782, 134200, 46.50,0.39
ACC, EQ, 03-Aug-2023,1971.25,1972.2,2050.0,1950.0, 2025.00,2028.15,2021.19,1104713,22328.39,60760, 370144, 33.51,2.89
ACC, EQ, 03-Sep-2020,1357.85,1362.5,1365.75,1329.2, 1338.00,1338.1,1339.41,643146,8614.39,21513, 125286, 19.48,-1.45
ACC, EQ, 03-Sep-2021,2474.2,2483.3,2485.0,2436.3, 2467.90,2469.0,2456.67,444256,10913.91,21612, 159351, 35.87,-0.21
ACC, EQ, 03-Sep-2024,2336.15,2345.0,2350.2,2325.25,2344.0,2341.3,2338.11,254851,5958.7,18695, 86892, 34.10,0.22
ACC, EQ, 03-Oct-2022,2415.65,2419.8,2434.9,2288.0,2299.0,2301.3,2351.51,1166442,27429.04,48779, 393514, 33.74,-4.73
ACC, EQ, 03-Oct-2023,2012.25,2015.95,2039.85,2008.85, 2032.05,2034.9,2031.29,248293,5043.54,23543, 97232, 39.16,1.13
ACC, EQ, 03-Oct-2024,2511.0,2479.95,2516.3,2430.05,2463.9,2458.75,2475.37,240975,5965.01,26955, 74320, 30.84,-2.08
ACC, EQ, 03-Nov-2020,1665.85,1672.4,1687.2,1645.0,1662.25,1661.3,1663.21,1021590,16991.16,36255, 228140, 22.33,-0.27
ACC, EQ, 03-Nov-2021,2392.0,2404.15,2428.75,2394.15, 2414.45,2420.5,2410.47,364903,8795.89,21355, 133030, 36.46,1.19
ACC, EQ, 03-Nov-2022,2440.0,2410.0,2473.55,2410.0,2458.0,2455.35,2453.65,406672,9978.32,25251, 130329, 32.05,0.63
ACC, EQ, 03-Nov-2023,1864.15,1878.0,1890.0,1858.0, 1858.00,1859.85,1868.34,187144,3496.49,12445, 80228, 42.87,-0.23
ACC, EQ, 03-Dec-2020,1729.25,1739.75,1742.9,1707.1,1715.15,1718.1,1720.44,725291,12478.21,29159, 178238, 24.57,-0.64
ACC, EQ, 03-Dec-2021,2264.65,2268.1,2304.55,2250.1, 2255.00,2262.2,2280.73,439164,10016.13,21559, 161205, 36.71,-0.11
ACC, EQ, 03-Dec-2024,2234.45,2239.0,2314.9,2225.5,2289.0,2291.7,2275.91,712155,16207.98,33753, 346853, 48.70,2.56
ACC, EQ, 04-Jan-2021,1626.1,1634.0,1649.0,1628.0,1643.65,1641.4,1638.51,1446174,23695.71,43847, 412528, 28.53,0.94
ACC, EQ, 04-Jan-2022,2251.35,2258.0,2264.8,2216.5, 2224.00,2224.3,2231.22,363436,8109.05,14498, 183207, 50.41,-1.2
ACC, EQ, 04-Jan-2023,2442.7,2449.7,2483.45,2399.0, 2407.50,2409.3,2445.33,590726,14445.18,33807, 155833, 26.38,-1.37
ACC, EQ, 04-Jan-2024,2280.2,2299.8,2367.25,2273.55, 2350.00,2358.2,2332.36,853756,19912.65,38522, 363758, 42.61,3.42
ACC, EQ, 04-Feb-2020,1456.55,1463.8,1506.0,1463.0, 1488.15,1487.25,1491.42,944148,14081.19,19558, 418256, 44.30,2.11
ACC, EQ, 04-Feb-2021,1727.65,1734.5,1761.4,1716.35, 1752.15,1748.95,1738.94,952288,16559.75,30695, 278847, 29.28,1.23
ACC, EQ, 04-Feb-2022,2293.6,2298.2,2322.45,2270.0, 2275.00,2274.75,2291.04,184813,4234.14,16556, 51401, 27.81,-0.82
ACC, EQ, 04-Feb-2025,1990.5,1999.9,2045.0,1999.0,2030.4,2026.35,2028.85,356440,7231.64,20334, 220974, 61.99,1.8
ACC, EQ, 04-Mar-2020,1335.25,1340.35,1344.45,1294.15, 1320.00,1325.6,1319.27,630269,8314.93,29984, 158187, 25.10,-0.72
ACC, EQ, 04-Mar-2021,1796.4,1774.2,1863.9,1765.25, 1858.55,1853.7,1829.66,1152626,21089.13,40249, 313888, 27.23,3.19
ACC, EQ, 04-Mar-2022,1956.0,1940.0,2020.0,1926.2, 2004.75,2010.55,1966.47,801645,15764.09,45137, 259470, 32.37,2.79
ACC, EQ, 04-Mar-2024,2702.55,2710.0,2723.15,2688.6, 2699.95,2695.65,2706.94,246474,6671.9,18398, 117821, 47.80,-0.26
ACC, EQ, 04-Mar-2025,1825.75,1816.8,1836.6,1801.0,1820.7,1828.85,1823.23,165352,3014.74,17051, 36960, 22.35,0.17
ACC, EQ, 04-Apr-2022,2151.0,2110.0,2133.0,2102.05,2122.7,2119.45,2117.37,655757,13884.79,26758, 235508, 35.91,-1.47
ACC, EQ, 04-Apr-2024,2633.95,2648.9,2666.7,2590.1, 2623.00,2616.25,2623.01,206549,5417.81,20485, 55119, 26.69,-0.67
ACC, EQ, 04-Apr-2025,1994.85,1990.0,1993.9,1953.7,1962.05,1966.3,1973.94,111739,2205.66,13071, 37757, 33.79,-1.43
ACC, EQ, 04-May-2020,1179.1,1130.0,1149.4,1117.2, 1129.70,1126.8,1129.17,960797,10849.07,41726, 386199, 40.20,-4.44
ACC, EQ, 04-May-2021,1898.0,1912.0,1915.0,1866.0, 1869.00,1869.0,1890.7,478133,9040.05,23168, 105378, 22.04,-1.53
ACC, EQ, 04-May-2022,2347.2,2350.0,2363.35,2273.5,2306.0,2300.1,2321.76,451428,10481.06,32330, 203249, 45.02,-2.01
ACC, EQ, 04-May-2023,1743.6,1742.0,1772.0,1742.0, 1771.00,1766.3,1760.92,283120,4985.51,17908, 127367, 44.99,1.3
ACC, EQ, 04-Jun-2020,1261.3,1261.3,1277.25,1240.2,1268.3,1269.1,1259.78,1305362,16444.64,48169, 197092, 15.10,0.62
ACC, EQ, 04-Jun-2021,2027.35,2024.0,2037.1,2005.0, 2010.00,2009.9,2018.72,219638,4433.89,10971, 38175, 17.38,-0.86
ACC, EQ, 04-Jun-2024,2682.8,2679.95,2679.95,2150.0,2280.0,2282.05,2382.71,1495201,35626.33,102840, 505636, 33.82,-14.94
ACC, EQ, 04-Jul-2022,2167.1,2170.9,2186.9,2154.1,2156.3,2164.6,2168.11,169527,3675.52,8570, 63573, 37.50,-0.12
ACC, EQ, 04-Jul-2023,1825.1,1828.65,1831.95,1814.6, 1824.00,1820.45,1821.03,307740,5604.02,22329, 191425, 62.20,-0.25
ACC, EQ, 04-Jul-2024,2767.6,2773.0,2791.25,2675.0,2726.0,2725.5,2725.3,602032,16407.19,42581, 214858, 35.69,-1.52
ACC, EQ, 04-Aug-2020,1414.1,1419.75,1429.85,1397.1,1400.0,1401.45,1409.86,753119,10617.89,23941, 272908, 36.24,-0.89
ACC, EQ, 04-Aug-2021,2433.1,2433.0,2454.95,2393.0,2398.0,2398.6,2418.66,380386,9200.23,21605, 113591, 29.86,-1.42
ACC, EQ, 04-Aug-2022,2236.4,2250.0,2250.0,2194.85,2218.0,2222.3,2223.26,437800,9733.44,27084, 222387, 50.80,-0.63
ACC, EQ, 04-Aug-2023,2028.15,2039.05,2052.5,2015.8, 2039.00,2042.75,2036.97,525513,10704.53,25142, 144137, 27.43,0.72
ACC, EQ, 04-Sep-2020,1338.1,1301.35,1327.95,1301.35,1310.0,1309.0,1317.51,783809,10326.77,31320, 141018, 17.99,-2.17
ACC, EQ, 04-Sep-2023,2011.25,2012.15,2064.95,2012.15, 2060.80,2058.65,2045.43,929654,19015.43,38737, 492892, 53.02,2.36
ACC, EQ, 04-Sep-2024,2341.3,2330.0,2357.0,2318.0,2348.65,2348.55,2345.59,230090,5396.98,18428, 101023, 43.91,0.31
ACC, EQ, 04-Oct-2021,2237.5,2245.0,2283.95,2233.0, 2267.40,2265.65,2266.32,394631,8943.58,19982, 155531, 39.41,1.26
ACC, EQ, 04-Oct-2022,2301.3,2355.0,2373.3,2288.05, 2360.00,2359.65,2345.52,714858,16767.13,35698, 151688, 21.22,2.54
ACC, EQ, 04-Oct-2023,2034.9,2030.0,2035.2,1985.65, 2005.00,2006.65,2011.0,554620,11153.4,32206, 276530, 49.86,-1.39
ACC, EQ, 04-Oct-2024,2458.75,2458.75,2482.15,2415.05,2439.05,2433.75,2437.38,308510,7519.57,19411, 173411, 56.21,-1.02
ACC, EQ, 04-Nov-2020,1661.3,1661.0,1681.95,1658.0,1676.0,1676.35,1670.74,973399,16262.98,31758, 153646, 15.78,0.91
ACC, EQ, 04-Nov-2022,2455.35,2462.0,2514.95,2459.3,2483.5,2480.7,2485.77,585433,14552.52,32804, 149032, 25.46,1.03
ACC, EQ, 04-Nov-2024,2327.85,2327.9,2337.0,2276.0,2287.9,2289.45,2292.02,141614,3245.82,15610, 56196, 39.68,-1.65
ACC, EQ, 04-Dec-2020,1718.1,1726.6,1732.95,1654.55, 1666.25,1665.95,1677.72,2540286,42618.91,73862, 1063462, 41.86,-3.04
ACC, EQ, 04-Dec-2023,1900.25,1979.0,2031.8,1950.0, 2023.00,2019.5,1997.49,1802093,35996.65,95738, 657412, 36.48,6.28
ACC, EQ, 04-Dec-2024,2291.7,2292.0,2294.0,2235.7,2244.55,2240.6,2254.45,341484,7698.58,23860, 144442, 42.30,-2.23
ACC, EQ, 05-Jan-2021,1641.4,1639.95,1655.25,1629.25, 1646.00,1645.3,1640.97,1229551,20176.58,76534, 342348, 27.84,0.24
ACC, EQ, 05-Jan-2022,2224.3,2225.0,2246.0,2220.1, 2245.00,2241.3,2236.52,372959,8341.31,15668, 229674, 61.58,0.76
ACC, EQ, 05-Jan-2023,2409.3,2407.5,2445.4,2375.35,2444.95,2440.2,2415.28,347565,8394.66,21285, 77551, 22.31,1.28
ACC, EQ, 05-Jan-2024,2358.2,2357.95,2403.8,2340.05, 2375.00,2377.45,2379.14,644750,15339.53,43037, 205185, 31.82,0.82
ACC, EQ, 05-Feb-2020,1487.25,1496.5,1496.5,1463.3, 1470.00,1469.8,1475.1,1005046,14825.47,31321, 539739, 53.70,-1.17
ACC, EQ, 05-Feb-2021,1748.95,1755.0,1763.0,1715.0, 1722.25,1723.0,1735.07,1089231,18898.94,35208, 248749, 22.84,-1.48
ACC, EQ, 05-Feb-2024,2499.45,2510.0,2523.5,2469.65, 2481.95,2486.2,2498.19,234406,5855.9,23039, 73741, 31.46,-0.53
ACC, EQ, 05-Feb-2025,2026.35,2037.0,2064.65,2022.5,2046.0,2046.45,2051.11,258940,5311.15,22346, 111464, 43.05,0.99
ACC, EQ, 05-Mar-2020,1325.6,1328.9,1344.9,1297.15, 1300.00,1302.6,1321.6,826033,10916.84,28443, 229627, 27.80,-1.74
ACC, EQ, 05-Mar-2021,1853.7,1859.0,1894.0,1812.5,1825.55,1824.45,1861.46,2338230,43525.13,89870, 190685, 8.16,-1.58
ACC, EQ, 05-Mar-2024,2695.65,2705.0,2705.0,2660.0, 2665.00,2668.75,2675.47,148918,3984.25,15485, 42440, 28.50,-1.0
ACC, EQ, 05-Mar-2025,1828.85,1827.0,1863.9,1822.55,1858.8,1857.25,1845.84,318341,5876.07,30024, 144158, 45.28,1.55
ACC, EQ, 05-Apr-2021,1913.35,1908.0,1937.0,1872.1,1902.4,1894.4,1905.28,1272161,24238.25,44590, 289969, 22.79,-0.99
ACC, EQ, 05-Apr-2022,2119.45,2134.8,2158.0,2112.0, 2146.00,2149.65,2141.03,615501,13178.04,20440, 335736, 54.55,1.42
ACC, EQ, 05-Apr-2023,1709.0,1707.0,1716.45,1670.65, 1690.00,1687.95,1685.39,696020,11730.67,33920, 347202, 49.88,-1.23
ACC, EQ, 05-Apr-2024,2616.25,2615.0,2628.75,2564.25, 2576.00,2575.1,2582.07,279335,7212.62,28323, 97405, 34.87,-1.57
ACC, EQ, 05-May-2020,1126.8,1137.65,1168.45,1125.75, 1145.00,1134.6,1149.83,2292647,26361.64,66213, 873452, 38.10,0.69
ACC, EQ, 05-May-2021,1869.0,1875.0,1897.95,1870.1, 1886.10,1888.55,1884.3,381806,7194.38,14550, 39623, 10.38,1.05
ACC, EQ, 05-May-2022,2300.1,2325.0,2332.2,2269.85, 2280.00,2277.85,2300.8,395262,9094.19,23229, 137102, 34.69,-0.97
ACC, EQ, 05-May-2023,1766.3,1771.0,1785.0,1750.0, 1762.00,1764.65,1767.51,566808,10018.4,31944, 187900, 33.15,-0.09
ACC, EQ, 05-Jun-2020,1269.1,1273.0,1305.0,1272.0, 1298.70,1297.35,1293.99,1214175,15711.31,31887, 262375, 21.61,2.23
ACC, EQ, 05-Jun-2023,1815.6,1821.0,1826.5,1806.5, 1812.50,1810.45,1816.04,539080,9789.88,21925, 275470, 51.10,-0.28
ACC, EQ, 05-Jun-2024,2282.05,2349.95,2425.0,2236.3,2407.0,2401.6,2357.21,662576,15618.32,52084, 234769, 35.43,5.24
ACC, EQ, 05-Jul-2021,1987.25,1997.65,2006.6,1975.0, 1981.10,1982.75,1989.54,328547,6536.59,23547, 120251, 36.60,-0.23
ACC, EQ, 05-Jul-2022,2164.6,2156.0,2178.8,2144.05,2146.5,2148.05,2162.14,163386,3532.63,8835, 42365, 25.93,-0.76
ACC, EQ, 05-Jul-2023,1820.45,1834.8,1834.8,1810.05,1819.0,1820.8,1817.51,268278,4875.97,19641, 141347, 52.69,0.02
ACC, EQ, 05-Jul-2024,2725.5,2734.0,2740.25,2648.45,2660.65,2669.5,2684.33,363575,9759.57,26130, 144318, 39.69,-2.05
ACC, EQ, 05-Aug-2020,1401.45,1400.0,1429.5,1390.0,1413.0,1411.9,1412.68,1079955,15256.31,29006, 147710, 13.68,0.75
ACC, EQ, 05-Aug-2021,2398.6,2400.05,2413.7,2375.2,2390.0,2392.2,2394.73,399193,9559.61,18749, 95827, 24.01,-0.27
ACC, EQ, 05-Aug-2022,2222.3,2230.15,2259.0,2218.6,2259.0,2254.8,2243.73,291021,6529.72,28262, 103247, 35.48,1.46
ACC, EQ, 05-Aug-2024,2435.3,2415.0,2443.4,2342.0,2385.5,2380.6,2381.93,680437,16207.54,58615, 263818, 38.77,-2.25
ACC, EQ, 05-Sep-2022,2290.05,2303.9,2305.0,2285.0, 2286.00,2288.15,2292.36,245656,5631.32,9059, 82071, 33.41,-0.08
ACC, EQ, 05-Sep-2023,2058.65,2056.6,2104.0,2045.0, 2080.05,2084.6,2077.16,770177,15997.81,40799, 354745, 46.06,1.26
ACC, EQ, 05-Sep-2024,2348.55,2363.0,2449.9,2360.0,2423.0,2419.8,2417.75,1321066,31940.08,77408, 327091, 24.76,3.03
ACC, EQ, 05-Oct-2020,1415.1,1420.0,1429.5,1402.0, 1420.00,1419.75,1415.75,842753,11931.29,23240, 279395, 33.15,0.33
ACC, EQ, 05-Oct-2021,2265.65,2253.15,2284.0,2253.15, 2264.00,2263.7,2267.74,251071,5693.64,19606, 88138, 35.10,-0.09
ACC, EQ, 05-Oct-2023,2006.65,2007.0,2025.45,1993.2, 1994.50,1997.25,2006.06,180497,3620.88,9985, 94751, 52.49,-0.47
ACC, EQ, 05-Nov-2020,1676.35,1692.0,1703.2,1668.65, 1699.65,1699.4,1692.8,1203200,20367.75,41999, 269129, 22.37,1.38
ACC, EQ, 05-Nov-2024,2289.45,2287.0,2324.4,2283.9,2321.0,2319.4,2308.91,123477,2850.98,15480, 44548, 36.08,1.31
ACC, EQ, 05-Dec-2022,2609.3,2610.2,2628.8,2594.0, 2622.05,2621.1,2614.16,458990,11998.71,42225, 200755, 43.74,0.45
ACC, EQ, 05-Dec-2023,2019.5,2023.0,2193.0,2013.75, 2184.00,2184.8,2129.87,3873194,82493.82,209314, 913011, 23.57,8.19
ACC, EQ, 05-Dec-2024,2240.6,2255.0,2276.6,2229.35,2269.95,2267.35,2258.0,419752,9477.98,21483, 201317, 47.96,1.19
ACC, EQ, 06-Jan-2020,1476.3,1462.1,1469.85,1430.55, 1433.00,1435.55,1445.74,408807,5910.28,13675, 147029, 35.97,-2.76
ACC, EQ, 06-Jan-2021,1645.3,1658.0,1679.0,1641.0, 1673.50,1674.45,1661.75,1755315,29168.87,47451, 350684, 19.98,1.77
ACC, EQ, 06-Jan-2022,2241.3,2230.0,2263.8,2202.0, 2229.00,2227.3,2237.76,470965,10539.05,25913, 149156, 31.67,-0.62
ACC, EQ, 06-Jan-2023,2440.2,2435.2,2457.05,2400.0,2420.3,2415.95,2429.7,203880,4953.66,13691, 40283, 19.76,-0.99
ACC, EQ, 06-Jan-2025,2054.95,2060.3,2060.85,1979.1,1987.95,1984.1,2012.55,315087,6341.29,30541, 159166, 50.51,-3.45
ACC, EQ, 06-Feb-2020,1469.8,1477.1,1493.7,1460.2, 1490.10,1489.7,1475.26,820849,12109.64,23781, 284631, 34.68,1.35
ACC, EQ, 06-Feb-2023,1926.75,1929.0,1988.0,1880.0, 1964.80,1969.55,1939.82,1358051,26343.7,79108, 163750, 12.06,2.22
ACC, EQ, 06-Feb-2024,2486.2,2485.8,2533.0,2469.25, 2527.00,2528.25,2509.65,201246,5050.56,18202, 64071, 31.84,1.69
ACC, EQ, 06-Feb-2025,2046.45,2050.0,2059.0,1985.7,1998.0,1993.85,2004.38,307823,6169.93,23805, 120042, 39.00,-2.57
ACC, EQ, 06-Mar-2020,1302.6,1258.9,1306.8,1248.0, 1300.90,1300.95,1286.48,728668,9374.2,22862, 141093, 19.36,-0.13
ACC, EQ, 06-Mar-2023,1894.05,1905.0,1932.3,1855.0, 1865.10,1865.8,1888.42,1384486,26144.93,64800, 210806, 15.23,-1.49
ACC, EQ, 06-Mar-2024,2668.75,2665.0,2673.4,2596.95, 2652.00,2642.0,2626.06,217355,5707.88,23992, 58012, 26.69,-1.0
ACC, EQ, 06-Mar-2025,1857.25,1877.0,1879.0,1857.0,1868.45,1869.85,1869.98,137956,2579.75,12386, 52722, 38.22,0.68
ACC, EQ, 06-Apr-2021,1894.4,1904.9,1922.7,1890.05,1906.65,1908.45,1908.34,965415,18423.44,23890, 384458, 39.82,0.74
ACC, EQ, 06-Apr-2022,2149.65,2149.65,2199.0,2124.6, 2142.00,2145.5,2165.07,1082516,23437.28,49556, 345676, 31.93,-0.19
ACC, EQ, 06-Apr-2023,1687.95,1694.95,1717.45,1681.1, 1712.00,1712.0,1705.04,425340,7252.2,23288, 117999, 27.74,1.42
ACC, EQ, 06-May-2020,1134.6,1145.0,1190.0,1141.7, 1182.85,1182.25,1169.92,2397643,28050.45,64930, 554503, 23.13,4.2
ACC, EQ, 06-May-2021,1888.55,1895.0,1908.5,1877.2, 1894.00,1896.25,1892.76,292905,5543.99,12794, 40846, 13.95,0.41
ACC, EQ, 06-May-2022,2277.85,2249.0,2274.9,2232.35,2243.05,2245.45,2248.63,571407,12848.82,25646, 276789, 48.44,-1.42
ACC, EQ, 06-May-2024,2531.4,2546.0,2551.4,2482.0,2483.0,2489.5,2513.33,477174,11992.97,26267, 226295, 47.42,-1.66
ACC, EQ, 06-Jun-2022,2133.1,2144.9,2167.5,2130.55,2139.0,2138.25,2146.03,374121,8028.74,21914, 99414, 26.57,0.24
ACC, EQ, 06-Jun-2023,1810.45,1815.0,1864.0,1815.0,1857.0,1856.3,1848.92,1431557,26468.41,57316, 441098, 30.81,2.53
ACC, EQ, 06-Jun-2024,2401.6,2431.6,2506.2,2431.6,2461.0,2453.55,2471.14,475470,11749.51,40557, 189302, 39.81,2.16
ACC, EQ, 06-Jul-2020,1314.95,1317.0,1334.95,1307.0, 1326.00,1328.0,1324.45,1070329,14176.02,38110, 299990, 28.03,0.99
ACC, EQ, 06-Jul-2021,1982.75,1987.85,2058.55,1983.05, 2022.00,2022.85,2032.85,1171831,23821.6,43567, 314069, 26.80,2.02
ACC, EQ, 06-Jul-2022,2148.05,2148.05,2179.9,2148.0,2179.8,2174.35,2168.67,123949,2688.05,10080, 49225, 39.71,1.22
ACC, EQ, 06-Jul-2023,1820.8,1821.0,1827.6,1810.0,1821.05,1820.35,1816.84,295412,5367.16,24538, 171387, 58.02,-0.02
ACC, EQ, 06-Aug-2020,1411.9,1413.1,1425.0,1400.0,1404.15,1406.2,1412.11,544735,7692.24,14999, 118057, 21.67,-0.4
ACC, EQ, 06-Aug-2021,2392.2,2382.1,2398.8,2335.4, 2344.00,2341.35,2362.48,516746,12208.01,26616, 216620, 41.92,-2.13
ACC, EQ, 06-Aug-2024,2380.6,2400.0,2428.0,2336.0,2346.05,2342.35,2388.48,430887,10291.63,28858, 210372, 48.82,-1.61
ACC, EQ, 06-Sep-2021,2469.0,2487.9,2509.0,2469.0,2469.25,2472.75,2483.64,426552,10594.01,22409, 131444, 30.82,0.15
ACC, EQ, 06-Sep-2022,2288.15,2297.0,2354.9,2280.4, 2348.15,2329.95,2301.87,1018694,23449.03,39230, 573086, 56.26,1.83
ACC, EQ, 06-Sep-2023,2084.6,2084.0,2084.55,2037.7, 2042.40,2043.5,2053.8,801557,16462.41,32935, 483963, 60.38,-1.97
ACC, EQ, 06-Sep-2024,2419.8,2422.8,2446.0,2368.6,2431.6,2429.4,2419.07,914785,22129.29,40382, 501646, 54.84,0.4
ACC, EQ, 06-Oct-2020,1419.75,1423.2,1448.5,1416.25,1448.0,1437.7,1428.68,764167,10917.52,32680, 213110, 27.89,1.26
ACC, EQ, 06-Oct-2021,2263.7,2265.95,2278.0,2194.35, 2203.00,2203.25,2233.0,446408,9968.27,24088, 192440, 43.11,-2.67
ACC, EQ, 06-Oct-2022,2359.65,2371.45,2397.75,2344.0, 2379.00,2381.75,2378.46,690259,16417.51,36234, 180302, 26.12,0.94
ACC, EQ, 06-Oct-2023,1997.25,1997.25,2021.7,1997.25, 2008.00,2009.95,2011.01,153026,3077.37,13052, 61000, 39.86,0.64
ACC, EQ, 06-Nov-2020,1699.4,1701.9,1702.65,1650.1, 1659.55,1654.2,1670.01,1287283,21497.74,46366, 396554, 30.81,-2.66
ACC, EQ, 06-Nov-2023,1859.85,1874.85,1888.5,1862.0, 1865.15,1864.3,1872.19,203941,3818.17,13847, 81128, 39.78,0.24
ACC, EQ, 06-Nov-2024,2319.4,2325.75,2367.0,2318.75,2359.35,2359.55,2349.69,137340,3227.07,14730, 53037, 38.62,1.73
ACC, EQ, 06-Dec-2021,2262.2,2265.0,2272.95,2205.0, 2205.25,2217.3,2242.78,234956,5269.54,22254, 96190, 40.94,-1.98
ACC, EQ, 06-Dec-2022,2621.1,2610.0,2656.85,2608.05, 2618.10,2621.15,2631.72,599147,15767.88,37564, 229633, 38.33,0.0
ACC, EQ, 06-Dec-2023,2184.8,2201.0,2218.0,2114.0, 2130.00,2128.25,2158.34,1764074,38074.75,105526, 470002, 26.64,-2.59
ACC, EQ, 06-Dec-2024,2267.35,2270.0,2278.95,2253.45,2257.05,2258.35,2265.61,139487,3160.23,11343, 56535, 40.53,-0.4
ACC, EQ, 07-Jan-2020,1435.55,1450.0,1465.05,1436.0, 1453.10,1456.0,1452.32,863805,12545.21,26295, 223430, 25.87,1.42
ACC, EQ, 07-Jan-2021,1674.45,1691.25,1720.0,1683.2, 1710.00,1704.35,1704.87,2052711,34996.11,62516, 519453, 25.31,1.79
ACC, EQ, 07-Jan-2022,2227.3,2234.0,2303.8,2232.05,2290.0,2284.6,2276.31,573885,13063.37,29246, 142912, 24.90,2.57
ACC, EQ, 07-Jan-2025,1984.1,1985.3,2028.4,1985.3,2008.3,2018.75,2012.36,144388,2905.6,14080, 56966, 39.45,1.75
ACC, EQ, 07-Feb-2020,1489.7,1491.0,1513.5,1488.1, 1505.00,1502.7,1501.57,1060729,15927.63,30105, 191904, 18.09,0.87
ACC, EQ, 07-Feb-2022,2274.75,2282.7,2292.75,2239.25, 2279.85,2282.2,2270.05,201382,4571.47,13911, 76541, 38.01,0.33
ACC, EQ, 07-Feb-2023,1969.55,1970.0,2065.65,1965.3, 1996.00,1994.05,2012.35,2473866,49782.78,107942, 580627, 23.47,1.24
ACC, EQ, 07-Feb-2024,2528.25,2535.0,2556.0,2494.8, 2514.85,2505.55,2516.54,246866,6212.48,24905, 106909, 43.31,-0.9
ACC, EQ, 07-Feb-2025,1993.85,1997.95,2020.05,1971.7,1999.25,1999.1,1996.81,191149,3816.87,17414, 66322, 34.70,0.26
ACC, EQ, 07-Mar-2022,2010.55,1972.0,1978.0,1900.0, 1947.00,1950.15,1939.15,536549,10404.5,32878,231500,43.15,-3.0
ACC, EQ, 07-Mar-2024,2642.0,2642.0,2656.85,2615.3, 2640.00,2638.8,2635.61,149670,3944.71,14329, 51364, 34.32,-0.12
ACC, EQ, 07-Mar-2025,1869.85,1869.85,1898.7,1858.6,1875.0,1885.75,1874.02,445459,8348.0,22422, 279354, 62.71,0.85
ACC, EQ, 07-Apr-2020,962.6,976.0,1018.8,973.1, 1009.95,1009.95,996.46,1579268,15736.76,71919, 554047, 35.08,4.92
ACC, EQ, 07-Apr-2021,1908.45,1919.5,1954.5,1901.9,1913.0,1918.45,1931.9,1643523,31751.26,44919, 344453, 20.96,0.52
ACC, EQ, 07-Apr-2022,2145.5,2148.0,2180.0,2129.05,2140.0,2136.7,2155.18,420470,9061.88,25825, 143705, 34.18,-0.41
ACC, EQ, 07-Apr-2025,1966.3,1900.0,1944.0,1874.05,1933.0,1929.1,1909.73,225478,4306.01,19118, 87446, 38.78,-1.89
ACC, EQ, 07-May-2020,1182.25,1178.9,1204.0,1147.05, 1158.00,1152.65,1176.89,1390594,16365.75,49094, 171664, 12.34,-2.5
ACC, EQ, 07-May-2021,1896.25,1903.0,1928.9,1896.05, 1904.55,1904.75,1912.21,641334,12263.65,35637, 138073, 21.53,0.45
ACC, EQ, 07-May-2024,2489.5,2490.0,2516.2,2422.0,2430.0,2436.45,2467.52,588553,14522.67,45409, 260966, 44.34,-2.13
ACC, EQ, 07-Jun-2021,2009.9,2015.5,2058.9,2011.0, 2045.15,2045.95,2043.19,494925,10112.28,25735, 152668, 30.85,1.79
ACC, EQ, 07-Jun-2022,2138.25,2133.0,2148.9,2088.0,2137.95,2138.35,2113.59,1062704,22461.23,29805, 641846, 60.40,0.0
ACC, EQ, 07-Jun-2023,1856.3,1862.0,1870.0,1839.0, 1855.10,1851.75,1850.13,494896,9156.21,22684, 170861, 34.52,-0.25
ACC, EQ, 07-Jun-2024,2453.55,2467.4,2507.75,2451.4,2499.85,2499.1,2485.33,329255,8183.08,33485, 168167, 51.08,1.86
ACC, EQ, 07-Jul-2020,1328.0,1327.9,1327.9,1307.85, 1310.90,1313.1,1317.3,796329,10490.03,28882, 239998, 30.14,-1.12
ACC, EQ, 07-Jul-2021,2022.85,2031.7,2044.45,2012.9, 2035.30,2036.55,2029.01,339727,6893.1,36847, 134898, 39.71,0.68
ACC, EQ, 07-Jul-2022,2174.35,2188.0,2188.0,2157.3, 2170.00,2168.35,2170.67,89864,1950.65,7526, 20241, 22.52,-0.28
ACC, EQ, 07-Jul-2023,1820.35,1817.95,1817.95,1784.95, 1788.25,1791.5,1798.48,1083059,19478.57,63028, 795788, 73.48,-1.58
ACC, EQ, 07-Aug-2020,1406.2,1407.0,1423.05,1392.5,1396.65,1397.2,1403.75,690559,9693.69,29112, 99780, 14.45,-0.64
ACC, EQ, 07-Aug-2023,2042.75,2042.75,2050.75,2012.1, 2026.05,2031.05,2027.58,286662,5812.29,18437, 60328, 21.04,-0.57
ACC, EQ, 07-Aug-2024,2342.35,2379.8,2403.15,2365.5,2397.5,2396.1,2385.3,332764,7937.42,23189, 125124, 37.60,2.29
ACC, EQ, 07-Sep-2020,1309.0,1315.0,1343.75,1289.0, 1339.80,1339.85,1322.49,1963860,25971.86,57714, 444834, 22.65,2.36
ACC, EQ, 07-Sep-2021,2472.75,2476.0,2494.0,2444.7, 2476.35,2483.5,2470.11,322194,7958.55,30980, 94022, 29.18,0.43
ACC, EQ, 07-Sep-2022,2329.95,2340.0,2446.95,2329.0, 2404.00,2405.35,2410.23,2631230,63418.67,127551, 557623, 21.19,3.24
ACC, EQ, 07-Sep-2023,2043.5,2044.95,2051.0,2022.35, 2050.00,2041.75,2034.31,669197,13613.51,30038, 419135, 62.63,-0.09
ACC, EQ, 07-Oct-2020,1437.7,1440.4,1503.85,1432.15,1479.5,1481.75,1474.55,2432772,35872.35,88079, 382385, 15.72,3.06
ACC, EQ, 07-Oct-2021,2203.25,2215.3,2276.0,2215.3, 2272.25,2265.85,2257.32,318393,7187.16,21019, 87251, 27.40,2.84
ACC, EQ, 07-Oct-2022,2381.75,2370.15,2400.0,2350.0, 2384.85,2384.75,2375.81,567262,13477.07,28218, 111532, 19.66,0.13
ACC, EQ, 07-Oct-2024,2433.75,2441.95,2449.5,2310.8,2351.0,2349.05,2350.9,833948,19605.29,63417, 431475, 51.74,-3.48
ACC, EQ, 07-Nov-2022,2480.7,2486.5,2504.3,2452.15,2484.3,2484.95,2484.43,470005,11676.97,25264, 126269, 26.87,0.17
ACC, EQ, 07-Nov-2023,1864.3,1867.25,1872.0,1855.0, 1859.95,1860.6,1864.55,160739,2997.06,10740, 76526, 47.61,-0.2
ACC, EQ, 07-Nov-2024,2359.55,2360.0,2365.0,2296.4,2320.0,2320.55,2323.3,312748,7266.08,36380, 152246, 48.68,-1.65
ACC, EQ, 07-Dec-2020,1665.95,1682.6,1682.6,1637.7, 1658.00,1660.55,1656.3,1578664,26147.35,62586, 359825, 22.79,-0.32
ACC, EQ, 07-Dec-2021,2217.3,2239.0,2254.95,2211.0,2247.0,2245.05,2237.18,293341,6562.57,24924, 125724, 42.86,1.25
ACC, EQ, 07-Dec-2022,2621.15,2619.85,2643.8,2598.6, 2600.40,2605.95,2615.12,418544,10945.44,24413, 142452, 34.04,-0.58
ACC, EQ, 07-Dec-2023,2128.25,2143.95,2153.55,2118.6, 2140.30,2141.55,2138.63,558084,11935.38,47448, 209838, 37.60,0.62
ACC, EQ, 08-Jan-2020,1456.0,1435.0,1477.0,1435.0, 1460.15,1462.6,1463.35,981496,14362.77,33402, 211092, 21.51,0.45
ACC, EQ, 08-Jan-2021,1704.35,1720.0,1769.55,1713.05, 1760.00,1761.25,1747.51,2133816,37288.68,64866, 906875, 42.50,3.34
ACC, EQ, 08-Jan-2024,2377.45,2400.05,2407.1,2329.75, 2360.00,2354.75,2359.95,538613,12710.98,33745, 187575, 34.83,-0.95
ACC, EQ, 08-Jan-2025,2018.75,2035.0,2038.8,2004.15,2005.6,2008.0,2014.67,186294,3753.21,17136, 72482, 38.91,-0.53
ACC, EQ, 08-Feb-2021,1723.0,1736.0,1776.0,1727.0, 1765.05,1763.9,1764.0,1247842,22011.93,51013, 228456, 18.31,2.37
ACC, EQ, 08-Feb-2022,2282.2,2286.0,2310.0,2262.2,2307.0,2304.75,2287.25,608392,13915.44,25086, 364410, 59.90,0.99
ACC, EQ, 08-Feb-2023,1994.05,2011.5,2042.0,1952.0, 1974.95,1973.75,1987.3,1359558,27018.47,71884, 222061, 16.33,-1.02
ACC, EQ, 08-Feb-2024,2505.55,2517.1,2539.95,2503.35, 2520.00,2510.85,2521.17,190668,4807.07,17857, 60506, 31.73,0.21
ACC, EQ, 08-Mar-2021,1824.45,1836.45,1853.4,1813.5, 1824.10,1822.8,1833.68,757659,13893.07,27228, 71828, 9.48,-0.09
ACC, EQ, 08-Mar-2022,1950.15,1940.0,1968.95,1902.0, 1964.00,1962.1,1940.55,330394,6411.45,22564, 74444, 22.53,0.61
ACC, EQ, 08-Mar-2023,1865.8,1865.1,1893.75,1845.8, 1885.25,1886.5,1877.46,690084,12956.05,45061, 193812, 28.09,1.11
ACC, EQ, 08-Apr-2020,1009.95,1000.0,1029.9,941.25, 958.00,956.05,975.71,2153627,21013.2,79728, 586886, 27.25,-5.34
ACC, EQ, 08-Apr-2021,1918.45,1925.0,2010.0,1924.0, 2005.00,1981.65,1952.78,948277,18517.74,34728, 197291, 20.81,3.29
ACC, EQ, 08-Apr-2022,2136.7,2148.0,2181.0,2128.55, 2172.00,2170.55,2151.68,861328,18533.05,31695, 511661, 59.40,1.58
ACC, EQ, 08-Apr-2024,2575.1,2595.9,2607.0,2540.0, 2580.65,2582.45,2588.79,311791,8071.61,24817, 141671, 45.44,0.29
ACC, EQ, 08-Apr-2025,1929.1,1955.0,1984.0,1939.5,1975.0,1973.55,1966.51,101539,1996.77,11397, 37308, 36.74,2.3
ACC, EQ, 08-May-2020,1152.65,1166.0,1179.0,1145.35, 1153.00,1153.8,1158.56,993476,11510.01,31467, 65336, 6.58,0.1
ACC, EQ, 08-May-2023,1764.65,1774.8,1778.9,1755.0, 1765.00,1766.65,1766.98,582663,10295.56,23542, 379883, 65.20,0.11
ACC, EQ, 08-May-2024,2436.45,2436.5,2455.0,2421.05,2443.4,2439.6,2442.05,396644,9686.24,33907, 236661, 59.67,0.13
ACC, EQ, 08-Jun-2020,1297.35,1315.0,1316.3,1269.0, 1275.00,1274.05,1287.54,1163493,14980.46,56187, 232727, 20.00,-1.8
ACC, EQ, 08-Jun-2021,2045.95,2050.0,2062.6,2026.3, 2043.90,2042.65,2043.16,314233,6420.29,15236, 72555, 23.09,-0.16
ACC, EQ, 08-Jun-2022,2138.35,2145.0,2148.25,2113.6,2135.0,2135.5,2132.65,490375,10457.99,44467, 284442, 58.00,-0.13
ACC, EQ, 08-Jun-2023,1851.75,1864.0,1867.4,1820.05, 1834.00,1833.55,1840.93,663101,12207.21,28413, 349356, 52.69,-0.98
ACC, EQ, 08-Jul-2020,1313.1,1313.1,1320.7,1290.6,1307.0,1312.9,1305.98,1102284,14395.61,37398, 268736, 24.38,-0.02
ACC, EQ, 08-Jul-2021,2036.55,2041.0,2057.35,2022.0, 2027.10,2029.5,2043.36,342553,6999.58,20410, 112608, 32.87,-0.35
ACC, EQ, 08-Jul-2022,2168.35,2175.0,2201.1,2159.85,2162.7,2169.35,2177.99,240521,5238.52,13610, 97624, 40.59,0.05
ACC, EQ, 08-Jul-2024,2669.5,2670.1,2708.25,2661.5,2680.0,2673.05,2684.22,359425,9647.77,32453, 137083, 38.14,0.13
ACC, EQ, 08-Aug-2022,2254.8,2260.0,2271.0,2220.3,2225.0,2224.6,2235.97,323076,7223.87,18038,136991,42.4,-1.34
ACC, EQ, 08-Aug-2023,2031.05,2016.55,2032.8,1967.0, 1994.50,2000.95,1996.0,450388,8989.74,25409, 119310, 26.49,-1.48
ACC, EQ, 08-Aug-2024,2396.1,2394.55,2395.0,2350.0,2354.95,2357.2,2370.97,226629,5373.3,19240, 100017, 44.13,-1.62
ACC, EQ, 08-Sep-2020,1339.85,1339.8,1339.8,1303.3, 1308.75,1308.5,1321.78,749573,9907.69,25073, 107286, 14.31,-2.34
ACC, EQ, 08-Sep-2021,2483.5,2478.1,2486.9,2431.25, 2441.10,2448.95,2452.37,312258,7657.73,20284, 135753, 43.47,-1.39
ACC, EQ, 08-Sep-2022,2405.35,2420.85,2452.5,2405.0, 2416.55,2421.15,2423.58,1047830,25395.0,52566, 453229, 43.25,0.66
ACC, EQ, 08-Sep-2023,2041.75,2051.0,2057.0,2016.0, 2022.00,2024.25,2030.4,655333,13305.86,30860, 388319, 59.26,-0.86
ACC, EQ, 08-Oct-2020,1481.75,1482.2,1523.65,1468.45,1519.95,1517.9,1495.52,1599084,23914.56,53346, 450298, 28.16,2.44
ACC, EQ, 08-Oct-2021,2265.85,2273.0,2284.9,2235.45, 2242.95,2240.9,2258.3,249365,5631.41,15670, 58347, 23.40,-1.1
ACC, EQ, 08-Oct-2024,2349.05,2340.0,2393.2,2332.0,2388.2,2385.8,2367.94,183919,4355.1,23159, 67555, 36.73,1.56
ACC, EQ, 08-Nov-2021,2431.45,2453.85,2530.0,2440.05, 2520.00,2518.35,2497.24,878142,21929.29,55992, 305031, 34.74,3.57
ACC, EQ, 08-Nov-2023,1860.6,1869.0,1880.65,1852.0, 1852.80,1854.15,1862.44,189559,3530.42,14624, 75074, 39.60,-0.35
ACC, EQ, 08-Nov-2024,2320.55,2325.0,2334.45,2284.0, 2290.00,2291.4,2299.97,120812,2778.64,16425, 49138, 40.67,-1.26
ACC, EQ, 08-Dec-2020,1660.55,1669.0,1700.0,1665.2,1685.0,1684.5,1681.57,2224442,37405.5,70620, 485153, 21.81,1.44
ACC, EQ, 08-Dec-2021,2245.05,2255.15,2299.9,2249.2,2299.9,2292.25,2282.27,315816,7207.77,27300, 135817, 43.01,2.1
ACC, EQ, 08-Dec-2022,2605.95,2602.0,2634.0,2602.0, 2623.10,2621.25,2617.52,337427,8832.23,17629, 148721, 44.08,0.59
ACC, EQ, 08-Dec-2023,2141.55,2145.0,2158.15,2100.3, 2132.00,2137.8,2132.44,524686,11188.63,58872, 194857, 37.14,-0.18
ACC, EQ, 09-Jan-2020,1462.6,1478.0,1491.95,1470.9, 1483.90,1486.15,1482.69,685751,10167.57,18750, 188604, 27.50,1.61
ACC, EQ, 09-Jan-2023,2415.95,2428.05,2471.35,2425.5,2468.7,2464.65,2460.89,291084,7163.27,25989, 107645, 36.98,2.02
ACC, EQ, 09-Jan-2024,2354.75,2371.95,2386.5,2297.2,2302.0,2309.65,2357.91,426967,10067.5,28833, 168600, 39.49,-1.92
ACC, EQ, 09-Jan-2025,2008.0,2000.0,2000.0,1950.0,1974.35,1973.8,1966.9,489364,9625.32,30887, 249812, 51.05,-1.7
ACC, EQ, 09-Feb-2021,1763.9,1771.85,1779.0,1753.25, 1765.90,1761.65,1767.76,791259,13987.59,31932, 263287, 33.27,-0.13
ACC, EQ, 09-Feb-2022,2304.75,2317.3,2338.8,2290.2, 2320.00,2310.3,2313.76,367725,8508.26,19685, 97993, 26.65,0.24
ACC, EQ, 09-Feb-2023,1973.75,1969.0,1969.0,1891.05, 1914.00,1916.0,1918.6,1491436,28614.68,89295, 312154, 20.93,-2.93
ACC, EQ, 09-Feb-2024,2510.85,2520.0,2645.0,2506.8, 2629.70,2628.05,2596.48,1828299,47471.39,134813, 280870, 15.36,4.67
ACC, EQ, 09-Mar-2020,1300.95,1276.75,1292.35,1227.55, 1235.00,1248.35,1259.31,933025,11749.67,34665, 319054, 34.20,-4.04
ACC, EQ, 09-Mar-2021,1822.8,1830.0,1856.6,1795.1, 1823.10,1827.85,1829.3,825196,15095.35,29887, 152080, 18.43,0.28
ACC, EQ, 09-Mar-2022,1962.1,1976.0,2015.9,1956.65, 2000.00,2000.85,1985.06,419651,8330.32,23817, 192230, 45.81,1.97
ACC, EQ, 09-Mar-2023,1886.5,1895.9,1896.0,1848.85, 1860.05,1860.1,1865.01,576543,10752.6,40235, 151691, 26.31,-1.4
ACC, EQ, 09-Apr-2020,956.05,972.0,1015.0,951.8, 1007.70,999.5,986.1,2658885,26219.21,86550, 1128891, 42.46,4.54
ACC, EQ, 09-Apr-2021,1981.65,1999.0,2022.85,1948.45,1954.0,1960.75,1979.3,1376841,27251.78,55046, 251234, 18.25,-1.05
ACC, EQ, 09-Apr-2024,2582.45,2583.0,2598.3,2515.0, 2525.00,2524.3,2541.29,441705,11224.99,38664, 226910, 51.37,-2.25
ACC, EQ, 09-Apr-2025,1973.55,1969.0,1993.85,1951.25,1983.0,1986.7,1976.95,94795,1874.05,9830, 25396, 26.79,0.67
ACC, EQ, 09-May-2022,2245.45,2221.0,2255.0,2201.5, 2232.00,2232.9,2223.85,323573,7195.78,23161, 116194, 35.91,-0.56
ACC, EQ, 09-May-2023,1766.65,1774.5,1783.95,1752.0,1757.0,1759.3,1770.21,431605,7640.34,23954, 192454, 44.59,-0.42
ACC, EQ, 09-May-2024,2439.6,2443.45,2454.9,2403.0,2406.05,2416.15,2431.68,316035,7684.96,20849, 164926, 52.19,-0.96
ACC, EQ, 09-Jun-2020,1274.05,1285.0,1293.6,1243.35, 1248.90,1250.45,1269.2,1238823,15723.18,48130, 217359, 17.55,-1.85
ACC, EQ, 09-Jun-2021,2042.65,2045.0,2045.4,1990.7,2004.0,2004.4,2021.59,470131,9504.11,22240, 174409, 37.10,-1.87
ACC, EQ, 09-Jun-2022,2135.5,2130.5,2150.0,2122.7, 2137.70,2138.1,2140.01,335166,7172.58,22134, 144981, 43.26,0.12
ACC, EQ, 09-Jun-2023,1833.55,1841.0,1846.0,1825.0, 1833.05,1837.3,1838.67,395254,7267.4,15286, 215169, 54.44,0.2
ACC, EQ, 09-Jul-2020,1312.9,1319.0,1333.75,1306.3, 1325.90,1322.9,1322.35,1366297,18067.25,50961, 357664, 26.18,0.76
ACC, EQ, 09-Jul-2021,2029.5,2029.5,2040.0,2017.1,2036.0,2037.25,2029.13,174442,3539.65,19668, 58168, 33.35,0.38
ACC, EQ, 09-Jul-2024,2673.05,2673.05,2714.7,2644.05,2684.9,2685.8,2677.04,421750,11290.41,38150, 158312, 37.54,0.48
ACC, EQ, 09-Aug-2021,2341.35,2348.0,2366.55,2304.0, 2322.30,2312.6,2331.85,449768,10487.91,21109, 192059, 42.70,-1.23
ACC, EQ, 09-Aug-2023,2000.95,2000.95,2009.0,1975.9, 1986.95,1987.15,1988.95,187614,3731.55,16067, 50119, 26.71,-0.69
ACC, EQ, 09-Aug-2024,2357.2,2375.6,2382.15,2341.05,2351.4,2351.55,2359.1,192288,4536.27,18193, 74669, 38.83,-0.24
ACC, EQ, 09-Sep-2020,1308.5,1304.45,1321.7,1290.0, 1319.00,1315.9,1309.23,778883,10197.41,48457, 82581, 10.60,0.57
ACC, EQ, 09-Sep-2021,2448.95,2440.0,2463.0,2433.5, 2458.00,2458.75,2449.61,181417,4444.01,11102, 51921, 28.62,0.4
ACC, EQ, 09-Sep-2022,2421.15,2448.0,2507.95,2352.05, 2371.00,2365.6,2436.5,1690337,41185.1,89613, 403074, 23.85,-2.29
ACC, EQ, 09-Sep-2024,2429.4,2434.35,2465.0,2387.4,2460.0,2458.7,2434.38,452538,11016.49,34648, 185699, 41.04,1.21
ACC, EQ, 09-Oct-2020,1517.9,1511.6,1531.5,1502.0, 1503.10,1507.2,1515.37,1015633,15390.6,31018, 231989, 22.84,-0.7
ACC, EQ, 09-Oct-2023,2009.95,2000.05,2001.0,1955.5, 1963.10,1964.95,1971.95,830635,16379.72,23618, 659755, 79.43,-2.24
ACC, EQ, 09-Oct-2024,2385.8,2391.0,2404.8,2334.0,2337.8,2339.8,2358.42,285800,6740.37,31944, 136404, 47.73,-1.93
ACC, EQ, 09-Nov-2020,1654.2,1668.1,1683.0,1647.0, 1668.90,1669.7,1663.98,1615110,26875.14,63857, 566991, 35.11,0.94
ACC, EQ, 09-Nov-2021,2518.35,2523.0,2552.5,2502.05,2538.0,2538.3,2531.99,531520,13458.04,39165, 228912, 43.07,0.79
ACC, EQ, 09-Nov-2022,2484.95,2484.95,2505.0,2424.95, 2433.00,2438.35,2465.38,675313,16649.06,36477, 257392, 38.11,-1.88
ACC, EQ, 09-Nov-2023,1854.15,1864.0,1864.0,1840.95, 1844.00,1844.95,1848.81,223676,4135.35,13911, 95956, 42.90,-0.5
ACC, EQ, 09-Dec-2020,1684.5,1695.0,1699.1,1653.0,1659.0,1656.6,1667.07,1662078,27707.98,60949, 439576, 26.45,-1.66
ACC, EQ, 09-Dec-2021,2292.25,2294.1,2324.0,2287.95, 2323.00,2320.0,2309.03,286871,6623.93,16194, 136499, 47.58,1.21
ACC, EQ, 09-Dec-2022,2621.25,2638.0,2642.4,2594.9, 2626.90,2619.5,2616.37,491049,12847.64,27649, 203867, 41.52,-0.07
ACC, EQ, 09-Dec-2024,2258.35,2258.35,2273.05,2246.05,2263.05,2260.5,2260.74,132854,3003.49,10318, 53243, 40.08,0.1
ACC, EQ, 10-Jan-2020,1486.15,1495.0,1525.0,1487.25, 1510.80,1511.2,1512.29,1109054,16772.07,31226, 274131, 24.72,1.69
ACC, EQ, 10-Jan-2022,2284.6,2297.15,2325.0,2278.55,2323.5,2320.15,2304.66,358989,8273.49,22976, 116469, 32.44,1.56
ACC, EQ, 10-Jan-2023,2464.65,2469.9,2488.0,2407.5,2420.0,2418.95,2437.6,341404,8322.08,21630, 103872, 30.42,-1.85
ACC, EQ, 10-Jan-2024,2309.65,2312.0,2327.0,2293.2, 2309.95,2306.6,2309.64,184435,4259.79,15141, 34800, 18.87,-0.13
ACC, EQ, 10-Jan-2025,1973.8,1973.0,1973.0,1924.15,1934.5,1931.05,1946.91,266316,5184.92,20073, 110556, 41.51,-2.17
ACC, EQ, 10-Feb-2020,1502.7,1498.0,1500.0,1446.0, 1449.05,1451.35,1464.09,1635221,23941.09,52375, 501743, 30.68,-3.42
ACC, EQ, 10-Feb-2021,1761.65,1769.0,1802.45,1747.0,1758.0,1761.75,1771.95,1419214,25147.71,53690, 208785, 14.71,0.01
ACC, EQ, 10-Feb-2022,2310.3,2280.0,2324.8,2265.0,2298.0,2303.55,2302.25,876424,20177.51,47079, 350881, 40.04,-0.29
ACC, EQ, 10-Feb-2023,1916.0,1900.0,1919.5,1872.0, 1882.00,1880.4,1895.41,1157601,21941.28,73651, 368399, 31.82,-1.86
ACC, EQ, 10-Feb-2025,1999.1,2007.0,2008.9,1958.5,1959.0,1962.15,1971.04,120289,2370.94,13460, 45258, 37.62,-1.85
ACC, EQ, 10-Mar-2021,1827.85,1838.9,1844.0,1810.75, 1836.15,1835.05,1828.31,645527,11802.2,21869, 127874, 19.81,0.39
ACC, EQ, 10-Mar-2022,2000.85,2050.0,2073.95,2001.0, 2046.00,2047.6,2047.33,315957,6468.69,20003, 77898, 24.65,2.34
ACC, EQ, 10-Mar-2023,1860.1,1847.0,1858.65,1819.8, 1845.00,1846.9,1843.41,402781,7424.91,22033, 55751, 13.84,-0.71
ACC, EQ, 10-Mar-2025,1885.75,1887.95,1918.0,1853.1,1855.0,1860.6,1886.46,228962,4319.28,21008, 49515, 21.63,-1.33
ACC, EQ, 10-Apr-2023,1712.0,1718.0,1751.55,1705.25, 1745.00,1740.95,1736.53,407043,7068.41,21084, 116909, 28.72,1.69
ACC, EQ, 10-Apr-2024,2524.3,2524.3,2542.0,2513.75, 2524.40,2524.7,2527.97,168415,4257.48,15197, 70386, 41.79,0.02
ACC, EQ, 10-May-2021,1904.75,1918.5,1921.0,1880.25, 1886.20,1885.7,1898.4,575662,10928.34,22395, 119313, 20.73,-1.0
ACC, EQ, 10-May-2022,2232.9,2235.1,2249.4,2185.0, 2185.10,2198.55,2218.9,365873,8118.34,27091, 150192, 41.05,-1.54
ACC, EQ, 10-May-2023,1759.3,1765.0,1765.55,1746.55,1752.0,1751.15,1753.13,332924,5836.59,16776, 188895, 56.74,-0.46
ACC, EQ, 10-May-2024,2416.15,2427.0,2439.75,2355.45,2363.95,2360.15,2391.68,547547,13095.58,33112, 315423, 57.61,-2.32
ACC, EQ, 10-Jun-2020,1250.45,1252.0,1284.9,1252.0, 1271.90,1275.3,1273.53,1220062,15537.89,33484, 153689, 12.60,1.99
ACC, EQ, 10-Jun-2021,2004.4,2015.0,2037.0,2004.4, 2029.00,2030.3,2027.85,364626,7394.07,15925, 71356, 19.57,1.29
ACC, EQ, 10-Jun-2022,2138.1,2134.55,2153.95,2112.0,2134.75,2135.4,2137.65,283855,6067.81,17896, 122407, 43.12,-0.13
ACC, EQ, 10-Jun-2024,2499.1,2519.45,2566.0,2499.1,2543.55,2543.1,2544.89,425202,10820.91,35401, 168325, 39.59,1.76
ACC, EQ, 10-Jul-2020,1322.9,1321.5,1328.0,1306.1,1307.9,1310.25,1315.1,832336,10946.06,33527, 252118, 30.29,-0.96
ACC, EQ, 10-Jul-2023,1791.5,1792.0,1807.0,1775.6,1795.2,1794.7,1791.87,516907,9262.33,38872, 267060, 51.66,0.18
ACC, EQ, 10-Jul-2024,2685.8,2696.0,2696.0,2586.5,2660.75,2653.05,2636.83,348232,9182.28,35619, 94961, 27.27,-1.22
ACC, EQ, 10-Aug-2020,1397.2,1402.1,1408.95,1386.1, 1400.00,1400.25,1395.39,551253,7692.14,16656, 102258, 18.55,0.22
ACC, EQ, 10-Aug-2021,2312.6,2324.0,2330.0,2266.95, 2296.00,2296.95,2301.73,321608,7402.53,19833, 83463, 25.95,-0.68
ACC, EQ, 10-Aug-2022,2224.6,2224.55,2234.8,2214.5,2234.8,2227.0,2221.38,200902,4462.8,13080, 105574, 52.55,0.11
ACC, EQ, 10-Aug-2023,1987.15,1990.0,1994.65,1950.0, 1961.25,1960.95,1966.77,294347,5789.12,18612, 101115, 34.35,-1.32
ACC, EQ, 10-Sep-2020,1315.9,1327.45,1355.4,1307.0, 1353.60,1343.25,1325.4,677822,8983.87,25646, 132084, 19.49,2.08
ACC, EQ, 10-Sep-2024,2458.7,2458.7,2465.9,2434.05,2443.0,2443.35,2448.55,166581,4078.81,15883, 55592, 33.37,-0.62
ACC, EQ, 10-Oct-2022,2384.75,2350.0,2399.9,2350.0, 2375.45,2369.25,2372.27,383666,9101.6,22152, 51053, 13.31,-0.65
ACC, EQ, 10-Oct-2023,1964.95,1966.95,1994.45,1966.95, 1984.00,1986.25,1984.46,123625,2453.29,11528, 40700, 32.92,1.08
ACC, EQ, 10-Oct-2024,2339.8,2350.2,2357.7,2290.0,2315.0,2313.0,2309.88,340234,7859.01,31811, 165770, 48.72,-1.15
ACC, EQ, 10-Nov-2020,1669.7,1679.0,1696.95,1648.0, 1663.80,1659.3,1676.17,1349064,22612.66,69611, 412438, 30.57,-0.62
ACC, EQ, 10-Nov-2021,2538.3,2530.7,2568.35,2513.1, 2547.10,2554.15,2543.0,414868,10550.1,21996, 206724, 49.83,0.62
ACC, EQ, 10-Nov-2022,2438.35,2428.0,2464.0,2378.75, 2393.95,2392.25,2414.12,513144,12387.9,24640, 184948, 36.04,-1.89
ACC, EQ, 10-Nov-2023,1844.95,1844.0,1846.5,1818.0,1827.0,1825.3,1826.55,259623,4742.14,15952, 131022, 50.47,-1.07
ACC, EQ, 10-Dec-2020,1656.6,1629.0,1649.95,1618.25, 1636.00,1632.65,1631.4,1873212,30559.63,64648, 347711, 18.56,-1.45
ACC, EQ, 10-Dec-2021,2320.0,2319.0,2330.2,2302.0, 2312.00,2315.55,2313.62,202000,4673.52,14958, 89491, 44.30,-0.19
ACC, EQ, 10-Dec-2024,2260.5,2264.95,2271.95,2238.05,2249.95,2249.45,2252.68,215556,4855.79,21109, 106193, 49.26,-0.49
ACC, EQ, 11-Jan-2021,1761.25,1743.95,1799.0,1743.5, 1781.20,1787.05,1778.39,1677994,29841.34,60452, 402495, 23.99,1.46
ACC, EQ, 11-Jan-2022,2320.15,2327.0,2344.55,2286.3,2297.0,2297.6,2312.38,289218,6687.81,20920, 81683, 28.24,-0.97
ACC, EQ, 11-Jan-2023,2418.95,2429.0,2458.95,2388.05, 2400.45,2394.95,2402.94,327925,7879.84,18687, 148916, 45.41,-0.99
ACC, EQ, 11-Jan-2024,2306.6,2318.9,2338.8,2295.05, 2323.00,2321.75,2319.04,183821,4262.88,16028, 46074, 25.06,0.66
ACC, EQ, 11-Feb-2020,1451.35,1461.0,1471.0,1436.65, 1440.00,1439.5,1449.87,844758,12247.87,35622, 269740, 31.93,-0.82
ACC, EQ, 11-Feb-2021,1761.75,1750.0,1790.0,1742.0,1770.95,1775.95,1773.34,1521543,26982.2,39638, 389990, 25.63,0.81
ACC, EQ, 11-Feb-2022,2303.55,2290.0,2297.0,2240.0,2245.3,2249.35,2265.86,359096,8136.62,27438, 179550, 50.00,-2.35
ACC, EQ, 11-Feb-2025,1962.15,1962.15,1968.35,1922.1,1930.0,1935.3,1945.62,164892,3208.17,19098, 33235, 20.16,-1.37
ACC, EQ, 11-Mar-2020,1248.35,1243.0,1264.75,1211.25, 1214.00,1215.45,1229.36,875885,10767.75,34140, 290335, 33.15,-2.64
ACC, EQ, 11-Mar-2022,2047.6,2044.5,2061.85,2016.0, 2038.40,2041.9,2036.4,372130,7578.04,21127, 181938, 48.89,-0.28
ACC, EQ, 11-Mar-2024,2638.8,2645.0,2677.1,2635.0, 2648.00,2641.9,2657.04,216685,5757.41,21059, 73563, 33.95,0.12
ACC, EQ, 11-Mar-2025,1860.6,1830.0,1892.55,1830.0,1878.35,1877.85,1875.46,206675,3876.11,22929, 81954, 39.65,0.93
ACC, EQ, 11-Apr-2022,2170.55,2175.0,2284.6,2163.65,2236.7,2232.9,2231.05,1935494,43181.77,83006, 763958, 39.47,2.87
ACC, EQ, 11-Apr-2023,1740.95,1745.0,1757.9,1732.8, 1738.50,1737.4,1743.89,260590,4544.4,14550, 80737, 30.98,-0.2
ACC, EQ, 11-Apr-2025,1986.7,2001.15,2049.0,1976.4,2005.0,2007.35,2001.97,219191,4388.15,13967, 83608, 38.14,1.04
ACC, EQ, 11-May-2020,1153.8,1162.0,1187.95,1160.05, 1169.70,1170.2,1173.2,988418,11596.12,39512, 112737, 11.41,1.42
ACC, EQ, 11-May-2021,1885.7,1870.0,1920.0,1860.25, 1904.50,1909.95,1903.56,692022,13173.04,23948, 161869, 23.39,1.29
ACC, EQ, 11-May-2022,2198.55,2203.0,2217.45,2135.3,2172.0,2167.65,2179.93,546421,11911.59,29761, 261443, 47.85,-1.41
ACC, EQ, 11-May-2023,1751.15,1753.45,1809.0,1752.0, 1790.00,1786.15,1785.15,1119753,19989.27,41961, 546224, 48.78,2.0
ACC, EQ, 11-Jun-2020,1275.3,1265.0,1282.7,1240.8, 1247.25,1244.55,1262.33,865237,10922.11,33399, 169338, 19.57,-2.41
ACC, EQ, 11-Jun-2021,2030.3,2030.3,2043.7,2013.15, 2026.70,2024.5,2027.14,173453,3516.13,8857, 37172, 21.43,-0.29
ACC, EQ, 11-Jun-2024,2543.1,2575.0,2575.0,2545.1,2556.7,2563.6,2564.46,516274,13239.62,29578, 301057, 58.31,0.81
ACC, EQ, 11-Jul-2022,2169.35,2164.4,2191.8,2136.9,2183.95,2184.3,2169.7,282881,6137.68,16697, 94671, 33.47,0.69
ACC, EQ, 11-Jul-2023,1794.7,1804.9,1804.9,1778.35, 1785.00,1783.25,1789.89,552422,9887.77,49696, 352870, 63.88,-0.64
ACC, EQ, 11-Jul-2024,2653.05,2680.0,2740.0,2653.3,2669.25,2664.4,2697.99,758235,20457.1,55749, 157962, 20.83,0.43
ACC, EQ, 11-Aug-2020,1400.25,1411.4,1434.95,1400.1,1415.8,1412.55,1418.04,1072947,15214.82,32737, 196526, 18.32,0.88
ACC, EQ, 11-Aug-2021,2296.95,2297.0,2327.95,2248.55, 2276.90,2276.05,2270.55,401413,9114.29,26273, 164669, 41.02,-0.91
ACC, EQ, 11-Aug-2022,2227.0,2240.0,2242.6,2221.45,2227.0,2228.9,2228.64,158170,3525.04,10288, 76715, 48.50,0.09
ACC, EQ, 11-Aug-2023,1960.95,1947.05,1973.3,1927.25, 1951.25,1953.65,1951.72,651697,12719.29,40261, 310289, 47.61,-0.37
ACC, EQ, 11-Sep-2020,1343.25,1346.15,1354.0,1315.65, 1317.00,1321.55,1333.4,1148199,15310.05,26563, 398094, 34.67,-1.62
ACC, EQ, 11-Sep-2023,2024.25,2024.25,2068.55,2012.0, 2053.00,2051.05,2050.07,666836,13670.6,25179, 380464, 57.06,1.32
ACC, EQ, 11-Sep-2024,2443.35,2445.05,2474.0,2430.0,2439.0,2440.65,2453.91,482136,11831.2,31762, 290349, 60.22,-0.11
ACC, EQ, 11-Oct-2021,2240.9,2250.0,2274.8,2242.15, 2246.00,2249.85,2256.99,211576,4775.25,12175, 70143, 33.15,0.4
ACC, EQ, 11-Oct-2022,2369.25,2375.05,2376.75,2305.7, 2308.00,2311.65,2342.8,380893,8923.56,21308, 92002, 24.15,-2.43
ACC, EQ, 11-Oct-2023,1986.25,1998.0,2056.95,1981.4, 2039.55,2038.7,2038.14,601662,12262.74,36046, 176639, 29.36,2.64
ACC, EQ, 11-Oct-2024,2313.0,2319.0,2332.0,2300.4,2316.0,2312.45,2312.7,160881,3720.7,14471, 78285, 48.66,-0.02
ACC, EQ, 11-Nov-2020,1659.3,1666.0,1679.9,1648.1, 1675.25,1670.15,1666.14,2155521,35914.09,66568, 1116615, 51.80,0.65
ACC, EQ, 11-Nov-2021,2554.15,2545.95,2564.8,2525.0, 2564.80,2558.2,2544.5,298854,7604.34,25382, 150009, 50.19,0.16
ACC, EQ, 11-Nov-2022,2392.25,2424.8,2433.75,2383.0,2394.0,2390.65,2408.57,276834,6667.73,12897, 94655, 34.19,-0.07
ACC, EQ, 11-Nov-2024,2291.4,2288.0,2295.85,2262.6, 2273.45,2272.75,2276.96,86617,1972.24,12363, 19970, 23.06,-0.81
ACC, EQ, 11-Dec-2020,1632.65,1642.7,1659.95,1605.0, 1613.05,1608.75,1618.32,1824475,29525.9,95990, 874407, 47.93,-1.46
ACC, EQ, 11-Dec-2023,2137.8,2132.45,2185.0,2111.0, 2179.00,2179.2,2156.22,771231,16629.45,46148, 302695, 39.25,1.94
ACC, EQ, 11-Dec-2024,2249.45,2260.0,2295.0,2247.0,2254.25,2250.55,2271.84,578316,13138.4,31682, 294125, 50.86,0.05
ACC, EQ, 12-Jan-2021,1787.05,1783.0,1814.0,1775.1, 1794.10,1795.1,1798.49,1505259,27072.0,44435, 430021, 28.57,0.45
ACC, EQ, 12-Jan-2022,2297.6,2310.0,2328.8,2273.0,2317.0,2314.8,2306.25,380195,8768.23,23864, 144793, 38.08,0.75
ACC, EQ, 12-Jan-2023,2394.95,2401.0,2411.3,2353.15, 2361.80,2364.4,2382.4,283433,6752.52,31840, 94549, 33.36,-1.28
ACC, EQ, 12-Jan-2024,2321.75,2335.0,2347.15,2320.0,2334.5,2332.4,2336.0,381875,8920.61,19063, 186242, 48.77,0.46
ACC, EQ, 12-Feb-2020,1439.5,1447.0,1460.8,1432.15, 1448.10,1448.85,1449.02,611220,8856.69,17619, 177239, 29.00,0.65
ACC, EQ, 12-Feb-2021,1775.95,1751.0,1813.6,1716.1,1763.55,1765.75,1772.21,3673122,65095.43,109772, 795063, 21.65,-0.57
ACC, EQ, 12-Feb-2024,2628.05,2646.0,2691.45,2610.5, 2625.00,2636.35,2649.8,785117,20804.03,58345, 160832, 20.49,0.32
ACC, EQ, 12-Feb-2025,1935.3,1943.0,1951.85,1868.9,1935.8,1928.75,1912.06,208592,3988.41,24934, 36894, 17.69,-0.34
ACC, EQ, 12-Mar-2020,1215.45,1161.0,1163.95,1082.65, 1154.65,1143.3,1130.51,1840416,20806.02,84462, 789883, 42.92,-5.94
ACC, EQ, 12-Mar-2021,1835.05,1843.9,1848.0,1782.0, 1786.90,1787.65,1807.51,1032982,18671.26,39356, 343681, 33.27,-2.58
ACC, EQ, 12-Mar-2024,2641.9,2642.0,2659.35,2550.05, 2550.40,2561.6,2584.96,288886,7467.57,30670, 107050, 37.06,-3.04
ACC, EQ, 12-Mar-2025,1877.85,1889.0,1894.0,1826.0,1858.3,1865.6,1847.83,354190,6544.83,28883, 156850, 44.28,-0.65
ACC, EQ, 12-Apr-2021,1960.75,1934.95,1934.95,1860.35, 1895.00,1885.7,1896.94,810830,15380.93,30512, 224004, 27.63,-3.83
ACC, EQ, 12-Apr-2022,2232.9,2232.9,2233.0,2169.9, 2173.00,2181.4,2200.87,625499,13766.41,37065, 165373, 26.44,-2.31
ACC, EQ, 12-Apr-2023,1737.4,1745.85,1768.5,1736.6, 1756.80,1758.0,1759.66,444622,7823.84,17963, 206807, 46.51,1.19
ACC, EQ, 12-Apr-2024,2524.7,2524.7,2532.5,2460.0, 2471.00,2468.3,2491.81,262400,6538.52,23388, 109941, 41.90,-2.23
ACC, EQ, 12-May-2020,1170.2,1165.8,1172.4,1147.2, 1166.00,1167.6,1160.86,726718,8436.17,26474, 78548, 10.81,-0.22
ACC, EQ, 12-May-2021,1909.95,1903.9,1909.95,1877.0,1886.2,1882.7,1895.78,464947,8814.39,18171, 102613, 22.07,-1.43
ACC, EQ, 12-May-2022,2167.65,2159.95,2209.8,2101.25,2180.05,2177.4,2138.73,348099,7444.88,22300, 119686, 34.38,0.45
ACC, EQ, 12-May-2023,1786.15,1795.75,1835.0,1780.0, 1805.00,1798.0,1812.72,1171091,21228.61,57723, 501178, 42.80,0.66
ACC, EQ, 12-Jun-2020,1244.55,1180.0,1274.0,1180.0, 1264.00,1268.8,1242.67,1161457,14433.05,37824, 103491, 8.91,1.95
ACC, EQ, 12-Jun-2023,1837.3,1841.25,1847.95,1826.2, 1837.00,1838.55,1840.22,213874,3935.75,14295, 87444, 40.89,0.07
ACC, EQ, 12-Jun-2024,2563.6,2565.05,2639.0,2551.8,2616.35,2624.4,2588.53,692186,17917.43,42220, 316569, 45.73,2.37
ACC, EQ, 12-Jul-2021,2037.25,2042.5,2087.0,2042.5, 2072.20,2072.3,2072.35,770557,15968.68,32885, 245957, 31.92,1.72
ACC, EQ, 12-Jul-2022,2184.3,2181.0,2182.6,2156.0,2168.45,2167.25,2165.99,261604,5666.32,12580, 107991, 41.28,-0.78
ACC, EQ, 12-Jul-2023,1783.25,1789.0,1794.95,1764.15, 1788.00,1789.65,1781.19,641496,11426.29,28847, 384786, 59.98,0.36
ACC, EQ, 12-Jul-2024,2664.4,2670.0,2712.25,2662.7,2688.45,2686.15,2685.27,285276,7660.43,22164, 109337, 38.33,0.82
ACC, EQ, 12-Aug-2020,1412.55,1415.0,1415.0,1392.0,1410.0,1406.9,1401.56,646766,9064.79,24319, 160921, 24.88,-0.4
ACC, EQ, 12-Aug-2021,2276.05,2278.35,2329.95,2255.0, 2291.00,2292.0,2304.02,593594,13676.51,27775, 195044, 32.86,0.7
ACC, EQ, 12-Aug-2022,2228.9,2225.0,2245.8,2213.55,2244.0,2227.6,2223.82,187340,4166.1,11488, 71785, 38.32,-0.06
ACC, EQ, 12-Aug-2024,2351.55,2315.0,2340.0,2292.9,2329.0,2313.6,2318.01,605271,14030.27,35457, 274382, 45.33,-1.61
ACC, EQ, 12-Sep-2022,2365.6,2375.0,2514.65,2340.25, 2511.00,2500.85,2451.33,1990854,48802.33,119331, 402483, 20.22,5.72
ACC, EQ, 12-Sep-2023,2051.05,2064.75,2072.9,2002.95, 2015.05,2010.95,2032.93,969463,19708.48,44531, 488206, 50.36,-1.96
ACC, EQ, 12-Sep-2024,2440.65,2445.1,2475.0,2423.4,2473.75,2467.4,2455.45,270892,6651.61,18191, 129580, 47.83,1.1
ACC, EQ, 12-Oct-2020,1507.2,1501.1,1529.8,1473.1, 1517.25,1516.95,1501.54,1468639,22052.26,46207, 232753, 15.85,0.65
ACC, EQ, 12-Oct-2021,2249.85,2245.0,2259.0,2226.95, 2246.00,2245.65,2243.44,183872,4125.05,12735, 51484, 28.00,-0.19
ACC, EQ, 12-Oct-2022,2311.65,2318.0,2339.4,2282.1, 2310.00,2316.8,2309.33,611941,14131.72,26880, 133914, 21.88,0.22
ACC, EQ, 12-Oct-2023,2038.7,2049.0,2053.9,2021.8, 2025.50,2029.55,2035.38,190229,3871.88,13234, 65924, 34.66,-0.45
ACC, EQ, 12-Nov-2020,1670.15,1673.8,1686.05,1652.35, 1676.40,1674.9,1670.69,1514164,25296.98,46294, 501444, 33.12,0.28
ACC, EQ, 12-Nov-2021,2558.2,2568.0,2578.0,2546.0, 2567.15,2571.95,2563.57,303364,7776.93,24089, 125606, 41.40,0.54
ACC, EQ, 12-Nov-2024,2272.75,2282.85,2293.0,2257.0,2257.0,2263.9,2273.31,128192,2914.2,16368, 46752, 36.47,-0.39
ACC, EQ, 12-Dec-2022,2619.5,2614.7,2653.0,2595.0, 2649.00,2642.4,2635.65,306720,8084.06,21327, 90341, 29.45,0.87
ACC, EQ, 12-Dec-2023,2179.2,2192.0,2207.95,2162.05, 2175.60,2175.45,2184.38,542040,11840.22,42887, 218970, 40.40,-0.17
ACC, EQ, 12-Dec-2024,2250.55,2257.1,2265.3,2224.0,2225.3,2229.45,2239.08,260756,5838.55,18688, 121648, 46.65,-0.94
ACC, EQ, 13-Jan-2020,1511.2,1518.85,1530.7,1514.45, 1524.00,1526.15,1524.44,531138,8096.9,22276, 141660, 26.67,0.99
ACC, EQ, 13-Jan-2021,1795.1,1795.15,1811.7,1771.1, 1788.95,1792.4,1794.46,922665,16556.84,26144, 214291, 23.23,-0.15
ACC, EQ, 13-Jan-2022,2314.8,2323.0,2325.45,2298.1, 2315.95,2314.15,2309.06,221162,5106.76,18565, 94370, 42.67,-0.03
ACC, EQ, 13-Jan-2023,2364.4,2372.05,2385.0,2362.9,2367.2,2367.2,2372.87,331339,7862.23,17565, 160021, 48.30,0.12
ACC, EQ, 13-Jan-2025,1931.05,1925.0,1925.0,1838.6,1864.4,1859.45,1880.58,464797,8740.89,34596, 249216, 53.62,-3.71
ACC, EQ, 13-Feb-2020,1448.85,1451.0,1458.05,1437.1, 1440.40,1439.65,1446.96,509514,7372.46,22102, 157555, 30.92,-0.63
ACC, EQ, 13-Feb-2023,1880.4,1880.45,1903.45,1797.15,1823.55,1823.15,1831.76,1145107,20975.58,66695, 211775, 18.49,-3.04
ACC, EQ, 13-Feb-2024,2636.35,2635.55,2635.55,2562.85, 2610.15,2614.6,2604.25,413974,10780.93,39607, 119002, 28.75,-0.83
ACC, EQ, 13-Feb-2025,1928.75,1936.05,1956.05,1911.0,1915.0,1914.15,1934.08,143907,2783.27,13716, 59108, 41.07,-0.76
ACC, EQ, 13-Mar-2020,1143.3,1079.35,1189.3,1020.15, 1180.00,1179.45,1145.54,1195003,13689.27,51659, 463720, 38.80,3.16
ACC, EQ, 13-Mar-2023,1846.9,1865.95,1866.8,1765.05, 1772.00,1770.0,1800.43,759896,13681.4,46614, 186772, 24.58,-4.16
ACC, EQ, 13-Mar-2024,2561.6,2565.0,2575.65,2354.45, 2389.15,2389.1,2445.02,512003,12518.59,66100, 172875, 33.76,-6.73
ACC, EQ, 13-Mar-2025,1865.6,1878.0,1878.0,1847.45,1851.0,1854.0,1857.41,573646,10654.96,22486, 392682, 68.45,-0.62
ACC, EQ, 13-Apr-2020,999.5,1015.0,1122.1,1001.45, 1064.85,1067.25,1061.99,3572087,37935.07,112238,562909,16.54,6.78
ACC, EQ, 13-Apr-2021,1885.7,1895.0,1904.95,1858.0, 1881.60,1882.15,1883.72,531684,10015.45,19783, 107408, 20.20,-0.19
ACC, EQ, 13-Apr-2022,2181.4,2188.0,2244.65,2163.55,2205.05,2208.65,2202.89,753209,16592.35,33824, 88546, 11.76,1.25
ACC, EQ, 13-Apr-2023,1758.0,1758.8,1771.6,1748.1, 1767.85,1767.55,1762.41,647769,11416.35,16639, 460565, 71.10,0.54
ACC, EQ, 13-May-2020,1167.6,1220.0,1257.0,1195.25,1214.0,1207.95,1228.65,3601199,44246.05,101331, 871278, 24.19,3.46
ACC, EQ, 13-May-2022,2177.4,2195.0,2196.7,2099.05,2102.15,2113.3,2146.04,431751,9265.54,32976, 131766, 30.52,-2.94
ACC, EQ, 13-May-2024,2360.15,2374.0,2377.95,2331.55,2368.0,2363.75,2357.17,320038,7543.84,27325, 111951, 34.98,0.15
ACC, EQ, 13-Jun-2022,2135.4,2117.0,2129.0,2098.7,2116.0,2121.25,2115.71,231725,4902.63,12983, 77662, 33.51,-0.66
ACC, EQ, 13-Jun-2023,1838.55,1845.0,1859.5,1835.8, 1843.90,1846.95,1850.19,375850,6953.94,20617, 171541, 45.64,0.46
ACC, EQ, 13-Jun-2024,2624.4,2642.0,2644.0,2610.6,2628.1,2635.8,2629.6,384618,10113.9,33302, 180445, 46.92,0.43
ACC, EQ, 13-Jul-2020,1310.25,1310.25,1353.5,1310.25, 1344.00,1346.0,1335.85,1707292,22806.79,54987, 434539, 25.45,2.73
ACC, EQ, 13-Jul-2021,2072.3,2082.0,2091.7,2070.5, 2085.50,2084.8,2082.9,420437,8757.29,32556, 123014, 29.26,0.6
ACC, EQ, 13-Jul-2022,2167.25,2177.0,2186.9,2164.0,2176.5,2173.55,2173.99,218371,4747.36,8017, 126332, 57.85,0.29
ACC, EQ, 13-Jul-2023,1789.65,1790.0,1796.5,1764.3, 1771.35,1770.5,1785.16,440574,7864.94,17026, 311277, 70.65,-1.07
ACC, EQ, 13-Aug-2020,1406.9,1417.85,1427.95,1391.75, 1393.90,1394.55,1408.95,895953,12623.51,23578, 295444, 32.98,-0.88
ACC, EQ, 13-Aug-2021,2292.0,2295.45,2322.7,2273.75,2301.55,2308.6,2304.92,275083,6340.45,15584, 78676, 28.60,0.72
ACC, EQ, 13-Aug-2024,2313.6,2333.0,2366.2,2300.05,2305.75,2304.8,2326.9,347684,8090.26,33668, 113693, 32.70,-0.38
ACC, EQ, 13-Sep-2021,2458.75,2460.0,2479.9,2420.35, 2465.80,2471.4,2464.0,265232,6535.33,15896, 104276, 39.32,0.51
ACC, EQ, 13-Sep-2022,2500.85,2513.4,2592.95,2510.1, 2565.40,2572.8,2561.1,2058195,52712.51,94650, 504774, 24.53,2.88
ACC, EQ, 13-Sep-2023,2010.95,2017.95,2066.75,2004.55, 2060.10,2063.05,2038.78,500782,10209.84,26161, 187907, 37.52,2.59
ACC, EQ, 13-Sep-2024,2467.4,2471.75,2524.95,2453.3,2515.0,2517.45,2503.28,611308,15302.76,43983, 291056, 47.61,2.03
ACC, EQ, 13-Oct-2020,1516.95,1515.0,1565.9,1508.0, 1523.00,1521.85,1542.86,2377141,36675.93,65303, 506743, 21.32,0.32
ACC, EQ, 13-Oct-2021,2245.65,2257.5,2269.8,2250.0,2262.0,2259.7,2257.38,280779,6338.26,20004, 116263, 41.41,0.63
ACC, EQ, 13-Oct-2022,2316.8,2316.0,2318.0,2242.9,2248.65,2253.9,2266.58,528138,11970.68,26598, 141453, 26.78,-2.71
ACC, EQ, 13-Oct-2023,2029.55,2022.15,2030.7,2008.0, 2010.60,2010.45,2017.35,141242,2849.34,10297, 43766, 30.99,-0.94
ACC, EQ, 13-Nov-2020,1674.9,1674.0,1684.5,1657.7,1672.0,1676.35,1669.87,727938,12155.64,26707, 195882, 26.91,0.09
ACC, EQ, 13-Nov-2023,1839.15,1838.5,1839.15,1815.0, 1835.90,1834.85,1824.85,361409,6595.17,16084, 197292, 54.59,-0.23
ACC, EQ, 13-Nov-2024,2263.9,2257.0,2270.35,2190.1,2206.7,2197.8,2218.49,154307,3423.28,20592, 62875, 40.75,-2.92
ACC, EQ, 13-Dec-2021,2315.55,2329.0,2340.85,2290.0,2291.0,2296.05,2310.89,282819,6535.64,21675, 139148, 49.20,-0.84
ACC, EQ, 13-Dec-2022,2642.4,2662.0,2675.0,2643.0, 2659.50,2659.55,2659.23,429720,11427.25,27399, 160231, 37.29,0.65
ACC, EQ, 13-Dec-2023,2175.45,2179.45,2206.0,2150.0, 2179.00,2184.2,2177.36,511464,11136.4,32623, 198548, 38.82,0.4
ACC, EQ, 13-Dec-2024,2229.45,2221.0,2257.0,2195.0,2247.0,2248.05,2227.71,197666,4403.42,18473, 70649, 35.74,0.83
ACC, EQ, 14-Jan-2020,1526.15,1527.0,1534.0,1510.55, 1517.00,1513.9,1522.76,850556,12951.9,16788, 499067, 58.68,-0.8
ACC, EQ, 14-Jan-2021,1792.4,1790.0,1805.0,1773.0, 1782.50,1785.5,1784.4,627682,11200.37,26372, 197345, 31.44,-0.38
ACC, EQ, 14-Jan-2022,2314.15,2319.9,2374.0,2304.75, 2353.05,2358.1,2355.03,676328,15927.75,40268, 133289, 19.71,1.9
ACC, EQ, 14-Jan-2025,1859.45,1868.7,1949.8,1866.85,1947.0,1946.25,1926.36,340567,6560.53,28272, 145674, 42.77,4.67
ACC, EQ, 14-Feb-2020,1439.65,1448.55,1458.0,1429.55, 1440.00,1440.4,1447.07,809439,11713.18,35098, 265209, 32.76,0.05
ACC, EQ, 14-Feb-2022,2249.35,2217.8,2220.15,2145.0,2150.8,2153.9,2180.22,279841,6101.15,20528, 77366, 27.65,-4.24
ACC, EQ, 14-Feb-2023,1823.15,1825.0,1858.85,1770.55,1833.6,1830.3,1814.92,1159351,21041.24,62523, 171567, 14.80,0.39
ACC, EQ, 14-Feb-2024,2614.6,2599.05,2646.6,2585.3, 2627.00,2619.6,2616.33,458027,11983.5,25521, 223866, 48.88,0.19
ACC, EQ, 14-Feb-2025,1914.15,1915.4,1926.95,1854.05,1875.1,1873.95,1880.53,192587,3621.65,18055, 66894, 34.73,-2.1
ACC, EQ, 14-Mar-2022,2041.9,2054.0,2065.0,2025.0,2059.75,2058.05,2048.87,184932,3789.01,11615, 67472, 36.48,0.79
ACC, EQ, 14-Mar-2023,1770.0,1777.95,1783.4,1696.0, 1742.00,1738.4,1741.09,903268,15726.71,44835, 226741, 25.10,-1.79
ACC, EQ, 14-Mar-2024,2389.1,2387.0,2489.3,2347.2, 2485.00,2482.1,2453.58,350605,8602.38,40714, 109965, 31.36,3.89
ACC, EQ, 14-May-2020,1207.95,1200.0,1219.4,1175.5,1191.0,1189.0,1193.87,1301098,15533.36,43648, 185067, 14.22,-1.57
ACC, EQ, 14-May-2021,1882.7,1893.75,1898.9,1854.0, 1876.05,1876.8,1878.26,567649,10661.92,26641, 125252, 22.07,-0.31
ACC, EQ, 14-May-2024,2363.75,2375.0,2469.4,2375.0,2462.5,2463.5,2427.46,747111,18135.81,60863, 305959, 40.95,4.22
ACC, EQ, 14-Jun-2021,2024.5,2022.0,2043.5,1990.05, 2038.00,2040.55,2028.43,262106,5316.63,14361, 49377, 18.84,0.79
ACC, EQ, 14-Jun-2022,2121.25,2112.15,2130.0,2101.95, 2107.00,2116.1,2113.91,302507,6394.73,14745, 150488, 49.75,-0.24
ACC, EQ, 14-Jun-2023,1846.95,1850.5,1859.9,1842.5, 1853.00,1854.85,1852.56,250046,4632.24,12874, 120120, 48.04,0.43
ACC, EQ, 14-Jun-2024,2635.8,2664.0,2714.0,2651.15,2662.0,2661.7,2674.33,706685,18899.06,46635, 327080, 46.28,0.98
ACC, EQ, 14-Jul-2020,1346.0,1342.0,1359.9,1287.0,1292.0,1294.1,1320.05,2524366,33322.78,81963, 735765, 29.15,-3.86
ACC, EQ, 14-Jul-2021,2084.8,2083.65,2097.95,2070.9, 2075.05,2081.55,2084.56,363780,7583.22,17407, 113893, 31.31,-0.16
ACC, EQ, 14-Jul-2022,2173.55,2178.0,2191.15,2148.0, 2152.05,2160.3,2160.84,245807,5311.49,19912, 88312, 35.93,-0.61
ACC, EQ, 14-Jul-2023,1770.5,1776.05,1782.25,1770.25,1778.65,1777.5,1777.09,190205,3380.11,13763, 86417, 45.43,0.4
ACC, EQ, 14-Aug-2020,1394.55,1390.0,1416.8,1380.45, 1384.00,1385.3,1399.68,969191,13565.53,36032, 168088, 17.34,-0.66
ACC, EQ, 14-Aug-2023,1953.65,1949.65,1949.65,1905.0, 1907.00,1910.35,1919.3,307784,5907.31,21194, 81969, 26.63,-2.22
ACC, EQ, 14-Aug-2024,2304.8,2314.4,2322.0,2267.7,2282.0,2281.95,2284.63,179492,4100.73,19969, 64539, 35.96,-0.99
ACC, EQ, 14-Sep-2020,1321.55,1350.0,1383.25,1343.3,1371.0,1367.35,1367.45,1717693,23488.51,60590, 403371, 23.48,3.47
ACC, EQ, 14-Sep-2021,2471.4,2470.0,2475.05,2437.55, 2443.40,2442.95,2451.3,174874,4286.68,13727, 69770, 39.90,-1.15
ACC, EQ, 14-Sep-2022,2572.8,2550.05,2785.0,2541.1,2728.8,2743.2,2673.66,4456168,119143.0,195259, 757463, 17.00,6.62
ACC, EQ, 14-Sep-2023,2063.05,2070.0,2082.1,2032.4, 2042.00,2038.3,2049.3,388273,7956.87,20136, 161754, 41.66,-1.2
ACC, EQ, 14-Oct-2020,1521.85,1521.8,1555.65,1507.2, 1551.50,1549.5,1531.35,1387898,21253.53,39326, 149142, 10.75,1.82
ACC, EQ, 14-Oct-2021,2259.7,2270.0,2349.5,2267.0,2314.0,2309.85,2314.39,1290679,29871.41,56942, 613854, 47.56,2.22
ACC, EQ, 14-Oct-2022,2253.9,2272.0,2285.95,2237.05, 2238.05,2243.65,2258.63,446497,10084.7,28095, 103252, 23.12,-0.45
ACC, EQ, 14-Oct-2024,2312.45,2317.05,2325.3,2300.05,2322.85,2317.55,2311.45,116090,2683.36,11426, 54107, 46.61,0.22
ACC, EQ, 14-Nov-2022,2390.65,2400.0,2456.7,2379.0,2431.5,2435.45,2427.34,557530,13533.14,28375, 203541, 36.51,1.87
ACC, EQ, 14-Nov-2024,2197.8,2198.9,2214.95,2178.05, 2192.95,2188.15,2193.77,194258,4261.58,24522, 74982, 38.60,-0.44
ACC, EQ, 14-Dec-2020,1608.75,1619.85,1630.0,1610.0,1618.0,1615.05,1618.47,980845,15874.66,33814, 167303, 17.06,0.39
ACC, EQ, 14-Dec-2021,2296.05,2280.0,2326.3,2272.45,2318.0,2320.15,2308.97,408050,9421.76,26002, 233906, 57.32,1.05
ACC, EQ, 14-Dec-2022,2659.55,2663.05,2675.0,2657.0, 2661.75,2668.6,2667.64,226019,6029.38,14082, 92380, 40.87,0.34
ACC, EQ, 14-Dec-2023,2184.2,2199.0,2251.05,2192.3, 2230.00,2234.3,2223.03,831020,18473.8,57086, 320677, 38.59,2.29
ACC, EQ, 15-Jan-2020,1513.9,1511.9,1533.9,1488.0, 1532.15,1515.75,1502.61,974275,14639.57,24576, 400973, 41.16,0.12
ACC, EQ, 15-Jan-2021,1785.5,1780.0,1785.9,1718.25,1740.5,1740.1,1742.85,1238841,21591.09,37746, 299493, 24.18,-2.54
ACC, EQ, 15-Jan-2024,2332.4,2344.0,2344.0,2315.7, 2321.85,2320.4,2328.07,136365,3174.68,10245, 59104, 43.34,-0.51
ACC, EQ, 15-Jan-2025,1946.25,1956.3,1977.0,1946.05,1969.2,1969.65,1961.84,396534,7779.37,22842, 251499, 63.42,1.2
ACC, EQ, 15-Feb-2021,1765.75,1785.0,1798.0,1766.65, 1787.25,1788.05,1786.1,911884,16287.16,25611, 103248, 11.32,1.26
ACC, EQ, 15-Feb-2022,2153.9,2156.5,2240.0,2156.5,2236.5,2234.3,2195.69,259988,5708.52,18337, 76843, 29.56,3.73
ACC, EQ, 15-Feb-2023,1830.3,1819.0,1864.75,1811.2, 1853.65,1852.15,1846.72,723678,13364.33,45869, 166045, 22.94,1.19
ACC, EQ, 15-Feb-2024,2619.6,2635.05,2651.95,2608.75, 2639.75,2637.65,2631.24,261121,6870.71,25559, 104520, 40.03,0.69
ACC, EQ, 15-Mar-2021,1787.65,1792.0,1798.75,1741.1, 1766.50,1767.1,1760.58,715929,12604.5,28133, 233195, 32.57,-1.15
ACC, EQ, 15-Mar-2022,2058.05,2070.0,2109.7,2043.7,2060.8,2060.35,2077.11,358798,7452.64,23276, 124563, 34.72,0.11
ACC, EQ, 15-Mar-2023,1738.4,1758.0,1760.25,1714.1, 1738.20,1740.0,1740.92,672348,11705.04,45092, 105763, 15.73,0.09
ACC, EQ, 15-Mar-2024,2482.1,2482.1,2523.95,2426.55, 2501.10,2502.95,2477.23,333506,8261.71,35609, 85842, 25.74,0.84
ACC, EQ, 15-Apr-2020,1067.25,1087.0,1163.0,1077.25, 1137.00,1137.95,1133.04,2931488,33215.05,96878, 678511, 23.15,6.62
ACC, EQ, 15-Apr-2021,1882.15,1890.0,1896.2,1812.0,1839.9,1836.65,1834.95,706453,12963.03,33741, 126937, 17.97,-2.42
ACC, EQ, 15-Apr-2024,2468.3,2465.0,2478.6,2407.05, 2441.00,2442.45,2451.08,228287,5595.49,27768, 77982, 34.16,-1.05
ACC, EQ, 15-Apr-2025,2007.35,2017.4,2052.2,2008.8,2051.9,2046.9,2034.89,240574,4895.42,14343, 118656, 49.32,1.97
ACC, EQ, 15-May-2020,1189.0,1200.0,1205.0,1173.0,1192.8,1194.2,1188.86,1268081,15075.74,43866, 181355, 14.30,0.44
ACC, EQ, 15-May-2023,1798.0,1804.95,1812.85,1763.3, 1804.95,1799.9,1796.29,366238,6578.68,20794, 134789, 36.80,0.11
ACC, EQ, 15-May-2024,2463.5,2477.95,2502.0,2451.3,2480.0,2489.15,2479.98,474968,11779.11,26327, 273383, 57.56,1.04
ACC, EQ, 15-Jun-2020,1268.8,1263.5,1270.0,1241.5,1249.6,1250.9,1252.78,740591,9277.96,27459, 64563, 8.72,-1.41
ACC, EQ, 15-Jun-2021,2040.55,2042.0,2066.0,2031.05, 2038.05,2042.95,2050.62,303143,6216.3,20183, 60513, 19.96,0.12
ACC, EQ, 15-Jun-2022,2116.1,2120.0,2131.0,2112.1, 2120.00,2122.65,2121.71,205602,4362.28,12777, 103435, 50.31,0.31
ACC, EQ, 15-Jun-2023,1854.85,1859.0,1869.5,1845.1, 1847.50,1850.0,1859.81,557113,10361.26,29877, 283916, 50.96,-0.26
ACC, EQ, 15-Jul-2020,1294.1,1301.0,1313.45,1285.0,1287.0,1287.0,1299.94,1351334,17566.51,41513, 414465, 30.67,-0.55
ACC, EQ, 15-Jul-2021,2081.55,2080.0,2125.1,2068.7, 2122.45,2112.45,2094.77,710905,14891.86,30923, 278377, 39.16,1.48
ACC, EQ, 15-Jul-2022,2160.3,2132.05,2159.0,2111.0,2142.0,2140.35,2135.13,1004798,21453.75,49058, 111337, 11.08,-0.92
ACC, EQ, 15-Jul-2024,2686.15,2690.0,2724.35,2686.7,2697.4,2695.7,2705.28,198532,5370.85,19165, 67484, 33.99,0.36
ACC, EQ, 15-Sep-2020,1367.35,1368.0,1389.0,1350.75, 1385.00,1386.9,1377.41,847977,11680.14,37178, 135972, 16.03,1.43
ACC, EQ, 15-Sep-2021,2442.95,2448.0,2479.6,2442.6, 2458.10,2467.4,2464.68,234175,5771.66,14415, 78542, 33.54,1.0
ACC, EQ, 15-Sep-2022,2743.2,2770.05,2775.85,2683.0,2741.0,2747.7,2729.99,2083853,56888.92,99277, 300712, 14.43,0.16
ACC, EQ, 15-Sep-2023,2038.3,2050.3,2054.3,2021.0, 2026.00,2026.85,2034.13,247463,5033.73,14184, 133312, 53.87,-0.56
ACC, EQ, 15-Oct-2020,1549.5,1551.0,1562.4,1512.5, 1518.50,1522.4,1537.34,801821,12326.68,25175, 88066, 10.98,-1.75
ACC, EQ, 15-Oct-2024,2317.55,2317.0,2330.45,2290.55,2294.4,2294.8,2300.12,355987,8188.11,20301, 220523, 61.95,-0.98
ACC, EQ, 15-Nov-2021,2571.95,2570.0,2589.0,2530.3, 2560.00,2563.1,2555.73,229541,5866.44,13830, 77163, 33.62,-0.34
ACC, EQ, 15-Nov-2022,2435.45,2447.65,2514.75,2442.1, 2480.50,2478.65,2481.41,1003908,24911.05,48446, 163465, 16.28,1.77
ACC, EQ, 15-Nov-2023,1834.85,1848.0,1858.9,1829.15, 1836.00,1836.35,1848.36,274781,5078.95,18846, 135642, 49.36,0.08
ACC, EQ, 15-Dec-2020,1615.05,1624.0,1639.1,1607.6,1635.5,1634.45,1625.32,1169280,19004.51,34488, 208961, 17.87,1.2
ACC, EQ, 15-Dec-2021,2320.15,2317.25,2330.8,2275.0, 2279.75,2285.5,2301.66,252969,5822.5,18946, 125036, 49.43,-1.49
ACC, EQ, 15-Dec-2022,2668.6,2661.75,2672.0,2611.0, 2624.95,2635.5,2656.21,439279,11668.16,19121, 255754, 58.22,-1.24
ACC, EQ, 15-Dec-2023,2234.3,2239.95,2241.5,2206.0, 2217.65,2212.35,2220.01,362643,8050.72,23461, 107978, 29.78,-0.98
ACC, EQ, 16-Jan-2020,1515.75,1525.2,1529.65,1494.0, 1504.80,1504.8,1510.3,650073,9818.03,17341, 130473, 20.07,-0.72
ACC, EQ, 16-Jan-2023,2367.2,2376.4,2380.5,2354.5, 2357.00,2361.4,2364.57,180024,4256.79,13025, 62661, 34.81,-0.25
ACC, EQ, 16-Jan-2024,2320.4,2309.05,2327.4,2282.1, 2296.50,2294.45,2303.28,202836,4671.89,14773, 96919, 47.78,-1.12
ACC, EQ, 16-Jan-2025,1969.65,2047.95,2054.65,1985.05,1993.05,1987.9,2013.84,300798,6057.59,21856, 98241, 32.66,0.93
ACC, EQ, 16-Feb-2021,1788.05,1791.0,1843.55,1784.95, 1820.00,1819.3,1819.37,1937730,35254.55,57169, 226668, 11.70,1.75
ACC, EQ, 16-Feb-2022,2234.3,2250.0,2266.25,2215.4,2240.0,2239.4,2240.09,218682,4898.68,14997, 57990, 26.52,0.23
ACC, EQ, 16-Feb-2023,1852.15,1865.0,1890.25,1828.7, 1839.75,1841.65,1854.1,931391,17268.89,47174, 357824, 38.42,-0.57
ACC, EQ, 16-Feb-2024,2637.65,2649.95,2746.4,2642.3,2721.5,2720.4,2717.2,1169085,31766.39,75762, 508027, 43.46,3.14
ACC, EQ, 16-Mar-2020,1179.45,1129.0,1149.7,1095.0, 1134.05,1133.4,1127.95,1080894,12191.98,37490, 433209, 40.08,-3.9
ACC, EQ, 16-Mar-2021,1767.1,1771.1,1789.75,1760.9, 1770.00,1766.15,1777.68,530988,9439.25,23180, 89369, 16.83,-0.05
ACC, EQ, 16-Mar-2022,2060.35,2088.35,2132.35,2066.5,2127.0,2129.15,2104.82,395803,8330.94,18771, 117819, 29.77,3.34
ACC, EQ, 16-Mar-2023,1740.0,1735.0,1770.0,1720.1, 1767.95,1750.3,1745.16,370585,6467.3,26330, 70314, 18.97,0.59
ACC, EQ, 16-Apr-2020,1137.95,1146.45,1165.0,1116.85, 1150.00,1148.45,1147.54,1548843,17773.59,55691, 216713, 13.99,0.92
ACC, EQ, 16-Apr-2021,1836.65,1842.1,1902.35,1840.2,1884.0,1881.75,1880.21,1061445,19957.37,32306, 298491, 28.12,2.46
ACC, EQ, 16-Apr-2024,2442.45,2422.1,2457.0,2414.0, 2454.75,2442.65,2440.61,287633,7019.99,25694, 123847, 43.06,0.01
ACC, EQ, 16-Apr-2025,2046.9,2049.0,2062.9,2042.0,2058.2,2059.3,2052.15,141159,2896.79,11061, 65600, 46.47,0.61
ACC, EQ, 16-May-2022,2113.3,2140.0,2287.7,2140.0,2192.5,2196.2,2225.19,3304245,73525.66,181808, 686192, 20.77,3.92
ACC, EQ, 16-May-2023,1799.9,1804.0,1812.5,1780.15,1786.0,1783.5,1793.87,219099,3930.35,15316, 74977, 34.22,-0.91
ACC, EQ, 16-May-2024,2489.15,2498.8,2500.35,2461.1,2489.85,2486.1,2479.02,444321,11014.82,32112, 276207, 62.16,-0.12
ACC, EQ, 16-Jun-2020,1250.9,1270.0,1278.2,1222.75, 1239.90,1239.25,1250.47,855379,10696.24,30279, 76327, 8.92,-0.93
ACC, EQ, 16-Jun-2021,2042.95,2042.0,2053.0,2013.4, 2020.00,2020.5,2030.19,152299,3091.95,8031, 26130, 17.16,-1.1
ACC, EQ, 16-Jun-2022,2122.65,2135.4,2139.9,2079.65, 2082.80,2084.25,2101.24,253721,5331.3,12168, 92066, 36.29,-1.81
ACC, EQ, 16-Jun-2023,1850.0,1850.0,1867.4,1848.15, 1857.00,1855.45,1856.09,317296,5889.3,15966, 152903, 48.19,0.29
ACC, EQ, 16-Jul-2020,1287.0,1287.5,1305.0,1253.0, 1304.50,1299.9,1279.11,1425257,18230.57,55660, 390806, 27.42,1.0
ACC, EQ, 16-Jul-2021,2112.45,2122.45,2135.0,2112.0, 2133.00,2129.35,2124.09,425910,9046.72,28235, 108342, 25.44,0.8
ACC, EQ, 16-Jul-2024,2695.7,2707.0,2744.25,2695.3,2711.05,2715.85,2718.43,446114,12127.28,25993, 225483, 50.54,0.75
ACC, EQ, 16-Aug-2021,2308.6,2309.8,2325.0,2290.0,2295.1,2296.25,2303.8,293777,6768.04,17400, 106586, 36.28,-0.53
ACC, EQ, 16-Aug-2022,2227.6,2248.0,2278.0,2239.2,2271.0,2271.35,2265.19,407096,9221.49,20008, 125739, 30.89,1.96
ACC, EQ, 16-Aug-2023,1910.35,1905.0,1905.0,1880.0, 1890.15,1892.15,1891.75,288181,5451.65,23380, 96572, 33.51,-0.95
ACC, EQ, 16-Aug-2024,2281.95,2300.0,2339.9,2290.5,2339.8,2337.9,2316.23,192352,4455.31,16970, 73680, 38.30,2.45
ACC, EQ, 16-Sep-2020,1386.9,1384.4,1396.45,1376.0,1393.0,1389.7,1386.66,1134201,15727.54,35144, 458247, 40.40,0.2
ACC, EQ, 16-Sep-2021,2467.4,2476.6,2479.4,2416.25,2430.0,2429.7,2434.45,264530,6439.84,19609, 78630, 29.72,-1.53
ACC, EQ, 16-Sep-2022,2747.7,2750.0,2755.0,2558.25, 2628.00,2611.5,2654.39,2154427,57186.87,101542, 461585, 21.42,-4.96
ACC, EQ, 16-Sep-2024,2517.45,2517.45,2533.5,2499.5,2510.0,2512.0,2516.41,217216,5466.04,20109, 100925, 46.46,-0.22
ACC, EQ, 16-Oct-2020,1522.4,1520.0,1566.0,1512.4, 1562.50,1561.15,1540.24,1364130,21010.84,39936, 147018, 10.78,2.55
ACC, EQ, 16-Oct-2023,2010.45,2010.0,2037.0,2002.0, 2030.90,2030.85,2026.46,228407,4628.58,14611, 88837, 38.89,1.01
ACC, EQ, 16-Oct-2024,2294.8,2308.6,2319.0,2272.5,2309.6,2305.5,2289.91,283830,6499.45,22584, 127248, 44.83,0.47
ACC, EQ, 16-Nov-2021,2563.1,2561.15,2566.45,2483.0, 2483.25,2492.75,2523.88,248153,6263.07,16190, 66196, 26.68,-2.74
ACC, EQ, 16-Nov-2022,2478.65,2463.65,2511.25,2442.05, 2463.00,2465.6,2480.66,693470,17202.61,49095, 235276, 33.93,-0.53
ACC, EQ, 16-Nov-2023,1836.35,1843.0,1853.8,1835.4, 1844.00,1844.85,1844.78,215184,3969.66,12469, 104401, 48.52,0.46
ACC, EQ, 16-Dec-2020,1634.45,1644.95,1649.8,1624.25, 1633.00,1633.1,1635.58,821837,13441.83,23003, 167538, 20.39,-0.08
ACC, EQ, 16-Dec-2021,2285.5,2297.5,2298.5,2263.0, 2271.70,2266.45,2273.94,247839,5635.71,13968, 125516, 50.64,-0.83
ACC, EQ, 16-Dec-2022,2635.5,2610.1,2655.0,2595.35, 2619.95,2616.75,2620.66,433332,11356.18,23279, 183726, 42.40,-0.71
ACC, EQ, 16-Dec-2024,2248.05,2253.0,2268.9,2236.8,2241.75,2247.1,2248.88,240335,5404.86,18193, 142804, 59.42,-0.04
ACC, EQ, 17-Jan-2020,1504.8,1504.5,1522.6,1494.05, 1509.00,1512.35,1513.62,409435,6197.28,15479, 73536, 17.96,0.5
ACC, EQ, 17-Jan-2022,2358.1,2364.0,2391.0,2301.0,2374.8,2378.65,2348.59,490475,11519.23,30858, 71168, 14.51,0.87
ACC, EQ, 17-Jan-2023,2361.4,2362.0,2371.7,2326.4,2348.0,2346.0,2347.98,231181,5428.08,17000, 89145, 38.56,-0.65
ACC, EQ, 17-Jan-2024,2294.45,2289.0,2324.0,2247.65, 2250.50,2251.8,2285.0,296563,6776.47,26424, 98560, 33.23,-1.86
ACC, EQ, 17-Jan-2025,1987.9,1989.0,2019.0,1975.0,2007.95,2014.9,2000.56,247679,4954.96,17652, 155708, 62.87,1.36
ACC, EQ, 17-Feb-2020,1440.4,1445.0,1446.55,1416.1, 1422.00,1423.95,1428.18,571157,8157.14,21768, 125156, 21.91,-1.14
ACC, EQ, 17-Feb-2021,1819.3,1820.0,1837.0,1807.0, 1820.30,1819.75,1822.77,860949,15693.16,27359, 85928, 9.98,0.02
ACC, EQ, 17-Feb-2022,2239.4,2240.4,2267.55,2215.75,2231.05,2226.85,2234.69,218668,4886.55,16693, 98474, 45.03,-0.56
ACC, EQ, 17-Feb-2023,1841.65,1840.0,1865.55,1812.55, 1834.95,1839.4,1839.14,882626,16232.72,53936, 198334, 22.47,-0.12
ACC, EQ, 17-Feb-2025,1873.95,1873.95,1916.0,1842.2,1915.0,1911.5,1885.16,259561,4893.15,21874, 114858, 44.25,2.0
ACC, EQ, 17-Mar-2020,1133.4,1141.1,1162.35,1103.05, 1126.60,1124.7,1145.09,1156487,13242.86,32954, 602860, 52.13,-0.77
ACC, EQ, 17-Mar-2021,1766.15,1766.1,1776.95,1721.55,1725.0,1727.65,1740.26,871784,15171.32,36815, 319623, 36.66,-2.18
ACC, EQ, 17-Mar-2022,2129.15,2166.0,2166.0,2118.0, 2123.10,2122.65,2136.68,820627,17534.16,33007, 374278, 45.61,-0.31
ACC, EQ, 17-Mar-2023,1750.3,1774.7,1774.7,1723.05, 1729.40,1730.4,1738.96,566675,9854.25,32221, 247915, 43.75,-1.14
ACC, EQ, 17-Mar-2025,1854.0,1856.95,1890.85,1856.0,1884.0,1883.1,1873.8,208567,3908.13,10746, 118074, 56.61,1.57
ACC, EQ, 17-Apr-2020,1148.45,1169.0,1193.25,1136.2, 1175.00,1172.8,1166.56,1614409,18833.12,50979, 304850, 18.88,2.12
ACC, EQ, 17-Apr-2023,1767.55,1767.55,1788.15,1753.85, 1780.70,1784.35,1769.75,768051,13592.6,24780, 484862, 63.13,0.95
ACC, EQ, 17-Apr-2025,2059.3,2059.3,2066.0,2047.3,2060.2,2061.7,2058.83,101779,2095.46,9495, 35346, 34.73,0.12
ACC, EQ, 17-May-2021,1876.8,1877.35,1907.75,1867.4,1899.35,1903.6,1890.82,534633,10108.95,21587, 170992, 31.98,1.43
ACC, EQ, 17-May-2022,2196.2,2220.0,2255.0,2182.55, 2225.00,2225.85,2219.77,1060771,23546.73,63830, 444009, 41.86,1.35
ACC, EQ, 17-May-2023,1783.5,1786.0,1804.0,1743.3, 1757.00,1758.15,1772.02,470809,8342.82,25509, 178874, 37.99,-1.42
ACC, EQ, 17-May-2024,2486.1,2492.35,2527.95,2486.2,2515.25,2521.95,2507.85,451244,11316.52,40213, 232899, 51.61,1.44
ACC, EQ, 17-Jun-2020,1239.25,1235.0,1245.0,1220.6,1235.75,1232.5,1234.77,735489,9081.59,28152, 114597, 15.58,-0.54
ACC, EQ, 17-Jun-2021,2020.5,2005.0,2062.95,2005.0, 2041.00,2042.2,2042.31,412228,8418.97,19255, 59095, 14.34,1.07
ACC, EQ, 17-Jun-2022,2084.25,2075.6,2108.3,2047.1,2055.0,2055.1,2068.4,492761,10192.27,18659, 238591, 48.42,-1.4
ACC, EQ, 17-Jul-2020,1299.9,1304.4,1320.0,1297.95, 1314.30,1315.85,1311.48,1179386,15467.42,40034, 364481, 30.90,1.23
ACC, EQ, 17-Jul-2023,1777.5,1788.35,1819.75,1781.0,1813.0,1811.5,1809.06,414958,7506.84,29695, 145397, 35.04,1.91
ACC, EQ, 16-Jul-2024,2695.7,2707.0,2744.25,2695.3,2711.05,2715.85,2718.43,446114,12127.28,25993, 225483, 50.54,0.75
ACC, EQ, 17-Aug-2020,1385.3,1397.0,1397.0,1372.3, 1388.20,1387.6,1382.22,586864,8111.74,19681, 48080, 8.19,0.17
ACC, EQ, 17-Aug-2021,2296.25,2300.0,2315.0,2271.0,2308.15,2308.75,2294.16,309125,7091.81,24256, 124644, 40.32,0.54
ACC, EQ, 17-Aug-2022,2271.35,2280.0,2307.35,2272.0, 2279.45,2283.15,2285.82,465269,10635.22,15611, 173743, 37.34,0.52
ACC, EQ, 17-Aug-2023,1892.15,1893.0,1908.9,1881.0, 1897.80,1900.85,1895.64,234693,4448.94,17580, 76164, 32.45,0.46
ACC, EQ, 17-Sep-2020,1389.7,1388.25,1413.6,1383.15, 1409.00,1409.6,1406.83,1421787,20002.13,45387, 491525, 34.57,1.43
ACC, EQ, 17-Sep-2021,2429.7,2440.0,2444.0,2372.3, 2392.00,2394.85,2395.37,538103,12889.53,31099, 277140, 51.50,-1.43
ACC, EQ, 17-Sep-2024,2512.0,2512.0,2517.0,2486.05,2496.0,2506.7,2504.27,369014,9241.1,28823, 249813, 67.70,-0.21
ACC, EQ, 17-Oct-2022,2243.65,2232.0,2285.05,2205.3,2260.0,2270.1,2248.94,1512370,34012.36,80089, 309012, 20.43,1.18
ACC, EQ, 17-Oct-2023,2030.85,2034.25,2042.0,2020.1,2036.15,2039.6,2034.34,212532,4323.62,10541, 126354, 59.45,0.43
ACC, EQ, 17-Oct-2024,2305.5,2308.95,2318.9,2256.55,2266.0,2265.1,2271.95,233994,5316.22,18832, 121007, 51.71,-1.75
ACC, EQ, 17-Nov-2020,1668.05,1671.3,1723.9,1671.3, 1695.00,1694.8,1706.31,2626953,44823.83,76149, 714688, 27.21,1.6
ACC, EQ, 17-Nov-2021,2492.75,2482.0,2496.35,2463.05, 2469.20,2471.55,2476.42,279037,6910.12,17999, 121304, 43.47,-0.85
ACC, EQ, 17-Nov-2022,2465.6,2464.0,2482.45,2440.55, 2443.00,2448.15,2458.87,188784,4641.95,13238, 34281, 18.16,-0.71
ACC, EQ, 17-Nov-2023,1844.85,1855.0,1874.3,1842.95, 1850.00,1848.25,1859.9,257285,4785.24,17195, 84652, 32.90,0.18
ACC, EQ, 17-Dec-2020,1633.1,1639.4,1659.85,1634.0, 1638.60,1639.3,1648.0,1203365,19831.44,42251, 355419, 29.54,0.38
ACC, EQ, 17-Dec-2021,2266.45,2266.0,2274.0,2207.5, 2214.75,2215.05,2233.04,290265,6481.73,20358, 114997, 39.62,-2.27
ACC, EQ, 17-Dec-2024,2247.1,2247.0,2247.1,2191.0,2198.0,2198.95,2216.73,281425,6238.45,26621, 158039, 56.16,-2.14
ACC, EQ, 18-Jan-2021,1740.1,1738.0,1746.35,1670.25, 1701.30,1701.5,1696.61,965219,16376.01,32488, 303329, 31.43,-2.22
ACC, EQ, 18-Jan-2022,2378.65,2391.0,2392.9,2240.35, 2249.00,2253.25,2298.61,691178,15887.5,51036, 224774, 32.52,-5.27
ACC, EQ, 18-Jan-2023,2346.0,2348.2,2370.0,2330.0,2369.5,2365.0,2351.65,217218,5108.21,14023, 71918, 33.11,0.81
ACC, EQ, 18-Jan-2024,2251.8,2246.0,2267.1,2201.05, 2266.00,2260.1,2242.32,228207,5117.13,17486, 77836, 34.11,0.37
ACC, EQ, 18-Feb-2020,1423.95,1425.0,1428.95,1402.6, 1421.10,1422.35,1414.71,1094853,15488.95,22397, 453985, 41.47,-0.11
ACC, EQ, 18-Feb-2021,1819.75,1833.1,1838.1,1775.15,1788.9,1787.9,1805.49,634760,11460.53,22711, 89490, 14.10,-1.75
ACC, EQ, 18-Feb-2022,2226.85,2208.75,2220.0,2172.0,2184.7,2181.15,2186.27,295149,6452.75,14390, 125806, 42.62,-2.05
ACC, EQ, 18-Feb-2025,1911.5,1900.0,1903.95,1820.6,1874.45,1880.4,1848.34,1070947,19794.71,66010, 291050, 27.18,-1.63
ACC, EQ, 18-Mar-2020,1124.7,1137.2,1144.95,1069.1, 1080.00,1079.1,1099.63,819359,9009.93,35117, 166402, 20.31,-4.05
ACC, EQ, 18-Mar-2021,1727.65,1744.95,1749.0,1711.05, 1727.45,1731.75,1735.81,933344,16201.12,22927, 451849, 48.41,0.24
ACC, EQ, 18-Mar-2024,2502.95,2480.1,2480.1,2393.05, 2443.45,2441.55,2440.09,612586,14947.66,57385, 274877, 44.87,-2.45
ACC, EQ, 18-Mar-2025,1883.1,1888.9,1905.0,1876.0,1881.0,1879.7,1884.72,456477,8603.3,16926, 320411, 70.19,-0.18
ACC, EQ, 18-Apr-2022,2208.65,2200.0,2248.9,2147.65, 2160.30,2155.2,2177.2,442194,9627.46,30966, 116548, 26.36,-2.42
ACC, EQ, 18-Apr-2023,1784.35,1789.0,1789.0,1745.0, 1765.00,1760.1,1767.14,592829,10476.14,21622, 390378, 65.85,-1.36
ACC, EQ, 18-Apr-2024,2442.65,2480.0,2484.05,2400.15, 2425.10,2412.0,2443.51,228173,5575.43,24488, 92402, 40.50,-1.25
ACC, EQ, 18-May-2020,1194.2,1202.0,1202.0,1125.0, 1132.75,1134.55,1156.36,1191015,13772.38,59389, 266666, 22.39,-4.99
ACC, EQ, 18-May-2021,1903.6,1916.0,1951.85,1906.05, 1936.20,1939.95,1932.58,874925,16908.63,29577, 278422, 31.82,1.91
ACC, EQ, 18-May-2022,2225.85,2249.0,2252.0,2218.2,2239.75,2236.65,2232.21,851138,18999.18,36788, 504411, 59.26,0.49
ACC, EQ, 18-May-2023,1758.15,1763.0,1778.95,1704.45, 1712.00,1712.45,1738.53,647641,11259.43,30929, 383307, 59.19,-2.6
ACC, EQ, 18-Jun-2020,1232.5,1230.0,1258.25,1225.0,1246.0,1253.35,1244.77,644001,8016.35,23031, 93668, 14.54,1.69
ACC, EQ, 18-Jun-2021,2042.2,2043.25,2063.0,1996.2, 2025.95,2027.9,2029.23,502755,10202.06,21448, 202797, 40.34,-0.7
ACC, EQ, 18-Jun-2024,2661.7,2694.0,2694.55,2646.4,2648.1,2652.0,2659.36,201421,5356.52,14809, 85798, 42.60,-0.36
ACC, EQ, 18-Jul-2022,2140.35,2160.95,2179.9,2152.0,2172.05,2174.0,2169.64,296459,6432.09,19001, 150706, 50.84,1.57
ACC, EQ, 18-Jul-2023,1811.5,1815.95,1818.65,1789.25, 1795.00,1795.1,1800.22,503572,9065.43,34415, 239866, 47.63,-0.91
ACC, EQ, 18-Jul-2024,2715.85,2716.5,2719.9,2671.15,2675.5,2686.45,2692.3,351258,9456.93,21139, 203502, 57.94,-1.08
ACC, EQ, 18-Aug-2020,1387.6,1390.0,1437.3,1390.0,1433.5,1431.95,1419.49,1124295,15959.28,36622, 186919, 16.63,3.2
ACC, EQ, 18-Aug-2021,2308.75,2315.15,2363.85,2311.2, 2361.95,2356.3,2342.69,965286,22613.66,62911, 316046, 32.74,2.06
ACC, EQ, 18-Aug-2022,2283.15,2280.0,2334.8,2275.2,2323.5,2322.85,2308.32,512571,11831.77,31401, 175777, 34.29,1.74
ACC, EQ, 18-Aug-2023,1900.85,1895.0,1955.95,1883.0, 1933.50,1934.1,1929.48,730944,14103.45,42867, 154163, 21.09,1.75
ACC, EQ, 18-Sep-2020,1409.6,1411.0,1438.05,1409.05, 1425.75,1431.8,1426.28,1270015,18113.94,43852, 576129, 45.36,1.57
ACC, EQ, 18-Sep-2023,2026.85,2031.3,2038.0,2002.0, 2005.60,2006.7,2017.16,231014,4659.92,17202, 101278, 43.84,-0.99
ACC, EQ, 18-Sep-2024,2506.7,2500.0,2523.55,2454.05,2471.2,2477.4,2489.79,174625,4347.8,19889, 63561, 36.40,-1.17
ACC, EQ, 18-Oct-2021,2309.85,2364.0,2364.0,2291.85, 2305.00,2304.4,2316.46,627590,14537.85,29013, 182162, 29.03,-0.24
ACC, EQ, 18-Oct-2022,2270.1,2259.0,2293.2,2216.0,2219.0,2219.25,2240.03,1189726,26650.22,67956, 339975, 28.58,-2.24
ACC, EQ, 18-Oct-2023,2039.6,2041.0,2044.65,2008.0, 2014.00,2014.05,2021.67,205829,4161.19,19647, 92967, 45.17,-1.25
ACC, EQ, 18-Oct-2024,2265.1,2265.1,2289.65,2236.15,2283.0,2285.65,2262.45,205894,4658.24,16755, 46770, 22.72,0.91
ACC, EQ, 18-Nov-2020,1694.8,1694.8,1709.8,1672.15, 1687.45,1686.3,1695.71,1817408,30817.98,57214, 559621, 30.79,-0.5
ACC, EQ, 18-Nov-2021,2471.55,2474.8,2502.3,2415.1,2432.0,2440.5,2442.09,237386,5797.18,15061, 64930, 27.35,-1.26
ACC, EQ, 18-Nov-2022,2448.15,2456.0,2470.0,2414.75, 2462.00,2460.7,2441.51,540609,13199.0,24944, 206708, 38.24,0.51
ACC, EQ, 18-Nov-2024,2188.15,2200.0,2211.9,2162.9,2193.2,2187.4,2188.71,96713,2116.76,12929, 29777, 30.79,-0.03
ACC, EQ, 18-Dec-2020,1639.3,1647.0,1654.75,1625.0, 1649.95,1648.3,1643.04,1653822,27172.89,40588, 899465, 54.39,0.55
ACC, EQ, 18-Dec-2023,2212.35,2232.0,2240.8,2211.0, 2240.00,2237.25,2232.1,312895,6984.13,19610, 146706, 46.89,1.13
ACC, EQ, 18-Dec-2024,2198.95,2192.05,2198.65,2137.75,2142.0,2141.55,2161.2,379760,8207.39,21961, 215861, 56.84,-2.61
ACC, EQ, 19-Jan-2021,1701.5,1703.6,1720.9,1690.0, 1715.00,1712.4,1707.39,1062139,18134.81,29102, 286275, 26.95,0.64
ACC, EQ, 19-Jan-2022,2253.25,2261.0,2262.8,2219.2, 2237.00,2231.8,2234.61,372235,8318.01,25659, 151629, 40.73,-0.95
ACC, EQ, 19-Jan-2023,2365.0,2357.5,2418.0,2353.25, 2394.00,2391.15,2391.84,422029,10094.27,27787, 93967, 22.27,1.11
ACC, EQ, 19-Jan-2024,2260.1,2273.0,2283.15,2237.55, 2277.10,2277.1,2261.31,230851,5220.25,34291, 93070, 40.32,0.75
ACC, EQ, 19-Feb-2020,1422.35,1430.05,1443.5,1422.6, 1432.80,1433.55,1432.37,426086,6103.12,15773, 64820, 15.21,0.79
ACC, EQ, 19-Feb-2021,1787.9,1800.0,1801.75,1735.5,1749.95,1747.35,1766.36,767848,13562.97,22190, 119992, 15.63,-2.27
ACC, EQ, 19-Feb-2024,2720.4,2744.0,2744.0,2660.4, 2672.05,2670.5,2687.64,273523,7351.31,23055, 74277, 27.16,-1.83
ACC, EQ, 19-Feb-2025,1880.4,1851.0,1905.15,1846.15,1865.2,1867.1,1879.12,187021,3514.34,19706, 42724, 22.84,-0.71
ACC, EQ, 19-Mar-2020,1079.1,1033.9,1131.75,1000.45, 1066.60,1089.95,1082.38,1213355,13133.1,53082, 424656, 35.00,1.01
ACC, EQ, 19-Mar-2021,1731.75,1721.8,1770.0,1692.0,1754.8,1755.0,1741.49,1091315,19005.14,38972, 401944, 36.83,1.34
ACC, EQ, 19-Mar-2024,2441.55,2442.8,2449.85,2375.75, 2410.00,2403.4,2407.83,340416,8196.63,37324, 142487, 41.86,-1.56
ACC, EQ, 19-Mar-2025,1879.7,1890.05,1911.0,1883.35,1899.0,1900.0,1900.55,274686,5220.55,15856, 138374, 50.38,1.08
ACC, EQ, 19-Apr-2021,1881.75,1859.55,1881.9,1826.5,1873.75,1876.75,1853.76,1288212,23880.38,45574, 391893, 30.42,-0.27
ACC, EQ, 19-Apr-2022,2155.2,2158.1,2174.6,2023.55,2040.0,2056.5,2110.2,824740,17403.65,47673, 232398, 28.18,-4.58
ACC, EQ, 19-Apr-2023,1760.1,1765.0,1775.85,1742.85, 1744.00,1749.3,1758.17,372749,6553.57,25592, 180760, 48.49,-0.61
ACC, EQ, 19-Apr-2024,2412.0,2396.0,2416.95,2368.0, 2404.50,2405.15,2397.99,312710,7498.75,29454, 137926, 44.11,-0.28
ACC, EQ, 19-May-2020,1134.55,1140.05,1159.0,1130.0,1136.5,1138.45,1144.09,1149445,13150.7,41691, 174412, 15.17,0.34
ACC, EQ, 19-May-2021,1939.95,1939.45,1982.0,1917.0, 1924.90,1927.25,1951.62,963994,18813.53,30015, 330488, 34.28,-0.65
ACC, EQ, 19-May-2022,2236.65,2198.2,2255.0,2192.75,2226.25,2231.0,2236.28,600776,13435.06,29297, 176304, 29.35,-0.25
ACC, EQ, 19-May-2023,1712.45,1719.95,1741.35,1705.0,1729.0,1729.05,1721.98,492673,8483.74,26204, 147885, 30.02,0.97
ACC, EQ, 19-Jun-2020,1253.35,1252.0,1284.9,1246.1, 1272.95,1272.0,1268.67,904534,11475.55,30298, 174292, 19.27,1.49
ACC, EQ, 19-Jun-2023,1855.45,1865.0,1865.35,1811.05, 1823.05,1825.4,1831.61,411272,7532.89,24911, 219475, 53.36,-1.62
ACC, EQ, 19-Jun-2024,2652.0,2653.0,2657.2,2590.55,2628.0,2621.55,2618.33,226033,5918.28,21546, 73511, 32.52,-1.15
ACC, EQ, 19-Jul-2021,2129.35,2117.9,2168.0,2105.2, 2167.35,2151.9,2137.47,666887,14254.53,37990, 166573, 24.98,1.06
ACC, EQ, 19-Jul-2022,2174.0,2170.0,2184.9,2100.35, 2168.20,2168.8,2169.71,202603,4395.9,14771, 93503, 46.15,-0.24
ACC, EQ, 19-Jul-2023,1795.1,1804.95,1804.95,1791.5, 1801.00,1800.05,1799.01,200726,3611.09,14444, 75901, 37.81,0.28
ACC, EQ, 19-Jul-2024,2686.45,2678.0,2687.0,2596.15,2613.0,2619.8,2631.63,393251,10348.93,32085, 177536, 45.15,-2.48
ACC, EQ, 19-Aug-2020,1431.95,1440.0,1444.0,1425.0,1432.75,1429.3,1435.09,712580,10226.15,19861, 98251, 13.79,-0.19
ACC, EQ, 18-Aug-2021,2308.75,2315.15,2363.85,2311.2, 2361.95,2356.3,2342.69,965286,22613.66,62911, 316046, 32.74,2.06
ACC, EQ, 19-Aug-2022,2322.85,2330.1,2367.75,2271.95, 2339.00,2350.85,2345.39,822726,19296.13,50938, 302344, 36.75,1.21
ACC, EQ, 19-Aug-2024,2337.9,2349.0,2354.95,2329.0,2349.8,2347.45,2342.22,170480,3993.02,16243, 62122, 36.44,0.41
ACC, EQ, 19-Sep-2022,2611.5,2624.0,2721.9,2577.0, 2639.95,2641.1,2657.3,3716139,98748.83,159687, 641859, 17.27,1.13
ACC, EQ, 19-Sep-2024,2477.4,2490.0,2492.0,2416.0,2449.0,2442.85,2448.17,197882,4844.49,23600, 73306, 37.05,-1.39
ACC, EQ, 19-Oct-2020,1561.15,1569.0,1575.0,1538.2, 1567.50,1562.65,1553.87,1643909,25544.19,45898, 372967, 22.69,0.1
ACC, EQ, 19-Oct-2021,2304.4,2319.0,2328.0,2232.45,2245.15,2242.75,2277.21,679577,15475.38,40709, 285244, 41.97,-2.68
ACC, EQ, 19-Oct-2022,2219.25,2219.0,2258.4,2212.55, 2240.10,2246.45,2241.32,724058,16228.44,38163, 203685, 28.13,1.23
ACC, EQ, 19-Oct-2023,2014.05,2015.0,2038.65,1995.05,2021.5,2030.55,2017.49,190539,3844.1,14204, 74457, 39.08,0.82
ACC, EQ, 19-Nov-2020,1686.3,1673.65,1719.0,1667.4, 1677.00,1679.8,1693.6,1382091,23407.05,40454, 348042, 25.18,-0.39
ACC, EQ, 19-Nov-2024,2187.4,2193.7,2231.55,2170.05,2184.8,2185.7,2207.61,98826,2181.69,12219, 34989, 35.40,-0.08
ACC, EQ, 19-Dec-2022,2616.75,2612.95,2645.95,2600.2,2639.9,2638.5,2630.16,184905,4863.3,10844, 36739, 19.87,0.83
ACC, EQ, 19-Dec-2023,2237.25,2238.0,2254.0,2187.7, 2207.00,2202.75,2207.53,445489,9834.32,37232, 185510, 41.64,-1.54
ACC, EQ, 19-Dec-2024,2141.55,2123.75,2125.35,2102.0,2114.0,2115.35,2114.68,190294,4024.12,16820, 101162, 53.16,-1.22
ACC, EQ, 20-Jan-2020,1512.35,1517.8,1517.8,1495.0, 1497.55,1497.55,1504.36,223875,3367.89,7080, 22825, 10.20,-0.98
ACC, EQ, 20-Jan-2021,1712.4,1714.0,1718.65,1688.0, 1709.00,1710.05,1702.76,841615,14330.7,43261, 166405, 19.77,-0.14
ACC, EQ, 20-Jan-2022,2231.8,2230.0,2285.25,2230.0, 2253.70,2254.0,2252.32,322553,7264.92,22960, 81198, 25.17,0.99
ACC, EQ, 20-Jan-2023,2391.15,2393.0,2403.0,2350.55,2356.0,2355.6,2371.22,199568,4732.2,17043, 72629, 36.39,-1.49
ACC, EQ, 20-Jan-2025,2014.9,2015.9,2023.0,1980.65,2008.1,2005.7,2002.16,163924,3282.02,16920, 62427, 38.08,-0.46
ACC, EQ, 20-Feb-2020,1433.55,1430.0,1451.75,1420.25, 1423.45,1423.45,1435.81,558883,8024.52,17425, 96208, 17.21,-0.7
ACC, EQ, 20-Feb-2023,1839.4,1824.0,1862.9,1812.0, 1841.00,1850.65,1835.74,462228,8485.32,25373, 61462, 13.30,0.61
ACC, EQ, 20-Feb-2024,2670.5,2674.0,2715.0,2657.2, 2687.00,2686.7,2685.32,459876,12349.15,33971, 195447, 42.50,0.61
ACC, EQ, 20-Feb-2025,1867.1,1867.65,1890.0,1854.55,1884.45,1886.85,1877.76,134186,2519.69,15038, 52245, 38.93,1.06
ACC, EQ, 20-Mar-2020,1089.95,1085.1,1146.5,1060.6, 1142.90,1127.9,1112.31,844048,9388.43,33862, 199908, 23.68,3.48
ACC, EQ, 20-Mar-2023,1730.4,1730.0,1730.3,1676.05,1694.7,1695.6,1695.64,449040,7614.11,31872, 102611, 22.85,-2.01
ACC, EQ, 20-Mar-2024,2403.4,2409.05,2431.45,2371.05, 2402.00,2397.7,2396.82,218650,5240.65,24426, 76997, 35.21,-0.24
ACC, EQ, 20-Mar-2025,1900.0,1909.0,1911.45,1884.55,1887.5,1889.6,1892.81,219513,4154.97,11702, 127242, 57.97,-0.55
ACC, EQ, 20-Apr-2020,1172.8,1189.95,1210.75,1170.1, 1181.00,1175.5,1189.16,1951458,23205.93,92018, 626362, 32.10,0.23
ACC, EQ, 20-Apr-2021,1876.75,1980.0,1980.0,1810.0,1818.0,1825.8,1887.11,5873433,110838.07,191958, 522397, 8.89,-2.71
ACC, EQ, 20-Apr-2022,2056.5,2075.0,2221.75,2065.65, 2208.00,2208.25,2168.12,3687080,79940.27,139581, 323253, 8.77,7.38
ACC, EQ, 20-Apr-2023,1749.3,1750.0,1758.9,1735.0, 1735.00,1738.1,1747.0,256370,4478.79,13532, 123814, 48.30,-0.64
ACC, EQ, 20-May-2020,1138.45,1136.45,1176.95,1130.6, 1172.00,1170.85,1157.31,972861,11259.01,39099, 217382, 22.34,2.85
ACC, EQ, 20-May-2021,1927.25,1940.0,1963.5,1921.0, 1959.25,1958.15,1949.32,696109,13569.37,26595, 184798, 26.55,1.6
ACC, EQ, 20-May-2022,2231.0,2250.9,2274.4,2234.55, 2237.90,2239.4,2258.88,514340,11618.35,29928, 182302, 35.44,0.38
ACC, EQ, 18-May-2024,2521.95,2534.4,2565.0,2501.0,2518.75,2525.95,2532.45,40399,1023.09,2508, 24796, 61.38,0.16
ACC, EQ, 20-Jun-2022,2055.1,2055.0,2085.55,2047.15,2063.95,2060.4,2066.56,446187,9220.71,15845, 221230, 49.58,0.26
ACC, EQ, 20-Jun-2023,1825.4,1828.8,1841.0,1810.5, 1839.95,1838.2,1830.82,362678,6639.97,14007, 161989, 44.66,0.7
ACC, EQ, 20-Jun-2024,2621.55,2635.0,2641.2,2611.55,2625.0,2622.65,2622.36,321036,8418.71,18501, 180709, 56.29,0.04
ACC, EQ, 20-Jul-2020,1315.85,1315.85,1334.8,1314.5, 1334.80,1329.8,1325.43,1539079,20399.44,44030, 210747, 13.69,1.06
ACC, EQ, 20-Jul-2021,2151.9,2226.0,2344.05,2192.2, 2301.00,2308.85,2287.35,8593295,196559.08,300851, 441260, 5.13,7.29
ACC, EQ, 20-Jul-2022,2168.8,2175.0,2179.6,2149.6, 2157.70,2158.9,2166.29,252406,5467.85,12272, 107488, 42.59,-0.46
ACC, EQ, 20-Jul-2023,1800.05,1809.85,1810.0,1788.0,1800.0,1800.45,1798.85,409980,7374.92,27344, 213717, 52.13,0.02
ACC, EQ, 20-Aug-2020,1429.3,1424.9,1440.9,1411.65,1419.2,1419.4,1427.87,431512,6161.45,12998, 35378, 8.20,-0.69
ACC, EQ, 20-Aug-2021,2356.3,2330.15,2373.8,2281.0,2281.0,2290.55,2324.09,596640,13866.45,35006, 175504, 29.42,-2.79
ACC, EQ, 20-Aug-2024,2347.45,2355.0,2364.95,2319.9,2329.0,2325.75,2334.81,329779,7699.73,26019, 187193, 56.76,-0.92
ACC, EQ, 20-Sep-2021,2394.85,2378.0,2390.0,2320.0, 2330.50,2325.95,2351.19,299170,7034.05,13979, 124172, 41.51,-2.88
ACC, EQ, 20-Sep-2022,2641.1,2674.4,2762.0,2656.0, 2720.00,2725.6,2713.68,1961065,53217.01,104737, 348496, 17.77,3.2
ACC, EQ, 20-Sep-2023,2006.7,2006.0,2006.7,1968.0, 1976.05,1979.8,1981.99,254921,5052.5,20414, 114682, 44.99,-1.34
ACC, EQ, 20-Sep-2024,2442.85,2449.0,2458.1,2413.4,2440.0,2443.2,2433.57,527393,12834.47,27641, 332463, 63.04,0.01
ACC, EQ, 20-Oct-2020,1562.65,1582.1,1622.1,1562.0, 1577.50,1579.55,1586.92,6433390,102093.07,183007, 414349, 6.44,1.08
ACC, EQ, 20-Oct-2021,2242.75,2289.0,2359.0,2221.0, 2260.55,2263.6,2304.06,3817624,87960.36,211916, 632759, 16.57,0.93
ACC, EQ, 20-Oct-2022,2246.45,2230.0,2299.0,2227.95,2284.95,2287.6,2267.0,713402,16172.84,39341, 292190, 40.96,1.83
ACC, EQ, 20-Oct-2023,2030.55,2021.6,2032.45,1955.6, 1963.70,1963.15,1974.51,524895,10364.1,32413, 258541, 49.26,-3.32
ACC, EQ, 20-Nov-2020,1679.8,1684.0,1713.95,1680.0,1690.5,1686.8,1694.59,1245196,21100.98,38930, 319019, 25.62,0.42
ACC, EQ, 20-Nov-2023,1848.25,1848.25,1858.4,1826.2, 1830.00,1828.45,1840.37,170647,3140.53,13341, 69824, 40.92,-1.07
ACC, EQ, 19-Nov-2024,2187.4,2193.7,2231.55,2170.05,2184.8,2185.7,2207.61,98826,2181.69,12219, 34989, 35.40,-0.08
ACC, EQ, 20-Dec-2021,2215.05,2194.9,2199.65,2087.8,2116.5,2115.9,2124.75,307702,6537.9,18217, 114869, 37.33,-4.48
ACC, EQ, 20-Dec-2022,2638.5,2635.0,2635.0,2570.55,2593.05,2592.5,2593.77,271075,7031.05,15565, 78615, 29.00,-1.74
ACC, EQ, 20-Dec-2023,2202.75,2209.0,2217.05,2070.0, 2074.00,2086.65,2157.97,895756,19330.18,46685, 495090, 55.27,-5.27
ACC, EQ, 20-Dec-2024,2115.35,2115.35,2132.95,2051.2,2060.0,2063.65,2102.39,261412,5495.89,22278, 123668, 47.31,-2.44
ACC, EQ, 21-Jan-2020,1497.55,1494.95,1509.4,1487.0, 1500.00,1496.1,1499.41,359320,5387.7,12520, 49579, 13.80,-0.1
ACC, EQ, 21-Jan-2021,1710.05,1720.4,1726.65,1656.0, 1674.00,1665.75,1695.19,1486010,25190.71,47484, 514853, 34.65,-2.59
ACC, EQ, 21-Jan-2022,2254.0,2240.0,2255.9,2196.0, 2221.65,2215.75,2231.66,238038,5312.21,21215, 69003, 28.99,-1.7
ACC, EQ, 21-Jan-2025,2005.7,2016.15,2062.65,2009.55,2022.95,2017.5,2035.8,325340,6623.28,27458, 93318, 28.68,0.59
ACC, EQ, 21-Feb-2022,2181.15,2178.7,2205.25,2151.0, 2182.00,2184.9,2186.8,291112,6366.05,25810, 74351, 25.54,0.17
ACC, EQ, 21-Feb-2023,1850.65,1858.25,1868.35,1820.0, 1826.00,1828.4,1844.96,576509,10636.39,32887, 133424, 23.14,-1.2
ACC, EQ, 21-Feb-2024,2686.7,2690.0,2719.0,2651.1, 2660.00,2666.75,2688.27,383105,10298.89,34633, 136456, 35.62,-0.74
ACC, EQ, 21-Feb-2025,1886.85,1885.0,1900.0,1867.7,1881.8,1884.0,1880.69,231565,4355.03,16733, 122508, 52.90,-0.15
ACC, EQ, 21-Mar-2022,2122.65,2101.0,2141.75,2046.65,2056.95,2055.75,2074.19,1043891,21652.25,32039, 387081, 37.08,-3.15
ACC, EQ, 21-Mar-2023,1695.6,1713.95,1739.85,1698.25, 1722.95,1724.6,1722.95,306383,5278.81,22050, 86298, 28.17,1.71
ACC, EQ, 21-Mar-2024,2397.7,2429.0,2450.9,2400.05,2440.0,2438.85,2434.81,142027,3458.08,11608, 46526, 32.76,1.72
ACC, EQ, 21-Mar-2025,1889.6,1889.6,1921.0,1882.0,1916.65,1915.65,1907.56,413622,7890.07,22005, 223343, 54.00,1.38
ACC, EQ, 21-Apr-2020,1175.5,1167.0,1167.0,1132.45,1135.55,1136.75,1146.31,1379968,15818.69,55890, 372858, 27.02,-3.3
ACC, EQ, 21-Apr-2022,2208.25,2218.25,2275.0,2205.25, 2270.00,2270.1,2241.89,1491272,33432.69,76669, 361070, 24.21,2.8
ACC, EQ, 21-Apr-2023,1738.1,1741.95,1744.8,1712.75, 1719.80,1717.95,1722.7,346777,5973.93,20969, 173912, 50.15,-1.16
ACC, EQ, 21-Apr-2025,2061.7,2061.7,2097.0,2055.3,2090.0,2088.4,2082.97,193991,4040.77,16396, 72278, 37.26,1.3
ACC, EQ, 21-May-2020,1170.85,1175.0,1200.75,1170.0,1182.0,1187.6,1186.02,1009443,11972.2,36977, 192187, 19.04,1.43
ACC, EQ, 21-May-2021,1958.15,1970.05,1987.95,1959.3, 1970.00,1965.25,1976.0,674816,13334.36,22624, 175275, 25.97,0.36
ACC, EQ, 21-May-2024,2525.95,2525.95,2559.9,2482.9,2520.05,2527.85,2525.44,322930,8155.42,26905, 126293, 39.11,0.08
ACC, EQ, 21-Jun-2021,2027.9,2009.5,2041.9,1988.9, 2025.60,2028.1,2021.0,478588,9672.27,22389, 180152, 37.64,0.01
ACC, EQ, 21-Jun-2022,2060.4,2067.0,2090.05,2058.05,2085.0,2086.25,2073.37,290807,6029.49,11507, 136927, 47.09,1.25
ACC, EQ, 21-Jun-2023,1838.2,1845.0,1852.0,1830.75, 1845.00,1845.85,1844.12,421375,7770.68,19858, 235192, 55.82,0.42
ACC, EQ, 21-Jun-2024,2622.65,2637.0,2650.0,2579.0,2586.7,2590.2,2613.72,291043,7607.06,23348, 156620, 53.81,-1.24
ACC, EQ, 21-Jul-2020,1329.8,1370.05,1423.95,1367.45, 1379.60,1379.25,1394.64,5958892,83104.95,190589, 831740, 13.96,3.72
ACC, EQ, 21-Jul-2022,2158.9,2159.0,2179.9,2155.5,2178.0,2174.55,2173.15,408365,8874.37,19503, 224463, 54.97,0.72
ACC, EQ, 21-Jul-2023,1800.45,1803.4,1803.4,1762.65, 1770.00,1766.7,1779.72,365608,6506.81,24614, 174795, 47.81,-1.87
ACC, EQ, 21-Aug-2020,1419.4,1425.25,1435.0,1417.0, 1418.50,1422.1,1425.26,404214,5761.11,14190, 69716, 17.25,0.19
ACC, EQ, 21-Aug-2023,1934.1,1934.2,1979.0,1934.15, 1977.00,1971.95,1958.58,561719,11001.72,29872, 222403, 39.59,1.96
ACC, EQ, 21-Aug-2024,2325.75,2330.95,2342.3,2316.1,2328.5,2325.15,2326.9,227691,5298.13,19119, 117294, 51.51,-0.03
ACC, EQ, 21-Sep-2020,1431.8,1431.4,1431.4,1366.2, 1369.00,1377.75,1404.24,437372,6141.74,19049, 49959, 11.42,-3.77
ACC, EQ, 21-Sep-2021,2325.95,2325.95,2339.9,2284.0, 2337.40,2332.3,2312.77,567297,13120.3,24749, 241874, 42.64,0.27
ACC, EQ, 21-Sep-2022,2725.6,2703.9,2714.0,2523.1, 2535.25,2531.2,2595.81,2989063,77590.34,151524, 461911, 15.45,-7.13
ACC, EQ, 21-Sep-2023,1979.8,1975.0,2002.15,1965.25, 1990.00,1993.8,1991.24,356618,7101.13,24851, 144616, 40.55,0.71
ACC, EQ, 21-Oct-2020,1579.55,1585.35,1625.6,1581.05, 1618.20,1620.15,1599.67,2491967,39863.22,84907, 788262, 31.63,2.57
ACC, EQ, 21-Oct-2021,2263.6,2285.95,2286.75,2202.85, 2240.00,2236.35,2241.91,803674,18017.66,38231, 295470, 36.76,-1.2
ACC, EQ, 21-Oct-2022,2287.6,2271.0,2300.0,2241.05,2257.0,2256.55,2266.62,389554,8829.72,24067, 97496, 25.03,-1.36
ACC, EQ, 21-Oct-2024,2285.65,2300.0,2320.0,2282.0, 2301.50,2301.65,2301.54,196371,4519.56,21791, 61059, 31.09,0.7
ACC, EQ, 21-Nov-2022,2460.7,2452.7,2463.5,2418.95, 2444.85,2456.75,2443.68,433180,10585.54,20421, 118305, 27.31,-0.16
ACC, EQ, 21-Nov-2023,1828.45,1832.0,1849.9,1830.0, 1841.00,1839.55,1841.36,187241,3447.79,11623, 98871, 52.80,0.61
ACC, EQ, 21-Nov-2024,2185.7,1986.0,2052.3,1868.2,2011.0,2027.2,1960.94,3493607,68507.51,211158, 852967, 24.42,-7.25
ACC, EQ, 21-Dec-2020,1648.3,1648.0,1648.0,1485.0, 1572.85,1570.35,1586.6,1990374,31579.25,56351, 421786, 21.19,-4.73
ACC, EQ, 21-Dec-2021,2115.9,2136.0,2179.0,2123.85,2131.9,2138.55,2150.71,294036,6323.85,12377, 147882, 50.29,1.07
ACC, EQ, 21-Dec-2022,2592.5,2605.0,2635.0,2531.3, 2550.00,2540.95,2574.3,238252,6133.33,15462, 59709, 25.06,-1.99
ACC, EQ, 21-Dec-2023,2086.65,2055.0,2115.0,2046.05, 2109.90,2107.4,2096.31,505610,10599.16,32901, 209703, 41.48,0.99
ACC, EQ, 22-Jan-2020,1496.1,1507.95,1537.0,1502.1, 1525.00,1524.4,1526.06,1645875,25117.03,53874, 821909, 49.94,1.89
ACC, EQ, 22-Jan-2021,1665.75,1674.0,1708.95,1653.25, 1697.60,1694.85,1688.75,1280708,21627.92,37358, 333592, 26.05,1.75
ACC, EQ, 20-Jan-2024,2277.1,2279.0,2310.0,2250.05, 2284.00,2290.1,2276.22,254530,5793.67,20494, 95857, 37.66,0.57
ACC, EQ, 22-Jan-2025,2017.5,2027.0,2027.0,1970.0,1997.35,2000.75,1997.78,121880,2434.89,13828, 46120, 37.84,-0.83
ACC, EQ, 22-Feb-2021,1747.35,1749.8,1754.9,1689.65,1704.0,1700.35,1722.31,533284,9184.81,22437, 87153, 16.34,-2.69
ACC, EQ, 22-Feb-2022,2184.9,2154.9,2180.8,2100.1,2153.8,2165.4,2156.17,323721,6979.99,27112, 110305, 34.07,-0.89
ACC, EQ, 22-Feb-2023,1828.4,1825.0,1827.0,1719.8, 1752.00,1752.2,1756.11,1237245,21727.34,58209, 294905, 23.84,-4.17
ACC, EQ, 22-Feb-2024,2666.75,2676.8,2687.8,2636.0, 2680.00,2680.1,2659.08,261578,6955.57,22198, 122656, 46.89,0.5
ACC, EQ, 22-Mar-2021,1755.0,1760.0,1873.9,1751.2,1863.9,1860.0,1840.11,4627665,85154.28,96166, 1202267, 25.98,5.98
ACC, EQ, 22-Mar-2022,2055.75,2054.95,2074.7,2025.0, 2062.45,2058.3,2048.8,452916,9279.33,31723, 156505, 34.55,0.12
ACC, EQ, 22-Mar-2023,1724.6,1730.0,1746.0,1724.65, 1731.65,1738.35,1735.59,258724,4490.4,17017, 60872, 23.53,0.8
ACC, EQ, 22-Mar-2024,2438.85,2439.05,2458.0,2415.55,2445.0,2443.25,2437.44,328757,8013.24,21023, 167234, 50.87,0.18
ACC, EQ, 22-Apr-2020,1136.75,1155.15,1244.0,1120.0,1233.65,1229.55,1176.52,4910652,57774.72,173833, 861980, 17.55,8.16
ACC, EQ, 22-Apr-2021,1825.8,1824.95,1850.0,1782.25,1828.9,1831.65,1826.87,1662315,30368.32,57630, 288439, 17.35,0.32
ACC, EQ, 22-Apr-2022,2270.1,2250.1,2283.0,2237.2, 2260.00,2263.25,2263.16,558880,12648.37,31220, 85928, 15.38,-0.3
ACC, EQ, 22-Apr-2024,2405.15,2427.45,2427.45,2370.2,2404.5,2403.55,2400.59,572343,13739.61,32177, 300054, 52.43,-0.07
ACC, EQ, 22-Apr-2025,2088.4,2088.4,2104.4,2073.8,2085.0,2081.7,2089.69,97202,2031.22,12126, 37900, 38.99,-0.32
ACC, EQ, 22-May-2020,1187.6,1172.0,1240.0,1161.6,1232.0,1227.1,1208.84,1632263,19731.43,55541, 273644, 16.76,3.33
ACC, EQ, 22-May-2023,1729.05,1733.95,1843.3,1730.95,1814.0,1813.4,1809.35,2232532,40394.25,92713, 641254, 28.72,4.88
ACC, EQ, 22-May-2024,2527.85,2531.0,2548.15,2495.0,2544.0,2543.35,2534.15,396208,10040.52,25956, 228301, 57.62,0.61
ACC, EQ, 22-Jun-2020,1272.0,1273.0,1278.8,1257.1, 1265.00,1263.45,1267.05,498504,6316.3,23089, 70135, 14.07,-0.67
ACC, EQ, 22-Jun-2021,2028.1,2032.95,2078.0,2028.65, 2049.70,2049.35,2052.88,712732,14631.57,29184, 256468, 35.98,1.05
ACC, EQ, 22-Jun-2022,2086.25,2085.0,2085.9,2053.95,2063.6,2062.3,2068.74,403380,8344.9,20146, 255798, 63.41,-1.15
ACC, EQ, 22-Jun-2023,1845.85,1845.85,1850.45,1830.0,1832.4,1831.75,1840.37,444033,8171.83,22161, 269292, 60.65,-0.76
ACC, EQ, 22-Jul-2020,1379.25,1388.0,1389.3,1361.0, 1372.15,1372.3,1370.27,1133996,15538.84,39260, 294897, 26.01,-0.5
ACC, EQ, 22-Jul-2021,2308.85,2340.0,2340.0,2271.1, 2291.80,2290.25,2301.58,1010305,23252.99,46876, 219529, 21.73,-0.81
ACC, EQ, 22-Jul-2022,2174.55,2175.0,2200.4,2160.0, 2187.45,2191.95,2181.84,594869,12979.11,21984, 240081, 40.36,0.8
ACC, EQ, 22-Jul-2024,2619.8,2621.0,2670.9,2620.0,2642.7,2635.05,2646.65,275075,7280.26,26718, 107104, 38.94,0.58
ACC, EQ, 22-Aug-2022,2350.85,2359.95,2359.95,2277.05, 2286.00,2282.95,2311.54,517330,11958.26,38394, 227767, 44.03,-2.89
ACC, EQ, 22-Aug-2023,1971.95,1975.15,1992.55,1963.95, 1980.00,1979.1,1978.3,407798,8067.46,24326, 203948, 50.01,0.36
ACC, EQ, 22-Aug-2024,2325.15,2339.0,2363.3,2316.55,2352.0,2348.6,2344.4,323227,7577.75,23730, 82162, 25.42,1.01
ACC, EQ, 22-Sep-2020,1377.75,1380.0,1393.7,1345.7, 1349.00,1360.65,1369.7,710190,9727.45,33686, 175472, 24.71,-1.24
ACC, EQ, 22-Sep-2021,2332.3,2339.3,2379.0,2331.1, 2363.00,2365.55,2361.53,308803,7292.48,26657, 94533, 30.61,1.43
ACC, EQ, 22-Sep-2022,2531.2,2505.0,2578.9,2461.2, 2572.00,2555.7,2535.9,2337503,59276.68,106847, 264694, 11.32,0.97
ACC, EQ, 22-Sep-2023,1993.8,1999.0,2001.55,1967.65, 1975.10,1978.5,1981.36,238415,4723.86,15217, 100717, 42.24,-0.77
ACC, EQ, 22-Oct-2020,1620.15,1618.0,1636.2,1604.05, 1631.00,1629.0,1621.15,1839267,29817.22,69624, 339019, 18.43,0.55
ACC, EQ, 22-Oct-2021,2236.35,2241.2,2259.35,2165.0, 2213.00,2212.05,2209.52,528370,11674.46,31260, 122493, 23.18,-1.09
ACC, EQ, 22-Oct-2024,2301.65,2301.65,2329.9,2240.0,2258.5,2246.35,2276.93,260869,5939.8,23098, 95868, 36.75,-2.4
ACC, EQ, 22-Nov-2021,2440.5,2440.5,2445.0,2355.0,2380.2,2373.55,2389.93,244687,5847.85,20301, 80464, 32.88,-2.74
ACC, EQ, 22-Nov-2022,2456.75,2458.0,2493.95,2440.05, 2457.50,2460.85,2471.06,290733,7184.2,17854, 44548, 15.32,0.17
ACC, EQ, 22-Nov-2023,1839.55,1842.05,1847.35,1803.0, 1813.00,1815.25,1818.69,313236,5696.8,22623, 152301, 48.62,-1.32
ACC, EQ, 22-Nov-2024,2027.2,2001.0,2118.05,1995.1,2094.05,2089.6,2079.62,1208356,25129.21,84489, 291005, 24.08,3.08
ACC, EQ, 22-Dec-2020,1570.35,1572.85,1587.9,1520.0, 1565.00,1564.95,1555.74,1350612,21012.06,43609, 219885, 16.28,-0.34
ACC, EQ, 22-Dec-2021,2138.55,2148.0,2168.95,2138.3, 2159.85,2149.9,2149.82,376346,8090.76,14043, 206659, 54.91,0.53
ACC, EQ, 22-Dec-2022,2540.95,2540.0,2578.0,2496.75, 2508.50,2513.7,2521.68,332075,8373.86,19180, 112670, 33.93,-1.07
ACC, EQ, 22-Dec-2023,2107.4,2120.0,2122.95,2079.0, 2090.00,2090.75,2105.04,444653,9360.12,20838, 262370, 59.01,-0.79
ACC, EQ, 23-Jan-2020,1524.4,1526.25,1554.9,1525.0, 1550.00,1548.35,1543.08,1100769,16985.75,41698, 294647, 26.77,1.57
ACC, EQ, 23-Jan-2023,2355.6,2349.05,2364.0,2290.0,2320.1,2323.45,2321.3,305955,7102.12,24700, 92224, 30.14,-1.36
ACC, EQ, 23-Jan-2024,2290.1,2309.0,2311.4,2199.5, 2220.95,2207.95,2248.05,277970,6248.91,30801, 108315, 38.97,-3.59
ACC, EQ, 23-Jan-2025,2000.75,2009.0,2054.5,1982.85,2046.05,2045.2,2028.54,323927,6570.99,23317, 130355, 40.24,2.22
ACC, EQ, 23-Feb-2021,1700.35,1714.9,1724.95,1686.05, 1703.45,1697.05,1706.13,735863,12554.78,23014, 127346, 17.31,-0.19
ACC, EQ, 23-Feb-2022,2165.4,2169.05,2197.0,2143.7,2148.2,2151.3,2165.68,376034,8143.69,37479, 149210, 39.68,-0.65
ACC, EQ, 23-Feb-2023,1752.2,1752.2,1759.95,1722.3,1738.0,1727.55,1739.74,708163,12320.18,34492, 172217, 24.32,-1.41
ACC, EQ, 23-Feb-2024,2680.1,2677.1,2718.0,2665.0, 2675.25,2679.55,2693.59,419808,11307.89,34456, 234668, 55.90,-0.02
ACC, EQ, 23-Mar-2020,1127.9,1034.0,1068.75,988.0, 1000.00,998.45,1010.26,574633,5805.28,36346, 247257, 43.03,-11.48
ACC, EQ, 23-Mar-2021,1860.0,1859.95,1925.0,1839.6, 1912.00,1913.75,1877.82,1921529,36082.77,69611, 231503, 12.05,2.89
ACC, EQ, 23-Mar-2022,2058.3,2064.1,2086.0,2050.0, 2063.50,2069.75,2066.1,232620,4806.15,15847, 62930, 27.05,0.56
ACC, EQ, 23-Mar-2023,1738.35,1738.0,1752.2,1725.0, 1739.75,1738.3,1741.04,448459,7807.86,26978, 111135, 24.78,-0.0
ACC, EQ, 23-Apr-2020,1229.55,1228.95,1237.95,1177.55,1196.0,1190.45,1204.89,2072239,24968.15,68783, 375002, 18.10,-3.18
ACC, EQ, 23-Apr-2021,1831.65,1825.9,1854.9,1802.0,1813.0,1812.9,1830.08,886188,16217.97,50470, 162332, 18.32,-1.02
ACC, EQ, 23-Apr-2024,2403.55,2428.0,2462.8,2401.3,2456.95,2452.6,2437.49,450921,10991.16,40808, 168989, 37.48,2.04
ACC, EQ, 23-Apr-2025,2081.7,2088.9,2095.9,2043.0,2055.2,2051.9,2057.34,488279,10045.57,34199, 304082, 62.28,-1.43
ACC, EQ, 23-May-2022,2239.4,2260.0,2265.75,2208.15,2210.3,2213.4,2235.16,345694,7726.8,24113, 140260, 40.57,-1.16
ACC, EQ, 23-May-2023,1813.4,1828.85,1867.0,1810.0, 1817.00,1819.45,1835.53,1668192,30620.21,74094, 378677, 22.70,0.33
ACC, EQ, 23-May-2024,2543.35,2549.8,2627.95,2518.1,2613.0,2616.4,2584.05,789007,20388.31,43590, 326829, 41.42,2.87
ACC, EQ, 23-Jun-2020,1263.45,1268.1,1306.7,1263.05, 1302.90,1302.2,1290.87,1138470,14696.2,33364, 299035, 26.27,3.07
ACC, EQ, 23-Jun-2021,2049.35,2049.7,2059.9,2025.0, 2025.10,2030.55,2038.17,268921,5481.06,16107, 37860, 14.08,-0.92
ACC, EQ, 23-Jun-2022,2062.3,2062.1,2097.85,2062.1,2095.0,2090.4,2083.18,149241,3108.96,12707, 37508, 25.13,1.36
ACC, EQ, 23-Jun-2023,1831.75,1830.0,1830.55,1760.7, 1774.95,1766.9,1787.65,1080901,19322.74,59383, 586636, 54.27,-3.54
ACC, EQ, 23-Jul-2020,1372.3,1375.0,1387.6,1357.0, 1363.60,1360.1,1362.8,1388277,18919.47,24668, 762870, 54.95,-0.89
ACC, EQ, 23-Jul-2021,2290.25,2296.15,2375.0,2292.5,2338.0,2337.55,2345.19,1664900,39045.03,78552, 213012, 12.79,2.07
ACC, EQ, 23-Jul-2024,2635.05,2640.0,2699.9,2556.8,2647.95,2646.55,2658.31,681428,18114.48,43520, 275178, 40.38,0.44
ACC, EQ, 23-Aug-2021,2290.55,2300.0,2320.0,2230.55, 2260.00,2261.45,2276.98,477873,10881.09,26302, 112649, 23.57,-1.27
ACC, EQ, 23-Aug-2022,2282.95,2264.6,2315.9,2264.6, 2300.00,2296.05,2294.49,406760,9333.07,33734, 182185, 44.79,0.57
ACC, EQ, 23-Aug-2023,1979.1,1979.9,1987.75,1953.55, 1970.85,1965.25,1969.35,555199,10933.82,21512, 353622, 63.69,-0.7
ACC, EQ, 23-Aug-2024,2348.6,2372.0,2377.95,2312.65,2327.85,2323.75,2331.11,449614,10480.99,33268, 196456, 43.69,-1.06
ACC, EQ, 23-Sep-2020,1360.65,1360.0,1369.15,1326.4, 1356.80,1354.7,1349.6,604886,8163.52,21281, 44884, 7.42,-0.44
ACC, EQ, 23-Sep-2021,2365.55,2375.0,2380.5,2340.05, 2351.00,2351.05,2353.21,380958,8964.73,33169, 178657, 46.90,-0.61
ACC, EQ, 23-Sep-2022,2555.7,2575.0,2585.5,2472.2, 2485.30,2488.9,2527.52,1396618,35299.76,54365, 261776, 18.74,-2.61
ACC, EQ, 23-Sep-2024,2443.2,2458.4,2500.0,2434.6,2486.0,2486.3,2476.37,357027,8841.31,36053, 132820, 37.20,1.76
ACC, EQ, 23-Oct-2020,1629.0,1635.0,1635.3,1595.0, 1602.00,1604.55,1620.44,1189152,19269.53,66056, 287771, 24.20,-1.5
ACC, EQ, 23-Oct-2023,1963.15,1970.0,1978.8,1880.0, 1892.00,1897.35,1929.0,390084,7524.7,24109, 144360, 37.01,-3.35
ACC, EQ, 23-Oct-2024,2246.35,2248.35,2288.0,2231.2,2260.1,2256.8,2260.33,284014,6419.64,25681, 117840, 41.49,0.47
ACC, EQ, 23-Nov-2020,1686.8,1704.0,1757.0,1697.0, 1719.00,1725.55,1736.58,2654717,46101.35,100471, 752610, 28.35,2.3
ACC, EQ, 23-Nov-2021,2373.55,2350.0,2420.1,2349.9,2414.45,2403.9,2400.47,209320,5024.66,13188, 73337, 35.04,1.28
ACC, EQ, 23-Nov-2022,2460.85,2469.9,2480.0,2444.05,2460.0,2458.9,2461.49,278487,6854.93,16756, 60459, 21.71,-0.08
ACC, EQ, 23-Nov-2023,1815.25,1826.75,1826.75,1806.0, 1819.00,1819.7,1817.04,254690,4627.81,16413, 105346, 41.36,0.25
ACC, EQ, 23-Dec-2020,1564.95,1547.0,1583.0,1541.0,1580.0,1578.85,1566.05,1079550,16906.26,36823, 139934, 12.96,0.89
ACC, EQ, 23-Dec-2021,2149.9,2164.95,2176.95,2141.15, 2151.00,2150.8,2154.68,323002,6959.67,13984, 177051, 54.81,0.04
ACC, EQ, 23-Dec-2022,2513.7,2491.0,2500.0,2356.4, 2370.00,2374.1,2425.72,262926,6377.84,20035, 61187, 23.27,-5.55
ACC, EQ, 23-Dec-2024,2063.65,2080.0,2109.8,2051.05,2099.0,2100.9,2088.87,176711,3691.26,16391, 61891, 35.02,1.81
ACC, EQ, 24-Jan-2020,1548.35,1551.75,1570.75,1542.2,1563.1,1565.9,1557.96,780502,12159.91,26688, 139370, 17.86,1.13
ACC, EQ, 24-Jan-2022,2215.75,2210.0,2219.65,2148.35,2166.0,2167.45,2177.74,467114,10172.51,34602, 241736, 51.75,-2.18
ACC, EQ, 24-Jan-2023,2323.45,2330.0,2352.6,2319.3,2335.0,2335.7,2337.29,178454,4170.99,13134, 53427, 29.94,0.53
ACC, EQ, 24-Jan-2024,2207.95,2206.0,2248.45,2190.0, 2232.50,2240.6,2220.95,213154,4734.05,25763, 71377, 33.49,1.48
ACC, EQ, 24-Jan-2025,2045.2,2059.95,2065.5,2031.05,2050.0,2058.95,2052.08,309897,6359.32,20949, 148761, 48.00,0.67
ACC, EQ, 24-Feb-2020,1423.45,1419.9,1438.0,1401.0, 1409.00,1407.2,1421.06,627609,8918.69,22015, 143210, 22.82,-1.14
ACC, EQ, 24-Feb-2021,1697.05,1708.0,1745.0,1708.0, 1737.00,1730.65,1726.85,481605,8316.59,17289, 151267, 31.41,1.98
ACC, EQ, 24-Feb-2022,2151.3,2085.1,2120.65,2002.0, 2011.00,2014.0,2066.1,474202,9797.48,42192, 182172, 38.42,-6.38
ACC, EQ, 24-Feb-2023,1727.55,1741.6,1749.8,1706.0, 1727.00,1730.0,1723.65,753146,12981.63,43749, 251844, 33.44,0.14
ACC, EQ, 24-Feb-2025,1884.0,1881.0,1886.45,1845.05,1847.0,1851.1,1860.25,176866,3290.15,18970, 70665, 39.95,-1.75
ACC, EQ, 24-Mar-2020,998.45,1014.0,1030.0,941.0, 947.75,947.75,973.65,1031126,10039.61,65343, 345844, 33.54,-5.08
ACC, EQ, 24-Mar-2021,1913.75,1909.0,1923.3,1888.0, 1893.55,1892.25,1907.28,1293661,24673.79,45975, 245506, 18.98,-1.12
ACC, EQ, 24-Mar-2022,2069.75,2050.15,2092.95,2050.15, 2080.00,2080.4,2079.32,294252,6118.43,19226, 89496, 30.41,0.51
ACC, EQ, 24-Mar-2023,1738.3,1736.0,1745.95,1694.55, 1697.85,1700.85,1725.29,530916,9159.84,26793, 73788, 13.90,-2.15
ACC, EQ, 24-Mar-2025,1915.65,1924.0,1943.3,1911.05,1936.0,1933.35,1930.97,258977,5000.76,15028, 71598, 27.65,0.92
ACC, EQ, 24-Apr-2020,1190.45,1182.0,1193.0,1151.7,1156.0,1156.6,1169.37,1332356,15580.21,57455, 401158, 30.11,-2.84
ACC, EQ, 24-Apr-2023,1717.95,1719.9,1740.0,1710.3, 1739.00,1734.65,1728.79,258999,4477.54,16365, 102712, 39.66,0.97
ACC, EQ, 24-Apr-2024,2452.6,2467.0,2574.0,2467.0, 2565.10,2556.4,2535.93,885613,22458.57,57409, 226079, 25.53,4.23
ACC, EQ, 24-Apr-2025,2051.9,2060.0,2119.9,2051.0,2065.0,2066.2,2093.78,1428912,29918.29,79155, 465228, 32.56,0.7
ACC, EQ, 24-May-2021,1965.25,1968.0,1997.9,1953.0, 1986.75,1984.45,1976.43,657392,12992.9,23103, 179668, 27.33,0.98
ACC, EQ, 24-May-2022,2213.4,2213.0,2236.45,2199.05,2205.0,2210.95,2216.46,267961,5939.26,16712, 83580, 31.19,-0.11
ACC, EQ, 24-May-2023,1819.45,1815.0,1829.0,1776.05, 1783.00,1780.4,1797.77,736922,13248.14,40081, 240065, 32.58,-2.15
ACC, EQ, 24-May-2024,2616.4,2620.0,2662.8,2597.9,2612.0,2609.25,2628.6,746571,19624.33,50469, 285404, 38.23,-0.27
ACC, EQ, 24-Jun-2020,1302.2,1304.0,1319.7,1255.0,1268.0,1265.65,1288.53,1403063,18078.87,58708, 334488, 23.84,-2.81
ACC, EQ, 24-Jun-2021,2030.55,2025.0,2040.7,2019.1, 2025.00,2027.45,2028.15,253261,5136.52,12153, 94797, 37.43,-0.15
ACC, EQ, 24-Jun-2022,2090.4,2100.0,2116.2,2090.65, 2099.15,2098.2,2100.72,236889,4976.38,16620, 96326, 40.66,0.37
ACC, EQ, 24-Jun-2024,2590.2,2585.0,2596.6,2519.05,2595.7,2588.25,2558.25,331999,8493.36,21618, 132425, 39.89,-0.08
ACC, EQ, 24-Jul-2020,1360.1,1350.6,1360.0,1339.0,1343.7,1343.8,1346.86,955298,12866.55,31733, 276114, 28.90,-1.2
ACC, EQ, 24-Jul-2023,1766.7,1777.45,1816.0,1773.6, 1805.50,1804.6,1804.29,532719,9611.8,28597, 128762, 24.17,2.15
ACC, EQ, 24-Jul-2024,2646.55,2647.0,2659.8,2612.9,2625.0,2619.35,2632.86,237514,6253.4,19311, 90396, 38.06,-1.03
ACC, EQ, 24-Aug-2020,1422.1,1425.15,1439.0,1418.0,1420.55,1421.45,1428.19,426151,6086.23,13199, 70863, 16.63,-0.05
ACC, EQ, 24-Aug-2021,2261.45,2267.05,2293.85,2257.0, 2278.05,2280.95,2272.41,423186,9616.51,15217, 150337, 35.53,0.86
ACC, EQ, 24-Aug-2022,2296.05,2296.0,2310.0,2280.55,2295.1,2301.65,2298.04,363437,8351.94,36000, 203560, 56.01,0.24
ACC, EQ, 24-Aug-2023,1965.25,1975.0,2007.0,1956.4, 1991.40,1990.35,1992.9,362009,7214.47,21290, 123840, 34.21,1.28
ACC, EQ, 24-Sep-2020,1354.7,1338.5,1350.0,1293.65, 1300.00,1303.65,1322.14,629729,8325.9,22727, 89687, 14.24,-3.77
ACC, EQ, 24-Sep-2021,2351.05,2368.0,2372.95,2281.0, 2300.95,2298.75,2312.03,434577,10047.56,31602, 176889, 40.70,-2.22
ACC, EQ, 24-Sep-2024,2486.3,2500.0,2500.0,2454.8,2475.0,2467.65,2467.52,425562,10500.84,22926, 265164, 62.31,-0.75
ACC, EQ, 24-Oct-2024,2256.8,2230.0,2294.1,2204.0,2261.95,2270.2,2255.06,1092773,24642.64,92554, 154341, 14.12,0.59
ACC, EQ, 24-Nov-2020,1725.55,1725.5,1738.55,1691.9, 1697.50,1696.6,1717.28,1638351,28135.12,52678, 587878, 35.88,-1.68
ACC, EQ, 24-Nov-2021,2403.9,2410.0,2428.25,2392.55, 2400.00,2404.75,2412.94,237362,5727.4,16392, 103389, 43.56,0.04
ACC, EQ, 24-Nov-2022,2458.9,2456.0,2473.0,2447.7, 2462.95,2461.35,2460.15,310621,7641.76,16038, 106608, 34.32,0.1
ACC, EQ, 24-Nov-2023,1819.7,1822.0,1829.0,1813.0, 1825.00,1820.5,1821.57,188206,3428.31,19250, 72694, 38.62,0.04
ACC, EQ, 24-Dec-2020,1578.85,1690.0,1694.4,1605.2, 1609.70,1614.65,1639.71,3608554,59169.94,110159, 503765, 13.96,2.27
ACC, EQ, 24-Dec-2021,2150.8,2158.95,2162.0,2112.5, 2124.00,2126.05,2128.29,152954,3255.31,10256, 27746, 18.14,-1.15
ACC, EQ, 24-Dec-2024,2100.9,2099.95,2108.8,2073.15,2075.0,2079.9,2088.78,102566,2142.38,12724, 38367, 37.41,-1.0
ACC, EQ, 25-Jan-2021,1694.85,1724.55,1725.65,1658.0, 1667.90,1663.15,1689.11,905403,15293.23,26100, 178674, 19.73,-1.87
ACC, EQ, 25-Jan-2022,2167.45,2160.1,2192.6,2120.05,2170.5,2179.95,2169.33,262179,5687.54,22169, 66152, 25.23,0.58
ACC, EQ, 25-Jan-2023,2335.7,2324.1,2329.95,2157.3, 2168.95,2165.7,2214.54,1224929,27126.54,73678, 444192, 36.26,-7.28
ACC, EQ, 25-Jan-2024,2240.6,2248.7,2563.75,2238.85, 2509.00,2467.65,2385.08,3008170,71747.21,153604, 607872, 20.21,10.13
ACC, EQ, 25-Feb-2020,1407.2,1414.0,1417.35,1394.0, 1399.05,1401.1,1403.83,676341,9494.66,22832, 160653, 23.75,-0.43
ACC, EQ, 25-Feb-2021,1730.65,1742.0,1810.0,1730.1, 1808.70,1801.25,1767.32,1114144,19690.51,43041, 321160, 28.83,4.08
ACC, EQ, 25-Feb-2022,2014.0,2045.0,2084.45,2030.0,2067.7,2059.55,2061.38,286586,5907.62,18856, 91727, 32.01,2.26
ACC, EQ, 25-Feb-2025,1851.1,1857.0,1860.0,1825.05,1831.0,1834.05,1841.96,156142,2876.07,14288, 67415, 43.18,-0.92
ACC, EQ, 25-Mar-2020,947.75,928.0,939.6,895.15, 911.50,918.2,913.83,2864843,26179.84,59231, 1881803, 65.69,-3.12
ACC, EQ, 25-Mar-2021,1892.25,1909.0,1912.0,1841.7,1850.0,1850.0,1871.05,981995,18373.59,29481, 290311, 29.56,-2.23
ACC, EQ, 25-Mar-2022,2080.4,2085.0,2090.9,2049.05,2068.0,2064.2,2067.96,278510,5759.47,16312, 124575, 44.73,-0.78
ACC, EQ, 25-Mar-2025,1933.35,1950.05,1967.95,1923.5,1925.35,1930.85,1948.49,320597,6246.8,28076, 86352, 26.93,-0.13
ACC, EQ, 25-Apr-2022,2263.25,2252.0,2319.5,2240.0,2268.9,2262.05,2283.87,1075394,24560.55,56550, 179418, 16.68,-0.05
ACC, EQ, 25-Apr-2023,1734.65,1735.0,1751.0,1726.75,1740.0,1736.15,1739.29,258998,4504.74,15465, 106656, 41.18,0.09
ACC, EQ, 25-Apr-2024,2556.4,2567.9,2609.55,2515.5, 2573.00,2579.6,2574.8,2388925,61510.11,135195, 647827, 27.12,0.91
ACC, EQ, 25-Apr-2025,2066.2,2075.9,2075.9,1931.0,1935.0,1938.0,1958.7,1248608,24456.5,73889, 395485, 31.67,-6.2
ACC, EQ, 25-May-2021,1984.45,1995.0,1995.4,1953.4, 1961.70,1961.2,1970.03,501731,9884.24,21862, 149126, 29.72,-1.17
ACC, EQ, 25-May-2022,2210.95,2217.0,2224.65,2182.5, 2190.00,2186.1,2200.03,236264,5197.88,17435, 90641, 38.36,-1.12
ACC, EQ, 25-May-2023,1780.4,1780.4,1789.0,1755.1, 1783.00,1778.15,1770.08,543016,9611.84,26807, 113860, 20.97,-0.13
ACC, EQ, 25-Jun-2020,1265.65,1263.0,1281.8,1245.0, 1248.00,1251.1,1263.99,733630,9273.03,33477, 191036, 26.04,-1.15
ACC, EQ, 25-Jun-2021,2027.45,2028.9,2048.0,2028.0, 2044.90,2041.15,2036.34,329128,6702.16,12776, 113575, 34.51,0.68
ACC, EQ, 25-Jun-2024,2588.25,2608.0,2608.0,2549.2,2574.35,2569.7,2574.83,680725,17527.54,18686, 498791, 73.27,-0.72
ACC, EQ, 25-Jul-2022,2191.95,2198.9,2213.0,2176.9, 2203.95,2204.45,2196.19,379605,8336.83,19802, 135519, 35.70,0.57
ACC, EQ, 25-Jul-2023,1804.6,1810.0,1895.0,1810.0, 1889.00,1891.75,1870.55,2498279,46731.51,89498, 825859, 33.06,4.83
ACC, EQ, 25-Jul-2024,2619.35,2619.0,2619.0,2571.05,2580.0,2578.9,2587.62,432019,11178.99,25923, 250332, 57.94,-1.54
ACC, EQ, 25-Aug-2020,1421.45,1427.9,1429.0,1399.0, 1403.50,1401.9,1408.85,660576,9306.54,21329, 159955, 24.21,-1.38
ACC, EQ, 25-Aug-2021,2280.95,2285.15,2305.0,2255.2, 2274.30,2267.35,2271.62,339700,7716.7,19443, 135130, 39.78,-0.6
ACC, EQ, 25-Aug-2022,2301.65,2306.5,2309.0,2281.15,2285.0,2284.2,2290.82,306034,7010.69,17839, 142903, 46.70,-0.76
ACC, EQ, 25-Aug-2023,1990.35,1980.0,1980.0,1945.0, 1960.05,1962.55,1960.25,563552,11047.02,48400, 315728, 56.02,-1.4
ACC, EQ, 25-Sep-2020,1303.65,1306.0,1339.75,1295.85, 1336.20,1333.35,1316.55,753140,9915.46,24517, 101588, 13.49,2.28
ACC, EQ, 25-Sep-2023,1978.5,1971.0,2006.0,1967.4, 2001.00,2000.1,1992.78,281333,5606.36,14367, 148808, 52.89,1.09
ACC, EQ, 25-Sep-2024,2467.65,2472.95,2492.05,2448.0,2455.0,2455.9,2468.48,205681,5077.19,20704, 67608, 32.87,-0.48
ACC, EQ, 25-Oct-2021,2212.05,2210.0,2215.95,2142.05, 2213.00,2208.45,2182.49,683253,14911.94,47059, 205477, 30.07,-0.16
ACC, EQ, 25-Oct-2022,2257.1,2260.05,2278.9,2242.8,2247.95,2247.5,2263.73,383657,8684.95,18641, 155896, 40.63,-0.43
ACC, EQ, 25-Oct-2023,1897.35,1900.0,1919.15,1867.35,1886.3,1891.1,1893.2,660572,12505.96,31623, 350771, 53.10,-0.33
ACC, EQ, 25-Oct-2024,2270.2,2250.0,2263.45,2187.55,2250.0,2237.8,2225.87,339791,7563.31,30013, 97639, 28.74,-1.43
ACC, EQ, 25-Nov-2020,1696.6,1710.0,1716.0,1660.0, 1664.95,1664.75,1692.03,1045474,17689.74,40249, 218199, 20.87,-1.88
ACC, EQ, 25-Nov-2021,2404.75,2404.9,2413.55,2380.0,2380.0,2385.45,2393.48,201394,4820.33,12367, 79847, 39.65,-0.8
ACC, EQ, 25-Nov-2022,2461.35,2468.8,2515.0,2455.65,2514.0,2507.25,2489.44,450737,11220.82,23057, 120870, 26.82,1.86
ACC, EQ, 25-Nov-2024,2089.6,2130.05,2159.9,2109.2,2145.0,2145.0,2140.16,409933,8773.24,38186, 149771, 36.54,2.65
ACC, EQ, 26-Feb-2020,1401.1,1399.0,1418.7,1387.35, 1404.00,1399.5,1405.03,886570,12456.61,23267, 185921, 20.97,-0.11
ACC, EQ, 26-Feb-2021,1801.25,1780.0,1847.0,1712.0,1722.0,1733.2,1796.71,2973895,53432.25,101395, 511328, 17.19,-3.78
ACC, EQ, 26-Feb-2024,2679.55,2679.1,2720.0,2668.05, 2673.30,2674.65,2692.55,416193,11206.2,32535, 207664, 49.90,-0.18
ACC, EQ, 26-Mar-2020,918.2,921.8,980.0,896.0, 980.00,966.05,937.06,2279406,21359.38,85179, 970361, 42.57,5.21
ACC, EQ, 26-Mar-2021,1850.0,1865.0,1888.0,1848.0,1861.0,1861.95,1866.28,572651,10687.26,18996, 114753, 20.04,0.65
ACC, EQ, 26-Mar-2024,2443.25,2430.0,2477.2,2429.6,2454.8,2450.0,2453.43,186745,4581.65,19014, 78268, 41.91,0.28
ACC, EQ, 26-Mar-2025,1930.85,1932.0,1954.0,1921.05,1936.65,1933.7,1942.22,175969,3417.7,15102, 58876, 33.46,0.15
ACC, EQ, 26-Apr-2021,1812.9,1818.0,1851.95,1817.25, 1841.05,1844.75,1838.97,833521,15328.18,34089, 149490, 17.93,1.76
ACC, EQ, 26-Apr-2022,2262.05,2291.5,2337.95,2268.0, 2310.00,2311.35,2298.02,733155,16848.04,40713, 204039, 27.83,2.18
ACC, EQ, 26-Apr-2023,1736.15,1739.0,1748.95,1730.05, 1737.50,1738.7,1741.02,260778,4540.21,15739, 99378, 38.11,0.15
ACC, EQ, 26-Apr-2024,2579.6,2607.05,2610.0,2516.0, 2532.75,2533.05,2542.7,1110755,28243.16,61524, 435238, 39.18,-1.8
ACC, EQ, 26-May-2020,1227.1,1236.0,1282.8,1236.0, 1276.00,1277.45,1262.21,2562407,32342.96,81658, 443855, 17.32,4.1
ACC, EQ, 26-May-2021,1961.2,1962.45,1981.9,1957.2, 1980.90,1977.45,1972.39,444885,8774.87,16255, 177230, 39.84,0.83
ACC, EQ, 26-May-2022,2186.1,2194.9,2214.0,2165.0,2203.25,2208.0,2191.93,309697,6788.34,16343, 104752, 33.82,1.0
ACC, EQ, 26-May-2023,1778.15,1790.0,1810.0,1773.55,1787.95,1785.0,1783.15,373972,6668.47,20419, 115438, 30.87,0.39
ACC, EQ, 26-Jun-2020,1251.1,1256.0,1295.0,1252.45, 1289.00,1288.6,1274.35,999776,12740.62,33638, 239203, 23.93,3.0
ACC, EQ, 26-Jun-2023,1766.9,1772.0,1796.8,1754.0, 1795.05,1792.3,1780.9,361121,6431.2,21605, 159510, 44.17,1.44
ACC, EQ, 26-Jun-2024,2569.7,2575.0,2654.0,2562.05,2583.75,2590.9,2621.4,1036940,27182.32,57958, 378162, 36.47,0.82
ACC, EQ, 26-Jul-2021,2337.55,2337.3,2374.8,2308.1,2370.05,2369.2,2352.62,695393,16359.96,44997, 217092, 31.22,1.35
ACC, EQ, 26-Jul-2022,2204.45,2200.0,2209.95,2171.55,2180.25,2179.7,2180.95,232655,5074.1,10323, 99836, 42.91,-1.12
ACC, EQ, 26-Jul-2023,1891.75,1899.95,1926.5,1873.85, 1925.00,1922.5,1908.35,1090375,20808.15,44663, 433767, 39.78,1.63
ACC, EQ, 26-Jul-2024,2578.9,2599.0,2640.35,2583.75, 2624.00,2614.15,2618.71,410895,10760.17,23506, 240489, 58.53,1.37
ACC, EQ, 26-Aug-2020,1401.9,1403.0,1410.35,1387.05, 1400.80,1397.85,1396.6,498770,6965.83,19573, 72413, 14.52,-0.29
ACC, EQ, 26-Aug-2021,2267.35,2270.8,2286.5,2258.25, 2286.50,2275.55,2271.49,373379,8481.28,15242, 153847, 41.20,0.36
ACC, EQ, 26-Aug-2022,2284.2,2289.0,2306.15,2277.55,2286.0,2285.5,2289.45,582197,13329.12,29566, 306194, 52.59,0.06
ACC, EQ, 26-Aug-2024,2323.75,2344.0,2350.0,2320.0,2344.0,2343.3,2335.45,195372,4562.82,16468, 73465, 37.60,0.84
ACC, EQ, 26-Sep-2022,2488.9,2460.0,2476.0,2350.0,2358.6,2378.25,2398.26,1687672,40474.73,81191, 501755, 29.73,-4.45
ACC, EQ, 26-Sep-2023,2000.1,2000.8,2026.7,1995.0, 2016.00,2015.05,2015.95,369560,7450.13,16973, 177238, 47.96,0.75
ACC, EQ, 26-Sep-2024,2455.9,2460.0,2477.95,2427.5,2474.9,2472.4,2449.83,397193,9730.57,29885, 236126, 59.45,0.67
ACC, EQ, 26-Oct-2020,1604.55,1604.9,1614.8,1573.5,1576.25,1578.8,1595.63,1151016,18365.97,61469, 219120, 19.04,-1.6
ACC, EQ, 26-Oct-2021,2208.45,2215.0,2244.95,2210.0, 2236.90,2236.3,2230.32,484377,10803.17,28446, 157165, 32.45,1.26
ACC, EQ, 26-Oct-2023,1891.1,1884.8,1913.0,1871.0, 1913.00,1899.85,1891.08,690300,13054.13,44613, 117965, 17.09,0.46
ACC, EQ, 26-Nov-2020,1664.75,1668.35,1700.0,1654.0, 1697.30,1692.5,1672.69,1115726,18662.67,45119, 236914, 21.23,1.67
ACC, EQ, 26-Nov-2021,2385.45,2358.8,2388.0,2300.1, 2305.00,2311.5,2338.44,208380,4872.84,16664, 50751, 24.36,-3.1
ACC, EQ, 26-Nov-2024,2145.0,2146.3,2152.75,2112.0,2116.0,2116.2,2124.58,215338,4575.02,23047, 58418, 27.13,-1.34
ACC, EQ, 26-Dec-2022,2374.1,2372.0,2448.5,2360.0,2429.15,2423.65,2425.69,480611,11658.14,33035, 89869, 18.70,2.09
ACC, EQ, 26-Dec-2023,2090.75,2099.9,2129.45,2092.55, 2119.85,2113.55,2111.48,255820,5401.59,15498, 142507, 55.71,1.09
ACC, EQ, 26-Dec-2024,2079.9,2088.8,2099.95,2071.95,2089.0,2087.65,2085.27,161169,3360.8,13443, 65038, 40.35,0.37
ACC, EQ, 27-Jan-2020,1565.9,1555.0,1579.6,1544.15, 1549.95,1548.85,1563.47,535508,8372.52,19264, 108830, 20.32,-1.09
ACC, EQ, 27-Jan-2021,1663.15,1657.7,1675.95,1624.2, 1628.20,1637.85,1654.36,891651,14751.09,34876, 181316, 20.33,-1.52
ACC, EQ, 27-Jan-2022,2179.95,2156.0,2179.0,2127.65, 2171.05,2167.7,2157.94,298193,6434.81,18014, 155101, 52.01,-0.56
ACC, EQ, 27-Jan-2023,2165.7,2176.55,2177.0,1732.6, 1899.90,1879.75,1903.19,4094621,77928.41,229933, 1214663, 29.66,-13.2
ACC, EQ, 27-Jan-2025,2058.95,2052.95,2079.85,1982.1,1996.0,1995.4,2037.79,1122605,22876.28,119999, 183266, 16.33,-3.09
ACC, EQ, 27-Feb-2020,1399.5,1399.5,1407.95,1373.0, 1392.10,1383.35,1385.36,751373,10409.26,19626, 235339, 31.32,-1.15
ACC, EQ, 27-Feb-2023,1730.0,1718.0,1727.0,1659.0, 1699.00,1694.8,1689.07,871143,14714.17,48726, 259830, 29.83,-2.03
ACC, EQ, 27-Feb-2024,2674.65,2666.65,2688.0,2660.5, 2666.15,2669.4,2675.18,189689,5074.53,21803, 44935, 23.69,-0.2
ACC, EQ, 27-Feb-2025,1834.05,1836.0,1840.0,1807.0,1825.1,1825.3,1821.18,216303,3939.27,20260, 61771, 28.56,-0.48
ACC, EQ, 27-Mar-2020,966.05,1000.0,1010.0,940.0, 954.90,959.15,968.98,1191624,11546.6,79166, 391392, 32.85,-0.71
ACC, EQ, 27-Mar-2023,1700.85,1701.0,1709.35,1680.5, 1691.25,1684.95,1691.45,340663,5762.15,17131, 106362, 31.22,-0.93
ACC, EQ, 27-Mar-2024,2450.0,2463.95,2500.0,2448.55, 2458.60,2454.1,2477.67,357536,8858.55,44427, 183896, 51.43,0.17
ACC, EQ, 27-Mar-2025,1933.7,1947.0,1968.55,1923.1,1966.1,1964.1,1948.9,324752,6329.11,22681, 137688, 42.40,1.57
ACC, EQ, 27-Apr-2020,1156.6,1170.1,1181.0,1134.5, 1140.00,1137.9,1152.25,1469480,16932.1,48996, 431174, 29.34,-1.62
ACC, EQ, 27-Apr-2021,1844.75,1845.35,1867.45,1836.3,1857.0,1859.75,1855.57,908739,16862.29,37022, 191043, 21.02,0.81
ACC, EQ, 27-Apr-2022,2311.35,2306.2,2361.75,2263.05,2343.95,2349.9,2329.12,1043493,24304.17,45896, 415577, 39.83,1.67
ACC, EQ, 27-Apr-2023,1738.7,1744.9,1758.0,1732.1, 1743.95,1750.85,1741.72,273621,4765.7,15896, 95691, 34.97,0.7
ACC, EQ, 27-May-2020,1277.45,1287.0,1288.0,1242.2,1259.6,1259.55,1256.2,1483250,18632.61,55832, 354918, 23.93,-1.4
ACC, EQ, 27-May-2021,1977.45,1979.3,2040.0,1966.65, 1990.00,2000.15,2005.79,1967922,39472.47,44605, 981112, 49.86,1.15
ACC, EQ, 27-May-2022,2208.0,2218.95,2218.95,2190.45, 2196.90,2198.05,2202.18,215682,4749.71,9554, 90607, 42.01,-0.45
ACC, EQ, 27-May-2024,2609.25,2615.0,2624.8,2572.95,2576.0,2585.1,2590.03,374739,9705.85,27295, 210974, 56.30,-0.93
ACC, EQ, 27-Jun-2022,2098.2,2114.95,2128.2,2103.0,2110.7,2115.85,2116.19,235386,4981.21,16596, 81948, 34.81,0.84
ACC, EQ, 27-Jun-2023,1792.3,1799.7,1802.0,1775.5, 1789.50,1788.6,1786.1,698909,12483.22,41618, 456275, 65.28,-0.21
ACC, EQ, 27-Jun-2024,2590.9,2571.05,2671.85,2571.0,2647.75,2637.0,2631.66,963244,25349.32,61799, 301242, 31.27,1.78
ACC, EQ, 27-Jul-2020,1343.8,1353.0,1372.95,1338.0,1359.0,1363.4,1357.87,1271972,17271.68,36854, 377622, 29.69,1.46
ACC, EQ, 27-Jul-2021,2369.2,2371.0,2395.0,2356.8, 2366.25,2371.7,2377.94,1017264,24189.89,46501, 326849, 32.13,0.11
ACC, EQ, 27-Jul-2022,2179.7,2180.0,2197.65,2162.0,2191.6,2190.25,2179.91,348755,7602.56,13420, 135751, 38.92,0.48
ACC, EQ, 27-Jul-2023,1922.5,1927.0,1955.0,1900.0, 1945.90,1940.5,1928.65,1426409,27510.45,57571, 412113, 28.89,0.94
ACC, EQ, 27-Aug-2020,1397.85,1398.1,1415.7,1393.75,1402.5,1400.05,1403.47,538452,7557.0,21977, 60948, 11.32,0.16
ACC, EQ, 27-Aug-2021,2275.55,2279.95,2354.65,2266.3, 2341.35,2348.1,2330.02,591864,13790.53,24702, 116512, 19.69,3.19
ACC, EQ, 27-Aug-2024,2343.3,2345.0,2357.5,2335.25,2346.0,2348.25,2346.62,137747,3232.4,12292, 51431, 37.34,0.21
ACC, EQ, 27-Sep-2021,2298.75,2305.55,2346.75,2286.5, 2329.50,2331.85,2314.3,363257,8406.85,27504, 143817, 39.59,1.44
ACC, EQ, 27-Sep-2022,2378.25,2390.0,2404.7,2313.1,2373.0,2373.45,2364.91,1483769,35089.84,77440, 302247, 20.37,-0.2
ACC, EQ, 27-Sep-2023,2015.05,2016.2,2025.25,2006.8, 2015.00,2019.75,2019.03,218437,4410.31,13547, 103496, 47.38,0.23
ACC, EQ, 27-Sep-2024,2472.4,2440.0,2514.85,2440.0,2474.1,2483.3,2494.69,228890,5710.09,22426, 88449, 38.64,0.44
ACC, EQ, 27-Oct-2020,1578.8,1579.8,1700.0,1579.8, 1679.95,1683.85,1655.22,3953879,65445.46,194319, 1263316, 31.95,6.65
ACC, EQ, 27-Oct-2021,2236.3,2238.4,2275.0,2233.5, 2252.00,2249.4,2253.9,471518,10627.52,27515, 190186, 40.33,0.59
ACC, EQ, 27-Oct-2022,2247.5,2275.0,2318.0,2250.4,2311.0,2313.0,2290.14,561435,12857.65,29211, 166064, 29.58,2.91
ACC, EQ, 27-Oct-2023,1899.85,1930.0,1936.0,1871.15,1882.9,1878.0,1897.85,449396,8528.88,27780, 107190, 23.85,-1.15
ACC, EQ, 27-Nov-2020,1692.5,1704.7,1720.0,1672.6,1685.75,1705.05,1702.86,7926397,134975.32,126731, 6122030, 77.24,0.74
ACC, EQ, 27-Nov-2024,2116.2,2118.0,2233.5,2094.95,2202.0,2206.7,2189.47,873384,19122.51,60505, 134591, 15.41,4.28
ACC, EQ, 27-Dec-2021,2126.05,2124.0,2139.9,2101.0, 2139.05,2136.7,2125.66,112982,2401.61,8223, 23314, 20.64,0.5
ACC, EQ, 27-Dec-2022,2423.65,2430.95,2487.95,2428.1,2486.0,2478.0,2458.72,260633,6408.24,17590, 62916, 24.14,2.24
ACC, EQ, 27-Dec-2023,2113.55,2134.0,2174.9,2134.0, 2170.00,2168.55,2158.27,875390,18893.3,50121, 318314, 36.36,2.6
ACC, EQ, 27-Dec-2024,2087.65,2088.1,2101.8,2058.0,2066.0,2065.6,2075.69,163017,3383.72,14369, 78497, 48.15,-1.06
ACC, EQ, 28-Jan-2020,1548.85,1554.9,1576.55,1534.0, 1559.95,1561.35,1563.45,696588,10890.78,29661, 198253, 28.46,0.81
ACC, EQ, 28-Jan-2021,1637.85,1617.85,1638.9,1608.1, 1630.40,1633.1,1623.45,584432,9487.94,18914, 134066, 22.94,-0.29
ACC, EQ, 28-Jan-2022,2167.7,2179.9,2238.55,2173.85, 2214.75,2215.95,2220.23,272371,6047.28,21912, 85794, 31.50,2.23
ACC, EQ, 28-Jan-2025,1995.4,2026.0,2044.45,1963.85,1999.8,2001.2,2004.91,363743,7292.71,37109, 92703, 25.49,0.29
ACC, EQ, 28-Feb-2020,1383.35,1363.35,1364.75,1312.05, 1321.05,1320.85,1341.95,594201,7973.87,21889, 145242, 24.44,-4.52
ACC, EQ, 28-Feb-2022,2059.55,2044.0,2095.0,2020.35, 2095.00,2089.15,2064.71,349612,7218.49,23603, 150857, 43.15,1.44
ACC, EQ, 28-Feb-2023,1694.8,1694.8,1773.45,1671.75, 1730.00,1731.7,1730.81,2034912,35220.39,74611, 894514, 43.96,2.18
ACC, EQ, 28-Feb-2024,2669.4,2669.4,2683.35,2567.0,2569.0,2573.25,2607.59,374995,9778.35,32769, 137107, 36.56,-3.6
ACC, EQ, 28-Feb-2025,1825.3,1820.0,1825.1,1796.0,1819.5,1818.55,1808.91,260128,4705.47,18931, 137362, 52.81,-0.37
ACC, EQ, 28-Mar-2022,2064.2,2081.35,2081.35,2039.05, 2061.95,2059.65,2055.51,231188,4752.08,20954, 46104, 19.94,-0.22
ACC, EQ, 28-Mar-2023,1684.95,1693.0,1696.0,1592.55, 1610.00,1613.95,1626.97,1032882,16804.72,58109, 224081, 21.69,-4.21
ACC, EQ, 28-Mar-2024,2454.1,2478.0,2505.0,2453.2,2482.0,2491.7,2488.98,326365,8123.15,33720, 144756, 44.35,1.53
ACC, EQ, 28-Mar-2025,1964.1,1970.95,1987.3,1923.0,1945.0,1942.65,1947.14,555880,10823.74,24871, 362178, 65.15,-1.09
ACC, EQ, 28-Apr-2020,1137.9,1158.0,1158.0,1122.0, 1132.00,1126.5,1137.12,1094422,12444.9,35480, 324185, 29.62,-1.0
ACC, EQ, 28-Apr-2021,1859.75,1871.0,1884.95,1850.0, 1870.45,1872.15,1870.71,879407,16451.19,33036, 266882, 30.35,0.67
ACC, EQ, 28-Apr-2022,2349.9,2383.0,2387.15,2314.05, 2371.35,2376.75,2358.11,995576,23476.82,92316, 445338, 44.73,1.14
ACC, EQ, 28-Apr-2023,1750.85,1724.85,1773.9,1700.0, 1762.85,1762.85,1748.2,866675,15151.22,37368, 192150, 22.17,0.69
ACC, EQ, 28-May-2020,1259.55,1263.4,1278.55,1256.0,1271.05,1272.2,1268.23,1132216,14359.06,38594, 173706, 15.34,1.0
ACC, EQ, 28-May-2021,2000.15,1994.9,2009.6,1975.0,1979.95,1985.45,1990.29,415702,8273.69,19539, 92158, 22.17,-0.73
ACC, EQ, 28-May-2024,2585.1,2582.95,2593.6,2552.0,2572.0,2570.55,2575.89,302161,7783.33,23688, 152709, 50.54,-0.56
ACC, EQ, 28-Jun-2021,2041.15,2046.0,2059.95,2023.1, 2050.00,2050.95,2047.63,380090,7782.86,19919, 145873, 38.38,0.48
ACC, EQ, 28-Jun-2022,2115.85,2111.15,2134.2,2102.8, 2130.65,2128.0,2122.78,137952,2928.42,9601, 49649, 35.99,0.57
ACC, EQ, 28-Jun-2024,2637.0,2641.25,2650.0,2612.65,2615.05,2619.05,2626.26,328851,8636.47,27117, 178473, 54.27,-0.68
ACC, EQ, 28-Jul-2020,1363.4,1367.95,1405.0,1362.05,1397.0,1400.6,1390.81,1198590,16670.1,43446, 181664, 15.16,2.73
ACC, EQ, 28-Jul-2021,2371.7,2369.0,2397.2,2330.25,2392.0,2393.9,2367.06,437170,10348.06,23778, 61021, 13.96,0.94
ACC, EQ, 28-Jul-2022,2190.25,2204.9,2204.9,2176.5, 2180.05,2180.75,2185.44,249369,5449.81,8731, 121610, 48.77,-0.43
ACC, EQ, 28-Jul-2023,1940.5,1950.0,1974.35,1913.6, 1945.00,1948.9,1946.22,2036905,39642.71,65935, 432426, 21.23,0.43
ACC, EQ, 28-Aug-2020,1400.05,1405.2,1420.0,1391.1, 1392.65,1396.4,1404.13,467029,6557.67,15280, 66219, 14.18,-0.26
ACC, EQ, 28-Aug-2023,1962.55,1970.0,1998.8,1956.7, 1981.30,1985.25,1982.22,451894,8957.53,17946, 260100, 57.56,1.16
ACC, EQ, 28-Aug-2024,2348.25,2358.0,2358.0,2326.0,2333.0,2330.35,2339.14,142265,3327.78,12446, 59863, 42.08,-0.76
ACC, EQ, 28-Sep-2020,1333.35,1348.0,1380.75,1341.0,1375.5,1375.4,1362.3,743574,10129.74,34736,76633,10.31,3.15
ACC, EQ, 28-Sep-2021,2331.85,2334.0,2357.9,2286.05, 2298.00,2300.25,2325.46,304307,7076.54,17894, 98388, 32.33,-1.36
ACC, EQ, 28-Sep-2022,2373.45,2354.0,2409.0,2325.6,2349.0,2350.3,2367.88,1257484,29775.66,62467, 434539, 34.56,-0.98
ACC, EQ, 28-Sep-2023,2019.75,2019.75,2031.5,1982.75, 2006.00,1996.35,1999.38,1420559,28402.31,39945, 1034246, 72.81,-1.16
ACC, EQ, 28-Oct-2020,1683.85,1667.55,1680.0,1622.1, 1627.00,1638.9,1658.06,1583118,26249.0,67960, 550273, 34.76,-2.67
ACC, EQ, 28-Oct-2021,2249.4,2252.0,2324.9,2245.0, 2285.00,2287.85,2298.52,889979,20456.32,55760, 275147, 30.92,1.71
ACC, EQ, 28-Oct-2022,2313.0,2315.0,2330.0,2284.0,2319.9,2324.45,2314.51,650727,15061.17,27209, 261718, 40.22,0.5
ACC, EQ, 28-Oct-2024,2237.8,2220.0,2309.9,2201.25,2291.0,2288.7,2266.24,361658,8196.03,32800, 112767, 31.18,2.27
ACC, EQ, 28-Nov-2022,2507.25,2515.0,2543.0,2500.2, 2525.35,2527.1,2525.91,876480,22139.13,39106, 241062, 27.50,0.79
ACC, EQ, 28-Nov-2023,1820.5,1830.0,1891.5,1825.0, 1870.00,1869.0,1872.25,934618,17498.4,58546, 217593, 23.28,2.66
ACC, EQ, 28-Nov-2024,2206.7,2207.9,2227.0,2184.05,2186.75,2188.55,2202.75,413222,9102.23,32050, 108880, 26.35,-0.82
ACC, EQ, 28-Dec-2020,1614.65,1614.0,1625.75,1600.0,1624.5,1622.45,1613.17,1084367,17492.73,33770, 193833, 17.88,0.48
ACC, EQ, 28-Dec-2021,2136.7,2142.0,2162.1,2139.2,2150.0,2151.25,2151.73,704309,15154.82,20881, 477911, 67.86,0.68
ACC, EQ, 28-Dec-2022,2478.0,2475.0,2477.0,2447.55, 2456.00,2455.35,2460.36,201331,4953.48,10875, 27796, 13.81,-0.91
ACC, EQ, 28-Dec-2023,2168.55,2179.9,2181.75,2158.1, 2176.00,2170.7,2169.2,339907,7373.25,21758, 188816, 55.55,0.1
ACC, EQ, 29-Jan-2020,1561.35,1564.25,1574.0,1545.2, 1546.50,1551.7,1563.04,405658,6340.58,14489, 44306, 10.92,-0.62
ACC, EQ, 29-Jan-2021,1633.1,1645.0,1655.0,1593.4, 1605.00,1603.85,1632.07,859756,14031.78,25525, 256398, 29.82,-1.79
ACC, EQ, 29-Jan-2024,2467.65,2520.05,2565.0,2455.0, 2496.80,2492.9,2507.06,1663558,41706.35,111371, 399249, 24.00,1.02
ACC, EQ, 29-Jan-2025,2001.2,2000.05,2036.95,1994.0,2003.0,2001.9,2010.7,687960,13832.8,40251, 324429, 47.16,0.03
ACC, EQ, 29-Feb-2024,2573.25,2570.0,2662.0,2556.2, 2662.00,2629.3,2617.54,442487,11582.26,29219, 191695, 43.32,2.18
ACC, EQ, 29-Mar-2022,2059.65,2073.0,2135.3,2070.25, 2129.00,2128.55,2115.87,725118,15342.59,41912, 211722, 29.20,3.35
ACC, EQ, 29-Mar-2023,1613.95,1592.35,1649.0,1592.35, 1627.80,1625.9,1629.12,1012619,16496.81,47627, 348005, 34.37,0.74
ACC, EQ, 29-Apr-2020,1126.5,1128.0,1140.0,1107.0,1126.9,1122.2,1122.47,1998171,22428.92,70688, 950554, 47.57,-0.38
ACC, EQ, 29-Apr-2021,1872.15,1881.0,1886.8,1855.0, 1879.00,1877.05,1869.66,597466,11170.61,19591, 174203, 29.16,0.26
ACC, EQ, 29-Apr-2022,2376.75,2376.75,2397.0,2321.45,2334.85,2328.9,2359.35,784968,18520.12,33472, 340264, 43.35,-2.01
ACC, EQ, 29-Apr-2024,2533.05,2535.0,2561.5,2516.05, 2533.00,2525.4,2540.61,725621,18435.17,52624, 326201, 44.95,-0.3
ACC, EQ, 29-May-2020,1272.2,1268.0,1297.95,1261.05, 1268.00,1270.2,1279.75,1162844,14881.47,37406, 218060, 18.75,-0.16
ACC, EQ, 29-May-2023,1785.0,1795.0,1808.0,1779.25, 1794.00,1794.4,1796.39,389902,7004.15,19502, 152076, 39.00,0.53
ACC, EQ, 29-May-2024,2570.55,2564.95,2570.0,2523.85,2531.8,2536.5,2541.45,463000,11766.92,22279, 249520, 53.89,-1.32
ACC, EQ, 29-Jun-2020,1288.6,1279.95,1293.85,1265.5, 1285.00,1289.2,1281.21,825890,10581.36,30370, 207316, 25.10,0.05
ACC, EQ, 29-Jun-2021,2050.95,2054.3,2064.9,2040.0, 2052.20,2053.05,2051.5,279895,5742.05,18467, 72434, 25.88,0.1
ACC, EQ, 29-Jun-2022,2128.0,2118.0,2160.0,2118.0, 2146.40,2155.25,2144.73,548808,11770.46,35884, 297103, 54.14,1.28
ACC, EQ, 28-Jun-2023,1788.6,1788.0,1826.9,1788.0, 1815.10,1812.35,1813.31,552136,10011.92,32976, 194808, 35.28,1.33
ACC, EQ, 29-Jul-2020,1400.6,1403.3,1427.7,1392.0, 1411.50,1410.95,1408.67,1634300,23021.94,42284, 416666, 25.50,0.74
ACC, EQ, 29-Jul-2021,2393.9,2400.0,2413.0,2349.8,2374.0,2364.0,2373.29,677603,16081.49,32469, 197624, 29.17,-1.25
ACC, EQ, 29-Jul-2022,2180.75,2195.0,2238.9,2188.0,2224.8,2227.4,2221.76,418157,9290.44,17698, 162919, 38.96,2.14
ACC, EQ, 29-Jul-2024,2614.15,2640.0,2691.9,2589.3,2614.25,2604.3,2638.75,833787,22001.52,64363, 288291, 34.58,-0.38
ACC, EQ, 29-Aug-2022,2285.5,2274.0,2298.0,2271.1, 2288.30,2288.6,2286.13,360252,8235.84,17448, 171930, 47.72,0.14
ACC, EQ, 29-Aug-2023,1985.25,1985.25,1997.35,1976.05, 1980.00,1981.8,1985.43,352542,6999.48,15167, 147972, 41.97,-0.17
ACC, EQ, 29-Aug-2024,2330.35,2334.8,2334.8,2286.7,2310.0,2310.2,2303.03,552439,12722.81,36809, 300173, 54.34,-0.86
ACC, EQ, 29-Sep-2020,1375.4,1380.4,1398.6,1358.3,1378.4,1379.15,1378.09,1172447,16157.36,27850, 474518, 40.47,0.27
ACC, EQ, 29-Sep-2021,2300.25,2290.0,2293.35,2245.1, 2265.00,2271.1,2265.92,518866,11757.11,31621, 214877, 41.41,-1.27
ACC, EQ, 29-Sep-2022,2350.3,2370.0,2385.0,2321.3,2381.0,2374.05,2350.82,1159023,27246.59,43968, 405572, 34.99,1.01
ACC, EQ, 29-Sep-2023,1996.35,2010.0,2024.0,2002.15, 2010.00,2012.25,2013.26,168496,3392.27,12114, 68923, 40.90,0.8
ACC, EQ, 29-Oct-2020,1638.9,1619.0,1658.1,1611.0,1650.3,1651.9,1644.54,1386462,22800.99,47694, 428167, 30.88,0.79
ACC, EQ, 29-Oct-2021,2287.85,2285.0,2354.8,2237.55, 2336.00,2333.4,2322.11,732835,17017.2,41927, 230212, 31.41,1.99
ACC, EQ, 29-Oct-2024,2288.7,2288.8,2332.7,2273.7,2328.0,2328.65,2306.8,203254,4688.67,23201, 60181, 29.61,1.75
ACC, EQ, 29-Nov-2021,2311.5,2280.0,2325.0,2240.0, 2285.00,2289.6,2289.54,458730,10502.83,30796, 120855, 26.35,-0.95
ACC, EQ, 29-Nov-2022,2527.1,2538.0,2562.0,2506.0,2514.0,2514.05,2536.22,474639,12037.87,25533, 107955, 22.74,-0.52
ACC, EQ, 29-Nov-2023,1869.0,1886.0,1887.15,1861.1, 1873.00,1871.8,1871.63,398562,7459.61,26480, 153494, 38.51,0.15
ACC, EQ, 29-Nov-2024,2188.55,2180.15,2238.4,2180.15,2223.55,2222.55,2214.95,843322,18679.13,31583, 534437, 63.37,1.55
ACC, EQ, 29-Dec-2020,1622.45,1632.1,1632.7,1605.6,1616.05,1616.75,1617.6,803645,12999.72,25753, 102654, 12.77,-0.35
ACC, EQ, 29-Dec-2021,2151.25,2154.0,2166.85,2137.05, 2164.35,2162.65,2153.18,203826,4388.73,13629, 88551, 43.44,0.53
ACC, EQ, 29-Dec-2022,2455.35,2455.0,2467.7,2411.15, 2446.70,2447.85,2439.14,352346,8594.23,25719, 132940, 37.73,-0.31
ACC, EQ, 29-Dec-2023,2170.7,2173.95,2215.6,2171.65, 2208.00,2211.25,2197.7,428894,9425.82,27601, 227431, 53.03,1.87
ACC, EQ, 30-Jan-2020,1551.7,1552.75,1556.4,1525.35, 1535.10,1531.5,1536.99,415388,6384.46,14339, 90881, 21.88,-1.3
ACC, EQ, 30-Jan-2023,1879.75,1920.0,2067.7,1800.0, 1908.00,1904.15,1920.82,3933685,75559.01,188440, 801466, 20.37,1.3
ACC, EQ, 30-Jan-2024,2492.9,2508.0,2577.8,2496.85, 2520.00,2513.15,2543.36,957680,24357.27,77713, 268007, 27.99,0.81
ACC, EQ, 30-Jan-2025,2001.9,2003.95,2012.0,1951.15,1990.55,1993.5,1975.02,484441,9567.8,37572, 210956, 43.55,-0.42
ACC, EQ, 30-Mar-2020,959.15,939.8,959.0,924.05, 940.65,934.45,943.83,896815,8464.4,37449, 374296, 41.74,-2.58
ACC, EQ, 30-Mar-2021,1861.95,1864.0,1905.0,1858.15,1876.55,1874.05,1883.7,621135,11700.33,26095, 109420, 17.62,0.65
ACC, EQ, 30-Mar-2022,2128.55,2140.0,2172.7,2136.0, 2140.10,2150.9,2153.2,702919,15135.22,34079, 328897, 46.79,1.05
ACC, EQ, 30-Apr-2020,1122.2,1139.25,1192.8,1137.0,1170.1,1179.1,1171.32,1910083,22373.25,70667, 514981, 26.96,5.07
ACC, EQ, 30-Apr-2021,1877.05,1869.0,1903.45,1855.05,1879.0,1882.75,1881.56,1081167,20342.82,39888, 382606, 35.39,0.3
ACC, EQ, 30-Apr-2024,2525.4,2551.0,2554.7,2525.0, 2530.00,2531.8,2538.29,431087,10942.23,29200, 216117, 50.13,0.25
ACC, EQ, 30-May-2022,2198.05,2208.0,2217.35,2196.15, 2208.00,2208.35,2206.83,625645,13806.94,26581, 366139, 58.52,0.47
ACC, EQ, 30-May-2023,1794.4,1794.4,1815.5,1785.5, 1799.00,1798.4,1803.08,345429,6228.35,20123, 131103, 37.95,0.22
ACC, EQ, 30-May-2024,2536.5,2528.75,2545.0,2485.05,2503.0,2496.95,2509.75,241520,6061.56,20488, 69940, 28.96,-1.56
ACC, EQ, 30-Jun-2020,1289.2,1293.0,1335.6,1288.25, 1335.00,1332.25,1322.57,2752805,36407.73,77204, 338880, 12.31,3.34
ACC, EQ, 30-Jun-2021,2053.05,2052.2,2052.45,2008.05, 2016.00,2014.8,2031.44,450373,9149.04,24909, 238888, 53.04,-1.86
ACC, EQ, 30-Jun-2022,2155.25,2151.95,2156.0,2118.0,2125.0,2121.95,2128.71,307330,6542.16,15359, 173622, 56.49,-1.55
ACC, EQ, 30-Jun-2023,1812.35,1819.95,1827.75,1800.6, 1815.00,1813.7,1812.34,614896,11144.02,24476, 358997, 58.38,0.07
ACC, EQ, 30-Jul-2020,1410.95,1416.6,1450.7,1411.5, 1444.00,1447.2,1438.12,1624791,23366.48,57141, 396057, 24.38,2.57
ACC, EQ, 30-Jul-2021,2364.0,2365.0,2415.0,2360.0, 2395.50,2394.1,2390.86,465284,11124.27,21995, 165508, 35.57,1.27
ACC, EQ, 30-Jul-2024,2604.3,2560.0,2614.75,2525.0,2595.0,2590.75,2589.32,933857,24180.55,61383, 330071, 35.34,-0.52
ACC, EQ, 30-Aug-2021,2348.1,2352.0,2390.0,2350.0, 2385.70,2386.5,2373.77,456720,10841.5,23908, 151590, 33.19,1.64
ACC, EQ, 30-Aug-2022,2288.6,2299.7,2304.75,2285.25, 2298.00,2299.7,2295.51,915785,21021.98,24521, 577544, 63.07,0.49
ACC, EQ, 30-Aug-2023,1981.8,1981.1,2010.9,1966.0, 2000.00,2000.55,1994.39,649837,12960.26,34645, 343340, 52.83,0.95
ACC, EQ, 30-Aug-2024,2310.2,2323.75,2339.0,2312.15,2331.0,2329.15,2328.88,173170,4032.91,14419, 78840, 45.53,0.82
ACC, EQ, 30-Sep-2020,1379.15,1385.1,1402.0,1372.9,1398.5,1393.45,1388.84,608847,8455.93,21603, 117856, 19.36,1.04
ACC, EQ, 30-Sep-2021,2271.1,2270.2,2276.9,2251.2, 2251.20,2254.5,2260.73,300368,6790.5,26890, 153235, 51.02,-0.73
ACC, EQ, 30-Sep-2022,2374.05,2370.0,2428.0,2360.4, 2419.80,2415.65,2399.57,896917,21522.14,44486, 234442, 26.14,1.75
ACC, EQ, 30-Sep-2024,2483.3,2483.0,2544.9,2472.05,2509.0,2513.45,2523.08,468555,11822.0,43549, 162739, 34.73,1.21
ACC, EQ, 30-Oct-2020,1651.9,1650.3,1698.9,1623.05, 1649.90,1649.0,1660.45,2458201,40817.19,86306, 325161, 13.23,-0.18
ACC, EQ, 30-Oct-2023,1878.0,1890.0,1897.0,1872.8, 1890.65,1887.0,1885.87,162949,3073.01,12760, 43126, 26.47,0.48
ACC, EQ, 30-Oct-2024,2328.65,2329.35,2378.4,2298.95,2323.95,2331.9,2349.86,295110,6934.68,23978, 90369, 30.62,0.14
ACC, EQ, 30-Nov-2021,2289.6,2283.15,2322.95,2269.85,2285.0,2286.4,2294.36,415128,9524.51,26969, 190168, 45.81,-0.14
ACC, EQ, 30-Nov-2022,2514.05,2516.95,2570.0,2507.55,2560.1,2563.25,2545.32,565921,14404.48,27338, 258081, 45.60,1.96
ACC, EQ, 30-Nov-2023,1871.8,1871.8,1891.0,1850.0, 1885.00,1875.55,1871.39,2698012,50490.43,65312, 1990040, 73.76,0.2
ACC, EQ, 30-Dec-2020,1616.75,1619.9,1652.55,1600.0,1651.0,1648.25,1626.4,1718433,27948.53,45974, 538113, 31.31,1.95
ACC, EQ, 30-Dec-2021,2162.65,2167.0,2171.95,2153.2, 2162.45,2163.25,2162.39,216056,4671.96,11287, 91170, 42.20,0.03
ACC, EQ, 30-Dec-2022,2447.85,2459.0,2474.0,2434.2,2444.35,2441.6,2454.15,145633,3574.05,9746, 22832, 15.68,-0.26
ACC, EQ, 30-Dec-2024,2065.6,2065.6,2106.95,2052.05,2059.9,2059.9,2078.6,276549,5748.35,25788, 48952, 17.70,-0.28
ACC, EQ, 31-Jan-2020,1531.5,1536.0,1552.0,1500.0, 1506.00,1504.6,1523.2,514199,7832.3,19865, 95924, 18.66,-1.76
ACC, EQ, 31-Jan-2022,2215.95,2230.4,2292.7,2227.0,2280.9,2285.75,2273.18,428789,9747.14,19066, 216716, 50.54,3.15
ACC, EQ, 31-Jan-2023,1904.15,1925.0,2014.35,1888.0,1972.0,1968.3,1964.49,1733066,34045.86,106128, 390235, 22.52,3.37
ACC, EQ, 31-Jan-2024,2513.15,2514.0,2584.0,2469.2, 2545.00,2544.3,2542.26,752943,19141.8,56545, 138415, 18.38,1.24
ACC, EQ, 31-Jan-2025,1993.5,1996.0,2016.95,1986.0,2008.25,2007.65,2003.9,254707,5104.07,19825, 77526, 30.44,0.71
ACC, EQ, 31-Mar-2020,934.45,959.0,985.85,938.35,965.7,968.5,965.49,1283996,12396.86,37153, 439470, 34.23,3.64
ACC, EQ, 31-Mar-2021,1874.05,1876.55,1920.6,1867.5, 1901.85,1903.25,1896.64,672297,12751.02,22797, 149159, 22.19,1.56
ACC, EQ, 31-Mar-2022,2150.9,2154.8,2170.3,2143.25, 2152.50,2151.35,2153.43,464111,9994.31,26991, 248382, 53.52,0.02
ACC, EQ, 31-Mar-2023,1625.9,1640.0,1672.0,1630.0, 1663.00,1667.2,1651.73,638264,10542.39,31113, 191142, 29.95,2.54
ACC, EQ, 31-May-2021,1985.45,1979.1,2001.4,1968.5, 1985.00,1986.05,1984.81,443113,8794.95,20522, 109187, 24.64,0.03
ACC, EQ, 31-May-2022,2208.35,2214.9,2230.0,2190.35, 2200.00,2198.4,2206.38,590767,13034.54,29334, 324270, 54.89,-0.45
ACC, EQ, 31-May-2023,1798.4,1798.4,1809.0,1761.9, 1774.90,1777.2,1781.51,1373412,24467.43,40969, 835437, 60.83,-1.18
ACC, EQ, 31-May-2024,2496.95,2515.0,2570.1,2498.05,2552.45,2546.4,2536.37,581377,14745.88,36199, 225251, 38.74,1.98
ACC, EQ, 31-Jul-2020,1447.2,1454.8,1454.9,1418.0,1428.8,1425.45,1430.56,940224,13450.49,32256, 258212, 27.46,-1.5
ACC, EQ, 31-Jul-2023,1948.9,1945.0,2031.0,1933.3, 2018.00,2017.9,2007.32,1323856,26574.05,54165, 427147, 32.27,3.54
ACC, EQ, 31-Jul-2024,2590.75,2590.75,2611.0,2570.0,2590.0,2590.65,2594.3,456361,11839.37,24198, 239016, 52.37,-0.0
ACC, EQ, 31-Aug-2020,1396.4,1393.0,1403.2,1313.05, 1317.50,1321.8,1359.52,1157597,15737.76,39276, 185009, 15.98,-5.34
ACC, EQ, 31-Aug-2021,2386.5,2393.8,2419.7,2365.5,2407.1,2413.2,2401.72,580467,13941.21,31627, 243420, 41.94,1.12
ACC, EQ, 31-Aug-2023,2000.55,1987.0,2030.15,1932.65, 2015.25,2005.75,1993.93,8298767,165471.77,123829, 5076810, 61.18,0.26
ACC, EQ, 31-Oct-2022,2324.45,2347.4,2397.9,2327.9,2390.0,2390.3,2375.51,584214,13878.09,29966, 184112, 31.51,2.83
ACC, EQ, 31-Oct-2023,1887.0,1895.0,1903.7,1882.05, 1886.40,1888.2,1890.16,117831,2227.2,8688, 34848, 29.57,0.06
ACC, EQ, 31-Oct-2024,2331.9,2332.0,2346.0,2291.25,2317.35,2320.4,2315.58,225475,5221.06,22742, 74634, 33.10,-0.49
ACC, EQ, 31-Dec-2020,1648.25,1648.0,1648.0,1610.65,1619.5,1617.65,1624.27,1350169,21930.32,50774, 284667, 21.08,-1.86
ACC, EQ, 31-Dec-2021,2163.25,2163.0,2238.5,2162.45,2223.8,2215.75,2215.37,467894,10365.56,22816, 151992, 32.48,2.43
ACC, EQ, 31-Dec-2024,2059.9,2051.1,2073.4,2030.4,2050.05,2052.5,2053.54,162386,3334.67,18651, 62781, 38.66,-0.36
