SYMBOL, SERIES, DATE1, PREV_CLOSE, OPEN_PRICE, HIGH_PRICE, LOW_PRICE, LAST_PRICE, CLOSE_PRICE, AVG_PRICE, TTL_TRD_QNTY, TURNOVER_LACS, NO_OF_TRADES, DELIV_QTY, DELIV_PER,PER_CHANGE
AKSHARCHEM, EQ, 01-Jan-2020,237.2,236.9,262.7,223.35, 251.05,252.45,249.64,169153,422.27,5772, 35414, 20.94,6.43
AKSHARCHEM, EQ, 01-Jan-2021,254.25,258.0,273.8,254.85, 265.00,264.05,267.1,139745,373.26,4984, 58427, 41.81,3.85
AKSHARCHEM, EQ, 01-Jan-2024,298.45,298.45,302.75,289.85, 293.60,292.9,295.11,52872,156.03,2844, 24943, 47.18,-1.86
AKSHARCHEM, EQ, 01-Jan-2025,302.75,304.3,309.45,302.55,308.55,306.35,305.67,4972,15.2,334, 2228, 44.81,1.19
AKSHARCHEM, EQ, 01-Feb-2021,260.85,269.5,269.5,258.0, 260.75,261.35,260.74,12887,33.6,822, 7342, 56.97,0.19
AKSHARCHEM, EQ, 01-Feb-2022,440.4,448.0,448.0,431.75,437.0,434.35,434.93,7655,33.29,536, 4873, 63.66,-1.37
AKSHARCHEM, EQ, 01-Feb-2023,247.15,250.0,251.3,238.0, 240.70,243.05,247.28,7318,18.1,654, 3520, 48.10,-1.66
AKSHARCHEM, EQ, 01-Feb-2024,280.85,285.2,285.2,275.05, 276.90,276.4,278.61,12280,34.21,987, 5649, 46.00,-1.58
AKSHARCHEM, EQ, 01-Mar-2021,238.95,241.0,244.5,235.8, 240.00,239.85,239.71,33667,80.7,1081, 24014, 71.33,0.38
AKSHARCHEM, EQ, 01-Mar-2023,226.4,225.3,230.05,223.55, 224.45,226.7,227.69,6661,15.17,711, 3662, 54.98,0.13
AKSHARCHEM, EQ, 01-Mar-2024,311.6,317.0,360.0,317.0, 342.00,342.1,346.12,248329,859.5,7769, 85332, 34.36,9.79
AKSHARCHEM, EQ, 01-Apr-2020,151.7,152.0,158.05,151.15,151.6,151.7,154.29,2920,4.51,170, 1894, 64.86,0.0
AKSHARCHEM, EQ, 01-Apr-2021,232.85,235.0,251.0,233.75, 251.00,248.65,246.02,31642,77.84,964, 20162, 63.72,6.79
AKSHARCHEM, EQ, 01-Apr-2022,348.9,351.55,371.0,346.35, 362.50,363.7,364.5,32714,119.24,2208, 13558, 41.44,4.24
AKSHARCHEM, EQ, 01-Apr-2025,214.41,214.41,216.99,211.11,214.78,213.4,214.75,4367,9.38,310, 2576, 58.99,-0.47
AKSHARCHEM, EQ, 01-Jun-2020,191.3,193.95,197.9,193.95, 194.00,194.7,195.31,13157,25.7,542, 6430, 48.87,1.78
AKSHARCHEM, EQ, 01-Jun-2021,296.8,302.95,302.95,288.1, 288.10,291.65,293.46,23484,68.92,1503, 12593, 53.62,-1.74
AKSHARCHEM, EQ, 01-Jun-2022,294.0,296.9,299.5,291.95,297.9,296.65,295.44,3348,9.89,303, 2192, 65.47,0.9
AKSHARCHEM, EQ, 01-Jun-2023,225.1,224.6,228.3,224.6, 226.20,226.55,226.49,3105,7.03,201, 1603, 51.63,0.64
AKSHARCHEM, EQ, 01-Jul-2020,218.15,219.95,233.2,211.25, 231.25,228.55,224.89,121521,273.29,3549, 64167, 52.80,4.77
AKSHARCHEM, EQ, 01-Jul-2021,342.5,344.5,351.0,342.0, 343.35,345.8,346.78,30274,104.98,1252, 17865, 59.01,0.96
AKSHARCHEM, EQ, 01-Jul-2022,273.9,271.2,273.65,262.8,265.1,265.95,267.92,3880,10.4,345, 2226, 57.37,-2.9
AKSHARCHEM, EQ, 01-Jul-2024,325.5,328.7,328.7,321.05,322.0,322.35,323.93,13993,45.33,929, 7919, 56.59,-0.97
AKSHARCHEM, EQ, 01-Aug-2022,290.85,290.85,295.15,287.4, 290.90,290.1,291.04,5110,14.87,399, 3258, 63.76,-0.26
AKSHARCHEM, EQ, 01-Aug-2023,245.3,251.8,251.8,243.65, 246.00,245.55,246.51,12364,30.48,740, 6724, 54.38,0.1
AKSHARCHEM, EQ, 01-Aug-2024,344.7,341.1,347.4,331.9,333.25,332.8,338.8,10345,35.05,732, 5984, 57.84,-3.45
AKSHARCHEM, EQ, 01-Sep-2020,236.55,234.5,236.0,223.1, 234.00,233.3,229.38,45930,105.35,2221, 17859, 38.88,-1.37
AKSHARCHEM, EQ, 01-Sep-2021,427.4,426.9,468.0,426.9,455.1,454.95,451.72,160755,726.16,11573, 44679, 27.79,6.45
AKSHARCHEM, EQ, 01-Sep-2022,282.4,281.4,317.0,281.4,316.5,308.2,301.99,37858,114.33,1829, 17836, 47.11,9.14
AKSHARCHEM, EQ, 01-Sep-2023,252.9,251.05,252.75,242.5, 250.00,246.3,246.79,17157,42.34,1641, 7465, 43.51,-2.61
AKSHARCHEM, EQ, 01-Oct-2020,225.95,228.05,228.05,221.3, 224.40,224.25,224.83,13040,29.32,980, 6961, 53.38,-0.75
AKSHARCHEM, EQ, 01-Oct-2021,411.2,408.2,440.0,404.3, 433.95,432.6,428.94,69540,298.28,4429, 38090, 54.77,5.2
AKSHARCHEM, EQ, 01-Oct-2024,319.0,321.55,329.95,318.0,318.3,319.4,323.79,6711,21.73,541, 4209, 62.72,0.13
AKSHARCHEM, EQ, 01-Nov-2021,505.45,492.05,549.0,481.05, 485.50,486.95,497.02,82021,407.66,4882, 31914, 38.91,-3.66
AKSHARCHEM, EQ, 01-Nov-2022,330.0,330.85,335.05,325.25,325.45,327.3,329.12,5344,17.59,406, 3719, 69.59,-0.82
AKSHARCHEM, EQ, 01-Nov-2023,256.6,252.5,259.1,250.0, 251.15,252.0,254.84,4593,11.7,393, 2336, 50.86,-1.79
AKSHARCHEM, EQ, 01-Dec-2020,211.8,213.15,225.0,210.95,220.5,219.3,216.99,90192,195.71,3152, 42863, 47.52,3.54
AKSHARCHEM, EQ, 01-Dec-2021,404.7,416.8,417.8,400.05,400.05,402.95,407.46,16155,65.83,1495, 8179, 50.63,-0.43
AKSHARCHEM, EQ, 01-Dec-2022,314.4,316.0,318.6,305.4,305.5,305.85,308.95,21616,66.78,3667, 15432, 71.39,-2.72
AKSHARCHEM, EQ, 01-Dec-2023,254.8,258.0,259.1,254.4, 255.00,256.6,255.81,5248,13.42,327, 3786, 72.14,0.71
AKSHARCHEM, EQ, 02-Jan-2020,252.45,253.9,267.0,241.95, 247.00,247.85,255.52,71348,182.31,1992, 24760, 34.70,-1.82
AKSHARCHEM, EQ, 02-Jan-2023,264.85,263.1,285.0,263.1, 279.70,280.25,278.78,31496,87.81,1851, 18981, 60.26,5.81
AKSHARCHEM, EQ, 02-Jan-2024,292.9,297.0,297.0,280.75, 288.00,286.65,287.79,44875,129.15,1722, 22296, 49.68,-2.13
AKSHARCHEM, EQ, 02-Jan-2025,306.35,308.0,309.35,303.6,305.95,306.45,306.59,4304,13.2,433, 1719, 39.94,0.03
AKSHARCHEM, EQ, 02-Feb-2021,261.35,264.8,274.45,263.9, 268.25,267.6,268.42,18149,48.71,770, 12391, 68.27,2.39
AKSHARCHEM, EQ, 02-Feb-2022,434.35,436.95,456.9,436.95, 443.65,444.85,448.76,21364,95.87,1348, 11461, 53.65,2.42
AKSHARCHEM, EQ, 02-Feb-2023,243.05,244.05,244.05,230.0, 234.00,233.0,234.15,16495,38.62,1416, 9354, 56.71,-4.13
AKSHARCHEM, EQ, 02-Feb-2024,276.4,280.6,282.45,275.05, 277.85,279.0,278.7,9303,25.93,537, 5434, 58.41,0.94
AKSHARCHEM, EQ, 02-Mar-2020,275.9,290.0,290.0,252.55, 261.00,261.6,274.83,6353,17.46,321, 4654, 73.26,-5.18
AKSHARCHEM, EQ, 02-Mar-2021,239.85,240.9,259.0,240.1,257.5,257.2,252.87,46572,117.77,2107, 20777, 44.61,7.23
AKSHARCHEM, EQ, 02-Mar-2022,352.05,352.1,362.8,351.1, 357.00,357.05,357.39,6314,22.57,508, 3642, 57.68,1.42
AKSHARCHEM, EQ, 02-Mar-2023,226.7,226.1,229.0,221.7, 221.75,223.45,225.11,4811,10.83,626, 2126, 44.19,-1.43
AKSHARCHEM, EQ, 02-Apr-2025,213.4,214.56,219.9,213.5,219.0,218.14,215.94,4918,10.62,260, 3368, 68.48,2.22
AKSHARCHEM, EQ, 02-May-2022,375.35,373.75,375.25,365.3,366.8,367.25,369.15,6185,22.83,517, 3406, 55.07,-2.16
AKSHARCHEM, EQ, 02-May-2023,235.95,237.7,237.7,230.15, 231.10,232.0,232.84,6977,16.25,332, 4908, 70.35,-1.67
AKSHARCHEM, EQ, 02-May-2024,278.0,277.25,283.9,277.25, 277.50,278.3,278.91,6245,17.42,433, 3383, 54.17,0.11
AKSHARCHEM, EQ, 02-Jun-2020,194.7,197.95,205.0,192.95,199.5,200.45,200.04,28608,57.23,1234, 12318, 43.06,2.95
AKSHARCHEM, EQ, 02-Jun-2021,291.65,292.2,302.1,292.0, 299.30,299.4,298.44,27493,82.05,1216, 15744, 57.27,2.66
AKSHARCHEM, EQ, 02-Jun-2022,296.65,301.0,302.7,295.25,302.1,298.4,299.81,4693,14.07,337, 2699, 57.51,0.59
AKSHARCHEM, EQ, 02-Jun-2023,226.55,226.05,227.9,224.1, 226.80,225.85,225.32,6067,13.67,300, 4501, 74.19,-0.31
AKSHARCHEM, EQ, 02-Jul-2020,228.55,233.0,236.8,228.05, 230.55,231.6,232.05,57310,132.99,1896, 35347, 61.68,1.33
AKSHARCHEM, EQ, 02-Jul-2021,345.8,349.3,360.85,343.3,346.55,345.75,351.93,53766,189.22,2849, 23231, 43.21,-0.01
AKSHARCHEM, EQ, 02-Jul-2024,322.35,323.0,325.0,315.7,315.7,319.5,321.64,23784,76.5,1001, 14140, 59.45,-0.88
AKSHARCHEM, EQ, 02-Aug-2021,444.3,450.0,451.95,438.95,439.35,442.2,442.87,18439,81.66,1783, 8869, 48.10,-0.47
AKSHARCHEM, EQ, 02-Aug-2022,290.1,286.1,296.0,286.1,295.9,294.2,292.6,10686,31.27,505, 8300, 77.67,1.41
AKSHARCHEM, EQ, 02-Aug-2023,245.55,242.15,246.9,238.1, 239.40,239.8,241.82,9625,23.27,666, 6016, 62.50,-2.34
AKSHARCHEM, EQ, 02-Aug-2024,332.8,330.0,366.05,321.7,366.05,366.05,354.2,59126,209.42,1138, 28176, 47.65,9.99
AKSHARCHEM, EQ, 02-Sep-2020,233.3,235.0,239.85,233.0, 234.80,234.85,236.0,23251,54.87,964, 12574, 54.08,0.66
AKSHARCHEM, EQ, 02-Sep-2021,454.95,455.0,463.75,446.7, 450.00,449.05,453.83,43148,195.82,5063, 18924, 43.86,-1.3
AKSHARCHEM, EQ, 02-Sep-2022,308.2,317.8,369.8,314.0,369.8,369.8,353.78,220310,779.4,9259, 63871, 28.99,19.99
AKSHARCHEM, EQ, 02-Sep-2024,343.25,351.0,359.95,333.15,334.0,335.45,340.37,6258,21.3,618, 3621, 57.86,-2.27
AKSHARCHEM, EQ, 02-Nov-2020,204.45,203.95,208.05,202.8, 202.80,203.2,204.61,2244,4.59,139, 1423, 63.41,-0.61
AKSHARCHEM, EQ, 02-Nov-2021,486.95,490.65,508.8,481.35, 489.00,488.1,494.32,55241,273.07,4606, 22520, 40.77,0.24
AKSHARCHEM, EQ, 02-Nov-2022,327.3,328.65,333.7,325.6,326.0,327.45,328.77,3764,12.37,248, 2729, 72.50,0.05
AKSHARCHEM, EQ, 02-Nov-2023,252.0,256.5,257.05,250.0, 252.50,251.3,253.03,4662,11.8,443, 2837, 60.85,-0.28
AKSHARCHEM, EQ, 02-Dec-2020,219.3,221.0,222.5,213.1, 218.00,218.55,218.97,17085,37.41,966, 8860, 51.86,-0.34
AKSHARCHEM, EQ, 02-Dec-2021,402.95,409.0,414.55,405.0, 410.00,407.65,409.35,14611,59.81,1167, 7859, 53.79,1.17
AKSHARCHEM, EQ, 02-Dec-2022,305.85,306.0,310.95,301.3, 301.50,301.85,302.36,17594,53.2,3085, 13857, 78.76,-1.31
AKSHARCHEM, EQ, 02-Dec-2024,308.15,309.95,316.95,301.2,307.0,306.15,308.11,10004,30.82,758, 4675, 46.73,-0.65
AKSHARCHEM, EQ, 03-Jan-2020,247.85,249.85,252.0,244.0, 245.50,247.25,247.39,19013,47.04,471, 9453, 49.72,-0.24
AKSHARCHEM, EQ, 03-Jan-2022,452.2,448.05,473.95,448.05, 463.00,461.95,461.78,31026,143.27,2103, 19112, 61.60,2.16
AKSHARCHEM, EQ, 03-Jan-2023,280.25,281.4,290.0,278.0, 286.00,284.45,284.13,13016,36.98,931, 5421, 41.65,1.5
AKSHARCHEM, EQ, 03-Jan-2024,286.65,290.85,291.0,272.85, 277.70,276.65,282.09,38649,109.03,2318, 23704, 61.33,-3.49
AKSHARCHEM, EQ, 03-Jan-2025,306.45,308.1,309.4,303.1,308.9,306.6,306.89,6932,21.27,337, 4731, 68.25,0.05
AKSHARCHEM, EQ, 03-Feb-2020,225.15,225.2,233.8,220.0, 223.75,226.1,225.95,2662,6.01,327, 1478, 55.52,0.42
AKSHARCHEM, EQ, 03-Feb-2021,267.6,269.9,272.3,261.25, 265.95,265.35,268.6,12905,34.66,645, 7846, 60.80,-0.84
AKSHARCHEM, EQ, 03-Feb-2022,444.85,445.1,446.35,437.05, 443.00,439.1,440.84,8596,37.89,548, 5604, 65.19,-1.29
AKSHARCHEM, EQ, 03-Feb-2023,233.0,234.7,235.9,227.0, 227.30,229.3,230.01,7499,17.25,542, 4903, 65.38,-1.59
AKSHARCHEM, EQ, 03-Feb-2025,261.85,261.7,266.9,251.3,254.5,254.7,256.16,12156,31.14,598, 7831, 64.42,-2.73
AKSHARCHEM, EQ, 03-Mar-2020,261.6,270.0,275.0,251.4, 256.00,256.45,259.42,9234,23.95,384, 4822, 52.22,-1.97
AKSHARCHEM, EQ, 03-Mar-2021,257.2,259.85,259.85,250.55,255.0,254.5,255.13,41126,104.93,1692, 20982, 51.02,-1.05
AKSHARCHEM, EQ, 03-Mar-2022,357.05,361.0,369.5,351.3,362.0,360.95,363.31,9051,32.88,491, 5689, 62.85,1.09
AKSHARCHEM, EQ, 03-Mar-2023,223.45,222.65,227.15,221.65, 224.00,224.05,223.34,11280,25.19,734, 5771, 51.16,0.27
AKSHARCHEM, EQ, 03-Mar-2025,225.2,225.2,225.2,209.0,212.05,213.1,214.17,13368,28.63,1571, 6484, 48.50,-5.37
AKSHARCHEM, EQ, 03-Apr-2020,151.7,157.35,158.9,141.2, 157.05,157.15,153.43,5995,9.2,217, 2914, 48.61,3.59
AKSHARCHEM, EQ, 03-Apr-2023,205.05,206.45,221.95,206.45, 215.80,216.35,213.14,7356,15.68,986, 2817, 38.30,5.51
AKSHARCHEM, EQ, 03-Apr-2025,218.14,218.4,222.81,211.0,212.2,212.57,215.72,8864,19.12,856, 4557, 51.41,-2.55
AKSHARCHEM, EQ, 03-May-2021,260.95,256.95,278.7,256.95,269.5,266.8,269.93,99703,269.13,3316, 36190, 36.30,2.24
AKSHARCHEM, EQ, 03-May-2023,232.0,233.65,234.0,228.25,229.35,229.25,230.88,3955,9.13,249, 1928, 48.75,-1.19
AKSHARCHEM, EQ, 03-May-2024,278.3,278.75,278.75,270.2, 275.80,273.9,275.76,7062,19.47,384, 4426, 62.67,-1.58
AKSHARCHEM, EQ, 03-Jun-2020,200.45,201.1,205.0,200.0,202.3,201.25,202.86,34749,70.49,910, 20532, 59.09,0.4
AKSHARCHEM, EQ, 03-Jun-2021,299.4,298.0,302.95,295.6, 296.00,297.45,297.98,19300,57.51,957, 10635, 55.10,-0.65
AKSHARCHEM, EQ, 03-Jun-2022,298.4,302.85,305.0,293.3, 295.60,294.85,297.89,3449,10.27,379, 1454, 42.16,-1.19
AKSHARCHEM, EQ, 03-Jun-2024,255.55,258.1,261.8,252.0,256.25,252.95,255.66,10189,26.05,473, 6764, 66.39,-1.02
AKSHARCHEM, EQ, 03-Jul-2020,231.6,233.0,254.45,230.1, 246.90,247.8,244.87,202617,496.15,6844, 73019, 36.04,6.99
AKSHARCHEM, EQ, 03-Jul-2023,238.75,239.0,243.35,235.55, 240.50,239.8,239.45,7530,18.03,423, 4183, 55.55,0.44
AKSHARCHEM, EQ, 03-Jul-2024,319.5,320.0,329.0,320.0,325.5,324.75,325.17,15988,51.99,950, 6367, 39.82,1.64
AKSHARCHEM, EQ, 03-Aug-2020,239.65,240.0,241.0,230.15,235.9,232.95,235.81,68071,160.52,2623, 37833, 55.58,-2.8
AKSHARCHEM, EQ, 03-Aug-2021,442.2,444.4,490.0,443.4,489.0,485.5,476.57,342071,1630.22,18006, 100738, 29.45,9.79
AKSHARCHEM, EQ, 03-Aug-2022,294.2,296.85,298.35,290.1, 292.00,291.55,293.24,2350,6.89,195, 1141, 48.55,-0.9
AKSHARCHEM, EQ, 03-Aug-2023,239.8,244.45,245.05,239.25, 239.90,242.15,241.78,5766,13.94,462, 1826, 31.67,0.98
AKSHARCHEM, EQ, 03-Sep-2020,234.85,237.0,242.0,235.05, 237.50,236.65,238.61,20424,48.73,912, 11270, 55.18,0.77
AKSHARCHEM, EQ, 03-Sep-2021,449.05,450.0,465.0,446.1, 450.00,450.65,456.83,40195,183.62,3901, 12740, 31.70,0.36
AKSHARCHEM, EQ, 03-Sep-2024,335.45,338.0,344.9,331.45,338.9,337.65,338.45,8230,27.85,620, 4590, 55.77,0.66
AKSHARCHEM, EQ, 03-Oct-2022,326.2,324.15,332.5,321.0,321.5,323.35,326.24,8370,27.31,731, 2235, 26.70,-0.87
AKSHARCHEM, EQ, 03-Oct-2023,287.3,287.3,291.5,279.25, 279.30,282.95,285.1,8328,23.74,741, 5507, 66.13,-1.51
AKSHARCHEM, EQ, 03-Oct-2024,319.4,319.4,319.45,300.0,310.5,309.6,307.61,12987,39.95,951, 8153, 62.78,-3.07
AKSHARCHEM, EQ, 03-Nov-2020,203.2,208.9,208.9,201.5,203.0,202.15,202.79,4302,8.72,295, 3033, 70.50,-0.52
AKSHARCHEM, EQ, 03-Nov-2021,488.1,499.9,499.9,460.15, 465.00,463.7,471.94,112455,530.72,7038, 46508, 41.36,-5.0
AKSHARCHEM, EQ, 03-Nov-2022,327.45,327.45,329.4,324.25,325.9,325.6,326.73,3074,10.04,473, 1408, 45.80,-0.56
AKSHARCHEM, EQ, 03-Nov-2023,251.3,252.3,258.4,249.55, 250.20,251.7,253.51,4503,11.42,362, 3295, 73.17,0.16
AKSHARCHEM, EQ, 03-Dec-2020,218.55,220.0,222.0,219.05,219.95,220.45,220.41,17926,39.51,709, 13108, 73.12,0.87
AKSHARCHEM, EQ, 03-Dec-2021,407.65,410.0,484.9,410.0, 460.90,460.65,463.38,157364,729.19,12877, 41322, 26.26,13.0
AKSHARCHEM, EQ, 03-Dec-2024,306.15,306.2,311.9,305.1,307.7,309.0,308.6,2801,8.64,212, 1893, 67.58,0.93
AKSHARCHEM, EQ, 04-Jan-2021,264.05,266.15,279.2,266.1,273.8,272.15,272.92,111288,303.73,3062, 55975, 50.30,3.07
AKSHARCHEM, EQ, 04-Jan-2022,461.95,466.45,466.45,451.05, 455.50,455.15,455.5,11490,52.34,941, 5778, 50.29,-1.47
AKSHARCHEM, EQ, 04-Jan-2023,284.45,285.7,285.85,271.7, 273.00,273.05,277.12,9259,25.66,840, 5039, 54.42,-4.01
AKSHARCHEM, EQ, 04-Jan-2024,276.65,279.8,303.0,277.0, 291.10,291.1,292.99,66913,196.05,2416, 31763, 47.47,5.22
AKSHARCHEM, EQ, 04-Feb-2020,226.1,226.1,240.85,226.1, 236.30,236.45,234.34,1964,4.6,176, 1583, 80.60,4.58
AKSHARCHEM, EQ, 04-Feb-2021,265.35,270.95,272.9,265.0, 267.00,266.9,268.52,11937,32.05,641, 5061, 42.40,0.58
AKSHARCHEM, EQ, 04-Feb-2022,439.1,439.0,445.9,432.25, 436.00,437.5,438.79,7782,34.15,595, 5122, 65.82,-0.36
AKSHARCHEM, EQ, 04-Feb-2025,254.7,260.85,266.85,255.7,260.0,260.45,261.19,4031,10.53,325, 2586, 64.15,2.26
AKSHARCHEM, EQ, 04-Mar-2020,256.45,260.0,268.0,233.8, 256.00,244.25,249.0,9695,24.14,623, 5645, 58.23,-4.76
AKSHARCHEM, EQ, 04-Mar-2021,254.5,252.65,263.0,239.0, 252.20,252.45,253.96,32381,82.24,2866, 13811, 42.65,-0.81
AKSHARCHEM, EQ, 04-Mar-2022,360.95,360.85,360.9,353.1, 357.95,355.95,356.77,12266,43.76,409, 8720, 71.09,-1.39
AKSHARCHEM, EQ, 04-Mar-2024,348.25,353.8,353.8,325.35, 330.95,329.9,333.18,66974,223.14,4211, 36829, 54.99,-5.27
AKSHARCHEM, EQ, 04-Mar-2025,213.1,206.0,222.42,206.0,216.0,216.71,213.95,6834,14.62,808, 2684, 39.27,1.69
AKSHARCHEM, EQ, 04-Apr-2022,363.7,368.0,381.5,364.7,378.3,378.9,375.32,13919,52.24,874, 7815, 56.15,4.18
AKSHARCHEM, EQ, 04-Apr-2025,212.57,214.54,216.11,212.81,214.99,214.05,214.36,5085,10.9,327, 3233, 63.58,0.7
AKSHARCHEM, EQ, 04-May-2020,217.6,205.0,209.95,195.2, 199.95,199.9,200.68,19389,38.91,1050, 11328, 58.42,-8.13
AKSHARCHEM, EQ, 04-May-2021,266.8,268.0,274.5,262.25, 263.00,263.65,269.93,35141,94.86,1539, 19581, 55.72,-1.18
AKSHARCHEM, EQ, 04-May-2022,367.25,370.75,375.45,339.55,345.5,344.45,354.16,20981,74.31,1487, 12064, 57.50,-6.21
AKSHARCHEM, EQ, 04-May-2023,229.25,230.05,232.95,228.55, 232.00,230.45,230.43,4606,10.61,167, 3542, 76.90,0.52
AKSHARCHEM, EQ, 04-Jun-2020,201.25,205.0,222.0,203.15,220.5,215.9,212.34,63532,134.9,2308, 30622, 48.20,7.28
AKSHARCHEM, EQ, 04-Jun-2021,297.45,297.0,302.0,291.15, 293.00,295.25,297.8,37387,111.34,1683, 18427, 49.29,-0.74
AKSHARCHEM, EQ, 04-Jun-2024,252.95,252.0,260.6,240.3,244.9,240.85,246.26,10537,25.95,536, 6024, 57.17,-4.78
AKSHARCHEM, EQ, 04-Jul-2022,265.95,266.25,268.8,262.05,264.6,266.1,264.95,2062,5.46,274, 850, 41.22,0.06
AKSHARCHEM, EQ, 04-Jul-2023,239.8,240.25,240.25,234.75, 235.95,237.15,236.79,5111,12.1,409, 3255, 63.69,-1.11
AKSHARCHEM, EQ, 04-Jul-2024,324.75,328.95,328.95,316.15,318.6,319.2,322.05,18348,59.09,1425, 7450, 40.60,-1.71
AKSHARCHEM, EQ, 04-Aug-2020,232.95,236.0,249.45,231.3,234.0,233.35,238.84,189788,453.28,7095, 73389, 38.67,0.17
AKSHARCHEM, EQ, 04-Aug-2021,485.5,488.0,489.9,447.85,461.0,461.85,471.7,157816,744.42,9164, 55962, 35.46,-4.87
AKSHARCHEM, EQ, 04-Aug-2022,291.55,292.1,295.8,278.0,283.9,281.05,285.36,12052,34.39,769, 7876, 65.35,-3.6
AKSHARCHEM, EQ, 04-Aug-2023,242.15,245.25,246.0,237.0, 242.20,243.05,241.38,13727,33.13,532, 9919, 72.26,0.37
AKSHARCHEM, EQ, 04-Sep-2020,236.65,230.1,239.0,230.1,233.0,233.6,235.19,17300,40.69,856, 8630, 49.88,-1.29
AKSHARCHEM, EQ, 04-Sep-2023,246.3,246.3,289.0,246.3, 286.00,274.5,268.28,107637,288.76,6279, 43059, 40.00,11.45
AKSHARCHEM, EQ, 04-Sep-2024,337.65,337.0,352.0,337.0,345.0,343.55,345.6,11323,39.13,1076, 5343, 47.19,1.75
AKSHARCHEM, EQ, 04-Oct-2021,432.6,440.0,454.5,436.85, 449.55,448.4,446.75,76225,340.54,5564, 30952, 40.61,3.65
AKSHARCHEM, EQ, 04-Oct-2022,323.35,328.15,333.0,325.3, 331.95,329.15,329.85,2900,9.57,261, 1670, 57.59,1.79
AKSHARCHEM, EQ, 04-Oct-2023,282.95,279.3,286.95,275.5, 277.00,277.45,282.37,9336,26.36,973, 5438, 58.25,-1.94
AKSHARCHEM, EQ, 04-Oct-2024,309.6,307.05,322.8,307.0,319.0,315.5,317.02,7094,22.49,491, 4585, 64.63,1.91
AKSHARCHEM, EQ, 04-Nov-2020,202.15,201.0,206.0,199.95,205.0,204.75,203.6,11142,22.68,362, 7911, 71.00,1.29
AKSHARCHEM, EQ, 04-Nov-2022,325.6,330.45,330.45,321.3,326.0,328.05,326.52,7779,25.4,574, 3575, 45.96,0.75
AKSHARCHEM, EQ, 04-Nov-2024,295.9,294.65,314.3,290.8,307.8,305.85,302.72,6550,19.83,570, 4419, 67.47,3.36
AKSHARCHEM, EQ, 04-Dec-2020,220.45,238.85,238.85,222.1, 227.00,226.95,228.08,50976,116.27,1928, 25996, 51.00,2.95
AKSHARCHEM, EQ, 04-Dec-2023,256.6,259.85,263.7,253.2, 254.00,255.0,257.22,8309,21.37,975, 4691, 56.46,-0.62
AKSHARCHEM, EQ, 04-Dec-2024,309.0,312.25,319.9,306.15,313.35,315.85,313.93,10679,33.52,403, 8656, 81.06,2.22
AKSHARCHEM, EQ, 05-Jan-2021,272.15,267.1,273.95,260.5, 265.00,263.2,266.28,54903,146.2,2125, 28258, 51.47,-3.29
AKSHARCHEM, EQ, 05-Jan-2022,455.15,460.0,469.4,454.0, 459.10,459.75,462.06,25850,119.44,1236, 13457, 52.06,1.01
AKSHARCHEM, EQ, 05-Jan-2023,273.05,273.0,281.9,273.0,279.95,278.4,278.09,9147,25.44,638, 3834, 41.92,1.96
AKSHARCHEM, EQ, 05-Jan-2024,291.1,291.9,297.95,285.0, 286.50,288.0,292.37,25150,73.53,1432, 9214, 36.64,-1.06
AKSHARCHEM, EQ, 05-Feb-2020,236.45,236.95,260.0,233.85, 245.55,251.95,245.49,5767,14.16,499, 4819, 83.56,6.56
AKSHARCHEM, EQ, 05-Feb-2021,266.9,266.9,271.0,257.95, 263.00,260.75,264.19,12784,33.77,773, 8271, 64.70,-2.3
AKSHARCHEM, EQ, 05-Feb-2024,279.0,283.0,285.95,273.45, 273.50,274.45,281.0,16722,46.99,685, 10525, 62.94,-1.63
AKSHARCHEM, EQ, 05-Feb-2025,260.45,268.5,270.7,257.25,264.9,261.05,264.44,5076,13.42,421, 2270, 44.72,0.23
AKSHARCHEM, EQ, 05-Mar-2020,244.25,253.95,255.4,245.0, 246.10,246.95,249.09,3582,8.92,355, 1993, 55.64,1.11
AKSHARCHEM, EQ, 05-Mar-2021,252.45,257.55,257.55,250.4,254.25,253.05,253.2,14459,36.61,618, 9120, 63.07,0.24
AKSHARCHEM, EQ, 05-Mar-2024,329.9,329.9,344.45,325.05, 328.00,328.3,333.52,44150,147.25,2017, 17664, 40.01,-0.48
AKSHARCHEM, EQ, 05-Mar-2025,216.71,216.59,223.99,216.59,222.95,221.09,221.25,5552,12.28,609, 3028, 54.54,2.02
AKSHARCHEM, EQ, 05-Apr-2021,248.65,248.65,250.0,234.8,247.5,245.2,242.01,18246,44.16,666, 10465, 57.36,-1.39
AKSHARCHEM, EQ, 05-Apr-2022,378.9,383.2,390.75,377.75, 385.90,383.45,384.58,11033,42.43,873, 5810, 52.66,1.2
AKSHARCHEM, EQ, 05-Apr-2023,216.35,218.85,223.1,215.55, 222.65,221.75,220.28,4676,10.3,332, 1946, 41.62,2.5
AKSHARCHEM, EQ, 05-May-2020,199.9,201.0,209.0,192.5, 197.10,199.0,198.17,26299,52.12,1065, 10196, 38.77,-0.45
AKSHARCHEM, EQ, 05-May-2021,263.65,267.05,268.0,259.0, 260.00,262.5,264.21,11387,30.09,501, 6744, 59.23,-0.44
AKSHARCHEM, EQ, 05-May-2022,344.45,349.55,355.1,345.0, 347.00,347.85,349.67,6913,24.17,773, 3047, 44.08,0.99
AKSHARCHEM, EQ, 05-May-2023,230.45,233.85,237.8,230.35, 232.95,232.45,233.38,4427,10.33,294, 2520, 56.92,0.87
AKSHARCHEM, EQ, 05-Jun-2020,215.9,240.0,240.0,221.25, 223.70,224.25,228.04,229223,522.73,5944, 87581, 38.21,3.87
AKSHARCHEM, EQ, 05-Jun-2023,225.85,226.5,228.9,224.15, 227.40,227.45,226.2,5843,13.22,360, 2673, 45.75,0.71
AKSHARCHEM, EQ, 05-Jun-2024,240.85,244.9,252.85,244.9,252.85,252.3,249.24,8118,20.23,391, 4852, 59.77,4.75
AKSHARCHEM, EQ, 05-Jul-2021,345.75,355.95,365.4,348.3, 362.00,362.7,358.96,53323,191.41,2660, 32050, 60.11,4.9
AKSHARCHEM, EQ, 05-Jul-2022,266.1,268.8,271.7,266.0,266.0,267.3,268.25,4739,12.71,434, 2141, 45.18,0.45
AKSHARCHEM, EQ, 05-Jul-2023,237.15,238.05,249.7,235.85,243.4,242.5,243.26,15493,37.69,724, 8028, 51.82,2.26
AKSHARCHEM, EQ, 05-Jul-2024,319.2,317.0,326.0,315.05,315.5,317.7,319.35,16782,53.59,1066, 5012, 29.87,-0.47
AKSHARCHEM, EQ, 05-Aug-2020,233.35,234.95,241.0,234.0,235.8,234.55,236.64,58494,138.42,1997, 32387, 55.37,0.51
AKSHARCHEM, EQ, 05-Aug-2021,461.85,464.65,469.0,437.05,466.0,460.0,451.72,61499,277.8,3963, 22931, 37.29,-0.4
AKSHARCHEM, EQ, 05-Aug-2022,281.05,285.25,289.0,278.75,283.15,281.3,283.8,6285,17.84,471, 3542, 56.36,0.09
AKSHARCHEM, EQ, 05-Aug-2024,366.05,369.95,373.7,329.45,329.45,331.7,341.15,117890,402.19,5849, 48245, 40.92,-9.38
AKSHARCHEM, EQ, 05-Sep-2022,369.8,380.2,391.65,350.25, 358.00,354.4,373.93,202281,756.39,9223, 63993, 31.64,-4.16
AKSHARCHEM, EQ, 05-Sep-2023,274.5,284.9,286.8,272.1, 274.35,277.1,279.62,51870,145.04,4542, 25435, 49.04,0.95
AKSHARCHEM, EQ, 05-Sep-2024,343.55,345.7,352.0,341.55,349.15,348.9,348.02,11781,41.0,838, 7136, 60.57,1.56
AKSHARCHEM, EQ, 05-Oct-2020,224.25,226.95,229.0,222.6, 224.00,224.35,225.64,11758,26.53,402, 7573, 64.41,0.04
AKSHARCHEM, EQ, 05-Oct-2021,448.4,451.8,538.05,450.0, 524.10,534.75,513.95,687454,3533.14,32276, 171042, 24.88,19.26
AKSHARCHEM, EQ, 05-Oct-2023,277.45,279.35,281.55,276.05, 277.05,277.6,279.09,4709,13.14,473, 3028, 64.30,0.05
AKSHARCHEM, EQ, 05-Nov-2020,204.75,207.5,211.0,206.55, 207.15,207.5,208.43,6749,14.07,384, 3863, 57.24,1.34
AKSHARCHEM, EQ, 05-Nov-2024,305.85,309.7,324.95,299.05,324.25,318.2,312.98,9556,29.91,646, 6896, 72.16,4.04
AKSHARCHEM, EQ, 05-Dec-2022,301.85,303.55,312.45,302.0, 306.50,305.6,307.74,8937,27.5,926, 4522, 50.60,1.24
AKSHARCHEM, EQ, 05-Dec-2023,255.0,253.15,262.4,250.15, 250.20,250.65,253.86,9638,24.47,922, 6600, 68.48,-1.71
AKSHARCHEM, EQ, 05-Dec-2024,315.85,315.55,315.55,307.25,311.05,312.45,311.5,4302,13.4,297, 2017, 46.89,-1.08
AKSHARCHEM, EQ, 06-Jan-2020,247.25,240.4,246.0,232.65, 235.00,234.55,235.27,14303,33.65,362, 7621, 53.28,-5.14
AKSHARCHEM, EQ, 06-Jan-2021,263.2,264.0,272.5,263.0, 269.35,270.45,266.66,47703,127.2,1814, 26703, 55.98,2.75
AKSHARCHEM, EQ, 06-Jan-2022,459.75,454.85,457.5,449.85, 450.00,452.2,453.08,9396,42.57,852, 6067, 64.57,-1.64
AKSHARCHEM, EQ, 06-Jan-2023,278.4,276.3,285.0,275.7,282.9,282.5,281.52,11892,33.48,749, 7423, 62.42,1.47
AKSHARCHEM, EQ, 06-Jan-2025,306.6,308.2,311.35,298.15,301.5,299.45,302.59,6642,20.1,579, 3642, 54.83,-2.33
AKSHARCHEM, EQ, 06-Feb-2020,251.95,252.95,254.0,248.85, 248.85,251.75,251.83,2198,5.54,210, 1524, 69.34,-0.08
AKSHARCHEM, EQ, 06-Feb-2023,229.3,228.3,230.65,220.0, 223.70,222.4,225.62,11808,26.64,699, 7381, 62.51,-3.01
AKSHARCHEM, EQ, 06-Feb-2024,274.45,275.6,284.05,273.95, 278.85,277.3,279.97,13981,39.14,622, 6774, 48.45,1.04
AKSHARCHEM, EQ, 06-Feb-2025,261.05,269.8,273.0,260.0,260.0,260.85,262.75,2962,7.78,174, 1550, 52.33,-0.08
AKSHARCHEM, EQ, 06-Mar-2020,246.95,243.9,243.9,219.5, 230.00,231.05,228.33,15458,35.29,986, 8380, 54.21,-6.44
AKSHARCHEM, EQ, 06-Mar-2023,224.05,225.15,231.95,223.25, 226.50,227.35,227.97,9366,21.35,1054, 3218, 34.36,1.47
AKSHARCHEM, EQ, 06-Mar-2024,328.3,328.0,333.0,312.2, 314.05,314.75,318.55,24397,77.72,986, 13718, 56.23,-4.13
AKSHARCHEM, EQ, 06-Mar-2025,221.09,225.09,227.07,214.0,216.0,217.65,218.74,8738,19.11,736, 5197, 59.48,-1.56
AKSHARCHEM, EQ, 06-Apr-2021,245.2,245.9,255.15,242.3,250.2,249.1,249.53,17856,44.56,711, 10054, 56.31,1.59
AKSHARCHEM, EQ, 06-Apr-2022,383.45,380.7,388.95,380.0, 380.00,382.45,383.87,6689,25.68,764, 3969, 59.34,-0.26
AKSHARCHEM, EQ, 06-Apr-2023,221.75,222.75,223.1,219.25, 223.05,221.45,221.52,2970,6.58,239, 2097, 70.61,-0.14
AKSHARCHEM, EQ, 06-May-2020,199.0,201.95,209.0,195.05, 200.90,202.0,203.44,23600,48.01,1045, 7639, 32.37,1.51
AKSHARCHEM, EQ, 06-May-2021,262.5,263.1,266.0,255.7, 259.05,259.45,260.65,19636,51.18,709, 10774, 54.87,-1.16
AKSHARCHEM, EQ, 06-May-2022,347.85,341.95,344.7,337.75,342.9,341.05,340.49,4578,15.59,419, 2769, 60.48,-1.95
AKSHARCHEM, EQ, 06-May-2024,273.9,275.95,276.8,266.2,273.8,271.65,270.16,11649,31.47,834, 5768, 49.51,-0.82
AKSHARCHEM, EQ, 06-Jun-2022,294.85,295.2,295.2,283.1,284.05,286.3,287.11,5503,15.8,427, 2751, 49.99,-2.9
AKSHARCHEM, EQ, 06-Jun-2023,227.45,225.2,235.85,225.2,233.25,231.4,229.51,11559,26.53,568, 7354, 63.62,1.74
AKSHARCHEM, EQ, 06-Jun-2024,252.3,250.0,259.0,250.0,259.0,256.85,256.28,10761,27.58,567, 8738, 81.20,1.8
AKSHARCHEM, EQ, 06-Jul-2020,247.8,249.85,258.0,241.25, 244.05,244.5,250.96,87313,219.12,3199, 42598, 48.79,-1.33
AKSHARCHEM, EQ, 06-Jul-2021,362.7,365.5,379.8,357.55, 367.30,368.3,370.18,216555,801.64,8127, 94091, 43.45,1.54
AKSHARCHEM, EQ, 06-Jul-2022,267.3,265.05,273.9,265.05,271.0,269.7,269.01,3564,9.59,286, 2094, 58.75,0.9
AKSHARCHEM, EQ, 06-Jul-2023,242.5,243.35,250.05,240.85,246.45,245.8,246.74,10446,25.77,565, 6623, 63.40,1.36
AKSHARCHEM, EQ, 06-Aug-2020,234.55,237.0,242.0,235.0,237.0,236.4,238.42,72505,172.87,2479, 44504, 61.38,0.79
AKSHARCHEM, EQ, 06-Aug-2021,460.0,460.0,476.25,451.7, 459.70,456.85,464.17,33923,157.46,2418, 12744, 37.57,-0.68
AKSHARCHEM, EQ, 06-Aug-2024,331.7,337.6,352.45,313.35,318.0,320.1,332.44,28077,93.34,1946, 13248, 47.18,-3.5
AKSHARCHEM, EQ, 06-Sep-2021,450.65,457.8,462.0,443.8,450.0,448.2,453.11,37071,167.97,3891, 11833, 31.92,-0.54
AKSHARCHEM, EQ, 06-Sep-2022,354.4,357.8,357.8,340.1, 343.10,342.1,347.48,23079,80.19,1913, 13594, 58.90,-3.47
AKSHARCHEM, EQ, 06-Sep-2023,277.1,279.9,282.05,268.65, 269.10,271.2,274.43,17436,47.85,2839, 10574, 60.64,-2.13
AKSHARCHEM, EQ, 06-Sep-2024,348.9,352.9,354.9,340.1,346.5,343.15,345.04,8532,29.44,707, 4259, 49.92,-1.65
AKSHARCHEM, EQ, 06-Oct-2020,224.35,226.35,228.0,223.0,224.65,224.0,225.39,7590,17.11,396, 4507, 59.38,-0.16
AKSHARCHEM, EQ, 06-Oct-2021,534.75,546.0,613.7,541.05, 551.00,551.15,581.83,1110684,6462.34,76849, 188830, 17.00,3.07
AKSHARCHEM, EQ, 06-Oct-2022,329.15,334.05,338.8,328.05, 333.95,331.65,331.52,8535,28.3,725, 3338, 39.11,0.76
AKSHARCHEM, EQ, 06-Oct-2023,277.6,280.5,285.0,276.05, 280.95,279.85,280.1,5908,16.55,538, 3627, 61.39,0.81
AKSHARCHEM, EQ, 06-Nov-2020,207.5,208.05,210.4,205.0, 205.00,206.4,207.49,6348,13.17,334, 3427, 53.99,-0.53
AKSHARCHEM, EQ, 06-Nov-2023,251.7,253.6,259.15,251.15, 251.90,252.1,255.88,8179,20.93,498, 5704, 69.74,0.16
AKSHARCHEM, EQ, 06-Nov-2024,318.2,322.95,326.95,308.3,310.5,310.65,315.13,9861,31.07,697, 6163, 62.50,-2.37
AKSHARCHEM, EQ, 06-Dec-2021,460.65,462.85,471.9,436.35, 442.50,439.55,449.19,44226,198.66,4175, 20076, 45.39,-4.58
AKSHARCHEM, EQ, 06-Dec-2022,305.6,310.5,311.6,295.3, 300.10,299.1,299.63,13846,41.49,1473, 9011, 65.08,-2.13
AKSHARCHEM, EQ, 06-Dec-2023,250.65,251.55,273.95,251.55, 267.00,266.65,264.5,38304,101.31,1615, 18688, 48.79,6.38
AKSHARCHEM, EQ, 06-Dec-2024,312.45,311.95,311.95,307.05,309.5,310.45,309.56,4844,15.0,326, 2545, 52.54,-0.64
AKSHARCHEM, EQ, 07-Jan-2020,234.55,239.9,249.3,230.0, 235.00,234.75,235.76,6793,16.02,299, 2768, 40.75,0.09
AKSHARCHEM, EQ, 07-Jan-2021,270.45,272.95,279.7,269.0, 274.65,275.4,275.45,77370,213.12,3055, 42269, 54.63,1.83
AKSHARCHEM, EQ, 07-Jan-2022,452.2,452.05,470.35,445.85,451.8,453.5,457.58,24361,111.47,1706, 12013, 49.31,0.29
AKSHARCHEM, EQ, 07-Jan-2025,299.45,298.85,301.85,297.0,298.1,298.6,298.93,5500,16.44,313, 3398, 61.78,-0.28
AKSHARCHEM, EQ, 07-Feb-2020,251.75,245.85,253.7,240.3, 245.90,247.3,247.61,5012,12.41,314, 2383, 47.55,-1.77
AKSHARCHEM, EQ, 07-Feb-2022,437.5,439.95,440.25,429.0, 430.00,430.7,433.59,8293,35.96,620, 4973, 59.97,-1.55
AKSHARCHEM, EQ, 07-Feb-2023,222.4,225.65,235.95,220.2, 226.15,227.15,226.51,15540,35.2,1313, 7254, 46.68,2.14
AKSHARCHEM, EQ, 07-Feb-2024,277.3,281.45,283.4,275.5, 276.05,277.2,278.49,11604,32.32,618, 7659, 66.00,-0.04
AKSHARCHEM, EQ, 07-Feb-2025,260.85,258.5,269.25,258.35,259.1,259.85,262.39,1293,3.39,174, 617, 47.72,-0.38
AKSHARCHEM, EQ, 07-Mar-2022,355.95,351.0,351.0,333.9, 340.00,337.15,340.74,6940,23.65,576,3671,52.9,-5.28
AKSHARCHEM, EQ, 07-Mar-2025,217.65,221.01,223.99,218.61,220.5,221.47,220.67,9097,20.07,341, 6400, 70.35,1.76
AKSHARCHEM, EQ, 07-Apr-2020,157.15,156.0,169.25,156.0, 164.50,165.25,164.9,4365,7.2,418, 2584, 59.20,5.15
AKSHARCHEM, EQ, 07-Apr-2021,249.1,246.0,253.75,246.0,249.0,248.75,249.11,22569,56.22,474, 17059, 75.59,-0.14
AKSHARCHEM, EQ, 07-Apr-2022,382.45,387.5,419.2,382.95,404.5,400.75,406.36,56391,229.15,4127, 20905, 37.07,4.78
AKSHARCHEM, EQ, 07-Apr-2025,214.05,213.1,213.1,200.01,204.0,202.75,203.11,7616,15.47,598, 4934, 64.78,-5.28
AKSHARCHEM, EQ, 07-May-2020,202.0,203.85,203.95,197.5, 199.00,199.0,199.95,3509,7.02,226, 2091, 59.59,-1.49
AKSHARCHEM, EQ, 07-May-2021,259.45,259.45,262.7,256.0, 258.55,258.4,258.81,8653,22.39,458, 5039, 58.23,-0.4
AKSHARCHEM, EQ, 07-May-2024,271.65,274.1,275.55,266.0,270.0,270.3,271.73,4106,11.16,278, 1898, 46.23,-0.5
AKSHARCHEM, EQ, 07-Jun-2021,295.25,297.15,312.3,297.15, 306.80,307.7,307.53,74347,228.64,3125, 49740, 66.90,4.22
AKSHARCHEM, EQ, 07-Jun-2022,286.3,286.5,293.95,283.1,289.35,286.85,288.95,2991,8.64,293, 1153, 38.55,0.19
AKSHARCHEM, EQ, 07-Jun-2023,231.4,234.85,242.0,231.25, 238.80,235.0,236.45,16902,39.96,889, 10355, 61.26,1.56
AKSHARCHEM, EQ, 07-Jun-2024,256.85,255.0,260.0,253.1,260.0,257.05,256.85,5521,14.18,563, 3089, 55.95,0.08
AKSHARCHEM, EQ, 07-Jul-2020,244.5,243.05,244.2,230.0, 230.00,231.25,234.44,58815,137.88,2708, 37707, 64.11,-5.42
AKSHARCHEM, EQ, 07-Jul-2021,368.3,369.9,374.2,359.95, 360.00,364.1,367.46,44543,163.68,1916, 24361, 54.69,-1.14
AKSHARCHEM, EQ, 07-Jul-2022,269.7,271.9,275.1,271.4, 274.10,273.15,273.4,3223,8.81,232, 1597, 49.55,1.28
AKSHARCHEM, EQ, 07-Jul-2023,245.8,245.8,251.9,237.5, 241.95,241.0,244.81,15130,37.04,1669, 7786, 51.46,-1.95
AKSHARCHEM, EQ, 07-Aug-2020,236.4,238.0,241.3,235.5,236.0,236.2,237.98,65969,156.99,2665, 37341, 56.60,-0.08
AKSHARCHEM, EQ, 07-Aug-2023,243.05,242.35,260.45,242.35, 256.20,258.45,253.73,47106,119.52,1542, 30900, 65.60,6.34
AKSHARCHEM, EQ, 07-Aug-2024,320.1,327.8,332.65,301.3,324.45,323.2,323.31,35495,114.76,3587, 12345, 34.78,0.97
AKSHARCHEM, EQ, 07-Sep-2020,233.6,234.0,237.05,231.6, 235.00,232.85,234.02,22750,53.24,951, 11693, 51.40,-0.32
AKSHARCHEM, EQ, 07-Sep-2021,448.2,450.25,455.0,435.7, 438.00,437.4,443.95,28732,127.56,2934, 9431, 32.82,-2.41
AKSHARCHEM, EQ, 07-Sep-2022,342.1,343.0,349.6,340.0, 342.00,340.95,343.01,19063,65.39,1418, 7898, 41.43,-0.34
AKSHARCHEM, EQ, 07-Sep-2023,271.2,275.0,309.95,273.65, 300.00,299.75,301.56,232078,699.84,12958, 72798, 31.37,10.53
AKSHARCHEM, EQ, 07-Oct-2020,224.0,227.45,227.5,217.9,219.85,218.7,220.79,14943,32.99,557, 9378, 62.76,-2.37
AKSHARCHEM, EQ, 07-Oct-2021,551.15,557.75,597.25,550.05, 565.00,562.75,573.97,195612,1122.76,11709, 65612, 33.54,2.1
AKSHARCHEM, EQ, 07-Oct-2022,331.65,334.35,337.0,330.05, 334.10,335.55,333.91,2961,9.89,249, 1661, 56.10,1.18
AKSHARCHEM, EQ, 07-Oct-2024,315.5,316.4,316.4,296.6,305.95,303.15,302.94,14468,43.83,882, 7947, 54.93,-3.91
AKSHARCHEM, EQ, 07-Nov-2022,328.05,328.05,331.9,323.0,323.65,325.35,328.18,6107,20.04,459, 3651, 59.78,-0.82
AKSHARCHEM, EQ, 07-Nov-2023,252.1,252.25,259.9,244.95, 246.20,248.8,250.19,10942,27.38,575, 6579, 60.13,-1.31
AKSHARCHEM, EQ, 07-Nov-2024,310.65,315.25,316.45,306.55,313.95,313.45,313.49,6422,20.13,363, 4107, 63.95,0.9
AKSHARCHEM, EQ, 07-Dec-2020,226.95,236.95,238.5,232.5, 238.50,237.0,236.29,72918,172.3,2565, 44990, 61.70,4.43
AKSHARCHEM, EQ, 07-Dec-2021,439.55,445.7,450.9,431.55,434.8,434.85,437.75,25161,110.14,2103, 12129, 48.21,-1.07
AKSHARCHEM, EQ, 07-Dec-2022,299.1,299.15,304.45,295.0, 296.10,298.3,299.11,15048,45.01,3703, 9150, 60.81,-0.27
AKSHARCHEM, EQ, 07-Dec-2023,266.65,269.95,285.9,265.3, 275.25,276.15,276.82,31984,88.54,1592, 18800, 58.78,3.56
AKSHARCHEM, EQ, 08-Jan-2020,234.75,234.0,258.0,221.2, 235.10,239.85,241.97,28348,68.59,885, 10933, 38.57,2.17
AKSHARCHEM, EQ, 08-Jan-2021,275.4,279.15,299.0,274.0, 289.50,291.0,290.32,254861,739.92,8599, 77458, 30.39,5.66
AKSHARCHEM, EQ, 08-Jan-2024,288.0,290.0,294.05,281.35, 281.55,284.3,287.36,17508,50.31,1296, 7488, 42.77,-1.28
AKSHARCHEM, EQ, 08-Jan-2025,298.6,300.2,304.25,295.9,300.2,301.4,298.94,4668,13.95,261, 2945, 63.09,0.94
AKSHARCHEM, EQ, 08-Feb-2021,260.75,262.3,266.0,260.1, 265.10,264.15,263.13,11665,30.69,813, 6851, 58.73,1.3
AKSHARCHEM, EQ, 08-Feb-2022,430.7,430.1,435.4,423.05,425.5,427.55,429.0,10884,46.69,681, 5477, 50.32,-0.73
AKSHARCHEM, EQ, 08-Feb-2023,227.15,231.0,231.0,226.5, 227.95,227.5,228.3,4360,9.95,415, 2316, 53.12,0.15
AKSHARCHEM, EQ, 08-Feb-2024,277.2,277.2,280.1,274.2, 277.70,276.5,276.57,11361,31.42,590, 6727, 59.21,-0.25
AKSHARCHEM, EQ, 08-Mar-2021,253.05,255.6,255.6,249.95, 250.00,250.1,252.01,9672,24.37,513, 6149, 63.58,-1.17
AKSHARCHEM, EQ, 08-Mar-2022,337.15,340.0,349.3,340.0, 348.00,345.5,346.57,5313,18.41,419, 3489, 65.67,2.48
AKSHARCHEM, EQ, 08-Mar-2023,227.35,225.4,230.75,225.4, 230.00,229.55,228.74,4736,10.83,320, 2953, 62.35,0.97
AKSHARCHEM, EQ, 08-Apr-2020,165.25,174.75,177.6,165.3, 167.15,169.7,169.93,3130,5.32,293, 1703, 54.41,2.69
AKSHARCHEM, EQ, 08-Apr-2021,248.75,252.8,254.5,243.55, 247.00,247.4,247.92,24610,61.01,695, 16171, 65.71,-0.54
AKSHARCHEM, EQ, 08-Apr-2022,400.75,403.7,430.0,403.7, 420.00,419.5,421.37,68872,290.2,4484, 32053, 46.54,4.68
AKSHARCHEM, EQ, 08-Apr-2025,202.75,213.79,213.79,205.9,209.1,209.19,208.24,5895,12.28,249, 4111, 69.74,3.18
AKSHARCHEM, EQ, 08-May-2020,199.0,203.4,207.65,195.25, 197.50,195.95,199.89,6518,13.03,254, 3628, 55.66,-1.53
AKSHARCHEM, EQ, 08-May-2023,232.45,233.9,236.8,233.5, 233.95,234.5,234.84,2544,5.97,230, 1391, 54.68,0.88
AKSHARCHEM, EQ, 08-May-2024,270.3,265.0,272.45,265.0,267.05,268.45,270.18,6556,17.71,276, 4654, 70.99,-0.68
AKSHARCHEM, EQ, 08-Jun-2020,224.25,224.0,227.45,215.0, 221.00,217.55,218.43,36323,79.34,1552, 19446, 53.54,-2.99
AKSHARCHEM, EQ, 08-Jun-2021,307.7,311.7,325.7,301.7, 320.00,320.45,317.17,179569,569.54,6255, 75595, 42.10,4.14
AKSHARCHEM, EQ, 08-Jun-2022,286.85,286.6,293.9,286.6,291.4,291.15,289.55,2461,7.13,187, 1442, 58.59,1.5
AKSHARCHEM, EQ, 08-Jun-2023,235.0,239.0,240.45,231.0, 231.00,231.65,235.32,9851,23.18,628, 4768, 48.40,-1.43
AKSHARCHEM, EQ, 08-Jul-2020,231.25,238.7,239.95,229.0,229.0,230.35,234.77,77334,181.55,2644, 42471, 54.92,-0.39
AKSHARCHEM, EQ, 08-Jul-2021,364.1,363.45,366.95,354.5, 356.90,357.45,359.21,56630,203.42,2383, 30370, 53.63,-1.83
AKSHARCHEM, EQ, 08-Jul-2022,273.15,276.8,277.75,271.85,275.5,275.9,275.13,4311,11.86,263, 2843, 65.95,1.01
AKSHARCHEM, EQ, 08-Jul-2024,317.7,315.4,326.0,315.4,324.0,323.4,322.67,22393,72.25,1010, 13314, 59.46,1.79
AKSHARCHEM, EQ, 08-Aug-2022,281.3,280.05,284.5,277.3,280.1,280.95,281.34,6229,17.52,380,3698,59.37,-0.12
AKSHARCHEM, EQ, 08-Aug-2023,258.45,274.95,275.0,262.15, 266.00,264.2,268.09,49387,132.4,3846, 22330, 45.21,2.22
AKSHARCHEM, EQ, 08-Aug-2024,323.2,318.35,332.0,318.35,320.0,321.6,326.73,12700,41.5,1058, 6404, 50.43,-0.5
AKSHARCHEM, EQ, 08-Sep-2020,232.85,232.4,242.9,230.0, 232.00,233.1,237.69,53195,126.44,1946, 17788, 33.44,0.11
AKSHARCHEM, EQ, 08-Sep-2021,437.4,442.0,444.9,429.0, 431.40,430.2,435.05,62713,272.83,6341, 21678, 34.57,-1.65
AKSHARCHEM, EQ, 08-Sep-2022,340.95,345.9,390.0,338.45, 367.00,367.5,374.43,184648,691.38,8661, 43324, 23.46,7.79
AKSHARCHEM, EQ, 08-Sep-2023,299.75,309.95,310.9,301.0, 301.50,302.3,306.47,76790,235.34,3868, 40756, 53.07,0.85
AKSHARCHEM, EQ, 08-Oct-2020,218.7,219.75,223.0,215.1,217.25,216.5,218.44,12391,27.07,704, 7933, 64.02,-1.01
AKSHARCHEM, EQ, 08-Oct-2021,562.75,564.8,571.9,535.0, 535.35,538.85,547.59,64533,353.38,4667, 32829, 50.87,-4.25
AKSHARCHEM, EQ, 08-Oct-2024,303.15,307.65,317.85,302.9,317.85,312.05,309.29,3269,10.11,276, 2035, 62.25,2.94
AKSHARCHEM, EQ, 08-Nov-2021,456.9,459.0,463.7,448.2, 453.50,451.3,454.47,56668,257.54,4233, 30546, 53.90,-1.23
AKSHARCHEM, EQ, 08-Nov-2023,248.8,251.7,256.0,248.5, 252.30,253.5,252.57,11513,29.08,907, 7028, 61.04,1.89
AKSHARCHEM, EQ, 08-Nov-2024,313.45,318.15,318.4,310.0, 316.85,313.95,315.55,2798,8.83,232, 1827, 65.30,0.16
AKSHARCHEM, EQ, 08-Dec-2020,237.0,238.0,241.7,230.0,232.8,232.95,234.65,58187,136.54,2244, 32375, 55.64,-1.71
AKSHARCHEM, EQ, 08-Dec-2021,434.85,445.9,445.9,433.1,438.25,439.75,438.74,19445,85.31,2008, 8447, 43.44,1.13
AKSHARCHEM, EQ, 08-Dec-2022,298.3,302.75,304.2,292.55, 294.20,294.55,296.02,12637,37.41,3126, 8139, 64.41,-1.26
AKSHARCHEM, EQ, 08-Dec-2023,276.15,279.0,281.6,265.4, 269.80,269.4,275.32,14629,40.28,967, 8408, 57.47,-2.44
AKSHARCHEM, EQ, 09-Jan-2020,239.85,240.0,254.0,240.0, 243.80,242.8,243.72,7502,18.28,263, 4980, 66.38,1.23
AKSHARCHEM, EQ, 09-Jan-2023,282.5,285.15,285.15,274.0,274.0,275.7,279.45,6570,18.36,1006, 3152, 47.98,-2.41
AKSHARCHEM, EQ, 09-Jan-2024,284.3,288.4,291.0,280.2,282.05,281.3,284.35,15452,43.94,1355, 7067, 45.74,-1.06
AKSHARCHEM, EQ, 09-Jan-2025,301.4,303.0,304.95,295.3,296.0,296.6,300.37,2626,7.89,202, 854, 32.52,-1.59
AKSHARCHEM, EQ, 09-Feb-2021,264.15,265.15,268.8,262.2, 263.00,264.55,266.39,19931,53.09,643, 9823, 49.29,0.15
AKSHARCHEM, EQ, 09-Feb-2022,427.55,430.0,435.9,418.85, 420.00,420.35,424.48,15559,66.04,715, 12071, 77.58,-1.68
AKSHARCHEM, EQ, 09-Feb-2023,227.5,230.85,231.0,218.1, 230.90,227.2,226.08,45227,102.25,1071, 33385, 73.82,-0.13
AKSHARCHEM, EQ, 09-Feb-2024,276.5,275.4,277.7,267.0, 268.40,268.85,270.3,9666,26.13,499, 6090, 63.00,-2.77
AKSHARCHEM, EQ, 09-Mar-2020,231.05,219.0,224.0,193.85, 208.00,201.4,206.38,16273,33.58,712, 10134, 62.27,-12.83
AKSHARCHEM, EQ, 09-Mar-2021,250.1,251.0,252.95,240.0, 242.00,242.15,244.34,29811,72.84,1325, 18728, 62.82,-3.18
AKSHARCHEM, EQ, 09-Mar-2022,345.5,349.85,367.95,343.9, 365.65,365.7,360.1,19380,69.79,716, 12700, 65.53,5.85
AKSHARCHEM, EQ, 09-Mar-2023,229.55,230.05,235.95,224.05, 232.90,233.45,230.23,21192,48.79,2128, 10615, 50.09,1.7
AKSHARCHEM, EQ, 09-Apr-2020,169.7,177.4,188.85,172.65, 181.00,180.85,180.73,6629,11.98,343, 3396, 51.23,6.57
AKSHARCHEM, EQ, 09-Apr-2021,247.4,249.5,250.0,245.95,248.0,246.7,247.06,7924,19.58,311, 4773, 60.23,-0.28
AKSHARCHEM, EQ, 09-Apr-2025,209.19,210.71,213.13,206.42,206.6,206.64,209.24,2812,5.88,197, 1690, 60.10,-1.22
AKSHARCHEM, EQ, 09-May-2022,341.05,336.2,339.9,331.05, 336.65,334.75,335.08,4923,16.5,460, 2547, 51.74,-1.85
AKSHARCHEM, EQ, 09-May-2023,234.5,238.35,238.35,229.7,229.7,231.25,234.71,5004,11.74,282, 2738, 54.72,-1.39
AKSHARCHEM, EQ, 09-May-2024,268.45,270.35,271.45,262.4,266.0,266.5,266.71,5626,15.0,332, 2608, 46.36,-0.73
AKSHARCHEM, EQ, 09-Jun-2020,217.55,218.05,218.95,205.0, 208.90,207.85,211.84,25758,54.56,1114, 12859, 49.92,-4.46
AKSHARCHEM, EQ, 09-Jun-2021,320.45,323.0,330.0,310.55,313.0,312.85,322.56,124503,401.6,5777, 52318, 42.02,-2.37
AKSHARCHEM, EQ, 09-Jun-2022,291.15,288.0,294.1,285.5, 288.00,289.0,289.81,1961,5.68,216, 887, 45.23,-0.74
AKSHARCHEM, EQ, 09-Jun-2023,231.65,231.05,242.0,230.95, 236.75,237.25,237.12,11758,27.88,710, 6271, 53.33,2.42
AKSHARCHEM, EQ, 09-Jul-2020,230.35,231.05,231.95,221.2, 222.00,222.1,225.75,28963,65.38,1232, 20209, 69.78,-3.58
AKSHARCHEM, EQ, 09-Jul-2021,357.45,358.0,427.0,357.9,405.95,406.1,403.06,1333981,5376.73,46573, 216624, 16.24,13.61
AKSHARCHEM, EQ, 09-Jul-2024,323.4,324.0,324.0,317.75,319.5,319.15,320.08,17744,56.8,1227, 11648, 65.64,-1.31
AKSHARCHEM, EQ, 09-Aug-2021,456.85,461.0,477.85,456.95, 466.55,469.65,469.7,71534,335.99,3531, 40892, 57.16,2.8
AKSHARCHEM, EQ, 09-Aug-2023,264.2,268.7,268.7,255.6, 257.00,256.9,259.03,14554,37.7,1305, 9625, 66.13,-2.76
AKSHARCHEM, EQ, 09-Aug-2024,321.6,324.45,328.95,315.2,318.55,318.3,320.58,12965,41.56,938, 8415, 64.91,-1.03
AKSHARCHEM, EQ, 09-Sep-2020,233.1,230.25,233.45,226.15, 229.10,229.4,229.3,16309,37.4,786, 8963, 54.96,-1.59
AKSHARCHEM, EQ, 09-Sep-2021,430.2,431.0,442.5,430.0, 431.70,431.25,435.68,20845,90.82,1315, 10182, 48.85,0.24
AKSHARCHEM, EQ, 09-Sep-2022,367.5,367.5,382.0,367.5, 375.05,374.8,376.04,45835,172.36,3106, 21650, 47.23,1.99
AKSHARCHEM, EQ, 09-Sep-2024,343.15,345.0,360.0,335.1,354.0,347.55,348.18,14559,50.69,1394, 7160, 49.18,1.28
AKSHARCHEM, EQ, 09-Oct-2020,216.5,216.5,218.55,214.0, 216.25,215.65,216.57,9634,20.86,578, 6611, 68.62,-0.39
AKSHARCHEM, EQ, 09-Oct-2023,279.85,268.05,294.65,268.05, 283.00,286.0,285.87,23447,67.03,1373, 14586, 62.21,2.2
AKSHARCHEM, EQ, 09-Oct-2024,312.05,316.65,324.7,306.1,318.0,316.6,314.75,7229,22.75,362, 4524, 62.58,1.46
AKSHARCHEM, EQ, 09-Nov-2020,206.4,206.05,211.45,206.0, 208.25,208.15,208.99,9580,20.02,307, 7026, 73.34,0.85
AKSHARCHEM, EQ, 09-Nov-2021,451.3,454.4,472.2,453.3,471.0,470.5,467.38,81173,379.38,4959, 20013, 24.65,4.25
AKSHARCHEM, EQ, 09-Nov-2022,325.35,323.0,326.5,318.2, 320.05,321.3,323.02,5261,16.99,389, 3638, 69.15,-1.24
AKSHARCHEM, EQ, 09-Nov-2023,253.5,262.95,262.95,248.0, 248.50,248.9,252.59,9301,23.49,724, 5399, 58.05,-1.81
AKSHARCHEM, EQ, 09-Dec-2020,232.95,236.65,244.75,231.95,238.0,238.1,239.5,68115,163.13,2652, 29963, 43.99,2.21
AKSHARCHEM, EQ, 09-Dec-2021,439.75,445.9,445.9,435.15, 440.55,438.2,438.67,14099,61.85,1354, 8111, 57.53,-0.35
AKSHARCHEM, EQ, 09-Dec-2022,294.55,297.35,300.95,293.5, 295.35,296.15,296.07,6756,20.0,801, 2507, 37.11,0.54
AKSHARCHEM, EQ, 09-Dec-2024,310.45,316.45,316.45,306.25,313.8,311.85,309.19,5327,16.47,471, 3336, 62.62,0.45
AKSHARCHEM, EQ, 10-Jan-2020,242.8,248.0,253.45,240.4, 242.00,241.95,246.46,11177,27.55,504, 5860, 52.43,-0.35
AKSHARCHEM, EQ, 10-Jan-2022,453.5,452.0,462.25,451.6,455.15,456.75,456.27,11434,52.17,1051, 6722, 58.79,0.72
AKSHARCHEM, EQ, 10-Jan-2023,275.7,277.5,277.95,268.1,268.1,269.05,271.46,4203,11.41,426, 1855, 44.14,-2.41
AKSHARCHEM, EQ, 10-Jan-2024,281.3,280.0,293.9,280.0, 290.05,288.2,288.59,33655,97.12,1954, 12646, 37.58,2.45
AKSHARCHEM, EQ, 10-Jan-2025,296.6,298.2,298.2,282.45,283.9,283.5,288.5,4733,13.65,332, 2744, 57.98,-4.42
AKSHARCHEM, EQ, 10-Feb-2020,247.3,249.95,284.0,246.5, 273.45,271.8,273.95,52807,144.66,2235, 25908, 49.06,9.91
AKSHARCHEM, EQ, 10-Feb-2021,264.55,263.05,265.5,261.4,262.0,262.2,263.05,11505,30.26,591, 8631, 75.02,-0.89
AKSHARCHEM, EQ, 10-Feb-2022,420.35,428.95,428.95,418.0,419.8,419.05,421.48,10847,45.72,588, 7909, 72.91,-0.31
AKSHARCHEM, EQ, 10-Feb-2023,227.2,227.5,230.85,218.1, 221.35,222.0,222.11,11440,25.41,840, 5732, 50.10,-2.29
AKSHARCHEM, EQ, 10-Feb-2025,259.85,262.1,262.1,252.6,255.1,257.45,258.71,1364,3.53,126, 1038, 76.10,-0.92
AKSHARCHEM, EQ, 10-Mar-2021,242.15,245.0,252.9,242.1, 249.80,248.6,248.02,21653,53.7,1177, 10224, 47.22,2.66
AKSHARCHEM, EQ, 10-Mar-2022,365.7,388.0,388.0,364.85, 364.85,366.95,371.2,8977,33.32,682, 4324, 48.17,0.34
AKSHARCHEM, EQ, 10-Mar-2023,233.45,233.5,234.3,228.05, 230.30,230.85,230.55,6137,14.15,422, 3701, 60.31,-1.11
AKSHARCHEM, EQ, 10-Mar-2025,221.47,221.47,224.33,217.76,217.84,218.33,219.18,9761,21.39,287, 8371, 85.76,-1.42
AKSHARCHEM, EQ, 10-Apr-2023,221.45,221.4,227.0,220.1, 225.35,225.6,224.5,4270,9.59,300, 2772, 64.92,1.87
AKSHARCHEM, EQ, 10-May-2021,258.4,261.9,263.5,257.2, 257.25,260.0,261.13,14610,38.15,713, 9222, 63.12,0.62
AKSHARCHEM, EQ, 10-May-2022,334.75,335.95,339.35,315.8, 320.00,324.3,329.14,7895,25.99,500, 4330, 54.84,-3.12
AKSHARCHEM, EQ, 10-May-2023,231.25,230.8,235.3,230.0,230.2,230.65,232.2,5562,12.92,455, 3048, 54.80,-0.26
AKSHARCHEM, EQ, 10-May-2024,266.5,264.6,269.85,260.0,262.5,261.8,264.49,10727,28.37,674, 6753, 62.95,-1.76
AKSHARCHEM, EQ, 10-Jun-2020,207.85,211.0,219.95,207.05, 210.60,212.4,213.9,19375,41.44,885, 8258, 42.62,2.19
AKSHARCHEM, EQ, 10-Jun-2021,312.85,317.5,375.4,314.05, 366.80,364.75,361.55,1078577,3899.55,28643, 270540, 25.08,16.59
AKSHARCHEM, EQ, 10-Jun-2022,289.0,290.15,292.0,285.4,285.6,286.0,287.99,1840,5.3,174, 1188, 64.57,-1.04
AKSHARCHEM, EQ, 10-Jun-2024,257.05,257.2,265.95,253.0,265.85,264.55,259.98,8925,23.2,819, 4475, 50.14,2.92
AKSHARCHEM, EQ, 10-Jul-2020,222.1,220.25,225.1,215.1,216.8,217.0,219.7,31173,68.49,1987, 21619, 69.35,-2.3
AKSHARCHEM, EQ, 10-Jul-2023,241.0,247.95,254.0,240.7,242.4,242.9,246.17,17604,43.34,2620, 5769, 32.77,0.79
AKSHARCHEM, EQ, 10-Jul-2024,319.15,318.65,323.65,311.1,317.0,317.6,316.91,15633,49.54,880, 7963, 50.94,-0.49
AKSHARCHEM, EQ, 10-Aug-2020,236.2,238.75,239.85,236.1, 238.00,237.65,237.89,50541,120.23,2132, 29154, 57.68,0.61
AKSHARCHEM, EQ, 10-Aug-2021,469.65,473.9,473.9,433.85, 455.75,455.6,450.82,72501,326.85,4583, 36520, 50.37,-2.99
AKSHARCHEM, EQ, 10-Aug-2022,280.95,282.0,282.0,269.8,270.0,270.15,272.94,14678,40.06,801, 10547, 71.86,-3.84
AKSHARCHEM, EQ, 10-Aug-2023,256.9,259.9,261.6,237.05, 241.10,243.25,248.39,31773,78.92,2053, 12771, 40.19,-5.31
AKSHARCHEM, EQ, 10-Sep-2020,229.4,231.9,234.5,228.1, 228.25,229.75,231.81,18102,41.96,877, 6929, 38.28,0.15
AKSHARCHEM, EQ, 10-Sep-2024,347.55,348.1,360.0,348.0,348.0,351.75,353.28,10886,38.46,1121, 6230, 57.23,1.21
AKSHARCHEM, EQ, 10-Oct-2022,335.55,335.0,361.8,335.0, 361.10,358.45,354.02,39361,139.35,2525, 16575, 42.11,6.82
AKSHARCHEM, EQ, 10-Oct-2023,286.0,288.05,289.8,283.35, 284.95,284.9,286.07,10316,29.51,648, 6709, 65.03,-0.38
AKSHARCHEM, EQ, 10-Oct-2024,316.6,314.0,326.05,314.0,318.9,320.85,321.93,3927,12.64,326, 2269, 57.78,1.34
AKSHARCHEM, EQ, 10-Nov-2020,208.15,209.0,209.5,201.0, 205.00,203.85,206.87,5306,10.98,367, 3718, 70.07,-2.07
AKSHARCHEM, EQ, 10-Nov-2021,470.5,472.8,484.8,471.25, 483.65,483.45,478.53,150544,720.4,7374, 29595, 19.66,2.75
AKSHARCHEM, EQ, 10-Nov-2022,321.3,320.85,324.8,315.1, 317.10,317.45,320.6,3888,12.46,301, 2334, 60.03,-1.2
AKSHARCHEM, EQ, 10-Nov-2023,248.9,246.1,251.3,246.1,248.1,247.35,248.06,2726,6.76,335, 1442, 52.90,-0.62
AKSHARCHEM, EQ, 10-Dec-2020,238.1,239.95,240.0,230.0, 231.65,231.75,232.25,18244,42.37,905, 9642, 52.85,-2.67
AKSHARCHEM, EQ, 10-Dec-2021,438.2,444.0,448.0,438.25, 444.75,442.8,443.52,16331,72.43,1451, 7997, 48.97,1.05
AKSHARCHEM, EQ, 10-Dec-2024,311.85,311.7,313.9,300.0,310.0,308.5,307.53,8874,27.29,469, 5300, 59.73,-1.07
AKSHARCHEM, EQ, 11-Jan-2021,291.0,293.35,293.35,281.0, 286.00,285.65,285.37,34413,98.21,1923, 17531, 50.94,-1.84
AKSHARCHEM, EQ, 11-Jan-2022,456.75,454.75,462.65,452.3,458.0,456.15,458.27,11743,53.81,835, 7538, 64.19,-0.13
AKSHARCHEM, EQ, 11-Jan-2023,269.05,269.05,271.1,265.0, 265.10,265.7,267.5,6427,17.19,801, 2779, 43.24,-1.25
AKSHARCHEM, EQ, 11-Jan-2024,288.2,290.0,299.7,288.35, 290.25,290.95,294.03,36938,108.61,2557, 18718, 50.67,0.95
AKSHARCHEM, EQ, 11-Feb-2020,271.8,272.0,289.0,272.0, 275.00,274.35,276.82,43507,120.44,1197, 21164, 48.65,0.94
AKSHARCHEM, EQ, 11-Feb-2021,262.2,262.5,274.0,260.55,270.4,264.2,267.2,22683,60.61,849, 12566, 55.40,0.76
AKSHARCHEM, EQ, 11-Feb-2022,419.05,424.0,424.0,411.0,416.0,413.75,415.78,6801,28.28,543, 4819, 70.86,-1.26
AKSHARCHEM, EQ, 11-Feb-2025,257.45,256.4,260.9,246.1,248.0,250.15,252.85,6312,15.96,557, 3876, 61.41,-2.84
AKSHARCHEM, EQ, 11-Mar-2020,201.4,206.0,218.5,194.35, 210.00,210.7,209.95,32424,68.07,622, 26102, 80.50,4.62
AKSHARCHEM, EQ, 11-Mar-2022,366.95,366.0,387.7,365.95, 378.00,376.55,377.52,10268,38.76,779, 3945, 38.42,2.62
AKSHARCHEM, EQ, 11-Mar-2025,218.33,218.33,219.98,211.11,212.0,212.92,215.82,18406,39.72,348, 15686, 85.22,-2.48
AKSHARCHEM, EQ, 11-Apr-2022,419.5,421.4,430.0,412.1,413.35,413.6,418.6,16752,70.12,1510, 10060, 60.05,-1.41
AKSHARCHEM, EQ, 11-Apr-2023,225.6,227.65,227.65,225.05, 226.60,226.8,226.37,2069,4.68,150, 1537, 74.29,0.53
AKSHARCHEM, EQ, 11-Apr-2025,206.64,214.79,214.8,208.55,209.75,209.57,210.11,25191,52.93,533, 16813, 66.74,1.42
AKSHARCHEM, EQ, 11-May-2020,195.95,202.9,202.9,185.1, 188.30,187.05,191.73,11376,21.81,858, 7641, 67.17,-4.54
AKSHARCHEM, EQ, 11-May-2021,260.0,259.95,287.3,255.95, 275.50,277.15,277.98,136315,378.93,4601, 75310, 55.25,6.6
AKSHARCHEM, EQ, 11-May-2022,324.3,323.1,328.4,301.0,307.7,309.9,312.01,11083,34.58,965, 6556, 59.15,-4.44
AKSHARCHEM, EQ, 11-May-2023,230.65,230.25,239.2,227.95, 238.00,237.45,235.82,6897,16.26,440, 4426, 64.17,2.95
AKSHARCHEM, EQ, 11-Jun-2020,212.4,214.5,219.7,206.15, 206.55,207.5,213.32,29882,63.74,1059, 10585, 35.42,-2.31
AKSHARCHEM, EQ, 11-Jun-2021,364.75,373.0,373.35,340.0, 344.00,342.3,351.55,247602,870.46,12234, 106707, 43.10,-6.15
AKSHARCHEM, EQ, 11-Jun-2024,264.55,268.0,269.9,261.0,269.3,268.8,265.87,8135,21.63,803, 4626, 56.87,1.61
AKSHARCHEM, EQ, 11-Jul-2022,275.9,279.25,279.25,267.8,271.0,271.85,271.71,4577,12.44,320, 2224, 48.59,-1.47
AKSHARCHEM, EQ, 11-Jul-2023,242.9,243.05,247.7,240.8, 241.15,241.55,243.91,9826,23.97,2278, 3119, 31.74,-0.56
AKSHARCHEM, EQ, 11-Jul-2024,317.6,320.9,340.8,318.5,332.15,331.7,331.36,44293,146.77,1841, 29466, 66.53,4.44
AKSHARCHEM, EQ, 11-Aug-2020,237.65,239.0,253.45,236.2,240.0,239.95,245.73,187609,461.02,7366, 76022, 40.52,0.97
AKSHARCHEM, EQ, 11-Aug-2021,455.6,455.75,458.8,419.0, 434.00,436.25,432.54,83837,362.63,5742, 31905, 38.06,-4.25
AKSHARCHEM, EQ, 11-Aug-2022,270.15,273.9,273.9,263.0,264.0,263.45,266.04,9315,24.78,621, 7396, 79.40,-2.48
AKSHARCHEM, EQ, 11-Aug-2023,243.25,242.35,242.35,236.1, 239.00,238.85,239.07,19076,45.6,1545, 11127, 58.33,-1.81
AKSHARCHEM, EQ, 11-Sep-2020,229.75,230.0,233.05,225.0, 227.70,227.4,228.56,22201,50.74,822, 13992, 63.02,-1.02
AKSHARCHEM, EQ, 11-Sep-2023,302.3,305.0,318.0,290.35, 312.85,314.35,308.44,115742,356.99,6849, 41134, 35.54,3.99
AKSHARCHEM, EQ, 11-Sep-2024,351.75,348.0,353.95,338.0,338.6,338.7,343.73,10501,36.1,1020, 5958, 56.74,-3.71
AKSHARCHEM, EQ, 11-Oct-2021,538.85,543.8,562.6,513.25, 517.80,515.9,529.21,62169,329.01,4130, 33360, 53.66,-4.26
AKSHARCHEM, EQ, 11-Oct-2022,358.45,363.95,371.9,347.35, 357.15,350.95,363.23,37382,135.78,1893, 15131, 40.48,-2.09
AKSHARCHEM, EQ, 11-Oct-2023,284.9,285.0,290.45,281.0, 284.75,286.6,285.71,14927,42.65,893, 8080, 54.13,0.6
AKSHARCHEM, EQ, 11-Oct-2024,320.85,320.15,328.0,315.1,322.0,325.35,321.51,8321,26.75,878, 4263, 51.23,1.4
AKSHARCHEM, EQ, 11-Nov-2020,203.85,206.0,209.25,202.85, 204.00,204.15,205.82,22546,46.4,783, 11788, 52.28,0.15
AKSHARCHEM, EQ, 11-Nov-2021,483.45,479.0,501.0,476.0, 499.15,496.6,487.36,40777,198.73,3201, 19952, 48.93,2.72
AKSHARCHEM, EQ, 11-Nov-2022,317.45,322.05,324.95,292.65,298.7,298.05,303.36,30368,92.12,1973, 12965, 42.69,-6.11
AKSHARCHEM, EQ, 11-Nov-2024,313.95,315.0,315.0,301.75, 303.10,304.3,304.85,8727,26.6,449, 7078, 81.10,-3.07
AKSHARCHEM, EQ, 11-Dec-2020,231.75,233.7,244.0,232.7, 236.00,236.45,238.95,59715,142.69,2666, 28668, 48.01,2.03
AKSHARCHEM, EQ, 11-Dec-2023,269.4,273.35,273.35,265.0, 267.15,266.55,267.22,9091,24.29,462, 5893, 64.82,-1.06
AKSHARCHEM, EQ, 11-Dec-2024,308.5,309.1,309.1,303.35,309.0,308.65,306.91,5516,16.93,414, 2664, 48.30,0.05
AKSHARCHEM, EQ, 12-Jan-2021,285.65,285.65,288.6,280.0, 287.45,285.6,285.62,25361,72.44,1566, 13219, 52.12,-0.02
AKSHARCHEM, EQ, 12-Jan-2022,456.15,458.0,494.95,458.0,477.0,473.8,480.17,153844,738.72,6950, 40443, 26.29,3.87
AKSHARCHEM, EQ, 12-Jan-2023,265.7,270.0,270.9,263.3, 266.00,265.7,266.29,2905,7.74,239, 1421, 48.92,0.0
AKSHARCHEM, EQ, 12-Jan-2024,290.95,290.05,304.2,285.65,297.5,296.15,297.88,49846,148.48,1299, 29998, 60.18,1.79
AKSHARCHEM, EQ, 12-Feb-2020,274.35,275.05,275.05,241.1, 244.95,246.05,253.02,23683,59.92,1074, 14952, 63.13,-10.32
AKSHARCHEM, EQ, 12-Feb-2021,264.2,267.5,287.5,263.95,278.0,279.2,281.31,297427,836.69,7779, 73858, 24.83,5.68
AKSHARCHEM, EQ, 12-Feb-2024,268.85,264.15,273.9,262.7, 265.15,266.4,266.3,13540,36.06,1225, 5010, 37.00,-0.91
AKSHARCHEM, EQ, 12-Feb-2025,250.15,272.7,280.7,247.15,250.0,249.45,254.26,6699,17.03,559, 3307, 49.37,-0.28
AKSHARCHEM, EQ, 12-Mar-2020,210.7,204.25,208.0,186.0, 192.00,190.0,195.38,16233,31.72,581, 10811, 66.60,-9.82
AKSHARCHEM, EQ, 12-Mar-2021,248.6,248.6,249.65,244.0, 245.50,244.6,245.29,25894,63.51,791, 21534, 83.16,-1.61
AKSHARCHEM, EQ, 12-Mar-2025,212.92,209.0,214.32,209.0,210.5,211.05,211.86,9056,19.19,313, 7426, 82.00,-0.88
AKSHARCHEM, EQ, 12-Apr-2021,246.7,244.5,248.1,232.5, 236.05,236.85,238.04,17008,40.49,686, 11780, 69.26,-3.99
AKSHARCHEM, EQ, 12-Apr-2022,413.6,412.5,413.05,400.55, 405.80,406.45,406.2,13981,56.79,911, 8786, 62.84,-1.73
AKSHARCHEM, EQ, 12-Apr-2023,226.8,226.35,250.0,222.05, 235.60,238.85,235.66,13690,32.26,695, 7198, 52.58,5.31
AKSHARCHEM, EQ, 12-May-2020,187.05,188.05,191.5,181.25, 183.25,185.35,184.83,5729,10.59,426, 2938, 51.28,-0.91
AKSHARCHEM, EQ, 12-May-2021,277.15,281.0,317.65,271.95,301.0,301.6,302.91,741701,2246.66,22110, 162028, 21.85,8.82
AKSHARCHEM, EQ, 12-May-2022,309.9,308.0,309.9,299.7,302.15,303.05,303.39,5132,15.57,430, 2404, 46.84,-2.21
AKSHARCHEM, EQ, 12-May-2023,237.45,238.05,238.65,231.15, 231.20,231.5,234.05,4535,10.61,285, 2907, 64.10,-2.51
AKSHARCHEM, EQ, 12-Jun-2020,207.5,202.25,202.5,195.05, 200.00,199.85,199.78,34200,68.33,934, 19925, 58.26,-3.69
AKSHARCHEM, EQ, 12-Jun-2023,237.25,236.15,245.0,236.15, 241.50,241.55,241.82,17280,41.79,510, 11698, 67.70,1.81
AKSHARCHEM, EQ, 12-Jun-2024,268.8,269.95,272.5,267.2,269.85,269.25,269.76,4728,12.75,391, 3131, 66.22,0.17
AKSHARCHEM, EQ, 12-Jul-2021,406.1,407.2,464.8,397.1, 455.00,457.4,438.83,1069050,4691.31,42017, 168345, 15.75,12.63
AKSHARCHEM, EQ, 12-Jul-2022,271.85,270.05,277.4,270.05,273.0,273.7,273.22,3458,9.45,230, 1874, 54.19,0.68
AKSHARCHEM, EQ, 12-Jul-2023,241.55,244.3,245.2,238.0, 238.65,238.45,241.6,8890,21.48,2203, 4025, 45.28,-1.28
AKSHARCHEM, EQ, 12-Jul-2024,331.7,333.0,339.0,321.0,321.65,321.75,325.34,13895,45.21,748, 8329, 59.94,-3.0
AKSHARCHEM, EQ, 12-Aug-2020,239.95,241.3,248.0,239.1,239.9,239.8,242.48,100799,244.42,4746, 51520, 51.11,-0.06
AKSHARCHEM, EQ, 12-Aug-2021,436.25,437.5,464.7,437.5, 452.00,447.5,451.42,66048,298.15,5175, 32308, 48.92,2.58
AKSHARCHEM, EQ, 12-Aug-2022,263.45,267.35,279.4,262.1,273.0,275.25,267.59,13272,35.51,748, 7836, 59.04,4.48
AKSHARCHEM, EQ, 12-Aug-2024,318.3,319.2,325.5,309.0,317.9,313.65,315.03,14726,46.39,894, 8231, 55.89,-1.46
AKSHARCHEM, EQ, 12-Sep-2022,374.8,376.9,383.95,376.6, 379.95,379.5,380.24,26229,99.73,1573, 14299, 54.52,1.25
AKSHARCHEM, EQ, 12-Sep-2023,314.35,315.0,315.0,285.0, 289.90,288.65,299.72,52967,158.75,3557, 28474, 53.76,-8.18
AKSHARCHEM, EQ, 12-Sep-2024,338.7,341.05,344.0,330.15,330.55,332.4,334.57,11522,38.55,979, 7085, 61.49,-1.86
AKSHARCHEM, EQ, 12-Oct-2020,215.65,215.8,217.2,205.6, 208.00,207.15,210.45,22792,47.96,1028, 14546, 63.82,-3.94
AKSHARCHEM, EQ, 12-Oct-2021,515.9,516.0,529.0,501.1, 506.95,507.4,512.48,37680,193.1,2916, 18314, 48.60,-1.65
AKSHARCHEM, EQ, 12-Oct-2022,350.95,354.7,354.7,336.2, 345.00,344.85,344.3,9674,33.31,777, 4103, 42.41,-1.74
AKSHARCHEM, EQ, 12-Oct-2023,286.6,290.0,290.0,285.0, 285.70,286.15,286.38,3779,10.82,370, 2191, 57.98,-0.16
AKSHARCHEM, EQ, 12-Nov-2020,204.15,204.0,205.0,199.3, 201.50,201.4,201.28,28686,57.74,1231, 16931, 59.02,-1.35
AKSHARCHEM, EQ, 12-Nov-2021,496.6,504.9,504.9,482.15, 486.00,485.5,489.18,32635,159.64,1895, 16342, 50.08,-2.24
AKSHARCHEM, EQ, 12-Nov-2024,304.3,308.15,316.4,301.0,308.4,303.65,307.02,9613,29.51,489, 4262, 44.34,-0.21
AKSHARCHEM, EQ, 12-Dec-2022,296.15,296.0,297.1,285.1, 288.00,287.85,288.75,13850,39.99,2129, 9928, 71.68,-2.8
AKSHARCHEM, EQ, 12-Dec-2023,266.55,269.95,269.95,263.5, 264.55,265.85,266.77,5368,14.32,385, 1971, 36.72,-0.26
AKSHARCHEM, EQ, 12-Dec-2024,308.65,314.0,315.45,305.0,313.0,311.55,310.99,11696,36.37,748, 7045, 60.23,0.94
AKSHARCHEM, EQ, 13-Jan-2020,241.95,243.0,248.25,239.95, 245.00,245.55,245.6,12241,30.06,409, 8395, 68.58,1.49
AKSHARCHEM, EQ, 13-Jan-2021,285.6,285.0,290.35,273.0, 275.20,276.4,283.25,43229,122.45,2544, 17617, 40.75,-3.22
AKSHARCHEM, EQ, 13-Jan-2022,473.8,478.0,478.0,463.0, 468.40,466.65,467.84,15976,74.74,1311, 8847, 55.38,-1.51
AKSHARCHEM, EQ, 13-Jan-2023,265.7,267.0,268.9,262.6,267.0,264.45,265.35,13393,35.54,2778, 1922, 14.35,-0.47
AKSHARCHEM, EQ, 13-Jan-2025,283.5,283.5,285.0,267.05,273.0,272.55,276.0,11568,31.93,530, 8174, 70.66,-3.86
AKSHARCHEM, EQ, 13-Feb-2020,246.05,241.05,275.0,229.65, 265.00,264.9,265.15,52714,139.77,1881, 31237, 59.26,7.66
AKSHARCHEM, EQ, 13-Feb-2023,222.0,222.0,222.05,218.25,220.8,220.0,220.24,5521,12.16,429, 2764, 50.06,-0.9
AKSHARCHEM, EQ, 13-Feb-2024,266.4,265.15,268.05,259.0, 264.90,260.95,263.88,10724,28.3,588, 6065, 56.56,-2.05
AKSHARCHEM, EQ, 13-Feb-2025,249.45,249.6,260.95,249.4,252.5,252.55,253.7,3330,8.45,274, 1768, 53.09,1.24
AKSHARCHEM, EQ, 13-Mar-2020,190.0,172.0,219.95,160.05, 218.00,215.85,199.27,10305,20.53,491, 7599, 73.74,13.61
AKSHARCHEM, EQ, 13-Mar-2023,230.85,229.9,231.05,224.05, 226.60,225.0,227.78,7694,17.53,408, 5641, 73.32,-2.53
AKSHARCHEM, EQ, 13-Mar-2025,211.05,211.0,211.0,204.23,204.25,205.48,207.96,7136,14.84,440, 5326, 74.64,-2.64
AKSHARCHEM, EQ, 13-Apr-2020,180.85,182.0,210.0,182.0, 203.90,201.45,199.49,11987,23.91,781,5398,49.93,11.39
AKSHARCHEM, EQ, 13-Apr-2021,236.85,236.95,243.4,236.15, 243.00,241.9,240.29,7409,17.8,374, 3711, 50.09,2.13
AKSHARCHEM, EQ, 13-Apr-2022,406.45,402.05,416.95,402.05,408.0,408.6,409.95,8038,32.95,637, 4022, 50.04,0.53
AKSHARCHEM, EQ, 13-Apr-2023,238.85,240.2,244.7,230.3, 232.00,231.85,237.28,9398,22.3,595, 4986, 53.05,-2.93
AKSHARCHEM, EQ, 13-May-2020,185.35,189.1,222.4,189.1,220.0,216.0,214.46,231991,497.54,4292, 86764, 37.40,16.54
AKSHARCHEM, EQ, 13-May-2022,303.05,305.1,317.0,300.15,308.05,309.2,310.86,4707,14.63,575, 2238, 47.55,2.03
AKSHARCHEM, EQ, 13-May-2024,261.8,256.3,262.45,256.1,259.0,258.75,258.07,7052,18.2,612, 3261, 46.24,-1.17
AKSHARCHEM, EQ, 13-Jun-2022,286.0,284.0,284.0,271.0,272.0,272.95,273.46,4106,11.23,598, 2280, 55.53,-4.56
AKSHARCHEM, EQ, 13-Jun-2023,241.55,245.15,245.15,237.85, 238.00,238.75,240.03,7447,17.87,416, 4660, 62.58,-1.16
AKSHARCHEM, EQ, 13-Jun-2024,269.25,277.55,277.55,266.0,270.4,269.9,269.56,8652,23.32,1028, 5100, 58.95,0.24
AKSHARCHEM, EQ, 13-Jul-2020,217.0,220.0,230.65,218.0, 223.00,223.75,223.6,80501,180.0,3040, 57538, 71.47,3.11
AKSHARCHEM, EQ, 13-Jul-2021,457.4,457.95,497.7,442.65, 461.50,460.7,472.75,488904,2311.28,21860, 138024, 28.23,0.72
AKSHARCHEM, EQ, 13-Jul-2022,273.7,272.0,277.7,270.05,275.05,274.65,274.08,3360,9.21,294, 1781, 53.01,0.35
AKSHARCHEM, EQ, 13-Jul-2023,238.45,239.75,244.0,235.0, 237.60,235.5,239.32,10684,25.57,1483, 4832, 45.23,-1.24
AKSHARCHEM, EQ, 13-Aug-2020,239.8,241.0,244.0,238.0, 239.40,239.0,240.55,37897,91.16,1634, 21560, 56.89,-0.33
AKSHARCHEM, EQ, 13-Aug-2021,447.5,453.0,459.45,441.0,445.3,443.2,449.23,28748,129.15,2303, 11921, 41.47,-0.96
AKSHARCHEM, EQ, 13-Aug-2024,313.65,318.35,320.0,306.0,306.0,308.2,311.45,12188,37.96,1118, 7007, 57.49,-1.74
AKSHARCHEM, EQ, 13-Sep-2021,431.25,433.95,444.0,428.0, 430.15,429.0,434.98,43406,188.81,3454, 11641, 26.82,-0.52
AKSHARCHEM, EQ, 13-Sep-2022,379.5,381.0,382.0,370.0, 371.00,371.45,375.07,18417,69.08,1199, 9580, 52.02,-2.12
AKSHARCHEM, EQ, 13-Sep-2023,288.65,294.0,296.8,277.7, 295.15,293.65,287.57,28232,81.19,2461, 14265, 50.53,1.73
AKSHARCHEM, EQ, 13-Sep-2024,332.4,332.4,360.0,332.4,347.9,342.45,349.74,27194,95.11,2142, 12218, 44.93,3.02
AKSHARCHEM, EQ, 13-Oct-2020,207.15,206.0,210.5,203.85, 206.95,206.9,207.28,12790,26.51,429, 7183, 56.16,-0.12
AKSHARCHEM, EQ, 13-Oct-2021,507.4,507.05,523.85,502.0,509.0,506.1,511.9,34810,178.19,2784, 18535, 53.25,-0.26
AKSHARCHEM, EQ, 13-Oct-2022,344.85,344.8,348.9,330.95,336.0,335.95,336.7,14925,50.25,1071, 6423, 43.04,-2.58
AKSHARCHEM, EQ, 13-Oct-2023,286.15,284.7,289.65,281.65, 283.00,283.15,285.4,10508,29.99,647, 6873, 65.41,-1.05
AKSHARCHEM, EQ, 13-Nov-2020,201.4,204.1,204.15,197.15,201.7,201.05,199.66,15646,31.24,592, 8362, 53.44,-0.17
AKSHARCHEM, EQ, 13-Nov-2023,252.0,256.05,258.8,248.25, 251.25,251.35,251.04,3318,8.33,438, 2282, 68.78,-0.26
AKSHARCHEM, EQ, 13-Nov-2024,303.65,304.0,305.4,287.45,300.15,298.8,296.95,9682,28.75,588, 5079, 52.46,-1.6
AKSHARCHEM, EQ, 13-Dec-2021,442.8,445.65,462.5,443.45,462.5,457.3,454.73,33215,151.04,1957, 20248, 60.96,3.27
AKSHARCHEM, EQ, 13-Dec-2022,287.85,292.1,295.85,287.5, 294.00,293.25,292.27,4922,14.39,668, 2569, 52.19,1.88
AKSHARCHEM, EQ, 13-Dec-2023,265.85,264.8,268.9,262.05, 262.95,263.9,263.55,3724,9.81,324, 2413, 64.80,-0.73
AKSHARCHEM, EQ, 13-Dec-2024,311.55,308.75,309.45,302.0,302.6,303.0,305.46,1769,5.4,195, 803, 45.39,-2.74
AKSHARCHEM, EQ, 14-Jan-2020,245.55,247.95,257.25,245.0, 245.20,247.45,250.89,13598,34.12,499, 9612, 70.69,0.77
AKSHARCHEM, EQ, 14-Jan-2021,276.4,279.35,279.35,271.65, 274.00,273.6,275.53,15202,41.89,1063, 7059, 46.43,-1.01
AKSHARCHEM, EQ, 14-Jan-2022,466.65,465.7,477.4,460.5, 468.80,468.2,470.64,17782,83.69,1140, 7637, 42.95,0.33
AKSHARCHEM, EQ, 14-Jan-2025,272.55,274.0,284.25,264.0,264.1,266.4,269.95,16285,43.96,509, 10527, 64.64,-2.26
AKSHARCHEM, EQ, 14-Feb-2020,264.9,300.0,300.0,272.2, 280.20,280.0,282.57,55837,157.78,2322, 35715, 63.96,5.7
AKSHARCHEM, EQ, 14-Feb-2022,413.75,413.75,413.75,381.0,384.5,387.8,397.22,12893,51.21,1089, 7685, 59.61,-6.27
AKSHARCHEM, EQ, 14-Feb-2023,220.0,220.05,223.45,209.7,214.0,214.25,214.62,14301,30.69,651, 8002, 55.95,-2.61
AKSHARCHEM, EQ, 14-Feb-2024,260.95,262.55,268.0,259.55, 266.00,265.05,262.4,6067,15.92,348, 2825, 46.56,1.57
AKSHARCHEM, EQ, 14-Feb-2025,252.55,248.95,254.35,243.05,243.05,245.5,247.29,2189,5.41,224, 1691, 77.25,-2.79
AKSHARCHEM, EQ, 14-Mar-2022,376.55,376.6,383.05,372.5,377.0,378.35,378.71,7527,28.51,538, 4656, 61.86,0.48
AKSHARCHEM, EQ, 14-Mar-2023,225.0,224.9,226.9,219.0, 219.60,219.9,222.69,10163,22.63,916, 5109, 50.27,-2.27
AKSHARCHEM, EQ, 14-May-2020,216.0,208.0,227.35,202.0,217.3,217.8,217.36,241814,525.61,7640, 48632, 20.11,0.83
AKSHARCHEM, EQ, 14-May-2021,301.6,308.0,308.75,279.8, 285.50,285.3,293.1,97608,286.09,4297, 53156, 54.46,-5.4
AKSHARCHEM, EQ, 14-May-2024,258.75,260.95,265.4,259.4,264.5,263.1,262.55,5585,14.66,466, 2644, 47.34,1.68
AKSHARCHEM, EQ, 14-Jun-2021,342.3,343.0,372.35,319.95, 358.70,357.2,348.02,246772,858.8,10125, 91458, 37.06,4.35
AKSHARCHEM, EQ, 14-Jun-2022,272.95,276.95,280.85,268.0, 273.45,271.65,273.4,2982,8.15,347, 1556, 52.18,-0.48
AKSHARCHEM, EQ, 14-Jun-2023,238.75,242.0,258.05,237.3, 254.55,255.7,250.65,48358,121.21,1815, 29330, 60.65,7.1
AKSHARCHEM, EQ, 14-Jun-2024,269.9,273.0,278.0,269.8,273.9,272.3,272.48,9152,24.94,499, 6441, 70.38,0.89
AKSHARCHEM, EQ, 14-Jul-2020,223.75,225.5,241.95,222.7,233.0,233.9,234.27,418116,979.51,11240, 100871, 24.13,4.54
AKSHARCHEM, EQ, 14-Jul-2021,460.7,462.4,466.0,448.0, 451.50,450.4,457.09,74482,340.45,4487, 35925, 48.23,-2.24
AKSHARCHEM, EQ, 14-Jul-2022,274.65,274.8,277.45,270.1, 271.30,273.0,273.39,2404,6.57,260, 1118, 46.51,-0.6
AKSHARCHEM, EQ, 14-Jul-2023,235.5,238.0,243.95,234.45,239.45,238.35,238.89,16102,38.47,2809, 5103, 31.69,1.21
AKSHARCHEM, EQ, 14-Aug-2020,239.0,236.55,243.55,220.0, 227.80,226.2,231.61,103817,240.45,4002, 55897, 53.84,-5.36
AKSHARCHEM, EQ, 14-Aug-2023,238.85,236.1,238.05,232.95, 236.50,236.4,235.02,8813,20.71,954, 4494, 50.99,-1.03
AKSHARCHEM, EQ, 14-Aug-2024,308.2,308.85,310.0,303.15,303.2,304.4,305.9,5497,16.82,311, 3227, 58.70,-1.23
AKSHARCHEM, EQ, 14-Sep-2020,227.4,229.95,233.45,227.15,230.25,231.2,231.37,21203,49.06,985, 9414, 44.40,1.67
AKSHARCHEM, EQ, 14-Sep-2021,429.0,432.05,439.0,427.05, 429.40,429.35,430.89,12066,51.99,1050, 6509, 53.94,0.08
AKSHARCHEM, EQ, 14-Sep-2022,371.45,361.8,373.25,361.8,371.8,368.9,368.32,19440,71.6,1061, 8185, 42.10,-0.69
AKSHARCHEM, EQ, 14-Sep-2023,293.65,295.15,302.45,292.85, 296.75,295.8,297.04,12673,37.64,1130, 8482, 66.93,0.73
AKSHARCHEM, EQ, 14-Oct-2020,206.9,206.0,211.1,201.4, 205.60,207.0,205.11,13656,28.01,882, 7206, 52.77,0.05
AKSHARCHEM, EQ, 14-Oct-2021,506.1,511.75,514.8,496.0,501.4,503.55,505.9,50421,255.08,2754, 30949, 61.38,-0.5
AKSHARCHEM, EQ, 14-Oct-2022,335.95,340.95,346.0,335.35, 336.00,338.05,341.26,6165,21.04,653, 3335, 54.10,0.63
AKSHARCHEM, EQ, 14-Oct-2024,325.35,329.85,329.85,315.1,315.1,316.85,320.9,4972,15.95,569, 2642, 53.14,-2.61
AKSHARCHEM, EQ, 14-Nov-2022,298.05,304.65,304.65,284.65,295.95,294.25,291.04,18590,54.11,1288, 10529, 56.64,-1.27
AKSHARCHEM, EQ, 14-Nov-2024,298.8,305.0,313.0,300.0, 300.00,301.3,306.07,8472,25.93,589, 4346, 51.30,0.84
AKSHARCHEM, EQ, 14-Dec-2020,236.45,238.0,249.3,236.0,245.15,246.95,245.62,89991,221.04,3917, 52985, 58.88,4.44
AKSHARCHEM, EQ, 14-Dec-2021,457.3,452.95,480.0,449.15,479.8,476.95,471.68,63988,301.82,2478, 39874, 62.31,4.3
AKSHARCHEM, EQ, 14-Dec-2022,293.25,294.0,294.4,284.6, 285.00,285.05,286.8,16838,48.29,2820, 11829, 70.25,-2.8
AKSHARCHEM, EQ, 14-Dec-2023,263.9,264.1,265.0,250.55, 259.00,259.2,257.22,21376,54.98,1199, 10647, 49.81,-1.78
AKSHARCHEM, EQ, 15-Jan-2020,247.45,247.45,254.0,245.0, 249.00,249.65,249.15,8314,20.71,283, 5381, 64.72,0.89
AKSHARCHEM, EQ, 15-Jan-2021,273.6,273.6,277.5,261.75,269.0,265.05,268.36,34321,92.11,1894, 18464, 53.80,-3.13
AKSHARCHEM, EQ, 15-Jan-2024,296.15,298.0,301.0,290.4, 294.45,293.35,294.61,22876,67.4,1128, 12496, 54.62,-0.95
AKSHARCHEM, EQ, 15-Jan-2025,266.4,268.8,280.05,265.1,270.25,271.25,271.5,7895,21.44,512, 3833, 48.55,1.82
AKSHARCHEM, EQ, 15-Feb-2021,279.2,282.0,285.7,261.05, 265.00,265.15,276.11,96568,266.63,2874, 58094, 60.16,-5.03
AKSHARCHEM, EQ, 15-Feb-2022,387.8,392.5,397.95,370.85,394.0,393.9,384.44,20980,80.65,1552, 9892, 47.15,1.57
AKSHARCHEM, EQ, 15-Feb-2023,214.25,218.05,223.95,211.1, 221.55,220.7,219.52,13350,29.31,733, 6883, 51.56,3.01
AKSHARCHEM, EQ, 15-Feb-2024,265.05,273.0,273.0,263.6, 265.15,267.0,268.69,8165,21.94,440, 4135, 50.64,0.74
AKSHARCHEM, EQ, 15-Mar-2021,244.6,245.6,256.0,244.0, 244.90,246.45,248.01,66654,165.31,2433, 39420, 59.14,0.76
AKSHARCHEM, EQ, 15-Mar-2022,378.35,380.45,385.85,366.6,375.0,373.1,377.85,7538,28.48,615, 5161, 68.47,-1.39
AKSHARCHEM, EQ, 15-Mar-2023,219.9,222.0,224.95,221.5, 221.50,222.4,223.02,3919,8.74,242, 2878, 73.44,1.14
AKSHARCHEM, EQ, 15-Apr-2020,201.45,210.0,216.95,193.4, 193.40,196.0,206.22,9203,18.98,579, 4505, 48.95,-2.71
AKSHARCHEM, EQ, 15-Apr-2021,241.9,245.65,245.65,238.0,239.05,240.25,239.68,7304,17.51,304, 3944, 54.00,-0.68
AKSHARCHEM, EQ, 15-Apr-2025,209.57,216.84,216.84,211.0,213.4,212.25,212.75,11100,23.62,354, 8242, 74.25,1.28
AKSHARCHEM, EQ, 15-May-2020,217.8,219.95,224.0,202.0,202.25,203.45,208.39,48584,101.24,2053, 27793, 57.21,-6.59
AKSHARCHEM, EQ, 15-May-2023,231.5,232.6,234.95,228.1, 228.10,228.85,230.86,6496,15.0,335, 4998, 76.94,-1.14
AKSHARCHEM, EQ, 15-May-2024,263.1,266.0,269.75,264.7,268.2,267.95,267.58,6153,16.46,442, 2642, 42.94,1.84
AKSHARCHEM, EQ, 15-Jun-2020,199.85,198.35,205.05,197.0,200.0,200.85,201.38,13634,27.46,709, 5636, 41.34,0.5
AKSHARCHEM, EQ, 15-Jun-2021,357.2,361.95,383.95,357.35, 364.15,363.8,369.64,153405,567.05,6334, 68540, 44.68,1.85
AKSHARCHEM, EQ, 15-Jun-2022,271.65,275.05,277.95,270.05, 273.20,274.2,272.95,2583,7.05,289, 1606, 62.18,0.94
AKSHARCHEM, EQ, 15-Jun-2023,255.7,258.0,258.9,250.0, 250.50,251.8,253.31,17848,45.21,1099, 9738, 54.56,-1.53
AKSHARCHEM, EQ, 15-Jul-2020,233.9,237.8,242.0,227.0,227.0,228.25,235.52,124329,292.83,5321, 60083, 48.33,-2.42
AKSHARCHEM, EQ, 15-Jul-2021,450.4,454.6,469.4,442.0, 456.00,455.8,456.26,86366,394.06,4834, 22968, 26.59,1.2
AKSHARCHEM, EQ, 15-Jul-2022,273.0,277.0,285.0,270.45,280.15,280.55,277.76,5440,15.11,404, 2502, 45.99,2.77
AKSHARCHEM, EQ, 15-Jul-2024,321.75,321.75,322.55,309.55,312.05,312.65,314.13,14392,45.21,864, 8139, 56.55,-2.83
AKSHARCHEM, EQ, 15-Sep-2020,231.2,233.0,238.05,232.9, 237.85,237.55,236.17,21853,51.61,1037, 12675, 58.00,2.75
AKSHARCHEM, EQ, 15-Sep-2021,429.35,429.75,438.9,429.6, 431.00,431.0,435.39,17842,77.68,1195, 8818, 49.42,0.38
AKSHARCHEM, EQ, 15-Sep-2022,368.9,370.0,370.15,357.85,362.2,361.55,361.99,13202,47.79,968, 7497, 56.79,-1.99
AKSHARCHEM, EQ, 15-Sep-2023,295.8,297.6,299.8,288.0, 288.15,289.4,292.17,12065,35.25,1124, 7410, 61.42,-2.16
AKSHARCHEM, EQ, 15-Oct-2020,207.0,204.0,211.0,202.05, 203.90,203.75,205.85,8855,18.23,564, 5633, 63.61,-1.57
AKSHARCHEM, EQ, 15-Oct-2024,316.85,315.2,319.95,312.5,314.0,314.7,316.06,3079,9.73,405, 1490, 48.39,-0.68
AKSHARCHEM, EQ, 15-Nov-2021,485.5,488.0,496.55,463.0, 463.00,470.85,482.01,20139,97.07,1518, 11323, 56.22,-3.02
AKSHARCHEM, EQ, 15-Nov-2022,294.25,291.0,353.1,291.0, 339.00,339.85,338.89,215542,730.44,10296, 36811, 17.08,15.5
AKSHARCHEM, EQ, 15-Nov-2023,251.35,254.75,255.8,249.15, 252.80,250.85,251.04,5383,13.51,446, 3512, 65.24,-0.2
AKSHARCHEM, EQ, 15-Dec-2020,246.95,249.05,253.0,244.0,245.85,248.15,247.2,51262,126.72,1680, 29258, 57.08,0.49
AKSHARCHEM, EQ, 15-Dec-2021,476.95,480.75,495.95,465.25, 469.10,469.35,477.76,31363,149.84,2525, 16034, 51.12,-1.59
AKSHARCHEM, EQ, 15-Dec-2022,285.05,281.25,290.75,279.3, 281.20,282.1,284.71,10321,29.38,1020, 5705, 55.28,-1.03
AKSHARCHEM, EQ, 15-Dec-2023,259.2,263.05,271.15,258.8, 267.05,267.0,266.52,12031,32.06,935, 7307, 60.73,3.01
AKSHARCHEM, EQ, 16-Jan-2020,249.65,252.0,256.2,249.65, 254.00,253.25,253.63,9725,24.67,401, 6175, 63.50,1.44
AKSHARCHEM, EQ, 16-Jan-2023,264.45,265.6,265.95,261.1, 262.50,263.2,263.74,3742,9.87,392, 1824, 48.74,-0.47
AKSHARCHEM, EQ, 16-Jan-2024,293.35,291.15,297.0,286.4, 286.55,287.7,291.14,15898,46.29,1042, 8570, 53.91,-1.93
AKSHARCHEM, EQ, 16-Jan-2025,271.25,272.7,288.0,272.7,288.0,281.55,280.37,5716,16.03,437, 2650, 46.36,3.8
AKSHARCHEM, EQ, 16-Feb-2021,265.15,269.15,271.5,257.0, 264.00,261.1,264.7,32516,86.07,1402, 16553, 50.91,-1.53
AKSHARCHEM, EQ, 16-Feb-2022,393.9,396.0,408.0,391.35,397.0,397.4,401.02,12875,51.63,1259, 7026, 54.57,0.89
AKSHARCHEM, EQ, 16-Feb-2023,220.7,219.15,257.0,219.15, 242.65,248.65,246.51,93100,229.5,3822, 48544, 52.14,12.66
AKSHARCHEM, EQ, 16-Feb-2024,267.0,264.0,270.45,261.55,263.95,263.15,264.85,7755,20.54,455, 4600, 59.32,-1.44
AKSHARCHEM, EQ, 16-Mar-2020,215.85,205.0,220.0,187.95, 195.00,194.3,199.59,4866,9.71,322, 2902, 59.64,-9.98
AKSHARCHEM, EQ, 16-Mar-2021,246.45,247.9,252.65,240.05, 245.00,244.7,244.59,55641,136.09,1223, 40857, 73.43,-0.71
AKSHARCHEM, EQ, 16-Mar-2022,373.1,383.85,383.85,375.0,376.0,377.8,378.45,3682,13.93,242, 2434, 66.11,1.26
AKSHARCHEM, EQ, 16-Mar-2023,222.4,220.0,224.0,218.1, 219.60,220.85,220.29,5933,13.07,884, 2657, 44.78,-0.7
AKSHARCHEM, EQ, 16-Apr-2020,196.0,196.0,199.65,191.05, 196.00,195.85,195.55,2787,5.45,139, 1546, 55.47,-0.08
AKSHARCHEM, EQ, 16-Apr-2021,240.25,244.0,244.0,236.0,238.0,236.9,239.02,6202,14.82,283, 5135, 82.80,-1.39
AKSHARCHEM, EQ, 16-Apr-2025,212.25,213.9,218.78,213.9,217.95,217.6,216.65,11275,24.43,446, 7676, 68.08,2.52
AKSHARCHEM, EQ, 16-May-2022,309.2,315.85,321.0,309.0,318.4,315.0,313.74,4922,15.44,417, 2683, 54.51,1.88
AKSHARCHEM, EQ, 16-May-2023,228.85,232.9,234.0,228.0,231.0,231.85,230.28,6304,14.52,325, 4283, 67.94,1.31
AKSHARCHEM, EQ, 16-May-2024,267.95,275.4,275.4,267.05,267.35,267.55,269.24,4726,12.72,265, 1920, 40.63,-0.15
AKSHARCHEM, EQ, 16-Jun-2020,200.85,202.1,210.0,189.0, 200.00,200.1,201.0,20071,40.34,996, 8415, 41.93,-0.37
AKSHARCHEM, EQ, 16-Jun-2021,363.8,364.0,370.0,352.3, 353.35,354.95,360.27,38335,138.11,2483, 18949, 49.43,-2.43
AKSHARCHEM, EQ, 16-Jun-2022,274.2,274.2,276.15,254.3, 255.50,257.7,263.18,7249,19.08,757, 4304, 59.37,-6.02
AKSHARCHEM, EQ, 16-Jun-2023,251.8,252.4,253.2,246.55, 249.45,249.3,249.83,10310,25.76,1038, 6806, 66.01,-0.99
AKSHARCHEM, EQ, 16-Jul-2020,228.25,228.25,229.3,217.1, 220.00,218.4,219.75,55196,121.29,2150, 33788, 61.21,-4.32
AKSHARCHEM, EQ, 16-Jul-2021,455.8,455.8,459.3,440.0, 441.00,440.95,444.2,64743,287.59,4022, 32479, 50.17,-3.26
AKSHARCHEM, EQ, 16-Jul-2024,312.65,312.65,321.9,311.1,312.5,313.45,313.99,9204,28.9,598, 4935, 53.62,0.26
AKSHARCHEM, EQ, 16-Aug-2021,443.2,448.0,454.2,435.0,437.9,436.85,439.97,17543,77.18,1488, 8429, 48.05,-1.43
AKSHARCHEM, EQ, 16-Aug-2022,275.25,275.0,278.95,271.0,274.0,273.8,273.96,6221,17.04,479, 4432, 71.24,-0.53
AKSHARCHEM, EQ, 16-Aug-2023,236.4,237.0,239.0,236.05, 238.90,238.25,237.78,5464,12.99,467, 2724, 49.85,0.78
AKSHARCHEM, EQ, 16-Aug-2024,304.4,301.5,316.0,301.5,315.9,314.4,309.82,5692,17.63,429, 3602, 63.28,3.29
AKSHARCHEM, EQ, 16-Sep-2020,237.55,238.05,241.0,235.0,236.0,236.8,238.01,26012,61.91,1062, 13975, 53.73,-0.32
AKSHARCHEM, EQ, 16-Sep-2021,431.0,434.85,436.8,419.0,425.0,422.9,428.09,34759,148.8,1442, 16249, 46.75,-1.88
AKSHARCHEM, EQ, 16-Sep-2022,361.55,353.35,364.45,339.3, 345.80,342.9,349.64,12517,43.76,1152, 7362, 58.82,-5.16
AKSHARCHEM, EQ, 16-Sep-2024,342.45,348.75,348.75,335.0,341.0,340.2,340.78,8850,30.16,900, 5219, 58.97,-0.66
AKSHARCHEM, EQ, 16-Oct-2020,203.75,205.5,207.0,202.1, 205.50,203.8,204.66,9738,19.93,934, 4985, 51.19,0.02
AKSHARCHEM, EQ, 16-Oct-2023,283.15,282.3,287.7,280.1, 282.95,281.05,283.41,6447,18.27,439, 4449, 69.01,-0.74
AKSHARCHEM, EQ, 16-Oct-2024,314.7,314.65,319.3,312.9,318.5,317.05,315.48,2550,8.04,331, 1551, 60.82,0.75
AKSHARCHEM, EQ, 16-Nov-2021,470.85,469.9,479.0,464.6, 473.95,472.85,471.39,23669,111.57,2111, 10487, 44.31,0.42
AKSHARCHEM, EQ, 16-Nov-2022,339.85,333.9,333.9,315.0, 317.10,317.05,323.69,39339,127.34,2416, 19033, 48.38,-6.71
AKSHARCHEM, EQ, 16-Nov-2023,250.85,252.35,253.45,246.0, 246.10,247.05,249.24,7024,17.51,592, 5485, 78.09,-1.51
AKSHARCHEM, EQ, 16-Dec-2020,248.15,251.45,252.0,246.05, 246.50,246.85,249.05,34003,84.68,1718, 20764, 61.07,-0.52
AKSHARCHEM, EQ, 16-Dec-2021,469.35,477.9,477.9,452.15, 459.70,456.35,461.13,15524,71.59,1402, 8973, 57.80,-2.77
AKSHARCHEM, EQ, 16-Dec-2022,282.1,280.0,284.7,278.55, 282.65,282.85,281.63,7653,21.55,945, 4884, 63.82,0.27
AKSHARCHEM, EQ, 16-Dec-2024,303.0,304.6,314.2,304.6,306.0,306.75,308.68,6094,18.81,356, 3927, 64.44,1.24
AKSHARCHEM, EQ, 17-Jan-2020,253.25,255.2,265.9,252.15, 263.00,262.35,260.36,10279,26.76,508, 5644, 54.91,3.59
AKSHARCHEM, EQ, 17-Jan-2022,468.2,468.0,473.25,463.0,467.9,468.1,468.29,11334,53.08,925, 6826, 60.23,-0.02
AKSHARCHEM, EQ, 17-Jan-2023,263.2,262.6,264.0,260.2,261.55,261.8,262.11,3622,9.49,481, 1511, 41.72,-0.53
AKSHARCHEM, EQ, 17-Jan-2024,287.7,289.35,289.35,281.35, 282.45,282.25,283.74,18772,53.26,1024, 8807, 46.92,-1.89
AKSHARCHEM, EQ, 17-Jan-2025,281.55,279.9,290.75,279.9,281.9,286.4,285.36,4177,11.92,437, 1930, 46.21,1.72
AKSHARCHEM, EQ, 17-Feb-2020,280.0,280.8,311.0,279.95, 303.00,302.05,301.61,60056,181.14,2418, 35810, 59.63,7.88
AKSHARCHEM, EQ, 17-Feb-2021,261.1,261.25,265.4,249.8, 253.55,253.05,256.64,60833,156.12,1868, 40954, 67.32,-3.08
AKSHARCHEM, EQ, 17-Feb-2022,397.4,397.4,403.0,390.05,403.0,398.75,398.06,9440,37.58,716, 5896, 62.46,0.34
AKSHARCHEM, EQ, 17-Feb-2023,248.65,248.4,248.95,232.0, 233.80,233.75,240.52,30487,73.33,1868, 15463, 50.72,-5.99
AKSHARCHEM, EQ, 17-Feb-2025,245.5,249.1,249.1,229.0,232.0,231.8,234.18,7359,17.23,708, 4847, 65.86,-5.58
AKSHARCHEM, EQ, 17-Mar-2020,194.3,191.35,207.0,178.8, 180.00,180.55,188.79,9100,17.18,430, 5777, 63.48,-7.08
AKSHARCHEM, EQ, 17-Mar-2021,244.7,242.3,246.9,241.0,241.0,241.05,242.34,8218,19.92,364, 6008, 73.11,-1.49
AKSHARCHEM, EQ, 17-Mar-2022,377.8,383.25,392.45,373.8, 375.15,376.05,383.78,11738,45.05,1000, 6058, 51.61,-0.46
AKSHARCHEM, EQ, 17-Mar-2023,220.85,222.45,223.1,216.05, 216.70,217.15,219.02,4212,9.23,339, 2930, 69.56,-1.68
AKSHARCHEM, EQ, 17-Mar-2025,205.48,206.0,214.91,196.1,198.71,202.25,204.6,14079,28.81,596, 10284, 73.04,-1.57
AKSHARCHEM, EQ, 17-Apr-2020,195.85,210.85,210.85,195.4, 203.10,202.65,201.74,7365,14.86,253, 3169, 43.03,3.47
AKSHARCHEM, EQ, 17-Apr-2023,231.85,233.45,233.45,227.05, 228.25,228.3,228.72,3743,8.56,233, 2229, 59.55,-1.53
AKSHARCHEM, EQ, 17-Apr-2025,217.6,219.85,222.0,216.49,222.0,221.09,219.43,6530,14.33,316, 3807, 58.30,1.6
AKSHARCHEM, EQ, 17-May-2021,285.3,287.55,293.7,282.15,286.0,288.55,288.19,37845,109.07,1844, 17077, 45.12,1.14
AKSHARCHEM, EQ, 17-May-2022,315.0,319.65,334.85,314.65, 332.00,329.5,323.95,4673,15.14,352, 3300, 70.62,4.6
AKSHARCHEM, EQ, 17-May-2023,231.85,230.25,232.4,226.6, 227.50,227.4,228.58,5100,11.66,300, 3599, 70.57,-1.92
AKSHARCHEM, EQ, 17-May-2024,267.55,270.3,274.9,267.75,268.0,267.95,270.51,4822,13.04,451, 2251, 46.68,0.15
AKSHARCHEM, EQ, 17-Jun-2020,200.1,198.05,202.35,196.0,197.4,197.2,198.94,8049,16.01,513, 4806, 59.71,-1.45
AKSHARCHEM, EQ, 17-Jun-2021,354.95,353.0,386.0,350.05, 369.00,368.0,375.6,222576,836.0,9424, 100600, 45.20,3.68
AKSHARCHEM, EQ, 17-Jun-2022,257.7,262.75,268.0,250.55,266.0,262.5,257.62,5137,13.23,680, 2630, 51.20,1.86
AKSHARCHEM, EQ, 17-Jul-2020,218.4,219.0,227.4,217.5, 222.00,222.6,223.47,34549,77.21,1744, 17002, 49.21,1.92
AKSHARCHEM, EQ, 17-Jul-2023,238.35,241.85,252.85,238.4,244.0,243.55,245.01,19825,48.57,2578, 5982, 30.17,2.18
AKSHARCHEM, EQ, 16-Jul-2024,312.65,312.65,321.9,311.1,312.5,313.45,313.99,9204,28.9,598, 4935, 53.62,0.26
AKSHARCHEM, EQ, 17-Aug-2020,226.2,227.0,229.65,219.5, 220.50,220.0,221.68,55631,123.32,2229, 37298, 67.05,-2.74
AKSHARCHEM, EQ, 17-Aug-2021,436.85,438.0,444.05,412.35,416.4,420.45,428.16,29834,127.74,2037, 14327, 48.02,-3.75
AKSHARCHEM, EQ, 17-Aug-2022,273.8,274.35,281.65,272.2, 276.40,275.4,276.0,4758,13.13,333, 2265, 47.60,0.58
AKSHARCHEM, EQ, 17-Aug-2023,238.25,243.0,243.0,231.4, 233.55,234.2,236.37,9859,23.3,1372, 4776, 48.44,-1.7
AKSHARCHEM, EQ, 17-Sep-2020,236.8,235.95,237.9,231.0, 232.40,232.5,233.77,16439,38.43,812, 5901, 35.90,-1.82
AKSHARCHEM, EQ, 17-Sep-2021,422.9,423.0,428.0,409.0, 414.80,412.95,417.45,30605,127.76,2188, 14285, 46.68,-2.35
AKSHARCHEM, EQ, 17-Sep-2024,340.2,348.0,348.0,333.15,336.2,337.0,337.6,7994,26.99,572, 3982, 49.81,-0.94
AKSHARCHEM, EQ, 17-Oct-2022,338.05,335.7,340.25,326.9,334.0,334.6,332.23,14498,48.17,1921, 4451, 30.70,-1.02
AKSHARCHEM, EQ, 17-Oct-2023,281.05,285.05,291.3,278.3,278.45,280.85,285.89,10618,30.36,694, 4037, 38.02,-0.07
AKSHARCHEM, EQ, 17-Oct-2024,317.05,320.0,321.7,305.15,306.25,308.65,311.53,4905,15.28,496, 3213, 65.50,-2.65
AKSHARCHEM, EQ, 17-Nov-2020,202.15,202.25,203.0,199.0, 199.95,199.7,200.05,19755,39.52,719, 14126, 71.51,-1.21
AKSHARCHEM, EQ, 17-Nov-2021,472.85,474.0,474.0,460.0, 460.00,460.5,463.53,14231,65.97,1402, 8181, 57.49,-2.61
AKSHARCHEM, EQ, 17-Nov-2022,317.05,317.0,330.4,311.3, 318.00,315.7,320.92,11855,38.04,1293, 4377, 36.92,-0.43
AKSHARCHEM, EQ, 17-Nov-2023,247.05,250.7,250.7,245.1, 247.00,245.75,247.28,3043,7.52,324, 1893, 62.21,-0.53
AKSHARCHEM, EQ, 17-Dec-2020,246.85,246.0,247.0,238.0, 239.90,240.45,242.99,23956,58.21,872, 15851, 66.17,-2.59
AKSHARCHEM, EQ, 17-Dec-2021,456.35,455.8,471.85,443.45, 454.55,452.9,453.33,18351,83.19,2133, 8387, 45.70,-0.76
AKSHARCHEM, EQ, 17-Dec-2024,306.75,308.4,368.1,308.05,339.0,338.45,359.26,464257,1667.88,8293, 171527, 36.95,10.33
AKSHARCHEM, EQ, 18-Jan-2021,265.05,268.0,268.5,258.1, 262.55,262.2,262.07,14571,38.19,858, 8686, 59.61,-1.08
AKSHARCHEM, EQ, 18-Jan-2022,468.1,466.0,491.95,460.5, 462.05,463.15,475.79,40184,191.19,2582, 16138, 40.16,-1.06
AKSHARCHEM, EQ, 18-Jan-2023,261.8,270.0,270.0,260.2,260.2,261.75,264.55,16300,43.12,2654, 4578, 28.09,-0.02
AKSHARCHEM, EQ, 18-Jan-2024,282.25,280.0,285.95,268.65, 272.30,272.45,273.04,46107,125.89,2056, 21944, 47.59,-3.47
AKSHARCHEM, EQ, 18-Feb-2020,302.05,308.0,332.95,297.75, 321.00,318.2,317.07,66086,209.54,3763, 24173, 36.58,5.35
AKSHARCHEM, EQ, 18-Feb-2021,253.05,257.5,258.9,247.8,258.25,256.9,254.3,43549,110.75,1929, 18630, 42.78,1.52
AKSHARCHEM, EQ, 18-Feb-2022,398.75,398.75,399.95,382.4,390.0,387.45,390.45,6628,25.88,537, 3574, 53.92,-2.83
AKSHARCHEM, EQ, 18-Feb-2025,231.8,236.95,236.95,227.0,227.0,227.45,229.96,5548,12.76,375, 3591, 64.73,-1.88
AKSHARCHEM, EQ, 18-Mar-2020,180.55,187.95,190.0,162.7, 168.00,168.0,170.9,10685,18.26,382, 7934, 74.25,-6.95
AKSHARCHEM, EQ, 18-Mar-2021,241.05,244.8,244.95,237.2, 239.50,239.15,240.44,26893,64.66,881, 20686, 76.92,-0.79
AKSHARCHEM, EQ, 18-Mar-2025,202.25,202.0,214.0,201.32,205.05,206.96,209.13,18464,38.61,1119, 12822, 69.44,2.33
AKSHARCHEM, EQ, 18-Apr-2022,408.6,405.0,405.0,391.55, 394.95,394.3,396.64,10385,41.19,895, 5359, 51.60,-3.5
AKSHARCHEM, EQ, 18-Apr-2023,228.3,230.65,232.9,224.45, 232.90,230.7,228.66,4500,10.29,334, 2293, 50.96,1.05
AKSHARCHEM, EQ, 18-May-2020,203.45,207.0,208.95,191.1, 197.00,193.6,198.57,30368,60.3,1321, 12717, 41.88,-4.84
AKSHARCHEM, EQ, 18-May-2021,288.55,291.1,294.45,282.95, 283.45,284.9,287.54,32006,92.03,1585, 19512, 60.96,-1.26
AKSHARCHEM, EQ, 18-May-2022,329.5,332.85,339.05,325.0,325.25,326.8,330.7,6515,21.54,504, 4069, 62.46,-0.82
AKSHARCHEM, EQ, 18-May-2023,227.4,229.05,231.65,224.9, 226.50,225.85,227.94,6561,14.96,355, 4134, 63.01,-0.68
AKSHARCHEM, EQ, 18-Jun-2020,197.2,197.0,208.0,197.0,207.9,207.1,206.02,21582,44.46,904, 13441, 62.28,5.02
AKSHARCHEM, EQ, 18-Jun-2021,368.0,374.0,382.0,345.35, 358.00,359.5,361.31,76638,276.9,3143, 31507, 41.11,-2.31
AKSHARCHEM, EQ, 18-Jun-2024,272.3,272.65,272.7,261.55,263.8,263.15,265.3,15533,41.21,644, 10871, 69.99,-3.36
AKSHARCHEM, EQ, 18-Jul-2022,280.55,280.0,286.5,278.25,280.5,281.95,282.83,5726,16.2,333, 2080, 36.33,0.5
AKSHARCHEM, EQ, 18-Jul-2023,243.55,244.6,244.75,235.55, 243.60,237.35,240.17,14335,34.43,2036, 6072, 42.36,-2.55
AKSHARCHEM, EQ, 18-Jul-2024,313.45,312.65,312.7,301.0,301.0,303.2,307.05,15366,47.18,1045, 10422, 67.83,-3.27
AKSHARCHEM, EQ, 18-Aug-2020,220.0,220.1,226.0,219.3,221.0,220.1,222.07,55962,124.27,1633, 38180, 68.22,0.05
AKSHARCHEM, EQ, 18-Aug-2021,420.45,419.95,428.35,401.0, 410.85,408.3,409.99,47916,196.45,3952, 24404, 50.93,-2.89
AKSHARCHEM, EQ, 18-Aug-2022,275.4,273.05,281.0,273.05,277.0,275.2,277.77,16097,44.71,545, 5662, 35.17,-0.07
AKSHARCHEM, EQ, 18-Aug-2023,234.2,234.05,239.7,233.3, 236.55,236.6,235.73,6356,14.98,716, 2671, 42.02,1.02
AKSHARCHEM, EQ, 18-Sep-2020,232.5,233.85,248.0,232.6, 239.20,239.25,242.73,76429,185.52,3280, 28995, 37.94,2.9
AKSHARCHEM, EQ, 18-Sep-2023,289.4,292.0,308.8,288.8, 306.55,306.7,303.26,46508,141.04,3161, 24628, 52.95,5.98
AKSHARCHEM, EQ, 18-Sep-2024,337.0,342.7,345.45,334.65,342.5,341.1,339.03,5984,20.29,551, 3753, 62.72,1.22
AKSHARCHEM, EQ, 18-Oct-2021,503.55,503.55,518.9,489.4, 499.95,495.15,504.92,48635,245.57,4389, 25359, 52.14,-1.67
AKSHARCHEM, EQ, 18-Oct-2022,334.6,333.85,337.9,329.3,333.7,331.8,332.99,5676,18.9,621, 2432, 42.85,-0.84
AKSHARCHEM, EQ, 18-Oct-2023,280.85,279.1,284.7,277.5, 278.80,279.15,280.4,4008,11.24,394, 2357, 58.81,-0.61
AKSHARCHEM, EQ, 18-Oct-2024,308.65,306.5,312.65,302.9,309.0,305.85,307.25,3040,9.34,312, 1816, 59.74,-0.91
AKSHARCHEM, EQ, 18-Nov-2020,199.7,200.0,202.0,197.25, 199.45,198.95,198.99,22331,44.44,839, 14095, 63.12,-0.38
AKSHARCHEM, EQ, 18-Nov-2021,460.5,460.1,462.0,445.65,448.0,449.35,451.99,14371,64.96,1664, 8161, 56.79,-2.42
AKSHARCHEM, EQ, 18-Nov-2022,315.7,315.5,318.0,305.0, 305.00,306.8,310.06,9420,29.21,906, 5307, 56.34,-2.82
AKSHARCHEM, EQ, 18-Nov-2024,301.3,297.2,304.05,297.0,297.0,298.9,300.67,3728,11.21,235, 2203, 59.09,-0.8
AKSHARCHEM, EQ, 18-Dec-2020,240.45,237.0,245.0,230.0, 242.50,242.55,237.7,37536,89.22,1427, 23390, 62.31,0.87
AKSHARCHEM, EQ, 18-Dec-2023,267.0,269.9,278.0,267.95, 271.00,273.65,273.18,33680,92.01,1075, 23800, 70.67,2.49
AKSHARCHEM, EQ, 18-Dec-2024,338.45,338.45,341.3,322.6,327.95,327.25,330.9,61515,203.55,3111, 31837, 51.75,-3.31
AKSHARCHEM, EQ, 19-Jan-2021,262.2,263.0,268.1,260.2, 262.25,264.35,263.6,17399,45.86,978, 8893, 51.11,0.82
AKSHARCHEM, EQ, 19-Jan-2022,463.15,462.3,467.15,450.35, 459.70,459.1,459.84,13808,63.49,1419, 6283, 45.50,-0.87
AKSHARCHEM, EQ, 19-Jan-2023,261.75,263.1,265.0,260.0, 261.00,261.3,262.45,2720,7.14,346, 1141, 41.95,-0.17
AKSHARCHEM, EQ, 19-Jan-2024,272.45,276.45,285.7,274.0, 284.15,283.75,282.3,24525,69.23,1184, 12005, 48.95,4.15
AKSHARCHEM, EQ, 19-Feb-2020,318.2,322.0,337.95,321.05, 328.95,328.4,329.99,42429,140.01,2349, 24529, 57.81,3.21
AKSHARCHEM, EQ, 19-Feb-2021,256.9,259.8,259.95,250.5,253.95,251.65,253.88,21309,54.1,1519, 13316, 62.49,-2.04
AKSHARCHEM, EQ, 19-Feb-2024,263.15,265.0,270.05,260.05, 263.00,263.35,264.69,13942,36.9,1115, 7708, 55.29,0.08
AKSHARCHEM, EQ, 19-Feb-2025,227.45,225.4,235.05,225.4,230.0,229.85,230.28,6701,15.43,410, 4980, 74.32,1.06
AKSHARCHEM, EQ, 19-Mar-2020,168.0,160.05,173.85,152.0, 160.00,162.7,165.9,11306,18.76,820, 5671, 50.16,-3.15
AKSHARCHEM, EQ, 19-Mar-2021,239.15,237.2,243.5,228.65,236.45,236.35,235.26,17672,41.57,1098, 9434, 53.38,-1.17
AKSHARCHEM, EQ, 19-Mar-2025,206.96,208.62,214.9,208.29,213.99,212.73,212.53,14897,31.66,618, 8803, 59.09,2.79
AKSHARCHEM, EQ, 19-Apr-2021,236.9,235.0,235.0,210.0,227.25,226.65,225.99,24589,55.57,900, 16328, 66.40,-4.33
AKSHARCHEM, EQ, 19-Apr-2022,394.3,396.95,403.45,376.15,382.0,381.95,389.44,22898,89.17,1372, 13802, 60.28,-3.13
AKSHARCHEM, EQ, 19-Apr-2023,230.7,229.3,235.45,226.75, 229.95,228.2,230.86,3117,7.2,320, 1852, 59.42,-1.08
AKSHARCHEM, EQ, 19-May-2020,193.6,196.65,196.9,186.75,187.0,188.35,191.65,15832,30.34,806, 7561, 47.76,-2.71
AKSHARCHEM, EQ, 19-May-2021,284.9,288.15,292.9,283.45, 285.55,285.75,288.23,29687,85.57,1594, 16214, 54.62,0.3
AKSHARCHEM, EQ, 19-May-2022,326.8,320.0,331.5,314.1,325.5,329.0,325.21,5261,17.11,349, 3722, 70.75,0.67
AKSHARCHEM, EQ, 19-May-2023,225.85,227.0,227.0,222.3,222.3,223.05,223.9,3093,6.93,191, 2247, 72.65,-1.24
AKSHARCHEM, EQ, 19-Jun-2020,207.1,206.95,210.1,201.7, 204.50,204.3,205.53,15236,31.32,651, 10011, 65.71,-1.35
AKSHARCHEM, EQ, 19-Jun-2023,249.3,249.35,252.9,242.7, 246.50,244.95,248.68,9380,23.33,847, 5462, 58.23,-1.74
AKSHARCHEM, EQ, 19-Jun-2024,263.15,269.6,269.6,260.8,266.0,265.85,264.14,5855,15.47,378, 3671, 62.70,1.03
AKSHARCHEM, EQ, 19-Jul-2021,440.95,444.7,474.3,435.1, 457.50,455.55,456.02,124232,566.52,9670, 43689, 35.17,3.31
AKSHARCHEM, EQ, 19-Jul-2022,281.95,282.0,289.5,280.35, 288.00,287.7,286.22,3975,11.38,297, 1972, 49.61,2.04
AKSHARCHEM, EQ, 19-Jul-2023,237.35,237.4,247.65,237.4, 244.00,243.7,243.64,14549,35.45,2450, 7193, 49.44,2.68
AKSHARCHEM, EQ, 19-Jul-2024,303.2,301.2,307.95,298.25,301.5,299.9,302.37,8826,26.69,568, 4726, 53.55,-1.09
AKSHARCHEM, EQ, 19-Aug-2020,220.1,223.0,246.65,218.15,246.4,242.9,238.69,282436,674.16,5800, 120415, 42.63,10.36
AKSHARCHEM, EQ, 18-Aug-2021,420.45,419.95,428.35,401.0, 410.85,408.3,409.99,47916,196.45,3952, 24404, 50.93,-2.89
AKSHARCHEM, EQ, 19-Aug-2022,275.2,282.0,284.2,275.05, 278.00,278.55,280.47,9940,27.88,608, 5951, 59.87,1.22
AKSHARCHEM, EQ, 19-Aug-2024,314.4,319.0,324.85,309.15,323.5,321.5,320.2,13952,44.67,1788, 5854, 41.96,2.26
AKSHARCHEM, EQ, 19-Sep-2022,342.9,365.0,375.0,340.0, 354.50,355.1,357.66,36650,131.08,2322, 6768, 18.47,3.56
AKSHARCHEM, EQ, 19-Sep-2024,341.1,342.5,342.55,333.0,337.0,335.1,335.72,6928,23.26,346, 5141, 74.21,-1.76
AKSHARCHEM, EQ, 19-Oct-2020,203.8,205.3,206.05,199.2, 201.25,201.65,201.83,19505,39.37,1195, 9679, 49.62,-1.05
AKSHARCHEM, EQ, 19-Oct-2021,495.15,500.15,572.5,500.15,526.0,523.85,540.19,211280,1141.32,19952, 58387, 27.63,5.8
AKSHARCHEM, EQ, 19-Oct-2022,331.8,331.65,340.85,329.0, 329.70,330.95,334.55,7183,24.03,679, 3737, 52.03,-0.26
AKSHARCHEM, EQ, 19-Oct-2023,279.15,278.0,287.45,277.85,280.0,278.45,281.16,4794,13.48,399, 2776, 57.91,-0.25
AKSHARCHEM, EQ, 19-Nov-2020,198.95,200.25,209.0,198.05, 202.00,200.3,202.12,42984,86.88,1515, 14130, 32.87,0.68
AKSHARCHEM, EQ, 19-Nov-2024,298.9,300.9,303.9,297.1,300.15,301.35,300.22,6959,20.89,239, 5720, 82.20,0.82
AKSHARCHEM, EQ, 19-Dec-2022,282.85,281.1,282.0,276.05,278.0,277.7,277.91,10615,29.5,1980, 7146, 67.32,-1.82
AKSHARCHEM, EQ, 19-Dec-2023,273.65,274.25,276.7,271.1, 272.00,272.4,273.25,6518,17.81,392, 3881, 59.54,-0.46
AKSHARCHEM, EQ, 19-Dec-2024,327.25,322.0,333.0,317.25,324.8,322.55,324.31,17119,55.52,1054, 9246, 54.01,-1.44
AKSHARCHEM, EQ, 20-Jan-2020,262.35,264.0,264.0,247.1, 249.00,248.65,254.13,5705,14.5,317, 3875, 67.92,-5.22
AKSHARCHEM, EQ, 20-Jan-2021,264.35,266.0,281.0,264.95, 277.25,276.6,275.84,34663,95.61,1650, 17910, 51.67,4.63
AKSHARCHEM, EQ, 20-Jan-2022,459.1,466.75,467.85,453.2, 455.55,456.4,458.52,9994,45.82,860, 5244, 52.47,-0.59
AKSHARCHEM, EQ, 20-Jan-2023,261.3,264.45,264.45,255.9,256.85,257.45,259.18,6356,16.47,934, 2934, 46.16,-1.47
AKSHARCHEM, EQ, 20-Jan-2025,286.4,282.1,292.25,282.05,292.0,290.75,288.93,2514,7.26,434, 1483, 58.99,1.52
AKSHARCHEM, EQ, 20-Feb-2020,328.4,327.9,334.9,289.0, 313.00,309.25,312.71,47202,147.6,2095, 27033, 57.27,-5.83
AKSHARCHEM, EQ, 20-Feb-2023,233.75,232.65,238.9,226.3, 227.90,227.7,233.91,20175,47.19,2832, 4974, 24.65,-2.59
AKSHARCHEM, EQ, 20-Feb-2024,263.35,267.2,268.8,264.5, 267.80,266.95,266.43,8391,22.36,578, 4028, 48.00,1.37
AKSHARCHEM, EQ, 20-Feb-2025,229.85,233.3,239.0,226.95,231.75,232.05,232.0,8529,19.79,813, 5376, 63.03,0.96
AKSHARCHEM, EQ, 20-Mar-2020,162.7,164.0,170.0,160.1, 161.50,163.7,165.07,5576,9.2,255, 4032, 72.31,0.61
AKSHARCHEM, EQ, 20-Mar-2023,217.15,224.05,224.05,211.0,212.5,212.1,214.86,6338,13.62,453, 4375, 69.03,-2.33
AKSHARCHEM, EQ, 20-Mar-2025,212.73,215.0,219.9,213.0,219.4,218.92,217.15,9008,19.56,649, 5905, 65.55,2.91
AKSHARCHEM, EQ, 20-Apr-2020,202.65,203.0,204.7,197.4, 200.05,199.5,200.66,3993,8.01,151, 2674, 66.97,-1.55
AKSHARCHEM, EQ, 20-Apr-2021,226.65,226.65,232.6,226.0,228.5,226.9,228.68,11601,26.53,445, 6528, 56.27,0.11
AKSHARCHEM, EQ, 20-Apr-2022,381.95,384.9,408.75,380.25, 405.35,404.95,399.65,31813,127.14,2547, 15193, 47.76,6.02
AKSHARCHEM, EQ, 20-Apr-2023,228.2,231.55,231.95,226.5, 230.00,229.75,229.54,3610,8.29,264, 2598, 71.97,0.68
AKSHARCHEM, EQ, 20-May-2020,188.35,188.0,193.5,187.0, 190.10,191.8,190.26,15883,30.22,810, 7570, 47.66,1.83
AKSHARCHEM, EQ, 20-May-2021,285.75,287.1,294.0,283.0, 286.85,286.8,289.28,26201,75.8,1753, 13494, 51.50,0.37
AKSHARCHEM, EQ, 20-May-2022,329.0,342.0,342.0,296.55, 318.80,317.2,313.79,51777,162.47,2307, 16069, 31.04,-3.59
AKSHARCHEM, EQ, 18-May-2024,267.95,272.65,272.65,264.0,266.3,266.65,266.23,1046,2.78,67, 754, 72.08,-0.49
AKSHARCHEM, EQ, 20-Jun-2022,262.5,260.1,260.75,230.85,235.5,234.55,239.25,13046,31.21,1085, 7388, 56.63,-10.65
AKSHARCHEM, EQ, 20-Jun-2023,244.95,245.2,248.0,244.0, 246.00,245.4,245.72,5124,12.59,432, 3033, 59.19,0.18
AKSHARCHEM, EQ, 20-Jun-2024,265.85,265.85,280.0,264.55,279.95,279.05,275.96,27050,74.65,1396, 17695, 65.42,4.97
AKSHARCHEM, EQ, 20-Jul-2020,222.6,224.0,232.0,220.7, 221.65,221.5,224.63,103313,232.07,4939, 57364, 55.52,-0.49
AKSHARCHEM, EQ, 20-Jul-2021,455.55,459.95,459.95,430.6, 440.50,439.05,442.29,63778,282.09,5179, 23293, 36.52,-3.62
AKSHARCHEM, EQ, 20-Jul-2022,287.7,287.3,299.2,287.3, 292.00,290.7,292.79,6305,18.46,438, 3720, 59.00,1.04
AKSHARCHEM, EQ, 20-Jul-2023,243.7,246.1,246.35,240.3,244.1,243.15,243.33,6448,15.69,719, 3731, 57.86,-0.23
AKSHARCHEM, EQ, 20-Aug-2020,242.9,245.45,248.8,233.4,235.6,237.05,242.35,311804,755.66,7881, 122393, 39.25,-2.41
AKSHARCHEM, EQ, 20-Aug-2021,408.3,401.0,426.0,400.05,420.1,417.95,413.75,40810,168.85,3717, 14685, 35.98,2.36
AKSHARCHEM, EQ, 20-Aug-2024,321.5,327.0,327.0,316.15,320.4,321.5,321.18,7076,22.73,595, 3161, 44.67,0.0
AKSHARCHEM, EQ, 20-Sep-2021,412.95,409.8,419.25,406.4, 406.60,407.7,411.97,16681,68.72,1835, 8070, 48.38,-1.27
AKSHARCHEM, EQ, 20-Sep-2022,355.1,360.35,364.0,355.0, 358.00,357.05,360.07,12337,44.42,687, 6021, 48.80,0.55
AKSHARCHEM, EQ, 20-Sep-2023,306.7,306.95,310.55,303.05, 305.15,304.7,306.22,18060,55.3,1997, 10848, 60.07,-0.65
AKSHARCHEM, EQ, 20-Sep-2024,335.1,342.25,343.2,332.5,340.0,335.85,335.7,6707,22.52,545, 4152, 61.91,0.22
AKSHARCHEM, EQ, 20-Oct-2020,201.65,203.0,204.5,202.0, 203.60,203.7,203.36,3678,7.48,238, 2164, 58.84,1.02
AKSHARCHEM, EQ, 20-Oct-2021,523.85,524.0,542.95,505.45, 523.00,515.3,520.99,56128,292.42,7257, 19043, 33.93,-1.63
AKSHARCHEM, EQ, 20-Oct-2022,330.95,331.3,341.95,331.3,336.7,334.95,335.53,3957,13.28,284, 2269, 57.34,1.21
AKSHARCHEM, EQ, 20-Oct-2023,278.45,282.55,282.55,275.0, 277.25,276.05,277.29,5384,14.93,437, 3609, 67.03,-0.86
AKSHARCHEM, EQ, 20-Nov-2020,200.3,202.95,204.0,199.2,200.05,200.7,201.2,12703,25.56,641, 7546, 59.40,0.2
AKSHARCHEM, EQ, 20-Nov-2023,245.75,249.3,255.0,246.0, 254.00,251.3,250.17,6839,17.11,462, 3497, 51.13,2.26
AKSHARCHEM, EQ, 19-Nov-2024,298.9,300.9,303.9,297.1,300.15,301.35,300.22,6959,20.89,239, 5720, 82.20,0.82
AKSHARCHEM, EQ, 20-Dec-2021,452.9,443.85,449.0,432.35,445.6,442.75,441.83,15177,67.06,1687, 7830, 51.59,-2.24
AKSHARCHEM, EQ, 20-Dec-2022,277.7,279.2,284.25,274.0,282.7,282.1,279.94,8737,24.46,407, 6328, 72.43,1.58
AKSHARCHEM, EQ, 20-Dec-2023,272.4,275.95,275.95,252.55, 256.95,254.75,262.58,16225,42.6,882, 9730, 59.97,-6.48
AKSHARCHEM, EQ, 20-Dec-2024,322.55,324.2,328.2,307.65,318.4,312.55,319.1,13904,44.37,812, 8717, 62.69,-3.1
AKSHARCHEM, EQ, 21-Jan-2020,248.65,248.65,254.0,246.65, 253.90,251.3,250.28,5376,13.45,218, 3242, 60.31,1.07
AKSHARCHEM, EQ, 21-Jan-2021,276.6,276.8,284.45,268.45, 274.00,273.5,279.02,38320,106.92,1740, 16507, 43.08,-1.12
AKSHARCHEM, EQ, 21-Jan-2022,456.4,451.0,465.55,432.4, 437.05,437.0,445.87,33246,148.23,2674, 18371, 55.26,-4.25
AKSHARCHEM, EQ, 21-Jan-2025,290.75,291.7,295.0,283.95,283.95,286.2,290.08,3967,11.51,357, 2500, 63.02,-1.56
AKSHARCHEM, EQ, 21-Feb-2022,387.45,380.05,384.0,367.0, 371.00,370.65,375.89,12208,45.89,988, 6278, 51.43,-4.34
AKSHARCHEM, EQ, 21-Feb-2023,227.7,226.7,235.55,224.85, 234.00,233.8,232.58,14917,34.69,1486, 6489, 43.50,2.68
AKSHARCHEM, EQ, 21-Feb-2024,266.95,269.0,320.0,267.0, 297.00,298.65,305.19,555818,1696.28,12644, 129274, 23.26,11.87
AKSHARCHEM, EQ, 21-Feb-2025,232.05,230.95,235.2,230.3,230.7,231.6,233.69,3702,8.65,247, 2551, 68.91,-0.19
AKSHARCHEM, EQ, 21-Mar-2022,376.05,384.0,391.65,379.0,381.9,381.9,383.48,8214,31.5,597, 4951, 60.28,1.56
AKSHARCHEM, EQ, 21-Mar-2023,212.1,213.4,216.95,211.25, 211.35,212.85,213.02,9924,21.14,269, 8066, 81.28,0.35
AKSHARCHEM, EQ, 21-Mar-2025,218.92,218.78,224.89,218.78,223.0,221.52,221.49,8833,19.56,354, 6381, 72.24,1.19
AKSHARCHEM, EQ, 21-Apr-2020,199.5,200.0,200.0,185.55,187.0,187.65,189.03,2923,5.53,104, 2541, 86.93,-5.94
AKSHARCHEM, EQ, 21-Apr-2022,404.95,404.95,414.5,398.3, 400.00,400.5,406.84,12383,50.38,771, 7189, 58.06,-1.1
AKSHARCHEM, EQ, 21-Apr-2023,229.75,231.4,231.4,225.0, 225.30,226.65,227.38,3295,7.49,341, 1733, 52.59,-1.35
AKSHARCHEM, EQ, 21-Apr-2025,221.09,221.8,229.54,219.28,228.0,226.39,225.26,9713,21.88,682, 6057, 62.36,2.4
AKSHARCHEM, EQ, 21-May-2020,191.8,193.05,195.75,188.1,189.0,189.55,191.92,19509,37.44,707, 8141, 41.73,-1.17
AKSHARCHEM, EQ, 21-May-2021,286.8,289.15,314.5,288.1, 303.90,303.35,306.28,174798,535.37,5095, 91550, 52.37,5.77
AKSHARCHEM, EQ, 21-May-2024,266.65,266.5,269.05,263.4,265.35,265.55,266.79,5763,15.38,263, 4456, 77.32,-0.41
AKSHARCHEM, EQ, 21-Jun-2021,359.5,353.9,355.75,347.0, 353.00,351.45,351.7,47282,166.29,1855, 26513, 56.07,-2.24
AKSHARCHEM, EQ, 21-Jun-2022,234.55,248.0,249.95,234.9,239.05,240.2,242.06,7953,19.25,777, 4260, 53.56,2.41
AKSHARCHEM, EQ, 21-Jun-2023,245.4,248.9,252.0,244.05, 245.40,245.0,247.38,6783,16.78,542, 4183, 61.67,-0.16
AKSHARCHEM, EQ, 21-Jun-2024,279.05,306.95,306.95,297.0,306.95,306.95,306.44,57597,176.5,812, 47544, 82.55,10.0
AKSHARCHEM, EQ, 21-Jul-2020,221.5,224.9,226.15,221.05, 222.00,222.25,223.51,46497,103.92,1625, 23347, 50.21,0.34
AKSHARCHEM, EQ, 21-Jul-2022,290.7,297.8,297.8,287.3,292.5,291.95,291.24,3557,10.36,250, 1882, 52.91,0.43
AKSHARCHEM, EQ, 21-Jul-2023,243.15,242.1,244.7,237.3, 239.00,239.1,240.45,13016,31.3,2296, 5362, 41.20,-1.67
AKSHARCHEM, EQ, 21-Aug-2020,237.05,238.25,245.65,234.65, 236.00,236.8,238.79,110964,264.97,3298, 58482, 52.70,-0.11
AKSHARCHEM, EQ, 21-Aug-2023,236.6,239.4,239.5,233.0, 233.00,234.1,235.69,8345,19.67,469, 5582, 66.89,-1.06
AKSHARCHEM, EQ, 21-Aug-2024,321.5,326.0,326.0,316.15,323.55,322.6,320.37,5003,16.03,396, 2599, 51.95,0.34
AKSHARCHEM, EQ, 21-Sep-2020,239.25,242.9,244.65,226.55, 228.90,230.6,237.34,31538,74.85,1969, 16236, 51.48,-3.62
AKSHARCHEM, EQ, 21-Sep-2021,407.7,405.35,409.9,399.1, 408.50,405.15,403.9,14460,58.4,1420, 5552, 38.40,-0.63
AKSHARCHEM, EQ, 21-Sep-2022,357.05,361.35,363.1,346.15, 347.10,347.65,354.55,11183,39.65,876, 6416, 57.37,-2.63
AKSHARCHEM, EQ, 21-Sep-2023,304.7,304.7,309.25,300.75, 304.00,304.4,305.25,17969,54.85,1333, 8755, 48.72,-0.1
AKSHARCHEM, EQ, 21-Oct-2020,203.7,204.6,206.85,203.1, 204.00,204.0,204.31,6882,14.06,293, 4482, 65.13,0.15
AKSHARCHEM, EQ, 21-Oct-2021,515.3,515.0,527.8,505.0, 511.25,512.3,514.94,28706,147.82,4402, 11829, 41.21,-0.58
AKSHARCHEM, EQ, 21-Oct-2022,334.95,337.05,337.05,325.5,329.8,330.0,331.76,3435,11.4,339, 1863, 54.24,-1.48
AKSHARCHEM, EQ, 21-Oct-2024,305.85,301.2,320.2,300.0, 301.45,301.25,306.27,5604,17.16,606, 3287, 58.65,-1.5
AKSHARCHEM, EQ, 21-Nov-2022,306.8,304.4,319.05,304.25, 313.70,313.25,312.56,4941,15.44,483, 1789, 36.21,2.1
AKSHARCHEM, EQ, 21-Nov-2023,251.3,256.8,256.8,248.0, 248.55,248.8,249.72,6718,16.78,628, 3306, 49.21,-0.99
AKSHARCHEM, EQ, 21-Nov-2024,301.35,305.85,307.45,287.05,300.0,292.25,294.24,9297,27.36,656, 4994, 53.72,-3.02
AKSHARCHEM, EQ, 21-Dec-2020,242.55,242.35,242.35,224.75, 228.00,227.0,232.45,34021,79.08,1121, 26124, 76.79,-6.41
AKSHARCHEM, EQ, 21-Dec-2021,442.75,449.95,458.4,440.1,440.1,444.0,447.72,7178,32.14,489, 4182, 58.26,0.28
AKSHARCHEM, EQ, 21-Dec-2022,282.1,277.45,283.0,272.15, 275.00,273.7,277.21,15886,44.04,1433, 10171, 64.02,-2.98
AKSHARCHEM, EQ, 21-Dec-2023,254.75,251.05,262.0,248.75, 260.00,260.4,256.32,6436,16.5,482, 2615, 40.63,2.22
AKSHARCHEM, EQ, 22-Jan-2020,251.3,251.35,252.1,243.0, 250.00,250.45,248.74,5086,12.65,210, 3746, 73.65,-0.34
AKSHARCHEM, EQ, 22-Jan-2021,273.5,273.65,277.6,261.95, 264.80,263.95,267.7,14753,39.49,1010, 8181, 55.45,-3.49
AKSHARCHEM, EQ, 20-Jan-2024,283.75,287.25,288.4,280.7, 282.00,281.9,284.05,11589,32.92,1021, 4395, 37.92,-0.65
AKSHARCHEM, EQ, 22-Jan-2025,286.2,285.15,285.15,276.85,279.25,280.25,281.26,2861,8.05,406, 1171, 40.93,-2.08
AKSHARCHEM, EQ, 22-Feb-2021,251.65,253.5,257.25,244.8,251.0,248.7,251.25,21988,55.25,1051, 13690, 62.26,-1.17
AKSHARCHEM, EQ, 22-Feb-2022,370.65,351.0,370.6,351.0,360.35,361.0,365.25,8486,31.0,825, 4527, 53.35,-2.6
AKSHARCHEM, EQ, 22-Feb-2023,233.8,231.45,237.45,227.8, 234.20,232.5,232.73,20739,48.27,3187, 6573, 31.69,-0.56
AKSHARCHEM, EQ, 22-Feb-2024,298.65,298.05,317.5,290.0, 313.30,313.25,304.44,147777,449.9,5144, 59177, 40.04,4.89
AKSHARCHEM, EQ, 22-Mar-2021,236.35,243.0,243.0,234.7,235.05,235.75,235.97,12104,28.56,842, 8603, 71.08,-0.25
AKSHARCHEM, EQ, 22-Mar-2022,381.9,382.0,385.4,377.6, 380.05,380.15,381.02,3846,14.65,315, 2790, 72.54,-0.46
AKSHARCHEM, EQ, 22-Mar-2023,212.85,212.3,219.95,211.65, 218.00,216.15,217.69,7714,16.79,360, 4425, 57.36,1.55
AKSHARCHEM, EQ, 22-Apr-2020,187.65,188.9,189.5,181.3,185.15,187.5,186.01,2992,5.57,143, 1862, 62.23,-0.08
AKSHARCHEM, EQ, 22-Apr-2021,226.9,227.0,238.9,226.9,230.05,230.3,231.92,14893,34.54,680, 8940, 60.03,1.5
AKSHARCHEM, EQ, 22-Apr-2022,400.5,406.0,406.0,395.1, 395.55,397.0,399.23,8367,33.4,608, 4696, 56.13,-0.87
AKSHARCHEM, EQ, 22-Apr-2025,226.39,228.99,243.0,226.89,237.0,236.16,236.27,17171,40.57,981, 11192, 65.18,4.32
AKSHARCHEM, EQ, 22-May-2020,189.55,190.05,194.25,185.5,186.0,186.15,189.32,14099,26.69,632, 7723, 54.78,-1.79
AKSHARCHEM, EQ, 22-May-2023,223.05,223.9,225.45,220.05,222.2,222.6,222.85,2266,5.05,278, 1187, 52.38,-0.2
AKSHARCHEM, EQ, 22-May-2024,265.55,267.15,278.8,264.5,278.8,278.8,276.44,17011,47.03,459, 13969, 82.12,4.99
AKSHARCHEM, EQ, 22-Jun-2020,204.3,204.3,209.65,202.0, 204.00,203.95,205.81,21967,45.21,942, 11602, 52.82,-0.17
AKSHARCHEM, EQ, 22-Jun-2021,351.45,357.95,363.45,351.0, 352.00,353.05,357.14,26062,93.08,1541, 11202, 42.98,0.46
AKSHARCHEM, EQ, 22-Jun-2022,240.2,241.0,253.8,236.9,242.15,242.15,245.78,6668,16.39,714, 3437, 51.54,0.81
AKSHARCHEM, EQ, 22-Jun-2023,245.0,245.0,245.3,238.55,241.85,240.0,241.9,5762,13.94,403, 4193, 72.77,-2.04
AKSHARCHEM, EQ, 22-Jul-2020,222.25,223.0,224.7,215.45, 219.00,218.1,219.77,50902,111.87,2083, 34460, 67.70,-1.87
AKSHARCHEM, EQ, 22-Jul-2021,439.05,444.35,452.35,443.95, 449.60,446.0,447.72,28518,127.68,1965, 14237, 49.92,1.58
AKSHARCHEM, EQ, 22-Jul-2022,291.95,291.8,305.0,291.8, 297.00,296.85,298.87,16287,48.68,852, 8572, 52.63,1.68
AKSHARCHEM, EQ, 22-Jul-2024,299.9,309.95,318.05,300.2,317.0,314.2,309.3,8822,27.29,651, 5211, 59.07,4.77
AKSHARCHEM, EQ, 22-Aug-2022,278.55,278.2,281.35,275.65, 277.20,278.25,277.94,3631,10.09,214, 2686, 73.97,-0.11
AKSHARCHEM, EQ, 22-Aug-2023,234.1,233.85,238.45,233.35, 236.50,236.55,236.28,4875,11.52,324, 2697, 55.32,1.05
AKSHARCHEM, EQ, 22-Aug-2024,322.6,320.4,342.4,320.4,339.95,337.7,334.2,33782,112.9,3283, 17634, 52.20,4.68
AKSHARCHEM, EQ, 22-Sep-2020,230.6,231.0,232.6,214.0, 223.00,221.35,220.07,26952,59.31,1537, 13793, 51.18,-4.01
AKSHARCHEM, EQ, 22-Sep-2021,405.15,407.0,422.95,404.95, 409.20,410.55,413.93,24763,102.5,1557, 9244, 37.33,1.33
AKSHARCHEM, EQ, 22-Sep-2022,347.65,346.05,357.0,345.1, 350.00,349.7,351.8,14577,51.28,1111, 5890, 40.41,0.59
AKSHARCHEM, EQ, 22-Sep-2023,304.4,305.3,309.0,301.0, 304.70,303.75,304.17,7519,22.87,963, 4110, 54.66,-0.21
AKSHARCHEM, EQ, 22-Oct-2020,204.0,204.05,211.0,204.0, 209.90,209.0,208.05,7823,16.28,524, 3636, 46.48,2.45
AKSHARCHEM, EQ, 22-Oct-2021,512.3,516.0,531.9,492.1, 493.10,495.4,509.18,34601,176.18,3773, 18287, 52.85,-3.3
AKSHARCHEM, EQ, 22-Oct-2024,301.25,305.2,311.1,294.95,295.1,297.6,300.65,6663,20.03,704, 3403, 51.07,-1.21
AKSHARCHEM, EQ, 22-Nov-2021,449.35,449.35,450.0,416.9,424.7,420.4,430.27,26902,115.75,2258, 15294, 56.85,-6.44
AKSHARCHEM, EQ, 22-Nov-2022,313.25,317.85,319.45,305.25, 307.85,308.4,313.02,6554,20.52,782, 2804, 42.78,-1.55
AKSHARCHEM, EQ, 22-Nov-2023,248.8,249.05,252.35,246.5, 251.50,247.5,249.43,4905,12.23,242, 3726, 75.96,-0.52
AKSHARCHEM, EQ, 22-Nov-2024,292.25,295.75,297.05,290.95,293.85,294.1,292.7,6159,18.03,2286, 4792, 77.80,0.63
AKSHARCHEM, EQ, 22-Dec-2020,227.0,227.0,230.0,215.05, 224.00,223.5,221.08,31976,70.69,990, 17211, 53.82,-1.54
AKSHARCHEM, EQ, 22-Dec-2021,444.0,444.95,460.95,444.0, 445.60,446.55,450.86,13896,62.65,759, 7224, 51.99,0.57
AKSHARCHEM, EQ, 22-Dec-2022,273.7,279.15,279.15,260.0, 262.50,262.0,264.28,13757,36.36,1145, 7673, 55.78,-4.27
AKSHARCHEM, EQ, 22-Dec-2023,260.4,260.4,265.9,255.8, 263.10,263.3,261.67,8146,21.32,755, 3156, 38.74,1.11
AKSHARCHEM, EQ, 23-Jan-2020,250.45,244.7,251.6,244.7, 249.05,247.65,247.53,4365,10.8,228, 3416, 78.26,-1.12
AKSHARCHEM, EQ, 23-Jan-2023,257.45,260.0,260.0,255.05,255.6,257.35,257.52,10931,28.15,326, 8727, 79.84,-0.04
AKSHARCHEM, EQ, 23-Jan-2024,281.9,287.55,287.55,267.55, 269.15,270.75,276.19,18988,52.44,1044, 9339, 49.18,-3.96
AKSHARCHEM, EQ, 23-Jan-2025,280.25,279.5,286.2,275.1,275.1,278.35,280.66,1648,4.63,292, 503, 30.52,-0.68
AKSHARCHEM, EQ, 23-Feb-2021,248.7,251.0,253.0,247.85, 249.00,249.85,249.86,22738,56.81,1005, 16662, 73.28,0.46
AKSHARCHEM, EQ, 23-Feb-2022,361.0,373.65,387.15,361.65,372.15,372.8,375.86,20242,76.08,1251, 7089, 35.02,3.27
AKSHARCHEM, EQ, 23-Feb-2023,232.5,232.85,234.65,226.1,226.55,227.7,230.36,17985,41.43,3636, 2316, 12.88,-2.06
AKSHARCHEM, EQ, 23-Feb-2024,313.25,314.8,315.0,300.0, 302.35,303.1,306.47,47121,144.41,1634, 26370, 55.96,-3.24
AKSHARCHEM, EQ, 23-Mar-2020,163.7,148.0,154.9,147.35, 147.35,147.4,148.54,4672,6.94,244, 4078, 87.29,-9.96
AKSHARCHEM, EQ, 23-Mar-2021,235.75,237.2,242.0,236.0, 237.70,237.75,238.92,10130,24.2,449, 6148, 60.69,0.85
AKSHARCHEM, EQ, 23-Mar-2022,380.15,381.55,384.5,376.2, 381.25,379.4,380.28,7914,30.1,277, 5692, 71.92,-0.2
AKSHARCHEM, EQ, 23-Mar-2023,216.15,214.95,219.35,214.3, 217.75,218.1,217.98,16337,35.61,299, 13955, 85.42,0.9
AKSHARCHEM, EQ, 23-Apr-2020,187.5,211.0,222.15,206.1,211.0,210.9,211.16,57414,121.24,2000, 16160, 28.15,12.48
AKSHARCHEM, EQ, 23-Apr-2021,230.3,232.9,245.0,230.85,240.0,238.35,239.18,26523,63.44,851, 12075, 45.53,3.5
AKSHARCHEM, EQ, 23-Apr-2024,270.95,277.6,279.75,269.5,278.0,278.05,275.76,9983,27.53,277, 7983, 79.97,2.62
AKSHARCHEM, EQ, 23-Apr-2025,236.16,239.8,241.89,228.63,233.55,230.89,232.35,5821,13.53,451, 3469, 59.59,-2.23
AKSHARCHEM, EQ, 23-May-2022,317.2,321.95,323.0,296.55,301.0,299.4,306.33,16148,49.47,1127, 9031, 55.93,-5.61
AKSHARCHEM, EQ, 23-May-2023,222.6,227.75,227.8,222.05, 222.85,222.9,223.83,4337,9.71,296, 2673, 61.63,0.13
AKSHARCHEM, EQ, 23-May-2024,278.8,290.8,290.8,271.15,272.0,274.0,280.7,12416,34.85,1013, 5868, 47.26,-1.72
AKSHARCHEM, EQ, 23-Jun-2020,203.95,202.05,217.0,202.05, 210.55,212.85,211.93,33607,71.22,1079, 18376, 54.68,4.36
AKSHARCHEM, EQ, 23-Jun-2021,353.05,357.95,368.95,354.0, 355.50,356.4,361.51,46677,168.74,2353, 25558, 54.76,0.95
AKSHARCHEM, EQ, 23-Jun-2022,242.15,242.1,268.0,242.1,267.0,263.1,258.92,16165,41.85,1388, 7614, 47.10,8.65
AKSHARCHEM, EQ, 23-Jun-2023,240.0,241.65,245.2,234.95, 239.15,239.65,240.74,7391,17.79,505, 3835, 51.89,-0.15
AKSHARCHEM, EQ, 23-Jul-2020,218.1,219.05,222.0,218.7, 220.25,219.7,220.28,18911,41.66,745, 10235, 54.12,0.73
AKSHARCHEM, EQ, 23-Jul-2021,446.0,448.0,455.45,435.0,439.9,438.45,445.37,36064,160.62,2397, 18287, 50.71,-1.69
AKSHARCHEM, EQ, 23-Jul-2024,314.2,314.3,327.5,308.0,313.5,314.05,317.63,23871,75.82,1133, 15316, 64.16,-0.05
AKSHARCHEM, EQ, 23-Aug-2021,417.95,420.25,435.0,385.0, 406.00,393.5,400.07,53581,214.36,4499, 21448, 40.03,-5.85
AKSHARCHEM, EQ, 23-Aug-2022,278.25,274.05,281.0,263.85, 277.40,277.05,275.23,9243,25.44,604, 4428, 47.91,-0.43
AKSHARCHEM, EQ, 23-Aug-2023,236.55,239.5,239.5,231.95, 234.00,234.0,234.78,6101,14.32,429, 3807, 62.40,-1.08
AKSHARCHEM, EQ, 23-Aug-2024,337.7,338.0,362.9,338.0,350.25,351.25,348.37,46794,163.01,2361, 26318, 56.24,4.01
AKSHARCHEM, EQ, 23-Sep-2020,221.35,224.0,228.0,219.95, 226.80,224.65,224.28,14140,31.71,833, 7323, 51.79,1.49
AKSHARCHEM, EQ, 23-Sep-2021,410.55,415.0,420.25,410.1, 416.15,417.3,416.78,16247,67.71,1495, 7105, 43.73,1.64
AKSHARCHEM, EQ, 23-Sep-2022,349.7,349.7,354.0,340.1, 342.90,341.65,344.78,5303,18.28,478, 2828, 53.33,-2.3
AKSHARCHEM, EQ, 23-Sep-2024,335.85,334.0,344.55,328.3,339.2,337.65,335.64,11784,39.55,1442, 6097, 51.74,0.54
AKSHARCHEM, EQ, 23-Oct-2020,209.0,210.05,215.0,205.65, 210.00,209.65,208.63,7146,14.91,455, 4033, 56.44,0.31
AKSHARCHEM, EQ, 23-Oct-2023,276.05,276.9,278.2,258.0, 259.00,261.2,266.42,14089,37.54,889, 8075, 57.31,-5.38
AKSHARCHEM, EQ, 23-Oct-2024,297.6,300.3,302.1,290.1,292.0,293.55,294.06,6164,18.13,622, 2712, 44.00,-1.36
AKSHARCHEM, EQ, 23-Nov-2020,200.7,202.0,205.7,200.0, 204.50,203.55,203.58,13631,27.75,477, 10666, 78.25,1.42
AKSHARCHEM, EQ, 23-Nov-2021,420.4,427.95,444.7,410.05,435.1,436.85,429.5,18941,81.35,1772, 7703, 40.67,3.91
AKSHARCHEM, EQ, 23-Nov-2022,308.4,312.95,319.9,308.0,318.8,317.5,315.61,7512,23.71,581, 4465, 59.44,2.95
AKSHARCHEM, EQ, 23-Nov-2023,247.5,249.35,255.0,248.35, 254.00,253.25,252.92,4374,11.06,388, 3362, 76.86,2.32
AKSHARCHEM, EQ, 23-Dec-2020,223.5,225.0,241.0,225.0,236.75,237.4,236.25,44852,105.96,2139, 18013, 40.16,6.22
AKSHARCHEM, EQ, 23-Dec-2021,446.55,457.45,457.7,445.1, 445.10,446.1,449.24,4423,19.87,344, 2983, 67.44,-0.1
AKSHARCHEM, EQ, 23-Dec-2022,262.0,254.65,259.45,239.7, 241.30,241.7,247.59,15918,39.41,1298, 9189, 57.73,-7.75
AKSHARCHEM, EQ, 23-Dec-2024,312.55,314.2,323.95,307.55,312.5,309.15,313.2,7386,23.13,440, 3918, 53.05,-1.09
AKSHARCHEM, EQ, 24-Jan-2020,247.65,251.95,255.0,245.25,254.9,254.55,252.61,8566,21.64,430, 7445, 86.91,2.79
AKSHARCHEM, EQ, 24-Jan-2022,437.0,436.9,436.9,412.35,417.5,420.15,421.16,29972,126.23,1735, 15615, 52.10,-3.86
AKSHARCHEM, EQ, 24-Jan-2023,257.35,256.9,257.95,250.0,250.1,251.75,253.24,2872,7.27,340, 1885, 65.63,-2.18
AKSHARCHEM, EQ, 24-Jan-2024,270.75,271.0,278.0,266.15, 277.60,275.05,272.38,11962,32.58,1271, 4551, 38.05,1.59
AKSHARCHEM, EQ, 24-Jan-2025,278.35,278.25,285.95,275.85,282.95,282.35,281.56,2892,8.14,231, 1585, 54.81,1.44
AKSHARCHEM, EQ, 24-Feb-2020,309.25,300.0,318.95,292.2, 297.00,297.2,303.73,22152,67.28,1061, 11063, 49.94,-3.9
AKSHARCHEM, EQ, 24-Feb-2021,249.85,252.7,252.7,246.2, 248.00,247.9,248.94,10684,26.6,388, 8323, 77.90,-0.78
AKSHARCHEM, EQ, 24-Feb-2022,372.8,353.0,367.0,331.2, 352.00,336.3,348.44,17313,60.33,1552, 8605, 49.70,-9.79
AKSHARCHEM, EQ, 24-Feb-2023,227.7,230.6,231.15,222.35, 222.60,223.85,227.41,12437,28.28,1881, 3064, 24.64,-1.69
AKSHARCHEM, EQ, 24-Feb-2025,231.6,231.3,239.8,228.2,232.0,235.05,231.09,4799,11.09,261, 3835, 79.91,1.49
AKSHARCHEM, EQ, 24-Mar-2020,147.4,158.0,158.0,134.0, 140.00,141.85,144.75,4208,6.09,220, 2281, 54.21,-3.77
AKSHARCHEM, EQ, 24-Mar-2021,237.75,238.75,240.2,235.3, 238.00,236.8,237.34,10393,24.67,319, 7218, 69.45,-0.4
AKSHARCHEM, EQ, 24-Mar-2022,379.4,381.5,384.0,365.1, 367.70,368.25,374.13,20387,76.27,1047, 16121, 79.07,-2.94
AKSHARCHEM, EQ, 24-Mar-2023,218.1,219.0,221.0,215.05, 215.05,216.7,218.53,5582,12.2,261, 4079, 73.07,-0.64
AKSHARCHEM, EQ, 24-Mar-2025,221.52,226.9,226.9,220.0,223.04,223.17,221.56,16081,35.63,800, 12077, 75.10,0.74
AKSHARCHEM, EQ, 24-Apr-2020,210.9,210.0,214.8,191.9,196.7,202.55,205.82,15108,31.09,646, 7681, 50.84,-3.96
AKSHARCHEM, EQ, 24-Apr-2023,226.65,228.95,229.95,226.75, 228.05,228.65,228.42,2568,5.87,198, 1682, 65.50,0.88
AKSHARCHEM, EQ, 24-Apr-2024,278.05,288.0,288.0,279.55, 283.00,282.55,283.3,5995,16.98,222, 3676, 61.32,1.62
AKSHARCHEM, EQ, 24-Apr-2025,230.89,232.0,234.0,230.1,233.95,231.4,231.71,2142,4.96,132, 1244, 58.08,0.22
AKSHARCHEM, EQ, 24-May-2021,303.35,305.9,314.8,298.2, 311.00,312.1,308.42,116207,358.41,4113, 50475, 43.44,2.88
AKSHARCHEM, EQ, 24-May-2022,299.4,301.7,304.05,290.15,293.45,292.7,296.08,10706,31.7,667, 6832, 63.81,-2.24
AKSHARCHEM, EQ, 24-May-2023,222.9,222.4,226.45,221.2, 226.45,226.0,224.8,2626,5.9,221, 1539, 58.61,1.39
AKSHARCHEM, EQ, 24-May-2024,274.0,277.0,279.4,270.85,275.2,276.95,276.47,26097,72.15,1035, 2975, 11.40,1.08
AKSHARCHEM, EQ, 24-Jun-2020,212.85,212.9,220.9,210.0,211.05,211.35,214.87,38554,82.84,1573, 21587, 55.99,-0.7
AKSHARCHEM, EQ, 24-Jun-2021,356.4,358.8,358.8,345.7, 348.90,348.05,351.5,18530,65.13,1420, 8780, 47.38,-2.34
AKSHARCHEM, EQ, 24-Jun-2022,263.1,274.0,282.75,265.35, 279.00,277.6,275.69,7741,21.34,845, 3748, 48.42,5.51
AKSHARCHEM, EQ, 24-Jun-2024,306.95,328.7,328.95,316.05,320.0,319.55,322.54,138135,445.54,3948, 71572, 51.81,4.1
AKSHARCHEM, EQ, 24-Jul-2020,219.7,218.7,219.2,215.0,216.0,216.1,216.67,22503,48.76,907, 14012, 62.27,-1.64
AKSHARCHEM, EQ, 24-Jul-2023,239.1,238.2,242.95,236.55, 240.65,239.5,240.32,6847,16.45,647, 3298, 48.17,0.17
AKSHARCHEM, EQ, 24-Jul-2024,314.05,314.25,316.2,311.2,311.3,313.65,313.77,6650,20.87,367, 3673, 55.23,-0.13
AKSHARCHEM, EQ, 24-Aug-2020,236.8,239.1,252.0,237.0,245.5,245.15,246.68,213707,527.17,5854, 106368, 49.77,3.53
AKSHARCHEM, EQ, 24-Aug-2021,393.5,397.85,423.3,392.0, 422.95,417.15,408.3,37076,151.38,2740, 18805, 50.72,6.01
AKSHARCHEM, EQ, 24-Aug-2022,277.05,277.45,285.0,276.55,278.8,281.0,279.28,4920,13.74,347, 2964, 60.24,1.43
AKSHARCHEM, EQ, 24-Aug-2023,234.0,239.0,239.0,233.0, 236.00,233.95,234.66,11093,26.03,523, 6743, 60.79,-0.02
AKSHARCHEM, EQ, 24-Sep-2020,224.65,226.75,226.75,210.1, 216.50,214.4,217.7,21887,47.65,1708, 10915, 49.87,-4.56
AKSHARCHEM, EQ, 24-Sep-2021,417.3,421.1,421.55,408.7, 411.40,409.35,413.57,15045,62.22,1405, 6430, 42.74,-1.91
AKSHARCHEM, EQ, 24-Sep-2024,337.65,338.05,342.65,331.2,334.9,332.05,336.04,5434,18.26,526, 3147, 57.91,-1.66
AKSHARCHEM, EQ, 24-Oct-2024,293.55,296.1,296.75,282.0,284.05,286.2,288.61,7515,21.69,409, 4934, 65.66,-2.5
AKSHARCHEM, EQ, 24-Nov-2020,203.55,203.55,208.75,201.6, 207.25,207.0,206.5,21327,44.04,842, 11525, 54.04,1.69
AKSHARCHEM, EQ, 24-Nov-2021,436.85,438.25,445.0,428.95, 433.35,432.4,438.63,13250,58.12,1046, 6441, 48.61,-1.02
AKSHARCHEM, EQ, 24-Nov-2022,317.5,317.5,319.8,307.95, 309.35,310.0,312.02,6002,18.73,476, 3365, 56.06,-2.36
AKSHARCHEM, EQ, 24-Nov-2023,253.25,255.0,255.0,251.0, 252.15,252.35,252.5,3154,7.96,228, 1875, 59.45,-0.36
AKSHARCHEM, EQ, 24-Dec-2020,237.4,237.95,241.6,232.35, 237.45,236.5,237.38,35338,83.88,2486, 16879, 47.76,-0.38
AKSHARCHEM, EQ, 24-Dec-2021,446.1,460.9,460.9,433.05, 439.00,437.8,440.38,10293,45.33,625, 6346, 61.65,-1.86
AKSHARCHEM, EQ, 24-Dec-2024,309.15,310.8,318.45,306.35,307.55,308.5,310.12,3586,11.12,381, 1695, 47.27,-0.21
AKSHARCHEM, EQ, 25-Jan-2021,263.95,266.0,270.65,260.2, 264.90,264.25,265.63,17983,47.77,932, 9871, 54.89,0.11
AKSHARCHEM, EQ, 25-Jan-2022,420.15,415.0,474.0,414.6,463.0,457.05,452.25,181906,822.67,14204, 28087, 15.44,8.78
AKSHARCHEM, EQ, 25-Jan-2023,251.75,251.7,253.7,249.0, 250.05,249.75,250.65,3032,7.6,320, 2011, 66.33,-0.79
AKSHARCHEM, EQ, 25-Jan-2024,275.05,278.8,282.0,272.3, 280.95,278.95,277.73,9136,25.37,876, 4484, 49.08,1.42
AKSHARCHEM, EQ, 25-Feb-2020,297.2,306.0,306.85,286.2, 291.00,292.95,293.97,11027,32.42,616, 5401, 48.98,-1.43
AKSHARCHEM, EQ, 25-Feb-2021,247.9,250.05,251.0,242.0, 245.55,245.9,247.63,44247,109.57,1180, 33085, 74.77,-0.81
AKSHARCHEM, EQ, 25-Feb-2022,336.3,352.0,360.0,344.8,351.75,351.7,350.73,8968,31.45,749, 4724, 52.68,4.58
AKSHARCHEM, EQ, 25-Feb-2025,235.05,235.0,243.75,230.0,243.0,240.0,238.07,2836,6.75,389, 1698, 59.87,2.11
AKSHARCHEM, EQ, 25-Mar-2020,141.85,144.85,150.0,134.4, 149.00,147.6,143.59,4266,6.13,459, 3411, 79.96,4.05
AKSHARCHEM, EQ, 25-Mar-2021,236.8,237.05,237.05,231.0,233.0,233.0,233.46,10189,23.79,513, 7435, 72.97,-1.6
AKSHARCHEM, EQ, 25-Mar-2022,368.25,368.55,373.95,356.75,363.25,361.55,365.69,13178,48.19,935, 8029, 60.93,-1.82
AKSHARCHEM, EQ, 25-Mar-2025,223.17,224.8,225.9,208.0,208.0,211.85,218.66,13714,29.99,1094, 8722, 63.60,-5.07
AKSHARCHEM, EQ, 25-Apr-2022,397.0,385.1,400.0,385.1,396.5,388.55,391.84,9026,35.37,843, 3981, 44.11,-2.13
AKSHARCHEM, EQ, 25-Apr-2023,228.65,232.0,232.05,226.0,228.0,227.35,229.07,2162,4.95,215, 1329, 61.47,-0.57
AKSHARCHEM, EQ, 25-Apr-2024,282.55,283.0,283.8,276.3, 277.65,276.95,278.27,4231,11.77,289, 2258, 53.37,-1.98
AKSHARCHEM, EQ, 25-Apr-2025,231.4,232.4,232.84,222.05,225.0,224.74,226.5,5162,11.69,314, 3022, 58.54,-2.88
AKSHARCHEM, EQ, 25-May-2021,312.1,314.85,314.85,300.75, 304.00,302.75,306.95,42685,131.02,2335, 24363, 57.08,-3.0
AKSHARCHEM, EQ, 25-May-2022,292.7,295.3,297.0,281.05, 281.25,282.45,287.41,8259,23.74,735, 5689, 68.88,-3.5
AKSHARCHEM, EQ, 25-May-2023,226.0,226.4,228.9,225.05, 227.80,227.95,227.78,4840,11.02,308, 3017, 62.33,0.86
AKSHARCHEM, EQ, 25-Jun-2020,211.35,209.0,212.9,203.15, 209.00,208.3,209.01,18220,38.08,672, 11449, 62.84,-1.44
AKSHARCHEM, EQ, 25-Jun-2021,348.05,348.9,354.15,347.2, 349.05,350.65,349.93,22320,78.1,1317, 9809, 43.95,0.75
AKSHARCHEM, EQ, 25-Jun-2024,319.55,319.7,322.4,310.0,320.15,316.95,315.39,33035,104.19,1721, 15615, 47.27,-0.81
AKSHARCHEM, EQ, 25-Jul-2022,296.85,297.0,300.85,291.95, 291.95,292.9,295.13,6030,17.8,361, 4524, 75.02,-1.33
AKSHARCHEM, EQ, 25-Jul-2023,239.5,242.45,242.45,238.25, 240.20,240.45,239.56,5629,13.48,505, 3366, 59.80,0.4
AKSHARCHEM, EQ, 25-Jul-2024,313.65,311.25,311.25,295.95,303.05,304.3,302.6,40048,121.19,972, 21193, 52.92,-2.98
AKSHARCHEM, EQ, 25-Aug-2020,245.15,250.0,263.9,250.0, 262.00,261.25,259.11,494926,1282.42,10637, 190984, 38.59,6.57
AKSHARCHEM, EQ, 25-Aug-2021,417.15,416.05,431.0,412.15, 413.00,416.55,422.41,28524,120.49,3637, 9088, 31.86,-0.14
AKSHARCHEM, EQ, 25-Aug-2022,281.0,281.0,286.45,277.0,277.0,278.55,280.63,5512,15.47,420, 3409, 61.85,-0.87
AKSHARCHEM, EQ, 25-Aug-2023,233.95,236.9,238.0,231.25, 232.00,233.25,233.7,7239,16.92,432, 4731, 65.35,-0.3
AKSHARCHEM, EQ, 25-Sep-2020,214.4,218.0,222.5,216.5, 219.15,219.85,220.16,13585,29.91,814, 6961, 51.24,2.54
AKSHARCHEM, EQ, 25-Sep-2023,303.75,305.6,305.6,296.65, 298.50,299.3,300.26,6906,20.74,622, 4898, 70.92,-1.47
AKSHARCHEM, EQ, 25-Sep-2024,332.05,328.0,336.0,325.2,325.9,326.7,329.07,5065,16.67,485, 2755, 54.39,-1.61
AKSHARCHEM, EQ, 25-Oct-2021,495.4,494.1,498.5,470.4, 477.00,473.85,482.39,32098,154.84,3418, 15979, 49.78,-4.35
AKSHARCHEM, EQ, 25-Oct-2022,332.15,335.0,335.0,326.4,328.55,329.15,329.57,4159,13.71,354, 2199, 52.87,-0.9
AKSHARCHEM, EQ, 25-Oct-2023,261.2,261.2,263.7,252.0,254.05,254.85,255.42,18614,47.54,801, 11417, 61.34,-2.43
AKSHARCHEM, EQ, 25-Oct-2024,286.2,284.95,289.9,276.65,282.85,284.65,281.18,6987,19.65,427, 4342, 62.14,-0.54
AKSHARCHEM, EQ, 25-Nov-2020,207.0,208.05,208.8,204.2, 205.75,205.65,206.17,11354,23.41,504, 6538, 57.58,-0.65
AKSHARCHEM, EQ, 25-Nov-2021,432.4,425.1,449.9,425.1,433.05,435.7,440.56,18720,82.47,1906, 6036, 32.24,0.76
AKSHARCHEM, EQ, 25-Nov-2022,310.0,314.65,320.0,309.55,319.45,317.55,315.16,7055,22.23,495, 3930, 55.71,2.44
AKSHARCHEM, EQ, 25-Nov-2024,294.1,294.3,304.95,294.3,299.7,300.9,300.56,5290,15.9,228, 3751, 70.91,2.31
AKSHARCHEM, EQ, 26-Feb-2020,292.95,293.0,317.05,293.0, 300.00,298.8,305.89,15205,46.51,682, 7909, 52.02,2.0
AKSHARCHEM, EQ, 26-Feb-2021,245.9,245.0,249.5,238.0,238.0,238.95,241.31,26024,62.8,1037, 18906, 72.65,-2.83
AKSHARCHEM, EQ, 26-Feb-2024,303.1,300.0,315.2,298.0, 304.00,305.4,308.54,30865,95.23,1450, 15455, 50.07,0.76
AKSHARCHEM, EQ, 26-Mar-2020,147.6,145.05,162.35,137.5, 145.00,144.8,149.31,10562,15.77,584, 6064, 57.41,-1.9
AKSHARCHEM, EQ, 26-Mar-2021,233.0,235.6,235.6,230.7,231.0,231.4,232.97,10447,24.34,354, 7485, 71.65,-0.69
AKSHARCHEM, EQ, 26-Mar-2025,211.85,215.19,215.69,201.5,202.4,202.64,207.99,27825,57.87,1231, 19102, 68.65,-4.35
AKSHARCHEM, EQ, 26-Apr-2021,238.35,244.0,246.0,238.0, 238.00,238.5,242.0,8315,20.12,549, 4663, 56.08,0.06
AKSHARCHEM, EQ, 26-Apr-2022,388.55,386.5,400.4,380.95, 385.50,383.5,388.35,13184,51.2,1062, 7998, 60.66,-1.3
AKSHARCHEM, EQ, 26-Apr-2023,227.35,227.3,229.8,225.5, 227.55,227.85,227.7,2460,5.6,218, 1644, 66.83,0.22
AKSHARCHEM, EQ, 26-Apr-2024,276.95,284.0,284.0,275.05, 278.80,281.0,278.69,5391,15.02,228, 3857, 71.55,1.46
AKSHARCHEM, EQ, 26-May-2020,186.15,189.75,189.75,183.0, 184.00,184.35,186.35,14643,27.29,745, 7088, 48.41,-0.97
AKSHARCHEM, EQ, 26-May-2021,302.75,300.0,309.2,300.0, 303.00,305.25,306.06,28743,87.97,1767, 14498, 50.44,0.83
AKSHARCHEM, EQ, 26-May-2022,282.45,286.65,286.65,269.75,281.95,278.8,276.93,8428,23.34,862, 4390, 52.09,-1.29
AKSHARCHEM, EQ, 26-May-2023,227.95,227.95,232.45,226.0,226.0,227.4,229.14,5590,12.81,273, 2443, 43.70,-0.24
AKSHARCHEM, EQ, 26-Jun-2020,208.3,209.9,211.0,205.6, 206.25,206.7,208.18,7670,15.97,478, 4910, 64.02,-0.77
AKSHARCHEM, EQ, 26-Jun-2023,239.65,238.65,238.65,236.0, 236.00,236.4,236.93,2904,6.88,179, 1859, 64.02,-1.36
AKSHARCHEM, EQ, 26-Jun-2024,316.95,317.0,328.0,310.5,322.6,323.55,320.23,38508,123.31,1685, 26147, 67.90,2.08
AKSHARCHEM, EQ, 26-Jul-2021,438.45,430.35,455.0,430.35,449.0,444.5,443.58,42363,187.91,2938, 15722, 37.11,1.38
AKSHARCHEM, EQ, 26-Jul-2022,292.9,295.2,299.8,290.15,291.2,294.1,295.97,4057,12.01,299, 2732, 67.34,0.41
AKSHARCHEM, EQ, 26-Jul-2023,240.45,241.85,241.95,238.0, 238.00,239.45,240.51,2026,4.87,178, 1506, 74.33,-0.42
AKSHARCHEM, EQ, 26-Jul-2024,304.3,304.3,331.65,304.3, 329.00,326.15,321.05,26788,86.0,962, 21524, 80.35,7.18
AKSHARCHEM, EQ, 26-Aug-2020,261.25,269.0,269.75,255.55, 259.85,260.35,261.46,205998,538.61,4381, 107462, 52.17,-0.34
AKSHARCHEM, EQ, 26-Aug-2021,416.55,412.5,428.0,408.55, 410.00,413.45,416.54,15361,63.99,2372, 4170, 27.15,-0.74
AKSHARCHEM, EQ, 26-Aug-2022,278.55,282.65,282.65,276.0,277.2,278.95,277.71,4059,11.27,278, 2091, 51.52,0.14
AKSHARCHEM, EQ, 26-Aug-2024,351.25,359.95,362.95,345.0,350.0,348.0,350.86,17395,61.03,1028, 10229, 58.80,-0.93
AKSHARCHEM, EQ, 26-Sep-2022,341.65,341.4,341.4,319.3,327.9,323.55,325.79,11646,37.94,1054, 5661, 48.61,-5.3
AKSHARCHEM, EQ, 26-Sep-2023,299.3,299.3,302.05,292.25, 295.00,293.4,296.15,8065,23.88,488, 6068, 75.24,-1.97
AKSHARCHEM, EQ, 26-Sep-2024,326.7,326.9,328.55,317.25,319.0,319.35,320.97,17479,56.1,1244, 9859, 56.40,-2.25
AKSHARCHEM, EQ, 26-Oct-2020,209.65,210.0,219.9,208.6,210.55,211.3,214.95,23452,50.41,1454, 7247, 30.90,0.79
AKSHARCHEM, EQ, 26-Oct-2021,473.85,471.0,506.05,471.0, 505.60,503.8,496.62,54004,268.19,4879, 17255, 31.95,6.32
AKSHARCHEM, EQ, 26-Oct-2023,254.85,253.7,257.5,249.0, 250.00,250.8,252.1,9005,22.7,611, 5354, 59.46,-1.59
AKSHARCHEM, EQ, 26-Nov-2020,205.65,209.7,220.8,206.35, 219.00,218.75,216.6,107882,233.68,4789, 41687, 38.64,6.37
AKSHARCHEM, EQ, 26-Nov-2021,435.7,425.6,436.45,408.0, 411.20,412.5,420.55,21971,92.4,1947, 12894, 58.69,-5.32
AKSHARCHEM, EQ, 26-Nov-2024,300.9,304.4,304.4,299.5,299.5,300.3,300.07,1781,5.34,114, 1367, 76.75,-0.2
AKSHARCHEM, EQ, 26-Dec-2022,241.7,241.0,255.0,238.8,243.75,246.0,247.95,15316,37.98,1037, 8066, 52.66,1.78
AKSHARCHEM, EQ, 26-Dec-2023,263.3,267.15,271.0,264.55, 269.00,268.05,267.81,9092,24.35,780, 4502, 49.52,1.8
AKSHARCHEM, EQ, 26-Dec-2024,308.5,310.1,319.35,302.55,303.25,305.65,308.87,10399,32.12,594, 5182, 49.83,-0.92
AKSHARCHEM, EQ, 27-Jan-2020,254.55,252.95,253.1,245.45, 248.50,246.4,248.13,6741,16.73,255, 3067, 45.50,-3.2
AKSHARCHEM, EQ, 27-Jan-2021,264.25,265.65,274.0,259.9, 261.00,263.15,267.19,32411,86.6,1267, 20453, 63.11,-0.42
AKSHARCHEM, EQ, 27-Jan-2022,457.05,460.0,463.0,442.45, 448.50,448.4,449.58,18439,82.9,1799, 8879, 48.15,-1.89
AKSHARCHEM, EQ, 27-Jan-2023,249.75,255.0,255.0,240.95, 249.00,247.65,245.42,4320,10.6,465, 2357, 54.56,-0.84
AKSHARCHEM, EQ, 27-Jan-2025,282.35,279.85,280.0,261.3,263.8,266.3,267.51,13353,35.72,682, 9946, 74.49,-5.68
AKSHARCHEM, EQ, 27-Feb-2020,298.8,307.0,314.3,293.0, 302.00,302.0,301.55,9773,29.47,429, 5822, 59.57,1.07
AKSHARCHEM, EQ, 27-Feb-2023,223.85,225.5,226.25,220.05, 225.35,221.65,222.65,9596,21.37,1098, 2367, 24.67,-0.98
AKSHARCHEM, EQ, 27-Feb-2024,305.4,305.4,365.5,304.0, 352.00,357.15,352.15,835093,2940.79,17746, 142155, 17.02,16.94
AKSHARCHEM, EQ, 27-Feb-2025,240.0,239.4,239.4,228.25,228.25,232.5,233.83,2498,5.84,223, 1729, 69.22,-3.12
AKSHARCHEM, EQ, 27-Mar-2020,144.8,152.0,155.0,146.0, 149.00,148.8,149.9,4646,6.96,323, 2735, 58.87,2.76
AKSHARCHEM, EQ, 27-Mar-2023,216.7,216.9,216.95,205.8, 207.15,207.9,209.24,11128,23.28,803, 7580, 68.12,-4.06
AKSHARCHEM, EQ, 27-Mar-2025,202.64,205.26,207.02,195.0,205.1,203.75,202.83,19530,39.61,951, 12803, 65.56,0.55
AKSHARCHEM, EQ, 27-Apr-2020,202.55,199.1,209.9,195.0, 199.30,199.65,200.89,6107,12.27,378, 2665, 43.64,-1.43
AKSHARCHEM, EQ, 27-Apr-2021,238.5,245.0,252.4,238.45,245.85,245.5,245.8,30963,76.11,1220, 15866, 51.24,2.94
AKSHARCHEM, EQ, 27-Apr-2022,383.5,375.55,385.5,363.0,374.5,376.75,376.62,9143,34.43,598, 5340, 58.41,-1.76
AKSHARCHEM, EQ, 27-Apr-2023,227.85,228.5,231.25,223.0, 231.25,228.7,228.97,2838,6.5,278, 1783, 62.83,0.37
AKSHARCHEM, EQ, 27-May-2020,184.35,184.35,198.9,183.5,193.0,194.05,188.71,28185,53.19,834, 15856, 56.26,5.26
AKSHARCHEM, EQ, 27-May-2021,305.25,306.0,309.0,297.95, 300.70,302.65,303.34,34929,105.95,2059, 18091, 51.79,-0.85
AKSHARCHEM, EQ, 27-May-2022,278.8,282.95,284.6,276.6, 281.90,278.55,280.2,9548,26.75,744, 4880, 51.11,-0.09
AKSHARCHEM, EQ, 27-May-2024,276.95,270.5,276.2,269.9,271.05,271.2,272.04,23830,64.83,984, 2914, 12.23,-2.08
AKSHARCHEM, EQ, 27-Jun-2022,277.6,281.75,295.15,281.75,286.1,288.8,288.96,10572,30.55,852, 5787, 54.74,4.03
AKSHARCHEM, EQ, 27-Jun-2023,236.4,235.65,237.7,232.4, 235.00,233.5,234.92,3330,7.82,268, 2372, 71.23,-1.23
AKSHARCHEM, EQ, 27-Jun-2024,323.55,331.0,332.05,321.55,323.9,324.3,326.12,41114,134.08,1780, 20450, 49.74,0.23
AKSHARCHEM, EQ, 27-Jul-2020,216.1,217.0,218.85,210.95,212.0,212.15,212.95,19155,40.79,1303, 10060, 52.52,-1.83
AKSHARCHEM, EQ, 27-Jul-2021,444.5,449.95,458.8,444.05, 449.05,454.75,451.59,53548,241.82,3885, 23888, 44.61,2.31
AKSHARCHEM, EQ, 27-Jul-2022,294.1,301.8,301.8,286.2,290.0,288.65,291.29,4274,12.45,374, 2328, 54.47,-1.85
AKSHARCHEM, EQ, 27-Jul-2023,239.45,239.95,249.0,238.0, 245.85,245.15,244.18,11773,28.75,883, 8152, 69.24,2.38
AKSHARCHEM, EQ, 27-Aug-2020,260.35,261.3,262.35,246.4,249.2,249.0,252.54,110375,278.74,3891, 62724, 56.83,-4.36
AKSHARCHEM, EQ, 27-Aug-2021,413.45,407.0,430.0,407.0, 419.15,424.6,423.37,30239,128.02,2799, 11315, 37.42,2.7
AKSHARCHEM, EQ, 27-Aug-2024,348.0,339.0,363.2,339.0,352.0,354.3,355.96,41553,147.91,3424, 17744, 42.70,1.81
AKSHARCHEM, EQ, 27-Sep-2021,409.35,409.35,424.7,409.35, 418.00,416.45,417.7,16762,70.02,972, 7157, 42.70,1.73
AKSHARCHEM, EQ, 27-Sep-2022,323.55,324.0,335.0,324.0,330.0,326.85,329.09,8361,27.52,719, 4512, 53.96,1.02
AKSHARCHEM, EQ, 27-Sep-2023,293.4,298.9,304.3,290.0, 290.10,290.4,292.7,11278,33.01,601, 5569, 49.38,-1.02
AKSHARCHEM, EQ, 27-Sep-2024,319.35,321.45,329.0,316.2,324.15,324.25,320.73,8409,26.97,588, 5123, 60.92,1.53
AKSHARCHEM, EQ, 27-Oct-2020,211.3,211.2,212.85,205.55, 207.25,206.65,207.56,7206,14.96,574, 3383, 46.95,-2.2
AKSHARCHEM, EQ, 27-Oct-2021,503.8,534.0,553.4,526.05, 528.00,530.1,536.66,114846,616.34,9972, 29215, 25.44,5.22
AKSHARCHEM, EQ, 27-Oct-2022,329.15,329.6,334.0,322.25,322.25,323.8,326.43,3708,12.1,394, 2201, 59.36,-1.63
AKSHARCHEM, EQ, 27-Oct-2023,250.8,253.35,259.2,251.0,254.55,256.25,256.72,5294,13.59,469, 2093, 39.54,2.17
AKSHARCHEM, EQ, 27-Nov-2020,218.75,220.9,221.45,209.0,210.5,211.8,214.52,36298,77.87,1282, 18054, 49.74,-3.18
AKSHARCHEM, EQ, 27-Nov-2024,300.3,303.55,303.55,299.2,299.8,299.95,300.15,7074,21.23,285, 6122, 86.54,-0.12
AKSHARCHEM, EQ, 27-Dec-2021,437.8,437.8,446.5,436.25, 446.50,444.55,440.18,4935,21.72,331, 2756, 55.85,1.54
AKSHARCHEM, EQ, 27-Dec-2022,246.0,249.25,257.0,246.85,256.85,254.9,250.92,24164,60.63,1220, 16606, 68.72,3.62
AKSHARCHEM, EQ, 27-Dec-2023,268.05,272.0,321.65,268.05, 321.65,321.55,310.22,389670,1208.83,7713, 125336, 32.16,19.96
AKSHARCHEM, EQ, 27-Dec-2024,305.65,307.0,317.95,305.0,312.95,312.05,310.78,8959,27.84,551, 5201, 58.05,2.09
AKSHARCHEM, EQ, 28-Jan-2020,246.4,251.95,253.5,248.0, 249.05,248.8,249.67,4192,10.47,100, 3079, 73.45,0.97
AKSHARCHEM, EQ, 28-Jan-2021,263.15,260.5,266.0,256.5, 261.10,261.9,263.06,13387,35.22,702, 5298, 39.58,-0.48
AKSHARCHEM, EQ, 28-Jan-2022,448.4,450.05,460.0,430.0, 434.15,435.0,441.78,21732,96.01,1922, 12095, 55.66,-2.99
AKSHARCHEM, EQ, 28-Jan-2025,266.3,267.7,273.3,251.85,253.05,253.15,257.99,8423,21.73,413, 5164, 61.31,-4.94
AKSHARCHEM, EQ, 28-Feb-2020,302.0,297.0,297.0,265.8, 277.00,275.9,282.72,22462,63.5,790, 14673, 65.32,-8.64
AKSHARCHEM, EQ, 28-Feb-2022,351.7,351.75,357.5,339.95, 352.20,352.05,349.22,6729,23.5,606, 4451, 66.15,0.1
AKSHARCHEM, EQ, 28-Feb-2023,221.65,222.65,229.0,220.05, 227.40,226.4,224.81,12320,27.7,1455, 5336, 43.31,2.14
AKSHARCHEM, EQ, 28-Feb-2024,357.15,355.0,356.0,319.3,320.0,321.6,335.05,220766,739.67,8082, 97431, 44.13,-9.95
AKSHARCHEM, EQ, 28-Feb-2025,232.5,227.6,229.7,224.1,224.1,225.2,226.33,3968,8.98,315, 2714, 68.40,-3.14
AKSHARCHEM, EQ, 28-Mar-2022,361.55,361.0,361.55,345.05, 353.10,351.7,351.51,29422,103.42,1373, 20196, 68.64,-2.72
AKSHARCHEM, EQ, 28-Mar-2023,207.9,207.25,208.05,201.05, 201.25,202.2,203.97,8613,17.57,651, 6364, 73.89,-2.74
AKSHARCHEM, EQ, 28-Mar-2025,203.75,205.46,219.81,205.1,214.0,214.41,212.48,14659,31.15,664, 8349, 56.95,5.23
AKSHARCHEM, EQ, 28-Apr-2020,199.65,221.0,239.55,210.25, 230.00,228.05,231.82,177443,411.34,6041, 56863, 32.05,14.22
AKSHARCHEM, EQ, 28-Apr-2021,245.5,246.9,259.0,244.9, 251.50,249.85,252.33,71985,181.64,2124, 30484, 42.35,1.77
AKSHARCHEM, EQ, 28-Apr-2022,376.75,391.0,391.0,372.05, 373.70,377.05,378.13,7560,28.59,586, 3904, 51.64,0.08
AKSHARCHEM, EQ, 28-Apr-2023,228.7,229.45,244.0,227.9, 233.55,235.95,236.77,24402,57.78,1125, 4694, 19.24,3.17
AKSHARCHEM, EQ, 28-May-2020,194.05,195.0,196.9,190.55,193.25,192.2,193.38,19793,38.28,845, 9301, 46.99,-0.95
AKSHARCHEM, EQ, 28-May-2021,302.65,302.65,307.0,292.6,302.0,302.0,300.31,42743,128.36,1979, 25637, 59.98,-0.21
AKSHARCHEM, EQ, 28-May-2024,271.2,271.4,277.75,267.2,267.7,268.25,271.84,4288,11.66,301, 2227, 51.94,-1.09
AKSHARCHEM, EQ, 28-Jun-2021,350.65,349.5,355.5,340.0, 343.75,342.75,347.92,24619,85.65,1344, 12373, 50.26,-2.25
AKSHARCHEM, EQ, 28-Jun-2022,288.8,294.8,294.8,279.2, 283.50,285.55,284.5,6625,18.85,781, 2350, 35.47,-1.13
AKSHARCHEM, EQ, 28-Jun-2024,324.3,329.0,330.0,317.1,325.0,325.5,323.37,25372,82.04,1491, 12534, 49.40,0.37
AKSHARCHEM, EQ, 28-Jul-2020,212.15,216.0,216.0,207.75,212.55,212.15,211.89,35082,74.33,1391, 22373, 63.77,0.0
AKSHARCHEM, EQ, 28-Jul-2021,454.75,458.4,458.45,436.85,442.0,444.3,446.21,30329,135.33,2520, 13490, 44.48,-2.3
AKSHARCHEM, EQ, 28-Jul-2022,288.65,297.95,297.95,287.2, 290.05,289.4,290.2,3307,9.6,320, 1921, 58.09,0.26
AKSHARCHEM, EQ, 28-Jul-2023,245.15,249.8,249.8,241.5, 247.00,242.8,244.01,5815,14.19,823, 2442, 41.99,-0.96
AKSHARCHEM, EQ, 28-Aug-2020,249.0,252.4,257.0,243.0, 243.25,244.4,249.64,96549,241.03,3476, 50137, 51.93,-1.85
AKSHARCHEM, EQ, 28-Aug-2023,233.25,234.4,247.95,232.25, 240.75,239.75,240.39,23682,56.93,1333, 11977, 50.57,2.79
AKSHARCHEM, EQ, 28-Aug-2024,354.3,354.3,357.6,342.5,349.95,345.3,350.96,15112,53.04,1539, 5729, 37.91,-2.54
AKSHARCHEM, EQ, 28-Sep-2020,219.85,223.0,227.2,221.4,223.05,223.4,224.4,13969,31.35,862,7402,52.99,1.61
AKSHARCHEM, EQ, 28-Sep-2021,416.45,422.95,424.9,410.05, 412.90,413.0,415.74,7252,30.15,798, 3977, 54.84,-0.83
AKSHARCHEM, EQ, 28-Sep-2022,326.85,323.5,337.0,320.0,320.4,326.25,328.81,5959,19.59,585, 1679, 28.18,-0.18
AKSHARCHEM, EQ, 28-Sep-2023,290.4,290.0,302.4,290.0, 292.00,292.45,295.29,12151,35.88,670, 6184, 50.89,0.71
AKSHARCHEM, EQ, 28-Oct-2020,206.65,207.8,210.45,205.5, 207.15,207.4,207.47,3892,8.07,255, 2289, 58.81,0.36
AKSHARCHEM, EQ, 28-Oct-2021,530.1,534.0,535.1,511.35, 518.00,517.4,521.45,57483,299.75,6880, 21328, 37.10,-2.4
AKSHARCHEM, EQ, 28-Oct-2022,323.8,325.1,345.95,325.1,334.3,331.1,335.52,12170,40.83,866, 5590, 45.93,2.25
AKSHARCHEM, EQ, 28-Oct-2024,284.65,284.65,298.25,284.65,285.4,286.4,290.82,10166,29.56,1426, 3895, 38.31,0.61
AKSHARCHEM, EQ, 28-Nov-2022,317.55,319.7,329.05,312.3, 328.00,322.15,322.46,12876,41.52,862, 8227, 63.89,1.45
AKSHARCHEM, EQ, 28-Nov-2023,252.35,258.0,258.0,249.2, 253.50,253.5,253.07,5996,15.17,521, 3522, 58.74,0.46
AKSHARCHEM, EQ, 28-Nov-2024,299.95,309.45,311.2,300.0,300.0,300.2,304.98,5119,15.61,608, 2461, 48.08,0.08
AKSHARCHEM, EQ, 28-Dec-2020,236.5,237.5,248.9,232.0,247.75,245.85,242.83,42590,103.42,1454, 29342, 68.89,3.95
AKSHARCHEM, EQ, 28-Dec-2021,444.55,451.6,451.6,444.0,447.95,447.4,448.12,7068,31.67,443, 4243, 60.03,0.64
AKSHARCHEM, EQ, 28-Dec-2022,254.9,256.4,261.2,253.85, 259.75,259.1,257.77,10614,27.36,1141, 4030, 37.97,1.65
AKSHARCHEM, EQ, 28-Dec-2023,321.55,321.95,321.95,296.35, 301.60,302.75,304.56,189759,577.93,5787, 93388, 49.21,-5.85
AKSHARCHEM, EQ, 29-Jan-2020,248.8,249.05,254.5,249.0, 250.00,250.65,251.48,7814,19.65,362, 4963, 63.51,0.74
AKSHARCHEM, EQ, 29-Jan-2021,261.9,265.75,268.15,258.85, 264.95,260.85,262.81,9875,25.95,528, 5779, 58.52,-0.4
AKSHARCHEM, EQ, 29-Jan-2024,278.95,285.0,285.0,274.0, 277.15,276.8,277.07,20996,58.17,900, 12798, 60.95,-0.77
AKSHARCHEM, EQ, 29-Jan-2025,253.15,250.8,263.45,250.8,254.8,255.95,256.39,6584,16.88,361, 3625, 55.06,1.11
AKSHARCHEM, EQ, 29-Feb-2024,321.6,326.95,327.0,310.0, 311.80,311.6,315.2,39411,124.22,1508, 19112, 48.49,-3.11
AKSHARCHEM, EQ, 29-Mar-2022,351.7,352.1,361.0,341.35, 343.10,345.2,351.9,17091,60.14,1141, 11510, 67.35,-1.85
AKSHARCHEM, EQ, 29-Mar-2023,202.2,202.75,207.15,201.65, 205.50,203.35,204.27,13031,26.62,566, 10256, 78.70,0.57
AKSHARCHEM, EQ, 29-Apr-2020,228.05,235.0,239.7,220.55,221.85,224.45,230.93,68415,157.99,2862, 26959, 39.41,-1.58
AKSHARCHEM, EQ, 29-Apr-2021,249.85,250.0,255.0,245.3, 249.00,247.95,249.73,11737,29.31,623, 6572, 55.99,-0.76
AKSHARCHEM, EQ, 29-Apr-2022,377.05,382.65,385.2,371.05,374.0,375.35,379.51,9411,35.72,605, 5605, 59.56,-0.45
AKSHARCHEM, EQ, 29-Apr-2024,281.0,281.0,289.0,278.0, 284.95,286.45,282.8,9493,26.85,354, 6552, 69.02,1.94
AKSHARCHEM, EQ, 29-May-2020,192.2,186.0,194.75,186.0, 193.00,191.3,191.45,16332,31.27,701, 7985, 48.89,-0.47
AKSHARCHEM, EQ, 29-May-2023,227.4,228.0,234.2,226.1, 230.00,229.75,230.44,8887,20.48,427, 4318, 48.59,1.03
AKSHARCHEM, EQ, 29-May-2024,268.25,265.35,273.35,265.35,267.2,267.15,267.9,6521,17.47,515, 3818, 58.55,-0.41
AKSHARCHEM, EQ, 29-Jun-2020,206.7,207.0,207.0,199.7, 201.00,200.5,201.34,17329,34.89,944, 10872, 62.74,-3.0
AKSHARCHEM, EQ, 29-Jun-2021,342.75,348.3,367.6,342.5, 348.00,349.8,352.49,50693,178.69,2593, 19305, 38.08,2.06
AKSHARCHEM, EQ, 29-Jun-2022,285.55,280.1,282.65,276.0, 276.10,276.6,278.65,3354,9.35,381, 1300, 38.76,-3.13
AKSHARCHEM, EQ, 28-Jun-2023,233.5,236.4,247.85,236.05, 245.00,244.0,242.28,10722,25.98,780, 4960, 46.26,4.5
AKSHARCHEM, EQ, 29-Jul-2020,212.15,213.95,224.65,212.15, 214.70,214.9,218.17,50770,110.76,2333, 28911, 56.95,1.3
AKSHARCHEM, EQ, 29-Jul-2021,444.3,450.0,452.1,435.0,439.95,439.5,443.84,22229,98.66,1436, 10683, 48.06,-1.08
AKSHARCHEM, EQ, 29-Jul-2022,289.4,293.65,295.15,289.1,292.95,290.85,292.05,3902,11.4,294, 2317, 59.38,0.5
AKSHARCHEM, EQ, 29-Jul-2024,326.15,329.3,358.75,329.3,349.9,348.05,351.69,102233,359.54,2658, 60583, 59.26,6.71
AKSHARCHEM, EQ, 29-Aug-2022,278.95,270.0,277.9,270.0, 271.20,272.4,273.52,3175,8.68,248, 1661, 52.31,-2.35
AKSHARCHEM, EQ, 29-Aug-2023,239.75,242.9,252.65,239.2, 250.00,249.8,249.47,36897,92.05,1910, 13805, 37.41,4.19
AKSHARCHEM, EQ, 29-Aug-2024,345.3,340.1,349.85,333.6,334.0,335.45,338.7,6317,21.4,440, 3798, 60.12,-2.85
AKSHARCHEM, EQ, 29-Sep-2020,223.4,224.5,226.75,220.5,220.6,222.05,224.09,14777,33.11,518, 7640, 51.70,-0.6
AKSHARCHEM, EQ, 29-Sep-2021,413.0,417.0,417.0,409.0, 410.40,412.35,412.23,9108,37.55,1067, 4486, 49.25,-0.16
AKSHARCHEM, EQ, 29-Sep-2022,326.25,328.2,336.0,325.1,328.6,329.15,330.81,8887,29.4,777, 3440, 38.71,0.89
AKSHARCHEM, EQ, 29-Sep-2023,292.45,294.55,294.55,285.9, 287.15,287.3,289.85,12672,36.73,664, 7892, 62.28,-1.76
AKSHARCHEM, EQ, 29-Oct-2020,207.4,206.9,208.35,203.5,206.55,206.8,206.46,3767,7.78,430, 2359, 62.62,-0.29
AKSHARCHEM, EQ, 29-Oct-2021,517.4,517.4,525.0,500.2, 505.00,505.45,511.83,40240,205.96,5093, 12508, 31.08,-2.31
AKSHARCHEM, EQ, 29-Oct-2024,286.4,297.35,297.35,281.15,283.1,284.8,286.56,5006,14.35,669, 1793, 35.82,-0.56
AKSHARCHEM, EQ, 29-Nov-2021,412.5,412.25,421.9,398.05, 421.90,416.3,410.04,22521,92.35,1422, 10623, 47.17,0.92
AKSHARCHEM, EQ, 29-Nov-2022,322.15,328.0,329.0,317.0,320.0,320.5,324.07,4729,15.33,447, 2998, 63.40,-0.51
AKSHARCHEM, EQ, 29-Nov-2023,253.5,252.1,254.7,250.6, 252.70,253.35,252.88,4069,10.29,317, 2478, 60.90,-0.06
AKSHARCHEM, EQ, 29-Nov-2024,300.2,300.2,310.0,300.05,310.0,308.15,306.15,3631,11.12,310, 2282, 62.85,2.65
AKSHARCHEM, EQ, 29-Dec-2020,245.85,249.7,253.65,246.0,251.5,249.3,249.58,49931,124.62,1774, 30667, 61.42,1.4
AKSHARCHEM, EQ, 29-Dec-2021,447.4,444.2,454.0,440.85, 446.00,447.4,447.51,9099,40.72,769, 4795, 52.70,0.0
AKSHARCHEM, EQ, 29-Dec-2022,259.1,259.1,260.95,255.55, 255.55,257.9,258.71,4201,10.87,464, 1805, 42.97,-0.46
AKSHARCHEM, EQ, 29-Dec-2023,302.75,304.9,309.5,295.55, 295.70,298.45,303.18,43972,133.31,2307, 20288, 46.14,-1.42
AKSHARCHEM, EQ, 30-Jan-2020,250.65,254.4,271.0,240.0, 242.10,242.55,248.48,4386,10.9,373, 2537, 57.84,-3.23
AKSHARCHEM, EQ, 30-Jan-2023,247.65,246.9,250.6,242.0, 246.00,243.0,244.4,6963,17.02,700, 3143, 45.14,-1.88
AKSHARCHEM, EQ, 30-Jan-2024,276.8,276.8,283.95,276.35, 278.90,278.2,279.49,9134,25.53,736, 5242, 57.39,0.51
AKSHARCHEM, EQ, 30-Jan-2025,255.95,257.2,272.0,256.65,268.0,267.7,264.85,5688,15.06,326, 2842, 49.96,4.59
AKSHARCHEM, EQ, 30-Mar-2020,148.8,142.8,155.0,138.1, 146.50,144.15,145.7,3594,5.24,191, 1876, 52.20,-3.13
AKSHARCHEM, EQ, 30-Mar-2021,231.4,233.2,240.85,230.5,232.2,234.4,235.01,14151,33.26,693, 8998, 63.59,1.3
AKSHARCHEM, EQ, 30-Mar-2022,345.2,345.0,354.25,344.95, 348.00,348.45,350.81,16493,57.86,1251, 9783, 59.32,0.94
AKSHARCHEM, EQ, 30-Apr-2020,224.45,227.6,229.1,215.0,218.0,217.6,219.76,40769,89.59,1397, 21053, 51.64,-3.05
AKSHARCHEM, EQ, 30-Apr-2021,247.95,246.15,268.7,244.1,259.0,260.95,260.25,96854,252.06,2733, 47096, 48.63,5.24
AKSHARCHEM, EQ, 30-Apr-2024,286.45,288.55,292.0,277.0, 279.90,278.0,281.36,7700,21.66,565, 4067, 52.82,-2.95
AKSHARCHEM, EQ, 30-May-2022,278.55,279.05,297.8,279.05, 297.40,296.1,291.35,10802,31.47,729, 6146, 56.90,6.3
AKSHARCHEM, EQ, 30-May-2023,229.75,228.25,235.9,227.65, 230.20,233.55,231.32,10041,23.23,574, 6880, 68.52,1.65
AKSHARCHEM, EQ, 30-May-2024,267.15,260.6,265.05,255.55,260.0,258.5,258.69,14497,37.5,970, 7212, 49.75,-3.24
AKSHARCHEM, EQ, 30-Jun-2020,200.5,200.5,230.3,200.25, 217.90,218.15,217.58,211908,461.07,8316, 67252, 31.74,8.8
AKSHARCHEM, EQ, 30-Jun-2021,349.8,349.05,353.6,339.55, 340.00,342.5,346.74,19540,67.75,1099, 12223, 62.55,-2.09
AKSHARCHEM, EQ, 30-Jun-2022,276.6,279.25,285.8,271.25,271.25,273.9,275.7,4044,11.15,334, 1893, 46.81,-0.98
AKSHARCHEM, EQ, 30-Jun-2023,244.0,244.6,248.45,235.25, 236.70,238.75,242.01,12291,29.75,662, 8198, 66.70,-2.15
AKSHARCHEM, EQ, 30-Jul-2020,214.9,216.95,224.0,215.0, 218.00,217.35,220.27,36329,80.02,1327, 16865, 46.42,1.14
AKSHARCHEM, EQ, 30-Jul-2021,439.5,439.0,448.0,437.95, 443.00,444.3,444.35,15246,67.75,1495, 7970, 52.28,1.09
AKSHARCHEM, EQ, 30-Jul-2024,348.05,349.8,374.95,344.25,363.0,363.65,363.48,93679,340.5,3032, 43917, 46.88,4.48
AKSHARCHEM, EQ, 30-Aug-2021,424.6,427.3,431.0,414.6, 422.00,424.85,424.03,24156,102.43,2518, 11153, 46.17,0.06
AKSHARCHEM, EQ, 30-Aug-2022,272.4,271.1,290.0,271.1, 284.50,282.4,282.42,14598,41.23,872, 7771, 53.23,3.67
AKSHARCHEM, EQ, 30-Aug-2023,249.8,253.95,266.45,253.95, 261.00,260.9,260.16,47036,122.37,2489, 25957, 55.19,4.44
AKSHARCHEM, EQ, 30-Aug-2024,335.45,335.8,350.05,332.35,345.0,343.25,342.45,18368,62.9,1786, 9014, 49.07,2.33
AKSHARCHEM, EQ, 30-Sep-2020,222.05,223.65,228.8,222.55,225.2,225.95,225.21,9545,21.5,454, 5949, 62.33,1.76
AKSHARCHEM, EQ, 30-Sep-2021,412.35,416.25,419.05,408.95, 410.00,411.2,413.14,13849,57.22,1028, 6535, 47.19,-0.28
AKSHARCHEM, EQ, 30-Sep-2022,329.15,326.9,340.9,322.1, 323.00,326.2,329.25,13103,43.14,1207, 3547, 27.07,-0.9
AKSHARCHEM, EQ, 30-Sep-2024,324.25,324.3,324.3,314.35,319.45,319.0,318.2,3507,11.16,470, 2156, 61.48,-1.62
AKSHARCHEM, EQ, 30-Oct-2020,206.8,205.2,209.95,201.0, 204.10,204.45,204.9,5404,11.07,374, 3457, 63.97,-1.14
AKSHARCHEM, EQ, 30-Oct-2023,256.25,256.9,264.45,252.2, 256.20,259.6,260.07,4719,12.27,404, 2555, 54.14,1.31
AKSHARCHEM, EQ, 30-Oct-2024,284.8,286.35,292.2,285.5,286.15,288.25,288.74,2827,8.16,326, 1496, 52.92,1.21
AKSHARCHEM, EQ, 30-Nov-2021,416.3,419.75,431.25,401.05,405.0,404.7,417.49,18266,76.26,1572, 9519, 52.11,-2.79
AKSHARCHEM, EQ, 30-Nov-2022,320.5,315.0,324.1,312.0,315.5,314.4,317.92,5616,17.85,429, 3786, 67.41,-1.9
AKSHARCHEM, EQ, 30-Nov-2023,253.35,254.25,257.4,248.1, 252.00,254.8,253.41,8474,21.47,721, 4976, 58.72,0.57
AKSHARCHEM, EQ, 30-Dec-2020,249.3,249.3,263.0,247.75,257.2,257.85,257.58,154358,397.6,4579, 65835, 42.65,3.43
AKSHARCHEM, EQ, 30-Dec-2021,447.4,454.95,478.0,451.8, 460.05,461.9,464.72,41981,195.09,2758, 21106, 50.28,3.24
AKSHARCHEM, EQ, 30-Dec-2022,257.9,257.9,268.1,257.9,263.4,264.85,262.68,8518,22.37,729, 3904, 45.83,2.69
AKSHARCHEM, EQ, 30-Dec-2024,312.05,313.45,323.65,304.15,308.0,307.75,312.0,12751,39.78,1136, 6354, 49.83,-1.38
AKSHARCHEM, EQ, 31-Jan-2020,242.55,247.95,248.0,231.95, 235.70,235.15,235.5,3138,7.39,181, 2025, 64.53,-3.05
AKSHARCHEM, EQ, 31-Jan-2022,435.0,445.3,446.15,431.7,440.6,440.4,439.52,12663,55.66,1193, 6151, 48.57,1.24
AKSHARCHEM, EQ, 31-Jan-2023,243.0,246.55,248.0,241.05,247.0,247.15,245.83,5492,13.5,331, 2846, 51.82,1.71
AKSHARCHEM, EQ, 31-Jan-2024,278.2,286.95,286.95,278.25, 281.90,280.85,282.14,23490,66.28,741, 16064, 68.39,0.95
AKSHARCHEM, EQ, 31-Jan-2025,267.7,266.0,275.95,264.0,264.8,266.5,268.23,3485,9.35,274, 1634, 46.89,-0.45
AKSHARCHEM, EQ, 31-Mar-2020,144.15,150.0,154.45,141.1,153.0,151.7,147.02,4997,7.35,266, 3015, 60.34,5.24
AKSHARCHEM, EQ, 31-Mar-2021,234.4,233.5,236.2,231.7, 232.65,232.85,233.32,10528,24.56,414, 7449, 70.75,-0.66
AKSHARCHEM, EQ, 31-Mar-2022,348.45,350.8,359.45,345.35, 345.35,348.9,351.63,26220,92.2,1256, 14662, 55.92,0.13
AKSHARCHEM, EQ, 31-Mar-2023,203.35,206.0,210.05,202.7, 202.70,205.05,206.55,10798,22.3,551, 8050, 74.55,0.84
AKSHARCHEM, EQ, 31-May-2021,302.0,302.0,305.75,295.0, 296.40,296.8,299.93,25618,76.84,1405, 15665, 61.15,-1.72
AKSHARCHEM, EQ, 31-May-2022,296.1,291.6,299.0,291.6, 295.05,294.0,295.16,5502,16.24,398, 3832, 69.65,-0.71
AKSHARCHEM, EQ, 31-May-2023,233.55,224.95,233.55,222.95, 225.30,225.1,224.63,13140,29.52,649, 8666, 65.95,-3.62
AKSHARCHEM, EQ, 31-May-2024,258.5,255.65,261.95,255.0,258.15,255.55,256.78,5945,15.27,370, 2567, 43.18,-1.14
AKSHARCHEM, EQ, 31-Jul-2020,217.35,217.35,256.95,217.35,239.4,239.65,243.01,803203,1951.89,20099, 230625, 28.71,10.26
AKSHARCHEM, EQ, 31-Jul-2023,242.8,245.0,248.35,243.3, 245.55,245.3,246.52,8799,21.69,452, 6436, 73.14,1.03
AKSHARCHEM, EQ, 31-Jul-2024,363.65,365.95,365.95,342.5,345.15,344.7,349.33,29493,103.03,2423, 16096, 54.58,-5.21
AKSHARCHEM, EQ, 31-Aug-2020,244.4,255.0,256.0,230.05, 234.50,236.55,243.24,138129,335.98,3901, 77708, 56.26,-3.21
AKSHARCHEM, EQ, 31-Aug-2021,424.85,434.0,438.35,422.15,428.4,427.4,431.51,23565,101.68,2448, 9478, 40.22,0.6
AKSHARCHEM, EQ, 31-Aug-2023,260.9,262.2,264.7,250.5, 250.50,252.9,256.31,11710,30.01,1597, 5770, 49.27,-3.07
AKSHARCHEM, EQ, 31-Oct-2022,331.1,334.4,335.3,328.45,329.0,330.0,330.96,3664,12.13,428, 1826, 49.84,-0.33
AKSHARCHEM, EQ, 31-Oct-2023,259.6,263.45,263.45,255.0, 255.05,256.6,257.48,3653,9.41,336, 2607, 71.37,-1.16
AKSHARCHEM, EQ, 31-Oct-2024,288.25,288.0,293.4,282.6,290.05,290.4,289.08,5770,16.68,404, 4605, 79.81,0.75
AKSHARCHEM, EQ, 31-Dec-2020,257.85,258.75,264.3,252.0,253.0,254.25,258.93,46646,120.78,2398, 20829, 44.65,-1.4
AKSHARCHEM, EQ, 31-Dec-2021,461.9,460.1,466.7,447.15,448.25,452.2,456.16,13990,63.82,1155, 6690, 47.82,-2.1
AKSHARCHEM, EQ, 31-Dec-2024,307.75,309.4,310.25,300.7,302.0,302.75,302.92,10085,30.55,537, 6232, 61.79,-1.62
