SYMBOL, SERIES, DATE1, PREV_CLOSE, OPEN_PRICE, HIGH_PRICE, LOW_PRICE, LAST_PRICE, CLOSE_PRICE, AVG_PRICE, TTL_TRD_QNTY, TURNOVER_LACS, NO_OF_TRADES, DELIV_QTY, DELIV_PER,PER_CHANGE
AMRUTANJAN, EQ, 01-Jan-2020,440.3,440.35,444.5,431.2, 432.25,432.5,436.89,10222,44.66,792, 5891, 57.63,-1.77
AMRUTANJAN, EQ, 01-Jan-2021,502.15,503.8,506.5,500.0, 502.25,502.75,503.84,32562,164.06,1499, 17063, 52.40,0.12
AMRUTANJAN, EQ, 01-Jan-2024,599.45,607.4,617.95,599.5, 616.65,616.55,613.34,97121,595.68,8040, 53399, 54.98,2.85
AMRUTANJAN, EQ, 01-Jan-2025,722.65,722.65,724.1,715.05,719.8,720.3,720.23,5419,39.03,790, 3297, 60.84,-0.33
AMRUTANJAN, EQ, 01-Feb-2021,493.95,494.0,517.95,489.65, 514.00,511.25,505.48,56807,287.15,3068, 26864, 47.29,3.5
AMRUTANJAN, EQ, 01-Feb-2022,826.8,830.25,832.95,821.0,827.0,825.4,827.11,30404,251.47,3887, 15958, 52.49,-0.17
AMRUTANJAN, EQ, 01-Feb-2023,721.25,724.9,727.0,712.1, 723.00,718.9,721.71,15344,110.74,3427, 8645, 56.34,-0.33
AMRUTANJAN, EQ, 01-Feb-2024,579.55,576.5,591.0,570.0, 576.75,574.45,578.88,36190,209.5,3273, 23014, 63.59,-0.88
AMRUTANJAN, EQ, 01-Mar-2021,545.8,548.55,560.05,545.05, 546.05,547.8,550.59,32021,176.3,1668, 17516, 54.70,0.37
AMRUTANJAN, EQ, 01-Mar-2023,609.15,612.2,624.95,607.45, 624.95,622.4,619.65,17725,109.83,3778, 6518, 36.77,2.18
AMRUTANJAN, EQ, 01-Mar-2024,639.35,640.0,668.95,640.0, 667.00,666.0,661.07,73225,484.07,7378, 47395, 64.73,4.17
AMRUTANJAN, EQ, 01-Apr-2020,329.95,333.0,336.05,318.0,322.95,321.35,326.45,25096,81.93,1220, 12172, 48.50,-2.61
AMRUTANJAN, EQ, 01-Apr-2021,567.65,570.5,584.0,570.0, 574.70,575.7,575.56,56397,324.6,2976, 21816, 38.68,1.42
AMRUTANJAN, EQ, 01-Apr-2022,794.6,800.0,850.0,799.95, 831.50,835.2,832.88,56062,466.93,5932, 19878, 35.46,5.11
AMRUTANJAN, EQ, 01-Apr-2024,620.45,625.0,626.9,616.55, 624.95,622.5,622.2,28752,178.89,3330, 13959, 48.55,0.33
AMRUTANJAN, EQ, 01-Apr-2025,652.1,661.1,672.0,640.35,643.4,643.55,655.09,15352,100.57,2900, 6198, 40.37,-1.31
AMRUTANJAN, EQ, 01-Jun-2020,339.6,342.0,355.55,341.65, 347.20,346.55,347.48,125231,435.15,2617, 83318, 66.53,2.05
AMRUTANJAN, EQ, 01-Jun-2021,708.9,710.0,719.95,692.45, 700.50,696.6,702.51,71643,503.3,5561, 29750, 41.53,-1.74
AMRUTANJAN, EQ, 01-Jun-2022,823.35,827.5,831.85,813.55,816.5,818.05,824.44,12567,103.61,1850, 5612, 44.66,-0.64
AMRUTANJAN, EQ, 01-Jun-2023,607.5,610.55,614.2,607.3, 612.00,609.95,611.55,15309,93.62,2180, 9525, 62.22,0.4
AMRUTANJAN, EQ, 01-Jul-2020,361.0,361.6,364.0,355.0, 357.80,357.45,357.79,50553,180.87,3614, 26115, 51.66,-0.98
AMRUTANJAN, EQ, 01-Jul-2021,701.05,707.45,717.8,702.0, 712.45,711.25,711.41,68906,490.2,5102, 30619, 44.44,1.45
AMRUTANJAN, EQ, 01-Jul-2022,788.95,792.9,798.95,777.15,788.0,792.95,789.07,14878,117.4,7291, 2786, 18.73,0.51
AMRUTANJAN, EQ, 01-Jul-2024,749.5,749.95,825.15,746.2,786.8,786.35,796.22,291771,2323.14,20541, 91659, 31.41,4.92
AMRUTANJAN, EQ, 01-Aug-2022,801.65,812.45,813.0,799.6, 805.95,805.4,806.16,16684,134.5,2485, 10070, 60.36,0.47
AMRUTANJAN, EQ, 01-Aug-2023,657.9,657.65,664.5,647.0, 649.00,648.75,653.74,93095,608.6,7519, 54709, 58.77,-1.39
AMRUTANJAN, EQ, 01-Aug-2024,755.6,746.35,780.85,746.35,762.0,762.2,766.08,34351,263.16,4607, 18802, 54.73,0.87
AMRUTANJAN, EQ, 01-Sep-2020,448.15,449.05,468.0,440.05, 451.00,448.35,446.69,58553,261.55,3379, 14510, 24.78,0.04
AMRUTANJAN, EQ, 01-Sep-2021,716.8,720.0,733.0,701.35,706.0,704.9,714.4,50871,363.42,3987, 33080, 65.03,-1.66
AMRUTANJAN, EQ, 01-Sep-2022,759.1,759.1,765.0,749.0,759.55,755.2,757.98,16647,126.18,2396, 9596, 57.64,-0.51
AMRUTANJAN, EQ, 01-Sep-2023,614.55,612.25,615.0,609.5, 610.70,610.25,610.99,41283,252.23,2284, 28715, 69.56,-0.7
AMRUTANJAN, EQ, 01-Oct-2020,423.0,424.9,428.5,424.25, 427.45,427.6,427.27,50547,215.97,2708, 27978, 55.35,1.09
AMRUTANJAN, EQ, 01-Oct-2021,835.2,835.0,836.7,820.0, 824.90,821.3,824.69,59794,493.11,5672, 28467, 47.61,-1.66
AMRUTANJAN, EQ, 01-Oct-2024,816.05,809.0,816.0,791.05,799.9,795.15,800.47,38987,312.08,2563, 19313, 49.54,-2.56
AMRUTANJAN, EQ, 01-Nov-2021,912.2,919.9,932.6,912.35, 922.90,920.9,919.92,32015,294.51,6680, 12425, 38.81,0.95
AMRUTANJAN, EQ, 01-Nov-2022,732.2,735.9,746.95,734.0,740.0,739.65,740.51,11116,82.31,1619, 6497, 58.45,1.02
AMRUTANJAN, EQ, 01-Nov-2023,596.5,598.1,605.0,595.0, 601.00,601.9,601.29,11529,69.32,1396, 6160, 53.43,0.91
AMRUTANJAN, EQ, 01-Dec-2020,504.7,507.8,509.0,496.0,497.9,497.85,500.88,68877,344.99,2867, 36283, 52.68,-1.36
AMRUTANJAN, EQ, 01-Dec-2021,889.15,893.6,902.95,885.0,888.0,887.6,891.27,17783,158.5,2914, 7834, 44.05,-0.17
AMRUTANJAN, EQ, 01-Dec-2022,708.7,710.0,719.25,702.1,710.2,709.4,709.37,28083,199.21,2857, 14515, 51.69,0.1
AMRUTANJAN, EQ, 01-Dec-2023,602.25,602.05,605.95,600.0, 601.00,600.35,602.17,21076,126.91,1868, 13419, 63.67,-0.32
AMRUTANJAN, EQ, 02-Jan-2020,432.5,433.25,453.0,428.6, 446.00,447.15,439.92,26606,117.04,1196, 12374, 46.51,3.39
AMRUTANJAN, EQ, 02-Jan-2023,710.6,706.3,727.0,706.3, 726.00,725.25,718.03,18642,133.85,2450, 12319, 66.08,2.06
AMRUTANJAN, EQ, 02-Jan-2024,616.55,621.45,634.0,610.0, 623.25,624.8,622.29,148775,925.81,11708, 65430, 43.98,1.34
AMRUTANJAN, EQ, 02-Jan-2025,720.3,725.9,729.45,717.65,727.45,725.55,722.19,4914,35.49,833, 3437, 69.94,0.73
AMRUTANJAN, EQ, 02-Feb-2021,511.25,514.0,523.6,510.6, 514.05,515.15,515.68,34659,178.73,1990, 16923, 48.83,0.76
AMRUTANJAN, EQ, 02-Feb-2022,825.4,826.05,850.0,826.05, 846.70,844.6,842.32,34491,290.52,4009, 17468, 50.65,2.33
AMRUTANJAN, EQ, 02-Feb-2023,718.9,715.0,724.75,714.5, 722.00,719.0,719.18,40808,293.48,2885, 35797, 87.72,0.01
AMRUTANJAN, EQ, 02-Feb-2024,574.45,577.35,581.2,572.1, 574.95,573.65,576.47,18665,107.6,2395, 11336, 60.73,-0.14
AMRUTANJAN, EQ, 02-Mar-2020,461.95,468.55,489.0,442.25, 456.00,451.2,472.48,48874,230.92,4434, 20215, 41.36,-2.33
AMRUTANJAN, EQ, 02-Mar-2021,547.8,550.0,556.75,525.0,536.0,535.25,541.02,63465,343.36,4253, 33826, 53.30,-2.29
AMRUTANJAN, EQ, 02-Mar-2022,835.55,844.0,850.9,835.5, 839.00,841.6,842.72,29616,249.58,3401, 11379, 38.42,0.72
AMRUTANJAN, EQ, 02-Mar-2023,622.4,622.4,638.55,615.0, 631.00,627.95,631.28,16895,106.65,3340, 7055, 41.76,0.89
AMRUTANJAN, EQ, 02-Apr-2024,622.5,623.7,637.05,621.9, 634.40,633.5,631.69,31039,196.07,3216, 16882, 54.39,1.77
AMRUTANJAN, EQ, 02-Apr-2025,643.55,635.1,653.0,635.05,646.05,645.45,644.14,5077,32.7,942, 2088, 41.13,0.3
AMRUTANJAN, EQ, 02-May-2022,906.65,889.0,911.05,885.0,896.55,898.9,898.79,21187,190.43,3414, 8318, 39.26,-0.85
AMRUTANJAN, EQ, 02-May-2023,603.95,609.45,615.0,602.0, 608.00,605.4,609.16,16856,102.68,2543, 8694, 51.58,0.24
AMRUTANJAN, EQ, 02-May-2024,698.65,701.95,797.5,701.85, 782.00,783.55,762.25,748640,5706.5,42275, 231911, 30.98,12.15
AMRUTANJAN, EQ, 02-Jun-2020,346.55,346.0,369.0,346.0,363.9,364.85,360.9,118474,427.57,4846, 48764, 41.16,5.28
AMRUTANJAN, EQ, 02-Jun-2021,696.6,696.6,709.0,685.65, 692.00,689.85,691.75,75558,522.67,5503, 39634, 52.46,-0.97
AMRUTANJAN, EQ, 02-Jun-2022,818.05,815.0,838.9,813.95,829.2,834.0,828.29,9682,80.19,1935, 4721, 48.76,1.95
AMRUTANJAN, EQ, 02-Jun-2023,609.95,614.0,616.5,600.0, 604.00,603.95,608.26,23751,144.47,2147, 14100, 59.37,-0.98
AMRUTANJAN, EQ, 02-Jul-2020,357.45,360.0,366.0,360.0, 361.95,361.55,362.98,65450,237.57,4023, 27274, 41.67,1.15
AMRUTANJAN, EQ, 02-Jul-2021,711.25,716.9,730.7,713.05,715.55,717.1,722.08,105899,764.68,6220, 39371, 37.18,0.82
AMRUTANJAN, EQ, 02-Jul-2024,786.35,787.0,800.0,773.95,780.8,782.05,786.58,66184,520.59,8290, 33077, 49.98,-0.55
AMRUTANJAN, EQ, 02-Aug-2021,682.9,685.0,703.0,685.0,697.4,696.15,696.47,37310,259.85,3624, 19036, 51.02,1.94
AMRUTANJAN, EQ, 02-Aug-2022,805.4,805.0,822.0,801.0,801.0,804.85,811.62,20985,170.32,3470, 9551, 45.51,-0.07
AMRUTANJAN, EQ, 02-Aug-2023,648.75,647.2,655.8,641.0, 647.50,647.95,649.05,73716,478.46,6081, 37403, 50.74,-0.12
AMRUTANJAN, EQ, 02-Aug-2024,762.2,752.25,779.0,752.25,755.0,760.3,766.51,31558,241.9,6106, 15278, 48.41,-0.25
AMRUTANJAN, EQ, 02-Sep-2020,448.35,451.0,457.85,445.05, 450.00,452.5,451.27,65280,294.59,2875, 31476, 48.22,0.93
AMRUTANJAN, EQ, 02-Sep-2021,704.9,705.0,720.35,700.0, 717.00,716.45,712.72,32952,234.85,3106, 12859, 39.02,1.64
AMRUTANJAN, EQ, 02-Sep-2022,755.2,758.0,765.55,753.2,755.0,757.2,759.32,16667,126.56,2342, 10695, 64.17,0.26
AMRUTANJAN, EQ, 02-Sep-2024,818.9,823.75,829.75,808.0,812.0,811.25,814.43,36145,294.38,3888, 17070, 47.23,-0.93
AMRUTANJAN, EQ, 02-Nov-2020,418.6,420.7,422.0,409.5, 409.95,411.7,413.37,19300,79.78,1181, 11488, 59.52,-1.65
AMRUTANJAN, EQ, 02-Nov-2021,920.9,924.4,935.85,916.0, 925.50,923.45,926.36,36897,341.8,6124, 14688, 39.81,0.28
AMRUTANJAN, EQ, 02-Nov-2022,739.65,744.95,751.95,724.95,734.35,731.2,738.88,23082,170.55,2492, 11376, 49.29,-1.14
AMRUTANJAN, EQ, 02-Nov-2023,601.9,601.9,605.0,599.0, 604.00,601.25,602.41,9217,55.52,1033, 4965, 53.87,-0.11
AMRUTANJAN, EQ, 02-Dec-2020,497.85,498.0,503.2,494.1, 498.50,498.55,498.93,40867,203.9,1820, 21698, 53.09,0.14
AMRUTANJAN, EQ, 02-Dec-2021,887.6,891.9,904.5,885.75, 899.10,902.7,896.61,34070,305.48,5272, 13600, 39.92,1.7
AMRUTANJAN, EQ, 02-Dec-2022,709.4,706.0,716.5,705.0, 714.00,712.35,712.14,16368,116.56,2137, 10551, 64.46,0.42
AMRUTANJAN, EQ, 02-Dec-2024,737.95,731.0,744.8,730.6,741.0,740.5,740.18,13003,96.25,1714, 7972, 61.31,0.35
AMRUTANJAN, EQ, 03-Jan-2020,447.15,447.2,447.9,434.0, 437.00,437.65,438.5,16541,72.53,967, 9931, 60.04,-2.12
AMRUTANJAN, EQ, 03-Jan-2022,936.5,944.0,949.6,929.2, 934.40,933.0,937.6,24250,227.37,3383, 10068, 41.52,-0.37
AMRUTANJAN, EQ, 03-Jan-2023,725.25,718.15,729.9,718.0, 728.00,725.3,725.22,21958,159.24,2978, 12814, 58.36,0.01
AMRUTANJAN, EQ, 03-Jan-2024,624.8,629.0,630.35,617.0, 618.00,620.25,622.36,46639,290.26,4218, 24132, 51.74,-0.73
AMRUTANJAN, EQ, 03-Jan-2025,725.55,731.15,734.9,720.0,724.95,723.85,727.92,9802,71.35,1355, 5818, 59.36,-0.23
AMRUTANJAN, EQ, 03-Feb-2020,426.05,421.0,460.0,420.75, 459.00,454.8,445.88,89236,397.89,6537, 26978, 30.23,6.75
AMRUTANJAN, EQ, 03-Feb-2021,515.15,517.0,529.9,511.25, 517.10,519.45,523.02,46815,244.85,2521, 21553, 46.04,0.83
AMRUTANJAN, EQ, 03-Feb-2022,844.6,851.6,851.6,825.0, 838.50,833.45,834.32,24082,200.92,3835, 11960, 49.66,-1.32
AMRUTANJAN, EQ, 03-Feb-2023,719.0,709.0,720.75,705.55, 711.25,709.1,712.61,13829,98.55,3330, 8007, 57.90,-1.38
AMRUTANJAN, EQ, 03-Feb-2025,688.2,686.35,686.35,659.05,665.9,663.05,669.52,15957,106.84,5309, 7467, 46.79,-3.65
AMRUTANJAN, EQ, 03-Mar-2020,451.2,464.7,495.0,464.7, 469.80,470.5,477.01,146393,698.31,5382, 28685, 19.59,4.28
AMRUTANJAN, EQ, 03-Mar-2021,535.25,548.9,584.9,542.65,568.9,568.55,569.89,252675,1439.96,9060, 61130, 24.19,6.22
AMRUTANJAN, EQ, 03-Mar-2022,841.6,841.0,848.9,815.0,828.3,824.05,832.31,21316,177.41,3199, 8265, 38.77,-2.09
AMRUTANJAN, EQ, 03-Mar-2023,627.95,629.85,634.1,620.35, 628.70,625.55,629.35,11353,71.45,2054, 5705, 50.25,-0.38
AMRUTANJAN, EQ, 03-Mar-2025,577.75,579.0,586.8,559.95,581.55,583.35,571.51,24486,139.94,2836, 13801, 56.36,0.97
AMRUTANJAN, EQ, 03-Apr-2020,321.35,330.0,330.0,301.0, 311.30,312.35,313.14,27031,84.64,2668, 12438, 46.01,-2.8
AMRUTANJAN, EQ, 03-Apr-2023,576.0,585.0,623.7,581.3, 614.00,615.65,600.4,30354,182.25,4652, 13453, 44.32,6.88
AMRUTANJAN, EQ, 03-Apr-2024,633.5,633.55,652.55,625.95, 652.00,649.1,643.05,49380,317.54,6682, 30982, 62.74,2.46
AMRUTANJAN, EQ, 03-Apr-2025,645.45,641.1,668.8,641.1,666.0,665.9,659.49,16588,109.4,2638, 8003, 48.25,3.17
AMRUTANJAN, EQ, 03-May-2021,636.4,646.85,651.45,635.05,638.0,637.6,642.34,54037,347.1,3995, 24364, 45.09,0.19
AMRUTANJAN, EQ, 03-May-2023,605.4,605.95,609.95,604.1,607.5,606.6,607.24,9249,56.16,1194, 6538, 70.69,0.2
AMRUTANJAN, EQ, 03-May-2024,783.55,793.0,804.0,770.1, 774.05,775.75,788.85,708957,5592.6,38115, 129823, 18.31,-1.0
AMRUTANJAN, EQ, 03-Jun-2020,364.85,372.0,375.0,348.25,352.0,353.4,365.87,236273,864.45,7770, 74150, 31.38,-3.14
AMRUTANJAN, EQ, 03-Jun-2021,689.85,698.7,708.9,688.55, 697.95,695.25,696.17,86036,598.96,4981, 36509, 42.43,0.78
AMRUTANJAN, EQ, 03-Jun-2022,834.0,842.0,842.0,820.1, 829.95,826.35,830.59,8477,70.41,1762, 4744, 55.96,-0.92
AMRUTANJAN, EQ, 03-Jun-2024,691.5,699.45,708.0,680.2,687.0,685.2,691.93,37837,261.81,3480, 17659, 46.67,-0.91
AMRUTANJAN, EQ, 03-Jul-2020,361.55,363.4,364.35,358.0, 358.55,360.65,359.8,52611,189.3,4028, 22348, 42.48,-0.25
AMRUTANJAN, EQ, 03-Jul-2023,738.25,737.15,737.75,702.05, 703.35,703.7,718.07,326373,2343.59,19226, 131414, 40.26,-4.68
AMRUTANJAN, EQ, 03-Jul-2024,782.05,785.95,787.7,765.0,765.0,769.7,775.26,27683,214.62,2710, 16020, 57.87,-1.58
AMRUTANJAN, EQ, 03-Aug-2020,430.2,434.75,446.0,430.0,446.0,441.6,438.36,306648,1344.21,8367, 80287, 26.18,2.65
AMRUTANJAN, EQ, 03-Aug-2021,696.15,702.95,703.85,691.4,694.0,693.7,698.12,19817,138.35,2349, 9462, 47.75,-0.35
AMRUTANJAN, EQ, 03-Aug-2022,804.85,799.15,811.7,797.15, 805.95,806.1,804.58,16651,133.97,2401, 7203, 43.26,0.16
AMRUTANJAN, EQ, 03-Aug-2023,647.95,650.0,652.0,640.0, 642.00,640.9,645.21,46693,301.27,4546, 24069, 51.55,-1.09
AMRUTANJAN, EQ, 03-Sep-2020,452.5,452.5,453.9,447.55, 450.00,449.05,450.38,32205,145.04,1696, 19896, 61.78,-0.76
AMRUTANJAN, EQ, 03-Sep-2021,716.45,716.0,728.0,706.55, 714.45,713.35,718.5,31494,226.28,3232, 17941, 56.97,-0.43
AMRUTANJAN, EQ, 03-Sep-2024,811.25,812.0,817.8,806.0,812.55,813.1,810.87,20826,168.87,1778, 10940, 52.53,0.23
AMRUTANJAN, EQ, 03-Oct-2022,714.8,718.9,727.95,711.85,720.25,721.4,720.76,10103,72.82,1518, 5530, 54.74,0.92
AMRUTANJAN, EQ, 03-Oct-2023,616.15,612.0,621.1,609.4, 610.50,610.95,614.92,36510,224.51,4544, 14263, 39.07,-0.84
AMRUTANJAN, EQ, 03-Oct-2024,795.15,798.7,798.7,770.05,776.0,772.6,780.77,28987,226.32,2530, 14954, 51.59,-2.84
AMRUTANJAN, EQ, 03-Nov-2020,411.7,412.0,424.0,412.0,417.0,417.0,417.33,34296,143.13,1575, 9308, 27.14,1.29
AMRUTANJAN, EQ, 03-Nov-2021,923.45,927.8,927.8,917.75, 926.00,925.55,923.58,35636,329.13,3914, 20887, 58.61,0.23
AMRUTANJAN, EQ, 03-Nov-2022,731.2,731.2,746.0,729.1,730.35,733.7,737.14,17316,127.64,2218, 9928, 57.33,0.34
AMRUTANJAN, EQ, 03-Nov-2023,601.25,604.3,609.7,599.7, 605.00,604.7,605.35,11267,68.2,1309, 5973, 53.01,0.57
AMRUTANJAN, EQ, 03-Dec-2020,498.55,502.0,505.0,495.75,497.0,498.25,499.98,33584,167.91,2034, 18119, 53.95,-0.06
AMRUTANJAN, EQ, 03-Dec-2021,902.7,904.5,913.1,900.2, 906.05,907.75,907.45,17857,162.04,2458, 7247, 40.58,0.56
AMRUTANJAN, EQ, 03-Dec-2024,740.5,746.15,755.0,736.25,751.0,749.7,749.3,20376,152.68,2510, 12910, 63.36,1.24
AMRUTANJAN, EQ, 04-Jan-2021,502.75,508.5,589.0,502.8,560.5,564.4,560.81,1751203,9821.0,55162, 279145, 15.94,12.26
AMRUTANJAN, EQ, 04-Jan-2022,933.0,940.35,942.3,920.0, 933.00,931.0,929.62,25251,234.74,3676, 12234, 48.45,-0.21
AMRUTANJAN, EQ, 04-Jan-2023,725.3,728.95,728.95,719.0, 722.95,720.65,722.7,8193,59.21,1495, 4499, 54.91,-0.64
AMRUTANJAN, EQ, 04-Jan-2024,620.25,621.0,630.5,612.0, 618.40,619.95,623.15,80688,502.81,5746, 39122, 48.49,-0.05
AMRUTANJAN, EQ, 04-Feb-2020,454.8,461.8,479.5,454.0, 477.00,476.75,469.99,42547,199.97,3086, 20240, 47.57,4.83
AMRUTANJAN, EQ, 04-Feb-2021,519.45,521.5,524.75,515.0, 516.10,516.0,519.69,36230,188.28,2007, 19566, 54.00,-0.66
AMRUTANJAN, EQ, 04-Feb-2022,833.45,837.0,837.35,826.5, 833.40,830.85,830.88,17101,142.09,2353, 10050, 58.77,-0.31
AMRUTANJAN, EQ, 04-Feb-2025,663.05,663.1,670.8,639.25,656.4,655.55,655.06,25880,169.53,2188, 16507, 63.78,-1.13
AMRUTANJAN, EQ, 04-Mar-2020,470.5,474.0,484.15,439.85, 451.75,454.05,463.03,82910,383.89,5628, 46221, 55.75,-3.5
AMRUTANJAN, EQ, 04-Mar-2021,568.55,565.0,571.95,561.0, 562.95,562.75,564.83,41172,232.55,3214, 16015, 38.90,-1.02
AMRUTANJAN, EQ, 04-Mar-2022,824.05,825.0,825.0,801.05, 808.00,811.05,817.8,21524,176.02,3768, 9261, 43.03,-1.58
AMRUTANJAN, EQ, 04-Mar-2024,669.2,669.25,675.0,659.05, 666.50,667.2,664.69,64671,429.86,4361, 44505, 68.82,-0.3
AMRUTANJAN, EQ, 04-Mar-2025,583.35,575.0,619.0,569.3,612.0,601.05,590.44,18090,106.81,2612, 8581, 47.44,3.03
AMRUTANJAN, EQ, 04-Apr-2022,835.2,848.0,863.35,840.0,848.0,846.1,849.8,26954,229.05,3816, 12237, 45.40,1.31
AMRUTANJAN, EQ, 04-Apr-2024,649.1,649.15,654.0,645.0, 650.80,652.2,650.28,22052,143.4,2598, 14223, 64.50,0.48
AMRUTANJAN, EQ, 04-Apr-2025,665.9,659.05,665.15,636.25,650.0,642.5,654.45,15895,104.02,2838, 8797, 55.34,-3.51
AMRUTANJAN, EQ, 04-May-2020,390.65,382.0,384.7,375.35, 376.55,377.05,379.0,32972,124.97,1826, 13839, 41.97,-3.48
AMRUTANJAN, EQ, 04-May-2021,637.6,639.05,646.75,625.0, 632.90,627.5,634.81,43634,276.99,2768, 19898, 45.60,-1.58
AMRUTANJAN, EQ, 04-May-2022,898.9,909.95,910.95,880.3,890.0,888.65,896.46,25245,226.31,3860, 11521, 45.64,-1.14
AMRUTANJAN, EQ, 04-May-2023,606.6,609.65,611.85,605.0, 609.95,608.25,608.82,9821,59.79,1523, 5466, 55.66,0.27
AMRUTANJAN, EQ, 04-Jun-2020,353.4,355.3,362.35,347.1,349.9,349.2,352.1,74416,262.02,2836, 38753, 52.08,-1.19
AMRUTANJAN, EQ, 04-Jun-2021,695.25,708.7,711.05,698.9, 704.50,705.35,705.33,68609,483.92,3450, 31343, 45.68,1.45
AMRUTANJAN, EQ, 04-Jun-2024,685.2,685.2,689.1,639.55,672.05,666.45,665.68,64968,432.48,6160, 34686, 53.39,-2.74
AMRUTANJAN, EQ, 04-Jul-2022,792.95,797.05,809.65,786.1,789.0,792.85,797.34,17693,141.07,5686, 7015, 39.65,-0.01
AMRUTANJAN, EQ, 04-Jul-2023,703.7,712.7,725.0,707.1, 714.00,712.2,716.46,137132,982.49,10413, 44900, 32.74,1.21
AMRUTANJAN, EQ, 04-Jul-2024,769.7,773.8,797.15,769.8,791.0,790.6,783.49,58220,456.15,5854, 32779, 56.30,2.72
AMRUTANJAN, EQ, 04-Aug-2020,441.6,451.0,454.45,427.0,436.55,433.6,439.87,346019,1522.04,8635, 77225, 22.32,-1.81
AMRUTANJAN, EQ, 04-Aug-2021,693.7,693.75,706.95,684.0,685.05,685.05,694.69,25263,175.5,2600, 9783, 38.72,-1.25
AMRUTANJAN, EQ, 04-Aug-2022,806.1,810.0,817.75,803.5,807.95,811.95,810.82,11453,92.86,1558, 6921, 60.43,0.73
AMRUTANJAN, EQ, 04-Aug-2023,640.9,647.9,651.5,644.55, 649.00,649.05,648.7,31134,201.97,2935, 19458, 62.50,1.27
AMRUTANJAN, EQ, 04-Sep-2020,449.05,445.0,448.5,441.05,441.5,442.4,444.94,42799,190.43,2346, 19042, 44.49,-1.48
AMRUTANJAN, EQ, 04-Sep-2023,610.25,612.95,617.0,609.1, 611.35,610.65,612.77,60248,369.18,4134, 36869, 61.20,0.07
AMRUTANJAN, EQ, 04-Sep-2024,813.1,812.0,819.3,803.25,811.45,807.45,812.92,95152,773.51,9199, 18296, 19.23,-0.69
AMRUTANJAN, EQ, 04-Oct-2021,821.3,829.85,843.25,823.15, 824.90,827.0,833.71,64668,539.14,6234, 26852, 41.52,0.69
AMRUTANJAN, EQ, 04-Oct-2022,721.4,727.9,728.0,716.05, 719.50,721.1,721.19,12989,93.68,2053, 7329, 56.42,-0.04
AMRUTANJAN, EQ, 04-Oct-2023,610.95,614.05,614.05,601.35, 612.00,610.45,609.25,27381,166.82,3291, 13987, 51.08,-0.08
AMRUTANJAN, EQ, 04-Oct-2024,772.6,776.5,785.6,764.0,768.0,768.55,772.86,25471,196.86,2212, 11290, 44.32,-0.52
AMRUTANJAN, EQ, 04-Nov-2020,417.0,418.0,419.05,411.0,415.1,415.4,415.32,26327,109.34,1199, 12854, 48.82,-0.38
AMRUTANJAN, EQ, 04-Nov-2022,733.7,733.7,749.0,730.0,745.0,746.4,743.99,15436,114.84,1509, 7372, 47.76,1.73
AMRUTANJAN, EQ, 04-Nov-2024,761.8,751.0,765.0,740.2,749.6,745.9,751.09,24295,182.48,3318, 12482, 51.38,-2.09
AMRUTANJAN, EQ, 04-Dec-2020,498.25,500.4,501.35,492.0, 497.00,495.65,496.52,32559,161.66,1823, 17870, 54.88,-0.52
AMRUTANJAN, EQ, 04-Dec-2023,600.35,603.35,607.55,598.35, 604.60,603.5,601.76,23948,144.11,2853, 13218, 55.19,0.52
AMRUTANJAN, EQ, 04-Dec-2024,749.7,755.0,755.0,736.75,737.1,740.6,743.53,13069,97.17,1226, 8326, 63.71,-1.21
AMRUTANJAN, EQ, 05-Jan-2021,564.4,555.0,581.95,546.0, 564.00,563.8,568.59,443922,2524.11,15876, 84901, 19.13,-0.11
AMRUTANJAN, EQ, 05-Jan-2022,931.0,935.0,974.9,929.9, 957.20,958.1,955.57,109237,1043.84,10510, 32771, 30.00,2.91
AMRUTANJAN, EQ, 05-Jan-2023,720.65,724.0,727.0,718.0,723.45,719.35,721.69,21715,156.72,1619, 16617, 76.52,-0.18
AMRUTANJAN, EQ, 05-Jan-2024,619.95,623.05,627.7,598.7, 602.60,602.55,605.01,216955,1312.59,11255, 136983, 63.14,-2.81
AMRUTANJAN, EQ, 05-Feb-2020,476.75,476.75,489.85,474.95, 478.75,481.2,480.86,40543,194.96,2749, 19697, 48.58,0.93
AMRUTANJAN, EQ, 05-Feb-2021,516.0,518.4,521.1,515.05, 515.35,516.75,517.86,17742,91.88,1136, 8735, 49.23,0.15
AMRUTANJAN, EQ, 05-Feb-2024,573.65,576.95,580.4,574.0, 574.00,574.3,576.13,17966,103.51,1872, 11256, 62.65,0.11
AMRUTANJAN, EQ, 05-Feb-2025,655.55,660.85,679.0,652.0,670.0,670.3,668.01,10013,66.89,1244, 6560, 65.51,2.25
AMRUTANJAN, EQ, 05-Mar-2020,454.05,456.25,466.0,452.0, 459.00,457.9,457.55,41068,187.91,3567, 27531, 67.04,0.85
AMRUTANJAN, EQ, 05-Mar-2021,562.75,588.0,589.0,564.0,569.75,568.6,577.93,155185,896.86,5839, 38890, 25.06,1.04
AMRUTANJAN, EQ, 05-Mar-2024,667.2,661.2,689.0,661.2, 676.00,678.8,679.18,81664,554.65,8355, 36091, 44.19,1.74
AMRUTANJAN, EQ, 05-Mar-2025,601.05,597.45,654.55,597.2,632.1,630.6,634.9,49510,314.34,5480, 16280, 32.88,4.92
AMRUTANJAN, EQ, 05-Apr-2021,575.7,575.0,578.6,546.0,556.8,557.3,558.83,39862,222.76,3945, 16440, 41.24,-3.2
AMRUTANJAN, EQ, 05-Apr-2022,846.1,857.9,857.9,832.35, 850.00,842.65,840.93,32323,271.81,3642, 17703, 54.77,-0.41
AMRUTANJAN, EQ, 05-Apr-2023,615.65,618.75,618.75,598.9, 603.00,601.7,603.96,37158,224.42,4320, 24399, 65.66,-2.27
AMRUTANJAN, EQ, 05-Apr-2024,652.2,651.0,661.65,648.2, 653.95,651.9,654.07,25122,164.32,2226, 15364, 61.16,-0.05
AMRUTANJAN, EQ, 05-May-2020,377.05,380.6,385.0,363.55, 367.10,367.3,376.95,38713,145.93,2893, 17673, 45.65,-2.59
AMRUTANJAN, EQ, 05-May-2021,627.5,626.5,639.0,625.7, 628.00,629.7,631.6,38138,240.88,4639, 15963, 41.86,0.35
AMRUTANJAN, EQ, 05-May-2022,888.65,867.15,898.0,861.55, 868.00,867.8,885.61,24140,213.79,4184, 9880, 40.93,-2.35
AMRUTANJAN, EQ, 05-May-2023,608.25,604.5,612.9,598.7, 599.50,600.2,603.2,21851,131.8,2626, 15920, 72.86,-1.32
AMRUTANJAN, EQ, 05-Jun-2020,349.2,351.4,359.65,348.95, 350.00,350.2,353.72,84075,297.39,2793, 55533, 66.05,0.29
AMRUTANJAN, EQ, 05-Jun-2023,603.95,606.95,611.45,585.15, 596.70,592.05,597.28,68332,408.13,5984, 37757, 55.26,-1.97
AMRUTANJAN, EQ, 05-Jun-2024,666.45,655.25,739.85,655.25,709.0,710.15,703.55,63901,449.58,7513, 28534, 44.65,6.56
AMRUTANJAN, EQ, 05-Jul-2021,717.1,722.8,725.95,707.0, 712.35,716.2,719.5,88715,638.3,10056, 43485, 49.02,-0.13
AMRUTANJAN, EQ, 05-Jul-2022,792.85,799.75,807.9,785.0,799.0,799.1,798.64,18557,148.2,3284, 8893, 47.92,0.79
AMRUTANJAN, EQ, 05-Jul-2023,712.2,719.8,722.5,713.9,715.35,715.95,717.56,74438,534.14,5828, 35015, 47.04,0.53
AMRUTANJAN, EQ, 05-Jul-2024,790.6,792.0,793.95,782.55,784.45,788.55,788.06,41143,324.23,4762, 25361, 61.64,-0.26
AMRUTANJAN, EQ, 05-Aug-2020,433.6,435.8,440.8,422.2,426.0,425.3,431.29,230053,992.19,5320, 48920, 21.26,-1.91
AMRUTANJAN, EQ, 05-Aug-2021,685.05,688.5,689.85,671.2,678.0,679.75,678.26,15199,103.09,2036, 6556, 43.13,-0.77
AMRUTANJAN, EQ, 05-Aug-2022,811.95,816.05,821.0,808.4,810.85,813.8,815.4,16662,135.86,2763, 9285, 55.73,0.23
AMRUTANJAN, EQ, 05-Aug-2024,760.3,745.0,745.6,722.05,742.65,736.35,735.58,38042,279.83,5471, 20125, 52.90,-3.15
AMRUTANJAN, EQ, 05-Sep-2022,757.2,755.0,759.0,747.05, 750.00,748.55,750.5,21905,164.4,2655, 15071, 68.80,-1.14
AMRUTANJAN, EQ, 05-Sep-2023,610.65,613.75,654.0,610.65, 647.70,644.9,636.44,154993,986.44,11527, 72027, 46.47,5.61
AMRUTANJAN, EQ, 05-Sep-2024,807.45,811.5,838.9,806.0,823.95,817.0,826.06,102804,849.22,8342, 20702, 20.14,1.18
AMRUTANJAN, EQ, 05-Oct-2020,427.6,430.0,432.95,425.0, 425.50,426.15,428.66,63696,273.04,2897, 39531, 62.06,-0.34
AMRUTANJAN, EQ, 05-Oct-2021,827.0,829.0,834.8,819.95, 827.70,828.0,826.9,56661,468.53,5559, 23039, 40.66,0.12
AMRUTANJAN, EQ, 05-Oct-2023,610.45,615.0,621.85,610.5, 617.00,617.45,616.56,16940,104.45,1813, 10854, 64.07,1.15
AMRUTANJAN, EQ, 05-Nov-2020,415.4,416.25,429.95,415.5, 426.00,427.35,424.08,84306,357.52,6704, 42152, 50.00,2.88
AMRUTANJAN, EQ, 05-Nov-2024,745.9,742.0,756.95,740.0,747.0,743.65,747.38,16731,125.04,2189, 9166, 54.78,-0.3
AMRUTANJAN, EQ, 05-Dec-2022,712.35,712.3,715.85,705.0, 707.00,706.4,709.37,14732,104.5,1937, 8530, 57.90,-0.84
AMRUTANJAN, EQ, 05-Dec-2023,603.5,608.15,608.15,596.0, 598.50,598.65,599.86,28440,170.6,3280, 19178, 67.43,-0.8
AMRUTANJAN, EQ, 05-Dec-2024,740.6,740.6,746.7,728.3,735.15,738.45,735.2,13882,102.06,1182, 6711, 48.34,-0.29
AMRUTANJAN, EQ, 06-Jan-2020,437.65,437.65,438.55,423.0, 425.20,425.15,426.9,15961,68.14,1786, 8224, 51.53,-2.86
AMRUTANJAN, EQ, 06-Jan-2021,563.8,566.0,571.2,539.1, 552.00,547.45,555.26,157064,872.11,6936, 56419, 35.92,-2.9
AMRUTANJAN, EQ, 06-Jan-2022,958.1,957.7,957.7,936.05, 943.05,943.7,945.28,21224,200.63,4026, 8889, 41.88,-1.5
AMRUTANJAN, EQ, 06-Jan-2023,719.35,719.35,723.5,706.95,708.85,708.5,715.48,9638,68.96,1791, 5143, 53.36,-1.51
AMRUTANJAN, EQ, 06-Jan-2025,723.85,720.0,722.6,701.05,702.9,705.75,709.25,11294,80.1,2222, 5620, 49.76,-2.5
AMRUTANJAN, EQ, 06-Feb-2020,481.2,478.4,488.2,467.7, 468.95,472.5,479.9,17928,86.04,1549, 10829, 60.40,-1.81
AMRUTANJAN, EQ, 06-Feb-2023,709.1,712.65,719.65,709.15, 712.65,711.25,712.92,10396,74.11,2494, 5785, 55.65,0.3
AMRUTANJAN, EQ, 06-Feb-2024,574.3,570.8,578.85,570.6, 572.05,572.85,573.82,18220,104.55,2034, 11011, 60.43,-0.25
AMRUTANJAN, EQ, 06-Feb-2025,670.3,673.65,680.0,662.65,668.05,673.35,672.16,8249,55.45,2020, 4248, 51.50,0.46
AMRUTANJAN, EQ, 06-Mar-2020,457.9,441.1,468.5,435.0, 466.00,465.2,457.11,37847,173.0,4695, 21422, 56.60,1.59
AMRUTANJAN, EQ, 06-Mar-2023,625.55,629.3,637.85,623.0, 624.60,630.4,628.54,11537,72.52,2201, 6719, 58.24,0.78
AMRUTANJAN, EQ, 06-Mar-2024,678.8,682.15,683.0,655.05, 669.55,661.25,663.91,55224,366.64,6065, 29353, 53.15,-2.59
AMRUTANJAN, EQ, 06-Mar-2025,630.6,630.3,638.8,622.5,624.1,626.85,631.23,8131,51.33,1380, 3966, 48.78,-0.59
AMRUTANJAN, EQ, 06-Apr-2021,557.3,560.1,570.25,551.95,557.45,559.85,564.09,30466,171.86,1899, 10635, 34.91,0.46
AMRUTANJAN, EQ, 06-Apr-2022,842.65,850.0,910.85,833.05, 902.00,900.9,889.1,119793,1065.08,11371, 38058, 31.77,6.91
AMRUTANJAN, EQ, 06-Apr-2023,601.7,601.7,615.8,594.45, 605.65,604.05,606.2,18815,114.06,3225, 9070, 48.21,0.39
AMRUTANJAN, EQ, 06-May-2020,367.3,368.0,371.65,354.0, 366.00,363.9,363.62,38820,141.16,2063, 11278, 29.05,-0.93
AMRUTANJAN, EQ, 06-May-2021,629.7,629.05,631.8,616.2, 624.15,625.55,624.0,35426,221.06,2412, 16825, 47.49,-0.66
AMRUTANJAN, EQ, 06-May-2022,867.8,856.0,875.1,840.85,859.95,849.05,858.45,28813,247.34,5433, 12747, 44.24,-2.16
AMRUTANJAN, EQ, 06-May-2024,775.75,775.0,778.95,741.25,752.7,752.75,754.65,101888,768.9,11110, 42158, 41.38,-2.96
AMRUTANJAN, EQ, 06-Jun-2022,826.35,830.5,839.75,820.0,825.0,828.55,829.35,9201,76.31,1980, 4828, 52.47,0.27
AMRUTANJAN, EQ, 06-Jun-2023,592.05,595.05,602.35,586.6,591.0,591.05,592.71,47921,284.03,4196, 33289, 69.47,-0.17
AMRUTANJAN, EQ, 06-Jun-2024,710.15,715.15,726.5,704.25,722.25,715.75,717.24,49158,352.58,4018, 24486, 49.81,0.79
AMRUTANJAN, EQ, 06-Jul-2020,360.65,362.45,367.05,358.55, 363.10,361.9,362.71,117298,425.45,4946, 37644, 32.09,0.35
AMRUTANJAN, EQ, 06-Jul-2021,716.2,714.0,717.15,693.0, 703.90,699.6,707.39,51643,365.32,5753, 25724, 49.81,-2.32
AMRUTANJAN, EQ, 06-Jul-2022,799.1,803.1,808.5,789.05,799.0,795.7,799.21,9597,76.7,1492, 5200, 54.18,-0.43
AMRUTANJAN, EQ, 06-Jul-2023,715.95,718.0,724.4,718.0,721.5,721.0,721.36,65655,473.61,4456, 36149, 55.06,0.71
AMRUTANJAN, EQ, 06-Aug-2020,425.3,426.0,430.0,420.6,426.2,426.15,425.87,222522,947.65,4284, 24916, 11.20,0.2
AMRUTANJAN, EQ, 06-Aug-2021,679.75,681.0,702.2,678.5, 692.50,693.5,690.72,27404,189.29,2764, 9984, 36.43,2.02
AMRUTANJAN, EQ, 06-Aug-2024,736.35,742.35,748.75,707.55,714.55,710.85,725.64,20897,151.64,3703, 11457, 54.83,-3.46
AMRUTANJAN, EQ, 06-Sep-2021,713.35,725.0,737.0,714.2,717.7,715.95,723.48,68783,497.63,5701, 22674, 32.96,0.36
AMRUTANJAN, EQ, 06-Sep-2022,748.55,752.0,752.0,740.0, 743.55,741.8,744.89,26781,199.49,3147, 15063, 56.25,-0.9
AMRUTANJAN, EQ, 06-Sep-2023,644.9,644.8,659.9,642.3, 658.00,656.55,654.17,94051,615.25,6500, 48661, 51.74,1.81
AMRUTANJAN, EQ, 06-Sep-2024,817.0,819.8,834.5,803.4,808.0,808.5,819.37,72688,595.58,5393, 23301, 32.06,-1.04
AMRUTANJAN, EQ, 06-Oct-2020,426.15,428.0,428.3,423.1,424.95,424.1,425.56,42325,180.12,2130, 26630, 62.92,-0.48
AMRUTANJAN, EQ, 06-Oct-2021,828.0,829.95,869.65,829.05, 836.55,841.8,846.05,341673,2890.74,23078, 153020, 44.79,1.67
AMRUTANJAN, EQ, 06-Oct-2022,721.1,727.7,729.35,717.0, 720.00,719.25,720.53,21206,152.8,2857, 12114, 57.13,-0.26
AMRUTANJAN, EQ, 06-Oct-2023,617.45,617.5,621.25,610.75, 613.00,615.25,614.81,19504,119.91,3223, 8372, 42.92,-0.36
AMRUTANJAN, EQ, 06-Nov-2020,427.35,429.0,441.5,425.4, 431.80,433.7,434.44,110512,480.11,6015, 53350, 48.28,1.49
AMRUTANJAN, EQ, 06-Nov-2023,604.7,604.7,614.85,604.65, 610.05,609.05,608.83,10562,64.3,1316, 5466, 51.75,0.72
AMRUTANJAN, EQ, 06-Nov-2024,743.65,743.65,746.9,735.1,736.25,737.75,738.51,19770,146.0,2418, 12048, 60.94,-0.79
AMRUTANJAN, EQ, 06-Dec-2021,907.75,920.0,924.0,892.75, 899.90,901.85,912.45,28790,262.69,3910, 12777, 44.38,-0.65
AMRUTANJAN, EQ, 06-Dec-2022,706.4,705.1,709.8,702.0, 704.00,703.3,704.89,20689,145.83,3139, 12647, 61.13,-0.44
AMRUTANJAN, EQ, 06-Dec-2023,598.65,598.0,603.0,596.0, 597.00,596.45,598.67,30739,184.02,2785, 16036, 52.17,-0.37
AMRUTANJAN, EQ, 06-Dec-2024,738.45,736.1,744.35,719.1,723.0,721.9,728.29,18253,132.94,1858, 11788, 64.58,-2.24
AMRUTANJAN, EQ, 07-Jan-2020,425.15,425.5,436.9,424.6, 426.00,425.2,428.71,12315,52.8,665, 7172, 58.24,0.01
AMRUTANJAN, EQ, 07-Jan-2021,547.45,552.7,563.9,540.05, 544.95,543.55,552.27,118226,652.93,5318, 33716, 28.52,-0.71
AMRUTANJAN, EQ, 07-Jan-2022,943.7,945.25,959.8,941.0,944.0,943.35,949.08,22912,217.45,3743, 9178, 40.06,-0.04
AMRUTANJAN, EQ, 07-Jan-2025,705.75,705.6,721.55,705.6,720.25,719.6,716.65,9963,71.4,2104, 5936, 59.58,1.96
AMRUTANJAN, EQ, 07-Feb-2020,472.5,469.0,479.9,465.1, 466.50,469.2,473.32,14956,70.79,979, 7625, 50.98,-0.7
AMRUTANJAN, EQ, 07-Feb-2022,830.85,845.0,900.0,832.85, 852.00,853.5,855.98,36410,311.66,5540, 13050, 35.84,2.73
AMRUTANJAN, EQ, 07-Feb-2023,711.25,711.25,717.95,708.8, 708.80,710.9,714.09,11264,80.43,1935, 7729, 68.62,-0.05
AMRUTANJAN, EQ, 07-Feb-2024,572.85,577.45,596.9,574.0, 592.50,590.15,585.94,36982,216.69,3047, 20258, 54.78,3.02
AMRUTANJAN, EQ, 07-Feb-2025,673.35,670.65,670.95,652.1,657.05,657.4,663.48,8733,57.94,1756, 4074, 46.65,-2.37
AMRUTANJAN, EQ, 07-Mar-2022,811.05,806.95,819.9,788.2, 808.00,803.8,807.68,42662,344.57,6806,13541,31.74,-0.89
AMRUTANJAN, EQ, 07-Mar-2024,661.25,667.2,671.85,660.0, 665.00,665.5,664.66,50073,332.82,4569, 30000, 59.91,0.64
AMRUTANJAN, EQ, 07-Mar-2025,626.85,627.5,637.0,610.05,613.95,616.35,623.1,14580,90.85,1598, 9318, 63.91,-1.68
AMRUTANJAN, EQ, 07-Apr-2020,312.35,321.0,338.2,313.35, 322.10,324.0,326.9,121318,396.58,6165, 41475, 34.19,3.73
AMRUTANJAN, EQ, 07-Apr-2021,559.85,558.0,575.3,555.05,568.0,569.25,568.88,46222,262.95,2901, 22198, 48.02,1.68
AMRUTANJAN, EQ, 07-Apr-2022,900.9,903.6,926.0,867.6,878.0,874.85,900.79,68303,615.27,7806, 24957, 36.54,-2.89
AMRUTANJAN, EQ, 07-Apr-2025,642.5,620.0,635.0,570.55,615.0,612.1,612.59,24800,151.92,4056, 12884, 51.95,-4.73
AMRUTANJAN, EQ, 07-May-2020,363.9,365.7,369.4,350.6, 354.05,354.6,355.71,63288,225.12,3592, 26542, 41.94,-2.56
AMRUTANJAN, EQ, 07-May-2021,625.55,630.0,634.45,624.15, 628.00,629.35,629.19,26794,168.58,2104, 11294, 42.15,0.61
AMRUTANJAN, EQ, 07-May-2024,752.75,748.0,769.25,738.85,753.55,751.2,751.28,59858,449.7,6639, 24814, 41.45,-0.21
AMRUTANJAN, EQ, 07-Jun-2021,705.35,712.6,715.0,695.0, 702.90,699.95,705.49,58781,414.7,3204, 34709, 59.05,-0.77
AMRUTANJAN, EQ, 07-Jun-2022,828.55,826.75,837.7,793.95,807.0,806.35,809.78,17239,139.6,2455, 9112, 52.86,-2.68
AMRUTANJAN, EQ, 07-Jun-2023,591.05,591.05,597.75,588.6, 589.70,591.15,592.58,29810,176.65,2976, 17801, 59.71,0.02
AMRUTANJAN, EQ, 07-Jun-2024,715.75,727.7,729.0,715.05,724.0,725.2,723.31,34713,251.08,2822, 21406, 61.67,1.32
AMRUTANJAN, EQ, 07-Jul-2020,361.9,363.6,364.2,357.1, 360.00,359.2,360.2,59425,214.05,4024, 32847, 55.27,-0.75
AMRUTANJAN, EQ, 07-Jul-2021,699.6,701.65,709.85,700.0, 704.85,703.95,704.84,29504,207.96,2738, 14258, 48.33,0.62
AMRUTANJAN, EQ, 07-Jul-2022,795.7,805.0,812.55,795.05, 809.00,803.4,804.41,16037,129.0,5053, 5697, 35.52,0.97
AMRUTANJAN, EQ, 07-Jul-2023,721.0,722.9,728.7,721.0, 724.00,723.4,723.92,72946,528.07,5493, 35983, 49.33,0.33
AMRUTANJAN, EQ, 07-Aug-2020,426.15,428.3,461.6,426.15,451.0,451.95,446.85,478667,2138.91,10772, 102274, 21.37,6.05
AMRUTANJAN, EQ, 07-Aug-2023,649.05,650.0,653.4,641.0, 641.05,643.15,647.07,25195,163.03,2940, 14245, 56.54,-0.91
AMRUTANJAN, EQ, 07-Aug-2024,710.85,715.0,749.75,715.0,749.75,734.85,726.49,10808,78.52,2087, 5541, 51.27,3.38
AMRUTANJAN, EQ, 07-Sep-2020,442.4,449.95,449.95,435.05, 436.50,436.85,439.64,54519,239.69,2895, 20487, 37.58,-1.25
AMRUTANJAN, EQ, 07-Sep-2021,715.95,724.4,733.3,712.15, 717.70,717.35,723.32,75194,543.9,5283, 15524, 20.65,0.2
AMRUTANJAN, EQ, 07-Sep-2022,741.8,745.0,746.2,733.25, 734.90,735.4,739.37,31809,235.19,2564, 25299, 79.53,-0.86
AMRUTANJAN, EQ, 07-Sep-2023,656.55,658.0,659.5,645.5, 649.00,649.15,650.07,39879,259.24,3614, 19717, 49.44,-1.13
AMRUTANJAN, EQ, 07-Oct-2020,424.1,425.0,436.0,422.5,424.0,424.15,429.08,82237,352.87,3649, 29174, 35.48,0.01
AMRUTANJAN, EQ, 07-Oct-2021,841.8,846.4,853.15,830.1, 832.70,834.55,843.1,65762,554.44,6028, 29392, 44.69,-0.86
AMRUTANJAN, EQ, 07-Oct-2022,719.25,722.85,725.0,717.0, 723.80,722.25,721.57,10385,74.93,1537, 4915, 47.33,0.42
AMRUTANJAN, EQ, 07-Oct-2024,768.55,772.7,774.4,728.0,735.4,742.95,742.9,50784,377.27,3496, 27240, 53.64,-3.33
AMRUTANJAN, EQ, 07-Nov-2022,746.4,745.0,749.65,730.05,739.8,735.7,740.76,20840,154.37,2864, 11336, 54.40,-1.43
AMRUTANJAN, EQ, 07-Nov-2023,609.05,612.05,613.05,606.1, 608.70,607.75,608.43,4593,27.95,762, 2213, 48.18,-0.21
AMRUTANJAN, EQ, 07-Nov-2024,737.75,739.6,740.2,714.65,722.4,720.15,724.15,20064,145.29,2180, 13765, 68.61,-2.39
AMRUTANJAN, EQ, 07-Dec-2020,495.65,497.5,531.0,495.05, 514.50,517.6,520.68,460700,2398.77,15845, 123329, 26.77,4.43
AMRUTANJAN, EQ, 07-Dec-2021,901.85,896.1,924.0,896.1,922.2,919.45,913.15,22542,205.84,2500, 11645, 51.66,1.95
AMRUTANJAN, EQ, 07-Dec-2022,703.3,702.25,712.0,702.0, 705.00,704.25,705.85,14020,98.96,1660, 7589, 54.13,0.14
AMRUTANJAN, EQ, 07-Dec-2023,596.45,596.45,600.0,593.3, 597.00,595.0,596.73,20595,122.9,2710, 12428, 60.34,-0.24
AMRUTANJAN, EQ, 08-Jan-2020,425.2,424.0,428.45,416.35, 423.90,423.5,422.29,17156,72.45,1383, 5500, 32.06,-0.4
AMRUTANJAN, EQ, 08-Jan-2021,543.55,546.3,566.7,543.6, 548.50,550.3,554.84,147638,819.15,8165, 36708, 24.86,1.24
AMRUTANJAN, EQ, 08-Jan-2024,602.55,601.05,609.9,575.0, 580.00,579.65,589.88,169247,998.35,11698, 117252, 69.28,-3.8
AMRUTANJAN, EQ, 08-Jan-2025,719.6,724.95,724.95,706.05,710.75,711.45,711.28,5619,39.97,1076, 3688, 65.63,-1.13
AMRUTANJAN, EQ, 08-Feb-2021,516.75,519.0,527.0,517.0, 523.15,523.5,522.86,42781,223.68,1877, 19938, 46.60,1.31
AMRUTANJAN, EQ, 08-Feb-2022,853.5,853.5,868.65,839.45,850.0,844.6,850.29,18008,153.12,3303, 6985, 38.79,-1.04
AMRUTANJAN, EQ, 08-Feb-2023,710.9,711.0,718.0,709.0, 715.95,714.6,713.52,6357,45.36,1430, 3506, 55.15,0.52
AMRUTANJAN, EQ, 08-Feb-2024,590.15,590.1,593.1,581.1, 585.00,582.4,586.08,23577,138.18,2514, 11463, 48.62,-1.31
AMRUTANJAN, EQ, 08-Mar-2021,568.6,580.0,580.0,555.0, 557.50,556.6,563.19,66650,375.37,4646, 22976, 34.47,-2.11
AMRUTANJAN, EQ, 08-Mar-2022,803.8,814.0,829.0,806.85, 810.55,821.4,820.86,16192,132.91,2291, 6135, 37.89,2.19
AMRUTANJAN, EQ, 08-Mar-2023,630.4,633.6,635.0,626.0, 635.00,631.95,630.8,14770,93.17,2775, 7213, 48.84,0.25
AMRUTANJAN, EQ, 08-Apr-2020,324.0,326.0,352.0,320.1, 344.30,345.45,342.94,278725,955.86,9075, 62652, 22.48,6.62
AMRUTANJAN, EQ, 08-Apr-2021,569.25,572.0,585.1,566.4, 572.25,571.4,576.41,51832,298.77,3021, 23027, 44.43,0.38
AMRUTANJAN, EQ, 08-Apr-2022,874.85,881.35,908.0,873.0, 875.00,881.5,892.17,36054,321.66,4415, 16299, 45.21,0.76
AMRUTANJAN, EQ, 08-Apr-2024,651.9,681.0,707.0,670.0, 675.00,671.95,687.73,209871,1443.34,12106, 86545, 41.24,3.08
AMRUTANJAN, EQ, 08-Apr-2025,612.1,622.8,632.45,616.4,631.15,627.35,626.2,17240,107.96,3724, 6907, 40.06,2.49
AMRUTANJAN, EQ, 08-May-2020,354.6,359.8,360.0,350.0, 350.00,350.8,354.71,64644,229.3,2336, 38763, 59.96,-1.07
AMRUTANJAN, EQ, 08-May-2023,600.2,600.5,604.35,588.45, 592.00,590.9,594.12,45279,269.01,4011, 31650, 69.90,-1.55
AMRUTANJAN, EQ, 08-May-2024,751.2,751.85,779.0,740.05,770.2,774.1,760.67,126952,965.69,14356, 39150, 30.84,3.05
AMRUTANJAN, EQ, 08-Jun-2020,350.2,354.0,355.9,345.3, 348.50,347.65,350.43,96452,338.0,3260, 63827, 66.17,-0.73
AMRUTANJAN, EQ, 08-Jun-2021,699.95,708.25,710.0,699.6, 704.45,704.5,704.66,38545,271.61,2504, 17431, 45.22,0.65
AMRUTANJAN, EQ, 08-Jun-2022,806.35,810.4,819.0,797.6,801.0,804.4,808.54,6731,54.42,1525, 2970, 44.12,-0.24
AMRUTANJAN, EQ, 08-Jun-2023,591.15,596.0,596.0,585.0, 588.00,586.95,590.13,33477,197.56,3134, 18994, 56.74,-0.71
AMRUTANJAN, EQ, 08-Jul-2020,359.2,361.0,361.6,355.0,355.6,356.0,356.91,56661,202.23,4419, 29000, 51.18,-0.89
AMRUTANJAN, EQ, 08-Jul-2021,703.95,707.4,717.5,703.95, 705.00,707.75,710.99,29637,210.72,2618, 13840, 46.70,0.54
AMRUTANJAN, EQ, 08-Jul-2022,803.4,814.0,814.0,784.95,787.1,788.3,793.56,29666,235.42,5477, 15199, 51.23,-1.88
AMRUTANJAN, EQ, 08-Jul-2024,788.55,788.55,795.4,777.9,777.9,785.75,789.36,103619,817.93,4524, 91315, 88.13,-0.36
AMRUTANJAN, EQ, 08-Aug-2022,813.8,815.0,834.9,810.1,828.0,828.5,827.69,34527,285.78,3863,9723,28.16,1.81
AMRUTANJAN, EQ, 08-Aug-2023,643.15,644.0,646.0,633.0, 634.00,633.95,636.82,30735,195.73,3657, 18252, 59.39,-1.43
AMRUTANJAN, EQ, 08-Aug-2024,734.85,739.15,743.5,719.55,740.0,740.35,738.48,15504,114.49,1998, 8980, 57.92,0.75
AMRUTANJAN, EQ, 08-Sep-2020,436.85,432.2,447.9,428.45, 432.00,433.6,435.86,51502,224.48,4236, 21661, 42.06,-0.74
AMRUTANJAN, EQ, 08-Sep-2021,717.35,720.95,724.0,715.0, 716.00,716.0,718.88,14278,102.64,1696, 7234, 50.67,-0.19
AMRUTANJAN, EQ, 08-Sep-2022,735.4,736.0,740.0,729.0, 733.30,730.8,732.76,47782,350.13,5552, 33233, 69.55,-0.63
AMRUTANJAN, EQ, 08-Sep-2023,649.15,649.85,652.5,639.45, 644.90,641.7,645.2,27687,178.64,3045, 15399, 55.62,-1.15
AMRUTANJAN, EQ, 08-Oct-2020,424.15,426.3,427.55,422.5,424.5,423.45,424.35,41807,177.41,1923, 23121, 55.30,-0.17
AMRUTANJAN, EQ, 08-Oct-2021,834.55,839.4,845.55,822.1, 830.50,827.45,834.35,54625,455.76,4021, 26465, 48.45,-0.85
AMRUTANJAN, EQ, 08-Oct-2024,742.95,740.0,768.0,733.05,767.95,758.8,753.77,26136,197.0,2533, 11285, 43.18,2.13
AMRUTANJAN, EQ, 08-Nov-2021,975.0,1010.0,1024.55,970.0, 990.00,992.05,1001.58,164345,1646.05,15298, 51302, 31.22,1.75
AMRUTANJAN, EQ, 08-Nov-2023,607.75,607.75,609.9,600.1, 600.50,603.6,605.72,14547,88.11,1020, 8564, 58.87,-0.68
AMRUTANJAN, EQ, 08-Nov-2024,720.15,720.0,720.0,703.5, 705.70,707.2,710.36,20123,142.95,2200, 11627, 57.78,-1.8
AMRUTANJAN, EQ, 08-Dec-2020,517.6,521.0,524.0,502.0,515.2,514.2,515.76,87505,451.32,4882, 39460, 45.09,-0.66
AMRUTANJAN, EQ, 08-Dec-2021,919.45,929.9,937.9,911.45,924.7,922.45,927.18,25543,236.83,4964, 12746, 49.90,0.33
AMRUTANJAN, EQ, 08-Dec-2022,704.25,707.6,709.9,701.0, 703.00,702.7,704.45,10922,76.94,1431, 7047, 64.52,-0.22
AMRUTANJAN, EQ, 08-Dec-2023,595.0,595.05,600.0,593.5, 594.00,595.5,596.92,21247,126.83,2865, 11236, 52.88,0.08
AMRUTANJAN, EQ, 09-Jan-2020,423.5,429.8,437.8,425.1, 431.00,432.65,432.27,13070,56.5,754, 6615, 50.61,2.16
AMRUTANJAN, EQ, 09-Jan-2023,708.5,710.35,716.6,705.3,713.9,710.15,711.23,11408,81.14,2046, 7232, 63.39,0.23
AMRUTANJAN, EQ, 09-Jan-2024,579.65,582.55,594.95,582.55,590.0,588.65,589.4,50308,296.51,4650, 30932, 61.49,1.55
AMRUTANJAN, EQ, 09-Jan-2025,711.45,702.35,716.8,702.35,711.9,710.3,710.55,5924,42.09,692, 4512, 76.16,-0.16
AMRUTANJAN, EQ, 09-Feb-2021,523.5,520.5,526.9,513.7, 519.50,518.05,521.22,43480,226.63,1885, 19408, 44.64,-1.04
AMRUTANJAN, EQ, 09-Feb-2022,844.6,848.85,848.85,830.0, 838.90,835.3,837.75,13084,109.61,2133, 6627, 50.65,-1.1
AMRUTANJAN, EQ, 09-Feb-2023,714.6,717.9,718.15,703.3, 711.50,709.1,709.56,8656,61.42,1484, 5013, 57.91,-0.77
AMRUTANJAN, EQ, 09-Feb-2024,582.4,582.45,589.9,575.0, 577.40,586.3,583.57,22459,131.06,2021, 12472, 55.53,0.67
AMRUTANJAN, EQ, 09-Mar-2020,465.2,459.95,460.0,425.25, 448.50,450.05,447.84,62502,279.91,6333, 38038, 60.86,-3.26
AMRUTANJAN, EQ, 09-Mar-2021,556.6,558.0,572.85,551.0, 554.75,553.3,560.33,42737,239.47,2663, 17076, 39.96,-0.59
AMRUTANJAN, EQ, 09-Mar-2022,821.4,822.8,844.0,816.9, 843.00,839.45,836.54,21838,182.68,3308, 9263, 42.42,2.2
AMRUTANJAN, EQ, 09-Mar-2023,631.95,631.95,643.0,630.1, 634.00,632.15,636.05,13401,85.24,2500, 8466, 63.17,0.03
AMRUTANJAN, EQ, 09-Apr-2020,345.45,352.8,379.4,352.0, 374.80,375.0,366.67,158234,580.2,7268, 52310, 33.06,8.55
AMRUTANJAN, EQ, 09-Apr-2021,571.4,572.0,606.45,567.65,598.0,598.55,594.79,206467,1228.05,9205, 84421, 40.89,4.75
AMRUTANJAN, EQ, 09-Apr-2024,671.95,690.0,690.0,663.6, 670.50,667.7,675.2,59332,400.61,4092, 35105, 59.17,-0.63
AMRUTANJAN, EQ, 09-Apr-2025,627.35,632.0,644.9,620.9,635.65,635.9,634.05,9384,59.5,2134, 4908, 52.30,1.36
AMRUTANJAN, EQ, 09-May-2022,849.05,850.0,853.3,828.2, 834.00,833.45,835.57,16794,140.33,3570, 9708, 57.81,-1.84
AMRUTANJAN, EQ, 09-May-2023,590.9,597.9,599.75,592.2,599.0,597.4,595.93,11776,70.18,1556, 6420, 54.52,1.1
AMRUTANJAN, EQ, 09-May-2024,774.1,780.0,780.0,730.0,738.95,732.85,752.92,92119,693.58,9300, 40412, 43.87,-5.33
AMRUTANJAN, EQ, 09-Jun-2020,347.65,349.0,358.0,340.0, 355.10,347.2,347.89,357731,1244.52,11693, 208652, 58.33,-0.13
AMRUTANJAN, EQ, 09-Jun-2021,704.5,709.95,710.0,688.0,701.0,700.05,701.99,45859,321.93,2935, 23170, 50.52,-0.63
AMRUTANJAN, EQ, 09-Jun-2022,804.4,804.4,825.0,801.0, 820.05,818.2,810.49,9404,76.22,1955, 4738, 50.38,1.72
AMRUTANJAN, EQ, 09-Jun-2023,586.95,590.05,595.5,588.0, 591.00,589.65,591.62,16527,97.78,1831, 9480, 57.36,0.46
AMRUTANJAN, EQ, 09-Jul-2020,356.0,357.5,362.0,355.0, 359.90,359.5,359.63,58672,211.0,2867, 31856, 54.30,0.98
AMRUTANJAN, EQ, 09-Jul-2021,707.75,710.0,720.25,705.0,712.7,714.8,713.83,32814,234.24,2889, 16804, 51.21,1.0
AMRUTANJAN, EQ, 09-Jul-2024,785.75,782.9,787.35,770.0,781.2,775.05,775.99,27091,210.22,1905, 16063, 59.29,-1.36
AMRUTANJAN, EQ, 09-Aug-2021,693.5,694.0,725.0,692.45, 724.50,721.35,711.61,121594,865.27,7582, 53804, 44.25,4.02
AMRUTANJAN, EQ, 09-Aug-2023,633.95,633.95,636.35,622.35, 626.45,624.2,629.1,55571,349.6,7772, 25490, 45.87,-1.54
AMRUTANJAN, EQ, 09-Aug-2024,740.35,744.0,767.95,741.05,761.5,762.5,760.3,36673,278.82,4887, 20832, 56.80,2.99
AMRUTANJAN, EQ, 09-Sep-2020,433.6,428.0,435.9,421.1, 425.50,425.15,425.56,51617,219.66,3504, 20311, 39.35,-1.95
AMRUTANJAN, EQ, 09-Sep-2021,716.0,719.5,725.0,715.65, 720.00,719.15,720.22,16084,115.84,1967, 8090, 50.30,0.44
AMRUTANJAN, EQ, 09-Sep-2022,730.8,731.0,738.5,728.1, 733.00,732.2,731.23,65885,481.77,3429, 53084, 80.57,0.19
AMRUTANJAN, EQ, 09-Sep-2024,808.5,805.0,810.3,795.0,802.25,797.9,799.95,26130,209.03,2735, 14232, 54.47,-1.31
AMRUTANJAN, EQ, 09-Oct-2020,423.45,425.5,425.5,416.6, 418.30,419.05,419.9,55048,231.15,2673, 31639, 57.48,-1.04
AMRUTANJAN, EQ, 09-Oct-2023,615.25,615.25,615.25,595.0, 596.00,598.45,602.74,38006,229.08,4512, 24635, 64.82,-2.73
AMRUTANJAN, EQ, 09-Oct-2024,758.8,762.6,778.25,759.2,768.9,770.1,767.87,36110,277.28,2128, 24856, 68.83,1.49
AMRUTANJAN, EQ, 09-Nov-2020,433.7,433.7,444.5,433.15, 435.90,434.75,438.47,49724,218.02,4019, 24933, 50.14,0.24
AMRUTANJAN, EQ, 09-Nov-2021,992.05,993.8,997.5,950.0,966.0,960.45,977.7,105082,1027.39,9184, 28279, 26.91,-3.19
AMRUTANJAN, EQ, 09-Nov-2022,735.7,740.0,744.3,731.3, 738.05,737.45,738.35,10733,79.25,1639, 5423, 50.53,0.24
AMRUTANJAN, EQ, 09-Nov-2023,603.6,604.9,610.45,602.65, 609.60,607.55,607.79,11158,67.82,1229, 6387, 57.24,0.65
AMRUTANJAN, EQ, 09-Dec-2020,514.2,516.0,527.9,510.0,513.4,512.9,518.16,97457,504.99,3886, 36137, 37.08,-0.25
AMRUTANJAN, EQ, 09-Dec-2021,922.45,924.3,926.8,903.45, 912.40,914.9,914.34,31521,288.21,6573, 15580, 49.43,-0.82
AMRUTANJAN, EQ, 09-Dec-2022,702.7,702.25,712.7,699.65, 700.00,701.05,704.83,20967,147.78,2556, 13414, 63.98,-0.23
AMRUTANJAN, EQ, 09-Dec-2024,721.9,727.5,750.0,719.05,749.0,742.65,733.35,36243,265.79,4193, 18203, 50.22,2.87
AMRUTANJAN, EQ, 10-Jan-2020,432.65,432.65,454.8,430.65, 440.00,437.85,443.63,51213,227.2,2218, 16349, 31.92,1.2
AMRUTANJAN, EQ, 10-Jan-2022,943.35,952.0,952.0,925.0,930.0,929.55,935.94,29394,275.11,5403, 14722, 50.09,-1.46
AMRUTANJAN, EQ, 10-Jan-2023,710.15,707.0,738.0,707.0,736.0,734.55,728.69,37706,274.76,3423, 20532, 54.45,3.44
AMRUTANJAN, EQ, 10-Jan-2024,588.65,583.2,593.2,580.1, 582.40,582.1,585.8,40644,238.09,4415, 23069, 56.76,-1.11
AMRUTANJAN, EQ, 10-Jan-2025,710.3,710.3,710.3,700.0,704.0,702.45,702.53,6075,42.68,776, 4199, 69.12,-1.11
AMRUTANJAN, EQ, 10-Feb-2020,469.2,466.05,473.15,457.0, 467.80,465.55,465.21,18416,85.67,1244, 6910, 37.52,-0.78
AMRUTANJAN, EQ, 10-Feb-2021,518.05,520.65,529.7,517.0,529.0,527.3,524.3,57979,303.98,3448, 21979, 37.91,1.79
AMRUTANJAN, EQ, 10-Feb-2022,835.3,837.7,845.0,831.9,835.0,840.2,839.6,10683,89.69,1842, 4421, 41.38,0.59
AMRUTANJAN, EQ, 10-Feb-2023,709.1,718.2,720.0,709.55, 715.20,715.4,715.94,8935,63.97,1559, 4630, 51.82,0.89
AMRUTANJAN, EQ, 10-Feb-2025,657.4,657.95,660.5,646.8,655.1,656.15,652.6,9780,63.82,1237, 5476, 55.99,-0.19
AMRUTANJAN, EQ, 10-Mar-2021,553.3,556.2,558.65,539.75, 543.50,542.0,546.1,55461,302.87,4010, 30194, 54.44,-2.04
AMRUTANJAN, EQ, 10-Mar-2022,839.45,845.35,870.3,831.0, 848.00,835.85,853.33,30933,263.96,5752, 12369, 39.99,-0.43
AMRUTANJAN, EQ, 10-Mar-2023,632.15,631.15,635.35,616.4, 625.00,621.65,628.17,19208,120.66,3127, 9514, 49.53,-1.66
AMRUTANJAN, EQ, 10-Mar-2025,616.35,620.95,620.95,589.05,594.0,593.75,600.31,14646,87.92,1475, 9661, 65.96,-3.67
AMRUTANJAN, EQ, 10-Apr-2023,604.05,613.05,616.7,598.05, 612.00,606.55,607.5,18685,113.51,3202, 8984, 48.08,0.41
AMRUTANJAN, EQ, 10-Apr-2024,667.7,666.7,681.95,663.05, 670.10,671.65,672.87,28578,192.29,3305, 14794, 51.77,0.59
AMRUTANJAN, EQ, 10-May-2021,629.35,630.0,644.95,630.0, 640.05,637.75,639.36,44115,282.05,3090, 18335, 41.56,1.33
AMRUTANJAN, EQ, 10-May-2022,833.45,837.65,884.0,830.05, 838.00,844.6,860.66,97330,837.68,9029, 17414, 17.89,1.34
AMRUTANJAN, EQ, 10-May-2023,597.4,603.95,603.95,596.5,600.0,598.7,599.62,12418,74.46,1475, 7014, 56.48,0.22
AMRUTANJAN, EQ, 10-May-2024,732.85,739.95,753.85,739.95,747.9,747.65,746.96,44623,333.32,4704, 22694, 50.86,2.02
AMRUTANJAN, EQ, 10-Jun-2020,347.2,365.0,404.0,365.0, 395.00,392.15,388.44,4726721,18360.55,78655, 410657, 8.69,12.95
AMRUTANJAN, EQ, 10-Jun-2021,700.05,706.8,706.8,696.0, 701.00,700.4,701.62,27143,190.44,2069, 14055, 51.78,0.05
AMRUTANJAN, EQ, 10-Jun-2022,818.2,805.0,822.1,803.5,815.0,816.5,816.3,9800,80.0,2091, 5487, 55.99,-0.21
AMRUTANJAN, EQ, 10-Jun-2024,725.2,725.0,742.55,720.6,730.0,732.2,731.68,62695,458.73,3769, 41623, 66.39,0.97
AMRUTANJAN, EQ, 10-Jul-2020,359.5,359.55,372.0,359.55,368.05,369.05,365.68,211719,774.22,7925, 72135, 34.07,2.66
AMRUTANJAN, EQ, 10-Jul-2023,723.4,725.95,734.0,725.0,730.0,729.3,729.52,71382,520.74,6030, 38550, 54.01,0.82
AMRUTANJAN, EQ, 10-Jul-2024,775.05,778.95,790.0,762.0,769.4,769.15,774.81,42550,329.68,4685, 22258, 52.31,-0.76
AMRUTANJAN, EQ, 10-Aug-2020,451.95,454.0,500.0,441.4, 493.55,493.35,475.76,972450,4626.57,22765, 167830, 17.26,9.16
AMRUTANJAN, EQ, 10-Aug-2021,721.35,725.5,744.85,678.1, 683.00,684.3,722.34,228238,1648.66,17384, 59505, 26.07,-5.14
AMRUTANJAN, EQ, 10-Aug-2022,828.5,820.25,827.0,813.45,817.0,815.05,819.85,10832,88.81,1679, 6266, 57.85,-1.62
AMRUTANJAN, EQ, 10-Aug-2023,624.2,626.45,639.3,625.0, 626.40,629.9,631.17,52892,333.84,7087, 20132, 38.06,0.91
AMRUTANJAN, EQ, 10-Sep-2020,425.15,429.9,434.5,418.0, 422.95,421.6,426.84,69912,298.41,4558, 34544, 49.41,-0.83
AMRUTANJAN, EQ, 10-Sep-2024,797.9,801.9,812.45,795.0,796.6,797.25,802.24,23750,190.53,3140, 8403, 35.38,-0.08
AMRUTANJAN, EQ, 10-Oct-2022,722.25,717.25,724.85,714.1, 724.80,722.65,719.66,6473,46.58,1049, 3629, 56.06,0.06
AMRUTANJAN, EQ, 10-Oct-2023,598.45,599.35,607.5,595.65, 600.15,602.8,599.91,34537,207.19,2590, 17895, 51.81,0.73
AMRUTANJAN, EQ, 10-Oct-2024,770.1,776.4,776.4,760.0,764.2,763.85,766.95,16603,127.34,1773, 9896, 59.60,-0.81
AMRUTANJAN, EQ, 10-Nov-2020,434.75,435.9,436.95,425.0, 425.00,427.1,428.48,26671,114.28,1585, 14760, 55.34,-1.76
AMRUTANJAN, EQ, 10-Nov-2021,960.45,942.0,982.45,903.3, 926.00,920.5,943.03,162049,1528.18,19348, 55854, 34.47,-4.16
AMRUTANJAN, EQ, 10-Nov-2022,737.45,741.15,745.3,730.0, 735.00,733.2,737.84,8569,63.23,1443, 4590, 53.57,-0.58
AMRUTANJAN, EQ, 10-Nov-2023,607.55,608.1,611.0,601.7,603.0,602.6,605.48,13773,83.39,965, 8522, 61.87,-0.81
AMRUTANJAN, EQ, 10-Dec-2020,512.9,513.4,513.7,500.0, 506.25,504.5,505.22,50796,256.63,2676, 21556, 42.44,-1.64
AMRUTANJAN, EQ, 10-Dec-2021,914.9,917.95,925.0,915.0, 920.00,920.5,920.45,14228,130.96,2548, 7519, 52.85,0.61
AMRUTANJAN, EQ, 10-Dec-2024,742.65,744.45,756.0,741.95,754.0,752.95,750.1,32416,243.15,2231, 18692, 57.66,1.39
AMRUTANJAN, EQ, 11-Jan-2021,550.3,553.0,554.95,540.0, 541.00,542.75,545.62,60306,329.04,2812, 26638, 44.17,-1.37
AMRUTANJAN, EQ, 11-Jan-2022,929.55,948.5,948.5,936.05,936.9,940.9,943.33,26923,253.97,4564, 14663, 54.46,1.22
AMRUTANJAN, EQ, 11-Jan-2023,734.55,740.0,746.0,720.55, 729.00,726.7,734.13,27887,204.73,3868, 9849, 35.32,-1.07
AMRUTANJAN, EQ, 11-Jan-2024,582.1,583.0,591.9,582.6, 589.80,589.05,587.14,24893,146.16,3395, 13828, 55.55,1.19
AMRUTANJAN, EQ, 11-Feb-2020,465.55,469.0,487.8,467.85, 480.00,479.9,480.6,45175,217.11,3731, 23474, 51.96,3.08
AMRUTANJAN, EQ, 11-Feb-2021,527.3,529.0,545.4,516.0,531.0,533.7,534.33,342761,1831.47,10603, 81610, 23.81,1.21
AMRUTANJAN, EQ, 11-Feb-2022,840.2,838.0,870.0,824.0,862.85,845.05,837.57,49905,417.99,5700, 15609, 31.28,0.58
AMRUTANJAN, EQ, 11-Feb-2025,656.15,661.25,661.25,625.0,631.9,631.9,637.96,12310,78.53,2181, 7232, 58.75,-3.7
AMRUTANJAN, EQ, 11-Mar-2020,450.05,446.2,459.0,442.45, 447.00,448.6,451.37,17779,80.25,1404, 9596, 53.97,-0.32
AMRUTANJAN, EQ, 11-Mar-2022,835.85,840.05,846.15,824.3, 830.00,830.2,831.95,16340,135.94,2585, 9894, 60.55,-0.68
AMRUTANJAN, EQ, 11-Mar-2024,665.5,663.25,667.65,611.95, 632.05,635.95,634.11,121416,769.91,10278, 53864, 44.36,-4.44
AMRUTANJAN, EQ, 11-Mar-2025,593.75,593.75,601.8,580.0,595.05,595.6,592.53,21475,127.25,2202, 11404, 53.10,0.31
AMRUTANJAN, EQ, 11-Apr-2022,881.5,884.4,909.0,880.0,893.7,897.4,892.71,31325,279.64,5830, 12869, 41.08,1.8
AMRUTANJAN, EQ, 11-Apr-2023,606.55,607.95,613.9,606.55, 610.90,610.15,611.02,9881,60.37,1734, 5387, 54.52,0.59
AMRUTANJAN, EQ, 11-Apr-2025,635.9,640.9,641.05,624.95,631.55,632.05,633.54,6925,43.87,1524, 2933, 42.35,-0.61
AMRUTANJAN, EQ, 11-May-2020,350.8,354.0,354.55,340.85, 341.00,341.3,345.09,89488,308.82,2406, 63963, 71.48,-2.71
AMRUTANJAN, EQ, 11-May-2021,637.75,645.0,674.0,637.8, 657.00,654.9,656.45,85938,564.14,6163, 29856, 34.74,2.69
AMRUTANJAN, EQ, 11-May-2022,844.6,842.35,847.0,800.0,817.0,806.75,813.11,44340,360.53,7062, 18663, 42.09,-4.48
AMRUTANJAN, EQ, 11-May-2023,598.7,599.95,610.95,596.6, 604.00,602.2,604.06,22267,134.51,2159, 11989, 53.84,0.58
AMRUTANJAN, EQ, 11-Jun-2020,392.15,398.0,398.0,380.0, 383.00,381.75,386.52,480026,1855.39,12452, 162730, 33.90,-2.65
AMRUTANJAN, EQ, 11-Jun-2021,700.4,704.95,708.0,699.7, 707.00,704.15,703.99,31039,218.51,2167, 15926, 51.31,0.54
AMRUTANJAN, EQ, 11-Jun-2024,732.2,738.0,758.8,727.0,748.05,748.45,744.24,61200,455.48,4504, 29327, 47.92,2.22
AMRUTANJAN, EQ, 11-Jul-2022,788.3,792.25,795.0,769.0,779.0,777.3,777.59,39973,310.82,5747, 20813, 52.07,-1.4
AMRUTANJAN, EQ, 11-Jul-2023,729.3,733.8,734.5,725.65, 730.00,729.1,729.72,52624,384.01,6277, 30192, 57.37,-0.03
AMRUTANJAN, EQ, 11-Jul-2024,769.15,765.1,774.6,756.6,760.4,760.05,762.52,16239,123.83,2318, 7821, 48.16,-1.18
AMRUTANJAN, EQ, 11-Aug-2020,493.35,495.8,498.2,474.65,482.0,481.55,485.93,309512,1504.0,8644, 99455, 32.13,-2.39
AMRUTANJAN, EQ, 11-Aug-2021,684.3,688.0,698.0,656.25, 674.00,675.5,672.47,89756,603.58,6560, 40456, 45.07,-1.29
AMRUTANJAN, EQ, 11-Aug-2022,815.05,819.15,819.8,811.0,815.5,815.25,815.85,8754,71.42,1656, 5238, 59.84,0.02
AMRUTANJAN, EQ, 11-Aug-2023,629.9,631.0,634.9,625.0, 627.10,626.75,629.24,51210,322.24,10271, 12412, 24.24,-0.5
AMRUTANJAN, EQ, 11-Sep-2020,421.6,422.95,446.25,422.5, 439.10,440.75,440.33,610181,2686.8,18431, 98956, 16.22,4.54
AMRUTANJAN, EQ, 11-Sep-2023,641.7,644.9,649.9,632.0, 637.00,638.0,639.37,41223,263.57,3884, 21103, 51.19,-0.58
AMRUTANJAN, EQ, 11-Sep-2024,797.25,800.65,803.2,786.25,790.35,789.1,794.59,21159,168.13,2268, 12024, 56.83,-1.02
AMRUTANJAN, EQ, 11-Oct-2021,827.45,833.4,835.4,822.2, 826.70,826.35,828.92,39780,329.75,4772, 24660, 61.99,-0.13
AMRUTANJAN, EQ, 11-Oct-2022,722.65,727.7,727.7,720.05, 720.80,720.55,721.37,6697,48.31,799, 4526, 67.58,-0.29
AMRUTANJAN, EQ, 11-Oct-2023,602.8,605.0,609.2,601.5, 604.50,604.35,604.58,18002,108.84,1705, 9393, 52.18,0.26
AMRUTANJAN, EQ, 11-Oct-2024,763.85,757.0,785.9,757.0,776.9,775.6,775.69,21483,166.64,2058, 8127, 37.83,1.54
AMRUTANJAN, EQ, 11-Nov-2020,427.1,425.2,429.75,419.8, 424.00,424.75,424.26,41683,176.84,3065, 20148, 48.34,-0.55
AMRUTANJAN, EQ, 11-Nov-2021,920.5,929.95,949.75,916.0, 938.35,944.15,931.24,71698,667.68,6200, 34018, 47.45,2.57
AMRUTANJAN, EQ, 11-Nov-2022,733.2,736.9,741.45,728.05,733.9,731.2,733.54,10060,73.79,1729, 5475, 54.42,-0.27
AMRUTANJAN, EQ, 11-Nov-2024,707.2,701.2,709.95,696.1, 705.95,700.1,702.77,14003,98.41,1726, 8015, 57.24,-1.0
AMRUTANJAN, EQ, 11-Dec-2020,504.5,505.95,513.9,492.95, 500.50,500.7,504.34,47757,240.86,2695, 20708, 43.36,-0.75
AMRUTANJAN, EQ, 11-Dec-2023,595.5,599.7,599.7,592.3, 595.70,594.8,594.99,25318,150.64,2984, 14878, 58.76,-0.12
AMRUTANJAN, EQ, 11-Dec-2024,752.95,754.85,760.3,748.0,752.0,750.25,751.88,21672,162.95,1287, 15696, 72.43,-0.36
AMRUTANJAN, EQ, 12-Jan-2021,542.75,550.0,562.0,546.25, 549.45,551.25,553.92,133320,738.49,6199, 29800, 22.35,1.57
AMRUTANJAN, EQ, 12-Jan-2022,940.9,940.9,944.9,918.5,925.7,925.5,930.61,31074,289.18,3657, 16917, 54.44,-1.64
AMRUTANJAN, EQ, 12-Jan-2023,726.7,730.35,737.0,728.45, 733.00,731.25,732.91,11840,86.78,2375, 6522, 55.08,0.63
AMRUTANJAN, EQ, 12-Jan-2024,589.05,593.0,593.0,585.6,589.15,588.15,588.36,28378,166.96,3267, 17327, 61.06,-0.15
AMRUTANJAN, EQ, 12-Feb-2020,479.9,483.25,544.45,464.0, 544.00,523.7,521.39,432204,2253.46,11506, 94973, 21.97,9.13
AMRUTANJAN, EQ, 12-Feb-2021,533.7,537.95,618.0,537.95,585.55,586.95,591.66,1686875,9980.5,75621, 288585, 17.11,9.98
AMRUTANJAN, EQ, 12-Feb-2024,586.3,665.25,679.8,620.0, 636.00,632.0,653.34,1267568,8281.52,43780, 354968, 28.00,7.79
AMRUTANJAN, EQ, 12-Feb-2025,631.9,638.0,638.0,611.85,630.0,621.7,620.12,11594,71.9,1925, 5399, 46.57,-1.61
AMRUTANJAN, EQ, 12-Mar-2020,448.6,430.0,430.1,370.5, 380.00,380.7,390.62,132488,517.52,7115, 80714, 60.92,-15.14
AMRUTANJAN, EQ, 12-Mar-2021,542.0,548.0,564.4,534.85, 534.85,536.6,549.5,208146,1143.76,11115, 46033, 22.12,-1.0
AMRUTANJAN, EQ, 12-Mar-2024,635.95,630.25,641.65,616.45, 622.70,624.6,626.13,57525,360.18,5908, 30913, 53.74,-1.78
AMRUTANJAN, EQ, 12-Mar-2025,595.6,596.55,598.75,585.1,590.0,589.7,590.21,16677,98.43,2267, 12604, 75.58,-0.99
AMRUTANJAN, EQ, 12-Apr-2021,598.55,617.0,617.0,569.45, 590.00,582.6,588.65,113655,669.03,7448, 47387, 41.69,-2.66
AMRUTANJAN, EQ, 12-Apr-2022,897.4,885.1,904.45,874.85, 884.30,883.65,890.28,28353,252.42,3638, 12835, 45.27,-1.53
AMRUTANJAN, EQ, 12-Apr-2023,610.15,610.15,613.75,603.55, 608.55,606.6,609.49,9671,58.94,1975, 6262, 64.75,-0.58
AMRUTANJAN, EQ, 12-Apr-2024,671.65,671.65,672.05,646.95, 648.00,648.45,655.65,42104,276.05,3794, 23706, 56.30,-3.45
AMRUTANJAN, EQ, 12-May-2020,341.3,341.05,342.2,335.0, 340.90,340.2,338.92,26747,90.65,1369, 16432, 61.43,-0.32
AMRUTANJAN, EQ, 12-May-2021,654.9,657.0,678.8,657.0,669.9,666.3,669.05,86276,577.23,6311, 36700, 42.54,1.74
AMRUTANJAN, EQ, 12-May-2022,806.75,787.35,802.6,772.8,787.7,785.15,789.17,31271,246.78,4854, 14004, 44.78,-2.68
AMRUTANJAN, EQ, 12-May-2023,602.2,605.25,613.9,601.05, 608.75,608.25,609.34,13533,82.46,1867, 7293, 53.89,1.0
AMRUTANJAN, EQ, 12-Jun-2020,381.75,374.7,391.9,365.0, 389.00,388.15,381.16,293135,1117.3,7845, 85587, 29.20,1.68
AMRUTANJAN, EQ, 12-Jun-2023,589.65,594.9,595.95,587.4, 589.00,588.6,590.39,17063,100.74,2543, 10378, 60.82,-0.18
AMRUTANJAN, EQ, 12-Jun-2024,748.45,751.55,759.9,744.0,750.0,753.05,750.42,62355,467.92,3054, 35137, 56.35,0.61
AMRUTANJAN, EQ, 12-Jul-2021,714.8,730.0,733.3,715.1, 720.00,719.55,724.6,59059,427.94,5301, 27111, 45.90,0.66
AMRUTANJAN, EQ, 12-Jul-2022,777.3,781.2,784.45,772.95,780.0,779.5,778.91,7998,62.3,1327, 3515, 43.95,0.28
AMRUTANJAN, EQ, 12-Jul-2023,729.1,733.5,738.0,728.55, 732.00,732.45,732.59,75075,549.99,6652, 36349, 48.42,0.46
AMRUTANJAN, EQ, 12-Jul-2024,760.05,760.25,773.85,750.0,752.9,752.4,760.42,33524,254.92,4204, 18903, 56.39,-1.01
AMRUTANJAN, EQ, 12-Aug-2020,481.55,484.0,495.0,470.0,489.1,488.55,485.31,234462,1137.87,6842, 51207, 21.84,1.45
AMRUTANJAN, EQ, 12-Aug-2021,675.5,679.0,699.0,668.5, 684.50,681.35,680.04,78238,532.05,3832, 42454, 54.26,0.87
AMRUTANJAN, EQ, 12-Aug-2022,815.25,819.0,847.25,815.45,847.25,843.85,835.42,37194,310.73,4987, 18313, 49.24,3.51
AMRUTANJAN, EQ, 12-Aug-2024,762.5,745.1,769.95,745.1,767.0,766.4,765.52,26127,200.01,3070, 13064, 50.00,0.51
AMRUTANJAN, EQ, 12-Sep-2022,732.2,738.0,739.0,729.6, 735.00,733.85,733.35,51025,374.19,3597, 37472, 73.44,0.23
AMRUTANJAN, EQ, 12-Sep-2023,638.0,643.3,643.65,626.0, 626.05,627.55,629.69,48293,304.1,3295, 25798, 53.42,-1.64
AMRUTANJAN, EQ, 12-Sep-2024,789.1,793.05,803.8,782.0,782.15,784.9,788.4,24751,195.14,2696, 11901, 48.08,-0.53
AMRUTANJAN, EQ, 12-Oct-2020,419.05,422.95,423.0,411.25, 414.90,414.25,415.48,43033,178.79,2099, 22261, 51.73,-1.15
AMRUTANJAN, EQ, 12-Oct-2021,826.35,829.75,849.95,824.95, 834.00,830.6,833.92,47142,393.13,6045, 22111, 46.90,0.51
AMRUTANJAN, EQ, 12-Oct-2022,720.55,720.0,722.45,716.55, 720.00,719.25,719.79,4389,31.59,701, 2438, 55.55,-0.18
AMRUTANJAN, EQ, 12-Oct-2023,604.35,607.05,611.55,601.45, 609.00,606.1,605.59,21641,131.06,2129, 11821, 54.62,0.29
AMRUTANJAN, EQ, 12-Nov-2020,424.75,426.8,483.85,425.65, 468.50,474.35,466.76,984620,4595.77,27007, 187971, 19.09,11.68
AMRUTANJAN, EQ, 12-Nov-2021,944.15,954.0,966.2,934.5, 953.10,953.7,950.45,48405,460.07,5148, 20659, 42.68,1.01
AMRUTANJAN, EQ, 12-Nov-2024,700.1,700.1,703.45,662.0,668.0,666.45,680.72,29428,200.32,2792, 19708, 66.97,-4.81
AMRUTANJAN, EQ, 12-Dec-2022,701.05,701.0,707.95,699.05, 703.00,705.5,704.3,10288,72.46,1404, 6271, 60.95,0.63
AMRUTANJAN, EQ, 12-Dec-2023,594.8,592.0,597.4,586.05, 591.45,590.2,592.36,28404,168.25,3265, 18662, 65.70,-0.77
AMRUTANJAN, EQ, 12-Dec-2024,750.25,755.95,755.95,748.25,750.0,750.0,750.43,24506,183.9,1078, 21834, 89.10,-0.03
AMRUTANJAN, EQ, 13-Jan-2020,437.85,443.9,453.15,440.05, 445.00,444.0,444.54,16384,72.83,1213, 9350, 57.07,1.4
AMRUTANJAN, EQ, 13-Jan-2021,551.25,551.0,555.0,530.0, 534.85,537.1,542.62,65076,353.11,3689, 28973, 44.52,-2.57
AMRUTANJAN, EQ, 13-Jan-2022,925.5,930.0,930.0,908.0, 918.40,917.7,915.45,47569,435.47,6784, 20112, 42.28,-0.84
AMRUTANJAN, EQ, 13-Jan-2023,731.25,734.95,739.7,730.55,736.9,736.0,735.65,7955,58.52,919, 4323, 54.34,0.65
AMRUTANJAN, EQ, 13-Jan-2025,702.45,704.0,842.9,671.8,673.0,683.2,715.73,393254,2814.63,9027, 247896, 63.04,-2.74
AMRUTANJAN, EQ, 13-Feb-2020,523.7,552.5,555.0,501.15, 505.00,506.65,520.65,245616,1278.81,10075, 72293, 29.43,-3.26
AMRUTANJAN, EQ, 13-Feb-2023,715.4,718.0,718.0,709.05,717.0,711.5,714.26,7901,56.43,1434, 3952, 50.02,-0.55
AMRUTANJAN, EQ, 13-Feb-2024,632.0,635.7,659.0,622.05, 641.00,641.25,645.23,274834,1773.32,22786, 83002, 30.20,1.46
AMRUTANJAN, EQ, 13-Feb-2025,621.7,640.35,665.0,624.95,632.0,634.6,643.8,20734,133.49,2432, 9013, 43.47,2.07
AMRUTANJAN, EQ, 13-Mar-2020,380.7,315.0,397.45,315.0, 357.45,356.85,359.88,85723,308.5,6433, 44564, 51.99,-6.26
AMRUTANJAN, EQ, 13-Mar-2023,621.65,621.65,623.9,610.0, 611.05,612.75,617.15,10987,67.81,1915, 5876, 53.48,-1.43
AMRUTANJAN, EQ, 13-Mar-2024,624.6,620.0,635.0,596.0, 604.00,603.65,610.73,72437,442.4,10340, 42601, 58.81,-3.35
AMRUTANJAN, EQ, 13-Mar-2025,589.7,595.0,595.05,585.0,586.5,589.1,590.65,18201,107.5,1103, 13226, 72.67,-0.1
AMRUTANJAN, EQ, 13-Apr-2020,375.0,385.0,410.95,369.5, 393.00,403.5,398.6,269147,1072.81,8845,53643,25.3,7.6
AMRUTANJAN, EQ, 13-Apr-2021,582.6,592.6,628.15,592.6, 604.30,605.15,612.59,227001,1390.59,13202, 55583, 24.49,3.87
AMRUTANJAN, EQ, 13-Apr-2022,883.65,885.65,909.55,885.65,907.0,905.65,900.17,29723,267.56,4510, 12909, 43.43,2.49
AMRUTANJAN, EQ, 13-Apr-2023,606.6,612.65,614.35,594.45, 598.00,602.55,606.0,15345,92.99,2925, 8998, 58.64,-0.67
AMRUTANJAN, EQ, 13-May-2020,340.2,349.0,355.0,339.05,341.7,341.25,343.12,45361,155.64,2037, 19234, 42.40,0.31
AMRUTANJAN, EQ, 13-May-2022,785.15,795.0,819.6,791.05,815.0,813.0,809.54,24507,198.39,4066, 9693, 39.55,3.55
AMRUTANJAN, EQ, 13-May-2024,747.65,747.65,753.65,730.95,736.8,735.25,737.3,23102,170.33,2824, 11537, 49.94,-1.66
AMRUTANJAN, EQ, 13-Jun-2022,816.5,802.25,814.45,795.0,802.5,800.05,799.25,13236,105.79,2062, 8928, 67.45,-2.01
AMRUTANJAN, EQ, 13-Jun-2023,588.6,591.55,594.95,579.1, 588.95,587.5,588.61,26594,156.53,3350, 13790, 51.85,-0.19
AMRUTANJAN, EQ, 13-Jun-2024,753.05,746.2,764.3,746.2,753.0,756.65,757.93,42973,325.71,3171, 19305, 44.92,0.48
AMRUTANJAN, EQ, 13-Jul-2020,369.05,370.0,385.0,367.1, 382.45,380.9,375.96,256764,965.32,9349, 102482, 39.91,3.21
AMRUTANJAN, EQ, 13-Jul-2021,719.55,724.0,726.6,715.0, 718.50,716.95,720.58,27192,195.94,2514, 14671, 53.95,-0.36
AMRUTANJAN, EQ, 13-Jul-2022,779.5,774.25,782.95,770.05,778.0,775.55,777.16,10533,81.86,1709, 5721, 54.32,-0.51
AMRUTANJAN, EQ, 13-Jul-2023,732.45,728.0,728.0,707.5, 711.00,709.25,717.25,61617,441.95,5278, 24023, 38.99,-3.17
AMRUTANJAN, EQ, 13-Aug-2020,488.55,491.0,525.0,482.1, 487.50,492.25,503.78,1184855,5969.07,32523, 200310, 16.91,0.76
AMRUTANJAN, EQ, 13-Aug-2021,681.35,687.7,695.75,657.0,670.1,671.9,677.49,54056,366.22,4293, 21086, 39.01,-1.39
AMRUTANJAN, EQ, 13-Aug-2024,766.4,770.0,771.0,752.35,760.0,755.15,763.84,22182,169.43,2824, 13156, 59.31,-1.47
AMRUTANJAN, EQ, 13-Sep-2021,719.15,722.0,739.0,720.55, 727.00,727.55,731.35,68595,501.67,5696, 28173, 41.07,1.17
AMRUTANJAN, EQ, 13-Sep-2022,733.85,737.0,758.8,736.3, 751.05,751.1,748.88,74922,561.08,4998, 45971, 61.36,2.35
AMRUTANJAN, EQ, 13-Sep-2023,627.55,626.0,638.45,625.7, 634.90,628.9,630.52,23823,150.21,2542, 10695, 44.89,0.22
AMRUTANJAN, EQ, 13-Sep-2024,784.9,788.85,790.9,775.0,789.0,787.35,783.02,21664,169.63,2451, 10615, 49.00,0.31
AMRUTANJAN, EQ, 13-Oct-2020,414.25,414.25,419.4,410.25, 410.85,411.7,415.39,29639,123.12,1619, 15065, 50.83,-0.62
AMRUTANJAN, EQ, 13-Oct-2021,830.6,850.5,904.85,834.65,889.0,884.85,875.37,740079,6478.43,48746, 211361, 28.56,6.53
AMRUTANJAN, EQ, 13-Oct-2022,719.25,719.25,720.15,710.05,714.35,713.8,715.1,7412,53.0,939, 4897, 66.07,-0.76
AMRUTANJAN, EQ, 13-Oct-2023,606.1,609.15,611.0,601.4, 605.00,606.2,605.54,14068,85.19,1759, 7679, 54.58,0.02
AMRUTANJAN, EQ, 13-Nov-2020,474.35,470.0,491.0,463.0,471.4,474.05,479.7,631223,3027.96,20558, 122436, 19.40,-0.06
AMRUTANJAN, EQ, 13-Nov-2023,601.55,604.0,606.7,590.1, 592.40,592.55,594.74,32173,191.35,3552, 14194, 44.12,-1.5
AMRUTANJAN, EQ, 13-Nov-2024,666.45,692.25,732.25,669.2,690.0,684.9,694.04,156098,1083.38,9962, 43390, 27.80,2.77
AMRUTANJAN, EQ, 13-Dec-2021,920.5,928.0,929.55,900.0,902.0,903.35,907.61,29645,269.06,4937, 16194, 54.63,-1.86
AMRUTANJAN, EQ, 13-Dec-2022,705.5,705.0,712.9,699.95, 709.00,709.05,707.82,13878,98.23,1375, 7244, 52.20,0.5
AMRUTANJAN, EQ, 13-Dec-2023,590.2,590.2,602.15,589.5, 590.00,590.8,594.55,36090,214.57,2868, 19971, 55.34,0.1
AMRUTANJAN, EQ, 13-Dec-2024,750.0,745.0,753.7,740.0,750.0,750.55,747.11,18409,137.54,1591, 13963, 75.85,0.07
AMRUTANJAN, EQ, 14-Jan-2020,444.0,440.05,481.7,440.05, 475.00,474.95,468.9,162547,762.19,8836, 62288, 38.32,6.97
AMRUTANJAN, EQ, 14-Jan-2021,537.1,537.1,548.95,536.7, 538.55,538.15,541.6,35267,191.01,1743, 11390, 32.30,0.2
AMRUTANJAN, EQ, 14-Jan-2022,917.7,917.0,925.5,911.8, 912.00,915.0,916.05,22585,206.89,3072, 10201, 45.17,-0.29
AMRUTANJAN, EQ, 14-Jan-2025,683.2,675.0,711.95,674.1,692.6,703.7,690.42,29792,205.69,2927, 13817, 46.38,3.0
AMRUTANJAN, EQ, 14-Feb-2020,506.65,501.0,519.5,500.0, 506.35,505.55,509.03,71982,366.41,6221, 25697, 35.70,-0.22
AMRUTANJAN, EQ, 14-Feb-2022,845.05,840.0,840.0,815.0,815.0,820.5,824.48,26262,216.52,4314, 13312, 50.69,-2.91
AMRUTANJAN, EQ, 14-Feb-2023,711.5,715.05,715.05,666.0,695.45,701.9,696.14,64039,445.8,5612, 18245, 28.49,-1.35
AMRUTANJAN, EQ, 14-Feb-2024,641.25,639.05,655.1,632.0, 646.50,643.85,646.27,87811,567.5,8179, 33560, 38.22,0.41
AMRUTANJAN, EQ, 14-Feb-2025,634.6,634.6,641.25,596.6,611.0,612.15,613.41,22397,137.39,3426, 9854, 44.00,-3.54
AMRUTANJAN, EQ, 14-Mar-2022,830.2,844.0,859.85,825.0,833.3,832.95,839.03,27225,228.43,4802, 12268, 45.06,0.33
AMRUTANJAN, EQ, 14-Mar-2023,612.75,615.85,617.95,602.5, 608.00,604.85,610.14,23968,146.24,1969, 19043, 79.45,-1.29
AMRUTANJAN, EQ, 14-Mar-2024,603.65,604.95,615.3,599.6, 601.80,601.75,604.47,57349,346.66,5333, 36815, 64.19,-0.31
AMRUTANJAN, EQ, 14-May-2020,341.25,340.0,359.95,339.0,352.0,353.8,352.96,130514,460.66,5471, 41849, 32.06,3.68
AMRUTANJAN, EQ, 14-May-2021,666.3,680.0,697.0,674.45, 686.00,683.15,687.38,285918,1965.33,18634, 89366, 31.26,2.53
AMRUTANJAN, EQ, 14-May-2024,735.25,735.25,756.5,735.25,750.0,750.25,747.38,32905,245.93,4658, 16185, 49.19,2.04
AMRUTANJAN, EQ, 14-Jun-2021,704.15,709.0,728.0,687.05, 698.00,695.55,699.23,80254,561.16,4984, 38827, 48.38,-1.22
AMRUTANJAN, EQ, 14-Jun-2022,800.05,795.0,820.0,795.0, 819.90,815.45,808.38,11973,96.79,1843, 7900, 65.98,1.92
AMRUTANJAN, EQ, 14-Jun-2023,587.5,590.45,608.0,590.0, 606.95,604.55,600.4,44946,269.86,4445, 25947, 57.73,2.9
AMRUTANJAN, EQ, 14-Jun-2024,756.65,752.2,762.9,749.8,750.25,750.1,752.13,26664,200.55,1854, 16341, 61.28,-0.87
AMRUTANJAN, EQ, 14-Jul-2020,380.9,380.95,387.85,371.65,378.0,381.4,381.33,479892,1829.96,12914, 109223, 22.76,0.13
AMRUTANJAN, EQ, 14-Jul-2021,716.95,716.95,734.8,710.0, 711.50,712.4,720.61,47508,342.35,3641, 19032, 40.06,-0.63
AMRUTANJAN, EQ, 14-Jul-2022,775.55,779.45,782.15,768.0, 774.15,771.35,773.16,7926,61.28,1212, 5327, 67.21,-0.54
AMRUTANJAN, EQ, 14-Jul-2023,709.25,709.25,715.0,697.1,701.0,701.6,705.16,34341,242.16,3843, 15929, 46.38,-1.08
AMRUTANJAN, EQ, 14-Aug-2020,492.25,490.9,496.65,470.0, 477.80,478.75,485.71,265267,1288.43,7867, 87638, 33.04,-2.74
AMRUTANJAN, EQ, 14-Aug-2023,626.75,626.05,626.45,616.05, 619.00,618.85,619.77,32567,201.84,5975, 12647, 38.83,-1.26
AMRUTANJAN, EQ, 14-Aug-2024,755.15,710.0,751.95,707.35,732.0,733.9,724.14,194180,1406.13,9635, 116811, 60.16,-2.81
AMRUTANJAN, EQ, 14-Sep-2020,440.75,447.75,478.0,442.0,466.7,465.75,463.96,453632,2104.67,17323, 89186, 19.66,5.67
AMRUTANJAN, EQ, 14-Sep-2021,727.55,725.0,739.9,725.0, 739.00,737.05,734.58,37118,272.66,4035, 19526, 52.61,1.31
AMRUTANJAN, EQ, 14-Sep-2022,751.1,744.9,753.35,740.0,748.15,749.8,749.23,30607,229.32,2540, 19451, 63.55,-0.17
AMRUTANJAN, EQ, 14-Sep-2023,628.9,629.0,644.9,629.0, 642.50,643.7,640.39,33596,215.14,3057, 17702, 52.69,2.35
AMRUTANJAN, EQ, 14-Oct-2020,411.7,411.5,413.8,406.25, 409.30,408.4,408.52,34699,141.75,1579, 17365, 50.04,-0.8
AMRUTANJAN, EQ, 14-Oct-2021,884.85,925.55,940.0,902.0,911.3,907.65,925.39,509193,4712.04,36481, 158953, 31.22,2.58
AMRUTANJAN, EQ, 14-Oct-2022,713.8,716.05,718.0,710.0, 711.00,712.9,715.79,7326,52.44,881, 4347, 59.34,-0.13
AMRUTANJAN, EQ, 14-Oct-2024,775.6,775.6,776.95,759.6,759.6,762.4,765.28,11365,86.97,1199, 7362, 64.78,-1.7
AMRUTANJAN, EQ, 14-Nov-2022,731.2,732.0,768.9,727.5,736.45,738.05,743.09,24973,185.57,2466, 10298, 41.24,0.94
AMRUTANJAN, EQ, 14-Nov-2024,684.9,687.0,713.95,679.95, 700.00,701.15,697.35,29918,208.63,2834, 9854, 32.94,2.37
AMRUTANJAN, EQ, 14-Dec-2020,500.7,501.9,508.8,498.0,499.0,499.65,502.17,37639,189.01,2182, 20081, 53.35,-0.21
AMRUTANJAN, EQ, 14-Dec-2021,903.35,899.0,910.0,890.1,900.0,901.55,900.41,18425,165.9,2989, 10878, 59.04,-0.2
AMRUTANJAN, EQ, 14-Dec-2022,709.05,709.1,714.9,704.55, 705.00,706.2,711.01,12894,91.68,1486, 6733, 52.22,-0.4
AMRUTANJAN, EQ, 14-Dec-2023,590.8,593.9,595.0,587.0, 590.60,589.7,590.83,28576,168.83,2839, 17246, 60.35,-0.19
AMRUTANJAN, EQ, 15-Jan-2020,474.95,474.95,479.95,470.0, 471.30,472.6,474.3,75197,356.66,4736, 54522, 72.51,-0.49
AMRUTANJAN, EQ, 15-Jan-2021,538.15,542.0,554.35,538.0,539.0,539.6,546.93,111066,607.45,4998, 38867, 34.99,0.27
AMRUTANJAN, EQ, 15-Jan-2024,588.15,590.4,597.95,587.05, 597.95,596.5,595.11,44905,267.23,3512, 31481, 70.11,1.42
AMRUTANJAN, EQ, 15-Jan-2025,703.7,710.15,710.15,666.0,679.1,675.4,675.61,64035,432.63,5838, 30690, 47.93,-4.02
AMRUTANJAN, EQ, 15-Feb-2021,586.95,585.3,598.0,572.2, 592.00,589.6,587.51,199977,1174.89,12312, 95617, 47.81,0.45
AMRUTANJAN, EQ, 15-Feb-2022,820.5,820.0,829.0,810.0,826.75,826.0,819.29,13909,113.96,2790, 7312, 52.57,0.67
AMRUTANJAN, EQ, 15-Feb-2023,701.9,675.0,675.0,635.8, 644.80,646.95,646.73,109612,708.89,9798, 56013, 51.10,-7.83
AMRUTANJAN, EQ, 15-Feb-2024,643.85,647.75,670.0,646.0, 657.10,657.5,658.28,132444,871.85,11110, 58630, 44.27,2.12
AMRUTANJAN, EQ, 15-Mar-2021,536.6,537.0,538.95,522.65, 524.95,524.55,527.93,55778,294.47,3837, 34226, 61.36,-2.25
AMRUTANJAN, EQ, 15-Mar-2022,832.95,840.05,842.0,822.0,826.2,826.75,833.16,16011,133.4,3125, 7744, 48.37,-0.74
AMRUTANJAN, EQ, 15-Mar-2023,604.85,609.85,611.95,600.0, 603.50,601.05,605.3,7758,46.96,1712, 3696, 47.64,-0.63
AMRUTANJAN, EQ, 15-Mar-2024,601.75,602.0,608.9,597.75, 601.90,600.45,602.02,22302,134.26,2048, 13388, 60.03,-0.22
AMRUTANJAN, EQ, 15-Apr-2020,403.5,408.0,440.5,404.45, 419.50,416.0,423.03,191357,809.49,14486, 75411, 39.41,3.1
AMRUTANJAN, EQ, 15-Apr-2021,605.15,610.7,613.95,590.0,597.5,599.05,600.03,61058,366.37,5231, 18827, 30.83,-1.01
AMRUTANJAN, EQ, 15-Apr-2024,648.45,645.0,664.8,632.65, 658.00,658.0,648.45,75133,487.2,7150, 40627, 54.07,1.47
AMRUTANJAN, EQ, 15-Apr-2025,632.05,636.95,734.0,632.05,664.2,669.5,697.09,268873,1874.3,23344, 40116, 14.92,5.93
AMRUTANJAN, EQ, 15-May-2020,353.8,353.8,365.0,346.0,359.4,360.2,358.29,73784,264.36,3898, 30247, 40.99,1.81
AMRUTANJAN, EQ, 15-May-2023,608.25,608.0,608.0,599.55, 601.00,600.6,602.89,13475,81.24,1839, 9531, 70.73,-1.26
AMRUTANJAN, EQ, 15-May-2024,750.25,753.95,764.0,740.45,747.0,746.6,752.89,30733,231.38,4016, 14057, 45.74,-0.49
AMRUTANJAN, EQ, 15-Jun-2020,388.15,404.0,404.0,387.1,391.95,390.5,393.37,236840,931.66,6476, 90794, 38.34,0.61
AMRUTANJAN, EQ, 15-Jun-2021,695.55,702.0,708.0,695.0, 696.35,698.3,699.67,29841,208.79,2283, 16080, 53.89,0.4
AMRUTANJAN, EQ, 15-Jun-2022,815.45,815.0,829.3,808.6, 817.00,820.8,819.95,9801,80.36,1597, 3590, 36.63,0.66
AMRUTANJAN, EQ, 15-Jun-2023,604.55,607.75,664.5,607.7, 644.00,644.4,646.3,352319,2277.03,19229, 84541, 24.00,6.59
AMRUTANJAN, EQ, 15-Jul-2020,381.4,383.35,393.7,375.0,386.95,386.95,385.46,278709,1074.32,7004, 90451, 32.45,1.46
AMRUTANJAN, EQ, 15-Jul-2021,712.4,716.0,721.0,708.35, 713.00,712.3,716.23,20680,148.12,2391, 11868, 57.39,-0.01
AMRUTANJAN, EQ, 15-Jul-2022,771.35,775.25,778.45,768.0,774.95,772.55,772.92,5827,45.04,1245, 3038, 52.14,0.16
AMRUTANJAN, EQ, 15-Jul-2024,752.4,752.4,752.9,737.0,744.7,744.4,743.68,22997,171.02,2384, 14374, 62.50,-1.06
AMRUTANJAN, EQ, 15-Sep-2020,465.75,469.95,477.0,465.5, 466.25,468.7,471.14,132449,624.02,5818, 34681, 26.18,0.63
AMRUTANJAN, EQ, 15-Sep-2021,737.05,740.0,753.3,725.0, 733.05,733.6,740.45,72762,538.77,6290, 28095, 38.61,-0.47
AMRUTANJAN, EQ, 15-Sep-2022,749.8,753.0,757.5,743.15,750.2,751.3,751.1,32204,241.88,4584, 17199, 53.41,0.2
AMRUTANJAN, EQ, 15-Sep-2023,643.7,643.7,651.3,641.5, 641.50,644.05,646.38,40270,260.3,6283, 21911, 54.41,0.05
AMRUTANJAN, EQ, 15-Oct-2020,408.4,410.0,410.5,401.1, 408.65,403.25,406.61,38018,154.59,2067, 21201, 55.77,-1.26
AMRUTANJAN, EQ, 15-Oct-2024,762.4,768.5,768.5,751.5,757.9,761.45,760.83,15674,119.25,1473, 8419, 53.71,-0.12
AMRUTANJAN, EQ, 15-Nov-2021,953.7,962.8,963.85,902.65, 924.00,924.65,932.8,45399,423.48,5811, 22246, 49.00,-3.05
AMRUTANJAN, EQ, 15-Nov-2022,738.05,741.75,743.9,730.25, 735.00,733.6,735.81,10875,80.02,1281, 6361, 58.49,-0.6
AMRUTANJAN, EQ, 15-Nov-2023,592.55,592.55,595.55,588.05, 592.00,592.35,592.45,34635,205.19,2392, 21916, 63.28,-0.03
AMRUTANJAN, EQ, 15-Dec-2020,499.65,501.5,515.0,495.4,507.75,504.7,505.25,79167,399.99,4253, 26147, 33.03,1.01
AMRUTANJAN, EQ, 15-Dec-2021,901.55,906.0,906.05,890.0, 894.60,894.15,897.22,16069,144.17,2960, 9899, 61.60,-0.82
AMRUTANJAN, EQ, 15-Dec-2022,706.2,706.5,718.3,706.05, 712.95,712.35,713.31,14907,106.33,1288, 8587, 57.60,0.87
AMRUTANJAN, EQ, 15-Dec-2023,589.7,590.95,596.7,590.0, 596.45,593.65,592.59,22035,130.58,1958, 14763, 67.00,0.67
AMRUTANJAN, EQ, 16-Jan-2020,472.6,476.25,499.0,475.0, 475.50,477.3,484.53,91354,442.64,4159, 43094, 47.17,0.99
AMRUTANJAN, EQ, 16-Jan-2023,736.0,736.0,741.9,717.55, 726.00,719.7,726.19,21922,159.2,3832, 6862, 31.30,-2.21
AMRUTANJAN, EQ, 16-Jan-2024,596.5,596.5,602.0,595.0, 595.60,598.4,597.02,27456,163.92,2874, 20057, 73.05,0.32
AMRUTANJAN, EQ, 16-Jan-2025,675.4,682.05,710.0,679.1,698.0,693.7,692.74,42610,295.17,3668, 22742, 53.37,2.71
AMRUTANJAN, EQ, 16-Feb-2021,589.6,592.0,595.05,567.0, 575.50,573.95,584.65,204224,1193.99,5243, 142435, 69.74,-2.65
AMRUTANJAN, EQ, 16-Feb-2022,826.0,825.0,832.1,804.6,810.0,806.2,812.2,30880,250.81,5150, 17836, 57.76,-2.4
AMRUTANJAN, EQ, 16-Feb-2023,646.95,648.0,664.9,632.1, 640.00,638.5,645.53,56975,367.79,6039, 25254, 44.32,-1.31
AMRUTANJAN, EQ, 16-Feb-2024,657.5,657.55,668.1,651.45,655.0,657.25,660.0,72163,476.28,7138, 35874, 49.71,-0.04
AMRUTANJAN, EQ, 16-Mar-2020,356.85,343.85,350.0,329.0, 331.50,331.65,339.26,70870,240.43,4933, 38701, 54.61,-7.06
AMRUTANJAN, EQ, 16-Mar-2021,524.55,528.75,536.9,526.0, 529.00,527.55,529.87,29126,154.33,1831, 16319, 56.03,0.57
AMRUTANJAN, EQ, 16-Mar-2022,826.75,835.9,835.9,823.6,828.8,830.6,831.36,10098,83.95,1729, 5862, 58.05,0.47
AMRUTANJAN, EQ, 16-Mar-2023,601.05,603.4,603.4,592.35, 600.00,600.1,597.55,10215,61.04,1817, 6101, 59.73,-0.16
AMRUTANJAN, EQ, 16-Apr-2020,416.0,415.0,415.0,402.0, 406.00,405.25,406.22,63522,258.04,5519, 21828, 34.36,-2.58
AMRUTANJAN, EQ, 16-Apr-2021,599.05,612.0,632.5,605.55,611.05,611.65,619.45,211298,1308.88,10537, 51963, 24.59,2.1
AMRUTANJAN, EQ, 16-Apr-2024,658.0,661.3,662.45,647.2, 647.20,650.15,654.02,31241,204.32,3156, 17600, 56.34,-1.19
AMRUTANJAN, EQ, 16-Apr-2025,669.5,668.85,697.7,667.85,684.1,685.4,684.24,31783,217.47,5901, 15495, 48.75,2.37
AMRUTANJAN, EQ, 16-May-2022,813.0,817.95,835.85,807.4,823.05,828.7,823.6,28817,237.34,4844, 13718, 47.60,1.93
AMRUTANJAN, EQ, 16-May-2023,600.6,603.6,604.2,598.2,598.2,599.4,601.02,10745,64.58,1257, 5920, 55.10,-0.2
AMRUTANJAN, EQ, 16-May-2024,746.6,749.4,756.0,743.05,746.0,749.8,749.57,18717,140.3,3023, 11587, 61.91,0.43
AMRUTANJAN, EQ, 16-Jun-2020,390.5,395.25,399.0,370.7, 383.95,380.05,386.19,185280,715.54,6903, 71203, 38.43,-2.68
AMRUTANJAN, EQ, 16-Jun-2021,698.3,692.35,701.95,692.35, 699.40,697.25,697.65,28288,197.35,2090, 11523, 40.73,-0.15
AMRUTANJAN, EQ, 16-Jun-2022,820.8,812.35,824.95,795.0, 801.00,800.55,806.08,8003,64.51,1811, 4883, 61.01,-2.47
AMRUTANJAN, EQ, 16-Jun-2023,644.4,652.3,652.8,637.05, 640.95,640.5,643.33,42970,276.44,3584, 18654, 43.41,-0.61
AMRUTANJAN, EQ, 16-Jul-2020,386.95,386.95,404.0,380.0, 402.00,401.4,395.05,445125,1758.47,12588, 166054, 37.31,3.73
AMRUTANJAN, EQ, 16-Jul-2021,712.3,718.0,718.0,703.2, 705.10,706.1,709.45,29845,211.73,2705, 19115, 64.05,-0.87
AMRUTANJAN, EQ, 16-Jul-2024,744.4,746.85,747.95,738.9,744.0,742.95,742.71,12904,95.84,1808, 6680, 51.77,-0.19
AMRUTANJAN, EQ, 16-Aug-2021,671.9,717.0,718.0,684.9,700.0,704.05,698.82,153521,1072.83,9412, 54673, 35.61,4.78
AMRUTANJAN, EQ, 16-Aug-2022,843.85,800.0,803.95,760.0,762.25,761.75,766.85,228155,1749.6,18096, 149310, 65.44,-9.73
AMRUTANJAN, EQ, 16-Aug-2023,618.85,616.25,624.8,616.0, 619.15,617.85,620.06,29636,183.76,4473, 10575, 35.68,-0.16
AMRUTANJAN, EQ, 16-Aug-2024,733.9,735.0,754.75,730.0,750.0,750.4,741.31,47184,349.78,3711, 32314, 68.49,2.25
AMRUTANJAN, EQ, 16-Sep-2020,468.7,472.0,473.9,463.05,466.2,464.4,466.44,52672,245.68,3210, 17854, 33.90,-0.92
AMRUTANJAN, EQ, 16-Sep-2021,733.6,739.95,749.5,729.35,741.0,737.7,741.63,41407,307.09,3474, 21729, 52.48,0.56
AMRUTANJAN, EQ, 16-Sep-2022,751.3,753.0,753.0,727.0, 741.00,730.15,737.54,47592,351.01,6865, 32700, 68.71,-2.82
AMRUTANJAN, EQ, 16-Sep-2024,787.35,790.0,799.9,777.1,785.65,786.1,784.85,19453,152.68,2513, 9186, 47.22,-0.16
AMRUTANJAN, EQ, 16-Oct-2020,403.25,405.2,411.95,400.25, 408.95,407.2,405.87,53669,217.83,2789, 27561, 51.35,0.98
AMRUTANJAN, EQ, 16-Oct-2023,606.2,606.2,606.2,600.0, 601.85,601.1,602.34,15439,92.99,1852, 9970, 64.58,-0.84
AMRUTANJAN, EQ, 16-Oct-2024,761.45,764.95,790.0,760.1,786.9,786.15,780.22,46979,366.54,5386, 27807, 59.19,3.24
AMRUTANJAN, EQ, 16-Nov-2021,924.65,922.0,940.6,922.0, 934.95,930.7,933.92,38008,354.96,4732, 15345, 40.37,0.65
AMRUTANJAN, EQ, 16-Nov-2022,733.6,730.55,738.7,720.05, 723.00,722.8,726.24,17748,128.89,1868, 8208, 46.25,-1.47
AMRUTANJAN, EQ, 16-Nov-2023,592.35,592.0,611.1,589.0, 600.25,599.45,600.95,61830,371.57,4087, 35720, 57.77,1.2
AMRUTANJAN, EQ, 16-Dec-2020,504.7,509.75,525.0,505.05, 514.95,511.6,517.01,121967,630.58,7714, 43251, 35.46,1.37
AMRUTANJAN, EQ, 16-Dec-2021,894.15,896.1,911.1,891.1, 899.00,901.45,896.76,14686,131.7,1731, 7537, 51.32,0.82
AMRUTANJAN, EQ, 16-Dec-2022,712.35,705.0,715.0,701.0, 701.00,701.35,704.15,9202,64.8,1312, 6442, 70.01,-1.54
AMRUTANJAN, EQ, 16-Dec-2024,750.55,756.35,756.6,743.0,748.1,749.8,747.2,20545,153.51,944, 17627, 85.80,-0.1
AMRUTANJAN, EQ, 17-Jan-2020,477.3,482.6,496.0,473.05, 492.00,491.1,486.35,68457,332.94,2795, 32374, 47.29,2.89
AMRUTANJAN, EQ, 17-Jan-2022,915.0,915.0,923.0,910.15,913.9,911.9,913.03,22217,202.85,2487, 10716, 48.23,-0.34
AMRUTANJAN, EQ, 17-Jan-2023,719.7,723.3,723.3,706.0,707.55,707.65,711.0,59295,421.59,3098, 44908, 75.74,-1.67
AMRUTANJAN, EQ, 17-Jan-2024,598.4,598.0,601.2,593.65, 597.10,599.1,598.35,30932,185.08,2544, 21656, 70.01,0.12
AMRUTANJAN, EQ, 17-Jan-2025,693.7,694.9,698.9,686.75,695.0,695.25,694.18,14576,101.18,1557, 9453, 64.85,0.22
AMRUTANJAN, EQ, 17-Feb-2020,505.55,509.9,519.0,495.0, 495.00,500.2,507.5,37188,188.73,2226, 14172, 38.11,-1.06
AMRUTANJAN, EQ, 17-Feb-2021,573.95,573.0,589.9,561.8, 572.10,573.45,577.44,73095,422.08,4172, 20557, 28.12,-0.09
AMRUTANJAN, EQ, 17-Feb-2022,806.2,810.25,814.95,803.05,810.0,806.2,808.11,28030,226.51,4291, 17231, 61.47,0.0
AMRUTANJAN, EQ, 17-Feb-2023,638.5,632.0,639.95,630.0, 633.50,634.75,634.01,37027,234.75,4137, 16684, 45.06,-0.59
AMRUTANJAN, EQ, 17-Feb-2025,612.15,619.55,619.6,592.3,615.0,602.85,598.82,18284,109.49,2860, 12888, 70.49,-1.52
AMRUTANJAN, EQ, 17-Mar-2020,331.65,325.55,368.1,325.55, 330.00,333.55,344.63,46565,160.48,2502, 20271, 43.53,0.57
AMRUTANJAN, EQ, 17-Mar-2021,527.55,529.95,536.0,514.85,517.7,516.9,524.12,39106,204.96,2861, 23244, 59.44,-2.02
AMRUTANJAN, EQ, 17-Mar-2022,830.6,839.8,850.0,835.9, 845.05,840.65,843.2,17267,145.59,2144, 9204, 53.30,1.21
AMRUTANJAN, EQ, 17-Mar-2023,600.1,603.15,610.5,599.7, 609.00,608.7,607.29,7507,45.59,1322, 4387, 58.44,1.43
AMRUTANJAN, EQ, 17-Mar-2025,589.1,585.55,592.7,577.55,580.55,590.3,585.7,23492,137.59,1906, 15465, 65.83,0.2
AMRUTANJAN, EQ, 17-Apr-2020,405.25,414.5,420.0,403.25, 403.25,404.85,408.58,57124,233.4,5539, 23014, 40.29,-0.1
AMRUTANJAN, EQ, 17-Apr-2023,602.55,602.2,605.55,591.0, 594.00,593.15,597.06,23358,139.46,3069, 13330, 57.07,-1.56
AMRUTANJAN, EQ, 17-Apr-2025,685.4,685.4,685.4,671.95,672.9,673.15,675.43,14570,98.41,1842, 7760, 53.26,-1.79
AMRUTANJAN, EQ, 17-May-2021,683.15,691.9,731.4,680.05,726.0,722.85,715.91,191021,1367.54,12051, 46877, 24.54,5.81
AMRUTANJAN, EQ, 17-May-2022,828.7,832.85,835.75,819.95, 832.00,825.3,826.98,15571,128.77,2760, 7717, 49.56,-0.41
AMRUTANJAN, EQ, 17-May-2023,599.4,605.0,606.85,597.75, 598.00,598.8,600.68,10202,61.28,1553, 5746, 56.32,-0.1
AMRUTANJAN, EQ, 17-May-2024,749.8,750.0,763.1,740.2,745.05,744.95,750.9,37774,283.65,4450, 18258, 48.33,-0.65
AMRUTANJAN, EQ, 17-Jun-2020,380.05,383.8,392.95,380.3,389.25,387.55,387.13,125888,487.34,4330, 41712, 33.13,1.97
AMRUTANJAN, EQ, 17-Jun-2021,697.25,699.8,699.8,690.1, 694.00,692.0,695.02,20628,143.37,1905, 12386, 60.04,-0.75
AMRUTANJAN, EQ, 17-Jun-2022,800.55,800.6,802.1,786.0,787.3,790.05,790.09,9523,75.24,2064, 4374, 45.93,-1.31
AMRUTANJAN, EQ, 17-Jul-2020,401.4,404.6,404.9,391.5, 392.65,394.45,397.79,237659,945.39,7177, 80960, 34.07,-1.73
AMRUTANJAN, EQ, 17-Jul-2023,701.6,701.6,705.7,685.0,686.55,686.25,693.03,55456,384.33,6693, 28725, 51.80,-2.19
AMRUTANJAN, EQ, 16-Jul-2024,744.4,746.85,747.95,738.9,744.0,742.95,742.71,12904,95.84,1808, 6680, 51.77,-0.19
AMRUTANJAN, EQ, 17-Aug-2020,478.75,482.8,484.15,470.3, 472.00,472.1,475.35,80058,380.55,3307, 24990, 31.21,-1.39
AMRUTANJAN, EQ, 17-Aug-2021,704.05,711.25,714.7,702.0,703.95,705.1,706.71,71840,507.7,4258, 29354, 40.86,0.15
AMRUTANJAN, EQ, 17-Aug-2022,761.75,770.9,774.0,761.75, 767.50,765.6,767.62,62055,476.35,11016, 33347, 53.74,0.51
AMRUTANJAN, EQ, 17-Aug-2023,617.85,619.95,621.55,611.0, 614.00,613.15,616.87,72426,446.77,10479, 21635, 29.87,-0.76
AMRUTANJAN, EQ, 17-Sep-2020,464.4,466.0,481.0,464.4, 473.00,472.5,474.55,170163,807.51,6574, 61074, 35.89,1.74
AMRUTANJAN, EQ, 17-Sep-2021,737.7,740.0,749.0,730.0, 744.00,746.95,740.98,56219,416.57,5229, 34634, 61.61,1.25
AMRUTANJAN, EQ, 17-Sep-2024,786.1,790.0,790.0,777.95,780.0,779.25,780.89,22793,177.99,2367, 11431, 50.15,-0.87
AMRUTANJAN, EQ, 17-Oct-2022,712.9,710.0,713.85,709.0,710.35,710.05,710.8,7098,50.45,921, 5017, 70.68,-0.4
AMRUTANJAN, EQ, 17-Oct-2023,601.1,603.85,611.0,602.0,604.6,609.0,606.37,24171,146.57,1875, 13702, 56.69,1.31
AMRUTANJAN, EQ, 17-Oct-2024,786.15,788.05,798.7,768.0,768.05,770.05,782.25,19812,154.98,2382, 11024, 55.64,-2.05
AMRUTANJAN, EQ, 17-Nov-2020,477.45,475.0,490.0,473.5, 486.00,486.25,482.75,258524,1248.03,9361, 139653, 54.02,1.84
AMRUTANJAN, EQ, 17-Nov-2021,930.7,930.7,941.5,927.95, 932.05,933.65,933.89,25802,240.96,3535, 10997, 42.62,0.32
AMRUTANJAN, EQ, 17-Nov-2022,722.8,719.0,726.4,719.0, 721.90,722.25,722.47,7183,51.9,1161, 4067, 56.62,-0.08
AMRUTANJAN, EQ, 17-Nov-2023,599.45,595.0,608.25,595.0, 605.30,605.15,604.18,15591,94.2,1855, 10035, 64.36,0.95
AMRUTANJAN, EQ, 17-Dec-2020,511.6,518.9,518.9,502.8, 505.25,505.45,512.31,51629,264.5,3560, 25263, 48.93,-1.2
AMRUTANJAN, EQ, 17-Dec-2021,901.45,895.05,909.9,882.5, 900.45,899.4,895.73,21204,189.93,2853, 10414, 49.11,-0.23
AMRUTANJAN, EQ, 17-Dec-2024,749.8,743.85,751.9,735.7,750.0,745.45,745.31,17341,129.24,1678, 12951, 74.68,-0.58
AMRUTANJAN, EQ, 18-Jan-2021,539.6,538.0,538.0,522.0, 524.00,525.1,528.78,37905,200.43,2530, 18187, 47.98,-2.69
AMRUTANJAN, EQ, 18-Jan-2022,911.9,910.3,917.1,901.15, 911.00,904.6,908.32,33703,306.13,3158, 19759, 58.63,-0.8
AMRUTANJAN, EQ, 18-Jan-2023,707.65,711.2,716.8,705.65,713.65,713.1,711.61,13594,96.74,1741, 6112, 44.96,0.77
AMRUTANJAN, EQ, 18-Jan-2024,599.1,599.1,599.5,592.0, 597.95,596.4,595.49,22943,136.62,1652, 16031, 69.87,-0.45
AMRUTANJAN, EQ, 18-Feb-2020,500.2,500.95,500.95,480.55, 489.00,487.2,487.74,34522,168.38,3485, 18865, 54.65,-2.6
AMRUTANJAN, EQ, 18-Feb-2021,573.45,576.0,586.0,567.05,570.95,569.45,578.42,51598,298.45,2513, 17715, 34.33,-0.7
AMRUTANJAN, EQ, 18-Feb-2022,806.2,800.0,852.45,770.2,786.0,798.35,796.63,71237,567.49,5687, 35044, 49.19,-0.97
AMRUTANJAN, EQ, 18-Feb-2025,602.85,605.0,607.55,586.4,600.05,598.25,598.49,17786,106.45,1790, 12060, 67.81,-0.76
AMRUTANJAN, EQ, 18-Mar-2020,333.55,343.0,350.0,303.05, 307.00,309.45,319.92,39259,125.6,2117, 23215, 59.13,-7.23
AMRUTANJAN, EQ, 18-Mar-2021,516.9,523.0,529.4,439.4, 493.80,493.65,507.42,275831,1399.62,9388, 65636, 23.80,-4.5
AMRUTANJAN, EQ, 18-Mar-2024,600.45,608.0,608.0,600.05, 602.05,602.05,602.76,17491,105.43,2054, 9825, 56.17,0.27
AMRUTANJAN, EQ, 18-Mar-2025,590.3,594.9,606.0,586.85,606.0,604.2,592.69,39598,234.69,1476, 33704, 85.12,2.35
AMRUTANJAN, EQ, 18-Apr-2022,905.65,909.9,954.6,884.0, 937.05,935.25,931.28,113769,1059.51,12396, 39669, 34.87,3.27
AMRUTANJAN, EQ, 18-Apr-2023,593.15,593.55,620.4,593.55, 615.35,614.7,610.82,19156,117.01,1991, 7436, 38.82,3.63
AMRUTANJAN, EQ, 18-Apr-2024,650.15,652.7,659.7,641.25, 647.50,643.4,651.14,28347,184.58,2979, 18239, 64.34,-1.04
AMRUTANJAN, EQ, 18-May-2020,360.2,362.9,369.85,342.25, 349.50,351.6,355.41,69772,247.98,2598, 33521, 48.04,-2.39
AMRUTANJAN, EQ, 18-May-2021,722.85,731.0,736.75,693.85, 701.50,700.3,717.26,107066,767.94,9139, 39253, 36.66,-3.12
AMRUTANJAN, EQ, 18-May-2022,825.3,829.45,840.0,821.0,821.1,824.85,831.29,9766,81.18,1913, 4298, 44.01,-0.05
AMRUTANJAN, EQ, 18-May-2023,598.8,598.8,604.95,597.55, 601.00,601.6,602.48,4766,28.71,818, 2644, 55.48,0.47
AMRUTANJAN, EQ, 18-Jun-2020,387.55,390.0,402.45,390.0,398.0,398.4,397.09,323245,1283.57,8298, 150913, 46.69,2.8
AMRUTANJAN, EQ, 18-Jun-2021,692.0,698.8,698.8,675.0, 682.45,679.85,682.95,46193,315.47,3713, 22696, 49.13,-1.76
AMRUTANJAN, EQ, 18-Jun-2024,750.1,750.1,777.0,750.0,760.0,764.5,766.61,69349,531.63,5938, 40225, 58.00,1.92
AMRUTANJAN, EQ, 18-Jul-2022,772.55,776.45,778.0,770.0,774.7,773.85,774.28,13617,105.43,1276, 9198, 67.55,0.17
AMRUTANJAN, EQ, 18-Jul-2023,686.25,686.25,700.0,685.0, 688.00,687.5,690.07,37513,258.87,4764, 15649, 41.72,0.18
AMRUTANJAN, EQ, 18-Jul-2024,742.95,740.0,745.0,724.95,739.9,737.7,734.06,31184,228.91,3614, 15413, 49.43,-0.71
AMRUTANJAN, EQ, 18-Aug-2020,472.1,477.9,492.0,473.2,489.8,489.6,487.45,261783,1276.06,8121, 76996, 29.41,3.71
AMRUTANJAN, EQ, 18-Aug-2021,705.1,708.65,708.65,687.55, 693.75,691.35,697.0,50408,351.34,2759, 28649, 56.83,-1.95
AMRUTANJAN, EQ, 18-Aug-2022,765.6,774.0,774.9,765.65,769.75,769.0,768.45,26441,203.19,3000, 14507, 54.87,0.44
AMRUTANJAN, EQ, 18-Aug-2023,613.15,616.0,617.0,601.1, 605.00,604.7,607.73,63678,386.99,5310, 40524, 63.64,-1.38
AMRUTANJAN, EQ, 18-Sep-2020,472.5,476.0,478.45,458.0, 464.95,466.4,472.56,79919,377.66,3895, 30741, 38.47,-1.29
AMRUTANJAN, EQ, 18-Sep-2023,644.05,647.3,647.3,630.0, 632.90,631.4,635.26,22023,139.9,2061, 11719, 53.21,-1.96
AMRUTANJAN, EQ, 18-Sep-2024,779.25,784.8,811.9,775.05,807.85,804.9,801.74,63513,509.21,7506, 26394, 41.56,3.29
AMRUTANJAN, EQ, 18-Oct-2021,907.65,929.8,985.0,925.85, 973.00,971.6,961.04,438190,4211.16,34252, 139197, 31.77,7.05
AMRUTANJAN, EQ, 18-Oct-2022,710.05,712.0,714.0,705.45,709.9,707.95,708.97,10549,74.79,1530, 6246, 59.21,-0.3
AMRUTANJAN, EQ, 18-Oct-2023,609.0,606.0,608.9,602.1, 604.50,603.35,605.05,10645,64.41,1280, 6268, 58.88,-0.93
AMRUTANJAN, EQ, 18-Oct-2024,770.05,762.35,773.95,754.05,764.0,769.7,766.59,15106,115.8,1903, 7485, 49.55,-0.05
AMRUTANJAN, EQ, 18-Nov-2020,486.25,488.65,510.0,487.05, 499.00,497.9,499.78,465605,2327.01,11927, 158914, 34.13,2.4
AMRUTANJAN, EQ, 18-Nov-2021,933.65,940.35,940.35,906.2,916.9,914.5,921.28,41586,383.12,6307, 19687, 47.34,-2.05
AMRUTANJAN, EQ, 18-Nov-2022,722.25,725.9,726.95,710.0, 718.65,714.65,718.5,11353,81.57,1534, 7003, 61.68,-1.05
AMRUTANJAN, EQ, 18-Nov-2024,701.15,695.35,721.05,675.0,698.0,702.55,696.29,44489,309.77,3227, 22863, 51.39,0.2
AMRUTANJAN, EQ, 18-Dec-2020,505.45,509.9,518.05,507.35, 512.65,510.15,512.15,91354,467.87,4159, 33913, 37.12,0.93
AMRUTANJAN, EQ, 18-Dec-2023,593.65,593.95,596.15,591.15, 594.00,594.0,593.5,22465,133.33,2301, 14750, 65.66,0.06
AMRUTANJAN, EQ, 18-Dec-2024,745.45,740.5,768.0,740.5,756.9,751.3,750.85,22309,167.51,1241, 16290, 73.02,0.78
AMRUTANJAN, EQ, 19-Jan-2021,525.1,527.75,539.35,526.2, 530.70,528.75,531.79,44389,236.06,2786, 15868, 35.75,0.7
AMRUTANJAN, EQ, 19-Jan-2022,904.6,902.7,912.35,900.0, 905.70,906.1,903.0,22427,202.52,2781, 10626, 47.38,0.17
AMRUTANJAN, EQ, 19-Jan-2023,713.1,706.0,721.0,706.0, 714.10,714.65,716.05,10907,78.1,1808, 5446, 49.93,0.22
AMRUTANJAN, EQ, 19-Jan-2024,596.4,596.0,602.0,595.2, 602.00,599.95,599.34,43560,261.07,2358, 34857, 80.02,0.6
AMRUTANJAN, EQ, 19-Feb-2020,487.2,491.05,524.75,491.05, 508.60,506.4,510.64,91297,466.2,6359, 28305, 31.00,3.94
AMRUTANJAN, EQ, 19-Feb-2021,569.45,564.3,574.4,550.95,556.0,555.7,562.24,35176,197.77,2199, 15987, 45.45,-2.41
AMRUTANJAN, EQ, 19-Feb-2024,657.25,662.35,666.0,646.0, 653.00,651.05,654.52,63794,417.55,5866, 35575, 55.77,-0.94
AMRUTANJAN, EQ, 19-Feb-2025,598.25,598.25,616.25,590.0,610.0,606.65,605.12,15393,93.15,3812, 8804, 57.19,1.4
AMRUTANJAN, EQ, 19-Mar-2020,309.45,280.35,324.0,276.95, 295.00,298.3,300.04,65535,196.63,4596, 30628, 46.74,-3.6
AMRUTANJAN, EQ, 19-Mar-2021,493.65,490.0,506.6,480.95,502.0,501.6,498.17,91076,453.71,4013, 40932, 44.94,1.61
AMRUTANJAN, EQ, 19-Mar-2024,602.05,602.05,624.0,597.2, 616.55,617.7,611.09,46242,282.58,4315, 28689, 62.04,2.6
AMRUTANJAN, EQ, 19-Mar-2025,604.2,604.8,614.0,604.8,613.0,612.1,610.93,24685,150.81,1058, 19889, 80.57,1.31
AMRUTANJAN, EQ, 19-Apr-2021,611.65,590.0,627.9,590.0,624.0,623.45,617.07,113934,703.05,8475, 36170, 31.75,1.93
AMRUTANJAN, EQ, 19-Apr-2022,935.25,942.0,946.85,888.4,905.0,910.15,931.62,61120,569.41,8113, 26353, 43.12,-2.68
AMRUTANJAN, EQ, 19-Apr-2023,614.7,619.6,628.05,610.45, 622.30,624.0,621.62,23205,144.25,3155, 12122, 52.24,1.51
AMRUTANJAN, EQ, 19-Apr-2024,643.4,646.65,646.65,633.0, 641.00,638.2,637.88,26791,170.89,2800, 13234, 49.40,-0.81
AMRUTANJAN, EQ, 19-May-2020,351.6,355.0,357.95,339.0,341.55,341.75,346.95,95183,330.24,4522, 40517, 42.57,-2.8
AMRUTANJAN, EQ, 19-May-2021,700.3,701.0,760.0,694.0, 759.50,747.7,732.54,160575,1176.27,9692, 49394, 30.76,6.77
AMRUTANJAN, EQ, 19-May-2022,824.85,822.0,830.25,806.45,814.05,814.05,818.59,11314,92.62,2216, 4325, 38.23,-1.31
AMRUTANJAN, EQ, 19-May-2023,601.6,604.65,604.65,597.5,600.0,598.95,600.51,8881,53.33,1627, 4647, 52.33,-0.44
AMRUTANJAN, EQ, 19-Jun-2020,398.4,372.55,380.0,366.0, 376.10,376.4,375.42,442782,1662.31,11031, 173872, 39.27,-5.52
AMRUTANJAN, EQ, 19-Jun-2023,640.5,635.05,642.95,620.05, 625.70,623.25,626.57,44336,277.8,4877, 27245, 61.45,-2.69
AMRUTANJAN, EQ, 19-Jun-2024,764.5,768.35,776.45,748.05,760.0,758.8,758.9,37272,282.86,3783, 20099, 53.93,-0.75
AMRUTANJAN, EQ, 19-Jul-2021,706.1,704.4,704.4,690.0, 692.95,691.55,695.58,51700,359.61,4380, 28675, 55.46,-2.06
AMRUTANJAN, EQ, 19-Jul-2022,773.85,777.0,780.5,770.05, 774.95,773.6,774.71,12633,97.87,1583, 6814, 53.94,-0.03
AMRUTANJAN, EQ, 19-Jul-2023,687.5,697.0,698.8,687.05, 691.00,689.9,692.82,39799,275.73,4015, 16976, 42.65,0.35
AMRUTANJAN, EQ, 19-Jul-2024,737.7,745.0,755.95,731.95,740.0,738.5,741.22,34825,258.13,4631, 18421, 52.90,0.11
AMRUTANJAN, EQ, 19-Aug-2020,489.6,494.5,494.55,482.0,482.7,482.9,486.08,96308,468.14,3940, 45973, 47.74,-1.37
AMRUTANJAN, EQ, 18-Aug-2021,705.1,708.65,708.65,687.55, 693.75,691.35,697.0,50408,351.34,2759, 28649, 56.83,-1.95
AMRUTANJAN, EQ, 19-Aug-2022,769.0,767.05,771.5,758.55, 760.30,759.85,763.93,36988,282.56,3178, 25644, 69.33,-1.19
AMRUTANJAN, EQ, 19-Aug-2024,750.4,743.1,758.0,736.1,756.1,753.35,747.2,35575,265.82,2854, 21046, 59.16,0.39
AMRUTANJAN, EQ, 19-Sep-2022,730.15,731.0,752.35,731.0, 744.90,743.9,746.05,37286,278.17,5131, 17815, 47.78,1.88
AMRUTANJAN, EQ, 19-Sep-2024,804.9,807.8,824.65,773.25,781.0,781.25,795.23,73200,582.11,7855, 28910, 39.49,-2.94
AMRUTANJAN, EQ, 19-Oct-2020,407.2,408.5,411.1,406.05, 407.20,407.45,408.02,17308,70.62,1082, 9993, 57.74,0.06
AMRUTANJAN, EQ, 19-Oct-2021,971.6,982.0,984.4,912.65,949.0,930.55,960.32,223482,2146.14,20283, 77047, 34.48,-4.22
AMRUTANJAN, EQ, 19-Oct-2022,707.95,710.0,713.4,704.85, 705.00,705.45,707.85,15640,110.71,1488, 7005, 44.79,-0.35
AMRUTANJAN, EQ, 19-Oct-2023,603.35,603.45,605.9,600.0,600.0,600.35,602.28,13072,78.73,1174, 7724, 59.09,-0.5
AMRUTANJAN, EQ, 19-Nov-2020,497.9,497.0,518.7,491.0, 498.00,496.75,506.83,330756,1676.36,11711, 97626, 29.52,-0.23
AMRUTANJAN, EQ, 19-Nov-2024,702.55,702.55,774.9,698.0,722.0,723.9,736.88,122991,906.3,7554, 30271, 24.61,3.04
AMRUTANJAN, EQ, 19-Dec-2022,701.35,702.25,709.0,700.05,700.05,702.75,704.79,8492,59.85,952, 4590, 54.05,0.2
AMRUTANJAN, EQ, 19-Dec-2023,594.0,590.0,598.0,590.0, 596.50,595.25,594.7,40974,243.67,1746, 31430, 76.71,0.21
AMRUTANJAN, EQ, 19-Dec-2024,751.3,748.0,755.15,743.9,755.15,752.1,749.45,12910,96.75,1341, 9524, 73.77,0.11
AMRUTANJAN, EQ, 20-Jan-2020,491.1,491.0,544.0,482.05, 498.00,497.75,512.0,332936,1704.63,11314, 73125, 21.96,1.35
AMRUTANJAN, EQ, 20-Jan-2021,528.75,534.0,536.0,524.7, 525.25,527.15,528.9,37170,196.59,1767, 17549, 47.21,-0.3
AMRUTANJAN, EQ, 20-Jan-2022,906.1,910.65,917.95,903.0, 916.65,913.3,911.75,18426,168.0,2961, 9136, 49.58,0.79
AMRUTANJAN, EQ, 20-Jan-2023,714.65,708.0,718.0,706.05,715.0,709.65,711.39,10821,76.98,1673, 5905, 54.57,-0.7
AMRUTANJAN, EQ, 20-Jan-2025,695.25,695.25,699.75,688.05,695.0,690.45,694.12,35009,243.0,1329, 29198, 83.40,-0.69
AMRUTANJAN, EQ, 20-Feb-2020,506.4,507.0,522.9,507.0, 516.05,515.45,517.5,39930,206.64,3708, 20159, 50.49,1.79
AMRUTANJAN, EQ, 20-Feb-2023,634.75,630.0,634.75,619.25, 620.00,620.4,623.02,26032,162.18,3306, 15952, 61.28,-2.26
AMRUTANJAN, EQ, 20-Feb-2024,651.05,650.1,659.3,650.0, 650.70,650.3,652.04,38001,247.78,3710, 25598, 67.36,-0.12
AMRUTANJAN, EQ, 20-Feb-2025,606.65,609.0,610.0,591.0,593.0,597.75,600.88,17410,104.61,2101, 12333, 70.84,-1.47
AMRUTANJAN, EQ, 20-Mar-2020,298.3,310.0,319.95,293.0, 313.90,314.5,309.5,38665,119.67,1828, 14548, 37.63,5.43
AMRUTANJAN, EQ, 20-Mar-2023,608.7,608.0,628.15,600.55,626.8,622.35,620.62,23480,145.72,5070, 10497, 44.71,2.24
AMRUTANJAN, EQ, 20-Mar-2024,617.7,615.85,616.9,608.2, 612.00,612.3,611.47,29008,177.38,2629, 19846, 68.42,-0.87
AMRUTANJAN, EQ, 20-Mar-2025,612.1,612.1,637.55,612.1,625.0,631.7,626.0,36981,231.5,4760, 22991, 62.17,3.2
AMRUTANJAN, EQ, 20-Apr-2020,404.85,412.9,412.9,385.05, 387.00,386.65,392.9,68885,270.65,4379, 30549, 44.35,-4.5
AMRUTANJAN, EQ, 20-Apr-2021,623.45,628.9,648.0,614.7,621.4,620.85,633.82,142278,901.78,10055, 31918, 22.43,-0.42
AMRUTANJAN, EQ, 20-Apr-2022,910.15,915.0,917.5,880.0, 885.00,887.3,901.09,50468,454.76,6334, 16665, 33.02,-2.51
AMRUTANJAN, EQ, 20-Apr-2023,624.0,618.8,629.0,610.9, 618.00,615.5,616.6,16810,103.65,2214, 6124, 36.43,-1.36
AMRUTANJAN, EQ, 20-May-2020,341.75,337.25,343.5,327.0, 335.05,335.35,333.01,133287,443.86,4616, 56080, 42.07,-1.87
AMRUTANJAN, EQ, 20-May-2021,747.7,751.45,762.0,725.45, 743.00,734.8,744.61,137063,1020.59,9742, 51297, 37.43,-1.73
AMRUTANJAN, EQ, 20-May-2022,814.05,826.25,841.0,820.0, 836.50,834.55,832.21,10267,85.44,2390, 5561, 54.16,2.52
AMRUTANJAN, EQ, 18-May-2024,744.95,744.95,755.0,737.3,742.0,740.55,743.24,4921,36.57,646, 3261, 66.27,-0.59
AMRUTANJAN, EQ, 20-Jun-2022,790.05,808.0,808.0,753.05,767.45,762.9,777.19,41727,324.3,6029, 13220, 31.68,-3.44
AMRUTANJAN, EQ, 20-Jun-2023,623.25,626.4,634.55,618.0, 619.00,619.65,623.73,32767,204.38,3701, 16926, 51.66,-0.58
AMRUTANJAN, EQ, 20-Jun-2024,758.8,759.0,764.75,750.0,758.5,758.8,755.06,26842,202.67,2215, 15984, 59.55,0.0
AMRUTANJAN, EQ, 20-Jul-2020,394.45,393.1,399.9,389.65, 398.00,398.05,395.81,127352,504.07,2839, 58174, 45.68,0.91
AMRUTANJAN, EQ, 20-Jul-2021,691.55,694.0,702.95,688.0, 690.80,691.7,694.17,33997,236.0,3279, 16876, 49.64,0.02
AMRUTANJAN, EQ, 20-Jul-2022,773.6,777.5,790.0,775.45, 778.00,777.6,781.25,30465,238.01,4641, 17826, 58.51,0.52
AMRUTANJAN, EQ, 20-Jul-2023,689.9,696.95,696.95,685.0,685.0,686.4,689.84,41637,287.23,3980, 20180, 48.47,-0.51
AMRUTANJAN, EQ, 20-Aug-2020,482.9,485.8,485.8,473.5,475.15,474.4,478.34,72296,345.82,3001, 37518, 51.89,-1.76
AMRUTANJAN, EQ, 20-Aug-2021,691.35,690.0,698.4,678.5,685.9,682.8,686.06,92700,635.98,4837, 71411, 77.03,-1.24
AMRUTANJAN, EQ, 20-Aug-2024,753.35,746.1,800.0,746.1,780.0,778.55,783.25,218617,1712.31,10459, 109797, 50.22,3.35
AMRUTANJAN, EQ, 20-Sep-2021,746.95,747.9,803.95,736.05, 779.00,772.95,782.25,395614,3094.71,26650, 86665, 21.91,3.48
AMRUTANJAN, EQ, 20-Sep-2022,743.9,744.9,753.55,732.0, 735.00,734.4,744.15,74463,554.12,4435, 54297, 72.92,-1.28
AMRUTANJAN, EQ, 20-Sep-2023,631.4,634.35,637.95,625.0, 630.10,629.65,629.42,19410,122.17,1985, 12582, 64.82,-0.28
AMRUTANJAN, EQ, 20-Sep-2024,781.25,790.0,803.4,784.95,800.0,801.5,794.73,31117,247.3,2303, 17798, 57.20,2.59
AMRUTANJAN, EQ, 20-Oct-2020,407.45,407.85,408.0,403.4, 407.50,406.95,405.86,21767,88.34,1444, 9913, 45.54,-0.12
AMRUTANJAN, EQ, 20-Oct-2021,930.55,928.0,928.0,866.25, 901.00,902.1,900.39,147495,1328.03,15153, 48365, 32.79,-3.06
AMRUTANJAN, EQ, 20-Oct-2022,705.45,709.0,732.0,705.4,728.15,728.65,722.64,22377,161.71,2042, 13874, 62.00,3.29
AMRUTANJAN, EQ, 20-Oct-2023,600.35,600.0,605.45,599.85, 600.75,601.25,601.72,14729,88.63,1132, 8783, 59.63,0.15
AMRUTANJAN, EQ, 20-Nov-2020,496.75,499.25,507.0,487.0,493.0,492.7,494.85,89859,444.67,3365, 37033, 41.21,-0.82
AMRUTANJAN, EQ, 20-Nov-2023,605.15,600.05,613.9,598.3, 610.30,610.45,605.94,34860,211.23,3508, 25137, 72.11,0.88
AMRUTANJAN, EQ, 19-Nov-2024,702.55,702.55,774.9,698.0,722.0,723.9,736.88,122991,906.3,7554, 30271, 24.61,3.04
AMRUTANJAN, EQ, 20-Dec-2021,899.4,895.0,895.7,872.0,879.0,879.45,881.63,63413,559.07,8514, 20073, 31.65,-2.22
AMRUTANJAN, EQ, 20-Dec-2022,702.75,701.5,713.75,700.1,709.75,708.5,706.33,19597,138.42,2914, 9493, 48.44,0.82
AMRUTANJAN, EQ, 20-Dec-2023,595.25,595.5,600.0,591.0, 591.95,592.75,594.36,41003,243.7,2126, 29346, 71.57,-0.42
AMRUTANJAN, EQ, 20-Dec-2024,752.1,752.15,765.0,740.15,750.0,749.15,751.82,33344,250.69,2361, 19190, 57.55,-0.39
AMRUTANJAN, EQ, 21-Jan-2020,497.75,497.0,509.0,485.0, 492.00,491.0,496.56,54983,273.02,2852, 19053, 34.65,-1.36
AMRUTANJAN, EQ, 21-Jan-2021,527.15,531.0,533.95,513.35, 520.70,519.1,525.64,39303,206.59,1848, 20923, 53.24,-1.53
AMRUTANJAN, EQ, 21-Jan-2022,913.3,917.9,917.9,895.0, 900.00,900.5,902.93,18532,167.33,3134, 10372, 55.97,-1.4
AMRUTANJAN, EQ, 21-Jan-2025,690.45,694.95,701.45,678.1,678.65,680.3,686.91,15570,106.95,1317, 9798, 62.93,-1.47
AMRUTANJAN, EQ, 21-Feb-2022,798.35,786.0,795.6,770.0, 779.00,780.75,782.28,21584,168.85,3534, 8881, 41.15,-2.2
AMRUTANJAN, EQ, 21-Feb-2023,620.4,621.5,633.9,620.0, 633.65,631.4,627.75,23892,149.98,3111, 10977, 45.94,1.77
AMRUTANJAN, EQ, 21-Feb-2024,650.3,650.0,702.0,648.2, 675.20,676.85,682.32,351753,2400.07,28037, 120341, 34.21,4.08
AMRUTANJAN, EQ, 21-Feb-2025,597.75,601.85,607.6,593.45,597.35,598.4,600.54,15990,96.03,2900, 9094, 56.87,0.11
AMRUTANJAN, EQ, 21-Mar-2022,840.65,848.95,854.0,836.1,836.1,838.55,843.68,16222,136.86,2284, 8182, 50.44,-0.25
AMRUTANJAN, EQ, 21-Mar-2023,622.35,625.5,642.0,615.0, 640.35,638.7,635.54,16108,102.37,2240, 10784, 66.95,2.63
AMRUTANJAN, EQ, 21-Mar-2024,612.3,614.15,617.1,603.05,607.0,606.9,609.53,17597,107.26,2241, 9706, 55.16,-0.88
AMRUTANJAN, EQ, 21-Mar-2025,631.7,635.0,647.9,632.0,640.0,640.6,639.72,24512,156.81,2173, 17315, 70.64,1.41
AMRUTANJAN, EQ, 21-Apr-2020,386.65,380.0,414.0,372.6,385.0,386.35,397.11,278663,1106.59,8888, 50072, 17.97,-0.08
AMRUTANJAN, EQ, 21-Apr-2022,887.3,899.8,916.4,888.4, 915.00,910.9,903.38,17133,154.78,2751, 7050, 41.15,2.66
AMRUTANJAN, EQ, 21-Apr-2023,615.5,620.45,620.45,605.0, 613.90,611.7,611.02,9509,58.1,1695, 4592, 48.29,-0.62
AMRUTANJAN, EQ, 21-Apr-2025,673.15,678.2,690.0,670.2,672.1,673.5,679.96,28383,192.99,3533, 16133, 56.84,0.05
AMRUTANJAN, EQ, 21-May-2020,335.35,336.0,344.65,335.0,337.7,339.25,340.41,44429,151.24,2048, 19072, 42.93,1.16
AMRUTANJAN, EQ, 21-May-2021,734.8,754.0,764.8,743.0, 758.50,751.05,754.72,95252,718.88,6187, 23926, 25.12,2.21
AMRUTANJAN, EQ, 21-May-2024,740.55,744.65,751.3,729.0,732.4,732.1,738.31,56804,419.39,5968, 31243, 55.00,-1.14
AMRUTANJAN, EQ, 21-Jun-2021,679.85,676.0,694.05,673.7, 689.00,686.6,687.03,26346,181.01,2533, 12435, 47.20,0.99
AMRUTANJAN, EQ, 21-Jun-2022,762.9,790.0,790.0,766.1,777.05,780.05,779.81,28712,223.9,4849, 7903, 27.53,2.25
AMRUTANJAN, EQ, 21-Jun-2023,619.65,625.0,626.0,614.0, 617.00,617.6,618.07,37226,230.08,3502, 22399, 60.17,-0.33
AMRUTANJAN, EQ, 21-Jun-2024,758.8,758.2,767.95,748.0,750.05,750.95,757.45,19757,149.65,1969, 8265, 41.83,-1.03
AMRUTANJAN, EQ, 21-Jul-2020,398.05,399.0,401.4,391.0, 395.60,398.8,396.74,146153,579.85,4393, 62439, 42.72,0.19
AMRUTANJAN, EQ, 21-Jul-2022,777.6,781.5,785.0,770.0,779.9,774.55,774.71,19507,151.12,1880, 11752, 60.25,-0.39
AMRUTANJAN, EQ, 21-Jul-2023,686.4,685.0,689.1,673.5, 678.80,677.1,680.81,38358,261.15,4271, 18380, 47.92,-1.35
AMRUTANJAN, EQ, 21-Aug-2020,474.4,480.0,489.95,475.05, 478.85,477.25,482.7,233006,1124.73,6787, 54327, 23.32,0.6
AMRUTANJAN, EQ, 21-Aug-2023,604.7,607.6,614.5,606.0, 610.75,610.9,610.83,29916,182.74,3678, 14938, 49.93,1.03
AMRUTANJAN, EQ, 21-Aug-2024,778.55,783.95,786.0,767.45,785.0,781.4,776.5,44869,348.41,4219, 26654, 59.40,0.37
AMRUTANJAN, EQ, 21-Sep-2020,466.4,466.0,473.75,440.55, 441.40,443.7,457.71,73307,335.53,4214, 29005, 39.57,-4.87
AMRUTANJAN, EQ, 21-Sep-2021,772.95,785.5,883.0,770.3, 854.10,849.85,848.12,1637420,13887.26,90880, 188658, 11.52,9.95
AMRUTANJAN, EQ, 21-Sep-2022,734.4,738.1,738.35,718.7, 727.60,724.2,724.57,36155,261.97,4495, 19570, 54.13,-1.39
AMRUTANJAN, EQ, 21-Sep-2023,629.65,626.4,646.95,626.4, 635.60,633.95,636.73,30197,192.27,3526, 11320, 37.49,0.68
AMRUTANJAN, EQ, 21-Oct-2020,406.95,408.0,424.2,407.2, 420.00,421.05,417.7,95506,398.93,4345, 24963, 26.14,3.46
AMRUTANJAN, EQ, 21-Oct-2021,902.1,907.9,939.25,903.1, 928.30,925.15,923.24,88384,816.0,8935, 23814, 26.94,2.56
AMRUTANJAN, EQ, 21-Oct-2022,728.65,738.0,748.75,733.0,739.2,739.45,741.58,26737,198.28,3312, 15599, 58.34,1.48
AMRUTANJAN, EQ, 21-Oct-2024,769.7,762.0,767.8,738.05, 751.00,749.4,751.94,19611,147.46,2512, 9497, 48.43,-2.64
AMRUTANJAN, EQ, 21-Nov-2022,714.65,718.1,718.1,705.0, 707.00,707.3,710.62,13897,98.76,2369, 7516, 54.08,-1.03
AMRUTANJAN, EQ, 21-Nov-2023,610.45,613.0,628.8,605.05, 610.00,609.4,615.28,54792,337.13,6497, 32069, 58.53,-0.17
AMRUTANJAN, EQ, 21-Nov-2024,723.9,725.0,727.1,701.75,701.75,705.5,708.37,24242,171.72,2234, 11584, 47.78,-2.54
AMRUTANJAN, EQ, 21-Dec-2020,510.15,510.0,520.0,465.95, 476.35,481.45,497.46,102278,508.79,5287, 47907, 46.84,-5.63
AMRUTANJAN, EQ, 21-Dec-2021,879.45,910.0,910.0,882.2,899.9,895.95,892.36,34399,306.96,5109, 9136, 26.56,1.88
AMRUTANJAN, EQ, 21-Dec-2022,708.5,708.5,711.4,700.0, 701.50,703.35,706.73,11816,83.51,1442, 6501, 55.02,-0.73
AMRUTANJAN, EQ, 21-Dec-2023,592.75,590.6,596.95,588.7, 595.80,595.6,593.86,25073,148.9,1772, 14408, 57.46,0.48
AMRUTANJAN, EQ, 22-Jan-2020,491.0,495.0,500.0,476.1, 480.00,479.5,486.56,32652,158.87,2957, 18016, 55.18,-2.34
AMRUTANJAN, EQ, 22-Jan-2021,519.1,524.75,524.75,506.0, 512.00,509.05,515.73,29419,151.72,1933, 13993, 47.56,-1.94
AMRUTANJAN, EQ, 20-Jan-2024,599.95,600.0,604.8,592.1, 593.10,594.75,597.99,11948,71.45,1194, 6802, 56.93,-0.87
AMRUTANJAN, EQ, 22-Jan-2025,680.3,680.4,700.0,670.55,692.0,693.3,679.8,14019,95.3,1391, 8763, 62.51,1.91
AMRUTANJAN, EQ, 22-Feb-2021,555.7,555.0,555.0,535.0,539.0,538.55,541.93,42526,230.46,3822, 23450, 55.14,-3.09
AMRUTANJAN, EQ, 22-Feb-2022,780.75,758.0,808.3,749.0,761.0,755.35,763.34,61107,466.46,8099, 31852, 52.12,-3.25
AMRUTANJAN, EQ, 22-Feb-2023,631.4,631.95,634.7,610.0, 615.00,614.5,621.79,26391,164.1,3147, 15824, 59.96,-2.68
AMRUTANJAN, EQ, 22-Feb-2024,676.85,677.95,677.95,666.25, 669.50,669.65,670.94,65073,436.6,5321, 33530, 51.53,-1.06
AMRUTANJAN, EQ, 22-Mar-2021,501.6,502.0,523.0,502.0,519.0,519.3,514.92,71339,367.34,3045, 24647, 34.55,3.53
AMRUTANJAN, EQ, 22-Mar-2022,838.55,843.5,845.0,831.0, 842.00,840.6,837.98,13185,110.49,1807, 6943, 52.66,0.24
AMRUTANJAN, EQ, 22-Mar-2023,638.7,641.85,642.05,625.0, 640.00,630.75,636.3,13957,88.81,2091, 8263, 59.20,-1.24
AMRUTANJAN, EQ, 22-Mar-2024,606.9,602.3,609.0,601.0,602.0,604.55,605.04,22868,138.36,2085, 13805, 60.37,-0.39
AMRUTANJAN, EQ, 22-Apr-2020,386.35,385.0,396.4,380.2,385.0,385.55,388.04,58296,226.21,3513, 15510, 26.61,-0.21
AMRUTANJAN, EQ, 22-Apr-2021,620.85,623.0,656.0,618.0,646.75,646.1,645.32,200400,1293.22,11592, 51628, 25.76,4.07
AMRUTANJAN, EQ, 22-Apr-2022,910.9,910.0,921.3,900.0, 906.00,902.7,912.14,28242,257.61,5089, 11343, 40.16,-0.9
AMRUTANJAN, EQ, 22-Apr-2024,638.2,640.95,684.9,640.95,682.0,680.9,676.06,138866,938.82,9578, 48767, 35.12,6.69
AMRUTANJAN, EQ, 22-Apr-2025,673.5,673.2,690.05,665.95,680.55,683.65,682.5,17338,118.33,2588, 8472, 48.86,1.51
AMRUTANJAN, EQ, 22-May-2020,339.25,338.0,339.7,327.0,331.5,330.85,334.32,37150,124.2,1725, 20597, 55.44,-2.48
AMRUTANJAN, EQ, 22-May-2023,598.95,598.2,605.85,597.65,602.0,601.85,602.0,17271,103.97,2196, 10295, 59.61,0.48
AMRUTANJAN, EQ, 22-May-2024,732.1,733.8,754.9,728.05,729.9,729.3,734.22,25646,188.3,2720, 16099, 62.77,-0.38
AMRUTANJAN, EQ, 22-Jun-2020,376.4,380.0,384.25,371.3, 373.85,373.05,376.73,132569,499.42,4213, 61840, 46.65,-0.89
AMRUTANJAN, EQ, 22-Jun-2021,686.6,688.05,694.35,683.65, 684.00,685.9,687.56,24234,166.62,1686, 14475, 59.73,-0.1
AMRUTANJAN, EQ, 22-Jun-2022,780.05,784.0,789.8,772.6,783.0,784.7,784.85,6536,51.3,1198, 3343, 51.15,0.6
AMRUTANJAN, EQ, 22-Jun-2023,617.6,623.75,662.25,617.55,636.8,636.6,644.83,135355,872.81,10779, 39320, 29.05,3.08
AMRUTANJAN, EQ, 22-Jul-2020,398.8,398.5,418.0,392.1, 401.00,398.5,404.7,299490,1212.04,9804, 77750, 25.96,-0.08
AMRUTANJAN, EQ, 22-Jul-2021,691.7,701.9,701.9,686.0, 689.85,687.65,690.95,30800,212.81,2675, 18164, 58.97,-0.59
AMRUTANJAN, EQ, 22-Jul-2022,774.55,774.55,794.9,774.55, 792.85,791.7,786.11,12630,99.29,1792, 7494, 59.33,2.21
AMRUTANJAN, EQ, 22-Jul-2024,738.5,727.0,744.0,727.0,739.0,739.05,739.04,30503,225.43,3852, 20583, 67.48,0.07
AMRUTANJAN, EQ, 22-Aug-2022,759.85,759.0,759.0,745.0, 747.00,748.55,749.42,34445,258.14,4761, 21443, 62.25,-1.49
AMRUTANJAN, EQ, 22-Aug-2023,610.9,613.95,616.45,608.0, 610.50,609.2,611.84,25034,153.17,2764, 12045, 48.11,-0.28
AMRUTANJAN, EQ, 22-Aug-2024,781.4,784.0,820.0,756.0,761.25,758.25,793.33,211719,1679.64,11871, 82616, 39.02,-2.96
AMRUTANJAN, EQ, 22-Sep-2020,443.7,448.0,449.6,421.0, 429.00,427.6,427.64,101945,435.96,5688, 39770, 39.01,-3.63
AMRUTANJAN, EQ, 22-Sep-2021,849.85,859.95,865.0,831.0, 836.00,835.25,849.72,415615,3531.56,26689, 149797, 36.04,-1.72
AMRUTANJAN, EQ, 22-Sep-2022,724.2,725.0,735.75,714.4, 725.10,727.65,723.62,27542,199.3,2893, 16944, 61.52,0.48
AMRUTANJAN, EQ, 22-Sep-2023,633.95,636.45,650.0,630.05, 634.00,635.95,637.73,32284,205.88,4246, 9793, 30.33,0.32
AMRUTANJAN, EQ, 22-Oct-2020,421.05,416.0,429.75,412.7, 422.00,420.75,418.47,31490,131.78,1993, 15741, 49.99,-0.07
AMRUTANJAN, EQ, 22-Oct-2021,925.15,936.1,952.45,896.55, 906.60,905.15,923.43,126448,1167.66,13790, 39239, 31.03,-2.16
AMRUTANJAN, EQ, 22-Oct-2024,749.4,750.6,753.15,728.4,733.9,730.9,739.65,17286,127.86,2286, 9278, 53.67,-2.47
AMRUTANJAN, EQ, 22-Nov-2021,914.5,914.0,919.5,878.3,899.0,893.0,900.29,80869,728.06,11337, 31336, 38.75,-2.35
AMRUTANJAN, EQ, 22-Nov-2022,707.3,705.3,708.65,700.0, 704.00,701.75,703.72,23075,162.38,2901, 14236, 61.69,-0.78
AMRUTANJAN, EQ, 22-Nov-2023,609.4,605.3,614.25,601.7, 602.00,602.85,606.59,10585,64.21,1878, 6182, 58.40,-1.07
AMRUTANJAN, EQ, 22-Nov-2024,705.5,705.0,707.2,693.1,693.1,699.8,702.44,19242,135.16,1721, 9176, 47.69,-0.81
AMRUTANJAN, EQ, 22-Dec-2020,481.45,481.5,500.35,470.2, 494.80,493.0,489.27,105140,514.42,6593, 37737, 35.89,2.4
AMRUTANJAN, EQ, 22-Dec-2021,895.95,906.0,906.0,892.0, 894.00,896.15,899.32,12631,113.59,2457, 6817, 53.97,0.02
AMRUTANJAN, EQ, 22-Dec-2022,703.35,701.0,707.0,695.95, 696.00,697.15,699.13,15540,108.64,2594, 9682, 62.30,-0.88
AMRUTANJAN, EQ, 22-Dec-2023,595.6,595.6,605.0,594.0, 601.50,599.35,599.37,34432,206.38,2278, 23112, 67.12,0.63
AMRUTANJAN, EQ, 23-Jan-2020,479.5,479.0,485.75,473.0, 476.50,476.65,476.96,23090,110.13,1100, 11777, 51.00,-0.59
AMRUTANJAN, EQ, 23-Jan-2023,709.65,713.15,713.15,705.15,706.95,707.9,710.62,7838,55.7,1618, 4994, 63.72,-0.25
AMRUTANJAN, EQ, 23-Jan-2024,594.75,593.05,598.8,590.0, 595.00,593.35,595.13,33359,198.53,1970, 22928, 68.73,-0.24
AMRUTANJAN, EQ, 23-Jan-2025,693.3,687.7,706.95,679.15,695.1,702.25,695.66,11475,79.83,1613, 6188, 53.93,1.29
AMRUTANJAN, EQ, 23-Feb-2021,538.55,542.4,563.8,535.0, 542.25,545.15,548.0,58460,320.36,4785, 17558, 30.03,1.23
AMRUTANJAN, EQ, 23-Feb-2022,755.35,757.35,799.45,757.35,780.0,791.75,781.12,17937,140.11,2210, 7939, 44.26,4.82
AMRUTANJAN, EQ, 23-Feb-2023,614.5,614.5,619.95,605.0,612.0,607.25,610.7,18017,110.03,2311, 10031, 55.68,-1.18
AMRUTANJAN, EQ, 23-Feb-2024,669.65,671.0,674.85,657.2, 657.20,662.45,666.67,56957,379.71,5217, 26358, 46.28,-1.08
AMRUTANJAN, EQ, 23-Mar-2020,314.5,279.0,299.0,253.0, 272.90,269.0,270.45,46409,125.51,2123, 29230, 62.98,-14.47
AMRUTANJAN, EQ, 23-Mar-2021,519.3,525.0,525.9,512.0, 514.90,513.7,517.86,37954,196.55,2157, 17280, 45.53,-1.08
AMRUTANJAN, EQ, 23-Mar-2022,840.6,841.0,866.95,840.0, 846.00,842.75,854.49,21449,183.28,3077, 7761, 36.18,0.26
AMRUTANJAN, EQ, 23-Mar-2023,630.75,630.75,652.0,630.75, 637.00,641.3,641.83,16413,105.34,2812, 7885, 48.04,1.67
AMRUTANJAN, EQ, 23-Apr-2020,385.55,388.75,403.2,386.1,390.0,390.45,395.28,56517,223.4,2675, 14571, 25.78,1.27
AMRUTANJAN, EQ, 23-Apr-2021,646.1,646.75,659.9,630.0,634.05,634.45,641.33,81587,523.24,5223, 33293, 40.81,-1.8
AMRUTANJAN, EQ, 23-Apr-2024,680.9,680.9,688.3,670.05,673.0,673.1,678.93,59798,405.98,5178, 32372, 54.14,-1.15
AMRUTANJAN, EQ, 23-Apr-2025,683.65,683.65,686.65,669.0,669.05,670.15,676.22,12233,82.72,1317, 6443, 52.67,-1.97
AMRUTANJAN, EQ, 23-May-2022,834.55,837.95,850.0,830.0,843.7,846.25,842.01,15094,127.09,2060, 8025, 53.17,1.4
AMRUTANJAN, EQ, 23-May-2023,601.85,601.85,609.5,597.0, 601.75,598.8,602.71,19604,118.16,1722, 8795, 44.86,-0.51
AMRUTANJAN, EQ, 23-May-2024,729.3,732.8,748.0,730.1,738.0,736.55,737.38,34111,251.53,4217, 17325, 50.79,0.99
AMRUTANJAN, EQ, 23-Jun-2020,373.05,399.0,399.2,381.5, 384.00,383.25,387.52,272152,1054.65,9047, 87812, 32.27,2.73
AMRUTANJAN, EQ, 23-Jun-2021,685.9,685.3,704.8,675.0, 680.25,680.4,681.38,31080,211.77,4046, 15602, 50.20,-0.8
AMRUTANJAN, EQ, 23-Jun-2022,784.7,788.65,791.0,775.0,785.0,781.3,782.73,11272,88.23,1977, 4938, 43.81,-0.43
AMRUTANJAN, EQ, 23-Jun-2023,636.6,640.9,645.0,624.55, 630.00,631.2,634.37,26869,170.45,3354, 10304, 38.35,-0.85
AMRUTANJAN, EQ, 23-Jul-2020,398.5,398.5,414.0,398.5, 405.10,404.4,408.21,162414,662.98,6565, 51292, 31.58,1.48
AMRUTANJAN, EQ, 23-Jul-2021,687.65,691.0,691.0,685.0,688.0,687.55,687.73,16084,110.61,1880, 8225, 51.14,-0.01
AMRUTANJAN, EQ, 23-Jul-2024,739.05,739.05,753.2,720.0,749.7,746.85,739.62,39395,291.37,7782, 20369, 51.70,1.06
AMRUTANJAN, EQ, 23-Aug-2021,682.8,683.1,700.0,665.0, 672.25,678.05,679.75,36428,247.62,3107, 13477, 37.00,-0.7
AMRUTANJAN, EQ, 23-Aug-2022,748.55,740.1,748.3,737.0, 744.90,742.9,742.35,34641,257.16,5268, 19855, 57.32,-0.75
AMRUTANJAN, EQ, 23-Aug-2023,609.2,611.9,618.0,610.1, 617.30,616.65,614.94,14271,87.76,2093, 6328, 44.34,1.22
AMRUTANJAN, EQ, 23-Aug-2024,758.25,761.9,769.15,747.55,756.9,754.45,756.24,42927,324.63,3698, 23684, 55.17,-0.5
AMRUTANJAN, EQ, 23-Sep-2020,427.6,431.95,439.0,426.55, 433.00,433.85,432.33,100874,436.11,3601, 44825, 44.44,1.46
AMRUTANJAN, EQ, 23-Sep-2021,835.25,843.0,862.0,815.1, 820.00,821.3,841.24,332879,2800.29,20776, 117515, 35.30,-1.67
AMRUTANJAN, EQ, 23-Sep-2022,727.65,734.95,735.9,725.0, 728.45,727.35,730.85,14207,103.83,2678, 6505, 45.79,-0.04
AMRUTANJAN, EQ, 23-Sep-2024,801.5,801.5,811.0,789.15,794.65,791.8,797.8,24488,195.37,2629, 12938, 52.83,-1.21
AMRUTANJAN, EQ, 23-Oct-2020,420.75,421.1,426.0,416.6, 418.10,419.6,422.12,20521,86.62,1340, 9459, 46.09,-0.27
AMRUTANJAN, EQ, 23-Oct-2023,601.25,601.25,604.25,590.7, 591.40,591.35,594.25,19197,114.08,2195, 11785, 61.39,-1.65
AMRUTANJAN, EQ, 23-Oct-2024,730.9,731.0,767.7,728.0,759.0,748.95,745.75,25462,189.88,3612, 11869, 46.61,2.47
AMRUTANJAN, EQ, 23-Nov-2020,492.7,493.9,498.0,488.0, 492.00,491.15,494.02,86951,429.55,3183, 32509, 37.39,-0.31
AMRUTANJAN, EQ, 23-Nov-2021,893.0,893.0,915.8,875.65,908.0,904.75,902.34,47230,426.18,7364, 20586, 43.59,1.32
AMRUTANJAN, EQ, 23-Nov-2022,701.75,701.0,707.7,696.3,702.95,701.95,703.15,12829,90.21,1791, 7713, 60.12,0.03
AMRUTANJAN, EQ, 23-Nov-2023,602.85,604.9,605.45,593.35, 597.00,596.0,599.68,19779,118.61,2980, 10494, 53.06,-1.14
AMRUTANJAN, EQ, 23-Dec-2020,493.0,494.4,511.05,493.0,509.0,508.45,504.2,56972,287.25,3204, 22898, 40.19,3.13
AMRUTANJAN, EQ, 23-Dec-2021,896.15,899.3,913.7,896.6, 899.95,901.45,904.3,22512,203.58,3136, 11728, 52.10,0.59
AMRUTANJAN, EQ, 23-Dec-2022,697.15,695.0,703.5,688.0, 699.00,690.55,692.44,31082,215.22,4670, 16903, 54.38,-0.95
AMRUTANJAN, EQ, 23-Dec-2024,749.15,749.15,751.45,727.3,731.25,738.65,736.04,26103,192.13,4532, 14355, 54.99,-1.4
AMRUTANJAN, EQ, 24-Jan-2020,476.65,479.35,479.35,471.0,474.95,473.05,474.47,18522,87.88,1044, 9957, 53.76,-0.76
AMRUTANJAN, EQ, 24-Jan-2022,900.5,900.0,904.0,859.0,876.35,865.55,876.44,48490,424.98,6631, 29113, 60.04,-3.88
AMRUTANJAN, EQ, 24-Jan-2023,707.9,707.9,718.0,704.4,710.0,710.1,710.31,37518,266.49,3090, 27504, 73.31,0.31
AMRUTANJAN, EQ, 24-Jan-2024,593.35,596.0,597.1,590.05, 590.30,590.75,594.06,16012,95.12,1666, 10939, 68.32,-0.44
AMRUTANJAN, EQ, 24-Jan-2025,702.25,691.7,712.95,682.1,691.8,695.7,697.05,18017,125.59,1986, 8451, 46.91,-0.93
AMRUTANJAN, EQ, 24-Feb-2020,515.45,513.95,539.0,505.0, 518.20,519.85,526.48,68019,358.1,5675, 28516, 41.92,0.85
AMRUTANJAN, EQ, 24-Feb-2021,545.15,546.95,570.15,545.0, 550.00,548.85,550.24,176013,968.5,4040, 127421, 72.39,0.68
AMRUTANJAN, EQ, 24-Feb-2022,791.75,790.0,826.75,785.0, 804.00,797.3,808.23,196065,1584.65,16274, 37073, 18.91,0.7
AMRUTANJAN, EQ, 24-Feb-2023,607.25,610.3,610.3,600.0, 603.00,603.3,603.36,22886,138.08,2775, 13511, 59.04,-0.65
AMRUTANJAN, EQ, 24-Feb-2025,598.4,584.3,615.0,583.35,615.0,611.35,603.26,25210,152.08,2907, 15031, 59.62,2.16
AMRUTANJAN, EQ, 24-Mar-2020,269.0,272.9,289.4,262.05, 274.00,275.05,275.3,25976,71.51,2224, 11122, 42.82,2.25
AMRUTANJAN, EQ, 24-Mar-2021,513.7,512.0,535.0,512.0, 531.00,531.25,526.95,127141,669.98,5317, 52604, 41.37,3.42
AMRUTANJAN, EQ, 24-Mar-2022,842.75,840.0,849.95,838.0, 840.25,844.35,844.58,10739,90.7,1895, 3805, 35.43,0.19
AMRUTANJAN, EQ, 24-Mar-2023,641.3,642.95,644.9,621.0, 627.00,623.85,631.58,12189,76.98,2407, 6468, 53.06,-2.72
AMRUTANJAN, EQ, 24-Mar-2025,640.6,644.95,652.0,620.15,650.0,635.8,628.9,67974,427.49,5556, 47727, 70.21,-0.75
AMRUTANJAN, EQ, 24-Apr-2020,390.45,386.0,398.9,383.55,387.0,386.8,390.74,46357,181.13,2741, 18297, 39.47,-0.93
AMRUTANJAN, EQ, 24-Apr-2023,611.7,610.0,615.1,600.0, 603.00,602.0,604.68,12250,74.07,1882, 7079, 57.79,-1.59
AMRUTANJAN, EQ, 24-Apr-2024,673.1,676.5,685.0,670.0, 681.00,679.7,678.38,34296,232.66,3057, 17240, 50.27,0.98
AMRUTANJAN, EQ, 24-Apr-2025,670.15,670.0,685.0,669.0,669.0,671.65,676.61,8492,57.46,1230, 3185, 37.51,0.22
AMRUTANJAN, EQ, 24-May-2021,751.05,764.0,776.4,752.95, 763.00,765.6,766.07,129246,990.11,7707, 45033, 34.84,1.94
AMRUTANJAN, EQ, 24-May-2022,846.25,850.5,850.5,819.85,825.0,824.4,833.88,13451,112.17,2150, 4129, 30.70,-2.58
AMRUTANJAN, EQ, 24-May-2023,598.8,601.8,606.0,584.05, 592.00,591.2,592.82,25976,153.99,2775, 17433, 67.11,-1.27
AMRUTANJAN, EQ, 24-May-2024,736.55,729.4,729.4,702.7,710.0,706.5,714.32,114610,818.68,9932, 46081, 40.21,-4.08
AMRUTANJAN, EQ, 24-Jun-2020,383.25,384.0,384.9,373.0,373.4,374.1,377.74,102318,386.5,3935, 49172, 48.06,-2.39
AMRUTANJAN, EQ, 24-Jun-2021,680.4,680.4,686.45,672.05, 677.00,675.55,677.81,29860,202.39,4171, 15179, 50.83,-0.71
AMRUTANJAN, EQ, 24-Jun-2022,781.3,776.0,792.0,776.0, 792.00,789.6,787.53,6510,51.27,974, 3451, 53.01,1.06
AMRUTANJAN, EQ, 24-Jun-2024,750.95,751.2,767.0,751.2,759.25,755.6,758.33,21923,166.25,2738, 13821, 63.04,0.62
AMRUTANJAN, EQ, 24-Jul-2020,404.4,396.6,404.95,393.0,396.0,395.1,398.91,79839,318.49,2860, 26539, 33.24,-2.3
AMRUTANJAN, EQ, 24-Jul-2023,677.1,679.8,682.55,652.0, 657.00,655.0,662.86,95729,634.55,9077, 54205, 56.62,-3.26
AMRUTANJAN, EQ, 24-Jul-2024,746.85,750.0,770.0,750.0,761.0,767.35,762.83,26020,198.49,4280, 15761, 60.57,2.74
AMRUTANJAN, EQ, 24-Aug-2020,477.25,480.5,483.0,476.0,477.0,477.55,478.92,55480,265.71,2316, 23567, 42.48,0.06
AMRUTANJAN, EQ, 24-Aug-2021,678.05,676.65,695.75,674.25, 691.00,689.25,687.29,36447,250.5,2709, 22775, 62.49,1.65
AMRUTANJAN, EQ, 24-Aug-2022,742.9,749.9,760.0,721.2,734.6,729.05,734.88,52613,386.64,5168, 32462, 61.70,-1.86
AMRUTANJAN, EQ, 24-Aug-2023,616.65,619.8,623.9,612.1, 613.10,613.95,616.77,27260,168.13,2952, 14939, 54.80,-0.44
AMRUTANJAN, EQ, 24-Sep-2020,433.85,434.95,434.95,419.5, 420.05,420.2,424.76,73221,311.01,4833, 29880, 40.81,-3.15
AMRUTANJAN, EQ, 24-Sep-2021,821.3,828.0,852.0,822.0, 824.00,826.8,836.67,234786,1964.4,13972, 69264, 29.50,0.67
AMRUTANJAN, EQ, 24-Sep-2024,791.8,795.0,810.8,788.5,792.6,796.8,798.28,26073,208.13,2413, 12060, 46.25,0.63
AMRUTANJAN, EQ, 24-Oct-2024,748.95,741.45,751.1,735.0,738.65,740.8,745.01,10908,81.27,2136, 6170, 56.56,-1.09
AMRUTANJAN, EQ, 24-Nov-2020,491.15,493.8,508.5,482.25, 491.95,494.15,496.04,201666,1000.34,7378, 46918, 23.27,0.61
AMRUTANJAN, EQ, 24-Nov-2021,904.75,912.8,919.75,893.25, 899.45,899.0,905.72,65322,591.64,9334, 22217, 34.01,-0.64
AMRUTANJAN, EQ, 24-Nov-2022,701.95,702.0,709.5,701.0, 704.35,703.75,704.9,10994,77.5,1343, 6295, 57.26,0.26
AMRUTANJAN, EQ, 24-Nov-2023,596.0,599.0,613.85,598.95, 610.55,611.4,609.27,29514,179.82,4026, 16377, 55.49,2.58
AMRUTANJAN, EQ, 24-Dec-2020,508.45,512.0,514.9,489.2, 498.05,499.2,504.39,61041,307.89,3115, 27963, 45.81,-1.82
AMRUTANJAN, EQ, 24-Dec-2021,901.45,900.1,909.45,893.3, 897.00,898.7,899.53,25093,225.72,5658, 6692, 26.67,-0.31
AMRUTANJAN, EQ, 24-Dec-2024,738.65,743.9,743.9,723.55,729.0,726.25,728.96,5324,38.81,837, 2710, 50.90,-1.68
AMRUTANJAN, EQ, 25-Jan-2021,509.05,517.0,518.05,493.15, 503.10,501.15,503.72,36758,185.16,2140, 15347, 41.75,-1.55
AMRUTANJAN, EQ, 25-Jan-2022,865.55,875.0,897.45,852.3,895.0,894.65,882.42,20910,184.51,3646, 9543, 45.64,3.36
AMRUTANJAN, EQ, 25-Jan-2023,710.1,710.0,715.15,705.0, 711.75,710.05,709.98,14961,106.22,1812, 10051, 67.18,-0.01
AMRUTANJAN, EQ, 25-Jan-2024,590.75,591.0,593.55,585.8, 589.95,586.95,588.88,16195,95.37,1954, 10828, 66.86,-0.64
AMRUTANJAN, EQ, 25-Feb-2020,519.85,505.4,520.75,505.4, 506.10,507.45,511.27,30111,153.95,3098, 20598, 68.41,-2.39
AMRUTANJAN, EQ, 25-Feb-2021,548.85,550.05,558.4,550.05, 557.00,556.05,554.97,78231,434.16,2257, 65389, 83.58,1.31
AMRUTANJAN, EQ, 25-Feb-2022,797.3,835.0,844.35,785.1,810.0,803.3,806.06,92980,749.48,17429, 33504, 36.03,0.75
AMRUTANJAN, EQ, 25-Feb-2025,611.35,602.2,624.8,594.3,595.25,600.65,607.1,39175,237.83,3191, 21979, 56.10,-1.75
AMRUTANJAN, EQ, 25-Mar-2020,275.05,270.0,308.85,264.05, 306.00,293.7,281.31,42401,119.28,2245, 23725, 55.95,6.78
AMRUTANJAN, EQ, 25-Mar-2021,531.25,536.9,543.55,525.05,534.0,531.55,532.26,103232,549.46,4686, 42914, 41.57,0.06
AMRUTANJAN, EQ, 25-Mar-2022,844.35,848.6,859.0,834.1,858.0,856.25,847.1,12545,106.27,1801, 6233, 49.69,1.41
AMRUTANJAN, EQ, 25-Mar-2025,635.8,636.25,662.75,635.55,642.0,640.9,642.49,38251,245.76,4234, 24764, 64.74,0.8
AMRUTANJAN, EQ, 25-Apr-2022,902.7,900.0,900.75,865.25,870.0,873.1,886.6,49066,435.02,6435, 25096, 51.15,-3.28
AMRUTANJAN, EQ, 25-Apr-2023,602.0,605.95,610.75,601.0,603.7,602.85,604.52,11209,67.76,2447, 5601, 49.97,0.14
AMRUTANJAN, EQ, 25-Apr-2024,679.7,679.75,698.8,678.0, 688.00,689.5,690.02,77111,532.08,6189, 40786, 52.89,1.44
AMRUTANJAN, EQ, 25-Apr-2025,671.65,671.65,676.7,651.0,660.9,654.5,658.47,11177,73.6,1585, 5211, 46.62,-2.55
AMRUTANJAN, EQ, 25-May-2021,765.6,777.0,783.95,767.05, 775.35,776.8,777.55,109904,854.56,7455, 45767, 41.64,1.46
AMRUTANJAN, EQ, 25-May-2022,824.4,820.0,840.2,775.05, 786.95,789.05,810.01,32541,263.59,4274, 14157, 43.51,-4.29
AMRUTANJAN, EQ, 25-May-2023,591.2,594.15,595.45,579.2, 586.00,583.6,584.87,29699,173.7,3562, 19798, 66.66,-1.29
AMRUTANJAN, EQ, 25-Jun-2020,374.1,369.35,382.9,369.35, 377.80,377.75,376.92,113920,429.39,6346, 33289, 29.22,0.98
AMRUTANJAN, EQ, 25-Jun-2021,675.55,682.0,687.25,672.0, 675.05,676.1,678.84,29509,200.32,3752, 14263, 48.33,0.08
AMRUTANJAN, EQ, 25-Jun-2024,755.6,758.7,763.7,750.0,750.5,750.2,752.65,20504,154.32,2066, 12864, 62.74,-0.71
AMRUTANJAN, EQ, 25-Jul-2022,791.7,798.0,798.0,780.0, 785.00,784.9,787.8,11085,87.33,2222, 5261, 47.46,-0.86
AMRUTANJAN, EQ, 25-Jul-2023,655.0,660.05,666.95,645.0, 656.00,650.6,656.49,52621,345.45,5011, 23667, 44.98,-0.67
AMRUTANJAN, EQ, 25-Jul-2024,767.35,769.95,782.4,767.35,778.5,779.75,777.47,25440,197.79,4392, 15767, 61.98,1.62
AMRUTANJAN, EQ, 25-Aug-2020,477.55,478.0,478.9,470.0, 472.90,472.75,473.43,60364,285.78,2935, 27111, 44.91,-1.01
AMRUTANJAN, EQ, 25-Aug-2021,689.25,694.9,703.75,689.25, 692.00,694.05,697.15,31200,217.51,1936, 23134, 74.15,0.7
AMRUTANJAN, EQ, 25-Aug-2022,729.05,732.0,745.95,731.95,739.0,741.2,740.06,24899,184.27,3537, 11389, 45.74,1.67
AMRUTANJAN, EQ, 25-Aug-2023,613.95,612.2,615.95,610.0, 613.00,612.05,613.23,17695,108.51,1870, 9660, 54.59,-0.31
AMRUTANJAN, EQ, 25-Sep-2020,420.2,425.25,431.8,420.25, 423.35,424.1,424.48,95609,405.84,6002, 39466, 41.28,0.93
AMRUTANJAN, EQ, 25-Sep-2023,635.95,632.15,641.85,631.2, 631.20,631.75,635.5,23692,150.56,3688, 5298, 22.36,-0.66
AMRUTANJAN, EQ, 25-Sep-2024,796.8,790.35,800.35,771.25,774.0,773.95,780.16,25068,195.57,2879, 15068, 60.11,-2.87
AMRUTANJAN, EQ, 25-Oct-2021,905.15,950.0,950.0,909.0, 909.90,916.6,920.35,125860,1158.35,10845, 66840, 53.11,1.26
AMRUTANJAN, EQ, 25-Oct-2022,750.95,750.95,752.2,741.5,745.85,745.25,745.39,36384,271.2,1683, 32793, 90.13,-0.76
AMRUTANJAN, EQ, 25-Oct-2023,591.35,590.85,597.9,588.0,589.95,589.35,591.35,15891,93.97,1946, 8206, 51.64,-0.34
AMRUTANJAN, EQ, 25-Oct-2024,740.8,741.15,746.65,712.35,722.5,721.85,727.64,32458,236.18,3494, 17043, 52.51,-2.56
AMRUTANJAN, EQ, 25-Nov-2020,494.15,496.8,499.45,485.75, 488.00,487.45,491.88,64807,318.78,2894, 31008, 47.85,-1.36
AMRUTANJAN, EQ, 25-Nov-2021,899.0,898.0,909.85,892.0,902.6,898.45,901.73,16905,152.44,2074, 8244, 48.77,-0.06
AMRUTANJAN, EQ, 25-Nov-2022,703.75,701.5,708.15,701.5,707.0,705.8,705.45,12419,87.61,1361, 8920, 71.83,0.29
AMRUTANJAN, EQ, 25-Nov-2024,699.8,703.9,709.0,698.1,699.8,702.85,702.62,15174,106.62,1310, 8786, 57.90,0.44
AMRUTANJAN, EQ, 26-Feb-2020,507.45,509.0,511.5,487.0, 495.00,492.35,501.55,43763,219.49,3611, 18855, 43.08,-2.98
AMRUTANJAN, EQ, 26-Feb-2021,556.05,548.85,560.05,541.7,546.0,545.8,549.5,52081,286.18,4086, 27633, 53.06,-1.84
AMRUTANJAN, EQ, 26-Feb-2024,662.45,665.8,669.9,654.0, 654.00,656.15,661.32,28207,186.54,3262, 14744, 52.27,-0.95
AMRUTANJAN, EQ, 26-Mar-2020,293.7,330.0,352.0,319.2, 324.95,326.35,333.86,348342,1162.98,10973, 79483, 22.82,11.12
AMRUTANJAN, EQ, 26-Mar-2021,531.55,536.9,570.0,530.0,565.5,562.3,551.65,125053,689.85,5677, 58348, 46.66,5.78
AMRUTANJAN, EQ, 26-Mar-2024,604.55,600.0,616.05,600.0,616.05,611.1,606.79,52247,317.03,2824, 37115, 71.04,1.08
AMRUTANJAN, EQ, 26-Mar-2025,640.9,644.1,644.95,610.0,611.9,613.9,625.63,21976,137.49,3536, 11337, 51.59,-4.21
AMRUTANJAN, EQ, 26-Apr-2021,634.45,637.8,647.25,630.0, 638.90,634.6,638.64,36998,236.28,3033, 16352, 44.20,0.02
AMRUTANJAN, EQ, 26-Apr-2022,873.1,885.0,895.0,872.9, 877.00,877.0,882.55,19870,175.36,3391, 9316, 46.88,0.45
AMRUTANJAN, EQ, 26-Apr-2023,602.85,603.75,606.9,600.0, 602.30,601.45,602.22,10205,61.46,1869, 6456, 63.26,-0.23
AMRUTANJAN, EQ, 26-Apr-2024,689.5,689.45,697.8,680.2, 682.10,681.5,687.92,30154,207.44,3313, 19050, 63.18,-1.16
AMRUTANJAN, EQ, 26-May-2020,330.85,333.0,335.95,328.0, 328.10,329.55,331.1,28594,94.68,1220, 12043, 42.12,-0.39
AMRUTANJAN, EQ, 26-May-2021,776.8,782.4,804.5,778.0, 798.65,797.6,796.32,121928,970.94,7079, 33672, 27.62,2.68
AMRUTANJAN, EQ, 26-May-2022,789.05,800.0,804.5,756.15,777.05,777.45,777.66,33056,257.06,6620, 12192, 36.88,-1.47
AMRUTANJAN, EQ, 26-May-2023,583.6,586.5,592.2,584.55,590.0,589.05,588.65,12175,71.67,1860, 6907, 56.73,0.93
AMRUTANJAN, EQ, 26-Jun-2020,377.75,379.0,382.45,372.65, 373.35,373.65,377.31,81699,308.26,5703, 37056, 45.36,-1.09
AMRUTANJAN, EQ, 26-Jun-2023,631.2,624.0,639.95,624.0, 632.05,633.65,634.49,16395,104.02,2780, 8233, 50.22,0.39
AMRUTANJAN, EQ, 26-Jun-2024,750.2,751.0,772.6,742.9,755.95,756.1,754.61,54414,410.61,3175, 37719, 69.32,0.79
AMRUTANJAN, EQ, 26-Jul-2021,687.55,676.4,685.95,662.35,671.5,670.25,668.04,140859,940.99,11190, 64012, 45.44,-2.52
AMRUTANJAN, EQ, 26-Jul-2022,784.9,788.85,788.85,773.35,774.85,775.0,778.45,12152,94.6,1023, 9360, 77.02,-1.26
AMRUTANJAN, EQ, 26-Jul-2023,650.6,653.9,661.35,647.75, 653.00,651.9,653.3,32241,210.63,4043, 14940, 46.34,0.2
AMRUTANJAN, EQ, 26-Jul-2024,779.75,779.75,785.8,749.0, 750.55,753.05,761.78,35713,272.05,4643, 20822, 58.30,-3.42
AMRUTANJAN, EQ, 26-Aug-2020,472.75,479.0,479.0,470.0, 470.50,470.95,473.24,30598,144.8,1409, 16339, 53.40,-0.38
AMRUTANJAN, EQ, 26-Aug-2021,694.05,693.0,709.0,691.6, 700.05,702.9,701.86,46236,324.51,2992, 31590, 68.32,1.28
AMRUTANJAN, EQ, 26-Aug-2022,741.2,742.0,758.0,741.3,750.0,749.85,750.97,24612,184.83,2995, 14235, 57.84,1.17
AMRUTANJAN, EQ, 26-Aug-2024,754.45,754.55,809.0,745.2,782.15,790.9,790.15,268746,2123.5,13788, 89218, 33.20,4.83
AMRUTANJAN, EQ, 26-Sep-2022,727.35,727.35,730.95,714.0,728.6,719.95,722.43,20367,147.14,3769, 10633, 52.21,-1.02
AMRUTANJAN, EQ, 26-Sep-2023,631.75,632.0,634.05,626.65, 628.20,631.9,631.12,18847,118.95,2912, 5291, 28.07,0.02
AMRUTANJAN, EQ, 26-Sep-2024,773.95,774.0,785.85,737.3,744.0,748.1,758.86,1180187,8956.02,11822, 852944, 72.27,-3.34
AMRUTANJAN, EQ, 26-Oct-2020,419.6,420.0,421.65,407.35,411.8,410.05,413.53,18164,75.11,1117, 10331, 56.88,-2.28
AMRUTANJAN, EQ, 26-Oct-2021,916.6,913.0,925.0,903.05, 920.10,919.9,916.96,63417,581.51,7033, 32268, 50.88,0.36
AMRUTANJAN, EQ, 26-Oct-2023,589.35,588.0,592.0,575.05, 580.35,586.65,583.17,32161,187.55,3130, 18927, 58.85,-0.46
AMRUTANJAN, EQ, 26-Nov-2020,487.45,491.5,502.2,486.1, 497.40,496.15,494.31,87428,432.17,3628, 28142, 32.19,1.78
AMRUTANJAN, EQ, 26-Nov-2021,898.45,895.0,913.85,885.0, 895.05,895.85,896.25,41309,370.23,5989, 19575, 47.39,-0.29
AMRUTANJAN, EQ, 26-Nov-2024,702.85,699.0,728.65,699.0,708.0,712.45,714.59,18142,129.64,1814, 6737, 37.13,1.37
AMRUTANJAN, EQ, 26-Dec-2022,690.55,693.9,707.5,693.9,703.25,704.05,703.19,15739,110.68,2079, 8200, 52.10,1.95
AMRUTANJAN, EQ, 26-Dec-2023,599.35,602.35,609.0,597.0, 600.80,599.6,600.3,27491,165.03,3101, 15974, 58.11,0.04
AMRUTANJAN, EQ, 26-Dec-2024,726.25,723.0,727.5,706.6,719.0,713.75,717.6,7498,53.81,1006, 4173, 55.65,-1.72
AMRUTANJAN, EQ, 27-Jan-2020,473.05,470.0,489.0,452.0, 455.00,454.8,464.35,70918,329.31,2493, 51129, 72.10,-3.86
AMRUTANJAN, EQ, 27-Jan-2021,501.15,501.0,501.0,491.25, 494.00,493.9,494.86,35653,176.43,2029, 17545, 49.21,-1.45
AMRUTANJAN, EQ, 27-Jan-2022,894.65,895.0,895.0,875.3, 885.00,884.45,884.08,20299,179.46,3485, 10651, 52.47,-1.14
AMRUTANJAN, EQ, 27-Jan-2023,710.05,706.0,715.0,704.55, 710.65,712.7,710.36,14529,103.21,4848, 8267, 56.90,0.37
AMRUTANJAN, EQ, 27-Jan-2025,695.7,683.0,695.65,665.0,665.8,666.15,672.6,20806,139.94,1667, 16748, 80.50,-4.25
AMRUTANJAN, EQ, 27-Feb-2020,492.35,496.3,499.65,475.0, 479.25,478.25,480.65,45532,218.85,5605, 21268, 46.71,-2.86
AMRUTANJAN, EQ, 27-Feb-2023,603.3,603.3,606.25,591.5, 595.00,595.85,595.85,17106,101.93,3205, 10468, 61.19,-1.23
AMRUTANJAN, EQ, 27-Feb-2024,656.15,655.05,663.15,650.0, 651.30,651.25,656.08,42334,277.74,4001, 21435, 50.63,-0.75
AMRUTANJAN, EQ, 27-Feb-2025,600.65,599.0,605.75,590.0,591.7,593.4,594.9,10973,65.28,1310, 6805, 62.02,-1.21
AMRUTANJAN, EQ, 27-Mar-2020,326.35,333.0,339.95,318.0, 322.90,322.5,329.94,116266,383.6,7212, 48030, 41.31,-1.18
AMRUTANJAN, EQ, 27-Mar-2023,623.85,630.0,630.0,601.15, 604.80,605.95,612.92,19831,121.55,3829, 8414, 42.43,-2.87
AMRUTANJAN, EQ, 27-Mar-2024,611.1,614.2,626.0,608.0, 610.05,616.5,616.97,57160,352.66,3559, 37466, 65.55,0.88
AMRUTANJAN, EQ, 27-Mar-2025,613.9,613.9,634.9,607.6,632.0,631.8,624.94,36336,227.08,4002, 22720, 62.53,2.92
AMRUTANJAN, EQ, 27-Apr-2020,386.8,400.0,401.05,391.0, 394.90,394.3,395.04,52034,205.55,2784, 18105, 34.79,1.94
AMRUTANJAN, EQ, 27-Apr-2021,634.6,618.0,641.65,618.0,638.85,636.15,637.93,53140,339.0,2831, 32282, 60.75,0.24
AMRUTANJAN, EQ, 27-Apr-2022,877.0,865.0,913.0,865.0,905.1,907.5,890.79,40700,362.55,5792, 14249, 35.01,3.48
AMRUTANJAN, EQ, 27-Apr-2023,601.45,606.0,606.0,601.45, 603.90,602.5,603.46,7356,44.39,897, 3479, 47.29,0.17
AMRUTANJAN, EQ, 27-May-2020,329.55,331.0,333.0,320.1,326.85,326.65,325.88,47216,153.87,2081, 17549, 37.17,-0.88
AMRUTANJAN, EQ, 27-May-2021,797.6,804.9,804.9,750.0, 763.00,760.45,774.05,187118,1448.38,14258, 83172, 44.45,-4.66
AMRUTANJAN, EQ, 27-May-2022,777.45,789.1,797.65,781.75, 785.30,786.25,788.32,9467,74.63,1709, 4616, 48.76,1.13
AMRUTANJAN, EQ, 27-May-2024,706.5,710.05,711.8,692.95,699.0,694.95,702.18,33819,237.47,3658, 18240, 53.93,-1.63
AMRUTANJAN, EQ, 27-Jun-2022,789.6,790.15,799.0,784.95,788.0,789.8,790.5,8302,65.63,1428, 4230, 50.95,0.03
AMRUTANJAN, EQ, 27-Jun-2023,633.65,668.95,708.8,655.0, 661.00,667.4,685.14,780438,5347.08,28570, 122535, 15.70,5.33
AMRUTANJAN, EQ, 27-Jun-2024,756.1,752.2,760.85,749.05,750.95,750.35,751.68,55921,420.34,2949, 38391, 68.65,-0.76
AMRUTANJAN, EQ, 27-Jul-2020,395.1,397.0,397.1,382.0,385.2,386.85,389.0,54200,210.84,2881, 13470, 24.85,-2.09
AMRUTANJAN, EQ, 27-Jul-2021,670.25,674.8,679.6,660.0, 664.00,662.3,668.65,39200,262.11,4262, 19086, 48.69,-1.19
AMRUTANJAN, EQ, 27-Jul-2022,775.0,784.7,784.7,771.0,781.0,778.25,778.66,4320,33.64,1172, 2394, 55.42,0.42
AMRUTANJAN, EQ, 27-Jul-2023,651.9,657.9,658.85,645.05, 652.00,649.3,651.03,40486,263.58,5551, 16948, 41.86,-0.4
AMRUTANJAN, EQ, 27-Aug-2020,470.95,473.25,496.0,471.05,479.0,477.05,480.69,179759,864.09,5537, 38864, 21.62,1.3
AMRUTANJAN, EQ, 27-Aug-2021,702.9,702.9,731.0,698.35, 729.35,728.45,719.2,160493,1154.26,9376, 89478, 55.75,3.63
AMRUTANJAN, EQ, 27-Aug-2024,790.9,784.05,832.0,773.75,832.0,823.3,811.6,355818,2887.8,15290, 183578, 51.59,4.1
AMRUTANJAN, EQ, 27-Sep-2021,826.8,837.95,860.0,836.15, 838.90,839.25,845.4,291508,2464.41,16311, 100925, 34.62,1.51
AMRUTANJAN, EQ, 27-Sep-2022,719.95,722.0,730.65,720.35,727.5,726.05,725.15,7143,51.8,1302, 3256, 45.58,0.85
AMRUTANJAN, EQ, 27-Sep-2023,631.9,631.9,633.8,624.0, 625.75,625.2,628.78,23616,148.49,3304, 7540, 31.93,-1.06
AMRUTANJAN, EQ, 27-Sep-2024,748.1,768.0,783.3,732.25,767.25,768.7,753.76,256177,1930.97,10876, 129781, 50.66,2.75
AMRUTANJAN, EQ, 27-Oct-2020,410.05,412.0,413.75,404.0, 407.40,407.65,408.87,15820,64.68,1096, 8089, 51.13,-0.59
AMRUTANJAN, EQ, 27-Oct-2021,919.9,922.0,949.8,914.95, 930.00,924.9,934.2,83599,780.98,7201, 29907, 35.77,0.54
AMRUTANJAN, EQ, 27-Oct-2022,745.25,745.25,749.0,732.1,743.0,738.15,741.68,11569,85.81,1475, 6509, 56.26,-0.95
AMRUTANJAN, EQ, 27-Oct-2023,586.65,589.5,610.9,563.9,602.1,604.35,595.34,70160,417.69,6558, 12150, 17.32,3.02
AMRUTANJAN, EQ, 27-Nov-2020,496.15,499.95,508.5,499.95,502.0,504.7,504.19,112901,569.23,3167, 51223, 45.37,1.72
AMRUTANJAN, EQ, 27-Nov-2024,712.45,717.7,724.15,706.55,720.0,720.3,716.44,10165,72.83,1279, 5755, 56.62,1.1
AMRUTANJAN, EQ, 27-Dec-2021,898.7,899.9,920.35,892.85, 916.50,915.45,913.51,82863,756.96,10983, 35285, 42.58,1.86
AMRUTANJAN, EQ, 27-Dec-2022,704.05,712.0,712.0,701.3,709.35,704.3,705.67,6637,46.84,991, 3099, 46.69,0.04
AMRUTANJAN, EQ, 27-Dec-2023,599.6,599.5,608.3,598.3, 602.60,601.5,601.91,65908,396.71,4803, 42326, 64.22,0.32
AMRUTANJAN, EQ, 27-Dec-2024,713.75,718.25,719.25,709.55,717.9,716.45,714.58,5990,42.8,788, 3571, 59.62,0.38
AMRUTANJAN, EQ, 28-Jan-2020,454.8,459.5,459.5,444.05, 450.00,449.15,451.27,30813,139.05,3015, 20331, 65.98,-1.24
AMRUTANJAN, EQ, 28-Jan-2021,493.9,489.0,509.9,483.0, 504.00,500.45,493.39,55723,274.93,3870, 28231, 50.66,1.33
AMRUTANJAN, EQ, 28-Jan-2022,884.45,884.45,896.95,875.0, 879.70,877.2,887.76,12165,108.0,2410, 5861, 48.18,-0.82
AMRUTANJAN, EQ, 28-Jan-2025,666.15,660.3,698.0,637.6,672.0,677.3,662.07,28191,186.64,2788, 17786, 63.09,1.67
AMRUTANJAN, EQ, 28-Feb-2020,478.25,453.0,476.0,451.0, 465.70,461.95,462.07,42428,196.05,4115, 22736, 53.59,-3.41
AMRUTANJAN, EQ, 28-Feb-2022,803.3,820.0,850.0,809.0, 824.00,835.55,823.71,83667,689.17,7813, 16267, 19.44,4.01
AMRUTANJAN, EQ, 28-Feb-2023,595.85,600.0,612.5,598.55, 605.00,609.15,606.28,17828,108.09,2731, 9237, 51.81,2.23
AMRUTANJAN, EQ, 28-Feb-2024,651.25,654.95,656.25,630.35,650.0,648.85,644.64,40267,259.58,3997, 22170, 55.06,-0.37
AMRUTANJAN, EQ, 28-Feb-2025,593.4,590.1,591.5,575.55,578.2,577.75,582.87,19241,112.15,2011, 13115, 68.16,-2.64
AMRUTANJAN, EQ, 28-Mar-2022,856.25,850.0,859.9,830.5, 835.00,834.75,842.45,23598,198.8,4808, 10593, 44.89,-2.51
AMRUTANJAN, EQ, 28-Mar-2023,605.95,609.0,614.95,592.25, 592.55,595.25,600.85,24933,149.81,4462, 14889, 59.72,-1.77
AMRUTANJAN, EQ, 28-Mar-2024,616.5,614.6,628.0,608.6,622.0,620.45,616.28,57440,353.99,4342, 33769, 58.79,0.64
AMRUTANJAN, EQ, 28-Mar-2025,631.8,633.4,674.7,622.4,665.0,652.1,644.75,36478,235.19,4716, 22866, 62.68,3.21
AMRUTANJAN, EQ, 28-Apr-2020,394.3,395.05,402.0,393.55, 394.00,395.55,397.7,38305,152.34,3112, 18231, 47.59,0.32
AMRUTANJAN, EQ, 28-Apr-2021,636.15,636.15,641.5,633.05, 635.00,636.7,638.56,42214,269.56,1982, 24841, 58.85,0.09
AMRUTANJAN, EQ, 28-Apr-2022,907.5,917.5,934.95,907.7, 912.20,911.75,919.02,43194,396.96,7908, 16912, 39.15,0.47
AMRUTANJAN, EQ, 28-Apr-2023,602.5,608.0,608.0,603.0, 604.95,603.95,604.92,9439,57.1,1159, 5437, 57.60,0.24
AMRUTANJAN, EQ, 28-May-2020,326.65,328.3,344.8,327.5,336.0,338.0,337.59,57551,194.28,2879, 18449, 32.06,3.47
AMRUTANJAN, EQ, 28-May-2021,760.45,704.0,730.25,686.15,702.0,700.7,714.05,363743,2597.29,18949, 159970, 43.98,-7.86
AMRUTANJAN, EQ, 28-May-2024,694.95,700.4,705.3,690.0,694.55,697.1,697.28,45293,315.82,5110, 21497, 47.46,0.31
AMRUTANJAN, EQ, 28-Jun-2021,676.1,688.0,688.0,675.1, 679.00,677.5,678.97,21155,143.64,1569, 10315, 48.76,0.21
AMRUTANJAN, EQ, 28-Jun-2022,789.8,790.0,796.5,781.35, 787.00,789.65,790.89,6627,52.41,1265, 2669, 40.27,-0.02
AMRUTANJAN, EQ, 28-Jun-2024,750.35,754.15,758.0,745.0,749.55,749.5,749.68,123042,922.42,2391, 110879, 90.11,-0.11
AMRUTANJAN, EQ, 28-Jul-2020,386.85,388.8,393.75,386.55,389.95,388.4,389.68,50807,197.99,3304, 14507, 28.55,0.4
AMRUTANJAN, EQ, 28-Jul-2021,662.3,667.9,669.25,652.55,665.45,662.15,661.9,37138,245.82,4743, 14908, 40.14,-0.02
AMRUTANJAN, EQ, 28-Jul-2022,778.25,782.15,814.95,782.15, 801.90,803.65,800.42,27802,222.53,3758, 16441, 59.14,3.26
AMRUTANJAN, EQ, 28-Jul-2023,649.3,650.15,655.15,646.55, 650.55,652.2,651.0,22248,144.84,2771, 11634, 52.29,0.45
AMRUTANJAN, EQ, 28-Aug-2020,477.05,487.95,487.95,472.2, 473.20,474.45,478.46,68577,328.11,3150, 25805, 37.63,-0.55
AMRUTANJAN, EQ, 28-Aug-2023,612.05,611.0,617.85,610.0, 614.15,610.7,613.01,18092,110.91,2064, 10026, 55.42,-0.22
AMRUTANJAN, EQ, 28-Aug-2024,823.3,832.65,862.6,829.95,833.75,832.25,846.02,783412,6627.84,26350, 260386, 33.24,1.09
AMRUTANJAN, EQ, 28-Sep-2020,424.1,426.9,448.9,426.9,432.3,434.2,436.83,275090,1201.67,10133,77229,28.07,2.38
AMRUTANJAN, EQ, 28-Sep-2021,839.25,843.9,846.85,832.5, 839.80,838.9,839.27,108811,913.22,7275, 54402, 50.00,-0.04
AMRUTANJAN, EQ, 28-Sep-2022,726.05,729.0,731.6,717.0,728.0,721.85,724.71,12942,93.79,1826, 7755, 59.92,-0.58
AMRUTANJAN, EQ, 28-Sep-2023,625.2,625.2,629.8,611.0, 617.00,614.6,618.5,27701,171.33,3845, 15418, 55.66,-1.7
AMRUTANJAN, EQ, 28-Oct-2020,407.65,408.0,425.45,404.85, 413.00,413.5,417.78,115463,482.39,4451, 23733, 20.55,1.44
AMRUTANJAN, EQ, 28-Oct-2021,924.9,921.9,923.55,901.0, 910.00,907.6,910.27,49849,453.76,6292, 21526, 43.18,-1.87
AMRUTANJAN, EQ, 28-Oct-2022,738.15,741.75,744.95,731.0,734.0,732.35,734.94,8291,60.93,1393, 4036, 48.68,-0.79
AMRUTANJAN, EQ, 28-Oct-2024,721.85,721.85,730.25,712.55,719.0,720.55,721.03,13074,94.27,1782, 5621, 42.99,-0.18
AMRUTANJAN, EQ, 28-Nov-2022,705.8,705.8,713.85,701.55, 703.60,703.9,707.04,21404,151.33,2732, 13069, 61.06,-0.27
AMRUTANJAN, EQ, 28-Nov-2023,611.4,612.0,615.9,605.6, 611.00,611.1,611.7,24171,147.85,2950, 16699, 69.09,-0.05
AMRUTANJAN, EQ, 28-Nov-2024,720.3,725.0,734.45,720.0,720.1,727.3,728.54,23826,173.58,2476, 13795, 57.90,0.97
AMRUTANJAN, EQ, 28-Dec-2020,499.2,500.0,512.6,492.0,503.05,504.3,505.11,86914,439.02,3454, 34931, 40.19,1.02
AMRUTANJAN, EQ, 28-Dec-2021,915.45,928.2,928.2,914.0,916.5,915.55,920.27,25624,235.81,3683, 10719, 41.83,0.01
AMRUTANJAN, EQ, 28-Dec-2022,704.3,704.3,712.0,695.25, 702.40,701.55,702.42,17603,123.65,3041, 11092, 63.01,-0.39
AMRUTANJAN, EQ, 28-Dec-2023,601.5,602.65,604.1,600.0, 600.50,600.15,600.86,33985,204.2,2115, 23752, 69.89,-0.22
AMRUTANJAN, EQ, 29-Jan-2020,449.15,446.35,465.0,446.35, 465.00,461.5,459.74,28617,131.56,1746, 16403, 57.32,2.75
AMRUTANJAN, EQ, 29-Jan-2021,500.45,500.55,508.3,490.0, 491.00,493.95,500.78,30746,153.97,1824, 12065, 39.24,-1.3
AMRUTANJAN, EQ, 29-Jan-2024,586.95,588.9,591.85,579.05, 583.00,581.95,586.03,36760,215.42,3115, 25248, 68.68,-0.85
AMRUTANJAN, EQ, 29-Jan-2025,677.3,670.0,687.3,666.85,673.9,673.95,675.13,12062,81.43,1605, 6701, 55.55,-0.49
AMRUTANJAN, EQ, 29-Feb-2024,648.85,650.0,650.0,633.5, 638.00,639.35,639.16,29899,191.1,3125, 18021, 60.27,-1.46
AMRUTANJAN, EQ, 29-Mar-2022,834.75,834.0,838.35,808.8, 810.00,810.55,819.57,26144,214.27,3643, 18075, 69.14,-2.9
AMRUTANJAN, EQ, 29-Mar-2023,595.25,598.25,603.0,572.5, 575.00,574.65,584.14,44805,261.72,4714, 30902, 68.97,-3.46
AMRUTANJAN, EQ, 29-Apr-2020,395.55,399.0,401.0,390.0,391.0,391.6,394.85,36794,145.28,1806, 19101, 51.91,-1.0
AMRUTANJAN, EQ, 29-Apr-2021,636.7,639.9,642.75,627.8, 631.00,630.5,633.1,30541,193.36,1983, 11666, 38.20,-0.97
AMRUTANJAN, EQ, 29-Apr-2022,911.75,923.9,928.0,900.05,903.0,906.65,918.54,24352,223.68,4450, 10073, 41.36,-0.56
AMRUTANJAN, EQ, 29-Apr-2024,681.5,686.0,714.0,686.0, 707.50,709.4,703.49,127641,897.94,6841, 76342, 59.81,4.09
AMRUTANJAN, EQ, 29-May-2020,338.0,338.0,344.0,336.25, 339.10,339.6,340.6,29421,100.21,1560, 12875, 43.76,0.47
AMRUTANJAN, EQ, 29-May-2023,589.05,595.5,600.0,590.0, 600.00,599.3,595.39,34576,205.86,3289, 22608, 65.39,1.74
AMRUTANJAN, EQ, 29-May-2024,697.1,692.55,702.95,690.05,697.05,698.35,694.38,25002,173.61,1881, 13049, 52.19,0.18
AMRUTANJAN, EQ, 29-Jun-2020,373.65,372.8,376.3,363.65, 366.25,366.45,368.26,102559,377.69,5809, 55060, 53.69,-1.93
AMRUTANJAN, EQ, 29-Jun-2021,677.5,683.5,692.25,675.75, 686.00,685.4,684.96,35248,241.44,3180, 16301, 46.25,1.17
AMRUTANJAN, EQ, 29-Jun-2022,789.65,782.0,789.9,777.0, 778.00,779.0,782.6,7035,55.06,1213, 3838, 54.56,-1.35
AMRUTANJAN, EQ, 28-Jun-2023,667.4,667.85,674.95,663.1, 669.90,667.9,669.19,64125,429.12,5606, 21973, 34.27,0.07
AMRUTANJAN, EQ, 29-Jul-2020,388.4,389.0,393.9,385.0, 388.00,387.6,389.61,33226,129.45,1889, 11548, 34.76,-0.21
AMRUTANJAN, EQ, 29-Jul-2021,662.15,665.5,676.15,658.5,667.55,665.25,666.37,26750,178.25,2577, 11776, 44.02,0.47
AMRUTANJAN, EQ, 29-Jul-2022,803.65,801.9,815.9,795.25,804.5,801.65,805.59,22716,183.0,4594, 10070, 44.33,-0.25
AMRUTANJAN, EQ, 29-Jul-2024,753.05,749.0,758.0,745.0,745.5,748.55,749.04,25188,188.67,3490, 16478, 65.42,-0.6
AMRUTANJAN, EQ, 29-Aug-2022,749.85,731.0,769.95,730.05, 759.80,761.5,755.81,93316,705.29,7291, 48795, 52.29,1.55
AMRUTANJAN, EQ, 29-Aug-2023,610.7,613.8,613.8,606.55, 611.00,608.8,609.4,25075,152.81,2857, 14878, 59.33,-0.31
AMRUTANJAN, EQ, 29-Aug-2024,832.25,838.0,842.25,818.5,826.0,826.15,829.13,84744,702.64,6380, 43138, 50.90,-0.73
AMRUTANJAN, EQ, 29-Sep-2020,434.2,436.0,439.2,431.25,432.9,432.1,433.96,42016,182.33,2450, 18738, 44.60,-0.48
AMRUTANJAN, EQ, 29-Sep-2021,838.9,831.0,839.7,820.1, 829.50,826.5,829.2,85818,711.6,8484, 35090, 40.89,-1.48
AMRUTANJAN, EQ, 29-Sep-2022,721.85,729.8,734.5,702.35,710.1,715.6,720.21,19710,141.95,5459, 12409, 62.96,-0.87
AMRUTANJAN, EQ, 29-Sep-2023,614.6,614.6,624.85,613.15, 617.00,616.15,618.75,37601,232.65,5037, 13055, 34.72,0.25
AMRUTANJAN, EQ, 29-Oct-2020,413.5,412.0,412.0,406.55,410.9,408.9,409.65,17986,73.68,1801, 9398, 52.25,-1.11
AMRUTANJAN, EQ, 29-Oct-2021,907.6,912.9,929.0,895.0, 914.90,912.2,913.99,57615,526.6,7765, 19487, 33.82,0.51
AMRUTANJAN, EQ, 29-Oct-2024,720.55,720.55,730.0,714.5,727.0,724.7,724.11,16376,118.58,1979, 7698, 47.01,0.58
AMRUTANJAN, EQ, 29-Nov-2021,895.85,890.05,890.1,840.55, 879.55,873.9,870.69,40791,355.16,6869, 15911, 39.01,-2.45
AMRUTANJAN, EQ, 29-Nov-2022,703.9,703.9,710.4,703.9,707.7,705.6,706.91,12389,87.58,1878, 7688, 62.06,0.24
AMRUTANJAN, EQ, 29-Nov-2023,611.1,608.5,620.05,599.95, 608.00,604.0,608.41,38158,232.16,3410, 19125, 50.12,-1.16
AMRUTANJAN, EQ, 29-Nov-2024,727.3,728.0,742.45,721.65,739.35,737.95,732.83,16950,124.21,2917, 10363, 61.14,1.46
AMRUTANJAN, EQ, 29-Dec-2020,504.3,509.8,509.8,494.3,501.0,501.1,504.26,55920,281.98,2924, 26024, 46.54,-0.63
AMRUTANJAN, EQ, 29-Dec-2021,915.55,919.8,926.9,905.3, 909.65,908.0,917.18,19837,181.94,3200, 8827, 44.50,-0.82
AMRUTANJAN, EQ, 29-Dec-2022,701.55,701.55,705.65,698.45, 703.10,701.55,702.2,7543,52.97,1183, 2817, 37.35,0.0
AMRUTANJAN, EQ, 29-Dec-2023,600.15,600.0,606.5,596.3, 600.40,599.45,601.86,62553,376.48,4520, 42725, 68.30,-0.12
AMRUTANJAN, EQ, 30-Jan-2020,461.5,466.0,466.9,448.95, 456.50,460.4,456.18,33096,150.98,2426, 21885, 66.13,-0.24
AMRUTANJAN, EQ, 30-Jan-2023,712.7,704.3,720.0,704.05, 718.25,715.45,714.07,14133,100.92,3028, 7358, 52.06,0.39
AMRUTANJAN, EQ, 30-Jan-2024,581.95,584.9,587.9,572.05, 578.00,576.85,578.9,32162,186.18,2800, 18930, 58.86,-0.88
AMRUTANJAN, EQ, 30-Jan-2025,673.95,677.3,680.0,664.0,667.25,666.0,669.11,7656,51.23,1152, 4760, 62.17,-1.18
AMRUTANJAN, EQ, 30-Mar-2020,322.5,311.0,332.4,302.5, 320.00,316.4,319.81,149043,476.65,4221, 44309, 29.73,-1.89
AMRUTANJAN, EQ, 30-Mar-2021,562.3,566.0,572.95,546.0,551.85,553.35,563.78,131964,743.98,10229, 24103, 18.26,-1.59
AMRUTANJAN, EQ, 30-Mar-2022,810.55,814.65,823.0,788.05, 797.00,793.25,803.26,63833,512.75,7613, 33883, 53.08,-2.13
AMRUTANJAN, EQ, 30-Apr-2020,391.6,394.55,399.8,390.1,390.5,390.65,394.0,37993,149.69,1676, 17211, 45.30,-0.24
AMRUTANJAN, EQ, 30-Apr-2021,630.5,629.0,639.0,625.3,637.0,636.4,636.1,33972,216.1,1962, 16239, 47.80,0.94
AMRUTANJAN, EQ, 30-Apr-2024,709.4,714.9,714.9,695.2, 698.00,698.65,702.8,44126,310.12,4295, 25957, 58.82,-1.52
AMRUTANJAN, EQ, 30-May-2022,786.25,790.2,822.95,786.0, 820.00,809.7,802.7,10886,87.38,1859, 5419, 49.78,2.98
AMRUTANJAN, EQ, 30-May-2023,599.3,603.0,608.0,599.55, 604.05,604.95,603.98,22758,137.45,2830, 13197, 57.99,0.94
AMRUTANJAN, EQ, 30-May-2024,698.35,700.45,707.0,688.0,689.5,690.2,696.72,47227,329.04,3420, 16167, 34.23,-1.17
AMRUTANJAN, EQ, 30-Jun-2020,366.45,368.0,369.75,360.3, 361.95,361.0,363.79,52205,189.91,3673, 23192, 44.42,-1.49
AMRUTANJAN, EQ, 30-Jun-2021,685.4,685.45,708.0,685.45, 702.00,701.05,700.34,86828,608.09,6925, 37744, 43.47,2.28
AMRUTANJAN, EQ, 30-Jun-2022,779.0,782.0,794.5,775.3,794.0,788.95,783.79,8511,66.71,2518, 2828, 33.23,1.28
AMRUTANJAN, EQ, 30-Jun-2023,667.9,678.0,775.45,678.0, 736.20,738.25,740.01,2346353,17363.35,78329, 284201, 12.11,10.53
AMRUTANJAN, EQ, 30-Jul-2020,387.6,386.05,421.55,386.05, 408.00,409.4,411.82,703272,2896.2,18547, 108120, 15.37,5.62
AMRUTANJAN, EQ, 30-Jul-2021,665.25,666.0,695.3,666.0, 680.35,682.9,682.3,38472,262.49,3703, 17149, 44.58,2.65
AMRUTANJAN, EQ, 30-Jul-2024,748.55,748.55,768.6,747.4,766.0,765.25,757.6,41796,316.65,4823, 24805, 59.35,2.23
AMRUTANJAN, EQ, 30-Aug-2021,728.45,746.9,746.9,720.25, 724.95,725.0,736.35,91990,677.37,6821, 39957, 43.44,-0.47
AMRUTANJAN, EQ, 30-Aug-2022,761.5,770.0,774.0,753.0, 758.00,759.1,763.74,26510,202.47,3327, 12919, 48.73,-0.32
AMRUTANJAN, EQ, 30-Aug-2023,608.8,608.85,620.0,608.85, 615.55,616.4,615.79,30506,187.85,2992, 17126, 56.14,1.25
AMRUTANJAN, EQ, 30-Aug-2024,826.15,826.15,830.25,815.6,817.0,818.9,822.63,42083,346.19,3936, 23549, 55.96,-0.88
AMRUTANJAN, EQ, 30-Sep-2020,432.1,431.0,433.95,421.1,421.1,423.0,427.98,55218,236.32,4000, 25429, 46.05,-2.11
AMRUTANJAN, EQ, 30-Sep-2021,826.5,829.8,845.9,827.05, 831.10,835.2,835.96,76953,643.29,7033, 28376, 36.87,1.05
AMRUTANJAN, EQ, 30-Sep-2022,715.6,709.7,719.0,703.0, 718.00,714.8,710.6,17879,127.05,3282, 8304, 46.45,-0.11
AMRUTANJAN, EQ, 30-Sep-2024,768.7,770.0,820.8,769.0,814.95,816.05,806.09,207004,1668.64,12036, 85529, 41.32,6.16
AMRUTANJAN, EQ, 30-Oct-2020,408.9,408.0,424.0,408.0, 418.00,418.6,418.6,62373,261.1,2858, 13354, 21.41,2.37
AMRUTANJAN, EQ, 30-Oct-2023,604.35,600.15,606.4,593.45, 600.65,600.55,600.23,13135,78.84,2173, 5872, 44.70,-0.63
AMRUTANJAN, EQ, 30-Oct-2024,724.7,716.0,744.0,716.0,739.0,738.35,737.39,24383,179.8,3184, 14450, 59.26,1.88
AMRUTANJAN, EQ, 30-Nov-2021,873.9,878.3,904.5,875.0,890.0,889.15,892.21,23293,207.82,3175, 8028, 34.47,1.75
AMRUTANJAN, EQ, 30-Nov-2022,705.6,707.0,713.0,705.65,711.65,708.7,709.38,13351,94.71,1521, 8537, 63.94,0.44
AMRUTANJAN, EQ, 30-Nov-2023,604.0,602.1,607.05,600.0, 603.00,602.25,603.0,18676,112.62,2197, 9963, 53.35,-0.29
AMRUTANJAN, EQ, 30-Dec-2020,501.1,507.35,507.35,498.0,500.35,500.65,502.53,37659,189.25,1954, 17536, 46.57,-0.09
AMRUTANJAN, EQ, 30-Dec-2021,908.0,916.9,954.45,905.2, 937.00,935.65,940.01,109708,1031.27,10802, 31172, 28.41,3.05
AMRUTANJAN, EQ, 30-Dec-2022,701.55,701.55,730.0,701.55,712.5,710.6,711.93,22448,159.82,1640, 10509, 46.81,1.29
AMRUTANJAN, EQ, 30-Dec-2024,716.45,712.0,721.9,695.05,700.0,699.2,705.87,21099,148.93,2544, 10017, 47.48,-2.41
AMRUTANJAN, EQ, 31-Jan-2020,460.4,463.0,463.0,451.0, 453.50,455.5,455.14,21269,96.8,1365, 13546, 63.69,-1.06
AMRUTANJAN, EQ, 31-Jan-2022,877.2,865.0,869.75,824.0,826.0,826.8,833.65,115988,966.93,14228, 62077, 53.52,-5.75
AMRUTANJAN, EQ, 31-Jan-2023,715.45,715.45,725.0,706.7,722.0,721.25,720.09,11128,80.13,2337, 6327, 56.86,0.81
AMRUTANJAN, EQ, 31-Jan-2024,576.85,577.9,584.95,577.0, 581.00,579.55,580.55,17220,99.97,2461, 10926, 63.45,0.47
AMRUTANJAN, EQ, 31-Jan-2025,666.0,676.0,676.0,662.15,666.0,666.35,669.1,6616,44.27,870, 4276, 64.63,0.05
AMRUTANJAN, EQ, 31-Mar-2020,316.4,321.75,335.0,319.7,332.0,329.95,328.3,76475,251.07,2234, 43050, 56.29,4.28
AMRUTANJAN, EQ, 31-Mar-2021,553.35,554.0,575.0,551.7, 563.20,567.65,565.47,121464,686.84,6897, 35709, 29.40,2.58
AMRUTANJAN, EQ, 31-Mar-2022,793.25,799.95,808.0,786.0, 799.60,794.6,795.87,37619,299.4,5610, 17946, 47.70,0.17
AMRUTANJAN, EQ, 31-Mar-2023,574.65,583.25,584.25,554.05, 580.85,576.0,569.18,85123,484.51,10277, 51263, 60.22,0.23
AMRUTANJAN, EQ, 31-May-2021,700.7,707.7,723.0,701.25, 714.70,708.9,715.06,174768,1249.7,10980, 80840, 46.26,1.17
AMRUTANJAN, EQ, 31-May-2022,809.7,813.75,825.0,806.05, 823.80,823.35,817.78,7421,60.69,1546, 3356, 45.22,1.69
AMRUTANJAN, EQ, 31-May-2023,604.95,606.95,616.95,603.8, 610.00,607.5,609.25,25442,155.01,2939, 11852, 46.58,0.42
AMRUTANJAN, EQ, 31-May-2024,690.2,693.7,698.65,686.85,694.5,691.5,691.91,22508,155.74,2066, 12535, 55.69,0.19
AMRUTANJAN, EQ, 31-Jul-2020,409.4,405.0,446.65,401.7,432.95,430.2,432.91,1454321,6295.83,30350, 174327, 11.99,5.08
AMRUTANJAN, EQ, 31-Jul-2023,652.2,650.25,667.6,644.2, 660.00,657.9,653.69,63967,418.15,6647, 33014, 51.61,0.87
AMRUTANJAN, EQ, 31-Jul-2024,765.25,766.0,768.9,743.05,755.05,755.6,751.27,87130,654.59,6234, 67034, 76.94,-1.26
AMRUTANJAN, EQ, 31-Aug-2020,474.45,476.15,478.0,445.0, 448.85,448.15,457.99,94540,432.98,4194, 44044, 46.59,-5.54
AMRUTANJAN, EQ, 31-Aug-2021,725.0,728.65,735.0,711.7,716.6,716.8,722.09,28012,202.27,2736, 12126, 43.29,-1.13
AMRUTANJAN, EQ, 31-Aug-2023,616.4,619.0,619.0,610.0, 613.00,614.55,613.26,34082,209.01,3358, 17100, 50.17,-0.3
AMRUTANJAN, EQ, 31-Oct-2022,732.35,739.65,743.9,721.8,734.9,732.2,736.04,13498,99.35,1879, 8510, 63.05,-0.02
AMRUTANJAN, EQ, 31-Oct-2023,600.55,603.25,603.4,594.1, 598.15,596.5,598.75,9403,56.3,1492, 5312, 56.49,-0.67
AMRUTANJAN, EQ, 31-Oct-2024,738.35,742.05,762.95,730.05,762.0,759.9,755.25,22284,168.3,4094, 11353, 50.95,2.92
AMRUTANJAN, EQ, 31-Dec-2020,500.65,502.0,513.9,500.0,502.45,502.15,505.13,57251,289.19,2970, 20941, 36.58,0.3
AMRUTANJAN, EQ, 31-Dec-2021,935.65,939.9,946.0,925.0,936.0,936.5,938.58,36906,346.39,4919, 11598, 31.43,0.09
AMRUTANJAN, EQ, 31-Dec-2024,699.2,704.6,726.4,695.25,722.8,722.65,715.73,11331,81.1,2069, 6832, 60.29,3.35
