SYMBOL, SERIES, DATE1, PREV_CLOSE, OPEN_PRICE, HIGH_PRICE, LOW_PRICE, LAST_PRICE, CLOSE_PRICE, AVG_PRICE, TTL_TRD_QNTY, TURNOVER_LACS, NO_OF_TRADES, DELIV_QTY, DELIV_PER,PER_CHANGE
BALMLAWRIE, EQ, 01-Jan-2020,124.85,124.9,125.45,123.6, 123.75,123.85,124.49,61213,76.2,1166, 44708, 73.04,-0.8
BALMLAWRIE, EQ, 01-Jan-2021,128.1,128.85,129.35,126.0, 126.90,126.9,127.58,480219,612.67,7012, 190110, 39.59,-0.94
BALMLAWRIE, EQ, 01-Jan-2024,218.85,218.95,228.4,218.55, 221.85,223.15,222.88,1442212,3214.38,21101, 389166, 26.98,1.96
BALMLAWRIE, EQ, 01-Jan-2025,212.09,213.5,217.1,212.03,216.05,216.61,214.84,96394,207.09,4687, 46193, 47.92,2.13
BALMLAWRIE, EQ, 01-Feb-2021,118.85,123.0,123.7,120.5, 121.95,121.75,121.63,491213,597.45,6262, 195113, 39.72,2.44
BALMLAWRIE, EQ, 01-Feb-2022,126.7,126.8,128.35,125.4,126.75,126.7,127.03,155051,196.96,2501, 61777, 39.84,0.0
BALMLAWRIE, EQ, 01-Feb-2023,120.15,120.95,122.9,117.0, 118.70,118.2,120.46,148575,178.98,3176, 61617, 41.47,-1.62
BALMLAWRIE, EQ, 01-Feb-2024,284.8,287.05,288.5,276.05, 280.80,279.8,281.99,1410630,3977.8,24756, 522320, 37.03,-1.76
BALMLAWRIE, EQ, 01-Mar-2021,123.15,125.0,128.25,124.05, 125.40,125.65,126.36,1529035,1932.12,15861, 666509, 43.59,2.03
BALMLAWRIE, EQ, 01-Mar-2023,114.25,114.25,116.1,114.25, 115.25,115.3,115.29,72609,83.71,922, 39953, 55.02,0.92
BALMLAWRIE, EQ, 01-Mar-2024,243.95,246.7,246.7,242.0, 243.55,243.35,243.58,428162,1042.92,9279, 195276, 45.61,-0.25
BALMLAWRIE, EQ, 01-Apr-2020,79.45,79.5,89.0,78.55,84.5,84.5,85.21,795907,678.19,9993, 172443, 21.67,6.36
BALMLAWRIE, EQ, 01-Apr-2021,128.75,129.2,134.65,129.2, 133.50,133.7,132.54,492289,652.5,6658, 158855, 32.27,3.84
BALMLAWRIE, EQ, 01-Apr-2022,112.7,112.55,117.2,112.55, 116.60,116.4,115.93,275788,319.73,3349, 157586, 57.14,3.28
BALMLAWRIE, EQ, 01-Apr-2024,238.4,240.0,253.25,239.1, 249.10,249.35,246.7,1106762,2730.41,19096, 467116, 42.21,4.59
BALMLAWRIE, EQ, 01-Apr-2025,184.6,184.0,190.8,181.8,190.4,189.21,188.02,422211,793.85,15705, 221407, 52.44,2.5
BALMLAWRIE, EQ, 01-Jun-2020,101.05,101.95,103.0,101.4, 102.50,102.15,102.36,154948,158.61,2165, 94443, 60.95,1.09
BALMLAWRIE, EQ, 01-Jun-2021,136.55,137.0,137.45,133.5, 134.00,134.0,134.98,334844,451.96,5016, 187375, 55.96,-1.87
BALMLAWRIE, EQ, 01-Jun-2022,115.0,115.1,115.95,114.9,115.4,115.15,115.36,91795,105.89,1899, 39155, 42.65,0.13
BALMLAWRIE, EQ, 01-Jun-2023,124.95,125.1,127.5,125.05, 127.20,127.15,126.54,285735,361.56,2661, 174706, 61.14,1.76
BALMLAWRIE, EQ, 01-Jul-2020,109.7,113.0,113.8,111.6, 112.50,112.5,112.62,294998,332.21,4132, 119435, 40.49,2.55
BALMLAWRIE, EQ, 01-Jul-2021,139.9,140.0,140.65,138.4, 138.70,138.8,139.45,297982,415.53,4528, 155006, 52.02,-0.79
BALMLAWRIE, EQ, 01-Jul-2022,108.45,108.0,108.85,107.05,108.0,107.9,107.74,49981,53.85,1376, 25375, 50.77,-0.51
BALMLAWRIE, EQ, 01-Jul-2024,270.25,271.45,273.5,268.85,270.6,270.75,270.6,254856,689.65,7449, 122670, 48.13,0.19
BALMLAWRIE, EQ, 01-Aug-2022,111.15,112.9,114.9,111.55, 113.85,114.0,113.25,215952,244.57,2825, 120261, 55.69,2.56
BALMLAWRIE, EQ, 01-Aug-2023,151.5,152.5,153.45,149.05, 149.50,149.6,151.03,654401,988.35,6287, 343240, 52.45,-1.25
BALMLAWRIE, EQ, 01-Aug-2024,294.1,297.1,297.5,287.4,290.0,289.55,292.23,465210,1359.46,12713, 200972, 43.20,-1.55
BALMLAWRIE, EQ, 01-Sep-2020,115.55,116.6,116.6,114.5, 115.95,115.35,115.14,108728,125.19,2096, 76929, 70.75,-0.17
BALMLAWRIE, EQ, 01-Sep-2021,129.6,129.8,132.2,129.8,130.9,130.8,130.96,280783,367.72,4392, 120857, 43.04,0.93
BALMLAWRIE, EQ, 01-Sep-2022,124.05,124.0,125.35,124.0,124.75,124.65,124.73,237336,296.03,2431, 152651, 64.32,0.48
BALMLAWRIE, EQ, 01-Sep-2023,153.6,154.3,169.1,153.7, 168.10,167.65,163.92,6209282,10178.42,45183, 2207300, 35.55,9.15
BALMLAWRIE, EQ, 01-Oct-2020,99.5,100.75,105.0,99.95, 103.95,103.85,103.13,380414,392.31,4384, 139332, 36.63,4.37
BALMLAWRIE, EQ, 01-Oct-2021,129.3,128.85,129.6,127.5, 128.70,128.65,128.65,198869,255.84,3296, 79384, 39.92,-0.5
BALMLAWRIE, EQ, 01-Oct-2024,275.15,276.0,278.45,272.8,277.2,276.6,276.32,320414,885.36,11345, 123997, 38.70,0.53
BALMLAWRIE, EQ, 01-Nov-2021,126.1,128.1,128.1,125.0, 126.45,126.25,126.15,195969,247.21,3415, 113190, 57.76,0.12
BALMLAWRIE, EQ, 01-Nov-2022,113.45,114.1,114.45,113.15,113.7,113.55,113.77,118755,135.11,2153, 88383, 74.42,0.09
BALMLAWRIE, EQ, 01-Nov-2023,134.2,134.8,145.9,134.0, 143.55,143.75,142.52,1819083,2592.49,17547, 671482, 36.91,7.12
BALMLAWRIE, EQ, 01-Dec-2020,109.05,108.7,109.4,106.0,108.1,108.3,107.9,399082,430.63,5291, 173124, 43.38,-0.69
BALMLAWRIE, EQ, 01-Dec-2021,115.9,115.9,117.3,115.0,116.15,115.75,115.88,100267,116.19,3032, 50004, 49.87,-0.13
BALMLAWRIE, EQ, 01-Dec-2022,125.7,125.75,127.0,123.5,124.25,124.1,125.27,253690,317.8,5194, 124253, 48.98,-1.27
BALMLAWRIE, EQ, 01-Dec-2023,156.75,157.4,163.0,157.0, 161.00,161.3,161.14,1588900,2560.38,19950, 783179, 49.29,2.9
BALMLAWRIE, EQ, 02-Jan-2020,123.85,123.75,129.65,123.75, 124.80,124.9,125.9,186638,234.97,2648, 88141, 47.23,0.85
BALMLAWRIE, EQ, 02-Jan-2023,125.05,125.05,128.0,124.0, 127.00,127.45,126.38,320799,405.44,5355, 178067, 55.51,1.92
BALMLAWRIE, EQ, 02-Jan-2024,223.15,223.15,224.9,215.55, 221.75,221.75,220.28,1064098,2344.04,18881, 348115, 32.71,-0.63
BALMLAWRIE, EQ, 02-Jan-2025,216.61,217.0,223.18,215.02,222.43,222.44,220.81,285840,631.16,12935, 108533, 37.97,2.69
BALMLAWRIE, EQ, 02-Feb-2021,121.75,122.65,125.5,121.2, 122.50,122.3,123.39,390662,482.02,4706, 149070, 38.16,0.45
BALMLAWRIE, EQ, 02-Feb-2022,126.7,127.35,134.0,126.7, 129.90,130.15,131.31,600002,787.87,8335, 166395, 27.73,2.72
BALMLAWRIE, EQ, 02-Feb-2023,118.2,118.2,119.8,115.5, 117.30,117.0,117.58,180105,211.76,5586, 66342, 36.84,-1.02
BALMLAWRIE, EQ, 02-Feb-2024,279.8,282.05,291.0,281.3, 284.00,284.2,286.67,1831944,5251.64,26541, 749521, 40.91,1.57
BALMLAWRIE, EQ, 02-Mar-2020,102.15,103.55,106.0,101.0, 101.05,101.85,103.36,71460,73.86,1307, 43329, 60.63,-0.29
BALMLAWRIE, EQ, 02-Mar-2021,125.65,128.1,133.4,127.15,128.85,128.85,129.93,2179283,2831.5,26506, 811246, 37.23,2.55
BALMLAWRIE, EQ, 02-Mar-2022,115.35,115.2,117.25,114.3, 115.80,115.55,115.65,150540,174.1,3587, 75597, 50.22,0.17
BALMLAWRIE, EQ, 02-Mar-2023,115.3,115.1,115.65,114.8, 115.10,115.05,115.08,41489,47.75,877, 25918, 62.47,-0.22
BALMLAWRIE, EQ, 02-Apr-2024,249.35,251.0,256.4,248.0, 249.95,250.65,251.68,677387,1704.83,14373, 399934, 59.04,0.52
BALMLAWRIE, EQ, 02-Apr-2025,189.21,190.45,195.16,187.81,191.9,190.11,191.59,484773,928.77,14905, 226120, 46.64,0.48
BALMLAWRIE, EQ, 02-May-2022,119.2,119.7,119.7,118.3,119.4,118.95,118.94,93295,110.97,2155, 41272, 44.24,-0.21
BALMLAWRIE, EQ, 02-May-2023,118.5,118.8,120.9,116.9, 119.50,119.3,118.9,347019,412.61,3833, 190832, 54.99,0.68
BALMLAWRIE, EQ, 02-May-2024,273.85,274.55,284.0,274.15, 276.20,277.05,279.67,1185146,3314.54,22889, 530258, 44.74,1.17
BALMLAWRIE, EQ, 02-Jun-2020,102.15,102.4,110.0,102.0,103.6,103.6,106.53,1091396,1162.7,11243, 189406, 17.35,1.42
BALMLAWRIE, EQ, 02-Jun-2021,134.0,134.0,138.5,133.3, 138.10,137.65,136.54,523565,714.89,6625, 202761, 38.73,2.72
BALMLAWRIE, EQ, 02-Jun-2022,115.15,115.15,117.9,114.8,117.9,117.4,116.82,152202,177.8,2477, 85871, 56.42,1.95
BALMLAWRIE, EQ, 02-Jun-2023,127.15,128.0,130.8,127.65, 130.40,129.7,129.67,715020,927.15,8750, 478063, 66.86,2.01
BALMLAWRIE, EQ, 02-Jul-2020,112.5,112.2,113.0,111.05, 111.70,111.75,111.67,137116,153.12,2383, 84240, 61.44,-0.67
BALMLAWRIE, EQ, 02-Jul-2021,138.8,139.25,140.7,138.3,138.8,138.8,139.3,294687,410.5,4388, 138444, 46.98,0.0
BALMLAWRIE, EQ, 02-Jul-2024,270.75,272.0,273.5,268.2,270.55,269.7,270.52,309042,836.03,9083, 145807, 47.18,-0.39
BALMLAWRIE, EQ, 02-Aug-2021,135.45,136.0,137.25,135.6,136.0,135.95,136.27,205669,280.27,2799, 120110, 58.40,0.37
BALMLAWRIE, EQ, 02-Aug-2022,114.0,113.35,116.9,112.7,115.95,115.95,115.37,548176,632.45,7761, 228098, 41.61,1.71
BALMLAWRIE, EQ, 02-Aug-2023,149.6,149.0,153.0,145.65, 146.80,147.05,148.58,1130042,1678.99,8041, 527241, 46.66,-1.7
BALMLAWRIE, EQ, 02-Aug-2024,289.55,285.8,286.7,281.0,283.8,283.65,284.21,492991,1401.11,11386, 211158, 42.83,-2.04
BALMLAWRIE, EQ, 02-Sep-2020,115.35,116.0,119.0,115.4, 118.15,117.8,117.1,109833,128.61,1974, 63348, 57.68,2.12
BALMLAWRIE, EQ, 02-Sep-2021,130.8,131.4,132.0,129.55, 130.85,130.7,130.74,217168,283.92,4030, 114744, 52.84,-0.08
BALMLAWRIE, EQ, 02-Sep-2022,124.65,125.5,126.2,125.0,126.0,125.6,125.58,222540,279.46,3364, 141848, 63.74,0.76
BALMLAWRIE, EQ, 02-Sep-2024,279.7,284.9,286.0,279.55,280.15,280.05,281.66,329490,928.05,8667, 189589, 57.54,0.13
BALMLAWRIE, EQ, 02-Nov-2020,101.1,101.1,101.65,100.35, 100.55,100.75,100.88,56794,57.3,1376, 33311, 58.65,-0.35
BALMLAWRIE, EQ, 02-Nov-2021,126.25,127.0,128.45,126.75, 127.50,127.5,127.68,243718,311.18,5654, 72757, 29.85,0.99
BALMLAWRIE, EQ, 02-Nov-2022,113.55,114.0,115.45,112.7,113.35,113.3,114.24,161582,184.59,3680, 91534, 56.65,-0.22
BALMLAWRIE, EQ, 02-Nov-2023,143.75,144.1,145.15,140.8, 143.05,143.05,142.77,426591,609.05,5151, 181174, 42.47,-0.49
BALMLAWRIE, EQ, 02-Dec-2020,108.3,108.15,117.8,106.95, 116.55,115.65,113.43,1640534,1860.91,15456, 866198, 52.80,6.79
BALMLAWRIE, EQ, 02-Dec-2021,115.75,115.8,117.3,115.55, 117.00,116.75,116.49,107012,124.65,3620, 50283, 46.99,0.86
BALMLAWRIE, EQ, 02-Dec-2022,124.1,124.15,124.6,121.7, 122.90,122.45,122.89,282441,347.08,4010, 126714, 44.86,-1.33
BALMLAWRIE, EQ, 02-Dec-2024,229.41,231.0,237.75,227.35,237.0,236.7,233.56,303657,709.23,11326, 139161, 45.83,3.18
BALMLAWRIE, EQ, 03-Jan-2020,124.9,124.9,127.05,123.55, 124.00,124.4,125.43,116479,146.09,1856, 59632, 51.20,-0.4
BALMLAWRIE, EQ, 03-Jan-2022,121.9,122.75,129.35,122.05, 127.70,127.9,126.64,1251881,1585.36,15298, 555793, 44.40,4.92
BALMLAWRIE, EQ, 03-Jan-2023,127.45,127.1,127.7,123.6, 124.40,124.5,125.41,235055,294.78,3608, 120831, 51.41,-2.31
BALMLAWRIE, EQ, 03-Jan-2024,221.75,221.7,232.0,220.2, 229.15,229.7,226.94,2385860,5414.37,34600, 805664, 33.77,3.59
BALMLAWRIE, EQ, 03-Jan-2025,222.44,222.6,225.04,222.44,222.45,223.19,223.37,128559,287.16,6824, 49100, 38.19,0.34
BALMLAWRIE, EQ, 03-Feb-2020,117.4,115.7,118.65,114.5, 115.20,115.15,116.36,93014,108.23,2121, 48807, 52.47,-1.92
BALMLAWRIE, EQ, 03-Feb-2021,122.3,122.9,123.8,121.05, 122.25,122.25,122.57,230801,282.89,2722, 109079, 47.26,-0.04
BALMLAWRIE, EQ, 03-Feb-2022,130.15,130.6,131.4,129.05, 129.20,129.35,129.92,144282,187.46,2264, 75467, 52.31,-0.61
BALMLAWRIE, EQ, 03-Feb-2023,117.0,117.6,118.55,114.95, 118.20,117.85,116.44,182888,212.95,4998, 54375, 29.73,0.73
BALMLAWRIE, EQ, 03-Feb-2025,196.68,194.35,194.35,187.6,189.5,189.13,189.59,229935,435.94,11700, 112576, 48.96,-3.84
BALMLAWRIE, EQ, 03-Mar-2020,101.85,102.3,103.5,100.0, 101.90,101.95,101.35,72688,73.67,1507, 48178, 66.28,0.1
BALMLAWRIE, EQ, 03-Mar-2021,128.85,130.0,131.9,127.5,127.55,128.15,130.04,887744,1154.4,10723, 511703, 57.64,-0.54
BALMLAWRIE, EQ, 03-Mar-2022,115.55,116.35,118.15,116.05,117.15,116.9,117.32,186637,218.95,4029, 95972, 51.42,1.17
BALMLAWRIE, EQ, 03-Mar-2023,115.05,115.55,115.8,114.5, 115.00,115.0,115.09,71646,82.46,1315, 46544, 64.96,-0.04
BALMLAWRIE, EQ, 03-Mar-2025,149.09,151.5,156.9,146.6,155.91,156.05,151.23,724875,1096.25,18880, 366096, 50.50,4.67
BALMLAWRIE, EQ, 03-Apr-2020,84.5,85.0,87.0,82.95, 85.40,85.3,85.37,158363,135.19,3002, 68767, 43.42,0.95
BALMLAWRIE, EQ, 03-Apr-2023,110.9,111.5,112.9,111.15, 112.75,112.6,112.25,105749,118.71,1842, 56933, 53.84,1.53
BALMLAWRIE, EQ, 03-Apr-2024,250.65,250.55,252.45,248.0, 249.00,249.45,249.71,410638,1025.42,9150, 237269, 57.78,-0.48
BALMLAWRIE, EQ, 03-Apr-2025,190.11,189.0,193.51,187.57,192.5,192.63,191.85,219200,420.54,8955, 79049, 36.06,1.33
BALMLAWRIE, EQ, 03-May-2021,128.05,127.05,129.55,125.8,126.1,126.5,127.19,373689,475.3,5074, 159330, 42.64,-1.21
BALMLAWRIE, EQ, 03-May-2023,119.3,119.3,120.8,118.8,120.1,119.95,119.95,229773,275.6,3549, 116399, 50.66,0.54
BALMLAWRIE, EQ, 03-May-2024,277.05,275.95,278.2,267.05, 269.90,269.9,271.86,557068,1514.46,15836, 250534, 44.97,-2.58
BALMLAWRIE, EQ, 03-Jun-2020,103.6,104.0,105.4,102.0,102.6,102.5,103.79,204651,212.41,4036, 104267, 50.95,-1.06
BALMLAWRIE, EQ, 03-Jun-2021,137.65,138.5,139.4,137.1, 137.35,137.2,137.95,313574,432.59,3706, 162487, 51.82,-0.33
BALMLAWRIE, EQ, 03-Jun-2022,117.4,118.7,118.7,115.5, 116.25,115.85,116.92,90373,105.66,2169, 45908, 50.80,-1.32
BALMLAWRIE, EQ, 03-Jun-2024,269.25,278.55,287.7,276.0,279.8,279.55,281.68,1335130,3760.81,23400, 559140, 41.88,3.83
BALMLAWRIE, EQ, 03-Jul-2020,111.75,112.5,118.0,111.25, 114.15,113.7,115.55,696603,804.89,7259, 215290, 30.91,1.74
BALMLAWRIE, EQ, 03-Jul-2023,136.35,137.15,137.5,135.0, 135.90,135.75,136.08,310910,423.08,4815, 171540, 55.17,-0.44
BALMLAWRIE, EQ, 03-Jul-2024,269.7,270.55,276.0,268.65,272.5,272.6,272.61,389119,1060.78,9705, 167744, 43.11,1.08
BALMLAWRIE, EQ, 03-Aug-2020,110.3,110.3,110.55,109.45,109.75,109.75,109.77,112147,123.11,1639, 68320, 60.92,-0.5
BALMLAWRIE, EQ, 03-Aug-2021,135.95,136.0,136.75,135.05,136.0,135.65,135.87,166677,226.47,2712, 95813, 57.48,-0.22
BALMLAWRIE, EQ, 03-Aug-2022,115.95,116.0,116.95,115.0, 115.15,115.4,115.66,109282,126.39,2172, 62541, 57.23,-0.47
BALMLAWRIE, EQ, 03-Aug-2023,147.05,146.85,149.3,144.0, 146.85,145.55,147.26,457116,673.13,4343, 201405, 44.06,-1.02
BALMLAWRIE, EQ, 03-Sep-2020,117.8,118.85,119.5,116.75, 117.30,117.25,117.69,125423,147.6,1921, 83500, 66.57,-0.47
BALMLAWRIE, EQ, 03-Sep-2021,130.7,131.9,132.25,130.0, 131.25,131.2,131.15,252368,330.97,4181, 123079, 48.77,0.38
BALMLAWRIE, EQ, 03-Sep-2024,280.05,280.95,283.25,278.4,279.8,279.55,280.16,257148,720.44,7628, 130545, 50.77,-0.18
BALMLAWRIE, EQ, 03-Oct-2022,112.2,112.7,113.6,109.85,110.75,110.5,111.87,114266,127.83,2674, 64784, 56.70,-1.52
BALMLAWRIE, EQ, 03-Oct-2023,153.8,154.85,154.9,151.9, 152.30,152.2,152.87,247204,377.9,3571, 138141, 55.88,-1.04
BALMLAWRIE, EQ, 03-Oct-2024,276.6,275.0,275.0,266.3,267.5,266.8,269.43,312440,841.8,10564, 168276, 53.86,-3.54
BALMLAWRIE, EQ, 03-Nov-2020,100.75,100.8,101.95,99.3,99.75,99.8,100.64,126562,127.37,1887, 86594, 68.42,-0.94
BALMLAWRIE, EQ, 03-Nov-2021,127.5,128.0,129.15,126.2, 126.50,126.4,127.72,222876,284.65,5845, 65980, 29.60,-0.86
BALMLAWRIE, EQ, 03-Nov-2022,113.3,113.35,117.25,113.35,115.4,115.15,115.59,365479,422.47,7287, 172112, 47.09,1.63
BALMLAWRIE, EQ, 03-Nov-2023,143.05,143.05,144.5,142.75, 144.00,144.05,143.67,402116,577.71,4965, 191492, 47.62,0.7
BALMLAWRIE, EQ, 03-Dec-2020,115.65,123.0,129.95,119.65,121.45,121.35,125.61,7152803,8984.82,47111, 1838532, 25.70,4.93
BALMLAWRIE, EQ, 03-Dec-2021,116.75,117.6,119.0,117.05, 117.95,117.4,118.01,97500,115.06,2405, 50409, 51.70,0.56
BALMLAWRIE, EQ, 03-Dec-2024,236.7,237.57,239.57,233.35,233.71,234.01,236.07,243601,575.06,11083, 122851, 50.43,-1.14
BALMLAWRIE, EQ, 04-Jan-2021,126.9,129.9,131.05,127.1,127.8,127.95,128.93,619550,798.76,7141, 230190, 37.15,0.83
BALMLAWRIE, EQ, 04-Jan-2022,127.9,127.2,129.55,125.05, 128.00,126.8,126.63,462328,585.45,6264, 229401, 49.62,-0.86
BALMLAWRIE, EQ, 04-Jan-2023,124.5,124.6,132.25,123.1, 128.10,128.25,128.88,1485255,1914.17,15574, 538448, 36.25,3.01
BALMLAWRIE, EQ, 04-Jan-2024,229.7,232.0,235.3,222.95, 225.75,226.55,230.91,1603673,3703.08,22914, 711801, 44.39,-1.37
BALMLAWRIE, EQ, 04-Feb-2020,115.15,116.0,123.6,113.4, 117.25,117.6,117.66,94790,111.53,2264, 44501, 46.95,2.13
BALMLAWRIE, EQ, 04-Feb-2021,122.25,122.25,123.85,119.85, 120.00,120.4,121.82,432972,527.44,4399, 288262, 66.58,-1.51
BALMLAWRIE, EQ, 04-Feb-2022,129.35,129.5,130.6,127.5, 127.70,127.8,129.16,126984,164.01,2649, 65478, 51.56,-1.2
BALMLAWRIE, EQ, 04-Feb-2025,189.13,190.0,192.5,188.59,192.5,191.35,190.73,145758,278.01,7419, 76668, 52.60,1.17
BALMLAWRIE, EQ, 04-Mar-2020,101.95,101.65,102.3,99.0, 100.00,99.95,100.44,104858,105.32,1813, 65452, 62.42,-1.96
BALMLAWRIE, EQ, 04-Mar-2021,128.15,127.0,152.4,126.0, 143.50,144.5,143.28,15609891,22365.81,165516, 2664520, 17.07,12.76
BALMLAWRIE, EQ, 04-Mar-2022,116.9,116.0,117.6,114.5, 115.00,115.2,115.92,242808,281.46,4406, 144203, 59.39,-1.45
BALMLAWRIE, EQ, 04-Mar-2024,243.65,245.25,251.2,241.15, 244.90,244.2,246.9,436125,1076.8,14271, 199818, 45.82,0.23
BALMLAWRIE, EQ, 04-Mar-2025,156.05,153.7,162.27,151.45,159.67,160.77,157.77,643427,1015.14,21855, 316035, 49.12,3.02
BALMLAWRIE, EQ, 04-Apr-2022,116.4,118.5,119.75,117.1,119.2,119.1,118.44,298860,353.97,4536, 162536, 54.39,2.32
BALMLAWRIE, EQ, 04-Apr-2024,249.45,252.5,252.55,244.25, 244.80,245.2,247.31,429559,1062.33,10761, 239197, 55.68,-1.7
BALMLAWRIE, EQ, 04-Apr-2025,192.63,191.0,192.01,185.01,189.7,189.11,187.98,367619,691.05,11109, 213059, 57.96,-1.83
BALMLAWRIE, EQ, 04-May-2020,100.65,97.8,99.9,97.8, 98.60,98.3,98.47,134540,132.49,2547, 76531, 56.88,-2.33
BALMLAWRIE, EQ, 04-May-2021,126.5,127.5,133.7,127.0, 127.85,128.05,130.25,809180,1053.99,7904, 278848, 34.46,1.23
BALMLAWRIE, EQ, 04-May-2022,118.95,120.1,120.8,116.5,117.5,117.4,118.79,123368,146.54,2593, 67821, 54.97,-1.3
BALMLAWRIE, EQ, 04-May-2023,119.95,120.6,122.9,119.95, 121.90,121.7,121.8,387083,471.46,4828, 189141, 48.86,1.46
BALMLAWRIE, EQ, 04-Jun-2020,102.5,102.5,104.0,100.55,101.35,101.65,102.29,86733,88.72,1664, 41355, 47.68,-0.83
BALMLAWRIE, EQ, 04-Jun-2021,137.2,137.75,138.4,136.0, 136.85,137.0,137.11,331603,454.65,3891, 147123, 44.37,-0.15
BALMLAWRIE, EQ, 04-Jun-2024,279.55,279.0,279.0,223.65,231.5,227.65,247.9,3754496,9307.37,57182, 1752051, 46.67,-18.57
BALMLAWRIE, EQ, 04-Jul-2022,107.9,107.9,109.0,107.55,108.4,108.8,108.55,41711,45.28,1158, 26437, 63.38,0.83
BALMLAWRIE, EQ, 04-Jul-2023,135.75,136.15,136.75,133.7, 134.00,134.0,134.73,289680,390.28,4182, 176942, 61.08,-1.29
BALMLAWRIE, EQ, 04-Jul-2024,272.6,279.0,279.0,270.0,271.8,271.25,273.14,425937,1163.39,11023, 209181, 49.11,-0.5
BALMLAWRIE, EQ, 04-Aug-2020,109.75,110.15,111.35,110.1,110.8,110.85,110.74,116968,129.53,1717, 57816, 49.43,1.0
BALMLAWRIE, EQ, 04-Aug-2021,135.65,136.0,141.5,136.0,138.95,138.95,139.61,1229826,1716.95,13432, 393593, 32.00,2.43
BALMLAWRIE, EQ, 04-Aug-2022,115.4,115.65,116.3,114.05,115.4,115.2,115.37,170910,197.17,2911, 99136, 58.00,-0.17
BALMLAWRIE, EQ, 04-Aug-2023,145.55,146.3,156.55,146.3, 155.60,155.4,153.58,1759810,2702.64,15021, 871602, 49.53,6.77
BALMLAWRIE, EQ, 04-Sep-2020,117.25,116.0,118.5,114.5,116.85,116.85,116.93,133642,156.27,2482, 64582, 48.32,-0.34
BALMLAWRIE, EQ, 04-Sep-2023,167.65,169.95,170.85,165.1, 166.15,166.0,167.42,1576739,2639.81,16807, 791416, 50.19,-0.98
BALMLAWRIE, EQ, 04-Sep-2024,279.55,279.55,279.9,275.0,277.3,276.7,277.33,234665,650.81,6615, 131515, 56.04,-1.02
BALMLAWRIE, EQ, 04-Oct-2021,128.65,128.7,129.75,128.7, 129.65,129.2,129.2,251705,325.19,4510, 120253, 47.78,0.43
BALMLAWRIE, EQ, 04-Oct-2022,110.5,111.5,112.9,111.15, 112.15,111.85,111.76,101107,112.99,2197, 60550, 59.89,1.22
BALMLAWRIE, EQ, 04-Oct-2023,152.2,151.65,151.85,146.2, 148.50,148.3,148.63,579977,862.02,8519, 305494, 52.67,-2.56
BALMLAWRIE, EQ, 04-Oct-2024,266.8,266.05,268.35,257.05,258.0,258.05,261.75,330055,863.91,10822, 152616, 46.24,-3.28
BALMLAWRIE, EQ, 04-Nov-2020,99.8,100.0,101.15,99.55,100.45,100.4,100.19,77769,77.91,1284, 49014, 63.03,0.6
BALMLAWRIE, EQ, 04-Nov-2022,115.15,116.45,117.0,113.75,114.0,114.1,115.45,379956,438.67,6433, 195160, 51.36,-0.91
BALMLAWRIE, EQ, 04-Nov-2024,241.94,240.92,243.0,234.05,237.99,236.75,237.4,197360,468.54,10280, 82566, 41.84,-2.15
BALMLAWRIE, EQ, 04-Dec-2020,121.35,120.0,121.4,116.6, 118.35,118.4,118.7,669384,794.59,7714, 283269, 42.32,-2.43
BALMLAWRIE, EQ, 04-Dec-2023,161.3,164.0,167.95,162.65, 163.00,163.3,164.86,2110770,3479.88,20051, 1234546, 58.49,1.24
BALMLAWRIE, EQ, 04-Dec-2024,234.01,235.0,237.33,232.0,233.9,233.77,234.12,209489,490.45,8038, 87198, 41.62,-0.1
BALMLAWRIE, EQ, 05-Jan-2021,127.95,127.4,131.25,126.15, 128.55,129.0,129.25,784076,1013.41,10085, 246724, 31.47,0.82
BALMLAWRIE, EQ, 05-Jan-2022,126.8,128.2,141.45,127.2, 136.50,136.95,137.64,10125625,13936.74,83179, 2193649, 21.66,8.0
BALMLAWRIE, EQ, 05-Jan-2023,128.25,128.7,129.4,125.5,126.4,126.3,127.4,259082,330.08,4054, 110887, 42.80,-1.52
BALMLAWRIE, EQ, 05-Jan-2024,226.55,227.0,228.0,221.0, 222.50,222.5,224.6,1088191,2444.09,16558, 489572, 44.99,-1.79
BALMLAWRIE, EQ, 05-Feb-2020,117.6,121.9,123.5,118.5, 118.90,119.05,120.42,173644,209.11,2853, 62719, 36.12,1.23
BALMLAWRIE, EQ, 05-Feb-2021,120.4,121.5,122.75,119.25, 120.20,120.4,121.18,333877,404.58,6190, 185087, 55.44,0.0
BALMLAWRIE, EQ, 05-Feb-2024,284.2,286.75,290.0,276.95, 280.00,280.2,284.44,1104552,3141.83,24133, 455052, 41.20,-1.41
BALMLAWRIE, EQ, 05-Feb-2025,191.35,192.5,195.89,191.49,192.01,191.89,193.31,136319,263.51,10022, 64477, 47.30,0.28
BALMLAWRIE, EQ, 05-Mar-2020,99.95,100.4,101.8,98.85, 100.15,100.5,100.54,57749,58.06,1183, 33692, 58.34,0.55
BALMLAWRIE, EQ, 05-Mar-2021,144.5,144.8,147.85,135.15,139.65,138.55,142.86,4350082,6214.55,49673, 1046209, 24.05,-4.12
BALMLAWRIE, EQ, 05-Mar-2024,244.2,243.85,251.5,243.6, 248.00,248.65,248.21,431810,1071.81,11667, 208060, 48.18,1.82
BALMLAWRIE, EQ, 05-Mar-2025,160.77,159.71,164.9,159.39,164.0,164.37,162.91,415785,677.36,11467, 197718, 47.55,2.24
BALMLAWRIE, EQ, 05-Apr-2021,133.7,134.4,134.4,127.4,129.3,129.3,129.62,566420,734.2,9218, 171233, 30.23,-3.29
BALMLAWRIE, EQ, 05-Apr-2022,119.1,119.5,120.9,118.2, 120.20,120.25,120.02,330167,396.27,4107, 160866, 48.72,0.97
BALMLAWRIE, EQ, 05-Apr-2023,112.6,112.6,113.0,112.15, 112.80,112.75,112.57,96471,108.59,1369, 65622, 68.02,0.13
BALMLAWRIE, EQ, 05-Apr-2024,245.2,244.1,260.25,241.7, 256.50,256.25,254.0,1420166,3607.2,26649, 629998, 44.36,4.51
BALMLAWRIE, EQ, 05-May-2020,98.3,99.8,102.0,96.1, 97.20,96.85,98.29,86721,85.24,1767, 44236, 51.01,-1.48
BALMLAWRIE, EQ, 05-May-2021,128.05,131.0,131.2,125.0, 126.70,126.45,127.09,347679,441.87,4470, 162988, 46.88,-1.25
BALMLAWRIE, EQ, 05-May-2022,117.4,118.4,118.9,116.6, 116.90,116.95,117.81,77066,90.79,2243, 48170, 62.50,-0.38
BALMLAWRIE, EQ, 05-May-2023,121.7,121.7,123.2,120.3, 122.50,122.4,122.01,277311,338.36,3306, 161849, 58.36,0.58
BALMLAWRIE, EQ, 05-Jun-2020,101.65,101.75,113.9,101.75, 111.00,110.6,110.61,2326120,2572.94,22434, 509565, 21.91,8.8
BALMLAWRIE, EQ, 05-Jun-2023,129.7,131.8,137.7,130.9, 137.00,136.95,135.65,2601467,3528.93,31158, 1471458, 56.56,5.59
BALMLAWRIE, EQ, 05-Jun-2024,227.65,228.0,232.0,213.95,230.5,229.5,224.37,1846235,4142.49,38481, 713253, 38.63,0.81
BALMLAWRIE, EQ, 05-Jul-2021,138.8,140.5,141.3,139.15, 140.00,139.85,140.2,308220,432.13,4142, 166476, 54.01,0.76
BALMLAWRIE, EQ, 05-Jul-2022,108.8,108.55,109.6,108.0,108.45,108.25,108.69,104603,113.69,1323, 62616, 59.86,-0.51
BALMLAWRIE, EQ, 05-Jul-2023,134.0,134.7,136.5,133.7,134.4,134.2,134.89,312516,421.55,5632, 158961, 50.86,0.15
BALMLAWRIE, EQ, 05-Jul-2024,271.25,274.0,296.95,273.0,289.0,288.75,290.02,4485714,13009.57,78310, 1227928, 27.37,6.45
BALMLAWRIE, EQ, 05-Aug-2020,110.85,111.15,119.65,110.45,116.5,116.2,116.77,1017250,1187.81,10371, 356064, 35.00,4.83
BALMLAWRIE, EQ, 05-Aug-2021,138.95,139.85,139.85,135.15,136.75,136.8,136.96,310177,424.82,4257, 133666, 43.09,-1.55
BALMLAWRIE, EQ, 05-Aug-2022,115.2,116.0,117.5,115.35,116.5,115.95,116.38,229140,266.67,3488, 107698, 47.00,0.65
BALMLAWRIE, EQ, 05-Aug-2024,283.65,280.0,280.0,265.6,269.0,268.55,270.96,768163,2081.42,25585, 324439, 42.24,-5.32
BALMLAWRIE, EQ, 05-Sep-2022,125.6,126.4,126.8,125.9, 126.65,126.45,126.39,185999,235.08,2567, 119116, 64.04,0.68
BALMLAWRIE, EQ, 05-Sep-2023,166.0,167.7,172.2,165.15, 168.00,168.0,168.6,2335420,3937.45,20847, 869250, 37.22,1.2
BALMLAWRIE, EQ, 05-Sep-2024,276.7,277.0,280.0,276.7,278.6,277.75,278.05,222653,619.09,6730, 110653, 49.70,0.38
BALMLAWRIE, EQ, 05-Oct-2020,103.85,103.8,104.8,102.1, 102.65,102.7,103.25,131697,135.98,2551, 52269, 39.69,-1.11
BALMLAWRIE, EQ, 05-Oct-2021,129.2,129.75,132.7,129.4, 131.75,131.6,131.43,569253,748.18,7355, 265051, 46.56,1.86
BALMLAWRIE, EQ, 05-Oct-2023,148.3,148.95,150.7,147.35, 148.60,148.8,148.8,319412,475.29,4166, 131093, 41.04,0.34
BALMLAWRIE, EQ, 05-Nov-2020,100.4,100.9,101.9,100.45, 100.90,100.95,101.27,109254,110.64,1510, 72732, 66.57,0.55
BALMLAWRIE, EQ, 05-Nov-2024,236.75,234.3,239.81,233.52,235.9,234.87,236.37,173243,409.49,8341, 81196, 46.87,-0.79
BALMLAWRIE, EQ, 05-Dec-2022,122.45,122.85,124.5,122.5, 122.95,122.9,123.4,180290,222.47,2226, 113302, 62.84,0.37
BALMLAWRIE, EQ, 05-Dec-2023,163.3,163.3,164.35,160.05, 161.10,161.3,162.22,599953,973.25,9712, 324721, 54.12,-1.22
BALMLAWRIE, EQ, 05-Dec-2024,233.77,233.95,235.54,231.62,233.8,233.56,233.13,177157,413.0,7159, 70089, 39.56,-0.09
BALMLAWRIE, EQ, 06-Jan-2020,124.4,124.0,124.5,121.0, 121.85,121.7,122.36,86446,105.78,2598, 54138, 62.63,-2.17
BALMLAWRIE, EQ, 06-Jan-2021,129.0,129.5,129.75,125.05, 126.25,126.25,127.26,456492,580.91,6097, 206589, 45.26,-2.13
BALMLAWRIE, EQ, 06-Jan-2022,136.95,136.0,139.4,134.8, 138.00,137.85,137.52,1674745,2303.16,18618, 570216, 34.05,0.66
BALMLAWRIE, EQ, 06-Jan-2023,126.3,126.9,132.9,126.3,131.25,130.95,131.05,2037403,2669.94,18512, 861585, 42.29,3.68
BALMLAWRIE, EQ, 06-Jan-2025,223.19,224.0,224.0,208.1,211.0,210.11,213.5,244109,521.18,14142, 113291, 46.41,-5.86
BALMLAWRIE, EQ, 06-Feb-2020,119.05,120.5,120.5,118.0, 118.35,118.45,119.0,75829,90.23,1749, 43934, 57.94,-0.5
BALMLAWRIE, EQ, 06-Feb-2023,117.85,118.45,118.45,116.7, 117.00,117.2,117.36,87942,103.21,3397, 37549, 42.70,-0.55
BALMLAWRIE, EQ, 06-Feb-2024,280.2,281.6,287.0,275.95, 284.00,284.65,280.76,1129995,3172.52,18710, 424385, 37.56,1.59
BALMLAWRIE, EQ, 06-Feb-2025,191.89,191.9,195.76,190.33,193.6,193.89,193.64,140441,271.95,7913, 70264, 50.03,1.04
BALMLAWRIE, EQ, 06-Mar-2020,100.5,99.0,99.7,96.85, 98.75,98.85,98.47,101963,100.4,1918, 74731, 73.29,-1.64
BALMLAWRIE, EQ, 06-Mar-2023,115.0,115.15,116.9,115.05, 115.70,115.65,115.66,103317,119.49,1336, 60196, 58.26,0.57
BALMLAWRIE, EQ, 06-Mar-2024,248.65,248.05,248.05,236.3, 240.90,240.4,240.81,485332,1168.74,15241, 186517, 38.43,-3.32
BALMLAWRIE, EQ, 06-Mar-2025,164.37,165.0,170.7,164.91,167.7,168.09,167.31,356588,596.61,11756, 172610, 48.41,2.26
BALMLAWRIE, EQ, 06-Apr-2021,129.3,129.9,132.8,128.25,129.9,129.95,130.95,434908,569.5,5799, 99632, 22.91,0.5
BALMLAWRIE, EQ, 06-Apr-2022,120.25,120.0,122.5,119.7, 122.00,122.0,121.5,293507,356.61,3510, 142456, 48.54,1.46
BALMLAWRIE, EQ, 06-Apr-2023,112.75,113.0,114.25,112.75, 113.75,113.7,113.64,96201,109.32,1684, 48607, 50.53,0.84
BALMLAWRIE, EQ, 06-May-2020,96.85,97.2,97.8,95.0, 96.25,96.15,95.91,78758,75.53,1768, 48613, 61.72,-0.72
BALMLAWRIE, EQ, 06-May-2021,126.45,127.2,128.85,125.25, 126.55,126.35,127.09,344753,438.16,3725, 166435, 48.28,-0.08
BALMLAWRIE, EQ, 06-May-2022,116.95,116.5,116.5,112.35,116.0,115.75,114.88,152503,175.2,3487, 84643, 55.50,-1.03
BALMLAWRIE, EQ, 06-May-2024,269.9,271.55,274.6,262.0,270.0,270.8,268.78,776464,2086.99,19443, 306929, 39.53,0.33
BALMLAWRIE, EQ, 06-Jun-2022,115.85,115.85,116.2,115.1,115.3,115.25,115.5,59245,68.43,1502, 36581, 61.75,-0.52
BALMLAWRIE, EQ, 06-Jun-2023,136.95,137.25,137.9,134.15,135.25,135.45,135.57,628091,851.51,7123, 338418, 53.88,-1.1
BALMLAWRIE, EQ, 06-Jun-2024,229.5,233.0,253.0,233.0,247.5,247.1,245.87,1611139,3961.33,36200, 611177, 37.93,7.67
BALMLAWRIE, EQ, 06-Jul-2020,113.7,114.75,114.75,113.0, 114.30,114.25,113.98,208847,238.03,2660, 117411, 56.22,0.48
BALMLAWRIE, EQ, 06-Jul-2021,139.85,139.95,142.0,138.65, 139.25,139.05,140.52,359883,505.71,5061, 180877, 50.26,-0.57
BALMLAWRIE, EQ, 06-Jul-2022,108.25,108.65,109.4,108.05,109.15,108.9,108.62,67122,72.91,1871, 36316, 54.10,0.6
BALMLAWRIE, EQ, 06-Jul-2023,134.2,134.0,138.75,134.0,137.85,137.7,137.2,562736,772.1,5086, 258560, 45.95,2.61
BALMLAWRIE, EQ, 06-Aug-2020,116.2,117.0,117.1,113.5,114.6,114.55,115.19,218942,252.2,3552, 110971, 50.69,-1.42
BALMLAWRIE, EQ, 06-Aug-2021,136.8,136.75,138.6,136.05, 137.15,136.9,137.22,271189,372.13,4473, 125528, 46.29,0.07
BALMLAWRIE, EQ, 06-Aug-2024,268.55,272.05,276.5,260.0,262.65,261.3,268.62,500480,1344.4,17853, 232520, 46.46,-2.7
BALMLAWRIE, EQ, 06-Sep-2021,131.2,131.3,136.75,131.3,135.0,134.65,134.86,1043734,1407.59,12311, 395836, 37.92,2.63
BALMLAWRIE, EQ, 06-Sep-2022,126.45,126.8,127.6,126.6, 127.05,127.2,127.02,194997,247.68,2528, 132111, 67.75,0.59
BALMLAWRIE, EQ, 06-Sep-2023,168.0,168.45,168.85,163.55, 166.05,165.8,165.67,1104508,1829.88,11254, 514486, 46.58,-1.31
BALMLAWRIE, EQ, 06-Sep-2024,277.75,280.0,281.75,274.2,276.5,276.3,277.3,203630,564.66,6662, 99352, 48.79,-0.52
BALMLAWRIE, EQ, 06-Oct-2020,102.7,103.7,103.7,102.1,102.65,102.35,102.87,93591,96.28,1805, 42531, 45.44,-0.34
BALMLAWRIE, EQ, 06-Oct-2021,131.6,132.8,132.9,129.2, 129.50,129.8,131.19,487429,639.46,7455, 180248, 36.98,-1.37
BALMLAWRIE, EQ, 06-Oct-2022,111.85,112.45,113.9,111.85, 112.20,112.55,112.94,138207,156.1,2776, 82618, 59.78,0.63
BALMLAWRIE, EQ, 06-Oct-2023,148.8,148.6,149.55,147.1, 147.50,147.45,147.9,292371,432.43,4191, 151022, 51.65,-0.91
BALMLAWRIE, EQ, 06-Nov-2020,100.95,101.15,103.45,101.0, 101.05,101.35,102.1,188467,192.43,3240, 108118, 57.37,0.4
BALMLAWRIE, EQ, 06-Nov-2023,144.05,144.95,147.4,144.05, 144.90,144.65,145.65,322776,470.11,5056, 133301, 41.30,0.42
BALMLAWRIE, EQ, 06-Nov-2024,234.87,230.55,242.65,230.55,241.53,241.05,237.8,234483,557.6,9080, 70747, 30.17,2.63
BALMLAWRIE, EQ, 06-Dec-2021,117.4,117.1,121.5,116.55, 120.20,119.6,119.59,264908,316.79,4795, 113989, 43.03,1.87
BALMLAWRIE, EQ, 06-Dec-2022,122.9,123.0,124.25,122.2, 122.70,122.65,123.05,214961,264.51,2420, 138021, 64.21,-0.2
BALMLAWRIE, EQ, 06-Dec-2023,161.3,161.85,165.9,161.3, 163.00,163.6,163.75,1088702,1782.75,12947, 467430, 42.93,1.43
BALMLAWRIE, EQ, 06-Dec-2024,233.56,233.56,236.25,231.91,234.75,234.43,233.92,234588,548.76,9542, 90206, 38.45,0.37
BALMLAWRIE, EQ, 07-Jan-2020,121.7,123.5,124.5,122.5, 123.35,123.05,123.29,62482,77.03,1078, 32468, 51.96,1.11
BALMLAWRIE, EQ, 07-Jan-2021,126.25,126.9,128.0,125.0, 125.55,125.35,126.3,393399,496.88,4677, 192511, 48.94,-0.71
BALMLAWRIE, EQ, 07-Jan-2022,137.85,137.9,139.0,135.0,136.0,135.9,136.33,958421,1306.61,11410, 412201, 43.01,-1.41
BALMLAWRIE, EQ, 07-Jan-2025,210.11,210.25,214.61,210.22,213.1,213.59,212.43,135934,288.76,7160, 63458, 46.68,1.66
BALMLAWRIE, EQ, 07-Feb-2020,118.45,118.45,118.8,116.9, 117.35,117.3,117.81,58906,69.4,1426, 39490, 67.04,-0.97
BALMLAWRIE, EQ, 07-Feb-2022,127.8,128.0,128.8,126.65, 128.35,128.2,127.68,154296,197.01,4103, 65568, 42.49,0.31
BALMLAWRIE, EQ, 07-Feb-2023,117.2,117.5,118.85,116.0, 116.80,116.75,117.57,102957,121.04,2711, 58449, 56.77,-0.38
BALMLAWRIE, EQ, 07-Feb-2024,284.65,286.55,286.95,279.25, 281.55,281.55,282.42,805642,2275.3,14556, 379018, 47.05,-1.09
BALMLAWRIE, EQ, 07-Feb-2025,193.89,195.0,195.0,189.0,192.1,191.68,191.26,129615,247.9,7802, 58363, 45.03,-1.14
BALMLAWRIE, EQ, 07-Mar-2022,115.2,113.5,114.65,112.55, 113.70,113.25,113.47,184378,209.22,4072,95544,51.82,-1.69
BALMLAWRIE, EQ, 07-Mar-2024,240.4,239.5,247.85,239.35, 245.30,245.35,245.13,356032,872.73,11697, 170072, 47.77,2.06
BALMLAWRIE, EQ, 07-Mar-2025,168.09,167.7,180.9,166.21,178.1,177.27,175.59,807680,1418.21,23460, 338126, 41.86,5.46
BALMLAWRIE, EQ, 07-Apr-2020,85.3,86.5,86.8,80.1, 85.00,85.5,85.54,153125,130.99,2754, 83135, 54.29,0.23
BALMLAWRIE, EQ, 07-Apr-2021,129.95,130.8,132.5,129.0,129.9,129.6,130.86,357485,467.8,4668, 118688, 33.20,-0.27
BALMLAWRIE, EQ, 07-Apr-2022,122.0,122.95,123.8,120.65,122.0,121.95,122.79,258478,317.39,3318, 135324, 52.35,-0.04
BALMLAWRIE, EQ, 07-Apr-2025,189.11,177.8,181.85,173.68,180.0,179.64,177.58,575920,1022.71,21344, 258020, 44.80,-5.01
BALMLAWRIE, EQ, 07-May-2020,96.15,96.15,96.8,94.2, 95.45,95.1,95.29,66606,63.47,1525, 38409, 57.67,-1.09
BALMLAWRIE, EQ, 07-May-2021,126.35,127.85,127.95,124.8, 125.90,125.7,125.9,345507,435.01,4570, 164829, 47.71,-0.51
BALMLAWRIE, EQ, 07-May-2024,270.8,283.0,293.95,275.5,282.0,281.4,285.76,5419774,15487.71,87554, 1552599, 28.65,3.91
BALMLAWRIE, EQ, 07-Jun-2021,137.0,137.7,145.9,137.1, 144.20,143.95,143.25,2448989,3508.12,22834, 991231, 40.48,5.07
BALMLAWRIE, EQ, 07-Jun-2022,115.25,115.4,115.65,114.7,115.2,115.05,115.11,53104,61.13,1089, 31837, 59.95,-0.17
BALMLAWRIE, EQ, 07-Jun-2023,135.45,135.95,137.3,134.75, 135.20,135.55,136.0,472946,643.2,5866, 284564, 60.17,0.07
BALMLAWRIE, EQ, 07-Jun-2024,247.1,250.0,259.35,245.75,259.35,257.45,252.64,1074692,2715.08,22555, 438194, 40.77,4.19
BALMLAWRIE, EQ, 07-Jul-2020,114.25,114.75,115.15,113.0, 113.70,113.7,114.05,152547,173.97,2108, 82870, 54.32,-0.48
BALMLAWRIE, EQ, 07-Jul-2021,139.05,139.3,141.7,138.5, 139.40,139.55,139.99,351318,491.8,4633, 144280, 41.07,0.36
BALMLAWRIE, EQ, 07-Jul-2022,108.9,109.45,111.4,109.15, 110.60,110.65,110.52,153500,169.65,2068, 63949, 41.66,1.61
BALMLAWRIE, EQ, 07-Jul-2023,137.7,137.2,138.7,135.35, 136.15,135.85,136.84,453133,620.07,5642, 223626, 49.35,-1.34
BALMLAWRIE, EQ, 07-Aug-2020,114.55,114.65,117.95,114.65,116.5,116.45,116.72,282715,330.0,3485, 107496, 38.02,1.66
BALMLAWRIE, EQ, 07-Aug-2023,155.4,157.0,157.8,150.4, 152.40,151.9,154.88,1192946,1847.65,12034, 609132, 51.06,-2.25
BALMLAWRIE, EQ, 07-Aug-2024,261.3,266.0,271.2,263.15,269.2,269.25,267.71,287239,768.98,9173, 124681, 43.41,3.04
BALMLAWRIE, EQ, 07-Sep-2020,116.85,117.4,117.4,116.0, 116.60,116.7,116.62,100109,116.75,1675, 63425, 63.36,-0.13
BALMLAWRIE, EQ, 07-Sep-2021,134.65,135.4,135.9,131.3, 133.10,132.8,133.63,362378,484.25,5719, 179575, 49.55,-1.37
BALMLAWRIE, EQ, 07-Sep-2022,127.2,127.6,128.8,126.6, 127.60,127.5,127.74,290298,370.84,3107, 174577, 60.14,0.24
BALMLAWRIE, EQ, 07-Sep-2023,165.8,166.3,168.0,165.1, 166.00,165.95,166.79,532184,887.64,6964, 268025, 50.36,0.09
BALMLAWRIE, EQ, 07-Oct-2020,102.35,102.25,102.25,100.05,100.55,100.7,100.91,98192,99.09,1963, 37906, 38.60,-1.61
BALMLAWRIE, EQ, 07-Oct-2021,129.8,130.5,131.85,130.25, 130.80,130.75,131.12,243148,318.83,4337, 125707, 51.70,0.73
BALMLAWRIE, EQ, 07-Oct-2022,112.55,112.85,115.6,112.55, 115.25,115.1,114.77,254521,292.11,3598, 136856, 53.77,2.27
BALMLAWRIE, EQ, 07-Oct-2024,258.05,258.3,259.85,242.0,244.9,243.45,248.04,379293,940.82,16389, 166531, 43.91,-5.66
BALMLAWRIE, EQ, 07-Nov-2022,114.1,115.5,116.75,114.55,115.0,115.0,115.45,210973,243.57,4269, 109994, 52.14,0.79
BALMLAWRIE, EQ, 07-Nov-2023,144.65,145.35,145.6,143.4, 144.00,144.25,144.27,391761,565.19,5158, 245118, 62.57,-0.28
BALMLAWRIE, EQ, 07-Nov-2024,241.05,240.0,240.9,234.17,235.99,235.15,236.79,156868,371.45,7836, 73274, 46.71,-2.45
BALMLAWRIE, EQ, 07-Dec-2020,118.4,118.35,118.35,116.55, 117.00,116.95,117.11,322673,377.89,4471, 151710, 47.02,-1.22
BALMLAWRIE, EQ, 07-Dec-2021,119.6,121.2,121.4,118.2,119.4,119.1,119.19,119881,142.89,3186, 63450, 52.93,-0.42
BALMLAWRIE, EQ, 07-Dec-2022,122.65,122.7,123.25,120.65, 122.50,122.3,121.93,224600,273.85,2881, 138217, 61.54,-0.29
BALMLAWRIE, EQ, 07-Dec-2023,163.6,164.8,167.9,163.8, 164.10,164.45,165.28,1526211,2522.56,16176, 702194, 46.01,0.52
BALMLAWRIE, EQ, 08-Jan-2020,123.05,122.0,123.35,120.75, 121.90,121.85,121.84,65092,79.31,1457, 34245, 52.61,-0.98
BALMLAWRIE, EQ, 08-Jan-2021,125.35,126.25,127.15,123.25, 124.90,124.75,125.47,637484,799.87,8122, 243533, 38.20,-0.48
BALMLAWRIE, EQ, 08-Jan-2024,222.5,223.65,228.85,218.2, 219.80,219.55,223.11,1264273,2820.72,23095, 492701, 38.97,-1.33
BALMLAWRIE, EQ, 08-Jan-2025,213.59,213.59,213.7,210.09,213.2,213.03,211.79,119335,252.74,8852, 47606, 39.89,-0.26
BALMLAWRIE, EQ, 08-Feb-2021,120.4,121.7,123.5,119.05, 120.50,120.15,121.37,566045,687.02,5889, 356142, 62.92,-0.21
BALMLAWRIE, EQ, 08-Feb-2022,128.2,128.0,129.25,125.45,126.3,126.25,126.8,155788,197.55,2977, 66783, 42.87,-1.52
BALMLAWRIE, EQ, 08-Feb-2023,116.75,116.75,119.05,116.5, 118.75,118.65,118.26,80112,94.74,1890, 44567, 55.63,1.63
BALMLAWRIE, EQ, 08-Feb-2024,281.55,284.0,286.2,278.0, 279.50,280.3,282.33,733806,2071.74,19242, 307343, 41.88,-0.44
BALMLAWRIE, EQ, 08-Mar-2021,138.55,138.5,153.8,137.5, 148.05,146.95,147.47,6785619,10006.85,69950, 1623617, 23.93,6.06
BALMLAWRIE, EQ, 08-Mar-2022,113.25,113.95,116.6,113.0, 115.90,115.75,114.63,232313,266.31,3810, 118613, 51.06,2.21
BALMLAWRIE, EQ, 08-Mar-2023,115.65,115.15,116.2,115.05, 115.90,115.65,115.54,82816,95.68,1337, 55590, 67.12,0.0
BALMLAWRIE, EQ, 08-Apr-2020,85.5,84.0,87.9,81.0, 85.65,84.75,85.9,202053,173.57,3105, 83677, 41.41,-0.88
BALMLAWRIE, EQ, 08-Apr-2021,129.6,130.5,133.65,129.25, 129.75,130.1,131.09,488290,640.08,4915, 194203, 39.77,0.39
BALMLAWRIE, EQ, 08-Apr-2022,121.95,123.3,124.7,122.0, 124.55,124.3,123.63,290372,358.98,3503, 165218, 56.90,1.93
BALMLAWRIE, EQ, 08-Apr-2024,256.25,256.8,265.85,252.0, 259.50,259.55,259.82,1409791,3662.89,34288, 565611, 40.12,1.29
BALMLAWRIE, EQ, 08-Apr-2025,179.64,185.0,187.23,182.43,185.5,185.64,184.77,218211,403.18,8670, 85596, 39.23,3.34
BALMLAWRIE, EQ, 08-May-2020,95.1,96.55,96.55,93.55, 94.50,94.25,95.09,66280,63.03,1250, 35833, 54.06,-0.89
BALMLAWRIE, EQ, 08-May-2023,122.4,123.0,125.6,122.75, 124.30,124.3,124.36,280058,348.29,3220, 186306, 66.52,1.55
BALMLAWRIE, EQ, 08-May-2024,281.4,284.0,289.75,282.1,287.8,287.9,285.99,1244130,3558.09,24832, 546450, 43.92,2.31
BALMLAWRIE, EQ, 08-Jun-2020,110.6,111.0,111.9,105.0, 106.30,106.3,108.55,314484,341.38,5353, 179248, 57.00,-3.89
BALMLAWRIE, EQ, 08-Jun-2021,143.95,145.0,149.0,143.1, 144.60,144.2,145.92,1784413,2603.81,17694, 600817, 33.67,0.17
BALMLAWRIE, EQ, 08-Jun-2022,115.05,116.0,116.0,114.65,115.65,115.35,115.27,60080,69.25,1481, 29059, 48.37,0.26
BALMLAWRIE, EQ, 08-Jun-2023,135.55,135.9,135.9,132.2, 133.35,132.6,133.43,387946,517.64,5517, 228804, 58.98,-2.18
BALMLAWRIE, EQ, 08-Jul-2020,113.7,114.0,116.45,112.3,112.95,112.95,114.33,444407,508.09,4514, 192464, 43.31,-0.66
BALMLAWRIE, EQ, 08-Jul-2021,139.55,139.5,140.45,137.4, 138.50,138.45,138.86,267083,370.87,4083, 123145, 46.11,-0.79
BALMLAWRIE, EQ, 08-Jul-2022,110.65,111.2,111.4,110.0,110.4,110.75,110.65,70721,78.25,1340, 37902, 53.59,0.09
BALMLAWRIE, EQ, 08-Jul-2024,288.75,290.0,294.65,284.8,290.05,290.35,289.72,997056,2888.64,26156, 389634, 39.08,0.55
BALMLAWRIE, EQ, 08-Aug-2022,115.95,119.5,119.75,117.75,118.05,118.3,118.73,710943,844.08,7249,268502,37.77,2.03
BALMLAWRIE, EQ, 08-Aug-2023,151.9,152.6,153.15,145.6, 146.75,146.85,148.14,944266,1398.83,11150, 485540, 51.42,-3.32
BALMLAWRIE, EQ, 08-Aug-2024,269.25,272.0,273.9,267.3,273.4,271.95,270.93,266799,722.83,8201, 117383, 44.00,1.0
BALMLAWRIE, EQ, 08-Sep-2020,116.7,117.5,117.5,115.0, 116.50,116.15,116.62,212494,247.81,2936, 86637, 40.77,-0.47
BALMLAWRIE, EQ, 08-Sep-2021,132.8,133.4,134.0,131.5, 133.00,132.6,133.07,216451,288.02,3484, 109614, 50.64,-0.15
BALMLAWRIE, EQ, 08-Sep-2022,127.5,128.45,128.7,127.5, 128.15,128.0,127.94,142821,182.73,1886, 99131, 69.41,0.39
BALMLAWRIE, EQ, 08-Sep-2023,165.95,166.75,172.4,166.55, 168.85,168.75,168.79,1739581,2936.29,13975, 865732, 49.77,1.69
BALMLAWRIE, EQ, 08-Oct-2020,100.7,101.5,101.7,100.0,100.4,100.4,100.71,104166,104.91,1697, 55910, 53.67,-0.3
BALMLAWRIE, EQ, 08-Oct-2021,130.75,131.0,131.55,129.5, 130.60,130.15,130.83,232707,304.46,3696, 119293, 51.26,-0.46
BALMLAWRIE, EQ, 08-Oct-2024,243.45,245.0,258.0,243.3,257.65,257.3,251.37,231641,582.28,10120, 92547, 39.95,5.69
BALMLAWRIE, EQ, 08-Nov-2021,128.05,129.35,129.35,127.65, 128.20,128.2,128.4,172662,221.7,3237, 96254, 55.75,0.12
BALMLAWRIE, EQ, 08-Nov-2023,144.25,151.0,153.55,147.35, 148.50,149.1,150.51,1244628,1873.25,14558, 461505, 37.08,3.36
BALMLAWRIE, EQ, 08-Nov-2024,235.15,235.7,235.8,228.05, 228.05,228.82,231.33,136069,314.77,6837, 70492, 51.81,-2.69
BALMLAWRIE, EQ, 08-Dec-2020,116.95,116.95,119.6,116.55,116.65,116.95,117.69,315152,370.9,6110, 139862, 44.38,0.0
BALMLAWRIE, EQ, 08-Dec-2021,119.1,119.9,121.75,119.7,120.3,120.3,120.64,121491,146.57,2098, 62458, 51.41,1.01
BALMLAWRIE, EQ, 08-Dec-2022,122.3,121.5,123.45,121.25, 123.30,122.75,122.23,168507,205.96,1973, 109304, 64.87,0.37
BALMLAWRIE, EQ, 08-Dec-2023,164.45,166.0,175.85,164.5, 171.50,171.85,172.39,6348351,10944.07,48636, 2530860, 39.87,4.5
BALMLAWRIE, EQ, 09-Jan-2020,121.85,122.25,123.9,122.05, 123.20,122.95,122.9,59059,72.59,1387, 31085, 52.63,0.9
BALMLAWRIE, EQ, 09-Jan-2023,130.95,132.85,132.85,128.65,129.0,129.15,130.79,503443,658.44,5447, 303928, 60.37,-1.37
BALMLAWRIE, EQ, 09-Jan-2024,219.55,221.7,223.8,218.5,219.65,220.25,220.72,637679,1407.45,13935, 226190, 35.47,0.32
BALMLAWRIE, EQ, 09-Jan-2025,213.03,212.5,213.0,209.83,212.48,211.74,211.38,88893,187.91,5501, 41599, 46.80,-0.61
BALMLAWRIE, EQ, 09-Feb-2021,120.15,116.15,116.35,112.7, 115.25,114.9,114.76,810567,930.18,9339, 384816, 47.47,-4.37
BALMLAWRIE, EQ, 09-Feb-2022,126.25,126.35,128.25,126.3, 127.25,127.5,127.15,120862,153.68,3567, 42121, 34.85,0.99
BALMLAWRIE, EQ, 09-Feb-2023,118.65,119.1,120.0,117.85, 119.00,118.95,119.28,65777,78.46,2807, 26702, 40.59,0.25
BALMLAWRIE, EQ, 09-Feb-2024,280.3,288.65,290.95,256.9, 265.00,264.4,269.93,3260305,8800.69,54277, 1022530, 31.36,-5.67
BALMLAWRIE, EQ, 09-Mar-2020,98.85,97.0,101.5,88.8, 90.50,90.95,94.25,339346,319.85,6243, 210997, 62.18,-7.99
BALMLAWRIE, EQ, 09-Mar-2021,146.95,169.75,169.75,150.1, 153.90,154.15,160.54,15159761,24337.87,147180, 2893263, 19.09,4.9
BALMLAWRIE, EQ, 09-Mar-2022,115.75,116.9,119.7,115.45, 116.55,116.55,117.39,378164,443.94,5464, 116312, 30.76,0.69
BALMLAWRIE, EQ, 09-Mar-2023,115.65,116.25,117.65,114.7, 115.25,115.6,116.42,114705,133.54,2087, 63162, 55.06,-0.04
BALMLAWRIE, EQ, 09-Apr-2020,84.75,85.7,87.4,85.35, 85.80,85.65,86.04,122623,105.51,2305, 79514, 64.84,1.06
BALMLAWRIE, EQ, 09-Apr-2021,130.1,130.85,131.4,129.1,130.0,129.85,130.32,287029,374.06,3540, 114327, 39.83,-0.19
BALMLAWRIE, EQ, 09-Apr-2024,259.55,261.05,264.0,255.2, 259.00,258.7,259.44,740940,1922.31,21092, 289323, 39.05,-0.33
BALMLAWRIE, EQ, 09-Apr-2025,185.64,184.0,187.21,180.89,185.27,186.3,184.59,207840,383.66,9966, 73593, 35.41,0.36
BALMLAWRIE, EQ, 09-May-2022,115.75,115.5,115.5,114.0, 115.00,114.8,114.68,103035,118.17,2638, 54617, 53.01,-0.82
BALMLAWRIE, EQ, 09-May-2023,124.3,124.55,125.25,122.65,123.15,123.15,124.16,138881,172.44,2126, 83507, 60.13,-0.93
BALMLAWRIE, EQ, 09-May-2024,287.9,290.85,297.65,277.4,278.5,278.8,287.05,1603249,4602.16,34159, 550143, 34.31,-3.16
BALMLAWRIE, EQ, 09-Jun-2020,106.3,111.25,111.9,106.3, 107.70,107.55,108.78,337946,367.61,4630, 125770, 37.22,1.18
BALMLAWRIE, EQ, 09-Jun-2021,144.2,145.3,145.3,139.2,140.0,140.15,142.01,866346,1230.29,10211, 426335, 49.21,-2.81
BALMLAWRIE, EQ, 09-Jun-2022,115.35,115.65,115.65,114.6, 114.70,114.85,114.9,50921,58.51,1143, 38359, 75.33,-0.43
BALMLAWRIE, EQ, 09-Jun-2023,132.6,132.7,133.9,131.4, 131.95,131.65,132.41,178990,237.0,4463, 108928, 60.86,-0.72
BALMLAWRIE, EQ, 09-Jul-2020,112.95,113.7,113.8,111.9, 112.40,112.15,112.79,207078,233.57,2334, 130513, 63.03,-0.71
BALMLAWRIE, EQ, 09-Jul-2021,138.45,139.5,139.5,137.8,138.2,138.1,138.49,186615,258.44,2388, 77185, 41.36,-0.25
BALMLAWRIE, EQ, 09-Jul-2024,290.35,290.5,306.1,283.55,295.0,295.95,298.1,2356533,7024.83,49693, 684887, 29.06,1.93
BALMLAWRIE, EQ, 09-Aug-2021,136.9,138.0,139.7,134.5, 135.25,135.7,136.48,342072,466.87,4808, 146986, 42.97,-0.88
BALMLAWRIE, EQ, 09-Aug-2023,146.85,146.85,152.0,145.5, 150.20,150.55,148.52,809905,1202.84,9951, 350835, 43.32,2.52
BALMLAWRIE, EQ, 09-Aug-2024,271.95,274.0,275.9,268.0,268.5,269.1,271.5,404092,1097.1,12881, 201795, 49.94,-1.05
BALMLAWRIE, EQ, 09-Sep-2020,116.15,115.15,118.15,114.7, 117.35,116.85,115.73,199028,230.33,2651, 114517, 57.54,0.6
BALMLAWRIE, EQ, 09-Sep-2021,132.6,133.0,134.0,132.45, 133.60,133.45,133.33,211914,282.55,3269, 100265, 47.31,0.64
BALMLAWRIE, EQ, 09-Sep-2022,128.0,128.95,128.95,127.5, 128.00,127.9,127.95,243240,311.21,2734, 154622, 63.57,-0.08
BALMLAWRIE, EQ, 09-Sep-2024,276.3,277.0,277.0,271.5,275.75,275.3,274.9,273312,751.33,9500, 126549, 46.30,-0.36
BALMLAWRIE, EQ, 09-Oct-2020,100.4,101.45,104.0,99.8, 103.00,102.4,102.09,169526,173.07,2730, 75524, 44.55,1.99
BALMLAWRIE, EQ, 09-Oct-2023,147.45,144.05,146.05,140.05, 142.30,142.45,143.16,642492,919.81,8365, 342413, 53.29,-3.39
BALMLAWRIE, EQ, 09-Oct-2024,257.3,257.3,258.65,254.25,255.55,255.05,256.45,180089,461.84,6893, 100624, 55.87,-0.87
BALMLAWRIE, EQ, 09-Nov-2020,101.35,100.7,102.15,100.4, 100.75,100.6,100.92,161907,163.4,2081, 120538, 74.45,-0.74
BALMLAWRIE, EQ, 09-Nov-2021,128.2,128.3,130.9,128.3,129.65,129.95,129.78,201303,261.26,3357, 98317, 48.84,1.37
BALMLAWRIE, EQ, 09-Nov-2022,115.0,115.95,116.3,114.15, 114.80,114.6,115.38,172982,199.59,2824, 99858, 57.73,-0.35
BALMLAWRIE, EQ, 09-Nov-2023,149.1,149.0,149.3,144.4, 145.05,145.0,146.38,489526,716.56,7257, 236416, 48.29,-2.75
BALMLAWRIE, EQ, 09-Dec-2020,116.95,118.05,118.05,116.6,116.9,116.8,117.21,230736,270.45,4159, 120576, 52.26,-0.13
BALMLAWRIE, EQ, 09-Dec-2021,120.3,120.95,123.0,120.1, 121.50,120.95,121.12,194855,236.0,3979, 98868, 50.74,0.54
BALMLAWRIE, EQ, 09-Dec-2022,122.75,122.75,124.7,120.05, 120.95,120.95,121.96,277306,338.21,4069, 182798, 65.92,-1.47
BALMLAWRIE, EQ, 09-Dec-2024,234.43,235.0,238.43,234.43,235.8,235.86,236.27,161091,380.61,6937, 71217, 44.21,0.61
BALMLAWRIE, EQ, 10-Jan-2020,122.95,123.7,124.55,122.3, 122.50,122.7,123.03,87555,107.72,1779, 50489, 57.67,-0.2
BALMLAWRIE, EQ, 10-Jan-2022,135.9,135.7,135.7,133.95,134.45,134.65,134.63,392553,528.51,6613, 216273, 55.09,-0.92
BALMLAWRIE, EQ, 10-Jan-2023,129.15,129.45,130.8,126.5,127.5,127.25,128.29,351625,451.1,5358, 159626, 45.40,-1.47
BALMLAWRIE, EQ, 10-Jan-2024,220.25,220.8,235.8,216.5, 233.70,232.5,228.04,3843344,8764.53,45873, 1373174, 35.73,5.56
BALMLAWRIE, EQ, 10-Jan-2025,211.74,211.0,211.0,203.0,207.8,207.08,206.54,163665,338.03,10287, 63826, 39.00,-2.2
BALMLAWRIE, EQ, 10-Feb-2020,117.3,117.0,117.6,114.7, 115.40,115.25,116.18,64925,75.43,1334, 50342, 77.54,-1.75
BALMLAWRIE, EQ, 10-Feb-2021,114.9,114.9,117.45,114.0,115.0,114.75,115.63,301110,348.18,4147, 128148, 42.56,-0.13
BALMLAWRIE, EQ, 10-Feb-2022,127.5,129.7,130.0,127.65,127.7,128.05,128.74,241293,310.64,4455, 102882, 42.64,0.43
BALMLAWRIE, EQ, 10-Feb-2023,118.95,119.0,120.0,117.0, 118.40,118.1,118.37,87221,103.24,4115, 33841, 38.80,-0.71
BALMLAWRIE, EQ, 10-Feb-2025,191.68,192.8,192.8,186.5,187.0,186.9,188.6,120778,227.78,7534, 63869, 52.88,-2.49
BALMLAWRIE, EQ, 10-Mar-2021,154.15,154.15,156.4,150.3, 151.90,151.35,152.46,1525190,2325.36,21112, 540693, 35.45,-1.82
BALMLAWRIE, EQ, 10-Mar-2022,116.55,118.35,119.2,117.25, 117.55,117.85,118.22,148663,175.75,3125, 71759, 48.27,1.12
BALMLAWRIE, EQ, 10-Mar-2023,115.6,116.0,116.0,114.75, 116.00,115.45,115.4,59088,68.19,1827, 36990, 62.60,-0.13
BALMLAWRIE, EQ, 10-Mar-2025,177.27,176.0,179.6,171.1,174.46,173.79,173.94,608060,1057.64,12925, 344866, 56.72,-1.96
BALMLAWRIE, EQ, 10-Apr-2023,113.7,114.0,114.35,113.15, 113.90,113.5,113.74,78255,89.01,1494, 45774, 58.49,-0.18
BALMLAWRIE, EQ, 10-Apr-2024,258.7,259.8,259.8,255.2, 257.40,257.85,257.27,331325,852.41,8995, 167817, 50.65,-0.33
BALMLAWRIE, EQ, 10-May-2021,125.7,126.8,136.0,126.45, 133.65,133.35,131.98,1502895,1983.5,15167, 468466, 31.17,6.09
BALMLAWRIE, EQ, 10-May-2022,114.8,115.4,115.9,112.0, 113.00,113.35,114.07,138736,158.26,3319, 85819, 61.86,-1.26
BALMLAWRIE, EQ, 10-May-2023,123.15,123.75,125.15,122.6,124.0,124.05,124.0,173071,214.61,2047, 104285, 60.26,0.73
BALMLAWRIE, EQ, 10-May-2024,278.8,280.75,282.05,268.6,275.8,276.45,275.3,827194,2277.26,20997, 246121, 29.75,-0.84
BALMLAWRIE, EQ, 10-Jun-2020,107.55,106.0,107.75,105.4, 106.30,106.0,106.17,115819,122.97,2094, 70706, 61.05,-1.44
BALMLAWRIE, EQ, 10-Jun-2021,140.15,141.2,143.9,139.4, 141.00,141.0,141.46,539146,762.66,6363, 188162, 34.90,0.61
BALMLAWRIE, EQ, 10-Jun-2022,114.85,114.4,114.8,113.8,114.45,114.35,114.11,74578,85.1,1480, 45635, 61.19,-0.44
BALMLAWRIE, EQ, 10-Jun-2024,257.45,262.45,263.05,256.7,260.15,260.7,260.7,598632,1560.63,13024, 295799, 49.41,1.26
BALMLAWRIE, EQ, 10-Jul-2020,112.15,111.4,112.65,110.6,111.0,111.0,111.34,129204,143.85,1645, 83253, 64.44,-1.03
BALMLAWRIE, EQ, 10-Jul-2023,135.85,136.55,136.55,134.1,135.0,134.65,135.0,194108,262.05,2589, 111904, 57.65,-0.88
BALMLAWRIE, EQ, 10-Jul-2024,295.95,296.4,296.8,284.7,291.35,291.2,290.31,781105,2267.63,24011, 291088, 37.27,-1.61
BALMLAWRIE, EQ, 10-Aug-2020,116.45,117.25,117.4,115.25, 116.10,115.95,116.37,153523,178.65,2001, 94398, 61.49,-0.43
BALMLAWRIE, EQ, 10-Aug-2021,135.7,136.0,136.25,130.5, 132.50,131.85,133.02,360299,479.27,6060, 220890, 61.31,-2.84
BALMLAWRIE, EQ, 10-Aug-2022,118.3,118.25,118.75,117.5,118.7,118.35,118.2,168201,198.82,2531, 100066, 59.49,0.04
BALMLAWRIE, EQ, 10-Aug-2023,150.55,151.1,151.85,147.25, 148.75,148.2,148.79,528798,786.78,6280, 271819, 51.40,-1.56
BALMLAWRIE, EQ, 10-Sep-2020,116.85,118.0,118.0,117.0, 117.50,117.35,117.39,144889,170.09,1969, 76009, 52.46,0.43
BALMLAWRIE, EQ, 10-Sep-2024,275.3,280.0,283.95,277.65,283.5,282.9,282.34,475475,1342.46,7944, 250552, 52.70,2.76
BALMLAWRIE, EQ, 10-Oct-2022,115.1,114.35,115.95,111.6, 114.85,113.65,114.95,169150,194.43,2577, 61769, 36.52,-1.26
BALMLAWRIE, EQ, 10-Oct-2023,142.45,143.1,146.55,143.1, 145.85,145.55,145.22,266056,386.36,3749, 118249, 44.45,2.18
BALMLAWRIE, EQ, 10-Oct-2024,255.05,254.1,258.8,253.4,257.0,257.25,256.4,192340,493.16,7420, 94929, 49.35,0.86
BALMLAWRIE, EQ, 10-Nov-2020,100.6,102.15,102.15,100.5, 100.85,100.7,100.97,139698,141.05,2234, 97665, 69.91,0.1
BALMLAWRIE, EQ, 10-Nov-2021,129.95,128.6,131.8,128.6, 129.95,130.25,130.79,295417,386.37,6375, 134057, 45.38,0.23
BALMLAWRIE, EQ, 10-Nov-2022,114.6,114.5,115.0,112.55, 113.40,113.25,113.56,116645,132.47,2216, 69629, 59.69,-1.18
BALMLAWRIE, EQ, 10-Nov-2023,145.0,145.0,146.35,144.0,145.45,144.8,145.16,308375,447.63,4458, 128024, 41.52,-0.14
BALMLAWRIE, EQ, 10-Dec-2020,116.8,117.0,117.25,114.2, 114.50,114.6,115.12,204054,234.9,3783, 108533, 53.19,-1.88
BALMLAWRIE, EQ, 10-Dec-2021,120.95,120.95,123.0,120.2, 121.25,121.0,121.3,166245,201.66,4381, 69642, 41.89,0.04
BALMLAWRIE, EQ, 10-Dec-2024,235.86,236.8,243.8,235.0,242.0,241.74,239.14,510177,1220.05,11736, 227940, 44.68,2.49
BALMLAWRIE, EQ, 11-Jan-2021,124.75,125.05,125.75,120.4, 121.95,121.85,122.63,463496,568.4,5624, 251846, 54.34,-2.32
BALMLAWRIE, EQ, 11-Jan-2022,134.65,135.0,137.45,133.5,134.5,134.3,135.4,394682,534.38,6335, 167263, 42.38,-0.26
BALMLAWRIE, EQ, 11-Jan-2023,127.25,128.0,128.6,126.0, 126.95,126.95,127.42,279301,355.89,3670, 133719, 47.88,-0.24
BALMLAWRIE, EQ, 11-Jan-2024,232.5,247.35,260.75,242.65, 247.80,248.25,250.92,11914396,29895.89,111425, 4057694, 34.06,6.77
BALMLAWRIE, EQ, 11-Feb-2020,115.25,115.25,116.4,114.05, 114.45,114.3,115.3,58531,67.48,1275, 34821, 59.49,-0.82
BALMLAWRIE, EQ, 11-Feb-2021,114.75,114.15,116.4,114.15,114.6,114.65,115.07,282740,325.35,4099, 138348, 48.93,-0.09
BALMLAWRIE, EQ, 11-Feb-2022,128.05,126.15,127.7,125.1,125.7,125.45,126.09,183958,231.95,2819, 111868, 60.81,-2.03
BALMLAWRIE, EQ, 11-Feb-2025,186.9,187.0,187.35,182.74,184.1,184.84,184.63,180552,333.36,13561, 77141, 42.73,-1.1
BALMLAWRIE, EQ, 11-Mar-2020,90.95,91.4,93.9,88.2, 90.95,90.15,90.65,132826,120.41,2148, 82580, 62.17,-0.88
BALMLAWRIE, EQ, 11-Mar-2022,117.85,118.3,119.55,117.7, 118.90,118.75,118.7,214467,254.57,2883, 142045, 66.23,0.76
BALMLAWRIE, EQ, 11-Mar-2024,245.35,244.0,244.0,232.5, 234.25,234.1,236.4,453816,1072.82,17004, 215719, 47.53,-4.59
BALMLAWRIE, EQ, 11-Mar-2025,173.79,172.4,175.11,168.81,172.8,173.14,172.82,416012,718.94,11639, 208766, 50.18,-0.37
BALMLAWRIE, EQ, 11-Apr-2022,124.3,124.5,132.5,123.4,127.35,127.55,128.5,1720877,2211.26,16992, 535095, 31.09,2.61
BALMLAWRIE, EQ, 11-Apr-2023,113.5,113.95,114.9,112.3, 113.45,113.15,113.79,115490,131.41,2010, 64056, 55.46,-0.31
BALMLAWRIE, EQ, 11-Apr-2025,186.3,188.13,191.5,186.5,187.75,187.07,189.05,236559,447.21,9139, 102543, 43.35,0.41
BALMLAWRIE, EQ, 11-May-2020,94.25,93.5,95.55,93.5, 93.75,93.6,94.23,53242,50.17,1331, 28716, 53.93,-0.69
BALMLAWRIE, EQ, 11-May-2021,133.35,131.8,145.9,130.0, 143.50,143.6,140.98,5122775,7222.02,49647, 1390276, 27.14,7.69
BALMLAWRIE, EQ, 11-May-2022,113.35,113.8,114.3,110.5,111.75,111.15,111.83,185903,207.89,4347, 103523, 55.69,-1.94
BALMLAWRIE, EQ, 11-May-2023,124.05,124.05,126.75,123.5, 124.00,123.9,124.86,262329,327.55,3086, 145334, 55.40,-0.12
BALMLAWRIE, EQ, 11-Jun-2020,106.0,106.25,108.85,104.25, 104.50,104.9,106.2,109300,116.07,2273, 47752, 43.69,-1.04
BALMLAWRIE, EQ, 11-Jun-2021,141.0,142.0,142.8,141.0, 141.40,141.35,141.77,354644,502.8,4439, 152978, 43.14,0.25
BALMLAWRIE, EQ, 11-Jun-2024,260.7,262.0,266.95,261.1,265.1,265.15,264.63,570157,1508.79,12019, 223429, 39.19,1.71
BALMLAWRIE, EQ, 11-Jul-2022,110.75,110.95,111.6,110.1,111.0,111.1,111.06,50355,55.92,968, 31293, 62.14,0.32
BALMLAWRIE, EQ, 11-Jul-2023,134.65,135.05,137.65,133.0, 135.95,135.05,136.18,353867,481.89,4689, 155042, 43.81,0.3
BALMLAWRIE, EQ, 11-Jul-2024,291.2,291.2,302.85,289.05,299.5,298.65,298.65,1513294,4519.47,34933, 651882, 43.08,2.56
BALMLAWRIE, EQ, 11-Aug-2020,115.95,116.7,117.0,115.0,115.5,115.35,115.98,190270,220.68,2592, 87029, 45.74,-0.52
BALMLAWRIE, EQ, 11-Aug-2021,131.85,131.85,132.75,126.6, 129.00,129.4,129.03,386522,498.71,6181, 160832, 41.61,-1.86
BALMLAWRIE, EQ, 11-Aug-2022,118.35,118.75,119.95,117.8,118.35,118.3,118.69,131865,156.51,2583, 80917, 61.36,-0.04
BALMLAWRIE, EQ, 11-Aug-2023,148.2,148.45,149.8,146.8, 147.25,147.2,148.13,304813,451.53,3837, 157532, 51.68,-0.67
BALMLAWRIE, EQ, 11-Sep-2020,117.35,117.5,118.2,116.8, 117.60,117.5,117.34,186804,219.2,2001, 93916, 50.28,0.13
BALMLAWRIE, EQ, 11-Sep-2023,168.75,170.0,174.95,169.0, 171.40,171.65,171.82,2665864,4580.36,20912, 1045900, 39.23,1.72
BALMLAWRIE, EQ, 11-Sep-2024,282.9,285.0,288.4,276.75,278.55,278.35,282.55,607386,1716.14,12042, 241625, 39.78,-1.61
BALMLAWRIE, EQ, 11-Oct-2021,130.15,130.8,131.4,129.2, 129.95,129.6,130.31,221393,288.49,4396, 121611, 54.93,-0.42
BALMLAWRIE, EQ, 11-Oct-2022,113.65,114.4,115.5,113.0, 113.25,113.7,114.57,73440,84.14,2032, 44138, 60.10,0.04
BALMLAWRIE, EQ, 11-Oct-2023,145.55,146.25,147.25,144.5, 145.00,144.8,145.73,244173,355.84,3682, 134995, 55.29,-0.52
BALMLAWRIE, EQ, 11-Oct-2024,257.25,255.0,257.85,250.1,252.45,251.8,254.0,204436,519.27,8968, 106323, 52.01,-2.12
BALMLAWRIE, EQ, 11-Nov-2020,100.7,101.5,101.5,100.0, 100.60,100.45,100.62,121618,122.37,1791, 77260, 63.53,-0.25
BALMLAWRIE, EQ, 11-Nov-2021,130.25,128.0,129.2,126.5, 127.15,126.95,127.44,284668,362.77,4269, 170411, 59.86,-2.53
BALMLAWRIE, EQ, 11-Nov-2022,113.25,114.0,114.8,112.5,113.2,113.0,113.3,130512,147.88,2658, 87357, 66.93,-0.22
BALMLAWRIE, EQ, 11-Nov-2024,228.82,228.82,228.92,224.25, 225.20,224.79,225.44,173399,390.91,6449, 85974, 49.58,-1.76
BALMLAWRIE, EQ, 11-Dec-2020,114.6,114.9,118.6,114.9, 116.05,116.3,116.97,318427,372.48,4927, 114167, 35.85,1.48
BALMLAWRIE, EQ, 11-Dec-2023,171.85,173.1,174.45,171.2, 171.55,171.7,172.59,1067743,1842.83,14314, 582751, 54.58,-0.09
BALMLAWRIE, EQ, 11-Dec-2024,241.74,243.2,246.0,239.4,242.0,242.05,242.31,213803,518.07,7402, 99237, 46.42,0.13
BALMLAWRIE, EQ, 12-Jan-2021,121.85,123.25,129.4,122.85, 125.05,124.75,125.87,1033298,1300.62,13104, 290805, 28.14,2.38
BALMLAWRIE, EQ, 12-Jan-2022,134.3,135.0,136.0,132.5,133.1,132.8,133.71,273253,365.36,4978, 158181, 57.89,-1.12
BALMLAWRIE, EQ, 12-Jan-2023,126.95,127.45,127.8,125.05, 125.60,125.55,125.99,183449,231.13,2269, 100058, 54.54,-1.1
BALMLAWRIE, EQ, 12-Jan-2024,248.25,250.75,258.0,243.6,255.5,256.45,252.47,4016186,10139.64,44061, 1338938, 33.34,3.3
BALMLAWRIE, EQ, 12-Feb-2020,114.3,114.3,116.0,114.0, 115.00,115.0,114.89,77082,88.56,1635, 51496, 66.81,0.61
BALMLAWRIE, EQ, 12-Feb-2021,114.65,114.65,115.95,114.0,114.05,114.25,114.74,200729,230.32,2935, 91066, 45.37,-0.35
BALMLAWRIE, EQ, 12-Feb-2024,264.4,264.4,264.4,233.95, 237.75,237.4,247.25,1634770,4041.94,47227, 651128, 39.83,-10.21
BALMLAWRIE, EQ, 12-Feb-2025,184.84,183.5,183.5,174.0,175.41,176.51,177.47,471686,837.08,25056, 228630, 48.47,-4.51
BALMLAWRIE, EQ, 12-Mar-2020,90.15,88.0,88.35,81.6, 86.25,85.3,85.13,276594,235.47,3097, 173921, 62.88,-5.38
BALMLAWRIE, EQ, 12-Mar-2021,151.35,154.6,161.5,149.25, 152.80,152.8,155.94,2865410,4468.37,33476, 967355, 33.76,0.96
BALMLAWRIE, EQ, 12-Mar-2024,234.1,232.1,234.6,223.2, 225.60,225.45,226.95,658577,1494.63,20884, 331523, 50.34,-3.7
BALMLAWRIE, EQ, 12-Mar-2025,173.14,172.4,174.3,170.5,173.15,172.61,172.04,295465,508.32,6542, 180223, 61.00,-0.31
BALMLAWRIE, EQ, 12-Apr-2021,129.85,127.9,127.9,120.0, 121.05,120.95,122.73,591420,725.83,8430, 287814, 48.66,-6.85
BALMLAWRIE, EQ, 12-Apr-2022,127.55,128.0,128.35,124.15, 125.55,125.55,125.7,277846,349.25,3203, 104310, 37.54,-1.57
BALMLAWRIE, EQ, 12-Apr-2023,113.15,113.75,115.0,113.35, 114.50,114.45,114.3,86416,98.78,1491, 51612, 59.73,1.15
BALMLAWRIE, EQ, 12-Apr-2024,257.85,255.5,262.6,254.4, 258.00,257.3,258.95,540116,1398.61,15568, 215277, 39.86,-0.21
BALMLAWRIE, EQ, 12-May-2020,93.6,93.75,93.75,91.6, 92.55,92.65,92.4,84007,77.62,1782, 45706, 54.41,-1.01
BALMLAWRIE, EQ, 12-May-2021,143.6,144.7,151.4,140.15,141.5,142.0,146.83,4386886,6441.44,57722, 1111663, 25.34,-1.11
BALMLAWRIE, EQ, 12-May-2022,111.15,110.8,114.0,110.1,110.75,110.5,111.1,180622,200.66,4771, 80431, 44.53,-0.58
BALMLAWRIE, EQ, 12-May-2023,123.9,124.0,125.6,123.0, 124.05,123.9,124.17,135715,168.52,2145, 81107, 59.76,0.0
BALMLAWRIE, EQ, 12-Jun-2020,104.9,101.85,104.3,100.1, 102.80,103.35,102.66,139149,142.85,2264, 66513, 47.80,-1.48
BALMLAWRIE, EQ, 12-Jun-2023,131.65,132.0,137.4,131.85, 134.10,134.6,135.06,1053123,1422.34,11462, 426376, 40.49,2.24
BALMLAWRIE, EQ, 12-Jun-2024,265.15,266.0,273.65,262.35,265.5,263.65,267.72,663914,1777.43,13551, 303635, 45.73,-0.57
BALMLAWRIE, EQ, 12-Jul-2021,138.1,138.9,139.75,137.5, 137.75,138.0,138.8,253954,352.49,4389, 98906, 38.95,-0.07
BALMLAWRIE, EQ, 12-Jul-2022,111.1,111.15,112.85,110.5,110.6,110.8,111.49,81062,90.38,1225, 42437, 52.35,-0.27
BALMLAWRIE, EQ, 12-Jul-2023,135.05,135.75,138.25,135.2, 137.45,137.6,137.2,458613,629.2,5182, 229142, 49.96,1.89
BALMLAWRIE, EQ, 12-Jul-2024,298.65,300.4,311.5,299.0,302.15,302.0,305.7,1754763,5364.35,38363, 702826, 40.05,1.12
BALMLAWRIE, EQ, 12-Aug-2020,115.35,115.2,115.8,114.0,115.0,114.9,114.97,146535,168.47,2215, 67677, 46.18,-0.39
BALMLAWRIE, EQ, 12-Aug-2021,129.4,129.4,133.45,129.4, 133.00,132.9,131.94,265299,350.03,4120, 139996, 52.77,2.7
BALMLAWRIE, EQ, 12-Aug-2022,118.3,118.45,118.45,116.2,117.65,117.4,117.29,133764,156.89,2652, 86644, 64.77,-0.76
BALMLAWRIE, EQ, 12-Aug-2024,269.1,265.0,269.75,262.6,267.8,266.6,266.28,238690,635.59,9544, 92766, 38.86,-0.93
BALMLAWRIE, EQ, 12-Sep-2022,127.9,129.9,130.25,129.0, 129.50,129.5,129.65,412797,535.18,4247, 272260, 65.95,1.25
BALMLAWRIE, EQ, 12-Sep-2023,171.65,172.85,173.2,156.8, 158.20,157.7,162.59,2917871,4744.09,26309, 1387195, 47.54,-8.13
BALMLAWRIE, EQ, 12-Sep-2024,278.35,280.0,282.4,278.35,281.35,280.05,279.89,250837,702.06,5918, 168459, 67.16,0.61
BALMLAWRIE, EQ, 12-Oct-2020,102.4,102.05,103.3,101.75, 103.00,102.2,102.54,127647,130.89,1744, 72054, 56.45,-0.2
BALMLAWRIE, EQ, 12-Oct-2021,129.6,130.4,130.75,129.2, 130.45,130.05,129.98,233648,303.7,4417, 92561, 39.62,0.35
BALMLAWRIE, EQ, 12-Oct-2022,113.7,114.45,114.45,111.1, 112.40,112.3,112.62,80406,90.55,2363, 40681, 50.59,-1.23
BALMLAWRIE, EQ, 12-Oct-2023,144.8,145.5,148.95,145.2, 147.50,146.85,147.22,456275,671.74,6336, 198219, 43.44,1.42
BALMLAWRIE, EQ, 12-Nov-2020,100.45,101.4,101.4,100.4, 100.50,100.5,100.66,100318,100.98,1426, 68354, 68.14,0.05
BALMLAWRIE, EQ, 12-Nov-2021,126.95,128.0,128.35,126.05, 126.95,126.8,126.99,134321,170.57,2916, 55637, 41.42,-0.12
BALMLAWRIE, EQ, 12-Nov-2024,224.79,227.7,230.35,220.0,221.89,223.22,225.74,162373,366.53,8981, 76646, 47.20,-0.7
BALMLAWRIE, EQ, 12-Dec-2022,120.95,120.0,123.8,119.1, 123.50,123.05,122.43,278122,340.49,3748, 144367, 51.91,1.74
BALMLAWRIE, EQ, 12-Dec-2023,171.7,172.75,173.3,168.05, 169.90,169.2,170.42,710679,1211.15,12742, 353411, 49.73,-1.46
BALMLAWRIE, EQ, 12-Dec-2024,242.05,242.0,242.25,237.42,238.5,240.26,239.85,128416,308.01,5833, 55034, 42.86,-0.74
BALMLAWRIE, EQ, 13-Jan-2020,122.7,122.5,122.5,121.1, 121.25,121.7,121.64,137212,166.91,2212, 101408, 73.91,-0.81
BALMLAWRIE, EQ, 13-Jan-2021,124.75,126.0,126.8,122.65, 123.80,123.8,124.15,633954,787.04,7294, 277009, 43.70,-0.76
BALMLAWRIE, EQ, 13-Jan-2022,132.8,133.4,134.4,131.8, 132.55,132.75,132.86,240273,319.23,4425, 114927, 47.83,-0.04
BALMLAWRIE, EQ, 13-Jan-2023,125.55,126.0,126.5,124.6,125.1,125.2,125.37,143663,180.11,2453, 75748, 52.73,-0.28
BALMLAWRIE, EQ, 13-Jan-2025,207.08,206.0,206.0,195.78,197.5,197.36,200.1,264745,529.76,15197, 129067, 48.75,-4.69
BALMLAWRIE, EQ, 13-Feb-2020,115.0,115.9,115.9,113.5, 114.00,114.0,114.46,66746,76.4,1125, 50069, 75.01,-0.87
BALMLAWRIE, EQ, 13-Feb-2023,118.1,118.1,120.15,117.0,117.7,117.2,118.66,105707,125.43,1862, 59247, 56.05,-0.76
BALMLAWRIE, EQ, 13-Feb-2024,237.4,235.5,248.95,235.5, 245.00,243.85,243.88,1187831,2896.91,34945, 373587, 31.45,2.72
BALMLAWRIE, EQ, 13-Feb-2025,176.51,177.0,178.25,171.9,171.9,172.29,174.38,403393,703.43,17660, 202775, 50.27,-2.39
BALMLAWRIE, EQ, 13-Mar-2020,85.3,73.65,89.6,69.0, 87.50,86.7,81.89,248860,203.79,3887, 156655, 62.95,1.64
BALMLAWRIE, EQ, 13-Mar-2023,115.45,114.7,115.75,113.0, 113.80,113.5,114.11,99263,113.27,1741, 68313, 68.82,-1.69
BALMLAWRIE, EQ, 13-Mar-2024,225.45,224.8,230.0,203.7, 206.00,206.35,213.02,1477297,3146.94,45353, 626818, 42.43,-8.47
BALMLAWRIE, EQ, 13-Mar-2025,172.61,173.75,176.0,171.5,172.15,171.93,174.2,306868,534.55,7555, 162487, 52.95,-0.39
BALMLAWRIE, EQ, 13-Apr-2020,85.65,90.0,94.7,87.6, 90.80,91.25,91.89,477292,438.58,6909,139884,31.64,6.54
BALMLAWRIE, EQ, 13-Apr-2021,120.95,121.0,125.1,121.0, 124.55,124.6,123.54,253132,312.73,3875, 78838, 31.15,3.02
BALMLAWRIE, EQ, 13-Apr-2022,125.55,125.55,126.3,124.35,124.8,124.6,125.11,156789,196.16,2314, 78838, 50.28,-0.76
BALMLAWRIE, EQ, 13-Apr-2023,114.45,114.5,114.55,112.8, 113.00,113.25,113.52,115068,130.62,1441, 77648, 67.48,-1.05
BALMLAWRIE, EQ, 13-May-2020,92.65,95.0,103.45,94.0,101.8,101.65,100.14,687142,688.09,8328, 136597, 19.88,9.71
BALMLAWRIE, EQ, 13-May-2022,110.5,112.7,113.75,111.7,112.6,112.2,112.81,109849,123.92,2631, 64112, 58.36,1.54
BALMLAWRIE, EQ, 13-May-2024,276.45,277.9,289.2,270.2,288.15,287.7,280.52,1076313,3019.26,26132, 400760, 37.23,4.07
BALMLAWRIE, EQ, 13-Jun-2022,114.35,113.75,114.0,112.0,112.95,112.55,112.87,124472,140.49,2403, 78652, 63.19,-1.57
BALMLAWRIE, EQ, 13-Jun-2023,134.6,134.95,139.45,134.6, 136.95,136.65,137.3,991759,1361.66,9999, 502872, 50.71,1.52
BALMLAWRIE, EQ, 13-Jun-2024,263.65,265.85,269.75,262.3,264.9,265.15,265.19,414647,1099.6,11433, 206447, 49.79,0.57
BALMLAWRIE, EQ, 13-Jul-2020,111.0,111.6,111.95,108.8, 109.50,109.35,110.19,201089,221.57,2683, 133280, 66.28,-1.49
BALMLAWRIE, EQ, 13-Jul-2021,138.0,138.35,139.25,138.0, 138.20,138.2,138.46,152222,210.77,2599, 82858, 54.43,0.14
BALMLAWRIE, EQ, 13-Jul-2022,110.8,111.0,111.7,110.85,111.0,111.05,111.21,51923,57.74,755, 35182, 67.76,0.23
BALMLAWRIE, EQ, 13-Jul-2023,137.6,138.0,138.65,135.0, 135.60,135.5,136.76,352455,482.03,4793, 185504, 52.63,-1.53
BALMLAWRIE, EQ, 13-Aug-2020,114.9,114.15,116.65,114.15, 115.00,115.35,115.72,146066,169.03,1906, 65554, 44.88,0.39
BALMLAWRIE, EQ, 13-Aug-2021,132.9,133.3,133.8,131.9,132.45,132.4,132.85,183444,243.71,3797, 85033, 46.35,-0.38
BALMLAWRIE, EQ, 13-Aug-2024,266.6,268.9,272.9,265.0,265.5,265.7,268.65,237808,638.86,10138, 101107, 42.52,-0.34
BALMLAWRIE, EQ, 13-Sep-2021,133.45,134.95,136.3,134.1, 135.15,135.1,135.22,524284,708.94,6911, 219249, 41.82,1.24
BALMLAWRIE, EQ, 13-Sep-2022,129.5,130.0,130.9,128.5, 129.15,128.9,129.49,353771,458.11,3745, 209562, 59.24,-0.46
BALMLAWRIE, EQ, 13-Sep-2023,157.7,158.5,166.95,157.15, 166.00,165.75,162.87,2118337,3450.23,19973, 805756, 38.04,5.1
BALMLAWRIE, EQ, 13-Sep-2024,280.05,284.0,285.85,280.1,282.0,281.85,282.62,490430,1386.05,10994, 223061, 45.48,0.64
BALMLAWRIE, EQ, 13-Oct-2020,102.2,101.0,104.15,101.0, 104.00,103.05,102.49,147027,150.69,1946, 100047, 68.05,0.83
BALMLAWRIE, EQ, 13-Oct-2021,130.05,130.6,133.7,129.65,131.8,131.5,132.22,528865,699.27,6904, 239800, 45.34,1.11
BALMLAWRIE, EQ, 13-Oct-2022,112.3,112.5,113.25,111.65,112.0,111.95,112.19,47824,53.65,1057, 32587, 68.14,-0.31
BALMLAWRIE, EQ, 13-Oct-2023,146.85,146.35,147.6,143.5, 144.65,144.95,146.03,291651,425.89,4242, 160666, 55.09,-1.29
BALMLAWRIE, EQ, 13-Nov-2020,100.5,101.5,101.85,100.3,100.5,100.6,101.01,237374,239.78,3059, 143939, 60.64,0.1
BALMLAWRIE, EQ, 13-Nov-2023,149.5,149.25,157.35,147.5, 155.50,155.35,154.56,1701691,2630.19,19305, 685424, 40.28,3.91
BALMLAWRIE, EQ, 13-Nov-2024,223.22,223.22,225.49,215.0,217.3,216.51,220.69,327560,722.89,21740, 133692, 40.81,-3.01
BALMLAWRIE, EQ, 13-Dec-2021,121.0,121.6,122.45,120.3,120.9,120.65,121.39,125243,152.04,2131, 68010, 54.30,-0.29
BALMLAWRIE, EQ, 13-Dec-2022,123.05,123.9,127.8,123.4, 124.85,125.15,125.83,597130,751.36,7820, 322149, 53.95,1.71
BALMLAWRIE, EQ, 13-Dec-2023,169.2,170.05,171.25,167.05, 169.70,169.9,169.5,646674,1096.08,10582, 344689, 53.30,0.41
BALMLAWRIE, EQ, 13-Dec-2024,240.26,239.0,240.0,233.0,234.85,234.81,234.94,186516,438.2,6607, 70570, 37.84,-2.27
BALMLAWRIE, EQ, 14-Jan-2020,121.7,121.8,136.0,120.7, 128.30,128.0,127.73,852280,1088.61,10068, 249712, 29.30,5.18
BALMLAWRIE, EQ, 14-Jan-2021,123.8,123.0,125.85,122.0, 123.90,124.1,124.06,387800,481.09,4635, 161642, 41.68,0.24
BALMLAWRIE, EQ, 14-Jan-2022,132.75,132.75,134.2,132.0, 133.20,132.95,133.28,187495,249.89,3177, 95525, 50.95,0.15
BALMLAWRIE, EQ, 14-Jan-2025,197.36,198.0,204.17,197.63,200.0,199.3,200.13,242838,485.99,11062, 116746, 48.08,0.98
BALMLAWRIE, EQ, 14-Feb-2020,114.0,114.3,114.7,112.2, 112.25,112.5,113.23,63677,72.1,1393, 45119, 70.86,-1.32
BALMLAWRIE, EQ, 14-Feb-2022,125.45,124.0,124.0,120.0,120.55,120.15,121.81,192033,233.92,4020, 114666, 59.71,-4.22
BALMLAWRIE, EQ, 14-Feb-2023,117.2,117.35,117.9,115.85,116.45,116.25,116.54,84432,98.4,3578, 45094, 53.41,-0.81
BALMLAWRIE, EQ, 14-Feb-2024,243.85,242.7,257.95,240.1, 256.30,255.65,251.21,690060,1733.51,20768, 289668, 41.98,4.84
BALMLAWRIE, EQ, 14-Feb-2025,172.29,171.99,172.05,161.31,164.4,164.31,165.84,381405,632.53,19293, 213047, 55.86,-4.63
BALMLAWRIE, EQ, 14-Mar-2022,118.75,118.75,119.9,117.05,117.7,117.6,118.48,160243,189.86,2896, 103041, 64.30,-0.97
BALMLAWRIE, EQ, 14-Mar-2023,113.5,113.5,114.65,112.5, 112.95,112.75,113.17,77637,87.86,1511, 59964, 77.24,-0.66
BALMLAWRIE, EQ, 14-Mar-2024,206.35,205.0,218.6,202.0, 214.05,215.15,213.21,688287,1467.49,23714, 266556, 38.73,4.26
BALMLAWRIE, EQ, 14-May-2020,101.65,100.4,100.85,97.9,99.45,98.9,99.02,116558,115.42,2245, 54632, 46.87,-2.71
BALMLAWRIE, EQ, 14-May-2021,142.0,142.9,144.65,135.8, 137.10,136.9,139.26,927611,1291.82,11507, 391897, 42.25,-3.59
BALMLAWRIE, EQ, 14-May-2024,287.7,290.6,299.85,287.05,299.45,296.95,293.76,1964253,5770.16,31717, 816052, 41.55,3.22
BALMLAWRIE, EQ, 14-Jun-2021,141.35,140.85,141.0,136.1, 139.75,139.85,139.04,381672,530.69,4881, 143245, 37.53,-1.06
BALMLAWRIE, EQ, 14-Jun-2022,112.55,112.95,113.4,111.1, 111.45,111.25,112.07,111370,124.81,1804, 55018, 49.40,-1.16
BALMLAWRIE, EQ, 14-Jun-2023,136.65,137.0,138.25,135.85, 136.80,136.8,136.86,369158,505.25,4777, 216784, 58.72,0.11
BALMLAWRIE, EQ, 14-Jun-2024,265.15,266.45,272.5,261.55,269.4,269.5,268.11,706910,1895.26,16394, 341349, 48.29,1.64
BALMLAWRIE, EQ, 14-Jul-2020,109.35,109.0,110.0,106.55,107.25,107.0,107.62,185420,199.55,2922, 131810, 71.09,-2.15
BALMLAWRIE, EQ, 14-Jul-2021,138.2,138.25,139.0,137.5, 137.70,137.6,138.01,149693,206.59,2348, 85162, 56.89,-0.43
BALMLAWRIE, EQ, 14-Jul-2022,111.05,111.05,111.95,110.45, 110.60,110.55,111.16,51901,57.69,1014, 26204, 50.49,-0.45
BALMLAWRIE, EQ, 14-Jul-2023,135.5,136.2,136.2,133.85,135.5,135.35,134.88,247586,333.95,3610, 97339, 39.32,-0.11
BALMLAWRIE, EQ, 14-Aug-2020,115.35,115.9,116.35,113.0, 113.75,113.8,114.13,228992,261.36,3207, 132560, 57.89,-1.34
BALMLAWRIE, EQ, 14-Aug-2023,147.2,147.75,149.0,145.45, 146.70,146.8,146.91,435125,639.26,4864, 231731, 53.26,-0.27
BALMLAWRIE, EQ, 14-Aug-2024,265.7,266.15,267.1,260.3,264.1,263.9,263.14,191212,503.16,8875, 73614, 38.50,-0.68
BALMLAWRIE, EQ, 14-Sep-2020,117.5,121.0,121.8,119.25,120.5,120.4,120.43,602538,725.66,6431, 365224, 60.61,2.47
BALMLAWRIE, EQ, 14-Sep-2021,135.1,136.0,136.4,135.0, 136.10,135.85,135.68,376606,510.99,4779, 221961, 58.94,0.56
BALMLAWRIE, EQ, 14-Sep-2022,128.9,128.0,129.75,127.55,129.1,129.25,128.71,415317,534.56,4971, 236034, 56.83,0.27
BALMLAWRIE, EQ, 14-Sep-2023,165.75,167.15,178.7,166.55, 173.40,172.5,174.33,7369065,12846.23,55191, 2071229, 28.11,4.07
BALMLAWRIE, EQ, 14-Oct-2020,103.05,105.0,105.95,102.55, 103.95,103.85,104.5,806398,842.72,8959, 260970, 32.36,0.78
BALMLAWRIE, EQ, 14-Oct-2021,131.5,132.0,132.4,130.0,130.4,130.6,130.84,266278,348.41,5245, 116432, 43.73,-0.68
BALMLAWRIE, EQ, 14-Oct-2022,111.95,113.8,115.3,111.45, 111.90,112.0,112.64,71121,80.11,1643, 36301, 51.04,0.04
BALMLAWRIE, EQ, 14-Oct-2024,251.8,252.75,254.05,251.85,252.6,253.0,253.01,89620,226.75,3887, 46517, 51.90,0.48
BALMLAWRIE, EQ, 14-Nov-2022,113.0,113.0,115.2,111.85,112.8,113.15,113.63,284752,323.56,4368, 116824, 41.03,0.13
BALMLAWRIE, EQ, 14-Nov-2024,216.51,216.9,222.95,214.81, 217.33,215.82,217.88,191777,417.85,12718, 61978, 32.32,-0.32
BALMLAWRIE, EQ, 14-Dec-2020,116.3,116.5,117.9,116.0,117.3,117.0,116.9,208040,243.2,3035, 85925, 41.30,0.6
BALMLAWRIE, EQ, 14-Dec-2021,120.65,121.0,121.7,118.5,119.0,119.35,120.09,172396,207.02,2533, 111690, 64.79,-1.08
BALMLAWRIE, EQ, 14-Dec-2022,125.15,125.95,126.95,124.2, 124.50,124.45,125.72,206581,259.71,3775, 117510, 56.88,-0.56
BALMLAWRIE, EQ, 14-Dec-2023,169.9,169.2,185.0,169.2, 179.45,180.0,180.46,7945134,14337.91,73023, 3415747, 42.99,5.94
BALMLAWRIE, EQ, 15-Jan-2020,128.0,126.8,127.4,122.0, 126.90,125.95,125.71,138135,173.65,2739, 63936, 46.29,-1.6
BALMLAWRIE, EQ, 15-Jan-2021,124.1,123.75,125.0,122.5,123.0,123.2,123.46,276804,341.75,4202, 118210, 42.71,-0.73
BALMLAWRIE, EQ, 15-Jan-2024,256.45,256.85,265.6,250.35, 257.25,258.0,258.96,3253857,8426.18,39163, 1085841, 33.37,0.6
BALMLAWRIE, EQ, 15-Jan-2025,199.3,200.6,205.6,199.01,202.1,202.62,202.84,144820,293.76,10019, 42824, 29.57,1.67
BALMLAWRIE, EQ, 15-Feb-2021,114.25,114.85,114.9,113.0, 113.15,113.25,113.87,237365,270.29,3417, 110131, 46.40,-0.88
BALMLAWRIE, EQ, 15-Feb-2022,120.15,119.75,122.7,119.0,122.4,122.1,120.71,180545,217.93,3973, 89902, 49.79,1.62
BALMLAWRIE, EQ, 15-Feb-2023,116.25,116.95,117.8,115.75, 117.50,117.0,116.88,132291,154.62,2800, 70778, 53.50,0.65
BALMLAWRIE, EQ, 15-Feb-2024,255.65,256.9,262.85,254.1, 259.45,260.85,258.87,814168,2107.62,23047, 315977, 38.81,2.03
BALMLAWRIE, EQ, 15-Mar-2021,152.8,153.0,153.9,144.05, 146.30,146.35,146.61,1330235,1950.28,16429, 499170, 37.52,-4.22
BALMLAWRIE, EQ, 15-Mar-2022,117.6,117.9,118.95,116.05,116.25,116.35,117.47,146424,172.0,2880, 63704, 43.51,-1.06
BALMLAWRIE, EQ, 15-Mar-2023,112.75,113.5,113.95,112.1, 112.50,112.4,112.7,72103,81.26,1344, 41924, 58.14,-0.31
BALMLAWRIE, EQ, 15-Mar-2024,215.15,214.0,231.0,210.1, 221.10,219.2,219.77,1463542,3216.37,48182, 496633, 33.93,1.88
BALMLAWRIE, EQ, 15-Apr-2020,91.25,91.0,107.5,90.05, 101.95,100.5,101.99,1414773,1442.97,15791, 286596, 20.26,10.14
BALMLAWRIE, EQ, 15-Apr-2021,124.6,124.0,124.0,120.8,121.6,121.9,121.9,327936,399.74,5570, 123658, 37.71,-2.17
BALMLAWRIE, EQ, 15-Apr-2024,257.3,251.0,253.95,242.5, 247.95,247.0,248.58,534373,1328.34,17358, 246980, 46.22,-4.0
BALMLAWRIE, EQ, 15-Apr-2025,187.07,188.8,190.5,188.11,189.75,189.68,189.5,209620,397.24,9587, 96184, 45.88,1.4
BALMLAWRIE, EQ, 15-May-2020,98.9,99.65,102.5,97.0,100.7,100.6,100.14,207584,207.88,2823, 90730, 43.71,1.72
BALMLAWRIE, EQ, 15-May-2023,123.9,124.5,125.25,122.85, 123.30,123.15,123.94,113747,140.98,1983, 70353, 61.85,-0.61
BALMLAWRIE, EQ, 15-May-2024,296.95,301.0,310.8,298.75,301.3,302.5,304.27,2636482,8021.95,43917, 821839, 31.17,1.87
BALMLAWRIE, EQ, 15-Jun-2020,103.35,103.85,108.55,103.0,104.05,104.2,104.97,173532,182.16,3101, 86624, 49.92,0.82
BALMLAWRIE, EQ, 15-Jun-2021,139.85,142.0,146.45,140.35, 143.20,142.9,143.98,1226000,1765.24,13050, 454492, 37.07,2.18
BALMLAWRIE, EQ, 15-Jun-2022,111.25,111.85,112.65,111.15, 111.40,111.35,111.7,74640,83.37,1450, 45586, 61.07,0.09
BALMLAWRIE, EQ, 15-Jun-2023,136.8,137.0,139.9,136.35, 136.65,137.1,137.99,788306,1087.77,8242, 437087, 55.45,0.22
BALMLAWRIE, EQ, 15-Jul-2020,107.0,108.0,109.5,106.7,107.2,107.15,108.28,112477,121.79,2464, 55564, 49.40,0.14
BALMLAWRIE, EQ, 15-Jul-2021,137.6,137.5,139.9,137.5, 138.00,138.05,138.89,304482,422.91,3710, 129524, 42.54,0.33
BALMLAWRIE, EQ, 15-Jul-2022,110.55,110.25,111.15,108.0,109.4,109.1,109.43,138057,151.08,1850, 78440, 56.82,-1.31
BALMLAWRIE, EQ, 15-Jul-2024,302.0,305.95,306.8,295.1,299.0,298.9,299.49,593756,1778.23,16803, 204497, 34.44,-1.03
BALMLAWRIE, EQ, 15-Sep-2020,120.4,121.4,121.5,119.5, 120.50,120.2,120.25,334400,402.12,3875, 227500, 68.03,-0.17
BALMLAWRIE, EQ, 15-Sep-2021,135.85,136.1,140.0,136.1, 139.30,138.9,138.79,1474383,2046.34,13833, 650950, 44.15,2.25
BALMLAWRIE, EQ, 15-Sep-2022,129.25,129.9,134.0,128.0,129.6,129.5,130.92,1534189,2008.54,13907, 440134, 28.69,0.19
BALMLAWRIE, EQ, 15-Sep-2023,172.5,173.8,176.2,167.3, 169.00,169.0,172.35,2504632,4316.65,51296, 1003150, 40.05,-2.03
BALMLAWRIE, EQ, 15-Oct-2020,103.85,104.1,104.65,101.0, 101.25,101.3,102.86,134674,138.52,2991, 62733, 46.58,-2.46
BALMLAWRIE, EQ, 15-Oct-2024,253.0,252.15,254.2,247.05,248.95,248.25,250.04,132011,330.07,5627, 67376, 51.04,-1.88
BALMLAWRIE, EQ, 15-Nov-2021,126.8,126.95,127.45,125.35, 125.80,125.7,125.96,136782,172.29,4039, 87674, 64.10,-0.87
BALMLAWRIE, EQ, 15-Nov-2022,113.15,113.7,113.9,111.5, 112.05,111.85,112.23,185997,208.75,2604, 114936, 61.79,-1.15
BALMLAWRIE, EQ, 15-Nov-2023,155.35,157.0,157.0,153.5, 154.10,154.2,155.41,433431,673.58,7023, 252412, 58.24,-0.74
BALMLAWRIE, EQ, 15-Dec-2020,117.0,117.9,117.9,114.5,115.35,115.6,115.56,184596,213.33,2832, 78159, 42.34,-1.2
BALMLAWRIE, EQ, 15-Dec-2021,119.35,119.75,120.9,118.15, 119.00,118.95,119.55,119719,143.13,3167, 52602, 43.94,-0.34
BALMLAWRIE, EQ, 15-Dec-2022,124.45,125.1,129.8,124.05, 125.55,126.5,127.31,824498,1049.7,9574, 318397, 38.62,1.65
BALMLAWRIE, EQ, 15-Dec-2023,180.0,182.7,192.2,181.6, 188.00,188.35,187.74,5678239,10660.13,64099, 2102193, 37.02,4.64
BALMLAWRIE, EQ, 16-Jan-2020,125.95,128.2,128.9,125.0, 125.75,125.95,127.03,163842,208.13,3080, 83383, 50.89,0.0
BALMLAWRIE, EQ, 16-Jan-2023,125.2,125.85,126.65,124.1, 124.30,124.4,124.97,122023,152.49,1935, 68638, 56.25,-0.64
BALMLAWRIE, EQ, 16-Jan-2024,258.0,258.0,260.0,243.95, 249.60,250.3,253.29,2366830,5994.88,30583, 941300, 39.77,-2.98
BALMLAWRIE, EQ, 16-Jan-2025,202.62,204.05,206.85,203.56,206.48,205.86,205.58,87169,179.2,4897, 42751, 49.04,1.6
BALMLAWRIE, EQ, 16-Feb-2021,113.25,113.6,114.6,113.2, 113.50,113.5,113.73,154058,175.21,1930, 63976, 41.53,0.22
BALMLAWRIE, EQ, 16-Feb-2022,122.1,122.75,123.9,121.7,121.7,122.4,123.15,88251,108.68,2051, 35817, 40.59,0.25
BALMLAWRIE, EQ, 16-Feb-2023,117.0,118.75,118.75,116.5, 117.00,116.8,117.04,86089,100.76,2153, 44837, 52.08,-0.17
BALMLAWRIE, EQ, 16-Feb-2024,260.85,263.3,264.75,252.3,254.6,253.35,257.16,809590,2081.95,22289, 422393, 52.17,-2.88
BALMLAWRIE, EQ, 16-Mar-2020,86.7,85.0,85.95,79.85, 82.00,82.25,83.19,182816,152.09,3118, 105073, 57.47,-5.13
BALMLAWRIE, EQ, 16-Mar-2021,146.35,146.8,149.6,143.8, 144.80,144.2,146.51,795634,1165.71,11774, 235089, 29.55,-1.47
BALMLAWRIE, EQ, 16-Mar-2022,116.35,117.1,118.75,117.1,118.4,118.4,118.06,129704,153.13,2276, 71801, 55.36,1.76
BALMLAWRIE, EQ, 16-Mar-2023,112.4,112.9,112.9,109.5, 112.20,111.75,110.8,166031,183.97,3089, 103650, 62.43,-0.58
BALMLAWRIE, EQ, 16-Apr-2020,100.5,102.9,107.5,92.05, 101.00,99.35,100.57,590083,593.46,7812, 94421, 16.00,-1.14
BALMLAWRIE, EQ, 16-Apr-2021,121.9,122.0,123.8,121.5,121.7,121.85,122.37,228556,279.69,3387, 97572, 42.69,-0.04
BALMLAWRIE, EQ, 16-Apr-2024,247.0,246.0,251.15,244.6, 246.50,248.1,248.24,287430,713.51,8981, 145691, 50.69,0.45
BALMLAWRIE, EQ, 16-Apr-2025,189.68,190.0,196.0,188.37,193.0,192.52,193.4,607474,1174.83,18376, 286804, 47.21,1.5
BALMLAWRIE, EQ, 16-May-2022,112.2,113.0,115.0,112.55,115.0,114.5,113.75,97409,110.8,2313, 54946, 56.41,2.05
BALMLAWRIE, EQ, 16-May-2023,123.15,123.35,125.4,123.35,124.1,123.8,124.43,168236,209.34,2408, 94519, 56.18,0.53
BALMLAWRIE, EQ, 16-May-2024,302.5,304.9,305.5,296.45,300.8,300.85,299.65,871392,2611.12,19452, 322995, 37.07,-0.55
BALMLAWRIE, EQ, 16-Jun-2020,104.2,105.25,106.5,102.7, 103.40,103.2,104.43,175384,183.16,2913, 92482, 52.73,-0.96
BALMLAWRIE, EQ, 16-Jun-2021,142.9,143.5,144.0,140.9, 141.30,141.25,141.99,435406,618.23,6568, 143246, 32.90,-1.15
BALMLAWRIE, EQ, 16-Jun-2022,111.35,112.0,112.45,107.0, 107.95,107.9,109.48,147064,161.0,3210, 104810, 71.27,-3.1
BALMLAWRIE, EQ, 16-Jun-2023,137.1,137.9,140.7,133.8, 137.00,137.15,138.2,849694,1174.29,7903, 449994, 52.96,0.04
BALMLAWRIE, EQ, 16-Jul-2020,107.15,109.2,109.2,106.35, 107.25,107.15,106.95,81246,86.89,1558, 48237, 59.37,0.0
BALMLAWRIE, EQ, 16-Jul-2021,138.05,138.75,142.5,138.3, 140.10,139.9,140.75,620313,873.06,7981, 238705, 38.48,1.34
BALMLAWRIE, EQ, 16-Jul-2024,298.9,299.75,299.75,291.65,294.7,293.7,295.95,373089,1104.17,11827, 169366, 45.40,-1.74
BALMLAWRIE, EQ, 16-Aug-2021,132.4,132.95,132.95,129.0,129.55,129.3,130.25,222718,290.09,3715, 127540, 57.27,-2.34
BALMLAWRIE, EQ, 16-Aug-2022,117.4,117.65,121.5,117.65,119.5,119.75,119.46,278381,332.54,4770, 149538, 53.72,2.0
BALMLAWRIE, EQ, 16-Aug-2023,146.8,146.7,149.5,145.35, 145.95,145.9,146.72,420324,616.69,4939, 205740, 48.95,-0.61
BALMLAWRIE, EQ, 16-Aug-2024,263.9,263.0,268.8,262.25,263.0,263.0,264.12,300105,792.65,9499, 148260, 49.40,-0.34
BALMLAWRIE, EQ, 16-Sep-2020,120.2,120.45,121.3,118.4,119.0,118.9,119.34,350702,418.53,3744, 260133, 74.17,-1.08
BALMLAWRIE, EQ, 16-Sep-2021,138.9,140.0,144.95,139.6,141.7,141.85,142.82,2424627,3462.78,25986, 790392, 32.60,2.12
BALMLAWRIE, EQ, 16-Sep-2022,129.5,129.55,131.9,127.15, 128.10,127.7,129.26,997938,1289.9,9915, 539753, 54.09,-1.39
BALMLAWRIE, EQ, 16-Sep-2024,281.85,284.0,286.75,280.6,284.3,283.9,283.24,512564,1451.81,10335, 270125, 52.70,0.73
BALMLAWRIE, EQ, 16-Oct-2020,101.3,101.55,103.5,101.55, 103.50,103.2,102.75,144776,148.76,3947, 89173, 61.59,1.88
BALMLAWRIE, EQ, 16-Oct-2023,144.95,144.9,148.3,143.35, 146.45,146.1,145.63,784276,1142.17,8099, 288001, 36.72,0.79
BALMLAWRIE, EQ, 16-Oct-2024,248.25,249.0,260.95,245.85,259.25,257.4,253.59,306669,777.68,11017, 146091, 47.64,3.69
BALMLAWRIE, EQ, 16-Nov-2021,125.7,125.35,126.35,125.0, 125.60,125.25,125.35,174126,218.26,5601, 101663, 58.38,-0.36
BALMLAWRIE, EQ, 16-Nov-2022,111.85,112.0,114.15,111.85, 113.85,113.75,113.54,197151,223.84,3462, 109815, 55.70,1.7
BALMLAWRIE, EQ, 16-Nov-2023,154.2,154.4,161.8,154.4, 158.10,158.75,159.64,1548768,2472.43,16334, 717183, 46.31,2.95
BALMLAWRIE, EQ, 16-Dec-2020,115.6,116.85,120.3,115.7, 118.30,118.6,119.07,652041,776.36,6560, 268264, 41.14,2.6
BALMLAWRIE, EQ, 16-Dec-2021,118.95,119.1,119.9,118.05, 118.25,118.2,118.6,85174,101.02,1910, 49845, 58.52,-0.63
BALMLAWRIE, EQ, 16-Dec-2022,126.5,126.25,128.5,123.7, 125.00,125.2,126.03,354413,446.66,5537, 152849, 43.13,-1.03
BALMLAWRIE, EQ, 16-Dec-2024,234.81,233.99,237.7,229.99,230.35,230.44,232.71,180123,419.17,7018, 92940, 51.60,-1.86
BALMLAWRIE, EQ, 17-Jan-2020,125.95,125.8,127.8,123.0, 125.60,125.2,126.13,117864,148.66,1731, 77501, 65.75,-0.6
BALMLAWRIE, EQ, 17-Jan-2022,132.95,133.85,134.65,132.25,132.75,132.6,133.27,213765,284.88,3759, 120545, 56.39,-0.26
BALMLAWRIE, EQ, 17-Jan-2023,124.4,124.4,124.9,123.4,123.7,123.9,123.85,109456,135.56,1858, 64488, 58.92,-0.4
BALMLAWRIE, EQ, 17-Jan-2024,250.3,245.95,265.0,244.25, 259.00,257.9,258.55,3942874,10194.48,45481, 1224112, 31.05,3.04
BALMLAWRIE, EQ, 17-Jan-2025,205.86,206.0,208.78,203.0,205.99,205.09,205.61,199281,409.74,9216, 98390, 49.37,-0.37
BALMLAWRIE, EQ, 17-Feb-2020,112.5,114.95,114.95,110.2, 110.20,110.85,111.52,68675,76.59,1563, 44041, 64.13,-1.47
BALMLAWRIE, EQ, 17-Feb-2021,113.5,113.5,115.75,113.0, 114.25,114.3,114.37,249334,285.17,2988, 96865, 38.85,0.7
BALMLAWRIE, EQ, 17-Feb-2022,122.4,122.65,125.0,121.1,123.25,122.45,122.81,167036,205.14,3096, 58842, 35.23,0.04
BALMLAWRIE, EQ, 17-Feb-2023,116.8,116.45,119.9,116.45, 117.55,118.1,118.21,222339,262.83,2592, 99496, 44.75,1.11
BALMLAWRIE, EQ, 17-Feb-2025,164.31,161.1,164.0,154.4,154.83,154.78,157.29,857428,1348.62,29408, 487770, 56.89,-5.8
BALMLAWRIE, EQ, 17-Mar-2020,82.25,82.25,85.7,79.45, 79.70,80.0,81.54,160133,130.58,2648, 102554, 64.04,-2.74
BALMLAWRIE, EQ, 17-Mar-2021,144.2,144.85,145.65,137.05,137.3,137.75,140.84,920281,1296.15,14771, 417228, 45.34,-4.47
BALMLAWRIE, EQ, 17-Mar-2022,118.4,119.0,121.7,118.75, 118.75,119.25,120.02,253269,303.97,4177, 113148, 44.68,0.72
BALMLAWRIE, EQ, 17-Mar-2023,111.75,112.35,112.8,111.25, 111.70,111.8,111.96,75003,83.98,1188, 46672, 62.23,0.04
BALMLAWRIE, EQ, 17-Mar-2025,171.93,172.99,172.99,169.48,170.31,170.16,170.33,331567,564.77,9608, 197898, 59.69,-1.03
BALMLAWRIE, EQ, 17-Apr-2020,99.35,102.15,114.95,101.0, 109.00,108.95,110.12,1756152,1933.82,17372, 366088, 20.85,9.66
BALMLAWRIE, EQ, 17-Apr-2023,113.25,112.95,113.7,112.25, 113.00,112.9,112.98,99698,112.64,1875, 58541, 58.72,-0.31
BALMLAWRIE, EQ, 17-Apr-2025,192.52,193.7,194.45,191.2,192.8,192.32,192.62,288398,555.51,8732, 99074, 34.35,-0.1
BALMLAWRIE, EQ, 17-May-2021,136.9,137.9,138.4,135.55,136.2,136.3,136.33,496195,676.48,5436, 224011, 45.15,-0.44
BALMLAWRIE, EQ, 17-May-2022,114.5,115.1,115.9,114.6, 115.70,115.55,115.22,80173,92.37,2295, 45960, 57.33,0.92
BALMLAWRIE, EQ, 17-May-2023,123.8,123.55,125.7,123.55, 124.55,124.8,124.74,204004,254.48,2700, 115602, 56.67,0.81
BALMLAWRIE, EQ, 17-May-2024,300.85,303.65,311.95,303.0,306.0,306.9,307.52,1619185,4979.26,29147, 590454, 36.47,2.01
BALMLAWRIE, EQ, 17-Jun-2020,103.2,102.15,104.4,100.35,103.0,102.8,102.96,108955,112.18,1992, 52819, 48.48,-0.39
BALMLAWRIE, EQ, 17-Jun-2021,141.25,138.6,146.5,138.55, 141.25,141.2,143.35,1744678,2501.07,19987, 384209, 22.02,-0.04
BALMLAWRIE, EQ, 17-Jun-2022,107.9,108.4,109.2,106.3,106.85,106.9,107.53,93333,100.36,2636, 51720, 55.41,-0.93
BALMLAWRIE, EQ, 17-Jul-2020,107.15,107.15,109.9,106.8, 106.90,106.95,107.59,202440,217.81,2769, 126676, 62.57,-0.19
BALMLAWRIE, EQ, 17-Jul-2023,135.35,135.35,136.9,135.0,135.75,135.35,135.84,201792,274.11,2584, 116409, 57.69,0.0
BALMLAWRIE, EQ, 16-Jul-2024,298.9,299.75,299.75,291.65,294.7,293.7,295.95,373089,1104.17,11827, 169366, 45.40,-1.74
BALMLAWRIE, EQ, 17-Aug-2020,113.8,114.4,114.85,112.5, 114.00,113.95,113.67,129868,147.62,1583, 71954, 55.41,0.13
BALMLAWRIE, EQ, 17-Aug-2021,129.3,130.0,130.6,128.1,128.8,128.7,129.13,193756,250.21,3249, 97086, 50.11,-0.46
BALMLAWRIE, EQ, 17-Aug-2022,119.75,120.45,121.25,120.15, 120.65,120.75,120.71,266953,322.25,3744, 151412, 56.72,0.84
BALMLAWRIE, EQ, 17-Aug-2023,145.9,146.3,149.4,145.55, 147.80,148.1,147.24,380042,559.59,4340, 190981, 50.25,1.51
BALMLAWRIE, EQ, 17-Sep-2020,118.9,113.0,114.0,111.05, 112.80,112.55,112.8,460933,519.93,5719, 223699, 48.53,-5.34
BALMLAWRIE, EQ, 17-Sep-2021,141.85,142.9,142.9,138.0, 139.45,139.35,139.55,881947,1230.76,12323, 452149, 51.27,-1.76
BALMLAWRIE, EQ, 17-Sep-2024,283.9,287.9,292.15,284.3,287.5,287.5,288.09,1094654,3153.6,27266, 496937, 45.40,1.27
BALMLAWRIE, EQ, 17-Oct-2022,112.0,112.4,112.6,111.0,111.7,111.25,111.53,63183,70.47,1435, 36189, 57.28,-0.67
BALMLAWRIE, EQ, 17-Oct-2023,146.1,147.15,153.1,147.1,151.2,151.0,150.57,1193224,1796.65,13106, 527480, 44.21,3.35
BALMLAWRIE, EQ, 17-Oct-2024,257.4,257.0,265.3,254.1,254.5,255.45,259.26,301433,781.48,15086, 127628, 42.34,-0.76
BALMLAWRIE, EQ, 17-Nov-2020,101.9,102.2,102.4,100.6, 100.60,100.75,101.16,205580,207.97,3180, 148478, 72.22,-1.13
BALMLAWRIE, EQ, 17-Nov-2021,125.25,125.0,127.25,124.55, 125.00,125.2,125.8,254541,320.21,6158, 96975, 38.10,-0.04
BALMLAWRIE, EQ, 17-Nov-2022,113.75,113.85,123.2,113.25, 120.90,121.05,120.74,2428221,2931.78,26148, 799103, 32.91,6.42
BALMLAWRIE, EQ, 17-Nov-2023,158.75,158.9,161.4,157.1, 159.00,158.8,159.39,455497,726.02,7325, 212068, 46.56,0.03
BALMLAWRIE, EQ, 17-Dec-2020,118.6,119.0,119.0,116.3, 116.95,116.95,117.61,152676,179.56,1833, 84608, 55.42,-1.39
BALMLAWRIE, EQ, 17-Dec-2021,118.2,118.75,118.75,116.65, 117.50,117.3,117.49,166809,195.99,3467, 98131, 58.83,-0.76
BALMLAWRIE, EQ, 17-Dec-2024,230.44,230.44,231.21,221.1,224.6,224.24,226.46,371645,841.64,11322, 183288, 49.32,-2.69
BALMLAWRIE, EQ, 18-Jan-2021,123.2,122.2,123.0,120.05, 120.60,120.8,121.33,261128,316.84,3985, 117895, 45.15,-1.95
BALMLAWRIE, EQ, 18-Jan-2022,132.6,133.15,134.65,130.5, 131.40,131.7,132.73,353899,469.75,5223, 190206, 53.75,-0.68
BALMLAWRIE, EQ, 18-Jan-2023,123.9,124.7,125.0,123.1,124.0,124.0,124.03,112466,139.49,2184, 57450, 51.08,0.08
BALMLAWRIE, EQ, 18-Jan-2024,257.9,258.0,265.0,244.65, 264.45,263.5,257.58,3196703,8234.0,44564, 907424, 28.39,2.17
BALMLAWRIE, EQ, 18-Feb-2020,110.85,110.25,110.5,108.5, 109.20,109.0,109.45,118582,129.79,1850, 81456, 68.69,-1.67
BALMLAWRIE, EQ, 18-Feb-2021,114.3,114.3,119.75,114.0,117.75,117.7,116.96,634647,742.26,7382, 246713, 38.87,2.97
BALMLAWRIE, EQ, 18-Feb-2022,122.45,123.4,132.0,123.4,127.3,127.6,128.38,2925084,3755.16,28607, 424542, 14.51,4.21
BALMLAWRIE, EQ, 18-Feb-2025,154.78,156.0,159.67,151.84,154.4,154.6,155.55,667746,1038.66,27403, 369314, 55.31,-0.12
BALMLAWRIE, EQ, 18-Mar-2020,80.0,81.0,83.0,78.1, 79.75,79.6,79.42,120682,95.84,1893, 75530, 62.59,-0.5
BALMLAWRIE, EQ, 18-Mar-2021,137.75,138.7,140.45,130.6, 135.70,134.3,135.55,744309,1008.94,9536, 293871, 39.48,-2.5
BALMLAWRIE, EQ, 18-Mar-2024,219.2,219.9,224.15,215.8, 217.30,217.7,219.46,515718,1131.78,14096, 191246, 37.08,-0.68
BALMLAWRIE, EQ, 18-Mar-2025,170.16,171.0,179.0,171.0,178.05,178.47,175.86,459934,808.84,11408, 296953, 64.56,4.88
BALMLAWRIE, EQ, 18-Apr-2022,124.6,123.6,125.65,122.15, 123.40,123.3,124.34,344564,428.44,5526, 128229, 37.21,-1.04
BALMLAWRIE, EQ, 18-Apr-2023,112.9,113.35,114.5,113.0, 113.60,113.8,113.69,104713,119.04,1734, 52953, 50.57,0.8
BALMLAWRIE, EQ, 18-Apr-2024,248.1,248.9,255.0,245.95, 249.00,248.5,250.14,483443,1209.29,14414, 204284, 42.26,0.16
BALMLAWRIE, EQ, 18-May-2020,100.6,103.0,104.7,96.1, 96.70,97.15,99.4,272261,270.62,4206, 111721, 41.03,-3.43
BALMLAWRIE, EQ, 18-May-2021,136.3,137.6,141.7,136.75, 137.25,137.85,138.58,762882,1057.23,8708, 236223, 30.96,1.14
BALMLAWRIE, EQ, 18-May-2022,115.55,116.3,116.75,115.0,115.05,115.15,115.7,84193,97.41,1916, 45215, 53.70,-0.35
BALMLAWRIE, EQ, 18-May-2023,124.8,125.0,126.7,123.0, 123.65,123.45,124.84,173722,216.87,2562, 89415, 51.47,-1.08
BALMLAWRIE, EQ, 18-Jun-2020,102.8,105.1,107.8,104.05,105.3,106.05,106.17,273672,290.57,4685, 92554, 33.82,3.16
BALMLAWRIE, EQ, 18-Jun-2021,141.2,141.95,143.4,135.35, 138.00,138.15,138.86,576271,800.21,7797, 244770, 42.47,-2.16
BALMLAWRIE, EQ, 18-Jun-2024,269.5,273.05,277.7,270.95,271.2,271.7,274.14,995428,2728.83,18742, 521091, 52.35,0.82
BALMLAWRIE, EQ, 18-Jul-2022,109.1,109.4,110.5,108.95,110.05,110.0,109.89,111474,122.5,1685, 68841, 61.76,0.82
BALMLAWRIE, EQ, 18-Jul-2023,135.35,135.2,136.45,134.65, 135.20,135.0,135.42,178348,241.52,1845, 98963, 55.49,-0.26
BALMLAWRIE, EQ, 18-Jul-2024,293.7,293.7,295.0,283.0,284.85,284.35,286.95,605849,1738.49,18050, 254573, 42.02,-3.18
BALMLAWRIE, EQ, 18-Aug-2020,113.95,114.9,121.15,114.6,118.7,118.75,118.96,1200462,1428.04,11912, 507164, 42.25,4.21
BALMLAWRIE, EQ, 18-Aug-2021,128.7,128.7,129.6,127.75, 129.20,128.5,128.49,131080,168.43,2589, 73173, 55.82,-0.16
BALMLAWRIE, EQ, 18-Aug-2022,120.75,120.95,122.0,120.55,121.9,121.3,121.36,233843,283.8,3797, 149370, 63.88,0.46
BALMLAWRIE, EQ, 18-Aug-2023,148.1,148.05,148.95,144.95, 145.75,145.75,146.46,380503,557.27,4734, 209941, 55.17,-1.59
BALMLAWRIE, EQ, 18-Sep-2020,112.55,112.35,114.1,110.0, 113.80,112.7,111.73,458842,512.65,4429, 291878, 63.61,0.13
BALMLAWRIE, EQ, 18-Sep-2023,169.0,169.7,169.9,167.05, 169.70,168.9,168.58,1530917,2580.85,12538, 706259, 46.13,-0.06
BALMLAWRIE, EQ, 18-Sep-2024,287.5,288.0,288.5,283.15,284.3,284.85,285.49,600231,1713.61,12901, 315582, 52.58,-0.92
BALMLAWRIE, EQ, 18-Oct-2021,130.6,131.3,135.1,130.35, 132.40,132.35,132.93,600135,797.75,7331, 244521, 40.74,1.34
BALMLAWRIE, EQ, 18-Oct-2022,111.25,111.8,112.0,110.6,111.5,111.35,111.41,96882,107.94,2323, 51489, 53.15,0.09
BALMLAWRIE, EQ, 18-Oct-2023,151.0,151.95,155.6,146.65, 151.25,151.95,151.85,1233762,1873.49,13609, 497810, 40.35,0.63
BALMLAWRIE, EQ, 18-Oct-2024,255.45,252.05,260.05,248.7,257.5,258.15,252.95,384644,972.94,17544, 136764, 35.56,1.06
BALMLAWRIE, EQ, 18-Nov-2020,100.75,101.3,101.3,100.1, 100.30,100.25,100.41,211058,211.92,2388, 164256, 77.83,-0.5
BALMLAWRIE, EQ, 18-Nov-2021,125.2,125.2,127.1,123.8,124.65,124.2,124.89,214020,267.29,5495, 96016, 44.86,-0.8
BALMLAWRIE, EQ, 18-Nov-2022,121.05,122.7,124.7,119.3, 119.80,119.95,121.87,869723,1059.89,10438, 349058, 40.13,-0.91
BALMLAWRIE, EQ, 18-Nov-2024,215.82,216.85,218.0,211.8,215.61,215.23,214.88,188579,405.22,10559, 75854, 40.22,-0.27
BALMLAWRIE, EQ, 18-Dec-2020,116.95,119.0,123.4,116.0, 118.60,120.3,120.12,1131368,1358.96,10986, 262316, 23.19,2.86
BALMLAWRIE, EQ, 18-Dec-2023,188.35,188.9,197.5,187.5, 191.95,191.95,193.51,3538773,6847.92,41891, 1387327, 39.20,1.91
BALMLAWRIE, EQ, 18-Dec-2024,224.24,224.75,226.11,220.8,222.5,222.09,223.34,156723,350.03,6188, 77281, 49.31,-0.96
BALMLAWRIE, EQ, 19-Jan-2021,120.8,121.45,124.0,121.45, 122.00,122.45,122.7,239068,293.35,3907, 95164, 39.81,1.37
BALMLAWRIE, EQ, 19-Jan-2022,131.7,131.7,132.8,130.55, 132.05,132.1,131.73,219616,289.31,2852, 116839, 53.20,0.3
BALMLAWRIE, EQ, 19-Jan-2023,124.0,124.0,124.75,122.75, 123.80,123.8,123.71,108135,133.77,1758, 54154, 50.08,-0.16
BALMLAWRIE, EQ, 19-Jan-2024,263.5,264.65,273.25,262.1, 266.50,267.05,267.72,3360517,8996.71,37738, 1095870, 32.61,1.35
BALMLAWRIE, EQ, 19-Feb-2020,109.0,108.75,109.75,107.0, 108.75,108.75,108.54,139237,151.13,2495, 93670, 67.27,-0.23
BALMLAWRIE, EQ, 19-Feb-2021,117.7,117.6,121.5,115.9,115.95,116.45,118.91,593321,705.49,10151, 237064, 39.96,-1.06
BALMLAWRIE, EQ, 19-Feb-2024,253.35,255.3,259.8,252.55, 256.00,255.9,256.42,425593,1091.31,13578, 168586, 39.61,1.01
BALMLAWRIE, EQ, 19-Feb-2025,154.6,155.0,157.28,152.5,154.0,153.67,154.39,873302,1348.27,25814, 521760, 59.75,-0.6
BALMLAWRIE, EQ, 19-Mar-2020,79.6,74.5,79.8,74.5, 79.00,78.8,77.75,117391,91.27,2100, 67210, 57.25,-1.01
BALMLAWRIE, EQ, 19-Mar-2021,134.3,131.0,136.15,128.9,135.5,135.5,133.09,873756,1162.9,11972, 285203, 32.64,0.89
BALMLAWRIE, EQ, 19-Mar-2024,217.7,217.8,219.45,211.0, 212.65,212.2,214.01,338476,724.38,10461, 188544, 55.70,-2.53
BALMLAWRIE, EQ, 19-Mar-2025,178.47,179.4,191.03,178.47,187.8,186.57,185.59,750060,1392.06,18390, 412254, 54.96,4.54
BALMLAWRIE, EQ, 19-Apr-2021,121.85,120.0,120.4,117.0,118.4,118.3,118.65,212856,252.56,3149, 95776, 45.00,-2.91
BALMLAWRIE, EQ, 19-Apr-2022,123.3,123.95,131.7,123.85,125.65,126.7,128.37,976587,1253.6,10593, 336658, 34.47,2.76
BALMLAWRIE, EQ, 19-Apr-2023,113.8,114.0,115.9,114.0, 114.85,114.65,114.79,123341,141.59,1769, 58422, 47.37,0.75
BALMLAWRIE, EQ, 19-Apr-2024,248.5,242.0,245.25,238.65, 241.80,241.85,241.59,542599,1310.89,12969, 235215, 43.35,-2.68
BALMLAWRIE, EQ, 19-May-2020,97.15,98.05,98.7,94.95,96.1,95.45,96.84,84229,81.57,1694, 37364, 44.36,-1.75
BALMLAWRIE, EQ, 19-May-2021,137.85,137.25,140.9,137.0, 137.40,137.95,138.83,535014,742.76,7225, 174980, 32.71,0.07
BALMLAWRIE, EQ, 19-May-2022,115.15,114.0,114.7,112.45,112.6,112.6,113.08,129604,146.56,2417, 76857, 59.30,-2.21
BALMLAWRIE, EQ, 19-May-2023,123.45,124.1,124.9,123.05,124.25,124.3,124.05,160902,199.59,1928, 97498, 60.59,0.69
BALMLAWRIE, EQ, 19-Jun-2020,106.05,106.6,107.65,105.2, 106.30,105.85,106.21,95606,101.54,2170, 53303, 55.75,-0.19
BALMLAWRIE, EQ, 19-Jun-2023,137.15,138.05,142.45,137.1, 138.40,138.85,140.05,1173047,1642.91,11350, 519314, 44.27,1.24
BALMLAWRIE, EQ, 19-Jun-2024,271.7,273.9,275.6,264.0,266.5,267.35,268.01,580467,1555.73,15888, 281351, 48.47,-1.6
BALMLAWRIE, EQ, 19-Jul-2021,139.9,138.8,143.85,138.3, 139.75,139.65,141.22,760862,1074.52,9458, 230686, 30.32,-0.18
BALMLAWRIE, EQ, 19-Jul-2022,110.0,110.0,110.65,109.8, 110.50,110.35,110.37,99768,110.12,1624, 66495, 66.65,0.32
BALMLAWRIE, EQ, 19-Jul-2023,135.0,134.6,135.75,134.55, 134.85,134.9,134.93,134525,181.51,1602, 82398, 61.25,-0.07
BALMLAWRIE, EQ, 19-Jul-2024,284.35,284.0,284.35,268.8,270.0,270.35,275.6,920591,2537.16,22016, 455021, 49.43,-4.92
BALMLAWRIE, EQ, 19-Aug-2020,118.75,119.5,119.7,117.35,117.5,117.75,118.63,355634,421.9,3417, 206221, 57.99,-0.84
BALMLAWRIE, EQ, 18-Aug-2021,128.7,128.7,129.6,127.75, 129.20,128.5,128.49,131080,168.43,2589, 73173, 55.82,-0.16
BALMLAWRIE, EQ, 19-Aug-2022,121.3,121.8,122.9,121.1, 121.70,121.75,121.9,268014,326.71,3670, 152231, 56.80,0.37
BALMLAWRIE, EQ, 19-Aug-2024,263.0,265.0,270.45,265.0,268.95,268.3,268.26,262047,702.97,8302, 115287, 43.99,2.02
BALMLAWRIE, EQ, 19-Sep-2022,127.7,121.5,121.5,117.35, 118.20,118.2,118.81,521010,618.99,7020, 222893, 42.78,-7.44
BALMLAWRIE, EQ, 19-Sep-2024,284.85,268.45,276.35,267.8,273.8,274.05,271.68,703682,1911.73,20393, 292218, 41.53,-3.79
BALMLAWRIE, EQ, 19-Oct-2020,103.2,104.45,107.0,103.05, 106.70,105.95,105.03,196453,206.33,3406, 133643, 68.03,2.66
BALMLAWRIE, EQ, 19-Oct-2021,132.35,132.6,133.45,129.05,129.6,129.55,130.99,334620,438.31,5292, 154542, 46.18,-2.12
BALMLAWRIE, EQ, 19-Oct-2022,111.35,111.4,112.5,111.25, 111.60,111.55,111.79,84247,94.18,1546, 61177, 72.62,0.18
BALMLAWRIE, EQ, 19-Oct-2023,151.95,150.6,151.35,148.55,149.0,148.95,149.6,329347,492.7,5072, 132216, 40.14,-1.97
BALMLAWRIE, EQ, 19-Nov-2020,100.25,100.15,103.8,100.1, 101.70,101.6,101.84,446388,454.62,8583, 230133, 51.55,1.35
BALMLAWRIE, EQ, 19-Nov-2024,215.23,217.36,221.7,213.2,215.49,215.99,218.2,202444,441.74,8047, 82726, 40.86,0.35
BALMLAWRIE, EQ, 19-Dec-2022,125.2,125.25,129.4,124.35,127.85,127.9,127.28,483265,615.09,7206, 231608, 47.93,2.16
BALMLAWRIE, EQ, 19-Dec-2023,191.95,194.0,194.35,187.5, 191.60,191.0,191.1,1460200,2790.38,21602, 564389, 38.65,-0.49
BALMLAWRIE, EQ, 19-Dec-2024,222.09,217.2,222.39,217.2,220.9,220.15,220.06,151577,333.56,8355, 75063, 49.52,-0.87
BALMLAWRIE, EQ, 20-Jan-2020,125.2,125.25,128.0,125.2, 125.40,125.4,126.1,70123,88.43,1221, 43269, 61.70,0.16
BALMLAWRIE, EQ, 20-Jan-2021,122.45,122.55,123.1,121.0, 121.80,121.25,121.66,251935,306.5,3672, 106909, 42.44,-0.98
BALMLAWRIE, EQ, 20-Jan-2022,132.1,132.05,135.95,131.0, 131.60,131.7,133.25,388468,517.62,4794, 151392, 38.97,-0.3
BALMLAWRIE, EQ, 20-Jan-2023,123.8,123.0,125.15,123.0,123.9,124.15,124.16,114597,142.28,2965, 61983, 54.09,0.28
BALMLAWRIE, EQ, 20-Jan-2025,205.09,206.45,213.0,205.0,210.1,210.04,209.14,148571,310.72,7465, 53479, 36.00,2.41
BALMLAWRIE, EQ, 20-Feb-2020,108.75,108.95,111.45,108.95, 109.95,109.65,110.25,111642,123.08,1760, 59038, 52.88,0.83
BALMLAWRIE, EQ, 20-Feb-2023,118.1,117.15,118.1,116.05, 116.40,116.35,116.74,59248,69.17,1203, 43254, 73.00,-1.48
BALMLAWRIE, EQ, 20-Feb-2024,255.9,256.9,264.9,256.4, 259.65,259.8,261.09,586587,1531.52,16470, 230297, 39.26,1.52
BALMLAWRIE, EQ, 20-Feb-2025,153.67,154.0,162.85,153.06,161.15,161.69,158.75,902918,1433.38,40698, 444903, 49.27,5.22
BALMLAWRIE, EQ, 20-Mar-2020,78.8,79.0,84.9,77.85, 80.00,79.7,80.48,181096,145.75,3343, 96302, 53.18,1.14
BALMLAWRIE, EQ, 20-Mar-2023,111.8,111.75,111.8,110.5,111.0,111.1,110.94,65982,73.2,1420, 40816, 61.86,-0.63
BALMLAWRIE, EQ, 20-Mar-2024,212.2,212.2,219.05,207.15, 210.95,210.8,211.85,655033,1387.66,16960, 269224, 41.10,-0.66
BALMLAWRIE, EQ, 20-Mar-2025,186.57,187.0,190.2,183.5,185.65,185.12,186.24,442309,823.76,13865, 217006, 49.06,-0.78
BALMLAWRIE, EQ, 20-Apr-2020,108.95,111.8,112.4,103.35, 105.00,104.8,106.1,273646,290.34,4970, 128766, 47.06,-3.81
BALMLAWRIE, EQ, 20-Apr-2021,118.3,118.95,120.95,117.0,118.35,118.15,119.13,226563,269.9,3664, 101694, 44.89,-0.13
BALMLAWRIE, EQ, 20-Apr-2022,126.7,126.8,128.9,126.05, 127.80,127.45,127.56,303453,387.1,4153, 145484, 47.94,0.59
BALMLAWRIE, EQ, 20-Apr-2023,114.65,115.05,115.8,114.4, 114.65,114.8,114.92,98332,113.0,1616, 56277, 57.23,0.13
BALMLAWRIE, EQ, 20-May-2020,95.45,95.5,97.8,95.4, 95.80,95.95,96.35,72827,70.17,1722, 30361, 41.69,0.52
BALMLAWRIE, EQ, 20-May-2021,137.95,138.15,142.4,136.2, 138.90,139.05,140.34,1150309,1614.33,11911, 283018, 24.60,0.8
BALMLAWRIE, EQ, 20-May-2022,112.6,114.1,116.5,113.5, 114.60,114.2,114.63,125627,144.0,3015, 57854, 46.05,1.42
BALMLAWRIE, EQ, 18-May-2024,306.9,309.0,316.0,308.8,313.7,313.7,313.25,567829,1778.72,7056, 370288, 65.21,2.22
BALMLAWRIE, EQ, 20-Jun-2022,106.9,107.45,107.65,103.35,104.55,104.45,105.36,127840,134.7,3138, 72816, 56.96,-2.29
BALMLAWRIE, EQ, 20-Jun-2023,138.85,138.95,139.7,136.15, 137.80,137.75,137.42,394561,542.19,4055, 216279, 54.82,-0.79
BALMLAWRIE, EQ, 20-Jun-2024,267.35,267.45,267.5,262.6,263.5,263.5,264.33,414076,1094.53,8210, 242165, 58.48,-1.44
BALMLAWRIE, EQ, 20-Jul-2020,106.95,107.6,108.3,106.1, 106.40,106.4,106.82,139793,149.33,2166, 99071, 70.87,-0.51
BALMLAWRIE, EQ, 20-Jul-2021,139.65,140.0,140.6,136.05, 136.90,137.0,137.81,320293,441.41,4771, 154302, 48.18,-1.9
BALMLAWRIE, EQ, 20-Jul-2022,110.35,110.9,112.45,110.9, 111.80,111.55,111.71,115602,129.14,2036, 65799, 56.92,1.09
BALMLAWRIE, EQ, 20-Jul-2023,134.9,134.5,135.4,134.15,134.5,134.35,134.78,125707,169.43,1769, 82256, 65.43,-0.41
BALMLAWRIE, EQ, 20-Aug-2020,117.75,112.8,115.65,112.5,115.15,115.15,114.81,404602,464.53,4534, 217288, 53.70,-2.21
BALMLAWRIE, EQ, 20-Aug-2021,128.5,129.0,129.75,126.1,126.4,126.55,127.76,270890,346.09,3639, 129358, 47.75,-1.52
BALMLAWRIE, EQ, 20-Aug-2024,268.3,270.0,275.0,266.85,271.3,271.9,270.77,295278,799.51,10080, 122997, 41.65,1.34
BALMLAWRIE, EQ, 20-Sep-2021,139.35,133.9,135.05,132.0, 132.95,132.75,133.6,491100,656.09,7326, 202045, 41.14,-4.74
BALMLAWRIE, EQ, 20-Sep-2022,118.2,118.55,119.15,114.0, 117.20,117.45,117.99,239893,283.05,3353, 103635, 43.20,-0.63
BALMLAWRIE, EQ, 20-Sep-2023,168.9,162.15,163.15,158.15, 159.95,160.0,160.22,942511,1510.13,10174, 430602, 45.69,-5.27
BALMLAWRIE, EQ, 20-Sep-2024,274.05,272.0,273.85,264.5,266.0,266.05,267.3,452245,1208.84,9351, 228704, 50.57,-2.92
BALMLAWRIE, EQ, 20-Oct-2020,105.95,105.95,107.55,104.05, 106.60,106.65,106.37,310109,329.88,4348, 75147, 24.23,0.66
BALMLAWRIE, EQ, 20-Oct-2021,129.55,130.45,137.45,128.0, 133.50,133.15,134.28,2875544,3861.36,30546, 727279, 25.29,2.78
BALMLAWRIE, EQ, 20-Oct-2022,111.55,111.7,112.05,107.7,108.45,108.25,108.76,956700,1040.54,7698, 762313, 79.68,-2.96
BALMLAWRIE, EQ, 20-Oct-2023,148.95,148.5,149.8,145.1, 145.90,145.8,147.04,246314,362.18,3971, 132505, 53.80,-2.11
BALMLAWRIE, EQ, 20-Nov-2020,101.6,101.95,103.0,101.6,102.5,102.25,102.31,153414,156.96,1966, 82275, 53.63,0.64
BALMLAWRIE, EQ, 20-Nov-2023,158.8,159.45,159.55,154.9, 156.90,156.7,156.68,346717,543.22,6964, 159140, 45.90,-1.32
BALMLAWRIE, EQ, 19-Nov-2024,215.23,217.36,221.7,213.2,215.49,215.99,218.2,202444,441.74,8047, 82726, 40.86,0.35
BALMLAWRIE, EQ, 20-Dec-2021,117.3,117.0,117.0,112.25,113.2,112.9,113.64,189057,214.84,4653, 116438, 61.59,-3.75
BALMLAWRIE, EQ, 20-Dec-2022,127.9,127.05,129.6,126.15,127.1,127.05,127.77,366615,468.44,5600, 157360, 42.92,-0.66
BALMLAWRIE, EQ, 20-Dec-2023,191.0,191.0,198.5,177.6, 179.85,179.75,189.32,3868093,7323.04,55250, 1452330, 37.55,-5.89
BALMLAWRIE, EQ, 20-Dec-2024,220.15,221.0,223.73,216.05,216.05,216.78,219.16,136756,299.71,6880, 69866, 51.09,-1.53
BALMLAWRIE, EQ, 21-Jan-2020,125.4,126.0,126.3,124.0, 124.10,124.35,124.76,50836,63.42,903, 34050, 66.98,-0.84
BALMLAWRIE, EQ, 21-Jan-2021,121.25,123.4,123.4,120.15, 120.75,120.35,121.67,237658,289.16,4365, 85147, 35.83,-0.74
BALMLAWRIE, EQ, 21-Jan-2022,131.7,131.15,132.5,128.5, 129.95,129.9,130.21,258176,336.17,4089, 152525, 59.08,-1.37
BALMLAWRIE, EQ, 21-Jan-2025,210.04,209.0,211.5,205.15,206.0,206.03,207.78,125969,261.74,7100, 60677, 48.17,-1.91
BALMLAWRIE, EQ, 21-Feb-2022,127.6,129.7,129.7,122.0, 122.60,123.35,125.77,317549,399.39,6413, 104265, 32.83,-3.33
BALMLAWRIE, EQ, 21-Feb-2023,116.35,115.8,117.5,115.3, 116.70,115.9,116.56,129676,151.15,2301, 76078, 58.67,-0.39
BALMLAWRIE, EQ, 21-Feb-2024,259.8,260.0,261.1,252.1, 253.70,253.25,256.16,472544,1210.48,14015, 234295, 49.58,-2.52
BALMLAWRIE, EQ, 21-Feb-2025,161.69,161.07,166.9,159.95,162.25,163.16,163.65,659771,1079.7,27456, 319039, 48.36,0.91
BALMLAWRIE, EQ, 21-Mar-2022,119.25,119.25,120.4,117.15,117.75,117.6,118.48,195871,232.07,3362, 112095, 57.23,-1.38
BALMLAWRIE, EQ, 21-Mar-2023,111.1,111.2,112.5,110.5, 112.30,111.1,111.27,184462,205.25,2534, 94748, 51.36,0.0
BALMLAWRIE, EQ, 21-Mar-2024,210.8,213.5,230.75,213.35,226.95,228.0,223.94,1062004,2378.27,25790, 500651, 47.14,8.16
BALMLAWRIE, EQ, 21-Mar-2025,185.12,187.0,191.8,186.06,191.3,191.04,189.52,631247,1196.35,14820, 245481, 38.89,3.2
BALMLAWRIE, EQ, 21-Apr-2020,104.8,101.25,105.6,97.3,100.0,100.15,100.84,213870,215.66,3424, 83363, 38.98,-4.44
BALMLAWRIE, EQ, 21-Apr-2022,127.45,128.1,128.45,126.2, 126.85,126.95,127.4,213542,272.06,2836, 120054, 56.22,-0.39
BALMLAWRIE, EQ, 21-Apr-2023,114.8,114.95,115.3,113.5, 113.85,113.8,114.04,96551,110.11,1273, 48170, 49.89,-0.87
BALMLAWRIE, EQ, 21-Apr-2025,192.32,193.5,194.85,191.6,193.0,193.23,193.46,327867,634.28,8722, 145839, 44.48,0.47
BALMLAWRIE, EQ, 21-May-2020,95.95,96.3,97.0,95.2,96.1,95.7,96.09,64056,61.55,1914, 38373, 59.91,-0.26
BALMLAWRIE, EQ, 21-May-2021,139.05,139.95,141.45,137.7, 138.40,138.2,139.56,549260,766.53,6241, 220753, 40.19,-0.61
BALMLAWRIE, EQ, 21-May-2024,313.7,316.8,316.8,305.7,308.0,307.85,310.43,765249,2375.54,16070, 376652, 49.22,-1.86
BALMLAWRIE, EQ, 21-Jun-2021,138.15,136.35,139.85,136.0, 139.20,138.8,138.37,279665,386.98,4329, 98304, 35.15,0.47
BALMLAWRIE, EQ, 21-Jun-2022,104.45,104.8,108.75,104.6,108.5,107.3,106.42,122307,130.16,2710, 59430, 48.59,2.73
BALMLAWRIE, EQ, 21-Jun-2023,137.75,137.6,144.1,137.55, 142.60,142.8,142.75,1983736,2831.76,17674, 932362, 47.00,3.67
BALMLAWRIE, EQ, 21-Jun-2024,263.5,265.0,272.3,264.05,265.9,266.25,267.83,521244,1396.04,13715, 221197, 42.44,1.04
BALMLAWRIE, EQ, 21-Jul-2020,106.4,105.7,107.95,105.7, 106.30,106.1,106.4,134640,143.26,1961, 90814, 67.45,-0.28
BALMLAWRIE, EQ, 21-Jul-2022,111.55,111.8,112.65,110.15,111.6,111.6,111.77,118223,132.14,2564, 70752, 59.85,0.04
BALMLAWRIE, EQ, 21-Jul-2023,134.35,134.4,135.25,133.55, 134.15,134.0,134.34,188624,253.4,2219, 107213, 56.84,-0.26
BALMLAWRIE, EQ, 21-Aug-2020,115.15,115.75,118.35,115.75, 116.80,116.55,117.17,284555,333.42,3431, 189167, 66.48,1.22
BALMLAWRIE, EQ, 21-Aug-2023,145.75,146.05,146.45,144.3, 144.50,144.7,145.01,310700,450.53,4011, 203273, 65.42,-0.72
BALMLAWRIE, EQ, 21-Aug-2024,271.9,273.65,278.5,272.25,277.6,277.2,275.83,341320,941.47,9211, 182778, 53.55,1.95
BALMLAWRIE, EQ, 21-Sep-2020,112.7,112.05,112.55,106.0, 106.85,106.6,109.06,264676,288.65,4136, 174372, 65.88,-5.41
BALMLAWRIE, EQ, 21-Sep-2021,132.75,133.5,133.5,128.05, 129.75,129.65,129.62,381101,493.97,5655, 146238, 38.37,-2.34
BALMLAWRIE, EQ, 21-Sep-2022,117.45,117.75,118.15,112.1, 115.20,115.15,116.18,213611,248.17,3815, 126459, 59.20,-1.96
BALMLAWRIE, EQ, 21-Sep-2023,160.0,158.35,159.7,151.4, 153.40,152.95,155.5,836278,1300.4,9469, 436127, 52.15,-4.41
BALMLAWRIE, EQ, 21-Oct-2020,106.65,106.65,106.65,102.0, 102.70,103.0,104.16,122888,128.0,2732, 69183, 56.30,-3.42
BALMLAWRIE, EQ, 21-Oct-2021,133.15,133.9,134.25,128.55, 130.60,129.65,131.01,625961,820.1,8305, 359741, 57.47,-2.63
BALMLAWRIE, EQ, 21-Oct-2022,108.25,109.0,110.4,108.9,109.9,109.65,109.78,170376,187.05,1883, 108119, 63.46,1.29
BALMLAWRIE, EQ, 21-Oct-2024,258.15,258.0,258.0,246.1, 248.15,247.15,250.12,212103,530.51,9088, 99011, 46.68,-4.26
BALMLAWRIE, EQ, 21-Nov-2022,119.95,119.7,119.7,117.0, 118.00,118.3,118.25,167659,198.26,3560, 86368, 51.51,-1.38
BALMLAWRIE, EQ, 21-Nov-2023,156.7,157.2,164.9,157.2, 160.50,160.45,162.36,1671356,2713.57,20104, 574990, 34.40,2.39
BALMLAWRIE, EQ, 21-Nov-2024,215.99,214.0,215.01,209.53,213.45,212.74,212.37,202363,429.76,13645, 85046, 42.03,-1.5
BALMLAWRIE, EQ, 21-Dec-2020,120.3,119.5,119.5,109.7, 111.00,111.5,114.81,335651,385.38,5729, 168371, 50.16,-7.32
BALMLAWRIE, EQ, 21-Dec-2021,112.9,113.5,115.15,113.15,113.5,113.85,114.36,109215,124.9,2442, 48304, 44.23,0.84
BALMLAWRIE, EQ, 21-Dec-2022,127.05,128.5,128.5,120.9, 121.95,121.65,124.42,440788,548.42,5807, 234414, 53.18,-4.25
BALMLAWRIE, EQ, 21-Dec-2023,179.75,178.5,188.35,176.05, 187.20,187.45,184.33,1428357,2632.86,25418, 575231, 40.27,4.28
BALMLAWRIE, EQ, 22-Jan-2020,124.35,124.65,125.65,123.0, 124.00,124.1,124.49,57928,72.11,1526, 34214, 59.06,-0.2
BALMLAWRIE, EQ, 22-Jan-2021,120.35,120.7,121.15,117.95, 118.45,118.2,119.14,321237,382.72,4782, 144861, 45.09,-1.79
BALMLAWRIE, EQ, 20-Jan-2024,267.05,269.85,285.2,268.05, 277.60,277.35,277.58,3218235,8933.18,39301, 1371411, 42.61,3.86
BALMLAWRIE, EQ, 22-Jan-2025,206.03,205.72,205.73,198.01,200.4,200.42,200.4,170498,341.68,9138, 90448, 53.05,-2.72
BALMLAWRIE, EQ, 22-Feb-2021,116.45,117.4,117.85,113.75,114.2,114.2,115.28,181393,209.12,3197, 84082, 46.35,-1.93
BALMLAWRIE, EQ, 22-Feb-2022,123.35,121.5,122.25,118.2,119.5,119.6,120.0,308909,370.69,5174, 162009, 52.45,-3.04
BALMLAWRIE, EQ, 22-Feb-2023,115.9,115.25,116.15,113.8, 114.00,113.95,114.54,112316,128.65,2114, 79115, 70.44,-1.68
BALMLAWRIE, EQ, 22-Feb-2024,253.25,254.7,258.2,247.35, 257.80,256.05,253.52,491395,1245.78,16035, 202194, 41.15,1.11
BALMLAWRIE, EQ, 22-Mar-2021,135.5,134.7,140.8,134.05,137.5,137.75,137.62,916718,1261.61,12957, 206406, 22.52,1.66
BALMLAWRIE, EQ, 22-Mar-2022,117.6,118.3,118.7,116.9, 118.00,117.85,117.68,158770,186.83,2690, 80905, 50.96,0.21
BALMLAWRIE, EQ, 22-Mar-2023,111.1,111.65,112.75,111.55, 111.80,112.4,112.33,73991,83.11,1040, 51233, 69.24,1.17
BALMLAWRIE, EQ, 22-Mar-2024,228.0,227.05,231.9,224.15,229.55,229.85,228.95,583650,1336.29,14891, 268144, 45.94,0.81
BALMLAWRIE, EQ, 22-Apr-2020,100.15,100.15,101.0,98.6,99.8,99.6,99.67,112829,112.45,2283, 54055, 47.91,-0.55
BALMLAWRIE, EQ, 22-Apr-2021,118.15,115.8,120.3,115.8,120.0,119.65,118.67,223497,265.22,4893, 76890, 34.40,1.27
BALMLAWRIE, EQ, 22-Apr-2022,126.95,126.8,131.25,125.35, 127.80,129.15,128.4,408016,523.88,5332, 160414, 39.32,1.73
BALMLAWRIE, EQ, 22-Apr-2024,241.85,245.1,250.0,243.85,247.0,247.65,247.64,364850,903.51,9761, 160724, 44.05,2.4
BALMLAWRIE, EQ, 22-Apr-2025,193.23,193.11,196.55,191.81,193.0,193.19,194.55,308983,601.14,8328, 158763, 51.38,-0.02
BALMLAWRIE, EQ, 22-May-2020,95.7,96.2,96.7,95.15,96.15,96.25,96.01,57504,55.21,1369, 33638, 58.50,0.57
BALMLAWRIE, EQ, 22-May-2023,124.3,125.0,126.4,124.7,125.15,125.05,125.55,295162,370.59,2721, 127345, 43.14,0.6
BALMLAWRIE, EQ, 22-May-2024,307.85,308.45,310.25,298.8,305.3,304.8,304.71,740977,2257.82,20890, 294617, 39.76,-0.99
BALMLAWRIE, EQ, 22-Jun-2020,105.85,106.3,114.8,106.05, 114.00,113.05,111.1,711686,790.72,9098, 371375, 52.18,6.8
BALMLAWRIE, EQ, 22-Jun-2021,138.8,139.9,142.75,139.5, 140.80,140.45,141.09,386295,545.02,5717, 160132, 41.45,1.19
BALMLAWRIE, EQ, 22-Jun-2022,107.3,107.85,109.65,105.55,106.0,105.8,107.61,90020,96.87,2606, 46300, 51.43,-1.4
BALMLAWRIE, EQ, 22-Jun-2023,142.8,143.95,143.95,138.25,139.2,139.25,140.86,678901,956.31,7526, 355973, 52.43,-2.49
BALMLAWRIE, EQ, 22-Jul-2020,106.1,106.25,124.7,106.25, 121.80,121.3,119.9,3467762,4157.88,26728, 920124, 26.53,14.33
BALMLAWRIE, EQ, 22-Jul-2021,137.0,138.9,139.5,137.0, 137.60,137.6,138.32,415429,574.61,5046, 116475, 28.04,0.44
BALMLAWRIE, EQ, 22-Jul-2022,111.6,111.85,112.85,110.55, 111.60,111.45,111.57,147350,164.4,2386, 83518, 56.68,-0.13
BALMLAWRIE, EQ, 22-Jul-2024,270.35,269.95,281.5,266.85,276.75,276.4,275.11,460970,1268.16,18821, 166327, 36.08,2.24
BALMLAWRIE, EQ, 22-Aug-2022,121.75,121.8,122.4,121.1, 121.35,121.55,121.77,237754,289.52,2676, 160097, 67.34,-0.16
BALMLAWRIE, EQ, 22-Aug-2023,144.7,144.95,146.5,143.25, 144.60,145.2,145.3,991489,1440.59,6574, 656984, 66.26,0.35
BALMLAWRIE, EQ, 22-Aug-2024,277.2,278.0,279.6,274.9,275.45,275.5,276.81,218448,604.69,5874, 128363, 58.76,-0.61
BALMLAWRIE, EQ, 22-Sep-2020,106.6,107.0,107.05,101.8, 102.00,102.05,102.79,238726,245.38,3352, 151158, 63.32,-4.27
BALMLAWRIE, EQ, 22-Sep-2021,129.65,129.65,131.0,129.0, 129.65,129.55,129.97,227959,296.28,3517, 117150, 51.39,-0.08
BALMLAWRIE, EQ, 22-Sep-2022,115.15,114.65,115.95,114.0, 114.90,115.1,114.89,123916,142.37,2223, 64685, 52.20,-0.04
BALMLAWRIE, EQ, 22-Sep-2023,152.95,153.5,156.7,150.8, 154.30,154.5,153.99,659308,1015.3,8007, 242882, 36.84,1.01
BALMLAWRIE, EQ, 22-Oct-2020,103.0,102.5,108.9,102.5, 108.05,107.95,107.19,490309,525.54,5273, 381947, 77.90,4.81
BALMLAWRIE, EQ, 22-Oct-2021,129.65,130.6,131.65,129.0, 130.85,130.85,130.33,360384,469.68,6356, 153684, 42.64,0.93
BALMLAWRIE, EQ, 22-Oct-2024,247.15,245.0,246.5,232.0,234.75,233.05,237.52,497653,1182.02,21602, 243845, 49.00,-5.71
BALMLAWRIE, EQ, 22-Nov-2021,124.2,124.2,124.6,119.25,119.8,119.9,121.35,272499,330.68,7365, 163813, 60.12,-3.46
BALMLAWRIE, EQ, 22-Nov-2022,118.3,118.35,119.0,116.6, 117.65,117.95,118.16,208493,246.35,3516, 122389, 58.70,-0.3
BALMLAWRIE, EQ, 22-Nov-2023,160.45,160.9,161.25,155.0, 155.30,156.2,157.21,546507,859.17,8207, 324769, 59.43,-2.65
BALMLAWRIE, EQ, 22-Nov-2024,212.74,213.55,215.4,211.64,213.8,213.44,213.12,169350,360.93,10190, 73724, 43.53,0.33
BALMLAWRIE, EQ, 22-Dec-2020,111.5,109.0,112.0,105.35, 110.15,110.1,108.62,299103,324.87,5226, 125911, 42.10,-1.26
BALMLAWRIE, EQ, 22-Dec-2021,113.85,114.45,115.25,113.25, 114.25,113.95,114.04,150215,171.31,2927, 80030, 53.28,0.09
BALMLAWRIE, EQ, 22-Dec-2022,121.65,122.05,123.2,117.85, 119.60,120.05,120.29,339798,408.75,4196, 189456, 55.76,-1.32
BALMLAWRIE, EQ, 22-Dec-2023,187.45,189.05,224.9,189.05, 224.90,224.9,214.32,22108556,47383.45,166626, 4362384, 19.73,19.98
BALMLAWRIE, EQ, 23-Jan-2020,124.1,125.0,125.0,123.1, 124.00,123.75,123.96,61502,76.24,1262, 42453, 69.03,-0.28
BALMLAWRIE, EQ, 23-Jan-2023,124.15,124.15,124.75,122.5,122.85,122.9,123.31,85661,105.63,1998, 47841, 55.85,-1.01
BALMLAWRIE, EQ, 23-Jan-2024,277.35,278.55,279.45,252.65, 259.00,258.5,265.54,2743837,7285.88,46541, 1118591, 40.77,-6.8
BALMLAWRIE, EQ, 23-Jan-2025,200.42,201.7,209.45,197.62,200.01,200.45,202.74,234234,474.88,11830, 65569, 27.99,0.01
BALMLAWRIE, EQ, 23-Feb-2021,114.2,115.0,115.8,114.0, 114.30,114.45,114.58,141847,162.53,2486, 59224, 41.75,0.22
BALMLAWRIE, EQ, 23-Feb-2022,119.6,119.9,122.75,119.9,122.0,121.75,121.92,255342,311.31,3247, 128748, 50.42,1.8
BALMLAWRIE, EQ, 23-Feb-2023,113.95,113.3,115.5,113.3,115.0,114.9,114.57,177804,203.71,1446, 144180, 81.09,0.83
BALMLAWRIE, EQ, 23-Feb-2024,256.05,258.0,259.2,254.1, 256.70,256.85,257.1,368515,947.46,11287, 185988, 50.47,0.31
BALMLAWRIE, EQ, 23-Mar-2020,79.7,74.75,81.9,72.2, 73.40,73.6,75.02,160960,120.75,3015, 106699, 66.29,-7.65
BALMLAWRIE, EQ, 23-Mar-2021,137.75,138.85,139.5,134.2, 135.25,135.05,136.46,442559,603.93,6742, 185362, 41.88,-1.96
BALMLAWRIE, EQ, 23-Mar-2022,117.85,118.9,119.9,117.55, 118.00,117.85,118.61,211142,250.43,3175, 89954, 42.60,0.0
BALMLAWRIE, EQ, 23-Mar-2023,112.4,112.05,114.2,111.05, 111.20,111.9,112.41,140271,157.68,1947, 81097, 57.81,-0.44
BALMLAWRIE, EQ, 23-Apr-2020,99.6,101.0,105.45,99.9,101.45,101.8,103.03,260000,267.88,4215, 68794, 26.46,2.21
BALMLAWRIE, EQ, 23-Apr-2021,119.65,119.6,122.75,118.3,120.2,120.0,120.5,530272,638.99,8232, 167456, 31.58,0.29
BALMLAWRIE, EQ, 23-Apr-2024,247.65,249.15,254.0,246.6,250.0,249.55,250.13,455186,1138.57,12925, 210085, 46.15,0.77
BALMLAWRIE, EQ, 23-Apr-2025,193.19,193.55,202.7,190.15,201.4,200.99,198.17,901832,1787.16,18759, 340402, 37.75,4.04
BALMLAWRIE, EQ, 23-May-2022,114.2,114.5,115.15,113.0,113.65,113.6,114.08,99203,113.17,1985, 60683, 61.17,-0.53
BALMLAWRIE, EQ, 23-May-2023,125.05,131.3,133.7,130.0, 130.95,130.9,131.68,2274144,2994.6,20253, 971204, 42.71,4.68
BALMLAWRIE, EQ, 23-May-2024,304.8,306.35,320.45,306.0,310.0,309.6,314.49,1512890,4757.92,25955, 545333, 36.05,1.57
BALMLAWRIE, EQ, 23-Jun-2020,113.05,116.0,121.7,116.0, 118.00,118.55,118.65,1854715,2200.7,18382, 612138, 33.00,4.87
BALMLAWRIE, EQ, 23-Jun-2021,140.45,144.0,146.45,141.45, 144.05,143.3,144.64,1537945,2224.55,15194, 542741, 35.29,2.03
BALMLAWRIE, EQ, 23-Jun-2022,105.8,106.1,107.65,104.3,106.45,106.7,106.31,79657,84.68,1876, 24382, 30.61,0.85
BALMLAWRIE, EQ, 23-Jun-2023,139.25,139.75,139.75,135.55, 136.60,136.75,136.95,359170,491.89,3894, 205221, 57.14,-1.8
BALMLAWRIE, EQ, 23-Jul-2020,121.3,121.45,123.95,117.0, 118.60,119.65,121.73,3074542,3742.69,25551, 703118, 22.87,-1.36
BALMLAWRIE, EQ, 23-Jul-2021,137.6,138.15,138.6,136.7,137.3,137.05,137.39,185895,255.39,2423, 96820, 52.08,-0.4
BALMLAWRIE, EQ, 23-Jul-2024,276.4,278.55,278.55,254.75,271.8,270.25,268.25,665475,1785.12,20601, 238553, 35.85,-2.23
BALMLAWRIE, EQ, 23-Aug-2021,126.55,127.05,129.0,122.65, 123.65,123.1,125.1,339472,424.67,6211, 152977, 45.06,-2.73
BALMLAWRIE, EQ, 23-Aug-2022,121.55,121.25,121.95,120.75, 121.80,121.8,121.48,133861,162.61,2052, 79824, 59.63,0.21
BALMLAWRIE, EQ, 23-Aug-2023,145.2,145.6,149.3,145.35, 147.00,146.75,147.52,932885,1376.19,9123, 503059, 53.93,1.07
BALMLAWRIE, EQ, 23-Aug-2024,275.5,276.45,278.25,273.55,274.7,274.3,276.07,216245,596.99,7540, 106101, 49.07,-0.44
BALMLAWRIE, EQ, 23-Sep-2020,102.05,102.0,104.35,99.4, 100.35,100.3,101.21,210433,212.97,3916, 114333, 54.33,-1.71
BALMLAWRIE, EQ, 23-Sep-2021,129.55,130.55,131.5,128.85, 129.30,129.1,129.92,257636,334.72,3347, 143426, 55.67,-0.35
BALMLAWRIE, EQ, 23-Sep-2022,115.1,115.1,115.5,112.55, 113.35,113.2,113.71,193002,219.46,3401, 109253, 56.61,-1.65
BALMLAWRIE, EQ, 23-Sep-2024,266.05,267.8,268.0,260.65,263.7,263.25,263.7,293210,773.21,9083, 157114, 53.58,-1.05
BALMLAWRIE, EQ, 23-Oct-2020,107.95,108.55,108.6,106.05, 106.90,106.35,107.03,89501,95.79,2229, 50993, 56.97,-1.48
BALMLAWRIE, EQ, 23-Oct-2023,145.8,145.8,146.55,133.8, 135.05,135.35,139.55,877569,1224.61,10892, 481589, 54.88,-7.17
BALMLAWRIE, EQ, 23-Oct-2024,233.05,234.5,240.85,225.05,234.7,234.4,233.69,345427,807.22,19398, 99246, 28.73,0.58
BALMLAWRIE, EQ, 23-Nov-2020,102.25,102.25,103.15,101.8, 102.50,102.4,102.33,170437,174.41,2219, 97363, 57.13,0.15
BALMLAWRIE, EQ, 23-Nov-2021,119.9,119.95,122.0,119.5,120.9,121.0,120.57,233899,282.0,4626, 120657, 51.59,0.92
BALMLAWRIE, EQ, 23-Nov-2022,117.95,118.0,122.8,118.0,121.0,120.95,121.07,636888,771.1,8318, 213548, 33.53,2.54
BALMLAWRIE, EQ, 23-Nov-2023,156.2,156.15,157.8,155.5, 156.05,156.05,156.3,192958,301.6,3166, 96964, 50.25,-0.1
BALMLAWRIE, EQ, 23-Dec-2020,110.1,112.85,121.0,105.0,114.45,114.3,112.91,269773,304.59,4459, 76610, 28.40,3.81
BALMLAWRIE, EQ, 23-Dec-2021,113.95,114.6,116.0,114.35, 115.15,115.0,115.06,156868,180.49,3752, 78105, 49.79,0.92
BALMLAWRIE, EQ, 23-Dec-2022,120.05,119.25,119.7,114.25, 116.10,115.4,117.53,368056,432.59,4528, 241758, 65.69,-3.87
BALMLAWRIE, EQ, 23-Dec-2024,216.78,218.0,218.0,212.0,214.3,213.0,214.46,159900,342.91,7832, 78266, 48.95,-1.74
BALMLAWRIE, EQ, 24-Jan-2020,123.75,124.7,124.7,123.5,123.5,123.7,124.12,62119,77.1,1103, 44945, 72.35,-0.04
BALMLAWRIE, EQ, 24-Jan-2022,129.9,130.5,130.5,121.5,123.3,122.7,125.18,393620,492.75,7009, 225703, 57.34,-5.54
BALMLAWRIE, EQ, 24-Jan-2023,122.9,123.1,125.5,122.55,122.65,122.7,123.75,138831,171.8,2295, 70128, 50.51,-0.16
BALMLAWRIE, EQ, 24-Jan-2024,258.5,258.4,263.7,253.15, 257.45,258.55,258.85,1463741,3788.88,23673, 419045, 28.63,0.02
BALMLAWRIE, EQ, 24-Jan-2025,200.45,200.5,202.29,196.92,197.25,197.29,198.89,130773,260.09,6202, 62518, 47.81,-1.58
BALMLAWRIE, EQ, 24-Feb-2020,109.65,109.65,109.65,107.75, 109.00,108.35,108.59,65871,71.53,1160, 41108, 62.41,-1.19
BALMLAWRIE, EQ, 24-Feb-2021,114.45,115.15,118.85,114.9, 117.00,117.05,117.14,288213,337.62,5124, 113261, 39.30,2.27
BALMLAWRIE, EQ, 24-Feb-2022,121.75,116.0,119.7,112.0, 114.85,113.3,115.65,482018,557.47,8146, 263452, 54.66,-6.94
BALMLAWRIE, EQ, 24-Feb-2023,114.9,115.15,115.75,114.85, 114.85,115.3,115.25,51975,59.9,1066, 33143, 63.77,0.35
BALMLAWRIE, EQ, 24-Feb-2025,163.16,162.95,170.0,158.92,167.75,167.74,166.16,790495,1313.51,24727, 306051, 38.72,2.81
BALMLAWRIE, EQ, 24-Mar-2020,73.6,74.9,76.55,70.0, 71.55,70.75,71.51,158883,113.61,2789, 101632, 63.97,-3.87
BALMLAWRIE, EQ, 24-Mar-2021,135.05,134.75,137.0,131.0, 131.50,131.95,134.25,360504,483.99,5144, 139867, 38.80,-2.3
BALMLAWRIE, EQ, 24-Mar-2022,117.85,117.55,118.85,116.5, 116.80,116.7,117.14,148113,173.5,2370, 76771, 51.83,-0.98
BALMLAWRIE, EQ, 24-Mar-2023,111.9,111.9,112.2,110.55, 110.65,110.9,111.32,51691,57.54,1148, 34132, 66.03,-0.89
BALMLAWRIE, EQ, 24-Mar-2025,191.04,191.0,194.8,188.11,188.88,188.88,190.91,476473,909.62,14277, 277155, 58.17,-1.13
BALMLAWRIE, EQ, 24-Apr-2020,101.8,103.8,104.9,100.7,102.7,101.4,102.89,224224,230.7,3673, 70231, 31.32,-0.39
BALMLAWRIE, EQ, 24-Apr-2023,113.8,114.35,114.75,113.1, 114.20,113.95,113.74,94963,108.01,1187, 68312, 71.94,0.13
BALMLAWRIE, EQ, 24-Apr-2024,249.55,251.0,261.95,250.3, 257.05,258.2,256.71,815324,2093.06,16297, 368464, 45.19,3.47
BALMLAWRIE, EQ, 24-Apr-2025,200.99,202.4,204.74,197.0,197.42,197.91,200.82,401023,805.34,10069, 169007, 42.14,-1.53
BALMLAWRIE, EQ, 24-May-2021,138.2,138.9,138.95,136.5, 136.95,136.95,137.59,323156,444.63,4467, 154953, 47.95,-0.9
BALMLAWRIE, EQ, 24-May-2022,113.6,113.5,114.2,113.05,113.2,113.35,113.67,70171,79.76,1541, 46226, 65.88,-0.22
BALMLAWRIE, EQ, 24-May-2023,130.9,132.0,132.5,130.7, 132.00,131.55,131.68,444432,585.21,4871, 241744, 54.39,0.5
BALMLAWRIE, EQ, 24-May-2024,309.6,311.45,317.75,306.8,310.25,311.05,311.76,936416,2919.37,18321, 438058, 46.78,0.47
BALMLAWRIE, EQ, 24-Jun-2020,118.55,120.8,121.1,113.5,116.05,115.25,118.24,455574,538.66,6480, 239568, 52.59,-2.78
BALMLAWRIE, EQ, 24-Jun-2021,143.3,144.4,146.2,141.6, 142.60,142.15,144.37,951277,1373.32,11018, 289937, 30.48,-0.8
BALMLAWRIE, EQ, 24-Jun-2022,106.7,106.8,107.7,106.0, 107.60,107.4,106.99,84601,90.52,1816, 50485, 59.67,0.66
BALMLAWRIE, EQ, 24-Jun-2024,266.25,266.25,281.5,264.0,281.5,280.15,276.12,1139904,3147.55,18366, 614700, 53.93,5.22
BALMLAWRIE, EQ, 24-Jul-2020,119.65,117.2,117.85,113.65,115.55,115.3,115.57,403224,466.0,5768, 181082, 44.91,-3.64
BALMLAWRIE, EQ, 24-Jul-2023,134.0,135.5,142.85,135.15, 139.00,138.7,140.06,1981229,2774.98,16430, 834114, 42.10,3.51
BALMLAWRIE, EQ, 24-Jul-2024,270.25,271.0,286.8,271.0,283.75,282.5,281.71,678120,1910.35,18668, 288030, 42.47,4.53
BALMLAWRIE, EQ, 24-Aug-2020,116.55,117.8,123.0,117.7,121.1,121.1,121.08,1156125,1399.86,10729, 504106, 43.60,3.9
BALMLAWRIE, EQ, 24-Aug-2021,123.1,124.05,125.5,123.1, 124.75,125.05,124.38,207469,258.06,4107, 92346, 44.51,1.58
BALMLAWRIE, EQ, 24-Aug-2022,121.8,121.4,123.35,121.4,122.6,122.65,122.42,249375,305.3,3398, 147696, 59.23,0.7
BALMLAWRIE, EQ, 24-Aug-2023,146.75,147.6,152.0,147.6, 150.40,150.15,150.29,1449293,2178.12,11498, 807495, 55.72,2.32
BALMLAWRIE, EQ, 24-Sep-2020,100.3,99.0,99.0,97.1, 97.50,97.55,97.77,153928,150.49,2739, 80190, 52.10,-2.74
BALMLAWRIE, EQ, 24-Sep-2021,129.1,129.3,130.9,126.9, 127.55,127.45,128.53,336193,432.11,4911, 158044, 47.01,-1.28
BALMLAWRIE, EQ, 24-Sep-2024,263.25,263.3,267.9,263.1,263.4,263.6,265.06,217721,577.08,6150, 112095, 51.49,0.13
BALMLAWRIE, EQ, 24-Oct-2024,234.4,236.4,238.8,228.0,229.2,229.1,232.32,199099,462.55,10827, 76510, 38.43,-2.26
BALMLAWRIE, EQ, 24-Nov-2020,102.4,102.85,102.9,101.95, 102.55,102.45,102.49,111393,114.17,1570, 67688, 60.77,0.05
BALMLAWRIE, EQ, 24-Nov-2021,121.0,121.05,122.75,121.05, 121.50,121.4,121.81,102833,125.27,1944, 59191, 57.56,0.33
BALMLAWRIE, EQ, 24-Nov-2022,120.95,121.55,122.9,119.9, 120.60,120.85,121.23,296859,359.88,4292, 147386, 49.65,-0.08
BALMLAWRIE, EQ, 24-Nov-2023,156.05,156.5,157.7,153.6, 154.90,154.0,155.21,326454,506.7,5817, 162567, 49.80,-1.31
BALMLAWRIE, EQ, 24-Dec-2020,114.3,116.75,117.8,115.0, 116.20,116.15,116.25,241170,280.36,3893, 104816, 43.46,1.62
BALMLAWRIE, EQ, 24-Dec-2021,115.0,115.2,116.25,113.45, 114.25,114.15,114.73,116142,133.25,2319, 50725, 43.67,-0.74
BALMLAWRIE, EQ, 24-Dec-2024,213.0,213.9,216.6,213.37,214.8,214.04,214.87,89417,192.13,4127, 40734, 45.56,0.49
BALMLAWRIE, EQ, 25-Jan-2021,118.2,119.75,119.75,115.0, 115.25,115.15,116.29,263938,306.92,3982, 122644, 46.47,-2.58
BALMLAWRIE, EQ, 25-Jan-2022,122.7,121.2,127.0,120.0,127.0,126.35,124.66,227946,284.17,3965, 90790, 39.83,2.97
BALMLAWRIE, EQ, 25-Jan-2023,122.7,123.5,123.5,120.6, 121.10,121.1,121.59,105829,128.68,2134, 69158, 65.35,-1.3
BALMLAWRIE, EQ, 25-Jan-2024,258.55,260.0,269.8,254.9, 257.95,258.05,263.41,1566150,4125.39,23426, 549965, 35.12,-0.19
BALMLAWRIE, EQ, 25-Feb-2020,108.35,108.8,108.9,108.05, 108.10,108.45,108.46,54851,59.49,837, 40883, 74.53,0.09
BALMLAWRIE, EQ, 25-Feb-2021,117.05,118.15,124.4,117.5, 122.75,122.6,121.68,1575965,1917.6,16947, 607659, 38.56,4.74
BALMLAWRIE, EQ, 25-Feb-2022,113.3,115.1,119.3,115.1,118.85,117.65,117.72,224063,263.76,3915, 93440, 41.70,3.84
BALMLAWRIE, EQ, 25-Feb-2025,167.74,167.2,170.64,162.0,162.5,162.82,164.48,436393,717.8,21847, 251030, 57.52,-2.93
BALMLAWRIE, EQ, 25-Mar-2020,70.75,70.0,73.7,69.3, 73.70,72.5,71.7,115311,82.68,1749, 78716, 68.26,2.47
BALMLAWRIE, EQ, 25-Mar-2021,131.95,130.7,131.9,126.15,128.0,128.1,128.5,540685,694.78,7421, 255193, 47.20,-2.92
BALMLAWRIE, EQ, 25-Mar-2022,116.7,117.0,117.65,116.0,116.25,116.1,116.57,126281,147.21,1935, 92031, 72.88,-0.51
BALMLAWRIE, EQ, 25-Mar-2025,188.88,189.25,190.0,181.12,181.42,182.27,184.68,437514,808.02,11923, 271318, 62.01,-3.5
BALMLAWRIE, EQ, 25-Apr-2022,129.15,126.3,127.35,122.2,123.8,123.65,125.11,257276,321.88,3671, 131050, 50.94,-4.26
BALMLAWRIE, EQ, 25-Apr-2023,113.95,113.95,115.5,113.95,115.0,114.95,114.92,116700,134.12,2055, 64185, 55.00,0.88
BALMLAWRIE, EQ, 25-Apr-2024,258.2,257.05,281.9,256.5, 277.15,276.2,273.36,3991552,10911.12,58116, 1386582, 34.74,6.97
BALMLAWRIE, EQ, 25-Apr-2025,197.91,197.91,198.17,187.21,190.26,191.37,190.93,504271,962.79,12722, 211691, 41.98,-3.3
BALMLAWRIE, EQ, 25-May-2021,136.95,137.8,139.7,137.1, 137.55,137.85,138.06,322129,444.74,4152, 127694, 39.64,0.66
BALMLAWRIE, EQ, 25-May-2022,113.35,113.2,113.6,111.2, 111.40,111.4,112.01,101303,113.47,1990, 75894, 74.92,-1.72
BALMLAWRIE, EQ, 25-May-2023,131.55,132.6,134.55,132.35, 134.00,133.5,133.48,802248,1070.87,7583, 467068, 58.22,1.48
BALMLAWRIE, EQ, 25-Jun-2020,115.25,116.0,116.0,111.6, 114.00,113.9,114.09,304082,346.93,4146, 165590, 54.46,-1.17
BALMLAWRIE, EQ, 25-Jun-2021,142.15,143.0,146.25,140.6, 141.30,141.55,143.6,717184,1029.88,10428, 288498, 40.23,-0.42
BALMLAWRIE, EQ, 25-Jun-2024,280.15,283.4,284.1,272.25,273.5,273.8,278.81,593068,1653.53,15890, 284725, 48.01,-2.27
BALMLAWRIE, EQ, 25-Jul-2022,111.45,111.85,111.9,110.55, 111.20,111.15,111.2,55366,61.57,1220, 35743, 64.56,-0.27
BALMLAWRIE, EQ, 25-Jul-2023,138.7,139.8,148.05,139.1, 147.55,146.75,144.46,3179305,4592.83,23522, 1598748, 50.29,5.8
BALMLAWRIE, EQ, 25-Jul-2024,282.5,279.85,289.0,278.4,286.0,285.55,285.15,529592,1510.11,15465, 224230, 42.34,1.08
BALMLAWRIE, EQ, 25-Aug-2020,121.1,122.25,122.8,118.5, 120.30,120.2,120.65,426882,515.03,4956, 243408, 57.02,-0.74
BALMLAWRIE, EQ, 25-Aug-2021,125.05,126.9,127.6,125.75, 126.30,126.2,126.5,168156,212.71,3636, 74261, 44.16,0.92
BALMLAWRIE, EQ, 25-Aug-2022,122.65,123.3,124.4,122.8,123.65,123.4,123.77,277702,343.71,3244, 172875, 62.25,0.61
BALMLAWRIE, EQ, 25-Aug-2023,150.15,150.15,152.75,148.7, 149.00,149.55,150.38,813228,1222.9,8003, 343288, 42.21,-0.4
BALMLAWRIE, EQ, 25-Sep-2020,97.55,98.0,99.85,97.5, 99.20,98.95,98.53,152334,150.1,2414, 88603, 58.16,1.44
BALMLAWRIE, EQ, 25-Sep-2023,154.5,154.45,157.65,150.65, 155.50,156.15,154.5,726243,1122.05,9757, 276565, 38.08,1.07
BALMLAWRIE, EQ, 25-Sep-2024,263.6,263.0,265.65,261.4,263.75,264.05,263.81,179273,472.94,4973, 86686, 48.35,0.17
BALMLAWRIE, EQ, 25-Oct-2021,130.85,131.85,131.85,127.0, 129.00,128.85,128.8,234106,301.53,4449, 114999, 49.12,-1.53
BALMLAWRIE, EQ, 25-Oct-2022,111.25,111.25,111.55,110.5,110.6,110.9,110.96,65463,72.64,1405, 46896, 71.64,-0.31
BALMLAWRIE, EQ, 25-Oct-2023,135.35,136.2,139.8,131.7,134.0,134.05,135.92,544871,740.58,9514, 207086, 38.01,-0.96
BALMLAWRIE, EQ, 25-Oct-2024,229.1,229.0,230.0,219.0,222.0,220.4,222.27,295620,657.07,16478, 133181, 45.05,-3.8
BALMLAWRIE, EQ, 25-Nov-2020,102.45,102.95,102.95,101.4, 101.50,101.55,102.12,178378,182.16,2171, 99502, 55.78,-0.88
BALMLAWRIE, EQ, 25-Nov-2021,121.4,121.4,122.2,120.35,121.05,121.15,121.22,165581,200.71,4419, 73515, 44.40,-0.21
BALMLAWRIE, EQ, 25-Nov-2022,120.85,121.9,124.2,120.4,121.5,121.55,122.32,405530,496.03,4731, 202036, 49.82,0.58
BALMLAWRIE, EQ, 25-Nov-2024,213.44,216.48,233.25,216.48,224.31,224.42,227.11,575597,1307.24,22823, 163260, 28.36,5.14
BALMLAWRIE, EQ, 26-Feb-2020,108.45,108.0,108.0,105.7, 105.80,106.0,106.91,106505,113.86,2103, 70040, 65.76,-2.26
BALMLAWRIE, EQ, 26-Feb-2021,122.6,120.15,126.7,119.2,123.2,123.15,123.19,1851716,2281.07,16557, 871769, 47.08,0.45
BALMLAWRIE, EQ, 26-Feb-2024,256.85,257.0,259.4,254.6, 257.00,257.55,257.48,369524,951.44,12450, 180787, 48.92,0.27
BALMLAWRIE, EQ, 26-Mar-2020,72.5,73.5,78.0,73.0, 75.75,75.5,75.76,103976,78.78,2012, 62623, 60.23,4.14
BALMLAWRIE, EQ, 26-Mar-2021,128.1,128.55,131.55,126.85,127.7,127.9,129.2,388008,501.3,6040, 173725, 44.77,-0.16
BALMLAWRIE, EQ, 26-Mar-2024,229.85,225.75,233.95,225.4,227.5,226.45,228.34,510481,1165.61,12539, 278027, 54.46,-1.48
BALMLAWRIE, EQ, 26-Mar-2025,182.27,182.29,189.59,180.5,181.96,181.34,185.48,691711,1282.98,21353, 322036, 46.56,-0.51
BALMLAWRIE, EQ, 26-Apr-2021,120.0,120.9,122.45,120.1, 120.25,120.3,121.1,130367,157.87,2424, 65491, 50.24,0.25
BALMLAWRIE, EQ, 26-Apr-2022,123.65,124.3,126.1,124.0, 124.10,124.7,124.96,122630,153.24,2181, 61470, 50.13,0.85
BALMLAWRIE, EQ, 26-Apr-2023,114.95,114.95,117.9,114.55, 117.10,117.15,116.55,364806,425.17,3930, 166654, 45.68,1.91
BALMLAWRIE, EQ, 26-Apr-2024,276.2,280.0,281.95,270.3, 277.50,277.15,277.24,2096546,5812.42,42789, 633151, 30.20,0.34
BALMLAWRIE, EQ, 26-May-2020,96.25,97.5,97.5,95.55, 95.75,96.0,96.0,43121,41.39,1048, 24331, 56.42,-0.26
BALMLAWRIE, EQ, 26-May-2021,137.85,137.9,139.9,136.55, 137.35,137.2,138.09,364597,503.45,4761, 146589, 40.21,-0.47
BALMLAWRIE, EQ, 26-May-2022,111.4,112.5,113.7,110.4,113.1,112.95,112.1,94140,105.53,2363, 53621, 56.96,1.39
BALMLAWRIE, EQ, 26-May-2023,133.5,126.0,127.4,124.65,125.3,125.2,125.58,903616,1134.81,8136, 545486, 60.37,-6.22
BALMLAWRIE, EQ, 26-Jun-2020,113.9,114.15,115.65,112.1, 113.70,113.3,113.31,145768,165.16,2701, 84744, 58.14,-0.53
BALMLAWRIE, EQ, 26-Jun-2023,136.75,136.75,137.9,136.1, 136.95,136.9,136.73,154819,211.69,2146, 80227, 51.82,0.11
BALMLAWRIE, EQ, 26-Jun-2024,273.8,274.4,275.05,269.25,275.0,273.65,272.14,362415,986.27,12572, 157511, 43.46,-0.05
BALMLAWRIE, EQ, 26-Jul-2021,137.05,137.6,138.0,136.2,136.9,136.65,136.96,245408,336.11,3341, 121605, 49.55,-0.29
BALMLAWRIE, EQ, 26-Jul-2022,111.15,111.55,111.55,110.05,110.05,110.4,110.72,60818,67.34,1278, 40393, 66.42,-0.67
BALMLAWRIE, EQ, 26-Jul-2023,146.75,148.5,152.55,146.6, 149.65,149.5,150.0,3148080,4721.99,21905, 1228884, 39.04,1.87
BALMLAWRIE, EQ, 26-Jul-2024,285.55,288.5,293.95,285.15, 285.85,286.2,288.46,313288,903.7,9724, 134106, 42.81,0.23
BALMLAWRIE, EQ, 26-Aug-2020,120.2,121.95,121.95,119.8, 120.20,120.05,120.39,242541,292.0,2965, 146111, 60.24,-0.12
BALMLAWRIE, EQ, 26-Aug-2021,126.2,127.15,127.5,125.45, 125.95,125.8,126.29,140017,176.82,3262, 68214, 48.72,-0.32
BALMLAWRIE, EQ, 26-Aug-2022,123.4,124.4,124.4,122.0,123.0,123.2,123.1,267154,328.88,3416, 124462, 46.59,-0.16
BALMLAWRIE, EQ, 26-Aug-2024,274.3,277.7,281.85,275.3,276.15,275.7,277.96,330325,918.16,9669, 151357, 45.82,0.51
BALMLAWRIE, EQ, 26-Sep-2022,113.2,113.0,113.0,109.0,110.6,110.05,110.36,216308,238.71,4324, 108573, 50.19,-2.78
BALMLAWRIE, EQ, 26-Sep-2023,156.15,156.15,156.3,152.6, 153.50,153.3,154.11,319113,491.8,5005, 152433, 47.77,-1.83
BALMLAWRIE, EQ, 26-Sep-2024,264.05,264.05,264.9,261.0,263.9,263.45,263.18,122811,323.22,5054, 54986, 44.77,-0.23
BALMLAWRIE, EQ, 26-Oct-2020,106.35,106.9,107.25,101.0,102.2,101.7,102.83,202970,208.71,3657, 132601, 65.33,-4.37
BALMLAWRIE, EQ, 26-Oct-2021,128.85,129.0,130.4,128.25, 129.10,129.1,129.28,313012,404.66,6768, 118229, 37.77,0.19
BALMLAWRIE, EQ, 26-Oct-2023,134.05,132.7,137.95,129.4, 137.25,136.25,132.32,739833,978.97,10211, 265543, 35.89,1.64
BALMLAWRIE, EQ, 26-Nov-2020,101.55,102.05,102.3,100.25, 101.80,101.75,101.66,116104,118.03,1614, 73457, 63.27,0.2
BALMLAWRIE, EQ, 26-Nov-2021,121.15,120.7,121.45,118.85, 119.30,119.2,119.85,179398,215.0,3463, 102571, 57.18,-1.61
BALMLAWRIE, EQ, 26-Nov-2024,224.42,224.0,226.45,220.91,222.29,222.43,223.46,145615,325.4,7103, 64905, 44.57,-0.89
BALMLAWRIE, EQ, 26-Dec-2022,115.4,116.0,119.2,115.5,118.55,118.65,117.97,165800,195.6,3299, 83506, 50.37,2.82
BALMLAWRIE, EQ, 26-Dec-2023,224.9,238.25,240.8,222.9, 229.70,230.25,230.27,12602056,29018.91,122639, 2472798, 19.62,2.38
BALMLAWRIE, EQ, 26-Dec-2024,214.04,215.0,215.88,211.0,212.95,212.52,212.22,125397,266.12,5316, 69256, 55.23,-0.71
BALMLAWRIE, EQ, 27-Jan-2020,123.7,123.6,125.0,123.0, 123.50,123.2,123.73,50263,62.19,1669, 34514, 68.67,-0.4
BALMLAWRIE, EQ, 27-Jan-2021,115.15,115.15,117.0,114.15, 116.60,116.3,115.73,214308,248.02,3702, 76408, 35.65,1.0
BALMLAWRIE, EQ, 27-Jan-2022,126.35,125.0,127.8,124.1, 126.75,126.55,126.48,227557,287.81,3829, 116560, 51.22,0.16
BALMLAWRIE, EQ, 27-Jan-2023,121.1,121.1,122.0,117.7, 118.60,118.2,119.01,248723,296.01,3380, 138887, 55.84,-2.39
BALMLAWRIE, EQ, 27-Jan-2025,197.29,196.5,196.5,186.1,188.95,188.77,188.88,303149,572.59,17188, 148192, 48.88,-4.32
BALMLAWRIE, EQ, 27-Feb-2020,106.0,106.0,106.8,102.5, 104.10,103.95,104.15,94488,98.41,1852, 60392, 63.91,-1.93
BALMLAWRIE, EQ, 27-Feb-2023,115.3,115.0,115.4,113.0, 114.00,113.45,113.93,96641,110.1,2233, 63310, 65.51,-1.6
BALMLAWRIE, EQ, 27-Feb-2024,257.55,257.0,260.0,250.95, 253.80,254.6,256.61,469502,1204.81,11546, 254322, 54.17,-1.15
BALMLAWRIE, EQ, 27-Feb-2025,162.82,163.0,163.81,157.19,157.65,157.92,159.2,357849,569.68,18269, 183171, 51.19,-3.01
BALMLAWRIE, EQ, 27-Mar-2020,75.5,77.8,80.4,76.0, 77.50,77.35,78.34,171347,134.23,2138, 92286, 53.86,2.45
BALMLAWRIE, EQ, 27-Mar-2023,110.9,111.85,112.6,110.0, 110.55,110.5,110.82,186532,206.72,2196, 121003, 64.87,-0.36
BALMLAWRIE, EQ, 27-Mar-2024,226.45,227.5,241.1,227.5, 235.05,237.0,236.6,911501,2156.58,23452, 389776, 42.76,4.66
BALMLAWRIE, EQ, 27-Mar-2025,181.34,180.0,189.0,180.0,183.6,184.43,184.92,1073776,1985.67,25827, 448173, 41.74,1.7
BALMLAWRIE, EQ, 27-Apr-2020,101.4,101.65,103.45,101.05, 101.80,101.75,102.39,138401,141.71,2005, 76534, 55.30,0.35
BALMLAWRIE, EQ, 27-Apr-2021,120.3,120.9,123.35,120.4,122.5,122.2,121.92,309056,376.8,3791, 124798, 40.38,1.58
BALMLAWRIE, EQ, 27-Apr-2022,124.7,124.5,124.95,121.6,122.5,122.45,122.89,183465,225.47,2985, 91121, 49.67,-1.8
BALMLAWRIE, EQ, 27-Apr-2023,117.15,117.7,118.65,116.45, 116.60,116.75,117.32,199316,233.84,2683, 123197, 61.81,-0.34
BALMLAWRIE, EQ, 27-May-2020,96.0,96.7,96.95,94.7,95.3,95.15,95.11,76332,72.6,1234, 49278, 64.56,-0.89
BALMLAWRIE, EQ, 27-May-2021,137.2,138.05,139.7,136.5, 137.00,137.15,138.08,371037,512.32,5048, 155676, 41.96,-0.04
BALMLAWRIE, EQ, 27-May-2022,112.95,114.3,115.15,113.8, 114.50,114.6,114.56,73397,84.09,1838, 39075, 53.24,1.46
BALMLAWRIE, EQ, 27-May-2024,311.05,305.0,305.9,290.05,292.0,291.5,297.62,2373008,7062.66,35608, 1022669, 43.10,-6.29
BALMLAWRIE, EQ, 27-Jun-2022,107.4,108.25,109.5,108.1,108.5,108.75,108.88,65639,71.47,1197, 37230, 56.72,1.26
BALMLAWRIE, EQ, 27-Jun-2023,136.9,138.0,140.0,136.55, 137.60,137.9,138.35,301097,416.58,3871, 154557, 51.33,0.73
BALMLAWRIE, EQ, 27-Jun-2024,273.65,274.4,276.05,268.3,270.5,270.85,272.56,354701,966.79,8816, 184741, 52.08,-1.02
BALMLAWRIE, EQ, 27-Jul-2020,115.3,116.0,116.0,110.7,111.35,111.3,112.19,241724,271.19,3614, 144165, 59.64,-3.47
BALMLAWRIE, EQ, 27-Jul-2021,136.65,136.85,137.7,135.1, 135.65,135.9,136.3,188183,256.5,2897, 95713, 50.86,-0.55
BALMLAWRIE, EQ, 27-Jul-2022,110.4,110.05,110.5,109.45,110.15,110.1,109.97,103126,113.41,1695, 67673, 65.62,-0.27
BALMLAWRIE, EQ, 27-Jul-2023,149.5,150.4,153.7,148.75, 149.20,149.6,151.16,1330929,2011.88,10481, 579203, 43.52,0.07
BALMLAWRIE, EQ, 27-Aug-2020,120.05,120.85,121.45,118.3,118.75,119.05,119.83,279583,335.02,3551, 185152, 66.22,-0.83
BALMLAWRIE, EQ, 27-Aug-2021,125.8,127.25,127.25,125.85, 126.85,126.35,126.3,195032,246.33,3049, 96386, 49.42,0.44
BALMLAWRIE, EQ, 27-Aug-2024,275.7,278.5,282.5,276.25,280.1,280.45,279.23,591769,1652.42,15463, 313510, 52.98,1.72
BALMLAWRIE, EQ, 27-Sep-2021,127.45,128.2,128.8,126.6, 127.30,127.2,127.46,235088,299.64,3837, 121720, 51.78,-0.2
BALMLAWRIE, EQ, 27-Sep-2022,110.05,110.5,111.65,110.0,111.2,110.8,110.85,118393,131.24,2483, 53798, 45.44,0.68
BALMLAWRIE, EQ, 27-Sep-2023,153.3,154.0,155.4,152.5, 153.65,154.1,154.01,557766,859.04,7646, 213962, 38.36,0.52
BALMLAWRIE, EQ, 27-Sep-2024,263.45,265.5,276.9,264.25,273.5,274.2,272.34,686435,1869.47,16107, 291074, 42.40,4.08
BALMLAWRIE, EQ, 27-Oct-2020,101.7,102.0,103.35,100.2, 101.95,101.95,101.59,241218,245.05,3602, 124380, 51.56,0.25
BALMLAWRIE, EQ, 27-Oct-2021,129.1,129.85,130.6,128.25, 128.55,128.55,129.15,159761,206.34,2809, 74692, 46.75,-0.43
BALMLAWRIE, EQ, 27-Oct-2022,110.9,111.5,112.6,110.05,112.6,111.75,111.18,101611,112.97,1811, 56985, 56.08,0.77
BALMLAWRIE, EQ, 27-Oct-2023,136.25,136.95,138.25,136.1,137.0,137.35,137.11,276561,379.19,3999, 111596, 40.35,0.81
BALMLAWRIE, EQ, 27-Nov-2020,101.75,101.95,115.4,101.8,107.75,109.05,110.38,3111186,3434.24,23316, 728925, 23.43,7.17
BALMLAWRIE, EQ, 27-Nov-2024,222.43,222.6,226.4,221.29,225.79,225.76,224.08,197740,443.09,7840, 85307, 43.14,1.5
BALMLAWRIE, EQ, 27-Dec-2021,114.15,114.7,114.7,113.1, 114.10,113.9,113.79,102105,116.18,2524, 51105, 50.05,-0.22
BALMLAWRIE, EQ, 27-Dec-2022,118.65,119.7,121.8,119.0,121.0,120.9,120.0,201538,241.85,3230, 101423, 50.32,1.9
BALMLAWRIE, EQ, 27-Dec-2023,230.25,231.7,235.7,220.1, 221.00,221.5,228.94,3340855,7648.57,52396, 1147642, 34.35,-3.8
BALMLAWRIE, EQ, 27-Dec-2024,212.52,212.8,214.2,211.5,212.05,212.08,212.71,93126,198.08,5586, 53603, 57.56,-0.21
BALMLAWRIE, EQ, 28-Jan-2020,123.2,124.85,125.0,123.0, 123.25,123.2,123.83,61262,75.86,1304, 37485, 61.19,0.0
BALMLAWRIE, EQ, 28-Jan-2021,116.3,115.0,117.45,114.2, 116.00,115.9,115.97,142318,165.05,2398, 54099, 38.01,-0.34
BALMLAWRIE, EQ, 28-Jan-2022,126.55,126.85,129.4,125.3, 126.00,125.75,127.52,216006,275.45,3628, 107653, 49.84,-0.63
BALMLAWRIE, EQ, 28-Jan-2025,188.77,190.1,192.2,180.05,182.19,183.47,184.51,373927,689.93,19824, 170536, 45.61,-2.81
BALMLAWRIE, EQ, 28-Feb-2020,103.95,102.65,104.4,100.6, 102.70,102.15,102.11,129691,132.42,2016, 81036, 62.48,-1.73
BALMLAWRIE, EQ, 28-Feb-2022,117.65,116.0,116.75,112.25, 115.10,115.35,114.4,293421,335.68,4872, 133130, 45.37,-1.95
BALMLAWRIE, EQ, 28-Feb-2023,113.45,114.05,114.6,113.55, 114.20,114.25,114.15,62350,71.17,968, 43007, 68.98,0.71
BALMLAWRIE, EQ, 28-Feb-2024,254.6,254.6,256.4,240.0,244.0,244.35,245.32,556798,1365.95,18899, 261637, 46.99,-4.03
BALMLAWRIE, EQ, 28-Feb-2025,157.92,157.5,158.02,147.63,150.42,149.09,149.89,1964934,2945.28,29365, 1090121, 55.48,-5.59
BALMLAWRIE, EQ, 28-Mar-2022,116.1,115.25,116.2,114.0, 114.70,114.3,114.7,239692,274.92,3451, 166428, 69.43,-1.55
BALMLAWRIE, EQ, 28-Mar-2023,110.5,111.0,111.6,108.5, 109.30,109.15,109.75,129063,141.65,2550, 94356, 73.11,-1.22
BALMLAWRIE, EQ, 28-Mar-2024,237.0,240.25,244.8,237.8,238.45,238.4,241.21,636490,1535.28,15669, 298296, 46.87,0.59
BALMLAWRIE, EQ, 28-Mar-2025,184.43,185.5,190.95,181.46,182.58,184.6,186.52,597716,1114.86,14189, 344698, 57.67,0.09
BALMLAWRIE, EQ, 28-Apr-2020,101.75,101.7,102.5,100.2, 101.00,100.95,100.94,67942,68.58,1274, 34401, 50.63,-0.79
BALMLAWRIE, EQ, 28-Apr-2021,122.2,122.8,127.8,121.85, 126.90,126.2,124.87,539784,674.02,6234, 234320, 43.41,3.27
BALMLAWRIE, EQ, 28-Apr-2022,122.45,123.1,124.55,121.25, 122.30,121.8,122.56,144364,176.94,2587, 80037, 55.44,-0.53
BALMLAWRIE, EQ, 28-Apr-2023,116.75,117.2,119.2,116.75, 118.20,118.5,117.92,234543,276.57,3451, 126306, 53.85,1.5
BALMLAWRIE, EQ, 28-May-2020,95.15,96.0,105.85,95.35,103.5,103.65,102.79,698557,718.06,8503, 188212, 26.94,8.93
BALMLAWRIE, EQ, 28-May-2021,137.15,137.95,138.4,135.5,136.9,135.95,136.86,379329,519.16,3939, 201175, 53.03,-0.87
BALMLAWRIE, EQ, 28-May-2024,291.5,293.05,294.25,275.0,276.7,277.2,281.73,1454085,4096.55,28297, 567500, 39.03,-4.91
BALMLAWRIE, EQ, 28-Jun-2021,141.55,143.9,146.0,141.2, 142.30,142.05,142.85,710236,1014.56,9130, 300133, 42.26,0.35
BALMLAWRIE, EQ, 28-Jun-2022,108.75,108.55,109.85,107.55, 109.65,109.15,108.91,53083,57.81,1226, 28189, 53.10,0.37
BALMLAWRIE, EQ, 28-Jun-2024,270.85,271.45,275.0,268.9,270.0,270.25,271.46,292449,793.89,9357, 123855, 42.35,-0.22
BALMLAWRIE, EQ, 28-Jul-2020,111.3,111.85,113.85,111.0,111.5,111.15,111.92,236010,264.15,3043, 123573, 52.36,-0.13
BALMLAWRIE, EQ, 28-Jul-2021,135.9,136.05,136.5,133.3,134.25,133.9,134.55,284811,383.22,4610, 150436, 52.82,-1.47
BALMLAWRIE, EQ, 28-Jul-2022,110.1,110.2,111.5,110.0, 111.50,110.95,110.73,87025,96.36,2040, 44060, 50.63,0.77
BALMLAWRIE, EQ, 28-Jul-2023,149.6,148.9,152.7,147.95, 149.20,149.2,150.06,1079834,1620.35,8463, 416172, 38.54,-0.27
BALMLAWRIE, EQ, 28-Aug-2020,119.05,119.75,120.55,118.75, 119.10,119.05,119.56,260791,311.79,2902, 159681, 61.23,0.0
BALMLAWRIE, EQ, 28-Aug-2023,149.55,150.7,154.2,148.8, 152.20,152.35,151.67,1077249,1633.85,11046, 565648, 52.51,1.87
BALMLAWRIE, EQ, 28-Aug-2024,280.45,281.4,285.0,277.35,278.0,278.25,280.88,363172,1020.06,9732, 220531, 60.72,-0.78
BALMLAWRIE, EQ, 28-Sep-2020,98.95,99.9,102.5,99.45,100.15,100.3,100.73,172746,174.01,3536,107231,62.07,1.36
BALMLAWRIE, EQ, 28-Sep-2021,127.2,128.2,128.2,125.05, 125.45,125.25,126.25,428008,540.38,6011, 273747, 63.96,-1.53
BALMLAWRIE, EQ, 28-Sep-2022,110.8,111.2,111.95,110.0,111.45,111.25,111.24,127168,141.46,2434, 65723, 51.68,0.41
BALMLAWRIE, EQ, 28-Sep-2023,154.1,154.0,158.0,153.3, 153.65,154.25,155.68,497365,774.3,8297, 191681, 38.54,0.1
BALMLAWRIE, EQ, 28-Oct-2020,101.95,102.4,102.9,99.9, 100.10,100.25,100.65,200962,202.27,3948, 142354, 70.84,-1.67
BALMLAWRIE, EQ, 28-Oct-2021,128.55,129.05,129.35,125.2, 126.20,125.95,127.3,296176,377.03,4543, 176403, 59.56,-2.02
BALMLAWRIE, EQ, 28-Oct-2022,111.75,111.75,113.8,111.75,113.0,112.4,112.87,120911,136.47,3194, 75639, 62.56,0.58
BALMLAWRIE, EQ, 28-Oct-2024,220.4,221.0,232.0,217.35,228.0,226.9,223.41,270111,603.46,14038, 97892, 36.24,2.95
BALMLAWRIE, EQ, 28-Nov-2022,121.55,121.1,125.5,121.1, 123.50,123.6,124.21,756061,939.1,8512, 363554, 48.09,1.69
BALMLAWRIE, EQ, 28-Nov-2023,154.0,154.0,156.15,153.35, 154.70,154.55,154.58,253346,391.62,6149, 120270, 47.47,0.36
BALMLAWRIE, EQ, 28-Nov-2024,225.76,226.05,231.96,225.35,229.2,228.79,229.0,242718,555.82,10693, 81508, 33.58,1.34
BALMLAWRIE, EQ, 28-Dec-2020,116.15,116.15,139.35,115.0,139.35,134.05,132.35,6464291,8555.76,41501, 2160419, 33.42,15.41
BALMLAWRIE, EQ, 28-Dec-2021,113.9,113.9,115.85,113.85,115.2,115.15,115.11,162477,187.02,2909, 78603, 48.38,1.1
BALMLAWRIE, EQ, 28-Dec-2022,120.9,120.9,124.2,120.55, 123.10,123.05,122.32,256031,313.18,3587, 112920, 44.10,1.78
BALMLAWRIE, EQ, 28-Dec-2023,221.5,223.0,230.5,219.0, 221.25,222.65,223.83,2632350,5892.01,37217, 718175, 27.28,0.52
BALMLAWRIE, EQ, 29-Jan-2020,123.2,123.3,124.4,117.3, 121.05,121.35,121.83,130960,159.55,2560, 79132, 60.42,-1.5
BALMLAWRIE, EQ, 29-Jan-2021,115.9,116.5,121.95,116.15, 118.30,118.85,119.67,432998,518.16,6678, 136039, 31.42,2.55
BALMLAWRIE, EQ, 29-Jan-2024,258.05,259.8,275.0,259.75, 267.50,267.3,268.46,1518577,4076.84,23619, 581214, 38.27,3.58
BALMLAWRIE, EQ, 29-Jan-2025,183.47,183.47,192.0,183.46,191.7,190.99,189.53,181093,343.23,10316, 76339, 42.15,4.1
BALMLAWRIE, EQ, 29-Feb-2024,244.35,244.35,247.6,238.8, 246.50,243.95,244.01,1529977,3733.33,22333, 847249, 55.38,-0.16
BALMLAWRIE, EQ, 29-Mar-2022,114.3,114.7,115.4,112.5, 112.85,112.75,113.55,320740,364.2,4728, 220741, 68.82,-1.36
BALMLAWRIE, EQ, 29-Mar-2023,109.15,110.25,112.95,109.4, 111.65,112.2,111.34,197433,219.82,2970, 117443, 59.48,2.79
BALMLAWRIE, EQ, 29-Apr-2020,100.95,101.0,102.2,99.6,100.4,100.45,100.78,97781,98.54,1740, 56742, 58.03,-0.5
BALMLAWRIE, EQ, 29-Apr-2021,126.2,128.4,128.8,124.5, 125.90,125.7,126.61,376525,476.72,5586, 117304, 31.15,-0.4
BALMLAWRIE, EQ, 29-Apr-2022,121.8,122.45,123.6,118.4,118.95,119.2,120.96,235111,284.39,3320, 134271, 57.11,-2.13
BALMLAWRIE, EQ, 29-Apr-2024,277.15,277.5,280.7,271.0, 273.00,272.3,275.33,670301,1845.53,16521, 326842, 48.76,-1.75
BALMLAWRIE, EQ, 29-May-2020,103.65,103.0,104.3,99.05, 101.00,101.05,101.52,238051,241.67,3529, 104727, 43.99,-2.51
BALMLAWRIE, EQ, 29-May-2023,125.2,126.45,126.45,124.25, 124.85,124.75,125.03,303080,378.94,3887, 184098, 60.74,-0.36
BALMLAWRIE, EQ, 29-May-2024,277.2,273.55,283.05,272.0,275.95,276.0,278.3,832363,2316.46,17918, 269321, 32.36,-0.43
BALMLAWRIE, EQ, 29-Jun-2020,113.3,113.0,113.0,110.6, 111.00,111.0,111.63,142559,159.14,2453, 86300, 60.54,-2.03
BALMLAWRIE, EQ, 29-Jun-2021,142.05,142.1,142.9,140.0, 140.50,140.4,141.47,377396,533.9,5165, 203433, 53.90,-1.16
BALMLAWRIE, EQ, 29-Jun-2022,109.15,109.2,110.25,108.15, 108.45,108.5,109.17,74500,81.33,1441, 41017, 55.06,-0.6
BALMLAWRIE, EQ, 28-Jun-2023,137.9,139.3,139.3,136.1, 136.30,136.65,137.67,252047,346.98,3618, 138218, 54.84,-0.91
BALMLAWRIE, EQ, 29-Jul-2020,111.15,111.8,116.0,111.3, 112.40,112.6,113.44,322169,365.47,4759, 117670, 36.52,1.3
BALMLAWRIE, EQ, 29-Jul-2021,133.9,134.45,135.7,134.25,134.5,134.55,134.68,175523,236.4,2238, 86952, 49.54,0.49
BALMLAWRIE, EQ, 29-Jul-2022,110.95,111.6,112.45,110.55,111.6,111.15,111.35,198919,221.49,3049, 122718, 61.69,0.18
BALMLAWRIE, EQ, 29-Jul-2024,286.2,291.3,295.0,287.55,290.0,288.75,290.11,378677,1098.57,13156, 165443, 43.69,0.89
BALMLAWRIE, EQ, 29-Aug-2022,123.2,121.05,124.0,121.05, 123.65,123.5,123.08,294231,362.15,3621, 159885, 54.34,0.24
BALMLAWRIE, EQ, 29-Aug-2023,152.35,153.4,157.6,151.45, 154.35,154.3,154.41,1638381,2529.86,15661, 711238, 43.41,1.28
BALMLAWRIE, EQ, 29-Aug-2024,278.25,278.4,279.85,272.55,275.8,274.65,275.8,287695,793.47,8158, 152704, 53.08,-1.29
BALMLAWRIE, EQ, 29-Sep-2020,100.3,103.45,103.45,100.4,100.75,101.0,101.71,166296,169.14,2483, 68295, 41.07,0.7
BALMLAWRIE, EQ, 29-Sep-2021,125.25,125.95,130.65,125.65, 127.30,127.3,128.23,845158,1083.75,8936, 353109, 41.78,1.64
BALMLAWRIE, EQ, 29-Sep-2022,111.25,112.0,112.6,110.0,111.15,110.8,111.14,75868,84.32,1892, 41127, 54.21,-0.4
BALMLAWRIE, EQ, 29-Sep-2023,154.25,155.0,155.75,153.5, 153.50,153.8,154.19,222879,343.66,3671, 116893, 52.45,-0.29
BALMLAWRIE, EQ, 29-Oct-2020,100.25,100.0,102.1,99.05,101.75,101.0,100.39,89825,90.18,1512, 55199, 61.45,0.75
BALMLAWRIE, EQ, 29-Oct-2021,125.95,126.75,127.1,124.55, 126.00,126.1,126.0,229323,288.95,4824, 96002, 41.86,0.12
BALMLAWRIE, EQ, 29-Oct-2024,226.9,227.95,229.7,222.2,225.1,225.7,225.2,237375,534.56,9838, 105424, 44.41,-0.53
BALMLAWRIE, EQ, 29-Nov-2021,119.2,118.8,118.8,114.5, 114.90,115.05,115.78,253008,292.92,8370, 127646, 50.45,-3.48
BALMLAWRIE, EQ, 29-Nov-2022,123.6,123.55,124.55,121.0,121.25,121.3,122.27,231061,282.52,3139, 123261, 53.35,-1.86
BALMLAWRIE, EQ, 29-Nov-2023,154.55,155.15,160.7,154.45, 158.35,158.3,158.52,875834,1388.33,12470, 440708, 50.32,2.43
BALMLAWRIE, EQ, 29-Nov-2024,228.79,228.35,230.8,224.87,229.21,229.41,227.72,136162,310.07,7639, 47898, 35.18,0.27
BALMLAWRIE, EQ, 29-Dec-2020,134.05,142.0,146.7,130.0,132.6,133.35,138.61,10061473,13945.76,106502, 2285826, 22.72,-0.52
BALMLAWRIE, EQ, 29-Dec-2021,115.15,114.3,120.75,114.3, 119.10,119.25,118.94,600075,713.7,9456, 210831, 35.13,3.56
BALMLAWRIE, EQ, 29-Dec-2022,123.05,123.75,123.75,121.55, 122.05,122.55,122.54,142149,174.19,2722, 81604, 57.41,-0.41
BALMLAWRIE, EQ, 29-Dec-2023,222.65,224.0,226.8,217.0, 218.60,218.85,220.69,1295364,2858.74,21559, 430380, 33.22,-1.71
BALMLAWRIE, EQ, 30-Jan-2020,121.35,121.1,122.0,120.5, 121.00,120.9,121.4,55731,67.66,1306, 36605, 65.68,-0.37
BALMLAWRIE, EQ, 30-Jan-2023,118.2,118.6,121.0,117.7, 118.35,119.4,119.5,167482,200.14,3425, 65016, 38.82,1.02
BALMLAWRIE, EQ, 30-Jan-2024,267.3,270.0,290.7,270.0, 284.85,284.3,284.03,5881801,16706.22,65035, 1715569, 29.17,6.36
BALMLAWRIE, EQ, 30-Jan-2025,190.99,192.5,193.67,189.6,190.85,190.78,191.81,114716,220.04,6558, 59280, 51.68,-0.11
BALMLAWRIE, EQ, 30-Mar-2020,77.35,77.5,78.4,74.5, 75.70,75.2,76.27,240228,183.21,7032, 147180, 61.27,-2.78
BALMLAWRIE, EQ, 30-Mar-2021,127.9,129.65,130.0,125.5,126.25,126.2,127.55,369371,471.12,4972, 186886, 50.60,-1.33
BALMLAWRIE, EQ, 30-Mar-2022,112.75,113.55,114.45,112.5, 112.80,112.85,113.39,286935,325.37,3746, 187988, 65.52,0.09
BALMLAWRIE, EQ, 30-Apr-2020,100.45,101.2,103.2,99.6,100.45,100.65,101.4,143982,146.0,2252, 63360, 44.01,0.2
BALMLAWRIE, EQ, 30-Apr-2021,125.7,124.65,132.0,124.1,128.25,128.05,129.16,1314071,1697.29,12984, 270471, 20.58,1.87
BALMLAWRIE, EQ, 30-Apr-2024,272.3,273.1,278.5,271.0, 273.00,273.85,274.06,769335,2108.42,13981, 376711, 48.97,0.57
BALMLAWRIE, EQ, 30-May-2022,114.6,114.95,116.5,113.0, 116.05,116.0,115.67,166493,192.58,2795, 77161, 46.34,1.22
BALMLAWRIE, EQ, 30-May-2023,124.75,126.0,128.0,125.65, 125.85,126.0,126.6,378972,479.76,3470, 211949, 55.93,1.0
BALMLAWRIE, EQ, 30-May-2024,276.0,276.0,277.15,266.75,269.0,268.25,270.54,502661,1359.91,12686, 240899, 47.92,-2.81
BALMLAWRIE, EQ, 30-Jun-2020,111.0,112.0,113.0,109.2, 109.85,109.7,110.63,108045,119.53,2107, 65468, 60.59,-1.17
BALMLAWRIE, EQ, 30-Jun-2021,140.4,140.45,142.5,139.1, 140.40,139.9,141.09,463453,653.91,6546, 200874, 43.34,-0.36
BALMLAWRIE, EQ, 30-Jun-2022,108.5,108.95,109.85,108.25,108.45,108.45,108.92,40012,43.58,874, 23829, 59.55,-0.05
BALMLAWRIE, EQ, 30-Jun-2023,136.65,137.3,137.75,135.9, 136.15,136.35,136.61,226698,309.69,2533, 135758, 59.88,-0.22
BALMLAWRIE, EQ, 30-Jul-2020,112.6,113.2,115.2,110.85, 111.10,111.2,112.88,216523,244.4,3200, 93050, 42.97,-1.24
BALMLAWRIE, EQ, 30-Jul-2021,134.55,135.1,137.15,134.4, 135.40,135.45,135.8,292779,397.58,4310, 123223, 42.09,0.67
BALMLAWRIE, EQ, 30-Jul-2024,288.75,287.9,291.9,281.5,285.05,284.6,285.26,638958,1822.66,15740, 267918, 41.93,-1.44
BALMLAWRIE, EQ, 30-Aug-2021,126.35,126.95,128.75,126.85, 128.00,128.0,127.98,201889,258.38,3740, 87940, 43.56,1.31
BALMLAWRIE, EQ, 30-Aug-2022,123.5,124.75,124.75,123.55, 123.80,124.05,124.02,148888,184.64,2028, 109254, 73.38,0.45
BALMLAWRIE, EQ, 30-Aug-2023,154.3,155.5,159.65,154.65, 155.35,155.25,157.27,1756336,2762.26,19046, 866140, 49.32,0.62
BALMLAWRIE, EQ, 30-Aug-2024,274.65,275.65,281.95,274.55,281.0,279.7,278.45,428189,1192.27,10372, 255264, 59.61,1.84
BALMLAWRIE, EQ, 30-Sep-2020,101.0,101.0,101.5,98.7,99.3,99.5,99.96,93988,93.95,1657, 52731, 56.10,-1.49
BALMLAWRIE, EQ, 30-Sep-2021,127.3,128.3,131.6,128.0, 129.60,129.3,129.67,517965,671.66,5633, 216639, 41.83,1.57
BALMLAWRIE, EQ, 30-Sep-2022,110.8,110.7,112.75,110.05, 112.50,112.2,111.53,91798,102.38,1826, 45385, 49.44,1.26
BALMLAWRIE, EQ, 30-Sep-2024,274.2,274.2,278.9,273.6,275.1,275.15,276.44,505280,1396.78,14144, 238536, 47.21,0.35
BALMLAWRIE, EQ, 30-Oct-2020,101.0,101.0,101.95,100.25, 101.05,101.1,101.08,57578,58.2,1211, 34209, 59.41,0.1
BALMLAWRIE, EQ, 30-Oct-2023,137.35,137.6,137.85,134.8, 135.55,135.75,135.82,175927,238.94,3368, 68766, 39.09,-1.16
BALMLAWRIE, EQ, 30-Oct-2024,225.7,225.7,240.05,225.55,236.8,236.85,234.75,287880,675.8,14356, 118585, 41.19,4.94
BALMLAWRIE, EQ, 30-Nov-2021,115.05,115.05,117.9,115.0,116.1,115.9,116.42,144616,168.37,4302, 63306, 43.78,0.74
BALMLAWRIE, EQ, 30-Nov-2022,121.3,121.3,128.95,121.3,125.5,125.7,126.24,1573521,1986.4,16964, 572453, 36.38,3.63
BALMLAWRIE, EQ, 30-Nov-2023,158.3,158.8,158.8,155.6, 157.00,156.75,156.85,301541,472.98,6023, 147173, 48.81,-0.98
BALMLAWRIE, EQ, 30-Dec-2020,133.35,132.0,132.0,126.65,128.2,128.45,128.43,1825678,2344.66,23549, 428782, 23.49,-3.67
BALMLAWRIE, EQ, 30-Dec-2021,119.25,119.25,119.5,117.2, 118.00,117.75,118.4,138606,164.12,2583, 78541, 56.66,-1.26
BALMLAWRIE, EQ, 30-Dec-2022,122.55,122.55,127.75,122.05,125.5,125.05,125.1,449407,562.19,6116, 188239, 41.89,2.04
BALMLAWRIE, EQ, 30-Dec-2024,212.08,212.0,213.31,209.25,210.35,210.44,211.05,134492,283.84,6380, 70054, 52.09,-0.77
BALMLAWRIE, EQ, 31-Jan-2020,120.9,121.1,122.65,120.0, 120.40,120.25,120.89,97053,117.32,1632, 67340, 69.38,-0.54
BALMLAWRIE, EQ, 31-Jan-2022,125.75,126.75,127.8,125.8,126.95,126.7,126.82,144515,183.27,2655, 60954, 42.18,0.76
BALMLAWRIE, EQ, 31-Jan-2023,119.4,120.0,120.75,118.65,120.0,120.15,119.82,167414,200.6,3320, 84914, 50.72,0.63
BALMLAWRIE, EQ, 31-Jan-2024,284.3,285.9,290.6,279.5, 284.25,284.8,285.76,2258055,6452.62,29409, 891368, 39.48,0.18
BALMLAWRIE, EQ, 31-Jan-2025,190.78,187.9,197.84,184.0,197.5,196.87,193.78,280617,543.78,10977, 146057, 52.05,3.19
BALMLAWRIE, EQ, 31-Mar-2020,75.2,78.0,80.05,77.4,79.25,79.45,78.96,140832,111.2,2195, 86479, 61.41,5.65
BALMLAWRIE, EQ, 31-Mar-2021,126.2,126.0,132.3,124.8, 128.75,128.75,129.54,667777,865.02,7860, 187250, 28.04,2.02
BALMLAWRIE, EQ, 31-Mar-2022,112.85,113.45,113.85,112.2, 112.70,112.7,112.86,351455,396.66,3502, 229066, 65.18,-0.13
BALMLAWRIE, EQ, 31-Mar-2023,112.2,112.0,113.5,110.2, 110.50,110.9,111.7,176497,197.16,2886, 123142, 69.77,-1.16
BALMLAWRIE, EQ, 31-May-2021,135.95,135.65,138.0,135.65, 136.65,136.55,136.84,309423,423.41,3804, 99631, 32.20,0.44
BALMLAWRIE, EQ, 31-May-2022,116.0,115.0,116.0,114.7, 114.70,115.0,115.34,101504,117.08,2522, 59385, 58.51,-0.86
BALMLAWRIE, EQ, 31-May-2023,126.0,125.5,126.15,124.6, 125.10,124.95,125.14,235022,294.11,2431, 141246, 60.10,-0.83
BALMLAWRIE, EQ, 31-May-2024,268.25,269.55,272.5,262.4,268.6,269.25,267.91,723165,1937.46,15162, 319728, 44.21,0.37
BALMLAWRIE, EQ, 31-Jul-2020,111.2,112.0,112.4,109.95,110.5,110.3,110.77,138482,153.4,2326, 86635, 62.56,-0.81
BALMLAWRIE, EQ, 31-Jul-2023,149.2,150.15,154.2,149.9, 152.60,151.5,152.03,876303,1332.27,7846, 443578, 50.62,1.54
BALMLAWRIE, EQ, 31-Jul-2024,284.6,285.6,299.2,285.1,293.4,294.1,295.19,1594803,4707.66,31760, 546835, 34.29,3.34
BALMLAWRIE, EQ, 31-Aug-2020,119.05,121.0,121.0,115.0, 116.00,115.55,117.17,338539,396.68,4748, 242289, 71.57,-2.94
BALMLAWRIE, EQ, 31-Aug-2021,128.0,128.6,132.35,127.6,129.8,129.6,130.47,475636,620.56,7260, 160253, 33.69,1.25
BALMLAWRIE, EQ, 31-Aug-2023,155.25,155.5,156.55,152.9, 153.65,153.6,154.65,580171,897.24,6921, 285769, 49.26,-1.06
BALMLAWRIE, EQ, 31-Oct-2022,112.4,112.5,114.05,112.5,113.3,113.45,113.22,94677,107.2,1608, 67166, 70.94,0.93
BALMLAWRIE, EQ, 31-Oct-2023,135.75,136.6,137.4,134.0, 134.20,134.2,135.25,287673,389.07,3661, 162525, 56.50,-1.14
BALMLAWRIE, EQ, 31-Oct-2024,236.85,236.15,241.85,236.15,240.45,240.3,239.56,188062,450.52,7714, 91697, 48.76,1.46
BALMLAWRIE, EQ, 31-Dec-2020,128.45,127.5,133.5,126.8,128.25,128.1,129.62,884343,1146.26,10682, 200974, 22.73,-0.27
BALMLAWRIE, EQ, 31-Dec-2021,117.75,118.35,123.4,117.5,123.0,121.9,120.56,456268,550.06,5752, 268339, 58.81,3.52
BALMLAWRIE, EQ, 31-Dec-2024,210.44,209.9,214.6,207.0,214.42,212.09,209.21,132599,277.41,6754, 64012, 48.27,0.78
