SYMBOL, SERIES, DATE1, PREV_CLOSE, OPEN_PRICE, HIGH_PRICE, LOW_PRICE, LAST_PRICE, CLOSE_PRICE, AVG_PRICE, TTL_TRD_QNTY, TURNOVER_LACS, NO_OF_TRADES, DELIV_QTY, DELIV_PER,PER_CHANGE
BIOFILCHEM, EQ, 01-Jan-2024,54.15,54.95,54.95,53.45, 54.20,54.0,54.34,48378,26.29,654, 30089, 62.20,-0.28
BIOFILCHEM, EQ, 01-Jan-2025,57.45,58.5,61.18,57.37,61.0,60.46,59.57,52683,31.38,1358, 25012, 47.48,5.24
BIOFILCHEM, EQ, 01-Feb-2022,78.1,79.7,81.15,77.0,78.55,78.45,78.89,63278,49.92,1912, 37142, 58.70,0.45
BIOFILCHEM, EQ, 01-Feb-2023,49.75,50.7,51.0,49.35, 50.35,50.0,50.52,18598,9.4,498, 9840, 52.91,0.5
BIOFILCHEM, EQ, 01-Feb-2024,67.25,68.9,79.0,68.9, 73.00,72.75,74.15,994912,737.74,6752, 354910, 35.67,8.18
BIOFILCHEM, EQ, 01-Mar-2021,86.15,90.45,90.45,90.45, 90.45,90.45,90.45,27184,24.59,395, 26933, 99.08,4.99
BIOFILCHEM, EQ, 01-Mar-2023,44.75,46.8,46.8,44.5, 45.15,45.05,45.18,29168,13.18,566, 19316, 66.22,0.67
BIOFILCHEM, EQ, 01-Mar-2024,64.15,64.65,65.8,64.0, 65.40,64.25,64.94,15774,10.24,318, 10243, 64.94,0.16
BIOFILCHEM, EQ, 01-Apr-2020,7.5,7.8,7.85,7.2,7.8,7.7,7.5,23884,1.79,167, 14995, 62.78,2.67
BIOFILCHEM, EQ, 01-Apr-2022,57.65,60.5,62.0,58.05, 61.30,61.1,60.2,35095,21.13,686, 20068, 57.18,5.98
BIOFILCHEM, EQ, 01-Apr-2024,60.6,61.5,72.65,60.8, 68.00,68.1,68.88,348868,240.29,2505, 138493, 39.70,12.38
BIOFILCHEM, EQ, 01-Apr-2025,41.16,41.16,43.89,41.16,42.4,42.39,42.59,13829,5.89,375, 6084, 43.99,2.99
BIOFILCHEM, EQ, 01-Jun-2021,68.4,68.5,70.85,68.05, 70.15,70.25,69.94,48348,33.82,901, 31223, 64.58,2.7
BIOFILCHEM, EQ, 01-Jun-2022,57.1,57.3,58.35,56.1,57.4,56.75,56.84,10857,6.17,313, 5710, 52.59,-0.61
BIOFILCHEM, EQ, 01-Jun-2023,44.6,44.9,45.0,44.0, 44.15,44.15,44.56,9431,4.2,215, 6238, 66.14,-1.01
BIOFILCHEM, EQ, 01-Jul-2021,67.95,67.55,67.55,65.05, 66.95,66.85,66.6,39163,26.08,762, 25720, 65.67,-1.62
BIOFILCHEM, EQ, 01-Jul-2022,50.8,49.6,50.7,48.3,49.2,50.05,49.65,15624,7.76,408, 10222, 65.42,-1.48
BIOFILCHEM, EQ, 01-Jul-2024,64.36,65.9,72.97,63.91,69.7,69.68,69.41,350874,243.56,2406, 180278, 51.38,8.27
BIOFILCHEM, EQ, 01-Aug-2022,51.0,51.0,55.55,51.0, 53.00,53.15,53.84,45638,24.57,719, 20753, 45.47,4.22
BIOFILCHEM, EQ, 01-Aug-2023,46.15,45.4,48.0,45.4, 46.40,46.8,46.86,46052,21.58,735, 19998, 43.42,1.41
BIOFILCHEM, EQ, 01-Aug-2024,66.63,67.01,68.74,65.0,65.11,65.35,66.29,47457,31.46,1764, 14469, 30.49,-1.92
BIOFILCHEM, EQ, 01-Sep-2021,63.35,63.0,63.95,62.5,62.9,62.75,63.02,16600,10.46,371, 10927, 65.83,-0.95
BIOFILCHEM, EQ, 01-Sep-2022,51.85,50.85,53.75,50.85,52.7,52.8,52.48,11614,6.1,235, 9243, 79.58,1.83
BIOFILCHEM, EQ, 01-Sep-2023,47.95,48.2,48.55,47.9, 48.05,48.25,48.25,16006,7.72,289, 12109, 75.65,0.63
BIOFILCHEM, EQ, 01-Oct-2021,62.8,62.05,63.3,62.05, 62.95,63.05,62.84,15742,9.89,369, 8886, 56.45,0.4
BIOFILCHEM, EQ, 01-Oct-2024,81.95,82.13,83.0,79.0,80.45,80.68,81.33,87848,71.45,1782, 47380, 53.93,-1.55
BIOFILCHEM, EQ, 01-Nov-2021,61.1,63.65,63.65,61.85, 62.95,62.4,62.39,15360,9.58,470, 7833, 51.00,2.13
BIOFILCHEM, EQ, 01-Nov-2022,56.4,58.9,64.75,58.0,59.15,59.8,61.79,1199548,741.16,12496, 311510, 25.97,6.03
BIOFILCHEM, EQ, 01-Nov-2023,47.0,47.2,51.5,46.6, 48.65,48.45,49.21,83890,41.28,1398, 25996, 30.99,3.09
BIOFILCHEM, EQ, 01-Dec-2021,60.05,61.6,61.6,58.8,59.0,59.1,59.44,28924,17.19,631, 16260, 56.22,-1.58
BIOFILCHEM, EQ, 01-Dec-2022,56.0,55.95,57.6,54.7,55.4,55.05,55.63,32904,18.3,680, 20178, 61.32,-1.7
BIOFILCHEM, EQ, 01-Dec-2023,52.95,54.7,54.75,51.8, 53.95,53.65,53.44,62712,33.51,892, 36233, 57.78,1.32
BIOFILCHEM, EQ, 02-Jan-2023,55.2,56.0,56.0,53.1, 54.05,54.15,54.62,49794,27.2,815, 30034, 60.32,-1.9
BIOFILCHEM, EQ, 02-Jan-2024,54.0,55.3,61.7,53.75, 57.95,58.0,58.23,738095,429.77,5112, 211460, 28.65,7.41
BIOFILCHEM, EQ, 02-Jan-2025,60.46,62.65,62.65,60.51,62.24,62.29,61.79,57120,35.3,1118, 26948, 47.18,3.03
BIOFILCHEM, EQ, 02-Feb-2021,97.8,94.0,99.9,92.95, 92.95,92.95,94.28,440307,415.12,5755, 222397, 50.51,-4.96
BIOFILCHEM, EQ, 02-Feb-2022,78.45,81.15,81.15,77.1, 79.20,78.75,79.0,44506,35.16,1028, 24085, 54.12,0.38
BIOFILCHEM, EQ, 02-Feb-2023,50.0,50.0,50.95,48.8, 50.15,49.55,49.77,9352,4.65,369, 5377, 57.50,-0.9
BIOFILCHEM, EQ, 02-Feb-2024,72.75,73.75,75.95,70.35, 71.00,71.55,73.48,263494,193.62,2417, 151085, 57.34,-1.65
BIOFILCHEM, EQ, 02-Mar-2021,90.45,94.95,94.95,94.95,94.95,94.95,94.95,19551,18.56,173, 19551, 100.00,4.98
BIOFILCHEM, EQ, 02-Mar-2022,61.6,61.6,62.95,61.1, 61.90,62.15,61.9,14147,8.76,376, 7505, 53.05,0.89
BIOFILCHEM, EQ, 02-Mar-2023,45.05,45.5,46.45,44.65, 45.10,45.9,45.56,13414,6.11,372, 8316, 61.99,1.89
BIOFILCHEM, EQ, 02-Apr-2024,68.1,68.25,72.0,68.2, 70.50,70.05,70.09,118502,83.06,1357, 74227, 62.64,2.86
BIOFILCHEM, EQ, 02-Apr-2025,42.39,42.1,44.0,42.1,43.36,43.6,43.27,23386,10.12,940, 8674, 37.09,2.85
BIOFILCHEM, EQ, 02-May-2022,62.0,61.9,67.6,61.5,63.0,65.0,64.29,54038,34.74,921, 23552, 43.58,4.84
BIOFILCHEM, EQ, 02-May-2023,45.95,45.95,45.95,44.0, 45.10,45.05,44.8,25671,11.5,384, 16604, 64.68,-1.96
BIOFILCHEM, EQ, 02-May-2024,70.4,71.9,71.9,68.5, 69.60,69.3,69.62,41518,28.9,629, 30556, 73.60,-1.56
BIOFILCHEM, EQ, 02-Jun-2021,70.25,69.25,71.0,68.85, 69.80,69.65,69.43,25249,17.53,725, 18412, 72.92,-0.85
BIOFILCHEM, EQ, 02-Jun-2022,56.75,58.1,58.1,55.55,57.3,56.45,56.8,9726,5.52,277, 5031, 51.73,-0.53
BIOFILCHEM, EQ, 02-Jun-2023,44.15,44.45,44.5,43.2, 43.55,43.8,44.01,14380,6.33,378, 7300, 50.76,-0.79
BIOFILCHEM, EQ, 02-Jul-2021,66.85,67.8,67.95,67.0,67.5,67.2,67.34,28141,18.95,460, 21190, 75.30,0.52
BIOFILCHEM, EQ, 02-Jul-2024,69.68,71.0,71.95,66.64,67.6,67.03,68.19,96777,65.99,1506, 55708, 57.56,-3.8
BIOFILCHEM, EQ, 02-Aug-2021,70.25,71.9,71.9,70.2,71.05,70.9,70.78,41925,29.67,753, 24751, 59.04,0.93
BIOFILCHEM, EQ, 02-Aug-2022,53.15,53.85,54.4,52.05,54.4,53.65,53.4,24616,13.15,532, 13205, 53.64,0.94
BIOFILCHEM, EQ, 02-Aug-2023,46.8,47.05,47.05,45.55, 46.00,45.95,46.33,17365,8.05,370, 11046, 63.61,-1.82
BIOFILCHEM, EQ, 02-Aug-2024,65.35,65.75,68.4,64.1,66.88,65.96,66.62,113560,75.66,2981, 33103, 29.15,0.93
BIOFILCHEM, EQ, 02-Sep-2021,62.75,63.45,64.0,62.05, 63.20,63.15,62.95,18621,11.72,445, 9440, 50.70,0.64
BIOFILCHEM, EQ, 02-Sep-2022,52.8,53.0,53.55,51.4,51.65,51.9,52.33,22399,11.72,371, 14974, 66.85,-1.7
BIOFILCHEM, EQ, 02-Sep-2024,65.18,66.75,66.75,63.53,64.0,63.95,64.69,25859,16.73,534, 18311, 70.81,-1.89
BIOFILCHEM, EQ, 02-Nov-2021,62.4,64.3,64.3,62.3, 62.65,62.45,62.82,10814,6.79,403, 4880, 45.13,0.08
BIOFILCHEM, EQ, 02-Nov-2022,59.8,59.45,59.5,55.15,56.0,56.15,56.85,175605,99.83,3114, 71019, 40.44,-6.1
BIOFILCHEM, EQ, 02-Nov-2023,48.45,48.25,50.5,48.25, 49.35,49.1,49.52,44610,22.09,668, 18996, 42.58,1.34
BIOFILCHEM, EQ, 02-Dec-2021,59.1,59.6,64.95,59.0, 59.85,60.05,60.22,34836,20.98,932, 20385, 58.52,1.61
BIOFILCHEM, EQ, 02-Dec-2022,55.05,55.3,57.25,55.3, 56.00,55.9,56.15,32075,18.01,488, 20125, 62.74,1.54
BIOFILCHEM, EQ, 02-Dec-2024,62.81,62.81,68.5,62.51,65.89,65.94,66.43,126051,83.73,1793, 54638, 43.35,4.98
BIOFILCHEM, EQ, 03-Jan-2022,62.35,63.4,63.4,60.1, 62.15,62.2,62.18,64046,39.82,1282, 33980, 53.06,-0.24
BIOFILCHEM, EQ, 03-Jan-2023,54.15,54.7,55.35,53.1, 53.25,54.25,54.66,28667,15.67,415, 21374, 74.56,0.18
BIOFILCHEM, EQ, 03-Jan-2024,58.0,58.0,58.8,57.5, 58.00,57.8,58.11,122308,71.07,1127, 81833, 66.91,-0.34
BIOFILCHEM, EQ, 03-Jan-2025,62.29,62.85,62.98,61.29,61.66,61.49,61.95,20146,12.48,385, 11410, 56.64,-1.28
BIOFILCHEM, EQ, 03-Feb-2021,92.95,89.3,91.1,88.35, 88.35,88.35,88.8,65466,58.13,1312, 46962, 71.73,-4.95
BIOFILCHEM, EQ, 03-Feb-2022,78.75,80.95,81.0,78.5, 79.35,79.65,79.85,40177,32.08,963, 23178, 57.69,1.14
BIOFILCHEM, EQ, 03-Feb-2023,49.55,49.15,49.7,47.4, 48.25,48.3,48.41,21712,10.51,484, 14655, 67.50,-2.52
BIOFILCHEM, EQ, 03-Feb-2025,55.03,53.11,56.35,53.11,55.0,54.94,55.16,10822,5.97,289, 6267, 57.91,-0.16
BIOFILCHEM, EQ, 03-Mar-2021,94.95,99.65,99.65,99.65,99.65,99.65,99.65,22703,22.62,236, 22703, 100.00,4.95
BIOFILCHEM, EQ, 03-Mar-2022,62.15,63.95,64.5,61.3,62.35,62.5,63.38,16767,10.63,432, 9864, 58.83,0.56
BIOFILCHEM, EQ, 03-Mar-2023,45.9,45.9,46.5,43.3, 45.50,45.4,44.96,34436,15.48,606, 18017, 52.32,-1.09
BIOFILCHEM, EQ, 03-Mar-2025,44.25,44.0,44.68,42.0,42.75,43.31,43.24,16659,7.2,490, 9431, 56.61,-2.12
BIOFILCHEM, EQ, 03-Apr-2020,7.7,8.0,8.05,7.4, 7.90,7.9,7.93,42520,3.37,187, 21574, 50.74,2.6
BIOFILCHEM, EQ, 03-Apr-2023,41.4,41.4,42.7,41.4, 42.00,42.1,41.94,8016,3.36,235, 5784, 72.16,1.69
BIOFILCHEM, EQ, 03-Apr-2024,70.05,71.25,71.4,68.8, 69.30,69.5,69.91,88034,61.54,1002, 52332, 59.45,-0.79
BIOFILCHEM, EQ, 03-Apr-2025,43.6,43.6,44.59,42.62,43.03,43.09,43.36,23275,10.09,538, 9274, 39.85,-1.17
BIOFILCHEM, EQ, 03-May-2021,74.1,70.4,77.0,70.4,73.15,73.2,73.62,100335,73.87,2092, 61293, 61.09,-1.21
BIOFILCHEM, EQ, 03-May-2023,45.05,45.05,45.9,44.75,45.9,45.8,45.56,15294,6.97,212, 10301, 67.35,1.66
BIOFILCHEM, EQ, 03-May-2024,69.3,69.45,70.65,66.15, 67.95,67.55,68.03,44419,30.22,662, 33243, 74.84,-2.53
BIOFILCHEM, EQ, 03-Jun-2021,69.65,70.95,71.15,69.65, 70.50,70.15,70.36,47743,33.59,852, 30807, 64.53,0.72
BIOFILCHEM, EQ, 03-Jun-2022,56.45,57.3,57.6,56.0, 56.65,56.1,56.6,14977,8.48,327, 9436, 63.00,-0.62
BIOFILCHEM, EQ, 03-Jun-2024,62.55,63.75,64.45,61.6,61.7,61.9,62.87,98835,62.14,1320, 72694, 73.55,-1.04
BIOFILCHEM, EQ, 03-Jul-2023,44.4,45.25,45.25,44.3, 44.40,44.45,44.57,15465,6.89,244, 11711, 75.73,0.11
BIOFILCHEM, EQ, 03-Jul-2024,67.03,68.3,68.59,66.05,66.97,66.87,67.15,54661,36.7,657, 33611, 61.49,-0.24
BIOFILCHEM, EQ, 03-Aug-2021,70.9,70.2,71.45,69.0,69.9,69.95,70.26,61650,43.32,1281, 41585, 67.45,-1.34
BIOFILCHEM, EQ, 03-Aug-2022,53.65,54.4,54.5,53.0, 54.50,54.0,53.57,17026,9.12,306, 10996, 64.58,0.65
BIOFILCHEM, EQ, 03-Aug-2023,45.95,46.15,46.4,45.25, 45.40,45.4,45.62,16416,7.49,391, 11008, 67.06,-1.2
BIOFILCHEM, EQ, 03-Sep-2021,63.15,63.45,64.95,62.5, 63.60,63.7,63.46,24739,15.7,528, 15749, 63.66,0.87
BIOFILCHEM, EQ, 03-Sep-2024,63.95,63.55,65.44,63.55,64.0,63.76,64.12,20644,13.24,534, 12013, 58.19,-0.3
BIOFILCHEM, EQ, 03-Oct-2022,47.8,48.45,48.5,46.65,47.0,47.15,47.59,10499,5.0,335, 7160, 68.20,-1.36
BIOFILCHEM, EQ, 03-Oct-2023,48.55,48.55,49.7,48.5, 48.55,48.65,48.88,12029,5.88,372, 7401, 61.53,0.21
BIOFILCHEM, EQ, 03-Oct-2024,80.68,79.95,79.99,76.7,77.4,77.3,78.08,81675,63.78,1622, 49719, 60.87,-4.19
BIOFILCHEM, EQ, 03-Nov-2021,62.45,62.05,64.4,61.5, 62.35,62.1,62.29,17823,11.1,430, 9389, 52.68,-0.56
BIOFILCHEM, EQ, 03-Nov-2022,56.15,55.0,57.0,54.15,55.25,54.7,55.4,91995,50.97,1650, 39286, 42.70,-2.58
BIOFILCHEM, EQ, 03-Nov-2023,49.1,49.9,49.95,48.8, 49.40,48.95,49.27,18589,9.16,385, 11901, 64.02,-0.31
BIOFILCHEM, EQ, 03-Dec-2021,60.05,60.85,60.85,59.1, 59.40,59.55,59.79,26937,16.11,710, 19338, 71.79,-0.83
BIOFILCHEM, EQ, 03-Dec-2024,65.94,66.2,67.98,65.33,66.3,66.35,66.56,24695,16.44,710, 12141, 49.16,0.62
BIOFILCHEM, EQ, 04-Jan-2022,62.2,63.3,63.8,60.9, 61.50,61.55,62.26,31428,19.57,825, 20442, 65.04,-1.05
BIOFILCHEM, EQ, 04-Jan-2023,54.25,54.3,54.55,53.7, 54.05,54.15,54.1,13975,7.56,313, 9333, 66.78,-0.18
BIOFILCHEM, EQ, 04-Jan-2024,57.8,57.8,61.7,57.8, 59.70,59.8,60.04,232513,139.59,1934, 141053, 60.66,3.46
BIOFILCHEM, EQ, 04-Feb-2021,88.35,83.95,92.75,83.95, 92.75,92.75,90.0,417564,375.8,5497, 217658, 52.13,4.98
BIOFILCHEM, EQ, 04-Feb-2022,79.65,77.5,80.0,77.2, 77.30,77.65,78.3,36696,28.73,1057, 19888, 54.20,-2.51
BIOFILCHEM, EQ, 04-Feb-2025,54.94,55.99,55.99,54.11,55.12,54.88,54.93,4305,2.36,193, 2588, 60.12,-0.11
BIOFILCHEM, EQ, 04-Mar-2020,8.5,8.5,8.75,8.5, 8.60,8.6,8.63,664,0.06,11, 664, 100.00,1.18
BIOFILCHEM, EQ, 04-Mar-2021,99.65,99.8,99.8,94.7, 94.70,94.7,96.3,265112,255.31,2534, 187595, 70.76,-4.97
BIOFILCHEM, EQ, 04-Mar-2022,62.5,62.0,63.0,60.8, 62.90,62.3,62.18,20778,12.92,447, 11809, 56.83,-0.32
BIOFILCHEM, EQ, 04-Mar-2024,65.6,65.65,66.35,63.7, 64.00,64.3,64.95,21779,14.15,398, 16348, 75.06,-1.98
BIOFILCHEM, EQ, 04-Mar-2025,43.31,43.74,44.8,42.37,43.55,44.09,43.99,7447,3.28,393, 3522, 47.29,1.8
BIOFILCHEM, EQ, 04-Apr-2022,61.1,63.45,67.2,62.1,67.2,67.2,66.1,89331,59.05,765, 72001, 80.60,9.98
BIOFILCHEM, EQ, 04-Apr-2024,69.5,69.9,70.8,66.5, 67.35,67.75,68.85,91074,62.7,975, 60944, 66.92,-2.52
BIOFILCHEM, EQ, 04-Apr-2025,43.09,44.99,51.0,42.82,44.12,45.06,47.06,430976,202.81,4722, 108676, 25.22,4.57
BIOFILCHEM, EQ, 04-May-2020,15.1,14.35,14.35,14.35, 14.35,14.35,14.35,7560,1.08,81, 7560, 100.00,-4.97
BIOFILCHEM, EQ, 04-May-2021,73.2,75.9,75.9,70.5, 71.40,71.0,72.84,53017,38.62,1120, 35069, 66.15,-3.01
BIOFILCHEM, EQ, 04-May-2022,65.0,64.8,64.8,60.1,61.8,61.55,61.92,48645,30.12,915, 25321, 52.05,-5.31
BIOFILCHEM, EQ, 04-May-2023,45.8,45.8,45.85,44.05, 44.15,44.3,44.68,29710,13.27,532, 22658, 76.26,-3.28
BIOFILCHEM, EQ, 04-Jun-2021,70.15,70.95,70.95,68.8, 69.95,70.0,69.96,45340,31.72,788, 31659, 69.83,-0.21
BIOFILCHEM, EQ, 04-Jun-2024,61.9,62.0,62.0,53.55,54.2,55.85,56.68,153039,86.74,1561, 73941, 48.32,-9.77
BIOFILCHEM, EQ, 04-Jul-2022,50.05,51.1,51.25,49.5,49.5,49.55,50.04,12485,6.25,259, 8440, 67.60,-1.0
BIOFILCHEM, EQ, 04-Jul-2023,44.45,44.3,45.0,44.0, 44.35,44.4,44.49,20112,8.95,257, 14329, 71.25,-0.11
BIOFILCHEM, EQ, 04-Jul-2024,66.87,66.87,69.1,66.1,67.2,68.21,67.64,137686,93.13,1381, 54819, 39.81,2.0
BIOFILCHEM, EQ, 04-Aug-2021,69.95,69.9,71.2,68.45,69.1,68.85,69.69,34563,24.09,969, 20565, 59.50,-1.57
BIOFILCHEM, EQ, 04-Aug-2022,54.0,54.8,54.8,53.0,54.2,53.9,53.73,21982,11.81,383, 14188, 64.54,-0.19
BIOFILCHEM, EQ, 04-Aug-2023,45.4,45.7,46.0,45.0, 45.55,45.6,45.6,14170,6.46,300, 8922, 62.96,0.44
BIOFILCHEM, EQ, 04-Sep-2023,48.25,49.0,50.7,48.0, 49.45,48.95,49.48,40738,20.16,761, 28896, 70.93,1.45
BIOFILCHEM, EQ, 04-Sep-2024,63.76,65.3,65.3,63.27,63.84,63.69,63.85,22907,14.63,687, 15062, 65.75,-0.11
BIOFILCHEM, EQ, 04-Oct-2021,63.05,63.9,63.95,63.05, 63.40,63.45,63.42,23564,14.94,496, 15787, 67.00,0.63
BIOFILCHEM, EQ, 04-Oct-2022,47.15,49.9,49.9,47.5, 47.50,47.85,47.93,10138,4.86,302, 5901, 58.21,1.48
BIOFILCHEM, EQ, 04-Oct-2023,48.65,48.6,49.45,48.0, 48.30,48.7,48.62,26494,12.88,409, 16317, 61.59,0.1
BIOFILCHEM, EQ, 04-Oct-2024,77.3,78.5,80.7,76.51,76.7,77.98,78.46,78616,61.68,1397, 45493, 57.87,0.88
BIOFILCHEM, EQ, 04-Nov-2022,54.7,54.7,57.4,54.7,55.8,55.4,56.11,53324,29.92,1260, 20484, 38.41,1.28
BIOFILCHEM, EQ, 04-Nov-2024,70.01,71.0,72.09,67.9,68.71,68.7,69.36,23649,16.4,677, 15010, 63.47,-1.87
BIOFILCHEM, EQ, 04-Dec-2023,53.65,52.4,55.0,52.4, 53.05,52.95,53.43,43271,23.12,741, 26692, 61.69,-1.3
BIOFILCHEM, EQ, 04-Dec-2024,66.35,66.65,68.53,64.35,65.0,65.27,66.28,43851,29.07,843, 28376, 64.71,-1.63
BIOFILCHEM, EQ, 05-Jan-2022,61.55,62.8,62.8,61.5, 62.30,62.25,62.06,35094,21.78,804, 20802, 59.28,1.14
BIOFILCHEM, EQ, 05-Jan-2023,54.15,54.5,59.15,53.5,55.8,56.9,56.85,112599,64.01,1574, 44876, 39.85,5.08
BIOFILCHEM, EQ, 05-Jan-2024,59.8,60.2,60.2,57.95, 58.95,58.85,58.89,113203,66.67,1434, 69382, 61.29,-1.59
BIOFILCHEM, EQ, 05-Feb-2021,92.75,97.3,97.35,88.15, 88.70,88.55,92.13,541819,499.2,8776, 308058, 56.86,-4.53
BIOFILCHEM, EQ, 05-Feb-2024,71.55,71.9,72.1,68.0, 68.00,68.85,70.54,154944,109.29,1784, 103548, 66.83,-3.77
BIOFILCHEM, EQ, 05-Feb-2025,54.88,54.88,55.96,53.71,54.29,54.13,54.5,9038,4.93,397, 5243, 58.01,-1.37
BIOFILCHEM, EQ, 05-Mar-2020,8.6,8.6,9.0,8.2, 9.00,9.0,8.97,13722,1.23,327, 10038, 73.15,4.65
BIOFILCHEM, EQ, 05-Mar-2021,94.7,90.0,90.0,90.0,90.0,90.0,90.0,27031,24.33,605, 27031, 100.00,-4.96
BIOFILCHEM, EQ, 05-Mar-2024,64.3,64.35,65.0,60.55, 61.00,61.85,61.91,65259,40.4,1067, 31459, 48.21,-3.81
BIOFILCHEM, EQ, 05-Mar-2025,44.09,44.78,46.8,44.74,45.2,45.8,45.53,23233,10.58,525, 13310, 57.29,3.88
BIOFILCHEM, EQ, 05-Apr-2022,67.2,71.8,72.35,67.0, 67.00,68.0,70.35,182764,128.58,2808, 102673, 56.18,1.19
BIOFILCHEM, EQ, 05-Apr-2023,42.1,42.2,45.8,42.0, 44.05,44.35,44.09,99557,43.9,1393, 38726, 38.90,5.34
BIOFILCHEM, EQ, 05-Apr-2024,67.75,67.75,69.35,66.05, 67.95,67.75,67.93,44986,30.56,729, 23514, 52.27,0.0
BIOFILCHEM, EQ, 05-May-2020,14.35,13.65,13.65,13.65, 13.65,13.65,13.65,3279,0.45,32, 2723, 83.04,-4.88
BIOFILCHEM, EQ, 05-May-2021,71.0,74.0,74.0,71.05, 72.20,71.95,72.04,38811,27.96,1040, 27025, 69.63,1.34
BIOFILCHEM, EQ, 05-May-2022,61.55,63.0,65.0,61.25, 63.50,63.65,62.48,15075,9.42,394, 9235, 61.26,3.41
BIOFILCHEM, EQ, 05-May-2023,44.3,44.35,45.7,44.0, 44.80,44.2,44.64,7840,3.5,264, 4696, 59.90,-0.23
BIOFILCHEM, EQ, 05-Jun-2023,43.8,44.4,45.0,44.0, 44.15,44.25,44.39,15407,6.84,277, 10549, 68.47,1.03
BIOFILCHEM, EQ, 05-Jun-2024,55.85,55.85,58.7,54.1,57.45,57.05,56.54,52116,29.47,825, 27612, 52.98,2.15
BIOFILCHEM, EQ, 05-Jul-2021,67.2,67.5,68.65,67.5, 68.40,67.85,67.98,34172,23.23,625, 21612, 63.24,0.97
BIOFILCHEM, EQ, 05-Jul-2022,49.55,48.35,49.0,47.65,48.5,48.45,48.5,45366,22.0,603, 23807, 52.48,-2.22
BIOFILCHEM, EQ, 05-Jul-2023,44.4,44.2,45.0,44.2,44.55,44.55,44.61,10576,4.72,219, 8114, 76.72,0.34
BIOFILCHEM, EQ, 05-Jul-2024,68.21,69.3,71.9,68.13,69.59,69.77,70.14,177345,124.4,2022, 100036, 56.41,2.29
BIOFILCHEM, EQ, 05-Aug-2021,68.85,67.0,72.25,67.0,71.8,72.0,71.07,165312,117.49,1525, 83825, 50.71,4.58
BIOFILCHEM, EQ, 05-Aug-2022,53.9,53.3,54.5,53.2,53.75,53.5,53.7,10464,5.62,265, 6567, 62.76,-0.74
BIOFILCHEM, EQ, 05-Aug-2024,65.96,65.95,65.95,62.42,62.96,62.76,63.43,77758,49.32,2062, 33639, 43.26,-4.85
BIOFILCHEM, EQ, 05-Sep-2022,51.9,53.45,54.6,52.05, 53.40,53.55,53.82,55866,30.06,684, 31914, 57.13,3.18
BIOFILCHEM, EQ, 05-Sep-2023,48.95,48.95,51.8,48.6, 49.60,49.75,50.3,86889,43.7,1037, 36571, 42.09,1.63
BIOFILCHEM, EQ, 05-Sep-2024,63.69,63.84,68.74,63.84,66.22,67.07,66.76,194759,130.02,2893, 79180, 40.66,5.31
BIOFILCHEM, EQ, 05-Oct-2021,63.45,64.15,64.15,63.45, 63.85,63.75,63.86,28632,18.29,576, 19741, 68.95,0.47
BIOFILCHEM, EQ, 05-Oct-2023,48.7,49.4,52.25,49.0, 50.40,50.75,51.12,186775,95.47,2210, 70996, 38.01,4.21
BIOFILCHEM, EQ, 05-Nov-2024,68.7,68.7,69.6,66.06,67.1,66.77,67.57,25230,17.05,607, 17877, 70.86,-2.81
BIOFILCHEM, EQ, 05-Dec-2022,55.9,56.8,57.0,55.65, 55.80,56.2,56.12,26229,14.72,388, 17478, 66.64,0.54
BIOFILCHEM, EQ, 05-Dec-2023,52.95,52.05,53.05,51.6, 52.00,52.3,52.34,35060,18.35,499, 22718, 64.80,-1.23
BIOFILCHEM, EQ, 05-Dec-2024,65.27,65.58,66.5,65.36,66.04,65.82,65.96,29587,19.51,495, 15270, 51.61,0.84
BIOFILCHEM, EQ, 06-Jan-2022,62.25,62.25,63.45,61.0, 61.95,61.85,62.0,35228,21.84,842, 17037, 48.36,-0.64
BIOFILCHEM, EQ, 06-Jan-2023,56.9,57.95,58.0,55.2,56.4,56.25,56.51,50235,28.39,936, 21539, 42.88,-1.14
BIOFILCHEM, EQ, 06-Jan-2025,61.49,60.6,62.05,55.0,56.29,56.47,57.71,60385,34.85,1494, 33628, 55.69,-8.16
BIOFILCHEM, EQ, 06-Feb-2023,48.3,48.8,49.0,48.4, 49.00,48.95,48.75,8968,4.37,236, 5712, 63.69,1.35
BIOFILCHEM, EQ, 06-Feb-2024,68.85,69.2,70.15,66.7, 68.00,68.35,68.39,72407,49.52,895, 44208, 61.05,-0.73
BIOFILCHEM, EQ, 06-Feb-2025,54.13,53.31,55.9,53.31,53.5,53.69,54.31,11484,6.24,474, 7098, 61.81,-0.81
BIOFILCHEM, EQ, 06-Mar-2020,9.0,9.4,9.45,8.55, 8.70,8.7,8.94,58268,5.21,145, 8725, 14.97,-3.33
BIOFILCHEM, EQ, 06-Mar-2023,45.4,45.2,45.4,44.35, 44.50,44.6,44.89,36065,16.19,872, 23753, 65.86,-1.76
BIOFILCHEM, EQ, 06-Mar-2024,61.85,61.8,64.0,61.45, 62.00,63.15,62.74,59111,37.09,715, 38583, 65.27,2.1
BIOFILCHEM, EQ, 06-Mar-2025,45.8,45.2,47.68,45.2,45.6,46.12,46.53,17910,8.33,587, 9230, 51.54,0.7
BIOFILCHEM, EQ, 06-Apr-2022,68.0,68.0,69.5,65.55, 68.00,67.7,67.31,66680,44.88,1048, 40803, 61.19,-0.44
BIOFILCHEM, EQ, 06-Apr-2023,44.35,44.35,45.5,44.05, 44.45,44.45,44.67,12142,5.42,293, 6285, 51.76,0.23
BIOFILCHEM, EQ, 06-May-2020,13.65,13.0,13.3,13.0, 13.30,13.0,13.0,58535,7.61,174, 58488, 99.92,-4.76
BIOFILCHEM, EQ, 06-May-2021,71.95,73.95,73.95,72.0, 73.00,72.6,72.55,51583,37.42,897, 31514, 61.09,0.9
BIOFILCHEM, EQ, 06-May-2022,63.65,63.0,63.0,57.35,61.3,60.7,60.12,39396,23.69,926, 20997, 53.30,-4.63
BIOFILCHEM, EQ, 06-May-2024,67.55,67.55,70.2,66.55,67.9,68.05,68.07,38195,26.0,607, 22599, 59.17,0.74
BIOFILCHEM, EQ, 06-Jun-2022,56.1,57.3,57.3,55.5,55.5,55.75,56.12,8000,4.49,286, 4631, 57.89,-0.62
BIOFILCHEM, EQ, 06-Jun-2023,44.25,44.6,44.8,44.0,44.0,44.2,44.32,12827,5.68,228, 8653, 67.46,-0.11
BIOFILCHEM, EQ, 06-Jun-2024,57.05,61.8,62.3,58.15,61.0,60.7,59.87,39565,23.69,632, 24819, 62.73,6.4
BIOFILCHEM, EQ, 06-Jul-2021,67.85,68.05,68.55,67.0, 67.40,67.3,67.42,37748,25.45,800, 22905, 60.68,-0.81
BIOFILCHEM, EQ, 06-Jul-2022,48.45,48.4,49.2,44.35,47.85,47.95,47.27,25299,11.96,810, 13204, 52.19,-1.03
BIOFILCHEM, EQ, 06-Jul-2023,44.55,45.0,45.3,44.6,45.3,45.1,45.02,27978,12.6,244, 22572, 80.68,1.23
BIOFILCHEM, EQ, 06-Aug-2021,72.0,73.0,73.0,69.0, 69.80,69.4,70.04,75800,53.09,1045, 56139, 74.06,-3.61
BIOFILCHEM, EQ, 06-Aug-2024,62.76,63.35,65.0,62.05,63.5,62.44,63.34,17418,11.03,556, 7359, 42.25,-0.51
BIOFILCHEM, EQ, 06-Sep-2021,63.7,64.1,64.1,62.5,63.2,63.0,63.14,20927,13.21,470, 13839, 66.13,-1.1
BIOFILCHEM, EQ, 06-Sep-2022,53.55,53.6,54.35,52.4, 52.90,52.8,53.35,15875,8.47,356, 10477, 66.00,-1.4
BIOFILCHEM, EQ, 06-Sep-2023,49.75,51.45,52.5,50.0, 52.00,51.45,51.35,86405,44.37,1471, 55825, 64.61,3.42
BIOFILCHEM, EQ, 06-Sep-2024,67.07,67.5,67.99,64.6,65.95,65.39,65.85,45261,29.81,816, 27221, 60.14,-2.5
BIOFILCHEM, EQ, 06-Oct-2021,63.75,65.8,65.8,63.4, 63.40,63.55,63.94,20624,13.19,544, 13260, 64.29,-0.31
BIOFILCHEM, EQ, 06-Oct-2022,47.85,49.8,51.0,47.9, 48.65,48.85,48.97,11861,5.81,320, 5826, 49.12,2.09
BIOFILCHEM, EQ, 06-Oct-2023,50.75,51.0,55.9,50.5, 54.10,53.95,54.16,429485,232.63,3893, 213176, 49.64,6.31
BIOFILCHEM, EQ, 06-Nov-2023,48.95,48.95,49.85,48.55, 49.65,49.3,49.33,15451,7.62,247, 11012, 71.27,0.72
BIOFILCHEM, EQ, 06-Nov-2024,66.77,66.77,70.0,66.77,68.0,68.0,68.61,43504,29.85,947, 16802, 38.62,1.84
BIOFILCHEM, EQ, 06-Dec-2021,59.55,60.75,60.75,58.8, 58.80,59.15,59.38,21713,12.89,563, 15134, 69.70,-0.67
BIOFILCHEM, EQ, 06-Dec-2022,56.2,56.3,57.0,55.35, 56.30,56.0,55.76,23951,13.36,334, 11565, 48.29,-0.36
BIOFILCHEM, EQ, 06-Dec-2023,52.3,52.3,52.3,51.25, 51.40,51.4,51.64,29061,15.01,376, 19040, 65.52,-1.72
BIOFILCHEM, EQ, 06-Dec-2024,65.82,66.15,66.8,65.0,65.44,65.19,65.68,24586,16.15,478, 11831, 48.12,-0.96
BIOFILCHEM, EQ, 07-Jan-2022,61.85,62.8,74.2,62.0,74.2,74.2,71.66,576909,413.39,4820, 335129, 58.09,19.97
BIOFILCHEM, EQ, 07-Jan-2025,56.47,57.3,59.29,57.3,58.13,58.51,58.53,27681,16.2,892, 13387, 48.36,3.61
BIOFILCHEM, EQ, 07-Feb-2022,77.65,79.95,79.95,75.1, 75.50,75.95,76.91,41516,31.93,1082, 28163, 67.84,-2.19
BIOFILCHEM, EQ, 07-Feb-2023,48.95,49.65,49.65,47.5, 48.15,48.1,48.43,16994,8.23,462, 8528, 50.18,-1.74
BIOFILCHEM, EQ, 07-Feb-2024,68.35,68.35,74.0,67.0, 70.95,71.8,70.82,205180,145.32,1647, 104648, 51.00,5.05
BIOFILCHEM, EQ, 07-Feb-2025,53.69,54.05,54.58,53.36,53.66,53.63,54.04,5578,3.01,196, 3455, 61.94,-0.11
BIOFILCHEM, EQ, 07-Mar-2022,62.3,62.3,62.3,59.0, 59.50,59.75,60.27,21632,13.04,658,14119,65.27,-4.09
BIOFILCHEM, EQ, 07-Mar-2024,63.15,63.05,74.15,63.05, 72.35,72.05,72.14,713982,515.09,6583, 267776, 37.50,14.09
BIOFILCHEM, EQ, 07-Mar-2025,46.12,46.66,47.65,46.0,46.85,46.25,46.81,18434,8.63,399, 13187, 71.54,0.28
BIOFILCHEM, EQ, 07-Apr-2020,7.9,8.25,8.25,8.2, 8.25,8.25,8.25,12122,1.0,100, 10613, 87.55,4.43
BIOFILCHEM, EQ, 07-Apr-2022,67.7,67.7,69.0,67.0,68.25,67.9,68.09,35187,23.96,545, 22124, 62.88,0.3
BIOFILCHEM, EQ, 07-Apr-2025,45.06,43.0,44.0,41.3,42.65,42.96,42.85,37596,16.11,784, 18088, 48.11,-4.66
BIOFILCHEM, EQ, 07-May-2020,13.0,12.4,13.65,12.35, 12.35,12.4,13.2,63396,8.37,583, 52367, 82.60,-4.62
BIOFILCHEM, EQ, 07-May-2021,72.6,75.7,76.2,73.0, 76.20,76.05,75.83,155733,118.1,1860, 109660, 70.42,4.75
BIOFILCHEM, EQ, 07-May-2024,68.05,69.5,69.5,67.3,67.5,67.5,68.02,18174,12.36,362, 11431, 62.90,-0.81
BIOFILCHEM, EQ, 07-Jun-2021,70.0,70.0,70.8,68.9, 70.05,70.1,70.21,62451,43.85,1110, 46775, 74.90,0.14
BIOFILCHEM, EQ, 07-Jun-2022,55.75,56.45,57.3,55.85,55.9,56.1,56.47,13642,7.7,317, 8788, 64.42,0.63
BIOFILCHEM, EQ, 07-Jun-2023,44.2,44.4,44.9,43.8, 44.05,44.0,44.25,14413,6.38,258, 11763, 81.61,-0.45
BIOFILCHEM, EQ, 07-Jun-2024,60.7,63.5,63.5,59.0,60.9,61.35,61.2,41091,25.15,569, 17631, 42.91,1.07
BIOFILCHEM, EQ, 07-Jul-2021,67.3,67.3,69.45,65.85, 68.65,68.2,67.88,69980,47.5,1174, 35296, 50.44,1.34
BIOFILCHEM, EQ, 07-Jul-2022,47.95,49.0,57.5,47.9, 57.50,57.5,56.78,195731,111.13,1174, 111233, 56.83,19.92
BIOFILCHEM, EQ, 07-Jul-2023,45.1,45.4,45.5,44.6, 44.70,44.7,45.01,12452,5.6,216, 9655, 77.54,-0.89
BIOFILCHEM, EQ, 07-Aug-2023,45.6,45.95,50.0,45.2, 45.50,45.85,47.26,121091,57.23,1324, 34624, 28.59,0.55
BIOFILCHEM, EQ, 07-Aug-2024,62.44,63.0,64.24,62.54,64.0,63.9,63.55,21874,13.9,574, 13654, 62.42,2.34
BIOFILCHEM, EQ, 07-Sep-2021,63.0,62.8,64.95,62.5, 63.60,62.9,63.32,27833,17.62,495, 19988, 71.81,-0.16
BIOFILCHEM, EQ, 07-Sep-2022,52.8,53.5,53.55,51.6, 51.80,51.95,52.28,17068,8.92,334, 10875, 63.72,-1.61
BIOFILCHEM, EQ, 07-Sep-2023,51.45,52.8,54.25,51.0, 52.20,52.05,52.79,161631,85.33,1846, 100478, 62.17,1.17
BIOFILCHEM, EQ, 07-Oct-2021,63.55,63.1,64.5,63.0, 63.20,63.05,63.4,46238,29.31,662, 27375, 59.20,-0.79
BIOFILCHEM, EQ, 07-Oct-2022,48.85,48.35,51.35,48.35, 51.30,50.6,50.03,26653,13.33,424, 14093, 52.88,3.58
BIOFILCHEM, EQ, 07-Oct-2024,77.98,77.98,79.05,68.18,71.0,71.6,72.21,185647,134.06,3256, 76239, 41.07,-8.18
BIOFILCHEM, EQ, 07-Nov-2022,55.4,56.55,56.75,53.0,53.8,53.85,54.55,40273,21.97,857, 19012, 47.21,-2.8
BIOFILCHEM, EQ, 07-Nov-2023,49.3,49.95,49.95,49.0, 49.30,49.15,49.24,19050,9.38,255, 13766, 72.26,-0.3
BIOFILCHEM, EQ, 07-Nov-2024,68.0,68.29,69.23,66.6,67.0,67.02,67.65,26639,18.02,678, 16446, 61.74,-1.44
BIOFILCHEM, EQ, 07-Dec-2021,59.15,60.6,60.6,58.7,59.2,59.3,59.48,35925,21.37,574, 20024, 55.74,0.25
BIOFILCHEM, EQ, 07-Dec-2022,56.0,56.05,56.45,54.0, 54.60,54.95,54.88,34993,19.2,467, 19272, 55.07,-1.87
BIOFILCHEM, EQ, 07-Dec-2023,51.4,52.4,53.0,50.9, 52.80,51.85,51.62,51312,26.49,581, 33714, 65.70,0.88
BIOFILCHEM, EQ, 08-Jan-2024,58.85,60.0,60.0,57.5, 58.00,58.05,58.54,79043,46.27,957, 41869, 52.97,-1.36
BIOFILCHEM, EQ, 08-Jan-2025,58.51,58.58,60.0,58.15,58.55,58.39,58.91,21155,12.46,689, 7491, 35.41,-0.21
BIOFILCHEM, EQ, 08-Feb-2021,88.55,84.95,90.45,84.15, 84.25,84.4,85.81,162824,139.72,4131, 96534, 59.29,-4.69
BIOFILCHEM, EQ, 08-Feb-2022,75.95,76.15,78.0,74.0,76.0,75.65,76.36,36061,27.54,998, 18289, 50.72,-0.39
BIOFILCHEM, EQ, 08-Feb-2023,48.1,48.6,49.8,47.8, 48.55,48.75,48.96,16174,7.92,492, 7838, 48.46,1.35
BIOFILCHEM, EQ, 08-Feb-2024,71.8,72.65,72.65,67.6, 68.90,68.65,69.76,74432,51.92,1345, 44315, 59.54,-4.39
BIOFILCHEM, EQ, 08-Mar-2021,90.0,85.5,85.5,85.5, 85.50,85.5,85.5,23897,20.43,620, 23896, 100.00,-5.0
BIOFILCHEM, EQ, 08-Mar-2022,59.75,61.55,62.95,60.3, 61.20,61.95,61.98,26548,16.45,516, 17999, 67.80,3.68
BIOFILCHEM, EQ, 08-Mar-2023,44.6,44.6,45.85,44.5, 44.75,44.65,44.88,9859,4.42,261, 4921, 49.91,0.11
BIOFILCHEM, EQ, 08-Apr-2020,8.25,8.65,8.65,8.65, 8.65,8.65,8.65,2683,0.23,25, 2583, 96.27,4.85
BIOFILCHEM, EQ, 08-Apr-2022,67.9,67.95,68.65,63.35, 67.00,65.75,66.97,29512,19.76,558, 18475, 62.60,-3.17
BIOFILCHEM, EQ, 08-Apr-2024,67.75,68.65,69.8,66.15, 66.15,66.55,67.5,37088,25.03,637, 20473, 55.20,-1.77
BIOFILCHEM, EQ, 08-Apr-2025,42.96,43.11,43.93,42.11,42.92,42.83,43.27,19957,8.64,372, 13419, 67.24,-0.3
BIOFILCHEM, EQ, 08-May-2020,12.4,11.8,12.6,11.8, 12.00,11.95,11.94,26271,3.14,210, 19804, 75.38,-3.63
BIOFILCHEM, EQ, 08-May-2023,44.2,44.8,45.0,44.1, 45.00,44.9,44.69,6841,3.06,208, 4360, 63.73,1.58
BIOFILCHEM, EQ, 08-May-2024,67.5,67.55,69.0,66.35,67.2,67.25,67.67,17522,11.86,485, 8414, 48.02,-0.37
BIOFILCHEM, EQ, 08-Jun-2021,70.1,70.1,70.65,69.5, 70.20,69.95,69.93,38546,26.95,814, 25959, 67.35,-0.21
BIOFILCHEM, EQ, 08-Jun-2022,56.1,56.1,56.55,55.25,55.25,55.5,55.82,9048,5.05,227, 6049, 66.85,-1.07
BIOFILCHEM, EQ, 08-Jun-2023,44.0,44.5,45.8,44.0, 45.50,44.9,44.5,19955,8.88,415, 13543, 67.87,2.05
BIOFILCHEM, EQ, 08-Jul-2021,68.2,69.5,69.5,66.55, 67.60,67.3,67.26,25145,16.91,567, 16567, 65.89,-1.32
BIOFILCHEM, EQ, 08-Jul-2022,57.5,57.3,62.5,56.0,56.95,56.7,58.74,392968,230.85,4633, 134370, 34.19,-1.39
BIOFILCHEM, EQ, 08-Jul-2024,69.77,71.9,71.9,67.6,67.61,68.31,69.6,36806,25.62,772, 20895, 56.77,-2.09
BIOFILCHEM, EQ, 08-Aug-2022,53.5,49.4,52.85,49.4,52.3,52.25,51.32,36862,18.92,369,17869,48.48,-2.34
BIOFILCHEM, EQ, 08-Aug-2023,45.85,45.85,46.5,44.4, 45.25,45.3,45.45,22407,10.18,465, 13276, 59.25,-1.2
BIOFILCHEM, EQ, 08-Aug-2024,63.9,63.9,64.79,62.12,63.5,63.22,63.35,34936,22.13,1051, 16135, 46.18,-1.06
BIOFILCHEM, EQ, 08-Sep-2021,62.9,63.9,63.9,62.65, 63.05,63.05,63.11,17079,10.78,325, 10025, 58.70,0.24
BIOFILCHEM, EQ, 08-Sep-2022,51.95,53.0,54.0,52.1, 52.40,52.6,52.86,20394,10.78,386, 11157, 54.71,1.25
BIOFILCHEM, EQ, 08-Sep-2023,52.05,52.2,53.8,49.6, 50.75,50.55,51.27,96391,49.42,1657, 51186, 53.10,-2.88
BIOFILCHEM, EQ, 08-Oct-2021,63.05,64.2,69.35,63.05, 69.35,69.35,67.24,150291,101.06,1507, 98488, 65.53,9.99
BIOFILCHEM, EQ, 08-Oct-2024,71.6,69.91,76.39,69.91,73.78,73.67,73.65,88543,65.21,1675, 37267, 42.09,2.89
BIOFILCHEM, EQ, 08-Nov-2021,62.35,63.8,63.8,61.0, 61.85,61.85,61.96,25361,15.71,697, 15024, 59.24,-0.8
BIOFILCHEM, EQ, 08-Nov-2023,49.15,48.9,49.75,48.9, 49.15,49.2,49.24,24504,12.06,488, 8763, 35.76,0.1
BIOFILCHEM, EQ, 08-Nov-2024,67.02,67.2,67.26,64.5, 64.91,64.76,65.5,40096,26.26,962, 24661, 61.50,-3.37
BIOFILCHEM, EQ, 08-Dec-2021,59.3,59.3,62.0,59.3,61.2,61.45,60.6,28829,17.47,624, 18800, 65.21,3.63
BIOFILCHEM, EQ, 08-Dec-2022,54.95,54.45,56.0,52.5, 54.00,53.4,54.24,25535,13.85,504, 12696, 49.72,-2.82
BIOFILCHEM, EQ, 08-Dec-2023,51.85,51.9,53.2,51.5, 52.00,51.65,52.13,37007,19.29,460, 27920, 75.45,-0.39
BIOFILCHEM, EQ, 09-Jan-2023,56.25,57.9,57.9,55.2,55.75,55.45,55.68,26130,14.55,469, 16095, 61.60,-1.42
BIOFILCHEM, EQ, 09-Jan-2024,58.05,58.9,59.45,57.1,58.45,58.1,58.2,88938,51.76,995, 57475, 64.62,0.09
BIOFILCHEM, EQ, 09-Jan-2025,58.39,58.13,61.0,57.5,57.6,57.85,59.03,28603,16.88,882, 13144, 45.95,-0.92
BIOFILCHEM, EQ, 09-Feb-2021,84.4,81.5,83.6,80.2, 80.20,80.2,80.58,83391,67.2,1673, 67677, 81.16,-4.98
BIOFILCHEM, EQ, 09-Feb-2022,75.65,74.05,76.8,70.0, 72.65,73.25,72.98,65479,47.78,1383, 35125, 53.64,-3.17
BIOFILCHEM, EQ, 09-Feb-2023,48.75,47.6,48.65,47.6, 48.30,47.85,47.85,22189,10.62,502, 18923, 85.28,-1.85
BIOFILCHEM, EQ, 09-Feb-2024,68.65,70.4,70.5,66.5, 68.20,67.85,68.19,65894,44.94,881, 31230, 47.39,-1.17
BIOFILCHEM, EQ, 09-Mar-2020,8.7,8.3,8.8,8.3, 8.75,8.3,8.35,6208,0.52,37, 5803, 93.48,-4.6
BIOFILCHEM, EQ, 09-Mar-2021,85.5,81.25,89.75,81.25, 85.50,85.85,86.49,535264,462.96,9817, 222670, 41.60,0.41
BIOFILCHEM, EQ, 09-Mar-2022,61.95,62.95,64.3,61.5, 62.40,62.25,63.22,14649,9.26,451, 9004, 61.46,0.48
BIOFILCHEM, EQ, 09-Mar-2023,44.65,43.6,45.65,43.6, 45.00,44.9,44.79,15332,6.87,259, 11113, 72.48,0.56
BIOFILCHEM, EQ, 09-Apr-2020,8.65,9.05,9.05,9.05, 9.05,9.05,9.05,1401,0.13,14, 1401, 100.00,4.62
BIOFILCHEM, EQ, 09-Apr-2024,66.55,67.05,68.0,65.55, 67.95,67.65,66.93,48839,32.69,531, 33319, 68.22,1.65
BIOFILCHEM, EQ, 09-Apr-2025,42.83,42.92,44.0,42.11,42.8,42.7,42.98,23926,10.28,412, 13508, 56.46,-0.3
BIOFILCHEM, EQ, 09-May-2022,60.7,59.3,60.45,58.65, 59.50,59.2,59.33,18480,10.96,527, 10592, 57.32,-2.47
BIOFILCHEM, EQ, 09-May-2023,44.9,45.0,45.35,44.4,44.95,44.7,44.83,5053,2.27,181, 3452, 68.32,-0.45
BIOFILCHEM, EQ, 09-May-2024,67.25,68.25,69.0,65.8,66.5,66.0,67.29,25583,17.21,425, 15512, 60.63,-1.86
BIOFILCHEM, EQ, 09-Jun-2021,69.95,70.2,70.65,69.3,70.05,69.8,69.81,44222,30.87,692, 34473, 77.95,-0.21
BIOFILCHEM, EQ, 09-Jun-2022,55.5,55.1,56.0,55.05, 55.60,55.65,55.28,9034,4.99,222, 6438, 71.26,0.27
BIOFILCHEM, EQ, 09-Jun-2023,44.9,45.25,45.45,44.4, 44.45,44.5,44.93,8776,3.94,214, 6957, 79.27,-0.89
BIOFILCHEM, EQ, 09-Jul-2021,67.3,68.0,68.0,66.15,66.9,66.9,66.92,22792,15.25,488, 17245, 75.66,-0.59
BIOFILCHEM, EQ, 09-Jul-2024,68.31,69.65,69.65,67.1,67.51,67.5,68.45,33107,22.66,1076, 19274, 58.22,-1.19
BIOFILCHEM, EQ, 09-Aug-2021,69.4,70.4,70.4,68.5, 69.10,69.15,69.25,25597,17.73,537, 16825, 65.73,-0.36
BIOFILCHEM, EQ, 09-Aug-2023,45.3,45.0,47.95,45.0, 46.90,46.8,46.81,68422,32.03,890, 31760, 46.42,3.31
BIOFILCHEM, EQ, 09-Aug-2024,63.22,64.13,68.8,63.62,64.97,64.92,66.99,269844,180.78,3171, 86203, 31.95,2.69
BIOFILCHEM, EQ, 09-Sep-2021,63.05,64.45,64.45,63.1, 63.35,63.35,63.36,9501,6.02,230, 6946, 73.11,0.48
BIOFILCHEM, EQ, 09-Sep-2022,52.6,54.35,54.35,52.35, 53.60,52.8,53.04,14934,7.92,304, 7787, 52.14,0.38
BIOFILCHEM, EQ, 09-Sep-2024,65.39,64.63,66.54,64.05,65.1,64.98,64.89,27877,18.09,508, 18493, 66.34,-0.63
BIOFILCHEM, EQ, 09-Oct-2023,53.95,52.0,53.3,50.0, 50.20,50.35,50.98,88365,45.04,1432, 53377, 60.41,-6.67
BIOFILCHEM, EQ, 09-Oct-2024,73.67,74.0,77.77,73.98,77.0,77.06,76.38,100620,76.86,1454, 52484, 52.16,4.6
BIOFILCHEM, EQ, 09-Nov-2021,61.85,62.9,62.9,61.55,62.4,62.15,62.12,12046,7.48,347, 8956, 74.35,0.49
BIOFILCHEM, EQ, 09-Nov-2022,53.85,55.0,55.0,52.9, 53.00,53.35,53.46,34215,18.29,664, 21621, 63.19,-0.93
BIOFILCHEM, EQ, 09-Nov-2023,49.2,49.65,49.9,48.5, 48.65,48.85,49.08,13703,6.73,274, 10260, 74.87,-0.71
BIOFILCHEM, EQ, 09-Dec-2021,61.45,63.0,63.0,60.0, 61.80,61.4,61.35,27953,17.15,582, 17416, 62.30,-0.08
BIOFILCHEM, EQ, 09-Dec-2022,53.4,55.8,55.8,53.2, 54.90,54.85,54.57,21290,11.62,440, 11144, 52.34,2.72
BIOFILCHEM, EQ, 09-Dec-2024,65.19,65.2,66.52,62.97,64.54,64.72,64.63,74936,48.43,1023, 30738, 41.02,-0.72
BIOFILCHEM, EQ, 10-Jan-2022,74.2,81.0,89.0,78.0,89.0,89.0,86.2,1383417,1192.47,20309, 566670, 40.96,19.95
BIOFILCHEM, EQ, 10-Jan-2023,55.45,55.45,55.85,54.15,55.5,54.6,54.88,15108,8.29,376, 9519, 63.01,-1.53
BIOFILCHEM, EQ, 10-Jan-2024,58.1,59.75,59.75,57.5, 58.60,58.65,58.78,83283,48.95,801, 53131, 63.80,0.95
BIOFILCHEM, EQ, 10-Jan-2025,57.85,57.85,58.39,55.85,57.24,56.64,56.93,24413,13.9,737, 11973, 49.04,-2.09
BIOFILCHEM, EQ, 10-Feb-2021,80.2,76.2,83.8,76.2,76.2,76.2,76.56,131000,100.3,2492, 88773, 67.77,-4.99
BIOFILCHEM, EQ, 10-Feb-2022,73.25,73.25,73.3,70.1,70.55,70.4,71.01,37911,26.92,1041, 24230, 63.91,-3.89
BIOFILCHEM, EQ, 10-Feb-2023,47.85,47.8,49.1,47.75, 48.60,48.3,48.57,6724,3.27,345, 4743, 70.54,0.94
BIOFILCHEM, EQ, 10-Feb-2025,53.63,53.63,54.06,52.51,53.6,53.34,53.15,6010,3.19,150, 3247, 54.03,-0.54
BIOFILCHEM, EQ, 10-Mar-2021,85.85,88.7,89.6,81.6, 81.60,81.7,83.11,198617,165.07,3762, 116943, 58.88,-4.83
BIOFILCHEM, EQ, 10-Mar-2022,62.25,64.6,68.45,62.85, 68.45,68.45,67.57,87878,59.38,922, 43606, 49.62,9.96
BIOFILCHEM, EQ, 10-Mar-2023,44.9,45.8,45.8,44.1, 44.15,44.3,44.59,9250,4.12,297, 5244, 56.69,-1.34
BIOFILCHEM, EQ, 10-Mar-2025,46.25,47.39,48.88,45.32,46.56,45.84,47.55,16488,7.84,523, 10418, 63.19,-0.89
BIOFILCHEM, EQ, 10-Apr-2023,44.45,43.85,44.95,43.5, 43.75,43.9,44.2,12921,5.71,600, 7700, 59.59,-1.24
BIOFILCHEM, EQ, 10-Apr-2024,67.65,67.65,68.45,66.15, 67.20,67.25,67.21,27495,18.48,546, 18564, 67.52,-0.59
BIOFILCHEM, EQ, 10-May-2021,76.05,79.4,79.4,74.25, 76.85,76.55,77.0,125093,96.32,1829, 76636, 61.26,0.66
BIOFILCHEM, EQ, 10-May-2022,59.2,59.3,60.85,57.15, 59.80,58.35,59.57,13420,7.99,477, 7224, 53.83,-1.44
BIOFILCHEM, EQ, 10-May-2023,44.7,44.9,46.1,44.1,44.1,44.5,44.81,15451,6.92,372, 6836, 44.24,-0.45
BIOFILCHEM, EQ, 10-May-2024,66.0,66.1,68.8,66.1,67.8,67.95,67.67,27181,18.39,346, 16968, 62.43,2.95
BIOFILCHEM, EQ, 10-Jun-2021,69.8,70.25,72.0,70.0, 70.80,70.65,70.69,51609,36.48,769, 31736, 61.49,1.22
BIOFILCHEM, EQ, 10-Jun-2022,55.65,55.0,56.0,54.95,55.2,55.3,55.32,8162,4.52,214, 5904, 72.34,-0.63
BIOFILCHEM, EQ, 10-Jun-2024,61.35,61.35,63.59,60.46,62.85,62.61,62.12,51049,31.71,1008, 34081, 66.76,2.05
BIOFILCHEM, EQ, 10-Jul-2023,44.7,46.0,46.0,44.6,45.3,45.3,45.2,7470,3.38,158, 5276, 70.63,1.34
BIOFILCHEM, EQ, 10-Jul-2024,67.5,67.64,67.64,63.41,65.01,65.29,65.76,84799,55.77,1058, 59897, 70.63,-3.27
BIOFILCHEM, EQ, 10-Aug-2021,69.15,68.05,69.55,66.0, 67.00,66.95,67.45,78326,52.83,1167, 60866, 77.71,-3.18
BIOFILCHEM, EQ, 10-Aug-2022,52.25,51.1,52.5,51.1,52.2,52.1,52.23,17210,8.99,271, 10496, 60.99,-0.29
BIOFILCHEM, EQ, 10-Aug-2023,46.8,47.0,47.0,45.8, 46.35,46.1,46.18,27572,12.73,404, 17881, 64.85,-1.5
BIOFILCHEM, EQ, 10-Sep-2024,64.98,65.1,67.25,64.68,64.95,65.14,66.18,90449,59.86,1685, 44773, 49.50,0.25
BIOFILCHEM, EQ, 10-Oct-2022,50.6,50.85,50.95,49.2, 49.25,50.2,50.22,19916,10.0,303, 14770, 74.16,-0.79
BIOFILCHEM, EQ, 10-Oct-2023,50.35,51.1,51.8,50.15, 51.40,51.1,50.83,43538,22.13,1164, 23660, 54.34,1.49
BIOFILCHEM, EQ, 10-Oct-2024,77.06,79.7,79.7,75.1,75.58,75.58,77.18,55622,42.93,1077, 29807, 53.59,-1.92
BIOFILCHEM, EQ, 10-Nov-2021,62.15,63.0,63.25,62.0, 62.65,62.7,62.71,14345,9.0,463, 9364, 65.28,0.88
BIOFILCHEM, EQ, 10-Nov-2022,53.35,53.6,54.75,52.0, 52.50,52.25,53.04,22803,12.09,469, 11226, 49.23,-2.06
BIOFILCHEM, EQ, 10-Nov-2023,48.85,48.85,49.1,48.45,49.1,48.95,48.91,4888,2.39,153, 4209, 86.11,0.2
BIOFILCHEM, EQ, 10-Dec-2021,61.4,62.55,62.55,60.15, 60.60,61.0,61.58,26473,16.3,572, 16668, 62.96,-0.65
BIOFILCHEM, EQ, 10-Dec-2024,64.72,63.61,65.83,63.61,64.99,64.59,64.95,23424,15.21,373, 13458, 57.45,-0.2
BIOFILCHEM, EQ, 11-Jan-2022,89.0,94.0,97.9,90.8,97.9,97.9,96.75,1876189,1815.26,14469, 658870, 35.12,10.0
BIOFILCHEM, EQ, 11-Jan-2023,54.6,57.0,57.0,52.3, 54.60,54.45,55.17,41266,22.77,589, 23636, 57.28,-0.27
BIOFILCHEM, EQ, 11-Jan-2024,58.65,58.6,59.5,58.1, 58.85,59.0,59.0,55500,32.75,733, 33152, 59.73,0.6
BIOFILCHEM, EQ, 11-Feb-2021,76.2,73.4,76.2,72.4,72.4,72.4,72.64,41995,30.51,1325, 38832, 92.47,-4.99
BIOFILCHEM, EQ, 11-Feb-2022,70.4,71.8,72.9,69.75,70.1,70.3,70.83,34883,24.71,726, 23062, 66.11,-0.14
BIOFILCHEM, EQ, 11-Feb-2025,53.34,53.0,54.0,50.55,50.65,51.17,52.09,14169,7.38,401, 6687, 47.19,-4.07
BIOFILCHEM, EQ, 11-Mar-2020,8.3,8.2,8.65,7.9, 8.30,8.05,8.06,18905,1.52,88, 12065, 63.82,-3.01
BIOFILCHEM, EQ, 11-Mar-2022,68.45,69.8,69.8,64.2, 65.80,66.05,66.64,64061,42.69,1290, 36998, 57.75,-3.51
BIOFILCHEM, EQ, 11-Mar-2024,72.05,70.1,71.95,66.0, 67.25,66.95,69.31,111104,77.01,1615, 69103, 62.20,-7.08
BIOFILCHEM, EQ, 11-Mar-2025,45.84,45.05,46.93,44.3,46.0,45.73,46.15,45133,20.83,379, 39134, 86.71,-0.24
BIOFILCHEM, EQ, 11-Apr-2022,65.75,67.5,67.5,64.05,66.35,65.5,65.81,23600,15.53,532, 11957, 50.67,-0.38
BIOFILCHEM, EQ, 11-Apr-2023,43.9,44.35,45.4,44.25, 44.70,44.55,44.58,12158,5.42,245, 5992, 49.28,1.48
BIOFILCHEM, EQ, 11-Apr-2025,42.7,43.0,43.98,43.0,43.1,43.14,43.44,15249,6.62,356, 9989, 65.51,1.03
BIOFILCHEM, EQ, 11-May-2020,11.95,12.5,12.5,11.45, 11.80,11.65,11.76,15286,1.8,134, 10693, 69.95,-2.51
BIOFILCHEM, EQ, 11-May-2021,76.55,76.5,77.0,74.7, 74.80,75.2,75.45,47582,35.9,1250, 30487, 64.07,-1.76
BIOFILCHEM, EQ, 11-May-2022,58.35,62.75,62.75,56.0,57.4,57.25,57.82,18661,10.79,649, 12412, 66.51,-1.89
BIOFILCHEM, EQ, 11-May-2023,44.5,44.3,45.1,44.2, 44.20,44.25,44.38,9403,4.17,215, 6509, 69.22,-0.56
BIOFILCHEM, EQ, 11-Jun-2021,70.65,71.45,77.7,67.5, 71.85,71.5,71.42,85828,61.3,1182, 55302, 64.43,1.2
BIOFILCHEM, EQ, 11-Jun-2024,62.61,64.4,64.55,61.52,63.2,63.68,62.99,45814,28.86,813, 31568, 68.90,1.71
BIOFILCHEM, EQ, 11-Jul-2022,56.7,56.0,59.8,55.45,57.0,56.55,56.97,65197,37.14,1048, 21797, 33.43,-0.26
BIOFILCHEM, EQ, 11-Jul-2023,45.3,45.95,47.9,44.7, 45.25,45.1,45.69,94415,43.14,988, 32837, 34.78,-0.44
BIOFILCHEM, EQ, 11-Jul-2024,65.29,65.29,68.0,64.9,65.63,66.05,66.25,51428,34.07,761, 26320, 51.18,1.16
BIOFILCHEM, EQ, 11-Aug-2021,66.95,67.95,68.9,64.0, 66.30,67.0,65.26,45882,29.94,959, 27317, 59.54,0.07
BIOFILCHEM, EQ, 11-Aug-2022,52.1,52.1,52.7,51.45,52.4,52.05,51.97,22476,11.68,320, 17608, 78.34,-0.1
BIOFILCHEM, EQ, 11-Aug-2023,46.1,46.7,46.7,46.0, 46.30,46.25,46.3,14708,6.81,250, 9303, 63.25,0.33
BIOFILCHEM, EQ, 11-Sep-2023,50.55,51.3,54.0,50.0, 50.40,50.35,51.89,212907,110.47,3605, 48930, 22.98,-0.4
BIOFILCHEM, EQ, 11-Sep-2024,65.14,66.79,66.79,64.75,64.75,65.24,65.75,32328,21.25,609, 19600, 60.63,0.15
BIOFILCHEM, EQ, 11-Oct-2021,69.35,74.0,75.3,70.0, 70.90,71.4,73.22,211382,154.77,3248, 129381, 61.21,2.96
BIOFILCHEM, EQ, 11-Oct-2022,50.2,50.2,50.2,48.65, 49.50,49.15,49.2,10859,5.34,254, 7161, 65.95,-2.09
BIOFILCHEM, EQ, 11-Oct-2023,51.1,52.0,52.0,50.55, 50.70,50.85,51.2,29952,15.34,364, 20960, 69.98,-0.49
BIOFILCHEM, EQ, 11-Oct-2024,75.58,75.58,76.68,74.5,75.0,75.08,75.17,30269,22.75,545, 16678, 55.10,-0.66
BIOFILCHEM, EQ, 11-Nov-2021,62.7,63.5,63.5,62.0, 62.30,62.25,62.37,13670,8.53,324, 9606, 70.27,-0.72
BIOFILCHEM, EQ, 11-Nov-2022,52.25,53.1,54.0,52.4,53.0,52.65,53.03,22699,12.04,459, 12379, 54.54,0.77
BIOFILCHEM, EQ, 11-Nov-2024,64.76,65.2,65.7,63.82, 64.46,64.5,64.69,22386,14.48,547, 14188, 63.38,-0.4
BIOFILCHEM, EQ, 11-Dec-2023,51.65,51.65,53.4,51.3, 52.00,51.75,52.29,32643,17.07,606, 19731, 60.44,0.19
BIOFILCHEM, EQ, 11-Dec-2024,64.59,64.89,65.98,64.11,65.0,64.68,64.98,23884,15.52,436, 10782, 45.14,0.14
BIOFILCHEM, EQ, 12-Jan-2022,97.9,103.4,107.0,88.15,88.15,88.15,95.55,1462801,1397.67,22826, 688714, 47.08,-9.96
BIOFILCHEM, EQ, 12-Jan-2023,54.45,53.65,55.9,53.4, 53.85,54.0,54.72,23946,13.1,436, 11587, 48.39,-0.83
BIOFILCHEM, EQ, 12-Jan-2024,59.0,60.0,60.0,58.2,58.6,58.35,58.6,44183,25.89,485, 29646, 67.10,-1.1
BIOFILCHEM, EQ, 12-Feb-2021,72.4,68.8,75.9,68.8,68.8,71.45,70.83,176349,124.92,3558, 114270, 64.80,-1.31
BIOFILCHEM, EQ, 12-Feb-2024,67.85,67.35,68.5,62.5, 62.70,63.55,64.97,74931,48.68,1145, 43078, 57.49,-6.34
BIOFILCHEM, EQ, 12-Feb-2025,51.17,52.17,52.43,49.54,51.85,51.89,51.22,28777,14.74,493, 18728, 65.08,1.41
BIOFILCHEM, EQ, 12-Mar-2020,8.05,8.0,8.0,7.65, 7.85,7.85,7.8,982,0.08,25, 592, 60.29,-2.48
BIOFILCHEM, EQ, 12-Mar-2024,66.95,67.25,68.8,61.9, 62.55,62.7,64.0,101898,65.21,1292, 58945, 57.85,-6.35
BIOFILCHEM, EQ, 12-Mar-2025,45.73,45.65,46.97,44.0,44.7,44.21,45.05,18184,8.19,454, 8587, 47.22,-3.32
BIOFILCHEM, EQ, 12-Apr-2022,65.5,66.35,66.35,58.95, 63.40,63.45,62.48,75421,47.13,1378, 43148, 57.21,-3.13
BIOFILCHEM, EQ, 12-Apr-2023,44.55,44.8,45.9,43.3, 44.70,44.65,44.53,14202,6.32,231, 9196, 64.75,0.22
BIOFILCHEM, EQ, 12-Apr-2024,67.25,67.05,69.95,66.55, 66.65,67.7,67.88,41802,28.38,686, 23459, 56.12,0.67
BIOFILCHEM, EQ, 12-May-2020,11.65,11.8,11.8,11.15, 11.45,11.2,11.36,4877,0.55,100, 4168, 85.46,-3.86
BIOFILCHEM, EQ, 12-May-2021,75.2,74.6,74.9,72.65,73.0,73.05,73.4,56253,41.29,1553, 36987, 65.75,-2.86
BIOFILCHEM, EQ, 12-May-2022,57.25,60.0,60.0,54.15,57.65,55.55,55.49,29049,16.12,826, 12056, 41.50,-2.97
BIOFILCHEM, EQ, 12-May-2023,44.25,44.2,45.65,44.0, 44.60,44.6,44.81,10428,4.67,229, 5056, 48.48,0.79
BIOFILCHEM, EQ, 12-Jun-2023,44.5,44.5,45.2,43.5, 44.70,44.7,44.13,28888,12.75,442, 21111, 73.08,0.45
BIOFILCHEM, EQ, 12-Jun-2024,63.68,63.68,63.68,61.1,61.9,61.7,62.06,88355,54.83,1178, 60276, 68.22,-3.11
BIOFILCHEM, EQ, 12-Jul-2021,66.9,66.5,67.5,65.5, 65.85,66.0,66.38,47421,31.48,870, 33730, 71.13,-1.35
BIOFILCHEM, EQ, 12-Jul-2022,56.55,55.7,58.4,55.25,56.15,56.25,57.04,36581,20.87,764, 14026, 38.34,-0.53
BIOFILCHEM, EQ, 12-Jul-2023,45.1,45.2,45.8,44.75, 44.75,44.85,45.16,26596,12.01,323, 18439, 69.33,-0.55
BIOFILCHEM, EQ, 12-Jul-2024,66.05,67.5,68.9,65.1,65.43,65.58,67.01,61103,40.94,1116, 29442, 48.18,-0.71
BIOFILCHEM, EQ, 12-Aug-2021,67.0,67.0,68.45,66.2, 67.00,67.1,67.68,19664,13.31,530, 13518, 68.74,0.15
BIOFILCHEM, EQ, 12-Aug-2022,52.05,52.3,52.95,51.15,52.75,52.65,52.18,15553,8.12,322, 9410, 60.50,1.15
BIOFILCHEM, EQ, 12-Aug-2024,64.92,63.6,65.25,62.91,63.53,64.15,64.18,37499,24.07,1021, 16673, 44.46,-1.19
BIOFILCHEM, EQ, 12-Sep-2022,52.8,53.85,53.85,51.05, 52.25,52.4,52.8,14630,7.72,306, 9250, 63.23,-0.76
BIOFILCHEM, EQ, 12-Sep-2023,50.35,50.35,51.5,47.3, 47.60,47.6,48.99,56053,27.46,1062, 32932, 58.75,-5.46
BIOFILCHEM, EQ, 12-Sep-2024,65.24,65.25,66.62,65.25,66.2,66.21,66.05,39284,25.95,503, 23624, 60.14,1.49
BIOFILCHEM, EQ, 12-Oct-2021,71.4,72.95,72.95,67.95, 69.10,69.0,69.63,70952,49.4,1617, 43141, 60.80,-3.36
BIOFILCHEM, EQ, 12-Oct-2022,49.15,51.8,51.8,48.5, 49.00,49.0,49.64,15699,7.79,406, 6357, 40.49,-0.31
BIOFILCHEM, EQ, 12-Oct-2023,50.85,50.25,51.5,50.25, 50.75,50.85,50.95,23471,11.96,499, 12143, 51.74,0.0
BIOFILCHEM, EQ, 12-Nov-2021,62.25,62.25,62.8,61.15, 62.10,61.65,62.03,19378,12.02,515, 13954, 72.01,-0.96
BIOFILCHEM, EQ, 12-Nov-2024,64.5,64.8,65.66,59.98,61.49,61.58,62.27,46709,29.09,654, 27848, 59.62,-4.53
BIOFILCHEM, EQ, 12-Dec-2022,54.85,55.1,55.5,53.55, 55.15,54.6,54.54,19095,10.41,449, 9318, 48.80,-0.46
BIOFILCHEM, EQ, 12-Dec-2023,51.75,53.2,53.2,50.75, 50.95,51.4,51.74,36025,18.64,548, 24628, 68.36,-0.68
BIOFILCHEM, EQ, 12-Dec-2024,64.68,64.55,66.24,62.3,63.29,63.33,64.22,33361,21.43,658, 17407, 52.18,-2.09
BIOFILCHEM, EQ, 13-Jan-2022,88.15,86.0,91.8,83.0, 87.50,88.0,88.11,533850,470.37,17859, 198635, 37.21,-0.17
BIOFILCHEM, EQ, 13-Jan-2023,54.0,54.25,56.45,53.8,55.05,55.15,55.2,51216,28.27,906, 18012, 35.17,2.13
BIOFILCHEM, EQ, 13-Jan-2025,56.64,56.64,56.65,53.66,53.76,53.83,54.6,41429,22.62,802, 31095, 75.06,-4.96
BIOFILCHEM, EQ, 13-Feb-2023,48.3,48.3,48.8,47.6,48.2,48.3,48.31,7324,3.54,287, 4567, 62.36,0.0
BIOFILCHEM, EQ, 13-Feb-2024,63.55,63.55,63.6,60.5, 62.25,62.2,61.83,54075,33.43,797, 30424, 56.26,-2.12
BIOFILCHEM, EQ, 13-Feb-2025,51.89,51.0,54.59,50.04,54.0,52.84,53.02,20027,10.62,426, 4626, 23.10,1.83
BIOFILCHEM, EQ, 13-Mar-2020,7.85,7.5,8.2,7.5, 8.00,7.7,7.62,13125,1.0,53, 10443, 79.57,-1.91
BIOFILCHEM, EQ, 13-Mar-2023,44.3,45.15,45.15,43.65, 43.75,44.0,44.25,14923,6.6,343, 9986, 66.92,-0.68
BIOFILCHEM, EQ, 13-Mar-2024,62.7,64.0,64.85,55.55, 56.40,56.3,58.05,127905,74.25,1550, 82418, 64.44,-10.21
BIOFILCHEM, EQ, 13-Mar-2025,44.21,44.52,46.69,42.95,43.16,43.17,43.82,25541,11.19,832, 13084, 51.23,-2.35
BIOFILCHEM, EQ, 13-Apr-2020,9.05,9.5,9.5,9.5, 9.50,9.5,9.5,4860,0.46,44,4762,97.98,4.97
BIOFILCHEM, EQ, 13-Apr-2022,63.45,65.7,65.7,62.8,64.0,64.1,63.77,19152,12.21,457, 11700, 61.09,1.02
BIOFILCHEM, EQ, 13-Apr-2023,44.65,45.9,45.9,43.8, 44.70,44.55,44.69,15745,7.04,373, 12547, 79.69,-0.22
BIOFILCHEM, EQ, 13-May-2020,11.2,11.75,11.75,11.25,11.75,11.75,11.72,9730,1.14,59, 9730, 100.00,4.91
BIOFILCHEM, EQ, 13-May-2022,55.55,55.55,59.3,55.55,59.3,58.9,58.19,19332,11.25,481, 10877, 56.26,6.03
BIOFILCHEM, EQ, 13-May-2024,67.95,66.6,68.55,65.7,66.8,66.75,66.87,31596,21.13,466, 20264, 64.13,-1.77
BIOFILCHEM, EQ, 13-Jun-2022,55.3,55.0,55.0,54.0,54.55,54.25,54.22,11970,6.49,351, 8887, 74.24,-1.9
BIOFILCHEM, EQ, 13-Jun-2023,44.7,45.05,45.2,44.35, 44.90,44.5,44.61,12436,5.55,264, 8512, 68.45,-0.45
BIOFILCHEM, EQ, 13-Jun-2024,61.7,62.01,62.91,62.0,62.3,62.42,62.3,22198,13.83,437, 12277, 55.31,1.17
BIOFILCHEM, EQ, 13-Jul-2021,66.0,66.65,72.6,66.0, 72.60,72.6,71.31,159340,113.62,1468, 137729, 86.44,10.0
BIOFILCHEM, EQ, 13-Jul-2022,56.25,55.65,57.95,55.5,55.55,55.7,56.45,30149,17.02,574, 11845, 39.29,-0.98
BIOFILCHEM, EQ, 13-Jul-2023,44.85,45.45,45.45,44.3, 44.40,44.45,44.76,7968,3.57,221, 5864, 73.59,-0.89
BIOFILCHEM, EQ, 13-Aug-2021,67.1,68.7,68.85,67.0,67.4,67.65,68.04,29944,20.37,724, 17135, 57.22,0.82
BIOFILCHEM, EQ, 13-Aug-2024,64.15,65.08,65.7,63.06,63.48,63.31,64.23,40124,25.77,1968, 14368, 35.81,-1.31
BIOFILCHEM, EQ, 13-Sep-2021,63.35,64.0,64.0,63.0, 63.30,63.2,63.16,18846,11.9,382, 13909, 73.80,-0.24
BIOFILCHEM, EQ, 13-Sep-2022,52.4,53.5,53.5,52.3, 52.75,52.85,52.68,15823,8.34,222, 9962, 62.96,0.86
BIOFILCHEM, EQ, 13-Sep-2023,47.6,48.5,48.9,46.0, 48.00,48.0,47.7,38850,18.53,937, 17626, 45.37,0.84
BIOFILCHEM, EQ, 13-Sep-2024,66.21,66.21,79.45,66.16,76.39,77.08,76.45,3853142,2945.79,26795, 1003261, 26.04,16.42
BIOFILCHEM, EQ, 13-Oct-2021,69.0,69.05,71.0,66.75,68.8,68.15,68.48,55037,37.69,1264, 32612, 59.25,-1.23
BIOFILCHEM, EQ, 13-Oct-2022,49.0,49.1,49.1,48.05,48.4,48.35,48.45,10930,5.3,252, 6189, 56.62,-1.33
BIOFILCHEM, EQ, 13-Oct-2023,50.85,50.45,51.35,50.15, 50.60,50.65,50.88,22820,11.61,414, 15520, 68.01,-0.39
BIOFILCHEM, EQ, 13-Nov-2023,49.05,48.8,49.35,48.4, 48.40,48.6,48.82,12906,6.3,318, 9225, 71.48,-0.92
BIOFILCHEM, EQ, 13-Nov-2024,61.58,61.6,66.5,61.25,63.23,62.0,62.93,51212,32.23,967, 22448, 43.83,0.68
BIOFILCHEM, EQ, 13-Dec-2021,61.0,61.0,61.45,60.0,60.65,60.35,60.49,28959,17.52,648, 16328, 56.38,-1.07
BIOFILCHEM, EQ, 13-Dec-2022,54.6,55.1,55.35,54.0, 54.70,54.15,54.43,16830,9.16,435, 10561, 62.75,-0.82
BIOFILCHEM, EQ, 13-Dec-2023,51.4,52.4,55.8,51.05, 53.80,54.2,54.48,243812,132.83,2342, 131003, 53.73,5.45
BIOFILCHEM, EQ, 13-Dec-2024,63.33,63.33,64.3,62.6,64.3,63.78,63.42,28929,18.35,573, 14592, 50.44,0.71
BIOFILCHEM, EQ, 14-Jan-2022,88.0,91.0,91.0,87.3, 88.50,88.9,89.36,133203,119.03,2760, 76614, 57.52,1.02
BIOFILCHEM, EQ, 14-Jan-2025,53.83,53.8,55.16,53.04,53.85,53.72,54.01,29115,15.73,710, 15599, 53.58,-0.2
BIOFILCHEM, EQ, 14-Feb-2022,70.3,66.8,69.55,66.0,66.3,66.45,67.41,31742,21.4,773, 21056, 66.33,-5.48
BIOFILCHEM, EQ, 14-Feb-2023,48.3,48.2,48.95,47.4,47.45,47.5,47.89,7764,3.72,230, 4926, 63.45,-1.66
BIOFILCHEM, EQ, 14-Feb-2024,62.2,60.35,70.0,60.35, 70.00,68.35,66.54,123946,82.47,1222, 69480, 56.06,9.89
BIOFILCHEM, EQ, 14-Feb-2025,52.84,53.17,55.0,50.0,50.02,50.97,51.96,23201,12.06,664, 10781, 46.47,-3.54
BIOFILCHEM, EQ, 14-Mar-2022,66.05,66.95,67.3,64.5,64.6,64.65,65.16,16416,10.7,447, 8103, 49.36,-2.12
BIOFILCHEM, EQ, 14-Mar-2023,44.0,44.0,44.8,42.0, 42.05,42.3,42.85,18343,7.86,579, 13748, 74.95,-3.86
BIOFILCHEM, EQ, 14-Mar-2024,56.3,55.05,61.9,54.4, 60.85,60.6,58.5,94016,55.0,1063, 39760, 42.29,7.64
BIOFILCHEM, EQ, 14-May-2020,11.75,12.3,12.3,11.75,12.3,12.3,12.24,22015,2.69,212, 20379, 92.57,4.68
BIOFILCHEM, EQ, 14-May-2021,73.05,74.0,75.0,72.45, 73.25,73.2,73.33,34136,25.03,976, 21699, 63.57,0.21
BIOFILCHEM, EQ, 14-May-2024,66.75,68.0,68.5,66.2,68.35,67.35,67.14,25144,16.88,340, 16891, 67.18,0.9
BIOFILCHEM, EQ, 14-Jun-2021,71.5,73.45,73.45,65.0, 70.80,70.65,70.43,62936,44.32,1084, 42252, 67.13,-1.19
BIOFILCHEM, EQ, 14-Jun-2022,54.25,55.0,55.0,53.1, 53.50,53.55,53.87,7703,4.15,248, 6122, 79.48,-1.29
BIOFILCHEM, EQ, 14-Jun-2023,44.5,44.0,45.15,43.7, 44.00,44.35,44.62,15856,7.08,325, 10305, 64.99,-0.34
BIOFILCHEM, EQ, 14-Jun-2024,62.42,62.99,62.99,60.41,61.49,61.09,61.67,44242,27.29,860, 33023, 74.64,-2.13
BIOFILCHEM, EQ, 14-Jul-2021,72.6,75.45,79.85,74.0, 79.85,79.85,78.13,865276,676.06,7458, 456069, 52.71,9.99
BIOFILCHEM, EQ, 14-Jul-2022,55.7,57.6,57.8,54.7, 55.65,55.2,56.07,21483,12.05,439, 11800, 54.93,-0.9
BIOFILCHEM, EQ, 14-Jul-2023,44.45,44.8,45.0,44.2,44.55,44.55,44.59,13090,5.84,274, 7634, 58.32,0.22
BIOFILCHEM, EQ, 14-Aug-2023,46.25,46.0,46.7,46.0, 46.00,46.0,46.11,18093,8.34,226, 11403, 63.02,-0.54
BIOFILCHEM, EQ, 14-Aug-2024,63.31,63.3,64.78,60.12,62.4,62.38,62.12,41268,25.64,1011, 20694, 50.15,-1.47
BIOFILCHEM, EQ, 14-Sep-2021,63.2,63.85,63.85,62.85, 63.35,63.15,63.33,15797,10.0,379, 10627, 67.27,-0.08
BIOFILCHEM, EQ, 14-Sep-2022,52.85,53.9,54.9,51.15,52.5,52.5,53.15,31880,16.94,386, 17252, 54.12,-0.66
BIOFILCHEM, EQ, 14-Sep-2023,48.0,48.0,49.0,48.0, 48.90,48.6,48.63,14328,6.97,343, 8825, 61.59,1.25
BIOFILCHEM, EQ, 14-Oct-2021,68.15,68.15,69.4,66.7,67.2,67.0,67.34,46377,31.23,1144, 34309, 73.98,-1.69
BIOFILCHEM, EQ, 14-Oct-2022,48.35,48.5,50.25,48.05, 48.05,48.1,48.51,16163,7.84,319, 8655, 53.55,-0.52
BIOFILCHEM, EQ, 14-Oct-2024,75.08,75.97,76.5,70.55,71.39,72.11,73.17,58764,42.99,854, 37961, 64.60,-3.96
BIOFILCHEM, EQ, 14-Nov-2022,52.65,53.0,55.9,52.7,54.0,53.85,54.16,23411,12.68,483, 14615, 62.43,2.28
BIOFILCHEM, EQ, 14-Nov-2024,62.0,60.11,63.99,60.11, 62.95,62.57,62.37,25339,15.8,618, 14134, 55.78,0.92
BIOFILCHEM, EQ, 14-Dec-2021,60.35,60.5,63.85,59.4,62.0,61.95,62.02,66531,41.26,935, 38415, 57.74,2.65
BIOFILCHEM, EQ, 14-Dec-2022,54.15,54.2,54.65,52.95, 52.95,53.15,53.43,32204,17.21,844, 14499, 45.02,-1.85
BIOFILCHEM, EQ, 14-Dec-2023,54.2,54.6,55.15,53.5, 53.50,53.65,54.24,49407,26.8,780, 36600, 74.08,-1.01
BIOFILCHEM, EQ, 15-Jan-2024,58.35,58.35,60.0,57.15, 57.50,57.4,57.86,44942,26.0,744, 28829, 64.15,-1.63
BIOFILCHEM, EQ, 15-Jan-2025,53.72,54.5,55.3,53.9,54.79,54.53,54.47,13632,7.43,472, 8482, 62.22,1.51
BIOFILCHEM, EQ, 15-Feb-2021,71.45,67.9,68.7,67.9, 67.90,67.9,67.91,48315,32.81,1021, 39935, 82.66,-4.97
BIOFILCHEM, EQ, 15-Feb-2022,66.45,62.0,67.8,62.0,66.0,66.0,64.91,48718,31.62,1331, 25486, 52.31,-0.68
BIOFILCHEM, EQ, 15-Feb-2023,47.5,47.7,48.9,46.95, 48.40,48.35,47.83,9072,4.34,389, 4877, 53.76,1.79
BIOFILCHEM, EQ, 15-Feb-2024,68.35,69.4,72.75,68.55, 68.55,69.55,70.7,80675,57.04,1032, 43475, 53.89,1.76
BIOFILCHEM, EQ, 15-Mar-2022,64.65,65.0,65.8,61.5,62.25,63.2,63.66,27475,17.49,689, 14429, 52.52,-2.24
BIOFILCHEM, EQ, 15-Mar-2023,42.3,42.95,44.2,42.45, 43.20,42.65,43.05,7710,3.32,310, 3789, 49.14,0.83
BIOFILCHEM, EQ, 15-Mar-2024,60.6,62.65,62.65,59.25, 61.00,60.55,60.97,47719,29.09,679, 19732, 41.35,-0.08
BIOFILCHEM, EQ, 15-Apr-2020,9.5,9.95,9.95,9.95, 9.95,9.95,9.95,9346,0.93,61, 9345, 99.99,4.74
BIOFILCHEM, EQ, 15-Apr-2024,67.7,65.0,67.5,62.5, 67.50,65.4,64.92,71229,46.24,733, 30668, 43.06,-3.4
BIOFILCHEM, EQ, 15-Apr-2025,43.14,43.68,45.0,43.68,44.98,44.9,44.44,19192,8.53,619, 11605, 60.47,4.08
BIOFILCHEM, EQ, 15-May-2020,12.3,12.9,12.9,12.6,12.9,12.9,12.85,28400,3.65,159, 23993, 84.48,4.88
BIOFILCHEM, EQ, 15-May-2023,44.6,46.0,46.0,43.2, 43.60,43.9,44.32,8964,3.97,232, 5114, 57.05,-1.57
BIOFILCHEM, EQ, 15-May-2024,67.35,68.6,68.9,67.15,67.3,67.85,68.14,31311,21.33,374, 22167, 70.80,0.74
BIOFILCHEM, EQ, 15-Jun-2021,70.65,70.65,72.0,70.05, 70.85,70.7,70.87,46500,32.95,834, 32166, 69.17,0.07
BIOFILCHEM, EQ, 15-Jun-2022,53.55,53.0,54.4,53.0, 53.00,53.15,53.84,7836,4.22,221, 4079, 52.05,-0.75
BIOFILCHEM, EQ, 15-Jun-2023,44.35,44.35,46.35,44.3, 45.40,45.05,45.15,35300,15.94,392, 22017, 62.37,1.58
BIOFILCHEM, EQ, 15-Jul-2021,79.85,84.4,87.8,82.45, 87.80,87.8,86.95,828387,720.32,5377, 304889, 36.81,9.96
BIOFILCHEM, EQ, 15-Jul-2022,55.2,56.45,56.45,53.1,53.55,54.05,54.6,25210,13.76,515, 14104, 55.95,-2.08
BIOFILCHEM, EQ, 15-Jul-2024,65.58,65.5,67.49,63.92,65.95,65.64,65.26,55473,36.2,933, 26842, 48.39,0.09
BIOFILCHEM, EQ, 15-Sep-2021,63.15,63.35,64.6,63.0, 63.50,63.45,63.57,25807,16.41,461, 18298, 70.90,0.48
BIOFILCHEM, EQ, 15-Sep-2022,52.5,52.45,53.0,51.8,52.0,52.05,52.27,25059,13.1,353, 16498, 65.84,-0.86
BIOFILCHEM, EQ, 15-Sep-2023,48.6,49.5,53.0,48.15, 51.80,51.95,51.59,201656,104.04,2443, 127550, 63.25,6.89
BIOFILCHEM, EQ, 15-Oct-2024,72.11,72.11,77.77,71.41,76.75,76.01,75.76,132443,100.34,1621, 58723, 44.34,5.41
BIOFILCHEM, EQ, 15-Nov-2021,61.65,62.85,62.85,60.9, 61.25,61.15,61.4,24876,15.27,524, 16421, 66.01,-0.81
BIOFILCHEM, EQ, 15-Nov-2022,53.85,53.0,53.7,51.35, 52.50,52.6,52.75,33792,17.82,542, 20861, 61.73,-2.32
BIOFILCHEM, EQ, 15-Nov-2023,48.6,49.4,49.6,49.0, 49.25,49.25,49.23,10089,4.97,326, 5371, 53.24,1.34
BIOFILCHEM, EQ, 15-Dec-2021,61.95,62.5,62.6,60.9, 61.05,61.4,61.53,14596,8.98,382, 9407, 64.45,-0.89
BIOFILCHEM, EQ, 15-Dec-2022,53.15,53.0,53.3,51.8, 53.20,53.0,52.63,26292,13.84,599, 10596, 40.30,-0.28
BIOFILCHEM, EQ, 15-Dec-2023,53.65,53.65,54.85,51.65, 52.75,52.35,53.22,67786,36.08,835, 42705, 63.00,-2.42
BIOFILCHEM, EQ, 16-Jan-2023,55.15,55.5,56.05,54.4, 54.65,54.55,55.14,14241,7.85,384, 6818, 47.88,-1.09
BIOFILCHEM, EQ, 16-Jan-2024,57.4,58.5,58.9,56.2, 57.50,57.0,57.56,65975,37.97,815, 34569, 52.40,-0.7
BIOFILCHEM, EQ, 16-Jan-2025,54.53,55.39,55.8,54.71,55.0,55.29,55.24,18052,9.97,489, 11011, 61.00,1.39
BIOFILCHEM, EQ, 16-Feb-2021,67.9,64.55,64.55,64.55, 64.55,64.55,64.55,24826,16.03,735, 24825, 100.00,-4.93
BIOFILCHEM, EQ, 16-Feb-2022,66.0,66.0,72.6,66.0,72.6,72.6,70.58,51363,36.25,1049, 33384, 65.00,10.0
BIOFILCHEM, EQ, 16-Feb-2023,48.35,48.25,48.85,47.55, 48.70,48.0,48.31,10789,5.21,275, 7450, 69.05,-0.72
BIOFILCHEM, EQ, 16-Feb-2024,69.55,70.05,70.1,67.9,69.55,69.15,68.89,43156,29.73,766, 31029, 71.90,-0.58
BIOFILCHEM, EQ, 16-Mar-2020,7.7,8.05,8.05,7.35, 8.00,7.95,7.78,8189,0.64,68, 4678, 57.13,3.25
BIOFILCHEM, EQ, 16-Mar-2022,63.2,64.95,65.55,62.25,62.65,62.95,63.47,20685,13.13,436, 12505, 60.45,-0.4
BIOFILCHEM, EQ, 16-Mar-2023,42.65,42.8,43.05,39.95, 42.80,41.8,41.87,28484,11.93,807, 14641, 51.40,-1.99
BIOFILCHEM, EQ, 16-Apr-2020,9.95,10.4,10.4,10.4, 10.40,10.4,10.4,2780,0.29,18, 2780, 100.00,4.52
BIOFILCHEM, EQ, 16-Apr-2024,65.4,64.25,71.0,64.25, 68.80,68.7,69.31,118690,82.27,1196, 58700, 49.46,5.05
BIOFILCHEM, EQ, 16-Apr-2025,44.9,44.9,44.93,44.0,44.29,44.62,44.5,8263,3.68,310, 5061, 61.25,-0.62
BIOFILCHEM, EQ, 16-May-2022,58.9,59.95,61.9,58.65,59.9,59.55,59.67,11475,6.85,354, 5963, 51.97,1.1
BIOFILCHEM, EQ, 16-May-2023,43.9,44.4,44.45,43.5,43.9,43.85,43.85,5251,2.3,228, 3491, 66.48,-0.11
BIOFILCHEM, EQ, 16-May-2024,67.85,67.85,69.5,67.3,69.0,68.7,68.19,43362,29.57,405, 25158, 58.02,1.25
BIOFILCHEM, EQ, 16-Jun-2021,70.7,71.95,73.95,71.0, 72.60,72.6,72.73,146348,106.44,3164, 96397, 65.87,2.69
BIOFILCHEM, EQ, 16-Jun-2022,53.15,54.3,54.3,50.0, 50.50,51.0,51.49,19154,9.86,536, 11219, 58.57,-4.05
BIOFILCHEM, EQ, 16-Jun-2023,45.05,45.65,46.45,44.7, 45.00,45.0,45.53,26602,12.11,366, 19540, 73.45,-0.11
BIOFILCHEM, EQ, 16-Jul-2021,87.8,92.15,92.15,83.45, 83.45,83.45,87.76,619681,543.84,5989, 284214, 45.86,-4.95
BIOFILCHEM, EQ, 16-Jul-2024,65.64,67.49,67.49,64.71,65.11,64.98,65.59,22104,14.5,530, 11143, 50.41,-1.01
BIOFILCHEM, EQ, 16-Aug-2021,67.65,69.45,69.45,66.5,66.55,66.65,67.24,19213,12.92,625, 13175, 68.57,-1.48
BIOFILCHEM, EQ, 16-Aug-2022,52.65,53.0,53.25,51.8,53.25,52.25,52.21,12325,6.44,282, 6787, 55.07,-0.76
BIOFILCHEM, EQ, 16-Aug-2023,46.0,46.2,48.0,45.4, 45.85,45.75,46.46,52651,24.46,751, 11876, 22.56,-0.54
BIOFILCHEM, EQ, 16-Aug-2024,62.38,63.97,63.97,62.01,63.19,62.97,62.7,26218,16.44,619, 10716, 40.87,0.95
BIOFILCHEM, EQ, 16-Sep-2021,63.45,64.0,64.95,63.05,63.6,63.5,63.58,30993,19.7,564, 21182, 68.34,0.08
BIOFILCHEM, EQ, 16-Sep-2022,52.05,52.7,53.0,51.7, 52.10,52.1,52.35,16997,8.9,260, 12192, 71.73,0.1
BIOFILCHEM, EQ, 16-Sep-2024,77.08,78.45,91.87,78.0,88.52,88.54,87.05,3444622,2998.68,27406, 713820, 20.72,14.87
BIOFILCHEM, EQ, 16-Oct-2023,50.65,51.15,51.4,50.25, 50.50,50.5,50.88,26723,13.6,468, 13800, 51.64,-0.3
BIOFILCHEM, EQ, 16-Oct-2024,76.01,77.99,77.99,73.61,74.15,74.08,76.25,53889,41.09,1098, 27686, 51.38,-2.54
BIOFILCHEM, EQ, 16-Nov-2021,61.15,61.25,62.35,60.6, 61.10,60.95,61.31,30357,18.61,687, 19318, 63.64,-0.33
BIOFILCHEM, EQ, 16-Nov-2022,52.6,52.85,53.95,51.0, 51.00,51.45,52.1,35803,18.65,545, 20178, 56.36,-2.19
BIOFILCHEM, EQ, 16-Nov-2023,49.25,49.75,49.95,48.55, 49.00,49.05,49.17,23305,11.46,398, 15344, 65.84,-0.41
BIOFILCHEM, EQ, 16-Dec-2021,61.4,60.2,62.0,60.0, 61.45,60.85,60.75,21790,13.24,603, 12966, 59.50,-0.9
BIOFILCHEM, EQ, 16-Dec-2022,53.0,52.55,54.35,52.0, 54.30,54.0,53.33,23184,12.36,452, 14255, 61.49,1.89
BIOFILCHEM, EQ, 16-Dec-2024,63.78,64.0,65.5,63.41,65.5,65.17,64.76,25373,16.43,614, 12673, 49.95,2.18
BIOFILCHEM, EQ, 17-Jan-2022,88.9,88.5,89.8,84.5,86.25,86.5,86.04,174093,149.78,4105, 107896, 61.98,-2.7
BIOFILCHEM, EQ, 17-Jan-2023,54.55,54.7,55.05,53.5,53.8,53.95,54.02,22265,12.03,418, 15665, 70.36,-1.1
BIOFILCHEM, EQ, 17-Jan-2024,57.0,57.0,57.05,55.05, 55.40,55.5,56.06,40587,22.75,665, 26939, 66.37,-2.63
BIOFILCHEM, EQ, 17-Jan-2025,55.29,55.09,62.88,54.9,57.11,57.45,58.86,110324,64.94,1958, 26500, 24.02,3.91
BIOFILCHEM, EQ, 17-Feb-2021,64.55,61.35,61.35,61.35, 61.35,61.35,61.35,20279,12.44,650, 20278, 100.00,-4.96
BIOFILCHEM, EQ, 17-Feb-2022,72.6,73.95,75.9,67.0,68.4,68.25,70.98,60884,43.21,1522, 36069, 59.24,-5.99
BIOFILCHEM, EQ, 17-Feb-2023,48.0,47.05,48.75,47.05, 47.50,47.75,48.08,5417,2.6,251, 3251, 60.01,-0.52
BIOFILCHEM, EQ, 17-Feb-2025,50.97,52.75,53.0,49.0,49.33,49.34,49.98,11076,5.54,467, 5956, 53.77,-3.2
BIOFILCHEM, EQ, 17-Mar-2020,7.95,8.0,8.0,7.6, 7.80,7.8,7.71,10691,0.82,58, 7627, 71.34,-1.89
BIOFILCHEM, EQ, 17-Mar-2022,62.95,64.5,64.95,63.0, 63.75,63.55,63.74,15020,9.57,476, 10754, 71.60,0.95
BIOFILCHEM, EQ, 17-Mar-2023,41.8,42.4,43.55,40.25, 42.00,41.45,42.3,8484,3.59,338, 4779, 56.33,-0.84
BIOFILCHEM, EQ, 17-Mar-2025,43.17,43.25,44.49,40.4,44.3,43.31,42.67,45507,19.42,964, 20551, 45.16,0.32
BIOFILCHEM, EQ, 17-Apr-2020,10.4,10.9,10.9,10.9, 10.90,10.9,10.9,1801,0.2,9, 1801, 100.00,4.81
BIOFILCHEM, EQ, 17-Apr-2023,44.55,44.55,45.0,44.0, 44.00,44.05,44.28,5858,2.59,133, 4504, 76.89,-1.12
BIOFILCHEM, EQ, 17-Apr-2025,44.62,44.63,48.12,44.02,46.91,46.86,46.62,54386,25.35,1447, 33020, 60.71,5.02
BIOFILCHEM, EQ, 17-May-2021,73.2,74.0,75.8,71.45,72.5,72.35,72.58,41829,30.36,1145, 27246, 65.14,-1.16
BIOFILCHEM, EQ, 17-May-2022,59.55,60.65,60.65,57.0, 59.00,58.3,59.01,14069,8.3,467, 8213, 58.38,-2.1
BIOFILCHEM, EQ, 17-May-2023,43.85,44.05,44.55,43.2, 44.00,43.6,43.75,9729,4.26,223, 5376, 55.26,-0.57
BIOFILCHEM, EQ, 17-May-2024,68.7,68.7,69.5,67.0,69.5,69.45,69.0,52807,36.44,654, 36994, 70.06,1.09
BIOFILCHEM, EQ, 17-Jun-2021,72.6,73.4,73.4,71.4, 71.60,71.8,72.23,40295,29.11,872, 21573, 53.54,-1.1
BIOFILCHEM, EQ, 17-Jun-2022,51.0,50.0,50.1,43.9,44.8,44.95,45.04,126341,56.9,1685, 54744, 43.33,-11.86
BIOFILCHEM, EQ, 17-Jul-2023,44.55,44.55,44.85,44.35,44.4,44.45,44.53,10358,4.61,196, 9281, 89.60,-0.22
BIOFILCHEM, EQ, 16-Jul-2024,65.64,67.49,67.49,64.71,65.11,64.98,65.59,22104,14.5,530, 11143, 50.41,-1.01
BIOFILCHEM, EQ, 17-Aug-2021,66.65,68.45,68.45,64.0,64.7,64.4,64.91,44327,28.77,848, 31661, 71.43,-3.38
BIOFILCHEM, EQ, 17-Aug-2022,52.25,51.7,52.25,51.7, 51.95,51.8,51.87,17276,8.96,254, 13590, 78.66,-0.86
BIOFILCHEM, EQ, 17-Aug-2023,45.75,46.2,46.3,45.0, 45.40,45.3,45.51,20409,9.29,306, 12125, 59.41,-0.98
BIOFILCHEM, EQ, 17-Sep-2021,63.5,64.75,64.75,63.0, 63.35,63.15,63.56,35106,22.31,549, 28019, 79.81,-0.55
BIOFILCHEM, EQ, 17-Sep-2024,88.54,87.99,87.99,80.1,80.53,80.87,82.01,786180,644.75,9433, 337703, 42.95,-8.66
BIOFILCHEM, EQ, 17-Oct-2022,48.1,51.0,51.0,47.7,47.9,48.25,48.49,10363,5.03,263, 5964, 57.55,0.31
BIOFILCHEM, EQ, 17-Oct-2023,50.5,50.55,51.4,50.2,50.3,50.35,50.62,21601,10.93,414, 13731, 63.57,-0.3
BIOFILCHEM, EQ, 17-Oct-2024,74.08,74.79,75.5,72.1,72.1,72.56,73.66,42631,31.4,1291, 25548, 59.93,-2.05
BIOFILCHEM, EQ, 17-Nov-2021,60.95,60.1,61.9,60.1, 61.15,61.05,61.0,13428,8.19,331, 9233, 68.76,0.16
BIOFILCHEM, EQ, 17-Nov-2022,51.45,51.45,52.85,46.85, 49.00,49.5,49.46,46928,23.21,915, 23205, 49.45,-3.79
BIOFILCHEM, EQ, 17-Nov-2023,49.05,49.9,49.9,48.75, 48.90,48.85,48.87,13862,6.77,242, 10761, 77.63,-0.41
BIOFILCHEM, EQ, 17-Dec-2021,60.85,59.5,61.0,59.05, 60.90,60.2,59.86,26606,15.93,565, 16683, 62.70,-1.07
BIOFILCHEM, EQ, 17-Dec-2024,65.17,65.48,67.69,64.52,65.5,65.36,66.03,64931,42.88,1147, 40240, 61.97,0.29
BIOFILCHEM, EQ, 18-Jan-2022,86.5,86.15,86.5,78.55, 80.00,80.1,82.36,156245,128.68,4319, 101044, 64.67,-7.4
BIOFILCHEM, EQ, 18-Jan-2023,53.95,53.3,55.9,53.3,54.6,54.9,54.85,24583,13.48,521, 13146, 53.48,1.76
BIOFILCHEM, EQ, 18-Jan-2024,55.5,55.95,57.3,53.75, 55.10,54.85,55.0,36249,19.94,570, 20222, 55.79,-1.17
BIOFILCHEM, EQ, 18-Feb-2021,61.35,58.3,64.4,58.3,64.4,64.4,63.2,349140,220.67,3453, 207160, 59.33,4.97
BIOFILCHEM, EQ, 18-Feb-2022,68.25,68.25,68.25,66.1,66.1,66.95,67.53,17740,11.98,650, 9946, 56.07,-1.9
BIOFILCHEM, EQ, 18-Feb-2025,49.34,49.34,50.78,46.5,47.85,47.84,48.63,22226,10.81,606, 15424, 69.40,-3.04
BIOFILCHEM, EQ, 18-Mar-2020,7.8,7.8,8.1,7.45, 7.55,7.55,7.64,14475,1.11,50, 8893, 61.44,-3.21
BIOFILCHEM, EQ, 18-Mar-2024,60.55,59.5,62.55,58.0, 60.50,59.2,61.12,38660,23.63,703, 16452, 42.56,-2.23
BIOFILCHEM, EQ, 18-Mar-2025,43.31,43.4,44.69,43.15,44.0,43.66,43.89,9339,4.1,363, 5832, 62.45,0.81
BIOFILCHEM, EQ, 18-Apr-2022,64.1,65.0,65.45,62.9, 63.80,64.6,64.14,23575,15.12,605, 11472, 48.66,0.78
BIOFILCHEM, EQ, 18-Apr-2023,44.05,44.5,44.75,43.6, 44.10,44.0,44.04,7344,3.23,174, 4110, 55.96,-0.11
BIOFILCHEM, EQ, 18-Apr-2024,68.7,70.2,70.5,67.35, 68.20,68.65,69.4,66268,45.99,797, 39010, 58.87,-0.07
BIOFILCHEM, EQ, 18-May-2020,12.9,13.5,13.5,12.9, 13.50,13.5,13.42,28797,3.86,226, 22869, 79.41,4.65
BIOFILCHEM, EQ, 18-May-2021,72.35,71.85,73.1,70.0, 71.80,71.6,71.43,42991,30.71,942, 28787, 66.96,-1.04
BIOFILCHEM, EQ, 18-May-2022,58.3,59.35,60.6,57.5,59.45,58.65,59.28,12276,7.28,419, 6336, 51.61,0.6
BIOFILCHEM, EQ, 18-May-2023,43.6,44.0,44.0,43.4, 43.50,43.6,43.63,3851,1.68,122, 2658, 69.02,0.0
BIOFILCHEM, EQ, 18-Jun-2021,71.8,72.95,72.95,67.1, 71.70,70.15,69.52,58854,40.92,1225, 30238, 51.38,-2.3
BIOFILCHEM, EQ, 18-Jun-2024,61.09,62.6,62.6,60.05,61.8,61.01,61.03,50946,31.09,875, 31265, 61.37,-0.13
BIOFILCHEM, EQ, 18-Jul-2022,54.05,56.0,56.0,52.6,52.9,52.9,53.38,33071,17.65,547, 25620, 77.47,-2.13
BIOFILCHEM, EQ, 18-Jul-2023,44.45,44.35,45.05,44.35, 44.55,44.75,44.81,11972,5.36,189, 9608, 80.25,0.67
BIOFILCHEM, EQ, 18-Jul-2024,64.98,64.98,65.98,63.15,63.8,64.0,64.54,27138,17.51,607, 20149, 74.25,-1.51
BIOFILCHEM, EQ, 18-Aug-2021,64.4,64.4,65.25,62.25, 63.80,63.3,63.39,40561,25.71,665, 29269, 72.16,-1.71
BIOFILCHEM, EQ, 18-Aug-2022,51.8,51.5,52.75,51.1,51.15,51.4,51.54,29721,15.32,684, 18628, 62.68,-0.77
BIOFILCHEM, EQ, 18-Aug-2023,45.3,45.45,46.0,44.9, 45.80,45.65,45.39,21021,9.54,383, 14559, 69.26,0.77
BIOFILCHEM, EQ, 18-Sep-2023,51.95,52.55,53.5,50.6, 51.00,50.95,51.92,115244,59.83,1837, 31902, 27.68,-1.92
BIOFILCHEM, EQ, 18-Sep-2024,80.87,80.89,87.8,80.71,83.5,83.73,84.78,777845,659.44,7246, 295690, 38.01,3.54
BIOFILCHEM, EQ, 18-Oct-2021,67.0,65.25,66.95,65.0, 66.65,66.1,66.05,33427,22.08,749, 24502, 73.30,-1.34
BIOFILCHEM, EQ, 18-Oct-2022,48.25,48.5,49.85,47.55,48.4,47.9,48.49,17829,8.65,355, 10700, 60.01,-0.73
BIOFILCHEM, EQ, 18-Oct-2023,50.35,50.9,50.9,49.0, 50.30,50.15,49.77,49523,24.65,591, 32601, 65.83,-0.4
BIOFILCHEM, EQ, 18-Oct-2024,72.56,72.11,72.55,70.48,70.55,70.74,71.14,61309,43.61,947, 33407, 54.49,-2.51
BIOFILCHEM, EQ, 18-Nov-2021,61.05,61.4,61.4,60.2,60.55,60.5,60.52,14649,8.87,413, 10659, 72.76,-0.9
BIOFILCHEM, EQ, 18-Nov-2022,49.5,49.95,59.4,48.95, 59.40,59.2,58.48,1300898,760.81,8894, 284553, 21.87,19.6
BIOFILCHEM, EQ, 18-Nov-2024,62.57,61.0,61.95,60.0,60.25,60.1,60.58,32872,19.91,786, 19581, 59.57,-3.95
BIOFILCHEM, EQ, 18-Dec-2023,52.35,53.5,53.6,52.6, 52.60,52.95,53.05,27871,14.79,440, 18077, 64.86,1.15
BIOFILCHEM, EQ, 18-Dec-2024,65.36,65.62,66.29,59.8,61.0,61.2,61.23,267263,163.63,3063, 144528, 54.08,-6.36
BIOFILCHEM, EQ, 19-Jan-2022,80.1,80.0,80.5,75.15, 78.70,78.0,78.19,116189,90.85,3446, 72898, 62.74,-2.62
BIOFILCHEM, EQ, 19-Jan-2023,54.9,54.2,55.7,54.2, 55.15,54.9,54.96,17512,9.62,502, 7805, 44.57,0.0
BIOFILCHEM, EQ, 19-Jan-2024,54.85,56.75,56.8,55.25, 56.75,56.3,55.96,31950,17.88,520, 19226, 60.18,2.64
BIOFILCHEM, EQ, 19-Feb-2021,64.4,67.6,67.6,67.6,67.6,67.6,67.6,21134,14.29,231, 21134, 100.00,4.97
BIOFILCHEM, EQ, 19-Feb-2024,69.15,70.7,72.5,68.05, 71.20,70.4,69.68,73055,50.91,702, 54510, 74.62,1.81
BIOFILCHEM, EQ, 19-Feb-2025,47.84,48.5,49.9,48.08,49.5,49.48,49.31,12384,6.11,208, 7520, 60.72,3.43
BIOFILCHEM, EQ, 19-Mar-2020,7.55,7.9,7.9,7.2, 7.20,7.2,7.39,4491,0.33,41, 2884, 64.22,-4.64
BIOFILCHEM, EQ, 19-Mar-2024,59.2,60.55,62.0,56.85, 58.90,58.65,58.9,55255,32.55,725, 26841, 48.58,-0.93
BIOFILCHEM, EQ, 19-Mar-2025,43.66,44.65,45.13,42.3,43.16,43.06,43.47,62166,27.02,1432, 43313, 69.67,-1.37
BIOFILCHEM, EQ, 19-Apr-2022,64.6,63.8,65.0,61.05,63.1,62.55,63.95,19648,12.57,652, 12138, 61.78,-3.17
BIOFILCHEM, EQ, 19-Apr-2023,44.0,44.05,48.5,43.6, 45.30,45.6,46.48,99622,46.3,1234, 33138, 33.26,3.64
BIOFILCHEM, EQ, 19-Apr-2024,68.65,67.0,68.65,65.65, 67.00,67.6,67.23,56102,37.72,586, 28182, 50.23,-1.53
BIOFILCHEM, EQ, 19-May-2020,13.5,14.0,14.15,14.0,14.15,14.15,14.11,13085,1.85,106, 11943, 91.27,4.81
BIOFILCHEM, EQ, 19-May-2021,71.6,70.6,72.9,70.0, 71.00,71.05,71.33,39667,28.3,1281, 30565, 77.05,-0.77
BIOFILCHEM, EQ, 19-May-2022,58.65,57.15,59.2,56.55,58.55,57.35,57.83,16737,9.68,536, 10657, 63.67,-2.22
BIOFILCHEM, EQ, 19-May-2023,43.6,43.65,44.0,43.3,44.0,43.95,43.79,5300,2.32,145, 3777, 71.26,0.8
BIOFILCHEM, EQ, 19-Jun-2023,45.0,45.0,45.5,44.1, 44.20,44.35,44.64,16007,7.14,345, 9948, 62.15,-1.44
BIOFILCHEM, EQ, 19-Jun-2024,61.01,62.0,62.0,60.3,60.31,60.99,61.06,24955,15.24,518, 13516, 54.16,-0.03
BIOFILCHEM, EQ, 19-Jul-2021,83.45,79.3,79.3,79.3, 79.30,79.3,79.3,31637,25.09,529, 31637, 100.00,-4.97
BIOFILCHEM, EQ, 19-Jul-2022,52.9,53.95,54.55,53.3, 54.00,54.15,53.98,18404,9.94,408, 9654, 52.46,2.36
BIOFILCHEM, EQ, 19-Jul-2023,44.75,44.25,45.2,44.25, 44.35,44.8,44.7,7920,3.54,233, 4703, 59.38,0.11
BIOFILCHEM, EQ, 19-Jul-2024,64.0,64.0,64.48,60.0,61.0,60.71,61.41,88636,54.43,1626, 51015, 57.56,-5.14
BIOFILCHEM, EQ, 18-Aug-2021,64.4,64.4,65.25,62.25, 63.80,63.3,63.39,40561,25.71,665, 29269, 72.16,-1.71
BIOFILCHEM, EQ, 19-Aug-2022,51.4,50.55,51.85,50.5, 51.00,51.0,51.03,10744,5.48,312, 6624, 61.65,-0.78
BIOFILCHEM, EQ, 19-Aug-2024,62.97,62.97,65.9,62.96,64.6,64.39,64.58,76887,49.65,1406, 36688, 47.72,2.26
BIOFILCHEM, EQ, 19-Sep-2022,52.1,51.15,52.75,51.15, 51.50,51.55,51.82,8283,4.29,195, 5345, 64.53,-1.06
BIOFILCHEM, EQ, 19-Sep-2024,83.73,84.99,85.0,75.41,77.3,77.68,79.39,311535,247.34,4211, 151991, 48.79,-7.23
BIOFILCHEM, EQ, 19-Oct-2021,66.1,66.65,69.55,65.4,66.25,66.4,67.21,72577,48.78,1208, 36512, 50.31,0.45
BIOFILCHEM, EQ, 19-Oct-2022,47.9,48.4,48.8,47.4, 47.50,48.0,48.07,9721,4.67,238, 5454, 56.11,0.21
BIOFILCHEM, EQ, 19-Oct-2023,50.15,49.5,50.25,49.1,50.0,49.9,49.77,18133,9.03,315, 11500, 63.42,-0.5
BIOFILCHEM, EQ, 19-Nov-2024,60.1,60.69,63.3,58.51,59.0,59.74,61.04,65406,39.92,1026, 36924, 56.45,-0.6
BIOFILCHEM, EQ, 19-Dec-2022,54.0,55.95,55.95,52.3,53.25,53.85,53.49,29754,15.92,666, 14131, 47.49,-0.28
BIOFILCHEM, EQ, 19-Dec-2023,52.95,52.05,63.5,52.05, 57.55,57.55,61.31,1971309,1208.66,5953, 456627, 23.16,8.69
BIOFILCHEM, EQ, 19-Dec-2024,61.2,60.0,62.44,59.71,61.05,61.4,61.52,21587,13.28,451, 11235, 52.05,0.33
BIOFILCHEM, EQ, 20-Jan-2022,78.0,79.2,85.8,79.2, 85.80,85.8,84.84,109876,93.22,1213, 85917, 78.19,10.0
BIOFILCHEM, EQ, 20-Jan-2023,54.9,54.4,55.75,53.3,54.8,54.3,54.91,22457,12.33,496, 14164, 63.07,-1.09
BIOFILCHEM, EQ, 20-Jan-2025,57.45,58.49,58.49,56.8,58.0,58.23,57.68,18852,10.87,483, 9288, 49.27,1.36
BIOFILCHEM, EQ, 20-Feb-2023,47.75,47.8,48.6,46.8, 46.90,47.1,47.28,14355,6.79,514, 10295, 71.72,-1.36
BIOFILCHEM, EQ, 20-Feb-2024,70.4,71.3,75.5,70.05, 73.65,74.05,73.28,479238,351.18,4236, 264777, 55.25,5.18
BIOFILCHEM, EQ, 20-Feb-2025,49.48,50.25,50.93,49.48,49.61,50.23,50.36,8766,4.41,221, 6517, 74.34,1.52
BIOFILCHEM, EQ, 20-Mar-2020,7.2,7.2,7.2,6.85, 7.10,7.1,7.01,6785,0.48,54, 4888, 72.04,-1.39
BIOFILCHEM, EQ, 20-Mar-2023,41.45,41.35,47.8,41.0,43.1,43.7,44.59,93509,41.7,1884, 42953, 45.93,5.43
BIOFILCHEM, EQ, 20-Mar-2024,58.65,60.65,60.65,58.3, 59.40,59.05,59.2,22085,13.07,275, 12485, 56.53,0.68
BIOFILCHEM, EQ, 20-Mar-2025,43.06,44.06,45.06,43.81,43.9,44.35,44.42,21824,9.69,489, 12488, 57.22,3.0
BIOFILCHEM, EQ, 20-Apr-2020,10.9,11.4,11.4,11.4, 11.40,11.4,11.4,3465,0.4,19, 3465, 100.00,4.59
BIOFILCHEM, EQ, 20-Apr-2022,62.55,61.9,64.8,61.6, 63.05,63.1,63.34,19245,12.19,546, 10841, 56.33,0.88
BIOFILCHEM, EQ, 20-Apr-2023,45.6,45.7,46.1,45.5, 45.50,45.55,45.67,15188,6.94,163, 9073, 59.74,-0.11
BIOFILCHEM, EQ, 20-May-2020,14.15,14.85,14.85,13.45, 14.85,14.85,14.41,103626,14.94,649, 68657, 66.25,4.95
BIOFILCHEM, EQ, 20-May-2021,71.05,74.0,74.0,70.8, 71.20,71.2,71.85,34886,25.07,831, 20963, 60.09,0.21
BIOFILCHEM, EQ, 20-May-2022,57.35,58.0,58.7,57.7, 57.95,58.15,58.16,10779,6.27,324, 5065, 46.99,1.39
BIOFILCHEM, EQ, 18-May-2024,69.45,70.0,72.4,68.5,69.4,69.4,69.42,29597,20.54,313, 25865, 87.39,-0.07
BIOFILCHEM, EQ, 20-Jun-2022,44.95,44.95,44.95,39.6,39.95,39.9,41.45,38823,16.09,1025, 21921, 56.46,-11.23
BIOFILCHEM, EQ, 20-Jun-2023,44.35,44.4,44.7,44.0, 44.55,44.35,44.29,15327,6.79,276, 11336, 73.96,0.0
BIOFILCHEM, EQ, 20-Jun-2024,60.99,61.6,70.15,61.03,67.4,67.66,65.87,300605,198.0,2298, 171553, 57.07,10.94
BIOFILCHEM, EQ, 20-Jul-2021,79.3,75.35,75.35,75.35, 75.35,75.35,75.35,22039,16.61,370, 22039, 100.00,-4.98
BIOFILCHEM, EQ, 20-Jul-2022,54.15,55.0,55.35,53.55, 54.65,54.15,54.54,21276,11.6,407, 12252, 57.59,0.0
BIOFILCHEM, EQ, 20-Jul-2023,44.8,45.45,47.5,44.5,46.3,46.9,46.63,172468,80.42,1371, 76636, 44.43,4.69
BIOFILCHEM, EQ, 20-Aug-2021,63.3,64.25,64.25,61.6,61.7,62.3,62.49,21131,13.21,604, 14536, 68.79,-1.58
BIOFILCHEM, EQ, 20-Aug-2024,64.39,65.9,65.9,64.27,64.35,64.46,64.57,19890,12.84,539, 13127, 66.00,0.11
BIOFILCHEM, EQ, 20-Sep-2021,63.15,60.05,63.75,60.05, 62.50,62.9,62.77,20192,12.67,429, 13791, 68.30,-0.4
BIOFILCHEM, EQ, 20-Sep-2022,51.55,51.75,52.3,51.1, 52.00,51.7,51.64,16995,8.78,333, 11696, 68.82,0.29
BIOFILCHEM, EQ, 20-Sep-2023,50.95,51.4,51.4,48.4, 49.60,49.7,49.86,45025,22.45,652, 29453, 65.41,-2.45
BIOFILCHEM, EQ, 20-Sep-2024,77.68,77.7,85.9,77.7,83.98,83.6,83.18,547457,455.4,7634, 209435, 38.26,7.62
BIOFILCHEM, EQ, 20-Oct-2021,66.4,66.4,67.65,62.85, 63.65,63.95,64.79,33396,21.64,889, 19540, 58.51,-3.69
BIOFILCHEM, EQ, 20-Oct-2022,48.0,48.7,49.0,47.1,48.15,47.7,48.17,13344,6.43,315, 8047, 60.30,-0.62
BIOFILCHEM, EQ, 20-Oct-2023,49.9,49.45,50.15,49.4, 49.50,49.6,49.67,25123,12.48,435, 16644, 66.25,-0.6
BIOFILCHEM, EQ, 20-Nov-2023,48.85,48.75,49.65,48.1, 48.20,48.2,48.56,14009,6.8,403, 10516, 75.07,-1.33
BIOFILCHEM, EQ, 19-Nov-2024,60.1,60.69,63.3,58.51,59.0,59.74,61.04,65406,39.92,1026, 36924, 56.45,-0.6
BIOFILCHEM, EQ, 20-Dec-2021,60.2,59.05,60.8,57.8,58.25,58.3,58.29,32469,18.93,764, 22099, 68.06,-3.16
BIOFILCHEM, EQ, 20-Dec-2022,53.85,53.85,54.45,51.6,52.55,52.15,52.2,48549,25.34,819, 26403, 54.38,-3.16
BIOFILCHEM, EQ, 20-Dec-2023,57.55,57.95,60.6,52.05, 53.00,53.4,57.22,400231,229.0,3522, 202515, 50.60,-7.21
BIOFILCHEM, EQ, 20-Dec-2024,61.4,61.5,61.89,59.1,59.1,59.24,60.04,36232,21.76,707, 27110, 74.82,-3.52
BIOFILCHEM, EQ, 21-Jan-2022,85.8,90.8,94.35,84.4, 88.80,88.05,90.67,666841,604.65,11851, 257779, 38.66,2.62
BIOFILCHEM, EQ, 21-Jan-2025,58.23,58.23,58.95,56.1,56.17,56.39,57.35,17353,9.95,579, 9943, 57.30,-3.16
BIOFILCHEM, EQ, 21-Feb-2022,66.95,65.15,67.65,64.45, 65.50,65.7,65.78,22211,14.61,846, 13214, 59.49,-1.87
BIOFILCHEM, EQ, 21-Feb-2023,47.1,46.3,47.15,45.25, 45.90,46.15,46.44,15426,7.16,520, 11075, 71.79,-2.02
BIOFILCHEM, EQ, 21-Feb-2024,74.05,74.8,74.85,70.7, 72.80,71.95,72.93,88026,64.2,1132, 66262, 75.28,-2.84
BIOFILCHEM, EQ, 21-Feb-2025,50.23,51.0,51.69,50.01,50.1,50.38,50.88,5571,2.83,169, 4095, 73.51,0.3
BIOFILCHEM, EQ, 21-Mar-2022,63.55,62.4,64.65,61.1,63.6,62.55,62.9,39604,24.91,952, 23277, 58.77,-1.57
BIOFILCHEM, EQ, 21-Mar-2023,43.7,44.4,44.4,41.4, 42.60,42.1,42.57,25715,10.95,557, 17534, 68.19,-3.66
BIOFILCHEM, EQ, 21-Mar-2024,59.05,59.7,62.0,58.95,61.5,60.95,60.67,25326,15.37,376, 13021, 51.41,3.22
BIOFILCHEM, EQ, 21-Mar-2025,44.35,44.35,45.9,43.94,44.81,44.81,45.11,33768,15.23,812, 17290, 51.20,1.04
BIOFILCHEM, EQ, 21-Apr-2020,11.4,11.95,11.95,11.95,11.95,11.95,11.95,5673,0.68,33, 5673, 100.00,4.82
BIOFILCHEM, EQ, 21-Apr-2022,63.1,63.1,65.25,63.1, 65.00,65.05,64.25,34283,22.03,932, 22287, 65.01,3.09
BIOFILCHEM, EQ, 21-Apr-2023,45.55,45.95,45.95,44.6, 45.00,44.85,44.97,9296,4.18,200, 6094, 65.56,-1.54
BIOFILCHEM, EQ, 21-Apr-2025,46.86,46.86,48.43,45.79,47.85,47.71,47.3,30890,14.61,772, 16870, 54.61,1.81
BIOFILCHEM, EQ, 21-May-2020,14.85,15.35,15.35,14.15,14.15,14.3,14.4,93332,13.44,365, 53377, 57.19,-3.7
BIOFILCHEM, EQ, 21-May-2021,71.2,72.0,72.95,70.65, 71.25,71.15,71.29,65221,46.49,1128, 40070, 61.44,-0.07
BIOFILCHEM, EQ, 21-May-2024,69.4,68.35,68.9,67.45,67.85,67.6,68.18,23566,16.07,433, 17183, 72.91,-2.59
BIOFILCHEM, EQ, 21-Jun-2021,70.15,68.05,69.9,68.05, 69.45,69.15,69.09,32102,22.18,902, 17785, 55.40,-1.43
BIOFILCHEM, EQ, 21-Jun-2022,39.9,42.55,47.85,40.9,47.85,47.85,46.07,53631,24.71,693, 32926, 61.39,19.92
BIOFILCHEM, EQ, 21-Jun-2023,44.35,44.7,45.5,44.1, 44.25,44.25,44.68,18671,8.34,309, 10905, 58.41,-0.23
BIOFILCHEM, EQ, 21-Jun-2024,67.66,67.66,70.6,65.97,66.99,67.11,68.11,155470,105.89,1850, 99000, 63.68,-0.81
BIOFILCHEM, EQ, 21-Jul-2022,54.15,54.9,54.9,53.25,53.6,53.7,53.98,16016,8.65,291, 7773, 48.53,-0.83
BIOFILCHEM, EQ, 21-Jul-2023,46.9,48.5,48.9,46.4, 47.05,47.15,47.61,51463,24.5,688, 27671, 53.77,0.53
BIOFILCHEM, EQ, 21-Aug-2023,45.65,45.0,46.3,45.0, 45.00,45.15,45.42,30649,13.92,443, 20497, 66.88,-1.1
BIOFILCHEM, EQ, 21-Aug-2024,64.46,65.79,65.79,63.51,64.4,64.61,64.56,24844,16.04,517, 16103, 64.82,0.23
BIOFILCHEM, EQ, 21-Sep-2021,62.9,62.5,63.45,62.0, 62.50,62.6,62.53,19826,12.4,379, 13626, 68.73,-0.48
BIOFILCHEM, EQ, 21-Sep-2022,51.7,51.0,52.15,51.0, 51.05,51.1,51.18,8767,4.49,202, 6611, 75.41,-1.16
BIOFILCHEM, EQ, 21-Sep-2023,49.7,49.75,51.05,49.0, 50.40,49.55,50.18,31472,15.79,489, 15690, 49.85,-0.3
BIOFILCHEM, EQ, 21-Oct-2021,63.95,63.95,65.9,63.8, 63.90,64.05,64.38,17523,11.28,527, 10189, 58.15,0.16
BIOFILCHEM, EQ, 21-Oct-2022,47.7,48.6,48.9,47.45,47.7,47.85,48.24,8978,4.33,182, 6033, 67.20,0.31
BIOFILCHEM, EQ, 21-Oct-2024,70.74,72.8,72.8,67.01, 67.98,68.4,70.06,70505,49.39,1221, 38691, 54.88,-3.31
BIOFILCHEM, EQ, 21-Nov-2022,59.2,58.95,59.05,53.2, 53.90,54.1,56.5,323043,182.53,4383, 97992, 30.33,-8.61
BIOFILCHEM, EQ, 21-Nov-2023,48.2,48.95,48.95,48.15, 48.25,48.35,48.37,7393,3.58,221, 5320, 71.96,0.31
BIOFILCHEM, EQ, 21-Nov-2024,59.74,60.69,61.79,58.51,59.69,59.01,59.46,32997,19.62,786, 14710, 44.58,-1.22
BIOFILCHEM, EQ, 21-Dec-2021,58.3,58.25,59.85,58.25,58.85,58.6,58.83,18360,10.8,457, 9665, 52.64,0.51
BIOFILCHEM, EQ, 21-Dec-2022,52.15,53.3,54.6,51.75, 52.05,52.0,53.11,73194,38.87,946, 38133, 52.10,-0.29
BIOFILCHEM, EQ, 21-Dec-2023,53.4,53.4,56.8,52.15, 54.95,54.8,54.72,147755,80.85,1925, 82059, 55.54,2.62
BIOFILCHEM, EQ, 20-Jan-2024,56.3,55.85,58.5,55.65, 56.30,56.5,56.92,37215,21.18,496, 20717, 55.67,0.36
BIOFILCHEM, EQ, 22-Jan-2025,56.39,56.39,57.47,55.0,55.42,55.67,55.8,13724,7.66,400, 7739, 56.39,-1.28
BIOFILCHEM, EQ, 22-Feb-2021,67.6,70.95,70.95,70.95,70.95,70.95,70.95,20504,14.55,239, 20504, 100.00,4.96
BIOFILCHEM, EQ, 22-Feb-2022,65.7,61.0,65.0,60.4,62.0,61.55,61.88,40185,24.87,1017, 26024, 64.76,-6.32
BIOFILCHEM, EQ, 22-Feb-2023,46.15,46.5,47.55,44.8, 44.80,45.05,45.64,25695,11.73,617, 14676, 57.12,-2.38
BIOFILCHEM, EQ, 22-Feb-2024,71.95,73.85,74.0,69.35, 71.50,71.15,70.86,53857,38.16,828, 29969, 55.65,-1.11
BIOFILCHEM, EQ, 22-Mar-2022,62.55,62.55,63.8,62.4, 62.75,62.9,63.04,14604,9.21,317, 9360, 64.09,0.56
BIOFILCHEM, EQ, 22-Mar-2023,42.1,42.0,43.65,42.0, 42.20,42.45,42.63,13485,5.75,299, 8941, 66.30,0.83
BIOFILCHEM, EQ, 22-Mar-2024,60.95,62.5,62.95,61.25,61.6,61.6,62.01,36551,22.67,441, 18602, 50.89,1.07
BIOFILCHEM, EQ, 22-Apr-2020,11.95,12.5,12.5,12.4,12.5,12.5,12.5,76559,9.57,248, 59087, 77.18,4.6
BIOFILCHEM, EQ, 22-Apr-2022,65.05,65.0,65.05,63.6, 63.75,64.05,64.39,21504,13.85,472, 13937, 64.81,-1.54
BIOFILCHEM, EQ, 22-Apr-2024,67.6,67.5,75.75,67.5,75.25,74.55,73.45,564197,414.43,5798, 307966, 54.58,10.28
BIOFILCHEM, EQ, 22-Apr-2025,47.71,48.0,48.94,47.5,48.27,47.77,48.05,17263,8.29,589, 9665, 55.99,0.13
BIOFILCHEM, EQ, 22-May-2020,14.3,13.65,14.05,13.6,13.6,13.6,13.65,26874,3.67,125, 21060, 78.37,-4.9
BIOFILCHEM, EQ, 22-May-2023,43.95,43.9,43.9,42.6,43.0,43.05,43.15,8336,3.6,282, 5464, 65.55,-2.05
BIOFILCHEM, EQ, 22-May-2024,67.6,67.9,68.25,66.1,66.95,66.4,67.07,21028,14.1,352, 14635, 69.60,-1.78
BIOFILCHEM, EQ, 22-Jun-2021,69.15,69.15,70.5,68.6, 68.75,68.75,69.23,42970,29.75,744, 34083, 79.32,-0.58
BIOFILCHEM, EQ, 22-Jun-2022,47.85,54.05,56.9,51.2,54.8,53.7,54.73,487611,266.87,8324, 112149, 23.00,12.23
BIOFILCHEM, EQ, 22-Jun-2023,44.25,44.85,44.85,44.1,44.3,44.15,44.28,6789,3.01,161, 4935, 72.69,-0.23
BIOFILCHEM, EQ, 22-Jul-2021,75.35,73.05,79.1,71.6, 71.60,71.6,75.02,629689,472.42,6328, 263238, 41.80,-4.98
BIOFILCHEM, EQ, 22-Jul-2022,53.7,56.0,56.0,53.0, 54.95,54.05,53.96,30656,16.54,457, 19855, 64.77,0.65
BIOFILCHEM, EQ, 22-Jul-2024,60.71,60.05,66.15,58.66,63.78,63.74,62.95,184055,115.86,3551, 50066, 27.20,4.99
BIOFILCHEM, EQ, 22-Aug-2022,51.0,55.6,55.6,51.2, 52.50,52.5,53.71,99293,53.33,1337, 36220, 36.48,2.94
BIOFILCHEM, EQ, 22-Aug-2023,45.15,45.15,47.3,45.05, 46.10,46.2,46.47,57291,26.63,846, 26732, 46.66,2.33
BIOFILCHEM, EQ, 22-Aug-2024,64.61,65.69,68.8,64.5,68.5,67.64,67.09,177360,118.99,1989, 101026, 56.96,4.69
BIOFILCHEM, EQ, 22-Sep-2021,62.6,62.0,63.7,61.8, 63.40,63.35,63.17,14344,9.06,259, 11185, 77.98,1.2
BIOFILCHEM, EQ, 22-Sep-2022,51.1,49.2,51.6,49.2, 50.30,50.3,50.42,14881,7.5,327, 10147, 68.19,-1.57
BIOFILCHEM, EQ, 22-Sep-2023,49.55,50.4,50.4,49.1, 49.50,49.35,49.62,19338,9.6,300, 11200, 57.92,-0.4
BIOFILCHEM, EQ, 22-Oct-2021,64.05,65.75,65.9,62.25, 62.95,62.65,63.28,40527,25.65,805, 26324, 64.95,-2.19
BIOFILCHEM, EQ, 22-Oct-2024,68.4,67.98,70.45,65.51,65.51,65.87,67.43,74527,50.25,1584, 32590, 43.73,-3.7
BIOFILCHEM, EQ, 22-Nov-2021,60.5,60.2,60.55,54.45,57.0,56.1,57.38,84518,48.49,1063, 64121, 75.87,-7.27
BIOFILCHEM, EQ, 22-Nov-2022,54.1,53.85,57.7,53.85, 55.30,55.2,55.84,249168,139.15,2848, 96687, 38.80,2.03
BIOFILCHEM, EQ, 22-Nov-2023,48.35,49.2,49.2,48.15, 48.45,48.35,48.53,10408,5.05,242, 4440, 42.66,0.0
BIOFILCHEM, EQ, 22-Nov-2024,59.01,59.69,61.34,58.75,59.1,59.2,59.71,30061,17.95,656, 14292, 47.54,0.32
BIOFILCHEM, EQ, 22-Dec-2021,58.6,58.95,59.85,58.4, 58.85,58.95,59.01,14417,8.51,318, 9889, 68.59,0.6
BIOFILCHEM, EQ, 22-Dec-2022,52.0,53.4,61.65,52.8, 56.10,56.65,58.44,632705,369.75,7625, 213585, 33.76,8.94
BIOFILCHEM, EQ, 22-Dec-2023,54.8,55.1,56.7,54.3, 55.35,55.4,55.52,51453,28.57,850, 25889, 50.32,1.09
BIOFILCHEM, EQ, 23-Jan-2023,54.3,54.1,54.5,53.75,53.9,54.05,54.08,10256,5.55,296, 5703, 55.61,-0.46
BIOFILCHEM, EQ, 23-Jan-2024,56.5,56.5,57.6,54.15, 54.75,54.95,56.13,38507,21.61,693, 22953, 59.61,-2.74
BIOFILCHEM, EQ, 23-Jan-2025,55.67,56.18,56.5,55.16,56.0,55.42,55.79,10445,5.83,279, 6504, 62.27,-0.45
BIOFILCHEM, EQ, 23-Feb-2021,70.95,74.45,74.45,74.45, 74.45,74.45,74.45,19247,14.33,189, 19247, 100.00,4.93
BIOFILCHEM, EQ, 23-Feb-2022,61.55,61.5,65.75,61.5,62.5,63.05,64.13,34049,21.83,874, 18085, 53.11,2.44
BIOFILCHEM, EQ, 23-Feb-2023,45.05,45.4,45.4,42.35,43.3,43.8,43.88,21788,9.56,545, 12400, 56.91,-2.77
BIOFILCHEM, EQ, 23-Feb-2024,71.15,71.75,71.95,69.4, 70.90,70.1,70.79,38391,27.18,662, 25209, 65.66,-1.48
BIOFILCHEM, EQ, 23-Mar-2020,7.1,7.45,7.45,6.75, 6.75,6.75,6.76,3112,0.21,40, 3088, 99.23,-4.93
BIOFILCHEM, EQ, 23-Mar-2022,62.9,64.0,64.0,61.55, 62.40,62.25,62.54,23554,14.73,525, 13718, 58.24,-1.03
BIOFILCHEM, EQ, 23-Mar-2023,42.45,42.3,42.9,42.0, 42.05,42.05,42.35,8105,3.43,288, 5748, 70.92,-0.94
BIOFILCHEM, EQ, 23-Apr-2020,12.5,13.1,13.1,13.1,13.1,13.1,13.1,5872,0.77,22, 5872, 100.00,4.8
BIOFILCHEM, EQ, 23-Apr-2024,74.55,74.8,77.6,71.35,72.0,72.15,75.56,315094,238.08,5100, 157669, 50.04,-3.22
BIOFILCHEM, EQ, 23-Apr-2025,47.77,47.78,49.5,45.27,48.4,48.1,47.98,69923,33.55,1505, 29390, 42.03,0.69
BIOFILCHEM, EQ, 23-May-2022,58.15,57.6,59.95,57.6,59.75,59.2,58.83,14245,8.38,423, 6338, 44.49,1.81
BIOFILCHEM, EQ, 23-May-2023,43.05,42.85,43.6,42.55, 42.60,42.75,42.97,13487,5.8,272, 10278, 76.21,-0.7
BIOFILCHEM, EQ, 23-May-2024,66.4,67.5,67.75,66.1,66.6,66.55,66.84,24552,16.41,463, 13883, 56.55,0.23
BIOFILCHEM, EQ, 23-Jun-2021,68.75,69.0,69.35,65.0, 67.15,67.55,68.34,35440,24.22,808, 26223, 73.99,-1.75
BIOFILCHEM, EQ, 23-Jun-2022,53.7,54.0,56.45,51.7,52.1,54.45,54.24,183747,99.66,4038, 30540, 16.62,1.4
BIOFILCHEM, EQ, 23-Jun-2023,44.15,44.15,44.9,43.6, 44.90,44.0,44.09,8756,3.86,258, 6199, 70.80,-0.34
BIOFILCHEM, EQ, 23-Jul-2021,71.6,71.0,74.8,68.6,70.55,70.1,71.8,88219,63.34,2043, 59273, 67.19,-2.09
BIOFILCHEM, EQ, 23-Jul-2024,63.74,63.74,66.54,60.2,63.9,63.45,63.69,111787,71.19,2430, 31826, 28.47,-0.45
BIOFILCHEM, EQ, 23-Aug-2021,62.3,62.3,63.95,60.0, 60.60,60.1,61.34,33411,20.5,683, 18865, 56.46,-3.53
BIOFILCHEM, EQ, 23-Aug-2022,52.5,53.5,53.5,51.85, 52.50,52.2,52.57,9878,5.19,293, 6417, 64.96,-0.57
BIOFILCHEM, EQ, 23-Aug-2023,46.2,46.85,46.85,45.7, 45.85,45.85,46.29,25319,11.72,338, 13676, 54.01,-0.76
BIOFILCHEM, EQ, 23-Aug-2024,67.64,69.3,69.3,67.0,67.52,67.94,68.07,143271,97.52,2788, 78050, 54.48,0.44
BIOFILCHEM, EQ, 23-Sep-2021,63.35,63.95,63.95,62.8, 63.10,62.9,63.18,17442,11.02,399, 13276, 76.12,-0.71
BIOFILCHEM, EQ, 23-Sep-2022,50.3,50.8,50.8,49.7, 49.75,49.85,50.08,12974,6.5,306, 9317, 71.81,-0.89
BIOFILCHEM, EQ, 23-Sep-2024,83.6,84.95,86.25,81.01,84.0,83.51,83.94,325803,273.48,4198, 161210, 49.48,-0.11
BIOFILCHEM, EQ, 23-Oct-2023,49.6,50.3,51.95,47.0, 47.45,47.45,49.35,117500,57.98,1770, 34862, 29.67,-4.33
BIOFILCHEM, EQ, 23-Oct-2024,65.87,65.51,67.29,63.75,65.11,65.8,65.69,50853,33.41,1424, 21900, 43.07,-0.11
BIOFILCHEM, EQ, 23-Nov-2021,56.1,57.25,60.0,57.25,59.35,59.5,58.64,35272,20.68,804, 19575, 55.50,6.06
BIOFILCHEM, EQ, 23-Nov-2022,55.2,55.85,56.05,54.3,54.9,54.65,55.29,42998,23.77,1017, 25345, 58.94,-1.0
BIOFILCHEM, EQ, 23-Nov-2023,48.35,48.05,51.0,48.05, 50.05,50.35,50.32,89587,45.08,968, 55809, 62.30,4.14
BIOFILCHEM, EQ, 23-Dec-2021,58.95,57.8,60.2,57.8, 59.30,59.1,59.33,17464,10.36,337, 12217, 69.96,0.25
BIOFILCHEM, EQ, 23-Dec-2022,56.65,56.4,63.9,54.15, 58.50,58.2,59.9,618058,370.21,8743, 205161, 33.19,2.74
BIOFILCHEM, EQ, 23-Dec-2024,59.24,59.84,62.4,59.23,60.2,60.16,60.32,25386,15.31,534, 13618, 53.64,1.55
BIOFILCHEM, EQ, 24-Jan-2022,88.05,90.0,90.0,79.5,80.5,80.8,82.55,146392,120.84,3709, 76728, 52.41,-8.23
BIOFILCHEM, EQ, 24-Jan-2023,54.05,54.6,54.6,53.2,53.9,53.45,53.81,10159,5.47,334, 6302, 62.03,-1.11
BIOFILCHEM, EQ, 24-Jan-2024,54.95,56.0,56.0,54.05, 54.85,55.25,55.17,21874,12.07,528, 13165, 60.19,0.55
BIOFILCHEM, EQ, 24-Jan-2025,55.42,55.02,57.42,53.51,53.51,54.11,55.49,29443,16.34,670, 10834, 36.80,-2.36
BIOFILCHEM, EQ, 24-Feb-2021,74.45,78.15,78.15,78.15, 78.15,78.15,78.15,20559,16.07,139, 20559, 100.00,4.97
BIOFILCHEM, EQ, 24-Feb-2022,63.05,60.0,62.25,56.8, 57.05,57.5,59.4,48243,28.66,1186, 32231, 66.81,-8.8
BIOFILCHEM, EQ, 24-Feb-2023,43.8,43.8,51.7,43.8, 48.95,47.8,48.52,113625,55.13,1821, 52712, 46.39,9.13
BIOFILCHEM, EQ, 24-Feb-2025,50.38,51.55,51.55,48.01,48.2,48.73,49.01,11492,5.63,461, 5813, 50.58,-3.28
BIOFILCHEM, EQ, 24-Mar-2020,6.75,7.0,7.0,6.45, 6.80,6.8,6.73,5081,0.34,144, 4761, 93.70,0.74
BIOFILCHEM, EQ, 24-Mar-2022,62.25,63.9,63.9,61.6, 62.95,62.6,62.97,21960,13.83,504, 12176, 55.45,0.56
BIOFILCHEM, EQ, 24-Mar-2023,42.05,42.05,43.35,41.2, 41.90,41.85,42.23,15100,6.38,364, 10756, 71.23,-0.48
BIOFILCHEM, EQ, 24-Mar-2025,44.81,44.81,51.2,44.11,47.04,47.04,47.54,122276,58.13,1433, 36494, 29.85,4.98
BIOFILCHEM, EQ, 24-Apr-2020,13.1,13.75,13.75,13.75,13.75,13.75,13.75,6016,0.83,31, 6016, 100.00,4.96
BIOFILCHEM, EQ, 24-Apr-2023,44.85,44.15,44.9,43.7, 44.15,44.3,44.35,6696,2.97,171, 4474, 66.82,-1.23
BIOFILCHEM, EQ, 24-Apr-2024,72.15,73.7,74.9,71.25, 72.70,72.6,72.72,102836,74.78,1126, 65938, 64.12,0.62
BIOFILCHEM, EQ, 24-Apr-2025,48.1,48.37,48.99,47.42,48.45,48.18,48.22,24549,11.84,797, 11513, 46.90,0.17
BIOFILCHEM, EQ, 24-May-2021,71.15,71.0,72.0,70.5, 71.50,70.95,70.8,38811,27.48,879, 23687, 61.03,-0.28
BIOFILCHEM, EQ, 24-May-2022,59.2,60.65,60.65,57.65,58.2,57.9,58.23,17877,10.41,260, 14619, 81.78,-2.2
BIOFILCHEM, EQ, 24-May-2023,42.75,42.55,44.3,41.3, 42.90,43.2,43.29,22065,9.55,358, 12688, 57.50,1.05
BIOFILCHEM, EQ, 24-May-2024,66.55,65.3,67.55,65.3,65.8,66.05,66.61,31595,21.05,524, 17801, 56.34,-0.75
BIOFILCHEM, EQ, 24-Jun-2021,67.55,68.95,68.95,67.0, 67.05,67.45,67.83,33796,22.92,550, 27055, 80.05,-0.15
BIOFILCHEM, EQ, 24-Jun-2022,54.45,54.35,55.65,51.8, 53.95,53.15,53.79,73463,39.51,1789, 20306, 27.64,-2.39
BIOFILCHEM, EQ, 24-Jun-2024,67.11,68.44,68.44,65.0,65.68,65.81,66.36,40278,26.73,608, 24989, 62.04,-1.94
BIOFILCHEM, EQ, 24-Jul-2023,47.15,49.7,49.7,46.85, 47.10,47.1,47.86,27784,13.3,375, 15040, 54.13,-0.11
BIOFILCHEM, EQ, 24-Jul-2024,63.45,63.6,64.8,63.25,63.85,63.76,64.07,55205,35.37,1352, 14620, 26.48,0.49
BIOFILCHEM, EQ, 24-Aug-2021,60.1,59.0,60.25,57.1, 59.85,59.2,58.41,53738,31.39,1041, 28598, 53.22,-1.5
BIOFILCHEM, EQ, 24-Aug-2022,52.2,52.7,52.95,52.0,52.1,52.35,52.27,12140,6.35,361, 7152, 58.91,0.29
BIOFILCHEM, EQ, 24-Aug-2023,45.85,46.05,49.0,46.05, 47.30,47.35,47.91,137864,66.04,1516, 75978, 55.11,3.27
BIOFILCHEM, EQ, 24-Sep-2021,62.9,63.65,65.0,62.5, 64.00,63.95,63.45,25477,16.17,467, 17518, 68.76,1.67
BIOFILCHEM, EQ, 24-Sep-2024,83.51,83.85,84.2,81.1,82.2,81.73,82.1,104122,85.48,1873, 71194, 68.38,-2.13
BIOFILCHEM, EQ, 24-Oct-2024,65.8,65.8,67.9,64.25,64.99,65.06,66.11,52100,34.44,1023, 24472, 46.97,-1.12
BIOFILCHEM, EQ, 24-Nov-2021,59.5,61.75,61.75,59.95, 60.15,60.55,60.66,27545,16.71,455, 16851, 61.18,1.76
BIOFILCHEM, EQ, 24-Nov-2022,54.65,55.2,56.2,53.9, 54.00,54.45,54.93,56976,31.3,920, 35389, 62.11,-0.37
BIOFILCHEM, EQ, 24-Nov-2023,50.35,50.35,51.35,49.75, 49.75,49.9,50.37,31791,16.01,440, 23870, 75.08,-0.89
BIOFILCHEM, EQ, 24-Dec-2021,59.1,59.1,61.9,58.55, 59.90,59.9,60.02,30934,18.57,549, 11630, 37.60,1.35
BIOFILCHEM, EQ, 24-Dec-2024,60.16,60.35,61.5,60.05,61.45,60.83,60.54,14433,8.74,225, 8396, 58.17,1.11
BIOFILCHEM, EQ, 25-Jan-2022,80.8,77.15,84.0,76.7,81.25,81.7,81.29,87481,71.11,2185, 35471, 40.55,1.11
BIOFILCHEM, EQ, 25-Jan-2023,53.45,53.7,53.9,52.65, 53.05,53.05,53.18,11713,6.23,298, 5157, 44.03,-0.75
BIOFILCHEM, EQ, 25-Jan-2024,55.25,56.2,66.3,55.8, 66.30,66.3,63.82,1235679,788.62,6890, 503909, 40.78,20.0
BIOFILCHEM, EQ, 25-Feb-2021,78.15,82.05,82.05,82.05, 82.05,82.05,82.05,19804,16.25,174, 19804, 100.00,4.99
BIOFILCHEM, EQ, 25-Feb-2022,57.5,55.5,63.0,55.5,62.75,62.3,61.49,35638,21.91,828, 23993, 67.32,8.35
BIOFILCHEM, EQ, 25-Feb-2025,48.73,49.72,53.0,47.01,48.69,49.97,49.22,32147,15.82,926, 12735, 39.61,2.54
BIOFILCHEM, EQ, 25-Mar-2020,6.8,6.95,7.1,6.5, 7.10,7.0,6.84,9658,0.66,150, 6394, 66.20,2.94
BIOFILCHEM, EQ, 25-Mar-2022,62.6,61.55,63.8,60.0,61.0,60.9,61.41,38114,23.41,822, 27824, 73.00,-2.72
BIOFILCHEM, EQ, 25-Mar-2025,47.04,48.0,49.0,44.51,45.0,45.59,47.03,34174,16.07,820, 13880, 40.62,-3.08
BIOFILCHEM, EQ, 25-Apr-2022,64.05,65.0,68.75,62.25,66.0,66.45,66.15,75787,50.13,1553, 35677, 47.08,3.75
BIOFILCHEM, EQ, 25-Apr-2023,44.3,43.3,45.2,43.3,44.0,44.35,44.35,17063,7.57,257, 10964, 64.26,0.11
BIOFILCHEM, EQ, 25-Apr-2024,72.6,73.65,73.65,69.55, 70.80,70.85,70.99,54928,38.99,1068, 33516, 61.02,-2.41
BIOFILCHEM, EQ, 25-Apr-2025,48.18,48.5,49.0,44.86,45.69,45.93,46.37,31732,14.72,853, 19333, 60.93,-4.67
BIOFILCHEM, EQ, 25-May-2021,70.95,70.95,71.7,70.5, 70.75,70.7,70.84,38966,27.6,834, 26680, 68.47,-0.35
BIOFILCHEM, EQ, 25-May-2022,57.9,57.7,58.95,57.0, 57.00,57.2,57.71,9381,5.41,256, 6522, 69.52,-1.21
BIOFILCHEM, EQ, 25-May-2023,43.2,43.5,44.2,42.9, 43.10,43.25,43.66,13020,5.68,274, 9385, 72.08,0.12
BIOFILCHEM, EQ, 25-Jun-2021,67.45,67.4,68.4,66.5, 67.00,66.9,67.24,56258,37.83,942, 34536, 61.39,-0.82
BIOFILCHEM, EQ, 25-Jun-2024,65.81,66.8,67.59,63.82,64.4,64.22,65.73,42415,27.88,579, 23729, 55.94,-2.42
BIOFILCHEM, EQ, 25-Jul-2022,54.05,53.5,54.0,53.15, 53.35,53.75,53.65,8453,4.54,229, 4710, 55.72,-0.56
BIOFILCHEM, EQ, 25-Jul-2023,47.1,47.0,49.0,44.55, 46.00,46.0,46.65,81091,37.83,1035, 45658, 56.30,-2.34
BIOFILCHEM, EQ, 25-Jul-2024,63.76,63.77,64.8,63.0,63.3,63.41,63.66,22684,14.44,831, 10879, 47.96,-0.55
BIOFILCHEM, EQ, 25-Aug-2021,59.2,59.95,62.15,59.5, 62.15,62.15,61.21,16049,9.82,351, 13195, 82.22,4.98
BIOFILCHEM, EQ, 25-Aug-2022,52.35,52.35,53.7,52.35,52.9,52.7,52.75,20925,11.04,344, 14347, 68.56,0.67
BIOFILCHEM, EQ, 25-Aug-2023,47.35,48.6,49.0,46.85, 47.60,47.5,47.96,69575,33.37,782, 43598, 62.66,0.32
BIOFILCHEM, EQ, 25-Sep-2023,49.35,50.0,50.0,48.6, 48.80,48.85,49.01,20585,10.09,298, 12229, 59.41,-1.01
BIOFILCHEM, EQ, 25-Sep-2024,81.73,83.37,83.52,78.1,79.0,78.8,79.69,133543,106.43,2031, 85031, 63.67,-3.58
BIOFILCHEM, EQ, 25-Oct-2021,62.65,64.85,64.85,60.8, 61.50,61.15,61.5,26896,16.54,726, 17364, 64.56,-2.39
BIOFILCHEM, EQ, 25-Oct-2022,48.55,48.55,48.8,47.25,48.8,47.95,47.92,11980,5.74,277, 7059, 58.92,-1.24
BIOFILCHEM, EQ, 25-Oct-2023,47.45,47.45,49.0,47.0,47.0,47.05,47.53,33284,15.82,873, 12053, 36.21,-0.84
BIOFILCHEM, EQ, 25-Oct-2024,65.06,64.54,67.0,60.51,66.9,64.16,62.48,91964,57.46,2217, 46423, 50.48,-1.38
BIOFILCHEM, EQ, 25-Nov-2021,60.55,60.5,61.45,59.3,60.3,60.25,60.26,23985,14.45,543, 15636, 65.19,-0.5
BIOFILCHEM, EQ, 25-Nov-2022,54.45,54.05,55.35,53.6,53.6,54.65,54.43,38084,20.73,979, 19941, 52.36,0.37
BIOFILCHEM, EQ, 25-Nov-2024,59.2,61.9,61.9,58.41,59.75,59.76,59.98,42245,25.34,632, 26904, 63.69,0.95
BIOFILCHEM, EQ, 26-Feb-2021,82.05,86.15,86.15,80.25,86.15,86.15,84.97,292468,248.51,3057, 223507, 76.42,5.0
BIOFILCHEM, EQ, 26-Feb-2024,70.1,72.4,72.4,66.95, 68.55,68.85,69.25,88379,61.2,947, 46781, 52.93,-1.78
BIOFILCHEM, EQ, 26-Mar-2020,7.0,7.0,7.1,6.65, 7.10,6.85,6.77,12524,0.85,82, 10283, 82.11,-2.14
BIOFILCHEM, EQ, 26-Mar-2024,61.6,62.5,63.8,59.15,59.9,59.95,60.61,37602,22.79,520, 26389, 70.18,-2.68
BIOFILCHEM, EQ, 26-Mar-2025,45.59,46.8,46.8,42.25,42.69,42.78,43.72,63476,27.75,891, 39370, 62.02,-6.16
BIOFILCHEM, EQ, 26-Apr-2022,66.45,67.8,68.0,63.95, 65.00,64.4,66.13,29956,19.81,855, 18701, 62.43,-3.09
BIOFILCHEM, EQ, 26-Apr-2023,44.35,44.0,44.75,43.55, 43.85,44.05,44.28,9440,4.18,221, 6500, 68.86,-0.68
BIOFILCHEM, EQ, 26-Apr-2024,70.85,70.85,72.35,69.5, 70.60,69.9,70.65,48692,34.4,724, 30161, 61.94,-1.34
BIOFILCHEM, EQ, 26-May-2020,13.6,12.95,12.95,12.95, 12.95,12.95,12.95,8795,1.14,91, 8479, 96.41,-4.78
BIOFILCHEM, EQ, 26-May-2021,70.7,71.9,71.9,70.1, 71.15,71.0,70.93,35677,25.3,757, 23507, 65.89,0.42
BIOFILCHEM, EQ, 26-May-2022,57.2,58.3,58.3,54.0,56.85,56.8,55.42,16918,9.38,435, 7630, 45.10,-0.7
BIOFILCHEM, EQ, 26-May-2023,43.25,45.0,45.0,43.0,43.0,43.65,43.82,9678,4.24,183, 5403, 55.83,0.92
BIOFILCHEM, EQ, 26-Jun-2023,44.0,44.05,45.2,43.75, 43.75,44.05,44.47,12873,5.72,327, 8377, 65.07,0.11
BIOFILCHEM, EQ, 26-Jun-2024,64.22,65.79,67.59,65.01,65.15,65.18,65.96,49777,32.83,843, 25948, 52.13,1.49
BIOFILCHEM, EQ, 26-Jul-2021,70.1,72.0,73.4,68.45,71.7,72.0,71.91,84587,60.83,2034, 44222, 52.28,2.71
BIOFILCHEM, EQ, 26-Jul-2022,53.75,53.75,53.75,52.95,53.2,53.2,53.12,16250,8.63,227, 13221, 81.36,-1.02
BIOFILCHEM, EQ, 26-Jul-2023,46.0,46.0,47.55,46.0, 46.65,46.45,46.63,15234,7.1,202, 10360, 68.01,0.98
BIOFILCHEM, EQ, 26-Jul-2024,63.41,63.41,66.5,63.41, 64.70,65.07,65.22,53821,35.1,1443, 31306, 58.17,2.62
BIOFILCHEM, EQ, 26-Aug-2021,62.15,63.85,65.25,62.15, 65.25,65.25,64.84,23392,15.17,247, 17000, 72.67,4.99
BIOFILCHEM, EQ, 26-Aug-2022,52.7,53.65,53.65,52.3,53.0,52.6,52.92,13359,7.07,368, 7194, 53.85,-0.19
BIOFILCHEM, EQ, 26-Aug-2024,67.94,69.95,69.95,65.55,66.75,66.1,66.73,42143,28.12,1030, 22834, 54.18,-2.71
BIOFILCHEM, EQ, 26-Sep-2022,49.85,52.5,52.5,48.0,48.25,48.65,49.86,36256,18.08,528, 19148, 52.81,-2.41
BIOFILCHEM, EQ, 26-Sep-2023,48.85,48.45,49.55,48.45, 48.65,48.7,48.84,14097,6.89,368, 9694, 68.77,-0.31
BIOFILCHEM, EQ, 26-Sep-2024,78.8,79.99,80.99,77.0,77.79,77.47,78.31,116424,91.18,1700, 65334, 56.12,-1.69
BIOFILCHEM, EQ, 26-Oct-2021,61.15,61.3,67.25,61.3, 65.95,65.05,63.25,30060,19.01,596, 18579, 61.81,6.38
BIOFILCHEM, EQ, 26-Oct-2023,47.05,46.1,47.55,45.35, 46.80,46.55,46.11,19317,8.91,478, 8733, 45.21,-1.06
BIOFILCHEM, EQ, 26-Nov-2021,60.25,61.15,61.15,59.5, 60.20,60.05,60.31,30821,18.59,496, 19846, 64.39,-0.33
BIOFILCHEM, EQ, 26-Nov-2024,59.76,60.15,62.65,59.55,62.2,62.15,61.63,48349,29.8,809, 32354, 66.92,4.0
BIOFILCHEM, EQ, 26-Dec-2022,58.2,58.35,65.0,53.6,54.9,54.95,57.89,367529,212.75,6530, 120869, 32.89,-5.58
BIOFILCHEM, EQ, 26-Dec-2023,55.4,57.25,58.25,55.5, 56.65,56.8,57.22,129684,74.2,1232, 74096, 57.14,2.53
BIOFILCHEM, EQ, 26-Dec-2024,60.83,61.0,61.5,59.12,59.99,59.51,60.35,29924,18.06,837, 16226, 54.22,-2.17
BIOFILCHEM, EQ, 27-Jan-2022,81.7,83.0,83.0,79.65, 79.70,80.3,80.93,66167,53.55,1620, 40312, 60.92,-1.71
BIOFILCHEM, EQ, 27-Jan-2023,53.05,53.05,53.05,51.0, 51.05,51.65,51.99,31603,16.43,774, 19158, 60.62,-2.64
BIOFILCHEM, EQ, 27-Jan-2025,54.11,53.11,54.08,50.5,51.0,51.0,51.82,45125,23.38,784, 26845, 59.49,-5.75
BIOFILCHEM, EQ, 27-Feb-2023,47.8,51.0,52.6,45.1, 45.55,46.1,50.29,284937,143.29,4110, 61426, 21.56,-3.56
BIOFILCHEM, EQ, 27-Feb-2024,68.85,68.8,69.5,66.15, 67.30,66.6,67.58,66807,45.15,1030, 42850, 64.14,-3.27
BIOFILCHEM, EQ, 27-Feb-2025,49.97,49.2,50.09,45.3,45.55,45.95,46.72,65165,30.45,1648, 27626, 42.39,-8.04
BIOFILCHEM, EQ, 27-Mar-2020,6.85,6.75,7.15,6.55, 7.15,7.05,6.76,12561,0.85,78, 8685, 69.14,2.92
BIOFILCHEM, EQ, 27-Mar-2023,41.85,41.85,42.35,40.0, 40.00,40.3,40.65,19227,7.82,388, 12217, 63.54,-3.7
BIOFILCHEM, EQ, 27-Mar-2024,59.95,59.95,67.55,57.55, 60.80,60.3,64.26,186126,119.6,2183, 60581, 32.55,0.58
BIOFILCHEM, EQ, 27-Mar-2025,42.78,43.64,43.83,42.2,42.8,42.43,42.94,48310,20.74,631, 32746, 67.78,-0.82
BIOFILCHEM, EQ, 27-Apr-2020,13.75,14.4,14.4,14.4, 14.40,14.4,14.4,9455,1.36,46, 9455, 100.00,4.73
BIOFILCHEM, EQ, 27-Apr-2021,74.45,78.15,78.15,78.15,78.15,78.15,78.15,25024,19.56,275, 25024, 100.00,4.97
BIOFILCHEM, EQ, 27-Apr-2022,64.4,64.4,64.95,62.15,62.55,63.15,63.59,17543,11.16,497, 9800, 55.86,-1.94
BIOFILCHEM, EQ, 27-Apr-2023,44.05,44.4,44.6,43.45, 43.50,43.55,43.72,15176,6.63,265, 9501, 62.61,-1.14
BIOFILCHEM, EQ, 27-May-2021,71.0,71.15,71.65,70.0, 70.50,70.2,70.62,46571,32.89,970, 37415, 80.34,-1.13
BIOFILCHEM, EQ, 27-May-2022,56.8,56.35,57.65,54.85, 55.75,55.5,55.58,21184,11.77,499, 14979, 70.71,-2.29
BIOFILCHEM, EQ, 27-May-2024,66.05,65.4,66.9,64.9,65.0,65.2,65.7,36800,24.18,497, 26442, 71.85,-1.29
BIOFILCHEM, EQ, 27-Jun-2022,53.15,53.85,55.0,52.3,53.0,53.15,53.71,24781,13.31,616, 13105, 52.88,0.0
BIOFILCHEM, EQ, 27-Jun-2023,44.05,44.05,45.3,43.8, 44.00,44.05,44.32,22549,9.99,420, 6780, 30.07,0.0
BIOFILCHEM, EQ, 27-Jun-2024,65.18,65.5,66.33,63.5,64.22,64.22,65.02,29754,19.35,427, 21260, 71.45,-1.47
BIOFILCHEM, EQ, 27-Jul-2021,72.0,73.25,74.5,70.2, 71.75,71.55,72.22,89394,64.56,1677, 52832, 59.10,-0.63
BIOFILCHEM, EQ, 27-Jul-2022,53.2,52.5,53.1,52.3,52.4,52.5,52.61,7162,3.77,209, 4351, 60.75,-1.32
BIOFILCHEM, EQ, 27-Jul-2023,46.45,47.0,49.0,46.0, 46.20,46.6,47.59,57447,27.34,734, 26402, 45.96,0.32
BIOFILCHEM, EQ, 27-Aug-2021,65.25,66.95,67.7,63.65, 63.65,64.65,66.12,44937,29.71,848, 26416, 58.78,-0.92
BIOFILCHEM, EQ, 27-Aug-2024,66.1,67.95,67.95,64.15,65.19,65.0,65.09,40978,26.67,1456, 25869, 63.13,-1.66
BIOFILCHEM, EQ, 27-Sep-2021,63.95,64.9,64.9,63.0, 63.40,63.45,63.74,19528,12.45,419, 14160, 72.51,-0.78
BIOFILCHEM, EQ, 27-Sep-2022,48.65,50.0,50.0,47.7,49.0,48.65,48.76,11544,5.63,294, 6414, 55.56,0.0
BIOFILCHEM, EQ, 27-Sep-2023,48.7,48.65,51.45,48.45, 49.70,49.75,49.76,42085,20.94,738, 19299, 45.86,2.16
BIOFILCHEM, EQ, 27-Sep-2024,77.47,78.5,81.98,77.51,79.98,80.39,80.27,130354,104.64,1542, 71149, 54.58,3.77
BIOFILCHEM, EQ, 27-Oct-2021,65.05,65.55,66.9,63.0, 63.00,63.9,65.32,20022,13.08,562, 11802, 58.95,-1.77
BIOFILCHEM, EQ, 27-Oct-2022,47.95,48.75,48.75,47.5,47.85,48.2,48.1,12506,6.02,297, 6416, 51.30,0.52
BIOFILCHEM, EQ, 27-Oct-2023,46.55,46.55,47.8,46.55,47.4,47.3,47.39,14202,6.73,389, 6262, 44.09,1.61
BIOFILCHEM, EQ, 27-Nov-2024,62.15,62.15,63.22,61.51,62.0,61.91,62.14,12855,7.99,381, 8408, 65.41,-0.39
BIOFILCHEM, EQ, 27-Dec-2021,59.9,59.15,61.2,58.5, 60.25,60.05,59.83,30346,18.16,570, 18945, 62.43,0.25
BIOFILCHEM, EQ, 27-Dec-2022,54.95,55.75,55.95,53.75,55.4,54.9,54.72,74740,40.9,1548, 38487, 51.49,-0.09
BIOFILCHEM, EQ, 27-Dec-2023,56.8,57.95,57.95,54.6, 55.70,55.45,56.04,66826,37.45,1060, 43312, 64.81,-2.38
BIOFILCHEM, EQ, 27-Dec-2024,59.51,59.56,60.48,59.5,59.51,59.64,59.8,13774,8.24,386, 6901, 50.10,0.22
BIOFILCHEM, EQ, 28-Jan-2022,80.3,80.05,83.35,77.0, 77.90,77.35,79.68,88060,70.17,1895, 54141, 61.48,-3.67
BIOFILCHEM, EQ, 28-Jan-2025,51.0,50.0,52.0,49.05,50.65,50.56,50.17,24756,12.42,540, 10158, 41.03,-0.86
BIOFILCHEM, EQ, 28-Feb-2022,62.3,59.1,62.9,59.1, 61.20,61.6,61.39,21237,13.04,640, 11179, 52.64,-1.12
BIOFILCHEM, EQ, 28-Feb-2023,46.1,45.0,47.3,44.0, 45.10,44.75,45.18,28977,13.09,757, 16359, 56.46,-2.93
BIOFILCHEM, EQ, 28-Feb-2024,66.6,66.35,68.0,63.05,63.05,63.5,64.85,53249,34.53,817, 31388, 58.95,-4.65
BIOFILCHEM, EQ, 28-Feb-2025,45.95,44.01,45.94,44.01,44.5,44.25,44.73,15006,6.71,501, 7442, 49.59,-3.7
BIOFILCHEM, EQ, 28-Mar-2022,60.9,62.3,63.0,59.5, 59.50,60.05,60.56,19088,11.56,525, 13023, 68.23,-1.4
BIOFILCHEM, EQ, 28-Mar-2023,40.3,40.5,46.8,39.3, 41.80,43.55,42.48,70926,30.13,1020, 31835, 44.88,8.06
BIOFILCHEM, EQ, 28-Mar-2024,60.3,60.35,62.9,60.0,60.6,60.6,61.45,23696,14.56,388, 11931, 50.35,0.5
BIOFILCHEM, EQ, 28-Mar-2025,42.43,42.1,43.49,41.02,41.06,41.16,42.37,46170,19.56,739, 28008, 60.66,-2.99
BIOFILCHEM, EQ, 28-Apr-2020,14.4,15.1,15.1,15.1, 15.10,15.1,15.1,11409,1.72,30, 11409, 100.00,4.86
BIOFILCHEM, EQ, 28-Apr-2021,78.15,82.05,82.05,82.05, 82.05,82.05,82.05,70204,57.6,356, 68202, 97.15,4.99
BIOFILCHEM, EQ, 28-Apr-2022,63.15,62.35,64.4,62.35, 62.50,62.7,62.94,20995,13.21,506, 11763, 56.03,-0.71
BIOFILCHEM, EQ, 28-Apr-2023,43.55,43.55,47.0,43.5, 46.40,45.95,45.75,67211,30.75,930, 28290, 42.09,5.51
BIOFILCHEM, EQ, 28-May-2021,70.2,71.05,71.05,69.5,69.75,69.65,69.82,43880,30.64,1006, 28289, 64.47,-0.78
BIOFILCHEM, EQ, 28-May-2024,65.2,65.2,65.2,63.5,64.2,63.95,64.37,20211,13.01,409, 14718, 72.82,-1.92
BIOFILCHEM, EQ, 28-Jun-2021,66.9,66.9,69.8,61.7, 69.00,69.1,65.38,221481,144.8,2249, 94444, 42.64,3.29
BIOFILCHEM, EQ, 28-Jun-2022,53.15,53.4,53.7,45.35, 51.90,51.4,51.25,29884,15.32,787, 12643, 42.31,-3.29
BIOFILCHEM, EQ, 28-Jun-2024,64.22,64.98,65.88,63.65,63.66,64.36,64.39,28112,18.1,525, 14459, 51.43,0.22
BIOFILCHEM, EQ, 28-Jul-2021,71.55,72.35,72.35,69.0,70.25,70.1,70.05,51194,35.86,941, 35869, 70.06,-2.03
BIOFILCHEM, EQ, 28-Jul-2022,52.5,53.05,54.9,52.0, 53.80,52.85,53.18,26940,14.33,516, 12203, 45.30,0.67
BIOFILCHEM, EQ, 28-Jul-2023,46.6,47.0,47.0,45.5, 45.55,45.75,46.28,30388,14.06,307, 23177, 76.27,-1.82
BIOFILCHEM, EQ, 28-Aug-2023,47.5,47.5,48.35,46.6, 47.00,46.8,47.34,18092,8.56,348, 12608, 69.69,-1.47
BIOFILCHEM, EQ, 28-Aug-2024,65.0,66.75,66.75,64.5,65.05,64.93,65.39,35680,23.33,934, 13657, 38.28,-0.11
BIOFILCHEM, EQ, 28-Sep-2021,63.45,64.0,64.9,63.0, 63.35,63.4,64.04,16152,10.34,374, 10941, 67.74,-0.08
BIOFILCHEM, EQ, 28-Sep-2022,48.65,48.65,48.65,47.0,47.05,47.5,47.87,12704,6.08,263, 9866, 77.66,-2.36
BIOFILCHEM, EQ, 28-Sep-2023,49.75,49.25,50.65,48.1, 48.85,48.55,49.41,26408,13.05,488, 15226, 57.66,-2.41
BIOFILCHEM, EQ, 28-Oct-2021,63.9,63.9,64.95,62.2, 64.00,63.0,63.13,18224,11.5,468, 10158, 55.74,-1.41
BIOFILCHEM, EQ, 28-Oct-2022,48.2,48.35,48.5,46.55,47.3,47.0,47.62,18863,8.98,417, 12845, 68.10,-2.49
BIOFILCHEM, EQ, 28-Oct-2024,64.16,64.16,68.0,63.13,68.0,67.43,66.16,35286,23.34,984, 17549, 49.73,5.1
BIOFILCHEM, EQ, 28-Nov-2022,54.65,54.65,56.0,54.0, 55.05,55.15,55.08,32373,17.83,563, 21784, 67.29,0.91
BIOFILCHEM, EQ, 28-Nov-2023,49.9,50.4,56.05,48.7, 53.50,53.75,53.74,359612,193.25,2373, 194748, 54.16,7.72
BIOFILCHEM, EQ, 28-Nov-2024,61.91,62.17,64.69,61.52,63.0,62.77,62.94,35699,22.47,702, 22313, 62.50,1.39
BIOFILCHEM, EQ, 28-Dec-2021,60.05,59.7,63.2,59.7,61.4,62.6,61.37,69414,42.6,1217, 45053, 64.90,4.25
BIOFILCHEM, EQ, 28-Dec-2022,54.9,53.55,56.95,53.55, 55.05,54.85,55.52,60353,33.51,1554, 22388, 37.10,-0.09
BIOFILCHEM, EQ, 28-Dec-2023,55.45,54.75,56.5,53.75, 54.00,54.15,54.8,55154,30.22,658, 37776, 68.49,-2.34
BIOFILCHEM, EQ, 29-Jan-2024,66.3,72.0,75.0,69.05, 72.25,72.25,72.8,2420695,1762.19,19821, 889252, 36.74,8.97
BIOFILCHEM, EQ, 29-Jan-2025,50.56,50.69,52.5,50.65,52.0,51.85,52.07,9971,5.19,271, 6271, 62.89,2.55
BIOFILCHEM, EQ, 29-Feb-2024,63.5,63.5,65.0,63.2, 64.15,64.15,64.17,37039,23.77,500, 24757, 66.84,1.02
BIOFILCHEM, EQ, 29-Mar-2022,60.05,60.8,61.55,58.6, 58.70,58.9,59.78,32456,19.4,715, 23819, 73.39,-1.92
BIOFILCHEM, EQ, 29-Mar-2023,43.55,41.9,43.3,41.5, 41.75,41.8,42.17,33010,13.92,556, 21435, 64.93,-4.02
BIOFILCHEM, EQ, 29-Apr-2020,15.1,15.85,15.85,15.85,15.85,15.85,15.85,3578,0.57,26, 3578, 100.00,4.97
BIOFILCHEM, EQ, 29-Apr-2021,82.05,85.5,85.5,77.95, 77.95,77.95,80.3,218288,175.28,2150, 144170, 66.05,-5.0
BIOFILCHEM, EQ, 29-Apr-2022,62.7,62.55,63.7,61.5,62.7,62.0,62.6,20672,12.94,450, 13426, 64.95,-1.12
BIOFILCHEM, EQ, 29-Apr-2024,69.9,70.45,72.7,70.1, 71.65,71.6,71.34,43487,31.03,677, 28790, 66.20,2.43
BIOFILCHEM, EQ, 29-May-2023,43.65,44.25,44.25,43.0, 43.55,43.55,43.4,7803,3.39,185, 4469, 57.27,-0.23
BIOFILCHEM, EQ, 29-May-2024,63.95,63.75,64.3,62.7,63.5,63.6,63.45,25823,16.39,457, 19164, 74.21,-0.55
BIOFILCHEM, EQ, 29-Jun-2021,69.1,70.5,70.5,68.1, 68.85,68.65,68.98,27577,19.02,632, 17780, 64.47,-0.65
BIOFILCHEM, EQ, 29-Jun-2022,51.4,51.0,52.85,50.05, 52.00,51.65,51.85,22702,11.77,493, 13673, 60.23,0.49
BIOFILCHEM, EQ, 28-Jun-2023,44.05,44.2,46.35,43.35, 43.95,44.3,44.93,93538,42.02,1006, 31141, 33.29,0.57
BIOFILCHEM, EQ, 29-Jul-2021,70.1,69.15,73.6,69.15,71.25,71.95,72.69,136204,99.01,1547, 59862, 43.95,2.64
BIOFILCHEM, EQ, 29-Jul-2022,52.85,53.1,53.5,49.65,51.25,51.0,51.25,50812,26.04,601, 37308, 73.42,-3.5
BIOFILCHEM, EQ, 29-Jul-2024,65.07,66.9,66.9,63.55,63.61,63.83,64.77,51737,33.51,1103, 26298, 50.83,-1.91
BIOFILCHEM, EQ, 29-Aug-2022,52.6,50.85,52.15,50.85, 51.40,51.55,51.48,13677,7.04,338, 8268, 60.45,-2.0
BIOFILCHEM, EQ, 29-Aug-2023,46.8,47.45,51.2,46.7, 49.00,49.05,49.54,195113,96.66,2584, 72684, 37.25,4.81
BIOFILCHEM, EQ, 29-Aug-2024,64.93,64.8,65.5,64.01,64.95,64.76,64.73,31009,20.07,744, 12769, 41.18,-0.26
BIOFILCHEM, EQ, 29-Sep-2021,63.4,63.85,63.85,62.05, 63.05,63.05,62.96,20324,12.8,440, 16276, 80.08,-0.55
BIOFILCHEM, EQ, 29-Sep-2022,47.5,46.5,49.15,46.5,48.0,47.9,48.02,10540,5.06,242, 5008, 47.51,0.84
BIOFILCHEM, EQ, 29-Sep-2023,48.55,48.95,49.2,48.1, 48.50,48.55,48.68,16793,8.17,397, 10615, 63.21,0.0
BIOFILCHEM, EQ, 29-Oct-2021,63.0,63.05,63.4,60.0, 63.10,61.1,61.82,42345,26.18,977, 24754, 58.46,-3.02
BIOFILCHEM, EQ, 29-Oct-2024,67.43,66.3,66.89,65.5,66.75,66.47,66.19,17868,11.83,570, 9040, 50.59,-1.42
BIOFILCHEM, EQ, 29-Nov-2021,60.05,59.0,59.85,57.0, 58.00,57.65,58.03,31757,18.43,779, 19342, 60.91,-4.0
BIOFILCHEM, EQ, 29-Nov-2022,55.15,54.25,58.0,54.25,56.25,56.6,56.54,134553,76.07,1581, 53813, 39.99,2.63
BIOFILCHEM, EQ, 29-Nov-2023,53.75,55.5,55.8,52.55, 54.05,54.1,54.94,146312,80.38,1765, 80134, 54.77,0.65
BIOFILCHEM, EQ, 29-Nov-2024,62.77,63.95,63.95,62.37,63.2,62.81,62.99,21633,13.63,502, 10383, 48.00,0.06
BIOFILCHEM, EQ, 29-Dec-2021,62.6,63.0,63.0,60.5, 61.50,61.6,61.69,48943,30.19,750, 33734, 68.93,-1.6
BIOFILCHEM, EQ, 29-Dec-2022,54.85,55.0,56.65,54.9, 55.20,55.4,55.66,40222,22.39,1165, 17546, 43.62,1.0
BIOFILCHEM, EQ, 29-Dec-2023,54.15,55.0,55.15,53.75, 54.80,54.15,54.38,72620,39.49,1114, 37968, 52.28,0.0
BIOFILCHEM, EQ, 30-Jan-2023,51.65,50.6,52.35,48.55, 50.10,49.95,50.24,27467,13.8,870, 16766, 61.04,-3.29
BIOFILCHEM, EQ, 30-Jan-2024,72.25,73.1,74.25,70.0, 70.00,70.55,71.48,365852,261.51,3444, 226457, 61.90,-2.35
BIOFILCHEM, EQ, 30-Jan-2025,51.85,51.99,53.48,51.51,53.0,52.81,52.83,12094,6.39,256, 8081, 66.82,1.85
BIOFILCHEM, EQ, 30-Mar-2020,7.05,7.15,7.35,6.9, 7.30,7.3,6.97,4225,0.29,44, 3835, 90.77,3.55
BIOFILCHEM, EQ, 30-Mar-2022,58.9,59.0,61.05,55.65, 56.00,57.0,58.24,72148,42.02,840, 55708, 77.21,-3.23
BIOFILCHEM, EQ, 30-Apr-2020,15.85,16.6,16.6,15.1,15.1,15.1,15.58,94158,14.67,328, 85261, 90.55,-4.73
BIOFILCHEM, EQ, 30-Apr-2021,77.95,74.1,77.0,74.1,74.1,74.1,74.45,98675,73.46,1293, 65123, 66.00,-4.94
BIOFILCHEM, EQ, 30-Apr-2024,71.6,72.55,73.6,70.15, 70.30,70.4,71.0,27548,19.56,475, 20200, 73.33,-1.68
BIOFILCHEM, EQ, 30-May-2022,55.5,54.0,58.05,54.0, 57.60,57.2,56.81,13661,7.76,250, 7148, 52.32,3.06
BIOFILCHEM, EQ, 30-May-2023,43.55,43.55,46.75,43.05, 45.45,45.15,45.86,104821,48.07,1015, 56876, 54.26,3.67
BIOFILCHEM, EQ, 30-May-2024,63.6,63.6,65.8,63.0,63.0,63.2,64.21,18626,11.96,439, 11365, 61.02,-0.63
BIOFILCHEM, EQ, 30-Jun-2021,68.65,69.3,69.85,67.5, 68.35,67.95,68.34,25998,17.77,487, 18689, 71.89,-1.02
BIOFILCHEM, EQ, 30-Jun-2022,51.65,51.0,52.2,50.1,50.5,50.8,50.98,15440,7.87,299, 7488, 48.50,-1.65
BIOFILCHEM, EQ, 30-Jun-2023,44.3,45.9,47.1,44.2, 44.25,44.4,45.48,129412,58.86,1517, 66480, 51.37,0.23
BIOFILCHEM, EQ, 30-Jul-2021,71.95,72.15,72.2,69.55, 69.80,70.25,70.74,36808,26.04,1143, 23448, 63.70,-2.36
BIOFILCHEM, EQ, 30-Jul-2024,63.83,63.8,68.36,63.19,66.9,67.15,66.36,199297,132.25,2840, 68346, 34.29,5.2
BIOFILCHEM, EQ, 30-Aug-2021,64.65,66.75,66.75,63.3, 64.05,63.85,63.98,26293,16.82,767, 18774, 71.40,-1.24
BIOFILCHEM, EQ, 30-Aug-2022,51.55,52.3,52.4,51.2, 51.30,51.85,51.77,17271,8.94,287, 9560, 55.35,0.58
BIOFILCHEM, EQ, 30-Aug-2023,49.05,49.5,49.95,47.65, 48.80,48.3,49.29,63363,31.23,1011, 38757, 61.17,-1.53
BIOFILCHEM, EQ, 30-Aug-2024,64.76,64.76,66.5,64.34,65.0,65.18,65.37,24372,15.93,630, 14395, 59.06,0.65
BIOFILCHEM, EQ, 30-Sep-2021,63.05,63.0,64.2,62.5, 63.20,62.8,63.19,26968,17.04,547, 19618, 72.75,-0.4
BIOFILCHEM, EQ, 30-Sep-2022,47.9,47.9,48.5,47.6, 47.70,47.8,47.93,7374,3.53,202, 5256, 71.28,-0.21
BIOFILCHEM, EQ, 30-Sep-2024,80.39,79.98,84.0,76.51,82.0,81.95,80.57,223294,179.92,2642, 93665, 41.95,1.94
BIOFILCHEM, EQ, 30-Oct-2023,47.3,48.9,48.9,46.85, 47.45,47.65,47.67,9390,4.48,360, 3143, 33.47,0.74
BIOFILCHEM, EQ, 30-Oct-2024,66.47,66.79,68.5,65.81,67.99,67.15,67.24,21708,14.6,748, 12105, 55.76,1.02
BIOFILCHEM, EQ, 30-Nov-2021,57.65,57.0,60.7,57.0,60.0,60.05,59.43,21033,12.5,470, 12252, 58.25,4.16
BIOFILCHEM, EQ, 30-Nov-2022,56.6,56.05,58.5,55.5,56.1,56.0,56.86,68986,39.23,954, 35942, 52.10,-1.06
BIOFILCHEM, EQ, 30-Nov-2023,54.1,54.2,55.4,50.55, 52.90,52.95,53.61,151185,81.04,2407, 76884, 50.85,-2.13
BIOFILCHEM, EQ, 30-Dec-2021,61.6,62.95,62.95,60.15, 60.15,60.5,61.22,95961,58.75,864, 76212, 79.42,-1.79
BIOFILCHEM, EQ, 30-Dec-2022,55.4,55.6,57.0,54.55,55.2,55.2,55.65,45056,25.07,839, 22395, 49.70,-0.36
BIOFILCHEM, EQ, 30-Dec-2024,59.64,59.88,59.88,56.5,57.35,56.99,57.76,51143,29.54,1150, 34299, 67.06,-4.44
BIOFILCHEM, EQ, 31-Jan-2022,77.35,77.0,82.0,77.0,78.05,78.1,78.64,84372,66.35,1933, 41231, 48.87,0.97
BIOFILCHEM, EQ, 31-Jan-2023,49.95,50.95,50.95,48.0,50.5,49.75,49.2,26424,13.0,663, 14533, 55.00,-0.4
BIOFILCHEM, EQ, 31-Jan-2024,70.55,70.6,72.0,66.15, 68.80,67.25,69.35,227998,158.12,2627, 137419, 60.27,-4.68
BIOFILCHEM, EQ, 31-Jan-2025,52.81,53.19,56.44,53.19,55.51,55.55,54.85,16207,8.89,379, 10784, 66.54,5.19
BIOFILCHEM, EQ, 31-Mar-2020,7.3,7.05,7.6,6.95,7.6,7.5,7.1,8433,0.6,106, 7543, 89.45,2.74
BIOFILCHEM, EQ, 31-Mar-2022,57.0,57.5,59.1,57.0, 58.00,57.65,57.94,57439,33.28,862, 39298, 68.42,1.14
BIOFILCHEM, EQ, 31-Mar-2023,41.8,42.5,43.95,40.35, 41.30,41.4,41.69,27066,11.28,564, 15406, 56.92,-0.96
BIOFILCHEM, EQ, 31-May-2021,69.65,70.6,70.6,67.55, 68.50,68.4,68.4,48788,33.37,988, 29217, 59.89,-1.79
BIOFILCHEM, EQ, 31-May-2022,57.2,56.0,58.4,56.0, 56.55,57.1,57.05,12376,7.06,343, 5855, 47.31,-0.17
BIOFILCHEM, EQ, 31-May-2023,45.15,45.2,45.25,43.5, 44.40,44.6,44.42,25781,11.45,408, 17149, 66.52,-1.22
BIOFILCHEM, EQ, 31-May-2024,63.2,65.2,65.2,61.65,62.8,62.55,62.83,17355,10.9,426, 11171, 64.37,-1.03
BIOFILCHEM, EQ, 31-Jul-2023,45.75,45.15,46.95,45.15, 46.90,46.15,46.16,16710,7.71,353, 9027, 54.02,0.87
BIOFILCHEM, EQ, 31-Jul-2024,67.15,68.9,70.5,64.7,67.0,66.63,67.14,105011,70.51,2951, 28084, 26.74,-0.77
BIOFILCHEM, EQ, 31-Aug-2021,63.85,64.25,64.25,63.25,63.8,63.35,63.58,11039,7.02,352, 7672, 69.50,-0.78
BIOFILCHEM, EQ, 31-Aug-2023,48.3,48.55,49.5,47.3, 47.60,47.95,48.22,42209,20.35,623, 26192, 62.05,-0.72
BIOFILCHEM, EQ, 31-Oct-2022,47.0,47.0,56.4,47.0,56.4,56.4,55.19,457948,252.73,4061, 169343, 36.98,20.0
BIOFILCHEM, EQ, 31-Oct-2023,47.65,47.25,48.0,46.8, 47.05,47.0,47.37,6575,3.11,277, 3892, 59.19,-1.36
BIOFILCHEM, EQ, 31-Oct-2024,67.15,67.47,70.25,66.51,68.8,69.35,68.26,39129,26.71,694, 23196, 59.28,3.28
BIOFILCHEM, EQ, 31-Dec-2021,60.5,61.95,63.15,61.15,61.3,62.35,62.42,55849,34.86,1123, 35625, 63.79,3.06
BIOFILCHEM, EQ, 31-Dec-2024,56.99,56.5,58.4,56.5,57.21,57.45,57.41,27314,15.68,593, 14051, 51.44,0.81
