SYMBOL, SERIES, DATE1, PREV_CLOSE, OPEN_PRICE, HIGH_PRICE, LOW_PRICE, LAST_PRICE, CLOSE_PRICE, AVG_PRICE, TTL_TRD_QNTY, TURNOVER_LACS, NO_OF_TRADES, DELIV_QTY, DELIV_PER,PER_CHANGE
BOMDYEING, EQ, 01-Jan-2020,79.35,78.4,79.2,76.6, 77.60,77.7,77.81,954662,742.83,7178, 239682, 25.11,-2.08
BOMDYEING, EQ, 01-Jan-2021,79.55,79.15,80.4,78.05, 78.70,78.85,79.05,2892541,2286.69,14852, 730215, 25.24,-0.88
BOMDYEING, EQ, 01-Jan-2024,154.0,155.0,158.55,154.2, 155.05,155.5,156.43,1899153,2970.91,19391, 906541, 47.73,0.97
BOMDYEING, EQ, 01-Jan-2025,188.56,189.9,198.95,189.89,195.45,195.63,196.23,1785480,3503.73,23095, 470103, 26.33,3.75
BOMDYEING, EQ, 01-Feb-2021,73.85,74.3,76.3,72.9, 75.75,75.75,74.73,1802633,1347.17,12351, 352515, 19.56,2.57
BOMDYEING, EQ, 01-Feb-2022,109.55,110.4,111.2,107.6,108.75,109.1,109.65,3509811,3848.58,20914, 1033462, 29.44,-0.41
BOMDYEING, EQ, 01-Feb-2023,73.05,73.15,74.75,70.1, 71.40,71.5,72.87,733687,534.62,5262, 214961, 29.30,-2.12
BOMDYEING, EQ, 01-Feb-2024,185.7,186.3,188.95,180.9, 183.45,184.3,184.58,2371566,4377.5,25279, 1072618, 45.23,-0.75
BOMDYEING, EQ, 01-Mar-2021,73.9,74.6,77.5,74.45, 76.40,76.35,76.4,3117259,2381.64,19797, 945584, 30.33,3.32
BOMDYEING, EQ, 01-Mar-2023,65.7,65.85,67.4,65.65, 66.95,66.9,66.9,410020,274.31,3148, 191438, 46.69,1.83
BOMDYEING, EQ, 01-Mar-2024,173.3,174.9,187.5,174.9, 185.40,185.2,183.68,3201859,5881.1,32970, 1759980, 54.97,6.87
BOMDYEING, EQ, 01-Apr-2020,45.8,45.1,46.5,44.5,45.55,45.75,45.52,572537,260.6,4743, 217795, 38.04,-0.11
BOMDYEING, EQ, 01-Apr-2021,70.2,70.7,73.5,70.6, 73.45,73.35,72.58,2408721,1748.28,11661, 639524, 26.55,4.49
BOMDYEING, EQ, 01-Apr-2022,98.45,98.55,102.7,98.2, 101.85,102.05,101.01,2925623,2955.2,16976, 940497, 32.15,3.66
BOMDYEING, EQ, 01-Apr-2024,158.25,161.95,163.65,159.7, 161.75,161.65,162.16,1000200,1621.91,11518, 612126, 61.20,2.15
BOMDYEING, EQ, 01-Apr-2025,129.72,129.0,135.49,128.8,134.7,134.64,133.86,884308,1183.71,14931, 307936, 34.82,3.79
BOMDYEING, EQ, 01-Jun-2020,47.7,48.3,50.05,48.3, 50.05,50.05,49.64,707469,351.17,3247, 448923, 63.45,4.93
BOMDYEING, EQ, 01-Jun-2021,79.7,79.8,80.6,77.05, 77.30,77.4,78.68,2518816,1981.78,12124, 820637, 32.58,-2.89
BOMDYEING, EQ, 01-Jun-2022,104.55,104.6,107.9,104.5,106.65,106.85,106.32,2164645,2301.35,12441, 398128, 18.39,2.2
BOMDYEING, EQ, 01-Jun-2023,83.05,83.7,85.85,83.2, 83.40,83.6,84.44,2040198,1722.7,9494, 837366, 41.04,0.66
BOMDYEING, EQ, 01-Jul-2020,72.35,72.55,73.45,71.05, 72.30,72.4,72.33,1566556,1133.11,8662, 477689, 30.49,0.07
BOMDYEING, EQ, 01-Jul-2021,86.3,86.8,87.45,84.65, 85.10,85.0,86.14,2150928,1852.77,10755, 691158, 32.13,-1.51
BOMDYEING, EQ, 01-Jul-2022,95.55,94.25,96.2,93.0,93.7,93.65,94.05,1501000,1411.76,10575, 427670, 28.49,-1.99
BOMDYEING, EQ, 01-Jul-2024,211.02,213.99,217.0,209.3,214.3,214.47,214.07,6008156,12861.47,46684, 1976173, 32.89,1.63
BOMDYEING, EQ, 01-Aug-2022,98.35,98.85,100.75,98.25, 99.85,99.8,99.73,1999823,1994.43,10119, 628761, 31.44,1.47
BOMDYEING, EQ, 01-Aug-2023,113.0,113.5,115.6,113.1, 114.30,114.15,114.3,1864354,2130.89,9191, 626489, 33.60,1.02
BOMDYEING, EQ, 01-Aug-2024,232.83,234.5,235.4,221.0,224.97,225.46,228.59,5946977,13594.04,64364, 1431773, 24.08,-3.17
BOMDYEING, EQ, 01-Sep-2020,68.6,68.9,68.9,65.4, 67.55,67.4,66.82,1271236,849.4,8653, 418862, 32.95,-1.75
BOMDYEING, EQ, 01-Sep-2021,92.1,92.1,96.5,90.55,94.0,94.5,93.85,6564168,6160.26,31744, 1174509, 17.89,2.61
BOMDYEING, EQ, 01-Sep-2022,100.15,99.75,101.2,97.0,98.3,98.05,98.93,2848906,2818.44,13433, 1417432, 49.75,-2.1
BOMDYEING, EQ, 01-Sep-2023,131.85,131.8,139.55,131.8, 137.00,137.5,137.29,5527360,7588.67,30033, 1679221, 30.38,4.29
BOMDYEING, EQ, 01-Oct-2020,62.95,63.7,64.4,63.35, 63.75,63.8,63.77,603192,384.67,3218, 163305, 27.07,1.35
BOMDYEING, EQ, 01-Oct-2021,93.75,93.1,93.8,92.15, 92.30,92.5,92.89,1795013,1667.37,9321, 552492, 30.78,-1.33
BOMDYEING, EQ, 01-Oct-2024,224.7,225.45,232.5,224.7,226.9,226.75,228.72,4102717,9383.82,46648, 1098943, 26.79,0.91
BOMDYEING, EQ, 01-Nov-2021,91.9,92.5,95.45,92.35, 94.25,94.45,93.88,2187898,2054.06,13669, 378433, 17.30,2.77
BOMDYEING, EQ, 01-Nov-2022,81.6,81.6,82.4,79.1,79.85,79.75,80.13,2221744,1780.23,12663, 1035769, 46.62,-2.27
BOMDYEING, EQ, 01-Nov-2023,159.8,160.25,164.8,159.15, 159.65,160.8,162.02,4040935,6547.27,28992, 1262486, 31.24,0.63
BOMDYEING, EQ, 01-Dec-2020,71.0,71.1,72.25,70.55,71.05,71.2,71.37,1678788,1198.14,8206, 539221, 32.12,0.28
BOMDYEING, EQ, 01-Dec-2021,83.05,84.0,84.3,82.5,83.25,83.0,83.29,1091352,909.04,7921, 294515, 26.99,-0.06
BOMDYEING, EQ, 01-Dec-2022,81.7,82.3,84.0,81.6,82.4,82.45,82.57,1909725,1576.86,9080, 567085, 29.69,0.92
BOMDYEING, EQ, 01-Dec-2023,154.6,156.35,159.45,150.25, 152.95,152.75,154.63,2379710,3679.72,21031, 1254510, 52.72,-1.2
BOMDYEING, EQ, 02-Jan-2020,77.7,78.0,85.3,76.35, 82.70,83.1,81.71,6494415,5306.86,32138, 1381461, 21.27,6.95
BOMDYEING, EQ, 02-Jan-2023,79.25,79.0,80.6,78.9, 79.60,79.8,79.77,623613,497.49,4960, 171143, 27.44,0.69
BOMDYEING, EQ, 02-Jan-2024,155.5,155.5,156.4,151.8, 153.60,153.55,153.86,919955,1415.44,11272, 404128, 43.93,-1.25
BOMDYEING, EQ, 02-Jan-2025,195.63,195.45,198.28,193.2,195.5,195.89,195.77,1438208,2815.6,15311, 845272, 58.77,0.13
BOMDYEING, EQ, 02-Feb-2021,75.75,76.5,77.6,75.8, 76.75,76.8,76.67,1833957,1406.17,10870, 496553, 27.08,1.39
BOMDYEING, EQ, 02-Feb-2022,109.1,109.3,119.6,109.3, 118.50,118.75,116.17,9337746,10848.1,51780, 3126730, 33.48,8.85
BOMDYEING, EQ, 02-Feb-2023,71.5,71.5,72.45,70.85, 71.45,71.8,71.74,540315,387.65,3800, 134887, 24.96,0.42
BOMDYEING, EQ, 02-Feb-2024,184.3,185.25,186.1,178.85, 179.95,179.9,182.32,2026705,3695.08,14281, 1267774, 62.55,-2.39
BOMDYEING, EQ, 02-Mar-2020,69.05,70.65,73.85,68.1, 69.45,68.95,71.24,1487144,1059.41,11080, 429027, 28.85,-0.14
BOMDYEING, EQ, 02-Mar-2021,76.35,77.0,83.2,75.8,80.2,80.0,80.25,11461069,9198.02,49842, 3155065, 27.53,4.78
BOMDYEING, EQ, 02-Mar-2022,96.7,95.0,98.95,94.55, 98.15,97.9,97.31,2949365,2869.89,16004, 591193, 20.04,1.24
BOMDYEING, EQ, 02-Mar-2023,66.9,67.2,67.2,65.45, 65.75,65.7,66.25,359603,238.24,3132, 154769, 43.04,-1.79
BOMDYEING, EQ, 02-Apr-2024,161.65,162.0,168.6,159.2, 167.20,166.85,164.65,2316626,3814.42,20370, 786640, 33.96,3.22
BOMDYEING, EQ, 02-Apr-2025,134.64,134.64,139.2,130.61,136.7,136.43,135.68,1195829,1622.52,18009, 368028, 30.78,1.33
BOMDYEING, EQ, 02-May-2022,124.25,122.8,122.9,116.6,120.75,120.6,119.39,2866977,3422.98,22286, 1137679, 39.68,-2.94
BOMDYEING, EQ, 02-May-2023,92.2,92.7,94.45,89.35, 91.50,91.7,92.24,4375834,4036.44,17490, 1374007, 31.40,-0.54
BOMDYEING, EQ, 02-May-2024,173.05,173.9,174.45,170.75, 171.80,172.2,172.12,1007791,1734.62,14018, 537499, 53.33,-0.49
BOMDYEING, EQ, 02-Jun-2020,50.05,52.55,52.55,51.05,52.55,52.55,52.37,605139,316.93,2662, 436922, 72.20,5.0
BOMDYEING, EQ, 02-Jun-2021,77.4,77.2,83.95,76.65, 83.50,82.7,80.3,3827846,3073.81,18418, 1431459, 37.40,6.85
BOMDYEING, EQ, 02-Jun-2022,106.85,106.05,121.9,106.05,119.9,120.65,116.38,15933296,18543.61,78627, 2406526, 15.10,12.92
BOMDYEING, EQ, 02-Jun-2023,83.6,84.0,84.6,83.05, 83.60,84.0,83.83,739535,619.95,4132, 255092, 34.49,0.48
BOMDYEING, EQ, 02-Jul-2020,72.4,73.0,75.2,72.2, 73.15,73.1,73.52,2067839,1520.2,11556, 547295, 26.47,0.97
BOMDYEING, EQ, 02-Jul-2021,85.0,85.55,87.25,84.5,84.85,84.8,85.73,2601066,2229.96,12051, 785941, 30.22,-0.24
BOMDYEING, EQ, 02-Jul-2024,214.47,213.0,219.3,208.1,216.13,216.58,214.04,5525886,11827.83,48732, 1453860, 26.31,0.98
BOMDYEING, EQ, 02-Aug-2021,104.55,105.35,111.7,104.35,107.6,109.95,108.36,11254187,12194.62,49766, 2375666, 21.11,5.16
BOMDYEING, EQ, 02-Aug-2022,99.8,99.8,104.0,99.15,103.05,103.15,102.36,4369498,4472.77,20992, 1378680, 31.55,3.36
BOMDYEING, EQ, 02-Aug-2023,114.15,113.85,115.9,108.3, 110.40,110.2,111.99,3210517,3595.49,17880, 1396525, 43.50,-3.46
BOMDYEING, EQ, 02-Aug-2024,225.46,218.12,228.65,218.0,223.59,223.73,224.25,2166257,4857.8,27784, 628349, 29.01,-0.77
BOMDYEING, EQ, 02-Sep-2020,67.4,67.95,68.85,66.65, 68.65,68.4,67.93,1110015,754.04,6965, 279975, 25.22,1.48
BOMDYEING, EQ, 02-Sep-2021,94.5,94.1,95.4,93.2, 93.25,93.55,94.3,3010479,2838.93,14416, 598172, 19.87,-1.01
BOMDYEING, EQ, 02-Sep-2022,98.05,98.8,100.0,98.1,98.7,98.65,98.92,1663949,1645.9,8626, 472492, 28.40,0.61
BOMDYEING, EQ, 02-Sep-2024,215.69,215.69,216.48,211.0,212.25,212.81,213.28,1233940,2631.73,15609, 490760, 39.77,-1.34
BOMDYEING, EQ, 02-Nov-2020,61.75,62.1,62.25,60.9, 61.25,61.4,61.38,643238,394.79,4045, 177138, 27.54,-0.57
BOMDYEING, EQ, 02-Nov-2021,94.45,94.8,96.85,94.35, 95.25,95.35,95.76,3617845,3464.5,24151, 626007, 17.30,0.95
BOMDYEING, EQ, 02-Nov-2022,79.75,80.2,83.45,80.15,82.25,82.45,82.31,2373483,1953.56,13007, 611844, 25.78,3.39
BOMDYEING, EQ, 02-Nov-2023,160.8,162.0,167.9,161.0, 161.40,162.0,164.62,4914626,8090.57,35516, 1154591, 23.49,0.75
BOMDYEING, EQ, 02-Dec-2020,71.2,71.3,71.75,70.3, 70.85,71.0,70.98,1510323,1072.03,7404, 554979, 36.75,-0.28
BOMDYEING, EQ, 02-Dec-2021,83.0,83.4,86.8,83.15, 86.20,85.65,85.06,1779514,1513.71,11518, 460048, 25.85,3.19
BOMDYEING, EQ, 02-Dec-2022,82.45,82.7,86.45,82.5, 85.30,85.3,85.01,5377676,4571.35,22489, 1615057, 30.03,3.46
BOMDYEING, EQ, 02-Dec-2024,211.28,211.49,215.8,210.0,214.1,214.2,213.59,1066618,2278.21,13136, 326811, 30.64,1.38
BOMDYEING, EQ, 03-Jan-2020,83.1,82.5,87.0,81.1, 83.05,83.25,84.56,5062323,4280.87,27380, 1181037, 23.33,0.18
BOMDYEING, EQ, 03-Jan-2022,109.7,110.35,112.3,109.2, 110.60,110.6,110.68,4419086,4890.98,26056, 1205248, 27.27,0.82
BOMDYEING, EQ, 03-Jan-2023,79.8,80.0,81.05,80.0, 80.15,80.3,80.45,759211,610.79,4021, 249282, 32.83,0.63
BOMDYEING, EQ, 03-Jan-2024,153.55,152.65,154.0,152.0, 152.60,152.95,152.89,679290,1038.58,8201, 334272, 49.21,-0.39
BOMDYEING, EQ, 03-Jan-2025,195.89,196.1,198.9,193.45,193.75,193.94,195.83,697156,1365.25,10708, 279819, 40.14,-1.0
BOMDYEING, EQ, 03-Feb-2020,85.15,84.75,87.4,81.5, 84.00,83.5,84.61,3432486,2904.36,32876, 816513, 23.79,-1.94
BOMDYEING, EQ, 03-Feb-2021,76.8,77.3,78.0,75.35, 75.65,75.65,76.63,1444622,1107.01,7550, 612443, 42.39,-1.5
BOMDYEING, EQ, 03-Feb-2022,118.75,119.0,126.8,115.2, 123.50,123.95,122.8,19306292,23708.15,108908, 4949959, 25.64,4.38
BOMDYEING, EQ, 03-Feb-2023,71.8,71.6,72.5,70.5, 71.40,71.4,71.28,532903,379.86,3754, 207263, 38.89,-0.56
BOMDYEING, EQ, 03-Feb-2025,159.42,157.0,160.67,153.68,153.88,155.33,155.7,753435,1173.12,19058, 270809, 35.94,-2.57
BOMDYEING, EQ, 03-Mar-2020,68.95,71.4,73.9,70.55, 72.70,72.8,72.28,3518611,2543.38,24125, 665481, 18.91,5.58
BOMDYEING, EQ, 03-Mar-2021,80.0,80.7,88.2,80.05,84.7,84.25,85.29,22131332,18875.58,93031, 5628702, 25.43,5.31
BOMDYEING, EQ, 03-Mar-2022,97.9,100.0,105.9,99.2,101.75,102.05,102.82,6836582,7029.13,36553, 1104866, 16.16,4.24
BOMDYEING, EQ, 03-Mar-2023,65.7,66.05,67.15,65.85, 66.75,66.75,66.68,421774,281.25,3247, 181712, 43.08,1.6
BOMDYEING, EQ, 03-Mar-2025,126.9,127.0,129.29,120.0,123.45,123.43,123.08,1404358,1728.53,22184, 559036, 39.81,-2.73
BOMDYEING, EQ, 03-Apr-2020,45.75,46.6,48.0,45.8, 46.90,46.6,46.88,1035174,485.25,8343, 308949, 29.85,1.86
BOMDYEING, EQ, 03-Apr-2023,56.75,57.0,60.6,56.95, 60.60,60.15,58.91,1263252,744.18,6590, 364071, 28.82,5.99
BOMDYEING, EQ, 03-Apr-2024,166.85,165.15,179.8,165.0, 175.60,175.1,173.05,3506130,6067.41,31776, 1752962, 50.00,4.94
BOMDYEING, EQ, 03-Apr-2025,136.43,134.9,141.68,134.5,140.55,140.57,139.61,1779937,2484.89,24127, 574655, 32.29,3.03
BOMDYEING, EQ, 03-May-2021,66.2,65.1,67.9,65.05,67.25,67.35,66.73,1635049,1091.01,8190, 447190, 27.35,1.74
BOMDYEING, EQ, 03-May-2023,91.7,87.5,91.7,87.1,87.8,88.1,89.4,4889776,4371.4,18591, 1754975, 35.89,-3.93
BOMDYEING, EQ, 03-May-2024,172.2,173.4,180.95,172.55, 179.60,178.5,177.46,4636396,8227.86,40153, 2046726, 44.14,3.66
BOMDYEING, EQ, 03-Jun-2020,52.55,55.15,55.15,54.15,55.15,55.15,55.1,799710,440.65,2921, 621828, 77.76,4.95
BOMDYEING, EQ, 03-Jun-2021,82.7,84.7,85.4,82.05, 82.35,82.6,83.77,5646172,4729.88,27211, 1894885, 33.56,-0.12
BOMDYEING, EQ, 03-Jun-2022,120.65,120.65,121.5,112.5, 114.00,113.55,116.93,7285871,8519.5,41311, 1523857, 20.92,-5.88
BOMDYEING, EQ, 03-Jun-2024,164.2,171.0,171.85,165.4,166.8,166.95,167.26,1127600,1885.97,13168, 503926, 44.69,1.67
BOMDYEING, EQ, 03-Jul-2020,73.1,73.1,73.9,72.0, 72.15,72.55,72.89,1340497,977.13,7338, 400196, 29.85,-0.75
BOMDYEING, EQ, 03-Jul-2023,108.5,108.85,110.9,105.95, 109.15,109.45,108.48,3344490,3628.07,14266, 1294750, 38.71,0.88
BOMDYEING, EQ, 03-Jul-2024,216.58,217.0,221.2,214.23,218.1,218.81,218.36,5027350,10977.8,42597, 1570858, 31.25,1.03
BOMDYEING, EQ, 03-Aug-2020,59.0,58.3,62.4,58.3,61.8,61.75,61.1,2155094,1316.75,10432, 626471, 29.07,4.66
BOMDYEING, EQ, 03-Aug-2021,109.95,108.0,110.75,106.75,107.2,107.95,108.47,6941137,7528.92,32072, 1605205, 23.13,-1.82
BOMDYEING, EQ, 03-Aug-2022,103.15,103.5,103.9,99.6, 101.00,101.15,101.5,1877608,1905.74,9905, 619613, 33.00,-1.94
BOMDYEING, EQ, 03-Aug-2023,110.2,110.25,111.95,109.75, 111.15,111.4,110.78,1099402,1217.93,7575, 331390, 30.14,1.09
BOMDYEING, EQ, 03-Sep-2020,68.4,68.6,69.45,67.75, 68.30,68.3,68.62,1066196,731.65,5624, 276227, 25.91,-0.15
BOMDYEING, EQ, 03-Sep-2021,93.55,94.0,95.75,93.15, 93.70,94.1,94.34,3535631,3335.5,19257, 558816, 15.81,0.59
BOMDYEING, EQ, 03-Sep-2024,212.81,213.15,218.25,212.19,213.51,214.19,215.69,2332810,5031.66,27285, 557762, 23.91,0.65
BOMDYEING, EQ, 03-Oct-2022,96.3,96.15,97.15,94.8,95.8,95.85,96.14,1053325,1012.71,5949, 299311, 28.42,-0.47
BOMDYEING, EQ, 03-Oct-2023,143.7,143.65,145.75,142.15, 142.40,142.6,143.35,1403186,2011.53,9577, 456710, 32.55,-0.77
BOMDYEING, EQ, 03-Oct-2024,226.75,222.8,237.5,220.1,231.8,231.67,232.08,8273929,19202.45,79712, 2316995, 28.00,2.17
BOMDYEING, EQ, 03-Nov-2020,61.4,61.8,63.0,61.6,62.05,62.3,62.21,554291,344.83,5638, 147990, 26.70,1.47
BOMDYEING, EQ, 03-Nov-2021,95.35,94.55,97.5,94.1, 94.80,94.85,95.77,2877455,2755.75,16962, 665300, 23.12,-0.52
BOMDYEING, EQ, 03-Nov-2022,82.45,82.0,83.65,81.5,83.3,83.3,82.98,1042734,865.27,6074, 327915, 31.45,1.03
BOMDYEING, EQ, 03-Nov-2023,162.0,162.8,163.9,156.05, 156.50,156.6,159.25,3542589,5641.52,24143, 1218380, 34.39,-3.33
BOMDYEING, EQ, 03-Dec-2020,71.0,71.3,74.25,71.3,71.95,72.0,72.9,3709022,2704.03,15474, 1381741, 37.25,1.41
BOMDYEING, EQ, 03-Dec-2021,85.65,86.05,90.35,85.8, 86.15,86.7,88.57,3000185,2657.23,17865, 638318, 21.28,1.23
BOMDYEING, EQ, 03-Dec-2024,214.2,214.45,217.43,212.53,214.5,213.95,215.23,838150,1803.94,10825, 305588, 36.46,-0.12
BOMDYEING, EQ, 04-Jan-2021,78.85,79.0,80.1,76.75,78.0,78.2,78.53,2951488,2317.66,13649, 831641, 28.18,-0.82
BOMDYEING, EQ, 04-Jan-2022,110.6,110.9,111.4,107.15, 107.40,107.5,108.9,3445886,3752.71,19320, 906163, 26.30,-2.8
BOMDYEING, EQ, 04-Jan-2023,80.3,80.5,80.85,78.5, 78.65,78.75,79.22,792040,627.44,4555, 283372, 35.78,-1.93
BOMDYEING, EQ, 04-Jan-2024,152.95,153.1,162.35,153.1, 161.90,161.1,158.89,7256907,11530.32,53756, 3113162, 42.90,5.33
BOMDYEING, EQ, 04-Feb-2020,83.5,84.55,87.7,84.55, 87.50,86.5,86.12,1764375,1519.51,11446, 572409, 32.44,3.59
BOMDYEING, EQ, 04-Feb-2021,75.65,76.2,77.8,75.6, 76.85,76.75,76.87,1787170,1373.87,10584, 442009, 24.73,1.45
BOMDYEING, EQ, 04-Feb-2022,123.95,124.7,127.4,122.05, 123.55,124.0,124.73,10728688,13381.45,60617, 2355352, 21.95,0.04
BOMDYEING, EQ, 04-Feb-2025,155.33,160.0,164.74,158.02,159.1,159.31,161.12,1712128,2758.52,29474, 445596, 26.03,2.56
BOMDYEING, EQ, 04-Mar-2020,72.8,72.75,72.95,68.35, 70.05,70.0,70.44,1248762,879.59,15045, 412489, 33.03,-3.85
BOMDYEING, EQ, 04-Mar-2021,84.25,82.85,89.75,82.05, 85.80,86.4,86.92,11782582,10241.75,55649, 2888938, 24.52,2.55
BOMDYEING, EQ, 04-Mar-2022,102.05,99.35,102.4,99.0, 99.05,99.65,100.72,2487638,2505.44,16088, 425370, 17.10,-2.35
BOMDYEING, EQ, 04-Mar-2024,185.25,184.9,187.95,180.45, 187.10,187.3,185.64,1984805,3684.66,19405, 1018171, 51.30,1.11
BOMDYEING, EQ, 04-Mar-2025,123.43,121.51,128.51,120.27,125.99,126.63,125.7,1453219,1826.63,18981, 577829, 39.76,2.59
BOMDYEING, EQ, 04-Apr-2022,102.05,102.5,106.6,102.0,105.9,105.9,104.7,4816151,5042.35,25925, 1410916, 29.30,3.77
BOMDYEING, EQ, 04-Apr-2024,175.1,175.0,177.65,170.55, 171.10,171.5,173.24,1123212,1945.84,12227, 575915, 51.27,-2.06
BOMDYEING, EQ, 04-Apr-2025,140.57,138.1,140.75,129.0,131.82,130.93,133.26,1581408,2107.4,23751, 712172, 45.03,-6.86
BOMDYEING, EQ, 04-May-2020,51.6,50.5,50.5,49.15, 49.25,49.35,49.55,551638,273.33,3874, 293754, 53.25,-4.36
BOMDYEING, EQ, 04-May-2021,67.35,67.9,69.0,66.7, 67.10,67.1,67.95,1335453,907.43,6691, 385845, 28.89,-0.37
BOMDYEING, EQ, 04-May-2022,120.6,121.3,125.75,114.0,122.0,118.15,120.83,4427005,5349.2,36566, 1312741, 29.65,-2.03
BOMDYEING, EQ, 04-May-2023,88.1,88.95,88.95,85.0, 86.50,86.1,87.04,2037041,1773.11,9352, 759411, 37.28,-2.27
BOMDYEING, EQ, 04-Jun-2020,55.15,57.5,57.9,53.15,57.9,57.6,55.92,2414290,1350.01,12577, 1164851, 48.25,4.44
BOMDYEING, EQ, 04-Jun-2021,82.6,83.0,83.2,80.8, 81.35,81.7,81.68,2062027,1684.17,9771, 661544, 32.08,-1.09
BOMDYEING, EQ, 04-Jun-2024,166.95,165.25,165.7,134.1,148.1,147.4,148.52,3456705,5133.89,31783, 1410410, 40.80,-11.71
BOMDYEING, EQ, 04-Jul-2022,93.65,94.35,95.15,93.45,94.7,94.5,94.27,1146853,1081.08,7141, 200286, 17.46,0.91
BOMDYEING, EQ, 04-Jul-2023,109.45,110.5,111.45,108.0, 110.00,110.2,109.92,3631258,3991.56,13620, 1470470, 40.49,0.69
BOMDYEING, EQ, 04-Jul-2024,218.81,219.0,220.01,213.85,213.92,214.62,216.15,2496467,5396.14,25797, 1033852, 41.41,-1.91
BOMDYEING, EQ, 04-Aug-2020,61.75,62.05,63.4,61.3,63.1,62.85,62.46,1577800,985.55,7788, 514882, 32.63,1.78
BOMDYEING, EQ, 04-Aug-2021,107.95,107.95,108.45,101.7,101.9,102.65,104.83,5335709,5593.47,28053, 1647739, 30.88,-4.91
BOMDYEING, EQ, 04-Aug-2022,101.15,101.7,102.5,98.5,100.35,100.45,100.62,2107726,2120.74,9940, 610101, 28.95,-0.69
BOMDYEING, EQ, 04-Aug-2023,111.4,111.6,113.35,111.5, 112.10,112.5,112.46,1493917,1680.05,7440, 545010, 36.48,0.99
BOMDYEING, EQ, 04-Sep-2020,68.3,66.85,68.9,65.7,66.35,66.4,67.25,1225999,824.43,6889, 348305, 28.41,-2.78
BOMDYEING, EQ, 04-Sep-2023,137.5,138.0,139.4,135.1, 135.80,135.85,137.36,2926969,4020.6,15843, 1205208, 41.18,-1.2
BOMDYEING, EQ, 04-Sep-2024,214.19,211.05,214.39,207.8,210.99,211.2,212.32,1245282,2644.0,12609, 518664, 41.65,-1.4
BOMDYEING, EQ, 04-Oct-2021,92.5,93.0,94.8,92.7, 93.75,93.75,93.66,2174521,2036.64,12225, 533649, 24.54,1.35
BOMDYEING, EQ, 04-Oct-2022,95.85,96.75,98.45,96.75, 97.65,97.55,97.64,1016934,992.95,5759, 347429, 34.16,1.77
BOMDYEING, EQ, 04-Oct-2023,142.6,142.05,142.6,134.55, 138.60,138.8,138.85,1857105,2578.51,13409, 743725, 40.05,-2.66
BOMDYEING, EQ, 04-Oct-2024,231.67,233.02,237.86,225.3,227.25,226.84,232.9,6858249,15972.64,68286, 1844107, 26.89,-2.08
BOMDYEING, EQ, 04-Nov-2020,62.3,62.05,62.3,61.2,61.25,61.4,61.55,656247,403.93,3225, 286129, 43.60,-1.44
BOMDYEING, EQ, 04-Nov-2022,83.3,83.5,84.15,82.4,83.65,83.6,83.24,1054241,877.55,6121, 331272, 31.42,0.36
BOMDYEING, EQ, 04-Nov-2024,235.46,234.85,234.9,225.43,226.25,226.46,228.47,1379764,3152.36,25836, 482753, 34.99,-3.82
BOMDYEING, EQ, 04-Dec-2020,72.0,72.5,76.45,71.75, 73.15,73.45,74.02,5366601,3972.43,26514, 1731773, 32.27,2.01
BOMDYEING, EQ, 04-Dec-2023,152.75,154.15,157.1,152.3, 153.60,153.65,154.24,2032841,3135.53,19157, 839174, 41.28,0.59
BOMDYEING, EQ, 04-Dec-2024,213.95,214.49,217.82,209.5,211.5,211.12,213.25,1775793,3786.89,18084, 798331, 44.96,-1.32
BOMDYEING, EQ, 05-Jan-2021,78.2,77.45,78.6,76.55, 76.65,76.8,77.31,2607856,2016.08,11225, 870267, 33.37,-1.79
BOMDYEING, EQ, 05-Jan-2022,107.5,107.0,111.45,107.0, 108.30,108.5,109.2,5435570,5935.81,30522, 1254700, 23.08,0.93
BOMDYEING, EQ, 05-Jan-2023,78.75,78.75,79.2,77.85,78.75,78.7,78.51,612718,481.04,3562, 153378, 25.03,-0.06
BOMDYEING, EQ, 05-Jan-2024,161.1,162.0,164.4,158.3, 159.90,160.15,162.1,4148601,6724.98,33095, 2126246, 51.25,-0.59
BOMDYEING, EQ, 05-Feb-2020,86.5,87.25,90.1,87.0, 88.35,88.4,88.5,2963098,2622.37,17905, 896561, 30.26,2.2
BOMDYEING, EQ, 05-Feb-2021,76.75,77.05,77.7,75.6, 75.75,75.9,76.38,1593086,1216.87,10185, 508161, 31.90,-1.11
BOMDYEING, EQ, 05-Feb-2024,179.9,180.0,188.0,178.5, 183.15,181.75,183.46,1924961,3531.62,16098, 1039347, 53.99,1.03
BOMDYEING, EQ, 05-Feb-2025,159.31,162.1,164.22,161.08,162.1,162.06,162.48,685208,1113.34,12363, 265736, 38.78,1.73
BOMDYEING, EQ, 05-Mar-2020,70.0,71.0,71.9,69.4, 70.00,70.05,70.59,1209777,854.0,8463, 262396, 21.69,0.07
BOMDYEING, EQ, 05-Mar-2021,86.4,86.4,89.3,83.15,83.8,83.95,86.3,9499004,8197.39,44707, 1881843, 19.81,-2.84
BOMDYEING, EQ, 05-Mar-2024,187.3,186.85,187.75,180.35, 181.00,181.15,183.84,1115425,2050.63,13763, 589145, 52.82,-3.28
BOMDYEING, EQ, 05-Mar-2025,126.63,126.1,132.93,126.1,132.5,132.26,130.96,1156517,1514.52,15715, 475055, 41.08,4.45
BOMDYEING, EQ, 05-Apr-2021,73.35,72.4,73.15,70.05,71.25,71.15,71.32,1461925,1042.66,8593, 410974, 28.11,-3.0
BOMDYEING, EQ, 05-Apr-2022,105.9,106.7,106.75,104.0, 104.65,104.85,105.35,3168883,3338.47,16485, 823286, 25.98,-0.99
BOMDYEING, EQ, 05-Apr-2023,60.15,60.6,65.45,60.2, 65.10,65.05,63.35,2203954,1396.12,11615, 760052, 34.49,8.15
BOMDYEING, EQ, 05-Apr-2024,171.5,171.65,175.45,168.75, 170.60,170.85,171.62,948672,1628.11,13315, 386814, 40.77,-0.38
BOMDYEING, EQ, 05-May-2020,49.35,50.15,50.2,47.25, 47.80,47.7,48.61,436241,212.05,3725, 191554, 43.91,-3.34
BOMDYEING, EQ, 05-May-2021,67.1,67.65,67.9,66.6, 66.85,67.1,67.26,642048,431.82,3768, 225061, 35.05,0.0
BOMDYEING, EQ, 05-May-2022,118.15,121.0,123.75,117.0, 118.80,118.5,120.56,2190164,2640.53,14917, 994629, 45.41,0.3
BOMDYEING, EQ, 05-May-2023,86.1,83.4,84.4,81.1, 81.35,81.5,83.01,2735500,2270.69,11297, 935235, 34.19,-5.34
BOMDYEING, EQ, 05-Jun-2020,57.6,61.0,69.1,61.0, 69.10,67.8,65.59,9637823,6321.34,44686, 2517347, 26.12,17.71
BOMDYEING, EQ, 05-Jun-2023,84.0,84.5,85.8,84.25, 84.75,84.55,84.99,1446326,1229.17,5888, 835433, 57.76,0.65
BOMDYEING, EQ, 05-Jun-2024,147.4,151.95,159.4,143.75,154.7,154.3,152.12,2979382,4532.23,30933, 960564, 32.24,4.68
BOMDYEING, EQ, 05-Jul-2021,84.8,85.3,88.75,85.3, 87.75,87.55,87.15,3326023,2898.66,14708, 789491, 23.74,3.24
BOMDYEING, EQ, 05-Jul-2022,94.5,95.1,96.4,93.65,94.3,94.25,95.35,1447534,1380.16,10126, 366448, 25.32,-0.26
BOMDYEING, EQ, 05-Jul-2023,110.2,110.6,123.85,109.0,121.25,122.75,118.01,17491704,20641.55,65031, 5936981, 33.94,11.39
BOMDYEING, EQ, 05-Jul-2024,214.62,214.35,217.5,209.4,210.2,210.42,212.48,3231165,6865.68,32597, 1406439, 43.53,-1.96
BOMDYEING, EQ, 05-Aug-2020,62.85,63.4,65.4,63.05,64.4,64.55,64.27,1930518,1240.66,10589, 431480, 22.35,2.7
BOMDYEING, EQ, 05-Aug-2021,102.65,102.7,103.8,98.7,101.4,101.9,100.96,5163190,5212.8,28009, 868098, 16.81,-0.73
BOMDYEING, EQ, 05-Aug-2022,100.45,100.8,102.1,99.85,101.35,101.4,101.02,1589596,1605.75,8273, 327027, 20.57,0.95
BOMDYEING, EQ, 05-Aug-2024,223.73,218.0,220.0,207.6,209.7,209.9,213.16,2321938,4949.38,35663, 906051, 39.02,-6.18
BOMDYEING, EQ, 05-Sep-2022,98.65,99.0,108.55,98.95, 105.60,105.35,104.84,10378990,10880.86,45384, 2905144, 27.99,6.79
BOMDYEING, EQ, 05-Sep-2023,135.85,138.5,151.45,138.5, 148.10,148.45,147.32,16721403,24634.25,81139, 4164010, 24.90,9.27
BOMDYEING, EQ, 05-Sep-2024,211.2,212.28,215.75,208.53,209.35,209.46,211.43,1485916,3141.62,18386, 755983, 50.88,-0.82
BOMDYEING, EQ, 05-Oct-2020,63.8,63.9,64.6,63.2, 64.35,64.2,64.01,922713,590.63,4127, 267481, 28.99,0.63
BOMDYEING, EQ, 05-Oct-2021,93.75,93.55,96.45,93.5, 94.80,95.0,95.14,3259006,3100.67,16765, 753832, 23.13,1.33
BOMDYEING, EQ, 05-Oct-2023,138.8,140.0,144.95,138.2, 144.70,143.75,141.85,2393539,3395.27,14420, 881396, 36.82,3.57
BOMDYEING, EQ, 05-Nov-2020,61.4,62.05,62.8,61.65, 61.95,62.1,62.14,605194,376.04,3586, 180168, 29.77,1.14
BOMDYEING, EQ, 05-Nov-2024,226.46,225.85,232.6,223.33,230.7,231.35,228.31,1892461,4320.6,28123, 440087, 23.25,2.16
BOMDYEING, EQ, 05-Dec-2022,85.3,86.0,87.55,85.35, 86.35,86.3,86.32,2405753,2076.72,11964, 674378, 28.03,1.17
BOMDYEING, EQ, 05-Dec-2023,153.65,154.55,157.55,152.15, 153.30,153.05,154.23,1454148,2242.68,14463, 775586, 53.34,-0.39
BOMDYEING, EQ, 05-Dec-2024,211.12,212.0,213.7,211.06,212.25,211.83,212.33,807996,1715.6,14267, 332034, 41.09,0.34
BOMDYEING, EQ, 06-Jan-2020,83.25,81.45,82.85,78.1, 78.60,79.15,80.44,2380819,1915.15,24905, 651245, 27.35,-4.92
BOMDYEING, EQ, 06-Jan-2021,76.8,77.15,80.2,76.6, 78.30,78.4,78.51,4882590,3833.21,21528, 1326829, 27.17,2.08
BOMDYEING, EQ, 06-Jan-2022,108.5,107.0,110.5,106.5, 108.20,108.5,108.4,4718693,5115.17,28256, 1053310, 22.32,0.0
BOMDYEING, EQ, 06-Jan-2023,78.7,78.8,79.0,76.55,76.9,77.0,77.53,780194,604.85,4359, 335076, 42.95,-2.16
BOMDYEING, EQ, 06-Jan-2025,193.94,192.0,193.0,178.0,180.9,179.05,183.68,1480342,2719.07,24978, 700408, 47.31,-7.68
BOMDYEING, EQ, 06-Feb-2020,88.4,88.8,90.7,88.0, 89.00,89.2,89.22,2464059,2198.46,14394, 559132, 22.69,0.9
BOMDYEING, EQ, 06-Feb-2023,71.4,71.4,71.95,70.6, 71.60,71.15,71.15,503246,358.05,3818, 156844, 31.17,-0.35
BOMDYEING, EQ, 06-Feb-2024,181.75,182.95,187.0,181.0, 184.35,185.1,184.33,1473185,2715.46,11992, 658266, 44.68,1.84
BOMDYEING, EQ, 06-Feb-2025,162.06,162.7,163.05,159.46,161.0,160.95,160.85,471833,758.96,10268, 152671, 32.36,-0.68
BOMDYEING, EQ, 06-Mar-2020,70.05,67.9,67.9,65.6, 67.10,67.05,66.86,1047229,700.21,8621, 338447, 32.32,-4.28
BOMDYEING, EQ, 06-Mar-2023,66.75,67.0,68.25,66.9, 67.60,67.55,67.66,425287,287.77,3317, 192350, 45.23,1.2
BOMDYEING, EQ, 06-Mar-2024,181.15,180.85,181.9,167.2, 171.00,171.0,172.98,1635290,2828.69,21929, 829429, 50.72,-5.6
BOMDYEING, EQ, 06-Mar-2025,132.26,133.25,136.55,133.25,133.95,134.32,135.06,1407011,1900.32,15882, 866481, 61.58,1.56
BOMDYEING, EQ, 06-Apr-2021,71.15,71.5,72.25,70.5,71.6,71.45,71.39,1323076,944.57,6729, 301432, 22.78,0.42
BOMDYEING, EQ, 06-Apr-2022,104.85,104.3,108.85,103.6, 106.50,106.35,107.06,4625684,4952.3,21610, 1094148, 23.65,1.43
BOMDYEING, EQ, 06-Apr-2023,65.05,65.0,65.15,64.0, 64.80,64.8,64.57,879758,568.09,5587, 255903, 29.09,-0.38
BOMDYEING, EQ, 06-May-2020,47.7,47.85,48.35,46.3, 47.45,47.2,47.29,341301,161.4,2733, 167502, 49.08,-1.05
BOMDYEING, EQ, 06-May-2021,67.1,67.6,72.95,67.3, 71.00,71.2,71.03,6455524,4585.27,26523, 1764666, 27.34,6.11
BOMDYEING, EQ, 06-May-2022,118.5,116.85,118.1,111.5,117.35,116.6,115.61,2971105,3434.77,20455, 1532884, 51.59,-1.6
BOMDYEING, EQ, 06-May-2024,178.5,180.6,182.6,173.85,175.25,176.15,178.87,3255365,5822.99,37085, 1195739, 36.73,-1.32
BOMDYEING, EQ, 06-Jun-2022,113.55,112.6,119.4,112.6,116.25,117.1,116.48,5179102,6032.53,30958, 715435, 13.81,3.13
BOMDYEING, EQ, 06-Jun-2023,84.55,84.75,85.0,83.3,83.9,83.95,84.03,1040037,873.9,2994, 738175, 70.98,-0.71
BOMDYEING, EQ, 06-Jun-2024,154.3,154.35,164.8,154.35,163.1,163.15,161.45,2154476,3478.36,27695, 648398, 30.10,5.74
BOMDYEING, EQ, 06-Jul-2020,72.55,72.8,79.1,72.8, 78.00,77.5,76.23,5849553,4459.15,27119, 1458149, 24.93,6.82
BOMDYEING, EQ, 06-Jul-2021,87.55,88.0,91.35,87.55, 88.55,88.2,89.49,4844137,4335.11,21923, 1311056, 27.06,0.74
BOMDYEING, EQ, 06-Jul-2022,94.25,94.9,96.3,92.65,96.2,95.2,94.13,1666671,1568.91,9341, 421803, 25.31,1.01
BOMDYEING, EQ, 06-Jul-2023,122.75,124.0,127.9,118.6,119.25,119.6,122.7,15310200,18785.91,53856, 4957964, 32.38,-2.57
BOMDYEING, EQ, 06-Aug-2020,64.55,64.8,65.4,63.1,63.8,63.9,63.97,2437722,1559.29,12153, 326929, 13.41,-1.01
BOMDYEING, EQ, 06-Aug-2021,101.9,101.7,103.5,101.1, 101.45,101.95,102.23,3111188,3180.43,15316, 549347, 17.66,0.05
BOMDYEING, EQ, 06-Aug-2024,209.9,213.5,229.5,212.0,213.25,213.55,220.7,4633123,10225.38,57756, 1241489, 26.80,1.74
BOMDYEING, EQ, 06-Sep-2021,94.1,94.4,97.4,93.8,95.8,96.3,95.6,4727247,4519.45,23891, 972911, 20.58,2.34
BOMDYEING, EQ, 06-Sep-2022,105.35,106.1,107.65,104.3, 105.55,105.25,105.69,3286884,3473.87,17632, 951403, 28.95,-0.09
BOMDYEING, EQ, 06-Sep-2023,148.45,148.95,153.85,146.3, 151.05,150.85,150.96,8159901,12318.5,37383, 2311128, 28.32,1.62
BOMDYEING, EQ, 06-Sep-2024,209.46,209.66,211.34,205.64,208.5,208.05,208.58,1284095,2678.38,15795, 438137, 34.12,-0.67
BOMDYEING, EQ, 06-Oct-2020,64.2,64.7,67.3,64.3,66.45,66.75,65.79,1630893,1073.02,9185, 448992, 27.53,3.97
BOMDYEING, EQ, 06-Oct-2021,95.0,95.2,98.75,94.5, 94.90,95.25,96.64,7048595,6811.83,36488, 1778529, 25.23,0.26
BOMDYEING, EQ, 06-Oct-2022,97.55,98.35,100.55,98.2, 99.30,99.3,99.48,1385970,1378.77,7732, 441337, 31.84,1.79
BOMDYEING, EQ, 06-Oct-2023,143.75,144.8,147.2,143.7, 145.35,145.45,145.77,1685538,2456.95,11213, 643844, 38.20,1.18
BOMDYEING, EQ, 06-Nov-2020,62.1,62.1,66.8,62.1, 65.60,65.8,64.9,3447379,2237.43,17081, 1047677, 30.39,5.96
BOMDYEING, EQ, 06-Nov-2023,156.6,158.2,160.95,155.85, 157.85,158.9,158.13,2944663,4656.46,19380, 626274, 21.27,1.47
BOMDYEING, EQ, 06-Nov-2024,231.35,232.5,238.0,232.03,237.18,237.1,235.18,1740952,4094.34,25687, 651961, 37.45,2.49
BOMDYEING, EQ, 06-Dec-2021,86.7,86.95,86.95,84.3, 84.40,84.7,85.67,1135999,973.2,7685, 336786, 29.65,-2.31
BOMDYEING, EQ, 06-Dec-2022,86.3,86.25,86.4,84.35, 84.70,84.8,85.18,948918,808.25,5098, 364046, 38.36,-1.74
BOMDYEING, EQ, 06-Dec-2023,153.05,153.05,156.6,152.0, 153.70,153.7,154.14,1258274,1939.53,12533, 552609, 43.92,0.42
BOMDYEING, EQ, 06-Dec-2024,211.83,212.6,219.6,212.1,214.5,214.32,215.87,2034707,4392.23,25131, 677555, 33.30,1.18
BOMDYEING, EQ, 07-Jan-2020,79.15,80.55,81.4,78.5, 79.70,79.8,80.07,2444057,1956.85,20309, 658693, 26.95,0.82
BOMDYEING, EQ, 07-Jan-2021,78.4,80.85,85.3,80.1, 82.40,82.45,83.05,15002868,12459.62,57165, 3670349, 24.46,5.17
BOMDYEING, EQ, 07-Jan-2022,108.5,109.0,115.65,108.8,111.95,112.2,112.81,10380953,11710.46,53486, 2206690, 21.26,3.41
BOMDYEING, EQ, 07-Jan-2025,179.05,178.0,188.25,178.0,187.7,186.63,183.8,1192585,2191.93,23403, 388283, 32.56,4.23
BOMDYEING, EQ, 07-Feb-2020,89.2,89.6,91.7,87.8, 89.70,90.1,89.95,3146648,2830.29,18407, 639561, 20.33,1.01
BOMDYEING, EQ, 07-Feb-2022,124.0,124.9,129.8,121.0, 125.50,125.05,126.49,13030219,16481.79,74168, 3300509, 25.33,0.85
BOMDYEING, EQ, 07-Feb-2023,71.15,71.55,71.75,70.05, 70.25,70.55,70.85,450525,319.22,3097, 182344, 40.47,-0.84
BOMDYEING, EQ, 07-Feb-2024,185.1,185.85,194.5,184.4, 188.70,188.55,189.49,3981447,7544.44,24737, 1970303, 49.49,1.86
BOMDYEING, EQ, 07-Feb-2025,160.95,161.0,161.0,156.52,159.95,159.04,158.63,644194,1021.9,14074, 177510, 27.56,-1.19
BOMDYEING, EQ, 07-Mar-2022,99.65,94.75,97.95,94.2, 94.70,94.9,95.53,2131505,2036.25,14312,732614,34.37,-4.77
BOMDYEING, EQ, 07-Mar-2024,171.0,172.0,177.35,171.0, 172.50,172.05,173.62,768202,1333.75,11304, 331278, 43.12,0.61
BOMDYEING, EQ, 07-Mar-2025,134.32,134.0,142.2,134.0,142.01,140.55,139.46,1762554,2458.08,26531, 632240, 35.87,4.64
BOMDYEING, EQ, 07-Apr-2020,46.6,48.4,51.25,47.0, 50.70,50.3,49.48,1765794,873.65,10608, 554979, 31.43,7.94
BOMDYEING, EQ, 07-Apr-2021,71.45,71.8,73.2,71.45,72.25,72.5,72.2,1615594,1166.51,6766, 381972, 23.64,1.47
BOMDYEING, EQ, 07-Apr-2022,106.35,106.65,108.3,104.3,105.0,105.2,106.47,3036005,3232.39,14518, 718984, 23.68,-1.08
BOMDYEING, EQ, 07-Apr-2025,130.93,117.51,125.5,117.5,125.5,124.42,121.69,1380609,1680.08,26433, 467284, 33.85,-4.97
BOMDYEING, EQ, 07-May-2020,47.2,46.9,49.55,46.6, 49.50,49.35,48.84,808245,394.73,4663, 251879, 31.16,4.56
BOMDYEING, EQ, 07-May-2021,71.2,71.8,73.6,70.75, 72.15,72.3,72.12,3419444,2466.24,17825, 963570, 28.18,1.54
BOMDYEING, EQ, 07-May-2024,176.15,169.0,174.35,167.5,169.0,169.05,170.97,2756550,4712.74,30006, 826067, 29.97,-4.03
BOMDYEING, EQ, 07-Jun-2021,81.7,82.25,87.0,81.8, 85.00,85.15,85.31,8936329,7624.02,36172, 3211702, 35.94,4.22
BOMDYEING, EQ, 07-Jun-2022,117.1,115.95,116.35,112.05,112.6,112.85,113.79,1864845,2122.06,12083, 395231, 21.19,-3.63
BOMDYEING, EQ, 07-Jun-2023,83.95,84.2,89.9,84.2, 89.45,89.25,88.0,5766299,5074.25,34560, 2841753, 49.28,6.31
BOMDYEING, EQ, 07-Jun-2024,163.15,164.05,168.9,162.3,166.85,167.35,166.24,1264574,2102.19,16713, 395676, 31.29,2.57
BOMDYEING, EQ, 07-Jul-2020,77.5,78.0,79.5,75.8, 77.70,78.3,77.37,3890301,3010.03,18979, 841179, 21.62,1.03
BOMDYEING, EQ, 07-Jul-2021,88.2,88.55,89.25,87.65, 87.95,88.15,88.42,1555381,1375.25,8279, 401735, 25.83,-0.06
BOMDYEING, EQ, 07-Jul-2022,95.2,96.0,96.8,94.75, 95.90,96.1,95.91,1525117,1462.72,7681, 405884, 26.61,0.95
BOMDYEING, EQ, 07-Jul-2023,119.6,120.0,120.5,114.25, 116.30,116.35,117.0,5768896,6749.85,25975, 1571222, 27.24,-2.72
BOMDYEING, EQ, 07-Aug-2020,63.9,63.6,68.1,63.15,68.0,66.95,65.58,4484818,2941.06,22794, 1142220, 25.47,4.77
BOMDYEING, EQ, 07-Aug-2023,112.5,112.4,117.95,112.1, 115.20,115.2,115.67,3935113,4551.9,19810, 1811395, 46.03,2.4
BOMDYEING, EQ, 07-Aug-2024,213.55,219.0,220.48,215.2,218.22,218.61,218.07,1289735,2812.53,20452, 382623, 29.67,2.37
BOMDYEING, EQ, 07-Sep-2020,66.4,66.8,67.05,65.0, 65.00,65.15,65.7,869428,571.2,5698, 305951, 35.19,-1.88
BOMDYEING, EQ, 07-Sep-2021,96.3,96.3,101.35,94.0, 98.40,98.7,98.29,10685301,10502.71,52798, 2019946, 18.90,2.49
BOMDYEING, EQ, 07-Sep-2022,105.25,104.5,108.8,104.5, 106.50,106.25,106.71,3749260,4000.83,17689, 1019263, 27.19,0.95
BOMDYEING, EQ, 07-Sep-2023,150.85,155.0,158.9,152.55, 153.90,154.3,155.16,7717192,11974.06,38457, 2637173, 34.17,2.29
BOMDYEING, EQ, 07-Oct-2020,66.75,66.8,67.05,64.7,64.9,65.2,65.58,1142179,749.01,5572, 325098, 28.46,-2.32
BOMDYEING, EQ, 07-Oct-2021,95.25,96.0,97.8,95.6, 95.95,96.3,96.66,3868772,3739.56,20833, 863927, 22.33,1.1
BOMDYEING, EQ, 07-Oct-2022,99.3,99.35,100.95,99.0, 99.95,99.95,100.09,1344004,1345.24,6802, 442416, 32.92,0.65
BOMDYEING, EQ, 07-Oct-2024,226.84,228.65,232.11,209.2,210.45,210.65,217.32,4138964,8994.66,53382, 1347002, 32.54,-7.14
BOMDYEING, EQ, 07-Nov-2022,83.6,81.6,86.4,81.6,84.5,84.75,84.71,2160326,1829.93,12278, 617388, 28.58,1.38
BOMDYEING, EQ, 07-Nov-2023,158.9,158.9,163.0,156.75, 159.10,159.9,160.53,4275217,6862.91,29031, 1056447, 24.71,0.63
BOMDYEING, EQ, 07-Nov-2024,237.1,237.18,241.45,230.1,231.5,231.6,236.15,1833550,4329.84,29128, 577509, 31.50,-2.32
BOMDYEING, EQ, 07-Dec-2020,73.45,73.7,77.95,73.5, 76.95,76.85,76.3,7068891,5393.62,30022, 2412067, 34.12,4.63
BOMDYEING, EQ, 07-Dec-2021,84.7,85.3,89.55,85.3,87.3,87.6,87.57,2172898,1902.83,13119, 510752, 23.51,3.42
BOMDYEING, EQ, 07-Dec-2022,84.8,84.5,85.0,83.3, 84.20,84.35,84.2,703706,592.54,4381, 233461, 33.18,-0.53
BOMDYEING, EQ, 07-Dec-2023,153.7,153.7,158.9,152.45, 156.40,156.2,156.0,2318824,3617.44,20283, 1017195, 43.87,1.63
BOMDYEING, EQ, 08-Jan-2020,79.8,77.4,80.1,77.1, 78.15,78.35,78.75,1868886,1471.73,10010, 484407, 25.92,-1.82
BOMDYEING, EQ, 08-Jan-2021,82.45,83.0,83.5,80.5, 81.00,81.25,82.03,2908017,2385.38,16888, 1043545, 35.89,-1.46
BOMDYEING, EQ, 08-Jan-2024,160.15,161.25,162.65,156.75, 157.35,157.25,159.22,1693308,2696.05,16056, 827842, 48.89,-1.81
BOMDYEING, EQ, 08-Jan-2025,186.63,185.5,186.24,176.66,177.88,177.75,179.83,1624530,2921.43,20507, 788295, 48.52,-4.76
BOMDYEING, EQ, 08-Feb-2021,75.9,76.2,77.5,75.5, 76.00,76.25,76.62,1551945,1189.17,12700, 553181, 35.64,0.46
BOMDYEING, EQ, 08-Feb-2022,125.05,125.6,126.85,118.3,119.7,119.8,121.86,6110102,7445.99,37233, 1351860, 22.12,-4.2
BOMDYEING, EQ, 08-Feb-2023,70.55,70.9,73.0,70.4, 72.10,72.2,71.88,699553,502.84,4832, 235608, 33.68,2.34
BOMDYEING, EQ, 08-Feb-2024,188.55,190.0,192.7,182.0, 186.30,185.8,186.86,2058461,3846.42,15741, 1159161, 56.31,-1.46
BOMDYEING, EQ, 08-Mar-2021,83.95,84.5,85.55,82.55, 82.85,83.0,84.07,3186889,2679.36,17185, 817661, 25.66,-1.13
BOMDYEING, EQ, 08-Mar-2022,94.9,94.9,98.95,94.75, 96.80,97.25,96.8,2050103,1984.49,14044, 365497, 17.83,2.48
BOMDYEING, EQ, 08-Mar-2023,67.55,67.2,68.5,66.75, 68.35,68.2,67.76,696098,471.69,4527, 274718, 39.47,0.96
BOMDYEING, EQ, 08-Apr-2020,50.3,50.3,53.7,49.5, 51.00,50.7,51.33,1323119,679.22,8966, 338505, 25.58,0.8
BOMDYEING, EQ, 08-Apr-2021,72.5,73.0,74.8,72.75, 73.60,73.6,73.92,2380509,1759.57,12567, 653851, 27.47,1.52
BOMDYEING, EQ, 08-Apr-2022,105.2,105.95,107.35,105.2, 106.60,106.5,106.0,2311921,2450.66,9568, 432670, 18.71,1.24
BOMDYEING, EQ, 08-Apr-2024,170.85,171.9,174.8,170.2, 171.30,170.85,172.55,893769,1542.2,9930, 420912, 47.09,0.0
BOMDYEING, EQ, 08-Apr-2025,124.42,127.0,128.5,124.16,127.33,126.93,126.43,751081,949.56,12769, 252837, 33.66,2.02
BOMDYEING, EQ, 08-May-2020,49.35,49.5,50.35,47.3, 47.80,47.65,48.76,610241,297.58,4511, 195632, 32.06,-3.44
BOMDYEING, EQ, 08-May-2023,81.5,81.5,85.7,80.8, 84.60,84.65,84.04,3343629,2810.0,11844, 960697, 28.73,3.87
BOMDYEING, EQ, 08-May-2024,169.05,170.0,173.0,170.0,170.2,170.45,170.89,992474,1696.04,11638, 457841, 46.13,0.83
BOMDYEING, EQ, 08-Jun-2020,67.8,73.0,74.35,67.55, 70.60,69.7,71.42,6052097,4322.45,32375, 2492360, 41.18,2.8
BOMDYEING, EQ, 08-Jun-2021,85.15,85.0,85.6,82.5, 84.45,84.6,84.37,3625831,3059.11,14542, 995684, 27.46,-0.65
BOMDYEING, EQ, 08-Jun-2022,112.85,113.45,118.45,110.55,113.05,113.3,114.69,4512873,5175.67,26816, 831873, 18.43,0.4
BOMDYEING, EQ, 08-Jun-2023,89.25,89.5,91.8,88.0, 88.55,88.45,89.77,3292967,2956.0,14469, 1204126, 36.57,-0.9
BOMDYEING, EQ, 08-Jul-2020,78.3,77.9,78.0,74.5,74.9,75.2,76.36,2242147,1712.08,11977, 818964, 36.53,-3.96
BOMDYEING, EQ, 08-Jul-2021,88.15,88.6,90.4,85.2, 87.15,87.1,88.02,2220980,1954.9,11233, 600986, 27.06,-1.19
BOMDYEING, EQ, 08-Jul-2022,96.1,96.6,97.45,95.05,95.1,95.45,96.15,1389269,1335.74,6627, 330164, 23.77,-0.68
BOMDYEING, EQ, 08-Jul-2024,210.42,211.0,215.65,208.4,210.79,210.68,211.45,2598373,5494.18,28407, 757839, 29.17,0.12
BOMDYEING, EQ, 08-Aug-2022,101.4,101.4,102.15,100.1,100.2,100.6,100.93,1028634,1038.25,5734,427221,41.53,-0.79
BOMDYEING, EQ, 08-Aug-2023,115.2,115.3,115.7,112.05, 112.10,112.55,113.67,1413043,1606.2,7501, 588621, 41.66,-2.3
BOMDYEING, EQ, 08-Aug-2024,218.61,218.6,223.29,214.45,215.0,215.08,219.15,1388725,3043.34,19564, 430728, 31.02,-1.61
BOMDYEING, EQ, 08-Sep-2020,65.15,65.5,66.25,64.55, 64.75,65.05,65.43,1136351,743.51,5794, 281725, 24.79,-0.15
BOMDYEING, EQ, 08-Sep-2021,98.7,99.2,102.8,97.85, 98.20,98.55,100.26,8541218,8563.4,50758, 1777049, 20.81,-0.15
BOMDYEING, EQ, 08-Sep-2022,106.25,107.15,108.8,106.1, 106.30,106.5,107.11,2661952,2851.17,12920, 771705, 28.99,0.24
BOMDYEING, EQ, 08-Sep-2023,154.3,155.15,155.7,150.4, 152.80,152.75,151.95,3865855,5874.0,20927, 1233434, 31.91,-1.0
BOMDYEING, EQ, 08-Oct-2020,65.2,65.25,65.75,63.8,64.45,64.45,64.64,724649,468.44,4056, 180538, 24.91,-1.15
BOMDYEING, EQ, 08-Oct-2021,96.3,96.5,96.9,94.65, 94.80,94.9,95.4,1777586,1695.8,9545, 597869, 33.63,-1.45
BOMDYEING, EQ, 08-Oct-2024,210.65,212.21,224.6,208.91,223.7,223.4,218.61,2719157,5944.23,31347, 981195, 36.08,6.05
BOMDYEING, EQ, 08-Nov-2021,95.35,96.15,96.25,94.3, 94.55,94.5,95.03,1684917,1601.24,10812, 449511, 26.68,-0.89
BOMDYEING, EQ, 08-Nov-2023,159.9,160.05,162.7,157.0, 157.30,157.6,159.19,4082668,6499.18,23816, 920181, 22.54,-1.44
BOMDYEING, EQ, 08-Nov-2024,231.6,231.9,232.0,225.0, 225.10,225.6,228.01,1447443,3300.28,23324, 530325, 36.64,-2.59
BOMDYEING, EQ, 08-Dec-2020,76.85,77.5,77.85,73.35,74.8,74.7,75.49,3081565,2326.38,17067, 1305166, 42.35,-2.8
BOMDYEING, EQ, 08-Dec-2021,87.6,87.75,89.6,87.75,88.3,88.55,88.67,1449528,1285.31,9497, 329675, 22.74,1.08
BOMDYEING, EQ, 08-Dec-2022,84.35,84.55,84.85,83.65, 83.75,84.0,84.01,617318,518.61,3271, 204920, 33.20,-0.41
BOMDYEING, EQ, 08-Dec-2023,156.2,156.95,161.5,154.55, 156.50,156.3,158.32,2103799,3330.74,18331, 801095, 38.08,0.06
BOMDYEING, EQ, 09-Jan-2020,78.35,80.0,85.0,79.05, 84.80,84.45,82.74,5318480,4400.76,26872, 1520175, 28.58,7.79
BOMDYEING, EQ, 09-Jan-2023,77.0,77.65,78.25,76.65,77.6,77.65,77.52,463302,359.17,3332, 193150, 41.69,0.84
BOMDYEING, EQ, 09-Jan-2024,157.25,158.75,163.3,156.45,156.45,157.2,159.41,1643169,2619.33,16807, 661137, 40.24,-0.03
BOMDYEING, EQ, 09-Jan-2025,177.75,178.55,178.7,171.76,172.9,172.54,175.21,920852,1613.38,16874, 378006, 41.05,-2.93
BOMDYEING, EQ, 09-Feb-2021,76.25,75.15,75.45,72.5, 72.90,73.0,73.51,2702001,1986.33,15827, 1189023, 44.01,-4.26
BOMDYEING, EQ, 09-Feb-2022,119.8,120.55,123.2,118.1, 118.80,118.8,120.59,5433819,6552.78,31967, 1375785, 25.32,-0.83
BOMDYEING, EQ, 09-Feb-2023,72.2,72.2,72.6,71.1, 71.40,71.6,71.59,443686,317.63,3140, 126901, 28.60,-0.83
BOMDYEING, EQ, 09-Feb-2024,185.8,188.5,188.5,172.0, 172.85,173.65,176.42,3393847,5987.28,21188, 2003568, 59.04,-6.54
BOMDYEING, EQ, 09-Mar-2020,67.05,65.5,65.5,58.5, 60.35,60.5,61.62,1549040,954.47,12085, 681394, 43.99,-9.77
BOMDYEING, EQ, 09-Mar-2021,83.0,83.8,84.9,80.0, 81.45,81.7,82.6,3166491,2615.47,16229, 759113, 23.97,-1.57
BOMDYEING, EQ, 09-Mar-2022,97.25,97.95,100.7,97.65, 99.15,99.35,99.16,3364378,3336.05,18367, 628980, 18.70,2.16
BOMDYEING, EQ, 09-Mar-2023,68.2,68.1,69.65,67.75, 68.25,68.1,68.65,608337,417.63,4180, 247825, 40.74,-0.15
BOMDYEING, EQ, 09-Apr-2020,50.7,51.6,52.85,51.0, 51.80,51.75,51.81,1012170,524.44,6672, 350407, 34.62,2.07
BOMDYEING, EQ, 09-Apr-2021,73.6,73.6,74.8,72.55,73.5,73.4,73.68,1450640,1068.87,7703, 380579, 26.24,-0.27
BOMDYEING, EQ, 09-Apr-2024,170.85,171.25,175.5,168.1, 171.25,170.9,172.55,1522998,2627.9,18152, 613188, 40.26,0.03
BOMDYEING, EQ, 09-Apr-2025,126.93,126.39,127.99,122.27,123.65,123.86,124.05,642971,797.6,11264, 273062, 42.47,-2.42
BOMDYEING, EQ, 09-May-2022,116.6,116.0,116.0,108.6, 109.90,110.9,112.06,2431527,2724.66,18374, 628178, 25.83,-4.89
BOMDYEING, EQ, 09-May-2023,84.65,84.85,86.9,84.25,85.35,85.65,85.64,1922728,1646.68,7930, 493612, 25.67,1.18
BOMDYEING, EQ, 09-May-2024,170.45,171.0,175.3,164.1,164.4,164.75,169.28,1555824,2633.75,18754, 634809, 40.80,-3.34
BOMDYEING, EQ, 09-Jun-2020,69.7,71.0,73.0,67.65, 68.50,68.55,70.42,3042446,2142.59,18131, 1216116, 39.97,-1.65
BOMDYEING, EQ, 09-Jun-2021,84.6,84.2,86.75,80.5,81.35,81.35,83.72,4558718,3816.71,20197, 1644812, 36.08,-3.84
BOMDYEING, EQ, 09-Jun-2022,113.3,112.9,115.35,112.1, 113.35,113.8,113.75,1936627,2202.89,12971, 370644, 19.14,0.44
BOMDYEING, EQ, 09-Jun-2023,88.45,88.6,89.9,86.2, 89.55,89.6,88.44,2451196,2167.76,10707, 732463, 29.88,1.3
BOMDYEING, EQ, 09-Jul-2020,75.2,77.5,78.8,75.8, 76.20,76.35,76.82,2440336,1874.73,12216, 681725, 27.94,1.53
BOMDYEING, EQ, 09-Jul-2021,87.1,87.2,88.25,86.75,87.1,87.15,87.28,1639260,1430.82,8737, 360840, 22.01,0.06
BOMDYEING, EQ, 09-Jul-2024,210.68,211.5,228.3,211.5,224.45,223.03,221.28,10464588,23155.81,89056, 2654091, 25.36,5.86
BOMDYEING, EQ, 09-Aug-2021,101.95,102.0,102.65,97.1, 97.70,98.15,99.9,3121594,3118.39,19386, 963971, 30.88,-3.73
BOMDYEING, EQ, 09-Aug-2023,112.55,113.0,120.4,112.95, 115.35,115.65,116.35,7663771,8916.75,37490, 2509951, 32.75,2.75
BOMDYEING, EQ, 09-Aug-2024,215.08,218.3,223.0,215.99,217.65,217.79,219.37,1596643,3502.49,22042, 443373, 27.77,1.26
BOMDYEING, EQ, 09-Sep-2020,65.05,64.05,64.35,62.3, 63.65,63.4,63.16,1214544,767.08,6314, 375899, 30.95,-2.54
BOMDYEING, EQ, 09-Sep-2021,98.55,98.3,98.75,96.85, 97.10,97.45,97.62,2566169,2505.19,15181, 623031, 24.28,-1.12
BOMDYEING, EQ, 09-Sep-2022,106.5,107.0,107.35,102.0, 102.55,102.6,104.65,2254490,2359.27,11002, 962901, 42.71,-3.66
BOMDYEING, EQ, 09-Sep-2024,208.05,207.91,209.86,203.54,209.0,208.47,207.02,925259,1915.46,15457, 318064, 34.38,0.2
BOMDYEING, EQ, 09-Oct-2020,64.45,64.1,64.7,63.4, 63.75,63.65,63.99,655710,419.61,3322, 159568, 24.34,-1.24
BOMDYEING, EQ, 09-Oct-2023,145.45,142.55,144.7,140.0, 140.25,141.1,141.97,1670409,2371.43,10431, 672016, 40.23,-2.99
BOMDYEING, EQ, 09-Oct-2024,223.4,223.6,230.85,223.01,224.4,224.18,227.26,1978613,4496.64,26063, 730490, 36.92,0.35
BOMDYEING, EQ, 09-Nov-2020,65.8,66.15,66.3,64.5, 65.05,65.2,65.31,1573180,1027.44,7773, 530939, 33.75,-0.91
BOMDYEING, EQ, 09-Nov-2021,94.5,95.2,99.1,94.9,97.8,97.9,97.55,4159140,4057.07,25127, 1244744, 29.93,3.6
BOMDYEING, EQ, 09-Nov-2022,84.75,84.75,85.35,83.2, 83.40,83.75,84.06,842661,708.33,6336, 289858, 34.40,-1.18
BOMDYEING, EQ, 09-Nov-2023,157.6,158.35,158.35,153.05, 154.15,154.3,155.26,1971756,3061.25,13678, 682599, 34.62,-2.09
BOMDYEING, EQ, 09-Dec-2020,74.7,75.05,76.9,74.1,74.6,74.5,75.38,2358430,1777.8,10708, 799916, 33.92,-0.27
BOMDYEING, EQ, 09-Dec-2021,88.55,88.5,91.7,87.5, 90.75,90.95,90.04,2751921,2477.76,15262, 555581, 20.19,2.71
BOMDYEING, EQ, 09-Dec-2022,84.0,84.2,84.5,81.65, 82.80,82.65,83.06,1398253,1161.37,5385, 883911, 63.22,-1.61
BOMDYEING, EQ, 09-Dec-2024,214.32,213.85,225.7,213.85,220.9,221.13,222.26,3989916,8867.89,43669, 1293112, 32.41,3.18
BOMDYEING, EQ, 10-Jan-2020,84.45,85.8,94.0,85.75, 87.75,88.4,91.0,11395448,10369.99,59831, 3366217, 29.54,4.68
BOMDYEING, EQ, 10-Jan-2022,112.2,112.9,117.15,112.2,114.75,115.1,114.75,7782364,8930.6,43372, 2042816, 26.25,2.58
BOMDYEING, EQ, 10-Jan-2023,77.65,78.15,81.8,77.65,80.1,80.2,79.95,2033484,1625.69,11315, 527777, 25.95,3.28
BOMDYEING, EQ, 10-Jan-2024,157.2,157.3,162.0,155.0, 159.40,159.25,158.58,2103781,3336.18,21758, 794793, 37.78,1.3
BOMDYEING, EQ, 10-Jan-2025,172.54,173.2,173.2,165.15,165.15,166.43,168.33,1208518,2034.33,26779, 372667, 30.84,-3.54
BOMDYEING, EQ, 10-Feb-2020,90.1,90.3,95.5,89.2, 90.60,90.8,93.13,6454248,6010.8,36678, 1357432, 21.03,0.78
BOMDYEING, EQ, 10-Feb-2021,73.0,73.0,73.9,72.6,73.25,73.25,73.17,1086701,795.14,7312, 311949, 28.71,0.34
BOMDYEING, EQ, 10-Feb-2022,118.8,119.5,125.2,116.6,124.3,124.0,121.14,11729191,14208.66,73243, 2711925, 23.12,4.38
BOMDYEING, EQ, 10-Feb-2023,71.6,69.15,71.6,69.15, 70.70,70.8,70.69,454805,321.5,3330, 172960, 38.03,-1.12
BOMDYEING, EQ, 10-Feb-2025,159.04,159.04,159.04,153.66,154.95,155.23,155.67,451071,702.18,10223, 163100, 36.16,-2.4
BOMDYEING, EQ, 10-Mar-2021,81.7,82.4,83.45,80.55, 81.80,81.85,81.82,3216474,2631.6,16620, 702195, 21.83,0.18
BOMDYEING, EQ, 10-Mar-2022,99.35,101.3,103.2,99.95, 100.70,100.85,101.83,3800700,3870.17,22667, 773676, 20.36,1.51
BOMDYEING, EQ, 10-Mar-2023,68.1,67.6,67.75,66.85, 67.45,67.25,67.18,357865,240.41,2413, 168587, 47.11,-1.25
BOMDYEING, EQ, 10-Mar-2025,140.55,140.59,143.0,132.1,132.4,132.6,136.57,950889,1298.59,15637, 430156, 45.24,-5.66
BOMDYEING, EQ, 10-Apr-2023,64.8,64.8,71.4,64.35, 69.75,69.7,68.85,4355021,2998.31,23971, 1088803, 25.00,7.56
BOMDYEING, EQ, 10-Apr-2024,170.9,171.75,172.25,168.5, 169.50,169.9,169.98,735854,1250.77,11372, 321320, 43.67,-0.59
BOMDYEING, EQ, 10-May-2021,72.3,73.0,74.2,71.8, 72.60,72.65,73.09,2573050,1880.53,12452, 915828, 35.59,0.48
BOMDYEING, EQ, 10-May-2022,110.9,110.9,113.65,104.05, 105.50,104.95,108.88,2341257,2549.12,17450, 570844, 24.38,-5.37
BOMDYEING, EQ, 10-May-2023,85.65,86.25,86.65,84.25,85.1,85.55,85.36,979633,836.18,5494, 228121, 23.29,-0.12
BOMDYEING, EQ, 10-May-2024,164.75,165.85,166.85,160.15,164.7,165.4,164.62,820310,1350.41,15064, 207504, 25.30,0.39
BOMDYEING, EQ, 10-Jun-2020,68.55,64.75,65.75,63.1, 64.55,64.65,64.44,2913487,1877.56,16620, 1028734, 35.31,-5.69
BOMDYEING, EQ, 10-Jun-2021,81.35,82.0,87.7,81.85, 86.40,86.7,85.56,8241569,7051.66,35464, 2802790, 34.01,6.58
BOMDYEING, EQ, 10-Jun-2022,113.8,112.45,115.3,110.45,110.55,111.4,112.85,1980041,2234.5,13204, 464823, 23.48,-2.11
BOMDYEING, EQ, 10-Jun-2024,167.35,167.35,168.75,163.6,164.7,164.17,165.61,1089057,1803.56,10895, 485216, 44.55,-1.9
BOMDYEING, EQ, 10-Jul-2020,76.35,75.9,77.95,73.0,76.35,77.0,75.87,4284642,3250.73,19886, 597810, 13.95,0.85
BOMDYEING, EQ, 10-Jul-2023,116.35,116.75,116.9,108.55,109.5,109.7,111.92,3929003,4397.18,16901, 1431908, 36.44,-5.72
BOMDYEING, EQ, 10-Jul-2024,223.03,225.0,226.4,210.7,220.3,220.85,220.42,5967072,13152.78,58026, 1647287, 27.61,-0.98
BOMDYEING, EQ, 10-Aug-2020,66.95,67.65,70.25,66.2, 68.90,69.0,68.47,4654606,3186.93,23363, 1003339, 21.56,3.06
BOMDYEING, EQ, 10-Aug-2021,98.15,98.15,99.6,90.3, 92.00,93.1,95.04,6967783,6622.42,42116, 1693681, 24.31,-5.15
BOMDYEING, EQ, 10-Aug-2022,100.6,99.65,102.2,99.5,100.0,100.45,100.32,1367476,1371.9,9243, 442261, 32.34,-0.15
BOMDYEING, EQ, 10-Aug-2023,115.65,114.95,120.45,112.5, 115.90,116.15,117.24,7152046,8384.92,33164, 2281396, 31.90,0.43
BOMDYEING, EQ, 10-Sep-2020,63.4,63.9,65.75,63.8, 64.55,64.55,64.72,952924,616.76,5096, 221753, 23.27,1.81
BOMDYEING, EQ, 10-Sep-2024,208.47,209.45,216.8,208.0,210.5,210.67,211.6,2009850,4252.88,22572, 533603, 26.55,1.06
BOMDYEING, EQ, 10-Oct-2022,99.95,98.5,99.6,97.65, 99.05,99.05,98.54,943026,929.27,5625, 281913, 29.89,-0.9
BOMDYEING, EQ, 10-Oct-2023,141.1,142.5,153.0,142.1, 149.90,150.05,149.39,5701494,8517.35,37399, 2090453, 36.67,6.34
BOMDYEING, EQ, 10-Oct-2024,224.18,225.35,228.2,223.01,224.8,224.26,225.87,1185698,2678.19,17231, 467916, 39.46,0.04
BOMDYEING, EQ, 10-Nov-2020,65.2,65.2,65.45,63.0, 63.70,63.75,64.23,846191,543.5,5390, 312017, 36.87,-2.22
BOMDYEING, EQ, 10-Nov-2021,97.9,97.35,102.9,96.75, 100.60,101.05,100.69,7600657,7652.86,41240, 1859931, 24.47,3.22
BOMDYEING, EQ, 10-Nov-2022,83.75,83.65,87.0,82.35, 84.15,84.5,84.29,1684988,1420.25,11939, 398871, 23.67,0.9
BOMDYEING, EQ, 10-Nov-2023,154.3,154.0,155.75,153.05,155.4,154.8,154.42,1285831,1985.63,10392, 385753, 30.00,0.32
BOMDYEING, EQ, 10-Dec-2020,74.5,74.45,75.0,72.25, 72.70,72.95,73.16,1461303,1069.07,8641, 604170, 41.34,-2.08
BOMDYEING, EQ, 10-Dec-2021,90.95,90.4,101.7,89.7, 101.10,100.35,96.52,8954235,8642.97,46714, 3402043, 37.99,10.34
BOMDYEING, EQ, 10-Dec-2024,221.13,222.0,224.5,215.98,217.9,217.99,220.0,2021869,4448.18,25992, 763162, 37.75,-1.42
BOMDYEING, EQ, 11-Jan-2021,81.25,82.5,83.45,80.0, 80.50,80.6,81.44,3080900,2509.22,22582, 863479, 28.03,-0.8
BOMDYEING, EQ, 11-Jan-2022,115.1,115.0,121.25,113.5,115.5,115.9,117.9,13917935,16409.72,75740, 3145818, 22.60,0.7
BOMDYEING, EQ, 11-Jan-2023,80.2,80.5,80.65,79.0, 79.25,79.45,79.92,641627,512.79,3766, 187356, 29.20,-0.94
BOMDYEING, EQ, 11-Jan-2024,159.25,159.65,162.0,156.6, 157.40,157.45,159.31,2432506,3875.29,20328, 1167899, 48.01,-1.13
BOMDYEING, EQ, 11-Feb-2020,90.8,93.6,95.0,90.15, 90.30,90.85,92.32,4429812,4089.51,25414, 1471001, 33.21,0.06
BOMDYEING, EQ, 11-Feb-2021,73.25,73.25,74.8,72.9,73.2,73.2,73.71,1691893,1247.07,6672, 461164, 27.26,-0.07
BOMDYEING, EQ, 11-Feb-2022,124.0,122.75,124.3,116.7,116.9,118.0,120.58,5225896,6301.4,29086, 1747482, 33.44,-4.84
BOMDYEING, EQ, 11-Feb-2025,155.23,154.2,154.64,148.01,149.66,150.44,150.19,815830,1225.3,19647, 264269, 32.39,-3.09
BOMDYEING, EQ, 11-Mar-2020,60.5,60.35,62.75,59.8, 60.50,60.2,61.01,1300447,793.4,26385, 402696, 30.97,-0.5
BOMDYEING, EQ, 11-Mar-2022,100.85,101.55,102.5,100.8, 101.55,101.75,101.67,1761759,1791.23,11361, 305322, 17.33,0.89
BOMDYEING, EQ, 11-Mar-2024,172.05,172.0,172.5,163.25, 164.00,164.5,167.12,773835,1293.22,11947, 475724, 61.48,-4.39
BOMDYEING, EQ, 11-Mar-2025,132.6,129.81,131.81,127.36,130.45,130.18,129.4,1006394,1302.27,18293, 367455, 36.51,-1.83
BOMDYEING, EQ, 11-Apr-2022,106.5,105.9,107.8,105.6,106.5,106.5,106.6,1937149,2064.91,8967, 382097, 19.72,0.0
BOMDYEING, EQ, 11-Apr-2023,69.7,70.0,74.85,69.3, 74.20,74.25,72.67,4314643,3135.36,18966, 1303330, 30.21,6.53
BOMDYEING, EQ, 11-Apr-2025,123.86,127.5,128.3,125.76,127.0,126.91,126.99,601262,763.54,11481, 243889, 40.56,2.46
BOMDYEING, EQ, 11-May-2020,47.65,48.0,48.65,46.8, 47.00,46.95,47.66,409344,195.1,2987, 222381, 54.33,-1.47
BOMDYEING, EQ, 11-May-2021,72.65,71.8,76.35,71.25, 75.70,75.7,74.71,6152584,4596.73,28707, 1904692, 30.96,4.2
BOMDYEING, EQ, 11-May-2022,104.95,106.25,107.2,95.0,100.15,100.2,100.37,4535853,4552.47,30781, 1239281, 27.32,-4.53
BOMDYEING, EQ, 11-May-2023,85.55,85.6,86.25,84.65, 84.75,85.1,85.38,622729,531.68,4163, 211218, 33.92,-0.53
BOMDYEING, EQ, 11-Jun-2020,64.65,63.3,68.7,62.7, 64.00,63.55,65.37,2842722,1858.3,15985, 678014, 23.85,-1.7
BOMDYEING, EQ, 11-Jun-2021,86.7,87.4,93.9,85.3, 89.00,89.15,90.76,21101564,19151.39,81727, 5275157, 25.00,2.83
BOMDYEING, EQ, 11-Jun-2024,164.17,164.8,171.31,164.5,167.4,167.58,168.24,2051499,3451.43,21510, 707675, 34.50,2.08
BOMDYEING, EQ, 11-Jul-2022,95.45,95.4,99.25,94.25,97.75,97.95,96.61,1616656,1561.93,9745, 375516, 23.23,2.62
BOMDYEING, EQ, 11-Jul-2023,109.7,110.25,117.65,109.5, 113.75,113.9,114.07,7418391,8462.34,31822, 1823340, 24.58,3.83
BOMDYEING, EQ, 11-Jul-2024,220.85,221.5,225.23,220.7,222.55,223.11,222.85,2163467,4821.28,22418, 703630, 32.52,1.02
BOMDYEING, EQ, 11-Aug-2020,69.0,69.2,70.2,67.05,67.5,67.75,68.73,2486242,1708.9,11274, 752566, 30.27,-1.81
BOMDYEING, EQ, 11-Aug-2021,93.1,93.0,94.15,87.35, 90.60,91.1,90.32,7224961,6525.23,39546, 1237986, 17.13,-2.15
BOMDYEING, EQ, 11-Aug-2022,100.45,101.25,101.75,99.65,100.25,100.65,100.61,1203897,1211.18,6544, 356463, 29.61,0.2
BOMDYEING, EQ, 11-Aug-2023,116.15,116.7,124.9,115.4, 122.10,122.35,121.42,11463970,13919.25,50920, 4251513, 37.09,5.34
BOMDYEING, EQ, 11-Sep-2020,64.55,64.5,65.75,64.1, 65.10,65.15,65.06,1055237,686.57,5836, 282104, 26.73,0.93
BOMDYEING, EQ, 11-Sep-2023,152.75,154.0,155.4,141.8, 142.95,143.25,147.13,4767092,7013.77,27180, 2221532, 46.60,-6.22
BOMDYEING, EQ, 11-Sep-2024,210.67,214.0,217.69,209.28,210.38,210.45,214.3,2796891,5993.8,29268, 756915, 27.06,-0.1
BOMDYEING, EQ, 11-Oct-2021,94.9,95.45,97.8,94.55, 95.70,95.65,96.01,3146804,3021.36,18351, 846551, 26.90,0.79
BOMDYEING, EQ, 11-Oct-2022,99.05,99.4,99.5,96.2, 96.45,96.9,97.86,1082640,1059.43,6144, 474813, 43.86,-2.17
BOMDYEING, EQ, 11-Oct-2023,150.05,151.05,157.9,150.5, 154.60,154.35,154.87,6417588,9938.85,34211, 2259737, 35.21,2.87
BOMDYEING, EQ, 11-Oct-2024,224.26,223.9,224.49,219.85,220.42,221.03,221.89,893310,1982.14,15254, 361047, 40.42,-1.44
BOMDYEING, EQ, 11-Nov-2020,63.75,64.0,64.9,62.9, 63.20,63.4,63.6,991383,630.56,4595, 383092, 38.64,-0.55
BOMDYEING, EQ, 11-Nov-2021,101.05,100.85,101.75,97.85, 98.20,98.45,99.71,3259573,3250.09,22531, 767908, 23.56,-2.57
BOMDYEING, EQ, 11-Nov-2022,84.5,85.8,86.05,83.85,84.15,84.45,84.7,1057123,895.43,6594, 336155, 31.80,-0.06
BOMDYEING, EQ, 11-Nov-2024,225.6,224.0,228.45,219.1, 220.00,221.06,224.24,1148133,2574.6,20135, 354303, 30.86,-2.01
BOMDYEING, EQ, 11-Dec-2020,72.95,72.95,75.8,72.8, 73.35,73.65,74.12,2598584,1926.11,13650, 685049, 26.36,0.96
BOMDYEING, EQ, 11-Dec-2023,156.3,156.6,158.7,156.0, 156.30,156.6,157.52,1049487,1653.14,11042, 527007, 50.22,0.19
BOMDYEING, EQ, 11-Dec-2024,217.99,217.99,222.5,217.39,218.1,218.14,219.35,1334638,2927.52,18276, 474873, 35.58,0.07
BOMDYEING, EQ, 12-Jan-2021,80.6,80.3,83.4,79.45, 82.15,82.25,81.92,4232632,3467.25,22677, 1096083, 25.90,2.05
BOMDYEING, EQ, 12-Jan-2022,115.9,116.8,117.5,113.5,113.8,114.5,115.47,4280216,4942.36,23790, 1256851, 29.36,-1.21
BOMDYEING, EQ, 12-Jan-2023,79.45,80.1,80.1,78.15, 79.20,79.1,79.03,407889,322.37,3213, 108327, 26.56,-0.44
BOMDYEING, EQ, 12-Jan-2024,157.45,158.3,164.2,157.6,159.9,159.45,161.38,3521014,5682.05,31904, 1569042, 44.56,1.27
BOMDYEING, EQ, 12-Feb-2020,90.85,91.25,91.4,86.65, 87.50,87.7,88.42,1879147,1661.55,11989, 657343, 34.98,-3.47
BOMDYEING, EQ, 12-Feb-2021,73.2,73.1,73.9,72.0,72.35,72.4,72.99,1102733,804.88,5693, 504190, 45.72,-1.09
BOMDYEING, EQ, 12-Feb-2024,173.65,174.9,175.0,155.15, 157.80,157.05,162.67,2232597,3631.71,31482, 1188181, 53.22,-9.56
BOMDYEING, EQ, 12-Feb-2025,150.44,148.11,150.16,142.31,148.9,149.09,146.84,1118000,1641.72,24747, 283952, 25.40,-0.9
BOMDYEING, EQ, 12-Mar-2020,60.2,56.5,57.3,50.55, 52.55,52.2,53.2,1780230,947.01,11950, 689080, 38.71,-13.29
BOMDYEING, EQ, 12-Mar-2021,81.85,82.6,82.65,80.0, 80.50,80.5,81.18,2725897,2213.0,16872, 898532, 32.96,-1.65
BOMDYEING, EQ, 12-Mar-2024,164.5,164.4,167.05,157.0, 158.10,159.2,160.62,1281047,2057.58,14339, 766219, 59.81,-3.22
BOMDYEING, EQ, 12-Mar-2025,130.18,130.5,131.5,127.0,128.14,128.22,128.72,790973,1018.17,13104, 401368, 50.74,-1.51
BOMDYEING, EQ, 12-Apr-2021,73.4,71.75,71.75,67.25, 68.20,68.2,68.92,1444798,995.69,9060, 685945, 47.48,-7.08
BOMDYEING, EQ, 12-Apr-2022,106.5,105.6,106.3,101.9, 102.45,102.5,103.62,3147018,3260.9,15639, 849375, 26.99,-3.76
BOMDYEING, EQ, 12-Apr-2023,74.25,73.95,79.8,73.55, 79.05,79.05,77.11,5161422,3980.15,22491, 1998976, 38.73,6.46
BOMDYEING, EQ, 12-Apr-2024,169.9,169.0,170.45,165.5, 166.85,166.05,167.59,705984,1183.15,10102, 350447, 49.64,-2.27
BOMDYEING, EQ, 12-May-2020,46.95,46.95,47.4,45.55, 46.90,46.95,46.45,367830,170.86,2783, 176320, 47.94,0.0
BOMDYEING, EQ, 12-May-2021,75.7,76.3,79.25,74.5,75.65,75.6,76.74,4535379,3480.5,21837, 1344736, 29.65,-0.13
BOMDYEING, EQ, 12-May-2022,100.2,98.6,102.0,96.35,99.3,99.2,99.03,3469478,3435.67,25339, 678214, 19.55,-1.0
BOMDYEING, EQ, 12-May-2023,85.1,84.8,85.6,83.3, 83.45,83.65,84.21,623701,525.22,3743, 266346, 42.70,-1.7
BOMDYEING, EQ, 12-Jun-2020,63.55,59.85,64.3,59.75, 62.90,63.35,62.29,1667592,1038.81,10554, 474036, 28.43,-0.31
BOMDYEING, EQ, 12-Jun-2023,89.6,90.1,92.5,89.4, 90.40,90.1,91.01,2229441,2029.09,11055, 878794, 39.42,0.56
BOMDYEING, EQ, 12-Jun-2024,167.58,167.9,173.9,167.6,173.1,172.99,171.2,1801661,3084.38,18645, 682922, 37.91,3.23
BOMDYEING, EQ, 12-Jul-2021,87.15,87.75,97.4,87.75, 96.40,96.1,93.86,17685247,16600.06,66421, 4625310, 26.15,10.27
BOMDYEING, EQ, 12-Jul-2022,97.95,97.65,98.8,96.15,96.75,97.3,97.48,1776887,1732.14,10565, 360393, 20.28,-0.66
BOMDYEING, EQ, 12-Jul-2023,113.9,114.05,115.2,112.6, 114.50,113.85,113.93,2879888,3280.97,14556, 803370, 27.90,-0.04
BOMDYEING, EQ, 12-Jul-2024,223.11,223.19,224.0,215.0,215.6,215.57,219.39,2199481,4825.45,25535, 871925, 39.64,-3.38
BOMDYEING, EQ, 12-Aug-2020,67.75,66.5,67.85,66.3,66.8,66.7,66.92,1179261,789.2,6962, 319924, 27.13,-1.55
BOMDYEING, EQ, 12-Aug-2021,91.1,91.35,97.55,91.05, 96.80,96.6,94.45,6335773,5984.02,33272, 1195448, 18.87,6.04
BOMDYEING, EQ, 12-Aug-2022,100.65,100.6,103.0,100.35,100.5,100.85,101.33,1379694,1398.04,7205, 380573, 27.58,0.2
BOMDYEING, EQ, 12-Aug-2024,217.79,216.9,223.6,214.7,220.5,220.31,220.26,1472899,3244.18,19211, 432775, 29.38,1.16
BOMDYEING, EQ, 12-Sep-2022,102.6,103.35,107.15,103.0, 105.50,105.2,105.38,2627117,2768.58,13057, 712534, 27.12,2.53
BOMDYEING, EQ, 12-Sep-2023,143.25,144.0,144.7,126.85, 131.20,131.4,133.74,6769531,9053.63,33916, 2554306, 37.73,-8.27
BOMDYEING, EQ, 12-Sep-2024,210.45,212.55,213.49,209.53,212.4,212.47,211.88,908276,1924.48,13843, 233553, 25.71,0.96
BOMDYEING, EQ, 12-Oct-2020,63.65,64.25,64.25,62.5, 63.00,63.15,63.09,595147,375.46,2861, 190683, 32.04,-0.79
BOMDYEING, EQ, 12-Oct-2021,95.65,95.45,97.5,95.0, 95.05,95.3,95.96,2371839,2276.0,11762, 589038, 24.83,-0.37
BOMDYEING, EQ, 12-Oct-2022,96.9,97.4,99.9,95.4, 98.30,98.65,97.8,1810452,1770.68,11679, 368540, 20.36,1.81
BOMDYEING, EQ, 12-Oct-2023,154.35,154.3,159.05,153.1, 155.05,155.5,156.16,3150326,4919.41,19457, 1166335, 37.02,0.75
BOMDYEING, EQ, 12-Nov-2020,63.4,63.5,65.3,63.4, 64.60,64.6,64.46,1026631,661.74,6321, 269066, 26.21,1.89
BOMDYEING, EQ, 12-Nov-2021,98.45,99.0,99.1,96.15, 96.40,96.55,97.3,1987099,1933.35,11104, 555386, 27.95,-1.93
BOMDYEING, EQ, 12-Nov-2024,221.06,222.0,225.9,209.81,215.0,213.64,219.15,1269529,2782.12,26464, 429644, 33.84,-3.36
BOMDYEING, EQ, 12-Dec-2022,82.65,82.6,82.95,81.2, 82.20,82.2,82.16,640242,525.99,3896, 238010, 37.18,-0.54
BOMDYEING, EQ, 12-Dec-2023,156.6,157.5,159.0,151.6, 152.85,152.8,154.88,1269661,1966.41,14152, 671596, 52.90,-2.43
BOMDYEING, EQ, 12-Dec-2024,218.14,218.99,219.0,212.65,212.87,213.21,215.03,1012377,2176.88,14881, 535436, 52.89,-2.26
BOMDYEING, EQ, 13-Jan-2020,88.4,89.0,93.85,87.6, 91.90,91.95,91.66,6345601,5816.27,36525, 1370980, 21.61,4.02
BOMDYEING, EQ, 13-Jan-2021,82.25,82.9,83.25,78.55, 80.10,80.2,80.84,2547521,2059.32,13317, 851950, 33.44,-2.49
BOMDYEING, EQ, 13-Jan-2022,114.5,114.0,115.1,111.75, 112.25,112.65,113.04,3052975,3451.12,18179, 823441, 26.97,-1.62
BOMDYEING, EQ, 13-Jan-2023,79.1,79.1,79.1,77.5,78.3,78.3,78.16,672632,525.74,3890, 181301, 26.95,-1.01
BOMDYEING, EQ, 13-Jan-2025,166.43,165.1,166.5,156.15,157.6,157.2,160.68,1381763,2220.27,30089, 594575, 43.03,-5.55
BOMDYEING, EQ, 13-Feb-2020,87.7,88.1,88.4,86.15, 86.60,86.85,87.16,1523904,1328.23,9816, 316726, 20.78,-0.97
BOMDYEING, EQ, 13-Feb-2023,70.8,71.0,71.4,69.75,69.9,70.05,70.24,343004,240.92,2697, 162921, 47.50,-1.06
BOMDYEING, EQ, 13-Feb-2024,157.05,157.7,170.8,154.0, 169.20,169.05,163.75,2376732,3891.97,34705, 1101046, 46.33,7.64
BOMDYEING, EQ, 13-Feb-2025,149.09,149.1,151.46,146.05,146.81,147.8,149.63,769203,1150.94,12973, 314513, 40.89,-0.87
BOMDYEING, EQ, 13-Mar-2020,52.2,47.0,55.7,41.8, 53.80,53.5,50.54,2632573,1330.46,32730, 799491, 30.37,2.49
BOMDYEING, EQ, 13-Mar-2023,67.25,66.55,67.35,64.1, 65.05,64.75,65.59,670962,440.07,5645, 360011, 53.66,-3.72
BOMDYEING, EQ, 13-Mar-2024,159.2,159.0,159.45,136.65, 140.40,140.8,148.38,2978056,4418.79,34355, 1596101, 53.60,-11.56
BOMDYEING, EQ, 13-Mar-2025,128.22,129.0,129.86,126.25,127.3,127.32,127.95,831651,1064.07,13826, 383125, 46.07,-0.7
BOMDYEING, EQ, 13-Apr-2020,51.75,52.3,52.45,48.35, 50.00,49.9,49.9,653350,326.05,5095,263729,46.58,-3.57
BOMDYEING, EQ, 13-Apr-2021,68.2,68.9,69.75,68.25, 69.55,69.35,69.04,938489,647.97,5762, 256903, 27.37,1.69
BOMDYEING, EQ, 13-Apr-2022,102.5,103.3,104.35,100.75,101.1,101.15,102.4,2694836,2759.41,10956, 658744, 24.44,-1.32
BOMDYEING, EQ, 13-Apr-2023,79.05,79.8,80.95,76.75, 77.60,78.0,78.68,2109529,1659.74,11238, 759014, 35.98,-1.33
BOMDYEING, EQ, 13-May-2020,46.95,48.8,49.25,47.55,49.25,48.8,48.86,1011428,494.14,4848, 383977, 37.96,3.94
BOMDYEING, EQ, 13-May-2022,99.2,102.0,104.7,99.8,100.6,100.5,101.93,2964717,3021.99,20557, 510033, 17.20,1.31
BOMDYEING, EQ, 13-May-2024,165.4,169.8,170.0,160.55,166.5,166.0,164.57,1059714,1743.95,12459, 357004, 33.69,0.36
BOMDYEING, EQ, 13-Jun-2022,111.4,107.1,108.25,102.1,102.4,102.8,104.57,2634865,2755.31,16716, 862194, 32.72,-7.72
BOMDYEING, EQ, 13-Jun-2023,90.1,90.6,93.2,90.35, 91.70,91.55,92.03,3469373,3192.89,16111, 984305, 28.37,1.61
BOMDYEING, EQ, 13-Jun-2024,172.99,174.5,179.4,172.61,178.55,178.37,176.57,4297320,7587.57,39058, 1122560, 26.12,3.11
BOMDYEING, EQ, 13-Jul-2020,77.0,76.5,77.75,74.25, 75.30,75.65,76.23,2539687,1936.01,12590, 670916, 26.42,-1.75
BOMDYEING, EQ, 13-Jul-2021,96.1,97.7,101.35,94.3, 100.75,99.2,97.93,20165503,19748.02,86984, 4381445, 21.73,3.23
BOMDYEING, EQ, 13-Jul-2022,97.3,97.75,98.4,95.5,96.25,96.45,96.79,1239722,1199.95,7391, 264422, 21.33,-0.87
BOMDYEING, EQ, 13-Jul-2023,113.85,114.4,115.7,110.0, 111.80,111.65,113.07,2177759,2462.32,11175, 803433, 36.89,-1.93
BOMDYEING, EQ, 13-Aug-2020,66.7,67.0,68.3,66.8, 67.00,67.1,67.46,1308018,882.4,6275, 506672, 38.74,0.6
BOMDYEING, EQ, 13-Aug-2021,96.6,96.85,97.8,94.55,95.3,95.75,96.25,4095053,3941.39,21786, 772156, 18.86,-0.88
BOMDYEING, EQ, 13-Aug-2024,220.31,221.2,224.0,210.15,212.54,212.78,218.58,1349306,2949.35,21976, 454255, 33.67,-3.42
BOMDYEING, EQ, 13-Sep-2021,97.45,97.35,98.35,95.5, 96.00,96.2,96.83,2724521,2638.04,14436, 528675, 19.40,-1.28
BOMDYEING, EQ, 13-Sep-2022,105.2,105.9,106.75,104.4, 104.85,104.85,105.26,1425969,1501.01,6905, 564087, 39.56,-0.33
BOMDYEING, EQ, 13-Sep-2023,131.4,132.0,141.85,130.35, 140.50,140.5,137.61,4569861,6288.44,23321, 1432046, 31.34,6.93
BOMDYEING, EQ, 13-Sep-2024,212.47,213.95,217.62,212.48,213.5,213.28,214.74,1093771,2348.79,15142, 390084, 35.66,0.38
BOMDYEING, EQ, 13-Oct-2020,63.15,63.15,63.25,62.1, 62.80,62.45,62.61,448311,280.68,3409, 131421, 29.31,-1.11
BOMDYEING, EQ, 13-Oct-2021,95.3,95.8,105.9,95.35,104.9,104.5,101.37,20165655,20440.94,94816, 5417831, 26.87,9.65
BOMDYEING, EQ, 13-Oct-2022,98.65,98.4,99.15,96.4,97.0,97.3,97.43,954445,929.92,5653, 236357, 24.76,-1.37
BOMDYEING, EQ, 13-Oct-2023,155.5,154.85,158.45,152.6, 153.45,153.25,155.78,2327644,3626.05,16112, 935528, 40.19,-1.45
BOMDYEING, EQ, 13-Nov-2020,64.6,64.5,65.4,64.1,64.25,64.45,64.64,814274,526.33,4351, 215005, 26.40,-0.23
BOMDYEING, EQ, 13-Nov-2023,155.75,155.4,159.0,153.6, 156.80,157.0,156.73,1479856,2319.35,11735, 532669, 35.99,0.8
BOMDYEING, EQ, 13-Nov-2024,213.64,216.99,220.2,206.5,210.0,208.22,211.78,2171558,4598.89,44136, 586080, 26.99,-2.54
BOMDYEING, EQ, 13-Dec-2021,100.35,102.0,103.8,97.35,98.0,98.15,100.28,5789268,5805.43,35148, 1760124, 30.40,-2.19
BOMDYEING, EQ, 13-Dec-2022,82.2,82.3,85.95,82.3, 84.90,84.95,84.7,2523519,2137.42,10546, 1071789, 42.47,3.35
BOMDYEING, EQ, 13-Dec-2023,152.8,153.6,155.75,151.95, 153.30,153.0,153.53,827089,1269.82,11315, 377225, 45.61,0.13
BOMDYEING, EQ, 13-Dec-2024,213.21,212.63,213.87,207.55,212.8,212.95,210.83,1041285,2195.38,16450, 354847, 34.08,-0.12
BOMDYEING, EQ, 14-Jan-2020,91.95,92.5,94.5,89.15, 89.55,90.35,91.8,3395727,3117.19,21351, 1219050, 35.90,-1.74
BOMDYEING, EQ, 14-Jan-2021,80.2,80.5,80.9,79.1, 79.80,79.7,79.94,1436089,1148.04,7654, 427383, 29.76,-0.62
BOMDYEING, EQ, 14-Jan-2022,112.65,112.1,115.65,111.7, 113.10,113.4,113.7,3950275,4491.42,23045, 805489, 20.39,0.67
BOMDYEING, EQ, 14-Jan-2025,157.2,157.6,162.9,157.33,161.9,161.42,159.96,1797209,2874.86,24848, 825332, 45.92,2.68
BOMDYEING, EQ, 14-Feb-2020,86.85,87.2,88.2,85.5, 85.50,85.8,86.67,1131735,980.87,7963, 383666, 33.90,-1.21
BOMDYEING, EQ, 14-Feb-2022,118.0,114.7,115.2,105.0,105.8,106.45,111.0,5154493,5721.53,34901, 1833519, 35.57,-9.79
BOMDYEING, EQ, 14-Feb-2023,70.05,70.1,70.3,68.85,68.85,69.1,69.32,359442,249.15,2873, 177598, 49.41,-1.36
BOMDYEING, EQ, 14-Feb-2024,169.05,165.0,174.5,165.0, 172.10,172.05,171.16,1266171,2167.16,20106, 581840, 45.95,1.77
BOMDYEING, EQ, 14-Feb-2025,147.8,147.55,148.76,134.51,137.5,137.82,138.38,2020264,2795.66,29882, 1017608, 50.37,-6.75
BOMDYEING, EQ, 14-Mar-2022,101.75,101.85,102.45,100.1,101.7,101.65,101.28,1781640,1804.45,12510, 303235, 17.02,-0.1
BOMDYEING, EQ, 14-Mar-2023,64.75,65.1,65.2,63.0, 63.10,63.3,63.74,406979,259.43,4014, 203964, 50.12,-2.24
BOMDYEING, EQ, 14-Mar-2024,140.8,137.55,158.3,137.55, 158.00,155.25,149.89,1848957,2771.38,22243, 949665, 51.36,10.26
BOMDYEING, EQ, 14-May-2020,48.8,47.9,49.2,47.55,48.3,48.25,48.37,454134,219.65,3284, 165986, 36.55,-1.13
BOMDYEING, EQ, 14-May-2021,75.6,76.3,79.5,75.3, 76.00,76.15,77.64,5405491,4196.56,24490, 1138285, 21.06,0.73
BOMDYEING, EQ, 14-May-2024,166.0,166.45,168.25,164.4,166.8,166.75,166.45,724342,1205.65,8535, 298846, 41.26,0.45
BOMDYEING, EQ, 14-Jun-2021,89.15,89.0,89.0,84.2, 86.90,86.75,86.58,5971656,5170.02,23935, 1757391, 29.43,-2.69
BOMDYEING, EQ, 14-Jun-2022,102.8,102.85,107.0,102.0, 103.20,103.45,104.5,2918470,3049.78,18321, 590492, 20.23,0.63
BOMDYEING, EQ, 14-Jun-2023,91.55,92.1,93.0,90.1, 92.45,92.35,91.79,1939572,1780.24,8332, 797660, 41.13,0.87
BOMDYEING, EQ, 14-Jun-2024,178.37,179.4,182.5,177.0,177.4,177.77,179.16,3458945,6197.01,37140, 821353, 23.75,-0.34
BOMDYEING, EQ, 14-Jul-2020,75.65,74.35,75.2,72.5,72.7,72.85,73.54,1442613,1060.84,7669, 516346, 35.79,-3.7
BOMDYEING, EQ, 14-Jul-2021,99.2,100.5,103.4,98.1, 98.80,99.95,100.96,21419368,21624.65,93713, 4485801, 20.94,0.76
BOMDYEING, EQ, 14-Jul-2022,96.45,96.5,97.45,94.85, 96.15,96.3,96.15,1377747,1324.71,7085, 302086, 21.93,-0.16
BOMDYEING, EQ, 14-Jul-2023,111.65,112.25,114.3,110.75,113.8,113.55,112.23,2052794,2303.76,11437, 542550, 26.43,1.7
BOMDYEING, EQ, 14-Aug-2020,67.1,67.25,70.7,66.55, 67.70,67.75,68.88,3840240,2645.0,19831, 1060431, 27.61,0.97
BOMDYEING, EQ, 14-Aug-2023,122.35,123.5,133.1,119.35, 132.45,131.5,127.84,16148829,20644.45,65863, 5822834, 36.06,7.48
BOMDYEING, EQ, 14-Aug-2024,212.78,215.0,216.64,209.68,212.0,212.82,213.85,2711327,5798.24,33015, 512495, 18.90,0.02
BOMDYEING, EQ, 14-Sep-2020,65.15,65.7,68.5,65.6,67.4,67.5,67.54,2277173,1537.92,11438, 548439, 24.08,3.61
BOMDYEING, EQ, 14-Sep-2021,96.2,96.45,97.8,95.55, 95.75,96.0,96.64,2348009,2269.03,13470, 550061, 23.43,-0.21
BOMDYEING, EQ, 14-Sep-2022,104.85,103.6,106.3,102.5,104.35,104.25,104.47,3209232,3352.71,16049, 754511, 23.51,-0.57
BOMDYEING, EQ, 14-Sep-2023,140.5,166.0,168.6,151.5, 153.40,153.25,161.77,40400942,65356.44,155336, 9694188, 23.99,9.07
BOMDYEING, EQ, 14-Oct-2020,62.45,62.45,66.0,61.3, 65.60,65.5,63.66,1352700,861.12,7488, 581646, 43.00,4.88
BOMDYEING, EQ, 14-Oct-2021,104.5,104.8,107.4,101.6,102.5,102.9,104.1,8269743,8608.43,49777, 2428761, 29.37,-1.53
BOMDYEING, EQ, 14-Oct-2022,97.3,98.05,99.0,96.5, 97.00,97.1,97.68,965524,943.12,6469, 306034, 31.70,-0.21
BOMDYEING, EQ, 14-Oct-2024,221.03,220.93,239.5,218.26,238.7,237.96,233.41,7235779,16889.37,76560, 2360343, 32.62,7.66
BOMDYEING, EQ, 14-Nov-2022,84.45,85.0,85.1,83.75,84.45,84.7,84.59,616087,521.15,4106, 218600, 35.48,0.3
BOMDYEING, EQ, 14-Nov-2024,208.22,210.0,213.45,205.25, 205.80,206.07,209.01,1356576,2835.43,28043, 342436, 25.24,-1.03
BOMDYEING, EQ, 14-Dec-2020,73.65,74.25,74.95,73.15,73.55,73.65,73.82,1641725,1211.89,8248, 699166, 42.59,0.0
BOMDYEING, EQ, 14-Dec-2021,98.15,97.6,108.0,97.1,106.0,106.0,104.38,20639509,21542.83,102144, 5311327, 25.73,8.0
BOMDYEING, EQ, 14-Dec-2022,84.95,85.0,86.2,84.2, 84.35,84.95,85.39,1213878,1036.49,6677, 400456, 32.99,0.0
BOMDYEING, EQ, 14-Dec-2023,153.0,154.35,154.9,152.05, 152.40,152.45,153.33,877635,1345.71,10251, 527784, 60.14,-0.36
BOMDYEING, EQ, 15-Jan-2020,90.35,89.45,91.55,88.4, 88.55,88.9,89.55,2602929,2331.03,14225, 1027573, 39.48,-1.6
BOMDYEING, EQ, 15-Jan-2021,79.7,79.5,80.05,77.15,77.85,77.85,78.38,1709676,1340.07,10243, 623404, 36.46,-2.32
BOMDYEING, EQ, 15-Jan-2024,159.45,160.3,165.9,159.45, 162.10,162.0,163.09,4639498,7566.78,33993, 2436658, 52.52,1.6
BOMDYEING, EQ, 15-Jan-2025,161.42,163.04,165.8,160.07,160.6,160.76,162.74,1058176,1722.03,20429, 351332, 33.20,-0.41
BOMDYEING, EQ, 15-Feb-2021,72.4,72.95,73.2,71.2, 71.60,71.75,72.31,1220776,882.71,5993, 530161, 43.43,-0.9
BOMDYEING, EQ, 15-Feb-2022,106.45,106.9,110.8,102.55,109.15,109.65,107.19,4959205,5315.57,29857, 865830, 17.46,3.01
BOMDYEING, EQ, 15-Feb-2023,69.1,69.1,69.65,68.3, 69.55,69.15,68.8,969063,666.71,3751, 640046, 66.05,0.07
BOMDYEING, EQ, 15-Feb-2024,172.05,173.3,182.9,171.9, 178.10,177.85,178.42,2108705,3762.39,26863, 978859, 46.42,3.37
BOMDYEING, EQ, 15-Mar-2021,80.5,81.1,81.1,77.85, 78.80,79.15,78.99,1803982,1424.99,9084, 586733, 32.52,-1.68
BOMDYEING, EQ, 15-Mar-2022,101.65,102.25,104.0,98.8,99.2,99.6,101.37,3111416,3154.09,17553, 575563, 18.50,-2.02
BOMDYEING, EQ, 15-Mar-2023,63.3,63.9,64.3,61.75, 62.10,62.1,62.76,675868,424.2,5041, 407982, 60.36,-1.9
BOMDYEING, EQ, 15-Mar-2024,155.25,156.0,164.9,151.5, 157.80,158.35,157.23,2587920,4068.94,30718, 1206582, 46.62,2.0
BOMDYEING, EQ, 15-Apr-2020,49.9,50.55,52.5,49.6, 50.70,50.65,51.33,1157346,594.03,7047, 531833, 45.95,1.5
BOMDYEING, EQ, 15-Apr-2021,69.35,68.6,69.65,67.5,68.1,68.05,68.14,713783,486.35,4678, 241209, 33.79,-1.87
BOMDYEING, EQ, 15-Apr-2024,166.05,164.6,168.75,158.15, 166.05,166.25,163.91,1223967,2006.24,17607, 424975, 34.72,0.12
BOMDYEING, EQ, 15-Apr-2025,126.91,129.3,133.25,128.61,132.55,132.39,131.37,995931,1308.4,16964, 418785, 42.05,4.32
BOMDYEING, EQ, 15-May-2020,48.25,48.6,48.9,47.55,48.1,48.0,48.04,310697,149.24,2487, 105870, 34.07,-0.52
BOMDYEING, EQ, 15-May-2023,83.65,83.6,87.5,83.3, 85.95,86.2,85.58,1473984,1261.47,8195, 486041, 32.97,3.05
BOMDYEING, EQ, 15-May-2024,166.75,167.4,189.0,167.35,185.6,184.8,183.03,12123572,22189.39,86255, 3528251, 29.10,10.82
BOMDYEING, EQ, 15-Jun-2020,63.35,63.5,64.8,62.2,62.5,62.85,63.29,973951,616.43,5683, 352994, 36.24,-0.79
BOMDYEING, EQ, 15-Jun-2021,86.75,87.35,89.45,85.75, 86.00,86.5,87.62,4705204,4122.93,17409, 1387524, 29.49,-0.29
BOMDYEING, EQ, 15-Jun-2022,103.45,106.0,106.0,103.0, 103.40,103.6,104.37,1369523,1429.34,8289, 251607, 18.37,0.14
BOMDYEING, EQ, 15-Jun-2023,92.35,92.5,98.85,92.25, 96.30,96.15,96.4,8352174,8051.29,31434, 3008699, 36.02,4.11
BOMDYEING, EQ, 15-Jul-2020,72.85,73.4,75.2,70.35,70.95,71.35,73.44,1838637,1350.27,9645, 513182, 27.91,-2.06
BOMDYEING, EQ, 15-Jul-2021,99.95,99.4,100.6,96.3, 98.00,98.7,98.36,9404099,9249.74,38802, 2041182, 21.71,-1.25
BOMDYEING, EQ, 15-Jul-2022,96.3,96.75,96.95,94.7,95.75,95.8,95.57,1050095,1003.57,5433, 199480, 19.00,-0.52
BOMDYEING, EQ, 15-Jul-2024,215.57,215.52,217.99,212.61,214.85,214.51,215.44,1554661,3349.36,18212, 541361, 34.82,-0.49
BOMDYEING, EQ, 15-Sep-2020,67.5,67.5,70.9,67.5, 70.60,70.6,70.11,3473468,2435.36,16219, 1036724, 29.85,4.59
BOMDYEING, EQ, 15-Sep-2021,96.0,96.1,97.5,95.55, 96.10,96.2,96.44,2689812,2594.13,15147, 776648, 28.87,0.21
BOMDYEING, EQ, 15-Sep-2022,104.25,104.95,108.05,104.7,105.2,105.45,106.35,3930929,4180.6,19855, 1072399, 27.28,1.15
BOMDYEING, EQ, 15-Sep-2023,153.25,153.95,156.85,147.9, 153.70,152.85,151.62,12588598,19087.45,62282, 2580288, 20.50,-0.26
BOMDYEING, EQ, 15-Oct-2020,65.5,67.8,67.8,62.7, 63.10,63.55,65.48,2004643,1312.69,12181, 576845, 28.78,-2.98
BOMDYEING, EQ, 15-Oct-2024,237.96,240.3,241.5,228.01,229.9,229.04,234.78,4722546,11087.42,58692, 1608517, 34.06,-3.75
BOMDYEING, EQ, 15-Nov-2021,96.55,97.0,97.4,94.7, 95.50,95.7,96.06,2113465,2030.12,12096, 625822, 29.61,-0.88
BOMDYEING, EQ, 15-Nov-2022,84.7,85.0,85.05,83.4, 83.75,84.05,84.1,637037,535.77,4075, 234604, 36.83,-0.77
BOMDYEING, EQ, 15-Nov-2023,157.0,158.2,161.7,157.6, 158.70,158.55,159.99,2044039,3270.23,13565, 747805, 36.58,0.99
BOMDYEING, EQ, 15-Dec-2020,73.65,73.75,73.95,72.0,72.8,73.05,72.99,1310728,956.76,6334, 448668, 34.23,-0.81
BOMDYEING, EQ, 15-Dec-2021,106.0,106.0,110.15,104.4, 105.30,105.65,107.77,14014282,15103.63,78794, 3084481, 22.01,-0.33
BOMDYEING, EQ, 15-Dec-2022,84.95,84.85,84.95,82.75, 83.05,83.2,83.65,939785,786.1,5331, 386404, 41.12,-2.06
BOMDYEING, EQ, 15-Dec-2023,152.45,153.2,154.75,150.55, 151.55,151.5,152.48,1266784,1931.62,14298, 635309, 50.15,-0.62
BOMDYEING, EQ, 16-Jan-2020,88.9,89.05,90.9,87.7, 88.10,88.35,89.13,3858321,3439.03,17791, 1149992, 29.81,-0.62
BOMDYEING, EQ, 16-Jan-2023,78.3,78.5,79.05,77.4, 77.90,78.1,78.15,506481,395.81,3091, 146257, 28.88,-0.26
BOMDYEING, EQ, 16-Jan-2024,162.0,162.85,164.25,155.55, 158.50,158.1,159.95,2165128,3463.03,18260, 1077635, 49.77,-2.41
BOMDYEING, EQ, 16-Jan-2025,160.76,163.2,169.7,163.2,167.0,167.29,166.76,1312046,2187.94,23372, 561177, 42.77,4.06
BOMDYEING, EQ, 16-Feb-2021,71.75,72.3,72.95,70.35, 71.10,71.25,71.45,1168775,835.11,6988, 436565, 37.35,-0.7
BOMDYEING, EQ, 16-Feb-2022,109.65,110.0,116.25,109.65,112.4,112.9,113.68,5891102,6697.06,32808, 1204970, 20.45,2.96
BOMDYEING, EQ, 16-Feb-2023,69.15,69.5,72.1,69.3, 71.65,71.5,71.1,662988,471.41,5079, 246631, 37.20,3.4
BOMDYEING, EQ, 16-Feb-2024,177.85,179.0,179.4,173.5,174.1,174.15,175.84,666727,1172.37,11141, 348359, 52.25,-2.08
BOMDYEING, EQ, 16-Mar-2020,53.5,50.5,51.8,45.0, 46.50,47.05,48.93,1652791,808.67,26644, 735016, 44.47,-12.06
BOMDYEING, EQ, 16-Mar-2021,79.15,79.6,80.85,78.3, 78.70,79.05,79.55,1819022,1447.01,8928, 345753, 19.01,-0.13
BOMDYEING, EQ, 16-Mar-2022,99.6,101.0,101.9,99.85,99.95,100.25,100.69,1947205,1960.58,10808, 509652, 26.17,0.65
BOMDYEING, EQ, 16-Mar-2023,62.1,62.3,62.65,60.15, 62.00,62.1,61.45,780830,479.85,5182, 445235, 57.02,0.0
BOMDYEING, EQ, 16-Apr-2020,50.65,50.8,55.7,49.75, 55.70,55.7,53.75,2186760,1175.28,11540, 707268, 32.34,9.97
BOMDYEING, EQ, 16-Apr-2021,68.05,68.6,70.45,68.15,68.65,68.9,69.2,1457106,1008.26,8165, 333387, 22.88,1.25
BOMDYEING, EQ, 16-Apr-2024,166.25,163.75,169.75,163.75, 167.90,166.7,167.39,631733,1057.46,10198, 249417, 39.48,0.27
BOMDYEING, EQ, 16-Apr-2025,132.39,132.5,135.59,131.9,134.67,134.61,134.11,898535,1205.0,14562, 310785, 34.59,1.68
BOMDYEING, EQ, 16-May-2022,100.5,101.4,108.2,99.0,107.45,106.7,103.69,4417474,4580.34,27441, 1008616, 22.83,6.17
BOMDYEING, EQ, 16-May-2023,86.2,86.6,87.25,84.25,84.4,84.45,85.39,804094,686.58,5370, 274520, 34.14,-2.03
BOMDYEING, EQ, 16-May-2024,184.8,187.35,187.75,177.8,180.2,179.8,182.56,3428942,6260.03,34852, 1028895, 30.01,-2.71
BOMDYEING, EQ, 16-Jun-2020,62.85,63.85,64.5,58.5, 60.55,60.7,61.44,1837090,1128.76,10717, 638012, 34.73,-3.42
BOMDYEING, EQ, 16-Jun-2021,86.5,86.3,94.3,85.6, 92.50,92.7,90.78,14869914,13498.79,53334, 3571126, 24.02,7.17
BOMDYEING, EQ, 16-Jun-2022,103.6,105.0,105.9,96.55, 96.95,97.2,100.28,2775208,2782.84,17689, 792085, 28.54,-6.18
BOMDYEING, EQ, 16-Jun-2023,96.15,97.0,99.9,96.8, 99.20,99.1,98.75,5104710,5040.76,19265, 1947445, 38.15,3.07
BOMDYEING, EQ, 16-Jul-2020,71.35,71.2,71.7,68.4, 70.70,70.9,70.05,2136257,1496.53,11089, 464541, 21.75,-0.63
BOMDYEING, EQ, 16-Jul-2021,98.7,98.25,104.0,98.2, 101.85,102.4,101.99,20512176,20921.35,90578, 4111154, 20.04,3.75
BOMDYEING, EQ, 16-Jul-2024,214.51,217.0,231.54,215.97,222.24,221.53,225.13,6836286,15390.7,62272, 1732543, 25.34,3.27
BOMDYEING, EQ, 16-Aug-2021,95.75,95.45,95.95,92.25,92.35,92.8,93.8,2651541,2487.05,14131, 595692, 22.47,-3.08
BOMDYEING, EQ, 16-Aug-2022,100.85,101.3,104.9,101.1,103.4,103.4,103.48,2708840,2803.02,13817, 914858, 33.77,2.53
BOMDYEING, EQ, 16-Aug-2023,131.5,131.85,135.25,128.0, 132.70,133.3,131.95,6941971,9160.1,35158, 1992328, 28.70,1.37
BOMDYEING, EQ, 16-Aug-2024,212.82,214.25,216.28,211.61,213.05,213.23,213.38,1481695,3161.7,14607, 396989, 26.79,0.19
BOMDYEING, EQ, 16-Sep-2020,70.6,70.8,71.45,69.4,69.85,69.8,70.32,1576269,1108.48,7188, 570078, 36.17,-1.13
BOMDYEING, EQ, 16-Sep-2021,96.2,96.5,97.35,95.65,95.65,96.2,96.53,2743508,2648.43,14799, 640155, 23.33,0.0
BOMDYEING, EQ, 16-Sep-2022,105.45,105.15,106.4,100.5, 101.65,101.65,103.45,2675502,2767.94,12786, 851066, 31.81,-3.6
BOMDYEING, EQ, 16-Sep-2024,213.28,214.44,215.5,211.75,212.05,212.54,213.33,662464,1413.25,12733, 276948, 41.81,-0.35
BOMDYEING, EQ, 16-Oct-2020,63.55,63.5,66.8,62.35, 66.20,66.0,64.82,1468140,951.67,9193, 414569, 28.24,3.86
BOMDYEING, EQ, 16-Oct-2023,153.25,153.4,155.3,150.65, 151.85,151.75,152.02,1545971,2350.12,11097, 668464, 43.24,-0.98
BOMDYEING, EQ, 16-Oct-2024,229.04,229.0,239.7,227.7,236.85,237.8,234.81,4544155,10669.99,51408, 1208347, 26.59,3.82
BOMDYEING, EQ, 16-Nov-2021,95.7,96.05,96.7,93.75, 94.00,94.1,95.22,1819595,1732.68,11274, 563229, 30.95,-1.67
BOMDYEING, EQ, 16-Nov-2022,84.05,84.0,84.4,82.15, 82.70,82.9,83.12,736004,611.76,6220, 280030, 38.05,-1.37
BOMDYEING, EQ, 16-Nov-2023,158.55,158.9,160.0,157.5, 158.60,158.0,158.63,1663501,2638.86,11549, 503382, 30.26,-0.35
BOMDYEING, EQ, 16-Dec-2020,73.05,73.5,80.6,73.2, 80.50,78.65,77.42,11594339,8975.79,46218, 3677780, 31.72,7.67
BOMDYEING, EQ, 16-Dec-2021,105.65,107.15,107.8,101.1, 101.85,102.4,103.66,5763809,5974.67,31199, 1283425, 22.27,-3.08
BOMDYEING, EQ, 16-Dec-2022,83.2,82.9,84.0,81.85, 82.25,82.1,82.52,1182546,975.82,5463, 409914, 34.66,-1.32
BOMDYEING, EQ, 16-Dec-2024,212.95,214.65,222.61,214.4,217.95,219.25,218.33,3131444,6836.92,34099, 1326743, 42.37,2.96
BOMDYEING, EQ, 17-Jan-2020,88.35,88.3,91.45,88.2, 89.60,89.75,89.98,3432187,3088.13,18927, 776649, 22.63,1.58
BOMDYEING, EQ, 17-Jan-2022,113.4,113.1,118.8,113.0,117.05,117.25,116.58,8480804,9887.11,42669, 2073263, 24.45,3.4
BOMDYEING, EQ, 17-Jan-2023,78.1,78.0,78.6,76.5,77.55,77.75,77.71,616441,479.04,4843, 173380, 28.13,-0.45
BOMDYEING, EQ, 17-Jan-2024,158.1,155.0,159.15,155.0, 156.80,156.25,156.8,934876,1465.92,10718, 477755, 51.10,-1.17
BOMDYEING, EQ, 17-Jan-2025,167.29,165.64,169.99,165.64,168.38,168.11,167.7,870505,1459.88,18422, 306364, 35.19,0.49
BOMDYEING, EQ, 17-Feb-2020,85.8,85.9,86.15,82.8, 83.00,83.3,84.07,1012844,851.48,7233, 328995, 32.48,-2.91
BOMDYEING, EQ, 17-Feb-2021,71.25,71.0,73.4,70.8, 72.90,73.0,72.72,1815343,1320.12,11619, 525834, 28.97,2.46
BOMDYEING, EQ, 17-Feb-2022,112.9,114.05,115.3,111.25,111.6,112.3,113.31,3059756,3466.9,18781, 724064, 23.66,-0.53
BOMDYEING, EQ, 17-Feb-2023,71.5,71.5,72.15,69.9, 70.40,70.35,70.88,427303,302.88,3864, 159570, 37.34,-1.61
BOMDYEING, EQ, 17-Feb-2025,137.82,137.85,141.37,134.23,139.5,140.04,138.5,1391973,1927.86,28539, 424967, 30.53,1.61
BOMDYEING, EQ, 17-Mar-2020,47.05,47.8,51.4,46.45, 47.80,48.0,49.12,1426556,700.73,10721, 401225, 28.13,2.02
BOMDYEING, EQ, 17-Mar-2021,79.05,79.1,79.4,75.6,76.45,76.65,77.68,2104437,1634.69,9849, 809732, 38.48,-3.04
BOMDYEING, EQ, 17-Mar-2022,100.25,101.5,102.8,99.45, 99.90,100.1,101.27,2244076,2272.57,11769, 647585, 28.86,-0.15
BOMDYEING, EQ, 17-Mar-2023,62.1,62.5,63.8,61.5, 62.80,62.75,62.55,826436,516.92,4804, 363414, 43.97,1.05
BOMDYEING, EQ, 17-Mar-2025,127.32,128.25,128.98,125.3,125.67,125.64,126.47,1755552,2220.23,13848, 1324499, 75.45,-1.32
BOMDYEING, EQ, 17-Apr-2020,55.7,58.45,58.45,55.1, 56.15,56.25,56.55,1901469,1075.2,11845, 803745, 42.27,0.99
BOMDYEING, EQ, 17-Apr-2023,78.0,77.5,85.0,77.5, 83.50,83.15,82.94,3983439,3303.76,20573, 1842688, 46.26,6.6
BOMDYEING, EQ, 17-Apr-2025,134.61,134.61,137.27,134.4,135.54,135.57,135.92,949005,1289.92,15512, 372656, 39.27,0.71
BOMDYEING, EQ, 17-May-2021,76.15,76.75,77.25,75.1,75.2,75.5,76.09,1928826,1467.74,9093, 514350, 26.67,-0.85
BOMDYEING, EQ, 17-May-2022,106.7,107.5,108.8,105.35, 107.85,107.9,107.34,2609017,2800.44,16335, 548842, 21.04,1.12
BOMDYEING, EQ, 17-May-2023,84.45,83.9,85.2,83.05, 83.35,83.4,83.9,630976,529.38,3235, 205299, 32.54,-1.24
BOMDYEING, EQ, 17-May-2024,179.8,180.3,184.8,177.4,179.6,180.1,180.65,2132326,3852.11,22691, 693821, 32.54,0.17
BOMDYEING, EQ, 17-Jun-2020,60.7,60.05,63.8,58.55,61.6,61.7,61.6,3390780,2088.68,19580, 654754, 19.31,1.65
BOMDYEING, EQ, 17-Jun-2021,92.7,91.55,99.8,91.1, 94.90,94.7,96.56,28572375,27588.14,113178, 5453187, 19.09,2.16
BOMDYEING, EQ, 17-Jun-2022,97.2,97.2,101.3,96.35,99.35,99.8,99.22,2546245,2526.42,17500, 465038, 18.26,2.67
BOMDYEING, EQ, 17-Jul-2020,70.9,71.0,72.7,70.6, 70.75,71.1,71.38,1588469,1133.92,8009, 404535, 25.47,0.28
BOMDYEING, EQ, 17-Jul-2023,113.55,113.8,117.9,113.8,115.3,115.35,115.94,3101029,3595.3,14854, 1117342, 36.03,1.59
BOMDYEING, EQ, 16-Jul-2024,214.51,217.0,231.54,215.97,222.24,221.53,225.13,6836286,15390.7,62272, 1732543, 25.34,3.27
BOMDYEING, EQ, 17-Aug-2020,67.75,68.65,69.85,66.75, 69.00,69.15,68.62,3226538,2214.03,14795, 637475, 19.76,2.07
BOMDYEING, EQ, 17-Aug-2021,92.8,92.55,94.3,90.7,91.0,91.75,92.4,3160876,2920.53,19552, 606318, 19.18,-1.13
BOMDYEING, EQ, 17-Aug-2022,103.4,103.8,104.45,101.15, 101.70,101.5,102.92,1511194,1555.31,8070, 653434, 43.24,-1.84
BOMDYEING, EQ, 17-Aug-2023,133.3,133.45,134.25,128.65, 129.90,130.6,131.02,4452353,5833.28,25227, 1410544, 31.68,-2.03
BOMDYEING, EQ, 17-Sep-2020,69.8,69.0,69.4,67.5, 67.90,68.1,68.53,1017067,696.98,6420, 312217, 30.70,-2.44
BOMDYEING, EQ, 17-Sep-2021,96.2,96.3,96.7,91.8, 93.00,93.25,93.73,2738089,2566.55,16402, 879295, 32.11,-3.07
BOMDYEING, EQ, 17-Sep-2024,212.54,211.87,214.84,210.26,211.12,211.74,212.03,719152,1524.84,11152, 252427, 35.10,-0.38
BOMDYEING, EQ, 17-Oct-2022,97.1,97.0,97.3,95.8,96.05,96.15,96.25,790848,761.19,5270, 247054, 31.24,-0.98
BOMDYEING, EQ, 17-Oct-2023,151.75,157.0,160.4,153.75,154.85,154.9,156.97,4483047,7037.07,26504, 1788531, 39.90,2.08
BOMDYEING, EQ, 17-Oct-2024,237.8,239.0,254.9,235.24,241.5,240.92,247.09,17617155,43530.89,147987, 3705650, 21.03,1.31
BOMDYEING, EQ, 17-Nov-2020,65.15,65.15,69.55,64.7, 68.55,68.7,67.63,4459466,3015.84,25429, 1540119, 34.54,5.45
BOMDYEING, EQ, 17-Nov-2021,94.1,94.4,96.25,93.8, 94.15,94.15,94.86,2320782,2201.61,12824, 522651, 22.52,0.05
BOMDYEING, EQ, 17-Nov-2022,82.9,83.0,83.1,81.35, 81.70,81.85,81.96,604153,495.17,5042, 233788, 38.70,-1.27
BOMDYEING, EQ, 17-Nov-2023,158.0,158.6,167.4,157.35, 164.30,164.95,163.18,5511528,8993.83,36212, 2133607, 38.71,4.4
BOMDYEING, EQ, 17-Dec-2020,78.65,84.4,84.8,80.3, 81.20,81.15,83.23,18912197,15739.75,75436, 5351526, 28.30,3.18
BOMDYEING, EQ, 17-Dec-2021,102.4,101.7,102.1,95.5, 96.35,96.5,98.49,4602115,4532.6,25547, 1318539, 28.65,-5.76
BOMDYEING, EQ, 17-Dec-2024,219.25,217.49,220.1,213.64,214.0,214.86,216.76,1163468,2521.91,18032, 410436, 35.28,-2.0
BOMDYEING, EQ, 18-Jan-2021,77.85,77.8,77.9,74.8, 75.45,75.55,75.97,1259011,956.53,9200, 461727, 36.67,-2.95
BOMDYEING, EQ, 18-Jan-2022,117.25,117.8,118.3,112.0, 112.55,112.65,115.34,4097300,4725.94,22344, 1480918, 36.14,-3.92
BOMDYEING, EQ, 18-Jan-2023,77.75,78.15,78.45,77.25,77.4,77.6,77.77,476485,370.54,3611, 183599, 38.53,-0.19
BOMDYEING, EQ, 18-Jan-2024,156.25,155.7,157.8,149.05, 156.00,155.05,154.51,1308719,2022.11,17325, 554075, 42.34,-0.77
BOMDYEING, EQ, 18-Feb-2020,83.3,82.75,82.9,78.7, 81.45,81.45,80.61,1462056,1178.52,10109, 472605, 32.32,-2.22
BOMDYEING, EQ, 18-Feb-2021,73.0,73.55,73.85,72.5,72.9,73.15,73.2,1510731,1105.82,9440, 444476, 29.42,0.21
BOMDYEING, EQ, 18-Feb-2022,112.3,113.7,113.7,109.35,109.4,109.75,111.47,2358304,2628.71,14901, 476243, 20.19,-2.27
BOMDYEING, EQ, 18-Feb-2025,140.04,141.0,141.84,134.5,136.0,136.92,136.69,900107,1230.37,15933, 327709, 36.41,-2.23
BOMDYEING, EQ, 18-Mar-2020,48.0,49.25,49.95,44.6, 45.25,45.6,46.77,1055023,493.4,10899, 380664, 36.08,-5.0
BOMDYEING, EQ, 18-Mar-2021,76.65,77.2,78.85,73.35, 75.15,75.15,76.73,3485145,2674.16,25757, 570959, 16.38,-1.96
BOMDYEING, EQ, 18-Mar-2024,158.35,158.3,162.0,152.95, 153.50,153.55,156.33,1082592,1692.43,15185, 545858, 50.42,-3.03
BOMDYEING, EQ, 18-Mar-2025,125.64,126.5,131.35,126.2,130.17,129.87,129.9,1302336,1691.73,20741, 599853, 46.06,3.37
BOMDYEING, EQ, 18-Apr-2022,101.15,100.95,102.4,99.8, 101.60,101.4,101.24,2521325,2552.48,12851, 461111, 18.29,0.25
BOMDYEING, EQ, 18-Apr-2023,83.15,83.8,85.9,83.45, 84.15,84.3,84.51,2022039,1708.81,10557, 926022, 45.80,1.38
BOMDYEING, EQ, 18-Apr-2024,166.7,168.9,168.9,163.3, 165.30,164.15,166.2,630574,1048.01,9063, 317530, 50.36,-1.53
BOMDYEING, EQ, 18-May-2020,48.0,48.0,48.25,45.65, 45.65,45.75,46.16,332221,153.34,2694, 175177, 52.73,-4.69
BOMDYEING, EQ, 18-May-2021,75.5,76.1,76.85,74.6, 74.85,75.05,75.79,1570953,1190.7,7270, 556002, 35.39,-0.6
BOMDYEING, EQ, 18-May-2022,107.9,108.3,109.95,105.3,107.7,108.6,107.94,2968532,3204.09,16222, 553225, 18.64,0.65
BOMDYEING, EQ, 18-May-2023,83.4,83.85,86.6,83.1, 83.70,83.5,84.78,1130350,958.32,5655, 325430, 28.79,0.12
BOMDYEING, EQ, 18-Jun-2020,61.7,61.4,63.9,61.1,63.4,63.1,62.79,1332211,836.46,8316, 447751, 33.61,2.27
BOMDYEING, EQ, 18-Jun-2021,94.7,95.6,96.4,87.3, 92.20,92.05,91.53,11118051,10175.95,45978, 2124394, 19.11,-2.8
BOMDYEING, EQ, 18-Jun-2024,177.77,178.5,179.1,174.26,174.41,174.76,175.97,1185921,2086.81,13213, 505842, 42.65,-1.69
BOMDYEING, EQ, 18-Jul-2022,95.8,96.3,98.5,96.2,97.1,97.2,97.26,1636664,1591.74,9661, 480905, 29.38,1.46
BOMDYEING, EQ, 18-Jul-2023,115.35,115.7,115.85,111.45, 112.90,112.95,113.33,1675284,1898.56,9729, 578064, 34.51,-2.08
BOMDYEING, EQ, 18-Jul-2024,221.53,222.19,223.39,214.0,215.2,214.51,216.95,2033043,4410.64,21860, 789229, 38.82,-3.17
BOMDYEING, EQ, 18-Aug-2020,69.15,68.9,71.8,68.7,70.5,70.8,70.68,4015444,2837.96,20388, 1141672, 28.43,2.39
BOMDYEING, EQ, 18-Aug-2021,91.75,91.75,92.5,88.55, 88.75,89.45,90.75,2369882,2150.55,13233, 588467, 24.83,-2.51
BOMDYEING, EQ, 18-Aug-2022,101.5,101.9,104.65,101.65,102.6,102.65,102.98,2200466,2266.06,11026, 548149, 24.91,1.13
BOMDYEING, EQ, 18-Aug-2023,130.6,130.15,131.05,125.55, 125.60,126.45,127.5,3374364,4302.33,17074, 1047577, 31.05,-3.18
BOMDYEING, EQ, 18-Sep-2020,68.1,68.35,69.5,67.25, 68.00,68.0,68.63,1040354,713.99,6133, 266842, 25.65,-0.15
BOMDYEING, EQ, 18-Sep-2023,152.85,153.7,154.35,146.5, 147.35,147.75,149.37,4537182,6777.23,23374, 1488617, 32.81,-3.34
BOMDYEING, EQ, 18-Sep-2024,211.74,211.6,214.65,206.53,208.25,207.63,210.0,1050385,2205.8,18186, 438172, 41.72,-1.94
BOMDYEING, EQ, 18-Oct-2021,102.9,103.7,107.7,101.1, 103.45,103.85,104.5,8948521,9351.02,53386, 1928304, 21.55,0.92
BOMDYEING, EQ, 18-Oct-2022,96.15,96.7,97.65,96.0,96.75,96.7,96.78,949436,918.86,5178, 286135, 30.14,0.57
BOMDYEING, EQ, 18-Oct-2023,154.9,155.5,160.0,151.75, 156.40,156.25,156.81,4514378,7078.89,26838, 1443882, 31.98,0.87
BOMDYEING, EQ, 18-Oct-2024,240.92,241.0,252.67,235.25,249.0,249.63,246.49,8256271,20351.2,73172, 1608706, 19.48,3.62
BOMDYEING, EQ, 18-Nov-2020,68.7,68.95,69.4,66.75, 67.65,67.7,68.05,2178843,1482.67,11114, 737731, 33.86,-1.46
BOMDYEING, EQ, 18-Nov-2021,94.15,94.2,94.75,91.65,92.15,92.05,92.86,1653010,1534.95,11273, 564284, 34.14,-2.23
BOMDYEING, EQ, 18-Nov-2022,81.85,82.55,82.55,80.25, 80.95,80.95,81.06,767224,621.92,4820, 304672, 39.71,-1.1
BOMDYEING, EQ, 18-Nov-2024,206.07,206.1,208.65,201.88,204.3,204.75,205.4,1467453,3014.18,28869, 489627, 33.37,-0.64
BOMDYEING, EQ, 18-Dec-2020,81.15,80.8,80.9,77.5, 78.60,78.9,78.92,2970148,2344.11,14981, 863472, 29.07,-2.77
BOMDYEING, EQ, 18-Dec-2023,151.5,152.0,154.4,151.0, 153.60,153.5,153.1,778705,1192.16,9414, 385976, 49.57,1.32
BOMDYEING, EQ, 18-Dec-2024,214.86,214.59,214.8,208.8,209.2,209.21,211.16,1004698,2121.56,14916, 449930, 44.78,-2.63
BOMDYEING, EQ, 19-Jan-2021,75.55,76.25,79.5,76.25, 78.25,78.35,78.14,2698393,2108.5,16380, 616767, 22.86,3.71
BOMDYEING, EQ, 19-Jan-2022,112.65,112.65,115.75,109.5, 114.20,114.0,113.24,4485403,5079.09,25408, 1096057, 24.44,1.2
BOMDYEING, EQ, 19-Jan-2023,77.6,77.4,77.4,76.6, 76.80,76.85,76.87,309579,237.96,2673, 123432, 39.87,-0.97
BOMDYEING, EQ, 19-Jan-2024,155.05,156.0,157.75,154.5, 155.00,155.4,155.92,1049183,1635.87,10742, 534950, 50.99,0.23
BOMDYEING, EQ, 19-Feb-2020,81.45,81.85,83.75,81.5, 82.05,82.5,82.57,1815254,1498.89,10664, 507308, 27.95,1.29
BOMDYEING, EQ, 19-Feb-2021,73.15,73.5,79.85,73.05,76.55,76.05,76.96,9292013,7150.71,42304, 2332001, 25.10,3.96
BOMDYEING, EQ, 19-Feb-2024,174.15,174.1,180.9,172.7, 173.80,173.7,176.63,1168983,2064.73,15050, 502845, 43.02,-0.26
BOMDYEING, EQ, 19-Feb-2025,136.92,135.96,143.59,134.5,142.49,142.88,141.01,963719,1358.92,17472, 359592, 37.31,4.35
BOMDYEING, EQ, 19-Mar-2020,45.6,44.0,45.3,41.5, 41.80,42.1,42.96,1546961,664.63,10745, 503236, 32.53,-7.68
BOMDYEING, EQ, 19-Mar-2021,75.15,74.1,75.65,71.7,74.9,74.95,74.05,1754723,1299.32,8918, 530579, 30.24,-0.27
BOMDYEING, EQ, 19-Mar-2024,153.55,153.55,154.2,149.0, 149.80,149.8,150.7,788468,1188.26,10715, 443118, 56.20,-2.44
BOMDYEING, EQ, 19-Mar-2025,129.87,130.5,135.9,130.5,135.45,134.92,133.85,1237879,1656.9,15713, 612185, 49.45,3.89
BOMDYEING, EQ, 19-Apr-2021,68.9,66.6,66.9,65.2,65.5,65.6,65.84,852532,561.28,6645, 372606, 43.71,-4.79
BOMDYEING, EQ, 19-Apr-2022,101.4,102.0,106.1,99.4,99.7,101.4,103.76,4539993,4710.79,21935, 976623, 21.51,0.0
BOMDYEING, EQ, 19-Apr-2023,84.3,84.55,85.5,83.3, 83.85,84.25,84.39,1280072,1080.23,6233, 668022, 52.19,-0.06
BOMDYEING, EQ, 19-Apr-2024,164.15,160.0,165.75,159.0, 164.00,164.05,162.62,814139,1323.97,14136, 309544, 38.02,-0.06
BOMDYEING, EQ, 19-May-2020,45.75,45.75,46.4,45.25,45.9,45.75,45.85,240547,110.29,2001, 83980, 34.91,0.0
BOMDYEING, EQ, 19-May-2021,75.05,75.1,78.15,75.1, 76.85,76.95,76.66,4090958,3136.19,17882, 1064514, 26.02,2.53
BOMDYEING, EQ, 19-May-2022,108.6,106.0,106.85,101.7,103.1,102.8,104.16,2587633,2695.24,14967, 655727, 25.34,-5.34
BOMDYEING, EQ, 19-May-2023,83.5,83.95,84.0,81.55,82.7,82.6,82.43,855625,705.33,4570, 313962, 36.69,-1.08
BOMDYEING, EQ, 19-Jun-2020,63.1,63.7,72.4,63.1, 72.30,71.55,68.84,10093025,6947.62,44228, 2982179, 29.55,13.39
BOMDYEING, EQ, 19-Jun-2023,99.1,99.55,101.35,97.0, 97.40,97.6,98.63,2189407,2159.47,10721, 833474, 38.07,-1.51
BOMDYEING, EQ, 19-Jun-2024,174.76,175.4,175.8,170.01,171.65,171.3,172.08,1993882,3431.03,24563, 459590, 23.05,-1.98
BOMDYEING, EQ, 19-Jul-2021,102.4,100.4,108.0,100.25, 106.40,106.25,105.41,20880869,22010.72,87388, 4055059, 19.42,3.76
BOMDYEING, EQ, 19-Jul-2022,97.2,97.0,99.7,96.75, 98.80,98.9,98.33,2008690,1975.19,11537, 515712, 25.67,1.75
BOMDYEING, EQ, 19-Jul-2023,112.95,113.05,114.5,111.55, 111.95,112.25,112.8,1614967,1821.68,8814, 540281, 33.45,-0.62
BOMDYEING, EQ, 19-Jul-2024,214.51,215.0,215.8,204.9,205.47,205.76,208.04,2414293,5022.63,30134, 861292, 35.67,-4.08
BOMDYEING, EQ, 19-Aug-2020,70.8,71.3,73.5,69.7,71.6,71.75,71.92,5330816,3834.14,23461, 1448549, 27.17,1.34
BOMDYEING, EQ, 18-Aug-2021,91.75,91.75,92.5,88.55, 88.75,89.45,90.75,2369882,2150.55,13233, 588467, 24.83,-2.51
BOMDYEING, EQ, 19-Aug-2022,102.65,103.1,107.55,101.25, 102.15,102.55,104.36,4110926,4290.3,20952, 879342, 21.39,-0.1
BOMDYEING, EQ, 19-Aug-2024,213.23,213.95,220.95,212.75,213.8,213.67,216.21,1783500,3856.09,17889, 518471, 29.07,0.21
BOMDYEING, EQ, 19-Sep-2022,101.65,101.9,102.85,100.1, 100.80,100.6,101.23,1526966,1545.73,8367, 536765, 35.15,-1.03
BOMDYEING, EQ, 19-Sep-2024,207.63,209.3,210.49,198.99,203.0,202.88,203.13,1313704,2668.59,24479, 492870, 37.52,-2.29
BOMDYEING, EQ, 19-Oct-2020,66.0,66.0,66.2,64.4, 64.40,64.7,65.03,1053640,685.15,7473, 284697, 27.02,-1.97
BOMDYEING, EQ, 19-Oct-2021,103.85,104.2,104.45,97.0,97.75,98.25,101.26,5289432,5355.96,31592, 1637921, 30.97,-5.39
BOMDYEING, EQ, 19-Oct-2022,96.7,97.2,97.5,96.2, 96.70,96.7,96.78,741077,717.23,4726, 244960, 33.05,0.0
BOMDYEING, EQ, 19-Oct-2023,156.25,156.4,158.85,155.3,157.3,156.95,157.08,2482103,3899.01,17604, 851815, 34.32,0.45
BOMDYEING, EQ, 19-Nov-2020,67.7,67.4,72.0,66.7, 68.75,68.9,70.1,5454692,3823.71,25589, 1564776, 28.69,1.77
BOMDYEING, EQ, 19-Nov-2024,204.75,206.0,211.45,205.0,207.0,206.71,208.97,1171011,2447.05,19196, 316046, 26.99,0.96
BOMDYEING, EQ, 19-Dec-2022,82.1,82.55,83.2,81.4,82.7,82.7,82.27,809260,665.77,4475, 218859, 27.04,0.73
BOMDYEING, EQ, 19-Dec-2023,153.5,153.65,157.6,152.0, 153.40,153.25,155.47,1764301,2742.93,16931, 685915, 38.88,-0.16
BOMDYEING, EQ, 19-Dec-2024,209.21,206.8,208.8,204.36,207.31,207.51,206.92,1020646,2111.9,12853, 370343, 36.29,-0.81
BOMDYEING, EQ, 20-Jan-2020,89.75,90.4,90.55,87.3, 87.50,87.75,88.7,2227473,1975.77,11928, 732983, 32.91,-2.23
BOMDYEING, EQ, 20-Jan-2021,78.35,79.0,80.9,78.4, 79.60,79.8,79.77,2921854,2330.63,19327, 665540, 22.78,1.85
BOMDYEING, EQ, 20-Jan-2022,114.0,114.4,118.4,113.5, 114.25,114.5,116.06,5436455,6309.35,29946, 1218636, 22.42,0.44
BOMDYEING, EQ, 20-Jan-2023,76.85,77.5,77.5,75.8,76.15,76.2,76.5,465272,355.95,3593, 190618, 40.97,-0.85
BOMDYEING, EQ, 20-Jan-2025,168.11,169.0,175.62,168.01,174.6,174.68,172.68,1132952,1956.39,20613, 370465, 32.70,3.91
BOMDYEING, EQ, 20-Feb-2020,82.5,82.4,83.2,81.35, 81.55,81.7,82.29,1259060,1036.02,8060, 381827, 30.33,-0.97
BOMDYEING, EQ, 20-Feb-2023,70.35,70.5,71.0,69.7, 69.75,70.0,70.18,325817,228.67,2165, 164362, 50.45,-0.5
BOMDYEING, EQ, 20-Feb-2024,173.7,174.0,183.4,173.25, 180.30,179.45,179.35,2113414,3790.36,21812, 1063612, 50.33,3.31
BOMDYEING, EQ, 20-Feb-2025,142.88,140.98,145.6,140.83,144.1,144.31,143.5,717486,1029.62,11744, 240311, 33.49,1.0
BOMDYEING, EQ, 20-Mar-2020,42.1,42.95,45.8,41.95, 43.70,43.8,43.83,1503542,658.96,10172, 436733, 29.05,4.04
BOMDYEING, EQ, 20-Mar-2023,62.75,63.25,63.25,60.5,61.25,61.35,61.29,560270,343.4,4287, 271708, 48.50,-2.23
BOMDYEING, EQ, 20-Mar-2024,149.8,150.0,154.0,148.0, 149.00,149.7,150.73,764962,1152.99,10102, 358935, 46.92,-0.07
BOMDYEING, EQ, 20-Mar-2025,134.92,136.14,137.23,133.1,133.6,134.03,135.1,859621,1161.32,13105, 444738, 51.74,-0.66
BOMDYEING, EQ, 20-Apr-2020,56.25,56.9,59.05,55.1, 56.30,55.8,56.77,2433742,1381.54,12338, 605822, 24.89,-0.8
BOMDYEING, EQ, 20-Apr-2021,65.6,66.25,66.9,65.5,65.55,66.0,66.16,854953,565.66,4890, 247538, 28.95,0.61
BOMDYEING, EQ, 20-Apr-2022,101.4,101.5,104.0,100.15, 103.85,103.45,102.22,2678001,2737.47,13661, 784787, 29.30,2.02
BOMDYEING, EQ, 20-Apr-2023,84.25,84.55,85.0,82.8, 83.00,83.2,83.98,829736,696.79,4444, 498469, 60.08,-1.25
BOMDYEING, EQ, 20-May-2020,45.75,45.9,46.35,44.35, 45.30,45.1,45.3,420214,190.37,2924, 205085, 48.80,-1.42
BOMDYEING, EQ, 20-May-2021,76.95,77.85,79.85,77.55, 78.10,78.0,78.82,5267788,4152.13,23893, 1443018, 27.39,1.36
BOMDYEING, EQ, 20-May-2022,102.8,104.9,113.9,104.6, 110.95,111.65,110.04,6195762,6817.61,35329, 1257633, 20.30,8.61
BOMDYEING, EQ, 18-May-2024,180.1,180.7,187.5,179.1,186.7,186.45,185.02,987667,1827.41,10977, 548577, 55.54,3.53
BOMDYEING, EQ, 20-Jun-2022,99.8,99.65,100.45,85.0,88.5,88.25,91.09,4989849,4545.25,34075, 1514419, 30.35,-11.57
BOMDYEING, EQ, 20-Jun-2023,97.6,97.05,107.2,96.4, 106.55,106.5,103.21,8509226,8782.06,35750, 3192282, 37.52,9.12
BOMDYEING, EQ, 20-Jun-2024,171.3,171.6,183.6,170.3,177.5,177.23,178.83,4168192,7453.78,41300, 1148182, 27.55,3.46
BOMDYEING, EQ, 20-Jul-2020,71.1,71.2,73.45,70.75, 71.20,71.65,72.04,2809728,2024.1,11896, 756349, 26.92,0.77
BOMDYEING, EQ, 20-Jul-2021,106.25,107.25,109.5,101.5, 102.10,103.25,105.94,15052322,15945.93,66611, 3304292, 21.95,-2.82
BOMDYEING, EQ, 20-Jul-2022,98.9,99.7,103.4,98.95, 100.65,101.2,101.46,3610429,3663.26,20548, 972358, 26.93,2.33
BOMDYEING, EQ, 20-Jul-2023,112.25,112.4,113.4,111.0,111.55,111.65,112.09,1667814,1869.44,7887, 666175, 39.94,-0.53
BOMDYEING, EQ, 20-Aug-2020,71.75,70.9,73.1,70.5,71.05,71.25,71.84,2486867,1786.54,12360, 633946, 25.49,-0.7
BOMDYEING, EQ, 20-Aug-2021,89.45,87.7,91.3,87.1,87.5,88.4,89.1,4223909,3763.67,22769, 728799, 17.25,-1.17
BOMDYEING, EQ, 20-Aug-2024,213.67,214.9,217.0,213.35,214.8,215.61,215.5,1356956,2924.31,12747, 592792, 43.69,0.91
BOMDYEING, EQ, 20-Sep-2021,93.25,92.65,93.2,89.55, 89.80,90.55,91.82,1773536,1628.53,10788, 512514, 28.90,-2.9
BOMDYEING, EQ, 20-Sep-2022,100.6,103.9,110.4,103.4, 104.35,104.45,106.96,13360270,14290.33,55957, 2973710, 22.26,3.83
BOMDYEING, EQ, 20-Sep-2023,147.75,146.0,148.15,143.3, 144.30,144.65,145.24,2530212,3674.94,12723, 808162, 31.94,-2.1
BOMDYEING, EQ, 20-Sep-2024,202.88,203.95,207.0,202.2,206.5,206.39,205.36,644979,1324.52,11352, 235126, 36.45,1.73
BOMDYEING, EQ, 20-Oct-2020,64.7,64.5,64.5,63.65, 64.10,64.05,64.01,697809,446.68,5459, 186370, 26.71,-1.0
BOMDYEING, EQ, 20-Oct-2021,98.25,98.6,100.4,95.6, 98.95,99.2,97.94,4096012,4011.83,26101, 862355, 21.05,0.97
BOMDYEING, EQ, 20-Oct-2022,96.7,96.6,96.6,95.55,96.2,96.3,96.11,688867,662.08,4703, 162977, 23.66,-0.41
BOMDYEING, EQ, 20-Oct-2023,156.95,157.35,176.9,157.15, 165.65,164.3,169.38,35390638,59945.07,195794, 5479033, 15.48,4.68
BOMDYEING, EQ, 20-Nov-2020,68.9,69.4,70.5,67.75,67.8,68.2,68.83,1736698,1195.41,8505, 526969, 30.34,-1.02
BOMDYEING, EQ, 20-Nov-2023,164.95,165.4,166.5,160.95, 161.90,161.65,163.73,2117541,3467.01,17098, 756933, 35.75,-2.0
BOMDYEING, EQ, 19-Nov-2024,204.75,206.0,211.45,205.0,207.0,206.71,208.97,1171011,2447.05,19196, 316046, 26.99,0.96
BOMDYEING, EQ, 20-Dec-2021,96.5,95.85,95.85,88.55,89.4,90.6,91.43,4137947,3783.24,24264, 1150363, 27.80,-6.11
BOMDYEING, EQ, 20-Dec-2022,82.7,82.9,83.0,81.3,81.7,82.0,81.89,699890,573.15,3973, 215358, 30.77,-0.85
BOMDYEING, EQ, 20-Dec-2023,153.25,154.0,155.0,144.8, 146.00,145.55,149.96,1409127,2113.14,16052, 738299, 52.39,-5.02
BOMDYEING, EQ, 20-Dec-2024,207.51,207.4,209.15,200.0,200.5,200.82,204.12,976212,1992.6,16250, 451792, 46.28,-3.22
BOMDYEING, EQ, 21-Jan-2020,87.75,87.1,87.65,85.5, 85.95,86.0,86.42,1586131,1370.68,9647, 456469, 28.78,-1.99
BOMDYEING, EQ, 21-Jan-2021,79.8,81.0,81.75,77.5, 78.60,78.5,80.13,2909796,2331.62,19643, 888110, 30.52,-1.63
BOMDYEING, EQ, 21-Jan-2022,114.5,113.5,114.55,108.1, 109.70,109.35,111.63,3118138,3480.7,20424, 942042, 30.21,-4.5
BOMDYEING, EQ, 21-Jan-2025,174.68,174.7,175.99,167.15,167.5,167.98,171.03,924453,1581.12,19835, 332141, 35.93,-3.84
BOMDYEING, EQ, 21-Feb-2022,109.75,108.0,109.45,102.0, 102.75,103.9,105.74,3340341,3532.19,20732, 1084987, 32.48,-5.33
BOMDYEING, EQ, 21-Feb-2023,70.0,70.0,70.3,69.25, 69.55,69.65,69.7,377974,263.45,2784, 163514, 43.26,-0.5
BOMDYEING, EQ, 21-Feb-2024,179.45,180.9,183.9,176.65, 177.00,177.8,180.63,1764061,3186.39,16115, 1129110, 64.01,-0.92
BOMDYEING, EQ, 21-Feb-2025,144.31,144.59,147.62,140.5,140.7,141.46,144.03,832594,1199.16,13817, 259213, 31.13,-1.97
BOMDYEING, EQ, 21-Mar-2022,100.1,100.9,101.8,99.55,100.0,99.9,100.43,1948276,1956.59,10518, 581228, 29.83,-0.2
BOMDYEING, EQ, 21-Mar-2023,61.35,62.1,62.7,60.7, 61.45,61.65,61.49,792239,487.18,4814, 317384, 40.06,0.49
BOMDYEING, EQ, 21-Mar-2024,149.7,151.0,156.2,150.95,155.3,155.45,154.17,692905,1068.28,8790, 368649, 53.20,3.84
BOMDYEING, EQ, 21-Mar-2025,134.03,134.59,139.86,133.85,138.7,138.88,137.38,1728329,2374.45,20670, 832411, 48.16,3.62
BOMDYEING, EQ, 21-Apr-2020,55.8,55.0,55.0,53.05,53.05,53.05,53.36,535135,285.53,3384, 323938, 60.53,-4.93
BOMDYEING, EQ, 21-Apr-2022,103.45,104.3,106.4,104.0, 104.60,104.75,105.14,2058168,2163.92,10288, 678720, 32.98,1.26
BOMDYEING, EQ, 21-Apr-2023,83.2,82.9,83.3,80.9, 81.15,81.25,81.52,558860,455.57,3557, 291930, 52.24,-2.34
BOMDYEING, EQ, 21-Apr-2025,135.57,136.5,139.25,135.5,137.98,137.8,137.33,1099662,1510.2,13180, 471959, 42.92,1.64
BOMDYEING, EQ, 21-May-2020,45.1,45.2,46.7,45.2,45.8,45.75,45.91,318182,146.09,2599, 99254, 31.19,1.44
BOMDYEING, EQ, 21-May-2021,78.0,78.6,79.2,76.65, 77.00,77.0,77.81,1646511,1281.13,8271, 545107, 33.11,-1.28
BOMDYEING, EQ, 21-May-2024,186.45,187.5,196.9,183.05,186.85,187.45,190.68,6174543,11773.38,49727, 2328938, 37.72,0.54
BOMDYEING, EQ, 21-Jun-2021,92.05,89.25,95.7,89.05, 93.90,94.05,93.34,8709663,8129.42,36082, 1587182, 18.22,2.17
BOMDYEING, EQ, 21-Jun-2022,88.25,89.5,94.3,89.0,93.45,93.35,92.39,3093564,2858.18,18148, 516907, 16.71,5.78
BOMDYEING, EQ, 21-Jun-2023,106.5,106.75,107.95,103.2, 104.50,104.3,105.47,3821669,4030.88,18600, 1438640, 37.64,-2.07
BOMDYEING, EQ, 21-Jun-2024,177.23,177.8,189.0,177.79,180.83,181.22,184.4,6042157,11141.87,51691, 1747887, 28.93,2.25
BOMDYEING, EQ, 21-Jul-2020,71.65,68.2,70.55,68.15, 68.75,68.85,69.27,2644306,1831.74,14167, 900061, 34.04,-3.91
BOMDYEING, EQ, 21-Jul-2022,101.2,101.25,102.1,100.2,100.95,101.35,101.26,1590189,1610.18,8256, 441771, 27.78,0.15
BOMDYEING, EQ, 21-Jul-2023,111.65,111.6,116.0,109.4, 115.75,115.3,113.04,3105705,3510.63,15068, 1348681, 43.43,3.27
BOMDYEING, EQ, 21-Aug-2020,71.25,71.8,73.15,71.0, 71.25,71.2,72.07,2298253,1656.29,10640, 692826, 30.15,-0.07
BOMDYEING, EQ, 21-Aug-2023,126.45,127.4,139.0,126.45, 137.20,137.85,134.51,7978456,10732.03,37801, 2689480, 33.71,9.02
BOMDYEING, EQ, 21-Aug-2024,215.61,213.25,224.1,213.25,219.2,219.06,219.76,2348651,5161.38,26250, 849990, 36.19,1.6
BOMDYEING, EQ, 21-Sep-2020,68.0,68.0,68.3,63.55, 64.65,64.7,65.85,997168,656.64,6539, 409203, 41.04,-4.85
BOMDYEING, EQ, 21-Sep-2021,90.55,90.3,92.25,88.75, 90.40,90.8,90.64,2807453,2544.79,16925, 449254, 16.00,0.28
BOMDYEING, EQ, 21-Sep-2022,104.45,104.5,107.2,103.7, 105.20,105.15,105.4,4378515,4614.8,21499, 962097, 21.97,0.67
BOMDYEING, EQ, 21-Sep-2023,144.65,144.0,147.45,138.05, 138.85,139.1,142.16,3795057,5394.97,21583, 1312638, 34.59,-3.84
BOMDYEING, EQ, 21-Oct-2020,64.05,62.5,63.75,62.5, 63.15,63.2,63.09,1554894,981.01,8619, 483776, 31.11,-1.33
BOMDYEING, EQ, 21-Oct-2021,99.2,98.7,99.9,96.5, 97.00,97.25,98.09,2588653,2539.18,15274, 625660, 24.17,-1.97
BOMDYEING, EQ, 21-Oct-2022,96.3,96.8,97.7,95.1,95.5,96.0,96.37,978199,942.68,5590, 262106, 26.79,-0.31
BOMDYEING, EQ, 21-Oct-2024,249.63,250.22,256.4,240.1, 240.60,241.37,249.51,5941652,14824.95,62198, 1598891, 26.91,-3.31
BOMDYEING, EQ, 21-Nov-2022,80.95,81.2,81.7,79.8, 80.50,80.6,80.64,880812,710.33,6976, 382481, 43.42,-0.43
BOMDYEING, EQ, 21-Nov-2023,161.65,161.65,165.5,161.55, 164.35,163.8,163.44,2306754,3770.08,18501, 751303, 32.57,1.33
BOMDYEING, EQ, 21-Nov-2024,206.71,206.0,206.0,200.89,203.97,203.25,203.12,1210716,2459.26,23823, 310440, 25.64,-1.67
BOMDYEING, EQ, 21-Dec-2020,78.9,78.6,78.8,68.6, 71.00,71.5,74.51,3512587,2617.23,22138, 1265741, 36.03,-9.38
BOMDYEING, EQ, 21-Dec-2021,90.6,90.9,96.9,90.9,95.8,95.1,94.58,5252289,4967.56,30027, 1166482, 22.21,4.97
BOMDYEING, EQ, 21-Dec-2022,82.0,82.2,82.85,79.75, 79.90,80.15,80.97,1001529,810.91,6555, 495472, 49.47,-2.26
BOMDYEING, EQ, 21-Dec-2023,145.55,144.85,151.85,142.6, 151.25,150.5,147.81,900927,1331.64,10304, 429874, 47.71,3.4
BOMDYEING, EQ, 22-Jan-2020,86.0,86.65,87.25,84.45, 84.85,84.85,85.45,1586348,1355.56,10190, 529982, 33.41,-1.34
BOMDYEING, EQ, 22-Jan-2021,78.5,77.95,78.8,76.1, 76.65,76.55,77.36,1531952,1185.08,10192, 483704, 31.57,-2.48
BOMDYEING, EQ, 20-Jan-2024,155.4,156.35,157.0,154.6, 156.50,155.9,155.87,784293,1222.48,10168, 356978, 45.52,0.32
BOMDYEING, EQ, 22-Jan-2025,167.98,168.0,168.65,159.67,164.57,165.09,163.4,1056570,1726.45,24491, 314330, 29.75,-1.72
BOMDYEING, EQ, 22-Feb-2021,76.05,76.65,77.35,72.75,73.0,73.1,74.44,2152257,1602.18,9840, 807669, 37.53,-3.88
BOMDYEING, EQ, 22-Feb-2022,103.9,99.0,102.4,98.7,100.45,100.0,100.4,2882082,2893.75,20065, 748112, 25.96,-3.75
BOMDYEING, EQ, 22-Feb-2023,69.65,69.65,69.9,67.6, 67.75,68.1,68.48,411322,281.69,4084, 211160, 51.34,-2.23
BOMDYEING, EQ, 22-Feb-2024,177.8,179.45,180.0,173.25, 178.35,178.65,176.92,953868,1687.56,11457, 326121, 34.19,0.48
BOMDYEING, EQ, 22-Mar-2021,74.95,74.9,76.05,73.65,74.9,74.95,74.83,1469203,1099.41,8818, 336388, 22.90,0.0
BOMDYEING, EQ, 22-Mar-2022,99.9,100.25,100.95,98.85, 100.00,100.05,99.9,1736700,1734.99,10417, 358468, 20.64,0.15
BOMDYEING, EQ, 22-Mar-2023,61.65,61.9,62.5,61.1, 61.50,61.5,61.6,996154,613.67,3137, 683693, 68.63,-0.24
BOMDYEING, EQ, 22-Mar-2024,155.45,154.05,157.55,154.05,155.25,155.15,156.06,545677,851.56,8273, 266060, 48.76,-0.19
BOMDYEING, EQ, 22-Apr-2020,53.05,53.0,54.0,50.55,51.85,51.95,51.88,1211292,628.45,8355, 356504, 29.43,-2.07
BOMDYEING, EQ, 22-Apr-2021,66.0,65.9,66.5,64.15,64.65,64.75,65.0,1710110,1111.57,8258, 667956, 39.06,-1.89
BOMDYEING, EQ, 22-Apr-2022,104.75,104.35,121.7,103.75, 117.60,117.95,115.78,29030779,33611.27,138730, 6185285, 21.31,12.6
BOMDYEING, EQ, 22-Apr-2024,164.05,165.7,171.75,165.1,170.6,169.85,169.37,1065263,1804.19,14403, 552382, 51.85,3.54
BOMDYEING, EQ, 22-Apr-2025,137.8,138.0,141.46,136.27,140.4,140.1,139.98,1443654,2020.8,17625, 554200, 38.39,1.67
BOMDYEING, EQ, 22-May-2020,45.75,45.45,46.45,44.85,45.2,45.2,45.53,284515,129.53,2351, 111826, 39.30,-1.2
BOMDYEING, EQ, 22-May-2023,82.6,82.6,83.45,81.5,82.0,81.85,82.49,692534,571.24,3522, 345579, 49.90,-0.91
BOMDYEING, EQ, 22-May-2024,187.45,187.5,188.5,181.15,182.15,182.25,184.12,1781985,3281.01,20340, 756170, 42.43,-2.77
BOMDYEING, EQ, 22-Jun-2020,71.55,76.5,84.7,76.3, 79.55,79.8,81.35,21597762,17569.57,97968, 4899576, 22.69,11.53
BOMDYEING, EQ, 22-Jun-2021,94.05,94.9,95.2,91.55, 91.90,92.1,93.52,4320945,4040.77,19132, 1240971, 28.72,-2.07
BOMDYEING, EQ, 22-Jun-2022,93.35,92.7,95.15,91.3,92.6,92.45,93.24,2484688,2316.63,15403, 355727, 14.32,-0.96
BOMDYEING, EQ, 22-Jun-2023,104.3,104.5,107.95,103.0,105.9,105.8,106.06,6205073,6581.29,28255, 1869650, 30.13,1.44
BOMDYEING, EQ, 22-Jul-2020,68.85,68.7,69.55,67.45, 67.95,68.05,68.35,1399268,956.44,8389, 421627, 30.13,-1.16
BOMDYEING, EQ, 22-Jul-2021,103.25,104.35,107.45,102.35, 105.70,106.45,105.04,9564938,10047.44,41964, 1776492, 18.57,3.1
BOMDYEING, EQ, 22-Jul-2022,101.35,101.9,102.3,100.15, 101.20,101.2,101.08,1569396,1586.36,8600, 343090, 21.86,-0.15
BOMDYEING, EQ, 22-Jul-2024,205.76,205.0,212.65,200.64,210.4,209.78,208.94,2106866,4402.15,22613, 658314, 31.25,1.95
BOMDYEING, EQ, 22-Aug-2022,102.55,102.35,102.35,99.1, 99.30,99.5,100.47,1453720,1460.62,7729, 522485, 35.94,-2.97
BOMDYEING, EQ, 22-Aug-2023,137.85,138.0,140.05,135.8, 136.60,137.7,137.99,4754473,6560.61,25461, 1496121, 31.47,-0.11
BOMDYEING, EQ, 22-Aug-2024,219.06,220.0,224.0,218.1,219.95,219.84,221.27,1201163,2657.86,14098, 410671, 34.19,0.36
BOMDYEING, EQ, 22-Sep-2020,64.7,64.75,65.2,61.15, 62.90,62.9,62.47,1318864,823.92,9274, 294959, 22.36,-2.78
BOMDYEING, EQ, 22-Sep-2021,90.8,90.55,95.6,90.55, 93.50,93.9,93.61,3895838,3647.0,22113, 793878, 20.38,3.41
BOMDYEING, EQ, 22-Sep-2022,105.15,105.2,107.0,101.8, 107.00,105.7,104.51,4091997,4276.6,21425, 1245102, 30.43,0.52
BOMDYEING, EQ, 22-Sep-2023,139.1,139.65,146.85,138.25, 145.95,146.2,143.78,4738536,6813.23,24729, 1161420, 24.51,5.1
BOMDYEING, EQ, 22-Oct-2020,63.2,62.9,65.35,62.75, 63.80,64.15,64.21,903368,580.03,5156, 234769, 25.99,1.5
BOMDYEING, EQ, 22-Oct-2021,97.25,97.75,102.45,97.5, 97.85,98.15,99.78,4935384,4924.49,27898, 1081338, 21.91,0.93
BOMDYEING, EQ, 22-Oct-2024,241.37,241.35,244.3,222.44,224.5,224.08,232.26,4970566,11544.5,62780, 1630281, 32.80,-7.16
BOMDYEING, EQ, 22-Nov-2021,92.05,92.6,92.6,86.3,87.55,87.55,89.2,2108217,1880.52,16565, 736227, 34.92,-4.89
BOMDYEING, EQ, 22-Nov-2022,80.6,81.4,81.5,79.7, 80.20,80.45,80.32,833025,669.09,5371, 340408, 40.86,-0.19
BOMDYEING, EQ, 22-Nov-2023,163.8,164.65,174.8,164.6, 168.65,168.95,170.95,10330656,17660.5,59270, 2963414, 28.69,3.14
BOMDYEING, EQ, 22-Nov-2024,203.25,205.25,209.0,202.83,206.0,205.21,205.67,1387330,2853.31,20313, 453252, 32.67,0.96
BOMDYEING, EQ, 22-Dec-2020,71.5,71.55,72.8,68.25, 72.20,72.15,70.55,2608405,1840.32,15710, 690829, 26.48,0.91
BOMDYEING, EQ, 22-Dec-2021,95.1,96.0,107.3,95.35, 104.90,105.55,103.15,13079145,13491.03,77797, 2662812, 20.36,10.99
BOMDYEING, EQ, 22-Dec-2022,80.15,80.25,80.65,76.9, 78.70,78.5,78.18,1021919,798.91,7810, 389458, 38.11,-2.06
BOMDYEING, EQ, 22-Dec-2023,150.5,151.2,152.9,148.7, 150.10,150.65,151.07,755875,1141.86,9832, 329657, 43.61,0.1
BOMDYEING, EQ, 23-Jan-2020,84.85,86.25,88.5,86.2, 87.20,87.4,87.27,3118842,2721.97,16576, 640787, 20.55,3.01
BOMDYEING, EQ, 23-Jan-2023,76.2,76.45,76.7,75.4,75.65,75.7,75.88,379680,288.1,3180, 175107, 46.12,-0.66
BOMDYEING, EQ, 23-Jan-2024,155.9,157.0,157.4,141.15, 144.40,144.15,150.24,1895955,2848.4,19021, 1082679, 57.10,-7.54
BOMDYEING, EQ, 23-Jan-2025,165.09,164.12,166.89,162.15,163.5,163.08,164.38,584854,961.4,13049, 234188, 40.04,-1.22
BOMDYEING, EQ, 23-Feb-2021,73.1,73.6,76.65,71.1, 73.90,73.9,74.03,3197549,2367.25,16585, 643962, 20.14,1.09
BOMDYEING, EQ, 23-Feb-2022,100.0,101.95,105.2,101.5,102.0,102.25,103.07,3323176,3425.05,21009, 738112, 22.21,2.25
BOMDYEING, EQ, 23-Feb-2023,68.1,68.4,68.5,67.05,67.45,67.3,67.58,323828,218.83,2935, 138805, 42.86,-1.17
BOMDYEING, EQ, 23-Feb-2024,178.65,178.95,183.3,178.2, 179.60,180.0,181.07,1594843,2887.84,11593, 949037, 59.51,0.76
BOMDYEING, EQ, 23-Mar-2020,43.8,38.0,40.9,36.9, 38.85,38.05,38.48,1440337,554.24,9506, 577879, 40.12,-13.13
BOMDYEING, EQ, 23-Mar-2021,74.95,75.2,76.45,74.25, 75.15,75.15,75.32,1712771,1290.09,8699, 458666, 26.78,0.27
BOMDYEING, EQ, 23-Mar-2022,100.05,100.8,103.3,98.5, 98.90,99.0,100.86,3438080,3467.57,19107, 899578, 26.17,-1.05
BOMDYEING, EQ, 23-Mar-2023,61.5,61.5,61.75,60.25, 60.80,60.75,60.79,870604,529.23,4928, 425320, 48.85,-1.22
BOMDYEING, EQ, 23-Apr-2020,51.95,52.0,54.5,51.85,54.5,54.5,54.01,798744,431.37,3230, 512001, 64.10,4.91
BOMDYEING, EQ, 23-Apr-2021,64.75,64.5,67.0,64.5,65.95,65.95,66.03,1461493,965.05,6995, 513831, 35.16,1.85
BOMDYEING, EQ, 23-Apr-2024,169.85,170.9,174.0,169.85,173.7,173.2,172.35,1088734,1876.41,13689, 559164, 51.36,1.97
BOMDYEING, EQ, 23-Apr-2025,140.1,141.25,142.39,136.2,140.8,140.52,139.34,926946,1291.62,12142, 288071, 31.08,0.3
BOMDYEING, EQ, 23-May-2022,111.65,111.8,111.9,106.0,106.45,106.8,108.41,2339585,2536.42,15640, 540360, 23.10,-4.34
BOMDYEING, EQ, 23-May-2023,81.85,82.7,84.0,81.6, 81.80,81.95,82.53,762505,629.31,4335, 281442, 36.91,0.12
BOMDYEING, EQ, 23-May-2024,182.25,182.7,185.7,180.35,181.6,181.55,182.75,1131564,2067.91,12293, 461819, 40.81,-0.38
BOMDYEING, EQ, 23-Jun-2020,79.8,80.0,80.75,75.75, 77.00,76.95,77.23,3126794,2414.82,19045, 928536, 29.70,-3.57
BOMDYEING, EQ, 23-Jun-2021,92.1,92.55,92.9,88.75, 88.80,89.35,90.8,3578948,3249.55,16359, 1176276, 32.87,-2.99
BOMDYEING, EQ, 23-Jun-2022,92.45,93.15,94.95,91.0,93.75,93.75,93.3,2403938,2242.78,13726, 337627, 14.04,1.41
BOMDYEING, EQ, 23-Jun-2023,105.8,105.75,105.8,99.5, 101.30,100.3,101.89,2950347,3005.98,14490, 1147514, 38.89,-5.2
BOMDYEING, EQ, 23-Jul-2020,68.05,68.05,69.3,67.0, 67.25,67.5,68.0,1104926,751.38,6204, 432793, 39.17,-0.81
BOMDYEING, EQ, 23-Jul-2021,106.45,105.75,106.95,102.1,102.5,103.15,104.1,6506936,6773.89,26993, 1533003, 23.56,-3.1
BOMDYEING, EQ, 23-Jul-2024,209.78,210.8,230.0,195.3,226.5,226.26,217.55,6755865,14697.62,68521, 2371418, 35.10,7.86
BOMDYEING, EQ, 23-Aug-2021,88.4,89.4,89.65,82.0, 82.15,82.75,85.19,3287787,2800.79,19215, 755863, 22.99,-6.39
BOMDYEING, EQ, 23-Aug-2022,99.5,99.1,101.3,98.8, 100.65,100.55,100.16,1301705,1303.77,6862, 281114, 21.60,1.06
BOMDYEING, EQ, 23-Aug-2023,137.7,136.85,143.3,135.7, 138.00,138.25,139.56,5345171,7459.76,28412, 1533104, 28.68,0.4
BOMDYEING, EQ, 23-Aug-2024,219.84,220.0,229.99,219.32,220.0,220.56,224.37,3300866,7406.07,32246, 1153783, 34.95,0.33
BOMDYEING, EQ, 23-Sep-2020,62.9,63.7,64.35,60.8, 62.75,62.95,62.71,1021710,640.73,6423, 282428, 27.64,0.08
BOMDYEING, EQ, 23-Sep-2021,93.9,94.7,98.0,94.65, 95.25,95.6,96.25,4420400,4254.51,24083, 986792, 22.32,1.81
BOMDYEING, EQ, 23-Sep-2022,105.7,106.8,107.75,100.65, 101.45,101.45,103.77,3317175,3442.3,16283, 1221470, 36.82,-4.02
BOMDYEING, EQ, 23-Sep-2024,206.39,207.25,214.2,206.5,214.1,213.53,212.11,1543996,3274.98,16913, 658163, 42.63,3.46
BOMDYEING, EQ, 23-Oct-2020,64.15,64.45,64.8,63.45, 63.70,63.7,64.16,736495,472.51,5389, 190824, 25.91,-0.7
BOMDYEING, EQ, 23-Oct-2023,164.3,165.5,167.5,150.3, 151.65,151.4,157.4,6439545,10135.8,45132, 1915600, 29.75,-7.85
BOMDYEING, EQ, 23-Oct-2024,224.08,225.27,231.7,221.11,225.0,225.24,227.27,3003047,6825.14,46541, 644376, 21.46,0.52
BOMDYEING, EQ, 23-Nov-2020,68.2,68.35,70.7,68.15, 69.50,69.4,69.44,2383341,1655.01,12767, 697119, 29.25,1.76
BOMDYEING, EQ, 23-Nov-2021,87.55,87.3,91.2,86.55,90.1,90.15,89.64,2438918,2186.13,16298, 511679, 20.98,2.97
BOMDYEING, EQ, 23-Nov-2022,80.45,80.75,81.95,80.75,81.2,81.05,81.27,995134,808.79,5953, 491197, 49.36,0.75
BOMDYEING, EQ, 23-Nov-2023,168.95,169.45,172.35,163.15, 164.70,164.5,166.78,2437251,4064.82,16510, 989944, 40.62,-2.63
BOMDYEING, EQ, 23-Dec-2020,72.15,72.25,77.2,72.2,76.75,76.8,75.59,4100693,3099.9,22400, 1006347, 24.54,6.44
BOMDYEING, EQ, 23-Dec-2021,105.55,105.5,111.4,103.7, 106.60,107.3,108.34,17947708,19444.66,98878, 3508386, 19.55,1.66
BOMDYEING, EQ, 23-Dec-2022,78.5,76.9,77.85,73.5, 74.40,74.5,75.49,982091,741.37,8443, 393079, 40.02,-5.1
BOMDYEING, EQ, 23-Dec-2024,200.82,203.65,204.23,192.78,198.2,197.69,196.6,1870285,3676.89,25861, 647906, 34.64,-1.56
BOMDYEING, EQ, 24-Jan-2020,87.4,87.4,89.6,87.1,88.75,89.0,88.47,2902660,2567.99,13590, 792752, 27.31,1.83
BOMDYEING, EQ, 24-Jan-2022,109.35,109.45,110.7,99.05,100.35,100.55,103.22,4359133,4499.49,29039, 1246884, 28.60,-8.05
BOMDYEING, EQ, 24-Jan-2023,75.7,75.8,76.45,73.75,74.15,74.15,74.62,689378,514.44,5078, 320441, 46.48,-2.05
BOMDYEING, EQ, 24-Jan-2024,144.15,145.0,171.9,145.0, 170.15,168.65,162.17,11492580,18637.0,67377, 6200501, 53.95,17.0
BOMDYEING, EQ, 24-Jan-2025,163.08,164.47,164.65,157.2,158.1,159.04,160.69,665986,1070.17,12699, 264385, 39.70,-2.48
BOMDYEING, EQ, 24-Feb-2020,81.7,80.0,82.45,78.5, 78.80,78.8,80.27,1183798,950.26,7987, 456231, 38.54,-3.55
BOMDYEING, EQ, 24-Feb-2021,73.9,74.45,76.5,73.1, 75.20,75.2,75.55,1503697,1136.07,7592, 647747, 43.08,1.76
BOMDYEING, EQ, 24-Feb-2022,102.25,97.0,97.8,86.7, 87.55,88.3,92.68,6199053,5745.15,36836, 1874199, 30.23,-13.64
BOMDYEING, EQ, 24-Feb-2023,67.3,67.65,68.5,66.6, 67.10,67.25,67.45,481557,324.8,3912, 167797, 34.84,-0.07
BOMDYEING, EQ, 24-Feb-2025,141.46,141.15,141.37,136.1,139.59,139.31,139.22,813441,1132.44,12671, 285077, 35.05,-1.52
BOMDYEING, EQ, 24-Mar-2020,38.05,40.0,41.7,36.0, 37.65,37.4,38.15,920273,351.12,6499, 298353, 32.42,-1.71
BOMDYEING, EQ, 24-Mar-2021,75.15,74.5,75.35,71.65, 72.20,72.3,73.6,1490798,1097.26,8726, 552221, 37.04,-3.79
BOMDYEING, EQ, 24-Mar-2022,99.0,98.95,100.2,98.9, 99.05,99.25,99.58,2412915,2402.81,10637, 798514, 33.09,0.25
BOMDYEING, EQ, 24-Mar-2023,60.75,60.8,61.1,58.8, 59.00,59.25,59.92,860032,515.31,5044, 346951, 40.34,-2.47
BOMDYEING, EQ, 24-Mar-2025,138.88,140.01,141.78,138.05,138.45,138.54,139.53,1274983,1778.97,15468, 632077, 49.58,-0.24
BOMDYEING, EQ, 24-Apr-2020,54.5,54.9,54.9,51.8,51.8,51.8,52.24,1584765,827.85,6160, 632756, 39.93,-4.95
BOMDYEING, EQ, 24-Apr-2023,81.25,81.65,82.75,80.85, 81.85,81.95,81.88,834186,683.03,5384, 241013, 28.89,0.86
BOMDYEING, EQ, 24-Apr-2024,173.2,174.4,176.45,170.6, 171.80,171.6,172.87,849428,1468.39,10919, 422841, 49.78,-0.92
BOMDYEING, EQ, 24-Apr-2025,140.52,140.37,142.45,138.15,139.19,138.85,140.1,1093942,1532.58,14233, 446698, 40.83,-1.19
BOMDYEING, EQ, 24-May-2021,77.0,77.55,77.6,75.5, 75.70,75.75,76.34,1709262,1304.82,8332, 651473, 38.11,-1.62
BOMDYEING, EQ, 24-May-2022,106.8,107.45,108.15,103.5,103.8,104.0,105.35,1852374,1951.55,12541, 400376, 21.61,-2.62
BOMDYEING, EQ, 24-May-2023,81.95,81.5,82.4,81.3, 81.50,81.6,81.74,403330,329.67,2635, 161592, 40.06,-0.43
BOMDYEING, EQ, 24-May-2024,181.55,181.5,184.45,179.85,180.0,180.45,181.73,1003535,1823.75,13711, 391951, 39.06,-0.61
BOMDYEING, EQ, 24-Jun-2020,76.95,78.55,84.35,77.55,78.4,78.2,81.24,7853824,6380.41,40010, 1713049, 21.81,1.62
BOMDYEING, EQ, 24-Jun-2021,89.35,89.9,93.5,89.55, 90.80,91.15,91.66,5720784,5243.39,25493, 1135972, 19.86,2.01
BOMDYEING, EQ, 24-Jun-2022,93.75,94.75,97.4,94.5, 95.55,95.8,96.11,2807207,2697.87,15493, 470294, 16.75,2.19
BOMDYEING, EQ, 24-Jun-2024,181.22,179.39,207.04,176.6,197.98,198.27,198.25,24988290,49538.75,184353, 5383865, 21.55,9.41
BOMDYEING, EQ, 24-Jul-2020,67.5,66.75,67.3,64.5,65.4,65.3,65.8,1304031,858.02,7351, 511630, 39.23,-3.26
BOMDYEING, EQ, 24-Jul-2023,115.3,115.85,116.9,112.3, 113.30,113.25,114.41,1866324,2135.23,8119, 703908, 37.72,-1.78
BOMDYEING, EQ, 24-Jul-2024,226.26,226.25,241.94,226.25,230.25,230.24,233.87,6809013,15924.52,60027, 2287026, 33.59,1.76
BOMDYEING, EQ, 24-Aug-2020,71.2,72.4,72.5,70.45,70.6,70.7,71.3,1502750,1071.5,6598, 510692, 33.98,-0.7
BOMDYEING, EQ, 24-Aug-2021,82.75,83.0,86.4,82.55, 85.30,85.5,84.54,3137923,2652.73,17076, 669585, 21.34,3.32
BOMDYEING, EQ, 24-Aug-2022,100.55,100.8,102.5,100.05,101.35,101.3,101.34,1661194,1683.5,8432, 433880, 26.12,0.75
BOMDYEING, EQ, 24-Aug-2023,138.25,138.95,141.75,136.3, 139.90,139.3,139.46,3713878,5179.4,20368, 1229194, 33.10,0.76
BOMDYEING, EQ, 24-Sep-2020,62.95,60.7,62.2,60.3, 60.85,60.8,61.26,604122,370.06,3938, 251803, 41.68,-3.42
BOMDYEING, EQ, 24-Sep-2021,95.6,95.6,95.95,92.95, 93.10,93.2,94.23,2305899,2172.93,14289, 642795, 27.88,-2.51
BOMDYEING, EQ, 24-Sep-2024,213.53,214.3,220.62,212.01,212.6,212.91,216.72,1751164,3795.08,23264, 654261, 37.36,-0.29
BOMDYEING, EQ, 24-Oct-2024,225.24,226.51,235.0,223.0,227.39,227.66,229.65,3207649,7366.47,45908, 714429, 22.27,1.07
BOMDYEING, EQ, 24-Nov-2020,69.4,70.1,73.8,69.7, 73.45,73.35,72.44,9116454,6604.41,39466, 2541099, 27.87,5.69
BOMDYEING, EQ, 24-Nov-2021,90.15,90.6,93.2,90.4, 91.00,91.0,91.85,2001868,1838.74,12555, 475162, 23.74,0.94
BOMDYEING, EQ, 24-Nov-2022,81.05,81.8,81.8,80.2, 80.65,80.55,80.78,682625,551.39,3474, 296016, 43.36,-0.62
BOMDYEING, EQ, 24-Nov-2023,164.5,165.3,165.8,161.05, 164.80,164.55,163.39,2433608,3976.29,19105, 925374, 38.02,0.03
BOMDYEING, EQ, 24-Dec-2020,76.8,77.0,77.9,74.0, 74.50,74.8,75.76,2005707,1519.61,12044, 746186, 37.20,-2.6
BOMDYEING, EQ, 24-Dec-2021,107.3,106.45,107.35,103.5, 103.75,104.3,105.35,7514214,7915.93,38940, 1451380, 19.32,-2.8
BOMDYEING, EQ, 24-Dec-2024,197.69,198.44,199.95,195.1,197.46,198.44,197.42,903129,1782.92,16344, 305628, 33.84,0.38
BOMDYEING, EQ, 25-Jan-2021,76.55,77.3,77.65,74.35, 74.80,74.75,75.68,1707976,1292.67,12447, 446654, 26.15,-2.35
BOMDYEING, EQ, 25-Jan-2022,100.55,100.0,105.7,97.3,104.1,104.4,102.34,3340102,3418.15,22410, 665354, 19.92,3.83
BOMDYEING, EQ, 25-Jan-2023,74.15,74.15,74.7,73.25, 73.50,73.9,73.83,537494,396.81,3661, 185263, 34.47,-0.34
BOMDYEING, EQ, 25-Jan-2024,168.65,169.9,185.0,169.85, 179.85,181.95,178.05,12974878,23102.16,100740, 4980470, 38.39,7.89
BOMDYEING, EQ, 25-Feb-2020,78.8,79.25,80.25,77.2, 77.50,77.8,78.35,1142236,894.96,8229, 312857, 27.39,-1.27
BOMDYEING, EQ, 25-Feb-2021,75.2,75.85,77.45,75.3, 76.20,76.15,76.19,2068169,1575.72,10509, 638808, 30.89,1.26
BOMDYEING, EQ, 25-Feb-2022,88.3,91.95,98.45,91.2,98.0,97.65,95.5,5482969,5236.29,29480, 1296127, 23.64,10.59
BOMDYEING, EQ, 25-Feb-2025,139.31,139.6,141.94,137.55,138.44,138.14,139.82,577396,807.31,9027, 243927, 42.25,-0.84
BOMDYEING, EQ, 25-Mar-2020,37.4,37.4,41.1,36.75, 41.10,40.75,39.24,839640,329.46,5071, 385962, 45.97,8.96
BOMDYEING, EQ, 25-Mar-2021,72.3,72.3,72.7,69.3,71.0,70.95,70.9,1389623,985.2,7935, 472103, 33.97,-1.87
BOMDYEING, EQ, 25-Mar-2022,99.25,99.95,102.3,98.5,98.9,98.8,100.2,3006221,3012.12,15963, 528289, 17.57,-0.45
BOMDYEING, EQ, 25-Mar-2025,138.54,140.0,141.56,133.15,133.8,134.03,136.65,1134844,1550.82,15869, 574988, 50.67,-3.26
BOMDYEING, EQ, 25-Apr-2022,117.95,116.0,125.7,115.4,123.2,124.05,121.37,22329190,27099.97,117901, 3716303, 16.64,5.17
BOMDYEING, EQ, 25-Apr-2023,81.95,82.2,89.6,81.75,86.9,86.6,87.21,5500823,4797.32,27733, 2004570, 36.44,5.67
BOMDYEING, EQ, 25-Apr-2024,171.6,171.8,173.2,167.7, 169.95,169.45,170.23,1043187,1775.8,16156, 434310, 41.63,-1.25
BOMDYEING, EQ, 25-Apr-2025,138.85,139.19,139.97,132.2,134.0,134.55,134.75,968621,1305.25,13418, 372219, 38.43,-3.1
BOMDYEING, EQ, 25-May-2021,75.75,76.35,81.9,75.8, 81.90,81.2,79.84,8698031,6944.66,37080, 3085785, 35.48,7.19
BOMDYEING, EQ, 25-May-2022,104.0,104.8,105.4,96.25, 99.00,99.45,100.23,2457923,2463.66,16581, 727067, 29.58,-4.37
BOMDYEING, EQ, 25-May-2023,81.6,81.6,81.8,79.05, 79.70,79.5,80.26,830703,666.7,5405, 407511, 49.06,-2.57
BOMDYEING, EQ, 25-Jun-2020,78.2,78.0,78.9,76.0, 77.35,77.15,77.55,2315825,1795.94,12654, 629997, 27.20,-1.34
BOMDYEING, EQ, 25-Jun-2021,91.15,91.8,93.55,90.6, 91.60,91.8,91.88,4165646,3827.21,17993, 1009571, 24.24,0.71
BOMDYEING, EQ, 25-Jun-2024,198.27,199.1,204.8,196.12,200.4,200.18,200.95,6556090,13174.29,55431, 1939468, 29.58,0.96
BOMDYEING, EQ, 25-Jul-2022,101.2,101.7,101.7,97.55, 98.30,98.35,98.62,1931679,1905.05,10885, 602226, 31.18,-2.82
BOMDYEING, EQ, 25-Jul-2023,113.25,113.65,115.0,112.25, 113.00,113.25,113.36,986289,1118.05,5718, 356039, 36.10,0.0
BOMDYEING, EQ, 25-Jul-2024,230.24,228.0,243.2,226.82,235.45,234.6,237.08,5834623,13832.54,50628, 1538632, 26.37,1.89
BOMDYEING, EQ, 25-Aug-2020,70.7,71.2,71.2,68.2, 68.85,69.05,69.33,1812091,1256.36,8418, 708913, 39.12,-2.33
BOMDYEING, EQ, 25-Aug-2021,85.5,85.95,86.6,84.3, 85.00,85.25,85.57,2140451,1831.51,12266, 451510, 21.09,-0.29
BOMDYEING, EQ, 25-Aug-2022,101.3,102.0,103.25,101.25,101.8,101.75,102.27,1782847,1823.26,8985, 601675, 33.75,0.44
BOMDYEING, EQ, 25-Aug-2023,139.3,139.0,139.25,131.8, 134.50,135.25,135.31,2998490,4057.39,17595, 957302, 31.93,-2.91
BOMDYEING, EQ, 25-Sep-2020,60.8,61.95,63.8,61.05, 63.40,63.25,62.34,744250,463.97,5100, 210749, 28.32,4.03
BOMDYEING, EQ, 25-Sep-2023,146.2,145.5,146.25,141.7, 142.25,142.3,143.47,1717707,2464.33,11277, 587579, 34.21,-2.67
BOMDYEING, EQ, 25-Sep-2024,212.91,212.9,219.85,209.52,218.15,218.16,215.86,1768312,3817.08,20408, 780298, 44.13,2.47
BOMDYEING, EQ, 25-Oct-2021,98.15,98.5,98.9,94.0, 94.15,94.55,95.87,2025424,1941.82,14083, 590655, 29.16,-3.67
BOMDYEING, EQ, 25-Oct-2022,84.15,84.0,87.75,82.5,87.0,86.75,85.77,3911970,3355.17,24605, 1160242, 29.66,3.09
BOMDYEING, EQ, 25-Oct-2023,151.4,153.0,154.7,147.0,149.0,149.55,150.7,4009085,6041.7,31626, 1035364, 25.83,-1.22
BOMDYEING, EQ, 25-Oct-2024,227.66,227.49,228.51,212.2,215.5,215.57,217.78,3272589,7126.98,61889, 1011111, 30.90,-5.31
BOMDYEING, EQ, 25-Nov-2020,73.35,74.3,74.6,69.3, 69.70,69.7,71.38,3576084,2552.72,16819, 1398434, 39.11,-4.98
BOMDYEING, EQ, 25-Nov-2021,91.0,91.6,92.75,90.4,91.75,91.35,91.51,1792885,1640.68,11842, 390291, 21.77,0.38
BOMDYEING, EQ, 25-Nov-2022,80.55,80.6,82.35,80.0,80.85,80.8,81.0,1578699,1278.68,7588, 698824, 44.27,0.31
BOMDYEING, EQ, 25-Nov-2024,205.21,212.22,213.3,208.08,209.98,209.45,210.49,1364799,2872.76,20201, 567013, 41.55,2.07
BOMDYEING, EQ, 26-Feb-2020,77.8,77.0,78.3,75.25, 75.60,75.8,76.82,1536121,1180.06,10197, 440696, 28.69,-2.57
BOMDYEING, EQ, 26-Feb-2021,76.15,74.65,76.5,73.5,74.0,73.9,75.1,2613835,1962.99,15093, 573475, 21.94,-2.95
BOMDYEING, EQ, 26-Feb-2024,180.0,180.0,181.0,174.95, 178.20,178.15,178.23,607598,1082.94,8852, 322967, 53.15,-1.03
BOMDYEING, EQ, 26-Mar-2020,40.75,42.25,44.6,41.3, 44.05,43.75,43.49,1231527,535.6,9618, 508108, 41.26,7.36
BOMDYEING, EQ, 26-Mar-2021,70.95,72.0,72.85,70.8,71.05,71.1,71.52,1069346,764.81,5188, 426498, 39.88,0.21
BOMDYEING, EQ, 26-Mar-2024,155.15,154.9,156.7,150.2,150.2,150.6,152.31,1249476,1903.08,12948, 848494, 67.91,-2.93
BOMDYEING, EQ, 26-Mar-2025,134.03,134.45,135.09,128.7,130.05,129.44,131.12,1298446,1702.59,15976, 720381, 55.48,-3.42
BOMDYEING, EQ, 26-Apr-2021,65.95,66.25,68.7,66.25, 68.10,68.1,67.68,1255869,850.02,7640, 436711, 34.77,3.26
BOMDYEING, EQ, 26-Apr-2022,124.05,125.3,133.65,124.2, 127.65,128.45,130.09,27307058,35523.33,147316, 4277564, 15.66,3.55
BOMDYEING, EQ, 26-Apr-2023,86.6,86.7,93.0,84.45, 90.00,90.25,89.36,5198735,4645.84,26614, 1901275, 36.57,4.21
BOMDYEING, EQ, 26-Apr-2024,169.45,170.45,171.15,167.5, 167.65,167.85,168.93,604355,1020.93,8616, 307957, 50.96,-0.94
BOMDYEING, EQ, 26-May-2020,45.2,45.6,46.3,44.8, 44.90,44.95,45.35,261494,118.6,2291, 137535, 52.60,-0.55
BOMDYEING, EQ, 26-May-2021,81.2,82.45,86.4,81.35, 83.90,84.2,84.24,12591313,10606.37,51319, 3263981, 25.92,3.69
BOMDYEING, EQ, 26-May-2022,99.45,100.2,102.7,96.4,102.0,101.6,100.14,2563740,2567.23,17832, 514466, 20.07,2.16
BOMDYEING, EQ, 26-May-2023,79.5,80.0,81.35,79.5,80.0,80.15,80.31,816965,656.09,3790, 348273, 42.63,0.82
BOMDYEING, EQ, 26-Jun-2020,77.15,77.9,78.4,76.2, 76.20,76.5,77.19,1313339,1013.72,7556, 442560, 33.70,-0.84
BOMDYEING, EQ, 26-Jun-2023,100.3,101.0,105.45,99.7, 105.10,104.9,103.69,2621696,2718.32,14542, 991913, 37.83,4.59
BOMDYEING, EQ, 26-Jun-2024,200.18,201.0,205.2,196.35,200.75,201.53,200.94,5193040,10434.86,45187, 1470625, 28.32,0.67
BOMDYEING, EQ, 26-Jul-2021,103.15,102.55,104.4,100.0,100.25,100.85,102.49,5481782,5618.07,23789, 1239950, 22.62,-2.23
BOMDYEING, EQ, 26-Jul-2022,98.35,98.55,98.6,95.65,95.9,96.05,96.6,1472318,1422.27,7961, 410314, 27.87,-2.34
BOMDYEING, EQ, 26-Jul-2023,113.25,112.7,115.5,111.7, 112.15,112.2,113.12,1340766,1516.62,7214, 512692, 38.24,-0.93
BOMDYEING, EQ, 26-Jul-2024,234.6,236.3,238.45,229.43, 233.23,232.49,233.37,2453522,5725.73,25556, 773180, 31.51,-0.9
BOMDYEING, EQ, 26-Aug-2020,69.05,69.05,74.6,68.55, 73.55,73.6,72.6,7668964,5567.34,31610, 2339201, 30.50,6.59
BOMDYEING, EQ, 26-Aug-2021,85.25,85.0,85.8,83.5, 84.25,84.4,84.59,1874119,1585.4,10946, 357739, 19.09,-1.0
BOMDYEING, EQ, 26-Aug-2022,101.75,102.5,103.95,101.3,101.65,101.7,102.36,1448267,1482.41,8075, 464035, 32.04,-0.05
BOMDYEING, EQ, 26-Aug-2024,220.56,221.7,223.9,219.24,220.05,220.48,221.25,1069969,2367.31,16193, 383851, 35.87,-0.04
BOMDYEING, EQ, 26-Sep-2022,101.45,101.45,101.45,95.15,96.0,96.85,97.02,2733432,2651.85,15724, 997650, 36.50,-4.53
BOMDYEING, EQ, 26-Sep-2023,142.3,142.65,146.7,142.5, 144.05,144.5,144.32,1896580,2737.19,13946, 536631, 28.29,1.55
BOMDYEING, EQ, 26-Sep-2024,218.16,219.0,219.7,211.47,212.49,212.79,214.77,1408503,3025.01,17333, 690111, 49.00,-2.46
BOMDYEING, EQ, 26-Oct-2020,63.7,64.0,64.25,62.35,63.0,63.05,63.14,943427,595.7,7150, 219421, 23.26,-1.02
BOMDYEING, EQ, 26-Oct-2021,94.55,95.0,96.8,95.0, 96.10,96.15,95.93,2030528,1947.81,14266, 446179, 21.97,1.69
BOMDYEING, EQ, 26-Oct-2023,149.55,148.0,149.15,140.1, 147.95,147.75,145.12,4529312,6572.94,27362, 1282741, 28.32,-1.2
BOMDYEING, EQ, 26-Nov-2020,69.7,70.05,72.55,68.65, 71.15,71.35,71.11,4037423,2870.84,17811, 949433, 23.52,2.37
BOMDYEING, EQ, 26-Nov-2021,91.35,90.75,91.0,86.1, 86.60,87.05,88.73,1891203,1678.06,14203, 648321, 34.28,-4.71
BOMDYEING, EQ, 26-Nov-2024,209.45,210.0,214.55,208.68,211.4,210.93,212.35,1036517,2201.09,17024, 456680, 44.06,0.71
BOMDYEING, EQ, 26-Dec-2022,74.5,75.15,78.6,74.35,77.6,77.85,77.25,935406,722.58,6007, 376184, 40.22,4.5
BOMDYEING, EQ, 26-Dec-2023,150.65,151.0,154.55,147.85, 152.05,152.75,151.44,1165824,1765.47,15933, 419069, 35.95,1.39
BOMDYEING, EQ, 26-Dec-2024,198.44,197.8,198.11,191.81,192.49,193.23,195.01,2100838,4096.89,14650, 1479621, 70.43,-2.63
BOMDYEING, EQ, 27-Jan-2020,89.0,87.8,96.3,87.7, 92.70,92.2,93.38,11884388,11098.0,60272, 2507207, 21.10,3.6
BOMDYEING, EQ, 27-Jan-2021,74.75,74.45,75.3,73.2, 73.80,73.95,74.15,1302133,965.57,9272, 290537, 22.31,-1.07
BOMDYEING, EQ, 27-Jan-2022,104.4,101.85,106.15,100.9, 105.55,105.5,103.29,4124873,4260.76,21752, 1539142, 37.31,1.05
BOMDYEING, EQ, 27-Jan-2023,73.9,72.1,74.0,71.0, 73.20,72.95,72.15,716665,517.07,5768, 204599, 28.55,-1.29
BOMDYEING, EQ, 27-Jan-2025,159.04,157.0,158.9,149.05,151.07,151.34,152.01,955713,1452.78,19505, 384307, 40.21,-4.84
BOMDYEING, EQ, 27-Feb-2020,75.8,75.6,76.25,73.1, 74.40,74.75,74.52,1010779,753.2,7267, 341433, 33.78,-1.39
BOMDYEING, EQ, 27-Feb-2023,67.25,67.25,67.25,63.4, 63.85,64.05,64.48,891086,574.59,7941, 419240, 47.05,-4.76
BOMDYEING, EQ, 27-Feb-2024,178.15,179.5,186.9,177.35, 181.90,182.0,182.89,2883305,5273.36,25099, 1526180, 52.93,2.16
BOMDYEING, EQ, 27-Feb-2025,138.14,139.1,139.37,131.0,131.6,132.43,133.54,812344,1084.77,12898, 343173, 42.24,-4.13
BOMDYEING, EQ, 27-Mar-2020,43.75,46.75,46.75,42.7, 43.65,43.5,44.41,910346,404.31,6192, 373203, 41.00,-0.57
BOMDYEING, EQ, 27-Mar-2023,59.25,59.1,59.1,55.1, 55.15,55.4,56.58,1574889,891.03,8902, 804900, 51.11,-6.5
BOMDYEING, EQ, 27-Mar-2024,150.6,151.1,158.15,151.1, 155.60,154.75,154.82,1069276,1655.49,14089, 634223, 59.31,2.76
BOMDYEING, EQ, 27-Mar-2025,129.44,130.0,134.91,128.94,133.2,132.97,132.66,2286384,3033.05,27152, 1144409, 50.05,2.73
BOMDYEING, EQ, 27-Apr-2020,51.8,52.2,53.2,51.25, 51.75,52.2,52.19,895338,467.26,5141, 269242, 30.07,0.77
BOMDYEING, EQ, 27-Apr-2021,68.1,68.45,69.45,67.6,68.75,69.0,68.52,791848,542.57,5087, 246149, 31.09,1.32
BOMDYEING, EQ, 27-Apr-2022,128.45,127.65,138.35,127.6,137.0,136.4,133.8,28888817,38654.27,122926, 3954152, 13.69,6.19
BOMDYEING, EQ, 27-Apr-2023,90.25,90.25,90.5,88.2, 88.55,88.85,89.56,2429920,2176.29,11576, 970340, 39.93,-1.55
BOMDYEING, EQ, 27-May-2020,44.95,45.25,45.45,44.15,45.05,45.05,44.8,427454,191.48,3281, 218408, 51.10,0.22
BOMDYEING, EQ, 27-May-2021,84.2,84.65,84.9,80.7, 81.55,81.45,82.88,3997345,3312.8,18215, 1518615, 37.99,-3.27
BOMDYEING, EQ, 27-May-2022,101.6,103.0,104.85,102.35, 103.00,103.35,103.6,2037470,2110.72,16375, 310593, 15.24,1.72
BOMDYEING, EQ, 27-May-2024,180.45,180.9,181.7,175.75,177.5,177.05,177.48,1307081,2319.81,13517, 640548, 49.01,-1.88
BOMDYEING, EQ, 27-Jun-2022,95.8,97.2,98.65,96.5,96.75,96.9,97.44,2471596,2408.24,13742, 487359, 19.72,1.15
BOMDYEING, EQ, 27-Jun-2023,104.9,105.6,106.75,103.7, 105.00,105.25,105.23,2179647,2293.59,10722, 764658, 35.08,0.33
BOMDYEING, EQ, 27-Jun-2024,201.53,201.5,212.13,198.37,203.45,202.54,206.72,12531987,25906.67,85772, 3379838, 26.97,0.5
BOMDYEING, EQ, 27-Jul-2020,65.3,65.25,65.3,62.3,62.5,62.65,63.21,1335146,843.9,6768, 546108, 40.90,-4.06
BOMDYEING, EQ, 27-Jul-2021,100.85,101.45,102.4,97.25, 97.90,98.3,99.74,5830675,5815.53,26167, 1237935, 21.23,-2.53
BOMDYEING, EQ, 27-Jul-2022,96.05,96.0,97.1,94.8,95.05,95.5,95.68,1779623,1702.81,8931, 524577, 29.48,-0.57
BOMDYEING, EQ, 27-Jul-2023,112.2,112.8,112.8,110.2, 111.00,111.3,111.4,2050706,2284.48,11830, 804062, 39.21,-0.8
BOMDYEING, EQ, 27-Aug-2020,73.6,74.4,79.3,72.7,75.0,75.0,76.77,14150870,10863.41,58362, 3002314, 21.22,1.9
BOMDYEING, EQ, 27-Aug-2021,84.4,84.85,91.9,83.6, 90.70,91.0,89.05,8038983,7158.37,37810, 1265560, 15.74,7.82
BOMDYEING, EQ, 27-Aug-2024,220.48,220.9,232.0,218.0,230.66,228.93,226.0,2916568,6591.44,28381, 1570291, 53.84,3.83
BOMDYEING, EQ, 27-Sep-2021,93.2,93.6,95.5,93.05, 93.45,93.8,93.92,2042391,1918.18,13083, 415386, 20.34,0.64
BOMDYEING, EQ, 27-Sep-2022,96.85,97.25,98.0,94.8,96.45,96.3,96.2,2084016,2004.79,12134, 534041, 25.63,-0.57
BOMDYEING, EQ, 27-Sep-2023,144.5,144.25,149.4,143.4, 146.85,147.25,146.87,2750528,4039.78,18392, 799392, 29.06,1.9
BOMDYEING, EQ, 27-Sep-2024,212.79,213.7,217.25,212.17,213.06,213.77,214.4,1134057,2431.37,17337, 349012, 30.78,0.46
BOMDYEING, EQ, 27-Oct-2020,63.05,62.2,63.8,61.85, 62.40,62.65,62.5,1022622,639.18,6983, 215174, 21.04,-0.63
BOMDYEING, EQ, 27-Oct-2021,96.15,96.4,99.4,96.0, 97.25,97.35,97.82,2700774,2641.78,16997, 707175, 26.18,1.25
BOMDYEING, EQ, 27-Oct-2022,86.75,87.1,88.85,85.15,85.6,85.9,86.98,2409787,2096.13,14358, 950595, 39.45,-0.98
BOMDYEING, EQ, 27-Oct-2023,147.75,148.5,153.8,148.5,150.35,149.7,150.95,2959008,4466.65,20393, 944800, 31.93,1.32
BOMDYEING, EQ, 27-Nov-2020,71.35,71.3,72.35,70.7,71.1,71.0,71.43,1846371,1318.79,8146, 537949, 29.14,-0.49
BOMDYEING, EQ, 27-Nov-2024,210.93,211.5,215.8,210.95,213.45,213.38,213.39,1037208,2213.27,15380, 344538, 33.22,1.16
BOMDYEING, EQ, 27-Dec-2021,104.3,102.85,115.3,101.3, 114.90,114.6,111.11,19286712,21429.92,90140, 5009135, 25.97,9.88
BOMDYEING, EQ, 27-Dec-2022,77.85,78.25,79.7,77.5,78.0,78.15,78.33,562377,440.49,4602, 173238, 30.80,0.39
BOMDYEING, EQ, 27-Dec-2023,152.75,154.2,154.2,150.0, 151.00,152.05,152.44,852177,1299.02,12148, 414257, 48.61,-0.46
BOMDYEING, EQ, 27-Dec-2024,193.23,192.32,195.4,190.4,192.85,192.85,192.63,1043236,2009.58,18387, 352615, 33.80,-0.2
BOMDYEING, EQ, 28-Jan-2020,92.2,93.0,93.9,89.35, 91.30,90.95,92.16,3840689,3539.66,21196, 809188, 21.07,-1.36
BOMDYEING, EQ, 28-Jan-2021,73.95,72.9,75.55,72.65, 75.55,74.7,74.2,1159702,860.46,8573, 276806, 23.87,1.01
BOMDYEING, EQ, 28-Jan-2022,105.5,106.05,113.9,106.05, 110.25,110.45,111.3,6041214,6724.08,37490, 1601089, 26.50,4.69
BOMDYEING, EQ, 28-Jan-2025,151.34,152.4,154.0,144.42,150.5,150.4,149.41,1224596,1829.7,32803, 363995, 29.72,-0.62
BOMDYEING, EQ, 28-Feb-2020,74.75,71.0,72.4,68.75, 69.50,69.05,70.31,1460836,1027.15,9201, 637269, 43.62,-7.63
BOMDYEING, EQ, 28-Feb-2022,97.65,96.0,98.0,93.45, 96.45,96.7,96.21,3340529,3213.92,19025, 625874, 18.74,-0.97
BOMDYEING, EQ, 28-Feb-2023,64.05,64.25,66.9,62.7, 65.90,65.7,65.39,901496,589.5,6791, 318179, 35.29,2.58
BOMDYEING, EQ, 28-Feb-2024,182.0,183.8,185.7,172.55,173.9,174.95,178.31,1287651,2296.06,18895, 637422, 49.50,-3.87
BOMDYEING, EQ, 28-Feb-2025,132.43,130.96,131.0,125.2,126.25,126.9,127.68,1175455,1500.87,21158, 519300, 44.18,-4.18
BOMDYEING, EQ, 28-Mar-2022,98.8,99.5,99.9,96.7, 96.90,97.15,97.92,1641512,1607.33,9575, 560935, 34.17,-1.67
BOMDYEING, EQ, 28-Mar-2023,55.4,55.6,56.7,53.25, 53.40,53.9,54.55,1422820,776.17,8885, 765885, 53.83,-2.71
BOMDYEING, EQ, 28-Mar-2024,154.75,155.85,161.65,155.05,160.05,158.25,159.29,2527672,4026.2,14193, 1954286, 77.32,2.26
BOMDYEING, EQ, 28-Mar-2025,132.97,134.5,136.86,129.15,129.4,129.72,132.68,1213961,1610.64,17154, 599593, 49.39,-2.44
BOMDYEING, EQ, 28-Apr-2020,52.2,52.4,52.7,51.05, 51.10,51.25,51.65,751850,388.35,3949, 286118, 38.06,-1.82
BOMDYEING, EQ, 28-Apr-2021,69.0,69.1,70.45,68.6, 69.10,69.2,69.68,1349032,940.03,7552, 558111, 41.37,0.29
BOMDYEING, EQ, 28-Apr-2022,136.4,137.0,140.45,129.9, 133.00,131.55,135.5,8474996,11483.52,52300, 2909497, 34.33,-3.56
BOMDYEING, EQ, 28-Apr-2023,88.85,89.25,93.5,87.3, 92.25,92.2,91.32,4322914,3947.85,20908, 1383080, 31.99,3.77
BOMDYEING, EQ, 28-May-2020,45.05,45.25,47.3,45.25,47.3,47.3,46.56,883614,411.44,4713, 387101, 43.81,4.99
BOMDYEING, EQ, 28-May-2021,81.45,82.15,83.45,79.1,79.65,79.75,81.25,4312151,3503.55,20960, 1073881, 24.90,-2.09
BOMDYEING, EQ, 28-May-2024,177.05,177.5,178.3,169.6,171.9,171.35,172.43,1565590,2699.58,19336, 644081, 41.14,-3.22
BOMDYEING, EQ, 28-Jun-2021,91.8,91.45,92.45,90.25, 90.95,91.2,91.2,2910995,2654.89,12077, 653775, 22.46,-0.65
BOMDYEING, EQ, 28-Jun-2022,96.9,96.0,97.5,94.9, 97.10,97.1,96.2,2012787,1936.26,13018, 317896, 15.79,0.21
BOMDYEING, EQ, 28-Jun-2024,202.54,204.0,214.5,201.1,211.5,211.02,210.16,11573812,24323.45,85613, 2635249, 22.77,4.19
BOMDYEING, EQ, 28-Jul-2020,62.65,62.85,63.7,61.7,62.2,62.5,62.68,1216775,762.67,5788, 394204, 32.40,-0.24
BOMDYEING, EQ, 28-Jul-2021,98.3,98.5,109.9,93.6,108.95,107.95,104.44,25188543,26305.8,109014, 4578574, 18.18,9.82
BOMDYEING, EQ, 28-Jul-2022,95.5,96.25,97.75,95.6, 97.05,97.15,96.67,1731068,1673.48,9767, 369473, 21.34,1.73
BOMDYEING, EQ, 28-Jul-2023,111.3,111.7,114.15,110.5, 111.30,111.8,112.17,1829568,2052.32,10592, 523017, 28.59,0.45
BOMDYEING, EQ, 28-Aug-2020,75.0,75.55,76.45,72.6, 72.60,73.05,74.45,2964572,2207.11,13760, 1142512, 38.54,-2.6
BOMDYEING, EQ, 28-Aug-2023,135.25,136.0,136.9,133.2, 135.85,135.55,135.07,2512787,3393.9,14150, 694184, 27.63,0.22
BOMDYEING, EQ, 28-Aug-2024,228.93,232.0,233.0,221.72,223.0,223.21,227.98,2194610,5003.21,25609, 898757, 40.95,-2.5
BOMDYEING, EQ, 28-Sep-2020,63.25,63.7,65.8,63.4,64.05,64.15,64.25,1823308,1171.51,8809,422460,23.17,1.42
BOMDYEING, EQ, 28-Sep-2021,93.8,94.45,95.6,93.15, 93.50,93.8,94.35,2219604,2094.13,13969, 542515, 24.44,0.0
BOMDYEING, EQ, 28-Sep-2022,96.3,95.3,96.45,94.65,94.9,94.9,95.45,1165936,1112.87,6670, 324837, 27.86,-1.45
BOMDYEING, EQ, 28-Sep-2023,147.25,148.0,149.6,144.85, 145.15,145.75,146.97,1626517,2390.55,11464, 588089, 36.16,-1.02
BOMDYEING, EQ, 28-Oct-2020,62.65,62.95,64.25,62.2, 62.60,62.9,63.09,1048251,661.31,6845, 304088, 29.01,0.4
BOMDYEING, EQ, 28-Oct-2021,97.35,97.5,97.6,92.7, 93.20,93.45,95.07,2121889,2017.18,14954, 718456, 33.86,-4.01
BOMDYEING, EQ, 28-Oct-2022,85.9,86.0,86.8,83.4,83.95,84.0,84.68,1283820,1087.17,8325, 537862, 41.90,-2.21
BOMDYEING, EQ, 28-Oct-2024,215.57,217.8,223.25,214.3,219.3,219.89,219.34,2160746,4739.39,35679, 676007, 31.29,2.0
BOMDYEING, EQ, 28-Nov-2022,80.8,80.8,81.6,80.5, 81.00,81.0,80.94,1135685,919.26,5694, 488260, 42.99,0.25
BOMDYEING, EQ, 28-Nov-2023,164.55,165.7,170.0,164.85, 166.65,166.35,167.33,2690093,4501.31,23126, 1056929, 39.29,1.09
BOMDYEING, EQ, 28-Nov-2024,213.38,214.0,219.88,212.18,214.6,214.11,216.15,1428333,3087.4,17785, 509695, 35.68,0.34
BOMDYEING, EQ, 28-Dec-2020,74.8,75.25,76.8,74.8,75.85,75.95,75.94,1911296,1451.39,11629, 570070, 29.83,1.54
BOMDYEING, EQ, 28-Dec-2021,114.6,115.9,118.3,112.1,113.3,114.05,115.9,16014786,18561.6,92569, 4085315, 25.51,-0.48
BOMDYEING, EQ, 28-Dec-2022,78.15,78.4,79.45,78.05, 78.45,78.5,78.59,559086,439.38,4338, 143876, 25.73,0.45
BOMDYEING, EQ, 28-Dec-2023,152.05,152.2,152.9,148.7, 149.20,149.4,150.25,758442,1139.53,10577, 418062, 55.12,-1.74
BOMDYEING, EQ, 29-Jan-2020,90.95,91.8,98.4,91.2, 97.80,97.45,95.69,13019261,12458.45,57810, 3189626, 24.50,7.15
BOMDYEING, EQ, 29-Jan-2021,74.7,75.05,76.25,73.25, 73.90,73.85,74.55,1103433,822.57,7473, 291901, 26.45,-1.14
BOMDYEING, EQ, 29-Jan-2024,181.95,181.8,183.1,174.85, 176.00,175.65,178.85,3781903,6763.98,32065, 2202359, 58.23,-3.46
BOMDYEING, EQ, 29-Jan-2025,150.4,150.49,156.9,150.49,154.8,154.89,154.79,746786,1155.93,18716, 247682, 33.17,2.99
BOMDYEING, EQ, 29-Feb-2024,174.95,172.55,177.0,169.1, 174.25,173.3,171.63,1079312,1852.38,13259, 451146, 41.80,-0.94
BOMDYEING, EQ, 29-Mar-2022,97.15,97.9,98.5,96.4, 97.15,97.45,97.55,2384968,2326.62,12195, 871218, 36.53,0.31
BOMDYEING, EQ, 29-Mar-2023,53.9,54.05,57.05,53.3, 56.45,56.45,55.56,1878536,1043.79,9546, 863099, 45.95,4.73
BOMDYEING, EQ, 29-Apr-2020,51.25,51.4,53.15,51.25,51.9,51.8,52.25,1227479,641.41,5633, 479450, 39.06,1.07
BOMDYEING, EQ, 29-Apr-2021,69.2,69.0,69.35,66.7, 67.15,67.2,67.91,3066894,2082.77,12186, 881107, 28.73,-2.89
BOMDYEING, EQ, 29-Apr-2022,131.55,132.7,133.3,122.3,124.3,124.25,127.1,5188435,6594.51,32610, 2307562, 44.48,-5.55
BOMDYEING, EQ, 29-Apr-2024,167.85,168.7,175.25,168.6, 175.00,174.2,173.24,2733738,4735.99,22834, 1155002, 42.25,3.78
BOMDYEING, EQ, 29-May-2020,47.3,47.7,48.95,47.05, 47.40,47.7,48.02,631638,303.32,4514, 267624, 42.37,0.85
BOMDYEING, EQ, 29-May-2023,80.15,80.8,82.2,80.45, 80.80,80.7,81.23,681949,553.97,4106, 236096, 34.62,0.69
BOMDYEING, EQ, 29-May-2024,171.35,170.35,174.55,170.2,171.4,171.75,172.53,892617,1540.07,10465, 323536, 36.25,0.23
BOMDYEING, EQ, 29-Jun-2020,76.5,75.1,75.8,71.0, 72.30,72.5,72.61,2112814,1534.13,13070, 704339, 33.34,-5.23
BOMDYEING, EQ, 29-Jun-2021,91.2,89.9,89.9,86.9, 87.15,87.55,88.55,4011492,3552.15,17843, 1545478, 38.53,-4.0
BOMDYEING, EQ, 29-Jun-2022,97.1,95.85,99.95,95.55, 96.20,96.35,97.38,3292844,3206.48,17062, 628923, 19.10,-0.77
BOMDYEING, EQ, 28-Jun-2023,105.25,105.05,110.45,105.05, 107.75,107.75,107.89,5657409,6103.71,28019, 1720916, 30.42,2.38
BOMDYEING, EQ, 29-Jul-2020,62.5,62.2,63.65,61.6, 62.40,62.25,62.68,1400820,878.06,7849, 436031, 31.13,-0.4
BOMDYEING, EQ, 29-Jul-2021,107.95,108.8,112.8,105.15,105.95,106.45,109.36,21446960,23454.23,104099, 4148251, 19.34,-1.39
BOMDYEING, EQ, 29-Jul-2022,97.15,97.65,99.25,97.35,98.4,98.35,98.2,1427730,1402.04,7715, 390139, 27.33,1.24
BOMDYEING, EQ, 29-Jul-2024,232.49,234.5,236.0,227.5,229.2,228.9,231.41,1625426,3761.46,18367, 587052, 36.12,-1.54
BOMDYEING, EQ, 29-Aug-2022,101.7,99.0,100.6,98.1, 99.40,99.55,99.5,1387154,1380.19,7260, 441159, 31.80,-2.11
BOMDYEING, EQ, 29-Aug-2023,135.55,136.35,138.25,133.6, 135.30,135.25,135.52,2321263,3145.74,15210, 710474, 30.61,-0.22
BOMDYEING, EQ, 29-Aug-2024,223.21,220.0,220.0,211.61,214.0,214.02,214.83,3636895,7813.1,32451, 1690042, 46.47,-4.12
BOMDYEING, EQ, 29-Sep-2020,64.15,64.4,65.35,62.6,64.35,64.25,64.03,1042541,667.57,6771, 230161, 22.08,0.16
BOMDYEING, EQ, 29-Sep-2021,93.8,93.15,95.0,92.75, 93.90,93.8,93.98,2339475,2198.62,13731, 493259, 21.08,0.0
BOMDYEING, EQ, 29-Sep-2022,94.9,96.0,96.85,94.6,96.1,95.95,95.81,1236358,1184.6,6337, 267544, 21.64,1.11
BOMDYEING, EQ, 29-Sep-2023,145.75,145.75,146.3,143.15, 143.65,143.7,144.29,1283629,1852.21,9664, 536160, 41.77,-1.41
BOMDYEING, EQ, 29-Oct-2020,62.9,62.4,62.6,61.8,62.05,62.05,62.17,550875,342.47,3413, 177549, 32.23,-1.35
BOMDYEING, EQ, 29-Oct-2021,93.45,93.2,93.3,88.2, 92.15,91.9,92.06,2388213,2198.61,16019, 470365, 19.70,-1.66
BOMDYEING, EQ, 29-Oct-2024,219.89,219.87,224.9,217.91,223.56,223.87,222.41,1722403,3830.74,29086, 444830, 25.83,1.81
BOMDYEING, EQ, 29-Nov-2021,87.05,87.05,87.2,82.1, 82.20,82.55,84.23,2381752,2006.1,18561, 749066, 31.45,-5.17
BOMDYEING, EQ, 29-Nov-2022,81.0,81.0,82.55,80.8,81.1,81.1,81.69,1605286,1311.35,7177, 509939, 31.77,0.12
BOMDYEING, EQ, 29-Nov-2023,166.35,167.2,167.6,160.2, 161.70,161.55,163.09,1675861,2733.15,15830, 907559, 54.15,-2.89
BOMDYEING, EQ, 29-Nov-2024,214.11,214.9,215.9,210.8,211.5,211.28,212.62,869708,1849.19,14032, 372051, 42.78,-1.32
BOMDYEING, EQ, 29-Dec-2020,75.95,76.5,76.6,74.1,74.65,74.85,75.17,1843259,1385.53,9589, 577125, 31.31,-1.45
BOMDYEING, EQ, 29-Dec-2021,114.05,113.45,116.35,108.2, 108.75,109.15,111.84,8076861,9033.12,41491, 2231532, 27.63,-4.3
BOMDYEING, EQ, 29-Dec-2022,78.5,77.25,78.45,77.25, 78.15,78.2,77.88,456334,355.39,3496, 153192, 33.57,-0.38
BOMDYEING, EQ, 29-Dec-2023,149.4,149.35,155.05,148.5, 155.05,154.0,153.04,2548850,3900.87,20301, 1050974, 41.23,3.08
BOMDYEING, EQ, 30-Jan-2020,97.45,97.85,101.75,96.2, 97.25,97.95,99.34,9984830,9918.76,54146, 2186868, 21.90,0.51
BOMDYEING, EQ, 30-Jan-2023,72.95,72.0,73.5,71.1, 71.80,71.85,71.89,718839,516.77,4893, 181543, 25.26,-1.51
BOMDYEING, EQ, 30-Jan-2024,175.65,176.9,191.6,173.0, 183.00,181.5,185.37,8010897,14849.46,64965, 3039875, 37.95,3.33
BOMDYEING, EQ, 30-Jan-2025,154.89,155.2,159.27,153.81,155.15,154.85,156.16,748671,1169.16,16402, 232498, 31.05,-0.03
BOMDYEING, EQ, 30-Mar-2020,43.5,42.3,47.5,40.2, 45.50,44.6,45.51,1955548,890.05,12336, 632090, 32.32,2.53
BOMDYEING, EQ, 30-Mar-2021,71.1,71.75,72.8,71.05,71.3,71.3,71.81,1443945,1036.96,7813, 493847, 34.20,0.28
BOMDYEING, EQ, 30-Mar-2022,97.45,98.5,101.65,98.1, 98.70,99.2,99.8,3271884,3265.26,17152, 813915, 24.88,1.8
BOMDYEING, EQ, 30-Apr-2020,51.8,53.9,53.9,51.1,51.75,51.6,52.57,1081162,568.4,6254, 566309, 52.38,-0.39
BOMDYEING, EQ, 30-Apr-2021,67.2,66.6,68.15,66.0,66.0,66.2,67.09,1563514,1048.93,6157, 506187, 32.37,-1.49
BOMDYEING, EQ, 30-Apr-2024,174.2,175.7,177.3,172.25, 172.50,173.05,174.1,1034458,1801.0,15093, 553646, 53.52,-0.66
BOMDYEING, EQ, 30-May-2022,103.35,104.7,107.65,104.4, 105.80,105.75,105.8,1514118,1601.95,8933, 406846, 26.87,2.32
BOMDYEING, EQ, 30-May-2023,80.7,80.95,81.15,79.4, 79.75,79.7,80.02,480208,384.28,2964, 251429, 52.36,-1.24
BOMDYEING, EQ, 30-May-2024,171.75,170.6,171.6,165.2,165.9,165.6,167.86,949651,1594.1,13466, 430443, 45.33,-3.58
BOMDYEING, EQ, 30-Jun-2020,72.5,73.2,75.5,71.8, 72.55,72.35,73.5,1771078,1301.68,9971, 582604, 32.90,-0.21
BOMDYEING, EQ, 30-Jun-2021,87.55,88.15,88.95,85.9, 86.15,86.3,87.35,2549857,2227.42,11745, 761577, 29.87,-1.43
BOMDYEING, EQ, 30-Jun-2022,96.35,96.95,97.95,94.5,95.3,95.55,95.67,1350547,1292.08,9031, 287131, 21.26,-0.83
BOMDYEING, EQ, 30-Jun-2023,107.75,108.3,110.8,106.5, 108.25,108.5,108.93,4025665,4385.36,17642, 1305970, 32.44,0.7
BOMDYEING, EQ, 30-Jul-2020,62.25,62.8,63.25,61.0, 61.80,61.65,62.26,1114833,694.1,6286, 291978, 26.19,-0.96
BOMDYEING, EQ, 30-Jul-2021,106.45,105.0,108.2,103.55, 104.65,104.55,106.02,5293476,5611.89,25281, 1235389, 23.34,-1.78
BOMDYEING, EQ, 30-Jul-2024,228.9,229.0,233.9,228.0,229.21,229.62,230.49,1802339,4154.22,22949, 590550, 32.77,0.31
BOMDYEING, EQ, 30-Aug-2021,91.0,91.6,94.85,90.7, 93.80,94.3,92.97,4694191,4364.05,23036, 1103706, 23.51,3.63
BOMDYEING, EQ, 30-Aug-2022,99.55,100.35,101.85,99.8, 100.20,100.15,100.59,1547940,1557.08,6531, 607527, 39.25,0.6
BOMDYEING, EQ, 30-Aug-2023,135.25,136.0,138.65,133.5, 134.00,134.05,136.01,1805426,2455.61,11105, 700028, 38.77,-0.89
BOMDYEING, EQ, 30-Aug-2024,214.02,215.0,217.08,212.99,215.65,215.69,215.34,938086,2020.1,13637, 348609, 37.16,0.78
BOMDYEING, EQ, 30-Sep-2020,64.25,64.35,64.9,62.65,62.8,62.95,63.42,809049,513.13,4503, 289421, 35.77,-2.02
BOMDYEING, EQ, 30-Sep-2021,93.8,94.1,95.6,93.1, 93.25,93.75,94.31,2493908,2351.98,15346, 517263, 20.74,-0.05
BOMDYEING, EQ, 30-Sep-2022,95.95,96.2,97.15,95.0, 96.35,96.3,96.17,1303975,1253.99,7408, 361977, 27.76,0.36
BOMDYEING, EQ, 30-Sep-2024,213.77,215.0,230.6,212.9,224.25,224.7,224.87,12098583,27205.69,108185, 3261255, 26.96,5.11
BOMDYEING, EQ, 30-Oct-2020,62.05,62.35,62.75,61.4, 61.60,61.75,62.14,699085,434.44,5048, 145579, 20.82,-0.48
BOMDYEING, EQ, 30-Oct-2023,149.7,150.45,156.25,147.35, 155.05,154.9,152.32,3600350,5484.06,25776, 812812, 22.58,3.47
BOMDYEING, EQ, 30-Oct-2024,223.87,224.2,231.65,222.75,226.8,227.03,228.16,1467645,3348.6,23326, 402878, 27.45,1.41
BOMDYEING, EQ, 30-Nov-2021,82.55,82.5,85.5,81.25,82.95,83.05,83.91,1503566,1261.59,11550, 371022, 24.68,0.61
BOMDYEING, EQ, 30-Nov-2022,81.1,81.4,82.5,81.2,81.75,81.7,81.78,1098041,897.93,5298, 391208, 35.63,0.74
BOMDYEING, EQ, 30-Nov-2023,161.55,162.0,162.4,150.0, 155.00,154.6,156.9,2495093,3914.83,21623, 1308493, 52.44,-4.3
BOMDYEING, EQ, 30-Dec-2020,74.85,75.35,77.0,73.5,76.85,76.6,75.41,2119514,1598.27,11260, 547507, 25.83,2.34
BOMDYEING, EQ, 30-Dec-2021,109.15,108.05,110.25,106.6, 107.50,107.5,108.28,4510449,4883.94,26079, 1022969, 22.68,-1.51
BOMDYEING, EQ, 30-Dec-2022,78.2,78.65,80.95,78.55,78.85,79.25,79.85,1238823,989.18,7340, 284243, 22.94,1.34
BOMDYEING, EQ, 30-Dec-2024,192.85,193.25,193.34,184.55,185.3,185.22,187.98,1066284,2004.35,18886, 451531, 42.35,-3.96
BOMDYEING, EQ, 31-Jan-2020,97.95,98.0,99.6,93.8, 94.05,94.45,96.24,4028740,3877.33,23808, 987675, 24.52,-3.57
BOMDYEING, EQ, 31-Jan-2022,110.45,111.85,112.7,108.5,109.3,109.55,109.85,2291474,2517.21,14857, 650019, 28.37,-0.81
BOMDYEING, EQ, 31-Jan-2023,71.85,73.8,73.8,72.0,73.0,73.05,72.83,653503,475.96,4587, 217069, 33.22,1.67
BOMDYEING, EQ, 31-Jan-2024,181.5,182.85,190.0,182.35, 185.70,185.7,186.47,3364430,6273.76,30461, 1533316, 45.57,2.31
BOMDYEING, EQ, 31-Jan-2025,154.85,155.0,160.74,153.95,160.39,160.25,158.52,974180,1544.31,20338, 353248, 36.26,3.49
BOMDYEING, EQ, 31-Mar-2020,44.6,46.7,46.9,44.6,45.8,45.8,45.78,759339,347.62,6060, 228603, 30.11,2.69
BOMDYEING, EQ, 31-Mar-2021,71.3,71.25,72.4,69.7, 69.85,70.2,71.15,2785010,1981.54,11760, 855130, 30.70,-1.54
BOMDYEING, EQ, 31-Mar-2022,99.2,99.0,101.35,98.1, 98.45,98.45,99.27,2108339,2092.94,10580, 522003, 24.76,-0.76
BOMDYEING, EQ, 31-Mar-2023,56.45,57.0,58.9,56.55, 56.60,56.75,57.67,1187001,684.55,6242, 441382, 37.18,0.53
BOMDYEING, EQ, 31-May-2021,79.75,78.75,81.3,78.15, 79.40,79.7,79.75,3284949,2619.59,15147, 909827, 27.70,-0.06
BOMDYEING, EQ, 31-May-2022,105.75,105.9,106.8,103.55, 104.05,104.55,105.06,1592874,1673.45,9074, 357057, 22.42,-1.13
BOMDYEING, EQ, 31-May-2023,79.7,79.65,83.75,79.5, 83.00,83.05,82.2,2280242,1874.28,9672, 853060, 37.41,4.2
BOMDYEING, EQ, 31-May-2024,165.6,166.3,166.3,161.5,164.3,164.2,163.89,1414446,2318.14,13783, 566993, 40.09,-0.85
BOMDYEING, EQ, 31-Jul-2020,61.65,61.25,61.9,58.6,59.05,59.0,59.83,1549308,927.0,8346, 681188, 43.97,-4.3
BOMDYEING, EQ, 31-Jul-2023,111.8,111.9,117.65,111.9, 113.30,113.0,115.16,3869945,4456.79,19592, 1485669, 38.39,1.07
BOMDYEING, EQ, 31-Jul-2024,229.62,230.45,236.99,227.79,233.52,232.83,232.94,2843916,6624.64,31145, 993307, 34.93,1.4
BOMDYEING, EQ, 31-Aug-2020,73.05,73.7,73.8,68.0, 68.30,68.6,70.03,2712912,1899.85,13969, 1022092, 37.68,-6.09
BOMDYEING, EQ, 31-Aug-2021,94.3,94.9,95.3,91.25,91.5,92.1,93.4,4560195,4259.19,25537, 1257039, 27.57,-2.33
BOMDYEING, EQ, 31-Aug-2023,134.05,134.75,135.05,131.1, 131.75,131.85,132.88,1708660,2270.38,11371, 626496, 36.67,-1.64
BOMDYEING, EQ, 31-Oct-2022,84.0,84.6,84.8,81.2,81.35,81.6,82.23,1934779,1591.02,12522, 934481, 48.30,-2.86
BOMDYEING, EQ, 31-Oct-2023,154.9,155.5,162.8,154.7, 159.30,159.8,159.53,5789489,9236.06,42020, 1645938, 28.43,3.16
BOMDYEING, EQ, 31-Oct-2024,227.03,226.0,236.29,225.06,234.15,234.75,232.94,2973649,6926.79,41037, 661781, 22.25,3.4
BOMDYEING, EQ, 31-Dec-2020,76.6,77.0,80.85,76.5,79.1,79.55,79.05,6144867,4857.43,30720, 1733627, 28.21,3.85
BOMDYEING, EQ, 31-Dec-2021,107.5,108.1,112.75,107.85,109.85,109.7,110.4,7489312,8268.36,42336, 1520736, 20.31,2.05
BOMDYEING, EQ, 31-Dec-2024,185.22,185.39,190.94,180.52,190.3,188.56,185.05,1171775,2168.34,17340, 442006, 37.72,1.8
