SYMBOL, SERIES, DATE1, PREV_CLOSE, OPEN_PRICE, HIGH_PRICE, LOW_PRICE, LAST_PRICE, CLOSE_PRICE, AVG_PRICE, TTL_TRD_QNTY, TURNOVER_LACS, NO_OF_TRADES, DELIV_QTY, DELIV_PER,PER_CHANGE
CSBBANK, EQ, 01-Jan-2020,216.45,215.0,218.75,206.2, 207.00,206.9,210.28,873909,1837.68,13863, 305216, 34.93,-4.41
CSBBANK, EQ, 01-Jan-2021,218.05,218.95,219.8,217.05, 218.70,218.75,218.23,221437,483.24,3761, 141782, 64.03,0.32
CSBBANK, EQ, 01-Jan-2024,418.65,418.65,422.0,415.15, 417.75,417.65,418.26,182117,761.73,9818, 106906, 58.70,-0.24
CSBBANK, EQ, 01-Jan-2025,313.1,313.0,315.0,310.7,314.95,314.0,312.58,112984,353.16,12366, 47528, 42.07,0.29
CSBBANK, EQ, 01-Feb-2021,219.6,219.5,232.0,215.1, 230.00,227.8,223.86,268710,601.54,5861, 148675, 55.33,3.73
CSBBANK, EQ, 01-Feb-2022,251.9,254.9,256.35,251.3,255.95,255.3,254.61,343366,874.24,6599, 177847, 51.80,1.35
CSBBANK, EQ, 01-Feb-2023,248.35,252.0,256.9,235.75, 240.00,240.1,248.42,545383,1354.82,8661, 242375, 44.44,-3.32
CSBBANK, EQ, 01-Feb-2024,382.25,382.25,389.9,378.65, 385.20,387.0,385.2,232092,894.01,13258, 117297, 50.54,1.24
CSBBANK, EQ, 01-Mar-2021,225.1,227.0,228.45,225.0, 227.00,227.25,227.12,114684,260.47,2037, 78922, 68.82,0.96
CSBBANK, EQ, 01-Mar-2023,229.05,230.2,230.8,228.1, 229.50,229.8,229.59,168764,387.47,5484, 96386, 57.11,0.33
CSBBANK, EQ, 01-Mar-2024,349.7,350.15,352.7,347.1, 350.75,351.4,350.15,93806,328.46,5813, 55793, 59.48,0.49
CSBBANK, EQ, 01-Apr-2020,118.05,115.0,116.85,112.0,113.55,113.6,113.94,55067,62.74,1446, 26250, 47.67,-3.77
CSBBANK, EQ, 01-Apr-2021,232.9,234.2,244.9,233.0, 238.00,236.2,235.83,311232,733.98,7159, 183620, 59.00,1.42
CSBBANK, EQ, 01-Apr-2022,211.15,213.75,217.9,211.0, 216.30,216.25,215.3,383070,824.74,5568, 135061, 35.26,2.42
CSBBANK, EQ, 01-Apr-2024,354.5,357.0,371.9,355.5, 369.80,367.75,363.31,155582,565.25,8909, 73770, 47.42,3.74
CSBBANK, EQ, 01-Apr-2025,302.25,302.25,304.55,300.0,302.0,301.2,301.57,68057,205.24,6161, 35772, 52.56,-0.35
CSBBANK, EQ, 01-Jun-2020,122.95,123.8,131.0,123.05, 126.50,127.1,127.5,208556,265.91,3247, 70480, 33.79,3.38
CSBBANK, EQ, 01-Jun-2021,309.85,310.8,314.45,303.5, 305.00,304.8,307.6,351567,1081.43,7876, 147359, 41.91,-1.63
CSBBANK, EQ, 01-Jun-2022,188.95,189.9,189.9,185.05,185.45,185.6,186.48,225784,421.05,6251, 157469, 69.74,-1.77
CSBBANK, EQ, 01-Jun-2023,278.3,277.0,282.1,276.75, 279.00,278.5,279.55,104207,291.31,3897, 48424, 46.47,0.07
CSBBANK, EQ, 01-Jul-2020,187.15,187.5,190.95,185.35, 186.00,186.95,186.99,187783,351.13,3855, 101918, 54.27,-0.11
CSBBANK, EQ, 01-Jul-2021,347.15,347.25,349.5,339.0, 339.05,340.55,344.23,300579,1034.7,6990, 141349, 47.03,-1.9
CSBBANK, EQ, 01-Jul-2022,193.1,194.5,195.0,190.0,191.6,191.55,193.07,198621,383.47,6202, 71193, 35.84,-0.8
CSBBANK, EQ, 01-Jul-2024,378.15,378.15,382.15,372.05,375.3,375.25,376.29,782363,2943.93,21670, 496444, 63.45,-0.77
CSBBANK, EQ, 01-Aug-2022,200.05,202.45,203.95,199.4, 202.85,203.2,202.31,108492,219.49,2835, 59861, 55.18,1.57
CSBBANK, EQ, 01-Aug-2023,297.95,299.75,299.9,296.45, 298.90,299.1,298.57,236676,706.63,5872, 136548, 57.69,0.39
CSBBANK, EQ, 01-Aug-2024,328.0,330.05,338.2,330.0,337.5,337.05,335.66,593589,1992.41,24959, 343898, 57.94,2.76
CSBBANK, EQ, 01-Sep-2020,213.85,214.0,224.5,214.0, 218.55,217.65,218.93,213353,467.09,5199, 51574, 24.17,1.78
CSBBANK, EQ, 01-Sep-2021,297.4,299.9,309.0,298.8,301.0,301.95,303.96,469380,1426.74,9024, 161971, 34.51,1.53
CSBBANK, EQ, 01-Sep-2022,210.3,205.35,217.7,205.35,211.95,211.2,212.71,461471,981.59,8963, 202097, 43.79,0.43
CSBBANK, EQ, 01-Sep-2023,330.3,330.0,332.0,325.65, 326.30,327.25,329.42,145918,480.69,5954, 67980, 46.59,-0.92
CSBBANK, EQ, 01-Oct-2020,226.35,229.95,236.55,228.05, 230.80,231.4,232.98,180251,419.95,5412, 75945, 42.13,2.23
CSBBANK, EQ, 01-Oct-2021,316.8,321.9,324.2,308.4, 310.00,310.7,318.07,446730,1420.92,19342, 223778, 50.09,-1.93
CSBBANK, EQ, 01-Oct-2024,313.35,313.95,315.2,312.0,312.55,314.0,313.79,192326,603.5,10978, 108719, 56.53,0.21
CSBBANK, EQ, 01-Nov-2021,294.15,295.0,297.0,289.0, 292.50,291.5,292.12,169686,495.69,5669, 87942, 51.83,-0.9
CSBBANK, EQ, 01-Nov-2022,227.25,228.4,231.4,227.05,230.0,230.15,229.61,384382,882.57,5638, 231411, 60.20,1.28
CSBBANK, EQ, 01-Nov-2023,330.4,329.05,330.5,316.0, 318.25,317.9,320.91,343651,1102.79,12916, 126049, 36.68,-3.78
CSBBANK, EQ, 01-Dec-2020,250.5,242.45,249.9,238.05,247.65,247.5,245.94,189184,465.27,4778, 76441, 40.41,-1.2
CSBBANK, EQ, 01-Dec-2021,276.65,279.85,280.55,270.7,273.7,274.05,274.21,56928,156.1,3214, 18807, 33.04,-0.94
CSBBANK, EQ, 01-Dec-2022,218.3,218.75,220.9,218.15,220.0,219.85,219.75,231315,508.31,2703, 143581, 62.07,0.71
CSBBANK, EQ, 01-Dec-2023,388.1,395.0,395.0,382.0, 384.00,384.05,386.91,271221,1049.39,15262, 119529, 44.07,-1.04
CSBBANK, EQ, 02-Jan-2020,206.9,206.5,217.95,206.5, 211.20,211.3,212.73,1329504,2828.19,19730, 364975, 27.45,2.13
CSBBANK, EQ, 02-Jan-2023,237.8,237.85,247.5,237.85, 245.20,243.4,244.33,546705,1335.79,10626, 152333, 27.86,2.35
CSBBANK, EQ, 02-Jan-2024,417.65,417.0,421.45,412.25, 417.30,416.7,416.04,252364,1049.92,11044, 170935, 67.73,-0.23
CSBBANK, EQ, 02-Jan-2025,314.0,330.0,334.9,319.0,322.5,320.35,327.36,3299689,10801.75,75118, 661279, 20.04,2.02
CSBBANK, EQ, 02-Feb-2021,227.8,229.0,233.8,223.1, 226.70,225.4,227.86,241194,549.6,3898, 119295, 49.46,-1.05
CSBBANK, EQ, 02-Feb-2022,255.3,258.7,264.35,255.25, 261.50,262.65,261.53,344886,901.97,8640, 167053, 48.44,2.88
CSBBANK, EQ, 02-Feb-2023,240.1,240.1,249.0,240.1, 247.50,247.45,246.44,262480,646.86,7001, 112258, 42.77,3.06
CSBBANK, EQ, 02-Feb-2024,387.0,389.0,393.9,387.65, 390.40,392.75,391.12,232025,907.49,12693, 133367, 57.48,1.49
CSBBANK, EQ, 02-Mar-2020,172.4,175.0,177.15,169.65, 171.00,171.25,172.72,192185,331.94,2889, 83071, 43.22,-0.67
CSBBANK, EQ, 02-Mar-2021,227.25,227.0,228.85,224.0,227.1,227.0,226.42,211031,477.81,5053, 145374, 68.89,-0.11
CSBBANK, EQ, 02-Mar-2022,218.35,223.0,223.0,213.0, 217.00,217.0,218.37,116877,255.23,3491, 39429, 33.74,-0.62
CSBBANK, EQ, 02-Mar-2023,229.8,229.8,234.9,227.2, 230.90,228.35,230.53,267524,616.72,8220, 163417, 61.08,-0.63
CSBBANK, EQ, 02-Apr-2024,367.75,378.0,386.5,375.0, 379.00,379.1,380.16,717652,2728.21,19599, 159730, 22.26,3.09
CSBBANK, EQ, 02-Apr-2025,301.2,314.0,324.6,306.05,320.0,321.05,315.4,1600663,5048.55,52731, 226849, 14.17,6.59
CSBBANK, EQ, 02-May-2022,214.2,210.0,214.0,207.1,211.0,210.8,211.4,153162,323.79,3526, 81565, 53.25,-1.59
CSBBANK, EQ, 02-May-2023,279.5,282.0,286.7,278.2, 283.20,283.1,282.36,735313,2076.25,13461, 354399, 48.20,1.29
CSBBANK, EQ, 02-May-2024,372.85,370.7,376.8,370.0, 371.50,371.2,372.9,275008,1025.51,18013, 133641, 48.60,-0.44
CSBBANK, EQ, 02-Jun-2020,127.1,126.0,133.0,125.25,132.3,131.3,131.01,316320,414.43,2796, 215366, 68.08,3.3
CSBBANK, EQ, 02-Jun-2021,304.8,306.7,323.0,304.5, 320.00,319.0,314.37,546172,1717.0,9648, 174131, 31.88,4.66
CSBBANK, EQ, 02-Jun-2022,185.6,185.0,186.4,183.55,184.9,184.9,184.92,165574,306.18,3565, 105247, 63.56,-0.38
CSBBANK, EQ, 02-Jun-2023,278.5,285.0,285.0,271.45, 272.45,273.15,276.31,273475,755.65,8031, 120275, 43.98,-1.92
CSBBANK, EQ, 02-Jul-2020,186.95,188.75,188.95,183.05, 185.20,184.8,185.56,159066,295.16,2468, 53153, 33.42,-1.15
CSBBANK, EQ, 02-Jul-2021,340.55,340.65,350.6,340.6,348.95,348.0,345.11,270211,932.53,7334, 100931, 37.35,2.19
CSBBANK, EQ, 02-Jul-2024,375.25,383.7,403.2,377.05,381.5,382.25,388.81,2490545,9683.59,54637, 630630, 25.32,1.87
CSBBANK, EQ, 02-Aug-2021,350.05,354.2,354.2,342.2,344.8,343.6,347.0,226679,786.59,8189, 69253, 30.55,-1.84
CSBBANK, EQ, 02-Aug-2022,203.2,202.05,209.65,201.2,207.65,207.95,206.58,229608,474.33,5496, 126252, 54.99,2.34
CSBBANK, EQ, 02-Aug-2023,299.1,299.0,300.0,288.0, 290.25,291.1,293.84,255371,750.39,7010, 125243, 49.04,-2.67
CSBBANK, EQ, 02-Aug-2024,337.05,337.05,339.0,332.8,338.0,338.3,336.73,258175,869.36,14231, 138490, 53.64,0.37
CSBBANK, EQ, 02-Sep-2020,217.65,216.25,245.0,215.85, 235.50,234.55,233.73,587310,1372.69,10898, 164698, 28.04,7.76
CSBBANK, EQ, 02-Sep-2021,301.95,305.0,306.9,299.0, 303.00,301.9,301.89,177381,535.49,3762, 109489, 61.73,-0.02
CSBBANK, EQ, 02-Sep-2022,211.2,213.4,218.3,210.15,216.0,215.9,215.6,460098,991.97,8268, 219273, 47.66,2.23
CSBBANK, EQ, 02-Sep-2024,323.65,323.65,329.95,320.05,326.0,326.95,324.54,420374,1364.27,11306, 190637, 45.35,1.02
CSBBANK, EQ, 02-Nov-2020,231.3,233.0,238.2,227.55, 235.50,236.05,234.97,138081,324.45,4331, 63947, 46.31,2.05
CSBBANK, EQ, 02-Nov-2021,291.5,293.75,299.9,293.75, 296.20,297.45,297.03,107672,319.81,3793, 40184, 37.32,2.04
CSBBANK, EQ, 02-Nov-2022,230.15,230.0,230.7,226.0,227.0,227.65,228.86,752925,1723.11,9496, 630842, 83.79,-1.09
CSBBANK, EQ, 02-Nov-2023,317.9,324.0,325.0,314.75, 325.00,324.0,320.88,320957,1029.88,8887, 126168, 39.31,1.92
CSBBANK, EQ, 02-Dec-2020,247.5,245.0,245.0,232.0, 233.20,232.75,236.87,990111,2345.31,15767, 659899, 66.65,-5.96
CSBBANK, EQ, 02-Dec-2021,274.05,275.0,275.1,262.9, 267.45,266.85,269.7,138480,373.48,4131, 80946, 58.45,-2.63
CSBBANK, EQ, 02-Dec-2022,219.85,219.85,223.05,219.0, 219.15,219.25,220.58,149310,329.34,2628, 71539, 47.91,-0.27
CSBBANK, EQ, 02-Dec-2024,307.55,308.45,311.5,300.35,304.5,303.7,303.29,285729,866.58,9998, 142959, 50.03,-1.25
CSBBANK, EQ, 03-Jan-2020,211.3,211.3,211.3,206.3, 208.20,208.05,208.33,538331,1121.51,13149, 159154, 29.56,-1.54
CSBBANK, EQ, 03-Jan-2022,235.3,233.05,239.3,233.05, 237.00,237.25,236.16,230955,545.43,7307, 91615, 39.67,0.83
CSBBANK, EQ, 03-Jan-2023,243.4,255.0,264.2,249.0, 249.10,251.2,257.79,7946687,20485.39,66839, 942994, 11.87,3.2
CSBBANK, EQ, 03-Jan-2024,416.7,410.25,418.9,401.9, 405.90,407.5,409.16,737595,3017.92,23460, 359783, 48.78,-2.21
CSBBANK, EQ, 03-Jan-2025,320.35,322.9,325.8,317.5,319.9,319.1,320.51,245963,788.33,10819, 77940, 31.69,-0.39
CSBBANK, EQ, 03-Feb-2020,184.9,184.1,188.95,180.45, 182.95,182.1,183.64,302371,555.27,16184, 126356, 41.79,-1.51
CSBBANK, EQ, 03-Feb-2021,225.4,228.5,231.5,224.6, 230.30,229.95,228.69,214783,491.2,2847, 121171, 56.42,2.02
CSBBANK, EQ, 03-Feb-2022,262.65,263.0,263.6,254.15, 257.40,257.0,257.83,187746,484.07,4001, 84613, 45.07,-2.15
CSBBANK, EQ, 03-Feb-2023,247.45,249.0,254.0,248.5, 251.00,251.7,251.25,449223,1128.65,8529, 199073, 44.31,1.72
CSBBANK, EQ, 03-Feb-2025,305.55,305.55,305.6,301.2,302.85,304.15,303.28,59860,181.54,3630, 27569, 46.06,-0.46
CSBBANK, EQ, 03-Mar-2020,171.25,171.0,177.0,170.35, 175.45,174.65,174.24,160029,278.83,3152, 56765, 35.47,1.99
CSBBANK, EQ, 03-Mar-2021,227.0,226.9,237.9,226.1,235.35,234.8,233.66,930185,2173.5,11640, 459276, 49.37,3.44
CSBBANK, EQ, 03-Mar-2022,217.0,220.0,223.2,217.0,218.0,217.75,219.16,143334,314.13,6560, 81069, 56.56,0.35
CSBBANK, EQ, 03-Mar-2023,228.35,230.45,233.1,229.4, 232.50,231.5,231.2,132960,307.4,3598, 54365, 40.89,1.38
CSBBANK, EQ, 03-Mar-2025,282.75,277.0,284.7,276.7,278.1,280.2,280.16,133162,373.07,12178, 75055, 56.36,-0.9
CSBBANK, EQ, 03-Apr-2020,113.6,115.0,115.0,107.05, 109.90,110.4,110.23,59314,65.38,1582, 30365, 51.19,-2.82
CSBBANK, EQ, 03-Apr-2023,245.1,255.9,255.9,250.25, 253.40,253.25,252.65,1020409,2578.06,15931, 165915, 16.26,3.33
CSBBANK, EQ, 03-Apr-2024,379.1,379.1,381.05,372.0, 375.95,374.8,375.96,309763,1164.59,19323, 142778, 46.09,-1.13
CSBBANK, EQ, 03-Apr-2025,321.05,316.05,353.45,315.15,341.55,342.05,339.99,1734602,5897.48,51098, 509203, 29.36,6.54
CSBBANK, EQ, 03-May-2021,258.25,259.0,259.4,255.0,257.4,257.5,257.27,158276,407.2,3128, 92153, 58.22,-0.29
CSBBANK, EQ, 03-May-2023,283.1,284.1,288.0,281.0,285.4,286.6,284.55,382536,1088.5,8792, 190481, 49.79,1.24
CSBBANK, EQ, 03-May-2024,371.2,373.1,373.5,361.0, 364.60,365.45,365.87,247935,907.11,14064, 123410, 49.78,-1.55
CSBBANK, EQ, 03-Jun-2020,131.3,132.45,139.05,132.0,134.7,135.95,135.18,189118,255.64,3262, 63426, 33.54,3.54
CSBBANK, EQ, 03-Jun-2021,319.0,331.4,331.4,324.0, 327.00,327.8,326.89,967464,3162.52,14327, 338994, 35.04,2.76
CSBBANK, EQ, 03-Jun-2022,184.9,187.85,188.8,184.45, 185.25,185.3,187.08,214999,402.23,4292, 136840, 63.65,0.22
CSBBANK, EQ, 03-Jun-2024,329.8,340.0,346.65,331.0,345.45,344.7,341.55,573530,1958.89,14338, 351401, 61.27,4.52
CSBBANK, EQ, 03-Jul-2020,184.8,186.9,186.9,182.55, 183.65,183.95,184.5,89372,164.89,3621, 30902, 34.58,-0.46
CSBBANK, EQ, 03-Jul-2023,284.25,288.0,295.45,286.1, 290.20,291.05,291.71,870791,2540.15,16642, 403643, 46.35,2.39
CSBBANK, EQ, 03-Jul-2024,382.25,382.25,387.0,377.0,377.5,378.8,380.88,489826,1865.64,15803, 241488, 49.30,-0.9
CSBBANK, EQ, 03-Aug-2020,190.75,189.0,193.0,186.45,193.0,192.15,190.84,79384,151.5,1969, 44477, 56.03,0.73
CSBBANK, EQ, 03-Aug-2021,343.6,347.9,349.0,342.05,343.0,343.8,345.72,169772,586.93,7011, 33193, 19.55,0.06
CSBBANK, EQ, 03-Aug-2022,207.95,209.0,209.9,205.5, 207.05,207.25,206.98,124890,258.49,2611, 74824, 59.91,-0.34
CSBBANK, EQ, 03-Aug-2023,291.1,292.9,297.35,283.45, 296.15,296.6,290.65,397768,1156.11,10409, 182518, 45.89,1.89
CSBBANK, EQ, 03-Sep-2020,234.55,234.05,235.4,228.0, 228.25,230.1,232.03,294763,683.95,4573, 146297, 49.63,-1.9
CSBBANK, EQ, 03-Sep-2021,301.9,303.9,304.95,300.25, 302.00,301.9,302.17,148309,448.14,5700, 46325, 31.24,0.0
CSBBANK, EQ, 03-Sep-2024,326.95,326.8,326.95,322.45,324.0,323.35,323.92,146411,474.25,6802, 83746, 57.20,-1.1
CSBBANK, EQ, 03-Oct-2022,222.65,230.0,239.95,223.55,238.0,238.05,234.51,1058370,2481.94,16880, 328875, 31.07,6.92
CSBBANK, EQ, 03-Oct-2023,336.3,341.75,358.4,334.1, 353.85,353.85,352.76,2532643,8934.06,48161, 960525, 37.93,5.22
CSBBANK, EQ, 03-Oct-2024,314.0,317.95,318.5,311.25,316.25,316.55,314.89,463685,1460.1,14735, 234579, 50.59,0.81
CSBBANK, EQ, 03-Nov-2020,236.05,240.0,240.0,232.05,235.2,235.0,235.22,44390,104.41,1953, 22566, 50.84,-0.44
CSBBANK, EQ, 03-Nov-2021,297.45,299.0,300.45,293.0, 296.75,297.5,297.91,130874,389.89,4131, 32870, 25.12,0.02
CSBBANK, EQ, 03-Nov-2022,227.65,228.6,230.75,226.95,229.55,229.65,229.52,211296,484.97,5153, 132141, 62.54,0.88
CSBBANK, EQ, 03-Nov-2023,324.0,328.0,338.75,320.0, 329.15,331.7,330.43,732458,2420.26,19642, 243933, 33.30,2.38
CSBBANK, EQ, 03-Dec-2020,232.75,230.0,231.0,223.1,225.0,224.8,226.36,1130910,2559.88,13138, 640156, 56.61,-3.42
CSBBANK, EQ, 03-Dec-2021,266.85,269.0,272.55,267.55, 270.10,268.3,268.72,109662,294.69,2622, 66431, 60.58,0.54
CSBBANK, EQ, 03-Dec-2024,303.7,304.05,308.95,304.05,307.0,306.7,307.0,145684,447.25,12803, 80039, 54.94,0.99
CSBBANK, EQ, 04-Jan-2021,218.75,225.3,228.0,221.3,225.0,224.4,224.96,961702,2163.45,9746, 524720, 54.56,2.58
CSBBANK, EQ, 04-Jan-2022,237.25,242.0,259.9,238.85, 251.60,251.75,253.69,1912902,4852.77,44193, 170682, 8.92,6.11
CSBBANK, EQ, 04-Jan-2023,251.2,251.0,252.9,246.0, 250.30,250.9,249.39,1112418,2774.24,13848, 211704, 19.03,-0.12
CSBBANK, EQ, 04-Jan-2024,407.5,410.0,413.7,407.1, 411.20,409.2,410.52,175388,720.0,11223, 77807, 44.36,0.42
CSBBANK, EQ, 04-Feb-2020,182.1,183.2,188.85,183.0, 187.00,186.8,186.04,224979,418.56,5273, 65451, 29.09,2.58
CSBBANK, EQ, 04-Feb-2021,229.95,229.95,230.0,223.65, 226.10,226.4,226.03,170640,385.7,2575, 80597, 47.23,-1.54
CSBBANK, EQ, 04-Feb-2022,257.0,257.0,262.0,256.35, 260.20,260.2,260.24,119688,311.47,2939, 60948, 50.92,1.25
CSBBANK, EQ, 04-Feb-2025,304.15,304.25,308.3,303.0,306.8,305.95,305.92,56926,174.15,4203, 29181, 51.26,0.59
CSBBANK, EQ, 04-Mar-2020,174.65,175.45,175.45,166.0, 166.90,167.6,170.44,137569,234.47,3271, 43450, 31.58,-4.04
CSBBANK, EQ, 04-Mar-2021,234.8,233.8,239.75,229.65, 236.60,236.7,237.3,550853,1307.17,9263, 287081, 52.12,0.81
CSBBANK, EQ, 04-Mar-2022,217.75,218.0,218.35,214.45, 215.00,215.9,216.17,172743,373.41,3883, 120778, 69.92,-0.85
CSBBANK, EQ, 04-Mar-2024,357.6,357.6,359.4,348.0, 349.20,348.95,350.25,106956,374.61,8747, 64821, 60.61,-2.42
CSBBANK, EQ, 04-Mar-2025,280.2,277.7,282.75,272.75,275.45,274.65,276.52,161914,447.73,11040, 71634, 44.24,-1.98
CSBBANK, EQ, 04-Apr-2022,216.25,219.0,223.5,218.5,219.6,219.6,220.21,549521,1210.07,16730, 306280, 55.74,1.55
CSBBANK, EQ, 04-Apr-2024,374.8,380.0,397.5,375.15, 393.90,393.95,390.79,1030851,4028.42,34912, 555147, 53.85,5.11
CSBBANK, EQ, 04-Apr-2025,342.05,340.0,344.95,334.5,335.0,337.05,340.07,674897,2295.11,34052, 239380, 35.47,-1.46
CSBBANK, EQ, 04-May-2020,120.5,115.0,118.35,114.2, 117.25,117.45,117.27,168196,197.24,1686, 127178, 75.61,-2.53
CSBBANK, EQ, 04-May-2021,257.5,260.0,268.7,245.8, 252.00,251.15,258.8,397943,1029.88,6739, 170447, 42.83,-2.47
CSBBANK, EQ, 04-May-2022,210.8,211.9,216.75,206.8,206.85,207.35,211.17,138302,292.05,3883, 67991, 49.16,-1.64
CSBBANK, EQ, 04-May-2023,286.6,286.95,290.0,283.4, 287.95,288.1,288.06,308015,887.27,7769, 168560, 54.72,0.52
CSBBANK, EQ, 04-Jun-2020,135.95,136.45,136.85,133.15,135.35,135.15,135.22,74436,100.65,2338, 36214, 48.65,-0.59
CSBBANK, EQ, 04-Jun-2021,327.8,327.0,327.0,320.0, 323.25,322.45,323.02,304485,983.54,5123, 85787, 28.17,-1.63
CSBBANK, EQ, 04-Jun-2024,344.7,336.5,340.75,318.0,330.0,325.05,329.24,587320,1933.68,24797, 302480, 51.50,-5.7
CSBBANK, EQ, 04-Jul-2022,191.55,195.8,195.8,192.4,193.95,193.95,193.98,207387,402.28,2878, 104424, 50.35,1.25
CSBBANK, EQ, 04-Jul-2023,291.05,291.0,294.9,288.9, 290.25,290.75,291.54,384551,1121.12,12267, 203612, 52.95,-0.1
CSBBANK, EQ, 04-Jul-2024,378.8,379.25,381.6,368.55,372.55,373.45,376.66,444753,1675.19,21183, 231793, 52.12,-1.41
CSBBANK, EQ, 04-Aug-2020,192.15,193.15,196.1,189.3,190.5,191.05,193.93,65274,126.58,1585, 27391, 41.96,-0.57
CSBBANK, EQ, 04-Aug-2021,343.8,347.95,347.95,340.0,340.0,342.15,343.83,155451,534.49,4133, 53077, 34.14,-0.48
CSBBANK, EQ, 04-Aug-2022,207.25,208.9,209.6,202.8,207.0,206.75,206.49,154489,319.0,3598, 74695, 48.35,-0.24
CSBBANK, EQ, 04-Aug-2023,296.6,297.7,300.0,293.45, 297.20,297.0,296.92,177239,526.26,7042, 70776, 39.93,0.13
CSBBANK, EQ, 04-Sep-2020,230.1,226.1,232.5,222.95,227.0,227.6,228.34,168516,384.79,4796, 28561, 16.95,-1.09
CSBBANK, EQ, 04-Sep-2023,327.25,327.25,329.8,322.25, 324.70,324.3,325.9,141121,459.92,6338, 64842, 45.95,-0.9
CSBBANK, EQ, 04-Sep-2024,323.35,319.95,322.8,317.25,319.7,320.0,320.84,214156,687.1,6621, 151261, 70.63,-1.04
CSBBANK, EQ, 04-Oct-2021,310.7,321.9,321.9,315.75, 319.00,318.15,318.48,502232,1599.51,11774, 184592, 36.75,2.4
CSBBANK, EQ, 04-Oct-2022,238.05,239.5,248.0,238.05, 245.75,246.5,245.36,662746,1626.13,10791, 215869, 32.57,3.55
CSBBANK, EQ, 04-Oct-2023,353.85,354.75,358.0,347.1, 349.95,349.5,351.61,553359,1945.68,20206, 173675, 31.39,-1.23
CSBBANK, EQ, 04-Oct-2024,316.55,316.55,320.8,311.4,318.0,319.6,317.98,248726,790.91,11225, 129057, 51.89,0.96
CSBBANK, EQ, 04-Nov-2020,235.0,233.1,237.75,232.05,236.25,236.75,235.33,67176,158.08,1612, 38432, 57.21,0.74
CSBBANK, EQ, 04-Nov-2022,229.65,230.8,233.0,228.0,228.6,228.6,229.86,198678,456.68,7263, 99837, 50.25,-0.46
CSBBANK, EQ, 04-Nov-2024,316.7,315.0,315.6,308.1,309.45,308.9,310.09,82951,257.23,4884, 43340, 52.25,-2.46
CSBBANK, EQ, 04-Dec-2020,224.8,226.0,228.5,219.5, 224.40,224.35,224.99,625462,1407.21,7831, 356029, 56.92,-0.2
CSBBANK, EQ, 04-Dec-2023,384.05,386.0,405.0,386.0, 401.00,401.15,399.01,967290,3859.56,25593, 348620, 36.04,4.45
CSBBANK, EQ, 04-Dec-2024,306.7,306.8,308.75,304.55,305.7,306.2,306.44,188338,577.15,7860, 111820, 59.37,-0.16
CSBBANK, EQ, 05-Jan-2021,224.4,223.9,228.9,220.25, 226.45,225.1,224.77,348023,782.26,4491, 125180, 35.97,0.31
CSBBANK, EQ, 05-Jan-2022,251.75,250.0,258.5,250.0, 255.00,255.05,254.09,348090,884.47,7806, 78526, 22.56,1.31
CSBBANK, EQ, 05-Jan-2023,250.9,252.3,253.2,247.25,251.3,251.3,250.13,614354,1536.67,7824, 186881, 30.42,0.16
CSBBANK, EQ, 05-Jan-2024,409.2,411.85,413.7,405.85, 406.00,407.5,409.97,552185,2263.78,9196, 467246, 84.62,-0.42
CSBBANK, EQ, 05-Feb-2020,186.8,198.5,198.5,189.0, 189.70,190.2,192.49,876199,1686.58,16022, 279536, 31.90,1.82
CSBBANK, EQ, 05-Feb-2021,226.4,226.1,231.05,217.85, 219.80,219.05,223.32,311942,696.64,3976, 167915, 53.83,-3.25
CSBBANK, EQ, 05-Feb-2024,392.75,393.05,395.95,376.4, 377.55,378.2,385.87,242780,936.81,15902, 112244, 46.23,-3.7
CSBBANK, EQ, 05-Feb-2025,305.95,305.1,311.95,302.8,310.0,309.95,309.76,70857,219.48,3805, 38195, 53.90,1.31
CSBBANK, EQ, 05-Mar-2020,167.6,166.5,172.35,165.05, 171.00,170.5,169.44,157678,267.17,3490, 44849, 28.44,1.73
CSBBANK, EQ, 05-Mar-2021,236.7,239.0,273.9,236.35,254.95,259.85,258.89,4391683,11369.74,87560, 1016493, 23.15,9.78
CSBBANK, EQ, 05-Mar-2024,348.95,346.0,374.55,346.0, 369.35,369.2,368.72,2354307,8680.72,63062, 440365, 18.70,5.8
CSBBANK, EQ, 05-Mar-2025,274.65,274.95,281.3,274.7,279.25,279.45,278.34,102037,284.01,6881, 54346, 53.26,1.75
CSBBANK, EQ, 05-Apr-2021,236.2,238.1,241.6,233.6,238.8,238.75,237.99,447480,1064.98,15520, 198512, 44.36,1.08
CSBBANK, EQ, 05-Apr-2022,219.6,221.5,226.4,218.45, 221.60,221.35,223.08,508394,1134.13,7792, 241716, 47.55,0.8
CSBBANK, EQ, 05-Apr-2023,253.25,253.25,258.6,251.85, 257.90,257.25,256.98,421511,1083.2,6959, 177457, 42.10,1.58
CSBBANK, EQ, 05-Apr-2024,393.95,393.95,395.0,386.05, 390.50,389.2,390.82,202746,792.36,12329, 89878, 44.33,-1.21
CSBBANK, EQ, 05-May-2020,117.45,118.0,120.95,114.5, 116.15,116.2,117.93,154438,182.13,1387, 128303, 83.08,-1.06
CSBBANK, EQ, 05-May-2021,251.15,255.0,269.5,253.5, 265.25,263.65,261.61,456310,1193.76,7795, 201693, 44.20,4.98
CSBBANK, EQ, 05-May-2022,207.35,210.85,212.35,206.15, 207.00,207.2,209.4,123447,258.49,3957, 60694, 49.17,-0.07
CSBBANK, EQ, 05-May-2023,288.1,289.5,292.0,276.9, 280.25,279.5,284.4,303008,861.74,9083, 115300, 38.05,-2.99
CSBBANK, EQ, 05-Jun-2020,135.15,136.0,137.4,131.05, 134.90,134.3,134.01,96318,129.08,2668, 28888, 29.99,-0.63
CSBBANK, EQ, 05-Jun-2023,273.15,275.0,280.0,273.5, 273.50,274.55,276.29,262920,726.42,6398, 122680, 46.66,0.51
CSBBANK, EQ, 05-Jun-2024,325.05,332.0,335.75,324.5,334.0,332.8,330.65,108875,360.0,7599, 50534, 46.41,2.38
CSBBANK, EQ, 05-Jul-2021,348.0,340.0,374.0,339.0, 357.00,357.15,357.35,2283077,8158.57,29102, 649433, 28.45,2.63
CSBBANK, EQ, 05-Jul-2022,193.95,194.95,194.95,187.65,188.0,189.45,192.45,95042,182.91,2155, 54562, 57.41,-2.32
CSBBANK, EQ, 05-Jul-2023,290.75,291.85,294.7,286.45,289.9,288.85,290.16,323108,937.54,10837, 194684, 60.25,-0.65
CSBBANK, EQ, 05-Jul-2024,373.45,370.0,380.0,369.15,374.7,377.6,374.24,315149,1179.41,13778, 144406, 45.82,1.11
CSBBANK, EQ, 05-Aug-2020,191.05,191.65,193.5,190.5,191.0,191.05,191.64,45427,87.06,1274, 21453, 47.23,0.0
CSBBANK, EQ, 05-Aug-2021,342.15,337.15,344.0,337.15,342.5,341.55,341.21,250913,856.15,8907, 105295, 41.96,-0.18
CSBBANK, EQ, 05-Aug-2022,206.75,207.0,210.0,205.7,208.0,207.25,208.1,143040,297.66,2968, 80605, 56.35,0.24
CSBBANK, EQ, 05-Aug-2024,338.3,335.0,335.0,327.1,328.35,330.3,330.73,302482,1000.4,19037, 146861, 48.55,-2.36
CSBBANK, EQ, 05-Sep-2022,215.9,215.0,224.7,215.0, 222.10,222.25,221.93,861748,1912.49,17348, 358080, 41.55,2.94
CSBBANK, EQ, 05-Sep-2023,324.3,324.3,334.0,324.05, 332.15,331.7,329.63,277479,914.67,9686, 122742, 44.23,2.28
CSBBANK, EQ, 05-Sep-2024,320.0,320.25,323.3,314.9,318.9,318.6,319.19,271039,865.12,7412, 171634, 63.32,-0.44
CSBBANK, EQ, 05-Oct-2020,231.4,231.4,239.7,223.45, 226.00,226.05,231.97,292925,679.51,6813, 69605, 23.76,-2.31
CSBBANK, EQ, 05-Oct-2021,318.15,319.7,319.7,311.05, 313.35,313.55,315.31,152908,482.14,5653, 59450, 38.88,-1.45
CSBBANK, EQ, 05-Oct-2023,349.5,350.0,355.95,345.2, 349.20,349.45,350.71,274306,962.01,10531, 91438, 33.33,-0.01
CSBBANK, EQ, 05-Nov-2020,236.75,236.4,241.4,232.0, 235.00,236.85,236.92,261589,619.75,2973, 214958, 82.17,0.04
CSBBANK, EQ, 05-Nov-2024,308.9,306.4,312.2,305.9,311.0,310.0,309.76,66675,206.54,3887, 22692, 34.03,0.36
CSBBANK, EQ, 05-Dec-2022,219.25,219.25,227.0,219.25, 224.60,224.45,224.1,351537,787.8,5918, 179930, 51.18,2.37
CSBBANK, EQ, 05-Dec-2023,401.15,404.0,408.0,395.1, 408.00,405.95,402.83,458923,1848.7,13916, 256856, 55.97,1.2
CSBBANK, EQ, 05-Dec-2024,306.2,306.2,309.0,304.3,305.15,305.8,306.15,165488,506.65,10298, 83207, 50.28,-0.13
CSBBANK, EQ, 06-Jan-2020,208.05,206.1,207.0,198.3, 198.50,199.9,201.09,582365,1171.1,16939, 195174, 33.51,-3.92
CSBBANK, EQ, 06-Jan-2021,225.1,226.5,231.3,225.9, 227.00,227.5,228.74,1006860,2303.06,25860, 510383, 50.69,1.07
CSBBANK, EQ, 06-Jan-2022,255.05,251.0,258.8,248.8, 253.00,253.65,254.92,282514,720.18,6675, 105348, 37.29,-0.55
CSBBANK, EQ, 06-Jan-2023,251.3,252.0,252.0,242.0,243.8,243.85,246.42,589232,1451.97,9110, 240199, 40.76,-2.96
CSBBANK, EQ, 06-Jan-2025,319.1,323.3,324.9,310.0,313.4,312.7,314.17,259337,814.77,11457, 113401, 43.73,-2.01
CSBBANK, EQ, 06-Feb-2020,190.2,191.4,191.7,185.7, 186.05,186.35,187.88,231686,435.3,7097, 106872, 46.13,-2.02
CSBBANK, EQ, 06-Feb-2023,251.7,252.75,255.0,247.65, 253.90,253.8,251.51,330178,830.42,7357, 174411, 52.82,0.83
CSBBANK, EQ, 06-Feb-2024,378.2,379.7,382.3,373.0, 380.00,380.7,377.7,295139,1114.74,17343, 146948, 49.79,0.66
CSBBANK, EQ, 06-Feb-2025,309.95,311.0,312.1,306.15,310.0,309.4,308.79,74853,231.14,5999, 35369, 47.25,-0.18
CSBBANK, EQ, 06-Mar-2020,170.5,161.0,171.7,152.25, 170.00,159.4,156.93,344508,540.65,5133, 166450, 48.32,-6.51
CSBBANK, EQ, 06-Mar-2023,231.5,232.7,239.75,232.0, 236.80,236.85,236.94,245731,582.23,6667, 86664, 35.27,2.31
CSBBANK, EQ, 06-Mar-2024,369.2,369.0,373.8,361.3, 363.95,365.9,367.81,478829,1761.17,20115, 131595, 27.48,-0.89
CSBBANK, EQ, 06-Mar-2025,279.45,282.2,283.45,279.65,281.5,280.65,281.1,99113,278.61,5097, 45826, 46.24,0.43
CSBBANK, EQ, 06-Apr-2021,238.75,242.0,246.95,238.25,242.0,242.85,242.75,519443,1260.96,18035, 169593, 32.65,1.72
CSBBANK, EQ, 06-Apr-2022,221.35,219.0,222.95,219.0, 220.80,220.6,220.81,196391,433.65,3573, 86987, 44.29,-0.34
CSBBANK, EQ, 06-Apr-2023,257.25,257.0,258.95,252.45, 254.00,255.4,256.43,230435,590.9,6382, 101051, 43.85,-0.72
CSBBANK, EQ, 06-May-2020,116.2,116.8,116.8,110.55, 112.00,111.35,112.27,245929,276.1,3657, 168186, 68.39,-4.17
CSBBANK, EQ, 06-May-2021,263.65,265.45,265.45,258.8, 261.45,262.55,262.29,369280,968.57,3943, 245209, 66.40,-0.42
CSBBANK, EQ, 06-May-2022,207.2,205.0,235.0,202.2,223.5,227.85,226.92,2285384,5185.92,34825, 365487, 15.99,9.97
CSBBANK, EQ, 06-May-2024,365.45,369.5,369.5,348.55,355.0,351.35,355.73,319036,1134.92,17368, 159174, 49.89,-3.86
CSBBANK, EQ, 06-Jun-2022,185.3,185.75,186.6,183.05,184.0,184.25,184.46,87513,161.42,1766, 56273, 64.30,-0.57
CSBBANK, EQ, 06-Jun-2023,274.55,275.95,275.95,270.2,273.0,272.15,273.27,326231,891.5,4388, 247315, 75.81,-0.87
CSBBANK, EQ, 06-Jun-2024,332.8,338.3,342.0,335.85,341.9,340.6,338.61,131121,443.98,6407, 67384, 51.39,2.34
CSBBANK, EQ, 06-Jul-2020,183.95,183.2,186.95,183.0, 185.25,185.0,184.99,169935,314.36,2727, 93214, 54.85,0.57
CSBBANK, EQ, 06-Jul-2021,357.15,358.0,366.9,348.0, 353.00,351.5,359.47,727312,2614.5,17762, 159656, 21.95,-1.58
CSBBANK, EQ, 06-Jul-2022,189.45,191.0,194.15,189.2,193.5,193.3,192.38,87042,167.45,3430, 31877, 36.62,2.03
CSBBANK, EQ, 06-Jul-2023,288.85,289.9,293.9,287.0,287.85,289.75,291.46,283675,826.8,10686, 144620, 50.98,0.31
CSBBANK, EQ, 06-Aug-2020,191.05,191.45,204.55,189.95,202.0,201.7,200.09,506341,1013.13,7341, 184352, 36.41,5.57
CSBBANK, EQ, 06-Aug-2021,341.55,345.0,345.65,338.2, 341.00,340.4,341.54,115381,394.07,3355, 39912, 34.59,-0.34
CSBBANK, EQ, 06-Aug-2024,330.3,331.0,334.0,324.45,327.35,326.8,327.74,278817,913.8,14367, 110118, 39.49,-1.06
CSBBANK, EQ, 06-Sep-2021,301.9,303.0,303.0,300.0,300.95,300.8,301.27,79207,238.63,2564, 39460, 49.82,-0.36
CSBBANK, EQ, 06-Sep-2022,222.25,224.0,224.0,218.35, 220.30,221.15,221.15,236577,523.19,5572, 118571, 50.12,-0.49
CSBBANK, EQ, 06-Sep-2023,331.7,331.8,334.85,327.45, 329.00,330.85,330.05,128931,425.53,6114, 56445, 43.78,-0.26
CSBBANK, EQ, 06-Sep-2024,318.6,319.5,321.4,311.6,315.9,314.5,315.49,421556,1329.98,11702, 312817, 74.21,-1.29
CSBBANK, EQ, 06-Oct-2020,226.05,228.8,229.4,225.2,226.9,226.8,227.58,42677,97.12,1645, 14782, 34.64,0.33
CSBBANK, EQ, 06-Oct-2021,313.55,315.0,316.15,310.55, 313.70,312.1,313.7,131428,412.29,4697, 66437, 50.55,-0.46
CSBBANK, EQ, 06-Oct-2022,246.5,245.0,250.95,245.0, 249.70,249.6,249.32,400486,998.5,6255, 245655, 61.34,1.26
CSBBANK, EQ, 06-Oct-2023,349.45,350.1,357.9,349.8, 353.80,354.15,353.27,507048,1791.23,10714, 320964, 63.30,1.34
CSBBANK, EQ, 06-Nov-2020,236.85,236.8,258.5,235.5, 256.00,255.7,251.3,865857,2175.93,12439, 384329, 44.39,7.96
CSBBANK, EQ, 06-Nov-2023,331.7,333.0,342.9,330.9, 338.50,339.6,336.3,271038,911.51,9781, 123667, 45.63,2.38
CSBBANK, EQ, 06-Nov-2024,310.0,310.4,315.9,310.05,312.95,312.15,312.26,125766,392.71,8081, 62486, 49.68,0.69
CSBBANK, EQ, 06-Dec-2021,268.3,271.9,271.9,263.25, 266.60,266.4,266.61,138383,368.95,2369, 108807, 78.63,-0.71
CSBBANK, EQ, 06-Dec-2022,224.45,226.75,227.2,219.8, 223.80,223.1,223.67,276080,617.51,4576, 152184, 55.12,-0.6
CSBBANK, EQ, 06-Dec-2023,405.95,409.2,409.7,397.6, 407.20,407.05,403.63,328399,1325.52,11096, 169085, 51.49,0.27
CSBBANK, EQ, 06-Dec-2024,305.8,305.8,309.5,303.3,307.35,307.15,306.44,262557,804.57,12797, 113662, 43.29,0.44
CSBBANK, EQ, 07-Jan-2020,199.9,201.9,209.9,201.5, 207.30,207.85,205.5,733142,1506.64,14097, 201861, 27.53,3.98
CSBBANK, EQ, 07-Jan-2021,227.5,229.5,241.4,225.55, 237.65,237.85,235.33,1533987,3609.88,23640, 584722, 38.12,4.55
CSBBANK, EQ, 07-Jan-2022,253.65,254.95,264.9,254.75,259.25,259.4,260.86,438217,1143.12,9699, 120084, 27.40,2.27
CSBBANK, EQ, 07-Jan-2025,312.7,314.0,316.8,306.35,310.6,309.4,309.88,311175,964.28,13409, 143049, 45.97,-1.06
CSBBANK, EQ, 07-Feb-2020,186.35,187.0,187.7,184.3, 184.55,185.3,185.73,177274,329.24,4586, 74918, 42.26,-0.56
CSBBANK, EQ, 07-Feb-2022,260.2,260.2,263.6,256.75, 259.30,259.0,259.66,129531,336.34,3084, 62929, 48.58,-0.46
CSBBANK, EQ, 07-Feb-2023,253.8,254.95,254.95,245.5, 249.80,248.7,248.4,255029,633.5,5435, 92996, 36.46,-2.01
CSBBANK, EQ, 07-Feb-2024,380.7,381.45,388.5,378.6, 381.70,383.3,383.2,265483,1017.33,15932, 147052, 55.39,0.68
CSBBANK, EQ, 07-Feb-2025,309.4,309.35,310.05,303.5,304.85,305.15,306.63,157502,482.95,11812, 70768, 44.93,-1.37
CSBBANK, EQ, 07-Mar-2022,215.9,212.85,218.1,201.0, 211.00,207.3,208.08,387599,806.53,8523,211663,54.61,-3.98
CSBBANK, EQ, 07-Mar-2024,365.9,365.05,371.95,363.25, 370.00,368.65,366.99,254739,934.87,12259, 101818, 39.97,0.75
CSBBANK, EQ, 07-Mar-2025,280.65,281.8,290.0,280.1,289.25,288.9,287.65,158820,456.85,10373, 101056, 63.63,2.94
CSBBANK, EQ, 07-Apr-2020,110.4,114.25,115.35,110.4, 112.40,112.4,112.68,44718,50.39,1174, 18457, 41.27,1.81
CSBBANK, EQ, 07-Apr-2021,242.85,242.85,260.9,241.25,255.65,256.95,255.07,728865,1859.08,22264, 293554, 40.28,5.81
CSBBANK, EQ, 07-Apr-2022,220.6,221.5,228.9,220.05,222.6,222.85,225.28,690530,1555.61,9275, 328528, 47.58,1.02
CSBBANK, EQ, 07-Apr-2025,337.05,300.0,336.2,287.55,317.45,324.15,325.17,956288,3109.56,28336, 457986, 47.89,-3.83
CSBBANK, EQ, 07-May-2020,111.35,112.0,113.8,111.1, 113.45,112.7,112.25,132021,148.2,2603, 80576, 61.03,1.21
CSBBANK, EQ, 07-May-2021,262.55,263.0,263.45,255.0, 257.00,257.6,260.53,350352,912.77,3701, 227643, 64.98,-1.89
CSBBANK, EQ, 07-May-2024,351.35,356.6,360.95,350.25,352.3,353.4,355.16,286424,1017.25,17017, 107614, 37.57,0.58
CSBBANK, EQ, 07-Jun-2021,322.45,328.0,333.0,325.55, 326.85,327.0,328.96,392423,1290.9,8421, 155581, 39.65,1.41
CSBBANK, EQ, 07-Jun-2022,184.25,183.0,185.1,181.0,181.1,181.45,182.78,157564,287.99,2611, 98625, 62.59,-1.52
CSBBANK, EQ, 07-Jun-2023,272.15,272.2,275.0,272.0, 273.85,273.3,273.72,124687,341.29,2649, 74185, 59.50,0.42
CSBBANK, EQ, 07-Jun-2024,340.6,340.75,347.75,337.7,345.0,345.0,342.65,383811,1315.12,8297, 267035, 69.57,1.29
CSBBANK, EQ, 07-Jul-2020,185.0,185.9,197.8,182.15, 193.00,192.9,192.95,848937,1638.0,11622, 236874, 27.90,4.27
CSBBANK, EQ, 07-Jul-2021,351.5,353.0,363.55,349.15, 358.00,359.1,357.8,462577,1655.08,9723, 108797, 23.52,2.16
CSBBANK, EQ, 07-Jul-2022,193.3,195.0,196.0,190.25, 191.75,192.85,193.26,246587,476.56,3167, 188853, 76.59,-0.23
CSBBANK, EQ, 07-Jul-2023,289.75,289.0,292.4,286.05, 289.85,288.5,288.98,192998,557.72,9874, 96128, 49.81,-0.43
CSBBANK, EQ, 07-Aug-2020,201.7,202.6,204.0,198.0,199.9,199.55,201.04,169620,341.01,3005, 86285, 50.87,-1.07
CSBBANK, EQ, 07-Aug-2023,297.0,299.9,315.5,295.3, 306.70,307.4,307.04,1235955,3794.82,30713, 472010, 38.19,3.5
CSBBANK, EQ, 07-Aug-2024,326.8,328.0,330.65,318.75,330.5,328.45,325.3,225184,732.52,10718, 83952, 37.28,0.5
CSBBANK, EQ, 07-Sep-2020,227.6,227.0,233.7,223.55, 226.80,226.5,228.3,163705,373.74,4702, 30013, 18.33,-0.48
CSBBANK, EQ, 07-Sep-2021,300.8,302.9,302.9,297.75, 299.50,299.1,299.15,70874,212.02,2468, 28452, 40.14,-0.57
CSBBANK, EQ, 07-Sep-2022,221.15,221.5,225.0,218.15, 219.85,221.2,222.42,426811,949.33,5530, 208192, 48.78,0.02
CSBBANK, EQ, 07-Sep-2023,330.85,330.6,331.7,323.35, 328.00,327.45,326.8,433235,1415.79,20427, 231078, 53.34,-1.03
CSBBANK, EQ, 07-Oct-2020,226.8,227.5,236.45,225.95,230.0,229.9,230.7,220504,508.7,6447, 69665, 31.59,1.37
CSBBANK, EQ, 07-Oct-2021,312.1,314.25,317.0,312.5, 313.00,313.3,315.33,91069,287.17,3291, 45424, 49.88,0.38
CSBBANK, EQ, 07-Oct-2022,249.6,247.5,248.0,240.2, 241.80,242.0,243.31,254775,619.9,5475, 89107, 34.97,-3.04
CSBBANK, EQ, 07-Oct-2024,319.6,319.7,320.15,306.4,310.0,308.45,310.52,235142,730.17,8702, 130743, 55.60,-3.49
CSBBANK, EQ, 07-Nov-2022,228.6,233.4,233.4,227.0,227.8,227.6,228.75,180012,411.78,4347, 81392, 45.21,-0.44
CSBBANK, EQ, 07-Nov-2023,339.6,339.7,342.85,335.15, 340.15,339.15,339.26,174124,590.73,8289, 75837, 43.55,-0.13
CSBBANK, EQ, 07-Nov-2024,312.15,312.15,314.7,308.0,309.0,308.95,311.89,138955,433.39,4931, 69058, 49.70,-1.03
CSBBANK, EQ, 07-Dec-2020,224.35,225.0,227.5,223.05, 224.75,224.85,225.23,382345,861.14,7242, 197546, 51.67,0.22
CSBBANK, EQ, 07-Dec-2021,266.4,266.4,273.95,266.0,270.0,268.9,269.85,60904,164.35,3278, 22655, 37.20,0.94
CSBBANK, EQ, 07-Dec-2022,223.1,224.7,228.8,223.85, 227.00,226.8,226.95,380494,863.53,6306, 203900, 53.59,1.66
CSBBANK, EQ, 07-Dec-2023,407.05,408.95,408.95,399.0, 405.00,404.4,403.0,282955,1140.3,14037, 118552, 41.90,-0.65
CSBBANK, EQ, 08-Jan-2020,207.85,204.0,206.3,200.55, 202.80,203.85,203.5,378647,770.54,6154, 84471, 22.31,-1.92
CSBBANK, EQ, 08-Jan-2021,237.85,239.45,240.0,234.1, 235.00,235.35,237.34,534867,1269.45,8027, 240655, 44.99,-1.05
CSBBANK, EQ, 08-Jan-2024,407.5,409.55,414.6,407.0, 408.20,409.4,410.97,432395,1777.0,10760, 293009, 67.76,0.47
CSBBANK, EQ, 08-Jan-2025,309.4,311.0,311.75,303.45,306.95,307.0,306.5,203864,624.85,7687, 94846, 46.52,-0.78
CSBBANK, EQ, 08-Feb-2021,219.05,219.8,222.45,219.35, 220.10,220.4,221.23,124081,274.5,1646, 59547, 47.99,0.62
CSBBANK, EQ, 08-Feb-2022,259.0,259.0,260.3,247.1,249.4,250.15,253.52,103563,262.56,4172, 48025, 46.37,-3.42
CSBBANK, EQ, 08-Feb-2023,248.7,250.0,253.5,248.0, 249.10,251.2,251.72,214962,541.09,12887, 96442, 44.86,1.01
CSBBANK, EQ, 08-Feb-2024,383.3,383.3,395.0,383.0, 391.80,391.15,389.07,256040,996.16,15589, 127236, 49.69,2.05
CSBBANK, EQ, 08-Mar-2021,259.85,261.0,280.0,252.05, 269.95,270.3,268.33,3019161,8101.4,60394, 579186, 19.18,4.02
CSBBANK, EQ, 08-Mar-2022,207.3,206.0,216.75,202.6, 209.00,206.3,207.01,517722,1071.72,8353, 258561, 49.94,-0.48
CSBBANK, EQ, 08-Mar-2023,236.85,232.5,238.3,231.7, 238.00,237.1,235.5,135780,319.76,4523, 82905, 61.06,0.11
CSBBANK, EQ, 08-Apr-2020,112.4,112.0,121.4,111.5, 118.35,117.95,116.7,143230,167.15,2581, 47871, 33.42,4.94
CSBBANK, EQ, 08-Apr-2021,256.95,259.0,267.0,257.6, 265.60,265.9,263.48,578917,1525.33,23073, 321764, 55.58,3.48
CSBBANK, EQ, 08-Apr-2022,222.85,224.0,225.5,222.1, 223.35,223.9,223.93,445187,996.91,4135, 116484, 26.17,0.47
CSBBANK, EQ, 08-Apr-2024,389.2,395.0,395.05,384.1, 388.00,387.25,388.47,148060,575.17,9954, 61670, 41.65,-0.5
CSBBANK, EQ, 08-Apr-2025,324.15,322.0,338.0,321.0,327.0,323.75,328.67,471165,1548.59,15928, 283698, 60.21,-0.12
CSBBANK, EQ, 08-May-2020,112.7,113.5,115.0,113.5, 114.60,114.2,114.14,93964,107.25,2021, 71672, 76.28,1.33
CSBBANK, EQ, 08-May-2023,279.5,280.0,295.5,280.0, 292.00,291.35,292.08,1176851,3437.38,25556, 257579, 21.89,4.24
CSBBANK, EQ, 08-May-2024,353.4,355.0,356.6,349.05,355.95,353.7,352.93,129437,456.83,8986, 65217, 50.39,0.08
CSBBANK, EQ, 08-Jun-2020,134.3,134.3,143.0,134.3, 138.65,138.0,138.84,214668,298.05,3125, 110067, 51.27,2.76
CSBBANK, EQ, 08-Jun-2021,327.0,326.85,327.25,322.7, 324.15,324.45,324.78,150448,488.63,4698, 65703, 43.67,-0.78
CSBBANK, EQ, 08-Jun-2022,181.45,183.0,188.4,181.5,182.0,182.55,184.41,298795,551.0,6599, 115752, 38.74,0.61
CSBBANK, EQ, 08-Jun-2023,273.3,274.05,274.45,264.05, 266.10,265.35,268.8,244649,657.63,6201, 144107, 58.90,-2.91
CSBBANK, EQ, 08-Jul-2020,192.9,194.0,194.95,186.1,187.0,187.4,191.42,458589,877.84,7017, 107818, 23.51,-2.85
CSBBANK, EQ, 08-Jul-2021,359.1,357.65,362.7,339.3, 346.95,344.7,350.23,493579,1728.67,11060, 183111, 37.10,-4.01
CSBBANK, EQ, 08-Jul-2022,192.85,193.85,194.55,189.0,189.95,189.7,190.99,77046,147.15,1903, 47352, 61.46,-1.63
CSBBANK, EQ, 08-Jul-2024,377.6,378.8,378.8,365.1,366.0,367.9,369.61,220609,815.39,10013, 136120, 61.70,-2.57
CSBBANK, EQ, 08-Aug-2022,207.25,209.2,211.0,205.25,209.0,208.6,208.8,220525,460.45,4805,77688,35.23,0.65
CSBBANK, EQ, 08-Aug-2023,307.4,307.4,314.95,306.8, 310.80,311.05,311.77,569189,1774.56,17511, 317440, 55.77,1.19
CSBBANK, EQ, 08-Aug-2024,328.45,332.9,332.9,321.25,323.0,322.9,324.37,195360,633.69,11221, 104048, 53.26,-1.69
CSBBANK, EQ, 08-Sep-2020,226.5,227.0,230.55,218.0, 218.00,220.75,227.24,179976,408.97,2909, 94555, 52.54,-2.54
CSBBANK, EQ, 08-Sep-2021,299.1,301.0,303.1,296.4, 301.15,299.6,300.05,109130,327.44,2836, 41830, 38.33,0.17
CSBBANK, EQ, 08-Sep-2022,221.2,223.0,226.5,221.2, 223.80,224.1,223.84,223993,501.39,5055, 122530, 54.70,1.31
CSBBANK, EQ, 08-Sep-2023,327.45,327.45,331.5,326.25, 328.00,328.3,328.03,213398,700.02,5488, 104166, 48.81,0.26
CSBBANK, EQ, 08-Oct-2020,229.9,234.4,234.8,228.5,228.5,228.7,232.56,151588,352.54,2996, 86807, 57.27,-0.52
CSBBANK, EQ, 08-Oct-2021,313.3,314.0,319.7,311.0, 314.25,312.0,314.72,128078,403.08,4124, 61516, 48.03,-0.41
CSBBANK, EQ, 08-Oct-2024,308.45,309.0,321.5,307.6,318.75,318.45,314.16,193366,607.48,7136, 93079, 48.14,3.24
CSBBANK, EQ, 08-Nov-2021,299.65,304.0,305.0,295.05, 298.85,298.4,300.95,205195,617.54,6239, 50899, 24.81,-0.42
CSBBANK, EQ, 08-Nov-2023,339.15,339.15,345.0,334.75, 344.80,343.25,341.08,402186,1371.77,14798, 217958, 54.19,1.21
CSBBANK, EQ, 08-Nov-2024,308.95,308.0,315.5,305.9, 314.00,313.3,312.28,137404,429.09,6008, 85863, 62.49,1.41
CSBBANK, EQ, 08-Dec-2020,224.85,226.0,226.9,221.5,225.0,224.7,224.78,283898,638.13,6337, 149816, 52.77,-0.07
CSBBANK, EQ, 08-Dec-2021,268.9,272.5,274.0,270.0,273.5,272.0,272.15,42061,114.47,1786, 20051, 47.67,1.15
CSBBANK, EQ, 08-Dec-2022,226.8,228.75,233.95,225.95, 233.00,231.85,230.0,635296,1461.2,7956, 300607, 47.32,2.23
CSBBANK, EQ, 08-Dec-2023,404.4,406.45,407.65,397.7, 403.00,401.15,402.35,170182,684.73,7001, 85558, 50.27,-0.8
CSBBANK, EQ, 09-Jan-2020,203.85,207.0,208.25,203.1, 203.40,204.1,205.71,298193,613.42,7052, 115617, 38.77,0.12
CSBBANK, EQ, 09-Jan-2023,243.85,246.9,252.5,246.5,250.5,250.95,250.36,855361,2141.47,15647, 275663, 32.23,2.91
CSBBANK, EQ, 09-Jan-2024,409.4,410.0,412.0,396.1,397.0,398.6,405.88,458887,1862.53,11139, 361804, 78.84,-2.64
CSBBANK, EQ, 09-Jan-2025,307.0,307.0,307.25,301.55,304.35,304.35,304.26,624375,1899.7,51600, 454738, 72.83,-0.86
CSBBANK, EQ, 09-Feb-2021,220.4,220.1,223.45,219.5, 220.30,220.1,220.44,232972,513.56,1329, 176906, 75.93,-0.14
CSBBANK, EQ, 09-Feb-2022,250.15,251.8,255.0,249.45, 252.50,252.0,252.36,138913,350.56,3508, 36794, 26.49,0.74
CSBBANK, EQ, 09-Feb-2023,251.2,250.7,250.7,246.0, 247.00,246.8,248.18,163473,405.71,3471, 76348, 46.70,-1.75
CSBBANK, EQ, 09-Feb-2024,391.15,391.1,396.9,380.45, 380.45,383.05,387.28,199765,773.65,12350, 77486, 38.79,-2.07
CSBBANK, EQ, 09-Mar-2020,159.4,160.3,162.35,149.8, 150.25,151.45,152.94,169659,259.48,3467, 81199, 47.86,-4.99
CSBBANK, EQ, 09-Mar-2021,270.3,271.95,272.95,254.1, 256.45,257.45,264.22,1129219,2983.57,21708, 282595, 25.03,-4.75
CSBBANK, EQ, 09-Mar-2022,206.3,209.8,216.6,209.0, 214.00,213.9,214.39,261447,560.51,7284, 84362, 32.27,3.68
CSBBANK, EQ, 09-Mar-2023,237.1,235.3,241.7,235.3, 238.95,238.5,239.38,196840,471.2,12858, 95915, 48.73,0.59
CSBBANK, EQ, 09-Apr-2020,117.95,118.2,122.5,117.15, 117.25,117.7,119.48,53881,64.38,1699, 25719, 47.73,-0.21
CSBBANK, EQ, 09-Apr-2021,265.9,264.5,269.7,262.05,268.25,268.55,267.6,391773,1048.4,16462, 187829, 47.94,1.0
CSBBANK, EQ, 09-Apr-2024,387.25,387.5,395.5,383.2, 384.95,385.2,389.69,464055,1808.39,11121, 295999, 63.79,-0.53
CSBBANK, EQ, 09-Apr-2025,323.75,324.9,331.95,312.0,319.0,318.95,320.48,1239923,3973.73,43495, 621299, 50.11,-1.48
CSBBANK, EQ, 09-May-2022,227.85,220.2,223.5,208.0, 209.00,209.1,213.06,1168531,2489.62,19342, 255683, 21.88,-8.23
CSBBANK, EQ, 09-May-2023,291.35,292.5,295.0,290.0,293.2,293.8,293.74,484940,1424.45,9841, 232755, 48.00,0.84
CSBBANK, EQ, 09-May-2024,353.7,356.0,362.7,352.15,356.85,355.3,357.95,219025,784.0,11941, 92338, 42.16,0.45
CSBBANK, EQ, 09-Jun-2020,138.0,139.2,141.0,130.0, 131.85,131.65,135.16,188506,254.78,4499, 68300, 36.23,-4.6
CSBBANK, EQ, 09-Jun-2021,324.45,324.1,338.9,321.05,332.05,330.9,333.05,874749,2913.35,15499, 245131, 28.02,1.99
CSBBANK, EQ, 09-Jun-2022,182.55,183.5,187.1,181.0, 186.70,186.5,185.29,216030,400.29,3812, 103401, 47.86,2.16
CSBBANK, EQ, 09-Jun-2023,265.35,266.1,270.95,266.0, 269.30,269.5,268.91,103470,278.25,3566, 41021, 39.65,1.56
CSBBANK, EQ, 09-Jul-2020,187.4,188.9,192.0,188.5, 191.90,191.25,190.33,261734,498.17,3535, 146354, 55.92,2.05
CSBBANK, EQ, 09-Jul-2021,344.7,346.35,350.9,340.0,343.4,342.75,345.63,365039,1261.67,8293, 95951, 26.29,-0.57
CSBBANK, EQ, 09-Jul-2024,367.9,366.0,376.75,365.0,376.4,373.75,371.08,331307,1229.43,14820, 175957, 53.11,1.59
CSBBANK, EQ, 09-Aug-2021,340.4,340.35,340.35,303.75, 325.75,325.0,331.42,276427,916.13,8963, 110199, 39.87,-4.52
CSBBANK, EQ, 09-Aug-2023,311.05,311.05,314.1,305.7, 309.25,309.2,309.6,188445,583.42,6895, 93808, 49.78,-0.59
CSBBANK, EQ, 09-Aug-2024,322.9,324.9,328.0,323.0,327.75,326.4,325.07,123190,400.45,10119, 65818, 53.43,1.08
CSBBANK, EQ, 09-Sep-2020,220.75,219.7,219.7,209.15, 216.00,214.3,214.5,169826,364.27,3968, 61676, 36.32,-2.92
CSBBANK, EQ, 09-Sep-2021,299.6,301.1,301.95,294.4, 297.00,299.05,297.98,115575,344.39,2753, 48102, 41.62,-0.18
CSBBANK, EQ, 09-Sep-2022,224.1,225.45,226.7,221.5, 222.00,222.2,224.01,228746,512.41,3469, 115598, 50.54,-0.85
CSBBANK, EQ, 09-Sep-2024,314.5,314.5,315.95,307.65,311.45,310.8,309.61,328568,1017.27,13585, 156163, 47.53,-1.18
CSBBANK, EQ, 09-Oct-2020,228.7,228.5,233.9,225.45, 227.45,227.5,229.89,79950,183.8,3279, 16045, 20.07,-0.52
CSBBANK, EQ, 09-Oct-2023,354.15,355.75,363.75,348.0, 349.65,351.1,356.91,729745,2604.57,24555, 201569, 27.62,-0.86
CSBBANK, EQ, 09-Oct-2024,318.45,320.0,320.05,313.3,314.45,315.55,316.09,145977,461.42,6465, 66122, 45.30,-0.91
CSBBANK, EQ, 09-Nov-2020,255.7,262.0,267.9,251.6, 263.00,263.75,259.25,979274,2538.8,14549, 498235, 50.88,3.15
CSBBANK, EQ, 09-Nov-2021,298.4,299.0,302.9,296.35,299.1,298.85,299.7,112678,337.7,3278, 38240, 33.94,0.15
CSBBANK, EQ, 09-Nov-2022,227.6,228.9,228.9,223.0, 223.90,223.75,224.51,292718,657.19,6511, 165285, 56.47,-1.69
CSBBANK, EQ, 09-Nov-2023,343.25,345.0,346.8,334.3, 342.30,342.3,340.36,953039,3243.78,15731, 674213, 70.74,-0.28
CSBBANK, EQ, 09-Dec-2020,224.7,226.4,235.0,223.65,233.0,232.3,229.83,942648,2166.5,15520, 434216, 46.06,3.38
CSBBANK, EQ, 09-Dec-2021,272.0,273.0,281.55,270.5, 275.00,273.5,274.21,74794,205.09,2604, 35336, 47.24,0.55
CSBBANK, EQ, 09-Dec-2022,231.85,236.0,239.85,224.1, 226.00,226.85,233.48,1165564,2721.33,16405, 415062, 35.61,-2.16
CSBBANK, EQ, 09-Dec-2024,307.15,309.85,309.9,305.2,307.0,306.65,307.37,159694,490.86,8204, 72592, 45.46,-0.16
CSBBANK, EQ, 10-Jan-2020,204.1,205.0,206.4,200.55, 201.00,201.55,203.01,312393,634.17,6785, 124546, 39.87,-1.25
CSBBANK, EQ, 10-Jan-2022,259.4,264.5,268.0,258.0,258.55,258.5,262.1,460455,1206.87,8601, 181529, 39.42,-0.35
CSBBANK, EQ, 10-Jan-2023,250.95,251.8,252.3,248.2,248.6,249.4,249.67,240712,600.98,5066, 121101, 50.31,-0.62
CSBBANK, EQ, 10-Jan-2024,398.6,397.3,399.0,387.3, 391.00,391.5,391.61,292876,1146.92,11080, 148665, 50.76,-1.78
CSBBANK, EQ, 10-Jan-2025,304.35,302.5,312.3,300.8,306.8,308.35,307.44,352036,1082.3,15838, 131391, 37.32,1.31
CSBBANK, EQ, 10-Feb-2020,185.3,184.5,185.0,179.0, 180.05,180.25,181.44,168828,306.32,3212, 94128, 55.75,-2.73
CSBBANK, EQ, 10-Feb-2021,220.1,220.1,220.1,216.7,219.05,218.65,218.71,107641,235.42,1552, 51379, 47.73,-0.66
CSBBANK, EQ, 10-Feb-2022,252.0,253.0,260.0,253.0,258.5,258.6,257.47,183136,471.53,6651, 63800, 34.84,2.62
CSBBANK, EQ, 10-Feb-2023,246.8,247.0,249.2,245.05, 246.35,245.95,246.93,144817,357.6,4329, 67456, 46.58,-0.34
CSBBANK, EQ, 10-Feb-2025,305.15,303.0,308.0,298.85,299.0,299.85,302.0,101287,305.89,6311, 53157, 52.48,-1.74
CSBBANK, EQ, 10-Mar-2021,257.45,257.0,270.7,245.0, 259.80,260.85,257.23,792901,2039.57,19239, 248629, 31.36,1.32
CSBBANK, EQ, 10-Mar-2022,213.9,217.0,220.0,212.1, 213.55,213.25,214.6,961139,2062.59,25170, 628180, 65.36,-0.3
CSBBANK, EQ, 10-Mar-2023,238.5,237.9,237.9,232.15, 236.05,234.7,233.93,143309,335.24,4626, 73504, 51.29,-1.59
CSBBANK, EQ, 10-Mar-2025,288.9,286.0,292.55,285.0,291.55,290.3,289.2,142874,413.2,8294, 83105, 58.17,0.48
CSBBANK, EQ, 10-Apr-2023,255.4,252.35,256.4,252.35, 256.00,255.0,254.52,195906,498.62,3539, 69485, 35.47,-0.16
CSBBANK, EQ, 10-Apr-2024,385.2,391.0,395.0,385.55, 393.00,393.65,391.13,194561,760.98,8121, 113044, 58.10,2.19
CSBBANK, EQ, 10-May-2021,257.6,268.95,285.45,265.0, 270.90,272.2,277.12,3365007,9325.04,48402, 808563, 24.03,5.67
CSBBANK, EQ, 10-May-2022,209.1,206.6,212.25,205.2, 206.00,207.2,208.59,305404,637.03,6831, 101044, 33.09,-0.91
CSBBANK, EQ, 10-May-2023,293.8,295.2,295.25,284.5,289.5,289.2,288.77,452930,1307.95,6423, 230344, 50.86,-1.57
CSBBANK, EQ, 10-May-2024,355.3,356.5,361.55,348.8,359.55,359.1,356.24,141764,505.02,9403, 58075, 40.97,1.07
CSBBANK, EQ, 10-Jun-2020,131.65,131.7,135.5,127.75, 135.00,132.0,130.76,542317,709.11,3535, 400223, 73.80,0.27
CSBBANK, EQ, 10-Jun-2021,330.9,334.9,340.0,328.8, 338.00,337.1,336.75,660756,2225.11,13288, 274953, 41.61,1.87
CSBBANK, EQ, 10-Jun-2022,186.5,186.5,186.7,181.5,186.7,186.25,185.09,84122,155.7,2009, 50561, 60.10,-0.13
CSBBANK, EQ, 10-Jun-2024,345.0,348.0,348.3,344.6,345.6,346.1,345.76,178589,617.49,5624, 113936, 63.80,0.32
CSBBANK, EQ, 10-Jul-2020,191.25,190.0,190.3,185.1,186.6,186.45,187.44,121093,226.98,2702, 36769, 30.36,-2.51
CSBBANK, EQ, 10-Jul-2023,288.5,290.0,296.0,289.25,290.0,291.0,293.21,358793,1052.03,14721, 194817, 54.30,0.87
CSBBANK, EQ, 10-Jul-2024,373.75,374.0,377.4,367.0,369.0,368.4,370.64,350782,1300.15,11505, 197165, 56.21,-1.43
CSBBANK, EQ, 10-Aug-2020,199.55,200.0,200.0,195.0, 198.00,196.35,198.05,81397,161.21,1420, 46527, 57.16,-1.6
CSBBANK, EQ, 10-Aug-2021,325.0,325.8,334.3,322.3, 325.00,325.95,329.7,239620,790.04,8440, 89125, 37.19,0.29
CSBBANK, EQ, 10-Aug-2022,208.6,209.6,210.25,206.4,207.0,207.75,208.28,621824,1295.14,2802, 567046, 91.19,-0.41
CSBBANK, EQ, 10-Aug-2023,309.2,309.2,310.5,305.1, 306.00,305.85,307.13,120187,369.13,4811, 53460, 44.48,-1.08
CSBBANK, EQ, 10-Sep-2020,214.3,221.8,231.0,218.0, 224.00,225.05,225.06,247984,558.12,5591, 52958, 21.36,5.02
CSBBANK, EQ, 10-Sep-2024,310.8,315.45,327.7,312.1,327.0,324.65,320.51,311716,999.08,9442, 174595, 56.01,4.46
CSBBANK, EQ, 10-Oct-2022,242.0,239.7,240.0,235.0, 235.95,236.65,237.84,194241,461.99,4860, 81194, 41.80,-2.21
CSBBANK, EQ, 10-Oct-2023,351.1,351.2,361.1,351.15, 354.55,354.95,357.14,426384,1522.77,12930, 223249, 52.36,1.1
CSBBANK, EQ, 10-Oct-2024,315.55,316.7,317.15,309.1,310.85,311.1,312.63,153166,478.85,4418, 97869, 63.90,-1.41
CSBBANK, EQ, 10-Nov-2020,263.75,265.0,268.4,251.45, 257.00,256.1,262.96,319649,840.56,7297, 114453, 35.81,-2.9
CSBBANK, EQ, 10-Nov-2021,298.85,297.0,300.1,296.0, 297.10,296.9,298.22,208504,621.8,5001, 33372, 16.01,-0.65
CSBBANK, EQ, 10-Nov-2022,223.75,223.4,226.2,217.0, 220.00,219.5,222.73,239895,534.31,4721, 131733, 54.91,-1.9
CSBBANK, EQ, 10-Nov-2023,342.3,339.25,349.55,338.0,346.85,347.9,344.54,242306,834.85,8531, 112100, 46.26,1.64
CSBBANK, EQ, 10-Dec-2020,232.3,234.0,234.0,224.75, 225.50,225.8,227.86,311624,710.08,5036, 147335, 47.28,-2.8
CSBBANK, EQ, 10-Dec-2021,273.5,274.9,279.0,273.0, 274.00,274.7,274.36,62194,170.64,1467, 40610, 65.30,0.44
CSBBANK, EQ, 10-Dec-2024,306.65,308.8,328.65,306.65,326.0,325.75,320.19,963312,3084.45,23962, 467843, 48.57,6.23
CSBBANK, EQ, 11-Jan-2021,235.35,235.35,236.5,230.1, 230.50,230.8,232.75,177398,412.89,3232, 86772, 48.91,-1.93
CSBBANK, EQ, 11-Jan-2022,258.5,262.0,262.25,258.1,258.7,258.75,259.94,297012,772.04,2739, 194241, 65.40,0.1
CSBBANK, EQ, 11-Jan-2023,249.4,251.85,254.0,248.55, 252.00,252.05,252.13,792497,1998.15,15023, 258817, 32.66,1.06
CSBBANK, EQ, 11-Jan-2024,391.5,391.5,398.5,389.3, 397.40,396.15,393.78,159548,628.27,7420, 62902, 39.43,1.19
CSBBANK, EQ, 11-Feb-2020,180.25,181.5,183.4,177.0, 178.00,179.4,181.02,151066,273.47,2683, 53796, 35.61,-0.47
CSBBANK, EQ, 11-Feb-2021,218.65,219.75,220.0,217.0,217.75,218.05,218.83,96936,212.12,1487, 53952, 55.66,-0.27
CSBBANK, EQ, 11-Feb-2022,258.6,253.0,255.6,249.1,250.15,250.1,251.88,86543,217.98,2595, 40474, 46.77,-3.29
CSBBANK, EQ, 11-Feb-2025,299.85,299.85,300.05,287.05,290.0,291.15,292.05,155151,453.12,11551, 83653, 53.92,-2.9
CSBBANK, EQ, 11-Mar-2020,151.45,152.0,154.8,142.45, 143.00,143.7,148.9,189391,282.0,4645, 52250, 27.59,-5.12
CSBBANK, EQ, 11-Mar-2022,213.25,211.05,215.05,210.0, 211.95,212.1,212.48,120948,256.99,3726, 59502, 49.20,-0.54
CSBBANK, EQ, 11-Mar-2024,368.65,370.0,384.65,340.2, 357.90,359.4,369.39,730502,2698.41,28162, 197253, 27.00,-2.51
CSBBANK, EQ, 11-Mar-2025,290.3,287.7,292.25,281.45,284.45,283.95,285.63,232755,664.83,8142, 162246, 69.71,-2.19
CSBBANK, EQ, 11-Apr-2022,223.9,224.2,225.5,221.05,222.5,222.3,223.12,501687,1119.36,5933, 364964, 72.75,-0.71
CSBBANK, EQ, 11-Apr-2023,255.0,256.0,260.0,250.6, 259.20,259.1,257.38,446420,1149.0,6952, 232538, 52.09,1.61
CSBBANK, EQ, 11-Apr-2025,318.95,323.3,329.9,319.0,323.4,323.0,324.16,375645,1217.71,21754, 204860, 54.54,1.27
CSBBANK, EQ, 11-May-2020,114.2,114.6,118.0,114.1, 117.00,116.8,115.52,70878,81.88,1090, 48528, 68.47,2.28
CSBBANK, EQ, 11-May-2021,272.2,271.6,278.75,266.5, 274.40,274.05,271.25,631281,1712.35,10762, 194935, 30.88,0.68
CSBBANK, EQ, 11-May-2022,207.2,206.0,211.0,195.1,199.2,199.75,201.81,313221,632.12,6425, 109625, 35.00,-3.6
CSBBANK, EQ, 11-May-2023,289.2,291.9,292.6,285.0, 290.30,290.4,288.88,388547,1122.43,7924, 171968, 44.26,0.41
CSBBANK, EQ, 11-Jun-2020,132.0,136.0,139.9,133.05, 135.00,134.8,136.8,212300,290.44,3459, 58310, 27.47,2.12
CSBBANK, EQ, 11-Jun-2021,337.1,338.85,344.0,332.0, 334.55,335.0,337.17,217932,734.8,5118, 80154, 36.78,-0.62
CSBBANK, EQ, 11-Jun-2024,346.1,347.5,358.7,344.85,351.7,351.55,350.13,252254,883.22,8826, 134896, 53.48,1.57
CSBBANK, EQ, 11-Jul-2022,189.7,192.4,192.5,189.0,190.1,191.05,190.36,221422,421.5,4463, 162145, 73.23,0.71
CSBBANK, EQ, 11-Jul-2023,291.0,292.5,295.0,291.0, 293.05,294.4,293.52,251669,738.69,14255, 161085, 64.01,1.17
CSBBANK, EQ, 11-Jul-2024,368.4,370.0,373.0,365.7,367.5,366.9,368.72,815214,3005.85,8972, 704434, 86.41,-0.41
CSBBANK, EQ, 11-Aug-2020,196.35,196.35,199.9,191.65,193.0,192.8,195.6,67688,132.4,2029, 29802, 44.03,-1.81
CSBBANK, EQ, 11-Aug-2021,325.95,327.0,330.0,315.0, 319.65,319.15,323.72,252349,816.91,7008, 99821, 39.56,-2.09
CSBBANK, EQ, 11-Aug-2022,207.75,208.7,214.9,208.1,209.0,209.4,211.57,376396,796.33,5276, 238040, 63.24,0.79
CSBBANK, EQ, 11-Aug-2023,305.85,307.4,312.0,291.95, 293.85,299.1,305.92,369716,1131.05,12133, 194864, 52.71,-2.21
CSBBANK, EQ, 11-Sep-2020,225.05,224.1,227.0,223.6, 224.90,226.25,225.82,72048,162.7,2055, 20651, 28.66,0.53
CSBBANK, EQ, 11-Sep-2023,328.3,332.0,345.0,332.0, 336.00,335.9,337.26,906761,3058.16,20987, 422835, 46.63,2.31
CSBBANK, EQ, 11-Sep-2024,324.65,327.9,332.0,325.2,332.0,330.1,329.34,575818,1896.41,12398, 262785, 45.64,1.68
CSBBANK, EQ, 11-Oct-2021,312.0,314.9,315.25,310.15, 311.55,311.85,312.18,115842,361.64,2985, 67207, 58.02,-0.05
CSBBANK, EQ, 11-Oct-2022,236.65,236.95,240.0,234.05, 239.90,236.0,235.42,88743,208.92,2871, 41583, 46.86,-0.27
CSBBANK, EQ, 11-Oct-2023,354.95,355.25,359.85,354.0, 356.00,355.85,356.33,206215,734.8,7599, 102527, 49.72,0.25
CSBBANK, EQ, 11-Oct-2024,311.1,311.1,313.65,306.45,306.45,307.3,309.61,319551,989.36,8559, 221386, 69.28,-1.22
CSBBANK, EQ, 11-Nov-2020,256.1,259.0,261.35,252.55, 259.05,258.8,258.49,170439,440.57,3142, 79168, 46.45,1.05
CSBBANK, EQ, 11-Nov-2021,296.9,298.0,299.9,295.0, 297.80,296.0,297.26,71893,213.71,2437, 30857, 42.92,-0.3
CSBBANK, EQ, 11-Nov-2022,219.5,221.8,224.7,217.3,223.0,222.65,219.29,354572,777.55,9789, 182490, 51.47,1.44
CSBBANK, EQ, 11-Nov-2024,313.3,310.0,317.95,308.15, 315.20,315.3,314.26,149186,468.83,7633, 76684, 51.40,0.64
CSBBANK, EQ, 11-Dec-2020,225.8,225.8,228.95,222.3, 223.40,223.05,225.14,227601,512.41,4091, 112248, 49.32,-1.22
CSBBANK, EQ, 11-Dec-2023,401.15,402.0,406.55,394.5, 401.25,400.3,400.59,470991,1886.76,18644, 263868, 56.02,-0.21
CSBBANK, EQ, 11-Dec-2024,325.75,321.0,327.1,320.35,322.25,321.7,322.53,260752,841.02,12060, 125085, 47.97,-1.24
CSBBANK, EQ, 12-Jan-2021,230.8,230.1,234.95,228.45, 231.65,232.2,230.78,209620,483.77,3061, 94530, 45.10,0.61
CSBBANK, EQ, 12-Jan-2022,258.75,262.2,262.25,252.0,253.4,253.3,256.95,124069,318.8,3580, 66747, 53.80,-2.11
CSBBANK, EQ, 12-Jan-2023,252.05,253.5,256.35,245.7, 245.95,247.95,249.72,491330,1226.95,8955, 192971, 39.28,-1.63
CSBBANK, EQ, 12-Jan-2024,396.15,398.15,401.3,393.7,395.85,397.9,398.39,106834,425.61,6095, 54495, 51.01,0.44
CSBBANK, EQ, 12-Feb-2020,179.4,179.0,180.0,168.0, 168.90,169.45,172.48,433111,747.04,9816, 249129, 57.52,-5.55
CSBBANK, EQ, 12-Feb-2021,218.05,221.0,226.0,219.05,221.5,221.3,223.32,302171,674.81,4639, 112130, 37.11,1.49
CSBBANK, EQ, 12-Feb-2024,383.05,380.8,382.05,369.65, 377.00,375.7,374.2,242820,908.64,17177, 128229, 52.81,-1.92
CSBBANK, EQ, 12-Feb-2025,291.15,290.0,293.3,274.3,290.0,290.2,282.32,355096,1002.5,19000, 177576, 50.01,-0.33
CSBBANK, EQ, 12-Mar-2020,143.7,140.0,140.0,121.5, 125.75,125.7,128.34,237206,304.43,4554, 83246, 35.09,-12.53
CSBBANK, EQ, 12-Mar-2021,260.85,262.55,267.85,258.75, 265.00,264.85,264.52,446104,1180.02,8194, 220655, 49.46,1.53
CSBBANK, EQ, 12-Mar-2024,359.4,355.0,361.15,346.9, 354.80,354.8,353.52,338961,1198.28,17222, 120132, 35.44,-1.28
CSBBANK, EQ, 12-Mar-2025,283.95,280.5,286.0,273.95,282.0,278.75,278.52,169245,471.38,9547, 79946, 47.24,-1.83
CSBBANK, EQ, 12-Apr-2021,268.55,261.05,266.3,249.0, 254.50,253.55,256.77,596663,1532.02,20122, 367024, 61.51,-5.59
CSBBANK, EQ, 12-Apr-2022,222.3,222.5,226.0,218.6, 221.20,221.45,220.89,188844,417.13,3583, 65937, 34.92,-0.38
CSBBANK, EQ, 12-Apr-2023,259.1,260.35,270.4,259.0, 268.60,269.2,265.82,912199,2424.81,13423, 402869, 44.16,3.9
CSBBANK, EQ, 12-Apr-2024,393.65,393.65,397.4,384.05, 385.00,387.15,389.09,147332,573.25,10506, 60325, 40.94,-1.65
CSBBANK, EQ, 12-May-2020,116.8,115.5,118.3,113.4, 117.10,117.3,115.25,237608,273.84,4527, 211509, 89.02,0.43
CSBBANK, EQ, 12-May-2021,274.05,274.2,277.7,270.2,275.15,275.65,273.9,441629,1209.61,8505, 197802, 44.79,0.58
CSBBANK, EQ, 12-May-2022,199.75,200.0,200.0,192.75,193.55,193.7,196.21,207712,407.55,4506, 90889, 43.76,-3.03
CSBBANK, EQ, 12-May-2023,290.4,289.3,292.6,285.35, 291.00,291.2,290.45,220675,640.95,6187, 73692, 33.39,0.28
CSBBANK, EQ, 12-Jun-2020,134.8,128.5,135.4,128.5, 134.95,134.9,133.17,75503,100.55,1693, 27442, 36.35,0.07
CSBBANK, EQ, 12-Jun-2023,269.5,272.35,275.2,265.1, 273.75,273.95,270.73,479080,1296.99,13286, 255699, 53.37,1.65
CSBBANK, EQ, 12-Jun-2024,351.55,351.95,353.85,349.8,351.0,351.35,351.43,145664,511.91,6375, 79649, 54.68,-0.06
CSBBANK, EQ, 12-Jul-2021,342.75,345.3,352.0,344.25, 348.80,349.8,349.5,344106,1202.66,6616, 173257, 50.35,2.06
CSBBANK, EQ, 12-Jul-2022,191.05,192.5,194.9,190.1,191.7,192.25,193.26,218470,422.21,3253, 142993, 65.45,0.63
CSBBANK, EQ, 12-Jul-2023,294.4,292.5,300.0,292.5, 297.65,297.25,297.77,626578,1865.78,13659, 264214, 42.17,0.97
CSBBANK, EQ, 12-Jul-2024,366.9,370.0,371.15,363.0,363.95,364.4,366.29,203119,744.0,8687, 131512, 64.75,-0.68
CSBBANK, EQ, 12-Aug-2020,192.8,192.55,195.0,190.3,193.0,192.75,192.8,68052,131.2,1656, 26836, 39.43,-0.03
CSBBANK, EQ, 12-Aug-2021,319.15,321.95,326.1,318.55, 321.00,320.05,321.74,223321,718.5,6128, 90086, 40.34,0.28
CSBBANK, EQ, 12-Aug-2022,209.4,211.6,212.7,206.0,206.0,207.0,209.42,218292,457.15,12712, 136769, 62.65,-1.15
CSBBANK, EQ, 12-Aug-2024,326.4,326.3,327.0,322.05,324.9,324.75,324.47,147894,479.87,7069, 86714, 58.63,-0.51
CSBBANK, EQ, 12-Sep-2022,222.2,224.85,226.2,221.75, 225.25,224.8,224.68,268648,603.59,3803, 108592, 40.42,1.17
CSBBANK, EQ, 12-Sep-2023,335.9,336.8,337.55,322.1, 326.20,324.0,326.83,342570,1119.61,9639, 150134, 43.83,-3.54
CSBBANK, EQ, 12-Sep-2024,330.1,331.5,334.95,322.4,324.9,325.05,328.45,191418,628.72,8277, 72871, 38.07,-1.53
CSBBANK, EQ, 12-Oct-2020,227.5,227.5,230.95,226.45, 227.50,227.3,228.15,331754,756.9,3459, 147940, 44.59,-0.09
CSBBANK, EQ, 12-Oct-2021,311.85,312.0,325.0,311.0, 315.00,314.85,316.79,226011,715.98,8391, 66671, 29.50,0.96
CSBBANK, EQ, 12-Oct-2022,236.0,238.3,239.6,233.05, 239.00,238.35,237.04,93673,222.04,3817, 42371, 45.23,1.0
CSBBANK, EQ, 12-Oct-2023,355.85,355.25,361.0,352.6, 356.50,356.55,358.1,309123,1106.97,10260, 138139, 44.69,0.2
CSBBANK, EQ, 12-Nov-2020,258.8,259.9,259.95,254.0, 254.50,255.05,256.71,83660,214.77,2396, 31936, 38.17,-1.45
CSBBANK, EQ, 12-Nov-2021,296.0,296.0,296.95,290.0, 290.00,290.05,291.13,175740,511.63,9229, 106172, 60.41,-2.01
CSBBANK, EQ, 12-Nov-2024,315.3,317.45,322.9,315.45,317.2,317.25,318.4,249988,795.95,11594, 110438, 44.18,0.62
CSBBANK, EQ, 12-Dec-2022,226.85,224.0,246.6,224.0, 245.00,240.55,236.09,802030,1893.5,12051, 428879, 53.47,6.04
CSBBANK, EQ, 12-Dec-2023,400.3,402.4,406.95,400.1, 403.10,402.65,402.95,333615,1344.32,18205, 223693, 67.05,0.59
CSBBANK, EQ, 12-Dec-2024,321.7,323.0,323.0,314.1,316.9,317.0,316.73,141510,448.2,6157, 71352, 50.42,-1.46
CSBBANK, EQ, 13-Jan-2020,201.55,203.5,204.0,197.05, 197.90,197.85,199.46,393382,784.66,7450, 182867, 46.49,-1.84
CSBBANK, EQ, 13-Jan-2021,232.2,233.0,233.0,227.1, 228.00,228.4,229.73,164267,377.37,3764, 90517, 55.10,-1.64
CSBBANK, EQ, 13-Jan-2022,253.3,256.0,257.4,238.0, 240.00,239.95,243.33,926684,2254.9,20158, 517766, 55.87,-5.27
CSBBANK, EQ, 13-Jan-2023,247.95,247.85,252.25,245.75,250.35,251.3,249.7,346654,865.61,6417, 109402, 31.56,1.35
CSBBANK, EQ, 13-Jan-2025,308.35,301.05,305.5,288.55,297.5,294.95,296.38,406518,1204.85,17599, 193982, 47.72,-4.35
CSBBANK, EQ, 13-Feb-2020,169.45,170.0,175.0,163.2, 174.00,173.9,170.91,821078,1403.31,19551, 248000, 30.20,2.63
CSBBANK, EQ, 13-Feb-2023,245.95,246.75,246.9,233.6,236.4,235.5,238.79,316351,755.41,5962, 184162, 58.21,-4.25
CSBBANK, EQ, 13-Feb-2024,375.7,377.0,377.75,365.5, 371.70,370.3,370.21,244032,903.44,12571, 163924, 67.17,-1.44
CSBBANK, EQ, 13-Feb-2025,290.2,290.2,301.0,290.2,295.35,297.75,297.72,134650,400.87,11385, 56684, 42.10,2.6
CSBBANK, EQ, 13-Mar-2020,125.7,106.65,128.35,101.35, 125.80,126.05,117.97,251779,297.03,4404, 94112, 37.38,0.28
CSBBANK, EQ, 13-Mar-2023,234.7,233.35,234.6,224.0, 225.00,224.95,227.94,204775,466.77,6412, 117580, 57.42,-4.15
CSBBANK, EQ, 13-Mar-2024,354.8,353.45,353.45,331.5, 332.00,335.8,340.71,297557,1013.8,18159, 117484, 39.48,-5.36
CSBBANK, EQ, 13-Mar-2025,278.75,280.4,287.95,279.0,281.05,281.0,283.85,330712,938.71,20149, 174824, 52.86,0.81
CSBBANK, EQ, 13-Apr-2020,117.7,119.8,127.45,111.25, 112.95,112.9,117.72,322518,379.67,7601,127474,45.58,-4.08
CSBBANK, EQ, 13-Apr-2021,253.55,250.1,255.0,248.0, 252.25,251.2,251.68,136109,342.55,3365, 72495, 53.26,-0.93
CSBBANK, EQ, 13-Apr-2022,221.45,222.0,226.0,220.2,222.0,222.4,222.44,540925,1203.21,10913, 256565, 47.43,0.43
CSBBANK, EQ, 13-Apr-2023,269.2,266.5,271.3,259.3, 268.20,269.05,265.79,611948,1626.51,12531, 260394, 42.55,-0.06
CSBBANK, EQ, 13-May-2020,117.3,121.5,121.85,117.55,121.0,120.55,119.83,103224,123.69,1925, 49577, 48.03,2.77
CSBBANK, EQ, 13-May-2022,193.7,194.7,200.35,185.1,189.55,190.35,195.63,217250,425.01,5999, 85821, 39.50,-1.73
CSBBANK, EQ, 13-May-2024,359.1,359.1,360.9,350.5,355.35,355.2,354.46,147770,523.78,10448, 75262, 50.93,-1.09
CSBBANK, EQ, 13-Jun-2022,186.25,181.1,186.0,181.0,184.0,184.1,182.73,167021,305.19,3422, 84528, 50.61,-1.15
CSBBANK, EQ, 13-Jun-2023,273.95,273.95,275.7,272.25, 272.75,273.05,273.89,125049,342.5,4550, 66889, 53.49,-0.33
CSBBANK, EQ, 13-Jun-2024,351.35,353.15,354.7,343.45,345.5,345.25,350.47,320702,1123.96,7077, 240371, 74.95,-1.74
CSBBANK, EQ, 13-Jul-2020,186.45,184.8,187.55,178.25, 178.55,178.95,182.74,109776,200.6,2479, 48406, 44.10,-4.02
CSBBANK, EQ, 13-Jul-2021,349.8,349.8,353.0,345.5, 352.00,351.05,349.16,240918,841.2,6011, 100146, 41.57,0.36
CSBBANK, EQ, 13-Jul-2022,192.25,192.9,197.95,192.25,197.0,197.1,195.33,261229,510.26,3891, 188076, 72.00,2.52
CSBBANK, EQ, 13-Jul-2023,297.25,298.85,300.0,286.9, 295.10,295.5,295.09,2769842,8173.51,14663, 2327759, 84.04,-0.59
CSBBANK, EQ, 13-Aug-2020,192.75,192.15,196.0,192.0, 192.05,192.7,193.68,46691,90.43,1365, 20041, 42.92,-0.03
CSBBANK, EQ, 13-Aug-2021,320.05,322.95,328.9,319.0,322.0,322.15,325.05,295283,959.82,10548, 132337, 44.82,0.66
CSBBANK, EQ, 13-Aug-2024,324.75,324.0,325.7,320.05,323.3,323.95,323.36,333589,1078.69,9470, 229259, 68.72,-0.25
CSBBANK, EQ, 13-Sep-2021,299.05,305.0,305.0,296.7, 300.00,300.05,298.72,90159,269.33,2819, 32024, 35.52,0.33
CSBBANK, EQ, 13-Sep-2022,224.8,226.7,228.0,218.45, 221.90,219.6,221.3,447193,989.66,4591, 298987, 66.86,-2.31
CSBBANK, EQ, 13-Sep-2023,324.0,324.95,330.0,316.1, 326.50,324.85,323.46,266560,862.22,13285, 126109, 47.31,0.26
CSBBANK, EQ, 13-Sep-2024,325.05,327.3,330.3,319.85,320.0,322.2,324.33,456525,1480.66,11894, 329890, 72.26,-0.88
CSBBANK, EQ, 13-Oct-2020,227.3,234.0,234.0,225.15, 226.00,226.05,227.16,90542,205.67,4132, 38745, 42.79,-0.55
CSBBANK, EQ, 13-Oct-2021,314.85,318.0,325.0,317.75,321.05,320.85,321.47,335985,1080.1,9118, 163862, 48.77,1.91
CSBBANK, EQ, 13-Oct-2022,238.35,237.7,245.0,237.45,244.65,243.3,240.76,148563,357.68,4756, 63165, 42.52,2.08
CSBBANK, EQ, 13-Oct-2023,356.55,356.2,359.5,354.1, 356.00,355.9,356.64,331425,1182.0,5989, 260892, 78.72,-0.18
CSBBANK, EQ, 13-Nov-2020,255.05,255.5,255.9,251.1,253.45,252.8,253.16,75409,190.91,2502, 33336, 44.21,-0.88
CSBBANK, EQ, 13-Nov-2023,350.25,350.25,367.9,345.25, 363.05,365.55,358.49,468693,1680.23,15118, 163890, 34.97,4.37
CSBBANK, EQ, 13-Nov-2024,317.25,312.5,315.75,304.1,305.9,308.75,311.06,171612,533.82,6755, 113471, 66.12,-2.68
CSBBANK, EQ, 13-Dec-2021,274.7,277.0,278.85,273.0,273.3,273.7,275.41,54355,149.7,1570, 34769, 63.97,-0.36
CSBBANK, EQ, 13-Dec-2022,240.55,244.95,260.4,240.1, 259.20,258.35,252.24,2811097,7090.65,32266, 805846, 28.67,7.4
CSBBANK, EQ, 13-Dec-2023,402.65,401.0,403.9,395.1, 399.00,398.7,399.21,207090,826.73,8343, 117113, 56.55,-0.98
CSBBANK, EQ, 13-Dec-2024,317.0,315.25,317.0,308.15,310.75,310.7,311.46,123475,384.58,5903, 55940, 45.30,-1.99
CSBBANK, EQ, 14-Jan-2020,197.85,200.0,200.0,192.25, 192.95,192.95,195.25,590178,1152.33,17923, 308000, 52.19,-2.48
CSBBANK, EQ, 14-Jan-2021,228.4,230.0,230.0,225.1, 225.65,226.2,227.05,133783,303.76,2910, 66559, 49.75,-0.96
CSBBANK, EQ, 14-Jan-2022,239.95,242.0,245.85,240.7, 243.85,242.95,243.57,293393,714.63,4878, 89032, 30.35,1.25
CSBBANK, EQ, 14-Jan-2025,294.95,297.0,300.9,293.0,298.0,297.1,295.94,262826,777.8,13475, 119985, 45.65,0.73
CSBBANK, EQ, 14-Feb-2020,173.9,174.5,176.7,169.05, 170.60,171.4,172.51,208587,359.83,3673, 61791, 29.62,-1.44
CSBBANK, EQ, 14-Feb-2022,250.1,244.45,245.4,233.75,236.7,237.55,240.25,147527,354.44,4219, 61848, 41.92,-5.02
CSBBANK, EQ, 14-Feb-2023,235.5,235.5,239.7,235.5,238.1,238.9,237.62,185339,440.41,5042, 109010, 58.82,1.44
CSBBANK, EQ, 14-Feb-2024,370.3,370.0,374.9,366.45, 373.65,370.65,371.34,115821,430.09,9451, 59456, 51.33,0.09
CSBBANK, EQ, 14-Feb-2025,297.75,297.25,298.2,285.1,288.0,289.0,289.74,139983,405.59,13249, 79832, 57.03,-2.94
CSBBANK, EQ, 14-Mar-2022,212.1,210.5,214.0,208.8,213.0,212.85,212.12,235147,498.79,6241, 121001, 51.46,0.35
CSBBANK, EQ, 14-Mar-2023,224.95,227.5,227.8,218.1, 221.85,220.75,221.42,209325,463.49,4884, 108204, 51.69,-1.87
CSBBANK, EQ, 14-Mar-2024,335.8,332.4,359.95,330.3, 359.00,353.2,347.72,275467,957.86,20159, 118404, 42.98,5.18
CSBBANK, EQ, 14-May-2020,120.55,120.95,120.95,115.0,116.6,116.95,118.41,64689,76.6,1476, 17124, 26.47,-2.99
CSBBANK, EQ, 14-May-2021,275.65,280.0,281.9,266.1, 267.00,268.15,273.17,304680,832.31,5808, 142156, 46.66,-2.72
CSBBANK, EQ, 14-May-2024,355.2,355.2,358.3,347.2,347.2,348.2,350.96,257752,904.6,12733, 158809, 61.61,-1.97
CSBBANK, EQ, 14-Jun-2021,335.0,335.0,339.0,325.95, 333.00,333.2,333.21,212787,709.04,5192, 78814, 37.04,-0.54
CSBBANK, EQ, 14-Jun-2022,184.1,185.95,188.0,181.0, 183.70,183.95,185.31,141384,262.01,4047, 58702, 41.52,-0.08
CSBBANK, EQ, 14-Jun-2023,273.05,273.05,277.25,270.1, 276.00,275.0,274.53,194808,534.81,5822, 91483, 46.96,0.71
CSBBANK, EQ, 14-Jun-2024,345.25,347.0,350.45,339.8,340.15,342.95,346.76,517274,1793.7,8222, 422485, 81.68,-0.67
CSBBANK, EQ, 14-Jul-2020,178.95,178.55,182.95,172.65,180.0,180.75,176.6,262929,464.33,4046, 141349, 53.76,1.01
CSBBANK, EQ, 14-Jul-2021,351.05,352.0,354.9,345.3, 348.90,347.6,349.65,273939,957.84,5629, 141574, 51.68,-0.98
CSBBANK, EQ, 14-Jul-2022,197.1,197.0,203.0,194.0, 197.50,200.4,198.24,134870,267.37,3140, 76169, 56.48,1.67
CSBBANK, EQ, 14-Jul-2023,295.5,296.7,296.7,288.0,291.45,291.8,290.63,402918,1170.99,11510, 122656, 30.44,-1.25
CSBBANK, EQ, 14-Aug-2020,192.7,192.7,194.0,190.35, 192.40,191.55,192.04,66139,127.01,1302, 38118, 57.63,-0.6
CSBBANK, EQ, 14-Aug-2023,299.1,296.9,307.95,290.1, 303.00,304.85,301.95,400939,1210.65,14690, 127164, 31.72,1.92
CSBBANK, EQ, 14-Aug-2024,323.95,327.9,327.9,315.0,317.0,317.35,317.48,241864,767.86,16831, 117372, 48.53,-2.04
CSBBANK, EQ, 14-Sep-2020,226.25,228.9,233.9,227.0,228.45,229.15,230.41,126114,290.57,3973, 38671, 30.66,1.28
CSBBANK, EQ, 14-Sep-2021,300.05,300.35,304.8,297.7, 302.00,303.35,302.27,185943,562.05,7122, 107531, 57.83,1.1
CSBBANK, EQ, 14-Sep-2022,219.6,218.75,232.25,214.85,226.0,225.65,226.12,740377,1674.16,12042, 259272, 35.02,2.76
CSBBANK, EQ, 14-Sep-2023,324.85,326.0,330.7,324.0, 325.85,326.75,327.06,169792,555.31,7010, 73359, 43.21,0.58
CSBBANK, EQ, 14-Oct-2020,226.05,228.4,228.4,223.85, 226.85,227.05,226.25,46904,106.12,2292, 16754, 35.72,0.44
CSBBANK, EQ, 14-Oct-2021,320.85,322.0,325.0,316.35,316.35,319.4,323.3,439948,1422.37,6596, 358530, 81.49,-0.45
CSBBANK, EQ, 14-Oct-2022,243.3,249.7,249.95,242.5, 245.00,244.15,247.89,616477,1528.16,12361, 263321, 42.71,0.35
CSBBANK, EQ, 14-Oct-2024,307.3,307.85,310.95,304.5,305.9,305.2,306.68,277746,851.79,9832, 158420, 57.04,-0.68
CSBBANK, EQ, 14-Nov-2022,222.65,222.55,222.55,216.0,218.0,217.6,218.14,373580,814.94,11703, 226156, 60.54,-2.27
CSBBANK, EQ, 14-Nov-2024,308.75,305.15,309.3,297.3, 300.80,299.6,303.57,286474,869.66,12400, 160148, 55.90,-2.96
CSBBANK, EQ, 14-Dec-2020,223.05,226.0,226.0,219.2,219.8,220.35,221.55,383204,848.98,6347, 183010, 47.76,-1.21
CSBBANK, EQ, 14-Dec-2021,273.7,275.0,275.0,267.5,270.5,270.8,269.88,62843,169.6,1986, 27677, 44.04,-1.06
CSBBANK, EQ, 14-Dec-2022,258.35,260.45,269.15,260.0, 260.95,262.5,264.42,1941033,5132.57,26061, 509862, 26.27,1.61
CSBBANK, EQ, 14-Dec-2023,398.7,401.0,406.5,395.0, 396.40,397.55,399.37,247929,990.14,7517, 127215, 51.31,-0.29
CSBBANK, EQ, 15-Jan-2020,192.95,198.75,202.0,192.85, 193.70,195.55,196.81,2377078,4678.38,47589, 1168063, 49.14,1.35
CSBBANK, EQ, 15-Jan-2021,226.2,227.35,228.75,221.2,223.7,223.0,224.48,183792,412.57,3900, 99579, 54.18,-1.41
CSBBANK, EQ, 15-Jan-2024,397.9,397.9,400.0,387.9, 393.00,392.0,391.36,280440,1097.53,13224, 126127, 44.97,-1.48
CSBBANK, EQ, 15-Jan-2025,297.1,298.55,314.0,297.05,312.95,311.55,307.85,453792,1396.98,18273, 186791, 41.16,4.86
CSBBANK, EQ, 15-Feb-2021,221.3,222.0,224.7,219.0, 219.00,219.95,221.09,124226,274.65,2116, 46361, 37.32,-0.61
CSBBANK, EQ, 15-Feb-2022,237.55,238.0,241.1,233.15,237.55,239.05,237.19,135163,320.59,4427, 51772, 38.30,0.63
CSBBANK, EQ, 15-Feb-2023,238.9,238.6,241.0,236.6, 240.50,240.3,238.79,113014,269.86,3702, 59325, 52.49,0.59
CSBBANK, EQ, 15-Feb-2024,370.65,372.2,377.0,370.6, 374.00,374.0,373.24,113468,423.5,10561, 67361, 59.37,0.9
CSBBANK, EQ, 15-Mar-2021,264.85,266.2,269.75,256.0, 259.95,258.45,262.05,357265,936.21,8629, 124177, 34.76,-2.42
CSBBANK, EQ, 15-Mar-2022,212.85,214.0,214.0,211.0,211.05,211.35,212.42,238968,507.62,3695, 153635, 64.29,-0.7
CSBBANK, EQ, 15-Mar-2023,220.75,222.45,227.0,222.45, 224.20,224.65,225.25,139129,313.38,16510, 63626, 45.73,1.77
CSBBANK, EQ, 15-Mar-2024,353.2,351.0,354.25,336.3, 340.10,343.05,343.97,228186,784.9,15485, 72094, 31.59,-2.87
CSBBANK, EQ, 15-Apr-2020,112.9,117.9,117.9,109.0, 110.75,110.3,112.07,565742,634.03,6327, 390610, 69.04,-2.3
CSBBANK, EQ, 15-Apr-2021,251.2,257.0,260.6,248.1,259.0,259.25,256.2,180968,463.64,7492, 77519, 42.84,3.2
CSBBANK, EQ, 15-Apr-2024,387.15,394.0,416.6,389.0, 412.80,411.15,403.06,2685158,10822.7,56706, 528210, 19.67,6.2
CSBBANK, EQ, 15-Apr-2025,323.0,328.3,341.7,325.6,330.4,331.75,335.7,710701,2385.84,28388, 361108, 50.81,2.71
CSBBANK, EQ, 15-May-2020,116.95,116.95,121.0,116.0,117.05,117.2,117.85,146071,172.14,2421, 12196, 8.35,0.21
CSBBANK, EQ, 15-May-2023,291.2,291.2,295.5,287.15, 290.10,290.7,291.63,344895,1005.82,7915, 139381, 40.41,-0.17
CSBBANK, EQ, 15-May-2024,348.2,350.0,353.6,348.45,349.5,350.65,350.29,92069,322.51,7027, 40045, 43.49,0.7
CSBBANK, EQ, 15-Jun-2020,134.9,134.9,143.65,133.75,140.2,141.35,140.45,712717,1001.04,10807, 97976, 13.75,4.78
CSBBANK, EQ, 15-Jun-2021,333.2,337.95,338.0,331.0, 332.00,332.45,332.89,251282,836.5,6710, 131074, 52.16,-0.23
CSBBANK, EQ, 15-Jun-2022,183.95,185.0,186.1,180.5, 183.00,183.0,182.53,283425,517.33,3659, 196150, 69.21,-0.52
CSBBANK, EQ, 15-Jun-2023,275.0,275.0,275.05,270.0, 271.00,270.45,272.06,105735,287.67,4781, 55085, 52.10,-1.65
CSBBANK, EQ, 15-Jul-2020,180.75,181.0,184.25,177.0,178.05,178.15,182.03,80373,146.3,2338, 20908, 26.01,-1.44
CSBBANK, EQ, 15-Jul-2021,347.6,348.5,352.5,346.05, 349.50,350.05,348.79,199284,695.07,6774, 57644, 28.93,0.7
CSBBANK, EQ, 15-Jul-2022,200.4,204.4,204.4,197.0,200.0,199.85,199.55,135056,269.5,2959, 73265, 54.25,-0.27
CSBBANK, EQ, 15-Jul-2024,364.4,368.0,370.0,359.0,359.85,359.9,363.35,292500,1062.79,12811, 170431, 58.27,-1.23
CSBBANK, EQ, 15-Sep-2020,229.15,229.15,232.95,223.3, 226.60,225.45,229.56,104571,240.05,3352, 28791, 27.53,-1.61
CSBBANK, EQ, 15-Sep-2021,303.35,302.0,304.0,300.1, 303.00,302.65,303.05,98989,299.99,4120, 53803, 54.35,-0.23
CSBBANK, EQ, 15-Sep-2022,225.65,229.0,231.0,225.7,229.9,229.2,229.07,503021,1152.26,6400, 266853, 53.05,1.57
CSBBANK, EQ, 15-Sep-2023,326.75,325.3,328.4,318.3, 324.80,323.15,321.65,978819,3148.33,18231, 568970, 58.13,-1.1
CSBBANK, EQ, 15-Oct-2020,227.05,227.05,229.8,225.0, 227.00,227.05,226.97,63027,143.05,2681, 33598, 53.31,0.0
CSBBANK, EQ, 15-Oct-2024,305.2,307.7,307.7,304.0,306.0,306.25,305.39,262186,800.69,9649, 175544, 66.95,0.34
CSBBANK, EQ, 15-Nov-2021,290.05,291.5,294.5,282.0, 286.25,286.65,290.48,118520,344.27,6186, 57357, 48.39,-1.17
CSBBANK, EQ, 15-Nov-2022,217.6,217.8,219.9,215.1, 217.45,216.5,216.57,210382,455.62,6968, 112154, 53.31,-0.51
CSBBANK, EQ, 15-Nov-2023,365.55,369.0,380.0,361.0, 362.80,362.25,365.17,310003,1132.04,11267, 125300, 40.42,-0.9
CSBBANK, EQ, 15-Dec-2020,220.35,215.8,221.45,211.4,213.9,213.75,215.16,609359,1311.08,8815, 345120, 56.64,-3.0
CSBBANK, EQ, 15-Dec-2021,270.8,269.05,270.8,258.1, 261.00,261.25,264.01,95025,250.88,2504, 54625, 57.48,-3.53
CSBBANK, EQ, 15-Dec-2022,262.5,262.45,270.9,257.2, 262.85,265.4,265.17,1172320,3108.66,15456, 436805, 37.26,1.1
CSBBANK, EQ, 15-Dec-2023,397.55,398.85,404.45,397.7, 399.50,400.95,400.33,427414,1711.08,9719, 271205, 63.45,0.86
CSBBANK, EQ, 16-Jan-2020,195.55,194.0,198.8,192.75, 193.25,193.3,195.47,821724,1606.21,11945, 284453, 34.62,-1.15
CSBBANK, EQ, 16-Jan-2023,251.3,252.4,255.0,249.5, 249.60,250.6,252.36,564561,1424.74,11293, 214434, 37.98,-0.28
CSBBANK, EQ, 16-Jan-2024,392.0,393.9,393.9,382.85, 386.20,385.8,387.01,185593,718.26,11141, 95364, 51.38,-1.58
CSBBANK, EQ, 16-Jan-2025,311.55,311.35,320.95,306.65,318.0,318.1,316.71,464025,1469.6,28764, 198518, 42.78,2.1
CSBBANK, EQ, 16-Feb-2021,219.95,221.45,222.8,218.0, 218.90,218.7,220.23,113026,248.92,2135, 58524, 51.78,-0.57
CSBBANK, EQ, 16-Feb-2022,239.05,239.95,245.25,238.05,238.5,241.5,242.11,106530,257.92,3834, 26830, 25.19,1.02
CSBBANK, EQ, 16-Feb-2023,240.3,240.6,243.6,240.0, 240.85,240.7,241.84,120007,290.22,3656, 64746, 53.95,0.17
CSBBANK, EQ, 16-Feb-2024,374.0,375.8,376.8,362.1,365.0,364.7,365.49,592507,2165.55,18842, 423537, 71.48,-2.49
CSBBANK, EQ, 16-Mar-2020,126.05,128.0,128.0,117.15, 118.95,118.6,121.57,148463,180.49,3860, 69002, 46.48,-5.91
CSBBANK, EQ, 16-Mar-2021,258.45,260.8,262.55,254.05, 255.10,255.3,259.05,343044,888.67,3810, 244929, 71.40,-1.22
CSBBANK, EQ, 16-Mar-2022,211.35,213.0,215.2,211.55,213.2,213.35,212.93,116455,247.97,4477, 52797, 45.34,0.95
CSBBANK, EQ, 16-Mar-2023,224.65,222.95,225.75,218.55, 222.65,224.15,221.74,150371,333.43,6348, 72768, 48.39,-0.22
CSBBANK, EQ, 16-Apr-2020,110.3,112.0,114.0,109.5, 113.45,112.85,112.42,111694,125.57,1819, 39768, 35.60,2.31
CSBBANK, EQ, 16-Apr-2021,259.25,259.25,264.75,252.0,260.5,263.1,263.18,272539,717.27,8679, 175963, 64.56,1.49
CSBBANK, EQ, 16-Apr-2024,411.15,405.0,419.4,401.55, 410.65,412.15,412.53,948011,3910.87,33784, 270753, 28.56,0.24
CSBBANK, EQ, 16-Apr-2025,331.75,330.1,336.5,327.15,329.0,329.35,331.38,458602,1519.73,23112, 255587, 55.73,-0.72
CSBBANK, EQ, 16-May-2022,190.35,193.0,195.7,189.05,190.0,189.95,191.37,163251,312.42,4955, 86213, 52.81,-0.21
CSBBANK, EQ, 16-May-2023,290.7,289.05,293.0,285.25,286.5,286.7,289.46,134449,389.18,4294, 57155, 42.51,-1.38
CSBBANK, EQ, 16-May-2024,350.65,353.8,353.8,340.25,340.75,341.4,344.42,201872,695.28,11989, 127350, 63.08,-2.64
CSBBANK, EQ, 16-Jun-2020,141.35,148.0,154.0,144.0, 151.65,152.15,150.37,960792,1444.79,15470, 194867, 20.28,7.64
CSBBANK, EQ, 16-Jun-2021,332.45,328.35,332.3,322.55, 323.85,323.7,327.08,164745,538.85,4088, 81962, 49.75,-2.63
CSBBANK, EQ, 16-Jun-2022,183.0,185.0,186.5,179.5, 180.00,179.95,180.9,258559,467.75,4432, 176132, 68.12,-1.67
CSBBANK, EQ, 16-Jun-2023,270.45,271.8,273.5,270.1, 272.00,271.45,271.98,124118,337.58,8021, 64075, 51.62,0.37
CSBBANK, EQ, 16-Jul-2020,178.15,177.15,185.0,175.55, 183.50,184.25,181.09,139434,252.5,2890, 70390, 50.48,3.42
CSBBANK, EQ, 16-Jul-2021,350.05,350.0,357.6,349.5, 351.15,351.25,353.48,268346,948.55,6910, 92039, 34.30,0.34
CSBBANK, EQ, 16-Jul-2024,359.9,360.1,369.0,359.3,360.0,360.35,360.86,1082968,3908.05,15705, 924405, 85.36,0.13
CSBBANK, EQ, 16-Aug-2021,322.15,319.6,322.15,314.1,317.5,316.0,317.81,176305,560.32,6875, 62315, 35.34,-1.91
CSBBANK, EQ, 16-Aug-2022,207.0,206.0,208.95,205.25,206.3,206.2,206.97,109201,226.02,2159, 72830, 66.69,-0.39
CSBBANK, EQ, 16-Aug-2023,304.85,300.05,313.35,300.05, 302.00,303.65,308.3,345558,1065.35,10883, 138455, 40.07,-0.39
CSBBANK, EQ, 16-Aug-2024,317.35,320.25,320.65,314.3,319.5,318.85,316.75,211609,670.26,10808, 94016, 44.43,0.47
CSBBANK, EQ, 16-Sep-2020,225.45,227.0,230.0,225.4,226.0,226.85,227.15,78771,178.93,3347, 27154, 34.47,0.62
CSBBANK, EQ, 16-Sep-2021,302.65,303.95,329.85,302.4,316.95,316.85,319.62,2048137,6546.2,33839, 668139, 32.62,4.69
CSBBANK, EQ, 16-Sep-2022,229.2,230.8,244.0,230.0, 234.80,234.2,237.94,1568226,3731.4,19696, 663763, 42.33,2.18
CSBBANK, EQ, 16-Sep-2024,322.2,325.1,325.1,317.85,321.95,318.4,320.31,453024,1451.07,9001, 359209, 79.29,-1.18
CSBBANK, EQ, 16-Oct-2020,227.05,226.1,233.0,226.0, 233.00,230.9,229.85,60548,139.17,3105, 32965, 54.44,1.7
CSBBANK, EQ, 16-Oct-2023,355.9,360.0,365.8,356.05, 365.80,364.4,363.66,686577,2496.78,14555, 442498, 64.45,2.39
CSBBANK, EQ, 16-Oct-2024,306.25,306.25,309.6,301.8,309.3,308.6,306.63,284769,873.2,10164, 127020, 44.60,0.77
CSBBANK, EQ, 16-Nov-2021,286.65,286.3,296.0,285.35, 295.00,294.45,291.57,191618,558.7,7247, 105324, 54.97,2.72
CSBBANK, EQ, 16-Nov-2022,216.5,217.55,220.5,215.2, 219.00,218.35,217.04,184394,400.21,4507, 97927, 53.11,0.85
CSBBANK, EQ, 16-Nov-2023,362.25,363.45,368.45,357.05, 361.00,360.3,363.42,216917,788.31,9081, 85556, 39.44,-0.54
CSBBANK, EQ, 16-Dec-2020,213.75,216.4,218.45,214.5, 216.00,215.65,216.53,203323,440.25,3792, 97138, 47.78,0.89
CSBBANK, EQ, 16-Dec-2021,261.25,261.25,265.4,258.65, 261.90,261.65,261.92,70893,185.68,2408, 29860, 42.12,0.15
CSBBANK, EQ, 16-Dec-2022,265.4,264.85,268.1,250.35, 256.50,254.1,260.35,871217,2268.21,13366, 240658, 27.62,-4.26
CSBBANK, EQ, 16-Dec-2024,310.7,308.3,312.45,306.6,306.8,307.0,308.34,97101,299.4,5017, 58519, 60.27,-1.19
CSBBANK, EQ, 17-Jan-2020,193.3,194.4,205.0,192.25, 202.90,201.6,201.33,2193648,4416.54,23422, 736500, 33.57,4.29
CSBBANK, EQ, 17-Jan-2022,242.95,245.0,245.0,243.25,245.0,244.45,244.12,123693,301.96,2224, 74370, 60.12,0.62
CSBBANK, EQ, 17-Jan-2023,250.6,249.95,250.8,244.05,244.25,245.65,247.75,344847,854.36,5614, 143554, 41.63,-1.98
CSBBANK, EQ, 17-Jan-2024,385.8,382.0,383.8,375.9, 376.50,377.5,379.42,177059,671.8,10069, 80818, 45.64,-2.15
CSBBANK, EQ, 17-Jan-2025,318.1,319.0,319.15,311.0,311.9,312.2,313.39,116186,364.12,6661, 53875, 46.37,-1.85
CSBBANK, EQ, 17-Feb-2020,171.4,170.6,170.6,165.0, 166.15,166.2,166.74,167817,279.81,3027, 63645, 37.93,-3.03
CSBBANK, EQ, 17-Feb-2021,218.7,219.5,223.35,219.5, 222.55,222.2,222.06,173404,385.06,2405, 99181, 57.20,1.6
CSBBANK, EQ, 17-Feb-2022,241.5,241.1,243.3,236.25,236.55,237.55,239.5,52829,126.53,1898, 20059, 37.97,-1.64
CSBBANK, EQ, 17-Feb-2023,240.7,240.7,241.6,235.75, 239.00,240.35,238.67,202484,483.26,3604, 112394, 55.51,-0.15
CSBBANK, EQ, 17-Feb-2025,289.0,286.4,286.65,278.3,280.85,281.35,282.12,160944,454.06,11491, 77271, 48.01,-2.65
CSBBANK, EQ, 17-Mar-2020,118.6,118.95,124.0,115.1, 121.00,117.8,119.96,187319,224.7,3987, 102229, 54.57,-0.67
CSBBANK, EQ, 17-Mar-2021,255.3,257.6,258.65,242.4,243.35,244.45,249.96,163103,407.69,4183, 75841, 46.50,-4.25
CSBBANK, EQ, 17-Mar-2022,213.35,216.0,224.0,214.5, 221.05,221.35,220.99,492032,1087.32,20715, 185330, 37.67,3.75
CSBBANK, EQ, 17-Mar-2023,224.15,225.1,229.85,221.1, 225.00,227.9,225.35,135124,304.5,5557, 72918, 53.96,1.67
CSBBANK, EQ, 17-Mar-2025,281.0,278.3,283.9,274.8,276.9,276.15,279.15,127983,357.27,7400, 53088, 41.48,-1.73
CSBBANK, EQ, 17-Apr-2020,112.85,115.05,118.75,113.95, 117.35,117.55,116.24,168347,195.69,2961, 67855, 40.31,4.16
CSBBANK, EQ, 17-Apr-2023,269.05,269.05,290.75,265.35, 284.50,285.6,282.61,2210266,6246.41,31330, 501657, 22.70,6.15
CSBBANK, EQ, 17-Apr-2025,329.35,331.0,345.0,325.35,344.0,343.8,341.04,568435,1938.58,28705, 289116, 50.86,4.39
CSBBANK, EQ, 17-May-2021,268.15,269.9,274.75,269.3,274.15,273.0,272.02,361636,983.72,9325, 206710, 57.16,1.81
CSBBANK, EQ, 17-May-2022,189.95,190.9,193.25,190.25, 192.90,191.35,191.49,205402,393.33,7086, 124056, 60.40,0.74
CSBBANK, EQ, 17-May-2023,286.7,285.5,290.9,285.05, 290.00,289.55,288.35,129860,374.46,4675, 40416, 31.12,0.99
CSBBANK, EQ, 17-May-2024,341.4,344.8,349.4,339.3,340.0,341.55,344.48,427439,1472.42,20797, 247469, 57.90,0.04
CSBBANK, EQ, 17-Jun-2020,152.15,152.7,152.7,147.0,148.35,148.0,149.95,179120,268.58,3936, 64982, 36.28,-2.73
CSBBANK, EQ, 17-Jun-2021,323.7,323.85,329.0,313.2, 317.60,315.45,319.96,151805,485.71,4021, 50383, 33.19,-2.55
CSBBANK, EQ, 17-Jun-2022,179.95,179.5,180.85,178.5,180.0,179.6,179.5,253127,454.37,2168, 188932, 74.64,-0.19
CSBBANK, EQ, 17-Jul-2020,184.25,184.25,185.85,178.35, 181.85,181.15,181.78,128563,233.7,2853, 37197, 28.93,-1.68
CSBBANK, EQ, 17-Jul-2023,291.8,291.8,292.95,286.4,291.05,290.9,289.81,209835,608.11,7056, 88401, 42.13,-0.31
CSBBANK, EQ, 16-Jul-2024,359.9,360.1,369.0,359.3,360.0,360.35,360.86,1082968,3908.05,15705, 924405, 85.36,0.13
CSBBANK, EQ, 17-Aug-2020,191.55,194.5,194.5,192.0, 193.55,193.5,193.32,50152,96.96,1004, 27327, 54.49,1.02
CSBBANK, EQ, 17-Aug-2021,316.0,316.5,322.1,313.15,317.8,316.6,318.19,228405,726.76,6210, 69001, 30.21,0.19
CSBBANK, EQ, 17-Aug-2022,206.2,210.5,210.5,207.7, 209.10,209.15,209.01,239891,501.41,6384, 148615, 61.95,1.43
CSBBANK, EQ, 17-Aug-2023,303.65,303.65,309.8,301.0, 303.00,302.25,304.99,172537,526.22,6071, 77664, 45.01,-0.46
CSBBANK, EQ, 17-Sep-2020,226.85,226.85,229.8,222.6, 223.65,224.7,226.15,273652,618.86,3497, 192913, 70.50,-0.95
CSBBANK, EQ, 17-Sep-2021,316.85,319.0,319.0,302.1, 307.80,307.2,308.57,398440,1229.45,10174, 207446, 52.06,-3.05
CSBBANK, EQ, 17-Sep-2024,318.4,320.5,324.9,318.9,323.15,323.2,322.7,186455,601.7,6160, 102251, 54.84,1.51
CSBBANK, EQ, 17-Oct-2022,244.15,245.3,249.1,242.3,245.5,247.1,247.06,206275,509.62,9053, 80027, 38.80,1.21
CSBBANK, EQ, 17-Oct-2023,364.4,367.0,371.75,361.6,365.75,365.15,366.02,351628,1287.01,14371, 149123, 42.41,0.21
CSBBANK, EQ, 17-Oct-2024,308.6,310.9,319.45,310.0,310.8,311.75,314.25,546161,1716.29,15671, 229643, 42.05,1.02
CSBBANK, EQ, 17-Nov-2020,258.95,258.95,261.0,250.4, 253.70,251.95,254.22,165797,421.49,3904, 75440, 45.50,-2.7
CSBBANK, EQ, 17-Nov-2021,294.45,295.8,297.8,291.25, 296.00,295.9,295.88,117651,348.1,4227, 54704, 46.50,0.49
CSBBANK, EQ, 17-Nov-2022,218.35,219.9,226.65,219.9, 220.00,222.1,223.15,585413,1306.32,9156, 204923, 35.00,1.72
CSBBANK, EQ, 17-Nov-2023,360.3,359.0,364.95,354.0, 354.50,357.25,357.49,349177,1248.26,14015, 172555, 49.42,-0.85
CSBBANK, EQ, 17-Dec-2020,215.65,222.0,231.45,220.0, 221.90,221.65,225.45,1324098,2985.13,18162, 319074, 24.10,2.78
CSBBANK, EQ, 17-Dec-2021,261.65,262.0,262.95,254.05, 256.50,256.6,256.62,55545,142.54,2266, 25760, 46.38,-1.93
CSBBANK, EQ, 17-Dec-2024,307.0,325.05,331.7,314.1,316.0,318.2,326.0,3255641,10613.31,94042, 823458, 25.29,3.65
CSBBANK, EQ, 18-Jan-2021,223.0,225.9,233.2,225.9, 232.10,231.45,230.72,597417,1378.35,9977, 285798, 47.84,3.79
CSBBANK, EQ, 18-Jan-2022,244.45,245.0,250.05,240.2, 242.00,242.2,245.29,164570,403.68,4417, 66753, 40.56,-0.92
CSBBANK, EQ, 18-Jan-2023,245.65,245.8,254.95,244.0,252.55,253.4,249.71,324691,810.79,6322, 148400, 45.70,3.15
CSBBANK, EQ, 18-Jan-2024,377.5,377.5,385.45,369.0, 382.75,381.05,378.98,219012,830.01,16718, 101662, 46.42,0.94
CSBBANK, EQ, 18-Feb-2020,166.2,166.0,166.15,160.5, 162.00,161.95,162.05,220263,356.94,7074, 98659, 44.79,-2.56
CSBBANK, EQ, 18-Feb-2021,222.2,222.0,234.5,221.5,228.55,227.45,229.11,757530,1735.54,10133, 273063, 36.05,2.36
CSBBANK, EQ, 18-Feb-2022,237.55,238.0,252.0,231.5,233.95,232.5,240.41,642171,1543.86,16962, 123182, 19.18,-2.13
CSBBANK, EQ, 18-Feb-2025,281.35,281.35,286.35,274.45,278.9,278.05,279.22,200109,558.73,15528, 80283, 40.12,-1.17
CSBBANK, EQ, 18-Mar-2020,117.8,119.0,121.0,107.05, 111.00,108.25,112.89,121004,136.61,3657, 50767, 41.95,-8.11
CSBBANK, EQ, 18-Mar-2021,244.45,248.0,253.85,242.9, 245.00,245.25,247.79,236719,586.58,10639, 98211, 41.49,0.33
CSBBANK, EQ, 18-Mar-2024,343.05,345.4,353.25,334.95, 340.00,338.15,341.71,263062,898.91,18220, 97264, 36.97,-1.43
CSBBANK, EQ, 18-Mar-2025,276.15,278.0,288.0,275.05,287.0,287.05,283.45,224363,635.95,10238, 130985, 58.38,3.95
CSBBANK, EQ, 18-Apr-2022,222.4,222.1,222.1,217.7, 219.95,219.0,219.61,158877,348.92,3501, 88059, 55.43,-1.53
CSBBANK, EQ, 18-Apr-2023,285.6,284.95,290.4,281.6, 287.10,289.0,287.45,934512,2686.23,19031, 344479, 36.86,1.19
CSBBANK, EQ, 18-Apr-2024,412.15,412.7,415.9,396.0, 396.90,397.95,403.69,376427,1519.62,17062, 173682, 46.14,-3.45
CSBBANK, EQ, 18-May-2020,117.2,117.0,117.0,111.1, 113.10,113.2,113.92,217789,248.11,2680, 116772, 53.62,-3.41
CSBBANK, EQ, 18-May-2021,273.0,272.2,296.5,270.2, 284.40,286.6,288.0,2534746,7300.12,34796, 581833, 22.95,4.98
CSBBANK, EQ, 18-May-2022,191.35,195.0,195.0,189.2,189.85,189.9,191.77,208083,399.04,7523, 117254, 56.35,-0.76
CSBBANK, EQ, 18-May-2023,289.55,290.0,294.7,288.15, 291.00,290.4,292.13,156571,457.38,4035, 71734, 45.82,0.29
CSBBANK, EQ, 18-Jun-2020,148.0,150.9,153.9,146.5,150.8,150.55,151.37,173333,262.37,3063, 63792, 36.80,1.72
CSBBANK, EQ, 18-Jun-2021,315.45,320.0,322.65,306.0, 322.45,317.85,315.78,205171,647.9,5767, 71315, 34.76,0.76
CSBBANK, EQ, 18-Jun-2024,342.95,342.95,351.1,339.4,348.0,347.8,346.22,375060,1298.53,10625, 240953, 64.24,1.41
CSBBANK, EQ, 18-Jul-2022,199.85,201.0,207.0,199.45,201.65,202.1,203.34,211630,430.33,8181, 105118, 49.67,1.13
CSBBANK, EQ, 18-Jul-2023,290.9,291.9,292.85,285.0, 291.00,291.45,289.53,309031,894.73,7900, 131143, 42.44,0.19
CSBBANK, EQ, 18-Jul-2024,360.35,361.0,367.2,360.35,361.5,361.8,364.06,310009,1128.61,11275, 148150, 47.79,0.4
CSBBANK, EQ, 18-Aug-2020,193.5,193.55,202.9,192.35,201.0,199.3,196.51,164631,323.51,2909, 88480, 53.74,3.0
CSBBANK, EQ, 18-Aug-2021,316.6,317.8,320.0,313.1, 314.45,314.0,315.93,120617,381.07,5296, 34982, 29.00,-0.82
CSBBANK, EQ, 18-Aug-2022,209.15,209.8,210.7,206.5,208.45,207.15,207.87,153201,318.46,3196, 97325, 63.53,-0.96
CSBBANK, EQ, 18-Aug-2023,302.25,301.25,329.2,301.25, 315.90,315.7,321.6,4643829,14934.33,64739, 543989, 11.71,4.45
CSBBANK, EQ, 18-Sep-2020,224.7,225.85,229.65,220.3, 224.00,223.2,226.55,79499,180.1,2889, 25419, 31.97,-0.67
CSBBANK, EQ, 18-Sep-2023,323.15,323.15,333.55,323.15, 331.70,331.6,329.93,518703,1711.34,17920, 249178, 48.04,2.61
CSBBANK, EQ, 18-Sep-2024,323.2,324.0,324.25,318.3,321.3,320.25,320.75,104396,334.85,6055, 63948, 61.26,-0.91
CSBBANK, EQ, 18-Oct-2021,319.4,320.0,321.0,295.0, 310.00,309.1,310.4,340574,1057.15,8925, 170031, 49.92,-3.22
CSBBANK, EQ, 18-Oct-2022,247.1,248.55,255.0,247.4,249.65,250.85,250.78,341420,856.2,6073, 131739, 38.59,1.52
CSBBANK, EQ, 18-Oct-2023,365.15,364.95,369.75,359.05, 365.50,364.25,365.01,174669,637.57,8426, 64430, 36.89,-0.25
CSBBANK, EQ, 18-Oct-2024,311.75,311.6,314.65,306.7,309.5,309.7,311.14,188300,585.87,8092, 87792, 46.62,-0.66
CSBBANK, EQ, 18-Nov-2020,251.95,253.25,257.8,252.5, 254.00,254.6,255.81,100859,258.01,1998, 40691, 40.34,1.05
CSBBANK, EQ, 18-Nov-2021,295.9,296.0,297.3,289.5,296.0,295.05,293.92,128597,377.97,5263, 94764, 73.69,-0.29
CSBBANK, EQ, 18-Nov-2022,222.1,223.0,224.25,218.0, 219.00,219.1,220.12,138644,305.18,3723, 59273, 42.75,-1.35
CSBBANK, EQ, 18-Nov-2024,299.6,303.3,307.4,297.05,300.15,302.05,302.42,108828,329.12,6413, 41557, 38.19,0.82
CSBBANK, EQ, 18-Dec-2020,221.65,222.95,226.25,218.0, 224.90,224.35,222.28,361248,803.0,5526, 150226, 41.59,1.22
CSBBANK, EQ, 18-Dec-2023,400.95,403.05,405.25,398.4, 398.40,399.65,401.45,217500,873.15,11066, 119310, 54.86,-0.32
CSBBANK, EQ, 18-Dec-2024,318.2,315.95,326.35,312.3,322.0,322.1,321.53,485362,1560.58,32968, 220597, 45.45,1.23
CSBBANK, EQ, 19-Jan-2021,231.45,234.4,243.7,231.1, 232.10,234.3,237.2,2934784,6961.45,44756, 536656, 18.29,1.23
CSBBANK, EQ, 19-Jan-2022,242.2,242.5,245.0,238.45, 244.25,243.5,242.76,98295,238.62,3165, 37297, 37.94,0.54
CSBBANK, EQ, 19-Jan-2023,253.4,251.55,255.6,250.55, 253.05,253.65,253.27,204458,517.83,4291, 73683, 36.04,0.1
CSBBANK, EQ, 19-Jan-2024,381.05,384.0,388.0,375.0, 380.00,377.45,381.93,143392,547.65,9243, 74882, 52.22,-0.94
CSBBANK, EQ, 19-Feb-2020,161.95,162.0,164.6,162.0, 162.20,162.55,162.92,140800,229.4,2479, 49731, 35.32,0.37
CSBBANK, EQ, 19-Feb-2021,227.45,228.55,233.8,220.1,225.0,224.8,228.7,281633,644.1,4679, 129644, 46.03,-1.17
CSBBANK, EQ, 19-Feb-2024,364.7,365.75,367.65,359.65, 366.05,365.4,365.02,383265,1398.99,15126, 284049, 74.11,0.19
CSBBANK, EQ, 19-Feb-2025,278.05,275.65,293.5,275.5,287.0,290.95,285.38,126057,359.75,9552, 50619, 40.16,4.64
CSBBANK, EQ, 19-Mar-2020,108.25,105.0,111.9,100.5, 103.05,101.95,105.01,163046,171.22,3989, 66573, 40.83,-5.82
CSBBANK, EQ, 19-Mar-2021,245.25,246.0,247.4,237.1,244.0,244.05,241.68,196763,475.53,9799, 78495, 39.89,-0.49
CSBBANK, EQ, 19-Mar-2024,338.15,339.8,348.75,335.0, 340.00,343.7,340.44,209741,714.05,12222, 101505, 48.40,1.64
CSBBANK, EQ, 19-Mar-2025,287.05,287.05,298.3,286.5,298.3,297.2,290.16,349034,1012.74,7296, 271040, 77.65,3.54
CSBBANK, EQ, 19-Apr-2021,263.1,256.1,256.1,247.5,250.95,249.2,251.81,138654,349.14,7006, 82427, 59.45,-5.28
CSBBANK, EQ, 19-Apr-2022,219.0,220.1,222.5,218.0,218.05,218.25,219.68,224708,493.65,4531, 138559, 61.66,-0.34
CSBBANK, EQ, 19-Apr-2023,289.0,287.55,289.7,276.6, 278.40,278.6,283.92,566405,1608.15,14801, 175653, 31.01,-3.6
CSBBANK, EQ, 19-Apr-2024,397.95,397.95,403.95,387.0, 401.55,401.75,397.45,279723,1111.75,18243, 113012, 40.40,0.95
CSBBANK, EQ, 19-May-2020,113.2,115.9,116.75,112.1,113.5,113.45,114.63,151713,173.9,2835, 15726, 10.37,0.22
CSBBANK, EQ, 19-May-2021,286.6,284.0,325.0,279.7, 319.75,320.0,312.41,5115600,15981.7,66487, 865719, 16.92,11.65
CSBBANK, EQ, 19-May-2022,189.9,188.0,189.0,183.35,184.8,184.5,185.4,242738,450.05,3749, 146806, 60.48,-2.84
CSBBANK, EQ, 19-May-2023,290.4,289.6,290.0,281.0,285.85,283.85,284.5,239825,682.3,5895, 79370, 33.09,-2.26
CSBBANK, EQ, 19-Jun-2020,150.55,151.0,179.9,151.0, 164.05,164.2,167.46,1465722,2454.54,22419, 336152, 22.93,9.07
CSBBANK, EQ, 19-Jun-2023,271.45,275.45,275.45,264.0, 268.00,267.2,268.69,253006,679.79,10795, 120014, 47.44,-1.57
CSBBANK, EQ, 19-Jun-2024,347.8,349.2,353.0,343.25,352.3,352.1,350.79,288713,1012.79,10596, 148248, 51.35,1.24
CSBBANK, EQ, 19-Jul-2021,351.25,347.0,356.9,340.6, 341.90,341.95,348.95,312379,1090.04,8383, 125198, 40.08,-2.65
CSBBANK, EQ, 19-Jul-2022,202.1,201.0,209.9,201.0, 209.55,207.3,206.2,272929,562.79,4589, 161982, 59.35,2.57
CSBBANK, EQ, 19-Jul-2023,291.45,291.9,292.05,287.6, 290.00,289.3,289.7,131360,380.55,4741, 65552, 49.90,-0.74
CSBBANK, EQ, 19-Jul-2024,361.8,363.8,363.8,355.35,356.1,357.95,359.92,205329,739.02,9860, 108200, 52.70,-1.06
CSBBANK, EQ, 19-Aug-2020,199.3,201.0,227.8,200.55,225.05,222.35,220.23,3607093,7943.96,55117, 407495, 11.30,11.57
CSBBANK, EQ, 18-Aug-2021,316.6,317.8,320.0,313.1, 314.45,314.0,315.93,120617,381.07,5296, 34982, 29.00,-0.82
CSBBANK, EQ, 19-Aug-2022,207.15,208.15,210.1,207.05, 208.30,207.8,208.41,174761,364.22,5636, 79016, 45.21,0.31
CSBBANK, EQ, 19-Aug-2024,318.85,319.95,323.8,318.35,322.1,322.1,321.97,193041,621.54,10990, 96578, 50.03,1.02
CSBBANK, EQ, 19-Sep-2022,234.2,237.0,245.6,236.1, 240.75,239.0,241.06,853679,2057.85,15051, 291891, 34.19,2.05
CSBBANK, EQ, 19-Sep-2024,320.25,320.65,323.4,314.6,322.0,320.65,319.12,169430,540.69,7238, 75585, 44.61,0.12
CSBBANK, EQ, 19-Oct-2020,230.9,233.7,249.85,231.1, 232.00,234.85,240.45,1530138,3679.28,22340, 379844, 24.82,1.71
CSBBANK, EQ, 19-Oct-2021,309.1,311.0,313.0,305.0,305.0,306.6,309.02,139001,429.54,3556, 67286, 48.41,-0.81
CSBBANK, EQ, 19-Oct-2022,250.85,252.35,254.7,248.25, 248.25,250.9,250.39,182558,457.1,4963, 74594, 40.86,0.02
CSBBANK, EQ, 19-Oct-2023,364.25,362.05,367.0,360.25,365.2,365.35,363.76,156617,569.71,7912, 87640, 55.96,0.3
CSBBANK, EQ, 19-Nov-2020,254.6,254.6,257.0,245.8, 254.00,248.8,252.68,80971,204.59,2245, 32598, 40.26,-2.28
CSBBANK, EQ, 19-Nov-2024,302.05,300.2,308.25,299.9,307.1,307.15,305.52,101388,309.76,5380, 50463, 49.77,1.69
CSBBANK, EQ, 19-Dec-2022,254.1,256.2,275.1,252.35,273.0,272.1,267.15,1773405,4737.65,21465, 572863, 32.30,7.08
CSBBANK, EQ, 19-Dec-2023,399.65,400.0,405.9,398.0, 403.90,403.5,401.71,248818,999.53,11679, 128582, 51.68,0.96
CSBBANK, EQ, 19-Dec-2024,322.1,320.0,321.0,313.35,315.95,315.15,315.9,353255,1115.94,12640, 186648, 52.84,-2.16
CSBBANK, EQ, 20-Jan-2020,201.6,202.7,203.7,195.5, 198.75,197.6,198.06,563504,1116.07,7349, 220447, 39.12,-1.98
CSBBANK, EQ, 20-Jan-2021,234.3,235.0,238.9,222.05, 225.95,226.4,230.14,928719,2137.39,12104, 330322, 35.57,-3.37
CSBBANK, EQ, 20-Jan-2022,243.5,245.0,248.6,242.8, 244.50,244.35,245.34,87343,214.29,2324, 36721, 42.04,0.35
CSBBANK, EQ, 20-Jan-2023,253.65,254.8,254.95,249.1,254.0,252.75,252.55,193761,489.33,4239, 90120, 46.51,-0.35
CSBBANK, EQ, 20-Jan-2025,312.2,318.0,318.0,309.35,312.7,312.8,312.39,74761,233.54,6096, 32153, 43.01,0.19
CSBBANK, EQ, 20-Feb-2020,162.55,162.0,168.7,160.5, 164.00,164.25,164.63,276347,454.96,4836, 76180, 27.57,1.05
CSBBANK, EQ, 20-Feb-2023,240.35,242.45,244.0,238.9, 241.15,242.05,240.77,109868,264.53,2936, 52792, 48.05,0.71
CSBBANK, EQ, 20-Feb-2024,365.4,367.0,367.9,361.0, 365.00,366.4,364.42,257345,937.81,15678, 154892, 60.19,0.27
CSBBANK, EQ, 20-Feb-2025,290.95,288.0,292.55,286.0,291.5,291.2,289.28,110840,320.64,8186, 64395, 58.10,0.09
CSBBANK, EQ, 20-Mar-2020,101.95,105.15,119.9,102.35, 117.05,114.1,109.28,286735,313.36,6408, 97285, 33.93,11.92
CSBBANK, EQ, 20-Mar-2023,227.9,227.9,229.05,218.55,226.0,225.5,224.82,296177,665.87,11799, 185904, 62.77,-1.05
CSBBANK, EQ, 20-Mar-2024,343.7,343.7,347.5,336.2, 339.10,341.75,341.6,144967,495.21,9803, 60763, 41.92,-0.57
CSBBANK, EQ, 20-Mar-2025,297.2,297.2,303.6,295.15,297.0,298.2,299.19,139388,417.03,8808, 64155, 46.03,0.34
CSBBANK, EQ, 20-Apr-2020,117.55,119.35,124.5,116.0, 120.25,121.0,120.86,203014,245.37,4401, 68770, 33.87,2.93
CSBBANK, EQ, 20-Apr-2021,249.2,252.5,259.0,250.4,254.5,253.6,256.09,159989,409.72,6208, 56100, 35.06,1.77
CSBBANK, EQ, 20-Apr-2022,218.25,218.5,219.85,213.9, 217.20,216.8,216.96,147760,320.58,3973, 74996, 50.76,-0.66
CSBBANK, EQ, 20-Apr-2023,278.6,278.6,289.8,276.7, 287.00,288.35,284.73,941309,2680.14,15007, 458040, 48.66,3.5
CSBBANK, EQ, 20-May-2020,113.45,114.0,116.0,113.15, 114.80,115.0,114.48,99512,113.92,1334, 29468, 29.61,1.37
CSBBANK, EQ, 20-May-2021,320.0,324.0,346.2,300.5, 305.50,305.7,327.34,6919062,22649.14,102033, 1163046, 16.81,-4.47
CSBBANK, EQ, 20-May-2022,184.5,186.0,194.0,184.4, 185.00,186.3,187.31,226887,424.99,4944, 142582, 62.84,0.98
CSBBANK, EQ, 18-May-2024,341.55,342.8,348.0,340.05,345.75,346.0,344.9,46265,159.57,1399, 26534, 57.35,1.3
CSBBANK, EQ, 20-Jun-2022,179.6,183.0,184.65,178.0,179.4,179.75,179.71,209686,376.83,4658, 105308, 50.22,0.08
CSBBANK, EQ, 20-Jun-2023,267.2,268.25,269.5,263.1, 267.85,266.5,265.91,205501,546.44,7559, 94268, 45.87,-0.26
CSBBANK, EQ, 20-Jun-2024,352.1,353.9,358.4,350.4,352.0,352.9,354.34,275229,975.25,11314, 140612, 51.09,0.23
CSBBANK, EQ, 20-Jul-2020,181.15,181.15,184.35,179.95, 182.75,182.45,182.81,73728,134.78,2063, 23253, 31.54,0.72
CSBBANK, EQ, 20-Jul-2021,341.95,342.0,349.9,333.15, 337.60,336.9,339.59,321858,1092.99,7211, 109399, 33.99,-1.48
CSBBANK, EQ, 20-Jul-2022,207.3,208.9,211.2,204.1, 206.50,207.0,208.56,216467,451.46,4448, 97792, 45.18,-0.14
CSBBANK, EQ, 20-Jul-2023,289.3,291.9,296.05,282.5,283.75,289.3,289.79,1009125,2924.31,19958, 278298, 27.58,0.0
CSBBANK, EQ, 20-Aug-2020,222.35,224.0,239.0,220.25,221.95,223.9,227.85,1455775,3317.03,17185, 304907, 20.94,0.7
CSBBANK, EQ, 20-Aug-2021,314.0,314.0,314.9,306.0,307.0,307.25,310.03,170514,528.65,9113, 51609, 30.27,-2.15
CSBBANK, EQ, 20-Aug-2024,322.1,322.3,323.0,318.6,321.6,321.5,320.54,157966,506.35,6460, 80147, 50.74,-0.19
CSBBANK, EQ, 20-Sep-2021,307.2,307.0,307.0,300.45, 302.00,303.3,303.6,109158,331.4,4184, 46909, 42.97,-1.27
CSBBANK, EQ, 20-Sep-2022,239.0,242.5,242.9,230.1, 235.40,232.25,237.43,297904,707.31,5789, 116210, 39.01,-2.82
CSBBANK, EQ, 20-Sep-2023,331.6,330.9,334.75,324.3, 326.25,327.75,328.46,411835,1352.7,17671, 237185, 57.59,-1.16
CSBBANK, EQ, 20-Sep-2024,320.65,320.65,330.8,320.65,322.75,323.9,325.77,291650,950.1,10191, 150452, 51.59,1.01
CSBBANK, EQ, 20-Oct-2020,234.85,232.9,239.0,229.5, 232.00,230.35,232.83,383582,893.08,6807, 121583, 31.70,-1.92
CSBBANK, EQ, 20-Oct-2021,306.6,303.05,309.1,303.0, 304.15,304.25,305.2,94615,288.77,3667, 48233, 50.98,-0.77
CSBBANK, EQ, 20-Oct-2022,250.9,251.3,257.0,245.0,249.1,250.05,250.49,883701,2213.62,8196, 664656, 75.21,-0.34
CSBBANK, EQ, 20-Oct-2023,365.35,365.0,373.6,355.15, 360.00,359.35,363.88,949974,3456.8,43349, 339103, 35.70,-1.64
CSBBANK, EQ, 20-Nov-2020,248.8,250.15,265.9,250.15,261.15,261.6,258.45,200950,519.36,3826, 90773, 45.17,5.14
CSBBANK, EQ, 20-Nov-2023,357.25,359.1,369.5,358.0, 367.50,366.5,366.76,701188,2571.68,24339, 213964, 30.51,2.59
CSBBANK, EQ, 19-Nov-2024,302.05,300.2,308.25,299.9,307.1,307.15,305.52,101388,309.76,5380, 50463, 49.77,1.69
CSBBANK, EQ, 20-Dec-2021,256.6,257.0,257.0,235.0,235.9,236.5,242.38,199363,483.22,8044, 116571, 58.47,-7.83
CSBBANK, EQ, 20-Dec-2022,272.1,274.0,275.05,263.05,270.95,270.3,268.42,1158324,3109.18,17526, 312303, 26.96,-0.66
CSBBANK, EQ, 20-Dec-2023,403.5,403.0,411.0,390.0, 394.00,392.65,402.8,463709,1867.84,20150, 215624, 46.50,-2.69
CSBBANK, EQ, 20-Dec-2024,315.15,318.1,320.4,310.2,314.6,312.3,315.47,265943,838.96,10283, 100753, 37.89,-0.9
CSBBANK, EQ, 21-Jan-2020,197.6,196.5,199.3,195.3, 195.50,196.05,196.93,260984,513.95,3880, 84671, 32.44,-0.78
CSBBANK, EQ, 21-Jan-2021,226.4,227.8,232.0,223.1, 225.55,226.3,227.99,447299,1019.81,6829, 166019, 37.12,-0.04
CSBBANK, EQ, 21-Jan-2022,244.35,245.8,245.8,238.0, 241.05,241.3,242.79,108789,264.13,3556, 48528, 44.61,-1.25
CSBBANK, EQ, 21-Jan-2025,312.8,314.85,315.5,310.1,311.65,312.4,313.04,188664,590.6,14780, 89926, 47.66,-0.13
CSBBANK, EQ, 21-Feb-2022,232.5,236.9,236.9,217.05, 221.05,220.4,228.28,364122,831.22,9938, 154960, 42.56,-5.2
CSBBANK, EQ, 21-Feb-2023,242.05,241.3,242.4,234.55, 235.95,235.15,236.71,210934,499.3,4142, 111839, 53.02,-2.85
CSBBANK, EQ, 21-Feb-2024,366.4,366.4,367.95,348.0, 352.90,351.45,357.42,460705,1646.65,27451, 227545, 49.39,-4.08
CSBBANK, EQ, 21-Feb-2025,291.2,291.2,294.4,283.05,285.9,286.45,289.44,91897,265.99,6640, 49827, 54.22,-1.63
CSBBANK, EQ, 21-Mar-2022,221.35,221.4,223.0,217.2,217.95,219.35,219.76,188540,414.34,3407, 117432, 62.28,-0.9
CSBBANK, EQ, 21-Mar-2023,225.5,225.0,254.25,224.45, 243.00,245.55,244.89,3670633,8988.84,46500, 448202, 12.21,8.89
CSBBANK, EQ, 21-Mar-2024,341.75,343.9,352.95,340.8,344.0,343.0,344.58,181338,624.85,10876, 73124, 40.32,0.37
CSBBANK, EQ, 21-Mar-2025,298.2,299.0,303.0,298.25,300.05,301.15,301.0,139726,420.57,10656, 77379, 55.38,0.99
CSBBANK, EQ, 21-Apr-2020,121.0,119.5,126.0,114.0,120.0,120.15,120.99,331372,400.93,5536, 57130, 17.24,-0.7
CSBBANK, EQ, 21-Apr-2022,216.8,217.5,223.9,216.2, 222.90,222.2,219.34,341078,748.12,6377, 198043, 58.06,2.49
CSBBANK, EQ, 21-Apr-2023,288.35,285.1,287.65,276.9, 283.00,282.8,282.17,298388,841.97,7211, 88467, 29.65,-1.92
CSBBANK, EQ, 21-Apr-2025,343.8,345.0,363.2,340.0,359.0,360.25,352.83,1043220,3680.75,45732, 528629, 50.67,4.78
CSBBANK, EQ, 21-May-2020,115.0,115.6,120.0,114.0,117.0,116.65,115.48,61458,70.97,1152, 26510, 43.14,1.43
CSBBANK, EQ, 21-May-2021,305.7,312.2,318.85,309.0, 315.00,314.5,314.33,1902340,5979.54,37527, 313307, 16.47,2.88
CSBBANK, EQ, 21-May-2024,346.0,348.5,348.95,337.0,339.0,339.3,340.28,511593,1740.86,31592, 342021, 66.85,-1.94
CSBBANK, EQ, 21-Jun-2021,317.85,314.9,330.0,311.35, 329.80,327.6,322.25,216820,698.7,6617, 79050, 36.46,3.07
CSBBANK, EQ, 21-Jun-2022,179.75,178.0,195.9,178.0,188.0,191.3,187.83,238946,448.8,5415, 97868, 40.96,6.43
CSBBANK, EQ, 21-Jun-2023,266.5,269.3,272.4,267.0, 268.60,268.2,269.8,203034,547.79,5598, 110198, 54.28,0.64
CSBBANK, EQ, 21-Jun-2024,352.9,353.0,355.0,346.9,349.0,350.35,350.57,100950,353.9,5718, 43110, 42.70,-0.72
CSBBANK, EQ, 21-Jul-2020,182.45,184.0,185.4,180.0, 181.50,181.55,183.41,74423,136.5,1467, 40503, 54.42,-0.49
CSBBANK, EQ, 21-Jul-2022,207.0,212.0,220.0,208.0,209.8,210.05,214.05,1288700,2758.42,21998, 244025, 18.94,1.47
CSBBANK, EQ, 21-Jul-2023,289.3,287.0,293.5,283.2, 288.65,290.75,289.1,568046,1642.2,14584, 237524, 41.81,0.5
CSBBANK, EQ, 21-Aug-2020,223.9,222.7,224.8,213.0, 215.35,214.65,219.21,308305,675.83,6106, 115444, 37.44,-4.13
CSBBANK, EQ, 21-Aug-2023,315.7,318.5,325.4,311.2, 322.00,322.25,318.58,613574,1954.73,15947, 191093, 31.14,2.07
CSBBANK, EQ, 21-Aug-2024,321.5,321.5,326.9,319.0,325.55,325.45,323.18,332779,1075.47,8875, 137382, 41.28,1.23
CSBBANK, EQ, 21-Sep-2020,223.2,226.8,229.9,215.5, 220.65,220.6,224.22,171215,383.9,6118, 56829, 33.19,-1.16
CSBBANK, EQ, 21-Sep-2021,303.3,300.0,311.75,293.65, 298.90,298.0,301.61,322535,972.79,10865, 83241, 25.81,-1.75
CSBBANK, EQ, 21-Sep-2022,232.25,236.8,239.8,230.7, 238.50,238.3,234.33,1710056,4007.21,11452, 1361171, 79.60,2.6
CSBBANK, EQ, 21-Sep-2023,327.75,327.35,331.3,319.1, 322.00,321.15,324.49,459040,1489.54,13200, 260448, 56.74,-2.01
CSBBANK, EQ, 21-Oct-2020,230.35,235.0,235.05,225.6, 229.00,228.75,231.06,148211,342.46,5294, 61302, 41.36,-0.69
CSBBANK, EQ, 21-Oct-2021,304.25,308.8,309.15,300.0, 309.15,306.1,304.13,112011,340.66,3308, 45679, 40.78,0.61
CSBBANK, EQ, 21-Oct-2022,250.05,251.35,256.9,230.25,234.9,235.35,244.18,1250523,3053.47,21820, 348576, 27.87,-5.88
CSBBANK, EQ, 21-Oct-2024,309.7,310.7,312.4,303.3, 305.35,306.6,306.98,304492,934.74,10956, 170018, 55.84,-1.0
CSBBANK, EQ, 21-Nov-2022,219.1,219.0,219.45,216.7, 216.70,217.0,217.58,138624,301.62,3466, 71707, 51.73,-0.96
CSBBANK, EQ, 21-Nov-2023,366.5,370.0,374.0,364.45, 373.95,372.35,369.31,396100,1462.85,13028, 170379, 43.01,1.6
CSBBANK, EQ, 21-Nov-2024,307.15,307.15,308.1,300.25,307.95,305.85,304.21,95958,291.91,7913, 54190, 56.47,-0.42
CSBBANK, EQ, 21-Dec-2020,224.35,224.0,225.4,193.2, 217.50,215.2,219.15,548341,1201.71,6814, 330623, 60.30,-4.08
CSBBANK, EQ, 21-Dec-2021,236.5,236.5,240.0,230.1,230.9,231.55,235.77,211335,498.27,9701, 90943, 43.03,-2.09
CSBBANK, EQ, 21-Dec-2022,270.3,272.75,273.4,255.8, 260.10,259.65,264.86,657657,1741.9,9331, 239980, 36.49,-3.94
CSBBANK, EQ, 21-Dec-2023,392.65,391.0,398.65,384.0, 390.00,395.0,393.4,185875,731.23,12057, 89963, 48.40,0.6
CSBBANK, EQ, 22-Jan-2020,196.05,197.8,200.4,195.4, 195.70,195.85,197.41,358051,706.83,4818, 92917, 25.95,-0.1
CSBBANK, EQ, 22-Jan-2021,226.3,226.3,227.5,220.55, 222.60,222.65,223.35,264350,590.43,5191, 129136, 48.85,-1.61
CSBBANK, EQ, 20-Jan-2024,377.45,383.1,395.0,382.75, 394.20,393.25,390.11,185478,723.57,10202, 81200, 43.78,4.19
CSBBANK, EQ, 22-Jan-2025,312.4,310.0,312.0,307.2,308.05,308.7,308.83,87835,271.26,11484, 40221, 45.79,-1.18
CSBBANK, EQ, 22-Feb-2021,224.8,224.5,225.1,220.1,222.0,221.95,221.93,115874,257.16,2225, 58157, 50.19,-1.27
CSBBANK, EQ, 22-Feb-2022,220.4,215.35,233.9,212.55,228.3,229.7,227.14,679266,1542.87,15783, 90958, 13.39,4.22
CSBBANK, EQ, 22-Feb-2023,235.15,234.0,237.2,231.75, 232.00,234.65,234.18,165556,387.69,3612, 95058, 57.42,-0.21
CSBBANK, EQ, 22-Feb-2024,351.45,353.25,361.0,350.1, 360.75,360.05,355.76,144893,515.47,10374, 71595, 49.41,2.45
CSBBANK, EQ, 22-Mar-2021,244.05,246.0,252.1,243.05,248.0,246.1,248.23,151586,376.29,7677, 65047, 42.91,0.84
CSBBANK, EQ, 22-Mar-2022,219.35,217.0,222.6,217.0, 219.00,219.95,219.91,634162,1394.6,2393, 559416, 88.21,0.27
CSBBANK, EQ, 22-Mar-2023,245.55,244.95,245.55,238.3, 241.95,241.25,241.47,512983,1238.68,10012, 51373, 10.01,-1.75
CSBBANK, EQ, 22-Mar-2024,343.0,342.85,349.2,342.85,344.75,346.9,346.67,97333,337.42,5602, 46042, 47.30,1.14
CSBBANK, EQ, 22-Apr-2020,120.15,119.3,122.05,116.0,117.3,117.1,118.28,150366,177.85,2720, 57425, 38.19,-2.54
CSBBANK, EQ, 22-Apr-2021,253.6,250.0,259.35,250.0,256.8,256.95,256.42,135835,348.31,4012, 37607, 27.69,1.32
CSBBANK, EQ, 22-Apr-2022,222.2,222.0,222.1,219.05, 220.80,219.95,220.92,165123,364.78,2708, 81911, 49.61,-1.01
CSBBANK, EQ, 22-Apr-2024,401.75,404.05,408.0,400.0,404.95,403.85,404.79,390291,1579.86,13847, 263446, 67.50,0.52
CSBBANK, EQ, 22-Apr-2025,360.25,359.0,360.0,350.0,354.0,355.1,356.6,405983,1447.75,20935, 191073, 47.06,-1.43
CSBBANK, EQ, 22-May-2020,116.65,117.0,118.8,114.2,117.0,116.95,116.43,134188,156.23,2128, 20886, 15.56,0.26
CSBBANK, EQ, 22-May-2023,283.85,289.95,289.95,283.85,287.05,287.0,287.29,111701,320.9,3468, 38526, 34.49,1.11
CSBBANK, EQ, 22-May-2024,339.3,342.7,343.0,333.0,335.05,334.8,336.37,305358,1027.13,20545, 174116, 57.02,-1.33
CSBBANK, EQ, 22-Jun-2020,164.2,165.4,169.0,164.2, 167.20,167.55,167.24,430739,720.36,5322, 164953, 38.30,2.04
CSBBANK, EQ, 22-Jun-2021,327.6,334.0,335.25,322.0, 323.50,324.95,329.33,156882,516.65,4704, 60434, 38.52,-0.81
CSBBANK, EQ, 22-Jun-2022,191.3,188.0,189.95,184.1,186.15,187.85,187.53,127200,238.54,3779, 46641, 36.67,-1.8
CSBBANK, EQ, 22-Jun-2023,268.2,267.9,272.2,267.2,270.0,270.2,270.15,204423,552.26,5214, 130629, 63.90,0.75
CSBBANK, EQ, 22-Jul-2020,181.55,185.6,192.8,184.0, 186.00,184.8,187.31,276974,518.79,5017, 72645, 26.23,1.79
CSBBANK, EQ, 22-Jul-2021,336.9,340.0,344.5,274.4, 325.35,322.85,324.23,1687315,5470.72,29911, 365965, 21.69,-4.17
CSBBANK, EQ, 22-Jul-2022,210.05,212.8,214.5,203.15, 204.90,204.4,207.31,707425,1466.58,10842, 291105, 41.15,-2.69
CSBBANK, EQ, 22-Jul-2024,357.95,355.1,363.15,352.85,358.55,358.25,359.22,252916,908.52,12274, 133229, 52.68,0.08
CSBBANK, EQ, 22-Aug-2022,207.8,208.3,208.85,203.1, 204.40,204.35,205.2,97165,199.39,3542, 51475, 52.98,-1.66
CSBBANK, EQ, 22-Aug-2023,322.25,325.0,325.9,315.95, 316.65,317.9,318.96,323746,1032.62,10598, 115552, 35.69,-1.35
CSBBANK, EQ, 22-Aug-2024,325.45,325.45,332.0,324.4,330.0,330.65,329.31,251182,827.17,7716, 145693, 58.00,1.6
CSBBANK, EQ, 22-Sep-2020,220.6,221.0,224.6,203.9, 221.00,222.15,217.62,168106,365.83,3869, 67840, 40.36,0.7
CSBBANK, EQ, 22-Sep-2021,298.0,299.5,307.0,299.0, 302.95,301.8,302.84,173752,526.2,6530, 48505, 27.92,1.28
CSBBANK, EQ, 22-Sep-2022,238.3,238.3,238.35,230.0, 237.45,236.45,234.74,243235,570.98,5264, 75844, 31.18,-0.78
CSBBANK, EQ, 22-Sep-2023,321.15,322.75,337.5,322.7, 329.55,329.5,330.69,883734,2922.46,23224, 252481, 28.57,2.6
CSBBANK, EQ, 22-Oct-2020,228.75,228.9,232.6,224.55, 229.50,229.6,228.93,87772,200.94,3791, 30596, 34.86,0.37
CSBBANK, EQ, 22-Oct-2021,306.1,307.0,314.5,302.05, 306.80,306.0,307.53,182335,560.73,7810, 64005, 35.10,-0.03
CSBBANK, EQ, 22-Oct-2024,306.6,304.95,309.0,296.05,305.0,303.25,300.74,336334,1011.49,15830, 174433, 51.86,-1.09
CSBBANK, EQ, 22-Nov-2021,295.05,294.0,295.0,277.0,284.0,282.25,289.41,309083,894.5,6221, 219003, 70.86,-4.34
CSBBANK, EQ, 22-Nov-2022,217.0,218.1,219.2,215.1, 215.55,215.55,216.87,143828,311.92,3195, 75693, 52.63,-0.67
CSBBANK, EQ, 22-Nov-2023,372.35,367.1,373.5,366.0, 369.00,370.75,369.98,224875,831.99,9196, 111637, 49.64,-0.43
CSBBANK, EQ, 22-Nov-2024,305.85,304.45,311.9,300.8,306.6,306.9,304.93,162885,496.69,10387, 51949, 31.89,0.34
CSBBANK, EQ, 22-Dec-2020,215.2,217.0,224.95,207.0, 224.05,221.5,217.62,1433574,3119.73,6732, 1158797, 80.83,2.93
CSBBANK, EQ, 22-Dec-2021,231.55,230.9,236.3,230.9, 231.65,232.55,233.28,139915,326.39,5705, 68859, 49.21,0.43
CSBBANK, EQ, 22-Dec-2022,259.65,261.7,262.0,242.4, 248.40,246.3,250.45,898208,2249.57,16867, 334487, 37.24,-5.14
CSBBANK, EQ, 22-Dec-2023,395.0,392.9,401.0,392.4, 393.45,396.7,396.51,139916,554.78,7293, 48207, 34.45,0.43
CSBBANK, EQ, 23-Jan-2020,195.85,196.95,198.2,194.65, 196.50,196.15,196.24,280219,549.9,3852, 91615, 32.69,0.15
CSBBANK, EQ, 23-Jan-2023,252.75,254.8,259.5,253.3,253.5,255.0,257.22,495806,1275.3,8540, 191919, 38.71,0.89
CSBBANK, EQ, 23-Jan-2024,393.25,397.35,397.95,375.0, 379.80,379.9,385.28,189388,729.68,14622, 71223, 37.61,-3.39
CSBBANK, EQ, 23-Jan-2025,308.7,308.3,313.95,305.0,309.5,312.55,310.56,89029,276.49,7232, 32092, 36.05,1.25
CSBBANK, EQ, 23-Feb-2021,221.95,221.0,230.0,220.5, 227.00,225.0,225.49,212514,479.19,2453, 129271, 60.83,1.37
CSBBANK, EQ, 23-Feb-2022,229.7,235.0,235.0,225.85,229.5,228.95,229.85,157153,361.22,4619, 47610, 30.30,-0.33
CSBBANK, EQ, 23-Feb-2023,234.65,231.3,234.6,227.35,227.6,229.0,230.64,184941,426.54,3723, 96321, 52.08,-2.41
CSBBANK, EQ, 23-Feb-2024,360.05,365.7,366.0,356.3, 360.00,358.75,359.49,107070,384.91,9281, 49019, 45.78,-0.36
CSBBANK, EQ, 23-Mar-2020,114.1,105.0,109.85,99.05, 106.00,102.85,103.17,124152,128.09,4907, 57378, 46.22,-9.86
CSBBANK, EQ, 23-Mar-2021,246.1,247.0,253.65,246.15, 246.30,248.15,250.37,178091,445.89,6425, 57411, 32.24,0.83
CSBBANK, EQ, 23-Mar-2022,219.95,220.5,223.35,218.05, 218.05,219.4,221.0,137620,304.14,11098, 57092, 41.49,-0.25
CSBBANK, EQ, 23-Mar-2023,241.25,242.7,252.9,239.15, 246.25,245.4,247.31,929614,2299.02,17247, 169817, 18.27,1.72
CSBBANK, EQ, 23-Apr-2020,117.1,119.0,119.7,116.1,116.55,116.6,118.1,84497,99.79,1602, 36738, 43.48,-0.43
CSBBANK, EQ, 23-Apr-2021,256.95,256.95,259.9,250.05,251.0,254.0,255.97,251108,642.77,14137, 167960, 66.89,-1.15
CSBBANK, EQ, 23-Apr-2024,403.85,406.8,407.0,401.55,403.0,403.5,403.91,103614,418.5,6598, 55325, 53.40,-0.09
CSBBANK, EQ, 23-Apr-2025,355.1,356.05,360.9,347.25,358.0,359.45,355.04,405909,1441.16,21596, 185398, 45.67,1.23
CSBBANK, EQ, 23-May-2022,186.3,187.25,191.0,184.75,188.0,187.9,188.48,237868,448.32,6424, 129178, 54.31,0.86
CSBBANK, EQ, 23-May-2023,287.0,287.05,289.95,284.4, 287.20,286.4,287.44,140885,404.97,4457, 51272, 36.39,-0.21
CSBBANK, EQ, 23-May-2024,334.8,336.5,341.45,330.6,331.5,332.55,332.57,637091,2118.79,41301, 419341, 65.82,-0.67
CSBBANK, EQ, 23-Jun-2020,167.55,169.2,184.8,167.45, 179.45,180.25,178.07,873315,1555.11,14129, 488502, 55.94,7.58
CSBBANK, EQ, 23-Jun-2021,324.95,327.8,329.25,320.0, 320.10,321.2,324.74,106314,345.24,4279, 40676, 38.26,-1.15
CSBBANK, EQ, 23-Jun-2022,187.85,187.9,190.8,187.0,189.35,189.1,189.12,72869,137.81,2610, 32253, 44.26,0.67
CSBBANK, EQ, 23-Jun-2023,270.2,270.2,272.7,267.1, 269.10,270.05,270.1,204813,553.19,5520, 129054, 63.01,-0.06
CSBBANK, EQ, 23-Jul-2020,184.8,186.5,187.9,183.9, 184.00,184.75,185.69,59844,111.13,1402, 23751, 39.69,-0.03
CSBBANK, EQ, 23-Jul-2021,322.85,323.0,357.0,320.5,351.0,351.2,342.03,1817733,6217.25,31222, 427803, 23.53,8.78
CSBBANK, EQ, 23-Jul-2024,358.25,360.95,363.45,350.7,357.5,357.35,357.46,175999,629.12,10805, 69082, 39.25,-0.25
CSBBANK, EQ, 23-Aug-2021,307.25,313.0,314.0,297.25, 297.45,300.6,303.52,122177,370.84,4096, 49158, 40.24,-2.16
CSBBANK, EQ, 23-Aug-2022,204.35,205.0,205.85,201.0, 203.10,202.8,203.18,126931,257.89,2710, 74743, 58.88,-0.76
CSBBANK, EQ, 23-Aug-2023,317.9,319.7,333.4,316.55, 325.00,327.25,328.06,816480,2678.55,16654, 313772, 38.43,2.94
CSBBANK, EQ, 23-Aug-2024,330.65,331.0,333.45,328.1,332.0,332.3,331.73,194782,646.15,8492, 121430, 62.34,0.5
CSBBANK, EQ, 23-Sep-2020,222.15,223.2,225.85,213.9, 220.15,220.25,219.26,61816,135.54,1912, 23997, 38.82,-0.86
CSBBANK, EQ, 23-Sep-2021,301.8,302.9,310.75,300.4, 302.90,302.8,306.81,261834,803.33,9808, 105218, 40.19,0.33
CSBBANK, EQ, 23-Sep-2022,236.45,237.45,237.45,227.25, 232.00,231.55,231.64,173630,402.2,4532, 74054, 42.65,-2.07
CSBBANK, EQ, 23-Sep-2024,323.9,326.0,333.0,319.9,323.3,322.6,326.93,409920,1340.13,12488, 224910, 54.87,-0.4
CSBBANK, EQ, 23-Oct-2020,229.6,229.5,234.5,229.05, 231.10,232.55,232.82,111103,258.67,2677, 39440, 35.50,1.28
CSBBANK, EQ, 23-Oct-2023,359.35,356.25,358.0,329.15, 334.65,334.1,340.74,567090,1932.32,24066, 248225, 43.77,-7.03
CSBBANK, EQ, 23-Oct-2024,303.25,300.3,305.95,297.55,304.85,303.15,302.55,172841,522.94,8525, 58984, 34.13,-0.03
CSBBANK, EQ, 23-Nov-2020,261.6,260.0,265.0,247.65, 253.00,253.95,259.1,135152,350.18,3204, 40125, 29.69,-2.92
CSBBANK, EQ, 23-Nov-2021,282.25,282.0,283.0,276.5,283.0,281.25,279.71,89680,250.84,3087, 39023, 43.51,-0.35
CSBBANK, EQ, 23-Nov-2022,215.55,216.6,219.8,215.55,219.25,217.8,217.31,143186,311.16,4044, 69716, 48.69,1.04
CSBBANK, EQ, 23-Nov-2023,370.75,371.5,379.0,368.3, 374.05,377.0,374.41,386596,1447.45,12948, 192186, 49.71,1.69
CSBBANK, EQ, 23-Dec-2020,221.5,224.7,227.0,218.7,225.2,225.9,224.53,260292,584.43,6284, 129924, 49.91,1.99
CSBBANK, EQ, 23-Dec-2021,232.55,232.55,239.75,230.75, 234.00,234.2,234.01,211823,495.69,4960, 93851, 44.31,0.71
CSBBANK, EQ, 23-Dec-2022,246.3,240.95,247.8,222.55, 227.80,228.2,236.77,652312,1544.47,11271, 251194, 38.51,-7.35
CSBBANK, EQ, 23-Dec-2024,312.3,313.75,319.85,313.6,315.0,314.75,316.32,154205,487.78,10220, 63508, 41.18,0.78
CSBBANK, EQ, 24-Jan-2020,196.15,196.15,202.35,195.65,198.8,199.35,199.41,460315,917.91,6299, 178324, 38.74,1.63
CSBBANK, EQ, 24-Jan-2022,241.3,249.0,257.0,238.35,243.15,242.5,248.4,2254896,5601.23,40247, 526626, 23.35,0.5
CSBBANK, EQ, 24-Jan-2023,255.0,256.25,258.8,247.2,248.0,248.65,253.43,293498,743.82,7340, 116462, 39.68,-2.49
CSBBANK, EQ, 24-Jan-2024,379.9,380.1,385.0,369.65, 373.20,372.7,376.45,238236,896.83,12718, 135712, 56.97,-1.9
CSBBANK, EQ, 24-Jan-2025,312.55,310.95,313.95,308.0,308.15,309.35,310.96,96051,298.68,10555, 41551, 43.26,-1.02
CSBBANK, EQ, 24-Feb-2020,164.25,163.0,166.0,160.15, 165.45,164.65,163.31,194823,318.16,3592, 106279, 54.55,0.24
CSBBANK, EQ, 24-Feb-2021,225.0,228.35,228.8,224.1, 225.90,225.35,226.25,102518,231.94,1325, 60258, 58.78,0.16
CSBBANK, EQ, 24-Feb-2022,228.95,216.0,225.4,208.35, 210.00,210.75,215.99,371533,802.46,9353, 151321, 40.73,-7.95
CSBBANK, EQ, 24-Feb-2023,229.0,230.0,231.9,226.1, 229.05,230.8,229.66,154187,354.1,4140, 70920, 46.00,0.79
CSBBANK, EQ, 24-Feb-2025,286.45,281.4,286.0,279.15,283.75,284.35,282.53,105372,297.71,8200, 53245, 50.53,-0.73
CSBBANK, EQ, 24-Mar-2020,102.85,109.0,109.0,99.0, 99.40,99.7,101.02,92354,93.29,6180, 36924, 39.98,-3.06
CSBBANK, EQ, 24-Mar-2021,248.15,254.6,254.6,243.0, 244.00,245.2,249.07,238138,593.13,5150, 111207, 46.70,-1.19
CSBBANK, EQ, 24-Mar-2022,219.4,220.0,221.25,212.0, 217.90,217.55,218.83,137313,300.48,3253, 52686, 38.37,-0.84
CSBBANK, EQ, 24-Mar-2023,245.4,249.0,250.7,236.35, 238.00,238.05,241.49,329461,795.62,6178, 133421, 40.50,-3.0
CSBBANK, EQ, 24-Mar-2025,301.15,303.0,309.9,299.55,304.0,302.85,304.88,267639,815.99,19353, 138032, 51.57,0.56
CSBBANK, EQ, 24-Apr-2020,116.6,116.5,116.5,109.35,110.4,110.55,113.15,95894,108.5,2778, 59390, 61.93,-5.19
CSBBANK, EQ, 24-Apr-2023,282.8,282.85,290.5,282.6, 284.95,286.35,286.28,730447,2091.13,9800, 374998, 51.34,1.26
CSBBANK, EQ, 24-Apr-2024,403.5,405.0,407.9,398.4, 400.35,399.75,401.62,161342,647.99,10236, 79962, 49.56,-0.93
CSBBANK, EQ, 24-Apr-2025,359.45,356.25,368.05,353.2,361.8,363.0,363.31,585222,2126.18,29760, 296048, 50.59,0.99
CSBBANK, EQ, 24-May-2021,314.5,317.5,317.5,302.65, 307.80,305.8,309.27,545826,1688.06,8902, 152636, 27.96,-2.77
CSBBANK, EQ, 24-May-2022,187.9,187.9,190.0,183.85,184.75,185.45,186.65,87414,163.16,2385, 39094, 44.72,-1.3
CSBBANK, EQ, 24-May-2023,286.4,287.0,288.05,280.2, 281.90,281.0,283.14,107240,303.64,3530, 43995, 41.02,-1.89
CSBBANK, EQ, 24-May-2024,332.55,331.5,338.75,324.25,326.0,327.75,332.37,614933,2043.88,23476, 392591, 63.84,-1.44
CSBBANK, EQ, 24-Jun-2020,180.25,183.0,195.25,183.0,187.3,186.4,189.67,930747,1765.36,13237, 278705, 29.94,3.41
CSBBANK, EQ, 24-Jun-2021,321.2,323.0,339.0,317.2, 333.00,333.0,331.91,770686,2557.97,13892, 126574, 16.42,3.67
CSBBANK, EQ, 24-Jun-2022,189.1,190.05,193.1,189.45, 192.30,192.55,192.09,94493,181.51,2327, 54856, 58.05,1.82
CSBBANK, EQ, 24-Jun-2024,350.35,350.0,350.05,344.6,347.0,345.45,346.58,160627,556.7,9641, 83808, 52.18,-1.4
CSBBANK, EQ, 24-Jul-2020,184.75,183.0,198.65,179.05,193.0,195.15,192.93,860693,1660.51,11861, 166925, 19.39,5.63
CSBBANK, EQ, 24-Jul-2023,290.75,292.0,293.05,285.45, 286.75,286.8,287.09,409482,1175.58,6946, 294190, 71.84,-1.36
CSBBANK, EQ, 24-Jul-2024,357.35,357.5,361.75,355.0,360.0,359.6,358.81,108002,387.52,6935, 54463, 50.43,0.63
CSBBANK, EQ, 24-Aug-2020,214.65,216.0,219.2,208.0,213.9,213.4,214.59,225657,484.24,5083, 74369, 32.96,-0.58
CSBBANK, EQ, 24-Aug-2021,300.6,302.0,302.0,293.0, 295.00,295.65,298.85,364713,1089.94,11411, 244346, 67.00,-1.65
CSBBANK, EQ, 24-Aug-2022,202.8,203.8,204.8,202.3,203.0,202.95,203.02,113443,230.32,2304, 75963, 66.96,0.07
CSBBANK, EQ, 24-Aug-2023,327.25,328.5,329.05,323.65, 328.00,328.45,327.22,257706,843.27,9424, 82199, 31.90,0.37
CSBBANK, EQ, 24-Sep-2020,220.25,220.0,220.0,210.55, 215.50,215.5,215.38,158493,341.37,4902, 72924, 46.01,-2.16
CSBBANK, EQ, 24-Sep-2021,302.8,306.0,309.75,302.0, 305.00,302.9,306.95,288966,886.97,8192, 137021, 47.42,0.03
CSBBANK, EQ, 24-Sep-2024,322.6,325.8,325.8,320.45,321.95,322.2,322.02,218268,702.86,6280, 156017, 71.48,-0.12
CSBBANK, EQ, 24-Oct-2024,303.15,302.9,311.5,301.05,309.4,309.25,308.32,675040,2081.28,18366, 211967, 31.40,2.01
CSBBANK, EQ, 24-Nov-2020,253.95,254.9,262.0,252.0, 254.00,253.75,256.71,142891,366.82,3330, 73288, 51.29,-0.08
CSBBANK, EQ, 24-Nov-2021,281.25,282.0,286.85,281.0, 281.90,282.45,284.15,57791,164.21,2554, 26813, 46.40,0.43
CSBBANK, EQ, 24-Nov-2022,217.8,219.0,219.55,215.6, 215.60,216.2,217.06,142898,310.17,3163, 87145, 60.98,-0.73
CSBBANK, EQ, 24-Nov-2023,377.0,380.0,382.15,371.7, 376.60,379.55,378.72,588534,2228.87,16489, 254667, 43.27,0.68
CSBBANK, EQ, 24-Dec-2020,225.9,227.0,228.0,220.5, 220.90,221.8,223.06,370294,825.98,3779, 239317, 64.63,-1.81
CSBBANK, EQ, 24-Dec-2021,234.2,237.0,238.6,228.0, 229.10,229.25,231.39,139737,323.34,3995, 79519, 56.91,-2.11
CSBBANK, EQ, 24-Dec-2024,314.75,314.75,325.0,314.4,324.0,323.35,321.01,180782,580.33,12269, 90333, 49.97,2.73
CSBBANK, EQ, 25-Jan-2021,222.65,224.0,225.75,218.1, 220.00,221.3,222.29,258739,575.16,7224, 121464, 46.94,-0.61
CSBBANK, EQ, 25-Jan-2022,242.5,239.95,249.25,236.55,245.0,244.8,244.83,491253,1202.75,9284, 245940, 50.06,0.95
CSBBANK, EQ, 25-Jan-2023,248.65,250.7,253.9,247.5, 249.90,249.3,250.29,303749,760.27,7925, 116643, 38.40,0.26
CSBBANK, EQ, 25-Jan-2024,372.7,374.6,379.95,365.15, 374.00,374.2,370.74,273909,1015.5,17229, 127787, 46.65,0.4
CSBBANK, EQ, 25-Feb-2020,164.65,164.5,166.15,162.3, 165.05,165.25,164.78,153950,253.68,2434, 77889, 50.59,0.36
CSBBANK, EQ, 25-Feb-2021,225.35,230.25,231.5,227.6, 227.60,227.85,229.33,216696,496.94,2876, 144278, 66.58,1.11
CSBBANK, EQ, 25-Feb-2022,210.75,221.5,222.0,214.4,217.15,217.15,217.51,224889,489.17,6060, 79827, 35.50,3.04
CSBBANK, EQ, 25-Feb-2025,284.35,283.2,289.0,282.0,286.6,287.4,285.82,69190,197.76,4684, 37158, 53.70,1.07
CSBBANK, EQ, 25-Mar-2020,99.7,98.0,101.7,95.6, 99.65,100.05,98.53,82935,81.72,2194, 27611, 33.29,0.35
CSBBANK, EQ, 25-Mar-2021,245.2,245.0,253.0,235.0,235.25,237.65,239.68,303404,727.21,3911, 205981, 67.89,-3.08
CSBBANK, EQ, 25-Mar-2022,217.55,218.0,221.15,216.65,218.0,217.4,218.54,143694,314.03,2954, 90640, 63.08,-0.07
CSBBANK, EQ, 25-Mar-2025,302.85,304.5,306.7,295.55,300.0,299.35,301.65,157012,473.63,11374, 67830, 43.20,-1.16
CSBBANK, EQ, 25-Apr-2022,219.95,219.1,219.95,216.65,217.55,217.7,217.74,91343,198.89,2479, 56547, 61.91,-1.02
CSBBANK, EQ, 25-Apr-2023,286.35,285.5,288.7,282.1,283.8,284.7,286.68,522970,1499.24,10545, 261880, 50.08,-0.58
CSBBANK, EQ, 25-Apr-2024,399.75,403.75,416.7,398.9, 404.00,404.9,408.0,364853,1488.6,14772, 126687, 34.72,1.29
CSBBANK, EQ, 25-Apr-2025,363.0,365.0,365.45,350.5,356.25,355.7,356.84,355025,1266.85,22581, 177465, 49.99,-2.01
CSBBANK, EQ, 25-May-2021,305.8,308.0,317.0,306.25, 315.25,314.8,312.66,964999,3017.15,17974, 179581, 18.61,2.94
CSBBANK, EQ, 25-May-2022,185.45,185.5,188.35,183.05, 184.00,184.35,185.58,112670,209.09,3176, 42564, 37.78,-0.59
CSBBANK, EQ, 25-May-2023,281.0,281.0,284.7,278.15, 282.05,282.7,281.82,145635,410.42,3973, 59511, 40.86,0.6
CSBBANK, EQ, 25-Jun-2020,186.4,183.1,187.95,178.15, 184.20,183.7,184.0,286693,527.53,4809, 75162, 26.22,-1.45
CSBBANK, EQ, 25-Jun-2021,333.0,335.0,342.0,333.0, 339.00,337.8,338.4,922348,3121.22,16258, 337748, 36.62,1.44
CSBBANK, EQ, 25-Jun-2024,345.45,346.1,364.0,346.0,356.65,355.75,355.97,554629,1974.31,15138, 211001, 38.04,2.98
CSBBANK, EQ, 25-Jul-2022,204.4,206.25,208.3,200.05, 200.05,200.95,203.08,213809,434.2,4665, 88454, 41.37,-1.69
CSBBANK, EQ, 25-Jul-2023,286.8,287.25,290.9,284.65, 290.00,289.8,288.41,230015,663.39,7669, 118670, 51.59,1.05
CSBBANK, EQ, 25-Jul-2024,359.6,356.8,360.0,354.8,360.0,356.3,356.7,155395,554.3,6526, 81109, 52.20,-0.92
CSBBANK, EQ, 25-Aug-2020,213.4,214.9,234.0,213.4, 231.00,228.4,223.59,502960,1124.58,9745, 236338, 46.99,7.03
CSBBANK, EQ, 25-Aug-2021,295.65,295.5,310.15,295.1, 297.55,296.95,302.16,317833,960.37,9070, 102110, 32.13,0.44
CSBBANK, EQ, 25-Aug-2022,202.95,203.0,204.65,202.0,202.9,202.45,203.12,574541,1167.02,7768, 378610, 65.90,-0.25
CSBBANK, EQ, 25-Aug-2023,328.45,327.05,327.3,320.0, 320.40,320.85,322.58,207999,670.97,6415, 82091, 39.47,-2.31
CSBBANK, EQ, 25-Sep-2020,215.5,216.6,223.25,215.05, 219.60,219.1,218.69,111924,244.77,5933, 34982, 31.26,1.67
CSBBANK, EQ, 25-Sep-2023,329.5,328.95,331.05,325.25, 329.80,329.3,328.6,219281,720.55,7265, 72093, 32.88,-0.06
CSBBANK, EQ, 25-Sep-2024,322.2,325.0,325.0,318.5,320.1,321.1,320.84,137316,440.57,5690, 76038, 55.37,-0.34
CSBBANK, EQ, 25-Oct-2021,306.0,309.9,336.9,301.1, 302.50,306.2,320.84,4734682,15190.7,87535, 572675, 12.10,0.07
CSBBANK, EQ, 25-Oct-2022,233.85,238.9,238.9,227.55,228.2,229.25,232.22,3134219,7278.19,9168, 2825950, 90.16,-1.97
CSBBANK, EQ, 25-Oct-2023,334.1,333.0,338.0,318.6,322.2,322.45,327.89,540258,1771.46,22405, 253815, 46.98,-3.49
CSBBANK, EQ, 25-Oct-2024,309.25,309.25,309.95,292.05,308.65,307.6,301.1,336464,1013.08,16231, 121369, 36.07,-0.53
CSBBANK, EQ, 25-Nov-2020,253.75,254.8,258.4,252.05, 255.70,256.45,255.79,146547,374.85,2130, 99860, 68.14,1.06
CSBBANK, EQ, 25-Nov-2021,282.45,282.0,284.7,280.0,281.0,281.05,282.74,46459,131.36,1744, 20354, 43.81,-0.5
CSBBANK, EQ, 25-Nov-2022,216.2,215.0,222.65,214.95,217.5,218.0,218.5,275808,602.65,6303, 126371, 45.82,0.83
CSBBANK, EQ, 25-Nov-2024,306.9,307.65,311.65,302.05,302.75,303.05,305.4,122690,374.69,7496, 62059, 50.58,-1.25
CSBBANK, EQ, 26-Feb-2020,165.25,165.0,179.3,161.95, 177.50,176.55,174.05,818604,1424.76,11075, 216039, 26.39,6.84
CSBBANK, EQ, 26-Feb-2021,227.85,222.0,229.0,222.0,225.35,225.1,225.64,178530,402.84,2240, 108443, 60.74,-1.21
CSBBANK, EQ, 26-Feb-2024,358.75,356.15,362.0,354.6, 360.35,359.7,358.72,158580,568.85,8325, 99215, 62.56,0.26
CSBBANK, EQ, 26-Mar-2020,100.05,99.65,111.45,98.0, 105.35,105.15,106.14,134819,143.1,3979, 52959, 39.28,5.1
CSBBANK, EQ, 26-Mar-2021,237.65,236.0,242.0,236.0,237.0,238.35,238.92,153860,367.61,2863, 91181, 59.26,0.29
CSBBANK, EQ, 26-Mar-2024,346.9,352.4,354.5,344.5,344.5,348.7,350.01,194122,679.45,8229, 116093, 59.80,0.52
CSBBANK, EQ, 26-Mar-2025,299.35,299.9,304.95,296.05,297.9,298.05,299.51,158262,474.0,12451, 76600, 48.40,-0.43
CSBBANK, EQ, 26-Apr-2021,254.0,253.0,258.0,243.8, 255.00,255.95,253.55,110409,279.94,2471, 39269, 35.57,0.77
CSBBANK, EQ, 26-Apr-2022,217.7,218.5,222.15,218.2, 221.00,221.2,220.28,116165,255.89,2859, 51751, 44.55,1.61
CSBBANK, EQ, 26-Apr-2023,284.7,284.2,295.0,281.55, 290.05,292.15,290.47,1128381,3277.6,26895, 477903, 42.35,2.62
CSBBANK, EQ, 26-Apr-2024,404.9,408.0,409.7,369.0, 388.25,384.1,388.57,1206913,4689.71,50978, 223217, 18.49,-5.14
CSBBANK, EQ, 26-May-2020,116.95,118.8,118.8,115.2, 116.05,116.5,117.04,113317,132.62,2450, 34132, 30.12,-0.38
CSBBANK, EQ, 26-May-2021,314.8,314.15,331.5,314.1, 325.00,324.05,324.61,1688244,5480.18,24434, 356124, 21.09,2.94
CSBBANK, EQ, 26-May-2022,184.35,189.7,190.0,182.0,188.4,188.85,185.04,161113,298.12,3346, 75264, 46.72,2.44
CSBBANK, EQ, 26-May-2023,282.7,282.2,284.15,279.15,279.75,280.25,281.36,119492,336.2,3165, 60801, 50.88,-0.87
CSBBANK, EQ, 26-Jun-2020,183.7,185.8,189.8,185.75, 186.55,186.75,187.84,475609,893.39,7854, 314745, 66.18,1.66
CSBBANK, EQ, 26-Jun-2023,270.05,270.0,282.0,270.0, 280.95,281.4,278.71,678898,1892.14,13518, 281986, 41.54,4.2
CSBBANK, EQ, 26-Jun-2024,355.75,357.4,358.75,354.25,356.0,355.95,356.66,219831,784.04,7156, 118464, 53.89,0.06
CSBBANK, EQ, 26-Jul-2021,351.2,350.0,355.0,342.3,350.75,352.2,350.38,730693,2560.19,22994, 178999, 24.50,0.28
CSBBANK, EQ, 26-Jul-2022,200.95,200.8,201.0,195.95,196.2,196.8,198.16,113504,224.92,2859, 63344, 55.81,-2.07
CSBBANK, EQ, 26-Jul-2023,289.8,289.05,301.0,288.2, 295.85,297.3,297.77,903698,2690.94,18473, 410525, 45.43,2.59
CSBBANK, EQ, 26-Jul-2024,356.3,356.0,361.65,354.5, 358.50,358.2,358.06,119263,427.04,5682, 54648, 45.82,0.53
CSBBANK, EQ, 26-Aug-2020,228.4,234.9,235.0,228.4, 230.00,229.95,230.92,426048,983.84,6329, 183664, 43.11,0.68
CSBBANK, EQ, 26-Aug-2021,296.95,299.0,304.0,297.85, 300.00,299.2,300.92,244245,734.98,4957, 133430, 54.63,0.76
CSBBANK, EQ, 26-Aug-2022,202.45,203.25,204.5,202.6,203.0,203.05,203.23,262012,532.48,2983, 177054, 67.57,0.3
CSBBANK, EQ, 26-Aug-2024,332.3,333.0,333.3,324.2,325.0,325.1,326.98,316102,1033.59,8737, 190095, 60.14,-2.17
CSBBANK, EQ, 26-Sep-2022,231.55,230.0,230.0,213.3,224.65,223.05,220.01,526295,1157.91,13888, 189801, 36.06,-3.67
CSBBANK, EQ, 26-Sep-2023,329.3,328.05,332.0,327.0, 330.00,329.3,329.94,122879,405.42,9264, 67811, 55.19,0.0
CSBBANK, EQ, 26-Sep-2024,321.1,320.0,320.15,314.0,315.1,314.85,316.34,263430,833.33,11600, 163455, 62.05,-1.95
CSBBANK, EQ, 26-Oct-2020,232.55,232.4,232.55,229.4,230.05,230.05,230.27,56085,129.15,2070, 32988, 58.82,-1.08
CSBBANK, EQ, 26-Oct-2021,306.2,302.5,314.05,302.5, 304.30,303.55,306.96,659423,2024.16,14883, 323606, 49.07,-0.87
CSBBANK, EQ, 26-Oct-2023,322.45,322.45,327.3,311.7, 318.50,318.95,318.38,273902,872.05,9798, 124045, 45.29,-1.09
CSBBANK, EQ, 26-Nov-2020,256.45,257.0,257.95,251.0, 252.40,251.9,253.51,127419,323.02,2082, 58593, 45.98,-1.77
CSBBANK, EQ, 26-Nov-2021,281.05,281.9,288.0,275.0, 283.80,280.15,278.65,96255,268.22,3428, 51471, 53.47,-0.32
CSBBANK, EQ, 26-Nov-2024,303.05,303.0,309.0,303.0,306.6,306.35,306.23,85685,262.39,4463, 38680, 45.14,1.09
CSBBANK, EQ, 26-Dec-2022,228.2,229.05,242.45,223.55,237.25,237.7,237.28,777518,1844.86,14944, 256214, 32.95,4.16
CSBBANK, EQ, 26-Dec-2023,396.7,400.0,401.0,392.7, 396.10,396.1,395.8,358527,1419.05,11227, 263344, 73.45,-0.15
CSBBANK, EQ, 26-Dec-2024,323.35,326.4,333.0,323.4,329.5,329.4,329.21,505832,1665.25,17404, 179944, 35.57,1.87
CSBBANK, EQ, 27-Jan-2020,199.35,198.0,202.75,196.1, 197.00,196.75,199.21,300923,599.46,7278, 109708, 36.46,-1.3
CSBBANK, EQ, 27-Jan-2021,221.3,222.0,222.0,213.8, 220.55,220.15,219.21,186891,409.68,4613, 92447, 49.47,-0.52
CSBBANK, EQ, 27-Jan-2022,244.8,249.0,249.0,240.1, 243.00,243.5,245.05,512081,1254.84,7648, 368698, 72.00,-0.53
CSBBANK, EQ, 27-Jan-2023,249.3,251.75,251.75,236.1, 241.40,244.6,243.46,353940,861.71,14267, 115144, 32.53,-1.89
CSBBANK, EQ, 27-Jan-2025,309.35,303.75,306.5,298.55,301.15,300.35,301.27,109661,330.38,7698, 51959, 47.38,-2.91
CSBBANK, EQ, 27-Feb-2020,176.55,179.8,179.8,171.85, 176.00,176.65,175.32,474722,832.26,4842, 257725, 54.29,0.06
CSBBANK, EQ, 27-Feb-2023,230.8,231.1,231.2,222.05, 222.80,222.85,224.41,245805,551.6,7056, 111123, 45.21,-3.44
CSBBANK, EQ, 27-Feb-2024,359.7,360.0,364.0,358.8, 361.45,361.2,360.37,114934,414.18,8783, 73230, 63.71,0.42
CSBBANK, EQ, 27-Feb-2025,287.4,286.35,291.0,277.05,278.0,280.45,280.89,147910,415.47,8847, 100285, 67.80,-2.42
CSBBANK, EQ, 27-Mar-2020,105.15,109.85,114.3,103.6, 103.90,104.35,108.53,155503,168.76,5783, 54042, 34.75,-0.76
CSBBANK, EQ, 27-Mar-2023,238.05,239.4,239.6,231.6, 233.05,234.9,235.36,244517,575.5,6244, 93025, 38.04,-1.32
CSBBANK, EQ, 27-Mar-2024,348.7,348.0,362.0,347.4, 352.50,353.9,357.77,337225,1206.48,17592, 153440, 45.50,1.49
CSBBANK, EQ, 27-Mar-2025,298.05,297.0,301.5,295.2,296.0,296.55,298.1,235907,703.24,20704, 160199, 67.91,-0.5
CSBBANK, EQ, 27-Apr-2020,110.55,111.0,114.0,111.0, 113.80,112.8,112.14,96999,108.77,2030, 45450, 46.86,2.04
CSBBANK, EQ, 27-Apr-2021,255.95,256.0,259.9,250.0,252.05,253.05,255.31,85767,218.97,1878, 34112, 39.77,-1.13
CSBBANK, EQ, 27-Apr-2022,221.2,218.5,220.9,215.8,220.0,218.85,218.13,109205,238.2,2645, 43920, 40.22,-1.06
CSBBANK, EQ, 27-Apr-2023,292.15,293.8,295.6,292.2, 293.25,293.2,293.84,439551,1291.57,11508, 214105, 48.71,0.36
CSBBANK, EQ, 27-May-2020,116.5,117.0,126.3,116.3,125.0,123.15,122.2,414566,506.59,5965, 77933, 18.80,5.71
CSBBANK, EQ, 27-May-2021,324.05,327.0,327.0,312.5, 315.00,316.05,320.65,524427,1681.57,9454, 152032, 28.99,-2.47
CSBBANK, EQ, 27-May-2022,188.85,190.0,193.15,187.15, 190.00,189.95,190.13,96402,183.29,3002, 40378, 41.89,0.58
CSBBANK, EQ, 27-May-2024,327.75,328.6,335.75,327.5,333.3,332.95,331.16,481345,1594.04,23909, 290791, 60.41,1.59
CSBBANK, EQ, 27-Jun-2022,192.55,194.1,198.0,192.5,197.45,196.6,195.32,168596,329.3,6811, 83232, 49.37,2.1
CSBBANK, EQ, 27-Jun-2023,281.4,283.35,283.4,277.0, 280.60,280.15,279.82,320172,895.89,9367, 154701, 48.32,-0.44
CSBBANK, EQ, 27-Jun-2024,355.95,373.1,382.5,362.25,365.1,365.65,371.69,2576643,9577.19,52483, 614627, 23.85,2.73
CSBBANK, EQ, 27-Jul-2020,195.15,195.0,204.0,191.0,195.55,196.0,199.42,822558,1640.36,14627, 209932, 25.52,0.44
CSBBANK, EQ, 27-Jul-2021,352.2,350.0,354.9,346.95, 349.50,349.65,350.94,250207,878.07,8411, 88425, 35.34,-0.72
CSBBANK, EQ, 27-Jul-2022,196.8,197.4,200.5,195.25,198.5,198.7,198.49,108913,216.18,2264, 45024, 41.34,0.97
CSBBANK, EQ, 27-Jul-2023,297.3,298.8,300.0,295.95, 298.00,298.95,299.18,294263,880.38,6872, 157747, 53.61,0.55
CSBBANK, EQ, 27-Aug-2020,229.95,230.0,236.7,226.25,231.5,233.55,231.84,249550,578.55,4856, 114381, 45.83,1.57
CSBBANK, EQ, 27-Aug-2021,299.2,302.2,302.2,295.2, 296.95,296.65,297.54,130936,389.59,4979, 56883, 43.44,-0.85
CSBBANK, EQ, 27-Aug-2024,325.1,328.85,328.85,320.8,324.0,324.5,323.64,248546,804.39,10483, 119101, 47.92,-0.18
CSBBANK, EQ, 27-Sep-2021,302.9,305.0,317.4,300.05, 315.30,310.7,306.54,243997,747.94,6366, 128575, 52.70,2.58
CSBBANK, EQ, 27-Sep-2022,223.05,225.0,225.75,219.0,221.35,220.95,221.65,178502,395.64,6163, 65482, 36.68,-0.94
CSBBANK, EQ, 27-Sep-2023,329.3,329.3,331.95,327.6, 329.95,329.65,329.81,355786,1173.42,5228, 303070, 85.18,0.11
CSBBANK, EQ, 27-Sep-2024,314.85,316.0,316.0,307.0,309.0,308.7,309.84,851494,2638.29,19598, 576324, 67.68,-1.95
CSBBANK, EQ, 27-Oct-2020,230.05,229.0,229.2,224.5, 226.05,225.5,225.6,91784,207.06,3226, 33501, 36.50,-1.98
CSBBANK, EQ, 27-Oct-2021,303.55,305.7,308.0,297.35, 299.15,300.3,303.89,317042,963.47,8021, 133506, 42.11,-1.07
CSBBANK, EQ, 27-Oct-2022,229.25,233.0,247.5,223.6,225.6,225.6,235.21,4421070,10398.96,51166, 871275, 19.71,-1.59
CSBBANK, EQ, 27-Oct-2023,318.95,318.95,325.0,312.95,321.5,320.05,318.43,393057,1251.59,11528, 179395, 45.64,0.34
CSBBANK, EQ, 27-Nov-2020,251.9,251.0,253.8,247.45,250.0,250.5,250.95,104270,261.66,2570, 45863, 43.98,-0.56
CSBBANK, EQ, 27-Nov-2024,306.35,305.6,310.0,302.85,309.6,308.75,306.29,144422,442.34,8742, 43930, 30.42,0.78
CSBBANK, EQ, 27-Dec-2021,229.25,225.0,238.35,220.0, 234.00,233.15,231.62,172430,399.38,4658, 58073, 33.68,1.7
CSBBANK, EQ, 27-Dec-2022,237.7,240.1,243.1,233.1,235.7,235.9,237.8,609217,1448.75,14512, 206184, 33.84,-0.76
CSBBANK, EQ, 27-Dec-2023,396.1,397.0,404.95,396.95, 400.00,400.8,400.92,188476,755.64,9974, 109436, 58.06,1.19
CSBBANK, EQ, 27-Dec-2024,329.4,330.55,330.8,325.0,326.0,326.45,326.63,123340,402.87,7065, 57435, 46.57,-0.9
CSBBANK, EQ, 28-Jan-2020,196.75,196.75,198.75,194.25, 194.70,194.75,196.28,165244,324.34,3143, 73502, 44.48,-1.02
CSBBANK, EQ, 28-Jan-2021,220.15,220.0,220.0,215.0, 215.95,215.45,216.53,141958,307.39,2283, 75435, 53.14,-2.13
CSBBANK, EQ, 28-Jan-2022,243.5,245.0,245.75,234.85, 239.20,240.15,243.38,359528,875.03,7264, 236659, 65.82,-1.38
CSBBANK, EQ, 28-Jan-2025,300.35,302.0,310.0,296.4,307.3,304.85,303.09,400439,1213.67,25582, 78663, 19.64,1.5
CSBBANK, EQ, 28-Feb-2020,176.65,170.0,181.85,166.0, 172.50,172.4,174.81,414626,724.79,6511, 126395, 30.48,-2.41
CSBBANK, EQ, 28-Feb-2022,217.15,213.0,219.8,211.55, 219.20,218.35,216.27,132234,285.98,3582, 50311, 38.05,0.55
CSBBANK, EQ, 28-Feb-2023,222.85,222.65,233.0,222.5, 229.55,229.05,227.68,270341,615.5,8443, 97273, 35.98,2.78
CSBBANK, EQ, 28-Feb-2024,361.2,361.0,361.2,349.1,350.05,351.0,353.94,122928,435.1,7515, 68538, 55.75,-2.82
CSBBANK, EQ, 28-Feb-2025,280.45,277.45,284.8,275.05,279.9,282.75,279.44,156359,436.93,8604, 104564, 66.87,0.82
CSBBANK, EQ, 28-Mar-2022,217.4,217.4,217.55,212.0, 212.00,212.95,213.91,132404,283.22,2321, 78519, 59.30,-2.05
CSBBANK, EQ, 28-Mar-2023,234.9,235.0,247.9,230.95, 246.00,244.5,238.48,496093,1183.09,10280, 211184, 42.57,4.09
CSBBANK, EQ, 28-Mar-2024,353.9,355.8,361.1,351.2,351.95,354.5,356.97,164497,587.2,11596, 78289, 47.59,0.17
CSBBANK, EQ, 28-Mar-2025,296.55,299.9,304.0,297.2,302.15,302.25,301.07,179987,541.89,11379, 103373, 57.43,1.92
CSBBANK, EQ, 28-Apr-2020,112.8,113.8,118.0,112.5, 118.00,117.25,115.19,164988,190.05,3283, 67570, 40.95,3.95
CSBBANK, EQ, 28-Apr-2021,253.05,253.2,257.0,252.75, 256.00,256.0,255.6,250702,640.8,2978, 166615, 66.46,1.17
CSBBANK, EQ, 28-Apr-2022,218.85,218.2,220.0,215.0, 217.00,216.75,216.82,114366,247.97,2532, 53131, 46.46,-0.96
CSBBANK, EQ, 28-Apr-2023,293.2,294.55,297.7,272.1, 280.00,279.5,283.29,2519450,7137.27,36545, 661643, 26.26,-4.67
CSBBANK, EQ, 28-May-2020,123.15,125.0,126.05,122.2,124.0,124.05,123.94,170199,210.95,2766, 66004, 38.78,0.73
CSBBANK, EQ, 28-May-2021,316.05,320.0,320.25,312.0,314.85,312.55,316.36,290315,918.45,6310, 94473, 32.54,-1.11
CSBBANK, EQ, 28-May-2024,332.95,336.0,336.5,331.35,335.85,335.45,334.65,200117,669.69,9871, 115867, 57.90,0.75
CSBBANK, EQ, 28-Jun-2021,337.8,339.0,361.0,339.0, 358.00,356.25,352.0,2410961,8486.61,32012, 604044, 25.05,5.46
CSBBANK, EQ, 28-Jun-2022,196.6,192.5,200.0,192.5, 199.75,199.45,198.06,142656,282.54,3471, 68326, 47.90,1.45
CSBBANK, EQ, 28-Jun-2024,365.65,368.9,386.0,366.05,379.0,378.15,379.9,2009290,7633.21,54076, 717795, 35.72,3.42
CSBBANK, EQ, 28-Jul-2020,196.0,195.6,199.5,188.0,188.7,190.15,194.53,220075,428.11,4643, 82751, 37.60,-2.98
CSBBANK, EQ, 28-Jul-2021,349.65,349.65,351.4,340.9,343.5,343.1,345.5,169819,586.73,5605, 40074, 23.60,-1.87
CSBBANK, EQ, 28-Jul-2022,198.7,200.8,202.8,199.45, 201.00,201.55,201.48,106897,215.37,2218, 50119, 46.89,1.43
CSBBANK, EQ, 28-Jul-2023,298.95,300.95,301.4,290.85, 292.75,293.55,295.2,310783,917.42,8015, 154580, 49.74,-1.81
CSBBANK, EQ, 28-Aug-2020,233.55,231.5,245.35,230.5, 235.20,234.85,239.29,809205,1936.34,13339, 177160, 21.89,0.56
CSBBANK, EQ, 28-Aug-2023,320.85,321.0,331.3,319.15, 329.25,329.1,327.02,444999,1455.24,11895, 121503, 27.30,2.57
CSBBANK, EQ, 28-Aug-2024,324.5,324.9,325.95,322.3,323.85,323.8,323.53,129872,420.17,8314, 66699, 51.36,-0.22
CSBBANK, EQ, 28-Sep-2020,219.1,219.95,231.9,219.6,230.0,230.15,228.09,176198,401.9,3811,81126,46.04,5.04
CSBBANK, EQ, 28-Sep-2021,310.7,314.8,316.95,301.0, 307.00,305.65,309.07,331827,1025.57,9477, 114217, 34.42,-1.63
CSBBANK, EQ, 28-Sep-2022,220.95,221.5,223.0,216.0,220.5,220.15,219.49,301338,661.41,6550, 144929, 48.10,-0.36
CSBBANK, EQ, 28-Sep-2023,329.65,330.0,346.7,330.0, 340.55,340.65,341.29,2023739,6906.75,48878, 800333, 39.55,3.34
CSBBANK, EQ, 28-Oct-2020,225.5,228.95,231.0,226.5, 227.00,228.1,228.68,56544,129.3,3648, 23810, 42.11,1.15
CSBBANK, EQ, 28-Oct-2021,300.3,301.0,301.5,294.45, 295.15,296.3,297.22,168401,500.52,6262, 63951, 37.98,-1.33
CSBBANK, EQ, 28-Oct-2022,225.6,226.7,232.0,224.55,230.0,230.1,227.68,1018073,2317.99,15342, 363214, 35.68,1.99
CSBBANK, EQ, 28-Oct-2024,307.6,306.0,312.0,298.05,312.0,309.95,304.86,206001,628.02,8238, 100381, 48.73,0.76
CSBBANK, EQ, 28-Nov-2022,218.0,218.8,221.9,217.3, 219.50,219.75,219.45,150821,330.98,3028, 71784, 47.60,0.8
CSBBANK, EQ, 28-Nov-2023,379.55,383.0,395.0,380.15, 392.00,392.55,388.85,1292076,5024.2,29200, 575181, 44.52,3.43
CSBBANK, EQ, 28-Nov-2024,308.75,306.05,312.75,304.65,310.0,309.2,309.38,102720,317.8,6835, 49006, 47.71,0.15
CSBBANK, EQ, 28-Dec-2020,221.8,224.9,224.9,220.2,222.0,221.35,222.2,322673,716.98,3025, 222666, 69.01,-0.2
CSBBANK, EQ, 28-Dec-2021,233.15,234.0,236.0,231.7,233.0,233.15,233.66,84851,198.26,2551, 40508, 47.74,0.0
CSBBANK, EQ, 28-Dec-2022,235.9,236.95,238.2,230.35, 234.05,234.85,234.73,476159,1117.69,13742, 184025, 38.65,-0.45
CSBBANK, EQ, 28-Dec-2023,400.8,404.8,404.9,397.15, 404.20,403.2,400.86,223199,894.72,16257, 113394, 50.80,0.6
CSBBANK, EQ, 29-Jan-2020,194.75,196.6,197.0,190.0, 192.00,193.0,194.34,176308,342.63,3184, 79726, 45.22,-0.9
CSBBANK, EQ, 29-Jan-2021,215.45,217.7,224.4,217.35, 218.05,219.6,220.47,156934,345.99,2753, 65456, 41.71,1.93
CSBBANK, EQ, 29-Jan-2024,374.2,374.25,392.25,368.9, 375.25,374.6,378.27,1122187,4244.94,32240, 191568, 17.07,0.11
CSBBANK, EQ, 29-Jan-2025,304.85,302.85,305.0,297.75,302.45,302.7,302.06,191502,578.45,15070, 85457, 44.62,-0.71
CSBBANK, EQ, 29-Feb-2024,351.0,352.05,355.65,346.05, 350.00,349.7,349.39,87686,306.36,6872, 43373, 49.46,-0.37
CSBBANK, EQ, 29-Mar-2022,212.95,211.05,218.8,209.4, 218.80,217.05,213.23,294980,628.99,6157, 156460, 53.04,1.93
CSBBANK, EQ, 29-Mar-2023,244.5,244.0,252.0,237.05, 251.40,251.4,246.94,791374,1954.24,19180, 306971, 38.79,2.82
CSBBANK, EQ, 29-Apr-2020,117.25,118.6,128.8,117.65,121.0,122.0,124.53,539399,671.72,8929, 102375, 18.98,4.05
CSBBANK, EQ, 29-Apr-2021,256.0,256.0,266.5,255.0, 259.20,261.05,261.81,350841,918.55,8159, 182353, 51.98,1.97
CSBBANK, EQ, 29-Apr-2022,216.75,217.0,219.0,213.5,213.95,214.2,215.4,129701,279.38,4275, 80297, 61.91,-1.18
CSBBANK, EQ, 29-Apr-2024,384.1,388.0,389.7,372.05, 374.00,373.65,375.74,678259,2548.48,30608, 354069, 52.20,-2.72
CSBBANK, EQ, 29-May-2020,124.05,122.5,124.8,120.15, 121.80,122.95,122.76,37561,46.11,1056, 14165, 37.71,-0.89
CSBBANK, EQ, 29-May-2023,280.25,284.75,290.95,280.8, 282.00,281.95,285.78,243023,694.51,7273, 93799, 38.60,0.61
CSBBANK, EQ, 29-May-2024,335.45,335.95,342.85,331.95,332.1,334.1,334.83,252523,845.53,6847, 169416, 67.09,-0.4
CSBBANK, EQ, 29-Jun-2020,186.75,186.4,189.9,180.6, 187.95,187.3,186.27,296330,551.98,5158, 80022, 27.00,0.29
CSBBANK, EQ, 29-Jun-2021,356.25,360.8,360.8,345.0, 349.80,347.6,352.39,1143307,4028.87,17470, 472910, 41.36,-2.43
CSBBANK, EQ, 29-Jun-2022,199.45,199.0,200.0,197.35, 199.10,199.55,198.83,79483,158.03,1696, 42000, 52.84,0.05
CSBBANK, EQ, 28-Jun-2023,280.15,281.4,283.5,279.2, 280.10,280.1,281.65,168094,473.44,6015, 91421, 54.39,-0.02
CSBBANK, EQ, 29-Jul-2020,190.15,189.75,192.15,189.05, 190.05,190.0,190.51,152672,290.86,2896, 65237, 42.73,-0.08
CSBBANK, EQ, 29-Jul-2021,343.1,346.5,350.0,341.0,343.5,343.8,344.67,157498,542.84,5514, 37422, 23.76,0.2
CSBBANK, EQ, 29-Jul-2022,201.55,202.75,203.6,199.05,200.0,200.05,200.35,285930,572.87,4160, 182100, 63.69,-0.74
CSBBANK, EQ, 29-Jul-2024,358.2,360.8,368.15,338.75,344.85,344.55,350.84,1423701,4994.95,41540, 482117, 33.86,-3.81
CSBBANK, EQ, 29-Aug-2022,203.05,198.0,213.45,198.0, 207.40,207.3,207.24,434452,900.34,7049, 181954, 41.88,2.09
CSBBANK, EQ, 29-Aug-2023,329.1,332.0,336.0,324.0, 328.00,328.2,330.61,386173,1276.73,10628, 108617, 28.13,-0.27
CSBBANK, EQ, 29-Aug-2024,323.8,325.8,327.45,320.0,322.45,322.65,322.86,328952,1062.06,8411, 216680, 65.87,-0.36
CSBBANK, EQ, 29-Sep-2020,230.15,230.0,233.45,226.8,228.0,228.4,229.84,59586,136.95,2168, 21050, 35.33,-0.76
CSBBANK, EQ, 29-Sep-2021,305.65,305.65,321.6,302.95, 320.05,319.55,316.07,475442,1502.72,13886, 188745, 39.70,4.55
CSBBANK, EQ, 29-Sep-2022,220.15,222.8,223.8,218.1,219.0,220.5,220.12,212084,466.84,7279, 81412, 38.39,0.16
CSBBANK, EQ, 29-Sep-2023,340.65,340.95,343.7,335.25, 336.00,336.3,338.1,303484,1026.07,10009, 144582, 47.64,-1.28
CSBBANK, EQ, 29-Oct-2020,228.1,225.0,227.4,221.65,224.6,225.1,224.11,44508,99.75,2001, 26060, 58.55,-1.32
CSBBANK, EQ, 29-Oct-2021,296.3,295.0,298.0,288.55, 296.00,294.15,294.57,136503,402.1,5994, 44424, 32.54,-0.73
CSBBANK, EQ, 29-Oct-2024,309.95,311.0,314.35,307.0,307.0,309.5,310.09,130777,405.52,7599, 37968, 29.03,-0.15
CSBBANK, EQ, 29-Nov-2021,280.15,266.0,277.9,266.0, 271.00,271.0,271.65,133507,362.67,5243, 56604, 42.40,-3.27
CSBBANK, EQ, 29-Nov-2022,219.75,220.65,224.1,219.15,220.85,220.5,221.24,160265,354.58,3479, 70016, 43.69,0.34
CSBBANK, EQ, 29-Nov-2023,392.55,395.7,398.15,374.5, 384.10,381.75,382.39,818778,3130.9,24689, 277384, 33.88,-2.75
CSBBANK, EQ, 29-Nov-2024,309.2,309.0,310.85,305.1,305.1,307.55,307.91,124422,383.11,5412, 75174, 60.42,-0.53
CSBBANK, EQ, 29-Dec-2020,221.35,223.25,223.9,220.0,220.5,220.75,220.96,318538,703.84,2300, 225171, 70.69,-0.27
CSBBANK, EQ, 29-Dec-2021,233.15,231.0,242.9,231.0, 238.00,237.65,238.43,200950,479.13,5176, 96256, 47.90,1.93
CSBBANK, EQ, 29-Dec-2022,234.85,231.25,238.25,231.25, 236.00,236.4,234.6,461707,1083.16,9830, 223636, 48.44,0.66
CSBBANK, EQ, 29-Dec-2023,403.2,404.0,422.25,402.75, 418.20,418.65,415.75,834741,3470.44,27788, 298839, 35.80,3.83
CSBBANK, EQ, 30-Jan-2020,193.0,193.0,193.35,186.1, 186.60,186.7,188.94,288896,545.83,5013, 136916, 47.39,-3.26
CSBBANK, EQ, 30-Jan-2023,244.6,242.95,246.0,235.1, 243.00,243.35,241.63,709504,1714.4,11352, 211294, 29.78,-0.51
CSBBANK, EQ, 30-Jan-2024,374.6,377.05,379.7,372.65, 375.00,375.8,375.54,277778,1043.18,10494, 113304, 40.79,0.32
CSBBANK, EQ, 30-Jan-2025,302.7,302.7,303.95,300.0,302.7,302.85,301.8,148754,448.94,8930, 71828, 48.29,0.05
CSBBANK, EQ, 30-Mar-2020,104.35,103.9,111.9,103.2, 110.50,110.0,108.35,258144,279.7,6710, 165193, 63.99,5.41
CSBBANK, EQ, 30-Mar-2021,238.35,242.0,242.6,233.55,237.15,237.5,236.49,227779,538.67,5395, 131213, 57.61,-0.36
CSBBANK, EQ, 30-Mar-2022,217.05,219.0,226.8,216.85, 220.00,223.4,223.02,254420,567.4,9351, 118307, 46.50,2.93
CSBBANK, EQ, 30-Apr-2020,122.0,124.5,126.15,116.15,120.55,120.5,121.53,259909,315.87,6395, 89210, 34.32,-1.23
CSBBANK, EQ, 30-Apr-2021,261.05,259.95,268.0,255.0,258.2,258.25,263.87,394895,1042.01,8941, 131069, 33.19,-1.07
CSBBANK, EQ, 30-Apr-2024,373.65,375.3,377.25,361.65, 370.25,372.85,370.2,856774,3171.77,30047, 484315, 56.53,-0.21
CSBBANK, EQ, 30-May-2022,189.95,190.5,193.0,189.0, 189.70,189.9,190.85,130380,248.83,3904, 86093, 66.03,-0.03
CSBBANK, EQ, 30-May-2023,281.95,283.05,285.0,282.0, 282.80,283.0,283.06,102870,291.18,4011, 51512, 50.07,0.37
CSBBANK, EQ, 30-May-2024,334.1,334.1,335.65,329.0,329.9,331.05,332.8,90585,301.47,6721, 47231, 52.14,-0.91
CSBBANK, EQ, 30-Jun-2020,187.3,188.9,188.9,185.3, 188.00,187.15,187.04,172334,322.34,3535, 93160, 54.06,-0.08
CSBBANK, EQ, 30-Jun-2021,347.6,352.0,359.2,343.2, 347.25,347.15,351.25,653070,2293.93,13247, 244881, 37.50,-0.13
CSBBANK, EQ, 30-Jun-2022,199.55,197.0,200.0,192.05,193.95,193.1,195.17,430018,839.25,3379, 357516, 83.14,-3.23
CSBBANK, EQ, 30-Jun-2023,280.1,282.0,286.1,279.5, 283.00,284.25,282.36,488960,1380.64,7622, 346176, 70.80,1.48
CSBBANK, EQ, 30-Jul-2020,190.0,190.0,193.5,188.0, 190.05,189.2,190.24,87210,165.91,1677, 48836, 56.00,-0.42
CSBBANK, EQ, 30-Jul-2021,343.8,345.85,353.4,343.0, 350.10,350.05,349.32,329700,1151.69,8909, 190115, 57.66,1.82
CSBBANK, EQ, 30-Jul-2024,344.55,352.0,352.0,328.0,330.8,330.25,334.13,1362167,4551.47,41765, 652722, 47.92,-4.15
CSBBANK, EQ, 30-Aug-2021,296.65,300.0,303.0,299.05, 301.30,301.4,300.5,107920,324.3,4507, 49598, 45.96,1.6
CSBBANK, EQ, 30-Aug-2022,207.3,210.9,213.6,207.35, 209.75,210.3,209.63,409738,858.95,7225, 164277, 40.09,1.45
CSBBANK, EQ, 30-Aug-2023,328.2,329.8,332.3,326.8, 329.50,330.3,329.83,150601,496.73,6455, 65246, 43.32,0.64
CSBBANK, EQ, 30-Aug-2024,322.65,323.05,325.0,320.1,324.2,323.65,321.68,356725,1147.5,9079, 155457, 43.58,0.31
CSBBANK, EQ, 30-Sep-2020,228.4,228.0,231.65,223.0,228.0,226.35,227.46,41738,94.94,1730, 16406, 39.31,-0.9
CSBBANK, EQ, 30-Sep-2021,319.55,320.7,325.0,312.6, 319.00,316.8,319.44,186076,594.4,7074, 55445, 29.80,-0.86
CSBBANK, EQ, 30-Sep-2022,220.5,219.65,223.0,218.15, 223.00,222.65,221.51,139753,309.57,6728, 65789, 47.08,0.98
CSBBANK, EQ, 30-Sep-2024,308.7,310.0,314.55,305.75,313.0,313.35,309.64,259928,804.83,10495, 144005, 55.40,1.51
CSBBANK, EQ, 30-Oct-2020,225.1,222.65,233.0,222.65, 231.05,231.3,228.62,82010,187.49,4940, 45664, 55.68,2.75
CSBBANK, EQ, 30-Oct-2023,320.05,324.0,332.95,316.1, 330.15,331.2,325.18,341213,1109.55,10212, 170888, 50.08,3.48
CSBBANK, EQ, 30-Oct-2024,309.5,310.0,314.95,307.3,313.5,313.65,311.13,92343,287.31,4519, 47537, 51.48,1.34
CSBBANK, EQ, 30-Nov-2021,271.0,272.0,280.0,272.0,277.0,276.65,274.57,101779,279.46,2958, 70155, 68.93,2.08
CSBBANK, EQ, 30-Nov-2022,220.5,222.25,222.25,217.55,218.95,218.3,219.7,208275,457.58,3780, 132614, 63.67,-1.0
CSBBANK, EQ, 30-Nov-2023,381.75,384.0,388.9,382.35, 387.00,388.1,386.2,327172,1263.53,12994, 205722, 62.88,1.66
CSBBANK, EQ, 30-Dec-2020,220.75,222.9,222.9,216.0,218.0,217.0,217.82,198742,432.89,3198, 122381, 61.58,-1.7
CSBBANK, EQ, 30-Dec-2021,237.65,236.0,240.4,234.5, 238.50,236.0,238.03,107288,255.38,5963, 47547, 44.32,-0.69
CSBBANK, EQ, 30-Dec-2022,236.4,238.8,242.0,236.45,238.2,237.8,239.63,368240,882.41,5862, 195259, 53.02,0.59
CSBBANK, EQ, 30-Dec-2024,326.45,326.45,326.45,319.0,320.0,321.35,322.04,179468,577.96,11051, 71001, 39.56,-1.56
CSBBANK, EQ, 31-Jan-2020,186.7,186.6,188.3,181.0, 182.50,183.95,184.01,409639,753.76,8630, 193180, 47.16,-1.47
CSBBANK, EQ, 31-Jan-2022,240.15,242.0,254.0,242.0,252.6,251.9,249.54,377479,941.95,9160, 161043, 42.66,4.89
CSBBANK, EQ, 31-Jan-2023,243.35,248.7,257.65,245.0,248.6,248.35,251.84,735571,1852.48,13315, 326187, 44.34,2.05
CSBBANK, EQ, 31-Jan-2024,375.8,377.7,384.5,373.8, 383.45,382.25,380.34,239672,911.58,13808, 133479, 55.69,1.72
CSBBANK, EQ, 31-Jan-2025,302.85,300.9,306.7,300.1,306.55,306.1,303.86,55870,169.77,4451, 26716, 47.82,1.07
CSBBANK, EQ, 31-Mar-2020,110.0,110.0,118.9,110.0,118.7,118.05,115.95,402376,466.55,8027, 294722, 73.25,7.32
CSBBANK, EQ, 31-Mar-2021,237.5,238.7,239.75,230.75, 233.15,232.9,234.18,206462,483.49,6853, 137116, 66.41,-1.94
CSBBANK, EQ, 31-Mar-2022,223.4,218.55,221.9,209.9, 211.50,211.15,213.9,1520446,3252.31,16776, 889035, 58.47,-5.48
CSBBANK, EQ, 31-Mar-2023,251.4,253.05,254.15,241.8, 245.00,245.1,249.46,385781,962.37,10805, 163095, 42.28,-2.51
CSBBANK, EQ, 31-May-2021,312.55,313.9,316.55,307.25, 310.75,309.85,311.83,335119,1044.99,6673, 81656, 24.37,-0.86
CSBBANK, EQ, 31-May-2022,189.9,191.8,191.8,187.4, 187.55,188.95,189.77,330942,628.02,3768, 256647, 77.55,-0.5
CSBBANK, EQ, 31-May-2023,283.0,282.8,283.0,274.1, 276.10,278.3,280.54,158703,445.22,2952, 95366, 60.09,-1.66
CSBBANK, EQ, 31-May-2024,331.05,331.95,332.6,325.8,330.5,329.8,328.46,149713,491.74,6365, 79858, 53.34,-0.38
CSBBANK, EQ, 31-Jul-2020,189.2,190.0,191.6,185.6,190.85,190.75,190.14,108288,205.9,1683, 76435, 70.58,0.82
CSBBANK, EQ, 31-Jul-2023,293.55,292.8,299.0,291.95, 298.00,297.95,296.61,315236,935.02,7579, 131180, 41.61,1.5
CSBBANK, EQ, 31-Jul-2024,330.25,332.7,335.75,327.1,329.35,328.0,330.25,524436,1731.96,17276, 284002, 54.15,-0.68
CSBBANK, EQ, 31-Aug-2020,234.85,235.1,237.5,212.0, 213.00,213.85,222.28,436456,970.16,9531, 171924, 39.39,-8.94
CSBBANK, EQ, 31-Aug-2021,301.4,304.9,309.0,296.2,296.75,297.4,300.66,203634,612.24,10317, 98341, 48.29,-1.33
CSBBANK, EQ, 31-Aug-2023,330.3,329.3,331.0,325.5, 330.00,330.3,328.7,144543,475.12,4593, 53280, 36.86,0.0
CSBBANK, EQ, 31-Oct-2022,230.1,234.8,234.8,227.0,227.2,227.25,228.44,412958,943.37,8033, 194973, 47.21,-1.24
CSBBANK, EQ, 31-Oct-2023,331.2,331.95,336.1,327.65, 331.00,330.4,332.58,300891,1000.72,21879, 141983, 47.19,-0.24
CSBBANK, EQ, 31-Oct-2024,313.65,313.65,315.7,310.1,314.95,314.0,313.16,86500,270.89,7180, 26107, 30.18,0.11
CSBBANK, EQ, 31-Dec-2020,217.0,218.1,219.25,217.3,218.6,218.05,218.47,245283,535.87,3668, 148214, 60.43,0.48
CSBBANK, EQ, 31-Dec-2021,236.0,235.0,239.2,234.35,235.15,235.3,236.0,112807,266.22,3197, 69829, 61.90,-0.3
CSBBANK, EQ, 31-Dec-2024,321.35,319.2,322.5,311.55,314.9,313.1,315.27,175247,552.51,8209, 101797, 58.09,-2.57
