SYMBOL, SERIES, DATE1, PREV_CLOSE, OPEN_PRICE, HIGH_PRICE, LOW_PRICE, LAST_PRICE, CLOSE_PRICE, AVG_PRICE, TTL_TRD_QNTY, TURNOVER_LACS, NO_OF_TRADES, DELIV_QTY, DELIV_PER,PER_CHANGE
DEN, EQ, 01-Jan-2020,48.4,48.0,50.8,46.0, 46.00,46.0,48.0,141271,67.82,602, 59770, 42.31,-4.96
DEN, EQ, 01-Jan-2021,62.1,62.4,63.25,62.0, 62.85,62.7,62.74,184719,115.9,2535, 78268, 42.37,0.97
DEN, EQ, 01-Jan-2024,57.1,57.3,57.95,56.6, 57.15,57.25,57.3,2742019,1571.31,8192, 1093291, 39.87,0.26
DEN, EQ, 01-Jan-2025,43.64,43.51,44.25,43.41,43.84,43.89,43.84,716792,314.25,5750, 200382, 27.96,0.57
DEN, EQ, 01-Feb-2021,58.6,59.0,60.4,58.35, 59.85,59.6,59.47,265240,157.74,2756, 88573, 33.39,1.71
DEN, EQ, 01-Feb-2022,41.85,42.3,42.35,41.15,41.4,41.5,41.75,592668,247.47,2377, 339426, 57.27,-0.84
DEN, EQ, 01-Feb-2023,32.0,32.3,32.4,30.2, 30.90,30.7,31.45,829694,260.97,4810, 413243, 49.81,-4.06
DEN, EQ, 01-Feb-2024,61.0,61.3,61.6,59.4, 59.60,59.65,60.19,2675458,1610.39,8420, 1172235, 43.81,-2.21
DEN, EQ, 01-Mar-2021,56.9,57.1,62.5,57.1, 59.75,59.85,60.28,2407745,1451.37,31268, 986458, 40.97,5.18
DEN, EQ, 01-Mar-2023,30.2,30.2,30.7,30.1, 30.25,30.3,30.42,341693,103.96,1619, 194579, 56.95,0.33
DEN, EQ, 01-Mar-2024,56.5,56.95,57.2,55.0, 55.20,55.2,55.86,1711036,955.71,6491, 770328, 45.02,-2.3
DEN, EQ, 01-Apr-2020,30.3,31.65,31.8,29.0,31.25,31.2,31.06,26935,8.37,331, 20407, 75.76,2.97
DEN, EQ, 01-Apr-2021,49.25,49.6,49.75,49.0, 49.25,49.2,49.3,4848933,2390.66,21204, 3547584, 73.16,-0.1
DEN, EQ, 01-Apr-2022,36.9,36.8,39.5,36.7, 39.35,39.15,38.48,1759685,677.09,5227, 621666, 35.33,6.1
DEN, EQ, 01-Apr-2024,47.05,47.85,51.35,47.8, 51.35,51.0,49.88,2682271,1337.79,8299, 972490, 36.26,8.4
DEN, EQ, 01-Apr-2025,31.18,31.24,32.69,31.24,32.56,32.52,32.32,1066902,344.81,5629, 504865, 47.32,4.3
DEN, EQ, 01-Jun-2020,50.2,50.2,52.0,49.15, 50.00,50.1,50.42,54554,27.51,733, 28072, 51.46,-0.2
DEN, EQ, 01-Jun-2021,52.65,52.95,53.9,49.7, 50.25,50.1,51.66,12957520,6693.88,32427, 6300774, 48.63,-4.84
DEN, EQ, 01-Jun-2022,36.25,36.15,36.65,34.95,35.6,35.95,35.99,718741,258.7,3556, 237402, 33.03,-0.83
DEN, EQ, 01-Jun-2023,31.9,32.1,32.7,31.8, 32.50,32.4,32.33,1030825,333.24,3352, 435261, 42.22,1.57
DEN, EQ, 01-Jul-2020,75.25,74.85,79.5,73.2, 78.70,78.2,76.81,204910,157.4,2110, 76997, 37.58,3.92
DEN, EQ, 01-Jul-2021,56.1,56.65,56.75,54.6, 54.90,54.9,55.59,2020916,1123.51,6651, 1092731, 54.07,-2.14
DEN, EQ, 01-Jul-2022,33.45,33.6,33.6,33.15,33.4,33.3,33.31,276065,91.95,1479, 152452, 55.22,-0.45
DEN, EQ, 01-Jul-2024,53.31,53.73,54.85,53.14,53.97,53.97,54.01,1526162,824.24,8909, 679992, 44.56,1.24
DEN, EQ, 01-Aug-2022,34.4,34.65,35.25,34.2, 34.70,34.85,34.87,546158,190.46,4086, 235149, 43.06,1.31
DEN, EQ, 01-Aug-2023,41.95,42.15,42.35,41.3, 41.65,41.7,41.89,2182800,914.44,6635, 914840, 41.91,-0.6
DEN, EQ, 01-Aug-2024,57.59,57.93,58.14,54.8,55.3,55.22,56.34,2505783,1411.7,13302, 1268545, 50.62,-4.12
DEN, EQ, 01-Sep-2020,76.0,76.0,77.7,74.1, 75.85,75.75,75.76,78507,59.47,1464, 43632, 55.58,-0.33
DEN, EQ, 01-Sep-2021,46.7,46.7,47.3,46.6,46.6,46.9,46.99,586502,275.59,3079, 381727, 65.09,0.43
DEN, EQ, 01-Sep-2022,36.85,36.45,37.55,36.25,37.15,37.3,37.08,838562,310.97,4014, 279440, 33.32,1.22
DEN, EQ, 01-Sep-2023,41.8,42.0,43.85,42.0, 43.60,43.6,43.07,3306181,1423.87,8136, 1645405, 49.77,4.31
DEN, EQ, 01-Oct-2020,71.7,73.1,74.9,71.55, 72.00,72.1,72.82,64187,46.74,890, 27653, 43.08,0.56
DEN, EQ, 01-Oct-2021,48.0,47.65,49.5,47.55, 48.40,48.45,48.74,3179586,1549.79,10161, 1109637, 34.90,0.94
DEN, EQ, 01-Oct-2024,52.8,52.45,55.43,52.45,54.76,54.87,54.53,3343647,1823.34,14603, 1422892, 42.56,3.92
DEN, EQ, 01-Nov-2021,44.65,45.9,46.0,44.6, 44.75,44.7,45.07,1172510,528.43,4731, 831244, 70.89,0.11
DEN, EQ, 01-Nov-2022,32.9,33.15,33.35,32.75,32.85,32.9,32.95,496914,163.75,1230, 291229, 58.61,0.0
DEN, EQ, 01-Nov-2023,46.45,46.6,46.7,45.1, 45.40,45.25,45.81,1167332,534.74,4087, 423998, 36.32,-2.58
DEN, EQ, 01-Dec-2020,69.95,70.8,71.6,69.5,69.65,69.8,70.2,242846,170.48,4711, 121095, 49.86,-0.21
DEN, EQ, 01-Dec-2021,39.75,39.95,40.35,38.8,39.2,39.15,39.22,1471341,577.06,5200, 563536, 38.30,-1.51
DEN, EQ, 01-Dec-2022,36.1,36.35,37.45,35.95,36.85,36.8,36.82,3076110,1132.5,7665, 1068295, 34.73,1.94
DEN, EQ, 01-Dec-2023,54.75,55.4,56.4,53.6, 54.00,53.85,55.19,4132616,2280.96,10162, 1301027, 31.48,-1.64
DEN, EQ, 02-Jan-2020,46.0,46.0,48.2,44.05, 46.00,46.55,46.66,64151,29.93,577, 43433, 67.70,1.2
DEN, EQ, 02-Jan-2023,34.85,34.95,35.45,34.9, 35.40,35.25,35.22,423963,149.34,1710, 177429, 41.85,1.15
DEN, EQ, 02-Jan-2024,57.25,57.2,58.6,55.8, 57.25,57.25,57.28,3911029,2240.09,10015, 1137996, 29.10,0.0
DEN, EQ, 02-Jan-2025,43.89,44.0,45.1,43.95,44.4,44.25,44.39,898530,398.9,5727, 285419, 31.77,0.82
DEN, EQ, 02-Feb-2021,59.6,60.05,61.15,60.05, 60.45,60.5,60.57,191333,115.88,2804, 98098, 51.27,1.51
DEN, EQ, 02-Feb-2022,41.5,41.75,43.05,41.5, 42.45,42.3,42.45,1279313,543.07,4633, 554618, 43.35,1.93
DEN, EQ, 02-Feb-2023,30.7,30.4,31.4,30.4, 31.00,31.1,31.01,695699,215.73,4943, 324436, 46.63,1.3
DEN, EQ, 02-Feb-2024,59.65,59.8,60.6,57.6, 57.95,57.95,59.07,4498505,2657.17,11238, 2345548, 52.14,-2.85
DEN, EQ, 02-Mar-2020,48.25,45.85,47.35,45.85, 45.85,45.85,46.06,130812,60.25,606, 85537, 65.39,-4.97
DEN, EQ, 02-Mar-2021,59.85,60.9,60.9,58.15,58.35,58.45,59.14,762063,450.66,6379, 431801, 56.66,-2.34
DEN, EQ, 02-Mar-2022,39.0,38.25,39.4,38.2, 38.85,38.75,38.88,776652,301.95,3197, 330762, 42.59,-0.64
DEN, EQ, 02-Mar-2023,30.3,30.2,30.5,29.9, 29.95,30.0,30.11,370067,111.43,1530, 227730, 61.54,-0.99
DEN, EQ, 02-Apr-2024,51.0,51.2,52.65,50.45, 51.90,52.0,51.4,2290429,1177.2,8087, 795446, 34.73,1.96
DEN, EQ, 02-Apr-2025,32.52,32.6,32.84,31.68,32.75,32.61,32.31,579270,187.18,3535, 183293, 31.64,0.28
DEN, EQ, 02-May-2022,40.75,40.3,41.45,40.25,40.95,40.95,40.94,984651,403.12,4023, 383092, 38.91,0.49
DEN, EQ, 02-May-2023,30.5,30.8,31.35,30.4, 30.95,30.9,31.04,707215,219.49,2995, 377617, 53.39,1.31
DEN, EQ, 02-May-2024,51.4,51.5,52.05,50.8, 51.30,51.3,51.36,1800696,924.83,5938, 783170, 43.49,-0.19
DEN, EQ, 02-Jun-2020,50.1,50.15,52.6,49.1,51.15,51.2,51.37,59324,30.48,727, 35983, 60.66,2.2
DEN, EQ, 02-Jun-2021,50.1,50.35,52.9,49.6, 52.80,52.6,51.56,10210987,5264.51,30692, 3970229, 38.88,4.99
DEN, EQ, 02-Jun-2022,35.95,35.85,36.35,35.7,36.15,36.15,36.08,350856,126.59,1675, 139935, 39.88,0.56
DEN, EQ, 02-Jun-2023,32.4,32.55,34.6,32.45, 34.10,33.9,33.39,2668833,891.17,6882, 1417519, 53.11,4.63
DEN, EQ, 02-Jul-2020,78.2,78.35,79.65,76.0, 76.20,76.45,77.28,91570,70.77,1401, 58107, 63.46,-2.24
DEN, EQ, 02-Jul-2021,54.9,55.2,55.85,54.5,54.95,54.75,55.12,1472685,811.68,5496, 772807, 52.48,-0.27
DEN, EQ, 02-Jul-2024,53.97,54.0,57.45,54.0,55.91,55.96,56.13,6924015,3886.52,29070, 2073712, 29.95,3.69
DEN, EQ, 02-Aug-2021,52.95,53.3,54.45,52.8,54.0,54.05,53.84,3183238,1714.01,10866, 1514910, 47.59,2.08
DEN, EQ, 02-Aug-2022,34.85,34.85,36.4,34.85,36.1,36.1,35.64,838333,298.74,3423, 483133, 57.63,3.59
DEN, EQ, 02-Aug-2023,41.7,41.65,42.45,40.0, 40.60,40.65,41.3,2911166,1202.39,9404, 1346121, 46.24,-2.52
DEN, EQ, 02-Aug-2024,55.22,54.48,56.07,54.1,54.91,55.12,55.29,2185713,1208.57,10191, 927405, 42.43,-0.18
DEN, EQ, 02-Sep-2020,75.75,77.45,79.5,76.05, 79.50,79.3,78.18,112035,87.59,2311, 59249, 52.88,4.69
DEN, EQ, 02-Sep-2021,46.9,47.0,48.5,46.0, 46.95,46.9,47.37,1029344,487.63,4685, 471867, 45.84,0.0
DEN, EQ, 02-Sep-2022,37.3,37.3,37.7,36.5,36.85,36.75,37.13,660233,245.14,3636, 262992, 39.83,-1.47
DEN, EQ, 02-Sep-2024,53.07,52.89,52.89,51.51,51.89,51.8,51.93,1796712,933.03,9207, 808658, 45.01,-2.39
DEN, EQ, 02-Nov-2020,71.05,70.0,71.65,66.2, 68.80,68.8,68.93,123126,84.87,2625, 59630, 48.43,-3.17
DEN, EQ, 02-Nov-2021,44.7,44.9,45.3,43.75, 44.20,44.05,44.55,2577223,1148.08,6625, 1911216, 74.16,-1.45
DEN, EQ, 02-Nov-2022,32.9,32.85,33.0,32.75,32.75,32.8,32.89,202037,66.45,2458, 111191, 55.03,-0.3
DEN, EQ, 02-Nov-2023,45.25,45.7,46.1,45.0, 45.70,45.6,45.51,1196419,544.47,3429, 461007, 38.53,0.77
DEN, EQ, 02-Dec-2020,69.8,71.5,71.5,69.55, 70.00,70.0,70.13,143788,100.83,2514, 78005, 54.25,0.29
DEN, EQ, 02-Dec-2021,39.15,39.55,41.3,39.35, 40.70,40.8,40.44,1311825,530.55,5034, 501027, 38.19,4.21
DEN, EQ, 02-Dec-2022,36.8,37.0,37.4,36.25, 36.95,37.0,36.9,1670838,616.51,4195, 533868, 31.95,0.54
DEN, EQ, 02-Dec-2024,44.64,44.74,45.44,44.5,45.4,45.27,45.03,580901,261.58,4321, 246216, 42.39,1.41
DEN, EQ, 03-Jan-2020,46.55,47.0,48.45,45.5, 46.70,46.35,47.18,38310,18.07,398, 25363, 66.20,-0.43
DEN, EQ, 03-Jan-2022,42.05,42.25,42.95,42.0, 42.35,42.45,42.48,1102370,468.25,3954, 389644, 35.35,0.95
DEN, EQ, 03-Jan-2023,35.25,35.3,35.9,34.95, 35.40,35.2,35.39,790527,279.74,2714, 345311, 43.68,-0.14
DEN, EQ, 03-Jan-2024,57.25,57.3,58.8,57.0, 57.45,57.3,57.88,4091967,2368.45,10786, 1518984, 37.12,0.09
DEN, EQ, 03-Jan-2025,44.25,44.44,45.01,44.25,44.58,44.5,44.62,662797,295.75,4458, 275981, 41.64,0.56
DEN, EQ, 03-Feb-2020,49.65,49.0,50.0,47.7, 50.00,49.1,49.02,16867,8.27,396, 10637, 63.06,-1.11
DEN, EQ, 03-Feb-2021,60.5,60.8,60.85,59.55, 60.25,60.0,60.18,235397,141.66,3124, 145688, 61.89,-0.83
DEN, EQ, 03-Feb-2022,42.3,42.5,43.95,42.35, 42.95,42.75,43.25,2195390,949.58,6451, 628444, 28.63,1.06
DEN, EQ, 03-Feb-2023,31.1,31.1,31.4,30.3, 30.80,30.95,30.88,641459,198.09,3940, 299031, 46.62,-0.48
DEN, EQ, 03-Feb-2025,39.16,38.58,38.97,37.61,37.99,37.8,38.15,520838,198.72,6183, 215985, 41.47,-3.47
DEN, EQ, 03-Mar-2020,45.85,45.8,46.8,43.6, 44.50,44.45,44.7,42409,18.96,427, 24175, 57.00,-3.05
DEN, EQ, 03-Mar-2021,58.45,58.9,60.4,58.1,59.0,58.8,59.33,1110139,658.69,11320, 665413, 59.94,0.6
DEN, EQ, 03-Mar-2022,38.75,39.7,39.7,38.55,38.7,38.7,39.08,735233,287.36,2427, 366338, 49.83,-0.13
DEN, EQ, 03-Mar-2023,30.0,30.25,30.65,30.15, 30.40,30.35,30.42,260900,79.36,1160, 169052, 64.80,1.17
DEN, EQ, 03-Mar-2025,31.59,31.73,32.33,30.11,31.04,30.84,30.82,1313232,404.76,9071, 636848, 48.49,-2.37
DEN, EQ, 03-Apr-2020,31.2,31.0,32.25,29.85, 30.80,30.45,31.02,39116,12.13,826, 27207, 69.55,-2.4
DEN, EQ, 03-Apr-2023,26.8,27.15,27.55,27.0, 27.55,27.5,27.29,558154,152.32,2801, 373453, 66.91,2.61
DEN, EQ, 03-Apr-2024,52.0,51.85,53.6,51.7, 53.45,53.3,52.82,2438853,1288.2,7860, 1014542, 41.60,2.5
DEN, EQ, 03-Apr-2025,32.61,32.47,33.15,32.0,33.01,32.84,32.81,554008,181.77,3026, 268285, 48.43,0.71
DEN, EQ, 03-May-2021,44.3,44.5,44.5,43.65,44.05,43.85,43.92,1863717,818.48,12598, 1435591, 77.03,-1.02
DEN, EQ, 03-May-2023,30.9,30.9,31.6,30.1,31.25,31.2,31.24,680521,212.59,2688, 325125, 47.78,0.97
DEN, EQ, 03-May-2024,51.3,51.55,52.15,50.5, 51.15,51.2,51.25,1156178,592.55,5193, 558357, 48.29,-0.19
DEN, EQ, 03-Jun-2020,51.2,52.0,53.1,51.2,51.75,52.15,52.22,67494,35.24,653, 46532, 68.94,1.86
DEN, EQ, 03-Jun-2021,52.6,53.35,53.85,52.25, 52.80,52.85,53.16,6896439,3665.85,17170, 3324452, 48.21,0.48
DEN, EQ, 03-Jun-2022,36.15,36.35,36.85,35.85, 36.00,36.1,36.32,477456,173.39,2170, 210397, 44.07,-0.14
DEN, EQ, 03-Jun-2024,49.2,51.3,51.35,50.2,50.45,50.4,50.63,1129453,571.81,5987, 649838, 57.54,2.44
DEN, EQ, 03-Jul-2020,76.45,78.2,78.2,72.1, 75.00,74.9,75.1,93689,70.36,1464, 58224, 62.15,-2.03
DEN, EQ, 03-Jul-2023,34.05,34.3,34.85,34.0, 34.75,34.7,34.46,707894,243.92,2856, 365491, 51.63,1.91
DEN, EQ, 03-Jul-2024,55.96,56.2,56.95,55.62,55.85,56.04,56.19,2589223,1454.82,14567, 866675, 33.47,0.14
DEN, EQ, 03-Aug-2020,78.3,76.0,78.0,74.5,74.75,74.9,75.71,217871,164.96,3389, 113743, 52.21,-4.34
DEN, EQ, 03-Aug-2021,54.05,54.15,54.8,53.55,53.9,54.1,54.08,2048080,1107.66,5512, 1126013, 54.98,0.09
DEN, EQ, 03-Aug-2022,36.1,35.65,36.05,35.05, 35.15,35.15,35.37,377542,133.54,2234, 216139, 57.25,-2.63
DEN, EQ, 03-Aug-2023,40.65,40.65,41.95,40.3, 40.80,41.0,41.12,2341984,963.02,6296, 864858, 36.93,0.86
DEN, EQ, 03-Sep-2020,79.3,80.7,81.2,77.05, 77.95,77.85,79.62,83689,66.63,2051, 35148, 42.00,-1.83
DEN, EQ, 03-Sep-2021,46.9,47.0,49.6,47.0, 48.90,48.95,48.37,1485259,718.43,6166, 678033, 45.65,4.37
DEN, EQ, 03-Sep-2024,51.8,51.8,52.26,51.05,51.22,51.17,51.48,1058147,544.74,7249, 509787, 48.18,-1.22
DEN, EQ, 03-Oct-2022,32.5,32.75,33.15,32.0,32.05,32.05,32.33,523083,169.13,4060, 246467, 47.12,-1.38
DEN, EQ, 03-Oct-2023,50.3,50.4,53.5,50.4, 53.20,53.2,52.41,8931799,4681.34,18507, 3130098, 35.04,5.77
DEN, EQ, 03-Oct-2024,54.87,53.7,54.7,52.5,52.9,52.77,53.54,1833059,981.46,8737, 858540, 46.84,-3.83
DEN, EQ, 03-Nov-2020,68.8,70.0,70.4,67.0,69.85,69.75,69.26,76779,53.18,1199, 37298, 48.58,1.38
DEN, EQ, 03-Nov-2021,44.05,44.5,44.8,41.8, 42.70,42.5,43.33,2760118,1195.85,8183, 1704219, 61.74,-3.52
DEN, EQ, 03-Nov-2022,32.8,32.7,32.95,32.5,32.85,32.8,32.77,312956,102.57,1980, 104189, 33.29,0.0
DEN, EQ, 03-Nov-2023,45.6,46.25,51.7,46.25, 51.10,50.35,48.85,5918722,2891.38,13863, 2924797, 49.42,10.42
DEN, EQ, 03-Dec-2020,70.0,70.7,70.7,69.6,69.95,69.9,70.02,185681,130.01,3677, 113171, 60.95,-0.14
DEN, EQ, 03-Dec-2021,40.8,41.0,41.9,40.55, 41.00,41.05,41.3,1440574,594.91,5581, 379813, 26.37,0.61
DEN, EQ, 03-Dec-2024,45.27,45.46,46.74,45.46,46.0,46.09,46.16,918036,423.75,5348, 415875, 45.30,1.81
DEN, EQ, 04-Jan-2021,62.7,63.15,63.4,62.5,62.7,62.8,62.96,307035,193.3,4406, 182946, 59.58,0.16
DEN, EQ, 04-Jan-2022,42.45,42.55,42.9,41.9, 42.15,42.2,42.37,939129,397.95,3739, 373606, 39.78,-0.59
DEN, EQ, 04-Jan-2023,35.2,35.35,35.45,34.6, 35.00,34.7,34.92,435693,152.12,2359, 181992, 41.77,-1.42
DEN, EQ, 04-Jan-2024,57.3,57.65,59.4,57.25, 58.15,57.95,58.27,4454101,2595.62,11278, 1527840, 34.30,1.13
DEN, EQ, 04-Feb-2020,49.1,49.0,51.55,48.85, 50.50,50.1,50.54,35469,17.93,328, 14163, 39.93,2.04
DEN, EQ, 04-Feb-2021,60.0,60.45,62.5,60.05, 61.70,61.6,61.41,655666,402.66,8844, 365082, 55.68,2.67
DEN, EQ, 04-Feb-2022,42.75,43.05,43.95,42.6, 42.80,42.8,43.22,1214437,524.93,3836, 408262, 33.62,0.12
DEN, EQ, 04-Feb-2025,37.8,38.3,38.72,38.14,38.65,38.51,38.4,269288,103.4,2294, 134709, 50.02,1.88
DEN, EQ, 04-Mar-2020,44.45,45.0,45.75,43.55, 44.20,43.85,44.58,17832,7.95,451, 9549, 53.55,-1.35
DEN, EQ, 04-Mar-2021,58.8,58.5,59.1,58.1, 58.60,58.6,58.67,348463,204.46,4026, 169223, 48.56,-0.34
DEN, EQ, 04-Mar-2022,38.7,38.4,38.75,37.8, 38.15,38.2,38.2,869196,332.02,3123, 431341, 49.63,-1.29
DEN, EQ, 04-Mar-2024,56.0,56.3,56.3,54.6, 55.00,55.0,54.99,1335904,734.65,5194, 576020, 43.12,-1.79
DEN, EQ, 04-Mar-2025,30.84,30.26,31.61,30.26,30.99,30.79,31.05,901988,280.04,6319, 396949, 44.01,-0.16
DEN, EQ, 04-Apr-2022,39.15,39.65,40.15,39.5,39.8,39.9,39.78,1575550,626.8,4075, 640061, 40.62,1.92
DEN, EQ, 04-Apr-2024,53.3,53.55,54.7,52.5, 53.10,52.9,53.31,2039453,1087.31,6794, 876588, 42.98,-0.75
DEN, EQ, 04-Apr-2025,32.84,33.1,33.1,30.98,31.6,31.52,31.62,1452180,459.23,9574, 744823, 51.29,-4.02
DEN, EQ, 04-May-2020,54.15,56.85,56.85,51.45, 51.45,51.45,52.51,150951,79.27,1099, 130704, 86.59,-4.99
DEN, EQ, 04-May-2021,43.85,44.05,44.45,43.2, 43.55,43.5,43.81,1779573,779.59,23444, 1194046, 67.10,-0.8
DEN, EQ, 04-May-2022,40.95,41.3,41.4,39.0,39.4,39.3,40.11,1128435,452.59,4360, 584286, 51.78,-4.03
DEN, EQ, 04-May-2023,31.2,31.35,32.15,31.2, 31.60,31.75,31.77,656127,208.48,2486, 325715, 49.64,1.76
DEN, EQ, 04-Jun-2020,52.15,52.15,52.95,51.05,51.2,51.75,51.66,33569,17.34,539, 17377, 51.77,-0.77
DEN, EQ, 04-Jun-2021,52.85,53.25,54.25,52.7, 53.60,53.45,53.43,6704397,3582.01,22184, 3004782, 44.82,1.14
DEN, EQ, 04-Jun-2024,50.4,50.75,50.8,43.3,47.0,46.05,46.97,2854802,1340.83,15897, 1235563, 43.28,-8.63
DEN, EQ, 04-Jul-2022,33.3,33.05,33.4,32.9,33.05,33.1,33.16,218233,72.36,1414, 108248, 49.60,-0.6
DEN, EQ, 04-Jul-2023,34.7,34.8,35.45,34.35, 34.70,34.65,34.96,992622,347.03,3445, 452742, 45.61,-0.14
DEN, EQ, 04-Jul-2024,56.04,56.21,56.3,54.51,54.63,54.66,55.2,1535858,847.81,9509, 744710, 48.49,-2.46
DEN, EQ, 04-Aug-2020,74.9,75.2,78.6,75.2,78.6,78.6,77.88,135687,105.67,894, 90699, 66.84,4.94
DEN, EQ, 04-Aug-2021,54.1,54.35,54.6,53.0,53.25,53.25,53.8,1701832,915.58,5428, 1033249, 60.71,-1.57
DEN, EQ, 04-Aug-2022,35.15,35.55,35.8,34.1,34.35,34.3,34.74,591158,205.34,3117, 305706, 51.71,-2.42
DEN, EQ, 04-Aug-2023,41.0,41.2,42.45,40.65, 41.00,40.9,41.51,2305621,956.99,6642, 892453, 38.71,-0.24
DEN, EQ, 04-Sep-2020,77.85,74.0,79.45,74.0,76.0,76.4,76.82,85131,65.39,1379, 35327, 41.50,-1.86
DEN, EQ, 04-Sep-2023,43.6,43.7,46.75,43.65, 45.75,45.6,45.53,7793620,3548.82,21110, 3183163, 40.84,4.59
DEN, EQ, 04-Sep-2024,51.17,50.85,51.34,50.71,51.04,51.08,51.0,1165144,594.26,8475, 571357, 49.04,-0.18
DEN, EQ, 04-Oct-2021,48.45,48.45,50.85,48.45, 49.80,49.8,50.03,2277488,1139.45,7899, 930369, 40.85,2.79
DEN, EQ, 04-Oct-2022,32.05,32.5,33.1,32.45, 32.90,32.9,32.77,456783,149.67,2133, 197914, 43.33,2.65
DEN, EQ, 04-Oct-2023,53.2,52.95,54.9,51.6, 53.10,52.9,53.24,12615551,6716.99,26103, 2905317, 23.03,-0.56
DEN, EQ, 04-Oct-2024,52.77,52.7,53.09,51.69,52.0,51.92,52.3,1465040,766.19,7200, 582102, 39.73,-1.61
DEN, EQ, 04-Nov-2020,69.75,70.0,70.25,67.5,68.5,68.65,68.93,58212,40.13,1052, 29174, 50.12,-1.58
DEN, EQ, 04-Nov-2022,32.8,32.8,33.45,32.7,32.95,32.8,33.01,1169235,386.0,4567, 472387, 40.40,0.0
DEN, EQ, 04-Nov-2024,48.54,48.44,49.05,47.1,47.28,47.34,48.09,1487772,715.4,13486, 544051, 36.57,-2.47
DEN, EQ, 04-Dec-2020,69.9,70.7,71.95,69.55, 69.70,69.9,70.32,330856,232.65,6937, 189675, 57.33,0.0
DEN, EQ, 04-Dec-2023,53.85,54.45,54.85,53.75, 54.15,54.15,54.1,2146119,1161.13,5975, 975279, 45.44,0.56
DEN, EQ, 04-Dec-2024,46.09,46.01,46.6,45.77,46.0,46.06,46.13,619107,285.57,4813, 240728, 38.88,-0.07
DEN, EQ, 05-Jan-2021,62.8,62.7,65.3,62.25, 64.00,63.85,63.89,1128184,720.82,12728, 524369, 46.48,1.67
DEN, EQ, 05-Jan-2022,42.2,42.25,44.35,41.8, 42.80,42.9,43.09,1418475,611.28,4341, 600724, 42.35,1.66
DEN, EQ, 05-Jan-2023,34.7,34.8,35.0,34.3,34.75,34.85,34.71,436147,151.4,2018, 147937, 33.92,0.43
DEN, EQ, 05-Jan-2024,57.95,58.2,60.85,58.05, 59.10,58.9,59.56,10106085,6018.99,23446, 3572938, 35.35,1.64
DEN, EQ, 05-Feb-2020,50.1,51.95,51.95,49.95, 50.05,50.35,50.61,21006,10.63,253, 12590, 59.94,0.5
DEN, EQ, 05-Feb-2021,61.6,62.2,62.3,59.6, 60.00,60.2,61.14,293757,179.62,3560, 183437, 62.45,-2.27
DEN, EQ, 05-Feb-2024,57.95,58.2,63.5,57.95, 62.10,62.05,61.45,12763828,7843.02,29205, 3992566, 31.28,7.08
DEN, EQ, 05-Feb-2025,38.51,38.78,39.2,38.4,38.51,38.6,38.79,369748,143.42,3526, 154449, 41.77,0.23
DEN, EQ, 05-Mar-2020,43.85,44.0,46.0,43.7, 45.10,45.15,45.54,57221,26.06,522, 27961, 48.86,2.96
DEN, EQ, 05-Mar-2021,58.6,58.6,61.45,58.3,58.9,58.75,59.69,1856561,1108.23,17180, 809951, 43.63,0.26
DEN, EQ, 05-Mar-2024,55.0,54.6,54.95,53.0, 53.35,53.2,53.81,2210917,1189.7,8612, 1016137, 45.96,-3.27
DEN, EQ, 05-Mar-2025,30.79,30.79,31.9,30.77,31.6,31.55,31.53,1111872,350.57,8794, 604193, 54.34,2.47
DEN, EQ, 05-Apr-2021,49.2,49.2,49.2,46.1,47.15,47.05,47.35,2625197,1243.07,9053, 1522278, 57.99,-4.37
DEN, EQ, 05-Apr-2022,39.9,40.05,41.4,39.85, 40.60,40.6,40.83,2108279,860.89,5866, 761479, 36.12,1.75
DEN, EQ, 05-Apr-2023,27.5,27.45,28.0,27.45, 27.90,27.85,27.74,349126,96.86,1476, 223429, 64.00,1.27
DEN, EQ, 05-Apr-2024,52.9,53.0,54.0,51.9, 53.95,53.8,53.22,2156023,1147.45,7440, 839938, 38.96,1.7
DEN, EQ, 05-May-2020,51.45,49.15,51.45,48.9, 48.90,48.9,49.09,87395,42.91,748, 73411, 84.00,-4.96
DEN, EQ, 05-May-2021,43.5,43.55,44.5,43.4, 44.30,44.05,43.93,1905263,836.95,16151, 1051571, 55.19,1.26
DEN, EQ, 05-May-2022,39.3,39.55,40.95,39.55, 39.85,39.85,40.06,1072284,429.54,3753, 405730, 37.84,1.4
DEN, EQ, 05-May-2023,31.75,31.65,32.0,30.95, 31.00,31.05,31.48,566803,178.45,2078, 329055, 58.05,-2.2
DEN, EQ, 05-Jun-2020,51.75,52.55,62.1,52.5, 59.65,60.0,59.29,513796,304.63,4554, 183955, 35.80,15.94
DEN, EQ, 05-Jun-2023,33.9,34.5,35.2,33.65, 34.05,33.95,34.48,2316604,798.85,6222, 1199300, 51.77,0.15
DEN, EQ, 05-Jun-2024,46.05,47.15,48.0,45.7,47.8,47.7,47.07,1289837,607.13,6184, 546857, 42.40,3.58
DEN, EQ, 05-Jul-2021,54.75,55.25,56.35,54.8, 55.50,55.65,55.72,1687525,940.3,5633, 1005791, 59.60,1.64
DEN, EQ, 05-Jul-2022,33.1,33.15,33.45,32.65,32.95,33.0,33.16,254070,84.24,1527, 119607, 47.08,-0.3
DEN, EQ, 05-Jul-2023,34.65,35.0,35.65,34.75,35.25,35.25,35.28,1050108,370.47,3979, 562248, 53.54,1.73
DEN, EQ, 05-Jul-2024,54.66,54.65,55.8,54.31,54.82,55.02,55.14,1774151,978.21,11264, 727650, 41.01,0.66
DEN, EQ, 05-Aug-2020,78.6,82.5,82.5,82.5,82.5,82.5,82.5,22984,18.96,170, 22984, 100.00,4.96
DEN, EQ, 05-Aug-2021,53.25,53.4,53.45,50.95,51.55,51.45,51.65,1341083,692.71,5104, 674860, 50.32,-3.38
DEN, EQ, 05-Aug-2022,34.3,34.45,35.0,34.3,34.8,34.75,34.68,299263,103.77,1904, 97025, 32.42,1.31
DEN, EQ, 05-Aug-2024,55.12,54.0,54.0,51.5,51.7,51.72,52.47,3108629,1631.16,19596, 1303459, 41.93,-6.17
DEN, EQ, 05-Sep-2022,36.75,36.9,38.8,36.9, 38.50,38.55,38.23,2164235,827.28,6708, 806891, 37.28,4.9
DEN, EQ, 05-Sep-2023,45.6,46.5,46.8,45.05, 45.65,45.75,45.96,3294470,1514.07,10455, 1581236, 48.00,0.33
DEN, EQ, 05-Sep-2024,51.08,51.6,52.07,51.24,51.97,51.86,51.67,1227743,634.34,6997, 481826, 39.24,1.53
DEN, EQ, 05-Oct-2020,72.1,73.1,75.7,70.5, 75.00,75.35,74.0,226207,167.4,2539, 65722, 29.05,4.51
DEN, EQ, 05-Oct-2021,49.8,49.7,51.95,49.7, 50.90,50.9,51.18,2829107,1447.98,10250, 1010491, 35.72,2.21
DEN, EQ, 05-Oct-2023,52.9,53.35,55.35,53.15, 53.80,54.15,54.47,8784662,4785.25,20432, 2612843, 29.74,2.36
DEN, EQ, 05-Nov-2020,68.65,69.45,70.35,68.0, 68.70,68.5,68.83,81759,56.27,1504, 43908, 53.70,-0.22
DEN, EQ, 05-Nov-2024,47.34,47.09,48.77,46.71,48.15,48.32,48.02,1343843,645.37,8733, 362630, 26.98,2.07
DEN, EQ, 05-Dec-2022,37.0,37.05,37.5,36.5, 36.65,36.7,37.0,1616437,598.16,4195, 634897, 39.28,-0.81
DEN, EQ, 05-Dec-2023,54.15,54.45,55.4,53.2, 54.75,54.5,54.42,3530171,1921.19,9986, 1082577, 30.67,0.65
DEN, EQ, 05-Dec-2024,46.06,46.06,46.47,45.23,45.68,45.53,45.67,789069,360.39,5701, 288328, 36.54,-1.15
DEN, EQ, 06-Jan-2020,46.35,46.15,46.15,44.05, 45.20,44.95,44.55,50135,22.34,279, 39166, 78.12,-3.02
DEN, EQ, 06-Jan-2021,63.85,64.3,68.2,63.3, 66.15,65.65,65.63,2553208,1675.75,22621, 1195955, 46.84,2.82
DEN, EQ, 06-Jan-2022,42.9,43.0,43.95,42.4, 42.90,42.85,43.02,1396351,600.66,5136, 512643, 36.71,-0.12
DEN, EQ, 06-Jan-2023,34.85,34.9,35.15,34.35,34.55,34.5,34.71,468853,162.75,1826, 238047, 50.77,-1.0
DEN, EQ, 06-Jan-2025,44.5,44.3,44.65,41.51,41.79,41.72,42.68,959789,409.63,7747, 467029, 48.66,-6.25
DEN, EQ, 06-Feb-2020,50.35,50.3,53.5,50.0, 52.10,52.55,51.4,29203,15.01,323, 17430, 59.69,4.37
DEN, EQ, 06-Feb-2023,30.95,31.0,31.15,30.65, 30.85,30.9,30.89,273967,84.64,3011, 127908, 46.69,-0.16
DEN, EQ, 06-Feb-2024,62.05,62.55,64.0,61.45, 62.70,62.7,62.68,7172725,4495.56,18208, 2706107, 37.73,1.05
DEN, EQ, 06-Feb-2025,38.6,37.9,39.4,37.9,38.3,38.39,38.55,573906,221.22,4880, 210541, 36.69,-0.54
DEN, EQ, 06-Mar-2020,45.15,44.0,46.45,42.9, 44.60,44.95,44.26,59519,26.34,886, 31566, 53.04,-0.44
DEN, EQ, 06-Mar-2023,30.35,30.45,31.0,30.35, 30.40,30.5,30.73,459941,141.35,1932, 282670, 61.46,0.49
DEN, EQ, 06-Mar-2024,53.2,52.2,53.1,50.9, 52.30,52.3,51.9,2285749,1186.26,9415, 978454, 42.81,-1.69
DEN, EQ, 06-Mar-2025,31.55,31.6,32.53,31.6,32.0,32.21,32.24,803708,259.09,5470, 439830, 54.73,2.09
DEN, EQ, 06-Apr-2021,47.05,47.25,48.2,46.35,46.4,46.45,46.84,3235514,1515.43,8968, 2672685, 82.60,-1.28
DEN, EQ, 06-Apr-2022,40.6,40.3,41.8,40.1, 40.85,41.0,41.09,2016518,828.5,4924, 610687, 30.28,0.99
DEN, EQ, 06-Apr-2023,27.85,27.95,28.85,27.45, 28.40,28.4,28.28,363202,102.73,2032, 177494, 48.87,1.97
DEN, EQ, 06-May-2020,48.9,46.5,47.0,46.5, 46.50,46.5,46.5,69737,32.43,333, 35598, 51.05,-4.91
DEN, EQ, 06-May-2021,44.05,44.45,44.75,43.85, 44.60,44.45,44.25,1295777,573.4,10551, 861184, 66.46,0.91
DEN, EQ, 06-May-2022,39.85,39.0,39.05,37.5,38.25,38.1,38.37,1366671,524.37,5653, 557558, 40.80,-4.39
DEN, EQ, 06-May-2024,51.2,51.55,51.55,50.0,50.25,50.05,50.44,865388,436.5,4966, 434947, 50.26,-2.25
DEN, EQ, 06-Jun-2022,36.1,36.0,36.3,35.3,35.7,35.65,35.75,516269,184.55,2256, 225516, 43.68,-1.25
DEN, EQ, 06-Jun-2023,33.95,34.2,34.2,33.15,33.35,33.35,33.48,744732,249.34,3002, 453517, 60.90,-1.77
DEN, EQ, 06-Jun-2024,47.7,48.0,49.7,48.0,49.0,49.0,49.18,1629358,801.28,5290, 694830, 42.64,2.73
DEN, EQ, 06-Jul-2020,74.9,74.95,77.75,74.9, 75.15,75.8,75.98,90815,69.0,1141, 59868, 65.92,1.2
DEN, EQ, 06-Jul-2021,55.65,55.8,57.6,54.7, 55.00,55.05,56.23,3174106,1784.75,9621, 1698044, 53.50,-1.08
DEN, EQ, 06-Jul-2022,33.0,33.0,33.35,32.9,33.1,33.1,33.13,304965,101.02,1901, 133434, 43.75,0.3
DEN, EQ, 06-Jul-2023,35.25,35.25,36.0,35.25,35.25,35.35,35.6,982814,349.87,2864, 470152, 47.84,0.28
DEN, EQ, 06-Aug-2020,82.5,86.6,86.6,83.15,86.6,86.6,86.3,662625,571.83,3885, 284483, 42.93,4.97
DEN, EQ, 06-Aug-2021,51.45,51.55,52.25,51.0, 51.30,51.35,51.52,713282,367.45,4819, 425650, 59.67,-0.19
DEN, EQ, 06-Aug-2024,51.72,52.25,53.16,50.15,50.4,50.46,51.82,2483587,1287.02,14618, 1090020, 43.89,-2.44
DEN, EQ, 06-Sep-2021,48.95,49.35,51.6,49.0,49.3,49.55,50.32,2467164,1241.53,10807, 1025732, 41.58,1.23
DEN, EQ, 06-Sep-2022,38.55,38.8,38.8,37.55, 37.75,37.7,38.11,975921,371.95,3458, 378391, 38.77,-2.2
DEN, EQ, 06-Sep-2023,45.75,46.1,47.9,45.3, 46.90,47.1,46.41,3171358,1471.76,8968, 1611762, 50.82,2.95
DEN, EQ, 06-Sep-2024,51.86,52.1,52.39,50.62,50.87,50.81,51.21,1300282,665.83,8514, 506284, 38.94,-2.02
DEN, EQ, 06-Oct-2020,75.35,75.0,79.1,74.5,79.1,79.1,77.24,279928,216.21,3019, 110339, 39.42,4.98
DEN, EQ, 06-Oct-2021,50.9,51.15,51.5,49.55, 50.00,49.75,50.64,1102175,558.19,5106, 549275, 49.84,-2.26
DEN, EQ, 06-Oct-2022,32.9,33.2,33.9,33.0, 33.10,33.05,33.2,581191,192.94,3566, 318255, 54.76,0.46
DEN, EQ, 06-Oct-2023,54.15,54.2,54.5,52.15, 52.50,52.55,53.12,4793677,2546.3,10934, 1953882, 40.76,-2.95
DEN, EQ, 06-Nov-2020,68.5,68.85,69.95,68.75, 69.10,69.35,69.37,50377,34.94,1065, 26026, 51.66,1.24
DEN, EQ, 06-Nov-2023,50.35,52.1,55.5,52.1, 55.00,54.8,54.22,14896832,8076.57,29992, 5735629, 38.50,8.84
DEN, EQ, 06-Nov-2024,48.32,48.4,49.19,48.39,48.6,48.86,48.74,863626,420.9,5949, 328664, 38.06,1.12
DEN, EQ, 06-Dec-2021,41.05,40.55,41.1,39.6, 39.70,39.9,40.56,943190,382.58,3638, 312184, 33.10,-2.8
DEN, EQ, 06-Dec-2022,36.7,36.7,36.85,35.5, 35.70,35.6,36.11,1097544,396.28,2815, 488102, 44.47,-3.0
DEN, EQ, 06-Dec-2023,54.5,54.95,59.9,54.8, 57.95,57.55,58.11,16840370,9786.22,34872, 5260989, 31.24,5.6
DEN, EQ, 06-Dec-2024,45.53,45.7,45.84,44.95,45.07,45.03,45.22,1156292,522.92,7517, 611821, 52.91,-1.1
DEN, EQ, 07-Jan-2020,44.95,43.95,47.15,43.95, 46.05,46.15,46.76,57809,27.03,352, 21370, 36.97,2.67
DEN, EQ, 07-Jan-2021,65.65,70.9,70.9,65.25, 65.85,66.05,67.68,4408144,2983.5,25366, 2021081, 45.85,0.61
DEN, EQ, 07-Jan-2022,42.85,43.4,43.9,43.05,43.25,43.2,43.41,1081465,469.49,3863, 403039, 37.27,0.82
DEN, EQ, 07-Jan-2025,41.72,41.87,42.33,41.23,41.59,41.43,41.74,1227546,512.42,6731, 544768, 44.38,-0.7
DEN, EQ, 07-Feb-2020,52.55,52.0,54.7,52.0, 54.45,53.85,53.45,33793,18.06,396, 16899, 50.01,2.47
DEN, EQ, 07-Feb-2022,42.8,42.8,43.1,41.2, 41.65,41.6,42.18,1136879,479.52,4288, 505367, 44.45,-2.8
DEN, EQ, 07-Feb-2023,30.9,31.25,31.25,30.0, 30.55,30.55,30.61,625080,191.31,3446, 307302, 49.16,-1.13
DEN, EQ, 07-Feb-2024,62.7,63.15,65.1,62.5, 63.00,62.9,63.67,5130599,3266.84,13318, 2000333, 38.99,0.32
DEN, EQ, 07-Feb-2025,38.39,38.44,38.59,37.95,38.0,38.09,38.2,420499,160.63,3724, 162065, 38.54,-0.78
DEN, EQ, 07-Mar-2022,38.2,37.3,37.65,36.5, 36.80,36.8,37.1,974184,361.45,3494,609675,62.58,-3.66
DEN, EQ, 07-Mar-2024,52.3,52.7,56.95,52.15, 55.10,55.5,54.95,4672590,2567.42,16180, 1737776, 37.19,6.12
DEN, EQ, 07-Mar-2025,32.21,32.0,33.9,32.0,32.88,32.76,33.13,2051377,679.7,11660, 1016232, 49.54,1.71
DEN, EQ, 07-Apr-2020,30.45,31.95,31.95,29.2, 31.95,31.95,31.5,27762,8.75,340, 21746, 78.33,4.93
DEN, EQ, 07-Apr-2021,46.45,46.55,47.8,46.55,47.3,47.25,47.22,938367,443.13,2601, 590057, 62.88,1.72
DEN, EQ, 07-Apr-2022,41.0,41.15,42.35,41.0,41.5,41.4,41.67,2237571,932.39,5530, 577886, 25.83,0.98
DEN, EQ, 07-Apr-2025,31.52,30.01,30.8,28.14,30.0,29.43,29.28,2504283,733.3,10854, 1023782, 40.88,-6.63
DEN, EQ, 07-May-2020,46.5,44.2,46.0,44.2, 44.55,44.25,44.48,85769,38.15,833, 57134, 66.61,-4.84
DEN, EQ, 07-May-2021,44.45,45.5,46.5,44.75, 45.40,45.0,45.43,3706479,1683.75,26179, 2288135, 61.73,1.24
DEN, EQ, 07-May-2024,50.05,50.05,50.35,49.05,49.25,49.25,49.61,1016601,504.31,5528, 406199, 39.96,-1.6
DEN, EQ, 07-Jun-2021,53.45,54.0,58.3,53.8, 56.75,56.8,56.09,17697434,9926.3,44328, 8139638, 45.99,6.27
DEN, EQ, 07-Jun-2022,35.65,35.4,36.4,35.25,36.15,35.75,35.67,307582,109.72,1541, 102043, 33.18,0.28
DEN, EQ, 07-Jun-2023,33.35,33.4,34.35,33.25, 33.35,33.4,33.76,795310,268.46,3269, 460855, 57.95,0.15
DEN, EQ, 07-Jun-2024,49.0,49.35,49.85,48.75,49.75,49.6,49.53,815855,404.13,4198, 398037, 48.79,1.22
DEN, EQ, 07-Jul-2020,75.8,76.75,76.75,74.2, 74.60,74.45,74.86,61466,46.01,914, 44242, 71.98,-1.78
DEN, EQ, 07-Jul-2021,55.05,55.15,57.8,54.65, 57.00,56.95,56.68,6425556,3642.03,19584, 2308700, 35.93,3.45
DEN, EQ, 07-Jul-2022,33.1,33.45,33.9,33.2, 33.80,33.7,33.58,379917,127.57,1806, 185417, 48.80,1.81
DEN, EQ, 07-Jul-2023,35.35,35.35,36.25,34.8, 35.45,35.45,35.46,920333,326.38,3318, 357549, 38.85,0.28
DEN, EQ, 07-Aug-2020,86.6,87.45,88.1,82.35,83.6,83.35,84.58,400033,338.36,4274, 206019, 51.50,-3.75
DEN, EQ, 07-Aug-2023,40.9,41.0,42.0,41.0, 41.40,41.3,41.46,1699058,704.51,5019, 708835, 41.72,0.98
DEN, EQ, 07-Aug-2024,50.46,50.9,52.66,50.9,52.59,52.56,51.88,2235368,1159.69,12243, 885394, 39.61,4.16
DEN, EQ, 07-Sep-2020,76.4,77.9,77.9,75.0, 76.90,76.0,75.89,30454,23.11,826, 15966, 52.43,-0.52
DEN, EQ, 07-Sep-2021,49.55,49.3,50.45,48.5, 48.95,48.75,49.42,826363,408.39,4700, 355607, 43.03,-1.61
DEN, EQ, 07-Sep-2022,37.7,37.35,37.9,36.8, 37.25,37.2,37.27,872720,325.27,3502, 298579, 34.21,-1.33
DEN, EQ, 07-Sep-2023,47.1,47.0,47.2,46.0, 46.20,46.15,46.56,1709766,796.0,6206, 953912, 55.79,-2.02
DEN, EQ, 07-Oct-2020,79.1,81.4,82.6,78.55,78.6,78.85,80.54,280359,225.8,3222, 142486, 50.82,-0.32
DEN, EQ, 07-Oct-2021,49.75,50.4,50.7,49.75, 49.90,49.95,50.18,790032,396.41,3063, 427731, 54.14,0.4
DEN, EQ, 07-Oct-2022,33.05,33.05,33.2,32.65, 33.05,33.0,33.03,219630,72.54,1181, 104212, 47.45,-0.15
DEN, EQ, 07-Oct-2024,51.92,52.33,52.51,49.51,50.0,49.98,50.4,1608714,810.75,9774, 717642, 44.61,-3.74
DEN, EQ, 07-Nov-2022,32.8,33.15,33.9,33.0,33.3,33.2,33.4,750877,250.82,3854, 264829, 35.27,1.22
DEN, EQ, 07-Nov-2023,54.8,55.0,56.8,53.0, 54.25,54.5,55.66,8508983,4736.18,18900, 2809399, 33.02,-0.55
DEN, EQ, 07-Nov-2024,48.86,48.85,49.44,48.1,48.53,48.69,48.83,1251014,610.88,7751, 459158, 36.70,-0.35
DEN, EQ, 07-Dec-2020,69.9,70.05,70.3,69.0, 69.45,69.4,69.64,299139,208.31,7079, 193050, 64.54,-0.72
DEN, EQ, 07-Dec-2021,39.9,40.1,40.95,39.6,40.85,40.65,40.2,2114380,849.95,7182, 530280, 25.08,1.88
DEN, EQ, 07-Dec-2022,35.6,35.75,35.9,35.2, 35.65,35.55,35.56,637204,226.62,2582, 244168, 38.32,-0.14
DEN, EQ, 07-Dec-2023,57.55,58.9,58.9,57.25, 58.20,58.05,58.03,4831214,2803.58,10589, 2367385, 49.00,0.87
DEN, EQ, 08-Jan-2020,46.15,44.45,47.0,44.45, 45.50,45.5,45.69,41084,18.77,300, 19824, 48.25,-1.41
DEN, EQ, 08-Jan-2021,66.05,66.45,67.75,66.25, 67.00,66.95,67.06,764994,513.03,4575, 357167, 46.69,1.36
DEN, EQ, 08-Jan-2024,58.9,59.4,64.9,59.3, 63.90,63.6,62.75,24503739,15375.75,50125, 8727614, 35.62,7.98
DEN, EQ, 08-Jan-2025,41.43,41.6,44.0,41.44,43.5,43.54,42.73,1758927,751.63,10771, 622050, 35.37,5.09
DEN, EQ, 08-Feb-2021,60.2,60.1,60.95,59.75, 60.00,59.85,60.16,236328,142.16,2287, 148008, 62.63,-0.58
DEN, EQ, 08-Feb-2022,41.6,41.9,42.1,40.4,40.9,41.1,41.02,1197583,491.23,4648, 469900, 39.24,-1.2
DEN, EQ, 08-Feb-2023,30.55,30.5,30.9,30.2, 30.65,30.6,30.53,1007101,307.49,5063, 625048, 62.06,0.16
DEN, EQ, 08-Feb-2024,62.9,63.4,63.9,62.0, 62.50,62.55,62.81,3158815,1984.1,9374, 1164192, 36.86,-0.56
DEN, EQ, 08-Mar-2021,58.75,60.0,61.25,59.25, 60.15,59.95,60.28,1344792,810.68,13537, 796446, 59.22,2.04
DEN, EQ, 08-Mar-2022,36.8,37.15,37.8,36.85, 37.50,37.4,37.37,784723,293.26,2812, 425136, 54.18,1.63
DEN, EQ, 08-Mar-2023,30.5,30.55,30.65,30.15, 30.45,30.55,30.44,458987,139.7,1633, 272066, 59.28,0.16
DEN, EQ, 08-Apr-2020,31.95,33.2,33.5,32.1, 33.50,33.35,33.3,20395,6.79,231, 18744, 91.90,4.38
DEN, EQ, 08-Apr-2021,47.25,47.5,48.7,47.3, 47.90,47.7,48.05,997126,479.13,3205, 601407, 60.31,0.95
DEN, EQ, 08-Apr-2022,41.4,41.5,43.5,41.5, 42.70,42.6,42.86,4215195,1806.62,10350, 1383967, 32.83,2.9
DEN, EQ, 08-Apr-2024,53.8,54.2,54.4,52.15, 52.50,52.55,53.13,1193575,634.15,5311, 550243, 46.10,-2.32
DEN, EQ, 08-Apr-2025,29.43,30.24,31.3,29.85,30.4,30.33,30.29,681732,206.47,4244, 290355, 42.59,3.06
DEN, EQ, 08-May-2020,44.25,44.35,46.45,44.35, 46.45,46.45,46.4,36803,17.08,206, 26956, 73.24,4.97
DEN, EQ, 08-May-2023,31.05,31.1,31.3,30.55, 30.70,30.7,30.92,336884,104.18,1602, 172217, 51.12,-1.13
DEN, EQ, 08-May-2024,49.25,49.0,49.75,48.6,49.3,49.25,49.3,652932,321.91,3534, 274192, 41.99,0.0
DEN, EQ, 08-Jun-2020,60.0,62.35,72.0,60.0, 71.50,70.3,68.64,1190527,817.22,8351, 346629, 29.12,17.17
DEN, EQ, 08-Jun-2021,56.8,57.1,59.8,55.2, 56.65,56.75,57.78,16854722,9738.64,48086, 8454750, 50.16,-0.09
DEN, EQ, 08-Jun-2022,35.75,36.05,37.2,35.75,36.65,36.8,36.54,683698,249.82,2702, 237181, 34.69,2.94
DEN, EQ, 08-Jun-2023,33.4,33.5,34.4,32.7, 32.85,32.8,33.4,1020666,340.94,3701, 457470, 44.82,-1.8
DEN, EQ, 08-Jul-2020,74.45,75.3,77.35,70.4,72.75,73.05,74.41,149377,111.15,1259, 59984, 40.16,-1.88
DEN, EQ, 08-Jul-2021,56.95,57.15,57.5,55.6, 56.10,56.0,56.71,4075717,2311.35,15385, 1436867, 35.25,-1.67
DEN, EQ, 08-Jul-2022,33.7,33.8,34.75,33.5,34.0,34.1,34.22,349248,119.5,1689, 153965, 44.08,1.19
DEN, EQ, 08-Jul-2024,55.02,55.2,56.2,54.85,54.98,55.17,55.42,1667190,923.91,10875, 729401, 43.75,0.27
DEN, EQ, 08-Aug-2022,34.75,35.0,35.2,34.1,34.75,34.8,34.65,404162,140.05,2231,198464,49.11,0.14
DEN, EQ, 08-Aug-2023,41.3,41.4,44.4,41.35, 43.70,43.7,43.55,6529791,2843.79,15821, 2901680, 44.44,5.81
DEN, EQ, 08-Aug-2024,52.56,52.7,52.96,51.75,51.91,51.86,52.28,1112798,581.8,7390, 454693, 40.86,-1.33
DEN, EQ, 08-Sep-2020,76.0,77.9,77.9,73.5, 74.00,74.2,75.35,52100,39.26,939, 30280, 58.12,-2.37
DEN, EQ, 08-Sep-2021,48.75,48.7,49.95,48.55, 48.65,48.75,49.09,558680,274.25,3078, 203674, 36.46,0.0
DEN, EQ, 08-Sep-2022,37.2,37.55,37.7,36.95, 37.25,37.2,37.32,911628,340.19,3887, 264331, 29.00,0.0
DEN, EQ, 08-Sep-2023,46.15,46.45,46.6,44.7, 45.00,44.9,45.6,1602207,730.56,5900, 875541, 54.65,-2.71
DEN, EQ, 08-Oct-2020,78.85,81.5,84.95,81.15,81.75,81.9,82.6,413353,341.43,5195, 166362, 40.25,3.87
DEN, EQ, 08-Oct-2021,49.95,49.7,50.5,49.5, 49.95,49.95,50.05,683158,341.89,2905, 339767, 49.73,0.0
DEN, EQ, 08-Oct-2024,49.98,50.0,51.27,49.78,51.25,51.17,50.82,931134,473.23,5422, 350566, 37.65,2.38
DEN, EQ, 08-Nov-2021,44.2,44.35,44.5,43.5, 44.25,44.1,43.96,1854850,815.38,4808, 1031276, 55.60,-0.23
DEN, EQ, 08-Nov-2023,54.5,54.8,54.8,53.25, 54.15,53.95,54.06,3200883,1730.42,7962, 1101026, 34.40,-1.01
DEN, EQ, 08-Nov-2024,48.69,48.39,48.5,46.64, 46.90,46.92,47.38,1179864,559.04,7607, 424240, 35.96,-3.64
DEN, EQ, 08-Dec-2020,69.4,69.65,70.5,68.65,69.05,69.2,69.61,248781,173.17,4083, 161283, 64.83,-0.29
DEN, EQ, 08-Dec-2021,40.65,40.95,41.5,40.6,41.0,40.95,40.93,1071344,438.52,4270, 343094, 32.02,0.74
DEN, EQ, 08-Dec-2022,35.55,35.65,36.55,35.3, 35.60,35.65,35.82,741525,265.63,3863, 243160, 32.79,0.28
DEN, EQ, 08-Dec-2023,58.05,58.45,59.05,55.3, 56.35,56.15,56.92,3787894,2155.93,10901, 1727202, 45.60,-3.27
DEN, EQ, 09-Jan-2020,45.5,47.5,47.75,46.05, 47.75,47.75,47.59,46930,22.33,305, 29573, 63.02,4.95
DEN, EQ, 09-Jan-2023,34.5,34.9,35.0,34.55,34.65,34.65,34.75,352485,122.49,1392, 195450, 55.45,0.43
DEN, EQ, 09-Jan-2024,63.6,64.7,65.5,62.35,62.9,62.7,63.71,8860939,5645.42,23427, 4014238, 45.30,-1.42
DEN, EQ, 09-Jan-2025,43.54,43.0,43.85,42.01,42.2,42.33,42.9,711067,305.07,5130, 228867, 32.19,-2.78
DEN, EQ, 09-Feb-2021,59.85,60.5,60.95,59.45, 59.70,59.55,59.9,222431,133.24,1728, 140956, 63.37,-0.5
DEN, EQ, 09-Feb-2022,41.1,41.2,42.6,41.1, 41.65,41.75,41.81,1879638,785.83,7178, 444960, 23.67,1.58
DEN, EQ, 09-Feb-2023,30.6,30.7,31.55,30.55, 31.10,31.15,31.1,521759,162.28,2251, 246347, 47.21,1.8
DEN, EQ, 09-Feb-2024,62.55,62.85,64.75,59.4, 61.00,60.65,61.82,7344234,4540.45,19102, 1962907, 26.73,-3.04
DEN, EQ, 09-Mar-2020,44.95,43.0,44.6,42.75, 42.75,42.75,42.95,14798,6.36,222, 11929, 80.61,-4.89
DEN, EQ, 09-Mar-2021,59.95,60.5,64.75,59.85, 62.45,61.9,62.81,3021995,1898.2,21518, 1154038, 38.19,3.25
DEN, EQ, 09-Mar-2022,37.4,37.85,39.1,37.85, 38.80,38.85,38.54,788313,303.85,2634, 502409, 63.73,3.88
DEN, EQ, 09-Mar-2023,30.55,30.9,30.9,30.25, 30.35,30.4,30.54,378224,115.52,1602, 191076, 50.52,-0.49
DEN, EQ, 09-Apr-2020,33.35,34.95,34.95,33.35, 34.50,34.2,34.57,42869,14.82,287, 37371, 87.17,2.55
DEN, EQ, 09-Apr-2021,47.7,48.0,48.7,47.65,48.45,48.35,48.19,1046592,504.33,2970, 606447, 57.94,1.36
DEN, EQ, 09-Apr-2024,52.55,52.55,52.75,51.05, 51.85,51.8,51.93,954993,495.95,4758, 434138, 45.46,-1.43
DEN, EQ, 09-Apr-2025,30.33,30.33,30.47,29.66,30.18,30.15,29.94,469335,140.51,3380, 214028, 45.60,-0.59
DEN, EQ, 09-May-2022,38.1,37.85,38.15,36.75, 37.30,37.15,37.32,1140507,425.69,3820, 470096, 41.22,-2.49
DEN, EQ, 09-May-2023,30.7,30.7,31.1,30.15,30.25,30.4,30.55,394577,120.55,1666, 209501, 53.10,-0.98
DEN, EQ, 09-May-2024,49.25,49.15,50.6,48.0,48.6,48.65,49.22,1618967,796.78,6601, 666486, 41.17,-1.22
DEN, EQ, 09-Jun-2020,70.3,73.9,81.1,71.0, 75.80,74.3,75.35,866031,652.59,8730, 316793, 36.58,5.69
DEN, EQ, 09-Jun-2021,56.75,57.35,59.2,54.65,55.5,55.8,57.25,22843185,13078.58,43661, 8742266, 38.27,-1.67
DEN, EQ, 09-Jun-2022,36.8,36.65,37.35,36.3, 36.45,36.5,36.66,617835,226.47,2086, 260150, 42.11,-0.82
DEN, EQ, 09-Jun-2023,32.8,33.15,33.75,32.4, 32.65,32.7,33.0,1434559,473.36,4824, 367020, 25.58,-0.3
DEN, EQ, 09-Jul-2020,73.05,74.1,74.1,70.1, 71.70,71.95,71.86,101423,72.88,1210, 59432, 58.60,-1.51
DEN, EQ, 09-Jul-2021,56.0,55.9,56.75,55.3,56.05,56.2,56.23,2794945,1571.46,11887, 895897, 32.05,0.36
DEN, EQ, 09-Jul-2024,55.17,55.62,56.75,55.31,55.75,55.86,55.99,2329540,1304.2,13945, 1016053, 43.62,1.25
DEN, EQ, 09-Aug-2021,51.35,51.35,53.3,50.7, 52.10,52.1,51.89,2734397,1418.83,7533, 1186540, 43.39,1.46
DEN, EQ, 09-Aug-2023,43.7,44.0,44.4,43.0, 43.65,43.5,43.63,2481721,1082.66,6730, 1175633, 47.37,-0.46
DEN, EQ, 09-Aug-2024,51.86,52.1,53.9,52.05,52.44,52.54,52.87,2250813,1189.99,11547, 647993, 28.79,1.31
DEN, EQ, 09-Sep-2020,74.2,72.0,73.55,70.5, 70.55,70.65,71.46,112308,80.25,1627, 70134, 62.45,-4.78
DEN, EQ, 09-Sep-2021,48.75,48.55,50.55,48.55, 49.10,49.25,49.37,1010255,498.78,3439, 520921, 51.56,1.03
DEN, EQ, 09-Sep-2022,37.2,37.55,37.7,36.25, 36.45,36.5,36.99,914225,338.18,3281, 304335, 33.29,-1.88
DEN, EQ, 09-Sep-2024,50.81,50.8,50.93,49.7,50.35,50.48,50.32,1106544,556.81,6798, 428516, 38.73,-0.65
DEN, EQ, 09-Oct-2020,81.9,82.45,83.9,78.85, 80.75,81.4,81.19,182044,147.8,2485, 65586, 36.03,-0.61
DEN, EQ, 09-Oct-2023,52.55,50.9,51.5,49.9, 50.05,50.15,50.64,4458358,2257.71,14205, 1835247, 41.16,-4.57
DEN, EQ, 09-Oct-2024,51.17,51.25,52.7,51.11,52.0,52.19,52.27,1300933,679.98,5936, 593085, 45.59,1.99
DEN, EQ, 09-Nov-2020,69.35,70.0,70.05,69.1, 69.50,69.45,69.45,67355,46.78,1599, 44714, 66.39,0.14
DEN, EQ, 09-Nov-2021,44.1,44.3,45.3,43.8,44.8,44.7,44.79,2101771,941.43,5172, 1496232, 71.19,1.36
DEN, EQ, 09-Nov-2022,33.2,33.45,33.8,33.3, 33.55,33.5,33.6,600992,201.95,1880, 314943, 52.40,0.9
DEN, EQ, 09-Nov-2023,53.95,53.95,55.2,53.6, 53.80,53.8,54.17,2049263,1110.16,6644, 723960, 35.33,-0.28
DEN, EQ, 09-Dec-2020,69.2,69.25,71.6,68.9,69.25,69.55,69.91,959146,670.57,9760, 360864, 37.62,0.51
DEN, EQ, 09-Dec-2021,40.95,41.0,43.4,40.7, 42.80,42.6,42.56,3097377,1318.23,9759, 849868, 27.44,4.03
DEN, EQ, 09-Dec-2022,35.65,35.85,36.1,34.55, 34.80,34.75,35.29,895571,316.06,4291, 418342, 46.71,-2.52
DEN, EQ, 09-Dec-2024,45.03,45.23,45.65,44.9,45.15,45.06,45.22,915042,413.77,6280, 450451, 49.23,0.07
DEN, EQ, 10-Jan-2020,47.75,50.1,50.1,50.1, 50.10,50.1,50.1,25052,12.55,132, 25042, 99.96,4.92
DEN, EQ, 10-Jan-2022,43.2,43.7,45.15,43.35,44.05,44.1,44.26,2057233,910.62,6310, 669574, 32.55,2.08
DEN, EQ, 10-Jan-2023,34.65,34.65,35.35,34.45,34.8,34.8,34.95,573467,200.41,3706, 225313, 39.29,0.43
DEN, EQ, 10-Jan-2024,62.7,62.9,69.4,62.8, 65.80,65.45,66.86,27267635,18231.83,57010, 6188211, 22.69,4.39
DEN, EQ, 10-Jan-2025,42.33,42.01,42.17,40.85,40.86,41.0,41.34,780349,322.58,6603, 294452, 37.73,-3.14
DEN, EQ, 10-Feb-2020,53.85,54.9,54.9,52.0, 53.35,53.35,53.17,22557,11.99,371, 14135, 62.66,-0.93
DEN, EQ, 10-Feb-2021,59.55,59.7,60.0,58.6,59.0,58.8,59.12,205215,121.32,2053, 112114, 54.63,-1.26
DEN, EQ, 10-Feb-2022,41.75,41.95,45.0,41.5,43.35,43.15,43.34,4247093,1840.83,13483, 1373188, 32.33,3.35
DEN, EQ, 10-Feb-2023,31.15,31.1,31.5,30.6, 30.90,30.9,31.12,342395,106.57,1464, 148615, 43.40,-0.8
DEN, EQ, 10-Feb-2025,38.09,38.0,38.4,37.72,37.81,37.85,38.0,400431,152.18,3275, 225552, 56.33,-0.63
DEN, EQ, 10-Mar-2021,61.9,62.4,62.95,59.9, 60.70,60.65,61.34,864967,530.6,7159, 509504, 58.90,-2.02
DEN, EQ, 10-Mar-2022,38.85,39.5,39.7,38.65, 38.80,38.9,39.22,995698,390.48,3136, 501112, 50.33,0.13
DEN, EQ, 10-Mar-2023,30.4,30.15,30.4,29.95, 30.20,30.1,30.13,807957,243.46,2296, 544058, 67.34,-0.99
DEN, EQ, 10-Mar-2025,32.76,32.94,33.75,32.6,32.6,32.8,33.1,1819456,602.25,10830, 1024476, 56.31,0.12
DEN, EQ, 10-Apr-2023,28.4,28.55,29.5,28.1, 28.30,28.15,28.75,725843,208.71,2771, 415361, 57.22,-0.88
DEN, EQ, 10-Apr-2024,51.8,52.0,52.85,51.7, 52.50,52.5,52.26,1131650,591.39,4499, 462380, 40.86,1.35
DEN, EQ, 10-May-2021,45.0,45.9,46.2,44.65, 44.95,44.95,44.99,2425429,1091.28,16508, 1408531, 58.07,-0.11
DEN, EQ, 10-May-2022,37.15,37.15,37.8,36.25, 36.35,36.4,36.91,857073,316.38,3542, 423410, 49.40,-2.02
DEN, EQ, 10-May-2023,30.4,30.5,31.8,30.0,31.65,31.6,31.07,965882,300.14,3974, 406549, 42.09,3.95
DEN, EQ, 10-May-2024,48.65,48.65,49.1,47.75,48.8,48.65,48.63,716586,348.44,3765, 205183, 28.63,0.0
DEN, EQ, 10-Jun-2020,74.3,73.95,73.95,66.9, 68.20,67.95,68.13,367179,250.15,4142, 170610, 46.47,-8.55
DEN, EQ, 10-Jun-2021,55.8,56.4,64.35,56.25, 63.90,63.25,61.2,41078157,25138.6,83133, 14020446, 34.13,13.35
DEN, EQ, 10-Jun-2022,36.5,36.15,36.45,35.55,35.9,35.8,35.88,417471,149.77,1703, 180419, 43.22,-1.92
DEN, EQ, 10-Jun-2024,49.6,50.0,51.06,49.99,50.24,50.15,50.41,1473391,742.75,7574, 651532, 44.22,1.11
DEN, EQ, 10-Jul-2020,71.95,74.0,78.9,73.5,78.75,77.65,76.07,578893,440.34,6869, 178816, 30.89,7.92
DEN, EQ, 10-Jul-2023,35.45,35.7,35.8,34.85,35.4,35.2,35.25,527098,185.82,2330, 207191, 39.31,-0.71
DEN, EQ, 10-Jul-2024,55.86,56.05,56.05,53.14,53.8,54.1,54.37,1704404,926.66,12403, 792983, 46.53,-3.15
DEN, EQ, 10-Aug-2020,83.35,83.0,85.8,80.2, 83.40,83.15,82.99,247536,205.44,3498, 105582, 42.65,-0.24
DEN, EQ, 10-Aug-2021,52.1,52.0,52.35,49.5, 49.70,49.9,51.19,1916200,980.94,6827, 1018657, 53.16,-4.22
DEN, EQ, 10-Aug-2022,34.8,34.8,35.15,34.25,34.45,34.45,34.56,457413,158.1,2710, 237430, 51.91,-1.01
DEN, EQ, 10-Aug-2023,43.5,43.6,44.65,43.1, 43.60,43.75,43.93,2893904,1271.31,7872, 943419, 32.60,0.57
DEN, EQ, 10-Sep-2020,70.65,71.5,74.15,69.1, 74.15,74.05,73.07,135219,98.81,1956, 63470, 46.94,4.81
DEN, EQ, 10-Sep-2024,50.48,50.85,51.95,50.67,51.45,51.2,51.4,1419638,729.76,8803, 495155, 34.88,1.43
DEN, EQ, 10-Oct-2022,33.0,32.7,33.25,32.6, 32.80,33.0,32.92,612278,201.54,3511, 264471, 43.19,0.0
DEN, EQ, 10-Oct-2023,50.15,50.6,51.65,50.2, 50.55,50.5,50.96,2723584,1388.01,7872, 1134728, 41.66,0.7
DEN, EQ, 10-Oct-2024,52.19,52.19,52.8,51.55,52.0,51.78,52.2,850709,444.08,4613, 374742, 44.05,-0.79
DEN, EQ, 10-Nov-2020,69.45,70.0,70.45,68.1, 68.60,68.65,69.1,69731,48.18,1360, 43667, 62.62,-1.15
DEN, EQ, 10-Nov-2021,44.7,44.5,45.2,43.9, 44.45,44.2,44.52,1514527,674.25,5097, 944045, 62.33,-1.12
DEN, EQ, 10-Nov-2022,33.5,33.4,34.1,33.15, 33.45,33.4,33.61,543146,182.55,3003, 177909, 32.76,-0.3
DEN, EQ, 10-Nov-2023,53.8,53.45,55.6,52.5,54.6,54.7,54.34,3539116,1923.15,10168, 1050368, 29.68,1.67
DEN, EQ, 10-Dec-2020,69.55,69.65,70.0,68.55, 69.20,69.0,69.12,366267,253.16,3863, 254500, 69.48,-0.79
DEN, EQ, 10-Dec-2021,42.6,42.3,46.5,42.0, 45.05,45.5,44.74,7978146,3569.53,22901, 1961355, 24.58,6.81
DEN, EQ, 10-Dec-2024,45.06,45.19,45.68,44.93,45.39,45.33,45.3,718506,325.49,4441, 271930, 37.85,0.6
DEN, EQ, 11-Jan-2021,66.95,68.0,68.2,66.35, 67.35,67.25,67.4,597559,402.74,3378, 284106, 47.54,0.45
DEN, EQ, 11-Jan-2022,44.1,44.2,44.55,43.4,43.65,43.6,43.95,1162201,510.84,3839, 436607, 37.57,-1.13
DEN, EQ, 11-Jan-2023,34.8,34.95,35.3,34.75, 35.05,34.95,35.02,353794,123.91,3233, 121968, 34.47,0.43
DEN, EQ, 11-Jan-2024,65.45,66.0,67.45,63.75, 64.75,64.6,65.46,12151300,7953.91,24499, 3625834, 29.84,-1.3
DEN, EQ, 11-Feb-2020,53.35,52.15,54.8,51.8, 52.30,52.15,52.64,18065,9.51,284, 11242, 62.23,-2.25
DEN, EQ, 11-Feb-2021,58.8,59.0,59.9,58.65,59.25,59.2,59.35,277543,164.72,6444, 83464, 30.07,0.68
DEN, EQ, 11-Feb-2022,43.15,42.65,46.35,42.55,44.7,44.6,45.22,8521449,3853.47,25007, 2952697, 34.65,3.36
DEN, EQ, 11-Feb-2025,37.85,37.6,37.85,35.62,35.99,35.91,36.41,755214,274.99,5850, 423674, 56.10,-5.13
DEN, EQ, 11-Mar-2020,42.75,41.75,42.75,40.65, 41.00,40.8,41.22,52271,21.54,834, 30441, 58.24,-4.56
DEN, EQ, 11-Mar-2022,38.9,39.0,39.45,38.35, 39.00,38.65,38.9,777710,302.54,2832, 445109, 57.23,-0.64
DEN, EQ, 11-Mar-2024,55.5,55.45,56.3,52.45, 52.85,52.85,54.07,2343074,1266.93,9915, 1024214, 43.71,-4.77
DEN, EQ, 11-Mar-2025,32.8,32.36,32.59,31.64,31.65,31.76,31.95,1065952,340.62,6530, 501884, 47.08,-3.17
DEN, EQ, 11-Apr-2022,42.6,42.75,44.2,42.45,43.4,43.4,43.36,2410343,1045.09,6486, 801298, 33.24,1.88
DEN, EQ, 11-Apr-2023,28.15,28.6,28.8,28.15, 28.75,28.4,28.43,387353,110.12,1438, 221093, 57.08,0.89
DEN, EQ, 11-Apr-2025,30.15,31.0,31.2,30.3,30.4,30.77,30.76,702120,215.94,4688, 309671, 44.11,2.06
DEN, EQ, 11-May-2020,46.45,48.75,48.75,48.75, 48.75,48.75,48.75,8384,4.09,66, 8384, 100.00,4.95
DEN, EQ, 11-May-2021,44.95,44.95,45.25,44.55, 44.85,44.85,44.9,1434714,644.12,11573, 902492, 62.90,-0.22
DEN, EQ, 11-May-2022,36.4,36.9,36.9,34.05,34.85,35.0,35.13,1512410,531.28,6208, 610924, 40.39,-3.85
DEN, EQ, 11-May-2023,31.6,31.65,31.9,31.05, 31.45,31.2,31.43,339734,106.78,1617, 156970, 46.20,-1.27
DEN, EQ, 11-Jun-2020,67.95,67.5,69.9,63.0, 65.75,64.8,67.08,150447,100.91,1838, 68889, 45.79,-4.64
DEN, EQ, 11-Jun-2021,63.25,64.85,65.3,60.55, 61.00,61.1,62.43,13965480,8718.31,33349, 5272692, 37.76,-3.4
DEN, EQ, 11-Jun-2024,50.15,50.45,53.95,50.23,52.5,52.32,52.67,6375630,3358.21,22615, 1654860, 25.96,4.33
DEN, EQ, 11-Jul-2022,34.1,33.9,34.3,33.75,34.15,34.05,34.09,247101,84.24,1355, 109353, 44.25,-0.15
DEN, EQ, 11-Jul-2023,35.2,35.5,35.9,34.7, 35.00,34.9,35.26,674034,237.67,2370, 365809, 54.27,-0.85
DEN, EQ, 11-Jul-2024,54.1,54.15,54.81,53.58,54.1,54.13,54.18,1299655,704.21,10031, 476421, 36.66,0.06
DEN, EQ, 11-Aug-2020,83.15,84.0,86.0,84.0,84.9,84.8,85.11,204313,173.9,2182, 106065, 51.91,1.98
DEN, EQ, 11-Aug-2021,49.9,49.9,50.4,47.7, 48.90,48.95,48.76,1562794,761.99,5886, 869586, 55.64,-1.9
DEN, EQ, 11-Aug-2022,34.45,34.8,35.05,33.6,34.0,34.0,34.22,634181,217.01,3506, 280755, 44.27,-1.31
DEN, EQ, 11-Aug-2023,43.75,44.0,44.1,42.7, 42.80,43.0,43.42,1713885,744.13,5522, 683883, 39.90,-1.71
DEN, EQ, 11-Sep-2020,74.05,74.8,74.8,72.55, 74.00,73.5,73.37,31388,23.03,692, 17713, 56.43,-0.74
DEN, EQ, 11-Sep-2023,44.9,45.25,45.75,43.95, 44.40,44.35,44.59,2015289,898.61,7304, 1126064, 55.88,-1.22
DEN, EQ, 11-Sep-2024,51.2,51.35,52.0,51.0,51.19,51.13,51.51,1194515,615.24,7039, 521896, 43.69,-0.14
DEN, EQ, 11-Oct-2021,49.95,50.4,50.55,49.75, 49.90,49.9,50.16,577316,289.57,2529, 373727, 64.74,-0.1
DEN, EQ, 11-Oct-2022,33.0,33.2,33.2,32.35, 32.50,32.4,32.67,417836,136.53,1470, 251862, 60.28,-1.82
DEN, EQ, 11-Oct-2023,50.5,51.0,51.85,50.7, 50.90,51.0,51.18,2955333,1512.44,7820, 1024266, 34.66,0.99
DEN, EQ, 11-Oct-2024,51.78,52.0,53.49,51.6,51.8,51.75,52.3,2478403,1296.26,12359, 776428, 31.33,-0.06
DEN, EQ, 11-Nov-2020,68.65,68.65,69.7,68.3, 69.35,68.95,68.98,34546,23.83,939, 21129, 61.16,0.44
DEN, EQ, 11-Nov-2021,44.2,44.2,44.45,43.2, 43.50,43.35,43.69,1433063,626.07,5010, 951395, 66.39,-1.92
DEN, EQ, 11-Nov-2022,33.4,33.7,33.75,33.0,33.15,33.2,33.3,600889,200.07,3205, 314114, 52.27,-0.6
DEN, EQ, 11-Nov-2024,46.92,46.9,47.04,45.55, 45.75,45.73,46.15,1195347,551.65,9352, 432384, 36.17,-2.54
DEN, EQ, 11-Dec-2020,69.0,69.7,71.0,68.65, 68.95,68.9,69.7,506665,353.17,8072, 267070, 52.71,-0.14
DEN, EQ, 11-Dec-2023,56.15,56.4,57.9,56.15, 57.20,57.15,57.15,3208327,1833.66,8620, 1329618, 41.44,1.78
DEN, EQ, 11-Dec-2024,45.33,45.37,45.96,45.11,45.28,45.28,45.43,685872,311.61,3878, 290331, 42.33,-0.11
DEN, EQ, 12-Jan-2021,67.25,67.4,69.35,66.65, 68.50,68.5,68.43,1039639,711.39,6093, 427431, 41.11,1.86
DEN, EQ, 12-Jan-2022,43.6,44.05,44.35,42.9,43.15,43.0,43.6,978500,426.58,3012, 440499, 45.02,-1.38
DEN, EQ, 12-Jan-2023,34.95,35.15,35.9,34.5, 34.90,34.8,35.22,613501,216.08,3220, 178865, 29.15,-0.43
DEN, EQ, 12-Jan-2024,64.6,64.95,65.05,63.5,63.9,64.1,64.19,4969217,3189.9,13784, 2177803, 43.83,-0.77
DEN, EQ, 12-Feb-2020,52.15,52.5,52.5,51.4, 52.00,52.0,52.04,9227,4.8,137, 6813, 73.84,-0.29
DEN, EQ, 12-Feb-2021,59.2,59.3,59.7,59.0,59.1,59.15,59.33,206951,122.79,2911, 108293, 52.33,-0.08
DEN, EQ, 12-Feb-2024,60.65,61.0,61.7,54.5, 55.50,55.15,57.34,6950095,3984.96,21081, 2596608, 37.36,-9.07
DEN, EQ, 12-Feb-2025,35.91,36.05,36.29,34.05,35.3,35.18,35.01,1301675,455.71,9692, 573152, 44.03,-2.03
DEN, EQ, 12-Mar-2020,40.8,40.65,40.65,38.8, 38.80,38.8,38.95,6850,2.67,88, 6647, 97.04,-4.9
DEN, EQ, 12-Mar-2021,60.65,61.1,61.5,59.4, 59.70,59.6,60.43,648535,391.88,5715, 390944, 60.28,-1.73
DEN, EQ, 12-Mar-2024,52.85,53.0,53.25,50.0, 51.40,51.25,51.2,2316251,1185.94,9542, 1100654, 47.52,-3.03
DEN, EQ, 12-Mar-2025,31.76,31.7,32.14,31.07,31.94,31.66,31.54,803793,253.52,5812, 374216, 46.56,-0.31
DEN, EQ, 12-Apr-2021,48.35,48.0,48.0,46.0, 46.50,46.2,46.68,1154066,538.71,3483, 705774, 61.16,-4.45
DEN, EQ, 12-Apr-2022,43.4,43.2,43.45,41.9, 42.60,42.4,42.48,1868646,793.8,5204, 615766, 32.95,-2.3
DEN, EQ, 12-Apr-2023,28.4,28.7,28.75,28.3, 28.45,28.4,28.49,232577,66.26,1211, 139768, 60.10,0.0
DEN, EQ, 12-Apr-2024,52.5,52.35,54.2,50.45, 51.35,51.2,51.86,1430232,741.67,6619, 504642, 35.28,-2.48
DEN, EQ, 12-May-2020,48.75,51.15,51.15,51.15, 51.15,51.15,51.15,12704,6.5,162, 12704, 100.00,4.92
DEN, EQ, 12-May-2021,44.85,45.0,45.0,44.1,44.25,44.2,44.59,1466174,653.81,16420, 950454, 64.83,-1.45
DEN, EQ, 12-May-2022,35.0,35.0,35.6,34.25,34.7,34.7,34.8,1176498,409.37,4455, 440572, 37.45,-0.86
DEN, EQ, 12-May-2023,31.2,31.2,31.6,30.8, 30.90,31.0,31.14,446054,138.91,2106, 206637, 46.33,-0.64
DEN, EQ, 12-Jun-2020,64.8,59.25,70.8,59.0, 68.00,68.1,66.21,340840,225.68,3669, 125845, 36.92,5.09
DEN, EQ, 12-Jun-2023,32.7,32.5,35.15,32.4, 34.50,34.55,34.15,3174953,1084.35,9319, 1236108, 38.93,5.66
DEN, EQ, 12-Jun-2024,52.32,52.45,54.2,52.45,53.5,53.46,53.64,3703807,1986.73,17462, 1453374, 39.24,2.18
DEN, EQ, 12-Jul-2021,56.2,56.75,57.65,54.9, 55.50,55.6,56.53,3332334,1883.85,11399, 1506211, 45.20,-1.07
DEN, EQ, 12-Jul-2022,34.05,33.95,36.0,33.95,35.0,35.0,35.16,894820,314.65,4048, 329576, 36.83,2.79
DEN, EQ, 12-Jul-2023,34.9,35.1,35.2,33.85, 33.90,33.95,34.28,1675802,574.41,3965, 1009015, 60.21,-2.72
DEN, EQ, 12-Jul-2024,54.13,54.34,55.3,53.45,53.46,53.64,54.34,2251158,1223.37,13278, 884920, 39.31,-0.91
DEN, EQ, 12-Aug-2020,84.8,83.7,84.65,80.6,82.4,82.3,82.01,184488,151.31,2116, 87469, 47.41,-2.95
DEN, EQ, 12-Aug-2021,48.95,49.4,52.55,49.25, 52.40,51.9,51.12,1827668,934.34,7257, 991388, 54.24,6.03
DEN, EQ, 12-Aug-2022,34.0,34.05,34.8,33.65,34.15,34.2,34.32,562100,192.93,3981, 214646, 38.19,0.59
DEN, EQ, 12-Aug-2024,52.54,52.06,52.63,51.29,51.83,51.86,51.92,1473300,764.98,9100, 475195, 32.25,-1.29
DEN, EQ, 12-Sep-2022,36.5,36.75,36.85,36.4, 36.65,36.6,36.64,600314,219.93,1875, 296427, 49.38,0.27
DEN, EQ, 12-Sep-2023,44.35,44.5,44.65,40.75, 41.45,41.25,42.04,3545456,1490.65,11618, 1536497, 43.34,-6.99
DEN, EQ, 12-Sep-2024,51.13,51.7,51.76,51.0,51.23,51.18,51.28,854816,438.31,4825, 387283, 45.31,0.1
DEN, EQ, 12-Oct-2020,81.4,83.5,94.4,82.05, 92.85,92.9,89.96,2046400,1840.87,20777, 522124, 25.51,14.13
DEN, EQ, 12-Oct-2021,49.9,50.0,54.0,49.5, 53.35,52.95,52.67,7468622,3933.82,23430, 2471480, 33.09,6.11
DEN, EQ, 12-Oct-2022,32.4,32.6,32.65,32.05, 32.40,32.45,32.35,312996,101.27,3372, 129797, 41.47,0.15
DEN, EQ, 12-Oct-2023,51.0,51.1,54.9,51.05, 54.05,54.15,53.59,12422220,6657.38,27357, 3645622, 29.35,6.18
DEN, EQ, 12-Nov-2020,68.95,68.95,70.0,68.15, 69.10,69.2,69.21,57804,40.0,1082, 34424, 59.55,0.36
DEN, EQ, 12-Nov-2021,43.35,43.6,43.8,41.85, 42.00,41.95,42.4,2810272,1191.66,7926, 1997216, 71.07,-3.23
DEN, EQ, 12-Nov-2024,45.73,46.14,46.65,44.75,45.01,45.05,45.86,615415,282.25,4443, 236711, 38.46,-1.49
DEN, EQ, 12-Dec-2022,34.75,34.75,35.1,34.45, 35.10,34.9,34.8,445093,154.88,3200, 174578, 39.22,0.43
DEN, EQ, 12-Dec-2023,57.15,57.3,61.3,57.3, 58.45,58.25,59.77,12093106,7227.92,27130, 3695442, 30.56,1.92
DEN, EQ, 12-Dec-2024,45.28,45.3,45.47,44.56,44.89,44.87,45.01,624982,281.3,3364, 282244, 45.16,-0.91
DEN, EQ, 13-Jan-2020,50.1,52.6,52.6,48.85, 51.15,50.8,51.84,74908,38.83,717, 61617, 82.26,1.4
DEN, EQ, 13-Jan-2021,68.5,68.85,69.4,66.85, 67.90,67.7,68.05,599533,408.0,3715, 278573, 46.46,-1.17
DEN, EQ, 13-Jan-2022,43.0,43.3,45.0,43.15, 44.10,44.1,44.2,2142735,947.0,6413, 738725, 34.48,2.56
DEN, EQ, 13-Jan-2023,34.8,34.9,35.6,34.55,35.15,35.2,35.13,633878,222.68,4355, 233026, 36.76,1.15
DEN, EQ, 13-Jan-2025,41.0,40.82,41.2,38.1,38.25,38.29,39.27,1614251,633.87,12371, 657709, 40.74,-6.61
DEN, EQ, 13-Feb-2020,52.0,50.15,53.8,46.85, 50.05,49.55,49.84,36075,17.98,538, 17475, 48.44,-4.71
DEN, EQ, 13-Feb-2023,30.9,30.9,31.65,30.6,31.4,31.4,31.28,642598,201.03,2300, 370919, 57.72,1.62
DEN, EQ, 13-Feb-2024,55.15,55.45,57.3,53.65, 57.20,57.05,55.76,3795866,2116.41,11262, 1034235, 27.25,3.45
DEN, EQ, 13-Feb-2025,35.18,35.29,36.2,35.26,35.41,35.56,35.69,508677,181.56,4746, 184253, 36.22,1.08
DEN, EQ, 13-Mar-2020,38.8,38.0,38.0,36.9, 36.95,36.95,37.02,47645,17.64,298, 35864, 75.27,-4.77
DEN, EQ, 13-Mar-2023,30.1,30.0,30.2,28.5, 28.60,28.7,29.21,1216327,355.25,3799, 820628, 67.47,-4.65
DEN, EQ, 13-Mar-2024,51.25,51.4,52.45,46.25, 46.35,46.85,48.7,3868143,1883.7,14823, 1636845, 42.32,-8.59
DEN, EQ, 13-Mar-2025,31.66,31.32,32.45,30.67,30.8,30.79,31.51,1295214,408.16,7233, 755338, 58.32,-2.75
DEN, EQ, 13-Apr-2020,34.2,34.95,35.85,32.75, 32.80,33.15,33.83,21942,7.42,288,11906,79.83,-3.07
DEN, EQ, 13-Apr-2021,46.2,46.2,47.8,46.2, 47.10,47.15,47.09,589459,277.59,2153, 326107, 55.32,2.06
DEN, EQ, 13-Apr-2022,42.4,42.85,43.4,41.8,42.05,42.0,42.56,1631703,694.4,4174, 686177, 42.05,-0.94
DEN, EQ, 13-Apr-2023,28.4,28.8,29.15,28.5, 29.00,28.95,28.83,362830,104.59,1794, 188934, 52.07,1.94
DEN, EQ, 13-May-2020,51.15,53.7,53.7,53.7,53.7,53.7,53.7,11860,6.37,108, 11860, 100.00,4.99
DEN, EQ, 13-May-2022,34.7,35.0,36.2,34.55,34.6,34.85,35.55,1176538,418.28,4718, 373252, 31.72,0.43
DEN, EQ, 13-May-2024,48.65,48.65,49.0,47.35,48.2,48.25,48.06,849568,408.32,4440, 283475, 33.37,-0.82
DEN, EQ, 13-Jun-2022,35.8,35.45,35.45,34.25,34.65,34.8,34.76,478491,166.32,2497, 240881, 50.34,-2.79
DEN, EQ, 13-Jun-2023,34.55,34.55,35.1,34.05, 34.20,34.15,34.51,1056697,364.62,3698, 514235, 48.66,-1.16
DEN, EQ, 13-Jun-2024,53.46,53.74,54.15,52.84,53.4,53.23,53.38,1592950,850.35,9358, 642034, 40.30,-0.43
DEN, EQ, 13-Jul-2020,77.65,79.0,82.75,78.0, 80.90,80.8,80.71,639550,516.21,7267, 210235, 32.87,4.06
DEN, EQ, 13-Jul-2021,55.6,56.0,56.4,55.15, 55.60,55.5,55.77,1951262,1088.29,9545, 973783, 49.91,-0.18
DEN, EQ, 13-Jul-2022,35.0,35.15,35.55,34.55,34.7,34.8,35.2,402896,141.82,2315, 126805, 31.47,-0.57
DEN, EQ, 13-Jul-2023,33.95,34.15,34.15,32.95, 33.50,33.25,33.59,1387660,466.06,4291, 644327, 46.43,-2.06
DEN, EQ, 13-Aug-2020,82.3,84.9,84.9,82.0, 82.30,82.15,82.55,89069,73.52,1366, 57091, 64.10,-0.18
DEN, EQ, 13-Aug-2021,51.9,51.8,52.75,50.7,50.7,51.0,51.6,1209420,624.03,5737, 563287, 46.57,-1.73
DEN, EQ, 13-Aug-2024,51.86,52.01,52.97,51.05,51.41,51.36,52.03,1782889,927.55,10202, 578145, 32.43,-0.96
DEN, EQ, 13-Sep-2021,49.25,49.3,50.05,49.2, 49.55,49.5,49.59,738336,366.11,3133, 360794, 48.87,0.51
DEN, EQ, 13-Sep-2022,36.6,36.7,37.0,36.65, 36.95,36.85,36.81,432505,159.21,1553, 225969, 52.25,0.68
DEN, EQ, 13-Sep-2023,41.25,41.35,42.4,40.7, 42.20,42.15,41.69,1842416,768.11,6178, 634156, 34.42,2.18
DEN, EQ, 13-Sep-2024,51.18,51.23,52.72,51.2,52.0,51.76,51.98,1838404,955.63,9353, 754740, 41.05,1.13
DEN, EQ, 13-Oct-2020,92.9,93.7,93.75,86.15, 88.80,88.8,89.63,852613,764.24,10629, 307353, 36.05,-4.41
DEN, EQ, 13-Oct-2021,52.95,53.6,53.9,51.85,52.3,52.2,52.92,1933075,1023.02,7567, 992818, 51.36,-1.42
DEN, EQ, 13-Oct-2022,32.45,32.7,34.35,32.3,33.4,33.2,33.39,1223465,408.53,6335, 407831, 33.33,2.31
DEN, EQ, 13-Oct-2023,54.15,54.1,54.25,52.25, 52.35,52.55,53.26,4150552,2210.67,11554, 1854395, 44.68,-2.95
DEN, EQ, 13-Nov-2020,69.2,69.65,69.8,68.2,68.55,68.45,68.83,91568,63.03,1511, 61377, 67.03,-1.08
DEN, EQ, 13-Nov-2023,54.8,54.95,54.95,53.6, 53.95,53.85,54.04,2035061,1099.85,6485, 942773, 46.33,-1.73
DEN, EQ, 13-Nov-2024,45.05,45.05,45.5,42.64,43.84,43.24,43.78,1266967,554.67,9038, 538828, 42.53,-4.02
DEN, EQ, 13-Dec-2021,45.5,45.7,46.4,44.55,45.2,45.35,45.38,3959591,1796.95,10779, 1210247, 30.56,-0.33
DEN, EQ, 13-Dec-2022,34.9,34.95,35.85,34.95, 35.70,35.45,35.39,788680,279.09,3766, 334775, 42.45,1.58
DEN, EQ, 13-Dec-2023,58.25,58.8,59.0,56.8, 57.85,57.65,57.85,3800091,2198.32,9945, 1556839, 40.97,-1.03
DEN, EQ, 13-Dec-2024,44.87,44.79,45.05,43.9,44.43,44.27,44.3,988177,437.78,6304, 402664, 40.75,-1.34
DEN, EQ, 14-Jan-2020,50.8,53.3,53.3,51.05, 53.30,53.3,53.01,148226,78.57,696, 119250, 80.45,4.92
DEN, EQ, 14-Jan-2021,67.7,68.35,69.15,67.05, 67.15,67.45,68.15,851732,580.46,4888, 355093, 41.69,-0.37
DEN, EQ, 14-Jan-2022,44.1,44.0,44.8,43.7, 44.15,44.15,44.13,1142897,504.39,3951, 359569, 31.46,0.11
DEN, EQ, 14-Jan-2025,38.29,37.0,39.95,37.0,38.62,39.28,38.41,2640637,1014.31,16800, 473913, 17.95,2.59
DEN, EQ, 14-Feb-2020,49.55,51.2,54.0,50.05, 51.20,51.8,51.51,28983,14.93,363, 19863, 68.53,4.54
DEN, EQ, 14-Feb-2022,44.6,43.75,44.6,41.15,41.65,41.85,43.22,2017366,871.97,8726, 1016059, 50.37,-6.17
DEN, EQ, 14-Feb-2023,31.4,31.55,31.9,30.9,31.55,31.65,31.48,642249,202.16,3428, 361733, 56.32,0.8
DEN, EQ, 14-Feb-2024,57.05,56.4,59.7,55.95, 59.30,59.35,58.27,2730589,1591.19,9104, 951182, 34.83,4.03
DEN, EQ, 14-Feb-2025,35.56,35.89,35.93,34.0,34.12,34.15,34.48,607200,209.37,5704, 273343, 45.02,-3.97
DEN, EQ, 14-Mar-2022,38.65,39.3,39.3,38.15,38.2,38.2,38.48,2317532,891.71,3639, 1746467, 75.36,-1.16
DEN, EQ, 14-Mar-2023,28.7,28.7,28.9,28.25, 28.50,28.55,28.59,473347,135.34,2185, 237427, 50.16,-0.52
DEN, EQ, 14-Mar-2024,46.85,46.25,52.25,46.25, 50.65,50.7,49.3,3319233,1636.26,11635, 1257132, 37.87,8.22
DEN, EQ, 14-May-2020,53.7,55.8,55.8,51.05,53.45,53.6,52.73,243697,128.5,2410, 144901, 59.46,-0.19
DEN, EQ, 14-May-2021,44.2,44.2,44.75,43.85, 43.85,44.05,44.2,1961232,866.91,11631, 1469668, 74.94,-0.34
DEN, EQ, 14-May-2024,48.25,48.5,52.8,48.25,51.2,51.05,51.23,4254046,2179.49,14874, 938305, 22.06,5.8
DEN, EQ, 14-Jun-2021,61.1,60.85,64.2,57.15, 62.00,62.3,61.49,10550012,6487.47,32723, 4478994, 42.45,1.96
DEN, EQ, 14-Jun-2022,34.8,34.5,35.25,34.25, 34.45,34.55,34.79,340066,118.3,1748, 115069, 33.84,-0.72
DEN, EQ, 14-Jun-2023,34.15,34.3,34.6,33.85, 34.10,34.1,34.15,847753,289.48,2998, 369291, 43.56,-0.15
DEN, EQ, 14-Jun-2024,53.23,53.46,55.35,53.3,53.45,53.79,54.45,4322363,2353.35,20337, 1463100, 33.85,1.05
DEN, EQ, 14-Jul-2020,80.8,83.5,88.85,80.8,88.85,88.8,86.22,2002530,1726.64,11492, 501684, 25.05,9.9
DEN, EQ, 14-Jul-2021,55.5,55.6,56.85,55.5, 55.85,55.85,56.16,3258693,1830.03,15248, 1226094, 37.63,0.63
DEN, EQ, 14-Jul-2022,34.8,34.9,35.05,33.85, 34.00,34.1,34.37,521352,179.17,2687, 193883, 37.19,-2.01
DEN, EQ, 14-Jul-2023,33.25,33.45,34.4,33.25,34.05,34.15,33.85,931458,315.25,3506, 455892, 48.94,2.71
DEN, EQ, 14-Aug-2020,82.15,82.15,84.5,78.7, 82.00,81.95,82.32,194469,160.09,2499, 73468, 37.78,-0.24
DEN, EQ, 14-Aug-2023,43.0,42.9,43.1,41.75, 42.60,42.35,42.46,2253392,956.82,6194, 953097, 42.30,-1.51
DEN, EQ, 14-Aug-2024,51.36,51.0,52.12,50.42,51.07,51.05,50.98,1238569,631.41,9129, 432456, 34.92,-0.6
DEN, EQ, 14-Sep-2020,73.5,74.0,77.15,73.7,75.1,76.25,75.52,84336,63.69,1467, 43843, 51.99,3.74
DEN, EQ, 14-Sep-2021,49.5,49.7,52.05,49.7, 51.10,51.35,51.0,3038981,1549.97,10559, 972677, 32.01,3.74
DEN, EQ, 14-Sep-2022,36.85,36.35,36.85,36.2,36.5,36.5,36.53,765481,279.62,2612, 222386, 29.05,-0.95
DEN, EQ, 14-Sep-2023,42.15,42.4,42.8,41.75, 42.05,41.9,42.27,1137323,480.76,3987, 489290, 43.02,-0.59
DEN, EQ, 14-Oct-2020,88.8,89.4,93.55,84.3, 87.00,87.1,89.86,1126481,1012.23,13916, 305448, 27.12,-1.91
DEN, EQ, 14-Oct-2021,52.2,52.7,54.8,51.65,53.15,53.3,53.47,4034731,2157.51,15879, 1674465, 41.50,2.11
DEN, EQ, 14-Oct-2022,33.2,35.3,35.5,33.3, 33.45,33.35,34.0,1300837,442.32,6629, 477671, 36.72,0.45
DEN, EQ, 14-Oct-2024,51.75,52.0,52.48,51.1,51.56,51.72,51.92,767623,398.57,4659, 348375, 45.38,-0.06
DEN, EQ, 14-Nov-2022,33.2,33.3,35.6,32.8,35.05,35.25,34.51,1879218,648.54,6214, 1019262, 54.24,6.17
DEN, EQ, 14-Nov-2024,43.24,44.2,44.42,43.31, 43.62,43.5,43.75,746006,326.36,6444, 238738, 32.00,0.6
DEN, EQ, 14-Dec-2020,68.9,69.4,69.7,68.9,69.15,69.1,69.27,179517,124.35,2584, 107288, 59.76,0.29
DEN, EQ, 14-Dec-2021,45.35,45.0,47.0,44.3,45.75,45.7,45.9,4449270,2042.0,11940, 1144551, 25.72,0.77
DEN, EQ, 14-Dec-2022,35.45,35.7,38.4,35.65, 38.10,37.9,37.56,3445093,1293.91,9324, 1548456, 44.95,6.91
DEN, EQ, 14-Dec-2023,57.65,58.1,58.4,56.95, 57.35,57.25,57.53,1839310,1058.22,6135, 867185, 47.15,-0.69
DEN, EQ, 15-Jan-2020,53.3,53.8,55.95,53.5, 55.50,55.4,54.99,124746,68.59,1154, 51671, 41.42,3.94
DEN, EQ, 15-Jan-2021,67.45,71.5,71.6,68.15,68.95,68.7,69.87,3637819,2541.92,17811, 1059591, 29.13,1.85
DEN, EQ, 15-Jan-2024,64.1,64.65,65.0,60.85, 62.10,62.2,62.17,7417031,4610.85,19380, 3055910, 41.20,-2.96
DEN, EQ, 15-Jan-2025,39.28,39.28,39.79,38.57,38.95,38.93,39.05,1003091,391.74,7054, 306613, 30.57,-0.89
DEN, EQ, 15-Feb-2021,59.15,59.25,59.75,58.3, 58.65,58.6,58.8,262891,154.58,2493, 143297, 54.51,-0.93
DEN, EQ, 15-Feb-2022,41.85,41.9,43.25,41.05,43.0,43.1,42.39,1637808,694.25,5988, 716432, 43.74,2.99
DEN, EQ, 15-Feb-2023,31.65,31.75,32.1,31.35, 31.85,31.9,31.83,289718,92.21,3066, 143416, 49.50,0.79
DEN, EQ, 15-Feb-2024,59.35,59.5,60.05,58.5, 58.90,58.8,59.12,2002069,1183.6,6996, 692929, 34.61,-0.93
DEN, EQ, 15-Mar-2021,59.6,60.2,61.2,59.5, 60.00,60.1,60.23,1394741,840.09,9610, 962034, 68.98,0.84
DEN, EQ, 15-Mar-2022,38.2,38.45,41.45,38.35,39.4,39.5,40.23,4300775,1730.26,8053, 2733351, 63.55,3.4
DEN, EQ, 15-Mar-2023,28.55,28.75,29.0,28.0, 28.15,28.3,28.49,533362,151.95,2040, 410324, 76.93,-0.88
DEN, EQ, 15-Mar-2024,50.7,51.0,51.2,49.1, 50.80,50.75,50.25,2225610,1118.3,7086, 843227, 37.89,0.1
DEN, EQ, 15-Apr-2020,33.15,33.0,34.8,33.0, 34.50,34.1,34.35,44422,15.26,246, 40635, 91.47,2.87
DEN, EQ, 15-Apr-2021,47.15,47.0,47.8,46.5,47.25,47.2,47.21,581090,274.34,2154, 331671, 57.08,0.11
DEN, EQ, 15-Apr-2024,51.2,50.2,50.6,48.75, 49.80,49.65,49.63,1488673,738.77,7633, 604802, 40.63,-3.03
DEN, EQ, 15-Apr-2025,30.77,31.5,32.7,31.14,32.4,32.42,32.01,991781,317.42,6040, 448667, 45.24,5.36
DEN, EQ, 15-May-2020,53.6,54.45,54.95,51.1,52.5,52.25,52.6,81876,43.07,1374, 35996, 43.96,-2.52
DEN, EQ, 15-May-2023,31.0,31.1,31.35,30.7, 31.05,31.05,31.07,396372,123.13,1768, 191437, 48.30,0.16
DEN, EQ, 15-May-2024,51.05,51.45,52.6,51.4,52.05,52.0,51.94,2192100,1138.53,9492, 667993, 30.47,1.86
DEN, EQ, 15-Jun-2020,68.1,69.8,72.5,69.25,71.85,71.6,71.65,444428,318.44,3007, 275852, 62.07,5.14
DEN, EQ, 15-Jun-2021,62.3,62.45,64.2,61.3, 61.65,61.65,62.76,4218448,2647.52,12849, 2327280, 55.17,-1.04
DEN, EQ, 15-Jun-2022,34.55,34.85,35.2,34.65, 34.90,34.9,34.94,230484,80.54,1232, 100436, 43.58,1.01
DEN, EQ, 15-Jun-2023,34.1,34.45,34.45,33.4, 33.65,33.7,33.84,462564,156.52,2194, 256139, 55.37,-1.17
DEN, EQ, 15-Jul-2020,88.8,90.8,96.85,82.0,83.45,85.95,92.16,3451799,3181.28,32432, 721979, 20.92,-3.21
DEN, EQ, 15-Jul-2021,55.85,56.0,56.4,55.25, 55.65,55.5,55.82,3007794,1678.99,11455, 1527732, 50.79,-0.63
DEN, EQ, 15-Jul-2022,34.1,34.2,34.3,33.55,34.0,34.1,33.97,389530,132.33,1842, 195894, 50.29,0.0
DEN, EQ, 15-Jul-2024,53.64,54.12,56.75,53.2,55.89,55.82,55.34,6533414,3615.36,35374, 2084852, 31.91,4.06
DEN, EQ, 15-Sep-2020,76.25,76.0,77.0,73.0, 74.70,74.6,74.75,56440,42.19,1031, 30465, 53.98,-2.16
DEN, EQ, 15-Sep-2021,51.35,51.5,52.25,50.25, 50.55,50.55,51.53,1632029,840.92,4951, 896340, 54.92,-1.56
DEN, EQ, 15-Sep-2022,36.5,36.6,37.4,36.05,36.45,36.4,36.8,1009135,371.36,3535, 381225, 37.78,-0.27
DEN, EQ, 15-Sep-2023,41.9,42.3,47.7,41.9, 47.30,47.1,46.03,14506496,6677.73,30099, 4108980, 28.33,12.41
DEN, EQ, 15-Oct-2020,87.1,88.1,90.9,79.55, 81.55,82.1,84.87,1233365,1046.81,13923, 373095, 30.25,-5.74
DEN, EQ, 15-Oct-2024,51.72,51.75,52.1,50.29,50.61,50.52,50.97,2064124,1052.09,9618, 776056, 37.60,-2.32
DEN, EQ, 15-Nov-2021,41.95,41.95,41.95,40.05, 40.45,40.45,40.67,3095800,1259.11,9356, 2116730, 68.37,-3.58
DEN, EQ, 15-Nov-2022,35.25,35.5,35.6,34.35, 34.70,34.95,34.86,1122805,391.41,5813, 508153, 45.26,-0.85
DEN, EQ, 15-Nov-2023,53.85,54.2,59.75,54.2, 59.15,58.9,58.08,21281150,12359.23,47700, 7423392, 34.88,9.38
DEN, EQ, 15-Dec-2020,69.1,69.25,69.6,68.35,68.8,68.75,68.91,248556,171.27,3469, 113748, 45.76,-0.51
DEN, EQ, 15-Dec-2021,45.7,45.9,47.15,44.75, 45.20,45.35,46.27,3360237,1554.9,8526, 927790, 27.61,-0.77
DEN, EQ, 15-Dec-2022,37.9,38.1,40.4,38.0, 38.75,38.6,39.51,3628707,1433.8,10241, 1675791, 46.18,1.85
DEN, EQ, 15-Dec-2023,57.25,57.7,58.5,56.5, 56.70,56.75,57.34,2553063,1463.83,7631, 1127297, 44.15,-0.87
DEN, EQ, 16-Jan-2020,55.4,58.15,58.15,55.4, 55.65,56.0,57.45,282666,162.38,2099, 152793, 54.05,1.08
DEN, EQ, 16-Jan-2023,35.2,35.4,35.45,33.7, 33.85,33.8,34.26,1399306,479.41,4990, 730047, 52.17,-3.98
DEN, EQ, 16-Jan-2024,62.2,62.1,63.0,59.15, 60.40,60.4,60.97,5230822,3189.3,14653, 2056878, 39.32,-2.89
DEN, EQ, 16-Jan-2025,38.93,39.05,39.77,39.05,39.49,39.33,39.47,647865,255.74,4831, 272265, 42.02,1.03
DEN, EQ, 16-Feb-2021,58.6,58.95,59.0,58.0, 58.15,58.15,58.42,164556,96.13,1938, 94974, 57.72,-0.77
DEN, EQ, 16-Feb-2022,43.1,43.2,45.1,43.0,43.95,43.95,44.35,2116942,938.79,8168, 636800, 30.08,1.97
DEN, EQ, 16-Feb-2023,31.9,31.9,32.1,31.45, 31.45,31.65,31.77,307774,97.78,2812, 198887, 64.62,-0.78
DEN, EQ, 16-Feb-2024,58.8,58.9,60.9,58.9,59.25,59.3,59.83,3018123,1805.71,7637, 986593, 32.69,0.85
DEN, EQ, 16-Mar-2020,36.95,37.0,37.75,35.15, 35.15,35.15,35.46,42215,14.97,635, 35381, 83.81,-4.87
DEN, EQ, 16-Mar-2021,60.1,60.45,60.45,59.4, 59.90,59.8,59.96,739131,443.16,6406, 396700, 53.67,-0.5
DEN, EQ, 16-Mar-2022,39.5,40.05,40.5,39.35,39.5,39.6,39.91,1097656,438.12,4216, 448299, 40.84,0.25
DEN, EQ, 16-Mar-2023,28.3,28.25,29.25,27.65, 29.05,29.0,28.4,896600,254.63,4239, 496518, 55.38,2.47
DEN, EQ, 16-Apr-2020,34.1,34.9,35.8,33.1, 35.20,34.85,34.97,42147,14.74,393, 29990, 71.16,2.2
DEN, EQ, 16-Apr-2021,47.2,47.3,49.0,47.3,48.4,48.4,48.18,1290434,621.72,5747, 720005, 55.80,2.54
DEN, EQ, 16-Apr-2024,49.65,49.0,51.3,49.0, 50.25,50.3,50.5,1620398,818.29,6593, 610826, 37.70,1.31
DEN, EQ, 16-Apr-2025,32.42,32.5,33.19,32.42,33.0,33.04,32.93,816832,268.97,4236, 369352, 45.22,1.91
DEN, EQ, 16-May-2022,34.85,35.9,36.55,34.75,35.65,35.65,35.87,929433,333.37,3401, 326786, 35.16,2.3
DEN, EQ, 16-May-2023,31.05,31.1,31.4,30.55,30.8,30.85,30.99,527780,163.58,2115, 269143, 51.00,-0.64
DEN, EQ, 16-May-2024,52.0,52.35,52.4,51.0,51.3,51.3,51.63,1083002,559.14,5348, 468889, 43.30,-1.35
DEN, EQ, 16-Jun-2020,71.6,74.95,78.75,72.0, 77.25,76.9,76.32,1247954,952.42,7434, 457709, 36.68,7.4
DEN, EQ, 16-Jun-2021,61.65,61.85,62.8,59.15, 59.90,60.0,60.44,4166883,2518.47,14043, 2327202, 55.85,-2.68
DEN, EQ, 16-Jun-2022,34.9,35.2,35.5,31.8, 32.60,32.75,33.69,502182,169.21,3122, 272726, 54.31,-6.16
DEN, EQ, 16-Jun-2023,33.7,33.85,34.75,33.45, 34.25,34.4,34.29,2861541,981.19,6477, 938599, 32.80,2.08
DEN, EQ, 16-Jul-2020,85.95,86.8,87.9,78.55, 82.30,82.95,82.41,719508,592.94,9681, 215321, 29.93,-3.49
DEN, EQ, 16-Jul-2021,55.5,55.9,56.4,55.0, 55.20,55.15,55.68,2298635,1279.9,10991, 1129621, 49.14,-0.63
DEN, EQ, 16-Jul-2024,55.82,55.95,57.7,54.05,54.37,54.44,55.94,5587689,3125.79,26329, 2254443, 40.35,-2.47
DEN, EQ, 16-Aug-2021,51.0,50.95,51.35,50.4,50.5,50.6,50.69,540591,274.02,2067, 316555, 58.56,-0.78
DEN, EQ, 16-Aug-2022,34.2,34.1,35.8,34.1,35.5,35.55,35.14,856445,300.98,4186, 383028, 44.72,3.95
DEN, EQ, 16-Aug-2023,42.35,42.2,44.0,42.15, 42.80,42.8,43.24,2548765,1102.05,7039, 992792, 38.95,1.06
DEN, EQ, 16-Aug-2024,51.05,51.45,51.45,49.34,50.09,49.96,50.03,2924810,1463.31,14426, 1150967, 39.35,-2.14
DEN, EQ, 16-Sep-2020,74.6,77.0,78.2,74.6,74.9,75.2,75.77,99246,75.2,1528, 44518, 44.86,0.8
DEN, EQ, 16-Sep-2021,50.55,50.6,51.25,49.7,49.9,49.85,50.41,803877,405.25,3529, 431038, 53.62,-1.38
DEN, EQ, 16-Sep-2022,36.4,36.4,36.6,35.0, 35.40,35.3,35.79,1000697,358.13,4814, 349410, 34.92,-3.02
DEN, EQ, 16-Sep-2024,51.76,51.99,56.38,51.75,56.35,55.59,55.17,13628417,7518.91,48231, 3602879, 26.44,7.4
DEN, EQ, 16-Oct-2020,82.1,82.1,83.75,77.5, 78.15,78.0,79.44,255045,202.61,3960, 87854, 34.45,-4.99
DEN, EQ, 16-Oct-2023,52.55,52.0,53.6,50.75, 51.40,51.3,52.33,3977006,2081.15,11260, 1580246, 39.73,-2.38
DEN, EQ, 16-Oct-2024,50.52,50.73,50.73,50.07,50.62,50.39,50.37,1054731,531.27,5589, 525025, 49.78,-0.26
DEN, EQ, 16-Nov-2021,40.45,40.9,41.5,40.15, 40.25,40.3,40.68,2636239,1072.51,6309, 1542399, 58.51,-0.37
DEN, EQ, 16-Nov-2022,34.95,34.8,35.5,34.4, 34.95,34.8,34.92,1080972,377.46,4586, 478381, 44.25,-0.43
DEN, EQ, 16-Nov-2023,58.9,59.2,59.45,56.9, 57.30,57.15,57.93,5239300,3035.07,14456, 2086950, 39.83,-2.97
DEN, EQ, 16-Dec-2020,68.75,69.3,70.95,68.65, 68.90,69.25,70.04,961502,673.47,11036, 375393, 39.04,0.73
DEN, EQ, 16-Dec-2021,45.35,45.55,45.75,43.7, 44.05,43.95,44.36,1946733,863.55,5819, 495391, 25.45,-3.09
DEN, EQ, 16-Dec-2022,38.6,39.4,39.8,37.7, 38.70,38.55,38.78,2241769,869.45,6131, 715385, 31.91,-0.13
DEN, EQ, 16-Dec-2024,44.27,44.5,45.35,43.45,43.87,43.68,44.27,1141104,505.21,7549, 627622, 55.00,-1.33
DEN, EQ, 17-Jan-2020,56.0,56.0,56.5,53.2, 53.90,53.75,54.58,73430,40.08,709, 47990, 65.35,-4.02
DEN, EQ, 17-Jan-2022,44.15,44.1,44.9,44.05,44.25,44.35,44.47,1523119,677.26,4291, 691022, 45.37,0.45
DEN, EQ, 17-Jan-2023,33.8,33.95,34.0,32.9,33.45,33.35,33.38,1110797,370.82,3288, 524287, 47.20,-1.33
DEN, EQ, 17-Jan-2024,60.4,59.3,63.65,58.65, 61.65,61.7,62.02,9060787,5619.8,22504, 2282056, 25.19,2.15
DEN, EQ, 17-Jan-2025,39.33,39.33,40.69,39.2,40.14,40.4,39.91,943413,376.53,5361, 361074, 38.27,2.72
DEN, EQ, 17-Feb-2020,51.8,51.3,56.95,51.3, 56.20,54.15,55.37,159592,88.37,1473, 92462, 57.94,4.54
DEN, EQ, 17-Feb-2021,58.15,58.15,58.95,57.75, 58.00,58.05,58.15,265273,154.26,4630, 137008, 51.65,-0.17
DEN, EQ, 17-Feb-2022,43.95,44.15,44.4,42.25,42.5,42.55,43.45,883757,383.95,4643, 390758, 44.22,-3.19
DEN, EQ, 17-Feb-2023,31.65,31.6,31.95,31.3, 31.35,31.4,31.62,243598,77.03,1370, 123413, 50.66,-0.79
DEN, EQ, 17-Feb-2025,34.15,34.15,35.13,33.43,33.8,33.78,34.19,839352,287.01,6991, 360298, 42.93,-1.08
DEN, EQ, 17-Mar-2020,35.15,33.5,36.5,33.4, 33.65,33.65,34.13,25992,8.87,540, 16197, 62.32,-4.27
DEN, EQ, 17-Mar-2021,59.8,60.0,60.15,57.55,58.15,57.9,58.66,446258,261.76,4126, 281421, 63.06,-3.18
DEN, EQ, 17-Mar-2022,39.6,39.95,40.6,38.5, 38.85,38.9,39.66,1603447,635.91,4469, 792614, 49.43,-1.77
DEN, EQ, 17-Mar-2023,29.0,29.45,29.45,29.0, 29.25,29.2,29.2,446400,130.37,2711, 194365, 43.54,0.69
DEN, EQ, 17-Mar-2025,30.79,30.7,31.17,30.0,30.05,30.26,30.71,1265911,388.78,7541, 721311, 56.98,-1.72
DEN, EQ, 17-Apr-2020,34.85,35.95,36.3,34.1, 35.95,35.6,35.41,37662,13.34,335, 25279, 67.12,2.15
DEN, EQ, 17-Apr-2023,28.95,30.9,30.9,29.1, 29.85,29.65,29.99,1572300,471.52,5120, 659537, 41.95,2.42
DEN, EQ, 17-Apr-2025,33.04,33.15,33.95,32.65,33.1,33.04,33.4,1065677,355.96,5050, 469906, 44.09,0.0
DEN, EQ, 17-May-2021,44.05,44.35,44.35,43.85,44.0,44.0,44.03,983752,433.1,9091, 752520, 76.49,-0.11
DEN, EQ, 17-May-2022,35.65,35.95,37.45,35.85, 37.20,37.15,36.64,659441,241.62,3262, 217502, 32.98,4.21
DEN, EQ, 17-May-2023,30.85,30.9,31.25,30.25, 30.60,30.45,30.61,419832,128.51,2101, 213414, 50.83,-1.3
DEN, EQ, 17-May-2024,51.3,51.55,51.65,51.1,51.2,51.25,51.37,544287,279.63,3187, 242909, 44.63,-0.1
DEN, EQ, 17-Jun-2020,76.9,80.75,80.75,77.25,79.15,79.3,79.22,557848,441.94,3782, 290451, 52.07,3.12
DEN, EQ, 17-Jun-2021,60.0,59.0,61.95,59.0, 59.75,59.65,60.49,2995559,1811.87,13355, 1492802, 49.83,-0.58
DEN, EQ, 17-Jun-2022,32.75,32.6,33.5,32.0,33.4,32.75,32.84,552995,181.61,2652, 281076, 50.83,0.0
DEN, EQ, 17-Jul-2020,82.95,82.0,91.2,81.0, 91.20,90.6,88.5,1027286,909.18,9737, 346122, 33.69,9.22
DEN, EQ, 17-Jul-2023,34.15,34.5,35.9,34.5,35.1,35.1,35.31,1913349,675.68,5485, 938827, 49.07,2.78
DEN, EQ, 16-Jul-2024,55.82,55.95,57.7,54.05,54.37,54.44,55.94,5587689,3125.79,26329, 2254443, 40.35,-2.47
DEN, EQ, 17-Aug-2020,81.95,82.8,83.35,81.05, 81.35,81.3,82.01,79400,65.12,1280, 46920, 59.09,-0.79
DEN, EQ, 17-Aug-2021,50.6,50.6,50.95,48.9,48.95,49.1,49.53,910529,451.0,3800, 584698, 64.22,-2.96
DEN, EQ, 17-Aug-2022,35.55,35.4,36.15,35.2, 35.30,35.4,35.66,594993,212.16,2841, 254064, 42.70,-0.42
DEN, EQ, 17-Aug-2023,42.8,43.0,43.5,41.55, 42.00,42.0,42.6,1588968,676.82,4450, 769838, 48.45,-1.87
DEN, EQ, 17-Sep-2020,75.2,76.0,76.15,74.2, 75.00,74.8,75.1,53792,40.4,1090, 15357, 28.55,-0.53
DEN, EQ, 17-Sep-2021,49.85,50.15,50.25,48.7, 49.00,48.85,49.22,691067,340.11,3084, 422846, 61.19,-2.01
DEN, EQ, 17-Sep-2024,55.59,56.6,57.45,55.59,56.0,55.97,56.45,9136720,5157.8,38253, 3247331, 35.54,0.68
DEN, EQ, 17-Oct-2022,33.35,33.45,33.55,32.5,32.55,32.65,32.78,527442,172.92,4079, 201781, 38.26,-2.1
DEN, EQ, 17-Oct-2023,51.3,51.8,52.35,50.35,50.9,50.55,51.16,3019399,1544.64,8623, 1539522, 50.99,-1.46
DEN, EQ, 17-Oct-2024,50.39,50.42,50.5,49.01,49.12,49.17,49.52,1788923,885.87,9742, 912830, 51.03,-2.42
DEN, EQ, 17-Nov-2020,69.25,69.8,69.85,68.1, 68.55,68.5,68.56,103279,70.81,1673, 66108, 64.01,-1.08
DEN, EQ, 17-Nov-2021,40.3,40.2,40.75,39.85, 39.95,39.95,40.11,1674109,671.46,4729, 931590, 55.65,-0.87
DEN, EQ, 17-Nov-2022,34.8,35.0,35.0,34.6, 34.70,34.65,34.73,394489,137.01,3040, 182481, 46.26,-0.43
DEN, EQ, 17-Nov-2023,57.15,57.0,58.15,56.3, 56.75,56.95,57.14,2855351,1631.43,8370, 1140041, 39.93,-0.35
DEN, EQ, 17-Dec-2020,69.25,69.7,70.2,68.2, 68.50,68.65,69.31,395936,274.41,4949, 222553, 56.21,-0.87
DEN, EQ, 17-Dec-2021,43.95,44.0,44.0,41.55, 41.75,41.75,42.17,2155740,908.99,6388, 669550, 31.06,-5.01
DEN, EQ, 17-Dec-2024,43.68,43.5,45.5,43.49,44.58,44.67,44.54,1455606,648.28,6264, 645956, 44.38,2.27
DEN, EQ, 18-Jan-2021,68.7,68.7,69.3,63.05, 64.45,64.9,66.23,859206,569.09,8117, 415760, 48.39,-5.53
DEN, EQ, 18-Jan-2022,44.35,44.45,44.6,42.5, 43.00,42.85,43.57,1611621,702.12,5457, 761443, 47.25,-3.38
DEN, EQ, 18-Jan-2023,33.35,33.5,33.7,33.0,33.05,33.05,33.23,698994,232.29,2381, 380659, 54.46,-0.9
DEN, EQ, 18-Jan-2024,61.7,61.65,62.2,58.85, 61.35,61.5,60.71,5094137,3092.68,13121, 1106597, 21.72,-0.32
DEN, EQ, 18-Feb-2020,54.15,59.55,59.55,57.1, 59.55,59.55,58.99,570479,336.53,2755, 210619, 36.92,9.97
DEN, EQ, 18-Feb-2021,58.05,58.05,59.0,58.05,58.7,58.7,58.63,344928,202.23,3272, 188619, 54.68,1.12
DEN, EQ, 18-Feb-2022,42.55,42.55,43.05,41.6,41.85,41.85,42.4,918145,389.3,3597, 364734, 39.73,-1.65
DEN, EQ, 18-Feb-2025,33.78,33.75,33.94,32.84,33.6,33.49,33.33,1020119,339.97,9310, 443826, 43.51,-0.86
DEN, EQ, 18-Mar-2020,33.65,35.0,35.0,32.0, 32.00,32.0,32.36,24827,8.03,570, 21307, 85.82,-4.9
DEN, EQ, 18-Mar-2021,57.9,58.1,58.7,56.05, 56.45,56.7,57.34,500425,286.94,3003, 286886, 57.33,-2.07
DEN, EQ, 18-Mar-2024,50.75,50.0,51.5,49.4, 50.15,50.35,50.52,1773218,895.91,7281, 619945, 34.96,-0.79
DEN, EQ, 18-Mar-2025,30.26,30.25,31.43,30.25,31.29,31.26,31.03,1496110,464.19,10726, 754347, 50.42,3.3
DEN, EQ, 18-Apr-2022,42.0,42.7,45.3,42.05, 44.85,44.75,43.73,4461981,1951.41,11289, 1826824, 40.94,6.55
DEN, EQ, 18-Apr-2023,29.65,29.5,29.65,28.85, 29.40,29.25,29.26,504989,147.74,2434, 291873, 57.80,-1.35
DEN, EQ, 18-Apr-2024,50.3,51.0,52.9,50.75, 50.90,50.95,51.28,1796016,920.98,5907, 852309, 47.46,1.29
DEN, EQ, 18-May-2020,52.25,53.9,54.0,49.65, 51.55,52.7,52.28,227691,119.05,2014, 83542, 36.69,0.86
DEN, EQ, 18-May-2021,44.0,44.05,44.5,43.9, 44.00,44.0,44.14,1064390,469.87,13642, 673661, 63.29,0.0
DEN, EQ, 18-May-2022,37.15,37.45,37.8,37.0,37.3,37.25,37.38,639185,238.91,2712, 168163, 26.31,0.27
DEN, EQ, 18-May-2023,30.45,30.65,31.0,30.25, 30.55,30.45,30.6,372072,113.85,1708, 143808, 38.65,0.0
DEN, EQ, 18-Jun-2020,79.3,82.8,82.8,77.75,78.0,78.4,79.63,400665,319.04,3055, 199686, 49.84,-1.13
DEN, EQ, 18-Jun-2021,59.65,60.0,61.0,56.2, 58.35,58.15,57.82,5761798,3331.76,16142, 2774317, 48.15,-2.51
DEN, EQ, 18-Jun-2024,53.79,54.08,54.64,53.42,53.6,53.58,54.0,1732842,935.7,10454, 824087, 47.56,-0.39
DEN, EQ, 18-Jul-2022,34.1,33.0,33.35,32.0,32.5,32.4,32.48,1334133,433.33,5756, 670339, 50.25,-4.99
DEN, EQ, 18-Jul-2023,35.1,35.35,35.6,33.65, 34.00,33.95,34.19,2069851,707.74,5076, 1169455, 56.50,-3.28
DEN, EQ, 18-Jul-2024,54.44,54.99,54.99,53.12,53.2,53.25,53.93,2426085,1308.34,15792, 1067423, 44.00,-2.19
DEN, EQ, 18-Aug-2020,81.3,81.35,85.35,81.35,85.35,85.35,84.19,188274,158.52,1534, 101838, 54.09,4.98
DEN, EQ, 18-Aug-2021,49.1,49.45,49.7,48.3, 48.60,48.9,48.92,697019,341.0,3199, 398075, 57.11,-0.41
DEN, EQ, 18-Aug-2022,35.4,35.4,35.75,35.05,35.3,35.3,35.44,628500,222.77,2579, 240387, 38.25,-0.28
DEN, EQ, 18-Aug-2023,42.0,42.0,42.6,41.4, 42.10,42.2,42.08,1865886,785.2,6023, 495124, 26.54,0.48
DEN, EQ, 18-Sep-2020,74.8,74.55,76.0,74.3, 74.50,74.6,75.13,42186,31.69,869, 22759, 53.95,-0.27
DEN, EQ, 18-Sep-2023,47.1,48.35,50.75,47.25, 49.15,49.05,49.45,19469909,9627.89,40466, 6695620, 34.39,4.14
DEN, EQ, 18-Sep-2024,55.97,56.2,56.38,54.4,54.9,54.98,55.05,2954742,1626.47,18008, 1033186, 34.97,-1.77
DEN, EQ, 18-Oct-2021,53.3,53.5,54.85,51.45, 53.30,53.55,53.72,3581513,1923.82,16074, 1788617, 49.94,0.47
DEN, EQ, 18-Oct-2022,32.65,32.9,34.1,32.25,33.7,33.75,33.36,878520,293.03,5372, 375368, 42.73,3.37
DEN, EQ, 18-Oct-2023,50.55,50.85,51.25,48.2, 48.60,48.45,49.36,4076080,2012.12,12487, 2007926, 49.26,-4.15
DEN, EQ, 18-Oct-2024,49.17,49.18,49.6,47.6,48.76,48.55,48.67,1805628,878.73,10100, 850772, 47.12,-1.26
DEN, EQ, 18-Nov-2020,68.5,68.25,79.25,68.25, 74.50,74.15,74.51,1022726,762.01,15180, 354014, 34.61,8.25
DEN, EQ, 18-Nov-2021,39.95,40.15,40.25,38.5,38.8,38.7,39.18,2193970,859.7,5997, 1295324, 59.04,-3.13
DEN, EQ, 18-Nov-2022,34.65,34.65,34.8,33.75, 34.40,34.15,34.26,719758,246.56,3639, 385419, 53.55,-1.44
DEN, EQ, 18-Nov-2024,43.5,43.55,43.87,42.82,43.1,43.17,43.23,769342,332.59,5863, 285475, 37.11,-0.76
DEN, EQ, 18-Dec-2020,68.65,68.85,69.0,67.25, 67.60,67.5,67.83,240581,163.18,2441, 156381, 65.00,-1.68
DEN, EQ, 18-Dec-2023,56.75,56.5,58.25,55.8, 57.30,57.3,57.01,3452453,1968.09,13271, 1232568, 35.70,0.97
DEN, EQ, 18-Dec-2024,44.67,44.69,45.23,43.57,44.04,44.01,44.16,831529,367.16,5479, 355501, 42.75,-1.48
DEN, EQ, 19-Jan-2021,64.9,65.7,70.5,64.55, 68.00,67.65,67.91,2668952,1812.4,20042, 832546, 31.19,4.24
DEN, EQ, 19-Jan-2022,42.85,42.85,44.45,42.5, 42.95,42.9,43.44,2849208,1237.68,10861, 1260893, 44.25,0.12
DEN, EQ, 19-Jan-2023,33.05,33.0,33.45,32.65, 32.90,32.8,32.99,524031,172.86,2128, 222799, 42.52,-0.76
DEN, EQ, 19-Jan-2024,61.5,62.0,63.25,60.4, 61.45,61.2,61.96,3729397,2310.66,9602, 1403232, 37.63,-0.49
DEN, EQ, 19-Feb-2020,59.55,63.0,65.5,61.05, 65.50,65.5,64.84,872268,565.6,4925, 279191, 32.01,9.99
DEN, EQ, 19-Feb-2021,58.7,58.75,59.8,58.35,58.65,58.6,59.11,318026,187.99,4076, 159017, 50.00,-0.17
DEN, EQ, 19-Feb-2024,59.3,59.5,60.4,59.1, 59.50,59.45,59.72,2411957,1440.41,7375, 1005202, 41.68,0.25
DEN, EQ, 19-Feb-2025,33.49,33.36,34.84,33.27,34.2,34.3,34.22,674624,230.87,6257, 283480, 42.02,2.42
DEN, EQ, 19-Mar-2020,32.0,30.4,31.0,30.4, 30.40,30.4,30.48,16688,5.09,263, 14409, 86.34,-5.0
DEN, EQ, 19-Mar-2021,56.7,56.1,57.0,54.15,56.5,56.7,56.23,501490,281.96,2852, 244831, 48.82,0.0
DEN, EQ, 19-Mar-2024,50.35,50.15,50.95,49.2, 49.50,49.35,49.94,1168137,583.39,4677, 455535, 39.00,-1.99
DEN, EQ, 19-Mar-2025,31.26,31.26,32.7,31.1,32.26,32.29,32.21,1381377,444.99,8568, 683436, 49.47,3.29
DEN, EQ, 19-Apr-2021,48.4,47.8,48.15,47.1,47.9,47.6,47.63,1296431,617.52,9929, 680633, 52.50,-1.65
DEN, EQ, 19-Apr-2022,44.75,45.5,45.95,42.4,42.95,43.35,45.1,3857990,1740.02,11825, 1631312, 42.28,-3.13
DEN, EQ, 19-Apr-2023,29.25,29.45,29.65,29.3, 29.45,29.45,29.45,170415,50.18,1069, 86570, 50.80,0.68
DEN, EQ, 19-Apr-2024,50.95,50.9,50.9,49.0, 49.40,49.65,49.75,1628603,810.27,6422, 663569, 40.74,-2.55
DEN, EQ, 19-May-2020,52.7,52.75,53.8,52.0,52.45,52.4,52.68,67949,35.79,806, 35186, 51.78,-0.57
DEN, EQ, 19-May-2021,44.0,44.15,44.25,43.5, 43.80,43.7,43.81,1662365,728.29,15790, 1095384, 65.89,-0.68
DEN, EQ, 19-May-2022,37.25,36.1,36.6,35.8,36.15,36.2,36.22,581242,210.52,3537, 233841, 40.23,-2.82
DEN, EQ, 19-May-2023,30.45,30.5,30.7,30.05,30.35,30.35,30.39,216994,65.95,1097, 119974, 55.29,-0.33
DEN, EQ, 19-Jun-2020,78.4,81.0,82.4,76.5, 79.00,79.2,79.15,261966,207.36,2773, 150062, 57.28,1.02
DEN, EQ, 19-Jun-2023,34.4,34.25,35.3,34.15, 34.15,34.35,34.65,903333,313.05,3141, 404929, 44.83,-0.15
DEN, EQ, 19-Jun-2024,53.58,53.85,57.54,52.56,56.71,56.34,56.18,12569790,7061.47,40527, 4205244, 33.46,5.15
DEN, EQ, 19-Jul-2021,55.15,54.6,54.9,53.6, 53.90,53.75,54.22,3437691,1863.96,11683, 1707763, 49.68,-2.54
DEN, EQ, 19-Jul-2022,32.4,32.45,32.8,32.3, 32.50,32.45,32.53,463102,150.66,3133, 243164, 52.51,0.15
DEN, EQ, 19-Jul-2023,33.95,34.2,35.1,34.0, 34.60,34.45,34.59,1183913,409.55,3578, 537536, 45.40,1.47
DEN, EQ, 19-Jul-2024,53.25,53.3,54.08,51.79,52.05,52.04,52.68,2466770,1299.59,14886, 993459, 40.27,-2.27
DEN, EQ, 19-Aug-2020,85.35,86.7,87.4,82.3,83.0,82.7,83.73,271318,227.18,2845, 160586, 59.19,-3.1
DEN, EQ, 18-Aug-2021,49.1,49.45,49.7,48.3, 48.60,48.9,48.92,697019,341.0,3199, 398075, 57.11,-0.41
DEN, EQ, 19-Aug-2022,35.3,35.45,36.9,35.25, 36.45,36.45,36.38,1474284,536.33,6450, 666358, 45.20,3.26
DEN, EQ, 19-Aug-2024,49.96,50.84,51.65,50.06,50.65,50.85,51.06,1232448,629.29,7096, 481866, 39.10,1.78
DEN, EQ, 19-Sep-2022,35.3,35.45,35.6,34.75, 35.10,35.15,35.18,531880,187.11,3885, 161248, 30.32,-0.42
DEN, EQ, 19-Sep-2024,54.98,55.27,55.77,52.25,53.0,52.75,53.48,2348531,1255.99,13125, 880514, 37.49,-4.06
DEN, EQ, 19-Oct-2020,78.0,78.2,80.9,74.0, 75.25,74.85,76.05,179976,136.86,2920, 77238, 42.92,-4.04
DEN, EQ, 19-Oct-2021,53.55,53.9,55.25,51.0,51.4,51.6,53.26,3890458,2071.91,14405, 1356239, 34.86,-3.64
DEN, EQ, 19-Oct-2022,33.75,33.85,33.85,32.7, 32.95,33.0,33.17,518750,172.09,4297, 236342, 45.56,-2.22
DEN, EQ, 19-Oct-2023,48.45,48.4,50.6,48.35,50.0,50.05,49.65,5676617,2818.38,11651, 1565678, 27.58,3.3
DEN, EQ, 19-Nov-2020,74.15,73.7,74.4,69.5, 70.20,70.35,72.48,495459,359.1,6460, 239045, 48.25,-5.12
DEN, EQ, 19-Nov-2024,43.17,43.17,44.49,43.07,43.3,43.63,43.96,773373,340.01,5847, 267881, 34.64,1.07
DEN, EQ, 19-Dec-2022,38.55,38.95,39.7,38.5,38.65,38.8,39.11,1329046,519.76,5618, 504514, 37.96,0.65
DEN, EQ, 19-Dec-2023,57.3,57.65,59.0,56.8, 58.40,58.25,58.05,6123094,3554.72,17807, 1935338, 31.61,1.66
DEN, EQ, 19-Dec-2024,44.01,43.46,44.0,43.24,43.4,43.43,43.55,732122,318.82,5120, 353524, 48.29,-1.32
DEN, EQ, 20-Jan-2020,53.75,53.9,54.45,51.1, 51.10,51.15,51.57,78208,40.33,343, 71401, 91.30,-4.84
DEN, EQ, 20-Jan-2021,67.65,68.15,68.2,65.5, 65.85,65.85,66.78,500268,334.08,5341, 265677, 53.11,-2.66
DEN, EQ, 20-Jan-2022,42.9,43.4,43.7,42.5, 42.75,42.65,42.89,1454397,623.82,5415, 664583, 45.69,-0.58
DEN, EQ, 20-Jan-2023,32.8,32.95,33.6,32.8,33.25,33.1,32.97,515227,169.86,3283, 222987, 43.28,0.91
DEN, EQ, 20-Jan-2025,40.4,40.55,42.15,40.41,41.67,41.74,41.47,1320719,547.76,8691, 380886, 28.84,3.32
DEN, EQ, 20-Feb-2020,65.5,67.4,67.4,62.25, 62.25,62.25,62.82,175366,110.17,836, 106812, 60.91,-4.96
DEN, EQ, 20-Feb-2023,31.4,31.45,31.6,30.9, 31.25,31.05,31.24,288309,90.06,1394, 132305, 45.89,-1.11
DEN, EQ, 20-Feb-2024,59.45,59.7,61.85,59.3, 60.05,59.95,60.59,3019247,1829.3,9188, 916370, 30.35,0.84
DEN, EQ, 20-Feb-2025,34.3,34.48,35.0,34.11,35.0,34.74,34.71,461026,160.0,4243, 184340, 39.98,1.28
DEN, EQ, 20-Mar-2020,30.4,31.25,31.25,28.9, 29.70,29.65,29.32,73608,21.58,803, 62260, 84.58,-2.47
DEN, EQ, 20-Mar-2023,29.2,29.2,29.4,28.45,28.75,28.95,28.92,1198791,346.74,3423, 636049, 53.06,-0.86
DEN, EQ, 20-Mar-2024,49.35,49.65,50.0,48.45, 49.40,49.2,49.28,1277266,629.44,5157, 476912, 37.34,-0.3
DEN, EQ, 20-Mar-2025,32.29,32.5,33.1,32.15,32.35,32.23,32.5,1188826,386.41,7532, 622041, 52.32,-0.19
DEN, EQ, 20-Apr-2020,35.6,37.2,37.35,36.0, 37.30,37.35,37.24,61738,22.99,290, 48355, 78.32,4.92
DEN, EQ, 20-Apr-2021,47.6,48.0,48.35,46.5,46.95,46.75,47.24,1156845,546.47,7794, 726664, 62.81,-1.79
DEN, EQ, 20-Apr-2022,43.35,43.65,44.6,43.2, 43.35,43.55,43.76,1134331,496.4,3752, 431275, 38.02,0.46
DEN, EQ, 20-Apr-2023,29.45,29.6,29.9,29.3, 29.55,29.55,29.63,476131,141.09,1664, 285047, 59.87,0.34
DEN, EQ, 20-May-2020,52.4,53.9,53.9,50.1, 50.95,51.2,51.5,67443,34.73,690, 36441, 54.03,-2.29
DEN, EQ, 20-May-2021,43.7,43.9,45.15,43.65, 43.80,43.9,44.21,5692260,2516.4,25972, 3130916, 55.00,0.46
DEN, EQ, 20-May-2022,36.2,36.65,37.3,36.55, 37.00,37.0,36.9,423470,156.27,1789, 205726, 48.58,2.21
DEN, EQ, 18-May-2024,51.25,51.45,52.0,51.1,51.3,51.2,51.47,348291,179.27,1309, 175291, 50.33,-0.1
DEN, EQ, 20-Jun-2022,32.75,33.2,33.2,30.65,31.45,31.35,31.56,568330,179.39,3278, 294491, 51.82,-4.27
DEN, EQ, 20-Jun-2023,34.35,34.35,34.7,34.05, 34.30,34.3,34.32,689629,236.7,2418, 335526, 48.65,-0.15
DEN, EQ, 20-Jun-2024,56.34,56.8,57.9,56.0,57.7,57.58,57.33,5492505,3148.73,23729, 2314032, 42.13,2.2
DEN, EQ, 20-Jul-2020,90.6,92.9,99.65,92.5, 99.65,99.65,96.65,2132240,2060.78,17078, 809321, 37.96,9.99
DEN, EQ, 20-Jul-2021,53.75,53.8,54.05,51.15, 51.50,51.5,52.41,6373093,3339.86,33165, 1504460, 23.61,-4.19
DEN, EQ, 20-Jul-2022,32.45,32.85,33.4,32.5, 32.90,32.9,32.92,612455,201.59,4007, 313357, 51.16,1.39
DEN, EQ, 20-Jul-2023,34.45,34.65,37.2,34.65,36.15,36.1,36.29,4361961,1582.92,11471, 2112337, 48.43,4.79
DEN, EQ, 20-Aug-2020,82.7,83.0,85.0,82.0,82.9,83.1,83.62,196419,164.25,2452, 64440, 32.81,0.48
DEN, EQ, 20-Aug-2021,48.9,48.3,48.5,46.35,46.35,46.55,47.37,1065095,504.57,4462, 642959, 60.37,-4.81
DEN, EQ, 20-Aug-2024,50.85,51.2,52.6,50.89,51.65,51.69,51.75,2007390,1038.81,9290, 635194, 31.64,1.65
DEN, EQ, 20-Sep-2021,48.85,48.75,49.6,47.35, 47.55,47.65,48.53,838407,406.89,4496, 342339, 40.83,-2.46
DEN, EQ, 20-Sep-2022,35.15,35.2,36.05,35.15, 35.40,35.4,35.5,830096,294.71,4944, 230490, 27.77,0.71
DEN, EQ, 20-Sep-2023,49.05,48.9,52.4,47.6, 51.50,51.15,50.22,13375408,6717.45,30014, 3475548, 25.98,4.28
DEN, EQ, 20-Sep-2024,52.75,52.99,56.5,52.99,54.3,54.64,54.83,4084831,2239.79,21648, 1245743, 30.50,3.58
DEN, EQ, 20-Oct-2020,74.85,75.25,75.9,70.95, 72.70,72.5,72.84,193861,141.2,2525, 77430, 39.94,-3.14
DEN, EQ, 20-Oct-2021,51.6,51.6,52.15,49.45, 49.95,49.9,50.66,1702095,862.32,7954, 761336, 44.73,-3.29
DEN, EQ, 20-Oct-2022,33.0,32.95,33.0,32.6,32.7,32.65,32.72,322282,105.45,3362, 177541, 55.09,-1.06
DEN, EQ, 20-Oct-2023,50.05,50.15,51.1,49.2, 49.80,49.7,50.2,3776410,1895.58,9836, 917121, 24.29,-0.7
DEN, EQ, 20-Nov-2020,70.35,73.0,73.8,70.7,71.0,71.05,71.6,370114,265.02,7296, 166656, 45.03,1.0
DEN, EQ, 20-Nov-2023,56.95,56.95,57.4,55.9, 56.00,56.2,56.69,1770613,1003.77,6779, 751650, 42.45,-1.32
DEN, EQ, 19-Nov-2024,43.17,43.17,44.49,43.07,43.3,43.63,43.96,773373,340.01,5847, 267881, 34.64,1.07
DEN, EQ, 20-Dec-2021,41.75,41.3,41.5,39.6,40.3,40.15,40.07,2001598,802.07,6025, 699319, 34.94,-3.83
DEN, EQ, 20-Dec-2022,38.8,38.6,38.95,37.8,38.75,38.5,38.44,1221400,469.51,5319, 401581, 32.88,-0.77
DEN, EQ, 20-Dec-2023,58.25,58.5,60.0,52.45, 53.00,52.85,56.25,11889932,6687.92,26882, 4533301, 38.13,-9.27
DEN, EQ, 20-Dec-2024,43.43,43.5,43.95,42.35,42.6,42.56,43.17,1046351,451.66,5120, 516310, 49.34,-2.0
DEN, EQ, 21-Jan-2020,51.15,49.0,50.0,48.6, 48.75,48.75,48.94,66362,32.48,375, 53037, 79.92,-4.69
DEN, EQ, 21-Jan-2021,65.85,66.35,66.8,64.0, 64.15,64.15,65.29,492981,321.89,5818, 283409, 57.49,-2.58
DEN, EQ, 21-Jan-2022,42.65,42.6,43.0,40.7, 41.35,41.3,42.04,1386151,582.73,5303, 643549, 46.43,-3.17
DEN, EQ, 21-Jan-2025,41.74,41.6,41.94,40.76,40.97,41.06,41.27,716569,295.71,4693, 197020, 27.49,-1.63
DEN, EQ, 21-Feb-2022,41.85,41.85,41.85,40.5, 40.75,40.65,40.97,1025993,420.33,3696, 496717, 48.41,-2.87
DEN, EQ, 21-Feb-2023,31.05,31.2,31.4,30.75, 30.85,30.9,30.93,255624,79.07,2644, 146366, 57.26,-0.48
DEN, EQ, 21-Feb-2024,59.95,60.2,60.65,58.1, 58.85,58.6,59.17,2062772,1220.52,7346, 878254, 42.58,-2.25
DEN, EQ, 21-Feb-2025,34.74,34.85,35.78,33.86,34.48,34.17,34.79,675324,234.93,5161, 298407, 44.19,-1.64
DEN, EQ, 21-Mar-2022,38.9,39.65,40.25,39.1,39.5,39.65,39.82,1428383,568.85,5162, 608259, 42.58,1.93
DEN, EQ, 21-Mar-2023,28.95,29.1,29.4,28.55, 28.65,28.75,29.02,545646,158.33,2428, 261878, 47.99,-0.69
DEN, EQ, 21-Mar-2024,49.2,49.7,50.85,49.35,49.7,49.85,50.12,1563315,783.57,5949, 594873, 38.05,1.32
DEN, EQ, 21-Mar-2025,32.23,32.23,33.4,32.01,33.35,33.04,32.89,1233338,405.7,8924, 586607, 47.56,2.51
DEN, EQ, 21-Apr-2020,37.35,38.85,39.2,37.55,39.2,38.65,38.72,101743,39.39,704, 67574, 66.42,3.48
DEN, EQ, 21-Apr-2022,43.55,43.95,45.0,43.65, 44.30,44.3,44.39,1405692,624.04,4021, 613078, 43.61,1.72
DEN, EQ, 21-Apr-2023,29.55,29.35,30.15,29.35, 30.05,29.9,29.81,523679,156.13,2221, 231734, 44.25,1.18
DEN, EQ, 21-Apr-2025,33.04,33.24,34.45,33.05,34.35,34.33,33.86,1247675,422.41,5386, 653312, 52.36,3.9
DEN, EQ, 21-May-2020,51.2,50.2,53.0,48.7,49.7,50.05,50.28,65127,32.74,689, 28304, 43.46,-2.25
DEN, EQ, 21-May-2021,43.9,44.4,48.4,44.15, 47.50,47.5,46.74,15152224,7081.44,46166, 7334793, 48.41,8.2
DEN, EQ, 21-May-2024,51.2,51.2,51.2,50.45,50.65,50.55,50.69,677288,343.31,3978, 368678, 54.43,-1.27
DEN, EQ, 21-Jun-2021,58.15,57.25,62.1,56.55, 59.55,59.55,59.9,5302785,3176.3,16044, 2563184, 48.34,2.41
DEN, EQ, 21-Jun-2022,31.35,31.7,32.5,31.5,32.1,32.25,32.08,342851,109.97,1672, 157951, 46.07,2.87
DEN, EQ, 21-Jun-2023,34.3,34.5,35.5,33.7, 34.15,34.1,34.63,1508295,522.37,4054, 718946, 47.67,-0.58
DEN, EQ, 21-Jun-2024,57.58,57.89,58.2,55.29,55.95,55.96,57.0,4084303,2328.08,20686, 1747634, 42.79,-2.81
DEN, EQ, 21-Jul-2020,99.65,109.3,109.6,106.1, 109.60,109.6,109.02,1723523,1878.98,7883, 501615, 29.10,9.98
DEN, EQ, 21-Jul-2022,32.9,33.1,34.3,32.85,33.5,33.6,33.67,750457,252.66,4537, 275209, 36.67,2.13
DEN, EQ, 21-Jul-2023,36.1,36.25,36.75,35.8, 36.35,36.3,36.24,1274910,462.09,3657, 705388, 55.33,0.55
DEN, EQ, 21-Aug-2020,83.1,84.0,84.25,82.05, 83.35,82.7,83.17,90716,75.45,1208, 53411, 58.88,-0.48
DEN, EQ, 21-Aug-2023,42.2,42.2,43.15,41.7, 42.20,42.3,42.44,2003530,850.28,5745, 745577, 37.21,0.24
DEN, EQ, 21-Aug-2024,51.69,51.9,53.7,51.69,53.49,53.53,52.96,3013830,1596.09,15685, 1107660, 36.75,3.56
DEN, EQ, 21-Sep-2020,74.6,74.0,74.25,70.9, 72.35,71.55,72.35,49501,35.82,1187, 36423, 73.58,-4.09
DEN, EQ, 21-Sep-2021,47.65,47.65,48.0,47.0, 47.75,47.75,47.46,474098,225.01,2776, 236121, 49.80,0.21
DEN, EQ, 21-Sep-2022,35.4,35.45,35.9,34.5, 34.80,34.8,35.13,870620,305.87,3289, 355577, 40.84,-1.69
DEN, EQ, 21-Sep-2023,51.15,51.15,54.3,50.45, 52.00,51.75,52.62,17791979,9361.81,42279, 4863142, 27.33,1.17
DEN, EQ, 21-Oct-2020,72.5,73.85,74.4,72.3, 73.50,73.05,73.17,140391,102.73,2164, 57200, 40.74,0.76
DEN, EQ, 21-Oct-2021,49.9,50.05,50.75,48.55, 48.90,48.8,49.36,1335783,659.41,6022, 752567, 56.34,-2.2
DEN, EQ, 21-Oct-2022,32.65,32.95,33.0,32.4,32.6,32.6,32.71,267658,87.54,3312, 129767, 48.48,-0.15
DEN, EQ, 21-Oct-2024,48.55,48.7,49.49,47.05, 47.25,47.18,48.03,1220050,585.94,7167, 610601, 50.05,-2.82
DEN, EQ, 21-Nov-2022,34.15,35.8,35.8,34.3, 34.65,34.65,34.76,784551,272.72,4134, 278617, 35.51,1.46
DEN, EQ, 21-Nov-2023,56.2,56.5,58.15,55.25, 55.80,55.6,56.66,3264370,1849.58,9240, 941811, 28.85,-1.07
DEN, EQ, 21-Nov-2024,43.63,43.71,43.84,42.55,42.95,42.75,43.08,877622,378.07,6702, 322798, 36.78,-2.02
DEN, EQ, 21-Dec-2020,67.5,67.65,68.95,62.3, 63.50,63.2,66.18,352232,233.11,4019, 219330, 62.27,-6.37
DEN, EQ, 21-Dec-2021,40.15,41.6,41.6,39.75,40.1,40.25,40.47,1460131,590.96,4088, 593222, 40.63,0.25
DEN, EQ, 21-Dec-2022,38.5,38.75,39.45,36.35, 36.70,36.55,37.8,2143401,810.11,7637, 737970, 34.43,-5.06
DEN, EQ, 21-Dec-2023,52.85,52.2,55.1,51.5, 54.80,54.75,53.91,4640825,2501.87,12262, 1417602, 30.55,3.6
DEN, EQ, 22-Jan-2020,48.75,48.6,51.15,48.0, 49.45,49.6,50.49,107707,54.39,878, 76453, 70.98,1.74
DEN, EQ, 22-Jan-2021,64.15,64.05,64.1,61.15, 61.80,61.7,62.65,462004,289.47,4455, 261298, 56.56,-3.82
DEN, EQ, 20-Jan-2024,61.2,61.6,62.9,60.3, 60.70,60.55,61.63,2669561,1645.32,8052, 1231443, 46.13,-1.06
DEN, EQ, 22-Jan-2025,41.06,40.81,40.81,39.52,40.07,40.03,40.11,604812,242.56,5118, 225836, 37.34,-2.51
DEN, EQ, 22-Feb-2021,58.6,58.1,58.6,57.55,57.9,57.8,57.98,239936,139.12,3078, 159340, 66.41,-1.37
DEN, EQ, 22-Feb-2022,40.65,40.0,40.0,38.55,39.4,39.3,39.14,2138021,836.75,6387, 1108913, 51.87,-3.32
DEN, EQ, 22-Feb-2023,30.9,30.85,30.85,30.1, 30.25,30.2,30.3,392707,119.0,3245, 225221, 57.35,-2.27
DEN, EQ, 22-Feb-2024,58.6,58.8,58.9,57.0, 58.05,58.1,57.91,1580931,915.58,6417, 604803, 38.26,-0.85
DEN, EQ, 22-Mar-2021,56.7,56.15,57.3,56.15,56.7,56.6,56.7,321114,182.07,2993, 221264, 68.91,-0.18
DEN, EQ, 22-Mar-2022,39.65,39.95,40.25,38.85, 39.40,39.55,39.59,2034364,805.42,5707, 846295, 41.60,-0.25
DEN, EQ, 22-Mar-2023,28.75,28.95,29.35,28.65, 28.70,28.75,29.02,470486,136.52,3873, 279438, 59.39,0.0
DEN, EQ, 22-Mar-2024,49.85,49.85,51.25,49.75,50.55,50.5,50.62,1882424,952.98,5075, 892072, 47.39,1.3
DEN, EQ, 22-Apr-2020,38.65,40.55,40.55,40.55,40.55,40.55,40.55,30877,12.52,189, 30867, 99.97,4.92
DEN, EQ, 22-Apr-2021,46.75,45.0,45.7,41.55,43.5,43.55,42.89,9751288,4182.68,25402, 5928098, 60.79,-6.84
DEN, EQ, 22-Apr-2022,44.3,44.3,45.0,44.0, 44.25,44.3,44.51,1886123,839.53,7835, 701378, 37.19,0.0
DEN, EQ, 22-Apr-2024,49.65,50.05,50.7,49.8,50.5,50.3,50.14,1223079,613.19,4243, 608007, 49.71,1.31
DEN, EQ, 22-Apr-2025,34.33,34.65,34.9,34.0,34.7,34.72,34.61,864186,299.07,4035, 457668, 52.96,1.14
DEN, EQ, 22-May-2020,50.05,52.15,52.4,49.1,50.25,50.3,50.96,66830,34.05,664, 31261, 46.78,0.5
DEN, EQ, 22-May-2023,30.35,30.3,30.5,30.0,30.15,30.05,30.23,207550,62.75,1266, 111547, 53.74,-0.99
DEN, EQ, 22-May-2024,50.55,50.6,52.45,50.05,51.7,51.8,51.6,1732631,894.0,6383, 738240, 42.61,2.47
DEN, EQ, 22-Jun-2020,79.2,80.0,81.6,79.2, 79.65,79.9,80.57,255970,206.24,2506, 170276, 66.52,0.88
DEN, EQ, 22-Jun-2021,59.55,60.4,62.0,59.55, 59.75,59.8,60.58,3597553,2179.37,12839, 2110977, 58.68,0.42
DEN, EQ, 22-Jun-2022,32.25,32.25,33.3,31.7,32.5,32.65,32.46,367496,119.3,2483, 175475, 47.75,1.24
DEN, EQ, 22-Jun-2023,34.1,34.2,36.7,34.0,36.25,36.25,35.87,5792577,2078.01,12841, 2317543, 40.01,6.3
DEN, EQ, 22-Jul-2020,109.6,113.7,115.05,105.05, 107.15,107.55,111.55,4146763,4625.89,43220, 1281956, 30.91,-1.87
DEN, EQ, 22-Jul-2021,51.5,52.4,53.15,51.2, 51.80,51.65,52.1,4201479,2189.04,16307, 1230896, 29.30,0.29
DEN, EQ, 22-Jul-2022,33.6,33.95,36.15,33.75, 34.95,35.05,35.28,1938700,683.99,7596, 753915, 38.89,4.32
DEN, EQ, 22-Jul-2024,52.04,52.04,52.59,51.1,51.81,51.81,51.96,1195497,621.17,9494, 421354, 35.25,-0.44
DEN, EQ, 22-Aug-2022,36.45,36.45,37.85,36.05, 36.70,36.65,37.09,1372843,509.16,5738, 595507, 43.38,0.55
DEN, EQ, 22-Aug-2023,42.3,42.5,43.85,42.45, 43.30,43.3,43.36,2449247,1062.08,7030, 1069865, 43.68,2.36
DEN, EQ, 22-Aug-2024,53.53,53.89,54.95,53.52,53.74,53.7,54.29,2538501,1378.24,11734, 949962, 37.42,0.32
DEN, EQ, 22-Sep-2020,71.55,70.0,71.25,68.0, 69.70,68.9,68.77,78665,54.1,1329, 43703, 55.56,-3.7
DEN, EQ, 22-Sep-2021,47.75,48.3,50.1,48.3, 48.50,48.65,49.21,1745532,858.9,6032, 546689, 31.32,1.88
DEN, EQ, 22-Sep-2022,34.8,34.8,35.45,34.5, 34.80,34.7,34.94,469081,163.89,1880, 199154, 42.46,-0.29
DEN, EQ, 22-Sep-2023,51.75,52.3,52.7,50.65, 51.20,51.2,51.47,6734186,3466.0,15018, 1860304, 27.62,-1.06
DEN, EQ, 22-Oct-2020,73.05,73.4,77.4,71.35, 74.20,74.0,75.14,303755,228.24,4537, 63251, 20.82,1.3
DEN, EQ, 22-Oct-2021,48.8,48.9,49.4,47.45, 47.95,47.8,48.44,1233075,597.32,4751, 720623, 58.44,-2.05
DEN, EQ, 22-Oct-2024,47.18,47.0,47.74,45.15,45.5,45.39,46.21,1487001,687.08,9729, 672865, 45.25,-3.79
DEN, EQ, 22-Nov-2021,38.7,39.05,39.3,37.3,37.9,37.85,37.96,2076800,788.25,6004, 1067804, 51.42,-2.2
DEN, EQ, 22-Nov-2022,34.65,35.5,35.5,34.0, 34.20,34.15,34.54,819391,283.06,4376, 253969, 30.99,-1.44
DEN, EQ, 22-Nov-2023,55.6,55.35,55.85,53.7, 54.35,54.35,54.65,2329831,1273.2,6934, 1065657, 45.74,-2.25
DEN, EQ, 22-Nov-2024,42.75,42.75,43.49,42.61,43.2,43.2,43.1,591748,255.02,4680, 198450, 33.54,1.05
DEN, EQ, 22-Dec-2020,63.2,63.0,64.45,59.25, 62.40,61.95,61.78,233036,143.97,3612, 112516, 48.28,-1.98
DEN, EQ, 22-Dec-2021,40.25,40.45,41.75,40.45, 41.60,41.4,41.05,1229243,504.61,4136, 357833, 29.11,2.86
DEN, EQ, 22-Dec-2022,36.55,36.85,37.3,34.55, 35.05,35.05,35.64,1346666,479.89,6384, 629224, 46.72,-4.1
DEN, EQ, 22-Dec-2023,54.75,55.1,55.6,53.75, 54.80,54.85,54.85,2280249,1250.82,7246, 840665, 36.87,0.18
DEN, EQ, 23-Jan-2020,49.6,50.4,52.05,50.3, 52.05,52.0,51.7,72011,37.23,513, 54432, 75.59,4.84
DEN, EQ, 23-Jan-2023,33.1,33.15,33.25,32.6,32.7,32.7,32.75,612218,200.51,2089, 187333, 30.60,-1.21
DEN, EQ, 23-Jan-2024,60.55,60.55,61.5,58.2, 58.55,58.7,59.54,4780724,2846.35,13042, 1720913, 36.00,-3.06
DEN, EQ, 23-Jan-2025,40.03,39.6,40.23,39.3,39.4,39.41,39.75,597480,237.51,4177, 243286, 40.72,-1.55
DEN, EQ, 23-Feb-2021,57.8,58.4,58.4,56.5, 57.50,57.4,57.53,209213,120.36,2121, 94854, 45.34,-0.69
DEN, EQ, 23-Feb-2022,39.3,39.5,40.6,39.5,39.7,39.7,40.07,781329,313.06,2884, 253789, 32.48,1.02
DEN, EQ, 23-Feb-2023,30.2,30.2,30.65,29.9,30.2,30.3,30.22,313153,94.64,2962, 165423, 52.82,0.33
DEN, EQ, 23-Feb-2024,58.1,58.4,59.65,58.05, 58.55,58.4,58.62,1625775,952.98,6480, 498009, 30.63,0.52
DEN, EQ, 23-Mar-2020,29.65,29.5,29.5,28.2, 28.20,28.2,28.38,8375,2.38,83, 8323, 99.38,-4.89
DEN, EQ, 23-Mar-2021,56.6,57.8,57.8,56.6, 56.90,56.9,56.91,279720,159.18,3614, 182971, 65.41,0.53
DEN, EQ, 23-Mar-2022,39.55,39.85,40.25,38.1, 38.40,38.4,39.21,1910396,748.98,6388, 847623, 44.37,-2.91
DEN, EQ, 23-Mar-2023,28.75,28.7,29.05,28.4, 28.50,28.55,28.71,332186,95.38,2231, 177436, 53.41,-0.7
DEN, EQ, 23-Apr-2020,40.55,42.55,42.55,42.55,42.55,42.55,42.55,7597,3.23,51, 7597, 100.00,4.93
DEN, EQ, 23-Apr-2021,43.55,43.0,44.7,42.8,43.2,43.25,43.57,4603756,2005.81,30433, 2578323, 56.00,-0.69
DEN, EQ, 23-Apr-2024,50.3,50.8,53.55,50.5,53.5,52.75,52.29,4011729,2097.73,11076, 1488682, 37.11,4.87
DEN, EQ, 23-Apr-2025,34.72,35.4,35.45,33.55,34.37,34.28,34.41,1622177,558.22,6515, 779552, 48.06,-1.27
DEN, EQ, 23-May-2022,37.0,37.4,37.8,36.1,36.3,36.25,36.94,557086,205.79,2786, 304865, 54.72,-2.03
DEN, EQ, 23-May-2023,30.05,30.05,30.9,30.05, 30.80,30.75,30.53,690252,210.76,3075, 384091, 55.65,2.33
DEN, EQ, 23-May-2024,51.8,51.95,52.1,50.5,50.7,50.6,51.28,765538,392.58,3798, 384616, 50.24,-2.32
DEN, EQ, 23-Jun-2020,79.9,80.95,87.85,80.95, 87.70,87.35,86.09,740394,637.4,5949, 365599, 49.38,9.32
DEN, EQ, 23-Jun-2021,59.8,60.3,61.5,58.85, 60.00,59.95,60.3,3700180,2231.21,10912, 1693164, 45.76,0.25
DEN, EQ, 23-Jun-2022,32.65,32.65,33.15,32.5,32.7,32.65,32.8,164332,53.91,2898, 92859, 56.51,0.0
DEN, EQ, 23-Jun-2023,36.25,36.5,36.7,35.1, 35.20,35.35,35.66,1785698,636.79,5043, 819309, 45.88,-2.48
DEN, EQ, 23-Jul-2020,107.55,105.0,105.45,102.2, 102.20,102.2,102.79,402502,413.75,3582, 232437, 57.75,-4.97
DEN, EQ, 23-Jul-2021,51.65,52.15,52.3,51.2,52.1,51.9,51.77,2922054,1512.81,10775, 948284, 32.45,0.48
DEN, EQ, 23-Jul-2024,51.81,52.09,52.75,49.65,52.5,52.28,51.29,2342675,1201.62,14683, 746665, 31.87,0.91
DEN, EQ, 23-Aug-2021,46.55,47.3,47.3,44.65, 44.75,44.85,45.42,1040314,472.55,4135, 685054, 65.85,-3.65
DEN, EQ, 23-Aug-2022,36.65,36.65,36.75,35.5, 36.00,35.9,35.97,850490,305.93,3862, 353972, 41.62,-2.05
DEN, EQ, 23-Aug-2023,43.3,43.6,44.6,43.3, 43.45,43.55,44.07,3018479,1330.32,7571, 1184964, 39.26,0.58
DEN, EQ, 23-Aug-2024,53.7,53.98,54.1,52.5,52.94,52.86,53.09,1535005,814.93,9883, 611424, 39.83,-1.56
DEN, EQ, 23-Sep-2020,68.9,69.0,71.4,68.6, 70.20,70.0,69.94,29048,20.32,863, 16662, 57.36,1.6
DEN, EQ, 23-Sep-2021,48.65,48.85,49.3,47.2, 48.30,48.05,48.53,1003021,486.77,4793, 501045, 49.95,-1.23
DEN, EQ, 23-Sep-2022,34.7,34.8,35.05,33.85, 34.15,34.15,34.36,488442,167.82,2199, 215786, 44.18,-1.59
DEN, EQ, 23-Sep-2024,54.64,54.51,54.94,53.91,54.25,54.42,54.42,1532122,833.72,8515, 626317, 40.88,-0.4
DEN, EQ, 23-Oct-2020,74.0,74.55,74.6,71.8, 73.15,73.4,73.61,144673,106.49,2246, 56119, 38.79,-0.81
DEN, EQ, 23-Oct-2023,49.7,49.85,50.1,45.0, 45.10,45.3,46.85,4781024,2240.08,13980, 1701667, 35.59,-8.85
DEN, EQ, 23-Oct-2024,45.39,45.3,46.38,44.49,45.32,45.38,45.56,1242934,566.25,8194, 411936, 33.14,-0.02
DEN, EQ, 23-Nov-2020,71.05,71.9,72.35,70.05, 71.75,71.75,71.31,339340,241.98,7120, 196645, 57.95,0.99
DEN, EQ, 23-Nov-2021,37.85,37.8,41.3,37.65,40.7,40.55,39.98,3024200,1209.11,9081, 1313204, 43.42,7.13
DEN, EQ, 23-Nov-2022,34.15,34.4,35.0,34.2,34.7,34.65,34.63,548257,189.87,1777, 237188, 43.26,1.46
DEN, EQ, 23-Nov-2023,54.35,54.65,56.15,54.35, 55.70,55.45,55.29,2669737,1476.1,6980, 846597, 31.71,2.02
DEN, EQ, 23-Dec-2020,61.95,62.9,66.7,62.0,63.1,62.95,64.35,1955493,1258.36,21990, 639958, 32.73,1.61
DEN, EQ, 23-Dec-2021,41.4,41.7,42.15,41.1, 41.55,41.5,41.52,1055352,438.23,3839, 289073, 27.39,0.24
DEN, EQ, 23-Dec-2022,35.05,35.2,35.2,31.6, 32.70,32.4,33.35,1308985,436.61,4057, 763514, 58.33,-7.56
DEN, EQ, 23-Dec-2024,42.56,43.37,43.37,41.4,42.25,41.83,41.96,1181593,495.78,6206, 534758, 45.26,-1.72
DEN, EQ, 24-Jan-2020,52.0,52.9,54.6,50.45,54.5,54.35,53.78,93140,50.09,1032, 46156, 49.56,4.52
DEN, EQ, 24-Jan-2022,41.3,41.3,41.55,38.55,39.2,39.3,39.7,1997963,793.16,8066, 1063884, 53.25,-4.84
DEN, EQ, 24-Jan-2023,32.7,33.0,33.15,32.5,32.6,32.6,32.79,423945,139.01,1740, 191388, 45.14,-0.31
DEN, EQ, 24-Jan-2024,58.7,58.6,60.0,57.5, 59.10,59.1,58.72,4886295,2869.34,12942, 1457805, 29.83,0.68
DEN, EQ, 24-Jan-2025,39.41,39.41,40.0,38.55,38.6,38.72,39.42,510028,201.05,4046, 243408, 47.72,-1.75
DEN, EQ, 24-Feb-2020,62.25,59.2,59.2,59.15, 59.15,59.15,59.16,5296,3.13,60, 5296, 100.00,-4.98
DEN, EQ, 24-Feb-2021,57.4,57.8,57.8,56.7, 57.20,57.25,57.4,139832,80.27,1354, 96984, 69.36,-0.26
DEN, EQ, 24-Feb-2022,39.7,37.05,38.45,35.0, 35.70,35.45,36.73,1953341,717.39,8023, 1127071, 57.70,-10.71
DEN, EQ, 24-Feb-2023,30.3,30.2,30.95,29.9, 30.30,30.5,30.32,410936,124.61,3468, 240152, 58.44,0.66
DEN, EQ, 24-Feb-2025,34.17,34.28,34.28,33.65,33.9,33.94,33.99,472355,160.56,3528, 230596, 48.82,-0.67
DEN, EQ, 24-Mar-2020,28.2,29.5,29.5,26.8, 26.80,26.8,26.94,13507,3.64,173, 12470, 92.32,-4.96
DEN, EQ, 24-Mar-2021,56.9,56.55,56.95,55.7, 55.90,56.05,56.47,283621,160.16,2026, 196457, 69.27,-1.49
DEN, EQ, 24-Mar-2022,38.4,38.5,40.05,38.2, 38.80,38.7,39.22,2164103,848.84,6349, 900642, 41.62,0.78
DEN, EQ, 24-Mar-2023,28.55,28.7,28.8,27.55, 27.70,27.7,28.04,705692,197.84,2418, 506852, 71.82,-2.98
DEN, EQ, 24-Mar-2025,33.04,33.45,34.19,33.35,33.61,33.56,33.76,1921853,648.79,7428, 1187170, 61.77,1.57
DEN, EQ, 24-Apr-2020,42.55,44.65,44.65,44.65,44.65,44.65,44.65,12499,5.58,52, 12499, 100.00,4.94
DEN, EQ, 24-Apr-2023,29.9,30.25,30.5,29.85, 29.95,29.95,30.15,641754,193.5,2414, 357923, 55.77,0.17
DEN, EQ, 24-Apr-2024,52.75,53.5,54.55,52.75, 53.85,53.8,53.91,2669349,1438.95,9801, 1001504, 37.52,1.99
DEN, EQ, 24-Apr-2025,34.28,34.2,34.99,33.9,34.25,34.47,34.34,2116583,726.88,9287, 697432, 32.95,0.55
DEN, EQ, 24-May-2021,47.5,48.8,49.9,47.55, 49.00,48.9,48.86,13816318,6750.34,31960, 7292811, 52.78,2.95
DEN, EQ, 24-May-2022,36.25,36.4,36.7,34.95,35.4,35.35,35.73,684970,244.71,3540, 287443, 41.96,-2.48
DEN, EQ, 24-May-2023,30.75,30.75,32.9,30.7, 31.85,31.75,32.1,1973396,633.56,7841, 1005229, 50.94,3.25
DEN, EQ, 24-May-2024,50.6,50.7,54.35,50.65,53.2,53.2,53.45,6492363,3470.33,17098, 2443586, 37.64,5.14
DEN, EQ, 24-Jun-2020,87.35,89.85,94.4,78.65,82.75,82.6,87.39,563182,492.18,5483, 311652, 55.34,-5.44
DEN, EQ, 24-Jun-2021,59.95,60.3,60.9,57.2, 57.25,57.9,59.23,2727650,1615.68,8186, 1625839, 59.61,-3.42
DEN, EQ, 24-Jun-2022,32.65,32.75,33.65,32.7, 32.80,32.9,33.2,338093,112.25,1672, 172728, 51.09,0.77
DEN, EQ, 24-Jun-2024,55.96,55.8,57.24,55.16,56.1,56.06,56.44,2719406,1534.76,15504, 1025870, 37.72,0.18
DEN, EQ, 24-Jul-2020,102.2,97.1,97.1,97.1,97.1,97.1,97.1,97481,94.65,1019, 87820, 90.09,-4.99
DEN, EQ, 24-Jul-2023,36.3,36.35,37.8,36.35, 37.30,37.25,37.21,2458688,914.77,6729, 1218742, 49.57,2.62
DEN, EQ, 24-Jul-2024,52.28,52.7,54.5,52.28,54.1,54.36,53.76,2564633,1378.66,14809, 936209, 36.50,3.98
DEN, EQ, 24-Aug-2020,82.7,82.7,84.0,81.0,81.5,82.05,82.48,89356,73.7,1441, 58441, 65.40,-0.79
DEN, EQ, 24-Aug-2021,44.85,45.0,47.7,44.55, 47.00,47.1,46.43,1514238,703.04,7001, 687585, 45.41,5.02
DEN, EQ, 24-Aug-2022,35.9,35.9,36.45,35.1,35.35,35.35,35.8,581191,208.09,2848, 273014, 46.97,-1.53
DEN, EQ, 24-Aug-2023,43.55,43.9,43.95,42.3, 42.60,42.6,43.04,1261006,542.8,4751, 722355, 57.28,-2.18
DEN, EQ, 24-Sep-2020,70.0,67.05,69.0,66.5, 66.50,66.6,67.12,40264,27.02,881, 24479, 60.80,-4.86
DEN, EQ, 24-Sep-2021,48.05,48.25,48.5,47.45, 47.70,47.55,47.96,648420,311.01,3497, 336866, 51.95,-1.04
DEN, EQ, 24-Sep-2024,54.42,54.42,55.43,52.9,53.12,53.27,54.17,1646811,892.0,7757, 765348, 46.47,-2.11
DEN, EQ, 24-Oct-2024,45.38,45.32,45.72,43.74,44.55,44.05,44.69,1906750,852.15,10058, 920677, 48.29,-2.93
DEN, EQ, 24-Nov-2020,71.75,71.75,74.0,71.5, 71.60,71.65,72.22,126617,91.44,2661, 90869, 71.77,-0.14
DEN, EQ, 24-Nov-2021,40.55,41.0,42.9,40.3, 41.60,41.45,41.9,2939552,1231.8,8621, 1070749, 36.43,2.22
DEN, EQ, 24-Nov-2022,34.65,35.0,35.65,34.45, 34.85,34.65,34.93,984225,343.84,2902, 426784, 43.36,0.0
DEN, EQ, 24-Nov-2023,55.45,55.45,57.25,53.55, 54.05,54.25,55.21,2247763,1241.07,7456, 934268, 41.56,-2.16
DEN, EQ, 24-Dec-2020,62.95,64.4,66.5,62.5, 63.05,63.15,64.53,1192576,769.6,10268, 535535, 44.91,0.32
DEN, EQ, 24-Dec-2021,41.5,41.6,41.8,40.65, 41.05,41.05,41.13,1419756,583.92,4973, 375409, 26.44,-1.08
DEN, EQ, 24-Dec-2024,41.83,42.0,42.27,41.26,41.42,41.37,41.73,678176,282.98,4659, 355200, 52.38,-1.1
DEN, EQ, 25-Jan-2021,61.7,62.25,62.7,59.65, 60.30,60.4,61.09,326919,199.71,3140, 163958, 50.15,-2.11
DEN, EQ, 25-Jan-2022,39.3,39.4,40.1,38.35,39.35,39.25,39.19,1819302,712.96,7043, 992072, 54.53,-0.13
DEN, EQ, 25-Jan-2023,32.6,32.65,32.7,32.15, 32.60,32.3,32.36,391939,126.85,1667, 186712, 47.64,-0.92
DEN, EQ, 25-Jan-2024,59.1,59.3,60.0,57.9, 59.30,59.5,59.37,3200589,1900.09,8887, 1133742, 35.42,0.68
DEN, EQ, 25-Feb-2020,59.15,56.2,58.0,56.2, 56.20,56.2,56.31,71034,40.0,304, 44139, 62.14,-4.99
DEN, EQ, 25-Feb-2021,57.25,57.6,58.4,57.0, 57.60,57.65,57.6,316359,182.21,4317, 155868, 49.27,0.7
DEN, EQ, 25-Feb-2022,35.45,37.45,38.25,37.1,38.1,37.9,37.75,1072508,404.92,4283, 508887, 47.45,6.91
DEN, EQ, 25-Feb-2025,33.94,33.92,34.49,33.7,33.74,33.83,34.03,454839,154.79,4032, 219155, 48.18,-0.32
DEN, EQ, 25-Mar-2020,26.8,25.6,28.1,25.5, 27.15,27.5,26.29,214635,56.42,1891, 161454, 75.22,2.61
DEN, EQ, 25-Mar-2021,56.05,56.45,56.55,53.85,54.9,54.4,54.77,384848,210.79,1933, 257381, 66.88,-2.94
DEN, EQ, 25-Mar-2022,38.7,39.0,39.15,37.85,38.1,38.05,38.48,1093933,420.96,3422, 633545, 57.91,-1.68
DEN, EQ, 25-Mar-2025,33.56,33.81,33.98,31.86,32.18,32.48,32.6,1356655,442.23,8097, 800547, 59.01,-3.22
DEN, EQ, 25-Apr-2022,44.3,43.8,43.9,41.8,42.7,42.1,42.92,1550909,665.63,5860, 633203, 40.83,-4.97
DEN, EQ, 25-Apr-2023,29.95,30.1,30.2,29.7,29.8,29.8,29.93,308625,92.36,1591, 160445, 51.99,-0.5
DEN, EQ, 25-Apr-2024,53.8,53.8,54.5,53.0, 53.20,53.15,53.61,1526434,818.31,5166, 709982, 46.51,-1.21
DEN, EQ, 25-Apr-2025,34.47,34.74,34.74,32.7,32.95,32.94,33.29,1361741,453.38,6063, 804713, 59.09,-4.44
DEN, EQ, 25-May-2021,48.9,49.5,49.8,48.2, 48.95,48.85,49.05,9609658,4713.62,13637, 4238598, 44.11,-0.1
DEN, EQ, 25-May-2022,35.35,35.4,35.75,34.5, 34.65,34.7,34.97,667895,233.53,2689, 319225, 47.80,-1.84
DEN, EQ, 25-May-2023,31.75,31.85,32.2,31.3, 31.70,31.7,31.68,608518,192.8,2526, 315566, 51.86,-0.16
DEN, EQ, 25-Jun-2020,82.6,77.1,83.0,77.1, 79.85,79.85,79.42,218304,173.38,2484, 126241, 57.83,-3.33
DEN, EQ, 25-Jun-2021,57.9,58.0,58.35,56.3, 56.90,56.75,56.89,2686132,1528.03,9260, 1653703, 61.56,-1.99
DEN, EQ, 25-Jun-2024,56.06,56.21,56.75,54.71,55.2,54.97,55.51,1592343,883.84,8848, 681739, 42.81,-1.94
DEN, EQ, 25-Jul-2022,35.05,35.0,35.4,33.75, 33.85,34.15,34.69,724100,251.16,4821, 342123, 47.25,-2.57
DEN, EQ, 25-Jul-2023,37.25,37.4,38.5,37.4, 38.10,38.3,38.06,2534805,964.77,7004, 1342001, 52.94,2.82
DEN, EQ, 25-Jul-2024,54.36,54.16,55.65,53.68,54.25,54.3,54.83,2165410,1187.37,10224, 892415, 41.21,-0.11
DEN, EQ, 25-Aug-2020,82.05,82.15,82.6,80.5, 80.90,80.75,81.16,103786,84.24,1568, 67331, 64.87,-1.58
DEN, EQ, 25-Aug-2021,47.1,47.2,47.9,46.9, 47.20,47.2,47.37,408735,193.62,2169, 224556, 54.94,0.21
DEN, EQ, 25-Aug-2022,35.35,35.65,36.4,35.25,35.65,35.65,35.73,958973,342.63,4342, 379662, 39.59,0.85
DEN, EQ, 25-Aug-2023,42.6,42.35,43.15,41.5, 42.80,42.8,42.4,1623197,688.2,5007, 513656, 31.64,0.47
DEN, EQ, 25-Sep-2020,66.6,67.0,68.5,66.65, 67.00,67.7,67.66,56167,38.0,1014, 24382, 43.41,1.65
DEN, EQ, 25-Sep-2023,51.2,51.45,54.2,51.4, 52.35,52.35,52.76,9504458,5014.85,20246, 3426362, 36.05,2.25
DEN, EQ, 25-Sep-2024,53.27,53.29,53.45,52.35,52.9,52.95,52.81,1268065,669.65,6316, 546136, 43.07,-0.6
DEN, EQ, 25-Oct-2021,47.8,48.5,48.5,45.85, 46.30,46.3,46.6,1349513,628.87,6539, 724262, 53.67,-3.14
DEN, EQ, 25-Oct-2022,32.75,32.9,33.0,32.65,32.8,32.75,32.84,328129,107.74,3160, 159635, 48.65,0.0
DEN, EQ, 25-Oct-2023,45.3,45.6,46.65,43.4,44.5,44.35,44.88,3753496,1684.73,11495, 1252009, 33.36,-2.1
DEN, EQ, 25-Oct-2024,44.05,44.05,44.27,42.36,43.1,42.88,43.05,1335218,574.84,8748, 643011, 48.16,-2.66
DEN, EQ, 25-Nov-2020,71.65,71.75,72.15,69.75, 70.10,70.2,70.66,71932,50.83,1561, 45990, 63.94,-2.02
DEN, EQ, 25-Nov-2021,41.45,41.8,42.4,41.05,42.15,42.05,41.96,1304294,547.25,4758, 508024, 38.95,1.45
DEN, EQ, 25-Nov-2022,34.65,34.8,35.5,34.7,35.25,35.25,35.13,1255057,440.94,3307, 543096, 43.27,1.73
DEN, EQ, 25-Nov-2024,43.2,43.98,44.35,43.5,43.87,43.9,43.95,673643,296.04,4773, 299060, 44.39,1.62
DEN, EQ, 26-Feb-2020,56.2,53.4,55.5,53.4, 53.40,53.4,53.53,108362,58.01,527, 43082, 39.76,-4.98
DEN, EQ, 26-Feb-2021,57.65,57.0,57.85,56.65,57.1,56.9,57.12,236020,134.81,2906, 128422, 54.41,-1.3
DEN, EQ, 26-Feb-2024,58.4,58.85,59.25,57.55, 58.50,58.5,58.3,2106809,1228.31,6782, 832617, 39.52,0.17
DEN, EQ, 26-Mar-2020,27.5,27.55,28.85,27.55, 28.25,28.25,28.57,55171,15.76,831, 41655, 75.50,2.73
DEN, EQ, 26-Mar-2021,54.4,52.0,53.8,50.0,50.0,51.35,51.85,8306574,4306.75,16973, 5127245, 61.73,-5.61
DEN, EQ, 26-Mar-2024,50.5,50.5,51.45,48.2,48.95,48.95,50.05,1972510,987.24,6096, 1039932, 52.72,-3.07
DEN, EQ, 26-Mar-2025,32.48,32.46,32.65,31.0,31.33,31.17,31.83,1546989,492.36,5687, 935050, 60.44,-4.03
DEN, EQ, 26-Apr-2021,43.25,43.85,44.45,43.5, 43.80,43.9,43.9,1731163,759.97,18803, 1134588, 65.54,1.5
DEN, EQ, 26-Apr-2022,42.1,42.7,43.45,42.3, 43.20,43.0,42.76,1261370,539.35,3912, 501340, 39.75,2.14
DEN, EQ, 26-Apr-2023,29.8,29.8,30.4,29.65, 30.05,30.1,29.98,294089,88.17,1421, 180664, 61.43,1.01
DEN, EQ, 26-Apr-2024,53.15,53.15,54.3,52.7, 52.70,53.1,53.45,1318507,704.73,5363, 490129, 37.17,-0.09
DEN, EQ, 26-May-2020,50.3,51.85,51.85,49.0, 49.05,49.2,49.65,36403,18.07,625, 20064, 55.12,-2.19
DEN, EQ, 26-May-2021,48.85,49.2,49.5,48.05, 48.10,48.1,48.68,6341869,3087.31,18031, 2645739, 41.72,-1.54
DEN, EQ, 26-May-2022,34.7,34.7,35.7,33.7,35.4,35.0,34.54,415442,143.48,2108, 171522, 41.29,0.86
DEN, EQ, 26-May-2023,31.7,31.8,32.3,31.05,31.4,31.4,31.66,705056,223.21,2253, 392367, 55.65,-0.95
DEN, EQ, 26-Jun-2020,79.85,78.2,82.5,77.0, 78.00,78.15,79.39,135965,107.95,1847, 72574, 53.38,-2.13
DEN, EQ, 26-Jun-2023,35.35,35.45,36.0,34.05, 34.65,34.6,34.93,2527980,882.96,8867, 903801, 35.75,-2.12
DEN, EQ, 26-Jun-2024,54.97,55.18,55.18,53.31,53.85,53.75,54.06,2371224,1281.8,13000, 822276, 34.68,-2.22
DEN, EQ, 26-Jul-2021,51.9,51.9,52.9,51.75,51.9,51.85,52.21,1781240,930.0,6710, 850943, 47.77,-0.1
DEN, EQ, 26-Jul-2022,34.15,34.2,34.4,33.7,33.9,33.9,34.0,356476,121.22,3141, 168212, 47.19,-0.73
DEN, EQ, 26-Jul-2023,38.3,38.3,40.2,37.4, 39.85,39.75,39.28,7021617,2757.85,18691, 2972610, 42.34,3.79
DEN, EQ, 26-Jul-2024,54.3,54.6,56.15,54.5, 55.30,55.46,55.54,2981324,1655.92,16316, 1150140, 38.58,2.14
DEN, EQ, 26-Aug-2020,80.75,81.7,81.7,80.1, 80.75,80.7,80.94,87022,70.44,1216, 46253, 53.15,-0.06
DEN, EQ, 26-Aug-2021,47.2,46.9,47.65,46.0, 46.20,46.5,46.83,531742,249.01,4746, 317604, 59.73,-1.48
DEN, EQ, 26-Aug-2022,35.65,35.85,36.25,35.55,35.8,35.7,35.91,603550,216.73,2782, 286351, 47.44,0.14
DEN, EQ, 26-Aug-2024,52.86,52.92,53.86,52.41,52.55,52.65,52.86,941776,497.84,5768, 378926, 40.24,-0.4
DEN, EQ, 26-Sep-2022,34.15,34.0,34.1,32.1,32.5,32.45,32.7,905742,296.16,4609, 445211, 49.15,-4.98
DEN, EQ, 26-Sep-2023,52.35,52.55,53.15,51.3, 51.50,51.6,52.02,2681194,1394.68,7451, 996834, 37.18,-1.43
DEN, EQ, 26-Sep-2024,52.95,52.8,54.76,52.65,53.73,53.82,53.75,2302999,1237.83,9598, 697312, 30.28,1.64
DEN, EQ, 26-Oct-2020,73.4,73.95,75.0,73.0,75.0,74.2,74.15,187635,139.12,2589, 115315, 61.46,1.09
DEN, EQ, 26-Oct-2021,46.3,47.15,47.9,46.45, 47.65,47.55,47.07,1195809,562.86,5846, 458606, 38.35,2.7
DEN, EQ, 26-Oct-2023,44.35,44.25,45.35,42.45, 44.80,44.85,43.65,3193466,1393.8,10196, 950723, 29.77,1.13
DEN, EQ, 26-Nov-2020,70.2,71.7,71.7,68.0, 69.55,69.85,69.69,123559,86.11,2251, 61537, 49.80,-0.5
DEN, EQ, 26-Nov-2021,42.05,41.65,41.7,39.8, 40.35,40.25,40.82,1525662,622.84,5345, 643894, 42.20,-4.28
DEN, EQ, 26-Nov-2024,43.9,43.99,44.69,43.91,44.36,44.49,44.33,611848,271.26,3774, 263706, 43.10,1.34
DEN, EQ, 26-Dec-2022,32.4,32.55,34.3,32.5,33.95,33.95,33.7,918678,309.57,2745, 420936, 45.82,4.78
DEN, EQ, 26-Dec-2023,54.85,55.2,56.7,55.1, 56.00,56.05,56.06,2707844,1517.98,8165, 1062497, 39.24,2.19
DEN, EQ, 26-Dec-2024,41.37,41.4,42.39,40.01,40.82,40.32,41.0,1122997,460.41,7561, 505386, 45.00,-2.54
DEN, EQ, 27-Jan-2020,54.35,55.0,55.0,52.0, 52.45,52.45,53.36,32559,17.37,415, 15175, 46.61,-3.5
DEN, EQ, 27-Jan-2021,60.4,60.8,60.95,59.3, 59.95,59.75,59.86,205546,123.05,2490, 111466, 54.23,-1.08
DEN, EQ, 27-Jan-2022,39.25,39.5,45.15,39.3, 42.70,42.7,43.2,7078984,3057.91,22452, 2053124, 29.00,8.79
DEN, EQ, 27-Jan-2023,32.3,32.5,32.5,29.8, 30.85,30.6,30.72,1654258,508.18,7275, 890083, 53.81,-5.26
DEN, EQ, 27-Jan-2025,38.72,38.73,38.96,35.95,36.53,36.29,36.83,1841961,678.49,12344, 931093, 50.55,-6.28
DEN, EQ, 27-Feb-2020,53.4,51.15,53.0,50.75, 50.75,50.75,51.17,37536,19.21,188, 33354, 88.86,-4.96
DEN, EQ, 27-Feb-2023,30.5,30.55,30.55,29.9, 30.05,30.15,30.17,429897,129.68,3160, 257044, 59.79,-1.15
DEN, EQ, 27-Feb-2024,58.5,58.0,58.4,57.15, 57.55,57.6,57.74,1369188,790.54,5254, 632489, 46.19,-1.54
DEN, EQ, 27-Feb-2025,33.83,33.84,34.17,33.21,33.5,33.49,33.58,479696,161.09,3862, 245989, 51.28,-1.01
DEN, EQ, 27-Mar-2020,28.25,28.25,29.65,27.2, 28.35,27.75,28.63,65666,18.8,1116, 49242, 74.99,-1.77
DEN, EQ, 27-Mar-2023,27.7,28.0,28.0,26.9, 27.45,27.1,27.17,1109711,301.48,2988, 842323, 75.90,-2.17
DEN, EQ, 27-Mar-2024,48.95,49.5,50.05,48.6, 48.70,49.05,49.34,3180012,1568.88,8194, 1949366, 61.30,0.2
DEN, EQ, 27-Mar-2025,31.17,31.29,32.6,30.77,31.8,31.81,31.43,3867149,1215.48,12518, 1860332, 48.11,2.05
DEN, EQ, 27-Apr-2020,44.65,46.85,46.85,45.4, 46.85,46.85,46.81,77835,36.43,342, 74565, 95.80,4.93
DEN, EQ, 27-Apr-2021,43.9,44.15,45.1,43.75,44.6,44.35,44.28,2764312,1224.1,24790, 1606235, 58.11,1.03
DEN, EQ, 27-Apr-2022,43.0,42.7,45.4,42.2,44.8,44.65,43.97,5250631,2308.64,12973, 1765492, 33.62,3.84
DEN, EQ, 27-Apr-2023,30.1,30.15,31.5,30.0, 30.75,30.55,30.68,915422,280.85,3767, 344889, 37.68,1.5
DEN, EQ, 27-May-2020,49.2,48.7,49.0,46.8,47.85,47.7,47.9,61018,29.22,661, 27752, 45.48,-3.05
DEN, EQ, 27-May-2021,48.1,48.3,49.0,48.1, 48.95,48.65,48.63,5738495,2790.89,13730, 2983300, 51.99,1.14
DEN, EQ, 27-May-2022,35.0,35.65,35.8,35.2, 35.50,35.45,35.49,269350,95.59,1531, 118182, 43.88,1.29
DEN, EQ, 27-May-2024,53.2,53.2,53.4,51.85,52.05,52.0,52.24,1961179,1024.56,5794, 691828, 35.28,-2.26
DEN, EQ, 27-Jun-2022,32.9,33.4,33.7,33.1,33.5,33.3,33.42,350393,117.1,1627, 208887, 59.62,1.22
DEN, EQ, 27-Jun-2023,34.6,34.85,35.15,34.2, 34.55,34.4,34.59,554492,191.82,2363, 260669, 47.01,-0.58
DEN, EQ, 27-Jun-2024,53.75,53.8,55.09,52.2,53.75,53.18,53.55,2142494,1147.33,12008, 844597, 39.42,-1.06
DEN, EQ, 27-Jul-2020,97.1,92.25,96.1,92.25,92.25,92.25,92.36,81735,75.49,944, 73353, 89.74,-4.99
DEN, EQ, 27-Jul-2021,51.85,52.25,52.35,50.35, 50.80,50.7,51.42,2357021,1212.06,7760, 995238, 42.22,-2.22
DEN, EQ, 27-Jul-2022,33.9,34.25,34.25,33.5,33.55,33.65,33.69,314215,105.85,3084, 163956, 52.18,-0.74
DEN, EQ, 27-Jul-2023,39.75,40.2,40.8,39.75, 40.50,40.3,40.4,4259580,1720.79,11676, 1978398, 46.45,1.38
DEN, EQ, 27-Aug-2020,80.7,81.8,81.8,80.55,81.0,80.9,80.9,72891,58.97,1114, 38924, 53.40,0.25
DEN, EQ, 27-Aug-2021,46.5,46.5,47.45,46.25, 47.10,47.0,46.91,379169,177.87,2556, 216304, 57.05,1.08
DEN, EQ, 27-Aug-2024,52.65,52.79,53.06,52.26,52.85,52.83,52.69,1133207,597.06,6585, 416599, 36.76,0.34
DEN, EQ, 27-Sep-2021,47.55,48.0,48.4,46.9, 47.15,47.15,47.55,762560,362.61,3508, 481650, 63.16,-0.84
DEN, EQ, 27-Sep-2022,32.45,32.7,33.2,32.35,32.45,32.45,32.59,421931,137.51,3530, 190558, 45.16,0.0
DEN, EQ, 27-Sep-2023,51.6,51.7,51.85,49.45, 49.80,49.75,50.2,3358929,1686.16,10019, 1404567, 41.82,-3.59
DEN, EQ, 27-Sep-2024,53.82,53.84,54.29,52.81,53.1,53.0,53.54,1140070,610.4,6490, 419577, 36.80,-1.52
DEN, EQ, 27-Oct-2020,74.2,75.4,76.4,73.7, 74.45,74.35,74.95,120267,90.14,1990, 60750, 50.51,0.2
DEN, EQ, 27-Oct-2021,47.55,47.55,48.1,47.3, 47.65,47.5,47.66,405247,193.14,2233, 214227, 52.86,-0.11
DEN, EQ, 27-Oct-2022,32.75,32.85,33.0,32.45,33.0,32.85,32.82,499644,163.97,1656, 277523, 55.54,0.31
DEN, EQ, 27-Oct-2023,44.85,45.3,46.85,45.25,45.7,45.55,46.04,3620822,1666.99,10063, 665719, 18.39,1.56
DEN, EQ, 27-Nov-2020,69.85,70.45,71.0,69.3,70.25,69.95,70.21,168900,118.58,3084, 99501, 58.91,0.14
DEN, EQ, 27-Nov-2024,44.49,44.59,45.52,44.07,44.79,44.81,44.78,989915,443.32,6737, 294087, 29.71,0.72
DEN, EQ, 27-Dec-2021,41.05,40.8,41.65,40.35, 41.10,41.0,41.06,761934,312.88,2879, 237035, 31.11,-0.12
DEN, EQ, 27-Dec-2022,33.95,34.3,35.4,34.1,34.8,34.7,34.6,643384,222.59,2210, 211816, 32.92,2.21
DEN, EQ, 27-Dec-2023,56.05,56.4,57.6,55.8, 56.80,56.75,56.58,2895320,1638.1,8296, 1266178, 43.73,1.25
DEN, EQ, 27-Dec-2024,40.32,40.48,41.79,40.48,41.3,41.43,41.2,671953,276.86,5143, 269652, 40.13,2.75
DEN, EQ, 28-Jan-2020,52.45,55.0,55.05,50.3, 55.00,54.35,53.2,107329,57.1,889, 67517, 62.91,3.62
DEN, EQ, 28-Jan-2021,59.75,58.75,60.7,58.65, 59.95,60.0,59.81,199272,119.19,2047, 91736, 46.04,0.42
DEN, EQ, 28-Jan-2022,42.7,43.15,44.2,42.45, 42.45,42.6,43.29,1922283,832.18,7337, 710391, 36.96,-0.23
DEN, EQ, 28-Jan-2025,36.29,36.53,38.8,35.61,38.07,38.16,37.27,1817213,677.33,14765, 627753, 34.54,5.15
DEN, EQ, 28-Feb-2020,50.75,48.25,49.35,48.25, 48.25,48.25,48.25,55246,26.66,275, 44740, 80.98,-4.93
DEN, EQ, 28-Feb-2022,37.9,37.0,39.4,37.0, 38.90,39.0,38.74,1484170,574.97,5398, 460115, 31.00,2.9
DEN, EQ, 28-Feb-2023,30.15,30.15,30.45,30.0, 30.10,30.2,30.17,226739,68.42,2608, 114745, 50.61,0.17
DEN, EQ, 28-Feb-2024,57.6,57.7,57.8,54.25,55.0,54.75,55.34,2876574,1591.92,10267, 1415660, 49.21,-4.95
DEN, EQ, 28-Feb-2025,33.49,33.0,33.44,31.27,31.79,31.59,32.0,1525954,488.36,10380, 697593, 45.72,-5.67
DEN, EQ, 28-Mar-2022,38.05,38.3,38.4,36.9, 37.00,37.1,37.53,1827559,685.95,4297, 1019456, 55.78,-2.5
DEN, EQ, 28-Mar-2023,27.1,27.25,27.85,25.2, 25.95,25.85,26.36,1014208,267.33,3892, 672028, 66.26,-4.61
DEN, EQ, 28-Mar-2024,49.05,49.85,49.85,46.65,47.5,47.05,47.97,3202664,1536.42,9149, 2058290, 64.27,-4.08
DEN, EQ, 28-Mar-2025,31.81,31.8,33.1,31.04,31.2,31.18,32.01,1817719,581.84,6572, 1032014, 56.78,-1.98
DEN, EQ, 28-Apr-2020,46.85,49.15,49.15,49.15, 49.15,49.15,49.15,49129,24.15,325, 46529, 94.71,4.91
DEN, EQ, 28-Apr-2021,44.35,44.35,47.8,44.25, 47.10,47.0,45.91,4560103,2093.69,13276, 2539102, 55.68,5.98
DEN, EQ, 28-Apr-2022,44.65,45.8,45.85,42.0, 42.30,42.2,43.5,4349940,1892.23,11865, 2159526, 49.64,-5.49
DEN, EQ, 28-Apr-2023,30.55,30.75,31.0,30.2, 30.65,30.5,30.66,437823,134.22,2221, 214822, 49.07,-0.16
DEN, EQ, 28-May-2020,47.7,48.8,50.05,47.05,50.05,50.0,48.69,45036,21.93,675, 26405, 58.63,4.82
DEN, EQ, 28-May-2021,48.65,49.0,51.9,48.2,50.9,50.9,50.45,22874802,11540.32,37275, 9787992, 42.79,4.62
DEN, EQ, 28-May-2024,52.0,52.15,52.2,50.0,50.35,50.2,50.79,1802761,915.53,5355, 941238, 52.21,-3.46
DEN, EQ, 28-Jun-2021,56.75,57.1,57.9,56.0, 56.25,56.2,56.58,2247523,1271.72,7017, 1410665, 62.77,-0.97
DEN, EQ, 28-Jun-2022,33.3,33.55,34.25,32.75, 33.70,33.7,33.63,506252,170.24,3298, 229834, 45.40,1.2
DEN, EQ, 28-Jun-2024,53.18,53.63,54.27,53.1,53.4,53.31,53.6,995181,533.44,7098, 406717, 40.87,0.24
DEN, EQ, 28-Jul-2020,92.25,87.65,91.0,87.65,87.65,87.65,87.91,635155,558.34,3588, 314196, 49.47,-4.99
DEN, EQ, 28-Jul-2021,50.7,51.05,51.05,49.3,50.0,50.05,50.07,2819851,1411.85,8260, 1363836, 48.37,-1.28
DEN, EQ, 28-Jul-2022,33.65,33.95,33.95,33.5, 33.60,33.6,33.65,374445,126.0,1377, 212235, 56.68,-0.15
DEN, EQ, 28-Jul-2023,40.3,40.6,42.45,40.1, 42.15,42.15,41.44,6129140,2540.04,14802, 2671180, 43.58,4.59
DEN, EQ, 28-Aug-2020,80.9,81.55,81.95,79.65, 80.00,79.85,80.41,96005,77.2,1405, 66459, 69.22,-1.3
DEN, EQ, 28-Aug-2023,42.8,43.2,43.85,42.4, 42.60,42.55,43.06,1669110,718.74,5417, 747419, 44.78,-0.58
DEN, EQ, 28-Aug-2024,52.83,52.85,54.2,52.6,52.85,52.75,53.49,1836236,982.13,10941, 754628, 41.10,-0.15
DEN, EQ, 28-Sep-2020,67.7,68.8,71.05,68.15,71.05,71.05,70.54,44516,31.4,365,32040,71.97,4.95
DEN, EQ, 28-Sep-2021,47.15,47.25,48.15,46.9, 47.30,47.25,47.41,829688,393.34,3403, 380538, 45.87,0.21
DEN, EQ, 28-Sep-2022,32.45,32.35,32.6,31.95,32.0,32.05,32.24,438211,141.26,3455, 239739, 54.71,-1.23
DEN, EQ, 28-Sep-2023,49.75,49.95,51.6,49.5, 50.65,50.15,50.45,4909317,2476.73,11332, 1205539, 24.56,0.8
DEN, EQ, 28-Oct-2020,74.35,74.5,76.0,72.0, 72.05,72.25,73.44,95687,70.28,2235, 53471, 55.88,-2.82
DEN, EQ, 28-Oct-2021,47.5,47.5,47.5,46.0, 46.25,46.25,46.59,654710,305.06,4093, 423977, 64.76,-2.63
DEN, EQ, 28-Oct-2022,32.85,32.65,33.0,32.65,32.9,32.8,32.81,270140,88.64,2761, 121152, 44.85,-0.15
DEN, EQ, 28-Oct-2024,42.88,43.19,44.05,42.16,43.62,43.67,43.27,1327764,574.49,7369, 575512, 43.34,1.84
DEN, EQ, 28-Nov-2022,35.25,35.2,36.25,35.15, 35.40,35.3,35.62,1080438,384.9,2765, 507466, 46.97,0.14
DEN, EQ, 28-Nov-2023,54.25,54.4,54.85,53.15, 53.85,53.9,53.79,2523150,1357.25,7273, 1095366, 43.41,-0.65
DEN, EQ, 28-Nov-2024,44.81,44.99,45.9,44.27,44.79,44.52,45.01,763153,343.52,5107, 299802, 39.28,-0.65
DEN, EQ, 28-Dec-2020,63.15,63.4,64.1,63.15,63.3,63.35,63.61,224657,142.9,2472, 133331, 59.35,0.32
DEN, EQ, 28-Dec-2021,41.0,41.25,41.95,41.0,41.35,41.4,41.42,1048941,434.45,3277, 410031, 39.09,0.98
DEN, EQ, 28-Dec-2022,34.7,34.6,35.55,34.35, 35.25,35.2,35.0,602459,210.88,2213, 235886, 39.15,1.44
DEN, EQ, 28-Dec-2023,56.75,57.15,57.3,55.9, 56.25,56.15,56.43,1730971,976.71,5718, 769507, 44.46,-1.06
DEN, EQ, 29-Jan-2020,54.35,55.3,55.3,51.85, 52.40,52.4,52.95,29181,15.45,415, 17670, 60.55,-3.59
DEN, EQ, 29-Jan-2021,60.0,60.75,61.0,58.25, 58.80,58.6,59.48,347290,206.57,2541, 194961, 56.14,-2.33
DEN, EQ, 29-Jan-2024,59.5,59.95,61.7,59.2, 60.20,59.95,60.4,4544002,2744.51,11473, 1444028, 31.78,0.76
DEN, EQ, 29-Jan-2025,38.16,36.21,39.8,36.21,38.25,38.69,37.93,1200315,455.23,8638, 323442, 26.95,1.39
DEN, EQ, 29-Feb-2024,54.75,55.25,56.8,53.5, 56.80,56.5,55.15,2813675,1551.81,9567, 897630, 31.90,3.2
DEN, EQ, 29-Mar-2022,37.1,37.1,37.5,36.0, 36.20,36.2,36.55,2815751,1029.14,7604, 1329965, 47.23,-2.43
DEN, EQ, 29-Mar-2023,25.85,25.95,27.1,25.95, 26.55,26.6,26.68,1167289,311.47,3704, 736858, 63.13,2.9
DEN, EQ, 29-Apr-2020,49.15,51.6,51.6,51.6,51.6,51.6,51.6,14810,7.64,125, 12540, 84.67,4.98
DEN, EQ, 29-Apr-2021,47.0,47.4,47.4,45.25, 45.35,45.4,46.09,1805566,832.25,11479, 1203123, 66.63,-3.4
DEN, EQ, 29-Apr-2022,42.2,42.5,42.9,40.05,40.85,40.75,41.72,2333046,973.36,7618, 854890, 36.64,-3.44
DEN, EQ, 29-Apr-2024,53.1,53.5,53.65,52.6, 52.60,52.75,52.97,729968,386.68,4060, 369259, 50.59,-0.66
DEN, EQ, 29-May-2020,50.0,51.9,51.9,49.5, 50.20,50.2,50.61,60118,30.42,635, 31271, 52.02,0.4
DEN, EQ, 29-May-2023,31.4,31.55,33.25,31.4, 32.00,32.1,32.44,2637098,855.53,6653, 1215914, 46.11,2.23
DEN, EQ, 29-May-2024,50.2,50.2,52.55,49.75,50.3,50.3,51.19,3118267,1596.25,10064, 715783, 22.95,0.2
DEN, EQ, 29-Jun-2020,78.15,79.9,80.6,73.25, 75.45,75.65,75.32,182375,137.36,2447, 89839, 49.26,-3.2
DEN, EQ, 29-Jun-2021,56.2,56.25,58.2,56.1, 56.90,56.7,57.22,2298436,1315.24,8189, 1079130, 46.95,0.89
DEN, EQ, 29-Jun-2022,33.7,33.5,34.25,33.2, 33.40,33.45,33.61,348648,117.18,1530, 206457, 59.22,-0.74
DEN, EQ, 28-Jun-2023,34.4,34.65,34.75,34.05, 34.25,34.15,34.27,603911,206.98,2053, 322642, 53.43,-0.73
DEN, EQ, 29-Jul-2020,87.65,85.7,87.8,83.3, 83.30,83.3,84.96,587373,499.01,6558, 212595, 36.19,-4.96
DEN, EQ, 29-Jul-2021,50.05,50.45,52.4,49.65,52.2,51.75,50.84,2737927,1391.93,10203, 949577, 34.68,3.4
DEN, EQ, 29-Jul-2022,33.6,33.6,34.95,33.5,34.3,34.4,34.22,814715,278.82,5084, 362472, 44.49,2.38
DEN, EQ, 29-Jul-2024,55.46,55.85,58.66,55.67,56.37,56.52,57.55,8141783,4685.36,33515, 3015166, 37.03,1.91
DEN, EQ, 29-Aug-2022,35.7,34.35,37.6,34.35, 36.40,36.45,36.79,1945180,715.57,6451, 663833, 34.13,2.1
DEN, EQ, 29-Aug-2023,42.55,42.9,43.4,42.25, 42.50,42.4,42.72,1303387,556.86,4686, 558457, 42.85,-0.35
DEN, EQ, 29-Aug-2024,52.75,52.98,55.67,52.94,53.3,53.48,54.15,6376236,3452.71,29008, 1789249, 28.06,1.38
DEN, EQ, 29-Sep-2020,71.05,72.9,73.7,68.1,69.7,70.15,70.6,178199,125.81,2618, 40001, 22.45,-1.27
DEN, EQ, 29-Sep-2021,47.25,47.35,49.2,47.0, 48.95,48.75,48.19,1342856,647.09,4680, 743726, 55.38,3.17
DEN, EQ, 29-Sep-2022,32.05,32.3,32.65,31.9,32.1,32.0,32.27,279163,90.09,1560, 129283, 46.31,-0.16
DEN, EQ, 29-Sep-2023,50.15,50.7,51.05,49.95, 50.45,50.3,50.35,1755171,883.68,5501, 758362, 43.21,0.3
DEN, EQ, 29-Oct-2020,72.25,72.0,72.35,70.05,70.3,70.5,71.09,80009,56.87,1638, 46724, 58.40,-2.42
DEN, EQ, 29-Oct-2021,46.25,46.4,46.4,44.1, 44.80,44.65,45.25,1901148,860.31,7067, 1292413, 67.98,-3.46
DEN, EQ, 29-Oct-2024,43.67,43.79,45.38,43.61,44.4,44.5,44.52,1280325,570.0,12940, 492492, 38.47,1.9
DEN, EQ, 29-Nov-2021,40.25,40.25,40.65,38.3, 39.10,39.15,39.67,1850701,734.08,7072, 406201, 21.95,-2.73
DEN, EQ, 29-Nov-2022,35.3,35.5,35.9,35.15,35.3,35.3,35.51,798203,283.48,2273, 336286, 42.13,0.0
DEN, EQ, 29-Nov-2023,53.9,54.2,56.65,53.8, 54.50,54.3,55.22,4124397,2277.61,10481, 976986, 23.69,0.74
DEN, EQ, 29-Nov-2024,44.52,44.88,45.1,44.41,44.6,44.64,44.73,485432,217.12,3557, 179967, 37.07,0.27
DEN, EQ, 29-Dec-2020,63.35,63.5,63.9,61.7,62.3,62.25,62.61,244557,153.11,2876, 122395, 50.05,-1.74
DEN, EQ, 29-Dec-2021,41.4,41.35,42.3,41.3, 41.40,41.5,41.8,1072429,448.23,3814, 263810, 24.60,0.24
DEN, EQ, 29-Dec-2022,35.2,35.2,35.2,34.3, 34.95,34.85,34.63,615517,213.14,3905, 177885, 28.90,-0.99
DEN, EQ, 29-Dec-2023,56.15,56.35,57.6,55.4, 57.15,57.1,56.51,3164138,1788.19,8553, 1290271, 40.78,1.69
DEN, EQ, 30-Jan-2020,52.4,52.5,52.7,51.05, 51.05,51.35,51.9,12277,6.37,191, 7555, 61.54,-2.0
DEN, EQ, 30-Jan-2023,30.6,31.0,31.9,30.5, 30.90,30.95,31.15,662150,206.24,2833, 233172, 35.21,1.14
DEN, EQ, 30-Jan-2024,59.95,60.4,62.7,60.4, 61.65,61.65,61.83,6190974,3828.17,14279, 2323343, 37.53,2.84
DEN, EQ, 30-Jan-2025,38.69,39.55,39.6,38.42,39.11,39.08,38.95,1000332,389.61,7604, 475305, 47.51,1.01
DEN, EQ, 30-Mar-2020,27.75,27.5,29.1,26.5, 29.10,28.9,28.51,34504,9.84,397, 27513, 79.74,4.14
DEN, EQ, 30-Mar-2021,51.35,49.0,50.15,48.75,49.25,49.3,49.36,9446667,4663.05,16916, 6365522, 67.38,-3.99
DEN, EQ, 30-Mar-2022,36.2,37.0,37.95,36.6, 37.40,37.15,37.45,1792249,671.25,4842, 741491, 41.37,2.62
DEN, EQ, 30-Apr-2020,51.6,54.15,54.15,54.15,54.15,54.15,54.15,46039,24.93,361, 45738, 99.35,4.94
DEN, EQ, 30-Apr-2021,45.4,45.15,45.5,44.2,44.45,44.3,44.75,1309947,586.17,7745, 965271, 73.69,-2.42
DEN, EQ, 30-Apr-2024,52.75,53.0,53.15,51.0, 51.10,51.4,52.15,1740245,907.61,6169, 853157, 49.03,-2.56
DEN, EQ, 30-May-2022,35.45,35.95,36.25,35.4, 36.05,35.95,35.92,532813,191.39,2424, 204166, 38.32,1.41
DEN, EQ, 30-May-2023,32.1,32.25,32.5,31.4, 31.60,31.6,31.94,930092,297.06,3051, 367223, 39.48,-1.56
DEN, EQ, 30-May-2024,50.3,50.15,50.6,49.05,49.3,49.25,49.82,1233271,614.4,5117, 620049, 50.28,-2.09
DEN, EQ, 30-Jun-2020,75.65,77.4,79.3,74.65, 75.65,75.25,76.68,103082,79.04,1358, 55565, 53.90,-0.53
DEN, EQ, 30-Jun-2021,56.7,57.15,57.25,55.6, 56.75,56.1,56.44,1788534,1009.41,6061, 1029469, 57.56,-1.06
DEN, EQ, 30-Jun-2022,33.45,33.5,33.85,33.3,33.35,33.45,33.54,166354,55.8,1014, 107458, 64.60,0.0
DEN, EQ, 30-Jun-2023,34.15,34.3,34.6,33.95, 34.05,34.05,34.17,828428,283.03,1963, 510186, 61.58,-0.29
DEN, EQ, 30-Jul-2020,83.3,79.6,86.45,79.15, 82.20,82.05,82.99,880952,731.14,11133, 243599, 27.65,-1.5
DEN, EQ, 30-Jul-2021,51.75,51.95,53.5,51.95, 53.00,52.95,52.81,2567163,1355.6,7622, 1447827, 56.40,2.32
DEN, EQ, 30-Jul-2024,56.52,56.44,57.3,56.0,56.2,56.35,56.75,2290668,1300.02,13483, 966430, 42.19,-0.3
DEN, EQ, 30-Aug-2021,47.0,47.4,47.8,46.35, 47.00,47.1,47.14,804261,379.14,3747, 451209, 56.10,0.21
DEN, EQ, 30-Aug-2022,36.45,36.75,37.8,36.2, 36.80,36.85,37.22,1867490,695.12,5988, 599951, 32.13,1.1
DEN, EQ, 30-Aug-2023,42.4,42.75,43.15,42.1, 42.25,42.25,42.59,1132927,482.49,4080, 547773, 48.35,-0.35
DEN, EQ, 30-Aug-2024,53.48,53.51,53.8,52.7,53.0,53.07,53.24,1698873,904.41,9243, 618177, 36.39,-0.77
DEN, EQ, 30-Sep-2020,70.15,71.55,72.5,69.3,71.95,71.7,70.91,53241,37.75,808, 27228, 51.14,2.21
DEN, EQ, 30-Sep-2021,48.75,49.0,49.0,47.9, 48.10,48.0,48.29,667413,322.32,3341, 392650, 58.83,-1.54
DEN, EQ, 30-Sep-2022,32.0,32.2,32.6,32.0, 32.40,32.5,32.34,320972,103.81,2183, 159221, 49.61,1.56
DEN, EQ, 30-Sep-2024,53.0,52.9,53.35,52.05,52.64,52.8,52.69,981331,517.08,5649, 370565, 37.76,-0.38
DEN, EQ, 30-Oct-2020,70.5,71.05,72.0,70.05, 71.00,71.05,70.67,98105,69.33,2048, 44476, 45.34,0.78
DEN, EQ, 30-Oct-2023,45.55,45.8,46.5,44.6, 46.45,46.35,45.61,1222970,557.77,4686, 340876, 27.87,1.76
DEN, EQ, 30-Oct-2024,44.5,44.56,47.7,44.31,47.33,47.13,46.83,2292633,1073.54,13114, 761419, 33.21,5.91
DEN, EQ, 30-Nov-2021,39.15,39.2,40.25,39.15,39.75,39.75,39.79,1060294,421.9,4786, 252118, 23.78,1.53
DEN, EQ, 30-Nov-2022,35.3,35.7,36.6,35.5,36.15,36.1,36.1,1570100,566.84,3802, 718622, 45.77,2.27
DEN, EQ, 30-Nov-2023,54.3,54.55,55.15,53.2, 54.65,54.75,54.23,2549937,1382.93,7849, 955123, 37.46,0.83
DEN, EQ, 30-Dec-2020,62.25,62.4,62.95,62.0,62.45,62.45,62.49,135393,84.6,2176, 71777, 53.01,0.32
DEN, EQ, 30-Dec-2021,41.5,41.5,42.25,41.25, 41.80,41.7,41.74,1119140,467.15,4303, 327939, 29.30,0.48
DEN, EQ, 30-Dec-2022,34.85,35.05,36.1,34.4,34.95,34.85,35.44,865931,306.85,3630, 273201, 31.55,0.0
DEN, EQ, 30-Dec-2024,41.43,41.49,41.68,40.55,40.57,40.66,41.09,620129,254.83,5367, 280821, 45.28,-1.86
DEN, EQ, 31-Jan-2020,51.35,51.5,52.25,50.5, 50.50,50.9,51.01,17167,8.76,169, 11055, 64.40,-0.88
DEN, EQ, 31-Jan-2022,42.6,43.0,43.2,41.75,41.9,41.85,42.29,1266853,535.69,4361, 736694, 58.15,-1.76
DEN, EQ, 31-Jan-2023,30.95,31.25,32.15,30.9,32.0,32.0,31.55,630003,198.78,4044, 247862, 39.34,3.39
DEN, EQ, 31-Jan-2024,61.65,61.95,62.3,60.75, 61.00,61.0,61.42,2514738,1544.44,8051, 1109865, 44.13,-1.05
DEN, EQ, 31-Jan-2025,39.08,39.0,39.55,38.73,39.37,39.44,39.19,729459,285.84,5450, 340095, 46.62,0.92
DEN, EQ, 31-Mar-2020,28.9,30.2,30.3,29.15,30.3,30.3,30.28,11946,3.62,113, 11079, 92.74,4.84
DEN, EQ, 31-Mar-2021,49.3,49.4,49.7,48.6, 49.60,49.25,49.32,5381875,2654.32,14159, 3928093, 72.99,-0.1
DEN, EQ, 31-Mar-2022,37.15,37.3,37.75,36.45, 36.65,36.9,37.34,1418836,529.72,4350, 563516, 39.72,-0.67
DEN, EQ, 31-Mar-2023,26.6,26.65,27.75,26.6, 27.00,26.8,27.21,1306044,355.32,3338, 712088, 54.52,0.75
DEN, EQ, 31-May-2021,50.9,51.25,53.25,51.05, 52.15,52.65,52.1,29444845,15342.23,54056, 8925156, 30.31,3.44
DEN, EQ, 31-May-2022,35.95,36.55,36.75,35.8, 36.10,36.25,36.24,409656,148.46,1753, 163971, 40.03,0.83
DEN, EQ, 31-May-2023,31.6,31.5,32.1,31.5, 32.00,31.9,31.77,513174,163.03,1816, 255372, 49.76,0.95
DEN, EQ, 31-May-2024,49.25,49.45,50.05,48.9,49.2,49.2,49.36,1094410,540.18,4977, 530147, 48.44,-0.1
DEN, EQ, 31-Jul-2020,82.05,84.5,84.9,77.95,78.55,78.3,79.78,371347,296.27,5086, 194923, 52.49,-4.57
DEN, EQ, 31-Jul-2023,42.15,42.7,43.15,41.75, 42.00,41.95,42.3,4048663,1712.54,11139, 2203647, 54.43,-0.47
DEN, EQ, 31-Jul-2024,56.35,56.75,58.9,56.43,57.58,57.59,57.76,4719121,2725.95,22965, 1583051, 33.55,2.2
DEN, EQ, 31-Aug-2020,79.85,81.0,81.0,75.9, 76.00,76.0,76.96,159507,122.75,2398, 97316, 61.01,-4.82
DEN, EQ, 31-Aug-2021,47.1,47.4,47.6,46.6,46.7,46.7,47.03,469465,220.81,2872, 245384, 52.27,-0.85
DEN, EQ, 31-Aug-2023,42.25,42.6,42.7,41.65, 41.85,41.8,42.04,1439611,605.19,4558, 746284, 51.84,-1.07
DEN, EQ, 31-Oct-2022,32.8,32.8,33.6,32.7,33.0,32.9,32.99,676623,223.21,3451, 289202, 42.74,0.3
DEN, EQ, 31-Oct-2023,46.35,46.45,47.6,46.1, 46.45,46.45,46.91,2736822,1283.73,6692, 707859, 25.86,0.22
DEN, EQ, 31-Oct-2024,47.13,47.14,48.57,46.9,47.96,48.13,47.53,1084252,515.4,6629, 384512, 35.46,2.12
DEN, EQ, 31-Dec-2020,62.45,62.45,62.95,61.8,62.25,62.1,62.37,223726,139.54,2582, 111154, 49.68,-0.56
DEN, EQ, 31-Dec-2021,41.7,42.05,42.65,41.85,42.1,42.05,42.15,1009754,425.64,3796, 356009, 35.26,0.84
DEN, EQ, 31-Dec-2024,40.66,40.55,45.0,40.43,44.0,43.64,42.35,1240749,525.42,8085, 598865, 48.27,7.33
