SYMBOL, SERIES, DATE1, PREV_CLOSE, OPEN_PRICE, HIGH_PRICE, LOW_PRICE, LAST_PRICE, CLOSE_PRICE, AVG_PRICE, TTL_TRD_QNTY, TURNOVER_LACS, NO_OF_TRADES, DELIV_QTY, DELIV_PER,PER_CHANGE
DMART, EQ, 01-Jan-2020,1838.35,1849.7,1867.0,1820.0, 1829.00,1828.5,1842.05,429407,7909.88,18482, 140343, 32.68,-0.54
DMART, EQ, 01-Jan-2021,2763.6,2767.0,2804.1,2747.0, 2780.00,2789.1,2780.51,432860,12035.72,24263, 87434, 20.20,0.92
DMART, EQ, 01-Jan-2024,4082.65,4075.0,4080.0,4042.1, 4065.00,4064.75,4064.09,131614,5348.91,18875, 81710, 62.08,-0.44
DMART, EQ, 01-Jan-2025,3561.85,3560.0,3586.95,3536.55,3562.0,3561.0,3562.2,241116,8589.04,30908, 124353, 51.57,-0.02
DMART, EQ, 01-Feb-2021,2651.5,2700.0,2894.0,2640.0, 2810.10,2812.0,2787.26,1120547,31232.52,73686, 478439, 42.70,6.05
DMART, EQ, 01-Feb-2022,4114.35,4133.2,4278.0,4092.0,4253.0,4225.6,4167.12,321735,13407.1,42681, 110001, 34.19,2.7
DMART, EQ, 01-Feb-2023,3502.3,3558.0,3580.0,3469.7, 3549.00,3551.35,3544.8,361698,12821.45,41015, 198517, 54.88,1.4
DMART, EQ, 01-Feb-2024,3792.7,3810.0,3826.6,3772.0, 3792.00,3808.2,3802.95,188297,7160.84,22581, 110306, 58.58,0.41
DMART, EQ, 01-Mar-2021,2994.2,3023.4,3024.15,2900.0, 2903.05,2908.45,2947.86,439920,12968.23,45554, 208598, 47.42,-2.86
DMART, EQ, 01-Mar-2023,3416.95,3441.4,3474.0,3431.05, 3445.00,3439.35,3449.92,145318,5013.36,20002, 73065, 50.28,0.66
DMART, EQ, 01-Mar-2024,3918.9,3925.0,3936.75,3867.0, 3896.25,3884.15,3886.01,261674,10168.67,36865, 155230, 59.32,-0.89
DMART, EQ, 01-Apr-2021,2859.05,2885.0,2925.0,2855.5, 2910.00,2912.7,2895.79,416624,12064.55,36076, 179583, 43.10,1.88
DMART, EQ, 01-Apr-2022,4003.35,4013.0,4093.0,4000.0, 4080.00,4082.2,4051.3,416596,16877.57,41730, 205722, 49.38,1.97
DMART, EQ, 01-Apr-2024,4525.6,4570.0,4592.0,4456.3, 4484.00,4483.3,4504.59,410983,18513.1,46285, 205331, 49.96,-0.93
DMART, EQ, 01-Apr-2025,4083.2,4109.75,4163.4,3994.6,4016.0,4003.6,4073.08,401323,16346.2,42130, 154467, 38.49,-1.95
DMART, EQ, 01-Jun-2020,2269.35,2320.1,2328.55,2282.65, 2304.00,2305.5,2305.49,448583,10342.03,62602, 304316, 67.84,1.59
DMART, EQ, 01-Jun-2021,3069.4,3071.05,3087.95,3030.8, 3048.00,3044.8,3054.4,180498,5513.14,17113, 73392, 40.66,-0.8
DMART, EQ, 01-Jun-2022,3972.8,3960.0,4039.0,3812.55,3884.0,3874.05,3888.78,620365,24124.62,72783, 136311, 21.97,-2.49
DMART, EQ, 01-Jun-2023,3471.25,3480.0,3527.0,3473.0, 3501.00,3500.9,3509.43,189632,6655.0,28344, 111390, 58.74,0.85
DMART, EQ, 01-Jul-2020,2317.15,2325.0,2327.0,2285.0, 2290.00,2289.35,2298.12,230105,5288.08,29820, 139825, 60.77,-1.2
DMART, EQ, 01-Jul-2021,3344.1,3373.7,3373.7,3305.0, 3323.00,3315.65,3336.51,155967,5203.86,17806, 64649, 41.45,-0.85
DMART, EQ, 01-Jul-2022,3406.1,3394.45,3406.65,3331.1,3395.0,3388.75,3372.64,311228,10496.59,48482, 143950, 46.25,-0.51
DMART, EQ, 01-Jul-2024,4716.75,4725.1,4754.45,4612.5,4721.9,4735.9,4693.69,642169,30141.4,55571, 371674, 57.88,0.41
DMART, EQ, 01-Aug-2022,4243.85,4251.95,4317.0,4246.5, 4310.00,4307.65,4298.06,399725,17180.43,45771, 149263, 37.34,1.5
DMART, EQ, 01-Aug-2023,3752.8,3758.95,3768.15,3716.2, 3744.00,3740.3,3740.29,212462,7946.7,25750, 143723, 67.65,-0.33
DMART, EQ, 01-Aug-2024,4935.95,4949.0,5008.0,4883.0,4990.0,4993.8,4947.06,202176,10001.76,29478, 100086, 49.50,1.17
DMART, EQ, 01-Sep-2020,2251.25,2244.0,2280.0,2202.0, 2240.00,2241.6,2238.89,623862,13967.61,33896, 289949, 46.48,-0.43
DMART, EQ, 01-Sep-2021,3954.8,3978.0,4015.0,3960.05,3963.0,3968.6,3977.14,249485,9922.37,26980, 142448, 57.10,0.35
DMART, EQ, 01-Sep-2022,4531.35,4494.0,4599.4,4462.0,4557.95,4565.85,4539.39,431835,19602.68,48336, 160361, 37.13,0.76
DMART, EQ, 01-Sep-2023,3720.4,3730.0,3765.0,3716.0, 3759.80,3761.05,3742.47,361003,13510.43,34195, 247260, 68.49,1.09
DMART, EQ, 01-Oct-2020,2203.15,2210.0,2242.0,2171.1, 2175.00,2184.8,2205.22,551443,12160.51,34328, 206094, 37.37,-0.83
DMART, EQ, 01-Oct-2021,4250.2,4250.0,4284.2,4220.1, 4242.00,4235.6,4241.88,203932,8650.55,38056, 137966, 67.65,-0.34
DMART, EQ, 01-Oct-2024,5096.3,5095.0,5138.0,4936.1,4959.0,4954.35,4989.19,562718,28075.06,78725, 376272, 66.87,-2.79
DMART, EQ, 01-Nov-2021,4635.45,4670.0,4708.0,4550.0, 4570.00,4564.75,4595.42,392446,18034.54,69416, 155648, 39.66,-1.53
DMART, EQ, 01-Nov-2022,4320.9,4329.0,4347.1,4232.55,4260.0,4247.5,4273.02,249229,10649.6,33889, 137413, 55.14,-1.7
DMART, EQ, 01-Nov-2023,3633.4,3637.5,3660.6,3621.0, 3628.05,3639.45,3643.6,242467,8834.52,18703, 185565, 76.53,0.17
DMART, EQ, 01-Dec-2020,2289.2,2330.0,2450.0,2315.0,2430.0,2426.7,2393.74,912165,21834.85,53795, 344535, 37.77,6.01
DMART, EQ, 01-Dec-2021,4710.9,4750.0,4848.0,4666.0,4698.0,4693.7,4748.76,374830,17799.77,56790, 151889, 40.52,-0.37
DMART, EQ, 01-Dec-2022,4025.5,4041.0,4064.0,4032.1,4047.0,4044.15,4048.13,255279,10334.02,30731, 153975, 60.32,0.46
DMART, EQ, 01-Dec-2023,3949.75,3969.65,3995.0,3931.15, 3985.00,3988.4,3969.64,380041,15086.26,50483, 227332, 59.82,0.98
DMART, EQ, 02-Jan-2020,1828.5,1831.0,1854.85,1815.0, 1826.95,1824.2,1834.58,459356,8427.26,26025, 182999, 39.84,-0.24
DMART, EQ, 02-Jan-2023,4068.75,4075.0,4117.95,4055.0, 4070.00,4072.75,4079.63,119118,4859.57,14245, 33298, 27.95,0.1
DMART, EQ, 02-Jan-2024,4064.75,4070.0,4155.0,4006.25, 4091.00,4103.35,4068.07,843252,34304.04,43456, 690879, 81.93,0.95
DMART, EQ, 02-Jan-2025,3561.0,3564.95,3635.0,3550.25,3615.3,3611.1,3602.98,566194,20399.88,47951, 367823, 64.96,1.41
DMART, EQ, 02-Feb-2021,2812.0,2820.5,2907.0,2781.7, 2865.00,2869.1,2857.62,837632,23936.34,51796, 345576, 41.26,2.03
DMART, EQ, 02-Feb-2022,4225.6,4274.3,4275.0,4211.0, 4228.00,4236.65,4235.28,249200,10554.33,41666, 103479, 41.52,0.26
DMART, EQ, 02-Feb-2023,3551.35,3547.0,3577.8,3485.0, 3506.00,3502.9,3513.96,222692,7825.32,30657, 110257, 49.51,-1.36
DMART, EQ, 02-Feb-2024,3808.2,3808.2,3815.0,3770.0, 3771.00,3784.3,3789.87,186318,7061.21,25854, 126263, 67.77,-0.63
DMART, EQ, 02-Mar-2020,2323.95,2335.0,2340.0,2220.0, 2225.00,2228.95,2252.44,2050214,46179.92,140583, 1176231, 57.37,-4.09
DMART, EQ, 02-Mar-2021,2908.45,2908.45,3106.0,2885.5,3089.0,3073.5,2992.78,721426,21590.68,64501, 241346, 33.45,5.67
DMART, EQ, 02-Mar-2022,4340.35,4299.95,4446.95,4270.0, 4292.00,4295.15,4358.35,479507,20898.59,60747, 151652, 31.63,-1.04
DMART, EQ, 02-Mar-2023,3439.35,3447.0,3450.0,3425.5, 3444.00,3443.2,3433.31,191133,6562.19,23414, 144467, 75.58,0.11
DMART, EQ, 02-Apr-2024,4483.3,4503.0,4563.0,4400.05, 4407.00,4411.85,4471.01,442907,19802.4,49326, 212374, 47.95,-1.59
DMART, EQ, 02-Apr-2025,4003.6,4045.0,4131.7,3996.0,4104.0,4121.45,4073.53,390709,15915.66,38694, 174889, 44.76,2.94
DMART, EQ, 02-May-2022,3944.25,3939.6,3997.8,3889.0,3989.0,3983.35,3935.93,265831,10462.92,42182, 143411, 53.95,0.99
DMART, EQ, 02-May-2023,3511.95,3515.0,3552.75,3504.65, 3549.00,3545.9,3537.29,237127,8387.87,28501, 131676, 55.53,0.97
DMART, EQ, 02-May-2024,4603.8,4609.95,4642.45,4578.0, 4605.00,4605.05,4602.63,256067,11785.81,34407, 151831, 59.29,0.03
DMART, EQ, 02-Jun-2020,2305.5,2309.1,2389.0,2290.05,2365.0,2381.7,2351.78,503206,11834.32,73803, 301273, 59.87,3.31
DMART, EQ, 02-Jun-2021,3044.8,3050.0,3093.3,3050.0, 3064.50,3066.2,3073.45,236968,7283.1,27439, 113137, 47.74,0.7
DMART, EQ, 02-Jun-2022,3874.05,3885.0,3927.55,3831.1,3869.6,3856.9,3881.78,302036,11724.36,33326, 66020, 21.86,-0.44
DMART, EQ, 02-Jun-2023,3500.9,3510.0,3555.0,3506.1, 3520.00,3531.6,3533.34,396067,13994.4,37674, 255654, 64.55,0.88
DMART, EQ, 02-Jul-2020,2289.35,2302.0,2325.0,2285.0, 2298.00,2295.5,2305.14,412115,9499.84,26293, 244477, 59.32,0.27
DMART, EQ, 02-Jul-2021,3315.65,3340.0,3342.75,3305.0,3318.0,3314.3,3318.27,262656,8715.64,17836, 159390, 60.68,-0.04
DMART, EQ, 02-Jul-2024,4735.9,4759.1,4825.25,4719.55,4782.0,4773.85,4766.31,360009,17159.14,41249, 180024, 50.01,0.8
DMART, EQ, 02-Aug-2021,3500.8,3524.8,3524.8,3486.0,3506.95,3502.4,3498.92,147600,5164.4,15733, 87577, 59.33,0.05
DMART, EQ, 02-Aug-2022,4307.65,4306.0,4306.0,4235.05,4250.0,4259.1,4255.87,311279,13247.63,35996, 138886, 44.62,-1.13
DMART, EQ, 02-Aug-2023,3740.3,3750.0,3779.9,3690.05, 3705.20,3713.4,3723.87,206748,7699.04,26349, 102048, 49.36,-0.72
DMART, EQ, 02-Aug-2024,4993.8,4950.0,5029.75,4890.15,4905.0,4909.7,4959.62,486355,24121.35,36662, 365235, 75.10,-1.68
DMART, EQ, 02-Sep-2020,2241.6,2247.85,2275.0,2212.05, 2221.80,2218.45,2233.6,590823,13196.6,37822, 426836, 72.24,-1.03
DMART, EQ, 02-Sep-2021,3968.6,3979.0,3984.45,3911.0, 3922.50,3917.65,3934.97,206216,8114.53,29040, 106649, 51.72,-1.28
DMART, EQ, 02-Sep-2022,4565.85,4572.9,4609.0,4511.0,4575.0,4576.8,4564.3,268702,12264.37,28896, 88803, 33.05,0.24
DMART, EQ, 02-Sep-2024,4927.45,4977.0,5023.95,4951.0,5000.0,4999.85,4981.71,290596,14476.65,45053, 173550, 59.72,1.47
DMART, EQ, 02-Nov-2020,2239.9,2240.0,2259.0,2163.0, 2181.90,2205.75,2235.03,397527,8884.86,37447, 144257, 36.29,-1.52
DMART, EQ, 02-Nov-2021,4564.75,4596.7,4666.8,4580.0, 4600.00,4597.05,4617.77,304774,14073.76,44221, 104793, 34.38,0.71
DMART, EQ, 02-Nov-2022,4247.5,4264.8,4268.0,4177.0,4193.0,4193.65,4206.55,254614,10710.47,28597, 136981, 53.80,-1.27
DMART, EQ, 02-Nov-2023,3639.45,3639.0,3677.95,3624.15, 3653.00,3647.45,3648.82,216100,7885.1,23295, 133763, 61.90,0.22
DMART, EQ, 02-Dec-2020,2426.7,2435.0,2473.0,2380.15, 2458.00,2456.0,2431.29,494720,12028.09,38277, 154653, 31.26,1.21
DMART, EQ, 02-Dec-2021,4693.7,4750.0,4794.55,4718.45, 4780.00,4782.95,4772.86,351343,16769.12,53149, 135552, 38.58,1.9
DMART, EQ, 02-Dec-2022,4044.15,4049.0,4055.0,3992.55, 4006.00,4005.75,4019.82,222148,8929.94,32843, 126750, 57.06,-0.95
DMART, EQ, 02-Dec-2024,3709.6,3715.45,3722.95,3622.7,3687.0,3678.4,3647.76,975522,35584.74,61432, 675372, 69.23,-0.84
DMART, EQ, 03-Jan-2020,1824.2,1827.0,1853.0,1827.0, 1839.60,1843.55,1841.76,394268,7261.46,26515, 132906, 33.71,1.06
DMART, EQ, 03-Jan-2022,4671.45,4770.0,4799.0,4701.2, 4709.00,4711.5,4738.93,534384,25324.06,76182, 222299, 41.60,0.86
DMART, EQ, 03-Jan-2023,4072.75,4072.75,4099.0,4044.0, 4064.00,4060.9,4075.11,114013,4646.16,14332, 47477, 41.64,-0.29
DMART, EQ, 03-Jan-2024,4103.35,4080.0,4080.0,3919.4, 3940.00,3932.35,3966.82,964470,38258.82,105162, 583810, 60.53,-4.17
DMART, EQ, 03-Jan-2025,3611.1,3840.0,4165.9,3820.0,4011.9,4025.2,4074.18,9284385,378262.3,403198, 2049286, 22.07,11.47
DMART, EQ, 03-Feb-2020,2072.05,2084.0,2157.7,2081.0, 2137.00,2131.65,2135.35,730661,15602.19,58450, 273220, 37.39,2.88
DMART, EQ, 03-Feb-2021,2869.1,2864.8,2945.75,2825.2, 2880.00,2877.0,2888.69,575810,16633.36,54866, 215444, 37.42,0.28
DMART, EQ, 03-Feb-2022,4236.65,4231.05,4235.0,4122.35, 4130.55,4140.0,4160.96,337719,14052.37,58828, 173940, 51.50,-2.28
DMART, EQ, 03-Feb-2023,3502.9,3517.65,3522.9,3465.0, 3469.50,3470.35,3487.28,322648,11251.64,40207, 206018, 63.85,-0.93
DMART, EQ, 03-Feb-2025,4023.75,3899.95,4090.0,3859.3,3939.05,3947.85,4006.22,1842880,73829.8,119914, 822972, 44.66,-1.89
DMART, EQ, 03-Mar-2020,2228.95,2228.0,2274.0,2172.95, 2239.00,2233.05,2227.96,1252459,27904.34,103367, 689649, 55.06,0.18
DMART, EQ, 03-Mar-2021,3073.5,3100.0,3179.0,3085.0,3160.0,3167.7,3149.75,675749,21284.42,44553, 291445, 43.13,3.06
DMART, EQ, 03-Mar-2022,4295.15,4370.0,4395.0,4253.9,4265.0,4276.5,4309.28,303425,13075.43,43680, 119253, 39.30,-0.43
DMART, EQ, 03-Mar-2023,3443.2,3460.45,3474.0,3420.4, 3461.00,3463.25,3445.9,264633,9118.98,34807, 166778, 63.02,0.58
DMART, EQ, 03-Mar-2025,3403.95,3425.0,3472.0,3340.0,3465.0,3453.2,3386.77,807297,27341.32,54384, 569362, 70.53,1.45
DMART, EQ, 03-Apr-2023,3401.05,3413.05,3580.0,3413.05, 3570.00,3553.75,3505.66,429164,15045.03,52640, 144629, 33.70,4.49
DMART, EQ, 03-Apr-2024,4411.85,4455.0,4494.45,4415.0, 4465.00,4460.9,4457.24,257333,11469.96,35963, 119429, 46.41,1.11
DMART, EQ, 03-Apr-2025,4121.45,4121.45,4195.5,4077.05,4155.0,4157.8,4148.12,426311,17683.91,55294, 180052, 42.23,0.88
DMART, EQ, 03-May-2021,2852.9,2845.0,2911.0,2822.9,2904.0,2898.65,2884.82,232238,6699.64,23884, 65196, 28.07,1.6
DMART, EQ, 03-May-2023,3545.9,3540.0,3584.8,3516.05,3550.0,3554.0,3560.44,195083,6945.81,23486, 82553, 42.32,0.23
DMART, EQ, 03-May-2024,4605.05,4626.95,4627.0,4545.05, 4618.45,4612.35,4591.6,436785,20055.42,30468, 342806, 78.48,0.16
DMART, EQ, 03-Jun-2020,2381.7,2390.0,2450.0,2330.0,2367.0,2349.3,2394.8,425477,10189.31,71794, 293618, 69.01,-1.36
DMART, EQ, 03-Jun-2021,3066.2,3080.0,3200.0,3075.3, 3194.00,3192.7,3160.77,820805,25943.73,51381, 297284, 36.22,4.13
DMART, EQ, 03-Jun-2022,3856.9,3888.0,3888.4,3768.0, 3810.00,3820.1,3815.51,349881,13349.75,40412, 116089, 33.18,-0.95
DMART, EQ, 03-Jun-2024,4302.15,4392.95,4400.0,4301.0,4346.0,4349.35,4353.27,279797,12180.32,46532, 118118, 42.22,1.1
DMART, EQ, 03-Jul-2020,2295.5,2305.0,2309.95,2276.05, 2295.00,2290.15,2286.49,369961,8459.12,30491, 247463, 66.89,-0.23
DMART, EQ, 03-Jul-2023,3889.2,3889.2,3948.0,3843.0, 3856.00,3868.6,3883.89,371884,14443.57,47006, 153128, 41.18,-0.53
DMART, EQ, 03-Jul-2024,4773.85,4760.0,4810.9,4700.7,4797.9,4792.9,4766.42,799111,38088.97,58301, 508252, 63.60,0.4
DMART, EQ, 03-Aug-2020,2063.45,2068.7,2112.7,2060.3,2077.35,2093.15,2085.49,554680,11567.82,45895, 307312, 55.40,1.44
DMART, EQ, 03-Aug-2021,3502.4,3508.0,3579.0,3504.0,3575.0,3566.25,3550.74,224336,7965.59,20707, 101425, 45.21,1.82
DMART, EQ, 03-Aug-2022,4259.1,4251.0,4298.0,4180.1, 4269.05,4253.15,4233.89,289000,12235.94,33033, 101467, 35.11,-0.14
DMART, EQ, 03-Aug-2023,3713.4,3713.4,3725.0,3675.0, 3703.00,3699.9,3699.72,168745,6243.09,25975, 106995, 63.41,-0.36
DMART, EQ, 03-Sep-2020,2218.45,2239.0,2324.3,2229.0, 2287.00,2278.4,2275.8,767034,17456.19,64840, 388526, 50.65,2.7
DMART, EQ, 03-Sep-2021,3917.65,3940.0,3961.7,3925.05, 3939.00,3938.9,3940.7,262989,10363.6,32029, 156154, 59.38,0.54
DMART, EQ, 03-Sep-2024,4999.85,5029.0,5039.8,4965.0,4981.0,4980.6,5008.0,222027,11119.12,38277, 136973, 61.69,-0.39
DMART, EQ, 03-Oct-2022,4386.55,4399.0,4465.85,4389.8,4438.1,4443.75,4439.81,296102,13146.37,33574, 130398, 44.04,1.3
DMART, EQ, 03-Oct-2023,3675.6,3675.4,3740.25,3616.0, 3734.00,3725.7,3678.09,235045,8645.17,29864, 112784, 47.98,1.36
DMART, EQ, 03-Oct-2024,4954.35,4924.55,5015.0,4881.0,4941.0,4942.6,4959.61,615247,30513.83,76674, 366933, 59.64,-0.24
DMART, EQ, 03-Nov-2020,2205.75,2203.8,2245.0,2180.0,2206.0,2209.05,2214.67,598460,13253.91,53364, 234215, 39.14,0.15
DMART, EQ, 03-Nov-2021,4597.05,4644.0,4790.0,4600.0, 4766.00,4741.3,4694.47,462222,21698.89,48395, 187349, 40.53,3.14
DMART, EQ, 03-Nov-2022,4193.65,4180.0,4230.0,4165.0,4197.0,4194.2,4192.27,153178,6421.63,19248, 67287, 43.93,0.01
DMART, EQ, 03-Nov-2023,3647.45,3667.6,3667.6,3621.25, 3650.00,3649.7,3652.67,316179,11548.97,15533, 239121, 75.63,0.06
DMART, EQ, 03-Dec-2020,2456.0,2460.1,2479.3,2440.0,2461.1,2470.85,2464.46,393025,9685.93,36873, 194173, 49.40,0.6
DMART, EQ, 03-Dec-2021,4782.95,4799.0,4850.0,4775.0, 4801.05,4799.05,4814.3,287731,13852.24,38793, 133088, 46.25,0.34
DMART, EQ, 03-Dec-2024,3678.4,3678.4,3853.1,3655.7,3846.0,3829.85,3774.51,979946,36988.16,87509, 413145, 42.16,4.12
DMART, EQ, 04-Jan-2021,2789.1,2808.0,2949.0,2805.0,2895.2,2898.45,2857.01,868534,24814.12,72608, 248202, 28.58,3.92
DMART, EQ, 04-Jan-2022,4711.5,4758.9,4758.9,4685.0, 4728.90,4726.95,4728.16,242287,11455.71,33829, 120631, 49.79,0.33
DMART, EQ, 04-Jan-2023,4060.9,4049.95,4049.95,3916.0, 3931.00,3924.2,3968.15,740436,29381.59,82103, 336792, 45.49,-3.37
DMART, EQ, 04-Jan-2024,3932.35,3965.0,3965.0,3888.0, 3903.95,3897.85,3906.3,754490,29472.64,68295, 579138, 76.76,-0.88
DMART, EQ, 04-Feb-2020,2131.65,2145.0,2172.9,2112.0, 2155.65,2155.3,2140.88,601931,12886.64,34077, 257338, 42.75,1.11
DMART, EQ, 04-Feb-2021,2877.0,2891.35,2975.0,2871.0, 2961.00,2959.85,2930.15,592418,17358.76,39848, 196020, 33.09,2.88
DMART, EQ, 04-Feb-2022,4140.0,4140.0,4140.2,4075.0, 4083.50,4081.9,4100.25,299981,12299.96,48901, 162025, 54.01,-1.4
DMART, EQ, 04-Feb-2025,3947.85,3954.95,4017.65,3890.0,3912.3,3919.85,3937.41,770272,30328.78,85806, 371034, 48.17,-0.71
DMART, EQ, 04-Mar-2021,3167.7,3129.9,3213.85,3115.0, 3141.00,3178.7,3167.29,635423,20125.7,45000, 283682, 44.64,0.35
DMART, EQ, 04-Mar-2022,4276.5,4260.2,4260.2,4075.05, 4099.00,4110.2,4166.16,437691,18234.91,59651, 173532, 39.65,-3.89
DMART, EQ, 04-Mar-2024,3868.25,3870.95,3878.65,3831.0, 3851.15,3846.35,3847.89,153055,5889.39,20849, 99861, 65.25,-0.57
DMART, EQ, 04-Mar-2025,3453.2,3429.7,3460.0,3400.0,3410.0,3408.4,3426.91,637407,21843.36,43277, 467580, 73.36,-1.3
DMART, EQ, 04-Apr-2022,4082.2,4120.0,4150.0,4076.15,4107.0,4106.65,4108.74,438581,18020.17,51950, 215954, 49.24,0.6
DMART, EQ, 04-Apr-2024,4460.9,4562.0,4715.0,4540.0, 4639.80,4645.05,4640.74,1564457,72602.35,143517, 526027, 33.62,4.13
DMART, EQ, 04-Apr-2025,4157.8,4155.0,4155.0,3943.0,4039.95,4039.9,4019.24,818952,32915.68,81013, 211572, 25.83,-2.84
DMART, EQ, 04-May-2021,2898.65,2908.0,2934.75,2845.0, 2855.00,2858.4,2887.23,239282,6908.62,26481, 83723, 34.99,-1.39
DMART, EQ, 04-May-2022,3983.35,4000.0,4023.95,3850.2,3878.0,3867.15,3908.79,270400,10569.36,40685, 144738, 53.53,-2.92
DMART, EQ, 04-May-2023,3554.0,3550.0,3589.0,3533.0, 3580.00,3584.5,3575.4,148562,5311.69,22059, 68372, 46.02,0.86
DMART, EQ, 04-Jun-2020,2349.3,2362.0,2434.0,2311.3,2427.0,2414.2,2384.84,363347,8665.25,54176, 245293, 67.51,2.76
DMART, EQ, 04-Jun-2021,3192.7,3222.0,3257.0,3170.0, 3200.00,3197.0,3218.43,393038,12649.65,36308, 118671, 30.19,0.13
DMART, EQ, 04-Jun-2024,4349.35,4399.0,4590.0,4355.65,4525.0,4548.75,4483.43,1093378,49020.88,115337, 460820, 42.15,4.58
DMART, EQ, 04-Jul-2022,3388.75,3530.0,3555.0,3460.0,3501.0,3495.5,3497.17,766616,26809.88,83780, 139935, 18.25,3.15
DMART, EQ, 04-Jul-2023,3868.6,3929.95,3929.95,3844.25, 3860.00,3857.2,3882.34,554478,21526.7,55574, 207521, 37.43,-0.29
DMART, EQ, 04-Jul-2024,4792.9,4785.1,4825.0,4725.0,4768.0,4768.1,4776.91,317759,15179.05,27103, 199042, 62.64,-0.52
DMART, EQ, 04-Aug-2020,2093.15,2093.15,2178.0,2090.0,2165.0,2165.1,2143.49,613848,13157.79,50615, 307056, 50.02,3.44
DMART, EQ, 04-Aug-2021,3566.25,3575.0,3609.0,3535.85,3601.55,3593.05,3575.74,197380,7057.81,18548, 96580, 48.93,0.75
DMART, EQ, 04-Aug-2022,4253.15,4268.0,4314.9,4175.0,4238.0,4239.1,4235.49,593274,25128.06,51294, 343535, 57.90,-0.33
DMART, EQ, 04-Aug-2023,3699.9,3699.9,3700.0,3640.0, 3656.90,3652.1,3663.77,482851,17690.57,45170, 347244, 71.92,-1.29
DMART, EQ, 04-Sep-2020,2278.4,2251.1,2367.85,2183.3,2259.95,2251.45,2317.07,1115594,25849.1,63933, 320734, 28.75,-1.18
DMART, EQ, 04-Sep-2023,3761.05,3771.95,3781.95,3739.1, 3750.00,3755.75,3756.79,145378,5461.54,21520, 69065, 47.51,-0.14
DMART, EQ, 04-Sep-2024,4980.6,4974.0,5109.0,4960.35,5100.2,5100.9,5049.61,319841,16150.71,35604, 199987, 62.53,2.42
DMART, EQ, 04-Oct-2021,4235.6,4393.95,4464.35,4232.2, 4258.00,4257.35,4293.62,906261,38911.39,106852, 400318, 44.17,0.51
DMART, EQ, 04-Oct-2022,4443.75,4600.0,4600.0,4460.55, 4480.00,4479.55,4509.24,605857,27319.54,73911, 221501, 36.56,0.81
DMART, EQ, 04-Oct-2023,3725.7,3760.0,3909.95,3760.0, 3860.00,3872.95,3850.85,1737108,66893.39,159060, 744502, 42.86,3.95
DMART, EQ, 04-Oct-2024,4942.6,4875.0,4875.0,4696.1,4725.0,4737.55,4771.97,2983666,142379.54,269617, 1898393, 63.63,-4.15
DMART, EQ, 04-Nov-2020,2209.05,2210.05,2300.0,2210.05,2293.0,2290.8,2268.0,698833,15849.55,42509, 281099, 40.22,3.7
DMART, EQ, 04-Nov-2022,4194.2,4200.0,4207.95,4150.0,4168.0,4167.35,4158.41,532072,22125.75,30680, 443053, 83.27,-0.64
DMART, EQ, 04-Nov-2024,4001.6,4000.75,4006.1,3899.65,3948.0,3945.85,3933.64,391414,15396.8,49376, 277831, 70.98,-1.39
DMART, EQ, 04-Dec-2020,2470.85,2469.95,2469.95,2415.55, 2433.00,2441.9,2437.73,310934,7579.72,30692, 101031, 32.49,-1.17
DMART, EQ, 04-Dec-2023,3988.4,4000.0,4049.0,3950.05, 3966.10,3967.1,3998.0,389629,15577.36,45957, 226060, 58.02,-0.53
DMART, EQ, 04-Dec-2024,3829.85,3850.0,3889.25,3801.05,3845.05,3850.1,3843.61,791735,30431.18,86465, 411439, 51.97,0.53
DMART, EQ, 05-Jan-2021,2898.45,2890.0,3064.0,2810.1, 3012.15,2991.15,2937.07,808892,23757.73,52025, 182433, 22.55,3.2
DMART, EQ, 05-Jan-2022,4726.95,4725.0,4725.0,4646.0, 4682.00,4687.4,4678.47,287948,13471.57,37216, 143576, 49.86,-0.84
DMART, EQ, 05-Jan-2023,3924.2,3955.0,3964.0,3845.5,3868.4,3857.8,3878.93,483903,18770.28,61715, 264008, 54.56,-1.69
DMART, EQ, 05-Jan-2024,3897.85,3902.0,3940.0,3810.0, 3880.00,3863.5,3867.98,513823,19874.55,48459, 311395, 60.60,-0.88
DMART, EQ, 05-Feb-2020,2155.3,2160.0,2274.0,2160.0, 2246.20,2248.9,2229.06,1100397,24528.55,54884, 326277, 29.65,4.34
DMART, EQ, 05-Feb-2021,2959.85,2959.95,2987.0,2922.85, 2935.95,2946.05,2958.45,349721,10346.31,35167, 84603, 24.19,-0.47
DMART, EQ, 05-Feb-2024,3784.3,3785.0,3791.55,3720.05, 3729.00,3729.6,3742.71,216052,8086.21,24647, 155391, 71.92,-1.45
DMART, EQ, 05-Feb-2025,3919.85,3910.0,4015.0,3841.0,3850.0,3865.7,3915.46,693767,27164.15,87917, 306950, 44.24,-1.38
DMART, EQ, 05-Mar-2021,3178.7,3130.0,3330.0,3120.0,3271.0,3286.1,3266.4,1535808,50165.58,121194, 429003, 27.93,3.38
DMART, EQ, 05-Mar-2024,3846.35,3830.0,3884.35,3811.3, 3830.05,3834.5,3850.32,185829,7155.02,26342, 113423, 61.04,-0.31
DMART, EQ, 05-Mar-2025,3408.4,3408.4,3505.0,3408.4,3482.9,3474.5,3469.6,417930,14500.5,37054, 262963, 62.92,1.94
DMART, EQ, 05-Apr-2021,2912.7,2890.0,2890.0,2793.0,2836.15,2846.95,2835.63,460926,13070.15,44321, 177128, 38.43,-2.26
DMART, EQ, 05-Apr-2022,4106.65,4138.75,4148.0,4100.0, 4110.00,4109.7,4125.4,277248,11437.6,34561, 142188, 51.29,0.07
DMART, EQ, 05-Apr-2023,3553.75,3571.95,3666.7,3565.05, 3656.00,3654.85,3636.58,481018,17492.61,50133, 176717, 36.74,2.84
DMART, EQ, 05-Apr-2024,4645.05,4645.0,4685.0,4557.0, 4639.85,4619.25,4615.2,418022,19292.53,59293, 196915, 47.11,-0.56
DMART, EQ, 05-May-2021,2858.4,2878.7,2889.6,2855.0, 2859.95,2874.4,2869.0,136956,3929.27,18475, 48693, 35.55,0.56
DMART, EQ, 05-May-2022,3867.15,3920.0,3980.0,3775.0, 3975.00,3943.8,3888.6,457770,17800.83,61087, 204060, 44.58,1.98
DMART, EQ, 05-May-2023,3584.5,3560.05,3605.0,3556.35, 3594.00,3598.2,3591.77,183726,6599.01,28491, 102554, 55.82,0.38
DMART, EQ, 05-Jun-2020,2414.2,2438.0,2524.0,2434.15, 2498.00,2499.0,2493.19,668802,16674.54,55908, 386520, 57.79,3.51
DMART, EQ, 05-Jun-2023,3531.6,3550.0,3555.0,3521.7, 3539.00,3536.85,3541.49,182062,6447.71,19759, 115132, 63.24,0.15
DMART, EQ, 05-Jun-2024,4548.75,4590.0,4900.0,4562.2,4855.0,4862.25,4766.58,1495770,71297.01,156460, 974291, 65.14,6.89
DMART, EQ, 05-Jul-2021,3314.3,3375.0,3395.0,3341.3, 3355.00,3360.65,3368.25,379870,12794.96,36226, 88928, 23.41,1.4
DMART, EQ, 05-Jul-2022,3495.5,3506.0,3657.65,3506.0,3648.0,3639.05,3610.81,859254,31026.06,80496, 181495, 21.12,4.11
DMART, EQ, 05-Jul-2023,3857.2,3880.0,3897.0,3801.2,3829.0,3820.1,3837.66,311494,11954.07,40075, 154664, 49.65,-0.96
DMART, EQ, 05-Jul-2024,4768.1,4768.85,4871.0,4742.8,4847.05,4853.1,4804.16,359691,17280.13,36747, 217123, 60.36,1.78
DMART, EQ, 05-Aug-2020,2165.1,2175.0,2189.95,2151.05,2153.0,2163.45,2171.52,503495,10933.47,33676, 215396, 42.78,-0.08
DMART, EQ, 05-Aug-2021,3593.05,3600.0,3624.45,3551.0,3570.0,3564.15,3583.18,117492,4209.95,14729, 50286, 42.80,-0.8
DMART, EQ, 05-Aug-2022,4239.1,4238.0,4295.0,4187.15,4230.7,4232.25,4239.0,528876,22419.05,58614, 263772, 49.87,-0.16
DMART, EQ, 05-Aug-2024,4909.7,4861.5,5010.0,4801.0,4810.0,4817.45,4889.92,715443,34984.59,62721, 441483, 61.71,-1.88
DMART, EQ, 05-Sep-2022,4576.8,4584.8,4606.15,4550.0, 4566.90,4577.45,4580.21,216543,9918.13,26429, 106941, 49.39,0.01
DMART, EQ, 05-Sep-2023,3755.75,3759.95,3794.95,3727.7, 3775.00,3776.9,3755.6,232853,8745.03,21824, 143733, 61.73,0.56
DMART, EQ, 05-Sep-2024,5100.9,5084.1,5361.15,5077.1,5270.05,5308.15,5249.1,1323435,69468.49,119558, 658381, 49.75,4.06
DMART, EQ, 05-Oct-2020,2184.8,2192.95,2197.15,2104.0, 2113.00,2110.45,2134.87,438928,9370.55,40106, 231853, 52.82,-3.4
DMART, EQ, 05-Oct-2021,4257.35,4284.0,4284.0,4246.85, 4257.10,4257.3,4262.56,242566,10339.53,37591, 146464, 60.38,-0.0
DMART, EQ, 05-Oct-2023,3872.95,3880.0,3938.4,3842.05, 3848.65,3861.5,3897.1,607632,23680.04,58167, 265911, 43.76,-0.3
DMART, EQ, 05-Nov-2020,2290.8,2202.5,2325.45,2202.5, 2270.00,2281.95,2297.51,600284,13791.59,37664, 217873, 36.29,-0.39
DMART, EQ, 05-Nov-2024,3945.85,3945.85,3958.85,3905.05,3930.8,3926.55,3929.35,353931,13907.18,40834, 243201, 68.71,-0.49
DMART, EQ, 05-Dec-2022,4005.75,4010.0,4049.95,3975.0, 4029.00,4028.15,4006.31,217716,8722.38,31136, 118631, 54.49,0.56
DMART, EQ, 05-Dec-2023,3967.1,3950.0,4041.0,3949.0, 4036.00,4039.55,4018.24,443420,17817.66,38558, 284584, 64.18,1.83
DMART, EQ, 05-Dec-2024,3850.1,3865.0,3882.0,3822.7,3878.1,3863.95,3849.02,467723,18002.75,41339, 289454, 61.89,0.36
DMART, EQ, 06-Jan-2020,1843.55,1827.0,1829.0,1780.0, 1787.00,1789.9,1800.69,398623,7177.97,25358, 171592, 43.05,-2.91
DMART, EQ, 06-Jan-2021,2991.15,3006.45,3100.0,2832.8, 2940.00,2914.95,2995.1,1112886,33332.03,86076, 319077, 28.67,-2.55
DMART, EQ, 06-Jan-2022,4687.4,4669.1,4716.0,4642.65, 4705.00,4705.65,4699.22,361505,16987.91,31664, 230635, 63.80,0.39
DMART, EQ, 06-Jan-2023,3857.8,3870.0,3930.0,3835.0,3845.0,3842.5,3867.52,345746,13371.81,44751, 118424, 34.25,-0.4
DMART, EQ, 06-Jan-2025,4025.2,4025.2,4061.75,3920.1,3929.0,3934.75,3986.08,889155,35442.45,86875, 275431, 30.98,-2.25
DMART, EQ, 06-Feb-2020,2248.9,2255.0,2360.0,2255.0, 2288.35,2294.35,2322.98,1760624,40898.9,83237, 790445, 44.90,2.02
DMART, EQ, 06-Feb-2023,3470.35,3476.5,3488.4,3432.0, 3448.00,3441.5,3444.08,314363,10826.93,39134, 211933, 67.42,-0.83
DMART, EQ, 06-Feb-2024,3729.6,3730.0,3737.7,3702.05, 3737.00,3727.4,3719.67,148110,5509.21,22162, 98040, 66.19,-0.06
DMART, EQ, 06-Feb-2025,3865.7,3905.0,3905.0,3724.05,3750.0,3748.45,3775.69,400410,15118.26,57685, 139076, 34.73,-3.03
DMART, EQ, 06-Mar-2023,3463.25,3480.6,3482.9,3423.2, 3451.00,3437.15,3451.25,189782,6549.85,39726, 109387, 57.64,-0.75
DMART, EQ, 06-Mar-2024,3834.5,3834.5,3895.0,3825.15, 3892.00,3888.65,3870.48,308886,11955.39,40993, 193382, 62.61,1.41
DMART, EQ, 06-Mar-2025,3474.5,3505.0,3552.0,3475.0,3550.0,3540.5,3506.42,797590,27966.85,38845, 549607, 68.91,1.9
DMART, EQ, 06-Apr-2021,2846.95,2873.0,2878.1,2826.1,2851.0,2843.65,2853.22,342977,9785.88,33877, 88527, 25.81,-0.12
DMART, EQ, 06-Apr-2022,4109.7,4090.0,4139.8,4085.6, 4104.00,4101.9,4103.76,218183,8953.7,31766, 112958, 51.77,-0.19
DMART, EQ, 06-Apr-2023,3654.85,3644.85,3644.85,3480.1, 3488.00,3496.1,3524.22,886236,31232.87,83386, 375130, 42.33,-4.34
DMART, EQ, 06-May-2021,2874.4,2874.95,2895.0,2850.5, 2878.00,2878.15,2874.71,158581,4558.75,11605, 63180, 39.84,0.13
DMART, EQ, 06-May-2022,3943.8,3866.0,3889.65,3602.15,3720.0,3666.2,3735.33,858787,32078.49,110844, 468243, 54.52,-7.04
DMART, EQ, 06-May-2024,4612.35,4620.0,4739.9,4576.0,4589.85,4600.6,4616.79,643041,29687.84,56698, 361899, 56.28,-0.25
DMART, EQ, 06-Jun-2022,3820.1,3800.0,3800.0,3675.0,3729.0,3734.75,3730.58,295307,11016.65,43858, 85064, 28.81,-2.23
DMART, EQ, 06-Jun-2023,3536.85,3536.0,3565.0,3495.05,3536.0,3527.75,3533.24,179039,6325.88,25945, 110870, 61.93,-0.26
DMART, EQ, 06-Jun-2024,4862.25,4861.95,4861.95,4675.25,4700.0,4687.05,4750.76,664303,31559.47,71495, 391341, 58.91,-3.6
DMART, EQ, 06-Jul-2020,2290.15,2296.0,2355.0,2296.0, 2313.45,2323.0,2329.02,408632,9517.14,53140, 216893, 53.08,1.43
DMART, EQ, 06-Jul-2021,3360.65,3366.0,3425.0,3332.0, 3370.05,3364.6,3388.69,336459,11401.56,29533, 100255, 29.80,0.12
DMART, EQ, 06-Jul-2022,3639.05,3650.0,3830.0,3650.0,3825.0,3792.0,3753.26,751853,28219.02,71948, 159501, 21.21,4.2
DMART, EQ, 06-Jul-2023,3820.1,3844.0,3850.0,3810.0,3817.9,3815.9,3826.03,247801,9480.95,27247, 141230, 56.99,-0.11
DMART, EQ, 06-Aug-2020,2163.45,2170.0,2191.95,2135.65,2149.0,2150.55,2154.48,637780,13740.87,38466, 383187, 60.08,-0.6
DMART, EQ, 06-Aug-2021,3564.15,3569.0,3593.0,3520.0, 3528.00,3529.2,3549.28,128769,4570.37,15469, 59039, 45.85,-0.98
DMART, EQ, 06-Aug-2024,4817.45,4818.15,5045.25,4818.15,4900.0,4909.9,4972.21,798720,39714.07,66386, 341561, 42.76,1.92
DMART, EQ, 06-Sep-2021,3938.9,3959.9,3960.0,3902.2,3924.0,3921.3,3929.05,227165,8925.42,25272, 127467, 56.11,-0.45
DMART, EQ, 06-Sep-2022,4577.45,4599.0,4603.95,4531.0, 4548.00,4557.1,4571.15,258981,11838.4,30302, 146073, 56.40,-0.44
DMART, EQ, 06-Sep-2023,3776.9,3777.0,3810.2,3760.5, 3790.00,3796.8,3791.75,224923,8528.52,34873, 118288, 52.59,0.53
DMART, EQ, 06-Sep-2024,5308.15,5293.0,5354.55,5202.0,5309.8,5303.45,5292.14,721164,38164.98,71590, 390735, 54.18,-0.09
DMART, EQ, 06-Oct-2020,2110.45,2135.75,2135.75,2066.0,2085.0,2083.05,2088.57,453730,9476.47,32139, 228275, 50.31,-1.3
DMART, EQ, 06-Oct-2021,4257.3,4292.15,4295.0,4205.0, 4210.15,4218.55,4243.04,301394,12788.26,43590, 210412, 69.81,-0.91
DMART, EQ, 06-Oct-2022,4479.55,4540.0,4540.0,4400.0, 4415.00,4413.85,4460.73,326251,14553.16,47890, 150800, 46.22,-1.47
DMART, EQ, 06-Oct-2023,3861.5,3860.0,3890.8,3786.75, 3830.00,3833.95,3841.46,345055,13255.16,34293, 143111, 41.47,-0.71
DMART, EQ, 06-Nov-2020,2281.95,2281.95,2303.25,2243.45, 2291.00,2294.6,2276.33,445989,10152.17,34195, 142105, 31.86,0.55
DMART, EQ, 06-Nov-2023,3649.7,3654.55,3692.9,3635.3, 3649.25,3649.55,3652.74,277254,10127.37,35876, 202615, 73.08,-0.0
DMART, EQ, 06-Nov-2024,3926.55,3925.0,3950.0,3915.65,3927.0,3922.3,3926.23,357725,14045.1,73888, 238887, 66.78,-0.11
DMART, EQ, 06-Dec-2021,4799.05,4820.0,4821.95,4580.0, 4608.00,4593.45,4674.77,466595,21812.24,56054, 246435, 52.82,-4.28
DMART, EQ, 06-Dec-2022,4028.15,4018.0,4094.0,3995.0, 4094.00,4063.4,4036.94,224614,9067.53,37352, 119810, 53.34,0.88
DMART, EQ, 06-Dec-2023,4039.55,4039.55,4175.0,4039.0, 4153.00,4137.15,4123.89,861085,35510.2,70238, 495511, 57.54,2.42
DMART, EQ, 06-Dec-2024,3863.95,3889.0,3920.45,3784.05,3806.0,3805.55,3833.27,1141350,43750.99,102767, 652161, 57.14,-1.51
DMART, EQ, 07-Jan-2020,1789.9,1805.0,1837.5,1805.0, 1810.00,1815.75,1821.45,459172,8363.57,39558, 183101, 39.88,1.44
DMART, EQ, 07-Jan-2021,2914.95,2971.7,3008.0,2880.0, 2910.00,2921.45,2941.77,872261,25659.93,73546, 260420, 29.86,0.22
DMART, EQ, 07-Jan-2022,4705.65,4715.0,4748.0,4696.15,4744.95,4731.35,4725.09,301517,14246.94,34502, 159203, 52.80,0.55
DMART, EQ, 07-Jan-2025,3934.75,3934.0,3958.95,3820.0,3828.0,3830.3,3895.71,672094,26182.85,66549, 332256, 49.44,-2.65
DMART, EQ, 07-Feb-2020,2294.35,2295.0,2330.0,2270.0, 2281.50,2287.2,2293.51,917281,21037.98,81688, 531767, 57.97,-0.31
DMART, EQ, 07-Feb-2022,4081.9,4090.0,4146.8,4045.2, 4070.00,4073.55,4094.1,288091,11794.75,42750, 133514, 46.34,-0.2
DMART, EQ, 07-Feb-2023,3441.5,3471.5,3475.0,3438.95, 3444.90,3440.9,3448.25,369288,12733.97,28932, 240851, 65.22,-0.02
DMART, EQ, 07-Feb-2024,3727.4,3759.0,3785.0,3703.0, 3716.00,3717.7,3722.21,173087,6442.66,22707, 116941, 67.56,-0.26
DMART, EQ, 07-Feb-2025,3748.45,3750.0,3764.1,3695.4,3748.3,3743.5,3731.31,301644,11255.29,45377, 146781, 48.66,-0.13
DMART, EQ, 07-Mar-2022,4110.2,4001.0,4175.0,3970.8, 3995.80,3991.65,4055.87,694633,28173.4,94320,302337,43.52,-2.88
DMART, EQ, 07-Mar-2024,3888.65,3888.65,3942.65,3877.2, 3923.00,3925.95,3916.56,330459,12942.61,44335, 205627, 62.22,0.96
DMART, EQ, 07-Mar-2025,3540.5,3568.0,3636.3,3549.95,3585.0,3593.6,3599.7,681832,24543.92,45301, 392769, 57.60,1.5
DMART, EQ, 07-Apr-2021,2843.65,2855.0,2900.0,2835.0,2880.0,2890.65,2873.42,334645,9615.76,23967, 109575, 32.74,1.65
DMART, EQ, 07-Apr-2022,4101.9,4099.9,4244.0,4092.0,4149.9,4159.7,4193.03,979784,41082.63,96822, 433561, 44.25,1.41
DMART, EQ, 07-Apr-2025,4039.9,3761.2,4037.1,3761.2,4033.0,4023.15,3958.25,472568,18705.41,63382, 143130, 30.29,-0.41
DMART, EQ, 07-May-2021,2878.15,2880.0,2955.0,2855.5, 2880.00,2895.5,2910.26,365600,10639.92,28539, 104345, 28.54,0.6
DMART, EQ, 07-May-2024,4600.6,4619.95,4698.0,4581.0,4656.0,4660.45,4656.24,431030,20069.77,42607, 262125, 60.81,1.3
DMART, EQ, 07-Jun-2021,3197.0,3219.95,3221.6,3175.05, 3176.50,3188.95,3196.72,196757,6289.76,19822, 75376, 38.31,-0.25
DMART, EQ, 07-Jun-2022,3734.75,3704.0,3778.8,3652.05,3721.0,3726.7,3727.12,301552,11239.21,35890, 64158, 21.28,-0.22
DMART, EQ, 07-Jun-2023,3527.75,3536.0,3550.0,3516.05, 3548.50,3544.05,3540.59,228651,8095.61,22590, 164078, 71.76,0.46
DMART, EQ, 07-Jun-2024,4687.05,4700.0,4806.35,4690.75,4743.0,4747.25,4737.86,352969,16723.17,45372, 159253, 45.12,1.28
DMART, EQ, 07-Jul-2020,2323.0,2313.1,2381.0,2305.0, 2376.00,2361.7,2336.24,412871,9645.67,43992, 246654, 59.74,1.67
DMART, EQ, 07-Jul-2021,3364.6,3366.0,3402.0,3326.0, 3400.00,3396.4,3372.19,276021,9307.95,30388, 121851, 44.15,0.95
DMART, EQ, 07-Jul-2022,3792.0,3870.0,3935.6,3830.0, 3835.00,3850.95,3863.79,463192,17896.78,47403, 86082, 18.58,1.55
DMART, EQ, 07-Jul-2023,3815.9,3818.0,3844.0,3800.0, 3820.00,3808.95,3823.27,206827,7907.56,28579, 86200, 41.68,-0.18
DMART, EQ, 07-Aug-2020,2150.55,2170.0,2176.4,2133.0,2136.05,2138.4,2145.13,354664,7608.0,19513, 220052, 62.05,-0.56
DMART, EQ, 07-Aug-2023,3652.1,3661.9,3671.25,3630.05, 3639.90,3640.35,3643.06,340841,12417.04,22268, 255947, 75.09,-0.32
DMART, EQ, 07-Aug-2024,4909.9,4960.0,5063.55,4954.45,5018.4,5018.5,5017.81,322153,16165.03,42917, 197237, 61.22,2.21
DMART, EQ, 07-Sep-2020,2251.45,2270.0,2278.25,2240.15, 2263.15,2261.4,2255.57,517068,11662.86,37809, 297807, 57.60,0.44
DMART, EQ, 07-Sep-2021,3921.3,3938.0,3963.7,3875.1, 3930.00,3937.55,3921.75,357260,14010.86,33576, 160268, 44.86,0.41
DMART, EQ, 07-Sep-2022,4557.1,4532.0,4548.0,4402.3, 4460.00,4426.3,4477.83,322460,14439.2,40994, 161885, 50.20,-2.87
DMART, EQ, 07-Sep-2023,3796.8,3815.0,3856.8,3770.0, 3780.00,3785.1,3813.26,443562,16914.15,55489, 237600, 53.57,-0.31
DMART, EQ, 07-Oct-2020,2083.05,2092.95,2108.7,2047.0,2068.0,2066.1,2061.3,598378,12334.36,39606, 338151, 56.51,-0.81
DMART, EQ, 07-Oct-2021,4218.55,4254.95,4337.0,4251.0, 4310.00,4311.7,4304.65,570321,24550.31,47971, 296561, 52.00,2.21
DMART, EQ, 07-Oct-2022,4413.85,4435.95,4482.0,4411.25, 4465.50,4471.45,4450.6,213203,9488.81,27095, 71168, 33.38,1.3
DMART, EQ, 07-Oct-2024,4737.55,4741.0,4752.9,4518.0,4534.0,4544.15,4561.36,1864971,85068.08,182627, 1280396, 68.66,-4.08
DMART, EQ, 07-Nov-2022,4167.35,4188.8,4214.1,4140.5,4169.0,4173.5,4167.76,395435,16480.79,37716, 295016, 74.61,0.15
DMART, EQ, 07-Nov-2023,3649.55,3649.5,3667.95,3636.0, 3655.10,3653.3,3648.96,287032,10473.68,23881, 225238, 78.47,0.1
DMART, EQ, 07-Nov-2024,3922.3,3940.0,3943.2,3871.0,3872.35,3889.1,3899.61,279832,10912.35,51312, 196242, 70.13,-0.85
DMART, EQ, 07-Dec-2020,2441.9,2441.9,2540.5,2413.0, 2518.00,2526.45,2506.12,918509,23018.95,53852, 344200, 37.47,3.46
DMART, EQ, 07-Dec-2021,4593.45,4674.7,4719.0,4611.0,4672.6,4660.65,4667.57,435517,20328.06,43064, 174074, 39.97,1.46
DMART, EQ, 07-Dec-2022,4063.4,4080.0,4100.0,4045.15, 4092.00,4083.15,4076.88,257217,10486.42,30489, 143231, 55.68,0.49
DMART, EQ, 07-Dec-2023,4137.15,4140.05,4206.0,4095.0, 4124.00,4115.45,4123.81,414582,17096.57,34000, 251724, 60.72,-0.52
DMART, EQ, 08-Jan-2020,1815.75,1793.0,1837.05,1785.1, 1831.00,1829.05,1817.1,352087,6397.77,28612, 125667, 35.69,0.73
DMART, EQ, 08-Jan-2021,2921.45,2949.9,2999.0,2932.25, 2958.00,2967.5,2960.75,742344,21978.96,58008, 383247, 51.63,1.58
DMART, EQ, 08-Jan-2024,3863.5,3893.95,3919.9,3791.0, 3814.50,3804.4,3835.04,692896,26572.84,54922, 504742, 72.85,-1.53
DMART, EQ, 08-Jan-2025,3830.3,3857.0,3873.95,3761.8,3842.0,3843.0,3817.65,849681,32437.89,67715, 431896, 50.83,0.33
DMART, EQ, 08-Feb-2021,2946.05,2948.0,3009.0,2910.5, 3005.00,2984.4,2956.83,442778,13092.19,36415, 162576, 36.72,1.3
DMART, EQ, 08-Feb-2022,4073.55,4098.9,4128.95,3995.0,4015.0,4015.0,4051.08,456874,18508.31,68449, 268512, 58.77,-1.44
DMART, EQ, 08-Feb-2023,3440.9,3449.0,3510.0,3446.05, 3462.00,3458.6,3473.37,217382,7550.48,25602, 113980, 52.43,0.51
DMART, EQ, 08-Feb-2024,3717.7,3718.95,3787.95,3715.0, 3729.90,3731.05,3750.72,261689,9815.21,33232, 160690, 61.40,0.36
DMART, EQ, 08-Mar-2021,3286.1,3309.0,3309.0,3170.0, 3190.00,3191.15,3238.54,406746,13172.64,40492, 122388, 30.09,-2.89
DMART, EQ, 08-Mar-2022,3991.65,4016.0,4160.0,3992.4, 4135.50,4124.0,4055.05,713004,28912.66,87277, 363041, 50.92,3.32
DMART, EQ, 08-Mar-2023,3437.15,3439.75,3453.0,3380.5, 3390.00,3389.7,3405.19,355089,12091.44,50975, 216969, 61.10,-1.38
DMART, EQ, 08-Apr-2021,2890.65,2899.65,2945.0,2890.65, 2932.90,2936.5,2931.09,478173,14015.67,32684, 190894, 39.92,1.59
DMART, EQ, 08-Apr-2022,4159.7,4165.0,4208.0,4118.0, 4133.90,4146.25,4163.11,358035,14905.38,40420, 171629, 47.94,-0.32
DMART, EQ, 08-Apr-2024,4619.25,4648.15,4748.0,4640.0, 4660.00,4672.8,4699.65,461322,21680.54,50443, 207556, 44.99,1.16
DMART, EQ, 08-Apr-2025,4023.15,4079.0,4100.0,4020.0,4055.0,4053.85,4063.0,552578,22451.25,54313, 311986, 56.46,0.76
DMART, EQ, 08-May-2023,3598.2,3615.1,3690.0,3610.0, 3686.00,3677.85,3659.94,313499,11473.88,33333, 186769, 59.58,2.21
DMART, EQ, 08-May-2024,4660.45,4674.8,4863.8,4670.0,4801.0,4806.75,4762.05,829723,39511.85,63012, 502862, 60.61,3.14
DMART, EQ, 08-Jun-2020,2499.0,2520.0,2527.0,2414.2, 2454.95,2459.5,2468.17,322706,7964.94,42302, 200736, 62.20,-1.58
DMART, EQ, 08-Jun-2021,3188.95,3200.0,3210.0,3165.0, 3180.00,3179.8,3185.51,171578,5465.63,15870, 75071, 43.75,-0.29
DMART, EQ, 08-Jun-2022,3726.7,3765.0,3771.0,3700.0,3720.0,3739.4,3732.92,250665,9357.13,37710, 69926, 27.90,0.34
DMART, EQ, 08-Jun-2023,3544.05,3554.8,3572.7,3535.0, 3545.00,3546.8,3556.7,185099,6583.42,25284, 108992, 58.88,0.08
DMART, EQ, 08-Jul-2020,2361.7,2385.0,2385.3,2300.45,2316.9,2319.55,2335.38,491069,11468.3,40518, 326898, 66.57,-1.78
DMART, EQ, 08-Jul-2021,3396.4,3400.0,3420.0,3368.0, 3389.90,3389.2,3393.38,184898,6274.3,19749, 72639, 39.29,-0.21
DMART, EQ, 08-Jul-2022,3850.95,3868.4,3974.0,3851.1,3955.0,3941.7,3905.1,568785,22211.64,62143, 158403, 27.85,2.36
DMART, EQ, 08-Jul-2024,4853.1,4860.0,4935.2,4820.0,4836.0,4851.55,4884.05,706765,34518.74,40990, 514530, 72.80,-0.03
DMART, EQ, 08-Aug-2022,4232.25,4237.4,4267.4,4233.0,4249.9,4250.05,4249.82,200014,8500.23,21064,109316,54.65,0.42
DMART, EQ, 08-Aug-2023,3640.35,3660.0,3686.7,3635.0, 3643.00,3648.45,3662.25,269119,9855.8,28911, 183724, 68.27,0.22
DMART, EQ, 08-Aug-2024,5018.5,5049.95,5063.9,4942.0,5000.0,4980.1,5000.28,348300,17415.96,49175, 214216, 61.50,-0.77
DMART, EQ, 08-Sep-2020,2261.4,2263.15,2297.85,2235.05, 2245.00,2246.6,2259.2,1234869,27898.2,27276, 1032737, 83.63,-0.65
DMART, EQ, 08-Sep-2021,3937.55,3945.0,3977.0,3921.1, 3926.00,3932.95,3951.64,462531,18277.56,32954, 225778, 48.81,-0.12
DMART, EQ, 08-Sep-2022,4426.3,4499.0,4499.0,4390.0, 4419.90,4406.05,4432.19,214781,9519.5,25852, 106657, 49.66,-0.46
DMART, EQ, 08-Sep-2023,3785.1,3820.0,3825.0,3776.0, 3783.05,3782.4,3791.06,155200,5883.72,18327, 85741, 55.25,-0.07
DMART, EQ, 08-Oct-2020,2066.1,2085.0,2090.0,2045.05,2067.7,2065.35,2059.21,387440,7978.19,31387, 208863, 53.91,-0.04
DMART, EQ, 08-Oct-2021,4311.7,4326.4,4421.95,4299.05, 4400.00,4407.95,4372.51,314758,13762.84,32012, 143595, 45.62,2.23
DMART, EQ, 08-Oct-2024,4544.15,4544.15,4619.9,4435.0,4482.95,4465.45,4496.01,1009173,45372.48,106711, 653955, 64.80,-1.73
DMART, EQ, 08-Nov-2021,4783.7,4783.0,4867.3,4720.0, 4752.60,4748.5,4757.6,340161,16183.49,48218, 140043, 41.17,-0.74
DMART, EQ, 08-Nov-2023,3653.3,3658.0,3727.95,3658.0, 3726.80,3712.4,3690.15,246719,9104.31,23204, 180413, 73.12,1.62
DMART, EQ, 08-Nov-2024,3889.1,3873.05,3910.1,3860.15, 3878.00,3874.5,3874.92,428073,16587.47,34604, 314580, 73.49,-0.38
DMART, EQ, 08-Dec-2020,2526.45,2530.0,2689.0,2520.0,2678.05,2652.1,2609.18,2106893,54972.54,112437, 519098, 24.64,4.97
DMART, EQ, 08-Dec-2021,4660.65,4708.2,4842.0,4708.2,4818.0,4814.6,4784.48,763280,36518.97,72921, 323607, 42.40,3.3
DMART, EQ, 08-Dec-2022,4083.15,4090.0,4090.0,4015.4, 4032.75,4037.2,4042.11,177556,7177.0,26318, 95213, 53.62,-1.13
DMART, EQ, 08-Dec-2023,4115.45,4155.95,4170.0,4027.65, 4065.00,4070.65,4109.53,495575,20365.82,47713, 317477, 64.06,-1.09
DMART, EQ, 09-Jan-2020,1829.05,1850.0,1904.0,1826.6, 1877.00,1880.55,1868.92,1572364,29386.3,61358, 590970, 37.58,2.82
DMART, EQ, 09-Jan-2023,3842.5,3905.8,3915.0,3855.55,3880.0,3879.55,3887.71,280205,10893.55,34828, 133081, 47.49,0.96
DMART, EQ, 09-Jan-2024,3804.4,3810.1,3850.0,3787.0,3818.95,3810.75,3805.11,440688,16768.65,43380, 318714, 72.32,0.17
DMART, EQ, 09-Jan-2025,3843.0,3853.5,3860.0,3790.1,3811.35,3813.8,3813.89,727974,27764.1,47424, 498514, 68.48,-0.76
DMART, EQ, 09-Feb-2021,2984.4,3005.0,3007.9,2900.0, 2914.00,2925.0,2955.84,281240,8313.0,25215, 113276, 40.28,-1.99
DMART, EQ, 09-Feb-2022,4015.0,4078.7,4078.7,3983.0, 4002.40,4002.1,4015.8,380364,15274.66,63079, 171157, 45.00,-0.32
DMART, EQ, 09-Feb-2023,3458.6,3469.65,3544.15,3465.15, 3494.95,3482.05,3503.29,372567,13052.1,34711, 160793, 43.16,0.68
DMART, EQ, 09-Feb-2024,3731.05,3732.15,3758.0,3699.0, 3723.00,3719.2,3726.93,306425,11420.24,21085, 246640, 80.49,-0.32
DMART, EQ, 09-Mar-2021,3191.15,3196.0,3254.25,3120.15, 3144.90,3151.85,3173.63,423685,13446.21,36899, 120774, 28.51,-1.23
DMART, EQ, 09-Mar-2022,4124.0,4155.0,4172.9,4071.1, 4090.00,4096.7,4133.17,395071,16328.97,66042, 180713, 45.74,-0.66
DMART, EQ, 09-Mar-2023,3389.7,3393.0,3413.3,3385.0, 3402.90,3397.85,3399.16,389606,13243.35,30943, 299110, 76.77,0.24
DMART, EQ, 09-Apr-2021,2936.5,2937.1,2973.35,2917.25,2940.0,2947.75,2934.22,808884,23734.43,30133, 544327, 67.29,0.38
DMART, EQ, 09-Apr-2024,4672.8,4671.95,4747.8,4622.0, 4715.00,4716.15,4693.56,285672,13408.2,34162, 128812, 45.09,0.93
DMART, EQ, 09-Apr-2025,4053.85,4053.85,4151.85,4014.0,4133.0,4139.3,4114.79,663300,27293.39,68088, 364273, 54.92,2.11
DMART, EQ, 09-May-2022,3666.2,3655.0,3655.0,3486.0, 3526.00,3520.3,3530.54,732787,25871.34,121534, 347535, 47.43,-3.98
DMART, EQ, 09-May-2023,3677.85,3721.0,3750.0,3640.2,3652.4,3659.7,3686.6,385755,14221.26,45825, 163439, 42.37,-0.49
DMART, EQ, 09-May-2024,4806.75,4806.75,4895.6,4730.0,4776.7,4798.65,4810.72,618014,29730.93,43753, 410388, 66.40,-0.17
DMART, EQ, 09-Jun-2020,2459.5,2461.0,2468.8,2370.0, 2390.00,2390.1,2404.54,376333,9049.08,43820, 255556, 67.91,-2.82
DMART, EQ, 09-Jun-2021,3179.8,3198.0,3254.4,3160.0,3187.9,3194.7,3218.49,397348,12788.6,34222, 126506, 31.84,0.47
DMART, EQ, 09-Jun-2022,3739.4,3729.9,3850.0,3686.4, 3841.00,3830.35,3803.43,445083,16928.42,50233, 121930, 27.39,2.43
DMART, EQ, 09-Jun-2023,3546.8,3586.0,3648.0,3568.55, 3635.00,3632.1,3617.37,661360,23923.85,63985, 314671, 47.58,2.4
DMART, EQ, 09-Jul-2020,2319.55,2329.7,2364.0,2309.0, 2324.00,2320.35,2331.88,266580,6216.32,23868, 141140, 52.94,0.03
DMART, EQ, 09-Jul-2021,3389.2,3390.0,3398.0,3361.1,3380.0,3377.6,3379.72,146424,4948.72,18850, 68671, 46.90,-0.34
DMART, EQ, 09-Jul-2024,4851.55,4853.1,4893.95,4780.0,4800.15,4806.35,4843.15,421547,20416.13,33082, 298694, 70.86,-0.93
DMART, EQ, 09-Aug-2021,3529.2,3549.0,3577.65,3501.0, 3525.00,3523.0,3540.5,254763,9019.89,21478, 92804, 36.43,-0.18
DMART, EQ, 09-Aug-2023,3648.45,3648.45,3659.95,3615.35, 3630.00,3628.75,3631.75,257378,9347.33,26633, 188663, 73.30,-0.54
DMART, EQ, 09-Aug-2024,4980.1,5033.0,5063.8,4971.35,4975.0,4989.95,5001.51,102057,5104.39,12487, 58230, 57.06,0.2
DMART, EQ, 09-Sep-2020,2246.6,2230.0,2257.95,2207.6, 2211.00,2222.7,2226.37,550212,12249.74,34426, 298302, 54.22,-1.06
DMART, EQ, 09-Sep-2021,3932.95,3934.0,3964.0,3908.0, 3962.00,3950.5,3934.65,154864,6093.35,16275, 70616, 45.60,0.45
DMART, EQ, 09-Sep-2022,4406.05,4448.55,4448.55,4370.0, 4405.10,4386.1,4406.77,210596,9280.48,27419, 117844, 55.96,-0.45
DMART, EQ, 09-Sep-2024,5303.45,5303.45,5395.0,5216.05,5360.0,5361.4,5336.56,594876,31745.91,70682, 329770, 55.44,1.09
DMART, EQ, 09-Oct-2020,2065.35,2068.0,2090.9,2035.05, 2085.00,2057.6,2048.13,553523,11336.89,44552, 320252, 57.86,-0.38
DMART, EQ, 09-Oct-2023,3833.95,3809.6,3818.0,3771.0, 3799.00,3798.6,3793.16,278929,10580.22,45991, 148793, 53.34,-0.92
DMART, EQ, 09-Oct-2024,4465.45,4510.0,4688.75,4481.65,4650.0,4645.4,4632.9,1059581,49089.29,110000, 638660, 60.27,4.03
DMART, EQ, 09-Nov-2020,2294.6,2306.05,2335.0,2283.05, 2315.00,2325.85,2312.84,415802,9616.84,33424, 168742, 40.58,1.36
DMART, EQ, 09-Nov-2021,4748.5,4748.0,4774.3,4723.7,4749.0,4757.15,4749.88,180363,8567.03,21889, 58255, 32.30,0.18
DMART, EQ, 09-Nov-2022,4173.5,4199.0,4199.0,4118.0, 4160.45,4158.7,4152.7,361585,15015.56,29878, 263380, 72.84,-0.35
DMART, EQ, 09-Nov-2023,3712.4,3733.9,3765.0,3725.0, 3750.00,3747.6,3748.01,248748,9323.1,23361, 159441, 64.10,0.95
DMART, EQ, 09-Dec-2020,2652.1,2652.0,2755.0,2586.0,2630.0,2625.3,2680.37,1254592,33627.68,75486, 292559, 23.32,-1.01
DMART, EQ, 09-Dec-2021,4814.6,4822.0,4878.4,4777.0, 4815.00,4821.2,4818.94,316687,15260.96,34714, 107922, 34.08,0.14
DMART, EQ, 09-Dec-2022,4037.2,4054.9,4057.75,3983.4, 3987.25,4002.4,4013.17,265654,10661.14,35340, 187715, 70.66,-0.86
DMART, EQ, 09-Dec-2024,3805.55,3800.0,3844.0,3761.0,3835.0,3829.05,3803.76,948370,36073.76,96661, 557720, 58.81,0.62
DMART, EQ, 10-Jan-2020,1880.55,1886.0,1897.9,1865.1, 1872.00,1876.95,1884.51,697206,13138.93,46291, 310373, 44.52,-0.19
DMART, EQ, 10-Jan-2022,4731.35,4784.9,4784.9,4620.0,4635.0,4633.55,4665.62,1037618,48411.34,127458, 483218, 46.57,-2.07
DMART, EQ, 10-Jan-2023,3879.55,3898.0,3919.45,3861.0,3880.0,3877.4,3881.29,357855,13889.38,29904, 265532, 74.20,-0.06
DMART, EQ, 10-Jan-2024,3810.75,3818.9,3837.95,3792.35, 3823.00,3822.0,3812.31,338253,12895.25,45735, 257121, 76.01,0.3
DMART, EQ, 10-Jan-2025,3813.8,3837.8,3837.8,3666.65,3702.35,3686.25,3726.71,902001,33615.01,83421, 452553, 50.17,-3.34
DMART, EQ, 10-Feb-2020,2287.2,2287.2,2537.45,2287.2, 2480.85,2483.65,2426.25,2504235,60758.88,95386, 861640, 34.41,8.59
DMART, EQ, 10-Feb-2021,2925.0,2925.0,2980.0,2910.35,2967.0,2967.7,2940.61,326068,9588.39,38517, 141679, 43.45,1.46
DMART, EQ, 10-Feb-2022,4002.1,4034.1,4182.0,4001.0,4160.0,4162.7,4121.25,699250,28817.81,78452, 285228, 40.79,4.01
DMART, EQ, 10-Feb-2023,3482.05,3499.5,3544.25,3490.6, 3498.00,3498.85,3508.0,393156,13791.93,27866, 265987, 67.65,0.48
DMART, EQ, 10-Feb-2025,3743.5,3756.6,3813.0,3693.05,3708.1,3722.05,3754.59,428010,16070.04,48183, 157434, 36.78,-0.57
DMART, EQ, 10-Mar-2021,3151.85,3164.0,3179.9,3113.45, 3155.00,3155.2,3152.44,252903,7972.61,22948, 127576, 50.44,0.11
DMART, EQ, 10-Mar-2022,4096.7,4210.0,4239.9,4142.3, 4171.00,4168.6,4179.59,439778,18380.91,49990, 233123, 53.01,1.76
DMART, EQ, 10-Mar-2023,3397.85,3390.0,3415.7,3380.05, 3405.00,3391.85,3391.38,265311,8997.69,41995, 181233, 68.31,-0.18
DMART, EQ, 10-Mar-2025,3593.6,3600.0,3624.95,3548.2,3601.0,3603.75,3599.79,327825,11801.02,35096, 199805, 60.95,0.28
DMART, EQ, 10-Apr-2023,3496.1,3504.0,3533.95,3437.8, 3447.00,3450.7,3473.1,242779,8431.95,30679, 95119, 39.18,-1.3
DMART, EQ, 10-Apr-2024,4716.15,4736.6,4831.85,4711.0, 4737.35,4754.0,4788.34,728446,34880.47,65013, 381123, 52.32,0.8
DMART, EQ, 10-May-2021,2895.5,2925.0,2960.0,2840.0, 2850.00,2852.45,2886.85,771218,22263.9,57970, 214441, 27.81,-1.49
DMART, EQ, 10-May-2022,3520.3,3501.0,3545.25,3402.15, 3430.50,3414.95,3444.79,696666,23998.71,96931, 372481, 53.47,-2.99
DMART, EQ, 10-May-2023,3659.7,3660.0,3693.65,3622.65,3679.5,3672.3,3662.8,181718,6655.97,27270, 92398, 50.85,0.34
DMART, EQ, 10-May-2024,4798.65,4798.65,4852.0,4735.85,4794.95,4796.8,4792.13,290601,13925.98,43141, 179179, 61.66,-0.04
DMART, EQ, 10-Jun-2020,2390.1,2400.0,2429.95,2360.0, 2383.00,2388.35,2389.54,215499,5149.44,25593, 123296, 57.21,-0.07
DMART, EQ, 10-Jun-2021,3194.7,3206.85,3240.0,3181.05, 3198.00,3194.5,3209.53,236409,7587.61,20026, 111174, 47.03,-0.01
DMART, EQ, 10-Jun-2022,3830.35,3790.0,3838.0,3735.1,3742.0,3755.65,3785.84,235985,8934.02,25957, 73614, 31.19,-1.95
DMART, EQ, 10-Jun-2024,4747.25,4769.05,4812.0,4688.0,4770.0,4778.4,4765.25,276907,13195.31,40992, 135420, 48.90,0.66
DMART, EQ, 10-Jul-2020,2320.35,2328.7,2342.05,2306.65,2329.9,2322.7,2322.99,275116,6390.92,20597, 165581, 60.19,0.1
DMART, EQ, 10-Jul-2023,3808.95,3810.0,3834.25,3757.0,3765.0,3767.7,3786.43,180959,6851.89,27819, 88343, 48.82,-1.08
DMART, EQ, 10-Jul-2024,4806.35,4825.0,4894.35,4731.1,4817.95,4834.45,4811.34,284146,13671.24,31638, 115111, 40.51,0.58
DMART, EQ, 10-Aug-2020,2138.4,2138.4,2145.0,2100.0, 2118.80,2116.5,2118.97,366326,7762.34,38570, 207814, 56.73,-1.02
DMART, EQ, 10-Aug-2021,3523.0,3541.0,3586.55,3515.0, 3555.00,3551.65,3550.03,162584,5771.77,18673, 60131, 36.98,0.81
DMART, EQ, 10-Aug-2022,4250.05,4250.05,4278.95,4219.85,4240.0,4250.7,4244.03,238239,10110.94,30106, 102224, 42.91,0.02
DMART, EQ, 10-Aug-2023,3628.75,3633.95,3644.95,3587.0, 3605.00,3598.2,3613.63,381556,13788.02,42432, 305601, 80.09,-0.84
DMART, EQ, 10-Sep-2020,2222.7,2225.0,2244.95,2215.0, 2233.00,2237.75,2227.41,316354,7046.49,16991, 182431, 57.67,0.68
DMART, EQ, 10-Sep-2024,5361.4,5361.4,5422.45,5315.0,5338.0,5344.4,5368.18,400985,21525.58,62502, 213143, 53.15,-0.32
DMART, EQ, 10-Oct-2022,4471.45,4440.1,4495.0,4406.05, 4465.00,4471.75,4462.47,183914,8207.1,23050, 66542, 36.18,0.01
DMART, EQ, 10-Oct-2023,3798.6,3809.95,3829.85,3775.55, 3791.10,3793.8,3793.54,284836,10805.36,33946, 189873, 66.66,-0.13
DMART, EQ, 10-Oct-2024,4645.4,4664.8,4698.9,4572.0,4612.0,4607.5,4631.71,316729,14669.96,46177, 151810, 47.93,-0.82
DMART, EQ, 10-Nov-2020,2325.85,2340.0,2368.9,2315.5, 2360.00,2362.4,2348.87,469484,11027.55,40965, 207357, 44.17,1.57
DMART, EQ, 10-Nov-2021,4757.15,4745.0,5000.0,4726.0, 4975.00,4960.3,4891.67,1128493,55202.21,99528, 348613, 30.89,4.27
DMART, EQ, 10-Nov-2022,4158.7,4158.7,4175.0,4104.4, 4142.00,4138.85,4140.61,254477,10536.9,26936, 166328, 65.36,-0.48
DMART, EQ, 10-Nov-2023,3747.6,3750.0,3800.0,3738.55,3798.8,3798.4,3780.48,205429,7766.21,24159, 108089, 52.62,1.36
DMART, EQ, 10-Dec-2020,2625.3,2630.0,2673.5,2575.85, 2624.00,2622.05,2616.67,713356,18666.21,50390, 244453, 34.27,-0.12
DMART, EQ, 10-Dec-2021,4821.2,4798.0,4809.7,4775.5, 4799.00,4796.6,4792.12,173574,8317.87,26245, 61750, 35.58,-0.51
DMART, EQ, 10-Dec-2024,3829.05,3835.0,3853.0,3776.6,3813.65,3816.9,3812.27,573687,21870.48,51094, 359623, 62.69,-0.32
DMART, EQ, 11-Jan-2021,2967.5,3137.0,3137.0,2940.0, 2973.00,2984.85,3009.58,1845898,55553.72,125165, 451881, 24.48,0.58
DMART, EQ, 11-Jan-2022,4633.55,4649.0,4654.9,4499.0,4510.0,4504.9,4537.5,791417,35910.58,146932, 435077, 54.97,-2.78
DMART, EQ, 11-Jan-2023,3877.4,3896.0,3910.0,3860.0, 3862.00,3872.9,3887.38,156403,6079.97,26129, 86066, 55.03,-0.12
DMART, EQ, 11-Jan-2024,3822.0,3845.0,3845.0,3805.0, 3827.00,3821.35,3820.72,213492,8156.94,25489, 153943, 72.11,-0.02
DMART, EQ, 11-Feb-2020,2483.65,2480.0,2480.0,2381.0, 2405.00,2394.5,2414.49,1890047,45635.0,90400, 764244, 40.44,-3.59
DMART, EQ, 11-Feb-2021,2967.7,2975.0,2998.0,2924.15,2951.85,2951.9,2954.29,236560,6988.67,25939, 79629, 33.66,-0.53
DMART, EQ, 11-Feb-2022,4162.7,4138.0,4157.0,4080.1,4140.0,4142.25,4127.62,336884,13905.28,46982, 122323, 36.31,-0.49
DMART, EQ, 11-Feb-2025,3722.05,3724.8,3749.6,3663.0,3673.0,3682.7,3686.91,315000,11613.76,49760, 154754, 49.13,-1.06
DMART, EQ, 11-Mar-2022,4168.6,4167.0,4210.0,4109.25, 4199.00,4198.95,4172.26,387534,16168.93,48446, 186781, 48.20,0.73
DMART, EQ, 11-Mar-2024,3925.95,3948.85,4025.0,3936.05, 3986.00,3979.65,3985.47,689781,27490.98,73724, 413076, 59.89,1.37
DMART, EQ, 11-Mar-2025,3603.75,3586.95,3639.9,3551.55,3639.9,3631.65,3603.07,255758,9215.14,30365, 113522, 44.39,0.77
DMART, EQ, 11-Apr-2022,4146.25,4136.8,4200.0,4130.05,4170.0,4171.6,4181.01,202944,8485.11,26098, 97913, 48.25,0.61
DMART, EQ, 11-Apr-2023,3450.7,3465.0,3499.0,3446.0, 3455.00,3454.2,3467.63,193991,6726.9,25501, 75855, 39.10,0.1
DMART, EQ, 11-Apr-2025,4139.3,4157.0,4192.0,4113.05,4125.0,4131.5,4152.4,570955,23708.36,53598, 342950, 60.07,-0.19
DMART, EQ, 11-May-2021,2852.45,2850.0,2884.6,2825.0, 2849.00,2850.55,2856.03,323511,9239.58,34717, 119461, 36.93,-0.07
DMART, EQ, 11-May-2022,3414.95,3448.0,3448.0,3311.7,3344.65,3339.7,3359.59,689554,23166.17,95264, 382817, 55.52,-2.2
DMART, EQ, 11-May-2023,3672.3,3673.3,3730.1,3665.0, 3703.00,3704.65,3702.5,178603,6612.77,20997, 86030, 48.17,0.88
DMART, EQ, 11-Jun-2020,2388.35,2390.0,2422.8,2365.0, 2381.00,2406.5,2396.36,325839,7808.26,36871, 177439, 54.46,0.76
DMART, EQ, 11-Jun-2021,3194.5,3215.0,3224.1,3161.0, 3185.00,3175.55,3184.86,158635,5052.3,18643, 66353, 41.83,-0.59
DMART, EQ, 11-Jun-2024,4778.4,4800.0,4829.9,4676.0,4699.0,4701.45,4764.71,266806,12712.54,35923, 161726, 60.62,-1.61
DMART, EQ, 11-Jul-2022,3941.7,4000.0,4087.85,3892.0,3973.95,3986.85,3993.27,2331905,93119.31,188822, 350151, 15.02,1.15
DMART, EQ, 11-Jul-2023,3767.7,3786.95,3838.0,3772.05, 3833.00,3827.1,3821.94,175289,6699.44,25081, 79766, 45.51,1.58
DMART, EQ, 11-Jul-2024,4834.45,4853.9,4969.0,4832.25,4893.5,4898.9,4908.14,568246,27890.31,71817, 295807, 52.06,1.33
DMART, EQ, 11-Aug-2020,2116.5,2120.0,2143.15,2110.35,2137.0,2131.95,2129.44,461469,9826.69,31793, 275367, 59.67,0.73
DMART, EQ, 11-Aug-2021,3551.65,3551.65,3575.0,3465.0, 3575.00,3563.95,3523.89,167988,5919.72,18883, 69494, 41.37,0.35
DMART, EQ, 11-Aug-2022,4250.7,4280.0,4295.0,4260.0,4267.6,4274.85,4277.44,246094,10526.52,26362, 112501, 45.71,0.57
DMART, EQ, 11-Aug-2023,3598.2,3600.0,3607.85,3545.0, 3552.90,3550.05,3560.56,740365,26361.17,58286, 607022, 81.99,-1.34
DMART, EQ, 11-Sep-2020,2237.75,2241.9,2273.0,2226.05, 2232.90,2239.35,2243.71,456379,10239.81,29418, 228754, 50.12,0.07
DMART, EQ, 11-Sep-2023,3782.4,3791.7,3815.0,3772.4, 3809.00,3810.75,3801.97,170276,6473.84,21250, 96381, 56.60,0.75
DMART, EQ, 11-Sep-2024,5344.4,5357.9,5449.0,5279.1,5295.0,5299.1,5352.23,461780,24715.55,55989, 218855, 47.39,-0.85
DMART, EQ, 11-Oct-2021,4407.95,4438.0,4840.0,4407.0, 4716.50,4719.45,4651.09,1017160,47309.01,112396, 282743, 27.80,7.07
DMART, EQ, 11-Oct-2022,4471.75,4485.0,4486.0,4358.5, 4363.00,4381.1,4415.03,268072,11835.46,36991, 121524, 45.33,-2.03
DMART, EQ, 11-Oct-2023,3793.8,3812.5,3889.0,3804.3, 3837.45,3852.05,3850.6,304828,11737.71,37310, 152264, 49.95,1.54
DMART, EQ, 11-Oct-2024,4607.5,4643.1,4643.1,4529.0,4570.0,4572.7,4559.77,410581,18721.56,32107, 286810, 69.85,-0.76
DMART, EQ, 11-Nov-2020,2362.4,2373.9,2403.0,2361.0, 2398.00,2398.2,2382.54,506443,12066.21,37604, 237820, 46.96,1.52
DMART, EQ, 11-Nov-2021,4960.3,4960.3,5040.0,4901.15, 4998.00,4997.75,4982.86,735028,36625.4,80387, 207668, 28.25,0.75
DMART, EQ, 11-Nov-2022,4138.85,4159.55,4169.0,4117.05,4127.0,4128.35,4133.46,214392,8861.81,25174, 148506, 69.27,-0.25
DMART, EQ, 11-Nov-2024,3874.5,3899.65,3940.0,3814.3, 3875.00,3885.7,3889.2,417671,16244.05,68004, 229899, 55.04,0.29
DMART, EQ, 11-Dec-2020,2622.05,2647.0,2715.0,2632.0, 2696.00,2685.1,2666.44,595814,15887.0,45889, 178608, 29.98,2.4
DMART, EQ, 11-Dec-2023,4070.65,4070.65,4075.0,4025.05, 4075.00,4069.75,4046.4,239939,9708.9,25584, 142343, 59.32,-0.02
DMART, EQ, 11-Dec-2024,3816.9,3700.0,3760.0,3671.35,3718.0,3708.3,3721.62,1839723,68467.41,146939, 822353, 44.70,-2.85
DMART, EQ, 12-Jan-2021,2984.85,2959.0,3009.5,2939.45, 2985.30,2998.2,2973.47,1081702,32164.13,42701, 115220, 10.65,0.45
DMART, EQ, 12-Jan-2022,4504.9,4500.0,4500.0,4165.3,4288.95,4276.1,4327.85,2521043,109106.88,276527, 1203001, 47.72,-5.08
DMART, EQ, 12-Jan-2023,3872.9,3892.0,3925.5,3863.0, 3914.00,3911.8,3898.78,212520,8285.69,24458, 97956, 46.09,1.0
DMART, EQ, 12-Jan-2024,3821.35,3827.95,3848.0,3794.1,3843.0,3841.0,3814.82,456627,17419.5,51041, 342708, 75.05,0.51
DMART, EQ, 12-Feb-2020,2394.5,2390.0,2526.0,2380.0, 2469.80,2482.15,2487.59,2099102,52216.98,104563, 608622, 28.99,3.66
DMART, EQ, 12-Feb-2021,2951.9,2960.0,2963.55,2915.0,2925.5,2928.9,2933.01,188886,5540.05,17506, 61273, 32.44,-0.78
DMART, EQ, 12-Feb-2024,3719.2,3719.2,3734.95,3644.3, 3675.00,3675.6,3678.59,199148,7325.83,24378, 145095, 72.86,-1.17
DMART, EQ, 12-Feb-2025,3682.7,3681.5,3699.9,3585.0,3699.9,3689.9,3648.76,478915,17474.46,57429, 250796, 52.37,0.2
DMART, EQ, 12-Mar-2021,3155.2,3183.0,3228.9,3113.0, 3136.70,3129.35,3176.48,253802,8061.97,29808, 122469, 48.25,-0.82
DMART, EQ, 12-Mar-2024,3979.65,3999.0,4042.0,3900.0, 4028.40,4031.7,4022.08,499999,20110.35,65538, 298103, 59.62,1.31
DMART, EQ, 12-Mar-2025,3631.65,3655.25,3685.0,3622.45,3664.85,3674.2,3661.86,265757,9731.64,36026, 123524, 46.48,1.17
DMART, EQ, 12-Apr-2021,2947.75,2861.1,2889.0,2790.1, 2821.35,2814.9,2836.34,475661,13491.37,52270, 199230, 41.88,-4.51
DMART, EQ, 12-Apr-2022,4171.6,4174.95,4174.95,4075.0, 4085.50,4088.7,4114.8,228548,9404.3,30365, 111730, 48.89,-1.99
DMART, EQ, 12-Apr-2023,3454.2,3467.0,3498.0,3458.0, 3479.00,3473.1,3475.23,214203,7444.04,26839, 112602, 52.57,0.55
DMART, EQ, 12-Apr-2024,4754.0,4753.9,4806.75,4725.0, 4765.85,4765.05,4767.17,676863,32267.21,50060, 455600, 67.31,0.23
DMART, EQ, 12-May-2021,2850.55,2850.55,2869.95,2827.5,2856.0,2856.15,2852.49,246319,7026.23,24202, 115886, 47.05,0.2
DMART, EQ, 12-May-2022,3339.7,3310.0,3334.95,3241.25,3290.0,3270.45,3287.8,725552,23854.7,97432, 449316, 61.93,-2.07
DMART, EQ, 12-May-2023,3704.65,3715.0,3717.0,3641.0, 3675.00,3677.55,3675.3,253518,9317.55,37279, 125930, 49.67,-0.73
DMART, EQ, 12-Jun-2020,2406.5,2312.0,2438.0,2312.0, 2400.00,2397.8,2383.17,415417,9900.11,29018, 181643, 43.73,-0.36
DMART, EQ, 12-Jun-2023,3632.1,3646.95,3646.95,3584.05, 3638.00,3629.4,3618.81,247071,8941.04,34488, 116108, 46.99,-0.07
DMART, EQ, 12-Jun-2024,4701.45,4710.05,4740.0,4645.0,4658.0,4666.75,4691.89,555091,26044.24,54555, 390688, 70.38,-0.74
DMART, EQ, 12-Jul-2021,3377.6,3369.6,3378.0,3310.2, 3347.00,3349.05,3343.93,639197,21374.29,50458, 123453, 19.31,-0.85
DMART, EQ, 12-Jul-2022,3986.85,3986.5,3986.85,3855.0,3864.0,3878.4,3914.9,569128,22280.82,58761, 189907, 33.37,-2.72
DMART, EQ, 12-Jul-2023,3827.1,3847.1,3850.0,3790.0, 3800.00,3806.35,3808.85,362068,13790.63,30036, 240053, 66.30,-0.54
DMART, EQ, 12-Jul-2024,4898.9,4939.9,5016.95,4909.0,4950.0,4943.65,4962.01,598090,29677.31,59368, 367632, 61.47,0.91
DMART, EQ, 12-Aug-2020,2131.95,2139.0,2175.0,2122.0,2167.0,2169.2,2158.97,440624,9512.96,36131, 228856, 51.94,1.75
DMART, EQ, 12-Aug-2021,3563.95,3573.8,3589.0,3546.6, 3550.00,3561.0,3563.85,114737,4089.06,12192, 60884, 53.06,-0.08
DMART, EQ, 12-Aug-2022,4274.85,4274.85,4387.0,4255.0,4332.0,4336.7,4340.55,448303,19458.84,49478, 190689, 42.54,1.45
DMART, EQ, 12-Aug-2024,4989.95,4999.0,5025.0,4960.55,4995.9,5013.8,5005.22,167412,8379.35,25574, 98967, 59.12,0.48
DMART, EQ, 12-Sep-2022,4386.1,4440.0,4475.0,4400.0, 4449.95,4443.95,4439.58,252381,11204.66,39965, 126631, 50.17,1.32
DMART, EQ, 12-Sep-2023,3810.75,3836.0,3847.0,3740.05, 3752.10,3753.25,3773.36,289753,10933.44,28074, 167345, 57.75,-1.51
DMART, EQ, 12-Sep-2024,5299.1,5330.0,5376.05,5216.9,5236.0,5238.55,5279.45,380591,20093.11,48040, 243524, 63.99,-1.14
DMART, EQ, 12-Oct-2020,2057.6,2072.0,2084.0,1995.1, 2008.40,2002.6,2015.08,860071,17331.13,46805, 534158, 62.11,-2.67
DMART, EQ, 12-Oct-2021,4719.45,4780.0,4895.0,4718.85, 4739.00,4739.0,4782.92,817027,39077.75,86471, 340410, 41.66,0.41
DMART, EQ, 12-Oct-2022,4381.1,4398.75,4429.0,4330.0, 4336.90,4352.9,4381.62,207335,9084.64,29232, 82902, 39.98,-0.64
DMART, EQ, 12-Oct-2023,3852.05,3874.8,3890.0,3820.3, 3848.00,3862.75,3856.44,226262,8725.66,25631, 114283, 50.51,0.28
DMART, EQ, 12-Nov-2020,2398.2,2400.0,2410.0,2361.05, 2399.75,2400.3,2391.24,369948,8846.33,31699, 187517, 50.69,0.09
DMART, EQ, 12-Nov-2021,4997.75,5044.95,5097.65,5026.95, 5060.00,5078.55,5070.76,487061,24697.68,49668, 204529, 41.99,1.62
DMART, EQ, 12-Nov-2024,3885.7,3910.0,3910.0,3762.55,3774.0,3777.0,3823.29,683988,26150.84,83857, 477195, 69.77,-2.8
DMART, EQ, 12-Dec-2022,4002.4,3980.0,4074.0,3948.0, 4051.15,4057.35,4033.19,242444,9778.22,31737, 131538, 54.26,1.37
DMART, EQ, 12-Dec-2023,4069.75,4080.9,4100.0,4038.1, 4073.55,4075.4,4055.83,349447,14172.98,29457, 260550, 74.56,0.14
DMART, EQ, 12-Dec-2024,3708.3,3729.95,3736.8,3678.45,3690.0,3688.45,3707.5,576170,21361.49,49887, 288715, 50.11,-0.54
DMART, EQ, 13-Jan-2020,1876.95,1925.0,1940.15,1880.0, 1910.30,1914.65,1909.07,2138099,40817.89,90914, 564734, 26.41,2.01
DMART, EQ, 13-Jan-2021,2998.2,3001.0,3008.65,2878.5, 2916.50,2926.1,2954.7,421057,12440.97,34938, 159820, 37.96,-2.4
DMART, EQ, 13-Jan-2022,4276.1,4276.0,4354.45,4221.6, 4253.00,4254.6,4258.07,1090010,46413.41,154954, 480037, 44.04,-0.5
DMART, EQ, 13-Jan-2023,3911.8,3925.0,3929.65,3850.1,3855.0,3863.7,3874.0,283280,10974.27,40272, 184711, 65.20,-1.23
DMART, EQ, 13-Jan-2025,3686.25,3501.0,3643.95,3469.95,3500.0,3507.45,3564.78,2952386,105246.16,205738, 1318457, 44.66,-4.85
DMART, EQ, 13-Feb-2020,2482.15,2478.0,2560.0,2442.8, 2539.60,2544.15,2520.84,2369901,59741.5,121230, 571038, 24.10,2.5
DMART, EQ, 13-Feb-2023,3498.85,3502.0,3510.0,3483.0,3495.0,3495.2,3496.45,252484,8827.97,33068, 169191, 67.01,-0.1
DMART, EQ, 13-Feb-2024,3675.6,3685.05,3728.0,3660.9, 3700.00,3703.2,3702.36,294135,10889.93,31032, 230660, 78.42,0.75
DMART, EQ, 13-Feb-2025,3689.9,3698.9,3722.3,3659.0,3687.5,3696.5,3694.56,243492,8995.95,33569, 110497, 45.38,0.18
DMART, EQ, 13-Mar-2023,3391.85,3391.85,3415.0,3348.1, 3359.00,3351.75,3366.83,195345,6576.93,34755, 122454, 62.69,-1.18
DMART, EQ, 13-Mar-2024,4031.7,4055.0,4056.0,3932.05, 3970.00,3967.8,3978.66,521699,20756.61,52382, 322672, 61.85,-1.58
DMART, EQ, 13-Mar-2025,3674.2,3681.0,3877.05,3670.0,3794.1,3797.1,3822.08,2325270,88873.61,157947, 574339, 24.70,3.34
DMART, EQ, 13-Apr-2021,2814.9,2832.95,2885.0,2812.0, 2830.00,2832.7,2851.53,267793,7636.2,24139, 80029, 29.88,0.63
DMART, EQ, 13-Apr-2022,4088.7,4101.0,4117.95,4081.7,4099.95,4090.9,4094.21,157516,6449.04,18608, 83566, 53.05,0.05
DMART, EQ, 13-Apr-2023,3473.1,3480.0,3518.95,3470.05, 3497.00,3501.05,3490.86,159631,5572.5,19490, 85012, 53.26,0.8
DMART, EQ, 13-May-2022,3270.45,3351.0,3357.75,3205.0,3240.05,3230.6,3283.7,546754,17953.76,87357, 261869, 47.90,-1.22
DMART, EQ, 13-May-2024,4796.8,4799.95,4809.0,4667.0,4683.15,4693.7,4714.11,190782,8993.67,33021, 95930, 50.28,-2.15
DMART, EQ, 13-Jun-2022,3755.65,3700.0,3743.6,3644.4,3656.0,3661.6,3696.41,252912,9348.66,35370, 80512, 31.83,-2.5
DMART, EQ, 13-Jun-2023,3629.4,3644.0,3703.45,3630.0, 3670.00,3677.9,3676.69,353631,13001.93,33962, 175352, 49.59,1.34
DMART, EQ, 13-Jun-2024,4666.75,4697.25,4739.95,4640.05,4655.0,4656.65,4683.94,238268,11160.33,28781, 139954, 58.74,-0.22
DMART, EQ, 13-Jul-2020,2322.7,2210.05,2304.95,2180.0, 2223.00,2233.95,2238.7,1754347,39274.62,123187, 653262, 37.24,-3.82
DMART, EQ, 13-Jul-2021,3349.05,3330.0,3370.0,3307.55, 3347.15,3355.0,3330.66,264068,8795.19,25785, 91997, 34.84,0.18
DMART, EQ, 13-Jul-2022,3878.4,3900.0,3944.0,3870.0,3877.0,3883.35,3903.95,423704,16541.19,38545, 101689, 24.00,0.13
DMART, EQ, 13-Jul-2023,3806.35,3823.0,3828.0,3795.0, 3820.00,3821.65,3808.75,250708,9548.85,21929, 174767, 69.71,0.4
DMART, EQ, 13-Aug-2020,2169.2,2177.0,2213.45,2150.0, 2209.00,2207.1,2183.65,598902,13077.95,37621, 268453, 44.82,1.75
DMART, EQ, 13-Aug-2021,3561.0,3584.0,3634.45,3518.0,3585.0,3594.55,3591.62,292706,10512.88,29848, 80078, 27.36,0.94
DMART, EQ, 13-Aug-2024,5013.8,5039.95,5048.0,4905.5,4913.7,4929.5,4959.77,138438,6866.2,21880, 72049, 52.04,-1.68
DMART, EQ, 13-Sep-2021,3950.5,3951.0,3986.15,3948.1, 3960.00,3961.85,3966.26,145925,5787.76,21286, 84867, 58.16,0.29
DMART, EQ, 13-Sep-2022,4443.95,4470.0,4510.0,4447.8, 4499.10,4493.25,4480.17,293076,13130.31,33617, 155357, 53.01,1.11
DMART, EQ, 13-Sep-2023,3753.25,3760.95,3823.95,3731.2, 3792.00,3813.7,3792.22,282452,10711.2,29425, 131041, 46.39,1.61
DMART, EQ, 13-Sep-2024,5238.55,5250.9,5255.85,5155.0,5192.9,5187.05,5217.58,395545,20637.86,54707, 213655, 54.02,-0.98
DMART, EQ, 13-Oct-2020,2002.6,2002.6,2035.45,1965.0, 1975.00,1977.45,2003.02,1222748,24491.92,83038, 904929, 74.01,-1.26
DMART, EQ, 13-Oct-2021,4739.0,4777.0,5595.0,4760.25,5112.0,5117.15,5163.02,2593684,133912.5,338152, 390845, 15.07,7.98
DMART, EQ, 13-Oct-2022,4352.9,4366.0,4366.0,4300.1,4314.95,4309.95,4320.6,171144,7394.44,23476, 79508, 46.46,-0.99
DMART, EQ, 13-Oct-2023,3862.75,3853.95,3941.0,3836.05, 3920.00,3935.85,3921.51,554574,21747.68,49217, 293515, 52.93,1.89
DMART, EQ, 13-Nov-2020,2400.3,2390.0,2399.0,2361.5,2380.2,2383.05,2384.88,171758,4096.22,12304, 73300, 42.68,-0.72
DMART, EQ, 13-Nov-2023,3802.7,3809.95,3819.8,3740.2, 3795.05,3798.45,3779.05,166502,6292.2,24729, 75428, 45.30,-0.11
DMART, EQ, 13-Nov-2024,3777.0,3774.0,3874.95,3751.0,3758.0,3759.55,3798.79,419503,15936.05,71563, 160793, 38.33,-0.46
DMART, EQ, 13-Dec-2021,4796.6,4830.0,4870.0,4750.0,4761.8,4765.8,4788.33,283323,13566.44,33903, 136960, 48.34,-0.64
DMART, EQ, 13-Dec-2022,4057.35,4060.0,4120.0,4060.0, 4105.00,4108.95,4093.39,275766,11288.17,26192, 158528, 57.49,1.27
DMART, EQ, 13-Dec-2023,4075.4,4075.0,4075.4,3945.1, 4042.00,4033.05,4011.75,388573,15588.59,43525, 212032, 54.57,-1.04
DMART, EQ, 13-Dec-2024,3688.45,3688.45,3694.8,3612.0,3653.0,3652.3,3643.83,806508,29387.81,93619, 413383, 51.26,-0.98
DMART, EQ, 14-Jan-2020,1914.65,1902.0,1940.0,1892.15, 1929.00,1930.75,1925.05,1407288,27090.99,67768, 692391, 49.20,0.84
DMART, EQ, 14-Jan-2021,2926.1,2939.0,2940.0,2875.25, 2886.00,2895.55,2900.62,340922,9888.87,30401, 120093, 35.23,-1.04
DMART, EQ, 14-Jan-2022,4254.6,4266.0,4344.45,4256.15, 4338.00,4322.7,4313.06,896929,38685.11,100324, 449049, 50.07,1.6
DMART, EQ, 14-Jan-2025,3507.45,3529.95,3538.95,3443.0,3488.0,3476.5,3473.06,746217,25916.53,89933, 389633, 52.21,-0.88
DMART, EQ, 14-Feb-2020,2544.15,2440.0,2499.0,2373.0, 2380.20,2408.35,2434.07,4717819,114834.92,180133, 1695144, 35.93,-5.34
DMART, EQ, 14-Feb-2022,4142.25,4015.0,4125.0,3958.05,3998.0,3979.75,4046.93,466101,18862.8,73843, 198569, 42.60,-3.92
DMART, EQ, 14-Feb-2023,3495.2,3509.0,3512.0,3472.0,3483.0,3482.7,3484.73,496970,17318.05,28431, 432240, 86.98,-0.36
DMART, EQ, 14-Feb-2024,3703.2,3700.0,3739.0,3691.05, 3711.00,3722.4,3709.7,257694,9559.68,20867, 196431, 76.23,0.52
DMART, EQ, 14-Feb-2025,3696.5,3706.0,3755.1,3636.85,3669.95,3682.65,3698.99,286886,10611.89,47379, 74987, 26.14,-0.37
DMART, EQ, 14-Mar-2022,4198.95,4190.0,4218.0,4150.0,4171.55,4168.25,4171.89,305326,12737.88,37330, 144326, 47.27,-0.73
DMART, EQ, 14-Mar-2023,3351.75,3350.0,3367.7,3303.3, 3355.00,3350.95,3347.62,268245,8979.82,40306, 184285, 68.70,-0.02
DMART, EQ, 14-Mar-2024,3967.8,3966.95,4040.0,3890.0, 4032.00,4019.25,3962.14,355226,14074.57,42904, 193682, 54.52,1.3
DMART, EQ, 14-May-2021,2856.15,2874.0,2874.0,2830.0, 2834.00,2844.65,2848.84,227259,6474.24,21929, 120208, 52.89,-0.4
DMART, EQ, 14-May-2024,4693.7,4739.0,4755.0,4550.35,4615.0,4597.05,4621.2,376741,17409.96,55397, 192190, 51.01,-2.06
DMART, EQ, 14-Jun-2021,3175.55,3180.0,3294.0,3108.05, 3276.40,3274.1,3234.35,735981,23804.17,52343, 256463, 34.85,3.1
DMART, EQ, 14-Jun-2022,3661.6,3628.0,3712.7,3552.25, 3650.00,3648.3,3643.71,424143,15454.56,51404, 129513, 30.54,-0.36
DMART, EQ, 14-Jun-2023,3677.9,3693.75,3740.0,3662.0, 3709.00,3704.85,3710.19,376196,13957.59,52168, 213236, 56.68,0.73
DMART, EQ, 14-Jun-2024,4656.65,4692.0,4759.95,4671.05,4728.0,4739.95,4730.43,258982,12250.97,36492, 144581, 55.83,1.79
DMART, EQ, 14-Jul-2020,2233.95,2215.0,2220.0,2148.0,2149.15,2154.85,2182.16,841386,18360.35,88787, 447878, 53.23,-3.54
DMART, EQ, 14-Jul-2021,3355.0,3349.95,3350.1,3319.0, 3330.00,3330.05,3330.3,253367,8437.89,20844, 164408, 64.89,-0.74
DMART, EQ, 14-Jul-2022,3883.35,3913.9,3944.0,3884.0, 3922.00,3924.85,3911.09,372526,14569.82,42567, 150202, 40.32,1.07
DMART, EQ, 14-Jul-2023,3821.65,3840.8,3881.85,3782.0,3840.0,3838.75,3818.18,369703,14115.93,32789, 219215, 59.29,0.45
DMART, EQ, 14-Aug-2020,2207.1,2214.3,2219.9,2173.55, 2182.00,2178.0,2192.87,290346,6366.91,26578, 169378, 58.34,-1.32
DMART, EQ, 14-Aug-2023,3550.05,3567.95,3567.95,3500.0, 3515.00,3509.3,3521.2,244504,8609.47,42942, 157508, 64.42,-1.15
DMART, EQ, 14-Aug-2024,4929.5,4950.0,5020.0,4913.3,4961.95,4960.3,4956.68,282580,14006.58,22587, 205022, 72.55,0.62
DMART, EQ, 14-Sep-2020,2239.35,2250.0,2258.95,2150.05,2169.4,2162.7,2191.77,902088,19771.72,54113, 572414, 63.45,-3.42
DMART, EQ, 14-Sep-2021,3961.85,3970.0,4000.0,3964.9, 3978.00,3979.7,3988.39,203689,8123.92,32876, 123434, 60.60,0.45
DMART, EQ, 14-Sep-2022,4493.25,4450.0,4518.0,4426.15,4478.0,4478.25,4472.13,268511,12008.16,34290, 142197, 52.96,-0.33
DMART, EQ, 14-Sep-2023,3813.7,3845.0,3850.0,3775.0, 3801.00,3808.05,3802.35,281679,10710.41,24154, 155018, 55.03,-0.15
DMART, EQ, 14-Oct-2020,1977.45,1984.9,2014.85,1966.25, 1979.95,1974.55,1984.29,974656,19339.96,73448, 518844, 53.23,-0.15
DMART, EQ, 14-Oct-2021,5117.15,5194.0,5420.0,5180.05,5360.0,5323.75,5330.44,1187904,63320.54,148895, 310397, 26.13,4.04
DMART, EQ, 14-Oct-2022,4309.95,4398.5,4399.0,4291.15, 4298.05,4306.15,4327.41,188039,8137.21,26372, 90872, 48.33,-0.09
DMART, EQ, 14-Oct-2024,4572.7,4204.0,4299.0,4139.95,4191.0,4183.6,4204.15,4876749,205025.84,454617, 2391843, 49.05,-8.51
DMART, EQ, 14-Nov-2022,4128.35,4144.8,4144.8,4081.8,4096.0,4098.35,4099.24,300509,12318.57,41339, 182472, 60.72,-0.73
DMART, EQ, 14-Nov-2024,3759.55,3785.2,3858.85,3769.0, 3821.50,3823.85,3827.65,305991,11712.26,48805, 154563, 50.51,1.71
DMART, EQ, 14-Dec-2020,2685.1,2715.0,2745.0,2651.25,2660.05,2671.95,2704.09,486459,13154.27,39870, 153041, 31.46,-0.49
DMART, EQ, 14-Dec-2021,4765.8,4764.75,4840.0,4714.1,4809.0,4814.4,4800.42,352396,16916.47,36189, 175065, 49.68,1.02
DMART, EQ, 14-Dec-2022,4108.95,4089.1,4209.85,4089.1, 4204.00,4201.1,4174.47,545140,22756.68,42846, 319406, 58.59,2.24
DMART, EQ, 14-Dec-2023,4033.05,4044.95,4081.0,3996.05, 4079.00,4070.05,4046.33,264682,10709.9,28805, 138114, 52.18,0.92
DMART, EQ, 15-Jan-2020,1930.75,1938.0,1946.0,1920.05, 1930.00,1933.55,1931.4,551142,10644.74,32613, 266123, 48.29,0.15
DMART, EQ, 15-Jan-2021,2895.55,2904.0,2920.0,2801.0,2807.0,2820.95,2863.04,356133,10196.24,31974, 109161, 30.65,-2.58
DMART, EQ, 15-Jan-2024,3841.0,3924.95,3933.0,3851.0, 3855.05,3858.25,3871.77,505101,19556.33,38601, 269839, 53.42,0.45
DMART, EQ, 15-Jan-2025,3476.5,3500.05,3578.95,3476.5,3570.0,3568.45,3538.1,744961,26357.44,51815, 428646, 57.54,2.64
DMART, EQ, 15-Feb-2021,2928.9,2955.0,3060.0,2933.0, 3050.00,3044.55,3017.85,868075,26197.22,61368, 291097, 33.53,3.95
DMART, EQ, 15-Feb-2022,3979.75,4015.0,4128.9,3980.0,4099.0,4081.75,4053.94,377212,15291.96,56199, 152161, 40.34,2.56
DMART, EQ, 15-Feb-2023,3482.7,3480.0,3568.65,3464.3, 3559.00,3545.6,3513.96,211636,7436.8,21130, 129613, 61.24,1.81
DMART, EQ, 15-Feb-2024,3722.4,3722.4,3729.95,3671.35, 3685.00,3678.6,3684.99,507420,18698.4,26272, 439018, 86.52,-1.18
DMART, EQ, 15-Mar-2021,3129.35,3136.0,3171.1,3096.0, 3114.95,3108.75,3126.88,162464,5080.06,20061, 62632, 38.55,-0.66
DMART, EQ, 15-Mar-2022,4168.25,4191.0,4251.0,4171.75,4190.0,4231.05,4204.38,560819,23578.97,69504, 349689, 62.35,1.51
DMART, EQ, 15-Mar-2023,3350.95,3350.0,3363.15,3330.0, 3339.35,3337.25,3340.16,231760,7741.16,46698, 169422, 73.10,-0.41
DMART, EQ, 15-Mar-2024,4019.25,4019.45,4035.0,3904.0, 3912.00,3932.1,3948.09,348203,13747.36,47833, 237559, 68.22,-2.17
DMART, EQ, 15-Apr-2021,2832.7,2844.0,2952.95,2828.1,2929.05,2928.9,2886.47,377544,10897.68,29201, 163291, 43.25,3.4
DMART, EQ, 15-Apr-2024,4765.05,4680.0,4736.55,4620.6, 4687.00,4686.8,4680.43,358707,16789.02,44259, 217622, 60.67,-1.64
DMART, EQ, 15-Apr-2025,4131.5,4200.0,4227.0,4088.0,4216.0,4212.7,4167.91,569335,23729.37,47128, 272829, 47.92,1.97
DMART, EQ, 15-May-2023,3677.55,3550.0,3589.0,3506.6, 3523.00,3523.4,3543.02,943990,33445.75,95414, 535576, 56.74,-4.19
DMART, EQ, 15-May-2024,4597.05,4614.95,4680.0,4597.1,4655.0,4652.45,4647.45,298259,13861.44,38729, 185393, 62.16,1.21
DMART, EQ, 15-Jun-2020,2397.8,2373.0,2422.0,2337.05,2382.0,2365.3,2369.68,354822,8408.15,38790, 225676, 63.60,-1.36
DMART, EQ, 15-Jun-2021,3274.1,3300.0,3394.45,3294.0, 3360.00,3359.5,3364.18,884874,29768.79,72826, 271976, 30.74,2.61
DMART, EQ, 15-Jun-2022,3648.3,3669.9,3743.95,3645.35, 3655.00,3662.9,3691.15,274604,10136.04,36742, 86564, 31.52,0.4
DMART, EQ, 15-Jun-2023,3704.85,3745.0,3960.0,3723.25, 3946.00,3917.7,3848.59,1159134,44610.32,96977, 443651, 38.27,5.75
DMART, EQ, 15-Jul-2020,2154.85,2170.0,2195.0,2135.0,2140.1,2146.35,2172.48,540472,11741.62,59792, 310501, 57.45,-0.39
DMART, EQ, 15-Jul-2021,3330.05,3319.0,3363.0,3300.0, 3314.00,3328.5,3343.39,188080,6288.24,28577, 93215, 49.56,-0.05
DMART, EQ, 15-Jul-2022,3924.85,3925.0,3939.9,3888.0,3910.5,3926.8,3911.41,194371,7602.64,24524, 61315, 31.55,0.05
DMART, EQ, 15-Jul-2024,4943.65,5126.45,5164.0,4943.65,4990.0,4988.85,5005.45,1405587,70355.9,105021, 724609, 51.55,0.91
DMART, EQ, 15-Sep-2020,2162.7,2185.0,2185.0,2130.0, 2139.95,2136.15,2139.96,1115664,23874.77,44909, 395505, 35.45,-1.23
DMART, EQ, 15-Sep-2021,3979.7,3979.9,3992.2,3961.0, 3980.15,3982.6,3972.68,339798,13499.1,22269, 271894, 80.02,0.07
DMART, EQ, 15-Sep-2022,4478.25,4499.0,4539.0,4475.0,4526.85,4525.85,4519.07,221683,10018.01,32240, 109843, 49.55,1.06
DMART, EQ, 15-Sep-2023,3808.05,3819.85,3820.0,3770.0, 3785.00,3796.0,3798.08,252016,9571.77,24351, 166186, 65.94,-0.32
DMART, EQ, 15-Oct-2020,1974.55,1987.1,1998.5,1970.05, 1982.00,1977.7,1983.64,744866,14775.44,54338, 501691, 67.35,0.16
DMART, EQ, 15-Oct-2024,4183.6,4230.0,4238.95,4180.6,4201.0,4193.55,4198.23,1355665,56913.89,112868, 866969, 63.95,0.24
DMART, EQ, 15-Nov-2021,5078.55,5075.0,5075.0,4980.0, 5024.40,5023.3,5031.89,324397,16323.31,44516, 144122, 44.43,-1.09
DMART, EQ, 15-Nov-2022,4098.35,4082.0,4109.8,4046.0, 4046.50,4053.8,4059.7,496893,20172.35,47751, 392297, 78.95,-1.09
DMART, EQ, 15-Nov-2023,3798.45,3810.0,3814.95,3750.1, 3788.45,3791.95,3769.7,372291,14034.24,45871, 235939, 63.37,-0.17
DMART, EQ, 15-Dec-2020,2671.95,2672.0,2688.9,2624.5,2645.0,2640.05,2649.58,257299,6817.35,22421, 79371, 30.85,-1.19
DMART, EQ, 15-Dec-2021,4814.4,4799.9,4814.25,4740.0, 4759.00,4749.45,4753.41,410084,19492.98,25465, 300271, 73.22,-1.35
DMART, EQ, 15-Dec-2022,4201.1,4209.0,4228.95,4151.0, 4157.95,4182.0,4197.73,312108,13101.45,34408, 193588, 62.03,-0.45
DMART, EQ, 15-Dec-2023,4070.05,4085.0,4097.9,4017.0, 4041.75,4045.65,4043.78,300270,12142.27,31779, 178914, 59.58,-0.6
DMART, EQ, 16-Jan-2020,1933.55,1938.7,1951.45,1922.0, 1948.00,1946.05,1940.89,521815,10127.87,22111, 227581, 43.61,0.65
DMART, EQ, 16-Jan-2023,3863.7,3690.0,3748.0,3645.2, 3680.25,3678.35,3683.27,1809273,66640.37,182092, 681391, 37.66,-4.8
DMART, EQ, 16-Jan-2024,3858.25,3860.0,3865.0,3807.0, 3825.10,3828.3,3847.46,445672,17147.05,31482, 357948, 80.32,-0.78
DMART, EQ, 16-Jan-2025,3568.45,3570.0,3643.3,3570.0,3604.0,3600.95,3608.84,395260,14264.29,36218, 183539, 46.44,0.91
DMART, EQ, 16-Feb-2021,3044.55,3054.0,3155.0,3045.95, 3122.20,3130.85,3108.91,792804,24647.57,67567, 213391, 26.92,2.83
DMART, EQ, 16-Feb-2022,4081.75,4139.9,4155.0,4035.0,4053.0,4051.15,4108.22,313236,12868.43,44374, 92388, 29.49,-0.75
DMART, EQ, 16-Feb-2023,3545.6,3546.0,3567.95,3535.0, 3542.95,3541.7,3548.95,315147,11184.4,35632, 232683, 73.83,-0.11
DMART, EQ, 16-Feb-2024,3678.6,3698.6,3724.65,3665.1,3690.0,3693.3,3689.26,726598,26806.1,30894, 629462, 86.63,0.4
DMART, EQ, 16-Mar-2021,3108.75,3117.0,3166.0,3050.0, 3065.00,3071.0,3105.16,298799,9278.19,29858, 122757, 41.08,-1.21
DMART, EQ, 16-Mar-2022,4231.05,4229.75,4243.6,4153.0,4165.0,4169.55,4189.33,470355,19704.72,47213, 261843, 55.67,-1.45
DMART, EQ, 16-Mar-2023,3337.25,3337.25,3455.15,3292.0, 3384.00,3382.15,3377.82,353906,11954.32,51986, 152843, 43.19,1.35
DMART, EQ, 16-Apr-2021,2928.9,2947.0,2980.0,2902.0,2906.95,2919.9,2946.59,334483,9855.84,32086, 132033, 39.47,-0.31
DMART, EQ, 16-Apr-2024,4686.8,4650.0,4689.3,4611.35, 4630.00,4644.3,4650.21,245231,11403.76,29695, 153075, 62.42,-0.91
DMART, EQ, 16-Apr-2025,4212.7,4240.0,4265.0,4200.2,4224.9,4221.5,4227.27,331624,14018.64,42636, 135811, 40.95,0.21
DMART, EQ, 16-May-2022,3230.6,3260.0,3620.0,3186.0,3565.0,3561.1,3467.52,1871384,64890.59,152299, 409390, 21.88,10.23
DMART, EQ, 16-May-2023,3523.4,3535.4,3557.05,3475.0,3480.05,3479.25,3492.7,536281,18730.68,72662, 334489, 62.37,-1.25
DMART, EQ, 16-May-2024,4652.45,4674.3,4699.0,4660.05,4675.0,4671.25,4673.04,519285,24266.4,39104, 433947, 83.57,0.4
DMART, EQ, 16-Jun-2020,2365.3,2399.0,2434.0,2356.6, 2401.00,2403.55,2400.23,321260,7710.99,28199, 180916, 56.31,1.62
DMART, EQ, 16-Jun-2021,3359.5,3359.5,3396.9,3275.65, 3292.00,3310.4,3346.63,441188,14764.94,48011, 182834, 41.44,-1.46
DMART, EQ, 16-Jun-2022,3662.9,3736.0,3737.9,3562.0, 3690.00,3682.6,3662.08,408563,14961.92,49994, 119997, 29.37,0.54
DMART, EQ, 16-Jun-2023,3917.7,3952.0,4144.0,3951.5, 4084.00,4085.6,4067.03,2113207,85944.82,170577, 677990, 32.08,4.29
DMART, EQ, 16-Jul-2020,2146.35,2145.0,2149.7,1980.0, 2005.00,2007.05,2017.61,3723257,75120.99,220170, 2590190, 69.57,-6.49
DMART, EQ, 16-Jul-2021,3328.5,3332.95,3365.0,3327.0, 3349.00,3349.2,3344.99,316985,10603.1,23545, 200456, 63.24,0.62
DMART, EQ, 16-Jul-2024,4988.85,5000.0,5104.0,4979.0,5039.9,5039.85,5041.89,1062769,53583.62,60856, 786761, 74.03,1.02
DMART, EQ, 16-Aug-2021,3594.55,3594.0,3659.0,3566.3,3617.0,3633.5,3618.15,180469,6529.64,17991, 65567, 36.33,1.08
DMART, EQ, 16-Aug-2022,4336.7,4355.0,4412.0,4350.55,4401.15,4402.1,4394.06,290414,12760.96,37121, 133768, 46.06,1.51
DMART, EQ, 16-Aug-2023,3509.3,3527.95,3527.95,3491.25, 3500.00,3499.35,3505.61,321024,11253.86,38391, 242100, 75.41,-0.28
DMART, EQ, 16-Aug-2024,4960.3,4995.0,5025.0,4902.7,5013.25,5021.3,4979.78,193826,9652.1,27122, 109243, 56.36,1.23
DMART, EQ, 16-Sep-2020,2136.15,2152.55,2173.0,2130.7,2137.0,2135.95,2149.49,391188,8408.57,36519, 162584, 41.56,-0.01
DMART, EQ, 16-Sep-2021,3982.6,3982.6,4100.0,3981.05,4085.0,4084.5,4053.62,486429,19718.01,46330, 262500, 53.96,2.56
DMART, EQ, 16-Sep-2022,4525.85,4528.9,4550.0,4285.4, 4340.00,4327.55,4384.11,584163,25610.37,48819, 363899, 62.29,-4.38
DMART, EQ, 16-Sep-2024,5187.05,5188.05,5260.0,5176.15,5220.0,5204.8,5212.18,198479,10345.08,27624, 113068, 56.97,0.34
DMART, EQ, 16-Oct-2020,1977.7,1980.0,1999.0,1970.0, 1988.00,1984.2,1977.29,614032,12141.22,33319, 422859, 68.87,0.33
DMART, EQ, 16-Oct-2023,3935.85,3825.05,3873.9,3772.75, 3865.00,3856.8,3836.17,1102582,42296.89,88286, 525820, 47.69,-2.01
DMART, EQ, 16-Oct-2024,4193.55,4209.0,4215.0,4149.0,4150.0,4173.8,4189.11,688895,28858.54,64434, 459706, 66.73,-0.47
DMART, EQ, 16-Nov-2021,5023.3,5025.0,5100.0,4982.0, 5070.00,5081.5,5054.33,538836,27234.54,60795, 254910, 47.31,1.16
DMART, EQ, 16-Nov-2022,4053.8,4053.8,4059.95,4003.15, 4013.50,4011.7,4015.3,290474,11663.39,35345, 198920, 68.48,-1.04
DMART, EQ, 16-Nov-2023,3791.95,3795.0,3800.0,3765.0, 3793.80,3790.25,3785.53,148945,5638.35,16464, 83319, 55.94,-0.04
DMART, EQ, 16-Dec-2020,2640.05,2650.05,2678.45,2605.0, 2619.00,2627.05,2634.95,452432,11921.36,44658, 158989, 35.14,-0.49
DMART, EQ, 16-Dec-2021,4749.45,4801.0,4815.15,4726.15, 4749.00,4742.1,4763.21,243570,11601.74,32690, 127326, 52.27,-0.15
DMART, EQ, 16-Dec-2022,4182.0,4140.65,4150.5,3956.0, 4008.00,3990.0,4034.42,380722,15359.92,39283, 198050, 52.02,-4.59
DMART, EQ, 16-Dec-2024,3652.3,3650.0,3672.5,3612.25,3621.95,3623.8,3630.36,595919,21634.02,79398, 344207, 57.76,-0.78
DMART, EQ, 17-Jan-2020,1946.05,1948.0,2000.0,1932.4, 1997.15,1990.55,1975.75,887334,17531.48,36370, 357062, 40.24,2.29
DMART, EQ, 17-Jan-2022,4322.7,4365.0,4414.0,4290.45,4407.0,4400.5,4341.16,870335,37782.63,68639, 408150, 46.90,1.8
DMART, EQ, 17-Jan-2023,3678.35,3681.05,3733.85,3675.0,3682.0,3689.8,3699.56,463947,17164.0,53814, 196528, 42.36,0.31
DMART, EQ, 17-Jan-2024,3828.3,3750.0,3811.9,3750.0, 3782.00,3786.45,3798.42,516399,19614.99,37585, 429406, 83.15,-1.09
DMART, EQ, 17-Jan-2025,3600.95,3610.0,3649.95,3580.95,3615.0,3620.65,3617.25,244753,8853.33,26106, 83754, 34.22,0.55
DMART, EQ, 17-Feb-2020,2408.35,2354.5,2379.3,2330.05, 2336.00,2339.45,2354.47,3097697,72934.31,120935, 1248897, 40.32,-2.86
DMART, EQ, 17-Feb-2021,3130.85,3120.0,3242.0,3090.0, 3190.00,3190.25,3191.97,918192,29308.42,56139, 222393, 24.22,1.9
DMART, EQ, 17-Feb-2022,4051.15,4095.6,4152.0,4080.0,4115.0,4115.4,4109.6,357259,14681.93,47216, 141641, 39.65,1.59
DMART, EQ, 17-Feb-2023,3541.7,3530.0,3567.7,3515.0, 3551.00,3545.0,3542.71,202556,7175.96,16310, 156148, 77.09,0.09
DMART, EQ, 17-Feb-2025,3682.65,3645.05,3683.0,3596.6,3634.6,3621.5,3622.53,571642,20707.92,60864, 377428, 66.03,-1.66
DMART, EQ, 17-Mar-2021,3071.0,3071.0,3095.0,2991.1,3001.0,3014.85,3034.82,304935,9254.23,27167, 113649, 37.27,-1.83
DMART, EQ, 17-Mar-2022,4169.55,4218.0,4239.0,4166.1, 4185.05,4192.75,4199.26,608024,25532.49,57728, 364483, 59.95,0.56
DMART, EQ, 17-Mar-2023,3382.15,3398.0,3399.0,3300.0, 3345.00,3311.3,3322.9,562867,18703.51,53860, 389266, 69.16,-2.09
DMART, EQ, 17-Mar-2025,3797.1,3797.1,3832.35,3788.1,3824.0,3825.3,3816.78,425089,16224.7,33715, 234012, 55.05,0.74
DMART, EQ, 17-Apr-2023,3501.05,3500.0,3530.0,3446.0, 3506.00,3497.1,3488.84,239351,8350.57,40295, 115466, 48.24,-0.11
DMART, EQ, 17-Apr-2025,4221.5,4221.0,4397.0,4192.2,4354.0,4357.1,4324.32,1020665,44136.82,98065, 637093, 62.42,3.21
DMART, EQ, 17-May-2021,2844.65,2864.0,2907.9,2840.3,2899.8,2898.7,2878.89,449529,12941.44,28814, 199556, 44.39,1.9
DMART, EQ, 17-May-2022,3561.1,3620.0,3724.0,3473.45, 3703.00,3657.0,3574.57,926148,33105.85,99550, 227532, 24.57,2.69
DMART, EQ, 17-May-2023,3479.25,3491.7,3498.5,3394.0, 3403.00,3400.2,3422.87,560388,19181.35,64044, 374256, 66.79,-2.27
DMART, EQ, 17-May-2024,4671.25,4680.0,4710.0,4665.05,4700.0,4682.9,4686.61,203113,9519.11,22432, 141524, 69.68,0.25
DMART, EQ, 17-Jun-2020,2403.55,2390.0,2404.0,2325.0,2342.0,2340.4,2369.07,563668,13353.67,30283, 412163, 73.12,-2.63
DMART, EQ, 17-Jun-2021,3310.4,3283.95,3306.6,3260.0, 3286.15,3285.55,3281.97,290181,9523.65,36914, 104830, 36.13,-0.75
DMART, EQ, 17-Jun-2022,3682.6,3670.0,3673.85,3413.7,3472.5,3460.55,3504.73,1104855,38722.17,104467, 552312, 49.99,-6.03
DMART, EQ, 17-Jul-2020,2007.05,2000.0,2019.8,1955.0, 1983.00,1989.75,1979.2,3878450,76762.27,210448, 2205915, 56.88,-0.86
DMART, EQ, 17-Jul-2023,3838.75,3796.85,3823.35,3700.0,3705.0,3713.55,3754.89,1045261,39248.4,98332, 519607, 49.71,-3.26
DMART, EQ, 16-Jul-2024,4988.85,5000.0,5104.0,4979.0,5039.9,5039.85,5041.89,1062769,53583.62,60856, 786761, 74.03,1.02
DMART, EQ, 17-Aug-2020,2178.0,2181.0,2203.75,2160.0, 2193.55,2189.75,2180.49,272840,5949.24,21001, 135961, 49.83,0.54
DMART, EQ, 17-Aug-2021,3633.5,3655.0,3655.0,3604.0,3628.1,3634.35,3624.22,201361,7297.76,22454, 113379, 56.31,0.02
DMART, EQ, 17-Aug-2022,4402.1,4422.0,4438.0,4370.0, 4392.00,4398.65,4403.36,316826,13950.99,34150, 135226, 42.68,-0.08
DMART, EQ, 17-Aug-2023,3499.35,3509.25,3552.0,3500.0, 3510.00,3507.65,3511.36,805813,28294.99,33806, 674811, 83.74,0.24
DMART, EQ, 17-Sep-2020,2135.95,2147.0,2167.0,2133.1, 2139.00,2139.05,2147.2,244384,5247.42,18911, 90294, 36.95,0.15
DMART, EQ, 17-Sep-2021,4084.5,4124.0,4294.65,4120.0, 4196.70,4239.65,4207.86,767511,32295.79,88311, 366616, 47.77,3.8
DMART, EQ, 17-Sep-2024,5204.8,5227.0,5254.0,5200.1,5202.0,5219.85,5219.07,155984,8140.92,26311, 86140, 55.22,0.29
DMART, EQ, 17-Oct-2022,4306.15,4283.95,4307.95,4140.05,4151.25,4153.45,4185.4,950223,39770.66,127112, 405493, 42.67,-3.55
DMART, EQ, 17-Oct-2023,3856.8,3879.15,3885.0,3834.3,3836.7,3842.85,3848.1,394330,15174.2,27364, 263421, 66.80,-0.36
DMART, EQ, 17-Oct-2024,4173.8,4175.0,4180.0,4044.0,4121.0,4087.7,4120.4,731365,30135.13,74432, 432432, 59.13,-2.06
DMART, EQ, 17-Nov-2020,2374.15,2374.15,2507.95,2374.15, 2416.00,2432.15,2458.37,1127375,27715.01,68206, 523984, 46.48,2.44
DMART, EQ, 17-Nov-2021,5081.5,5080.0,5180.0,5079.75, 5123.00,5126.4,5146.65,447914,23052.57,59812, 201108, 44.90,0.88
DMART, EQ, 17-Nov-2022,4011.7,4000.0,4009.95,3940.0, 3955.00,3949.2,3966.27,365371,14491.6,54974, 220847, 60.44,-1.56
DMART, EQ, 17-Nov-2023,3790.25,3794.95,3843.0,3780.0, 3806.00,3810.9,3818.47,266479,10175.43,32657, 154643, 58.03,0.54
DMART, EQ, 17-Dec-2020,2627.05,2645.0,2650.0,2503.0, 2580.00,2556.05,2574.91,796303,20504.08,61590, 364399, 45.76,-2.7
DMART, EQ, 17-Dec-2021,4742.1,4771.0,4791.25,4672.15, 4699.80,4697.8,4730.34,454824,21514.74,39476, 253534, 55.74,-0.93
DMART, EQ, 17-Dec-2024,3623.8,3627.05,3629.95,3519.0,3532.95,3542.95,3571.22,988419,35298.58,87237, 596460, 60.34,-2.23
DMART, EQ, 18-Jan-2021,2820.95,2800.0,2829.9,2715.0, 2715.00,2744.9,2773.91,518632,14386.36,45437, 148721, 28.68,-2.7
DMART, EQ, 18-Jan-2022,4400.5,4425.0,4500.0,4381.0, 4440.00,4441.15,4457.63,940894,41941.59,90885, 322902, 34.32,0.92
DMART, EQ, 18-Jan-2023,3689.8,3708.25,3720.0,3641.5,3645.5,3648.6,3676.12,407988,14998.12,56845, 231685, 56.79,-1.12
DMART, EQ, 18-Jan-2024,3786.45,3786.45,3790.0,3740.0, 3748.00,3748.85,3752.27,489754,18376.9,52535, 391505, 79.94,-0.99
DMART, EQ, 18-Feb-2020,2339.45,2334.95,2384.6,2305.05, 2365.50,2364.9,2346.67,2017080,47334.26,99027, 694531, 34.43,1.09
DMART, EQ, 18-Feb-2021,3190.25,3220.7,3220.7,3052.15,3092.0,3127.75,3146.44,697912,21959.36,45111, 262147, 37.56,-1.96
DMART, EQ, 18-Feb-2022,4115.4,4098.0,4121.0,4056.05,4068.0,4073.1,4093.81,169496,6938.84,24343, 56205, 33.16,-1.03
DMART, EQ, 18-Feb-2025,3621.5,3630.0,3705.95,3606.25,3670.0,3676.6,3666.42,372638,13662.47,47197, 165785, 44.49,1.52
DMART, EQ, 18-Mar-2021,3014.85,3045.0,3074.9,2980.0, 3030.00,3034.6,3039.6,354857,10786.24,27799, 107411, 30.27,0.66
DMART, EQ, 18-Mar-2024,3932.1,3932.1,4019.0,3918.7, 4000.00,4010.55,3990.28,230448,9195.51,27791, 124805, 54.16,2.0
DMART, EQ, 18-Mar-2025,3825.3,3843.75,3868.4,3783.0,3829.0,3833.85,3826.42,296518,11346.02,33289, 134034, 45.20,0.22
DMART, EQ, 18-Apr-2022,4090.9,4065.0,4079.0,4009.0, 4053.00,4056.0,4049.12,193904,7851.4,29369, 104077, 53.67,-0.85
DMART, EQ, 18-Apr-2023,3497.1,3501.95,3565.0,3461.0, 3501.00,3506.8,3504.16,304634,10674.87,38861, 110606, 36.31,0.28
DMART, EQ, 18-Apr-2024,4644.3,4644.3,4694.3,4605.0, 4637.95,4627.1,4630.41,417772,19344.55,35489, 316775, 75.82,-0.37
DMART, EQ, 18-May-2021,2898.7,2920.0,3080.0,2910.75, 3071.00,3056.3,3003.81,1022329,30708.8,66857, 330837, 32.36,5.44
DMART, EQ, 18-May-2022,3657.0,3700.0,3781.0,3650.0,3655.0,3664.05,3719.59,712472,26501.03,80115, 202257, 28.39,0.19
DMART, EQ, 18-May-2023,3400.2,3420.05,3451.1,3352.0, 3375.00,3368.55,3406.49,289248,9853.19,38986, 165518, 57.22,-0.93
DMART, EQ, 18-Jun-2020,2340.4,2331.0,2365.0,2320.3,2348.0,2350.85,2350.05,199698,4693.0,25975, 122719, 61.45,0.45
DMART, EQ, 18-Jun-2021,3285.55,3317.5,3372.35,3252.2, 3323.00,3317.7,3321.01,765935,25436.81,97105, 290820, 37.97,0.98
DMART, EQ, 18-Jun-2024,4739.95,4739.95,5080.0,4734.8,5035.0,5039.3,4956.69,2054168,101818.68,165007, 757719, 36.89,6.32
DMART, EQ, 18-Jul-2022,3926.8,3951.0,3968.0,3920.0,3935.0,3945.75,3944.02,287481,11338.3,28728, 119026, 41.40,0.48
DMART, EQ, 18-Jul-2023,3713.55,3700.0,3711.95,3672.0, 3677.00,3676.5,3690.12,499878,18446.09,51780, 312288, 62.47,-1.0
DMART, EQ, 18-Jul-2024,5039.85,5039.85,5096.95,5028.0,5080.0,5083.45,5048.35,837644,42287.18,45226, 675183, 80.61,0.87
DMART, EQ, 18-Aug-2020,2189.75,2195.0,2266.3,2170.0,2253.0,2259.45,2235.64,700408,15658.58,43881, 338803, 48.37,3.18
DMART, EQ, 18-Aug-2021,3634.35,3640.0,3668.25,3626.15, 3649.80,3650.6,3649.79,147888,5397.6,18933, 70068, 47.38,0.45
DMART, EQ, 18-Aug-2022,4398.65,4425.0,4493.1,4401.05,4455.0,4460.95,4446.24,468551,20832.92,42195, 165319, 35.28,1.42
DMART, EQ, 18-Aug-2023,3507.65,3510.0,3594.15,3501.0, 3532.00,3540.95,3556.43,570307,20282.59,47899, 349188, 61.23,0.95
DMART, EQ, 18-Sep-2020,2139.05,2149.9,2175.95,2104.0, 2172.80,2149.05,2132.21,1204363,25679.6,65031, 724987, 60.20,0.47
DMART, EQ, 18-Sep-2023,3796.0,3795.8,3810.0,3771.25, 3797.05,3797.9,3792.75,114208,4331.62,16384, 55900, 48.95,0.05
DMART, EQ, 18-Sep-2024,5219.85,5225.0,5289.0,5219.9,5261.0,5265.2,5257.82,201983,10619.89,26748, 104314, 51.64,0.87
DMART, EQ, 18-Oct-2021,5323.75,5599.0,5900.0,4851.1, 4920.00,4897.8,5183.58,4748382,246136.25,574588, 1556195, 32.77,-8.0
DMART, EQ, 18-Oct-2022,4153.45,4188.0,4189.0,4110.0,4135.0,4139.35,4147.01,346218,14357.7,40195, 136277, 39.36,-0.34
DMART, EQ, 18-Oct-2023,3842.85,3842.85,3853.1,3776.25, 3800.00,3795.95,3805.95,356321,13561.42,57835, 244412, 68.59,-1.22
DMART, EQ, 18-Oct-2024,4087.7,4100.0,4114.0,3975.1,3990.0,3986.7,4013.9,1094839,43945.77,105076, 759784, 69.40,-2.47
DMART, EQ, 18-Nov-2020,2432.15,2420.0,2420.0,2360.85, 2379.00,2375.05,2383.37,607582,14480.95,34246, 247545, 40.74,-2.35
DMART, EQ, 18-Nov-2021,5126.4,5130.0,5180.0,5037.0,5060.05,5080.9,5099.66,428372,21845.54,61486, 161424, 37.68,-0.89
DMART, EQ, 18-Nov-2022,3949.2,3968.9,4020.0,3890.05, 3929.70,3910.6,3924.92,402297,15789.85,49487, 222438, 55.29,-0.98
DMART, EQ, 18-Nov-2024,3823.85,3948.0,3948.0,3757.6,3775.0,3790.55,3792.41,656068,24880.76,52156, 478576, 72.95,-0.87
DMART, EQ, 18-Dec-2020,2556.05,2574.0,2650.0,2555.0, 2640.40,2637.05,2611.49,681413,17795.06,49056, 246202, 36.13,3.17
DMART, EQ, 18-Dec-2023,4045.65,4045.0,4079.8,4000.0, 4002.00,4010.15,4038.15,221527,8945.6,28836, 125471, 56.64,-0.88
DMART, EQ, 18-Dec-2024,3542.95,3542.95,3558.0,3492.7,3514.9,3515.7,3517.78,748691,26337.28,63258, 468298, 62.55,-0.77
DMART, EQ, 19-Jan-2021,2744.9,2754.9,2818.6,2750.0, 2776.05,2778.4,2790.72,317833,8869.82,28300, 99206, 31.21,1.22
DMART, EQ, 19-Jan-2022,4441.15,4459.0,4505.0,4365.0, 4493.20,4483.4,4441.79,579886,25757.33,68370, 255946, 44.14,0.95
DMART, EQ, 19-Jan-2023,3648.6,3647.0,3647.8,3560.0, 3563.00,3565.1,3587.14,583389,20926.99,77387, 367552, 63.00,-2.29
DMART, EQ, 19-Jan-2024,3748.85,3762.95,3768.7,3704.5, 3745.00,3731.7,3725.25,565533,21067.52,48776, 457469, 80.89,-0.46
DMART, EQ, 19-Feb-2020,2364.9,2385.0,2437.0,2372.1, 2430.00,2424.5,2409.36,1759543,42393.69,82230, 558563, 31.74,2.52
DMART, EQ, 19-Feb-2021,3127.75,3127.65,3166.0,3058.0,3080.0,3101.65,3113.65,404442,12592.91,36167, 102220, 25.27,-0.83
DMART, EQ, 19-Feb-2024,3693.3,3673.3,3722.0,3673.3, 3707.00,3707.25,3705.48,226669,8399.18,22636, 156040, 68.84,0.38
DMART, EQ, 19-Feb-2025,3676.6,3674.3,3713.95,3627.45,3694.35,3685.0,3683.55,265834,9792.13,28457, 132379, 49.80,0.23
DMART, EQ, 19-Mar-2021,3034.6,3021.5,3021.5,2925.0,2958.0,2960.3,2969.69,570995,16956.76,59803, 241893, 42.36,-2.45
DMART, EQ, 19-Mar-2024,4010.55,4008.0,4046.05,3983.05, 4006.00,4014.1,4023.11,451330,18157.5,39740, 293312, 64.99,0.09
DMART, EQ, 19-Mar-2025,3833.85,3850.0,3860.0,3795.0,3842.0,3845.2,3831.18,285707,10945.94,24703, 132800, 46.48,0.3
DMART, EQ, 19-Apr-2021,2919.9,2860.45,2869.5,2820.25,2851.2,2850.75,2847.19,267692,7621.7,28564, 120026, 44.84,-2.37
DMART, EQ, 19-Apr-2022,4056.0,4089.9,4131.9,3975.0,4011.5,4008.9,4048.22,222195,8994.95,34816, 114286, 51.44,-1.16
DMART, EQ, 19-Apr-2023,3506.8,3506.75,3528.0,3470.0, 3478.75,3476.2,3481.32,157606,5486.77,26636, 74840, 47.49,-0.87
DMART, EQ, 19-Apr-2024,4627.1,4766.95,4836.7,4651.1, 4711.00,4696.0,4721.01,778084,36733.42,77642, 306831, 39.43,1.49
DMART, EQ, 19-May-2021,3056.3,3069.0,3090.95,3010.1, 3025.00,3027.9,3043.81,683428,20802.24,51303, 304412, 44.54,-0.93
DMART, EQ, 19-May-2022,3664.05,3513.0,3649.0,3491.5,3620.0,3614.85,3584.54,439658,15759.7,48694, 89497, 20.36,-1.34
DMART, EQ, 19-May-2023,3368.55,3390.0,3434.0,3375.6,3399.85,3395.25,3408.24,265437,9046.72,32914, 140076, 52.77,0.79
DMART, EQ, 19-Jun-2020,2350.85,2372.7,2399.0,2310.0, 2372.00,2363.15,2367.17,1479487,35021.96,64262, 947162, 64.02,0.52
DMART, EQ, 19-Jun-2023,4085.6,4086.0,4150.0,3956.25, 3991.90,3975.7,4010.19,703098,28195.57,77166, 266221, 37.86,-2.69
DMART, EQ, 19-Jun-2024,5039.3,5079.0,5219.0,4901.35,4914.0,4933.9,5079.85,1438750,73086.41,127961, 411614, 28.61,-2.09
DMART, EQ, 19-Jul-2021,3349.2,3320.0,3348.9,3315.15, 3323.00,3331.6,3332.08,143633,4785.96,18511, 74986, 52.21,-0.53
DMART, EQ, 19-Jul-2022,3945.75,3911.0,3942.0,3911.0, 3920.00,3931.3,3930.54,169004,6642.77,21859, 69960, 41.40,-0.37
DMART, EQ, 19-Jul-2023,3676.5,3689.95,3720.0,3678.55, 3710.00,3705.85,3702.42,277417,10271.15,33703, 120509, 43.44,0.8
DMART, EQ, 19-Jul-2024,5083.45,5062.1,5078.5,4955.0,4999.35,5010.7,5015.06,444963,22315.18,33762, 333426, 74.93,-1.43
DMART, EQ, 19-Aug-2020,2259.45,2279.0,2309.25,2240.0,2245.0,2266.6,2288.93,590890,13525.08,38714, 294507, 49.84,0.32
DMART, EQ, 18-Aug-2021,3634.35,3640.0,3668.25,3626.15, 3649.80,3650.6,3649.79,147888,5397.6,18933, 70068, 47.38,0.45
DMART, EQ, 19-Aug-2022,4460.95,4487.0,4523.5,4352.75, 4376.00,4382.0,4451.86,437762,19488.57,44566, 159107, 36.35,-1.77
DMART, EQ, 19-Aug-2024,5021.3,5040.0,5048.0,4982.05,5000.1,5002.7,5000.59,171799,8590.96,18386, 116067, 67.56,-0.37
DMART, EQ, 19-Sep-2022,4327.55,4340.0,4417.2,4271.25, 4351.00,4348.0,4358.71,235756,10275.92,30568, 99151, 42.06,0.47
DMART, EQ, 19-Sep-2024,5265.2,5295.0,5443.95,5180.0,5335.0,5342.5,5297.02,392198,20774.8,43016, 231008, 58.90,1.47
DMART, EQ, 19-Oct-2020,1984.2,1969.05,2140.0,1954.85, 2099.00,2094.3,2066.53,3267640,67526.77,169962, 742261, 22.72,5.55
DMART, EQ, 19-Oct-2021,4897.8,5000.0,5100.0,4725.0,4788.95,4754.55,4874.44,1804742,87971.04,283142, 570783, 31.63,-2.92
DMART, EQ, 19-Oct-2022,4139.35,4168.0,4194.1,4139.35, 4164.95,4167.85,4174.08,266990,11144.37,41264, 118511, 44.39,0.69
DMART, EQ, 19-Oct-2023,3795.95,3790.0,3790.0,3746.85,3774.0,3766.85,3766.41,168075,6330.39,30902, 94579, 56.27,-0.77
DMART, EQ, 19-Nov-2020,2375.05,2375.0,2415.0,2330.0, 2387.00,2392.2,2365.81,460179,10886.94,34097, 199458, 43.34,0.72
DMART, EQ, 19-Nov-2024,3790.55,3792.5,3794.55,3737.65,3757.5,3752.45,3768.41,813368,30651.04,63380, 675123, 83.00,-1.01
DMART, EQ, 19-Dec-2022,3990.0,4020.0,4099.9,4000.0,4088.0,4090.2,4074.48,300724,12252.95,46513, 123307, 41.00,2.51
DMART, EQ, 19-Dec-2023,4010.15,4010.0,4048.95,3990.25, 4030.00,4021.35,4017.74,185004,7432.97,25960, 96697, 52.27,0.28
DMART, EQ, 19-Dec-2024,3515.7,3500.0,3522.7,3455.7,3499.85,3498.15,3498.64,684534,23949.37,65633, 415131, 60.64,-0.5
DMART, EQ, 20-Jan-2020,1990.55,2000.0,2004.45,1927.0, 1928.00,1936.65,1966.78,467366,9192.06,21887, 219298, 46.92,-2.71
DMART, EQ, 20-Jan-2021,2778.4,2797.85,2798.0,2740.1, 2748.25,2764.95,2772.32,303828,8423.07,33776, 130924, 43.09,-0.48
DMART, EQ, 20-Jan-2022,4483.4,4517.0,4517.0,4462.35, 4466.05,4483.55,4489.03,350124,15717.16,37765, 151639, 43.31,0.0
DMART, EQ, 20-Jan-2023,3565.1,3571.95,3580.0,3510.0,3518.9,3513.75,3528.26,522635,18439.92,71779, 351073, 67.17,-1.44
DMART, EQ, 20-Jan-2025,3620.65,3624.0,3640.0,3598.0,3609.0,3614.7,3613.34,195566,7066.46,23306, 90274, 46.16,-0.16
DMART, EQ, 20-Feb-2020,2424.5,2433.0,2485.0,2430.0, 2458.00,2462.65,2464.82,1359803,33516.7,51278, 496356, 36.50,1.57
DMART, EQ, 20-Feb-2023,3545.0,3545.95,3574.75,3540.05, 3551.00,3552.85,3558.47,191038,6798.03,15442, 135954, 71.17,0.22
DMART, EQ, 20-Feb-2024,3707.25,3701.0,3784.0,3691.4, 3751.60,3756.2,3743.23,316518,11847.99,31286, 181184, 57.24,1.32
DMART, EQ, 20-Feb-2025,3685.0,3687.0,3709.0,3615.0,3629.55,3623.8,3638.62,552762,20112.9,43034, 345302, 62.47,-1.66
DMART, EQ, 20-Mar-2023,3311.3,3295.0,3377.55,3295.0,3353.0,3366.1,3327.71,240057,7988.4,33429, 119295, 49.69,1.65
DMART, EQ, 20-Mar-2024,4014.1,4015.0,4068.0,4009.25, 4049.95,4056.35,4046.78,346426,14019.09,45163, 195333, 56.39,1.05
DMART, EQ, 20-Mar-2025,3845.2,3864.4,3904.75,3831.15,3874.15,3884.4,3874.66,267764,10374.94,31216, 103875, 38.79,1.02
DMART, EQ, 20-Apr-2021,2850.75,2880.0,2889.8,2756.0,2780.0,2778.25,2814.09,451846,12715.35,34547, 233945, 51.78,-2.54
DMART, EQ, 20-Apr-2022,4008.9,4026.0,4065.0,4000.0, 4060.00,4054.8,4031.97,222817,8983.92,25987, 116378, 52.23,1.14
DMART, EQ, 20-Apr-2023,3476.2,3489.2,3492.0,3455.0, 3480.00,3482.2,3473.32,137578,4778.52,16473, 87831, 63.84,0.17
DMART, EQ, 20-May-2021,3027.9,3055.0,3055.0,3001.0, 3030.00,3026.6,3027.48,352477,10671.17,28335, 200632, 56.92,-0.04
DMART, EQ, 20-May-2022,3614.85,3708.9,3717.2,3610.0, 3620.85,3630.4,3660.4,334172,12232.02,34706, 108646, 32.51,0.43
DMART, EQ, 18-May-2024,4682.9,4694.3,4694.3,4618.65,4674.65,4670.65,4666.05,17889,834.71,3233, 9445, 52.80,-0.26
DMART, EQ, 20-Jun-2022,3460.55,3493.45,3536.7,3460.55,3480.0,3479.1,3491.13,222230,7758.35,34786, 47235, 21.26,0.54
DMART, EQ, 20-Jun-2023,3975.7,3985.0,4045.0,3910.0, 3986.70,3986.9,3988.91,531748,21210.93,55801, 138048, 25.96,0.28
DMART, EQ, 20-Jun-2024,4933.9,4947.45,5022.5,4832.2,4866.9,4861.7,4906.75,577843,28353.3,72031, 242587, 41.98,-1.46
DMART, EQ, 20-Jul-2020,1989.75,1979.9,2039.0,1968.0, 2015.00,2019.0,2014.62,1556417,31355.89,99613, 641397, 41.21,1.47
DMART, EQ, 20-Jul-2021,3331.6,3347.0,3419.0,3334.0, 3394.00,3397.3,3384.9,553490,18735.06,47881, 204257, 36.90,1.97
DMART, EQ, 20-Jul-2022,3931.3,3960.0,3965.0,3902.0, 3930.00,3915.45,3936.97,251615,9906.0,31711, 101745, 40.44,-0.4
DMART, EQ, 20-Jul-2023,3705.85,3705.85,3713.35,3668.05,3680.0,3678.8,3680.75,503722,18540.74,49860, 364695, 72.40,-0.73
DMART, EQ, 20-Aug-2020,2266.6,2252.0,2290.0,2219.0,2285.2,2285.9,2267.6,373075,8459.86,26818, 221694, 59.42,0.85
DMART, EQ, 20-Aug-2021,3650.6,3650.0,3707.15,3618.0,3641.0,3643.1,3657.47,232756,8512.98,36981, 99932, 42.93,-0.21
DMART, EQ, 20-Aug-2024,5002.7,5008.0,5095.95,4987.7,5075.0,5079.2,5043.49,320092,16143.8,36777, 206563, 64.53,1.53
DMART, EQ, 20-Sep-2021,4239.65,4208.0,4430.0,4151.0, 4428.00,4355.9,4272.7,438432,18732.86,64141, 162530, 37.07,2.74
DMART, EQ, 20-Sep-2022,4348.0,4401.1,4412.0,4330.0, 4341.15,4349.3,4368.6,203661,8897.14,21673, 108010, 53.03,0.03
DMART, EQ, 20-Sep-2023,3797.9,3789.95,3789.95,3715.5, 3738.00,3729.4,3746.98,182671,6844.65,23954, 105656, 57.84,-1.8
DMART, EQ, 20-Sep-2024,5342.5,5360.0,5417.95,5225.1,5342.35,5320.55,5316.28,598428,31814.09,76261, 330226, 55.18,-0.41
DMART, EQ, 20-Oct-2020,2094.3,2099.0,2170.0,2056.0, 2137.00,2143.05,2138.23,1555361,33257.26,75631, 358353, 23.04,2.33
DMART, EQ, 20-Oct-2021,4754.55,4789.0,4860.0,4470.25, 4636.85,4596.4,4587.49,1677557,76957.77,218023, 618819, 36.89,-3.33
DMART, EQ, 20-Oct-2022,4167.85,4155.0,4233.0,4140.45,4224.0,4226.25,4218.63,292757,12350.35,28364, 132328, 45.20,1.4
DMART, EQ, 20-Oct-2023,3766.85,3760.05,3780.95,3742.1, 3750.00,3749.5,3756.35,200038,7514.13,19905, 130347, 65.16,-0.46
DMART, EQ, 20-Nov-2020,2392.2,2390.0,2438.95,2350.55,2366.2,2382.6,2398.0,284940,6832.85,20378, 85103, 29.87,-0.4
DMART, EQ, 20-Nov-2023,3810.9,3810.9,3833.0,3771.7, 3804.00,3792.9,3803.25,252998,9622.14,29850, 173274, 68.49,-0.47
DMART, EQ, 19-Nov-2024,3790.55,3792.5,3794.55,3737.65,3757.5,3752.45,3768.41,813368,30651.04,63380, 675123, 83.00,-1.01
DMART, EQ, 20-Dec-2021,4697.8,4669.0,4690.0,4552.25,4600.0,4618.95,4621.34,310441,14346.54,47879, 112982, 36.39,-1.68
DMART, EQ, 20-Dec-2022,4090.2,4088.0,4138.6,4052.15,4086.95,4089.55,4097.79,217791,8924.62,30021, 88298, 40.54,-0.02
DMART, EQ, 20-Dec-2023,4021.35,4011.0,4046.45,3905.0, 3970.00,3965.9,3974.58,244858,9732.07,31818, 130733, 53.39,-1.38
DMART, EQ, 20-Dec-2024,3498.15,3519.95,3519.95,3399.0,3406.5,3408.3,3459.71,914445,31637.18,68576, 455521, 49.81,-2.57
DMART, EQ, 21-Jan-2020,1936.65,1930.0,1959.55,1901.9, 1912.00,1912.35,1932.83,321554,6215.09,18327, 113062, 35.16,-1.25
DMART, EQ, 21-Jan-2021,2764.95,2775.0,2802.95,2701.0, 2730.00,2719.15,2753.67,342825,9440.28,39878, 150960, 44.03,-1.66
DMART, EQ, 21-Jan-2022,4483.55,4410.0,4435.45,4281.0, 4305.00,4299.8,4344.74,606584,26354.47,82459, 324817, 53.55,-4.1
DMART, EQ, 21-Jan-2025,3614.7,3614.7,3630.0,3547.35,3592.0,3587.8,3589.92,211130,7579.41,28791, 68652, 32.52,-0.74
DMART, EQ, 21-Feb-2022,4073.1,4048.0,4170.0,3990.0, 4090.00,4096.6,4097.62,480541,19690.76,64824, 139645, 29.06,0.58
DMART, EQ, 21-Feb-2023,3552.85,3570.0,3570.0,3516.25, 3524.50,3525.6,3529.22,302260,10667.41,24661, 237738, 78.65,-0.77
DMART, EQ, 21-Feb-2024,3756.2,3752.0,3889.0,3752.0, 3833.00,3835.75,3837.42,592509,22737.09,62565, 279980, 47.25,2.12
DMART, EQ, 21-Feb-2025,3623.8,3630.0,3663.0,3569.5,3602.75,3596.7,3613.0,532244,19229.98,32216, 379227, 71.25,-0.75
DMART, EQ, 21-Mar-2022,4192.75,4217.0,4217.0,4080.6,4098.8,4095.2,4129.46,370641,15305.46,69573, 213420, 57.58,-2.33
DMART, EQ, 21-Mar-2023,3366.1,3371.9,3374.05,3326.15, 3362.00,3357.6,3356.88,223590,7505.64,29702, 144563, 64.66,-0.25
DMART, EQ, 21-Mar-2024,4056.35,4117.0,4238.0,4091.5,4158.0,4163.1,4171.84,1130832,47176.51,122479, 516145, 45.64,2.63
DMART, EQ, 21-Mar-2025,3884.4,3890.0,3948.8,3871.85,3910.0,3892.2,3908.75,431562,16868.66,39425, 223018, 51.68,0.2
DMART, EQ, 21-Apr-2022,4054.8,4075.0,4080.0,4015.0, 4035.00,4030.25,4052.3,209196,8477.24,23615, 121309, 57.99,-0.61
DMART, EQ, 21-Apr-2023,3482.2,3482.1,3482.2,3440.0, 3459.90,3455.9,3454.13,191220,6604.99,23943, 117312, 61.35,-0.76
DMART, EQ, 21-Apr-2025,4357.1,4357.0,4429.0,4321.6,4324.5,4342.3,4369.63,561592,24539.5,46404, 323412, 57.59,-0.34
DMART, EQ, 21-May-2021,3026.6,3041.0,3070.0,3013.0, 3035.00,3034.15,3042.66,375397,11422.06,30266, 176631, 47.05,0.25
DMART, EQ, 21-May-2024,4670.65,4670.0,4737.45,4605.45,4696.0,4705.9,4695.22,179171,8412.48,27344, 105032, 58.62,0.75
DMART, EQ, 21-Jun-2021,3317.7,3319.7,3319.7,3274.0, 3312.60,3311.0,3302.63,164977,5448.59,24881, 59092, 35.82,-0.2
DMART, EQ, 21-Jun-2022,3479.1,3520.0,3545.0,3450.0,3521.0,3519.55,3492.39,340688,11898.17,42882, 101623, 29.83,1.16
DMART, EQ, 21-Jun-2023,3986.9,3987.0,4028.85,3898.05, 3914.40,3919.5,3950.76,310779,12278.13,36237, 117363, 37.76,-1.69
DMART, EQ, 21-Jun-2024,4861.7,4928.0,5082.95,4763.0,4790.0,4804.85,4890.95,726519,35533.7,62109, 268842, 37.00,-1.17
DMART, EQ, 21-Jul-2020,2019.0,2035.0,2054.9,2021.05, 2039.00,2040.8,2038.41,717406,14623.7,56150, 373655, 52.08,1.08
DMART, EQ, 21-Jul-2022,3915.45,3930.0,4059.0,3920.05,4049.9,4035.35,3994.46,587934,23484.78,61994, 266664, 45.36,3.06
DMART, EQ, 21-Jul-2023,3678.8,3653.0,3692.0,3643.6, 3680.00,3675.7,3673.18,369923,13587.94,27565, 251276, 67.93,-0.08
DMART, EQ, 21-Aug-2020,2285.9,2290.4,2300.0,2252.35, 2267.00,2259.45,2271.47,326279,7411.34,31167, 179848, 55.12,-1.16
DMART, EQ, 21-Aug-2023,3540.95,3540.0,3565.0,3522.0, 3549.00,3547.7,3546.92,319920,11347.31,23824, 240284, 75.11,0.19
DMART, EQ, 21-Aug-2024,5079.2,5095.0,5164.0,5051.85,5100.0,5099.45,5108.5,796491,40688.77,57626, 475453, 59.69,0.4
DMART, EQ, 21-Sep-2020,2149.05,2175.0,2177.0,2056.0, 2090.00,2097.45,2105.88,1140224,24011.79,65865, 749079, 65.70,-2.4
DMART, EQ, 21-Sep-2021,4355.9,4415.1,4450.0,4305.05, 4340.30,4361.95,4372.85,437837,19145.96,64647, 157827, 36.05,0.14
DMART, EQ, 21-Sep-2022,4349.3,4349.0,4394.95,4292.05, 4306.00,4308.7,4320.21,223827,9669.8,31499, 99584, 44.49,-0.93
DMART, EQ, 21-Sep-2023,3729.4,3747.0,3775.0,3679.0, 3690.00,3686.95,3712.35,191005,7090.78,25201, 98843, 51.75,-1.14
DMART, EQ, 21-Oct-2020,2143.05,2143.05,2170.0,2061.05, 2092.85,2081.35,2116.69,892875,18899.35,56938, 253654, 28.41,-2.88
DMART, EQ, 21-Oct-2021,4596.4,4650.0,4699.5,4500.0, 4528.95,4521.25,4557.27,1028678,46879.62,139043, 401841, 39.06,-1.63
DMART, EQ, 21-Oct-2022,4226.25,4244.0,4249.75,4190.5,4222.85,4215.55,4214.21,184554,7777.49,20377, 97017, 52.57,-0.25
DMART, EQ, 21-Oct-2024,3986.7,4000.05,4073.0,3961.0, 3965.15,3973.45,3996.45,494815,19775.03,53568, 269686, 54.50,-0.33
DMART, EQ, 21-Nov-2022,3910.6,3923.0,3936.0,3871.05, 3883.00,3882.3,3890.23,204061,7938.45,28352, 131889, 64.63,-0.72
DMART, EQ, 21-Nov-2023,3792.9,3796.0,3842.0,3796.0, 3815.15,3814.95,3820.86,196060,7491.17,15656, 131119, 66.88,0.58
DMART, EQ, 21-Nov-2024,3752.45,3765.05,3774.55,3604.05,3615.85,3622.9,3646.96,934131,34067.39,123074, 643910, 68.93,-3.45
DMART, EQ, 21-Dec-2020,2637.05,2645.0,2715.0,2460.8, 2675.00,2682.4,2633.55,1195766,31491.12,81318, 389385, 32.56,1.72
DMART, EQ, 21-Dec-2021,4618.95,4612.5,4677.0,4571.05,4585.0,4587.4,4627.11,312536,14461.38,47084, 145963, 46.70,-0.68
DMART, EQ, 21-Dec-2022,4089.55,4094.0,4109.95,3975.15, 4000.00,3993.2,4027.82,252192,10157.84,33323, 113869, 45.15,-2.36
DMART, EQ, 21-Dec-2023,3965.9,3950.0,4009.9,3920.05, 3956.00,3954.5,3955.83,286850,11347.29,41448, 164844, 57.47,-0.29
DMART, EQ, 22-Jan-2020,1912.35,1930.0,1932.0,1907.6, 1910.00,1914.7,1916.81,283551,5435.13,31359, 116070, 40.93,0.12
DMART, EQ, 22-Jan-2021,2719.15,2730.1,2899.0,2730.0, 2866.15,2862.75,2830.8,1027906,29097.95,80726, 273308, 26.59,5.28
DMART, EQ, 20-Jan-2024,3731.7,3705.0,3719.9,3667.0, 3681.00,3676.5,3683.99,340503,12544.1,37186, 256767, 75.41,-1.48
DMART, EQ, 22-Jan-2025,3587.8,3604.0,3619.0,3524.5,3560.0,3561.6,3569.5,320915,11455.06,36385, 155767, 48.54,-0.73
DMART, EQ, 22-Feb-2021,3101.65,3093.55,3108.4,2950.0,2983.0,2992.6,3029.18,293190,8881.27,25868, 93310, 31.83,-3.52
DMART, EQ, 22-Feb-2022,4096.6,4001.0,4179.0,3990.0,4160.0,4157.1,4119.66,484781,19971.32,61990, 186860, 38.55,1.48
DMART, EQ, 22-Feb-2023,3525.6,3502.0,3521.85,3486.6, 3505.00,3500.15,3501.53,117550,4116.05,13876, 70734, 60.17,-0.72
DMART, EQ, 22-Feb-2024,3835.75,3860.0,3869.0,3801.85, 3848.00,3851.45,3841.8,237411,9120.86,32965, 139830, 58.90,0.41
DMART, EQ, 22-Mar-2021,2960.3,2980.0,2988.0,2862.0,2905.0,2880.1,2915.02,652753,19027.89,55413, 328612, 50.34,-2.71
DMART, EQ, 22-Mar-2022,4095.2,4129.0,4129.0,4031.0, 4063.00,4054.0,4057.69,396898,16104.88,55865, 197810, 49.84,-1.01
DMART, EQ, 22-Mar-2023,3357.6,3365.0,3415.0,3355.0, 3360.65,3361.4,3374.45,226672,7648.93,41725, 141064, 62.23,0.11
DMART, EQ, 22-Mar-2024,4163.1,4159.8,4330.5,4151.15,4292.0,4297.6,4248.0,921652,39151.77,79173, 495386, 53.75,3.23
DMART, EQ, 22-Apr-2021,2778.25,2785.0,2792.85,2699.0,2712.0,2717.6,2721.22,913846,24867.72,69418, 485800, 53.16,-2.18
DMART, EQ, 22-Apr-2022,4030.25,4028.65,4060.05,3995.75, 4037.00,4028.85,4020.48,210640,8468.74,29033, 96436, 45.78,-0.03
DMART, EQ, 22-Apr-2024,4696.0,4743.0,4815.95,4692.05,4763.0,4758.0,4735.14,257706,12202.74,35874, 140389, 54.48,1.32
DMART, EQ, 22-Apr-2025,4342.3,4363.0,4497.0,4315.0,4436.0,4435.6,4431.95,998024,44231.9,86646, 579003, 58.01,2.15
DMART, EQ, 22-May-2023,3395.25,3400.0,3438.75,3382.15,3424.0,3425.1,3418.6,221481,7571.56,34221, 129923, 58.66,0.88
DMART, EQ, 22-May-2024,4705.9,4763.15,4924.2,4737.15,4777.9,4798.8,4827.67,716981,34613.48,86073, 378228, 52.75,1.97
DMART, EQ, 22-Jun-2020,2363.15,2366.0,2399.4,2340.0, 2354.00,2350.4,2361.48,366255,8649.06,34469, 228251, 62.32,-0.54
DMART, EQ, 22-Jun-2021,3311.0,3328.0,3408.45,3320.0, 3380.00,3373.8,3373.32,518266,17482.78,49835, 220822, 42.61,1.9
DMART, EQ, 22-Jun-2022,3519.55,3524.45,3524.45,3466.05,3468.0,3486.35,3486.31,197297,6878.38,25750, 77399, 39.23,-0.94
DMART, EQ, 22-Jun-2023,3919.5,3935.0,3940.0,3800.0,3815.0,3812.15,3851.06,311631,12001.11,38856, 135523, 43.49,-2.74
DMART, EQ, 22-Jul-2020,2040.8,2055.0,2120.6,2010.0, 2092.00,2110.0,2079.45,1721557,35798.89,94114, 848177, 49.27,3.39
DMART, EQ, 22-Jul-2021,3397.3,3434.0,3449.0,3383.0, 3400.00,3397.35,3415.38,216224,7384.88,27257, 102996, 47.63,0.0
DMART, EQ, 22-Jul-2022,4035.35,4070.0,4077.9,3950.0, 3956.00,3963.4,3986.98,457904,18256.55,60180, 205285, 44.83,-1.78
DMART, EQ, 22-Jul-2024,5010.7,4955.0,5031.95,4922.75,5010.5,5012.85,4999.6,559762,27985.86,22401, 474058, 84.69,0.04
DMART, EQ, 22-Aug-2022,4382.0,4371.0,4371.0,4231.0, 4252.50,4250.75,4286.3,330916,14184.04,47241, 160703, 48.56,-3.0
DMART, EQ, 22-Aug-2023,3547.7,3550.0,3582.95,3530.55, 3571.60,3568.9,3563.44,258022,9194.45,21860, 168960, 65.48,0.6
DMART, EQ, 22-Aug-2024,5099.45,5145.0,5145.0,5021.15,5036.0,5057.85,5090.09,353198,17978.08,27686, 267866, 75.84,-0.82
DMART, EQ, 22-Sep-2020,2097.45,2099.0,2104.85,1995.1, 2067.00,2049.3,2038.95,723124,14744.1,54085, 343504, 47.50,-2.3
DMART, EQ, 22-Sep-2021,4361.95,4373.0,4420.0,4331.2, 4383.00,4378.65,4365.39,243996,10651.38,32324, 93493, 38.32,0.38
DMART, EQ, 22-Sep-2022,4308.7,4288.75,4440.6,4257.0, 4439.00,4431.7,4379.16,465230,20373.14,50743, 189218, 40.67,2.85
DMART, EQ, 22-Sep-2023,3686.95,3687.0,3717.55,3653.95, 3697.25,3689.1,3677.74,148096,5446.59,16179, 85357, 57.64,0.06
DMART, EQ, 22-Oct-2020,2081.35,2081.0,2129.9,2062.9, 2117.00,2100.3,2093.34,548828,11488.83,43757, 183862, 33.50,0.91
DMART, EQ, 22-Oct-2021,4521.25,4559.0,4560.0,4482.0, 4515.00,4521.45,4522.52,739603,33448.71,96063, 284007, 38.40,0.0
DMART, EQ, 22-Oct-2024,3973.45,3999.9,4057.0,3965.9,4004.95,4005.2,4005.57,698102,27962.98,77039, 348679, 49.95,0.8
DMART, EQ, 22-Nov-2021,5080.9,5100.0,5100.0,4782.0,4829.0,4828.3,4900.8,650655,31887.3,93054, 298225, 45.83,-4.97
DMART, EQ, 22-Nov-2022,3882.3,3884.95,4026.0,3883.0, 3950.00,3955.2,3961.31,504844,19998.41,55951, 140125, 27.76,1.88
DMART, EQ, 22-Nov-2023,3814.95,3820.0,3873.85,3812.35, 3845.00,3838.25,3840.73,200608,7704.81,19933, 110425, 55.05,0.61
DMART, EQ, 22-Nov-2024,3622.9,3615.85,3656.1,3564.0,3610.0,3613.65,3625.09,940870,34107.38,101401, 697551, 74.14,-0.26
DMART, EQ, 22-Dec-2020,2682.4,2676.0,2678.3,2552.25, 2628.00,2625.75,2605.22,744981,19408.4,75048, 177353, 23.81,-2.11
DMART, EQ, 22-Dec-2021,4587.4,4627.95,4695.5,4587.4, 4685.00,4655.85,4647.06,338380,15724.73,29974, 132404, 39.13,1.49
DMART, EQ, 22-Dec-2022,3993.2,4008.0,4029.0,3905.5, 3917.00,3921.55,3933.98,283003,11133.27,37033, 122812, 43.40,-1.79
DMART, EQ, 22-Dec-2023,3954.5,3977.95,4015.0,3962.05, 4010.00,4007.95,3995.49,224831,8983.09,24375, 153537, 68.29,1.35
DMART, EQ, 23-Jan-2020,1914.7,1920.0,1929.05,1910.1, 1926.00,1924.7,1920.47,203734,3912.65,13214, 78034, 38.30,0.52
DMART, EQ, 23-Jan-2023,3513.75,3525.0,3529.75,3425.0,3439.0,3434.0,3449.68,892606,30792.07,118316, 606648, 67.96,-2.27
DMART, EQ, 23-Jan-2024,3676.5,3675.0,3714.0,3651.05, 3672.00,3675.9,3671.32,299750,11004.79,38566, 205493, 68.55,-0.02
DMART, EQ, 23-Jan-2025,3561.6,3555.0,3609.8,3530.0,3600.0,3598.35,3590.98,263606,9466.04,29689, 129480, 49.12,1.03
DMART, EQ, 23-Feb-2021,2992.6,3000.0,3174.0,2987.3, 3143.00,3151.95,3088.1,605901,18710.82,35943, 188595, 31.13,5.32
DMART, EQ, 23-Feb-2022,4157.1,4165.0,4217.7,4135.0,4207.0,4193.45,4182.14,360454,15074.7,45642, 146437, 40.63,0.87
DMART, EQ, 23-Feb-2023,3500.15,3503.9,3515.0,3437.0,3480.0,3478.75,3482.14,237976,8286.65,26788, 129283, 54.33,-0.61
DMART, EQ, 23-Feb-2024,3851.45,3860.0,3872.0,3828.65, 3849.00,3840.55,3843.92,226731,8715.36,29696, 143379, 63.24,-0.28
DMART, EQ, 23-Mar-2021,2880.1,2908.0,3000.8,2905.0, 2930.00,2933.65,2954.84,650768,19229.13,61500, 220128, 33.83,1.86
DMART, EQ, 23-Mar-2022,4054.0,4085.7,4119.0,4064.6, 4076.10,4091.35,4090.41,285639,11683.82,34007, 125878, 44.07,0.92
DMART, EQ, 23-Mar-2023,3361.4,3361.35,3393.8,3342.1, 3365.00,3373.5,3362.81,191330,6434.06,27285, 115147, 60.18,0.36
DMART, EQ, 23-Apr-2021,2717.6,2709.0,2743.9,2676.4,2704.5,2713.7,2717.76,436472,11862.28,35757, 166153, 38.07,-0.14
DMART, EQ, 23-Apr-2024,4758.0,4804.5,4890.0,4773.0,4785.0,4800.55,4811.87,458148,22045.48,57078, 236333, 51.58,0.89
DMART, EQ, 23-Apr-2025,4435.6,4455.5,4533.8,4434.0,4506.3,4508.1,4471.17,1223678,54712.72,73207, 778094, 63.59,1.63
DMART, EQ, 23-May-2022,3630.4,3650.0,3694.5,3552.05,3564.0,3574.1,3632.58,258246,9380.99,31693, 79353, 30.73,-1.55
DMART, EQ, 23-May-2023,3425.1,3425.5,3445.0,3420.6, 3434.65,3432.95,3432.23,168585,5786.22,26744, 114331, 67.82,0.23
DMART, EQ, 23-May-2024,4798.8,4794.5,4812.0,4755.8,4790.5,4793.55,4785.13,151025,7226.74,40091, 85995, 56.94,-0.11
DMART, EQ, 23-Jun-2020,2350.4,2350.3,2375.0,2340.0, 2356.00,2359.9,2355.02,175282,4127.93,18700, 88680, 50.59,0.4
DMART, EQ, 23-Jun-2021,3373.8,3400.0,3400.0,3300.95, 3320.00,3310.9,3339.77,244160,8154.38,29973, 111107, 45.51,-1.86
DMART, EQ, 23-Jun-2022,3486.35,3487.75,3502.65,3401.0,3432.9,3440.45,3454.23,355857,12292.11,40752, 147095, 41.34,-1.32
DMART, EQ, 23-Jun-2023,3812.15,3823.95,3845.0,3731.9, 3750.00,3744.05,3767.25,278868,10505.66,40052, 103575, 37.14,-1.79
DMART, EQ, 23-Jul-2020,2110.0,2107.7,2148.0,2095.0, 2098.95,2100.35,2123.25,771244,16375.45,48570, 307751, 39.90,-0.46
DMART, EQ, 23-Jul-2021,3397.35,3417.85,3425.0,3393.05,3407.0,3413.2,3412.22,155192,5295.49,19664, 92401, 59.54,0.47
DMART, EQ, 23-Jul-2024,5012.85,5013.0,5095.45,4925.1,5065.0,5065.25,5039.32,431809,21760.25,35898, 288595, 66.83,1.05
DMART, EQ, 23-Aug-2021,3643.1,3663.0,3700.0,3644.0, 3699.80,3673.75,3663.24,163347,5983.79,18327, 81137, 49.67,0.84
DMART, EQ, 23-Aug-2022,4250.75,4195.0,4301.0,4170.55, 4291.05,4256.95,4252.87,285843,12156.52,31721, 115409, 40.37,0.15
DMART, EQ, 23-Aug-2023,3568.9,3582.0,3582.0,3531.5, 3544.00,3539.3,3545.4,341109,12093.7,38098, 242243, 71.02,-0.83
DMART, EQ, 23-Aug-2024,5057.85,5045.0,5088.8,4880.0,4926.95,4901.5,4928.77,802974,39576.74,76207, 537262, 66.91,-3.09
DMART, EQ, 23-Sep-2020,2049.3,2066.95,2100.0,2047.0, 2055.00,2055.3,2062.81,422293,8711.08,35246, 242163, 57.34,0.29
DMART, EQ, 23-Sep-2021,4378.65,4408.95,4500.0,4372.35, 4408.55,4409.9,4436.81,325049,14421.8,43026, 135071, 41.55,0.71
DMART, EQ, 23-Sep-2022,4431.7,4450.0,4469.9,4351.0, 4371.95,4367.0,4416.36,241647,10672.0,30872, 79939, 33.08,-1.46
DMART, EQ, 23-Sep-2024,5320.55,5355.15,5363.0,5260.25,5305.5,5297.45,5294.84,179528,9505.72,27590, 77049, 42.92,-0.43
DMART, EQ, 23-Oct-2020,2100.3,2106.95,2133.85,2081.0, 2103.00,2116.55,2111.05,546621,11539.45,24912, 111933, 20.48,0.77
DMART, EQ, 23-Oct-2023,3749.5,3750.05,3768.0,3641.35, 3650.00,3668.95,3714.88,297128,11037.96,38144, 177516, 59.74,-2.15
DMART, EQ, 23-Oct-2024,4005.2,4009.0,4224.8,3978.0,4154.45,4156.1,4130.95,686716,28367.92,79899, 309475, 45.07,3.77
DMART, EQ, 23-Nov-2020,2382.6,2361.1,2379.9,2352.25, 2362.85,2360.4,2363.74,234655,5546.65,23714, 113453, 48.35,-0.93
DMART, EQ, 23-Nov-2021,4828.3,4829.0,4920.0,4758.15,4840.0,4843.3,4842.37,580934,28130.98,88465, 299869, 51.62,0.31
DMART, EQ, 23-Nov-2022,3955.2,3975.0,3998.6,3934.25,3943.4,3954.75,3960.54,182631,7233.18,27940, 77649, 42.52,-0.01
DMART, EQ, 23-Nov-2023,3838.25,3848.0,3865.0,3798.95, 3843.00,3844.4,3841.69,201012,7722.26,22512, 112891, 56.16,0.16
DMART, EQ, 23-Dec-2020,2625.75,2650.0,2675.0,2621.3,2665.0,2661.85,2647.61,374135,9905.62,33437, 113054, 30.22,1.37
DMART, EQ, 23-Dec-2021,4655.85,4711.25,4711.25,4631.4, 4650.00,4647.9,4654.09,204211,9504.16,27772, 101880, 49.89,-0.17
DMART, EQ, 23-Dec-2022,3921.55,3896.55,3911.75,3835.0, 3877.00,3875.6,3865.81,255257,9867.76,39510, 118479, 46.42,-1.17
DMART, EQ, 23-Dec-2024,3408.3,3443.45,3475.9,3419.05,3474.0,3460.55,3450.52,642122,22156.57,43604, 431329, 67.17,1.53
DMART, EQ, 24-Jan-2020,1924.7,1927.05,1961.1,1918.15,1941.0,1948.6,1946.23,404536,7873.19,22581, 188533, 46.60,1.24
DMART, EQ, 24-Jan-2022,4299.8,4300.0,4316.9,3978.0,4039.0,4035.3,4071.77,1126974,45887.75,166933, 595908, 52.88,-6.15
DMART, EQ, 24-Jan-2023,3434.0,3450.0,3578.0,3441.0,3538.0,3513.5,3522.3,768031,27052.35,56077, 334933, 43.61,2.32
DMART, EQ, 24-Jan-2024,3675.9,3675.9,3748.0,3646.05, 3720.00,3727.75,3683.59,316651,11664.11,35707, 207502, 65.53,1.41
DMART, EQ, 24-Jan-2025,3598.35,3598.0,3608.5,3535.0,3581.35,3579.95,3575.74,288983,10333.29,23667, 164862, 57.05,-0.51
DMART, EQ, 24-Feb-2020,2462.65,2448.8,2448.8,2370.0, 2389.75,2389.7,2412.07,651480,15714.14,46383, 285251, 43.79,-2.96
DMART, EQ, 24-Feb-2021,3151.95,3143.0,3164.0,2900.0, 3124.80,3139.7,3133.61,188724,5913.88,14549, 75336, 39.92,-0.39
DMART, EQ, 24-Feb-2022,4193.45,3993.85,4131.95,3947.85, 3980.00,4014.65,4059.4,552288,22419.56,71749, 234114, 42.39,-4.26
DMART, EQ, 24-Feb-2023,3478.75,3496.15,3514.4,3468.0, 3499.00,3499.2,3491.75,113844,3975.15,13596, 66749, 58.63,0.59
DMART, EQ, 24-Feb-2025,3596.7,3589.8,3611.4,3555.55,3562.0,3570.9,3592.78,370764,13320.74,31298, 246737, 66.55,-0.72
DMART, EQ, 24-Mar-2021,2933.65,2933.65,2947.7,2840.0, 2870.00,2855.6,2880.74,455895,13133.16,39106, 188622, 41.37,-2.66
DMART, EQ, 24-Mar-2022,4091.35,4086.25,4086.25,4031.55, 4051.00,4042.85,4053.96,374573,15185.06,49531, 195477, 52.19,-1.19
DMART, EQ, 24-Mar-2023,3373.5,3372.0,3386.05,3350.05, 3362.00,3358.4,3359.98,178783,6007.08,29810, 123431, 69.04,-0.45
DMART, EQ, 24-Mar-2025,3892.2,3900.0,3948.95,3890.0,3905.3,3905.1,3922.15,209015,8197.88,30279, 103445, 49.49,0.33
DMART, EQ, 24-Apr-2023,3455.9,3469.8,3474.0,3445.0, 3472.10,3467.2,3456.74,95563,3303.36,16608, 49572, 51.87,0.33
DMART, EQ, 24-Apr-2024,4800.55,4820.0,4835.7,4778.0, 4789.95,4797.55,4803.54,199877,9601.17,21009, 115051, 57.56,-0.06
DMART, EQ, 24-Apr-2025,4508.1,4509.8,4557.7,4452.0,4505.0,4498.8,4507.38,1698949,76578.08,65938, 1275674, 75.09,-0.21
DMART, EQ, 24-May-2021,3034.15,3046.0,3064.7,3020.0, 3052.05,3040.45,3039.91,236828,7199.36,19650, 85848, 36.25,0.21
DMART, EQ, 24-May-2022,3574.1,3579.95,3685.0,3571.2,3662.55,3656.75,3626.86,391193,14188.02,39634, 101352, 25.91,2.31
DMART, EQ, 24-May-2023,3432.95,3432.0,3439.9,3406.2, 3434.00,3429.55,3425.62,148601,5090.51,19963, 103035, 69.34,-0.1
DMART, EQ, 24-May-2024,4793.55,4797.9,4841.4,4674.1,4675.7,4684.5,4734.51,307316,14549.89,50917, 201287, 65.50,-2.27
DMART, EQ, 24-Jun-2020,2359.9,2397.8,2424.0,2342.0,2349.0,2358.35,2375.5,415043,9859.33,33488, 195543, 47.11,-0.07
DMART, EQ, 24-Jun-2021,3310.9,3345.0,3352.0,3304.0, 3325.00,3323.8,3326.03,157652,5243.56,17594, 69049, 43.80,0.39
DMART, EQ, 24-Jun-2022,3440.45,3489.95,3489.95,3390.1, 3409.00,3412.0,3418.41,454591,15539.8,43377, 261383, 57.50,-0.83
DMART, EQ, 24-Jun-2024,4804.85,4792.0,4875.0,4765.85,4833.0,4833.7,4827.48,356824,17225.61,34227, 141775, 39.73,0.6
DMART, EQ, 24-Jul-2020,2100.35,2095.0,2124.8,2027.0,2034.0,2031.4,2056.95,1349971,27768.26,81334, 775539, 57.45,-3.28
DMART, EQ, 24-Jul-2023,3675.7,3676.0,3680.0,3642.05, 3670.85,3668.2,3659.11,197861,7239.96,19309, 113853, 57.54,-0.2
DMART, EQ, 24-Jul-2024,5065.25,5100.0,5205.0,5082.65,5141.1,5158.45,5154.76,630155,32482.99,55384, 424600, 67.38,1.84
DMART, EQ, 24-Aug-2020,2259.45,2269.95,2272.0,2244.0,2248.55,2250.3,2256.15,161735,3648.98,14597, 88754, 54.88,-0.4
DMART, EQ, 24-Aug-2021,3673.75,3700.0,3770.0,3680.0, 3699.55,3708.55,3719.72,343937,12793.49,32158, 134935, 39.23,0.95
DMART, EQ, 24-Aug-2022,4256.95,4269.0,4356.0,4266.0,4290.0,4304.25,4321.17,270843,11703.58,27927, 83070, 30.67,1.11
DMART, EQ, 24-Aug-2023,3539.3,3550.0,3569.95,3545.0, 3567.00,3561.5,3560.63,352847,12563.59,21112, 297441, 84.30,0.63
DMART, EQ, 24-Sep-2020,2055.3,2047.9,2084.0,2037.6, 2049.95,2047.35,2055.62,452643,9304.61,30548, 248399, 54.88,-0.39
DMART, EQ, 24-Sep-2021,4409.9,4440.0,4461.0,4405.0, 4420.00,4422.35,4432.48,198742,8809.19,27685, 89262, 44.91,0.28
DMART, EQ, 24-Sep-2024,5297.45,5304.95,5484.85,5231.15,5397.85,5391.45,5392.96,672936,36291.2,81580, 254727, 37.85,1.77
DMART, EQ, 24-Oct-2024,4156.1,4155.75,4187.9,4044.65,4059.0,4060.1,4097.93,435991,17866.6,48935, 257401, 59.04,-2.31
DMART, EQ, 24-Nov-2020,2360.4,2367.95,2429.9,2350.0, 2365.00,2380.25,2400.47,543631,13049.67,38299, 254474, 46.81,0.84
DMART, EQ, 24-Nov-2021,4843.3,4876.0,4958.95,4850.05, 4869.00,4882.6,4907.06,483901,23745.32,64605, 255408, 52.78,0.81
DMART, EQ, 24-Nov-2022,3954.75,3974.35,3994.75,3951.1, 3960.05,3968.05,3968.34,155797,6182.56,21264, 91171, 58.52,0.34
DMART, EQ, 24-Nov-2023,3844.4,3820.0,3869.0,3799.0, 3845.20,3842.9,3838.04,96391,3699.53,16404, 48429, 50.24,-0.04
DMART, EQ, 24-Dec-2020,2661.85,2661.85,2700.0,2604.8, 2665.00,2673.1,2679.75,432162,11580.88,32319, 147845, 34.21,0.42
DMART, EQ, 24-Dec-2021,4647.9,4674.0,4674.0,4615.0, 4624.90,4628.9,4629.66,122078,5651.79,18155, 44001, 36.04,-0.41
DMART, EQ, 24-Dec-2024,3460.55,3474.0,3524.9,3450.85,3455.0,3459.65,3488.1,465809,16247.87,33552, 225798, 48.47,-0.03
DMART, EQ, 25-Jan-2021,2862.75,2894.0,2940.65,2805.4, 2840.00,2837.0,2858.64,460306,13158.49,48578, 130466, 28.34,-0.9
DMART, EQ, 25-Jan-2022,4035.3,4025.0,4120.0,3881.25,4085.0,4095.45,4055.56,810518,32871.04,114460, 321331, 39.65,1.49
DMART, EQ, 25-Jan-2023,3513.5,3531.1,3554.5,3507.3, 3540.00,3515.1,3528.25,474769,16751.04,26131, 304451, 64.13,0.05
DMART, EQ, 25-Jan-2024,3727.75,3731.0,3750.0,3695.5, 3745.00,3734.25,3722.88,200269,7455.77,20247, 132233, 66.03,0.17
DMART, EQ, 25-Feb-2020,2389.7,2399.0,2429.0,2308.0, 2347.00,2331.75,2358.88,1007451,23764.59,68202, 429675, 42.65,-2.42
DMART, EQ, 25-Feb-2021,3139.7,3150.0,3175.85,3070.0, 3082.90,3089.2,3111.08,405664,12620.55,30741, 166899, 41.14,-1.61
DMART, EQ, 25-Feb-2022,4014.65,4080.0,4210.0,4037.65,4188.0,4190.75,4137.62,425226,17594.25,50589, 146648, 34.49,4.39
DMART, EQ, 25-Feb-2025,3570.9,3557.0,3571.0,3516.65,3533.75,3530.75,3544.37,375510,13309.45,33097, 241474, 64.31,-1.12
DMART, EQ, 25-Mar-2021,2855.6,2875.0,2893.0,2775.0,2796.8,2796.0,2806.58,621113,17432.02,60040, 296230, 47.69,-2.09
DMART, EQ, 25-Mar-2022,4042.85,4069.0,4069.0,3995.0,4005.0,4001.3,4012.07,440558,17675.51,60552, 259827, 58.98,-1.03
DMART, EQ, 25-Mar-2025,3905.1,3935.0,4033.95,3883.95,3988.0,3998.8,3979.78,704455,28035.74,71048, 273183, 38.78,2.4
DMART, EQ, 25-Apr-2022,4028.85,4000.0,4022.35,3975.05,3984.0,3989.2,3993.49,204726,8175.72,29858, 101686, 49.67,-0.98
DMART, EQ, 25-Apr-2023,3467.2,3469.05,3479.0,3443.05,3474.9,3465.85,3456.86,179508,6205.34,38411, 108008, 60.17,-0.04
DMART, EQ, 25-Apr-2024,4797.55,4801.0,4817.65,4615.15, 4655.00,4657.1,4715.72,462020,21787.58,43230, 287849, 62.30,-2.93
DMART, EQ, 25-Apr-2025,4498.8,4501.9,4520.7,4350.0,4374.0,4375.2,4392.93,540513,23744.38,55705, 311301, 57.59,-2.75
DMART, EQ, 25-May-2021,3040.45,3055.0,3123.0,3053.0, 3100.00,3103.85,3100.74,455042,14109.68,37426, 132028, 29.01,2.09
DMART, EQ, 25-May-2022,3656.75,3670.0,3694.0,3555.65, 3580.00,3586.45,3618.12,224375,8118.15,28236, 55665, 24.81,-1.92
DMART, EQ, 25-May-2023,3429.55,3430.0,3450.75,3429.0, 3438.00,3435.35,3436.0,153240,5265.32,17267, 93675, 61.13,0.17
DMART, EQ, 25-Jun-2020,2358.35,2348.0,2348.7,2298.1, 2309.70,2305.55,2312.3,483356,11176.62,53484, 326478, 67.54,-2.24
DMART, EQ, 25-Jun-2021,3323.8,3325.0,3347.85,3307.0, 3313.10,3315.35,3318.35,107596,3570.42,13988, 49515, 46.02,-0.25
DMART, EQ, 25-Jun-2024,4833.7,4850.0,4905.0,4755.0,4787.0,4783.35,4823.56,376890,18179.53,39149, 165655, 43.95,-1.04
DMART, EQ, 25-Jul-2022,3963.4,3973.0,4050.0,3935.0, 4040.20,4040.05,4012.84,444451,17835.13,37936, 199875, 44.97,1.93
DMART, EQ, 25-Jul-2023,3668.2,3668.05,3701.75,3660.05, 3672.00,3677.05,3680.38,237637,8745.95,26028, 131123, 55.18,0.24
DMART, EQ, 25-Jul-2024,5158.45,5148.0,5184.9,5058.1,5160.0,5171.35,5133.25,393012,20174.31,32669, 300348, 76.42,0.25
DMART, EQ, 25-Aug-2020,2250.3,2267.2,2351.75,2260.1, 2340.00,2341.15,2310.36,1036879,23955.62,55186, 367527, 35.45,4.04
DMART, EQ, 25-Aug-2021,3708.55,3749.95,3847.45,3716.15, 3780.00,3789.7,3773.0,332203,12534.0,37828, 123450, 37.16,2.19
DMART, EQ, 25-Aug-2022,4304.25,4339.9,4394.0,4312.05,4342.0,4341.25,4350.16,246543,10725.01,36697, 98072, 39.78,0.86
DMART, EQ, 25-Aug-2023,3561.5,3554.0,3573.65,3530.05, 3533.00,3534.6,3551.63,254513,9039.37,21900, 193064, 75.86,-0.76
DMART, EQ, 25-Sep-2020,2047.35,2042.1,2120.0,2042.1, 2110.90,2102.7,2090.27,325523,6804.3,26279, 165573, 50.86,2.7
DMART, EQ, 25-Sep-2023,3689.1,3700.0,3702.95,3656.2, 3664.85,3664.1,3677.01,112473,4135.64,22528, 66599, 59.21,-0.68
DMART, EQ, 25-Sep-2024,5391.45,5400.0,5417.5,5232.0,5300.0,5265.5,5285.53,529354,27979.19,50640, 360108, 68.03,-2.34
DMART, EQ, 25-Oct-2021,4521.45,4534.3,4550.0,4351.0, 4392.00,4400.6,4414.02,591416,26105.2,71155, 258015, 43.63,-2.67
DMART, EQ, 25-Oct-2022,4229.95,4221.0,4249.5,4165.0,4237.85,4235.6,4220.61,160107,6757.49,21666, 84485, 52.77,0.13
DMART, EQ, 25-Oct-2023,3668.95,3685.0,3755.0,3620.1,3741.0,3740.55,3718.83,333022,12384.51,47110, 177791, 53.39,1.95
DMART, EQ, 25-Oct-2024,4060.1,4061.95,4125.0,3985.45,4040.0,4052.2,4057.22,423224,17171.13,80978, 190343, 44.97,-0.19
DMART, EQ, 25-Nov-2020,2380.25,2370.0,2399.5,2350.0, 2361.00,2360.8,2371.15,439765,10427.49,26452, 197401, 44.89,-0.82
DMART, EQ, 25-Nov-2021,4882.6,4930.0,4930.0,4854.65,4884.2,4894.5,4885.79,364378,17802.73,57945, 208723, 57.28,0.24
DMART, EQ, 25-Nov-2022,3968.05,3969.0,3977.05,3901.0,3902.9,3904.45,3910.87,291850,11413.88,41243, 167394, 57.36,-1.6
DMART, EQ, 25-Nov-2024,3613.65,3686.0,3738.6,3592.1,3600.0,3621.05,3672.73,1144350,42028.88,108847, 701162, 61.27,0.2
DMART, EQ, 26-Feb-2020,2331.75,2326.85,2419.0,2305.05, 2344.90,2358.4,2368.75,1302206,30846.02,81536, 406752, 31.24,1.14
DMART, EQ, 26-Feb-2021,3089.2,3059.8,3105.0,2950.0,2960.0,2994.2,3027.3,1005185,30429.98,69748, 437444, 43.52,-3.08
DMART, EQ, 26-Feb-2024,3840.55,3840.55,3859.0,3796.25, 3852.00,3850.35,3838.13,346646,13304.73,49802, 257661, 74.33,0.26
DMART, EQ, 26-Mar-2021,2796.0,2829.0,2898.8,2805.0,2861.0,2855.2,2866.45,482759,13838.02,40703, 170326, 35.28,2.12
DMART, EQ, 26-Mar-2024,4297.6,4315.75,4509.45,4297.25,4450.0,4486.2,4456.46,1838678,81940.04,159311, 654549, 35.60,4.39
DMART, EQ, 26-Mar-2025,3998.8,4010.0,4018.1,3917.3,3936.0,3945.7,3956.43,384630,15217.63,57742, 196740, 51.15,-1.33
DMART, EQ, 26-Apr-2021,2713.7,2729.9,2819.4,2719.15, 2812.05,2808.25,2788.74,476865,13298.54,39328, 163095, 34.20,3.48
DMART, EQ, 26-Apr-2022,3989.2,4009.8,4050.0,3994.4, 4048.00,4044.25,4029.1,198101,7981.69,26483, 109583, 55.32,1.38
DMART, EQ, 26-Apr-2023,3465.85,3465.85,3476.15,3447.0, 3460.00,3461.6,3458.27,300045,10376.36,30386, 234675, 78.21,-0.12
DMART, EQ, 26-Apr-2024,4657.1,4657.05,4719.95,4531.5, 4562.00,4553.15,4618.74,254510,11755.14,33716, 128669, 50.56,-2.23
DMART, EQ, 26-May-2021,3103.85,3125.0,3135.0,3070.45, 3090.00,3096.2,3104.99,284202,8824.44,22067, 89343, 31.44,-0.25
DMART, EQ, 26-May-2022,3586.45,3586.45,3635.7,3465.3,3610.15,3577.45,3533.68,279250,9867.8,31255, 61479, 22.02,-0.25
DMART, EQ, 26-May-2023,3435.35,3448.9,3512.0,3442.1,3494.0,3501.75,3483.34,277113,9652.79,25815, 164627, 59.41,1.93
DMART, EQ, 26-Jun-2020,2305.55,2329.7,2337.85,2290.0, 2298.95,2294.4,2305.2,203494,4690.95,23436, 128049, 62.93,-0.48
DMART, EQ, 26-Jun-2023,3744.05,3744.05,3879.0,3744.05, 3872.00,3848.25,3821.59,344384,13160.95,39101, 114050, 33.12,2.78
DMART, EQ, 26-Jun-2024,4783.35,4775.0,4823.95,4690.0,4812.0,4801.0,4739.74,546313,25893.8,55455, 301616, 55.21,0.37
DMART, EQ, 26-Jul-2021,3413.2,3410.0,3499.5,3398.3,3485.0,3483.55,3460.06,319728,11062.78,45794, 161846, 50.62,2.06
DMART, EQ, 26-Jul-2022,4040.05,4038.0,4038.0,3909.0,3920.0,3932.4,3949.49,430993,17022.01,42558, 219834, 51.01,-2.66
DMART, EQ, 26-Jul-2023,3677.05,3691.55,3718.4,3672.05, 3712.50,3712.65,3698.56,182427,6747.16,18532, 107755, 59.07,0.97
DMART, EQ, 26-Jul-2024,5171.35,5199.0,5199.0,5040.0, 5075.65,5071.6,5096.6,234445,11948.73,32620, 101752, 43.40,-1.93
DMART, EQ, 26-Aug-2020,2341.15,2343.0,2425.0,2343.0, 2422.00,2410.1,2392.24,1466394,35079.68,54192, 948416, 64.68,2.95
DMART, EQ, 26-Aug-2021,3789.7,3814.0,3889.8,3800.05, 3860.00,3847.8,3849.64,532719,20507.78,48787, 223055, 41.87,1.53
DMART, EQ, 26-Aug-2022,4341.25,4384.0,4414.5,4370.05,4407.0,4409.65,4403.06,202948,8935.92,24589, 95459, 47.04,1.58
DMART, EQ, 26-Aug-2024,4901.5,4903.0,4978.75,4900.1,4968.9,4959.4,4950.35,475103,23519.25,65675, 339124, 71.38,1.18
DMART, EQ, 26-Sep-2022,4367.0,4323.0,4448.0,4261.0,4330.8,4375.3,4369.4,403076,17611.99,53673, 155560, 38.59,0.19
DMART, EQ, 26-Sep-2023,3664.1,3664.1,3680.95,3625.0, 3630.00,3633.6,3645.23,170690,6222.04,22925, 118369, 69.35,-0.83
DMART, EQ, 26-Sep-2024,5265.5,5313.45,5313.45,5164.0,5188.9,5198.05,5205.13,372440,19385.99,64214, 241040, 64.72,-1.28
DMART, EQ, 26-Oct-2020,2116.55,2120.0,2150.0,2100.35,2138.9,2144.25,2128.18,613118,13048.27,35042, 255362, 41.65,1.31
DMART, EQ, 26-Oct-2021,4400.6,4419.0,4599.0,4365.0, 4580.00,4568.5,4547.52,637834,29005.61,84291, 199146, 31.22,3.82
DMART, EQ, 26-Oct-2023,3740.55,3728.05,3731.95,3662.0, 3700.00,3684.65,3693.23,289964,10709.05,46899, 169509, 58.46,-1.49
DMART, EQ, 26-Nov-2020,2360.8,2353.0,2396.9,2343.2, 2373.45,2373.05,2376.74,333431,7924.77,30617, 129971, 38.98,0.52
DMART, EQ, 26-Nov-2021,4894.5,4860.0,4860.0,4700.1, 4720.05,4718.75,4752.37,518551,24643.47,82597, 284409, 54.85,-3.59
DMART, EQ, 26-Nov-2024,3621.05,3635.0,3681.0,3622.0,3663.85,3659.15,3659.16,444828,16276.98,51971, 260410, 58.54,1.05
DMART, EQ, 26-Dec-2022,3875.6,3896.0,4049.0,3871.0,4040.0,4036.6,3978.85,205540,8178.12,26775, 80422, 39.13,4.15
DMART, EQ, 26-Dec-2023,4007.95,4009.95,4038.2,3995.35, 4023.90,4023.45,4019.22,299135,12022.89,22896, 217036, 72.55,0.39
DMART, EQ, 26-Dec-2024,3459.65,3462.7,3524.0,3446.2,3492.1,3511.65,3488.83,611648,21339.34,47713, 356498, 58.28,1.5
DMART, EQ, 27-Jan-2020,1948.6,1945.5,1961.5,1928.1, 1939.00,1951.5,1946.42,306182,5959.6,14705, 106031, 34.63,0.15
DMART, EQ, 27-Jan-2021,2837.0,2850.7,2889.55,2790.0, 2835.00,2811.75,2830.36,550088,15569.47,54945, 280628, 51.02,-0.89
DMART, EQ, 27-Jan-2022,4095.45,4040.0,4144.1,3994.95, 4064.75,4063.3,4066.73,675652,27476.95,101096, 242316, 35.86,-0.79
DMART, EQ, 27-Jan-2023,3515.1,3532.7,3584.0,3518.5, 3575.00,3562.35,3550.96,308090,10940.16,31879, 175620, 57.00,1.34
DMART, EQ, 27-Jan-2025,3579.95,3565.0,3565.0,3507.0,3535.3,3532.95,3526.34,387420,13661.73,34381, 252341, 65.13,-1.31
DMART, EQ, 27-Feb-2020,2358.4,2347.3,2370.0,2310.0, 2317.00,2319.7,2338.64,727447,17012.4,63589, 257484, 35.40,-1.64
DMART, EQ, 27-Feb-2023,3499.2,3485.05,3499.9,3441.0, 3486.50,3491.3,3472.28,132235,4591.57,26687, 68738, 51.98,-0.23
DMART, EQ, 27-Feb-2024,3850.35,3859.0,3885.0,3818.05, 3841.55,3852.2,3857.62,256237,9884.64,38900, 155346, 60.63,0.05
DMART, EQ, 27-Feb-2025,3530.75,3556.0,3575.0,3492.05,3515.0,3507.2,3520.95,469275,16522.94,41435, 310082, 66.08,-0.67
DMART, EQ, 27-Mar-2023,3358.4,3367.0,3369.0,3300.3, 3312.00,3306.8,3326.84,211474,7035.41,23477, 150801, 71.31,-1.54
DMART, EQ, 27-Mar-2024,4486.2,4480.5,4533.0,4387.05, 4417.90,4420.55,4465.38,814043,36350.13,99248, 409756, 50.34,-1.46
DMART, EQ, 27-Mar-2025,3945.7,3940.0,4085.0,3932.45,4070.0,4065.0,4025.4,735787,29618.38,61671, 452731, 61.53,3.02
DMART, EQ, 27-Apr-2021,2808.25,2815.0,2865.0,2810.0,2828.0,2826.95,2833.24,394477,11176.46,30253, 123270, 31.25,0.67
DMART, EQ, 27-Apr-2022,4044.25,4006.1,4024.35,3960.0,3985.0,3977.7,3992.39,169916,6783.7,31128, 90808, 53.44,-1.65
DMART, EQ, 27-Apr-2023,3461.6,3460.1,3509.95,3449.2, 3504.95,3500.8,3478.16,235408,8187.86,24088, 164855, 70.03,1.13
DMART, EQ, 27-May-2020,2283.25,2222.2,2275.0,2176.0,2200.0,2200.2,2210.17,751860,16617.35,93807, 526101, 69.97,-3.64
DMART, EQ, 27-May-2021,3096.2,3100.0,3104.95,3008.1, 3030.00,3025.5,3043.59,433634,13198.06,34223, 247743, 57.13,-2.28
DMART, EQ, 27-May-2022,3577.45,3605.0,3649.0,3586.0, 3605.45,3613.85,3617.47,199688,7223.66,25095, 57704, 28.90,1.02
DMART, EQ, 27-May-2024,4684.5,4651.55,4669.0,4508.0,4542.0,4537.35,4560.93,392853,17917.76,60734, 195421, 49.74,-3.14
DMART, EQ, 27-Jun-2022,3412.0,3460.0,3460.0,3400.0,3414.0,3408.6,3429.1,276838,9493.04,38287, 114563, 41.38,-0.1
DMART, EQ, 27-Jun-2023,3848.25,3849.0,3919.95,3841.0, 3853.95,3872.1,3880.0,499702,19388.42,36147, 243282, 48.69,0.62
DMART, EQ, 27-Jun-2024,4801.0,4819.95,4960.0,4738.0,4940.0,4900.1,4844.09,503719,24400.62,56743, 251214, 49.87,2.06
DMART, EQ, 27-Jul-2020,2031.4,2044.0,2060.0,2001.5,2025.3,2026.1,2023.65,2240265,45335.15,56113, 1888879, 84.31,-0.26
DMART, EQ, 27-Jul-2021,3483.55,3499.0,3533.4,3465.25, 3494.55,3499.4,3501.57,286345,10026.57,30939, 134635, 47.02,0.45
DMART, EQ, 27-Jul-2022,3932.4,3940.0,4010.0,3920.0,3994.0,4000.95,3970.72,245970,9766.78,28103, 93832, 38.15,1.74
DMART, EQ, 27-Jul-2023,3712.65,3717.8,3732.15,3661.05, 3702.00,3693.35,3700.28,286460,10599.82,27972, 180616, 63.05,-0.52
DMART, EQ, 27-Aug-2020,2410.1,2440.0,2445.0,2351.25,2362.0,2380.85,2419.41,695841,16835.23,67714, 363810, 52.28,-1.21
DMART, EQ, 27-Aug-2021,3847.8,3887.0,3898.0,3815.0, 3824.00,3833.05,3845.84,349704,13449.06,26941, 213992, 61.19,-0.38
DMART, EQ, 27-Aug-2024,4959.4,5010.0,5010.0,4925.65,4955.0,4958.55,4962.42,144910,7191.04,18996, 70099, 48.37,-0.02
DMART, EQ, 27-Sep-2021,4422.35,4435.0,4448.95,4292.5, 4400.50,4385.75,4357.05,555192,24189.98,68064, 363528, 65.48,-0.83
DMART, EQ, 27-Sep-2022,4375.3,4375.3,4417.5,4270.0,4285.0,4283.2,4318.35,237462,10254.44,31927, 106654, 44.91,-2.1
DMART, EQ, 27-Sep-2023,3633.6,3650.0,3669.0,3625.0, 3650.00,3640.7,3641.47,427214,15556.86,30627, 310304, 72.63,0.2
DMART, EQ, 27-Sep-2024,5198.05,5224.6,5226.0,5090.0,5112.0,5102.3,5125.11,566687,29043.33,62974, 422689, 74.59,-1.84
DMART, EQ, 27-Oct-2020,2144.25,2133.0,2188.0,2111.85, 2173.00,2176.2,2166.72,621369,13463.33,35470, 218183, 35.11,1.49
DMART, EQ, 27-Oct-2021,4568.5,4600.0,4770.0,4591.55, 4730.50,4733.0,4687.53,762605,35747.36,93534, 220986, 28.98,3.6
DMART, EQ, 27-Oct-2022,4235.6,4248.0,4300.0,4217.3,4295.0,4271.4,4256.18,301435,12829.63,37330, 178015, 59.06,0.85
DMART, EQ, 27-Oct-2023,3684.65,3700.0,3758.0,3651.0,3664.95,3665.45,3691.13,365480,13490.33,36295, 274330, 75.06,-0.52
DMART, EQ, 27-Nov-2020,2373.05,2373.0,2395.0,2220.05,2320.0,2289.2,2304.88,1604427,36980.11,103531, 846933, 52.79,-3.53
DMART, EQ, 27-Nov-2024,3659.15,3674.0,3692.5,3610.05,3675.85,3661.25,3661.74,361531,13238.33,42795, 203551, 56.30,0.06
DMART, EQ, 27-Dec-2021,4628.9,4599.0,4680.0,4555.25, 4675.00,4668.65,4633.66,294366,13639.93,23992, 117842, 40.03,0.86
DMART, EQ, 27-Dec-2022,4036.6,4060.0,4094.0,4005.0,4075.0,4074.6,4052.19,168072,6810.59,26401, 58450, 34.78,0.94
DMART, EQ, 27-Dec-2023,4023.45,4020.0,4063.3,4000.0, 4008.00,4027.45,4034.91,349033,14083.18,43980, 244581, 70.07,0.1
DMART, EQ, 27-Dec-2024,3511.65,3481.05,3573.4,3481.05,3569.9,3568.35,3556.12,451012,16038.52,42780, 241912, 53.64,1.61
DMART, EQ, 28-Jan-2020,1951.5,1944.7,1958.0,1922.2, 1931.00,1930.45,1939.65,198741,3854.87,20208, 99335, 49.98,-1.08
DMART, EQ, 28-Jan-2021,2811.75,2812.0,2879.75,2771.0, 2790.00,2794.45,2814.11,620348,17457.3,58682, 271153, 43.71,-0.62
DMART, EQ, 28-Jan-2022,4063.3,4130.0,4150.9,4046.0, 4070.00,4076.0,4092.06,582484,23835.62,95448, 283862, 48.73,0.31
DMART, EQ, 28-Jan-2025,3532.95,3540.2,3595.0,3495.3,3595.0,3559.3,3549.24,490412,17405.92,35513, 308262, 62.86,0.75
DMART, EQ, 28-Feb-2020,2319.7,2279.9,2377.35,2180.0, 2348.00,2323.95,2276.94,1813565,41293.71,121692, 924179, 50.96,0.18
DMART, EQ, 28-Feb-2022,4190.75,4155.0,4355.0,4062.1, 4344.00,4340.35,4250.55,647569,27525.25,74646, 250575, 38.69,3.57
DMART, EQ, 28-Feb-2023,3491.3,3490.2,3508.0,3373.0, 3438.00,3416.95,3441.6,328221,11296.05,47256, 187276, 57.06,-2.13
DMART, EQ, 28-Feb-2024,3852.2,3856.4,3948.3,3838.1,3851.8,3850.0,3898.29,505405,19702.15,54484, 191742, 37.94,-0.06
DMART, EQ, 28-Feb-2025,3507.2,3507.0,3532.55,3391.0,3409.0,3403.95,3438.05,799598,27490.6,56624, 580202, 72.56,-2.94
DMART, EQ, 28-Mar-2022,4001.3,4005.15,4021.0,3975.05, 4004.00,4010.05,4003.31,428027,17135.24,65309, 216387, 50.55,0.22
DMART, EQ, 28-Mar-2023,3306.8,3308.0,3355.0,3300.0, 3320.00,3316.45,3323.64,155615,5172.09,24837, 73175, 47.02,0.29
DMART, EQ, 28-Mar-2024,4420.55,4424.95,4560.0,4397.05,4529.9,4525.6,4490.05,892567,40076.74,110180, 390669, 43.77,2.38
DMART, EQ, 28-Mar-2025,4065.0,4065.0,4190.0,4055.05,4071.0,4083.2,4131.94,886798,36641.94,91669, 378748, 42.71,0.45
DMART, EQ, 28-Apr-2021,2826.95,2865.0,2953.7,2850.95, 2929.00,2936.8,2910.27,542978,15802.14,43311, 265305, 48.86,3.89
DMART, EQ, 28-Apr-2022,3977.7,4023.9,4054.0,3995.55, 4025.00,4024.55,4029.9,247751,9984.12,27286, 135045, 54.51,1.18
DMART, EQ, 28-Apr-2023,3500.8,3500.8,3522.0,3480.0, 3514.00,3511.95,3501.7,224156,7849.28,18239, 144525, 64.48,0.32
DMART, EQ, 28-May-2020,2200.2,2210.0,2310.2,2205.0,2310.2,2308.45,2278.29,927241,21125.25,80543, 492546, 53.12,4.92
DMART, EQ, 28-May-2021,3025.5,3052.0,3105.5,3000.0,3022.0,3022.1,3058.34,345903,10578.9,33570, 109913, 31.78,-0.11
DMART, EQ, 28-May-2024,4537.35,4551.9,4588.85,4440.2,4465.0,4474.45,4501.4,224693,10114.34,35211, 124721, 55.51,-1.39
DMART, EQ, 28-Jun-2021,3315.35,3315.0,3350.0,3277.0, 3331.50,3332.2,3316.51,184379,6114.96,20380, 77412, 41.99,0.51
DMART, EQ, 28-Jun-2022,3408.6,3407.55,3497.0,3374.0, 3475.00,3479.95,3457.18,440886,15242.21,54453, 149168, 33.83,2.09
DMART, EQ, 28-Jun-2024,4900.1,4900.0,4921.95,4680.0,4713.05,4716.75,4786.31,685009,32786.65,77687, 353444, 51.60,-3.74
DMART, EQ, 28-Jul-2020,2026.1,2060.0,2067.0,2027.8,2055.0,2051.4,2048.76,522671,10708.29,33213, 309666, 59.25,1.25
DMART, EQ, 28-Jul-2021,3499.4,3499.0,3518.2,3441.1,3485.0,3488.5,3474.97,172832,6005.86,30179, 75909, 43.92,-0.31
DMART, EQ, 28-Jul-2022,4000.95,4020.0,4164.0,4001.0, 4151.00,4147.8,4107.91,725281,29793.9,65169, 335358, 46.24,3.67
DMART, EQ, 28-Jul-2023,3693.35,3704.0,3729.0,3674.05, 3718.65,3713.9,3696.07,219187,8101.31,23482, 128980, 58.84,0.56
DMART, EQ, 28-Aug-2020,2380.85,2376.75,2376.9,2300.0, 2320.05,2319.4,2322.71,617760,14348.8,48290, 320308, 51.85,-2.58
DMART, EQ, 28-Aug-2023,3534.6,3533.0,3635.95,3533.0, 3591.50,3592.9,3599.47,619104,22284.47,44901, 413006, 66.71,1.65
DMART, EQ, 28-Aug-2024,4958.55,4995.5,4995.5,4905.0,4967.0,4964.85,4937.73,504521,24911.89,41032, 373753, 74.08,0.13
DMART, EQ, 28-Sep-2020,2102.7,2110.9,2142.0,2098.0,2100.0,2108.4,2124.03,357109,7585.1,15868,146295,40.97,0.27
DMART, EQ, 28-Sep-2021,4385.75,4397.0,4421.9,4294.95, 4315.00,4315.75,4328.36,305671,13230.53,48863, 187083, 61.20,-1.6
DMART, EQ, 28-Sep-2022,4283.2,4249.0,4367.95,4240.0,4300.55,4318.15,4335.27,352261,15271.47,49099, 188760, 53.59,0.82
DMART, EQ, 28-Sep-2023,3640.7,3692.0,3692.0,3651.0, 3665.00,3671.05,3672.01,451168,16566.95,26929, 334524, 74.15,0.83
DMART, EQ, 28-Oct-2020,2176.2,2197.0,2249.0,2175.0, 2236.00,2240.2,2229.32,989254,22053.6,57849, 349294, 35.31,2.94
DMART, EQ, 28-Oct-2021,4733.0,4748.0,4776.85,4620.0, 4675.15,4675.65,4671.53,375073,17521.66,53623, 114024, 30.40,-1.21
DMART, EQ, 28-Oct-2022,4271.4,4281.4,4320.0,4251.55,4315.0,4307.35,4285.77,120314,5156.38,21779, 62518, 51.96,0.84
DMART, EQ, 28-Oct-2024,4052.2,4052.2,4094.3,3975.0,3985.9,3987.5,4023.88,297228,11960.1,64389, 175563, 59.07,-1.6
DMART, EQ, 28-Nov-2022,3904.45,3913.4,3934.0,3890.0, 3899.00,3907.7,3914.68,228975,8963.63,30371, 140789, 61.49,0.08
DMART, EQ, 28-Nov-2023,3842.9,3815.0,3934.0,3815.0, 3927.00,3912.15,3891.02,449705,17498.11,56231, 270749, 60.21,1.8
DMART, EQ, 28-Nov-2024,3661.25,3696.65,3757.9,3651.0,3709.85,3716.55,3719.22,658002,24472.54,54222, 373055, 56.70,1.51
DMART, EQ, 28-Dec-2020,2673.1,2685.95,2698.95,2655.0,2684.0,2678.0,2682.45,319378,8567.14,23440, 107590, 33.69,0.18
DMART, EQ, 28-Dec-2021,4668.65,4680.0,4760.95,4645.0,4719.4,4721.95,4723.42,320963,15160.42,29146, 130568, 40.68,1.14
DMART, EQ, 28-Dec-2022,4074.6,4077.95,4077.95,4007.4, 4009.20,4017.75,4027.1,130503,5255.48,18805, 52387, 40.14,-1.4
DMART, EQ, 28-Dec-2023,4027.45,4048.9,4058.4,4015.0, 4045.00,4044.65,4036.7,403866,16302.85,36020, 307389, 76.11,0.43
DMART, EQ, 29-Jan-2020,1930.45,1932.0,1984.25,1928.0, 1973.85,1974.65,1965.06,481606,9463.82,32525, 221444, 45.98,2.29
DMART, EQ, 29-Jan-2021,2794.45,2825.0,2836.0,2610.0, 2698.00,2651.5,2727.08,900893,24568.11,63349, 435807, 48.38,-5.12
DMART, EQ, 29-Jan-2024,3734.25,3700.0,3764.2,3689.0, 3764.20,3749.4,3718.63,216522,8051.66,30423, 115614, 53.40,0.41
DMART, EQ, 29-Jan-2025,3559.3,3555.8,3586.2,3540.95,3569.0,3568.1,3566.54,387658,13825.98,38062, 237397, 61.24,0.25
DMART, EQ, 29-Feb-2024,3850.0,3818.4,3940.0,3797.05, 3915.20,3918.9,3889.51,499782,19439.07,54851, 297686, 59.56,1.79
DMART, EQ, 29-Mar-2022,4010.05,4010.05,4037.8,3985.0, 4006.00,4006.1,4003.69,397614,15919.22,47822, 233152, 58.64,-0.1
DMART, EQ, 29-Mar-2023,3316.45,3320.0,3385.0,3315.0, 3326.00,3325.45,3343.94,276925,9260.21,33573, 143942, 51.98,0.27
DMART, EQ, 29-Apr-2021,2936.8,2960.0,2988.0,2880.0, 2890.00,2906.35,2925.81,296752,8682.39,22184, 79270, 26.71,-1.04
DMART, EQ, 29-Apr-2022,4024.55,4048.9,4085.0,3906.0,3931.75,3944.25,4001.17,238651,9548.83,31034, 135266, 56.68,-2.0
DMART, EQ, 29-Apr-2024,4553.15,4560.5,4562.45,4450.0, 4483.15,4483.8,4487.25,385596,17302.64,47447, 247816, 64.27,-1.52
DMART, EQ, 29-May-2020,2308.45,2330.0,2358.0,2229.0, 2300.00,2269.35,2278.82,3799435,86582.41,176493, 2892391, 76.13,-1.69
DMART, EQ, 29-May-2023,3501.75,3540.0,3545.0,3482.25, 3502.05,3503.3,3500.73,228840,8011.06,31272, 134083, 58.59,0.04
DMART, EQ, 29-May-2024,4474.45,4474.0,4564.85,4435.1,4470.0,4476.85,4492.89,234524,10536.9,32405, 84677, 36.11,0.05
DMART, EQ, 29-Jun-2020,2294.4,2294.4,2334.7,2274.0, 2293.15,2290.95,2301.67,234443,5396.11,24512, 100539, 42.88,-0.15
DMART, EQ, 29-Jun-2021,3332.2,3338.0,3349.7,3251.0, 3270.00,3270.85,3298.44,310346,10236.59,34198, 194854, 62.79,-1.84
DMART, EQ, 29-Jun-2022,3479.95,3450.45,3527.0,3425.0, 3433.00,3445.25,3470.27,405633,14076.58,53656, 156168, 38.50,-1.0
DMART, EQ, 28-Jun-2023,3872.1,3865.0,3988.0,3852.05, 3984.00,3963.6,3933.06,478728,18828.65,42330, 261130, 54.55,2.36
DMART, EQ, 29-Jul-2020,2051.4,2060.0,2075.0,2041.1, 2048.00,2049.7,2060.76,351802,7249.78,24020, 185902, 52.84,-0.08
DMART, EQ, 29-Jul-2021,3488.5,3500.0,3524.0,3492.25,3500.0,3502.6,3505.59,131747,4618.51,20188, 63485, 48.19,0.4
DMART, EQ, 29-Jul-2022,4147.8,4215.0,4250.0,4183.45,4241.0,4243.85,4227.01,514745,21758.35,62421, 204207, 39.67,2.32
DMART, EQ, 29-Jul-2024,5071.6,5144.0,5144.0,5041.8,5095.45,5112.85,5092.17,206613,10521.08,31407, 104386, 50.52,0.81
DMART, EQ, 29-Aug-2022,4409.65,4270.0,4450.0,4270.0, 4438.00,4431.55,4404.05,352554,15526.66,51010, 160867, 45.63,0.5
DMART, EQ, 29-Aug-2023,3592.9,3632.0,3675.0,3615.0, 3666.00,3664.35,3641.54,615528,22414.73,36993, 354636, 57.61,1.99
DMART, EQ, 29-Aug-2024,4964.85,4991.5,5155.55,4980.65,5011.95,5008.8,5062.36,939641,47567.99,88593, 442356, 47.08,0.89
DMART, EQ, 29-Sep-2020,2108.4,2108.4,2150.6,2082.9,2125.0,2133.25,2126.72,593653,12625.36,25411, 202514, 34.11,1.18
DMART, EQ, 29-Sep-2021,4315.75,4316.0,4395.95,4202.0, 4241.35,4251.2,4299.83,377254,16221.29,53398, 217966, 57.78,-1.5
DMART, EQ, 29-Sep-2022,4318.15,4365.0,4416.95,4220.1,4241.0,4240.55,4301.15,518364,22295.62,53759, 301069, 58.08,-1.8
DMART, EQ, 29-Sep-2023,3671.05,3671.05,3698.0,3651.3, 3680.70,3675.6,3670.38,321455,11798.6,29081, 219938, 68.42,0.12
DMART, EQ, 29-Oct-2020,2240.2,2200.0,2277.6,2185.0,2275.0,2267.1,2244.9,624080,14009.99,41378, 217086, 34.78,1.2
DMART, EQ, 29-Oct-2021,4675.65,4669.0,4725.0,4561.15, 4622.00,4635.45,4644.68,437818,20335.25,54378, 134404, 30.70,-0.86
DMART, EQ, 29-Oct-2024,3987.5,4000.0,4010.0,3940.2,3980.0,3965.15,3972.69,304479,12095.99,69498, 170618, 56.04,-0.56
DMART, EQ, 29-Nov-2021,4718.75,4687.0,4721.0,4455.0, 4669.45,4673.35,4619.57,609710,28165.96,79984, 254059, 41.67,-0.96
DMART, EQ, 29-Nov-2022,3907.7,3907.0,3977.55,3898.0,3964.0,3965.1,3940.68,344369,13570.48,46835, 196087, 56.94,1.47
DMART, EQ, 29-Nov-2023,3912.15,3915.0,3937.0,3841.0, 3869.95,3861.5,3898.21,333845,13013.98,38098, 203003, 60.81,-1.29
DMART, EQ, 29-Nov-2024,3716.55,3714.7,3730.45,3661.55,3710.0,3709.6,3700.93,913178,33796.07,61789, 646620, 70.81,-0.19
DMART, EQ, 29-Dec-2020,2678.0,2690.0,2694.7,2645.0,2675.0,2665.7,2673.81,345136,9228.26,22700, 112712, 32.66,-0.46
DMART, EQ, 29-Dec-2021,4721.95,4739.0,4748.7,4675.0, 4677.50,4683.95,4706.62,176720,8317.53,17776, 84009, 47.54,-0.8
DMART, EQ, 29-Dec-2022,4017.75,4003.15,4207.95,3971.8, 4159.70,4178.3,4092.24,475188,19445.82,58320, 257381, 54.16,4.0
DMART, EQ, 29-Dec-2023,4044.65,4045.1,4098.9,3984.2, 4060.00,4082.65,4056.3,224994,9126.43,26564, 131293, 58.35,0.94
DMART, EQ, 30-Jan-2020,1974.65,1977.8,2064.0,1977.8, 2050.50,2051.3,2027.2,1640477,33255.79,71002, 712168, 43.41,3.88
DMART, EQ, 30-Jan-2023,3562.35,3574.9,3575.0,3486.05, 3540.00,3546.3,3531.45,272767,9632.62,36893, 139135, 51.01,-0.45
DMART, EQ, 30-Jan-2024,3749.4,3740.0,3772.85,3680.0, 3699.00,3687.3,3722.82,263265,9800.89,25384, 176412, 67.01,-1.66
DMART, EQ, 30-Jan-2025,3568.1,3572.05,3585.0,3553.6,3580.0,3575.4,3573.99,325453,11631.66,22741, 207070, 63.63,0.2
DMART, EQ, 30-Mar-2021,2855.2,2867.0,2918.0,2807.0,2830.0,2837.55,2872.58,696633,20011.31,63857, 340982, 48.95,-0.62
DMART, EQ, 30-Mar-2022,4006.1,4025.0,4084.0,3945.0, 3965.00,3973.4,4020.02,580732,23345.56,73288, 307844, 53.01,-0.82
DMART, EQ, 30-Apr-2021,2906.35,2889.8,2931.9,2818.9,2840.0,2852.9,2879.69,322948,9299.91,26875, 114953, 35.59,-1.84
DMART, EQ, 30-Apr-2024,4483.8,4455.15,4650.0,4455.15, 4605.00,4603.8,4609.25,637696,29393.03,60341, 332999, 52.22,2.68
DMART, EQ, 30-May-2022,3613.85,3660.0,3824.9,3645.0, 3805.00,3796.4,3745.53,429986,16105.26,38359, 155788, 36.23,5.05
DMART, EQ, 30-May-2023,3503.3,3517.95,3530.0,3496.85, 3510.00,3507.5,3506.52,294224,10317.02,35937, 208889, 71.00,0.12
DMART, EQ, 30-May-2024,4476.85,4475.9,4497.25,4410.0,4440.8,4444.95,4440.82,141706,6292.9,23280, 64909, 45.81,-0.71
DMART, EQ, 30-Jun-2020,2290.95,2314.7,2332.5,2288.0, 2315.00,2317.15,2307.2,381989,8813.23,23992, 282723, 74.01,1.14
DMART, EQ, 30-Jun-2021,3270.85,3278.0,3358.0,3278.0, 3350.00,3344.1,3339.36,502700,16786.97,39215, 239454, 47.63,2.24
DMART, EQ, 30-Jun-2022,3445.25,3445.2,3469.0,3370.0,3386.0,3406.1,3425.48,384404,13167.68,48256, 230903, 60.07,-1.14
DMART, EQ, 30-Jun-2023,3963.6,3965.0,3966.0,3880.0, 3895.00,3889.2,3908.88,401857,15708.12,44142, 202357, 50.36,-1.88
DMART, EQ, 30-Jul-2020,2049.7,2039.0,2068.0,2030.0, 2044.00,2040.2,2043.48,411865,8416.38,24515, 280354, 68.07,-0.46
DMART, EQ, 30-Jul-2021,3502.6,3524.0,3524.0,3475.25, 3501.00,3500.8,3496.36,270545,9459.24,18867, 193512, 71.53,-0.05
DMART, EQ, 30-Jul-2024,5112.85,5140.0,5175.55,5000.1,5014.0,5027.2,5074.6,299951,15221.32,34151, 175753, 58.59,-1.68
DMART, EQ, 30-Aug-2021,3833.05,3862.0,3899.0,3835.3, 3899.00,3888.35,3870.53,267923,10370.04,24469, 161692, 60.35,1.44
DMART, EQ, 30-Aug-2022,4431.55,4475.0,4550.0,4460.3, 4545.00,4531.35,4516.65,426171,19248.65,46081, 251079, 58.92,2.25
DMART, EQ, 30-Aug-2023,3664.35,3693.95,3742.75,3684.55, 3733.80,3736.3,3722.93,440057,16383.01,44835, 240011, 54.54,1.96
DMART, EQ, 30-Aug-2024,5008.8,5020.0,5042.0,4900.0,4930.0,4927.45,4953.72,564035,27940.69,64668, 376595, 66.77,-1.62
DMART, EQ, 30-Sep-2020,2133.25,2134.0,2219.8,2115.0,2187.0,2203.15,2185.54,677291,14802.45,62497, 248285, 36.66,3.28
DMART, EQ, 30-Sep-2021,4251.2,4259.75,4310.0,4205.25, 4241.00,4250.2,4266.89,339960,14505.73,42479, 220285, 64.80,-0.02
DMART, EQ, 30-Sep-2022,4240.55,4270.0,4400.0,4251.2, 4390.05,4386.55,4347.05,352698,15331.95,41096, 150916, 42.79,3.44
DMART, EQ, 30-Sep-2024,5102.3,5102.3,5215.0,5080.0,5109.0,5096.3,5127.47,437174,22415.96,55452, 245827, 56.23,-0.12
DMART, EQ, 30-Oct-2020,2267.1,2260.0,2278.9,2195.75, 2230.00,2239.9,2250.67,680417,15313.91,60369, 199466, 29.32,-1.2
DMART, EQ, 30-Oct-2023,3665.45,3686.7,3688.0,3624.25, 3646.85,3646.65,3648.5,254298,9278.07,34874, 159028, 62.54,-0.51
DMART, EQ, 30-Oct-2024,3965.15,4000.0,4036.95,3920.0,3930.0,3932.45,3938.21,651051,25639.76,95346, 433144, 66.53,-0.82
DMART, EQ, 30-Nov-2021,4673.35,4673.4,4800.0,4661.0,4725.0,4710.9,4725.25,790479,37352.08,88858, 415136, 52.52,0.8
DMART, EQ, 30-Nov-2022,3965.1,3975.0,4040.0,3955.0,4029.0,4025.5,4000.2,604666,24187.84,51709, 420289, 69.51,1.52
DMART, EQ, 30-Nov-2023,3861.5,3878.0,3962.0,3834.0, 3950.00,3949.75,3926.61,698850,27441.14,59505, 479909, 68.67,2.29
DMART, EQ, 30-Dec-2020,2665.7,2666.2,2725.0,2642.35,2711.0,2680.3,2670.37,479318,12799.54,37221, 245520, 51.22,0.55
DMART, EQ, 30-Dec-2021,4683.95,4677.5,4699.0,4625.0, 4630.70,4639.35,4654.33,195753,9110.98,29663, 107976, 55.16,-0.95
DMART, EQ, 30-Dec-2022,4178.3,4178.0,4195.0,4025.15,4052.0,4068.75,4135.27,387431,16021.3,46088, 155061, 40.02,-2.62
DMART, EQ, 30-Dec-2024,3568.35,3570.0,3669.9,3495.05,3544.95,3588.55,3569.84,2347725,83810.03,117051, 1597848, 68.06,0.57
DMART, EQ, 31-Jan-2020,2051.3,2064.05,2145.05,2061.0, 2133.00,2133.95,2112.97,1572997,33236.98,76545, 402028, 25.56,4.03
DMART, EQ, 31-Jan-2022,4076.0,4140.0,4171.0,4092.0,4109.0,4114.35,4128.57,478099,19738.67,61403, 274731, 57.46,0.94
DMART, EQ, 31-Jan-2023,3546.3,3555.05,3582.15,3492.65,3510.7,3502.3,3516.19,537429,18897.03,40315, 406388, 75.62,-1.24
DMART, EQ, 31-Jan-2024,3687.3,3680.0,3821.4,3652.75, 3810.00,3792.7,3737.71,353880,13227.0,42575, 228499, 64.57,2.86
DMART, EQ, 31-Jan-2025,3575.4,3575.0,3703.7,3570.0,3660.0,3664.65,3651.01,339017,12377.56,42207, 145370, 42.88,2.5
DMART, EQ, 31-Mar-2021,2837.55,2869.0,2890.0,2830.0, 2870.00,2859.05,2860.43,433044,12386.91,30104, 181211, 41.85,0.76
DMART, EQ, 31-Mar-2022,3973.4,4028.0,4040.0,3983.05, 3996.00,4003.35,4013.45,492437,19763.72,74347, 256286, 52.04,0.75
DMART, EQ, 31-Mar-2023,3325.45,3325.0,3415.0,3325.0, 3411.00,3401.05,3393.61,286361,9717.98,27004, 187940, 65.63,2.27
DMART, EQ, 31-May-2021,3022.1,3042.5,3085.0,3025.0, 3070.00,3069.4,3058.53,318681,9746.94,22591, 106200, 33.32,1.57
DMART, EQ, 31-May-2022,3796.4,3807.75,4049.0,3767.9, 3961.00,3972.8,3957.72,1335568,52858.02,100078, 561796, 42.06,4.65
DMART, EQ, 31-May-2023,3507.5,3519.9,3522.35,3437.35, 3454.00,3471.25,3476.43,917960,31912.26,71009, 681526, 74.24,-1.03
DMART, EQ, 31-May-2024,4444.95,4440.0,4450.0,4250.4,4287.35,4302.15,4318.97,866438,37421.22,84063, 488994, 56.44,-3.21
DMART, EQ, 31-Jul-2020,2040.2,2046.0,2075.0,2033.05,2060.05,2063.45,2061.34,423797,8735.91,39860, 250274, 59.06,1.14
DMART, EQ, 31-Jul-2023,3713.9,3713.05,3764.0,3703.0, 3752.00,3752.8,3748.05,276799,10374.57,31515, 156287, 56.46,1.05
DMART, EQ, 31-Jul-2024,5027.2,5040.0,5068.9,4910.2,4953.9,4935.95,4964.6,912329,45293.48,71401, 712164, 78.06,-1.82
DMART, EQ, 31-Aug-2020,2319.4,2298.9,2298.9,2195.0, 2248.80,2251.25,2240.38,1031288,23104.82,85006, 510993, 49.55,-2.94
DMART, EQ, 31-Aug-2021,3888.35,3899.0,3979.75,3871.15,3950.0,3954.8,3928.59,378858,14883.76,33813, 199833, 52.75,1.71
DMART, EQ, 31-Aug-2023,3736.3,3736.3,3750.0,3680.1, 3715.00,3720.4,3722.28,672799,25043.48,53495, 415099, 61.70,-0.43
DMART, EQ, 31-Oct-2022,4307.35,4316.5,4348.0,4290.0,4324.0,4320.9,4318.52,186409,8050.11,27787, 99772, 53.52,0.31
DMART, EQ, 31-Oct-2023,3646.65,3657.65,3671.25,3620.0, 3632.55,3633.4,3642.72,820386,29884.35,34609, 738850, 90.06,-0.36
DMART, EQ, 31-Oct-2024,3932.45,3930.0,3939.35,3876.0,3931.0,3930.7,3924.73,267667,10505.22,41761, 152292, 56.90,-0.04
DMART, EQ, 31-Dec-2020,2680.3,2691.0,2780.0,2670.0,2760.0,2763.6,2738.68,984705,26967.93,73388, 394290, 40.04,3.11
DMART, EQ, 31-Dec-2021,4639.35,4641.0,4692.75,4636.0,4665.0,4671.45,4663.14,172788,8057.34,20893, 79034, 45.74,0.69
DMART, EQ, 31-Dec-2024,3588.55,3555.0,3577.95,3510.1,3559.55,3561.85,3542.84,693775,24579.37,48002, 457385, 65.93,-0.74
