SYMBOL, SERIES, DATE1, PREV_CLOSE, OPEN_PRICE, HIGH_PRICE, LOW_PRICE, LAST_PRICE, CLOSE_PRICE, AVG_PRICE, TTL_TRD_QNTY, TURNOVER_LACS, NO_OF_TRADES, DELIV_QTY, DELIV_PER,PER_CHANGE
DYNPRO, EQ, 01-Jan-2020,142.45,146.35,152.0,143.05, 149.00,148.3,148.91,52283,77.86,1660, 22880, 43.76,4.11
DYNPRO, EQ, 01-Jan-2021,261.55,262.45,265.15,254.0, 261.05,259.9,259.58,96374,250.16,3860, 52505, 54.48,-0.63
DYNPRO, EQ, 01-Jan-2024,299.95,297.0,313.8,297.0, 309.65,307.85,307.34,39365,120.98,2182, 21049, 53.47,2.63
DYNPRO, EQ, 01-Jan-2025,406.7,410.45,413.8,400.0,408.3,402.45,406.25,6778,27.54,701, 3011, 44.42,-1.04
DYNPRO, EQ, 01-Feb-2021,269.3,269.35,278.0,266.8, 277.50,275.45,274.07,61894,169.64,1772, 39820, 64.34,2.28
DYNPRO, EQ, 01-Feb-2022,575.3,583.6,589.0,558.75,563.0,563.1,571.65,40215,229.89,3093, 19936, 49.57,-2.12
DYNPRO, EQ, 01-Feb-2023,265.45,269.5,282.9,256.4, 261.60,265.8,268.52,28313,76.03,1543, 16597, 58.62,0.13
DYNPRO, EQ, 01-Feb-2024,281.45,281.5,293.4,274.95, 287.25,289.05,286.92,69849,200.41,3672, 28373, 40.62,2.7
DYNPRO, EQ, 01-Mar-2021,398.5,409.7,470.0,403.05, 460.00,449.1,441.02,339887,1498.96,12426, 154267, 45.39,12.7
DYNPRO, EQ, 01-Mar-2023,291.6,295.0,299.0,287.35, 290.00,290.8,293.44,27043,79.36,1817, 10791, 39.90,-0.27
DYNPRO, EQ, 01-Mar-2024,299.6,295.2,309.5,295.2, 306.35,306.15,304.44,28450,86.61,2092, 13942, 49.01,2.19
DYNPRO, EQ, 01-Apr-2020,115.45,116.8,116.85,108.0,114.0,113.1,111.68,2970,3.32,188, 1899, 63.94,-2.04
DYNPRO, EQ, 01-Apr-2021,521.05,523.1,537.7,504.0, 513.00,509.05,518.81,53802,279.13,3010, 25301, 47.03,-2.3
DYNPRO, EQ, 01-Apr-2022,580.95,589.5,629.0,580.3, 610.55,611.35,612.28,32280,197.64,2909, 15367, 47.61,5.23
DYNPRO, EQ, 01-Apr-2024,260.5,260.5,274.45,260.5, 273.00,273.4,270.67,15352,41.55,1048, 10095, 65.76,4.95
DYNPRO, EQ, 01-Apr-2025,262.0,271.65,287.95,265.2,278.0,280.15,274.3,21390,58.67,1324, 6109, 28.56,6.93
DYNPRO, EQ, 01-Jun-2020,111.6,112.9,114.75,111.95, 114.70,112.95,113.4,19742,22.39,468, 12417, 62.90,1.21
DYNPRO, EQ, 01-Jun-2021,515.65,512.5,528.3,502.2, 508.30,511.1,515.52,44722,230.55,3098, 25549, 57.13,-0.88
DYNPRO, EQ, 01-Jun-2022,457.95,457.95,484.0,457.95,468.0,469.7,473.5,47742,226.06,3618, 23093, 48.37,2.57
DYNPRO, EQ, 01-Jun-2023,332.1,332.0,337.2,322.55, 325.50,325.75,330.05,29421,97.11,3683, 12973, 44.09,-1.91
DYNPRO, EQ, 01-Jul-2020,142.4,144.8,169.0,142.85, 160.15,160.05,159.18,445977,709.92,10883, 153792, 34.48,12.39
DYNPRO, EQ, 01-Jul-2021,457.1,457.0,465.15,452.6, 461.00,462.55,458.61,35239,161.61,2845, 17060, 48.41,1.19
DYNPRO, EQ, 01-Jul-2022,413.2,418.95,418.95,401.05,401.05,402.7,407.03,5152,20.97,664, 2016, 39.13,-2.54
DYNPRO, EQ, 01-Jul-2024,288.9,290.0,303.3,289.1,303.0,301.85,297.4,78408,233.19,4379, 41920, 53.46,4.48
DYNPRO, EQ, 01-Aug-2022,458.9,465.75,476.0,459.65, 467.00,468.5,468.8,12625,59.19,1305, 8044, 63.71,2.09
DYNPRO, EQ, 01-Aug-2023,298.15,296.1,304.0,296.1, 298.25,299.25,300.01,19749,59.25,2036, 10172, 51.51,0.37
DYNPRO, EQ, 01-Sep-2020,187.15,187.15,195.95,183.25, 194.00,193.0,190.52,84205,160.43,2291, 41376, 49.14,3.13
DYNPRO, EQ, 01-Sep-2021,560.5,564.9,566.0,542.05,547.8,546.4,549.29,25747,141.42,2251, 14376, 55.84,-2.52
DYNPRO, EQ, 01-Sep-2022,350.55,345.0,358.0,345.0,354.45,352.8,353.11,39881,140.82,2242, 25631, 64.27,0.64
DYNPRO, EQ, 01-Sep-2023,388.85,390.45,397.65,389.0, 389.20,390.65,393.82,21449,84.47,1860, 14116, 65.81,0.46
DYNPRO, EQ, 01-Oct-2020,261.7,264.0,285.0,258.35, 273.40,272.2,275.07,467496,1285.96,10872, 139473, 29.83,4.01
DYNPRO, EQ, 01-Oct-2021,536.3,570.0,643.55,562.05, 643.55,643.55,616.12,718153,4424.67,42223, 276770, 38.54,20.0
DYNPRO, EQ, 01-Nov-2021,623.25,625.0,634.7,609.75, 619.00,618.15,621.66,23785,147.86,2918, 9729, 40.90,-0.82
DYNPRO, EQ, 01-Nov-2022,369.7,365.5,405.0,365.5,398.0,394.7,387.63,129164,500.68,6249, 76069, 58.89,6.76
DYNPRO, EQ, 01-Nov-2023,305.4,300.3,308.2,295.0, 295.50,296.1,300.66,20396,61.32,1865, 11130, 54.57,-3.05
DYNPRO, EQ, 01-Dec-2020,237.1,236.1,239.95,225.95,231.0,231.15,231.12,182754,422.38,4405, 104768, 57.33,-2.51
DYNPRO, EQ, 01-Dec-2021,548.3,545.2,554.9,540.0,554.9,549.5,547.21,46246,253.06,3388, 23088, 49.92,0.22
DYNPRO, EQ, 01-Dec-2022,389.3,389.3,398.0,379.1,384.0,383.0,384.48,26282,101.05,1380, 14117, 53.71,-1.62
DYNPRO, EQ, 01-Dec-2023,280.0,283.85,284.05,277.0, 277.50,277.9,279.57,43274,120.98,1562, 29505, 68.18,-0.75
DYNPRO, EQ, 02-Jan-2020,148.3,151.0,152.45,148.65, 151.65,151.7,151.25,31015,46.91,1237, 21961, 70.81,2.29
DYNPRO, EQ, 02-Jan-2023,317.55,327.25,327.25,311.35, 315.60,320.5,320.06,11742,37.58,1001, 5635, 47.99,0.93
DYNPRO, EQ, 02-Jan-2024,307.85,307.0,308.4,299.0, 304.85,304.0,302.81,19287,58.4,1038, 9402, 48.75,-1.25
DYNPRO, EQ, 02-Jan-2025,402.45,402.55,412.45,400.2,403.1,402.55,404.26,7528,30.43,469, 5293, 70.31,0.02
DYNPRO, EQ, 02-Feb-2021,275.45,280.55,300.0,276.7, 299.10,296.85,290.52,262566,762.81,6600, 162309, 61.82,7.77
DYNPRO, EQ, 02-Feb-2022,563.1,564.9,582.5,564.9, 570.20,570.75,574.04,22570,129.56,1958, 12503, 55.40,1.36
DYNPRO, EQ, 02-Feb-2023,265.8,268.15,272.4,263.95, 269.30,267.2,268.02,8866,23.76,630, 4411, 49.75,0.53
DYNPRO, EQ, 02-Feb-2024,289.05,288.1,292.25,279.0, 281.10,280.45,282.93,33582,95.02,2195, 20104, 59.87,-2.98
DYNPRO, EQ, 02-Mar-2020,149.7,150.6,158.45,140.55, 142.00,145.05,148.48,12029,17.86,865, 7617, 63.32,-3.11
DYNPRO, EQ, 02-Mar-2021,449.1,465.0,465.0,436.0,451.2,451.15,451.18,84840,382.78,4628, 39491, 46.55,0.46
DYNPRO, EQ, 02-Mar-2022,563.6,561.2,569.2,554.9, 564.00,560.55,561.16,19180,107.63,1534, 10569, 55.10,-0.54
DYNPRO, EQ, 02-Mar-2023,290.8,289.4,293.85,283.5, 283.50,284.6,288.28,13720,39.55,886, 6551, 47.75,-2.13
DYNPRO, EQ, 02-Apr-2024,273.4,274.35,288.1,273.0, 288.00,285.35,282.95,26231,74.22,1221, 15897, 60.60,4.37
DYNPRO, EQ, 02-Apr-2025,280.15,282.35,284.4,271.0,276.9,278.05,276.11,16964,46.84,903, 7898, 46.56,-0.75
DYNPRO, EQ, 02-May-2022,602.05,592.25,599.45,573.0,585.5,585.3,585.39,35353,206.95,2817, 18068, 51.11,-2.78
DYNPRO, EQ, 02-May-2023,321.1,325.4,325.4,295.6, 299.20,298.85,304.64,100993,307.67,5965, 56387, 55.83,-6.93
DYNPRO, EQ, 02-May-2024,288.35,288.4,292.65,280.0, 283.50,284.05,285.21,32903,93.84,1721, 17772, 54.01,-1.49
DYNPRO, EQ, 02-Jun-2020,112.95,114.95,115.0,111.2,114.0,113.5,113.72,17827,20.27,553, 11233, 63.01,0.49
DYNPRO, EQ, 02-Jun-2021,511.1,511.25,535.0,501.0, 521.50,522.85,519.32,70256,364.85,4485, 38469, 54.76,2.3
DYNPRO, EQ, 02-Jun-2022,469.7,459.0,476.95,459.0,467.9,466.05,471.0,18500,87.14,1728, 11922, 64.44,-0.78
DYNPRO, EQ, 02-Jun-2023,325.75,330.0,333.85,326.45, 332.50,329.25,330.81,28930,95.7,2169, 17711, 61.22,1.07
DYNPRO, EQ, 02-Jul-2020,160.05,160.0,167.0,153.6, 165.30,164.9,161.84,103065,166.8,3295, 46480, 45.10,3.03
DYNPRO, EQ, 02-Jul-2021,462.55,470.0,512.0,466.65,506.0,502.5,498.35,327670,1632.93,13654, 122066, 37.25,8.64
DYNPRO, EQ, 02-Jul-2024,301.85,298.0,306.0,297.05,301.4,299.9,301.38,80350,242.16,4126, 38602, 48.04,-0.65
DYNPRO, EQ, 02-Aug-2021,568.8,573.35,613.9,568.15,588.0,587.5,593.88,190213,1129.64,13510, 91085, 47.89,3.29
DYNPRO, EQ, 02-Aug-2022,468.5,474.75,474.75,459.15,462.3,462.8,464.07,11107,51.54,1145, 6848, 61.65,-1.22
DYNPRO, EQ, 02-Aug-2023,299.25,300.0,307.6,294.1, 301.00,301.95,301.15,31753,95.62,3205, 15236, 47.98,0.9
DYNPRO, EQ, 02-Sep-2020,193.0,193.0,201.7,189.3, 194.10,193.9,194.15,56061,108.84,1757, 21912, 39.09,0.47
DYNPRO, EQ, 02-Sep-2021,546.4,548.8,558.0,546.05, 554.80,550.8,550.41,19661,108.22,1524, 11217, 57.05,0.81
DYNPRO, EQ, 02-Sep-2022,352.8,352.8,355.75,346.0,348.15,348.55,350.53,21251,74.49,1867, 11005, 51.79,-1.2
DYNPRO, EQ, 02-Nov-2020,226.15,223.5,225.95,211.0, 217.00,214.55,216.38,163664,354.14,5797, 64309, 39.29,-5.13
DYNPRO, EQ, 02-Nov-2021,618.15,623.0,696.5,612.35, 678.00,677.2,669.23,165495,1107.54,16148, 53551, 32.36,9.55
DYNPRO, EQ, 02-Nov-2022,394.7,402.85,402.85,384.7,391.0,390.85,391.62,16327,63.94,1252, 10580, 64.80,-0.98
DYNPRO, EQ, 02-Nov-2023,296.1,301.85,304.5,286.35, 289.00,289.65,293.84,45313,133.15,2936, 23991, 52.95,-2.18
DYNPRO, EQ, 02-Dec-2020,231.15,233.2,236.0,226.35, 230.55,230.05,231.15,83066,192.01,1971, 44039, 53.02,-0.48
DYNPRO, EQ, 02-Dec-2021,549.5,550.0,567.5,548.3, 562.00,559.4,558.13,32436,181.04,2320, 18972, 58.49,1.8
DYNPRO, EQ, 02-Dec-2022,383.0,379.0,389.5,379.0, 382.00,382.0,383.82,11310,43.41,572, 7868, 69.57,-0.26
DYNPRO, EQ, 03-Jan-2020,151.7,153.0,163.55,144.5, 162.35,161.1,157.57,180467,284.36,4228, 70401, 39.01,6.2
DYNPRO, EQ, 03-Jan-2022,620.1,618.0,651.7,618.0, 633.30,634.9,636.08,46039,292.84,4111, 25455, 55.29,2.39
DYNPRO, EQ, 03-Jan-2023,320.5,318.1,328.4,315.2, 317.15,318.25,320.36,10087,32.31,1024, 4734, 46.93,-0.7
DYNPRO, EQ, 03-Jan-2024,304.0,304.05,307.55,298.6, 300.10,300.95,301.48,22905,69.05,1487, 13961, 60.95,-1.0
DYNPRO, EQ, 03-Jan-2025,402.55,411.9,414.0,399.1,410.0,406.35,405.71,15225,61.77,907, 10410, 68.37,0.94
DYNPRO, EQ, 03-Feb-2020,154.1,158.0,159.75,151.55, 157.00,155.85,154.77,5824,9.01,497, 3899, 66.95,1.14
DYNPRO, EQ, 03-Feb-2021,296.85,300.0,314.95,298.0, 306.10,304.85,307.93,259050,797.68,7194, 122819, 47.41,2.69
DYNPRO, EQ, 03-Feb-2022,570.75,573.9,583.0,558.0, 568.00,569.85,571.48,23231,132.76,1740, 14432, 62.12,-0.16
DYNPRO, EQ, 03-Feb-2023,267.2,269.35,270.0,261.0, 263.65,263.55,265.89,11197,29.77,457, 6624, 59.16,-1.37
DYNPRO, EQ, 03-Feb-2025,320.05,328.9,329.0,304.05,322.05,322.75,310.92,17082,53.11,618, 11384, 66.64,0.84
DYNPRO, EQ, 03-Mar-2020,145.05,146.4,148.95,139.25, 144.55,143.8,142.06,20331,28.88,1469, 8047, 39.58,-0.86
DYNPRO, EQ, 03-Mar-2021,451.15,459.0,498.0,451.25,484.7,477.1,480.8,189562,911.42,8275, 81281, 42.88,5.75
DYNPRO, EQ, 03-Mar-2022,560.55,582.0,582.0,551.0,551.0,555.9,567.7,16878,95.82,1551, 8930, 52.91,-0.83
DYNPRO, EQ, 03-Mar-2023,284.6,287.05,289.45,283.05, 283.75,283.8,287.0,23246,66.72,633, 19766, 85.03,-0.28
DYNPRO, EQ, 03-Mar-2025,267.05,267.05,280.4,259.45,266.95,276.2,269.66,32655,88.06,1572, 24243, 74.24,3.43
DYNPRO, EQ, 03-Apr-2020,113.1,110.85,114.0,100.0, 103.00,103.6,106.25,12552,13.34,566, 7671, 61.11,-8.4
DYNPRO, EQ, 03-Apr-2023,233.6,239.9,259.4,239.25, 247.60,249.6,248.82,65103,161.99,3855, 25805, 39.64,6.85
DYNPRO, EQ, 03-Apr-2024,285.35,286.2,295.95,281.4, 290.60,294.0,289.55,29620,85.76,1944, 18006, 60.79,3.03
DYNPRO, EQ, 03-Apr-2025,278.05,281.6,290.0,275.0,278.0,278.05,278.31,25120,69.91,801, 16832, 67.01,0.0
DYNPRO, EQ, 03-May-2021,499.1,499.0,513.95,485.05,509.95,506.85,500.61,44804,224.29,2067, 18419, 41.11,1.55
DYNPRO, EQ, 03-May-2023,298.85,301.5,309.4,301.0,306.0,306.45,305.27,34692,105.91,3191, 16198, 46.69,2.54
DYNPRO, EQ, 03-May-2024,284.05,282.0,287.45,277.95, 284.00,281.3,281.3,23976,67.44,1741, 13691, 57.10,-0.97
DYNPRO, EQ, 03-Jun-2020,113.5,115.45,116.2,111.65,113.0,113.0,113.84,28747,32.72,771, 13234, 46.04,-0.44
DYNPRO, EQ, 03-Jun-2021,522.85,531.3,552.0,510.0, 513.50,515.65,524.63,57334,300.79,3810, 37118, 64.74,-1.38
DYNPRO, EQ, 03-Jun-2022,466.05,470.65,475.0,453.0, 458.00,454.75,461.06,15540,71.65,1631, 8865, 57.05,-2.42
DYNPRO, EQ, 03-Jun-2024,268.5,273.0,275.95,259.95,264.95,262.45,266.7,21456,57.22,1400, 11276, 52.55,-2.25
DYNPRO, EQ, 03-Jul-2020,164.9,166.0,166.0,153.45, 154.00,155.2,157.98,57250,90.44,1371, 36224, 63.27,-5.88
DYNPRO, EQ, 03-Jul-2023,319.35,324.05,325.7,308.0, 312.50,310.65,314.99,67544,212.76,6501, 36878, 54.60,-2.72
DYNPRO, EQ, 03-Jul-2024,299.9,300.25,312.15,300.1,307.0,309.85,307.25,93740,288.01,5703, 33836, 36.10,3.32
DYNPRO, EQ, 03-Aug-2020,200.35,200.0,203.9,196.5,201.95,200.7,200.6,123858,248.46,2419, 69432, 56.06,0.17
DYNPRO, EQ, 03-Aug-2021,587.5,590.0,617.4,576.8,590.0,585.7,596.87,225732,1347.33,9717, 74969, 33.21,-0.31
DYNPRO, EQ, 03-Aug-2022,462.8,468.0,468.0,455.4, 464.00,460.8,460.9,11805,54.41,1306, 6138, 51.99,-0.43
DYNPRO, EQ, 03-Aug-2023,301.95,299.8,304.7,296.1, 302.70,299.65,299.68,16062,48.13,1977, 7321, 45.58,-0.76
DYNPRO, EQ, 03-Sep-2020,193.9,195.9,205.7,194.8, 203.00,202.3,201.93,115871,233.97,3186, 58868, 50.80,4.33
DYNPRO, EQ, 03-Sep-2021,550.8,555.0,557.9,541.0, 543.00,542.75,547.26,16373,89.6,1254, 11443, 69.89,-1.46
DYNPRO, EQ, 03-Oct-2022,325.65,325.0,345.5,323.75,332.0,333.9,334.49,55838,186.77,3762, 29900, 53.55,2.53
DYNPRO, EQ, 03-Oct-2023,333.6,331.1,341.75,325.0, 326.00,326.15,330.17,32161,106.19,2852, 16992, 52.83,-2.23
DYNPRO, EQ, 03-Nov-2020,214.55,219.3,224.7,215.35,222.5,221.6,221.26,100094,221.47,4057, 43804, 43.76,3.29
DYNPRO, EQ, 03-Nov-2021,677.2,679.9,682.0,650.0, 650.10,652.7,663.29,46546,308.73,4917, 20434, 43.90,-3.62
DYNPRO, EQ, 03-Nov-2022,390.85,387.4,394.0,382.4,384.75,385.15,386.21,14343,55.39,1198, 10135, 70.66,-1.46
DYNPRO, EQ, 03-Nov-2023,289.65,292.9,301.0,292.4, 298.40,297.4,296.72,18077,53.64,1322, 11935, 66.02,2.68
DYNPRO, EQ, 03-Dec-2020,230.05,232.0,237.0,229.0,234.2,233.8,233.59,72830,170.12,2162, 33501, 46.00,1.63
DYNPRO, EQ, 03-Dec-2021,559.4,563.9,579.8,557.5, 570.00,569.65,570.33,54176,308.98,3850, 34657, 63.97,1.83
DYNPRO, EQ, 04-Jan-2021,259.9,261.9,264.4,254.85,259.9,258.15,259.81,115217,299.35,2749, 75143, 65.22,-0.67
DYNPRO, EQ, 04-Jan-2022,634.9,658.8,698.0,640.5, 645.00,649.45,665.39,129144,859.31,13632, 46390, 35.92,2.29
DYNPRO, EQ, 04-Jan-2023,318.25,318.3,318.8,302.55, 310.00,310.15,309.86,8336,25.83,930, 4428, 53.12,-2.55
DYNPRO, EQ, 04-Jan-2024,300.95,301.0,304.9,288.1, 295.20,296.35,295.6,57069,168.7,3517, 29920, 52.43,-1.53
DYNPRO, EQ, 04-Feb-2020,155.85,159.9,159.9,153.5, 159.00,157.45,156.91,8097,12.71,739, 5078, 62.71,1.03
DYNPRO, EQ, 04-Feb-2021,304.85,306.7,311.0,301.35, 307.45,306.9,306.37,61447,188.26,2302, 34090, 55.48,0.67
DYNPRO, EQ, 04-Feb-2022,569.85,583.95,583.95,560.0, 565.50,562.1,566.16,15158,85.82,1415, 9013, 59.46,-1.36
DYNPRO, EQ, 04-Feb-2025,322.75,322.75,332.95,319.95,331.0,329.8,326.09,8871,28.93,360, 5367, 60.50,2.18
DYNPRO, EQ, 04-Mar-2020,143.8,147.65,147.65,132.0, 135.10,135.6,137.29,21396,29.37,1847, 10678, 49.91,-5.7
DYNPRO, EQ, 04-Mar-2021,477.1,478.55,483.0,469.1, 476.00,475.3,477.26,47608,227.22,2171, 25161, 52.85,-0.38
DYNPRO, EQ, 04-Mar-2022,555.9,542.0,566.05,542.0, 556.00,559.2,553.71,29774,164.86,1501, 20586, 69.14,0.59
DYNPRO, EQ, 04-Mar-2024,305.5,296.85,305.0,293.45, 294.10,297.95,298.74,19301,57.66,1329, 11235, 58.21,-2.47
DYNPRO, EQ, 04-Mar-2025,276.2,266.95,288.25,266.05,275.0,276.7,282.91,27736,78.47,960, 23058, 83.13,0.18
DYNPRO, EQ, 04-Apr-2022,611.35,618.0,628.95,608.0,619.5,610.6,616.51,25307,156.02,2281, 11675, 46.13,-0.12
DYNPRO, EQ, 04-Apr-2024,294.0,294.0,317.9,293.6, 308.05,310.4,306.85,62272,191.08,2993, 34020, 54.63,5.58
DYNPRO, EQ, 04-Apr-2025,278.05,278.0,291.1,272.0,276.05,280.6,281.1,21154,59.46,1062, 11083, 52.39,0.92
DYNPRO, EQ, 04-May-2020,114.55,117.4,117.4,109.5, 113.85,111.55,112.06,8340,9.35,480, 6132, 73.53,-2.62
DYNPRO, EQ, 04-May-2021,506.85,520.0,520.0,485.0, 490.00,490.9,499.09,42274,210.99,1833, 29452, 69.67,-3.15
DYNPRO, EQ, 04-May-2022,585.3,589.9,591.65,553.0,570.05,571.3,570.29,35216,200.83,2886, 19916, 56.55,-2.39
DYNPRO, EQ, 04-May-2023,306.45,306.15,314.5,304.85, 310.00,311.7,311.09,21240,66.07,2096, 14368, 67.65,1.71
DYNPRO, EQ, 04-Jun-2020,113.0,116.85,119.25,114.0,116.7,117.95,117.4,75154,88.23,1164, 33720, 44.87,4.38
DYNPRO, EQ, 04-Jun-2021,515.65,519.1,536.65,495.0, 500.00,501.7,510.01,193268,985.69,9737, 129051, 66.77,-2.71
DYNPRO, EQ, 04-Jun-2024,262.45,262.45,267.0,235.0,255.8,254.8,253.97,44975,114.22,1604, 30475, 67.76,-2.91
DYNPRO, EQ, 04-Jul-2022,402.7,408.65,412.35,397.85,403.5,401.25,404.74,5657,22.9,753, 2781, 49.16,-0.36
DYNPRO, EQ, 04-Jul-2023,310.65,314.75,315.95,308.2, 312.00,312.35,312.17,16260,50.76,2400, 7547, 46.41,0.55
DYNPRO, EQ, 04-Jul-2024,309.85,310.3,316.0,301.4,309.55,307.1,308.25,86557,266.81,4344, 36675, 42.37,-0.89
DYNPRO, EQ, 04-Aug-2020,200.7,201.25,217.95,201.25,206.25,206.35,210.1,483473,1015.77,8213, 147417, 30.49,2.82
DYNPRO, EQ, 04-Aug-2021,585.7,587.0,608.8,580.75,588.0,584.45,591.79,96461,570.85,4440, 51757, 53.66,-0.21
DYNPRO, EQ, 04-Aug-2022,460.8,466.6,466.95,447.5,456.7,457.95,458.52,18219,83.54,1602, 11191, 61.42,-0.62
DYNPRO, EQ, 04-Aug-2023,299.65,299.0,308.0,299.0, 306.00,305.9,305.1,19842,60.54,1566, 11549, 58.20,2.09
DYNPRO, EQ, 04-Sep-2020,202.3,197.1,205.4,195.1,198.2,199.15,201.51,96560,194.58,2899, 51957, 53.81,-1.56
DYNPRO, EQ, 04-Sep-2023,390.65,391.45,394.55,381.05, 383.30,384.7,388.13,36130,140.23,2833, 23922, 66.21,-1.52
DYNPRO, EQ, 04-Oct-2021,643.55,666.0,681.7,632.25, 643.00,641.5,658.65,607089,3998.56,44324, 211237, 34.80,-0.32
DYNPRO, EQ, 04-Oct-2022,333.9,338.85,363.8,336.05, 356.90,359.0,351.68,136293,479.32,7151, 73731, 54.10,7.52
DYNPRO, EQ, 04-Oct-2023,326.15,326.25,334.85,326.25, 333.00,333.2,331.89,18528,61.49,1979, 10696, 57.73,2.16
DYNPRO, EQ, 04-Nov-2020,221.6,222.5,225.85,218.0,219.9,219.8,221.46,34491,76.38,1356, 17887, 51.86,-0.81
DYNPRO, EQ, 04-Nov-2022,385.15,393.2,399.0,385.2,394.6,394.1,394.31,31499,124.2,1577, 18472, 58.64,2.32
DYNPRO, EQ, 04-Dec-2020,233.8,234.2,238.7,232.4, 233.10,234.3,235.64,66013,155.55,1646, 38703, 58.63,0.21
DYNPRO, EQ, 04-Dec-2023,277.9,281.05,284.0,272.0, 274.00,273.85,275.55,22157,61.05,1804, 14662, 66.17,-1.46
DYNPRO, EQ, 05-Jan-2021,258.15,252.9,263.5,251.85, 258.10,259.65,258.93,103554,268.13,3079, 55001, 53.11,0.58
DYNPRO, EQ, 05-Jan-2022,649.45,650.0,653.35,621.1, 625.20,625.75,632.84,75798,479.68,5284, 39824, 52.54,-3.65
DYNPRO, EQ, 05-Jan-2023,310.15,313.15,315.0,300.55,303.5,304.95,308.49,17463,53.87,879, 13546, 77.57,-1.68
DYNPRO, EQ, 05-Jan-2024,296.35,302.9,302.9,292.05, 295.50,294.2,296.56,28796,85.4,1839, 15492, 53.80,-0.73
DYNPRO, EQ, 05-Feb-2020,157.45,162.0,162.0,153.6, 155.35,155.3,156.65,9547,14.96,849, 5524, 57.86,-1.37
DYNPRO, EQ, 05-Feb-2021,306.9,305.9,343.7,300.35, 332.05,330.8,324.6,369580,1199.65,9579, 171439, 46.39,7.79
DYNPRO, EQ, 05-Feb-2024,280.45,280.45,281.35,265.6, 271.50,269.7,274.39,32618,89.5,1972, 18550, 56.87,-3.83
DYNPRO, EQ, 05-Feb-2025,329.8,331.7,340.05,331.7,338.65,337.55,337.89,4721,15.95,358, 2919, 61.83,2.35
DYNPRO, EQ, 05-Mar-2020,135.6,140.5,145.0,139.05, 143.50,143.05,142.51,14680,20.92,827, 10075, 68.63,5.49
DYNPRO, EQ, 05-Mar-2021,475.3,476.0,482.8,461.4,464.6,464.5,468.51,42259,197.99,1830, 27944, 66.13,-2.27
DYNPRO, EQ, 05-Mar-2024,297.95,295.1,304.0,292.25, 294.20,299.05,298.87,32138,96.05,1516, 17768, 55.29,0.37
DYNPRO, EQ, 05-Mar-2025,276.7,283.5,285.75,270.35,270.35,276.6,279.86,17793,49.8,659, 15014, 84.38,-0.04
DYNPRO, EQ, 05-Apr-2021,509.05,513.15,523.55,478.55,500.0,498.9,493.28,95692,472.03,4347, 49022, 51.23,-1.99
DYNPRO, EQ, 05-Apr-2022,610.6,624.0,624.0,600.85, 607.25,608.1,609.02,29059,176.97,1671, 19137, 65.86,-0.41
DYNPRO, EQ, 05-Apr-2023,249.6,248.85,265.0,247.25, 253.85,256.45,254.86,74059,188.75,3066, 40786, 55.07,2.74
DYNPRO, EQ, 05-Apr-2024,310.4,310.0,329.0,309.5, 316.70,316.0,320.7,59621,191.2,3676, 37623, 63.10,1.8
DYNPRO, EQ, 05-May-2020,111.55,115.7,117.85,108.1, 108.45,109.45,113.52,21187,24.05,995, 7986, 37.69,-1.88
DYNPRO, EQ, 05-May-2021,490.9,490.1,508.8,490.0, 507.00,504.65,501.77,26553,133.24,1367, 15818, 59.57,2.8
DYNPRO, EQ, 05-May-2022,571.3,580.15,596.0,570.0, 588.00,580.6,579.76,26705,154.82,3389, 6607, 24.74,1.63
DYNPRO, EQ, 05-May-2023,311.7,310.7,318.0,306.05, 316.00,314.0,313.18,25483,79.81,2818, 16152, 63.38,0.74
DYNPRO, EQ, 05-Jun-2020,117.95,117.95,124.1,116.25, 123.95,122.55,121.97,126025,153.72,2103, 46920, 37.23,3.9
DYNPRO, EQ, 05-Jun-2023,329.25,333.9,334.1,307.6, 317.90,317.4,318.69,71926,229.22,5195, 35753, 49.71,-3.6
DYNPRO, EQ, 05-Jun-2024,254.8,246.0,271.2,246.0,264.65,266.95,262.34,38555,101.15,1765, 26271, 68.14,4.77
DYNPRO, EQ, 05-Jul-2021,502.5,506.0,521.9,502.5, 509.00,506.6,516.02,111002,572.79,4945, 68268, 61.50,0.82
DYNPRO, EQ, 05-Jul-2022,401.25,400.0,414.25,400.0,402.1,405.25,409.11,4927,20.16,567, 2368, 48.06,1.0
DYNPRO, EQ, 05-Jul-2023,312.35,315.8,323.0,312.0,319.4,318.9,318.51,24508,78.06,3076, 11719, 47.82,2.1
DYNPRO, EQ, 05-Jul-2024,307.1,312.0,368.5,311.8,368.5,368.5,354.87,530505,1882.6,14535, 227614, 42.91,19.99
DYNPRO, EQ, 05-Aug-2020,206.35,207.9,208.8,200.55,201.55,203.0,204.82,127077,260.28,3173, 58950, 46.39,-1.62
DYNPRO, EQ, 05-Aug-2021,584.45,589.05,595.35,565.0,579.0,581.45,575.86,54969,316.55,2554, 29352, 53.40,-0.51
DYNPRO, EQ, 05-Aug-2022,457.95,452.0,480.0,452.0,463.1,465.45,471.29,31535,148.62,2590, 17750, 56.29,1.64
DYNPRO, EQ, 05-Sep-2022,348.55,348.0,358.55,346.05, 354.20,352.7,352.36,35180,123.96,2546, 20114, 57.17,1.19
DYNPRO, EQ, 05-Sep-2023,384.7,386.05,396.1,376.55, 394.00,392.6,388.38,46759,181.6,5362, 28345, 60.62,2.05
DYNPRO, EQ, 05-Oct-2020,272.2,274.8,283.8,265.35, 271.50,271.55,275.18,226471,623.19,5897, 72361, 31.95,-0.24
DYNPRO, EQ, 05-Oct-2021,641.5,641.0,769.8,638.0, 727.00,728.1,724.57,1213896,8795.56,76451, 217372, 17.91,13.5
DYNPRO, EQ, 05-Oct-2023,333.2,335.0,338.1,317.3, 320.15,321.5,324.87,51461,167.18,3457, 25421, 49.40,-3.51
DYNPRO, EQ, 05-Nov-2020,219.8,223.7,228.0,221.4, 222.85,223.2,224.65,45198,101.54,1796, 23780, 52.61,1.55
DYNPRO, EQ, 05-Dec-2022,382.0,394.75,394.95,383.75, 386.00,386.2,387.06,5941,23.0,511, 3490, 58.74,1.1
DYNPRO, EQ, 05-Dec-2023,273.85,273.85,282.0,271.3, 275.00,277.35,276.05,46367,128.0,2255, 22977, 49.55,1.28
DYNPRO, EQ, 06-Jan-2020,161.1,163.3,163.35,152.3, 152.50,153.2,156.99,45495,71.42,1250, 30531, 67.11,-4.9
DYNPRO, EQ, 06-Jan-2021,259.65,260.95,265.0,250.65, 253.50,253.75,258.11,122057,315.04,3749, 75800, 62.10,-2.27
DYNPRO, EQ, 06-Jan-2022,625.75,624.9,641.0,619.25, 634.00,631.95,631.29,24222,152.91,2205, 11273, 46.54,0.99
DYNPRO, EQ, 06-Jan-2023,304.95,304.95,307.15,287.35,291.0,290.55,294.02,47421,139.43,2845, 28734, 60.59,-4.72
DYNPRO, EQ, 06-Jan-2025,406.35,408.9,408.9,399.0,400.0,400.35,402.24,9754,39.23,501, 7893, 80.92,-1.48
DYNPRO, EQ, 06-Feb-2020,155.3,158.7,159.9,153.55, 159.90,158.5,157.13,24700,38.81,952, 18125, 73.38,2.06
DYNPRO, EQ, 06-Feb-2023,263.55,263.6,263.6,258.0, 261.00,260.25,260.48,10486,27.31,571, 6938, 66.16,-1.25
DYNPRO, EQ, 06-Feb-2024,269.7,269.7,274.65,266.35, 270.90,269.8,270.29,29856,80.7,1725, 14827, 49.66,0.04
DYNPRO, EQ, 06-Feb-2025,337.55,343.25,347.5,326.15,327.0,328.2,335.17,24378,81.71,1365, 15031, 61.66,-2.77
DYNPRO, EQ, 06-Mar-2020,143.05,143.0,143.0,133.9, 140.00,140.1,138.8,25810,35.83,1301, 14407, 55.82,-2.06
DYNPRO, EQ, 06-Mar-2023,283.8,283.8,293.2,276.35, 278.20,279.15,285.56,28890,82.5,1583, 16675, 57.72,-1.64
DYNPRO, EQ, 06-Mar-2024,299.05,294.55,302.95,283.65, 298.70,298.95,292.12,54247,158.47,4121, 30482, 56.19,-0.03
DYNPRO, EQ, 06-Mar-2025,276.6,276.6,289.0,276.6,285.5,285.9,284.92,20182,57.5,1214, 15887, 78.72,3.36
DYNPRO, EQ, 06-Apr-2021,498.9,505.0,516.85,494.25,513.0,510.85,508.42,56773,288.65,3334, 24682, 43.47,2.4
DYNPRO, EQ, 06-Apr-2022,608.1,608.1,661.0,606.3, 650.00,652.1,635.94,69900,444.52,4491, 39213, 56.10,7.24
DYNPRO, EQ, 06-Apr-2023,256.45,253.8,264.0,252.5, 257.70,256.1,258.83,31478,81.48,2232, 14779, 46.95,-0.14
DYNPRO, EQ, 06-May-2020,109.45,110.95,111.55,105.25, 108.00,107.25,108.83,5542,6.03,354, 4345, 78.40,-2.01
DYNPRO, EQ, 06-May-2021,504.65,507.95,541.9,492.05, 522.00,518.8,522.23,164603,859.6,6031, 72301, 43.92,2.8
DYNPRO, EQ, 06-May-2022,580.6,563.0,582.85,538.45,547.0,547.1,557.72,79643,444.19,5772, 51179, 64.26,-5.77
DYNPRO, EQ, 06-May-2024,281.3,281.05,285.45,276.2,278.0,277.75,280.0,13597,38.07,1203, 6431, 47.30,-1.26
DYNPRO, EQ, 06-Jun-2022,454.75,450.0,463.75,446.65,453.35,453.4,453.59,18531,84.06,2076, 8367, 45.15,-0.3
DYNPRO, EQ, 06-Jun-2023,317.4,316.0,329.9,316.0,325.0,325.2,322.34,35164,113.35,4970, 15591, 44.34,2.46
DYNPRO, EQ, 06-Jun-2024,266.95,267.0,276.0,267.0,272.0,272.0,272.73,25318,69.05,1211, 17986, 71.04,1.89
DYNPRO, EQ, 06-Jul-2020,155.2,158.8,160.05,155.2, 158.20,159.35,157.72,27999,44.16,716, 19632, 70.12,2.67
DYNPRO, EQ, 06-Jul-2021,506.6,537.7,574.7,520.05, 531.15,528.0,544.58,376557,2050.67,17094, 171212, 45.47,4.22
DYNPRO, EQ, 06-Jul-2022,405.25,405.0,431.85,395.2,402.0,404.85,411.14,20988,86.29,2329, 10370, 49.41,-0.1
DYNPRO, EQ, 06-Jul-2023,318.9,321.6,323.6,300.1,303.9,303.7,308.6,87932,271.36,5675, 55230, 62.81,-4.77
DYNPRO, EQ, 06-Aug-2020,203.0,204.3,208.8,201.4,203.8,204.4,205.03,126909,260.2,2423, 56769, 44.73,0.69
DYNPRO, EQ, 06-Aug-2021,581.45,581.45,596.4,579.0, 588.20,582.45,586.23,36378,213.26,2005, 22696, 62.39,0.17
DYNPRO, EQ, 06-Sep-2021,542.75,547.0,574.0,541.1,563.0,559.05,558.46,73515,410.55,3635, 41084, 55.89,3.0
DYNPRO, EQ, 06-Sep-2022,352.7,353.0,359.1,350.0, 351.50,351.9,353.66,19787,69.98,1371, 12545, 63.40,-0.23
DYNPRO, EQ, 06-Sep-2023,392.6,397.0,397.4,385.0, 388.10,388.25,389.83,22517,87.78,2048, 15778, 70.07,-1.11
DYNPRO, EQ, 06-Oct-2020,271.55,273.3,277.15,266.2,267.75,268.1,269.93,99738,269.22,2801, 45014, 45.13,-1.27
DYNPRO, EQ, 06-Oct-2021,728.1,735.0,735.0,676.05, 695.00,685.05,704.53,188552,1328.41,15224, 80554, 42.72,-5.91
DYNPRO, EQ, 06-Oct-2022,359.0,362.9,370.9,355.45, 362.00,362.45,363.91,59441,216.31,3725, 29947, 50.38,0.96
DYNPRO, EQ, 06-Oct-2023,321.5,326.5,329.8,315.0, 322.10,324.4,322.2,30945,99.7,3441, 14608, 47.21,0.9
DYNPRO, EQ, 06-Nov-2020,223.2,223.05,230.95,222.35, 227.25,227.45,227.85,54115,123.3,1800, 26624, 49.20,1.9
DYNPRO, EQ, 06-Nov-2023,297.4,298.8,303.15,290.35, 296.00,295.55,295.91,37309,110.4,2302, 19062, 51.09,-0.62
DYNPRO, EQ, 06-Dec-2021,569.65,579.95,579.95,549.0, 550.60,550.4,554.31,47600,263.85,2932, 30223, 63.49,-3.38
DYNPRO, EQ, 06-Dec-2022,386.2,386.25,386.25,375.2, 375.60,377.6,378.97,13492,51.13,809, 8941, 66.27,-2.23
DYNPRO, EQ, 06-Dec-2023,277.35,277.35,286.7,271.35, 286.00,285.5,281.0,62605,175.92,2913, 36584, 58.44,2.94
DYNPRO, EQ, 07-Jan-2020,153.2,156.85,158.95,151.65, 155.90,154.8,155.29,19684,30.57,749, 10416, 52.92,1.04
DYNPRO, EQ, 07-Jan-2021,253.75,255.2,285.9,255.2, 277.15,278.15,273.48,490192,1340.58,9253, 215045, 43.87,9.62
DYNPRO, EQ, 07-Jan-2022,631.95,630.0,642.1,615.1,626.9,624.15,627.27,38975,244.48,2917, 19562, 50.19,-1.23
DYNPRO, EQ, 07-Jan-2025,400.35,400.35,410.0,397.55,406.0,406.0,403.49,7510,30.3,314, 6076, 80.91,1.41
DYNPRO, EQ, 07-Feb-2020,158.5,161.8,161.8,154.5, 156.90,156.0,157.15,9012,14.16,609, 3504, 38.88,-1.58
DYNPRO, EQ, 07-Feb-2022,562.1,565.0,578.0,553.55, 562.95,561.95,567.61,26495,150.39,2829, 10855, 40.97,-0.03
DYNPRO, EQ, 07-Feb-2023,260.25,261.05,263.7,255.0, 255.00,255.7,259.18,13179,34.16,1010, 8948, 67.90,-1.75
DYNPRO, EQ, 07-Feb-2024,269.8,265.0,273.05,265.0, 266.45,266.85,268.0,16741,44.87,1258, 9424, 56.29,-1.09
DYNPRO, EQ, 07-Feb-2025,328.2,325.0,329.65,322.0,322.0,322.35,325.98,3957,12.9,396, 1704, 43.06,-1.78
DYNPRO, EQ, 07-Mar-2022,559.2,554.0,554.0,530.0, 535.90,534.65,538.88,29642,159.73,2455,16352,55.16,-4.39
DYNPRO, EQ, 07-Mar-2024,298.95,298.7,301.0,289.1, 292.90,295.85,294.72,35879,105.74,1887, 18087, 50.41,-1.04
DYNPRO, EQ, 07-Mar-2025,285.9,293.0,300.65,285.0,290.0,287.05,291.58,31722,92.5,1236, 24663, 77.75,0.4
DYNPRO, EQ, 07-Apr-2020,103.6,112.9,119.9,107.8, 109.70,110.25,112.18,19922,22.35,889, 9137, 45.86,6.42
DYNPRO, EQ, 07-Apr-2021,510.85,516.0,518.6,507.0,511.0,508.3,510.25,42563,217.18,1709, 19934, 46.83,-0.5
DYNPRO, EQ, 07-Apr-2022,652.1,660.0,671.95,620.3,626.2,627.6,645.69,43174,278.77,4022, 22340, 51.74,-3.76
DYNPRO, EQ, 07-Apr-2025,280.6,254.8,277.95,254.8,262.5,265.45,264.74,32802,86.84,2186, 15308, 46.67,-5.4
DYNPRO, EQ, 07-May-2020,107.25,109.75,111.05,108.0, 110.00,110.45,110.03,15792,17.38,461, 13060, 82.70,2.98
DYNPRO, EQ, 07-May-2021,518.8,527.0,536.0,508.0, 513.15,511.05,523.41,59047,309.06,4893, 28619, 48.47,-1.49
DYNPRO, EQ, 07-May-2024,277.75,277.8,280.7,272.0,272.0,274.7,275.9,12272,33.86,940, 6863, 55.92,-1.1
DYNPRO, EQ, 07-Jun-2021,501.7,485.0,515.0,461.15, 505.00,503.65,488.69,424580,2074.87,20136, 184233, 43.39,0.39
DYNPRO, EQ, 07-Jun-2022,453.4,453.0,461.1,448.0,452.0,450.45,454.28,13651,62.01,1027, 8296, 60.77,-0.65
DYNPRO, EQ, 07-Jun-2023,325.2,324.85,333.95,322.0, 329.00,330.05,328.44,34962,114.83,5191, 16298, 46.62,1.49
DYNPRO, EQ, 07-Jun-2024,272.0,264.2,281.4,264.2,277.35,279.6,278.09,41631,115.77,2293, 27382, 65.77,2.79
DYNPRO, EQ, 07-Jul-2020,159.35,159.95,164.4,156.5, 160.90,160.35,160.65,39315,63.16,784, 26949, 68.55,0.63
DYNPRO, EQ, 07-Jul-2021,528.0,551.0,556.95,535.1, 545.00,542.05,548.79,183498,1007.02,9016, 91796, 50.03,2.66
DYNPRO, EQ, 07-Jul-2022,404.85,409.45,424.95,406.35, 418.15,418.05,414.22,13796,57.15,1117, 7752, 56.19,3.26
DYNPRO, EQ, 07-Jul-2023,303.7,300.5,309.75,300.5, 306.10,304.8,304.93,27557,84.03,3220, 11469, 41.62,0.36
DYNPRO, EQ, 07-Aug-2020,204.4,203.5,209.9,199.5,202.85,203.85,204.78,130442,267.12,2709, 55710, 42.71,-0.27
DYNPRO, EQ, 07-Aug-2023,305.9,302.5,307.6,296.0, 299.70,297.7,301.13,23165,69.76,2870, 11758, 50.76,-2.68
DYNPRO, EQ, 07-Sep-2020,199.15,199.15,205.75,195.4, 204.50,203.6,201.57,101686,204.97,2850, 53605, 52.72,2.23
DYNPRO, EQ, 07-Sep-2021,559.05,563.4,570.0,552.05, 558.15,560.15,562.52,32685,183.86,2263, 21035, 64.36,0.2
DYNPRO, EQ, 07-Sep-2022,351.9,351.9,353.85,334.05, 338.90,340.3,342.18,83956,287.28,3609, 49003, 58.37,-3.3
DYNPRO, EQ, 07-Sep-2023,388.25,391.3,396.6,387.1, 390.00,393.25,393.63,25188,99.15,2142, 18791, 74.60,1.29
DYNPRO, EQ, 07-Oct-2020,268.1,269.0,279.9,264.0,271.55,269.85,272.9,158159,431.62,4300, 51066, 32.29,0.65
DYNPRO, EQ, 07-Oct-2021,685.05,695.0,739.0,693.25, 713.00,710.15,718.93,133498,959.76,12173, 48684, 36.47,3.66
DYNPRO, EQ, 07-Oct-2022,362.45,357.0,363.5,352.0, 353.00,357.15,355.74,40097,142.64,1998, 25905, 64.61,-1.46
DYNPRO, EQ, 07-Nov-2022,394.1,405.0,405.0,382.2,385.0,385.1,389.87,10348,40.34,1056, 6542, 63.22,-2.28
DYNPRO, EQ, 07-Nov-2023,295.55,295.6,306.0,295.3, 306.00,303.55,301.7,15537,46.87,1079, 7908, 50.90,2.71
DYNPRO, EQ, 07-Dec-2020,234.3,235.35,238.3,230.6, 234.00,233.4,234.27,69818,163.56,1649, 37559, 53.80,-0.38
DYNPRO, EQ, 07-Dec-2021,550.4,562.6,566.5,551.3,562.2,563.95,560.32,19887,111.43,1903, 12243, 61.56,2.46
DYNPRO, EQ, 07-Dec-2022,377.6,389.0,389.0,366.0, 366.85,366.3,372.23,17956,66.84,965, 12508, 69.66,-2.99
DYNPRO, EQ, 07-Dec-2023,285.5,284.0,309.6,281.0, 293.40,293.95,299.28,128191,383.65,11240, 50234, 39.19,2.96
DYNPRO, EQ, 08-Jan-2020,154.8,151.0,162.9,147.45, 153.30,155.7,154.55,25526,39.45,1544, 7938, 31.10,0.58
DYNPRO, EQ, 08-Jan-2021,278.15,280.25,300.45,270.5, 277.60,277.3,286.8,340081,975.36,10019, 162997, 47.93,-0.31
DYNPRO, EQ, 08-Jan-2024,294.2,295.0,298.35,285.0, 289.00,287.5,290.36,35676,103.59,2195, 21080, 59.09,-2.28
DYNPRO, EQ, 08-Jan-2025,406.0,414.55,424.4,400.0,402.0,405.4,411.03,10429,42.87,1092, 4551, 43.64,-0.15
DYNPRO, EQ, 08-Feb-2021,330.8,342.0,396.95,342.0, 396.95,393.55,374.11,667441,2496.95,16216, 311722, 46.70,18.97
DYNPRO, EQ, 08-Feb-2022,561.95,566.0,567.25,551.05,551.6,553.6,556.32,27851,154.94,2705, 16009, 57.48,-1.49
DYNPRO, EQ, 08-Feb-2023,255.7,256.75,267.45,256.05, 266.85,265.85,262.07,9160,24.01,829, 4898, 53.47,3.97
DYNPRO, EQ, 08-Feb-2024,266.85,266.9,274.95,265.3, 268.00,268.35,270.23,29060,78.53,1660, 17626, 60.65,0.56
DYNPRO, EQ, 08-Mar-2021,464.5,465.0,473.8,447.35, 455.00,451.85,455.49,36374,165.68,2509, 18973, 52.16,-2.72
DYNPRO, EQ, 08-Mar-2022,534.65,531.4,579.95,531.4, 565.00,567.85,557.75,53831,300.24,3527, 26444, 49.12,6.21
DYNPRO, EQ, 08-Mar-2023,279.15,281.65,282.95,271.3, 277.70,275.45,277.69,19870,55.18,1133, 9565, 48.14,-1.33
DYNPRO, EQ, 08-Apr-2020,110.25,113.0,115.0,107.25, 114.00,113.15,112.26,7268,8.16,506, 4805, 66.11,2.63
DYNPRO, EQ, 08-Apr-2021,508.3,510.9,513.65,501.35, 503.60,505.75,506.44,32166,162.9,1515, 18301, 56.90,-0.5
DYNPRO, EQ, 08-Apr-2022,627.6,630.0,650.0,625.35, 647.00,643.5,637.53,19662,125.35,1375, 12986, 66.05,2.53
DYNPRO, EQ, 08-Apr-2024,316.0,319.7,329.7,316.85, 319.00,320.5,322.08,32676,105.24,1704, 22786, 69.73,1.42
DYNPRO, EQ, 08-Apr-2025,265.45,272.45,272.5,263.5,263.55,268.1,268.5,10078,27.06,1215, 4052, 40.21,1.0
DYNPRO, EQ, 08-May-2020,110.45,116.0,116.0,105.0, 107.00,106.95,109.53,23403,25.63,1056, 14413, 61.59,-3.17
DYNPRO, EQ, 08-May-2023,314.0,318.5,319.9,311.1, 312.25,313.6,315.55,14625,46.15,1306, 8742, 59.77,-0.13
DYNPRO, EQ, 08-May-2024,274.7,274.7,280.05,268.6,270.0,271.25,273.29,31892,87.16,1533, 19252, 60.37,-1.26
DYNPRO, EQ, 08-Jun-2020,122.55,122.5,128.0,120.1, 121.60,121.05,124.37,64322,80.0,1521, 26871, 41.78,-1.22
DYNPRO, EQ, 08-Jun-2021,503.65,512.75,513.0,498.15, 500.00,502.95,505.28,63820,322.47,2999, 43200, 67.69,-0.14
DYNPRO, EQ, 08-Jun-2022,450.45,456.15,457.45,440.8,445.5,445.7,449.98,14223,64.0,1171, 9111, 64.06,-1.05
DYNPRO, EQ, 08-Jun-2023,330.05,334.7,334.7,321.0, 323.80,322.5,327.26,29780,97.46,3692, 15067, 50.59,-2.29
DYNPRO, EQ, 08-Jul-2020,160.35,161.3,166.0,157.4,159.2,158.95,161.84,40527,65.59,883, 32420, 80.00,-0.87
DYNPRO, EQ, 08-Jul-2021,542.05,542.0,550.0,530.0, 548.00,545.25,541.34,62421,337.91,3546, 36817, 58.98,0.59
DYNPRO, EQ, 08-Jul-2022,418.05,419.3,434.35,411.35,418.15,419.85,419.41,25259,105.94,1522, 13802, 54.64,0.43
DYNPRO, EQ, 08-Jul-2024,368.5,386.95,398.0,361.5,365.0,369.85,375.75,612993,2303.32,30585, 175614, 28.65,0.37
DYNPRO, EQ, 08-Aug-2022,465.45,469.35,472.3,458.25,459.6,459.75,463.82,12547,58.2,1088,8464,67.46,-1.22
DYNPRO, EQ, 08-Aug-2023,297.7,302.0,313.8,296.4, 297.55,299.1,305.18,51855,158.25,3402, 29458, 56.81,0.47
DYNPRO, EQ, 08-Sep-2020,203.6,205.0,214.0,202.55, 206.00,205.15,209.65,182330,382.26,4110, 90588, 49.68,0.76
DYNPRO, EQ, 08-Sep-2021,560.15,554.1,578.0,552.0, 574.55,574.4,569.54,69143,393.8,4195, 44595, 64.50,2.54
DYNPRO, EQ, 08-Sep-2022,340.3,345.35,347.85,338.85, 340.10,341.35,341.98,50907,174.09,1632, 41640, 81.80,0.31
DYNPRO, EQ, 08-Sep-2023,393.25,386.2,405.0,386.2, 392.00,392.15,396.49,42213,167.37,3236, 23045, 54.59,-0.28
DYNPRO, EQ, 08-Oct-2020,269.85,271.75,276.0,255.65,261.0,262.15,265.33,137434,364.66,4302, 46816, 34.06,-2.85
DYNPRO, EQ, 08-Oct-2021,710.15,718.45,723.5,693.25, 693.50,695.65,701.48,59234,415.51,5139, 26211, 44.25,-2.04
DYNPRO, EQ, 08-Nov-2021,657.6,657.55,659.95,627.1, 645.00,643.15,643.04,31159,200.36,2991, 13756, 44.15,-2.2
DYNPRO, EQ, 08-Nov-2023,303.55,306.0,321.6,298.35, 313.45,313.6,311.95,60347,188.25,3742, 27667, 45.85,3.31
DYNPRO, EQ, 08-Dec-2020,233.4,234.8,253.75,228.55,252.0,249.05,243.34,275086,669.38,6148, 127953, 46.51,6.71
DYNPRO, EQ, 08-Dec-2021,563.95,562.0,598.0,562.0,589.0,579.55,585.41,76915,450.27,5384, 36937, 48.02,2.77
DYNPRO, EQ, 08-Dec-2022,366.3,367.1,376.0,367.1, 374.00,373.9,371.46,20115,74.72,941, 14670, 72.93,2.07
DYNPRO, EQ, 08-Dec-2023,293.95,295.85,300.15,289.35, 299.00,296.75,294.47,39100,115.14,4354, 19406, 49.63,0.95
DYNPRO, EQ, 09-Jan-2020,155.7,160.0,161.95,153.1, 155.95,155.55,157.94,35492,56.06,3576, 18711, 52.72,-0.1
DYNPRO, EQ, 09-Jan-2023,290.55,294.5,297.85,288.05,292.0,293.35,291.84,15795,46.1,1144, 9722, 61.55,0.96
DYNPRO, EQ, 09-Jan-2024,287.5,288.55,294.05,286.25,288.5,288.6,289.77,21908,63.48,1636, 12972, 59.21,0.38
DYNPRO, EQ, 09-Jan-2025,405.4,414.0,414.0,390.05,400.0,396.2,398.93,11802,47.08,645, 7370, 62.45,-2.27
DYNPRO, EQ, 09-Feb-2021,393.55,402.95,408.65,373.15, 377.65,376.5,392.19,320252,1256.01,10070, 141113, 44.06,-4.33
DYNPRO, EQ, 09-Feb-2022,553.6,558.05,567.75,550.0, 553.00,551.4,553.84,10671,59.1,757, 6203, 58.13,-0.4
DYNPRO, EQ, 09-Feb-2023,265.85,267.75,303.35,267.35, 282.10,287.6,288.39,138209,398.59,5567, 49376, 35.73,8.18
DYNPRO, EQ, 09-Feb-2024,268.35,272.0,272.05,259.0, 261.00,262.2,263.34,53694,141.4,2355, 30671, 57.12,-2.29
DYNPRO, EQ, 09-Mar-2020,140.1,136.25,139.6,130.5, 134.90,133.95,134.47,19435,26.13,1061, 11976, 61.62,-4.39
DYNPRO, EQ, 09-Mar-2021,451.85,454.7,490.0,451.85, 482.50,482.0,479.62,128213,614.94,7281, 45235, 35.28,6.67
DYNPRO, EQ, 09-Mar-2022,567.85,576.4,637.0,572.1, 604.55,605.5,613.95,204503,1255.54,18251, 65842, 32.20,6.63
DYNPRO, EQ, 09-Mar-2023,275.45,279.45,284.9,275.0, 279.50,277.35,279.3,29853,83.38,1598, 19211, 64.35,0.69
DYNPRO, EQ, 09-Apr-2020,113.15,115.0,120.1,114.8, 119.00,118.15,118.44,9638,11.41,497, 6621, 68.70,4.42
DYNPRO, EQ, 09-Apr-2021,505.75,505.75,509.0,500.0,508.9,503.95,502.67,34157,171.7,2229, 18079, 52.93,-0.36
DYNPRO, EQ, 09-Apr-2024,320.5,323.4,323.4,311.5, 315.70,318.15,317.08,30453,96.56,2438, 17158, 56.34,-0.73
DYNPRO, EQ, 09-Apr-2025,268.1,269.7,269.75,260.35,264.0,266.7,264.82,13048,34.55,907, 8536, 65.42,-0.52
DYNPRO, EQ, 09-May-2022,547.1,535.0,545.0,515.0, 525.00,528.35,527.32,61888,326.35,5566, 20478, 33.09,-3.43
DYNPRO, EQ, 09-May-2023,313.6,315.55,317.85,301.45,307.0,306.5,309.48,31606,97.81,3627, 16487, 52.16,-2.26
DYNPRO, EQ, 09-May-2024,271.25,265.5,274.45,265.0,267.8,267.15,269.37,15349,41.35,1076, 9389, 61.17,-1.51
DYNPRO, EQ, 09-Jun-2020,121.05,122.05,125.2,118.85, 121.00,122.0,122.68,46921,57.56,1472, 19657, 41.89,0.78
DYNPRO, EQ, 09-Jun-2021,502.95,507.0,514.8,498.0,501.1,501.6,508.29,147281,748.61,5672, 75127, 51.01,-0.27
DYNPRO, EQ, 09-Jun-2022,445.7,444.8,444.8,426.0, 427.80,429.65,432.19,38904,168.14,2259, 24398, 62.71,-3.6
DYNPRO, EQ, 09-Jun-2023,322.5,326.6,329.0,317.0, 329.00,325.8,325.45,18876,61.43,2734, 9530, 50.49,1.02
DYNPRO, EQ, 09-Jul-2020,158.95,160.0,166.0,157.15, 164.40,162.4,161.19,40930,65.98,1119, 30837, 75.34,2.17
DYNPRO, EQ, 09-Jul-2021,545.25,551.0,551.0,531.6,537.8,537.5,540.65,42285,228.61,3032, 21029, 49.73,-1.42
DYNPRO, EQ, 09-Jul-2024,369.85,368.5,370.45,353.15,365.0,368.1,362.94,99068,359.56,5514, 51135, 51.62,-0.47
DYNPRO, EQ, 09-Aug-2021,582.45,615.0,623.9,585.0, 591.00,590.25,603.74,174931,1056.13,6588, 97009, 55.46,1.34
DYNPRO, EQ, 09-Aug-2023,299.1,300.0,306.0,296.95, 298.70,301.0,301.15,30055,90.51,2276, 20505, 68.22,0.64
DYNPRO, EQ, 09-Sep-2020,205.15,202.7,204.0,196.95, 202.70,200.85,199.93,67257,134.46,1847, 32983, 49.04,-2.1
DYNPRO, EQ, 09-Sep-2021,574.4,578.0,584.0,555.0, 562.50,562.15,564.29,58628,330.83,4772, 34827, 59.40,-2.13
DYNPRO, EQ, 09-Sep-2022,341.35,345.95,348.9,338.1, 343.00,343.05,342.43,47892,164.0,2144, 28436, 59.38,0.5
DYNPRO, EQ, 09-Oct-2020,262.15,260.7,262.9,248.55, 252.50,253.65,253.3,168045,425.65,4632, 81118, 48.27,-3.24
DYNPRO, EQ, 09-Oct-2023,324.4,325.0,326.7,316.1, 317.00,321.1,322.15,15678,50.51,1796, 10299, 65.69,-1.02
DYNPRO, EQ, 09-Nov-2020,227.45,228.1,233.95,228.1, 232.00,231.5,231.68,45898,106.34,1944, 22747, 49.56,1.78
DYNPRO, EQ, 09-Nov-2021,643.15,639.05,654.95,639.05,649.0,647.9,648.03,18860,122.22,2124, 6503, 34.48,0.74
DYNPRO, EQ, 09-Nov-2022,385.1,375.0,401.0,375.0, 383.70,384.9,391.4,27295,106.83,1425, 18314, 67.10,-0.05
DYNPRO, EQ, 09-Nov-2023,313.6,313.65,315.45,306.0, 306.30,309.15,310.87,15121,47.01,1662, 9960, 65.87,-1.42
DYNPRO, EQ, 09-Dec-2020,249.05,251.35,258.0,241.0,241.7,242.45,249.53,153792,383.76,3454, 76451, 49.71,-2.65
DYNPRO, EQ, 09-Dec-2021,579.55,595.0,624.4,585.75, 620.20,615.55,606.77,86919,527.4,8577, 36305, 41.77,6.21
DYNPRO, EQ, 09-Dec-2022,373.9,374.0,374.0,356.35, 359.00,361.0,364.82,15572,56.81,904, 10610, 68.14,-3.45
DYNPRO, EQ, 09-Dec-2024,439.7,449.0,458.0,421.2,455.0,455.65,442.38,31113,137.64,706, 22470, 72.22,3.63
DYNPRO, EQ, 10-Jan-2020,155.55,156.05,160.0,155.05, 157.95,157.4,157.89,15235,24.05,738, 9776, 64.17,1.19
DYNPRO, EQ, 10-Jan-2022,624.15,626.4,644.9,623.35,630.55,635.45,632.34,30526,193.03,2444, 14678, 48.08,1.81
DYNPRO, EQ, 10-Jan-2023,293.35,292.7,299.9,291.85,295.0,294.35,295.46,8317,24.57,642, 4824, 58.00,0.34
DYNPRO, EQ, 10-Jan-2024,288.6,288.6,290.95,285.65, 287.70,287.05,288.16,14969,43.14,1165, 8261, 55.19,-0.54
DYNPRO, EQ, 10-Jan-2025,396.2,396.2,404.05,376.5,377.3,381.95,391.73,15780,61.82,865, 9088, 57.59,-3.6
DYNPRO, EQ, 10-Feb-2020,156.0,155.1,180.0,155.1, 167.10,167.75,169.35,144267,244.31,4487, 72084, 49.97,7.53
DYNPRO, EQ, 10-Feb-2021,376.5,377.6,379.95,360.0,362.95,365.95,368.19,193704,713.2,4538, 117780, 60.80,-2.8
DYNPRO, EQ, 10-Feb-2022,551.4,553.75,560.0,546.05,552.0,551.2,551.86,30377,167.64,1808, 18840, 62.02,-0.04
DYNPRO, EQ, 10-Feb-2023,287.6,287.6,287.85,269.75, 274.45,273.25,279.2,23626,65.96,1407, 13654, 57.79,-4.99
DYNPRO, EQ, 10-Feb-2025,322.35,320.95,353.0,319.8,326.1,332.4,332.88,32008,106.55,1312, 15742, 49.18,3.12
DYNPRO, EQ, 10-Mar-2021,482.0,484.0,514.9,480.2, 493.00,493.95,500.58,256034,1281.66,16275, 66706, 26.05,2.48
DYNPRO, EQ, 10-Mar-2022,605.5,616.0,623.1,592.6, 600.00,599.05,610.81,56586,345.63,5151, 26127, 46.17,-1.07
DYNPRO, EQ, 10-Mar-2023,277.35,277.0,286.0,271.6, 284.00,282.55,280.8,21743,61.05,1177, 15083, 69.37,1.87
DYNPRO, EQ, 10-Mar-2025,287.05,298.0,298.0,266.75,278.4,276.3,279.43,54637,152.67,2928, 33853, 61.96,-3.74
DYNPRO, EQ, 10-Apr-2023,256.1,261.7,269.45,252.65, 258.00,256.65,259.14,27949,72.43,1527, 15742, 56.32,0.21
DYNPRO, EQ, 10-Apr-2024,318.15,313.4,323.45,313.35, 317.15,320.65,319.38,32180,102.78,1963, 19191, 59.64,0.79
DYNPRO, EQ, 10-May-2021,511.05,511.05,519.9,501.1, 501.20,503.3,506.73,32942,166.93,1927, 22372, 67.91,-1.52
DYNPRO, EQ, 10-May-2022,528.35,528.35,548.25,512.55, 523.00,519.65,532.07,25311,134.67,2474, 13399, 52.94,-1.65
DYNPRO, EQ, 10-May-2023,306.5,309.9,315.0,305.25,306.0,307.45,310.2,20322,63.04,1052, 10818, 53.23,0.31
DYNPRO, EQ, 10-May-2024,267.15,262.05,271.95,262.05,271.0,269.45,268.95,11595,31.19,639, 6573, 56.69,0.86
DYNPRO, EQ, 10-Jun-2020,122.0,123.85,125.7,119.25, 124.45,124.45,123.59,39131,48.36,812, 25814, 65.97,2.01
DYNPRO, EQ, 10-Jun-2021,501.6,501.15,507.0,495.1, 504.00,502.65,502.38,59086,296.84,3142, 31466, 53.25,0.21
DYNPRO, EQ, 10-Jun-2022,429.65,429.0,449.0,427.45,449.0,445.35,438.92,18449,80.98,1750, 9671, 52.42,3.65
DYNPRO, EQ, 10-Jun-2024,279.6,279.6,283.65,257.5,263.0,260.55,265.88,117228,311.69,4427, 80889, 69.00,-6.81
DYNPRO, EQ, 10-Jul-2020,162.4,162.4,164.75,158.55,158.8,159.35,160.55,17252,27.7,573, 12334, 71.49,-1.88
DYNPRO, EQ, 10-Jul-2023,304.8,309.0,309.0,283.0,289.25,289.95,291.82,70259,205.03,4680, 39252, 55.87,-4.87
DYNPRO, EQ, 10-Jul-2024,368.1,365.0,369.95,345.85,355.0,357.9,357.04,78717,281.05,4426, 38565, 48.99,-2.77
DYNPRO, EQ, 10-Aug-2020,203.85,206.7,208.6,199.5, 200.10,200.7,202.41,115470,233.72,3019, 72719, 62.98,-1.55
DYNPRO, EQ, 10-Aug-2021,590.25,590.0,601.95,532.2, 570.00,573.0,569.4,167908,956.07,6362, 81275, 48.40,-2.92
DYNPRO, EQ, 10-Aug-2022,459.75,405.0,414.0,367.8,367.8,367.8,385.58,347726,1340.78,14310, 218065, 62.71,-20.0
DYNPRO, EQ, 10-Aug-2023,301.0,301.15,304.95,298.45, 300.00,300.4,302.25,18828,56.91,1557, 12867, 68.34,-0.2
DYNPRO, EQ, 10-Sep-2020,200.85,204.6,207.0,201.0, 202.50,202.15,204.0,34428,70.23,1324, 13663, 39.69,0.65
DYNPRO, EQ, 10-Oct-2022,357.15,353.0,380.4,346.95, 375.75,375.4,369.36,78773,290.95,4810, 39014, 49.53,5.11
DYNPRO, EQ, 10-Oct-2023,321.1,324.9,325.8,315.85, 318.00,318.25,319.78,24125,77.15,2339, 14094, 58.42,-0.89
DYNPRO, EQ, 10-Nov-2020,231.5,231.45,233.15,221.1, 223.20,222.35,225.74,78153,176.42,2991, 34378, 43.99,-3.95
DYNPRO, EQ, 10-Nov-2021,647.9,648.0,659.0,630.55, 639.00,635.95,643.85,27022,173.98,2352, 11314, 41.87,-1.84
DYNPRO, EQ, 10-Nov-2022,384.9,384.9,389.7,379.0, 383.40,380.9,381.95,10348,39.52,604, 7512, 72.59,-1.04
DYNPRO, EQ, 10-Nov-2023,309.15,308.85,315.45,266.55,271.0,272.45,278.28,208680,580.72,6816, 116873, 56.01,-11.87
DYNPRO, EQ, 10-Dec-2020,242.45,243.0,243.05,234.9, 240.50,240.1,239.35,64727,154.92,1684, 33308, 51.46,-0.97
DYNPRO, EQ, 10-Dec-2021,615.55,626.9,642.65,610.0, 625.15,631.4,630.23,65339,411.79,6528, 27077, 41.44,2.57
DYNPRO, EQ, 10-Dec-2024,455.65,464.9,464.9,440.0,441.0,446.25,448.05,12662,56.73,596, 7377, 58.26,-2.06
DYNPRO, EQ, 11-Jan-2021,277.3,280.95,287.45,265.5, 268.00,270.1,274.2,89233,244.67,2537, 50901, 57.04,-2.6
DYNPRO, EQ, 11-Jan-2022,635.45,638.8,638.8,616.0,628.1,630.15,626.15,37013,231.76,2922, 17089, 46.17,-0.83
DYNPRO, EQ, 11-Jan-2023,294.35,296.95,296.95,289.05, 289.80,291.35,292.41,7341,21.47,518, 4925, 67.09,-1.02
DYNPRO, EQ, 11-Jan-2024,287.05,287.1,295.0,283.8, 290.60,290.05,289.88,24818,71.94,1778, 13862, 55.85,1.05
DYNPRO, EQ, 11-Feb-2020,167.75,164.0,175.0,164.0, 166.35,167.8,168.66,46751,78.85,2117, 29798, 63.74,0.03
DYNPRO, EQ, 11-Feb-2021,365.95,366.0,384.7,363.7,380.0,375.75,374.67,107601,403.15,4628, 33763, 31.38,2.68
DYNPRO, EQ, 11-Feb-2022,551.2,551.25,568.0,515.0,529.0,533.2,540.86,178699,966.51,10066, 110606, 61.90,-3.27
DYNPRO, EQ, 11-Feb-2025,332.4,339.0,339.0,299.2,299.2,303.4,303.93,81640,248.13,1606, 55889, 68.46,-8.72
DYNPRO, EQ, 11-Mar-2020,133.95,134.25,141.8,134.25, 135.30,137.6,137.79,5798,7.99,616, 4094, 70.61,2.72
DYNPRO, EQ, 11-Mar-2022,599.05,592.35,611.05,592.35, 605.00,606.15,606.5,20121,122.03,1657, 10940, 54.37,1.19
DYNPRO, EQ, 11-Mar-2024,295.85,295.85,305.0,281.3, 290.00,284.95,287.73,29194,84.0,1763, 15898, 54.46,-3.68
DYNPRO, EQ, 11-Mar-2025,276.3,266.2,272.6,254.0,258.4,261.45,264.01,50029,132.08,1775, 34141, 68.24,-5.37
DYNPRO, EQ, 11-Apr-2022,643.5,648.7,683.0,645.0,678.0,675.5,669.57,312105,2089.76,20947, 87393, 28.00,4.97
DYNPRO, EQ, 11-Apr-2023,256.65,253.05,278.4,253.05, 266.25,267.6,270.19,79745,215.47,5164, 26039, 32.65,4.27
DYNPRO, EQ, 11-Apr-2025,266.7,282.55,282.55,268.0,275.5,278.4,275.13,11888,32.71,1062, 5759, 48.44,4.39
DYNPRO, EQ, 11-May-2020,106.95,107.2,109.95,107.2, 108.50,108.2,108.59,2806,3.05,357, 1575, 56.13,1.17
DYNPRO, EQ, 11-May-2021,503.3,499.0,520.0,490.0, 506.50,508.5,510.54,39872,203.56,2383, 20741, 52.02,1.03
DYNPRO, EQ, 11-May-2022,519.65,529.8,529.8,482.65,498.05,499.35,498.55,72806,362.98,4858, 36580, 50.24,-3.91
DYNPRO, EQ, 11-May-2023,307.45,307.45,315.9,306.35, 311.65,311.15,311.46,25129,78.27,1930, 13645, 54.30,1.2
DYNPRO, EQ, 11-Jun-2020,124.45,124.45,124.8,117.85, 119.50,119.2,120.84,17632,21.31,631, 11499, 65.22,-4.22
DYNPRO, EQ, 11-Jun-2021,502.65,507.0,509.6,492.0, 493.00,496.0,501.73,43575,218.63,2230, 26243, 60.22,-1.32
DYNPRO, EQ, 11-Jun-2024,260.55,264.9,273.0,259.95,265.55,266.3,265.92,43395,115.4,2353, 22586, 52.05,2.21
DYNPRO, EQ, 11-Jul-2022,419.85,420.0,426.0,402.35,413.4,407.05,408.16,27704,113.08,2129, 14793, 53.40,-3.05
DYNPRO, EQ, 11-Jul-2023,289.95,294.7,294.7,273.6, 276.25,279.7,283.87,58927,167.28,3315, 36500, 61.94,-3.54
DYNPRO, EQ, 11-Jul-2024,357.9,351.0,407.7,351.0,374.9,371.55,381.15,172505,657.5,10970, 74692, 43.30,3.81
DYNPRO, EQ, 11-Aug-2020,200.7,203.95,216.0,202.5,211.85,211.05,210.87,385757,813.46,6969, 144107, 37.36,5.16
DYNPRO, EQ, 11-Aug-2021,573.0,583.0,583.0,533.7, 560.00,564.85,557.23,199752,1113.09,6400, 110521, 55.33,-1.42
DYNPRO, EQ, 11-Aug-2022,367.8,360.0,372.05,331.0,360.55,364.35,353.3,361168,1276.02,16190, 123503, 34.20,-0.94
DYNPRO, EQ, 11-Aug-2023,300.4,302.8,303.9,298.0, 298.25,299.35,300.52,25691,77.21,1223, 19075, 74.25,-0.35
DYNPRO, EQ, 11-Sep-2020,202.15,204.8,204.8,197.55, 199.55,199.65,200.03,33912,67.83,1026, 18635, 54.95,-1.24
DYNPRO, EQ, 11-Sep-2023,392.15,392.0,396.0,385.0, 386.80,387.05,388.08,24862,96.48,1161, 17905, 72.02,-1.3
DYNPRO, EQ, 11-Oct-2021,695.65,696.8,710.1,688.15, 697.45,693.55,697.93,46872,327.13,4729, 21012, 44.83,-0.3
DYNPRO, EQ, 11-Oct-2022,375.4,373.95,375.9,360.0, 373.70,367.05,367.1,24387,89.53,1723, 15062, 61.76,-2.22
DYNPRO, EQ, 11-Oct-2023,318.25,321.55,330.9,321.05, 326.55,329.15,327.78,17128,56.14,1421, 11240, 65.62,3.42
DYNPRO, EQ, 11-Nov-2020,222.35,224.0,227.85,207.4, 220.00,218.55,218.18,126112,275.15,3857, 51099, 40.52,-1.71
DYNPRO, EQ, 11-Nov-2021,635.95,639.4,659.0,632.4, 643.00,639.05,647.11,31304,202.57,2937, 11632, 37.16,0.49
DYNPRO, EQ, 11-Nov-2022,380.9,376.2,395.9,376.2,378.85,381.0,385.34,23908,92.13,1308, 13761, 57.56,0.03
DYNPRO, EQ, 11-Dec-2020,240.1,241.2,244.7,232.8, 235.00,234.35,237.89,71555,170.22,1892, 41059, 57.38,-2.39
DYNPRO, EQ, 11-Dec-2023,296.75,294.35,319.0,294.0, 311.90,309.35,311.76,156682,488.47,9807, 52702, 33.64,4.25
DYNPRO, EQ, 11-Dec-2024,446.25,455.0,455.0,430.5,434.95,436.55,439.76,10548,46.39,517, 5549, 52.61,-2.17
DYNPRO, EQ, 12-Jan-2021,270.1,270.0,271.85,263.95, 266.15,266.95,267.31,66522,177.82,2233, 36038, 54.17,-1.17
DYNPRO, EQ, 12-Jan-2022,630.15,644.0,644.0,620.55,621.15,625.75,625.4,40101,250.79,2999, 22456, 56.00,-0.7
DYNPRO, EQ, 12-Jan-2023,291.35,297.8,297.8,288.0, 294.20,293.25,293.23,6204,18.19,351, 4554, 73.40,0.65
DYNPRO, EQ, 12-Jan-2024,290.05,290.1,292.8,285.3,287.1,287.1,288.77,15256,44.06,1170, 8982, 58.88,-1.02
DYNPRO, EQ, 12-Feb-2020,167.8,170.5,170.5,161.25, 161.60,162.7,165.91,28252,46.87,1087, 19494, 69.00,-3.04
DYNPRO, EQ, 12-Feb-2021,375.75,380.0,415.0,370.0,398.8,395.85,397.72,252144,1002.82,7493, 94893, 37.63,5.35
DYNPRO, EQ, 12-Feb-2024,262.2,262.25,264.85,256.3, 257.15,258.4,259.53,16041,41.63,1737, 7075, 44.11,-1.45
DYNPRO, EQ, 12-Feb-2025,303.4,312.2,312.2,279.15,300.95,300.2,297.44,23818,70.84,1360, 11923, 50.06,-1.05
DYNPRO, EQ, 12-Mar-2020,137.6,137.25,137.25,116.05, 121.00,118.35,121.25,37895,45.95,1187, 31194, 82.32,-13.99
DYNPRO, EQ, 12-Mar-2021,493.95,497.9,499.0,477.6, 481.00,481.25,490.3,96468,472.98,6669, 32223, 33.40,-2.57
DYNPRO, EQ, 12-Mar-2024,284.95,284.95,289.6,276.0, 277.20,280.35,280.94,31743,89.18,1980, 21130, 66.57,-1.61
DYNPRO, EQ, 12-Mar-2025,261.45,262.75,265.45,252.35,258.0,255.95,257.35,49332,126.96,1779, 33823, 68.56,-2.1
DYNPRO, EQ, 12-Apr-2021,503.95,500.0,500.0,455.55, 458.00,459.6,471.98,88621,418.28,3639, 57551, 64.94,-8.8
DYNPRO, EQ, 12-Apr-2022,675.5,680.0,719.0,659.0, 693.00,690.15,695.08,308266,2142.7,21686, 92127, 29.89,2.17
DYNPRO, EQ, 12-Apr-2023,267.6,274.25,287.95,270.25, 276.35,277.8,279.72,94789,265.15,6457, 39212, 41.37,3.81
DYNPRO, EQ, 12-Apr-2024,320.65,320.65,320.65,310.05, 311.90,312.35,314.77,20308,63.92,1495, 11230, 55.30,-2.59
DYNPRO, EQ, 12-May-2020,108.2,108.25,109.05,105.05, 107.00,107.3,107.15,7890,8.45,328, 4697, 59.53,-0.83
DYNPRO, EQ, 12-May-2021,508.5,505.1,510.2,495.0,497.0,497.25,501.18,31326,157.0,2518, 21822, 69.66,-2.21
DYNPRO, EQ, 12-May-2022,499.35,490.0,491.6,465.0,482.25,480.35,475.98,69202,329.39,5398, 39961, 57.75,-3.8
DYNPRO, EQ, 12-May-2023,311.15,315.45,317.4,309.45, 312.00,312.3,313.07,15491,48.5,2153, 5521, 35.64,0.37
DYNPRO, EQ, 12-Jun-2020,119.2,116.0,119.75,112.5, 117.10,118.4,116.5,12332,14.37,457, 7046, 57.14,-0.67
DYNPRO, EQ, 12-Jun-2023,325.8,329.8,344.8,328.5, 342.50,342.8,339.96,81116,275.76,6491, 50703, 62.51,5.22
DYNPRO, EQ, 12-Jun-2024,266.3,266.3,270.0,261.0,264.0,263.1,265.24,29707,78.79,2223, 17429, 58.67,-1.2
DYNPRO, EQ, 12-Jul-2021,537.5,544.9,547.9,513.75, 515.95,517.65,525.96,67715,356.16,4191, 42658, 63.00,-3.69
DYNPRO, EQ, 12-Jul-2022,407.05,412.9,427.0,403.65,420.0,419.95,419.06,34875,146.15,2876, 17175, 49.25,3.17
DYNPRO, EQ, 12-Jul-2023,279.7,279.7,280.7,273.4, 274.45,274.5,276.33,31201,86.22,3253, 17234, 55.24,-1.86
DYNPRO, EQ, 12-Jul-2024,371.55,371.6,381.9,361.35,370.0,369.8,371.49,96134,357.13,5674, 44637, 46.43,-0.47
DYNPRO, EQ, 12-Aug-2020,211.05,211.0,216.0,208.35,210.15,209.85,212.67,164112,349.01,3386, 79326, 48.34,-0.57
DYNPRO, EQ, 12-Aug-2021,564.85,565.55,590.0,565.05, 569.00,568.0,578.19,81315,470.16,3602, 38017, 46.75,0.56
DYNPRO, EQ, 12-Aug-2022,364.35,362.0,376.9,362.0,365.0,367.6,370.56,61467,227.77,4014, 31782, 51.71,0.89
DYNPRO, EQ, 12-Sep-2022,343.05,343.05,347.4,332.0, 335.95,335.65,338.84,44381,150.38,1690, 27712, 62.44,-2.16
DYNPRO, EQ, 12-Sep-2023,387.05,391.3,393.0,354.85, 376.00,375.2,373.43,61379,229.21,3746, 34243, 55.79,-3.06
DYNPRO, EQ, 12-Oct-2020,253.65,256.25,260.0,245.0, 249.50,247.65,250.58,70975,177.85,2524, 29407, 41.43,-2.37
DYNPRO, EQ, 12-Oct-2021,693.55,694.0,727.0,688.85, 696.00,701.2,709.12,56527,400.85,6299, 17551, 31.05,1.1
DYNPRO, EQ, 12-Oct-2022,367.05,365.05,375.2,363.55, 366.00,367.15,370.45,23525,87.15,1456, 17784, 75.60,0.03
DYNPRO, EQ, 12-Oct-2023,329.15,330.05,334.05,317.2, 321.40,320.95,322.91,49226,158.96,3306, 20579, 41.81,-2.49
DYNPRO, EQ, 12-Nov-2020,218.55,220.0,249.5,217.3, 247.00,245.45,239.01,266215,636.29,7093, 112689, 42.33,12.31
DYNPRO, EQ, 12-Nov-2021,639.05,644.9,653.7,625.8, 634.90,632.9,637.93,31305,199.7,4785, 11756, 37.55,-0.96
DYNPRO, EQ, 12-Dec-2022,361.0,368.9,368.9,345.0, 360.05,362.85,353.83,56321,199.28,3538, 32654, 57.98,0.51
DYNPRO, EQ, 12-Dec-2023,309.35,314.4,317.95,302.1, 306.60,306.1,310.91,60265,187.37,3287, 29664, 49.22,-1.05
DYNPRO, EQ, 12-Dec-2024,436.55,432.35,447.9,426.55,426.55,428.95,434.2,11409,49.54,570, 6839, 59.94,-1.74
DYNPRO, EQ, 13-Jan-2020,157.4,161.05,166.8,159.0, 159.25,160.45,161.19,21551,34.74,1022, 11970, 55.54,1.94
DYNPRO, EQ, 13-Jan-2021,266.95,268.0,274.0,259.0, 264.00,262.85,267.37,55618,148.71,1904, 28638, 51.49,-1.54
DYNPRO, EQ, 13-Jan-2022,625.75,632.0,632.0,607.45, 614.70,612.9,616.45,45836,282.56,4360, 24362, 53.15,-2.05
DYNPRO, EQ, 13-Jan-2023,293.25,291.55,295.95,287.0,291.2,291.45,290.69,10008,29.09,443, 7530, 75.24,-0.61
DYNPRO, EQ, 13-Jan-2025,381.95,382.0,388.4,362.85,362.85,362.85,375.06,18054,67.71,981, 11597, 64.24,-5.0
DYNPRO, EQ, 13-Feb-2020,162.7,164.4,164.4,160.9, 163.30,163.15,162.88,19196,31.27,471, 15693, 81.75,0.28
DYNPRO, EQ, 13-Feb-2023,273.25,269.0,275.7,259.65,261.95,264.1,265.39,29599,78.55,1691, 15411, 52.07,-3.35
DYNPRO, EQ, 13-Feb-2024,258.4,261.4,264.3,252.3, 254.80,255.8,258.2,15190,39.22,1338, 7401, 48.72,-1.01
DYNPRO, EQ, 13-Feb-2025,300.2,310.0,310.0,283.05,294.0,290.15,294.51,35251,103.82,1425, 21114, 59.90,-3.35
DYNPRO, EQ, 13-Mar-2020,118.35,105.35,142.0,95.0, 128.00,125.55,124.33,21238,26.4,688, 15957, 75.13,6.08
DYNPRO, EQ, 13-Mar-2023,282.55,282.0,291.35,268.0, 280.00,279.65,277.42,63501,176.16,2172, 43000, 67.72,-1.03
DYNPRO, EQ, 13-Mar-2024,280.35,277.2,290.0,270.55, 284.00,281.4,280.96,70628,198.43,4100, 43905, 62.16,0.37
DYNPRO, EQ, 13-Mar-2025,255.95,255.95,264.0,255.0,264.0,256.75,259.09,27280,70.68,566, 22654, 83.04,0.31
DYNPRO, EQ, 13-Apr-2020,118.15,119.95,122.35,112.0, 113.95,113.65,115.1,6044,6.96,276,4026,90.63,-3.81
DYNPRO, EQ, 13-Apr-2021,459.6,460.2,493.0,455.55, 467.00,477.15,475.7,81367,387.06,4302, 25764, 31.66,3.82
DYNPRO, EQ, 13-Apr-2022,690.15,696.3,709.9,670.0,670.0,673.3,684.79,92327,632.24,6217, 38837, 42.06,-2.44
DYNPRO, EQ, 13-Apr-2023,277.8,282.0,294.4,277.8, 292.25,289.9,287.29,120565,346.37,5446, 52522, 43.56,4.36
DYNPRO, EQ, 13-May-2020,107.3,109.05,113.3,105.15,108.4,108.95,110.15,44811,49.36,1403, 17076, 38.11,1.54
DYNPRO, EQ, 13-May-2022,480.35,483.5,510.7,483.5,496.0,500.85,500.15,33105,165.58,2875, 18825, 56.86,4.27
DYNPRO, EQ, 13-May-2024,269.45,270.5,272.2,265.45,269.9,268.1,268.77,5841,15.7,648, 2756, 47.18,-0.5
DYNPRO, EQ, 13-Jun-2022,445.35,436.0,438.45,417.85,423.0,425.5,429.88,21896,94.13,1929, 13762, 62.85,-4.46
DYNPRO, EQ, 13-Jun-2023,342.8,345.8,361.45,340.6, 349.90,349.25,352.96,90488,319.38,6251, 51051, 56.42,1.88
DYNPRO, EQ, 13-Jun-2024,263.1,264.0,270.5,263.7,270.0,269.45,267.0,47446,126.68,1729, 31746, 66.91,2.41
DYNPRO, EQ, 13-Jul-2020,159.35,162.05,177.0,162.05, 173.30,173.2,170.76,266631,455.29,7547, 123282, 46.24,8.69
DYNPRO, EQ, 13-Jul-2021,517.65,520.9,539.65,518.5, 536.05,535.95,530.64,58563,310.76,3496, 34441, 58.81,3.54
DYNPRO, EQ, 13-Jul-2022,419.95,426.15,429.95,411.0,415.0,415.05,420.45,14529,61.09,1780, 9550, 65.73,-1.17
DYNPRO, EQ, 13-Jul-2023,274.5,276.65,290.0,275.55, 285.00,284.05,285.28,33023,94.21,3608, 18642, 56.45,3.48
DYNPRO, EQ, 13-Aug-2020,209.85,212.0,228.0,211.0, 217.90,221.6,222.96,951215,2120.87,13843, 309404, 32.53,5.6
DYNPRO, EQ, 13-Aug-2021,568.0,569.0,580.75,565.65,569.9,568.65,573.41,33650,192.95,2191, 17381, 51.65,0.11
DYNPRO, EQ, 13-Sep-2021,562.15,566.85,566.85,547.9, 555.00,551.55,552.86,48252,266.77,2761, 29509, 61.16,-1.89
DYNPRO, EQ, 13-Sep-2022,335.65,338.0,341.95,326.35, 335.90,334.1,335.29,73193,245.41,3023, 41019, 56.04,-0.46
DYNPRO, EQ, 13-Sep-2023,375.2,375.2,380.0,358.6, 362.75,364.0,364.94,44845,163.66,3034, 27233, 60.73,-2.99
DYNPRO, EQ, 13-Oct-2020,247.65,249.9,266.2,245.75, 257.15,256.4,257.84,195490,504.04,6175, 61237, 31.32,3.53
DYNPRO, EQ, 13-Oct-2021,701.2,703.8,718.05,688.85,690.0,694.4,695.39,133230,926.46,7466, 19294, 14.48,-0.97
DYNPRO, EQ, 13-Oct-2022,367.15,366.0,368.1,357.35,360.0,359.45,360.63,10805,38.97,746, 6721, 62.20,-2.1
DYNPRO, EQ, 13-Oct-2023,320.95,316.5,325.4,316.5, 318.80,320.05,321.28,14876,47.79,1206, 7685, 51.66,-0.28
DYNPRO, EQ, 13-Nov-2020,245.45,248.5,255.4,246.0,255.4,253.7,251.85,180491,454.57,5029, 69678, 38.60,3.36
DYNPRO, EQ, 13-Nov-2023,270.05,271.0,276.0,265.0, 267.30,267.4,268.7,126538,340.01,9287, 73762, 58.29,-0.98
DYNPRO, EQ, 13-Dec-2021,631.4,644.0,675.0,616.1,619.0,620.7,633.02,36751,232.64,3146, 17759, 48.32,-1.69
DYNPRO, EQ, 13-Dec-2022,362.85,369.0,371.35,350.6, 357.00,357.25,358.32,19324,69.24,1718, 11324, 58.60,-1.54
DYNPRO, EQ, 13-Dec-2023,306.1,303.35,314.85,300.3, 304.00,302.9,306.09,54712,167.47,2525, 24149, 44.14,-1.05
DYNPRO, EQ, 13-Dec-2024,428.95,423.1,432.95,420.0,423.0,421.85,424.18,5873,24.91,364, 3816, 64.98,-1.66
DYNPRO, EQ, 14-Jan-2020,160.45,164.2,164.2,156.35, 157.55,157.5,158.14,7114,11.25,381, 4075, 57.28,-1.84
DYNPRO, EQ, 14-Jan-2021,262.85,264.75,272.5,258.7, 268.50,268.55,266.83,77314,206.3,2180, 32799, 42.42,2.17
DYNPRO, EQ, 14-Jan-2022,612.9,612.0,631.0,609.1, 615.75,613.55,618.0,46702,288.62,3871, 24081, 51.56,0.11
DYNPRO, EQ, 14-Jan-2025,362.85,359.45,360.95,344.7,344.75,345.75,345.48,44205,152.72,576, 38147, 86.30,-4.71
DYNPRO, EQ, 14-Feb-2020,163.15,163.0,168.7,155.1, 161.00,161.1,160.55,26572,42.66,914, 20824, 78.37,-1.26
DYNPRO, EQ, 14-Feb-2022,533.2,514.0,549.0,505.3,530.0,530.3,532.85,61229,326.26,4813, 33286, 54.36,-0.54
DYNPRO, EQ, 14-Feb-2023,264.1,261.75,265.8,233.2,237.8,235.4,242.5,105779,256.52,5076, 59391, 56.15,-10.87
DYNPRO, EQ, 14-Feb-2024,255.8,252.0,286.75,252.0, 272.75,269.3,263.12,49820,131.09,2905, 20109, 40.36,5.28
DYNPRO, EQ, 14-Feb-2025,290.15,293.15,310.0,288.05,300.0,299.95,298.1,14397,42.92,1035, 7765, 53.93,3.38
DYNPRO, EQ, 14-Mar-2022,606.15,615.0,620.0,592.0,600.0,596.7,602.21,23837,143.55,1807, 14751, 61.88,-1.56
DYNPRO, EQ, 14-Mar-2023,279.65,279.6,282.65,273.0, 273.00,275.95,276.96,31973,88.55,1006, 25302, 79.14,-1.32
DYNPRO, EQ, 14-Mar-2024,281.4,277.2,291.95,271.0, 285.00,277.8,281.44,56357,158.61,3699, 36876, 65.43,-1.28
DYNPRO, EQ, 14-May-2020,108.95,111.0,111.95,106.0,108.8,107.6,108.22,10442,11.3,540, 6307, 60.40,-1.24
DYNPRO, EQ, 14-May-2021,497.25,498.2,509.0,489.15, 496.50,494.4,496.0,31222,154.86,1776, 16308, 52.23,-0.57
DYNPRO, EQ, 14-May-2024,268.1,268.15,276.95,265.05,269.65,267.5,269.16,16023,43.13,627, 10747, 67.07,-0.22
DYNPRO, EQ, 14-Jun-2021,496.0,493.05,495.6,477.5, 490.00,487.65,488.29,50557,246.86,3110, 28786, 56.94,-1.68
DYNPRO, EQ, 14-Jun-2022,425.5,412.05,438.55,412.05, 425.00,426.25,430.14,18650,80.22,1366, 12773, 68.49,0.18
DYNPRO, EQ, 14-Jun-2023,349.25,355.55,358.0,333.75, 337.70,336.5,341.62,38844,132.7,4202, 21895, 56.37,-3.65
DYNPRO, EQ, 14-Jun-2024,269.45,265.7,272.3,265.7,270.45,270.75,270.45,21484,58.1,1273, 14405, 67.05,0.48
DYNPRO, EQ, 14-Jul-2020,173.2,174.7,197.0,174.0,191.0,190.3,187.98,977683,1837.88,22764, 223487, 22.86,9.87
DYNPRO, EQ, 14-Jul-2021,535.95,535.25,544.9,528.3, 532.80,533.7,539.08,53074,286.11,5201, 37593, 70.83,-0.42
DYNPRO, EQ, 14-Jul-2022,415.05,421.25,432.25,408.8, 421.20,419.95,420.34,29047,122.1,2502, 14429, 49.67,1.18
DYNPRO, EQ, 14-Jul-2023,284.05,285.35,289.95,280.55,280.55,283.05,284.99,17424,49.66,1401, 12959, 74.37,-0.35
DYNPRO, EQ, 14-Aug-2020,221.6,221.9,228.9,208.85, 210.40,211.05,219.19,347241,761.11,7592, 130433, 37.56,-4.76
DYNPRO, EQ, 14-Aug-2023,299.35,299.35,306.5,296.1, 300.00,301.2,301.16,28238,85.04,1316, 19221, 68.07,0.62
DYNPRO, EQ, 14-Sep-2020,199.65,206.0,216.0,204.45,212.75,212.55,211.63,216231,457.61,5409, 123586, 57.15,6.46
DYNPRO, EQ, 14-Sep-2021,551.55,555.9,576.9,555.1, 562.95,561.6,569.21,68294,388.74,4005, 27316, 40.00,1.82
DYNPRO, EQ, 14-Sep-2022,334.1,332.9,337.0,330.0,336.9,332.85,332.7,23708,78.88,1646, 13734, 57.93,-0.37
DYNPRO, EQ, 14-Sep-2023,364.0,364.0,374.8,355.0, 363.00,362.5,365.21,62316,227.59,4241, 31785, 51.01,-0.41
DYNPRO, EQ, 14-Oct-2020,256.4,255.5,258.05,247.65, 254.00,253.4,252.18,123849,312.32,5845, 28304, 22.85,-1.17
DYNPRO, EQ, 14-Oct-2021,694.4,697.4,712.15,689.05,695.1,694.25,697.55,123734,863.1,7251, 23699, 19.15,-0.02
DYNPRO, EQ, 14-Oct-2022,359.45,368.0,368.0,350.0, 350.00,351.3,358.28,15144,54.26,1249, 7615, 50.28,-2.27
DYNPRO, EQ, 14-Nov-2022,381.0,381.25,395.0,378.55,390.0,390.25,386.55,21201,81.95,871, 16283, 76.80,2.43
DYNPRO, EQ, 14-Dec-2020,234.35,235.0,239.0,233.0,234.9,234.2,235.76,56926,134.21,1801, 31915, 56.06,-0.06
DYNPRO, EQ, 14-Dec-2021,620.7,619.9,630.05,600.1,609.45,605.5,613.04,30483,186.87,2608, 16272, 53.38,-2.45
DYNPRO, EQ, 14-Dec-2022,357.25,358.2,361.0,351.6, 351.70,354.3,354.03,11006,38.96,656, 8136, 73.92,-0.83
DYNPRO, EQ, 14-Dec-2023,302.9,307.35,313.0,301.35, 302.25,302.65,305.67,31874,97.43,1719, 18367, 57.62,-0.08
DYNPRO, EQ, 15-Jan-2020,157.5,155.35,160.8,153.25, 155.50,155.05,157.53,11729,18.48,856, 3571, 30.45,-1.56
DYNPRO, EQ, 15-Jan-2021,268.55,270.0,278.55,261.0,265.7,263.75,270.4,108376,293.04,2789, 53885, 49.72,-1.79
DYNPRO, EQ, 15-Jan-2024,287.1,287.0,289.2,281.0, 281.80,282.0,283.3,42017,119.03,3074, 25005, 59.51,-1.78
DYNPRO, EQ, 15-Jan-2025,345.75,331.05,355.25,331.05,351.5,348.1,345.42,13187,45.55,1114, 7934, 60.17,0.68
DYNPRO, EQ, 15-Feb-2021,395.85,399.0,406.0,384.0, 391.10,387.1,393.9,83917,330.55,3039, 47911, 57.09,-2.21
DYNPRO, EQ, 15-Feb-2022,530.3,537.0,557.9,523.1,555.7,550.65,542.08,44091,239.01,3374, 26548, 60.21,3.84
DYNPRO, EQ, 15-Feb-2023,235.4,234.5,281.8,230.05, 273.70,275.05,265.29,233622,619.77,10140, 47201, 20.20,16.84
DYNPRO, EQ, 15-Feb-2024,269.3,284.0,284.0,269.6, 273.00,273.45,273.82,63635,174.25,2364, 34201, 53.75,1.54
DYNPRO, EQ, 15-Mar-2021,481.25,481.25,495.0,481.25, 486.00,485.6,487.88,51250,250.04,2220, 24446, 47.70,0.9
DYNPRO, EQ, 15-Mar-2022,596.7,612.85,613.5,591.25,613.0,610.05,602.48,40622,244.74,3213, 23059, 56.76,2.24
DYNPRO, EQ, 15-Mar-2023,275.95,287.0,287.0,266.35, 268.00,268.2,273.38,34625,94.66,1696, 22265, 64.30,-2.81
DYNPRO, EQ, 15-Mar-2024,277.8,277.85,289.4,272.0, 282.20,285.55,279.93,32309,90.44,1833, 22648, 70.10,2.79
DYNPRO, EQ, 15-Apr-2020,113.65,114.0,118.1,114.0, 117.00,117.3,116.05,7617,8.84,301, 5873, 77.10,3.21
DYNPRO, EQ, 15-Apr-2021,477.15,473.0,476.5,462.55,466.4,465.4,468.69,28493,133.54,1688, 13894, 48.76,-2.46
DYNPRO, EQ, 15-Apr-2024,312.35,312.35,312.35,292.35, 296.50,297.75,299.68,22700,68.03,1719, 13607, 59.94,-4.67
DYNPRO, EQ, 15-Apr-2025,278.4,282.6,293.85,280.05,284.1,283.4,285.1,13993,39.89,1097, 7486, 53.50,1.8
DYNPRO, EQ, 15-May-2020,107.6,108.05,109.0,106.0,106.5,106.8,107.2,6921,7.42,284, 3609, 52.15,-0.74
DYNPRO, EQ, 15-May-2023,312.3,318.0,323.55,311.8, 320.00,318.4,317.73,43026,136.71,3548, 22949, 53.34,1.95
DYNPRO, EQ, 15-May-2024,267.5,271.5,275.35,267.9,269.1,270.3,270.08,12914,34.88,707, 8567, 66.34,1.05
DYNPRO, EQ, 15-Jun-2020,118.4,119.0,119.0,114.5,115.55,116.0,116.0,12257,14.22,398, 8711, 71.07,-2.03
DYNPRO, EQ, 15-Jun-2021,487.65,493.0,495.85,477.2, 478.20,480.15,484.19,52538,254.38,2243, 37773, 71.90,-1.54
DYNPRO, EQ, 15-Jun-2022,426.25,432.95,438.9,422.0, 430.00,430.1,429.07,30225,129.69,2285, 15120, 50.02,0.9
DYNPRO, EQ, 15-Jun-2023,336.5,339.9,349.4,335.95, 338.00,337.75,342.01,22594,77.27,3841, 8781, 38.86,0.37
DYNPRO, EQ, 15-Jul-2020,190.3,195.0,201.8,175.0,176.3,178.6,193.73,550908,1067.29,11885, 193117, 35.05,-6.15
DYNPRO, EQ, 15-Jul-2021,533.7,540.0,540.0,522.0, 526.35,524.5,528.5,23863,126.12,1899, 16994, 71.21,-1.72
DYNPRO, EQ, 15-Jul-2022,419.95,426.15,448.0,418.05,446.95,444.05,437.77,36881,161.45,3555, 15743, 42.69,5.74
DYNPRO, EQ, 15-Jul-2024,369.8,364.0,378.0,364.0,376.0,374.95,371.19,37215,138.14,2481, 24287, 65.26,1.39
DYNPRO, EQ, 15-Sep-2020,212.55,217.0,218.0,211.0, 213.25,212.9,213.95,75094,160.66,2067, 42896, 57.12,0.16
DYNPRO, EQ, 15-Sep-2021,561.6,564.05,575.0,563.95, 565.30,568.15,569.57,53590,305.23,2928, 31482, 58.75,1.17
DYNPRO, EQ, 15-Sep-2022,332.85,332.85,336.5,320.0,322.0,322.2,327.35,48255,157.96,2579, 33156, 68.71,-3.2
DYNPRO, EQ, 15-Sep-2023,362.5,362.9,371.15,358.1, 358.35,359.8,364.09,16682,60.74,1742, 10232, 61.34,-0.74
DYNPRO, EQ, 15-Oct-2020,253.4,256.25,256.25,236.4, 244.50,243.7,245.99,126675,311.61,4291, 57376, 45.29,-3.83
DYNPRO, EQ, 15-Nov-2021,632.9,599.0,599.0,533.6, 548.90,556.0,559.14,488194,2729.68,24798, 277629, 56.87,-12.15
DYNPRO, EQ, 15-Nov-2022,390.25,396.05,420.0,396.05, 414.00,413.15,412.26,139027,573.15,4128, 96481, 69.40,5.87
DYNPRO, EQ, 15-Nov-2023,267.4,268.05,282.75,260.65, 264.65,265.2,270.07,137715,371.93,10343, 87975, 63.88,-0.82
DYNPRO, EQ, 15-Dec-2020,234.2,234.25,238.1,231.65,236.5,237.15,235.2,56325,132.47,2007, 31174, 55.35,1.26
DYNPRO, EQ, 15-Dec-2021,605.5,600.05,636.6,600.05, 617.00,616.6,621.18,37795,234.77,3484, 13486, 35.68,1.83
DYNPRO, EQ, 15-Dec-2022,354.3,354.3,354.3,342.0, 347.35,345.2,346.84,19679,68.25,1441, 12578, 63.92,-2.57
DYNPRO, EQ, 15-Dec-2023,302.65,305.4,335.0,302.05, 313.75,313.5,321.58,289261,930.22,13140, 70989, 24.54,3.58
DYNPRO, EQ, 16-Jan-2020,155.05,155.05,157.9,155.05, 156.00,155.95,156.41,6537,10.22,302, 4281, 65.49,0.58
DYNPRO, EQ, 16-Jan-2023,291.45,287.85,298.25,286.55, 290.15,293.85,293.48,8980,26.35,575, 6211, 69.16,0.82
DYNPRO, EQ, 16-Jan-2024,282.0,282.0,291.8,280.0, 280.40,280.8,285.49,39615,113.1,2469, 22359, 56.44,-0.43
DYNPRO, EQ, 16-Jan-2025,348.1,345.2,359.35,340.0,355.85,355.1,353.72,9030,31.94,762, 5639, 62.45,2.01
DYNPRO, EQ, 16-Feb-2021,387.1,386.0,394.0,366.55, 381.95,377.65,381.55,57575,219.68,2614, 27349, 47.50,-2.44
DYNPRO, EQ, 16-Feb-2022,550.65,556.9,579.5,554.0,571.1,574.25,567.76,33013,187.44,2388, 16379, 49.61,4.29
DYNPRO, EQ, 16-Feb-2023,275.05,273.0,295.0,264.6, 292.00,289.9,278.24,101110,281.33,6217, 33666, 33.30,5.4
DYNPRO, EQ, 16-Feb-2024,273.45,275.45,276.0,268.3,268.3,270.4,272.74,19593,53.44,1446, 9110, 46.50,-1.12
DYNPRO, EQ, 16-Mar-2020,125.55,125.55,125.55,114.85, 115.50,117.7,117.7,6671,7.85,489, 4263, 63.90,-6.25
DYNPRO, EQ, 16-Mar-2021,485.6,490.0,495.0,484.75, 486.25,486.75,487.65,26115,127.35,977, 17768, 68.04,0.24
DYNPRO, EQ, 16-Mar-2022,610.05,608.2,645.0,608.2,630.65,629.8,631.64,128461,811.42,7388, 51704, 40.25,3.24
DYNPRO, EQ, 16-Mar-2023,268.2,268.15,272.0,262.1, 270.00,268.9,267.99,24925,66.8,1611, 17462, 70.06,0.26
DYNPRO, EQ, 16-Apr-2020,117.3,114.95,117.15,112.65, 114.95,114.15,114.25,10243,11.7,339, 9036, 88.22,-2.69
DYNPRO, EQ, 16-Apr-2021,465.4,465.4,474.0,456.55,464.8,462.85,466.79,51058,238.33,3393, 19507, 38.21,-0.55
DYNPRO, EQ, 16-Apr-2024,297.75,293.3,304.8,291.2, 291.90,292.15,295.74,22220,65.71,1191, 13502, 60.77,-1.88
DYNPRO, EQ, 16-Apr-2025,283.4,287.65,318.3,278.55,311.7,309.85,303.83,52676,160.05,2967, 27624, 52.44,9.33
DYNPRO, EQ, 16-May-2022,500.85,501.0,515.0,486.05,494.9,492.35,501.17,24069,120.63,3849, 10355, 43.02,-1.7
DYNPRO, EQ, 16-May-2023,318.4,324.8,324.8,315.2,319.7,317.75,318.49,21919,69.81,2100, 8950, 40.83,-0.2
DYNPRO, EQ, 16-May-2024,270.3,267.1,271.95,266.2,267.0,267.1,268.01,20054,53.75,891, 14427, 71.94,-1.18
DYNPRO, EQ, 16-Jun-2020,116.0,116.6,126.05,114.45, 118.95,118.6,121.83,84739,103.24,1537, 35162, 41.49,2.24
DYNPRO, EQ, 16-Jun-2021,480.15,480.15,495.0,475.55, 482.90,483.55,486.0,61080,296.85,3863, 34150, 55.91,0.71
DYNPRO, EQ, 16-Jun-2022,430.1,431.0,454.95,408.9, 418.55,420.65,422.06,26891,113.5,2221, 15270, 56.78,-2.2
DYNPRO, EQ, 16-Jun-2023,337.75,343.0,347.0,340.0, 340.50,341.5,343.52,25735,88.41,3734, 13796, 53.61,1.11
DYNPRO, EQ, 16-Jul-2020,178.6,176.95,177.85,167.0, 172.60,173.0,171.85,126566,217.5,4536, 51063, 40.34,-3.14
DYNPRO, EQ, 16-Jul-2021,524.5,524.4,540.0,519.0, 525.90,523.2,524.93,51992,272.92,3102, 28580, 54.97,-0.25
DYNPRO, EQ, 16-Aug-2021,568.65,565.1,571.85,551.0,553.25,552.9,558.91,37420,209.14,2404, 22552, 60.27,-2.77
DYNPRO, EQ, 16-Aug-2022,367.6,367.6,373.0,355.0,361.0,361.45,361.43,42820,154.76,3253, 27618, 64.50,-1.67
DYNPRO, EQ, 16-Aug-2023,301.2,302.7,307.05,293.95, 303.95,304.0,299.39,58417,174.89,3493, 31046, 53.15,0.93
DYNPRO, EQ, 16-Sep-2020,212.9,214.0,214.55,207.0,213.1,210.95,209.96,70578,148.19,2049, 40220, 56.99,-0.92
DYNPRO, EQ, 16-Sep-2021,568.15,568.0,582.0,555.55,556.0,557.8,569.18,82708,470.76,5312, 34661, 41.91,-1.82
DYNPRO, EQ, 16-Sep-2022,322.2,322.0,322.0,300.55, 302.65,302.8,309.27,112724,348.63,6162, 72525, 64.34,-6.02
DYNPRO, EQ, 16-Oct-2020,243.7,244.7,249.95,235.35, 239.00,239.35,241.23,95454,230.27,3357, 39721, 41.61,-1.78
DYNPRO, EQ, 16-Oct-2023,320.05,320.05,332.0,316.1, 324.30,327.95,326.49,22396,73.12,1666, 13397, 59.82,2.47
DYNPRO, EQ, 16-Nov-2021,556.0,552.9,581.0,540.1, 547.95,546.5,556.4,166084,924.09,10102, 79643, 47.95,-1.71
DYNPRO, EQ, 16-Nov-2022,413.15,413.15,414.0,397.0, 397.50,402.05,406.26,30873,125.43,1575, 19225, 62.27,-2.69
DYNPRO, EQ, 16-Nov-2023,265.2,265.25,268.8,256.2, 259.75,259.9,260.63,92297,240.56,7075, 66626, 72.19,-2.0
DYNPRO, EQ, 16-Dec-2020,237.15,237.15,242.0,233.2, 235.15,235.45,237.78,72488,172.36,1863, 31466, 43.41,-0.72
DYNPRO, EQ, 16-Dec-2021,616.6,622.5,645.0,600.0, 611.00,612.2,620.1,51601,319.98,4969, 17595, 34.10,-0.71
DYNPRO, EQ, 16-Dec-2022,345.2,341.75,348.65,336.0, 339.00,340.45,340.59,9920,33.79,794, 5620, 56.65,-1.38
DYNPRO, EQ, 16-Dec-2024,421.85,421.85,438.95,421.85,431.0,432.05,431.54,6630,28.61,745, 4102, 61.87,2.42
DYNPRO, EQ, 17-Jan-2020,155.95,158.85,158.9,151.0, 151.00,152.7,154.75,8323,12.88,486, 5262, 63.22,-2.08
DYNPRO, EQ, 17-Jan-2022,613.55,617.9,634.7,608.25,623.85,622.6,622.07,39109,243.28,2913, 19108, 48.86,1.48
DYNPRO, EQ, 17-Jan-2023,293.85,297.8,299.0,288.7,299.0,293.75,291.81,12389,36.15,496, 8763, 70.73,-0.03
DYNPRO, EQ, 17-Jan-2024,280.8,280.4,283.8,275.0, 279.80,279.2,280.07,17395,48.72,1319, 10279, 59.09,-0.57
DYNPRO, EQ, 17-Jan-2025,355.1,366.35,366.35,343.0,350.0,350.3,350.79,11980,42.02,848, 7713, 64.38,-1.35
DYNPRO, EQ, 17-Feb-2020,161.1,166.0,166.9,153.0, 156.50,154.1,156.49,22970,35.95,1253, 13942, 60.70,-4.35
DYNPRO, EQ, 17-Feb-2021,377.65,377.4,385.0,373.5, 378.00,377.1,379.59,43283,164.3,1849, 22202, 51.29,-0.15
DYNPRO, EQ, 17-Feb-2022,574.25,581.0,581.0,553.8,553.8,556.35,565.15,16889,95.45,1548, 8611, 50.99,-3.12
DYNPRO, EQ, 17-Feb-2023,289.9,288.0,295.0,277.35, 280.90,279.25,285.83,41048,117.33,2915, 15160, 36.93,-3.67
DYNPRO, EQ, 17-Feb-2025,299.95,278.9,308.3,278.5,297.2,299.25,286.95,86651,248.65,2230, 66125, 76.31,-0.23
DYNPRO, EQ, 17-Mar-2020,117.7,122.0,122.0,108.0, 112.00,110.25,114.4,15196,17.38,514, 11583, 76.22,-6.33
DYNPRO, EQ, 17-Mar-2021,486.75,488.05,510.0,485.0,487.0,485.1,493.79,55705,275.07,2880, 23671, 42.49,-0.34
DYNPRO, EQ, 17-Mar-2022,629.8,638.0,665.0,638.0, 656.30,654.5,654.47,82847,542.21,7180, 42023, 50.72,3.92
DYNPRO, EQ, 17-Mar-2023,268.9,269.2,272.95,264.65, 264.70,266.6,267.26,46710,124.84,1708, 29797, 63.79,-0.86
DYNPRO, EQ, 17-Mar-2025,256.75,275.95,275.95,252.5,257.0,257.5,259.88,23149,60.16,1336, 15330, 66.22,0.29
DYNPRO, EQ, 17-Apr-2020,114.15,117.0,120.95,115.4, 119.00,119.1,118.96,10260,12.21,452, 8399, 81.86,4.34
DYNPRO, EQ, 17-Apr-2023,289.9,290.0,317.4,282.25, 309.00,309.15,305.84,153340,468.97,10387, 50230, 32.76,6.64
DYNPRO, EQ, 17-Apr-2025,309.85,309.0,311.95,288.5,290.8,291.0,296.24,38628,114.43,2683, 25300, 65.50,-6.08
DYNPRO, EQ, 17-May-2021,494.4,502.95,502.95,483.0,489.6,488.1,488.99,28742,140.55,2058, 15423, 53.66,-1.27
DYNPRO, EQ, 17-May-2022,492.35,493.1,510.0,492.95, 507.50,506.8,502.19,13114,65.86,1509, 6595, 50.29,2.93
DYNPRO, EQ, 17-May-2023,317.75,323.75,323.75,306.05, 312.10,313.25,314.16,25252,79.33,4556, 6720, 26.61,-1.42
DYNPRO, EQ, 17-May-2024,267.1,265.5,271.0,263.95,264.0,264.95,267.44,38235,102.26,2383, 28528, 74.61,-0.8
DYNPRO, EQ, 17-Jun-2020,118.6,117.5,122.0,117.5,121.25,121.1,120.71,9795,11.82,354, 6362, 64.95,2.11
DYNPRO, EQ, 17-Jun-2021,483.55,481.9,493.95,475.0, 477.20,478.7,484.45,30368,147.12,2335, 16668, 54.89,-1.0
DYNPRO, EQ, 17-Jun-2022,420.65,434.85,434.85,408.3,410.0,412.95,413.57,11407,47.18,1162, 6947, 60.90,-1.83
DYNPRO, EQ, 17-Jul-2020,173.0,174.6,186.0,170.5, 176.00,176.0,178.25,73907,131.74,2152, 32434, 43.88,1.73
DYNPRO, EQ, 17-Jul-2023,283.05,280.5,285.7,275.3,276.6,277.8,279.52,42086,117.64,4202, 23130, 54.96,-1.85
DYNPRO, EQ, 17-Aug-2020,211.05,211.0,212.95,202.1, 207.60,208.4,207.71,126682,263.14,3586, 46292, 36.54,-1.26
DYNPRO, EQ, 17-Aug-2021,552.9,552.0,555.75,545.05,549.75,547.2,548.68,21570,118.35,1421, 13935, 64.60,-1.03
DYNPRO, EQ, 17-Aug-2022,361.45,361.45,383.0,360.05, 372.75,371.85,375.21,73977,277.57,5225, 41213, 55.71,2.88
DYNPRO, EQ, 17-Aug-2023,304.0,306.95,329.05,304.05, 324.90,322.1,319.14,147814,471.73,7834, 92821, 62.80,5.95
DYNPRO, EQ, 17-Sep-2020,210.95,215.0,215.0,211.0, 212.75,213.1,213.52,62315,133.06,1437, 35999, 57.77,1.02
DYNPRO, EQ, 17-Sep-2021,557.8,562.85,562.85,536.85, 541.30,543.6,545.35,48099,262.31,4436, 28385, 59.01,-2.55
DYNPRO, EQ, 17-Oct-2022,351.3,345.3,397.0,338.05,367.0,354.05,347.97,26061,90.68,1411, 16091, 61.74,0.78
DYNPRO, EQ, 17-Oct-2023,327.95,330.0,334.0,325.1,329.9,327.05,329.5,17324,57.08,1636, 9277, 53.55,-0.27
DYNPRO, EQ, 17-Nov-2020,255.5,258.7,258.7,245.45, 248.95,247.5,250.02,71372,178.44,2321, 35038, 49.09,-3.13
DYNPRO, EQ, 17-Nov-2021,546.5,548.9,553.25,497.25, 509.95,513.05,517.3,280826,1452.7,22456, 147451, 52.51,-6.12
DYNPRO, EQ, 17-Nov-2022,402.05,399.6,402.0,391.15, 400.00,396.05,396.13,10559,41.83,702, 6526, 61.81,-1.49
DYNPRO, EQ, 17-Nov-2023,259.9,259.95,277.85,258.0, 276.90,275.2,269.42,73138,197.05,4783, 45887, 62.74,5.89
DYNPRO, EQ, 17-Dec-2020,235.45,236.0,238.0,227.35, 231.50,231.05,233.3,75214,175.48,1948, 41788, 55.56,-1.87
DYNPRO, EQ, 17-Dec-2021,612.2,614.9,616.65,588.05, 609.50,613.4,607.74,27849,169.25,2175, 13271, 47.65,0.2
DYNPRO, EQ, 17-Dec-2024,432.05,441.75,441.75,432.25,436.55,436.05,436.44,6632,28.95,448, 4758, 71.74,0.93
DYNPRO, EQ, 18-Jan-2021,263.75,261.2,265.15,251.2, 254.00,254.5,255.62,72098,184.3,2195, 38747, 53.74,-3.51
DYNPRO, EQ, 18-Jan-2022,622.6,628.8,629.7,610.7, 616.00,614.3,617.91,39309,242.89,3084, 20858, 53.06,-1.33
DYNPRO, EQ, 18-Jan-2023,293.75,294.2,301.4,290.0,291.1,292.4,295.13,18741,55.31,1104, 11602, 61.91,-0.46
DYNPRO, EQ, 18-Jan-2024,279.2,277.9,281.75,271.1, 273.30,273.35,274.47,44718,122.74,2927, 27002, 60.38,-2.1
DYNPRO, EQ, 18-Feb-2020,154.1,156.05,159.3,144.25, 157.55,155.8,150.55,23002,34.63,1214, 15681, 68.17,1.1
DYNPRO, EQ, 18-Feb-2021,377.1,379.35,385.0,375.0,383.5,382.5,380.63,24470,93.14,1070, 15070, 61.59,1.43
DYNPRO, EQ, 18-Feb-2022,556.35,545.15,563.0,541.35,549.3,545.05,548.03,32790,179.7,1515, 23928, 72.97,-2.03
DYNPRO, EQ, 18-Feb-2025,299.25,294.2,309.8,291.55,295.0,294.55,299.27,10660,31.9,712, 5945, 55.77,-1.57
DYNPRO, EQ, 18-Mar-2020,110.25,116.8,116.8,101.0, 101.00,102.45,105.3,10963,11.54,491, 7921, 72.25,-7.07
DYNPRO, EQ, 18-Mar-2021,485.1,489.0,494.4,462.4, 484.00,478.2,481.34,66466,319.93,2752, 40580, 61.05,-1.42
DYNPRO, EQ, 18-Mar-2024,285.55,286.85,300.0,280.65, 290.90,292.25,288.44,24831,71.62,1693, 15490, 62.38,2.35
DYNPRO, EQ, 18-Mar-2025,257.5,257.5,266.95,256.2,257.0,259.25,261.9,28246,73.98,1660, 18796, 66.54,0.68
DYNPRO, EQ, 18-Apr-2022,673.3,674.0,682.1,645.2, 651.00,650.1,663.56,85752,569.02,6099, 35502, 41.40,-3.45
DYNPRO, EQ, 18-Apr-2023,309.15,304.05,318.3,300.0, 302.00,303.5,308.57,67384,207.93,4122, 36714, 54.48,-1.83
DYNPRO, EQ, 18-Apr-2024,292.15,292.2,299.8,277.0, 278.80,278.75,287.89,57516,165.58,2800, 37111, 64.52,-4.59
DYNPRO, EQ, 18-May-2020,106.8,109.7,110.2,103.4, 105.80,105.95,107.97,22797,24.61,490, 16707, 73.29,-0.8
DYNPRO, EQ, 18-May-2021,488.1,500.0,517.15,492.45, 502.10,505.9,508.83,57019,290.13,2671, 28900, 50.68,3.65
DYNPRO, EQ, 18-May-2022,506.8,512.0,519.0,498.2,500.5,500.95,508.13,13335,67.76,1627, 5561, 41.70,-1.15
DYNPRO, EQ, 18-May-2023,313.25,314.9,319.9,311.1, 313.00,313.7,314.46,15518,48.8,2781, 4966, 32.00,0.14
DYNPRO, EQ, 18-Jun-2020,121.1,123.0,123.05,120.1,122.4,121.8,122.01,8256,10.07,266, 5741, 69.54,0.58
DYNPRO, EQ, 18-Jun-2021,478.7,480.0,486.4,455.45, 482.50,480.85,474.64,45903,217.87,3345, 25667, 55.92,0.45
DYNPRO, EQ, 18-Jun-2024,270.75,270.75,273.15,264.0,266.0,265.85,267.31,38163,102.01,1751, 25570, 67.00,-1.81
DYNPRO, EQ, 18-Jul-2022,444.05,444.05,450.0,436.0,441.0,441.0,443.05,17479,77.44,1957, 9587, 54.85,-0.69
DYNPRO, EQ, 18-Jul-2023,277.8,281.9,284.8,271.0, 272.00,271.65,274.69,30592,84.03,4150, 14900, 48.71,-2.21
DYNPRO, EQ, 18-Aug-2020,208.4,211.0,220.0,208.1,214.7,214.85,216.4,247286,535.12,4187, 89811, 36.32,3.1
DYNPRO, EQ, 18-Aug-2021,547.2,549.1,557.1,532.0, 536.75,534.55,541.21,29055,157.25,2644, 17480, 60.16,-2.31
DYNPRO, EQ, 18-Aug-2022,371.85,374.7,379.9,368.6,371.0,372.55,375.42,36330,136.39,2372, 25442, 70.03,0.19
DYNPRO, EQ, 18-Aug-2023,322.1,323.0,344.95,322.85, 332.65,332.3,335.22,188901,633.24,8837, 96253, 50.95,3.17
DYNPRO, EQ, 18-Sep-2020,213.1,214.9,238.2,211.1, 233.00,229.3,228.18,630046,1437.65,13109, 279988, 44.44,7.6
DYNPRO, EQ, 18-Sep-2023,359.8,365.15,365.5,343.8, 349.00,350.25,353.63,35781,126.53,3194, 21361, 59.70,-2.65
DYNPRO, EQ, 18-Oct-2021,694.25,696.5,710.2,666.05, 671.00,674.05,692.43,165711,1147.43,11174, 40609, 24.51,-2.91
DYNPRO, EQ, 18-Oct-2022,354.05,359.35,364.95,349.0,353.0,351.9,353.84,32603,115.36,2399, 15747, 48.30,-0.61
DYNPRO, EQ, 18-Oct-2023,327.05,331.15,334.7,323.0, 325.20,324.35,329.13,12368,40.71,1266, 7006, 56.65,-0.83
DYNPRO, EQ, 18-Nov-2020,247.5,247.5,252.6,242.1, 243.00,244.45,247.03,37710,93.16,1650, 20470, 54.28,-1.23
DYNPRO, EQ, 18-Nov-2021,513.05,513.05,563.55,512.35,549.0,553.2,547.35,311671,1705.92,22162, 75166, 24.12,7.83
DYNPRO, EQ, 18-Nov-2022,396.05,399.9,402.0,386.05, 388.95,389.9,391.54,26336,103.12,861, 21687, 82.35,-1.55
DYNPRO, EQ, 18-Dec-2020,231.05,231.05,232.7,227.0, 228.25,227.65,229.11,78169,179.09,2179, 47294, 60.50,-1.47
DYNPRO, EQ, 18-Dec-2023,313.5,314.75,315.05,305.1, 314.80,310.25,310.44,25450,79.01,1656, 13226, 51.97,-1.04
DYNPRO, EQ, 18-Dec-2024,436.05,438.5,439.45,421.0,422.0,422.2,425.57,10453,44.48,750, 6646, 63.58,-3.18
DYNPRO, EQ, 19-Jan-2021,254.5,259.3,269.6,257.3, 262.00,262.0,263.41,43444,114.44,1667, 15189, 34.96,2.95
DYNPRO, EQ, 19-Jan-2022,614.3,623.9,623.9,600.0, 605.00,604.45,605.19,43598,263.85,3223, 28214, 64.71,-1.6
DYNPRO, EQ, 19-Jan-2023,292.4,288.35,295.2,288.35, 291.35,291.8,292.31,5474,16.0,268, 4194, 76.62,-0.21
DYNPRO, EQ, 19-Jan-2024,273.35,273.4,276.0,269.95, 273.90,272.9,273.05,30369,82.92,1953, 19136, 63.01,-0.16
DYNPRO, EQ, 19-Feb-2020,155.8,157.25,159.85,152.95, 155.00,154.55,155.8,18421,28.7,1014, 10386, 56.38,-0.8
DYNPRO, EQ, 19-Feb-2021,382.5,375.1,402.2,371.0,372.75,371.7,380.78,129485,493.06,5973, 75454, 58.27,-2.82
DYNPRO, EQ, 19-Feb-2024,270.4,270.0,284.8,267.95, 284.80,283.25,279.02,120668,336.69,5289, 65437, 54.23,4.75
DYNPRO, EQ, 19-Feb-2025,294.55,294.0,298.95,285.0,288.0,292.3,292.18,21336,62.34,1134, 13043, 61.13,-0.76
DYNPRO, EQ, 19-Mar-2020,102.45,100.0,100.0,85.0, 89.00,89.2,91.34,55094,50.32,1462, 40303, 73.15,-12.93
DYNPRO, EQ, 19-Mar-2021,478.2,476.8,482.0,453.5,477.0,475.75,465.84,51132,238.19,2894, 18685, 36.54,-0.51
DYNPRO, EQ, 19-Mar-2024,292.25,290.0,297.95,284.0, 286.05,286.35,288.36,20143,58.08,1064, 12364, 61.38,-2.02
DYNPRO, EQ, 19-Mar-2025,259.25,257.65,276.45,257.65,272.65,274.45,269.9,40794,110.1,1496, 28889, 70.82,5.86
DYNPRO, EQ, 19-Apr-2021,462.85,451.0,456.25,444.0,452.4,448.85,450.22,49986,225.05,2757, 21349, 42.71,-3.02
DYNPRO, EQ, 19-Apr-2022,650.1,650.25,674.9,650.0,657.0,658.25,661.82,74731,494.59,6986, 31672, 42.38,1.25
DYNPRO, EQ, 19-Apr-2023,303.5,306.55,307.4,302.0, 302.10,303.15,304.89,53212,162.24,1398, 41253, 77.53,-0.12
DYNPRO, EQ, 19-Apr-2024,278.75,276.9,288.0,270.0, 282.10,282.95,280.6,34577,97.02,2088, 14878, 43.03,1.51
DYNPRO, EQ, 19-May-2020,105.95,105.95,106.0,96.55,99.4,99.4,100.56,47027,47.29,1362, 28692, 61.01,-6.18
DYNPRO, EQ, 19-May-2021,505.9,510.0,519.0,494.2, 497.00,496.55,503.49,25539,128.59,1500, 16010, 62.69,-1.85
DYNPRO, EQ, 19-May-2022,500.95,482.0,503.9,474.55,502.95,499.25,493.32,17279,85.24,2059, 8535, 49.40,-0.34
DYNPRO, EQ, 19-May-2023,313.7,315.0,318.3,310.0,312.5,315.45,313.32,24776,77.63,3397, 10099, 40.76,0.56
DYNPRO, EQ, 19-Jun-2020,121.8,122.0,123.35,120.1, 121.75,121.55,121.45,17253,20.95,610, 8770, 50.83,-0.21
DYNPRO, EQ, 19-Jun-2023,341.5,344.8,344.8,327.55, 331.10,330.15,334.35,53700,179.55,5153, 36822, 68.57,-3.32
DYNPRO, EQ, 19-Jun-2024,265.85,269.85,291.85,266.0,285.0,284.25,279.94,152097,425.78,6603, 71294, 46.87,6.92
DYNPRO, EQ, 19-Jul-2021,523.2,518.0,524.9,504.25, 519.00,512.2,513.22,55947,287.13,3209, 37158, 66.42,-2.1
DYNPRO, EQ, 19-Jul-2022,441.0,447.55,470.0,441.95, 463.15,463.45,460.99,35626,164.23,2953, 22129, 62.11,5.09
DYNPRO, EQ, 19-Jul-2023,271.65,272.5,277.0,265.0, 276.45,275.3,271.14,63815,173.03,5630, 31226, 48.93,1.34
DYNPRO, EQ, 19-Aug-2020,214.85,215.55,222.6,215.0,215.95,217.3,218.89,402960,882.05,5815, 118325, 29.36,1.14
DYNPRO, EQ, 18-Aug-2021,547.2,549.1,557.1,532.0, 536.75,534.55,541.21,29055,157.25,2644, 17480, 60.16,-2.31
DYNPRO, EQ, 19-Aug-2022,372.55,371.8,380.05,346.0, 353.00,350.05,358.17,131488,470.95,7333, 75422, 57.36,-6.04
DYNPRO, EQ, 19-Sep-2022,302.8,300.1,303.75,286.95, 296.65,295.35,295.68,92291,272.89,5606, 48237, 52.27,-2.46
DYNPRO, EQ, 19-Oct-2020,239.35,242.9,254.5,235.45, 251.90,250.6,244.99,203793,499.27,7054, 68414, 33.57,4.7
DYNPRO, EQ, 19-Oct-2021,674.05,668.0,690.0,640.55,644.0,644.65,664.89,143833,956.33,6515, 26706, 18.57,-4.36
DYNPRO, EQ, 19-Oct-2022,351.9,355.05,357.25,349.0, 353.00,350.95,352.86,8998,31.75,930, 4735, 52.62,-0.27
DYNPRO, EQ, 19-Oct-2023,324.35,323.95,327.9,318.6,319.0,320.35,321.48,19492,62.66,1020, 13255, 68.00,-1.23
DYNPRO, EQ, 19-Nov-2020,244.45,243.05,246.0,239.0, 241.00,240.95,242.44,66534,161.3,1592, 32504, 48.85,-1.43
DYNPRO, EQ, 19-Dec-2022,340.45,336.5,341.45,328.5,330.0,329.6,333.07,19796,65.93,1082, 14186, 71.66,-3.19
DYNPRO, EQ, 19-Dec-2023,310.25,314.1,314.8,303.8, 306.60,306.9,309.01,36668,113.31,2038, 18331, 49.99,-1.08
DYNPRO, EQ, 19-Dec-2024,422.2,422.15,422.15,407.1,413.1,413.85,414.69,8551,35.46,758, 5502, 64.34,-1.98
DYNPRO, EQ, 20-Jan-2020,152.7,156.5,157.8,150.45, 157.70,154.35,153.3,5218,8.0,299, 3764, 72.13,1.08
DYNPRO, EQ, 20-Jan-2021,262.0,261.55,265.0,261.0, 262.10,262.75,263.03,32049,84.3,973, 18539, 57.85,0.29
DYNPRO, EQ, 20-Jan-2022,604.45,611.1,614.0,596.35, 600.05,599.55,603.14,36355,219.27,2460, 22702, 62.45,-0.81
DYNPRO, EQ, 20-Jan-2023,291.8,293.0,300.45,286.0,286.3,287.15,291.16,13388,38.98,762, 8456, 63.16,-1.59
DYNPRO, EQ, 20-Jan-2025,350.3,350.3,367.8,350.3,367.8,367.8,363.49,13012,47.3,432, 11374, 87.41,5.0
DYNPRO, EQ, 20-Feb-2020,154.55,156.0,158.2,150.15, 151.30,152.5,155.48,16353,25.43,919, 7631, 46.66,-1.33
DYNPRO, EQ, 20-Feb-2023,279.25,280.0,289.3,276.35, 280.00,281.5,282.47,24249,68.5,2215, 9989, 41.19,0.81
DYNPRO, EQ, 20-Feb-2024,283.25,287.5,307.2,280.8, 299.85,301.35,297.0,259992,772.18,10899, 142909, 54.97,6.39
DYNPRO, EQ, 20-Feb-2025,292.3,292.05,314.95,274.1,290.0,288.25,294.83,33381,98.42,1869, 14962, 44.82,-1.39
DYNPRO, EQ, 20-Mar-2020,89.2,94.0,100.1,90.0, 96.00,99.3,96.07,33803,32.47,595, 28431, 84.11,11.32
DYNPRO, EQ, 20-Mar-2023,266.6,267.15,267.15,254.0,259.0,259.95,259.27,46322,120.1,2542, 31392, 67.77,-2.49
DYNPRO, EQ, 20-Mar-2024,286.35,282.05,289.0,274.0, 274.60,276.25,280.71,27585,77.43,1266, 17882, 64.83,-3.53
DYNPRO, EQ, 20-Mar-2025,274.45,273.5,301.85,270.3,301.85,301.85,290.34,32627,94.73,1528, 24383, 74.73,9.98
DYNPRO, EQ, 20-Apr-2020,119.1,123.0,123.95,111.4, 114.90,114.6,115.99,24674,28.62,982, 16235, 65.80,-3.78
DYNPRO, EQ, 20-Apr-2021,448.85,452.5,469.0,442.0,442.9,442.9,452.76,48187,218.17,3225, 17622, 36.57,-1.33
DYNPRO, EQ, 20-Apr-2022,658.25,664.9,672.3,607.65, 612.20,612.95,632.48,80713,510.5,6718, 42276, 52.38,-6.88
DYNPRO, EQ, 20-Apr-2023,303.15,303.15,331.0,303.0, 325.00,321.4,323.92,153656,497.72,9103, 62397, 40.61,6.02
DYNPRO, EQ, 20-May-2020,99.4,99.6,100.0,97.95, 98.40,98.7,98.91,15925,15.75,385, 11041, 69.33,-0.7
DYNPRO, EQ, 20-May-2021,496.55,507.0,512.15,497.5, 499.00,499.1,502.58,14973,75.25,1122, 9036, 60.35,0.51
DYNPRO, EQ, 20-May-2022,499.25,506.65,525.95,506.0, 514.80,516.2,517.71,28288,146.45,2249, 10316, 36.47,3.4
DYNPRO, EQ, 18-May-2024,264.95,269.95,274.9,263.0,265.05,264.65,266.23,6034,16.06,210, 5052, 83.73,-0.11
DYNPRO, EQ, 20-Jun-2022,412.95,428.8,428.8,362.35,363.0,368.55,382.6,56627,216.66,4242, 34873, 61.58,-10.75
DYNPRO, EQ, 20-Jun-2023,330.15,334.95,343.8,330.0, 338.50,334.45,336.02,29929,100.57,5673, 11018, 36.81,1.3
DYNPRO, EQ, 20-Jun-2024,284.25,286.45,300.0,281.5,282.15,284.35,288.56,70140,202.4,4312, 34911, 49.77,0.04
DYNPRO, EQ, 20-Jul-2020,176.0,185.0,197.0,183.7, 192.00,191.95,192.13,420551,808.01,10804, 183417, 43.61,9.06
DYNPRO, EQ, 20-Jul-2021,512.2,524.7,524.7,498.0, 508.20,508.45,507.43,51432,260.98,3425, 31474, 61.20,-0.73
DYNPRO, EQ, 20-Jul-2022,463.45,468.3,479.95,457.0, 467.80,472.2,470.62,36252,170.61,3474, 20153, 55.59,1.89
DYNPRO, EQ, 20-Jul-2023,275.3,275.95,279.15,270.15,278.0,276.8,275.41,14998,41.31,1684, 8092, 53.95,0.54
DYNPRO, EQ, 20-Aug-2020,217.3,213.0,216.7,209.0,210.0,209.95,212.64,163874,348.46,2949, 60796, 37.10,-3.38
DYNPRO, EQ, 20-Aug-2021,534.55,538.8,544.0,517.0,522.25,523.0,526.1,77644,408.49,4479, 54461, 70.14,-2.16
DYNPRO, EQ, 20-Sep-2021,543.6,537.0,552.5,525.25, 526.00,529.35,538.27,39639,213.37,3316, 22003, 55.51,-2.62
DYNPRO, EQ, 20-Sep-2022,295.35,296.7,306.0,293.45, 296.10,296.55,300.3,30790,92.46,2219, 16338, 53.06,0.41
DYNPRO, EQ, 20-Sep-2023,350.25,350.0,364.9,346.4, 357.55,361.6,357.36,28252,100.96,2416, 16660, 58.97,3.24
DYNPRO, EQ, 20-Oct-2020,250.6,247.5,260.35,247.0, 250.00,249.7,253.48,130701,331.3,4598, 32750, 25.06,-0.36
DYNPRO, EQ, 20-Oct-2021,644.65,638.1,649.95,621.2, 621.30,627.35,631.7,87678,553.86,5849, 47560, 54.24,-2.68
DYNPRO, EQ, 20-Oct-2022,350.95,356.15,369.9,347.15,360.0,356.5,359.44,30463,109.5,2140, 12040, 39.52,1.58
DYNPRO, EQ, 20-Oct-2023,320.35,321.0,324.85,315.0, 315.60,316.5,319.41,18418,58.83,1405, 11791, 64.02,-1.2
DYNPRO, EQ, 20-Nov-2020,240.95,241.95,247.7,239.0,240.3,240.4,242.85,34804,84.52,1005, 20815, 59.81,-0.23
DYNPRO, EQ, 20-Nov-2023,275.2,279.75,279.75,270.0, 270.00,271.0,273.96,23031,63.1,1653, 15392, 66.83,-1.53
DYNPRO, EQ, 20-Dec-2021,613.4,602.0,611.2,585.85,605.0,604.15,600.49,62836,377.33,3683, 45919, 73.08,-1.51
DYNPRO, EQ, 20-Dec-2022,329.6,329.6,348.25,324.7,325.6,326.1,328.21,15666,51.42,956, 10377, 66.24,-1.06
DYNPRO, EQ, 20-Dec-2023,306.9,309.7,311.85,287.0, 297.95,293.75,297.99,39034,116.32,2528, 18922, 48.48,-4.28
DYNPRO, EQ, 20-Dec-2024,413.85,413.05,434.5,410.4,434.0,426.75,427.68,21408,91.56,743, 15883, 74.19,3.12
DYNPRO, EQ, 21-Jan-2020,154.35,150.1,157.0,150.1, 155.95,155.3,154.89,14556,22.55,329, 11635, 79.93,0.62
DYNPRO, EQ, 21-Jan-2021,262.75,264.5,269.95,251.35, 259.50,256.55,262.89,61688,162.17,1827, 33484, 54.28,-2.36
DYNPRO, EQ, 21-Jan-2022,599.55,590.0,615.0,590.0, 600.00,600.3,602.52,30894,186.14,2104, 19163, 62.03,0.13
DYNPRO, EQ, 21-Jan-2025,367.8,383.95,383.95,356.4,356.4,358.75,365.21,5693,20.79,775, 2634, 46.27,-2.46
DYNPRO, EQ, 21-Feb-2022,545.05,545.0,556.0,532.3, 550.00,543.7,546.3,61126,333.93,2021, 45992, 75.24,-0.25
DYNPRO, EQ, 21-Feb-2023,281.5,280.05,285.9,274.05, 277.90,277.85,279.71,13634,38.14,1208, 7767, 56.97,-1.3
DYNPRO, EQ, 21-Feb-2024,301.35,302.35,314.9,295.6, 311.30,312.05,307.9,165002,508.05,9461, 90810, 55.04,3.55
DYNPRO, EQ, 21-Feb-2025,288.25,289.1,291.95,282.05,283.05,284.8,286.45,14092,40.37,850, 8855, 62.84,-1.2
DYNPRO, EQ, 21-Mar-2022,654.5,665.0,674.4,643.3,649.5,650.05,658.62,44706,294.44,4010, 19873, 44.45,-0.68
DYNPRO, EQ, 21-Mar-2023,259.95,260.25,264.0,255.0, 256.00,256.55,257.5,36601,94.25,1456, 24711, 67.51,-1.31
DYNPRO, EQ, 21-Mar-2024,276.25,279.0,283.0,272.8,275.1,276.05,277.61,19879,55.19,996, 12503, 62.90,-0.07
DYNPRO, EQ, 21-Mar-2025,301.85,315.0,325.95,284.1,292.9,292.8,298.48,77766,232.12,3905, 40822, 52.49,-3.0
DYNPRO, EQ, 21-Apr-2020,114.6,114.85,115.6,110.25,115.0,113.05,112.92,3649,4.12,242, 2875, 78.79,-1.35
DYNPRO, EQ, 21-Apr-2022,612.95,614.9,631.6,613.8, 616.00,618.45,621.94,34114,212.17,3668, 14933, 43.77,0.9
DYNPRO, EQ, 21-Apr-2023,321.4,323.45,333.7,320.55, 329.50,329.6,328.73,59782,196.52,5208, 23211, 38.83,2.55
DYNPRO, EQ, 21-Apr-2025,291.0,291.8,298.7,285.55,289.2,290.15,290.74,51260,149.03,4824, 24743, 48.27,-0.29
DYNPRO, EQ, 21-May-2020,98.7,99.0,102.9,98.6,100.0,99.05,100.89,11595,11.7,364, 5918, 51.04,0.35
DYNPRO, EQ, 21-May-2021,499.1,500.15,509.9,496.65, 503.10,501.35,502.9,18982,95.46,1613, 11696, 61.62,0.45
DYNPRO, EQ, 21-May-2024,264.65,263.65,267.95,262.0,264.25,264.3,264.39,28300,74.82,1097, 17396, 61.47,-0.13
DYNPRO, EQ, 21-Jun-2021,480.85,478.0,501.0,472.2, 490.00,489.25,492.44,48366,238.18,3693, 31171, 64.45,1.75
DYNPRO, EQ, 21-Jun-2022,368.55,366.5,385.0,366.0,375.9,371.95,376.58,31733,119.5,3149, 18517, 58.35,0.92
DYNPRO, EQ, 21-Jun-2023,334.45,336.35,339.15,330.45, 331.00,331.4,334.75,28202,94.41,4228, 12797, 45.38,-0.91
DYNPRO, EQ, 21-Jun-2024,284.35,285.15,287.8,277.4,280.15,279.65,281.03,42251,118.74,2453, 25618, 60.63,-1.65
DYNPRO, EQ, 21-Jul-2020,191.95,196.65,199.0,188.0, 192.50,192.35,194.1,168650,327.36,3849, 81655, 48.42,0.21
DYNPRO, EQ, 21-Jul-2022,472.2,471.0,483.2,468.65,475.5,476.85,476.24,12126,57.75,1295, 6400, 52.78,0.98
DYNPRO, EQ, 21-Jul-2023,276.8,279.8,283.85,271.15, 273.00,273.5,277.83,22181,61.63,2997, 11933, 53.80,-1.19
DYNPRO, EQ, 21-Aug-2020,209.95,212.0,214.65,208.0, 209.95,210.0,211.3,131476,277.81,2829, 61617, 46.87,0.02
DYNPRO, EQ, 21-Aug-2023,332.3,332.3,332.3,319.1, 323.50,321.75,323.06,60314,194.85,3860, 37243, 61.75,-3.17
DYNPRO, EQ, 21-Sep-2020,229.3,240.0,263.9,235.35, 241.05,242.45,250.16,920445,2302.62,25654, 280188, 30.44,5.73
DYNPRO, EQ, 21-Sep-2021,529.35,525.0,538.4,522.0, 533.00,531.35,529.11,49668,262.8,4442, 22432, 45.16,0.38
DYNPRO, EQ, 21-Sep-2022,296.55,299.9,305.95,293.9, 305.00,303.55,300.95,45729,137.62,3307, 25916, 56.67,2.36
DYNPRO, EQ, 21-Sep-2023,361.6,362.9,364.4,351.95, 360.25,355.1,358.02,19409,69.49,2516, 7887, 40.64,-1.8
DYNPRO, EQ, 21-Oct-2020,249.7,247.0,254.85,239.5, 244.55,244.65,247.57,80190,198.53,2763, 31405, 39.16,-2.02
DYNPRO, EQ, 21-Oct-2021,627.35,633.4,688.95,627.95, 650.00,646.1,661.23,96182,635.98,10342, 31472, 32.72,2.99
DYNPRO, EQ, 21-Oct-2022,356.5,357.3,359.0,349.5,355.95,352.75,352.91,27041,95.43,1057, 19950, 73.78,-1.05
DYNPRO, EQ, 21-Nov-2022,389.9,382.25,415.0,382.25, 405.35,407.55,400.38,37930,151.86,1996, 25515, 67.27,4.53
DYNPRO, EQ, 21-Nov-2023,271.0,268.55,275.95,268.55, 275.50,275.45,274.31,19389,53.19,1464, 13637, 70.33,1.64
DYNPRO, EQ, 21-Dec-2020,227.65,230.0,235.0,211.2, 215.45,218.95,226.63,137501,311.62,3772, 80781, 58.75,-3.82
DYNPRO, EQ, 21-Dec-2021,604.15,619.85,624.25,599.75,600.0,603.2,606.99,43075,261.46,2233, 30011, 69.67,-0.16
DYNPRO, EQ, 21-Dec-2022,326.1,324.0,333.95,294.95, 311.30,313.45,317.4,29928,94.99,1883, 16956, 56.66,-3.88
DYNPRO, EQ, 21-Dec-2023,293.75,292.75,310.0,292.75, 300.00,297.75,298.05,17131,51.06,1798, 5790, 33.80,1.36
DYNPRO, EQ, 22-Jan-2020,155.3,158.45,161.55,154.05, 158.00,157.55,157.67,25379,40.02,591, 19557, 77.06,1.45
DYNPRO, EQ, 22-Jan-2021,256.55,257.9,260.65,253.0, 256.00,254.45,256.2,60392,154.72,2343, 34392, 56.95,-0.82
DYNPRO, EQ, 20-Jan-2024,272.9,275.7,277.9,269.3, 270.00,270.7,273.51,22383,61.22,962, 17580, 78.54,-0.81
DYNPRO, EQ, 22-Jan-2025,358.75,363.9,363.9,346.45,348.0,347.95,351.65,4239,14.91,436, 2449, 57.77,-3.01
DYNPRO, EQ, 22-Feb-2021,371.7,370.1,378.0,367.0,370.3,372.0,371.93,31449,116.97,1567, 20363, 64.75,0.08
DYNPRO, EQ, 22-Feb-2022,543.7,543.5,544.6,515.0,538.0,526.9,530.28,48931,259.47,3851, 26976, 55.13,-3.09
DYNPRO, EQ, 22-Feb-2023,277.85,280.25,294.8,276.8, 289.00,290.2,288.16,42719,123.1,2748, 24787, 58.02,4.44
DYNPRO, EQ, 22-Feb-2024,312.05,308.0,325.0,306.35, 324.00,317.6,315.44,115750,365.12,7395, 60545, 52.31,1.78
DYNPRO, EQ, 22-Mar-2021,475.75,477.0,495.0,477.0,485.05,487.8,488.55,34424,168.18,1891, 19559, 56.82,2.53
DYNPRO, EQ, 22-Mar-2022,650.05,658.0,658.0,630.1, 643.60,646.55,641.24,24224,155.33,2162, 11240, 46.40,-0.54
DYNPRO, EQ, 22-Mar-2023,256.55,256.1,263.35,248.7, 252.10,252.5,255.83,33781,86.42,2171, 19166, 56.74,-1.58
DYNPRO, EQ, 22-Mar-2024,276.05,272.5,281.8,269.6,277.6,275.55,274.8,41968,115.33,1382, 26663, 63.53,-0.18
DYNPRO, EQ, 22-Apr-2020,113.05,119.85,119.85,111.0,114.3,113.5,112.84,4972,5.61,373, 3415, 68.68,0.4
DYNPRO, EQ, 22-Apr-2021,442.9,443.0,510.0,438.6,480.0,481.1,482.8,241731,1167.08,12757, 68638, 28.39,8.62
DYNPRO, EQ, 22-Apr-2022,618.45,624.0,638.0,592.35, 602.00,601.35,610.96,98170,599.78,9240, 46001, 46.86,-2.76
DYNPRO, EQ, 22-Apr-2024,282.95,284.5,287.15,282.6,284.45,284.0,284.98,10069,28.69,874, 5303, 52.67,0.37
DYNPRO, EQ, 22-Apr-2025,290.15,290.0,294.5,286.5,289.05,290.15,289.98,25765,74.71,1148, 18751, 72.78,0.0
DYNPRO, EQ, 22-May-2020,99.05,98.3,114.8,98.25,111.0,111.2,109.72,165525,181.61,2946, 78483, 47.41,12.27
DYNPRO, EQ, 22-May-2023,315.45,315.95,319.7,313.25,316.1,317.45,316.49,25839,81.78,3350, 12843, 49.70,0.63
DYNPRO, EQ, 22-May-2024,264.3,264.3,273.95,262.4,268.0,265.5,267.0,26296,70.21,1394, 11220, 42.67,0.45
DYNPRO, EQ, 22-Jun-2020,121.55,122.55,126.0,121.7, 124.75,123.8,123.92,35661,44.19,884, 20640, 57.88,1.85
DYNPRO, EQ, 22-Jun-2021,489.25,497.5,501.0,486.0, 486.00,489.05,493.69,24660,121.74,1830, 16907, 68.56,-0.04
DYNPRO, EQ, 22-Jun-2022,371.95,383.0,384.0,371.95,378.0,376.55,375.76,12788,48.05,1007, 8682, 67.89,1.24
DYNPRO, EQ, 22-Jun-2023,331.4,333.25,337.35,316.35,322.8,321.8,324.02,62762,203.36,5812, 32736, 52.16,-2.9
DYNPRO, EQ, 22-Jul-2020,192.35,197.5,197.5,182.25, 186.70,186.4,189.34,70607,133.69,2334, 42362, 60.00,-3.09
DYNPRO, EQ, 22-Jul-2021,508.45,510.0,523.2,502.35, 515.00,511.05,512.95,43246,221.83,2782, 25567, 59.12,0.51
DYNPRO, EQ, 22-Jul-2022,476.85,483.95,494.95,468.05, 481.25,485.8,482.15,24033,115.87,2483, 13788, 57.37,1.88
DYNPRO, EQ, 22-Aug-2022,350.05,352.7,352.7,330.1, 332.00,332.1,336.52,90928,305.99,5377, 55555, 61.10,-5.13
DYNPRO, EQ, 22-Aug-2023,321.75,324.8,374.85,323.5, 351.00,354.2,357.46,448307,1602.51,20401, 122959, 27.43,10.09
DYNPRO, EQ, 22-Sep-2020,242.45,244.6,266.85,229.0, 258.00,258.15,251.35,860115,2161.92,23950, 193361, 22.48,6.48
DYNPRO, EQ, 22-Sep-2021,531.35,528.15,544.0,525.05, 528.90,530.1,534.05,45771,244.44,3074, 26508, 57.91,-0.24
DYNPRO, EQ, 22-Sep-2022,303.55,303.55,303.55,296.0, 302.95,298.7,298.57,15492,46.25,1209, 8350, 53.90,-1.6
DYNPRO, EQ, 22-Sep-2023,355.1,355.0,360.95,346.85, 350.00,351.65,354.63,15691,55.64,1802, 8659, 55.18,-0.97
DYNPRO, EQ, 22-Oct-2020,244.65,243.1,248.0,238.0, 239.00,239.8,240.84,92217,222.09,3643, 37894, 41.09,-1.98
DYNPRO, EQ, 22-Oct-2021,646.1,648.0,668.05,631.1, 640.00,639.45,651.33,44018,286.7,4678, 17128, 38.91,-1.03
DYNPRO, EQ, 22-Nov-2021,553.2,550.1,552.0,527.65,535.0,534.15,534.78,80035,428.01,4888, 49425, 61.75,-3.44
DYNPRO, EQ, 22-Nov-2022,407.55,413.0,419.0,400.0, 410.00,403.7,409.57,25012,102.44,1830, 12860, 51.42,-0.94
DYNPRO, EQ, 22-Nov-2023,275.45,273.0,277.5,268.6, 271.50,270.5,272.47,20704,56.41,1760, 12068, 58.29,-1.8
DYNPRO, EQ, 22-Dec-2020,218.95,216.0,226.5,202.95, 225.95,225.05,218.35,105019,229.31,3195, 41369, 39.39,2.79
DYNPRO, EQ, 22-Dec-2021,603.2,600.0,626.6,600.0, 618.00,614.6,613.33,30189,185.16,2494, 15822, 52.41,1.89
DYNPRO, EQ, 22-Dec-2022,313.45,317.1,317.2,301.6, 310.00,310.65,308.9,12335,38.1,1265, 6664, 54.03,-0.89
DYNPRO, EQ, 22-Dec-2023,297.75,295.0,305.1,295.0, 302.00,300.55,300.72,16245,48.85,1114, 8806, 54.21,0.94
DYNPRO, EQ, 23-Jan-2020,157.55,159.95,161.0,156.0, 158.45,158.2,158.66,3970,6.3,262, 2681, 67.53,0.41
DYNPRO, EQ, 23-Jan-2023,287.15,288.0,294.7,271.9,272.0,274.15,281.12,30082,84.57,2011, 21477, 71.39,-4.53
DYNPRO, EQ, 23-Jan-2024,270.7,274.4,274.4,265.35, 267.00,266.7,270.01,26234,70.83,1825, 15297, 58.31,-1.48
DYNPRO, EQ, 23-Jan-2025,347.95,350.85,355.0,338.55,338.6,340.8,342.13,11057,37.83,948, 8803, 79.61,-2.05
DYNPRO, EQ, 23-Feb-2021,372.0,373.8,393.6,366.35, 370.50,371.55,375.03,50407,189.04,2114, 20082, 39.84,-0.12
DYNPRO, EQ, 23-Feb-2022,526.9,531.5,556.1,530.6,556.1,552.65,549.51,37447,205.77,2405, 20354, 54.35,4.89
DYNPRO, EQ, 23-Feb-2023,290.2,289.6,290.95,280.0,280.0,282.9,284.99,11923,33.98,1009, 4327, 36.29,-2.52
DYNPRO, EQ, 23-Feb-2024,317.6,317.6,324.0,312.5, 312.50,316.6,318.28,61475,195.66,4425, 29908, 48.65,-0.31
DYNPRO, EQ, 23-Mar-2020,99.3,81.5,97.5,81.0, 91.25,90.2,88.54,10867,9.62,479, 7337, 67.52,-9.16
DYNPRO, EQ, 23-Mar-2021,487.8,487.8,494.5,481.4, 484.90,485.05,488.03,17835,87.04,994, 9697, 54.37,-0.56
DYNPRO, EQ, 23-Mar-2022,646.55,646.55,652.7,625.1, 629.00,628.05,634.98,24611,156.27,1936, 13147, 53.42,-2.86
DYNPRO, EQ, 23-Mar-2023,252.5,252.0,269.2,248.95, 264.10,264.35,260.75,51510,134.31,2969, 29041, 56.38,4.69
DYNPRO, EQ, 23-Apr-2020,113.5,114.85,128.0,111.65,115.0,114.7,120.71,155547,187.77,3745, 38838, 24.97,1.06
DYNPRO, EQ, 23-Apr-2021,481.1,477.9,509.0,474.2,497.0,496.65,496.56,190359,945.25,16491, 55588, 29.20,3.23
DYNPRO, EQ, 23-Apr-2024,284.0,284.0,294.05,279.5,289.0,290.95,288.31,33241,95.84,1401, 20345, 61.20,2.45
DYNPRO, EQ, 23-Apr-2025,290.15,287.05,294.2,283.95,284.0,285.1,286.75,39194,112.39,1318, 28002, 71.44,-1.74
DYNPRO, EQ, 23-May-2022,516.2,523.4,529.25,505.75,517.0,513.95,519.15,12800,66.45,1291, 6605, 51.60,-0.44
DYNPRO, EQ, 23-May-2023,317.45,318.35,345.35,313.8, 329.85,330.05,334.5,93340,312.23,5976, 43520, 46.63,3.97
DYNPRO, EQ, 23-May-2024,265.5,265.55,273.0,263.2,267.3,264.5,268.2,31407,84.23,1683, 16868, 53.71,-0.38
DYNPRO, EQ, 23-Jun-2020,123.8,125.75,129.5,124.75, 127.85,127.2,126.79,49559,62.84,1266, 30049, 60.63,2.75
DYNPRO, EQ, 23-Jun-2021,489.05,494.85,494.95,481.15, 484.90,484.05,487.12,13137,63.99,982, 8967, 68.26,-1.02
DYNPRO, EQ, 23-Jun-2022,376.55,388.6,390.0,374.55,390.0,385.85,383.24,15617,59.85,1810, 8425, 53.95,2.47
DYNPRO, EQ, 23-Jun-2023,321.8,323.95,329.7,318.4, 320.20,321.4,323.22,24180,78.15,4383, 9175, 37.94,-0.12
DYNPRO, EQ, 23-Jul-2020,186.4,187.25,194.8,186.5, 191.60,191.35,191.21,90754,173.53,2279, 48414, 53.35,2.66
DYNPRO, EQ, 23-Jul-2021,511.05,515.0,521.0,505.0,509.9,510.95,514.11,31257,160.69,2007, 17749, 56.78,-0.02
DYNPRO, EQ, 23-Aug-2021,523.0,526.1,548.35,480.15, 504.00,508.25,508.29,108959,553.83,7338, 52484, 48.17,-2.82
DYNPRO, EQ, 23-Aug-2022,332.1,337.75,350.0,325.9, 343.00,341.7,344.18,100983,347.56,4850, 66160, 65.52,2.89
DYNPRO, EQ, 23-Aug-2023,354.2,351.0,358.85,345.35, 347.10,346.85,351.73,71935,253.02,5219, 37091, 51.56,-2.08
DYNPRO, EQ, 23-Sep-2020,258.15,266.0,272.0,240.6, 248.05,247.3,255.32,373200,952.85,11063, 125032, 33.50,-4.2
DYNPRO, EQ, 23-Sep-2021,530.1,533.8,540.6,529.95, 533.10,533.55,535.7,32931,176.41,2172, 14593, 44.31,0.65
DYNPRO, EQ, 23-Sep-2022,298.7,299.9,299.9,285.0, 289.00,287.35,290.26,35133,101.98,2446, 20885, 59.45,-3.8
DYNPRO, EQ, 23-Oct-2020,239.8,241.05,248.5,236.3, 242.40,243.65,244.44,70509,172.35,2518, 25423, 36.06,1.61
DYNPRO, EQ, 23-Oct-2023,316.5,318.5,320.35,300.0, 301.30,302.6,308.61,27700,85.49,2362, 15633, 56.44,-4.39
DYNPRO, EQ, 23-Nov-2020,240.4,242.85,243.8,237.55, 239.20,238.45,240.55,33145,79.73,1101, 18718, 56.47,-0.81
DYNPRO, EQ, 23-Nov-2021,534.15,551.95,551.95,522.55,534.25,534.8,533.22,104063,554.89,5021, 47261, 45.42,0.12
DYNPRO, EQ, 23-Nov-2022,403.7,412.9,412.9,388.95,395.95,397.35,400.78,17982,72.07,1460, 10597, 58.93,-1.57
DYNPRO, EQ, 23-Nov-2023,270.5,270.55,275.4,269.7, 272.50,272.15,273.4,12786,34.96,774, 7311, 57.18,0.61
DYNPRO, EQ, 23-Dec-2020,225.05,225.15,233.25,225.15,232.5,231.3,230.06,61662,141.86,1490, 29760, 48.26,2.78
DYNPRO, EQ, 23-Dec-2021,614.6,619.75,674.0,619.75, 659.00,657.45,658.99,202610,1335.17,16176, 73098, 36.08,6.97
DYNPRO, EQ, 23-Dec-2022,310.65,303.45,306.95,287.6, 292.00,293.4,296.75,34441,102.2,2276, 20188, 58.62,-5.55
DYNPRO, EQ, 23-Dec-2024,426.75,438.0,438.0,407.0,411.8,412.3,422.17,14320,60.45,942, 7978, 55.71,-3.39
DYNPRO, EQ, 24-Jan-2020,158.2,158.5,158.5,155.35,156.5,156.75,156.71,8496,13.31,280, 6461, 76.05,-0.92
DYNPRO, EQ, 24-Jan-2022,600.3,607.7,607.7,575.0,584.0,582.45,594.36,97564,579.88,4290, 65339, 66.97,-2.97
DYNPRO, EQ, 24-Jan-2023,274.15,272.0,280.15,270.75,277.0,277.1,276.93,12283,34.02,920, 7657, 62.34,1.08
DYNPRO, EQ, 24-Jan-2024,266.7,266.75,272.0,266.1, 269.80,269.05,268.38,16572,44.48,725, 11665, 70.39,0.88
DYNPRO, EQ, 24-Jan-2025,340.8,344.3,344.3,325.0,325.0,328.35,333.69,16184,54.0,705, 13214, 81.65,-3.65
DYNPRO, EQ, 24-Feb-2020,152.5,153.5,154.0,151.0, 153.60,152.6,152.51,9065,13.82,421, 7211, 79.55,0.07
DYNPRO, EQ, 24-Feb-2021,371.55,366.2,383.8,366.2, 374.00,374.45,376.16,16252,61.13,1387, 9932, 61.11,0.78
DYNPRO, EQ, 24-Feb-2022,552.65,545.0,555.75,513.0, 517.00,521.8,534.82,77667,415.38,5452, 42254, 54.40,-5.58
DYNPRO, EQ, 24-Feb-2023,282.9,282.9,286.1,279.85, 280.00,282.05,282.44,12700,35.87,1309, 3668, 28.88,-0.3
DYNPRO, EQ, 24-Feb-2025,284.8,282.05,295.0,279.1,287.8,290.75,284.09,24558,69.77,685, 19224, 78.28,2.09
DYNPRO, EQ, 24-Mar-2020,90.2,94.95,94.95,88.05, 94.00,92.95,90.61,10113,9.16,227, 8567, 84.71,3.05
DYNPRO, EQ, 24-Mar-2021,485.05,485.0,489.5,465.8, 470.00,470.15,477.47,16675,79.62,1058, 9383, 56.27,-3.07
DYNPRO, EQ, 24-Mar-2022,628.05,621.3,636.4,615.5, 616.50,621.4,625.42,15982,99.95,1480, 7191, 44.99,-1.06
DYNPRO, EQ, 24-Mar-2023,264.35,263.4,288.8,258.25, 261.45,260.95,275.83,159896,441.04,9477, 43505, 27.21,-1.29
DYNPRO, EQ, 24-Mar-2025,292.8,290.0,297.3,284.8,285.0,285.5,288.87,37730,108.99,1999, 27129, 71.90,-2.49
DYNPRO, EQ, 24-Apr-2020,114.7,116.0,117.0,111.0,113.95,112.8,113.13,12822,14.51,812, 6321, 49.30,-1.66
DYNPRO, EQ, 24-Apr-2023,329.6,330.0,341.3,326.45, 340.90,339.6,335.78,37828,127.02,2715, 20283, 53.62,3.03
DYNPRO, EQ, 24-Apr-2024,290.95,289.15,304.4,289.15, 303.00,302.05,297.21,38204,113.55,1500, 26191, 68.56,3.82
DYNPRO, EQ, 24-Apr-2025,285.1,286.4,286.5,279.6,282.05,283.95,283.69,29820,84.6,2533, 18032, 60.47,-0.4
DYNPRO, EQ, 24-May-2021,501.35,512.0,580.0,505.05, 578.00,569.7,550.01,427838,2353.14,19813, 188214, 43.99,13.63
DYNPRO, EQ, 24-May-2022,513.95,506.25,517.1,496.8,504.0,504.4,507.54,14035,71.23,1162, 7939, 56.57,-1.86
DYNPRO, EQ, 24-May-2023,330.05,330.05,338.8,320.35, 320.65,325.65,331.67,48608,161.22,3810, 15482, 31.85,-1.33
DYNPRO, EQ, 24-May-2024,264.5,264.55,272.8,264.55,266.35,267.05,267.15,22196,59.3,940, 14916, 67.20,0.96
DYNPRO, EQ, 24-Jun-2020,127.2,128.0,131.0,124.25,125.5,125.3,128.01,45665,58.46,1124, 26012, 56.96,-1.49
DYNPRO, EQ, 24-Jun-2021,484.05,488.0,488.0,475.2, 482.00,482.05,482.02,16824,81.09,1748, 9527, 56.63,-0.41
DYNPRO, EQ, 24-Jun-2022,385.85,387.0,407.35,387.0, 397.35,398.2,399.48,19275,77.0,1692, 12264, 63.63,3.2
DYNPRO, EQ, 24-Jun-2024,279.65,279.6,286.8,273.95,286.0,284.9,282.34,25745,72.69,1759, 16547, 64.27,1.88
DYNPRO, EQ, 24-Jul-2020,191.35,189.85,193.0,178.15,183.7,182.15,185.06,105143,194.58,2814, 55019, 52.33,-4.81
DYNPRO, EQ, 24-Jul-2023,273.5,278.95,290.9,278.0, 281.00,281.15,285.25,55185,157.41,4908, 31831, 57.68,2.8
DYNPRO, EQ, 24-Aug-2020,210.0,208.3,220.0,201.65,214.0,213.8,211.42,428420,905.79,8098, 147208, 34.36,1.81
DYNPRO, EQ, 24-Aug-2021,508.25,524.0,544.0,509.1, 537.00,536.75,525.9,60009,315.59,3579, 28697, 47.82,5.61
DYNPRO, EQ, 24-Aug-2022,341.7,341.7,346.0,326.5,343.0,343.7,339.3,61665,209.23,3421, 37895, 61.45,0.59
DYNPRO, EQ, 24-Aug-2023,346.85,347.8,364.8,342.45, 361.75,361.35,355.85,105664,376.01,8262, 52706, 49.88,4.18
DYNPRO, EQ, 24-Sep-2020,247.3,239.7,283.8,239.55, 269.00,273.75,267.58,1018530,2725.43,24908, 242748, 23.83,10.7
DYNPRO, EQ, 24-Sep-2021,533.55,534.45,548.05,527.55, 539.50,536.3,538.06,38912,209.37,2773, 20843, 53.56,0.52
DYNPRO, EQ, 24-Nov-2020,238.45,239.9,248.0,237.7, 244.00,244.5,243.47,55421,134.94,1646, 26492, 47.80,2.54
DYNPRO, EQ, 24-Nov-2021,534.8,542.0,542.3,526.1, 526.15,529.5,533.74,53516,285.63,2466, 29966, 55.99,-0.99
DYNPRO, EQ, 24-Nov-2022,397.35,396.0,405.6,392.15, 392.60,394.55,396.85,11293,44.82,936, 8158, 72.24,-0.7
DYNPRO, EQ, 24-Nov-2023,272.15,272.2,276.15,270.4, 273.00,272.35,272.54,8899,24.25,639, 5108, 57.40,0.07
DYNPRO, EQ, 24-Dec-2020,231.3,234.6,238.0,229.9, 237.00,236.2,235.04,136251,320.25,2213, 90286, 66.26,2.12
DYNPRO, EQ, 24-Dec-2021,657.45,656.2,668.7,640.95, 651.60,647.3,654.23,61051,399.41,5298, 27394, 44.87,-1.54
DYNPRO, EQ, 24-Dec-2024,412.3,413.25,417.95,391.7,405.0,407.15,402.76,15527,62.54,1220, 9712, 62.55,-1.25
DYNPRO, EQ, 25-Jan-2021,254.45,255.55,259.1,246.0, 257.50,256.15,253.86,58320,148.05,1377, 31431, 53.89,0.67
DYNPRO, EQ, 25-Jan-2022,582.45,570.8,597.0,564.0,564.0,567.35,576.11,53747,309.64,4093, 30442, 56.64,-2.59
DYNPRO, EQ, 25-Jan-2023,277.1,278.15,278.15,261.55, 274.00,271.6,267.12,24115,64.42,1406, 13644, 56.58,-1.98
DYNPRO, EQ, 25-Jan-2024,269.05,269.1,285.0,267.35, 281.20,280.7,275.22,25668,70.64,1605, 12457, 48.53,4.33
DYNPRO, EQ, 25-Feb-2020,152.6,153.0,153.0,148.5, 152.50,151.0,150.21,11976,17.99,448, 9286, 77.54,-1.05
DYNPRO, EQ, 25-Feb-2021,374.45,376.55,381.1,366.35, 372.95,370.3,371.16,54764,203.26,1782, 27967, 51.07,-1.11
DYNPRO, EQ, 25-Feb-2022,521.8,528.0,593.65,528.0,576.6,582.85,568.13,97594,554.46,5718, 46312, 47.45,11.7
DYNPRO, EQ, 25-Feb-2025,290.75,280.05,292.8,280.05,285.95,285.6,289.12,23103,66.8,737, 18859, 81.63,-1.77
DYNPRO, EQ, 25-Mar-2020,92.95,93.9,111.0,90.05, 104.00,102.3,97.5,17173,16.74,448, 15211, 88.58,10.06
DYNPRO, EQ, 25-Mar-2021,470.15,470.25,474.5,459.65,470.0,467.55,464.75,23602,109.69,1382, 12801, 54.24,-0.55
DYNPRO, EQ, 25-Mar-2022,621.4,629.0,629.0,590.35,598.0,597.65,606.26,41883,253.92,3528, 18597, 44.40,-3.82
DYNPRO, EQ, 25-Mar-2025,285.5,285.5,289.95,278.0,284.4,285.65,285.36,19775,56.43,1433, 13124, 66.37,0.05
DYNPRO, EQ, 25-Apr-2022,601.35,588.0,614.45,587.9,598.0,596.7,599.4,88463,530.25,6066, 53278, 60.23,-0.77
DYNPRO, EQ, 25-Apr-2023,339.6,342.0,342.6,305.1,309.0,312.1,321.18,76865,246.87,5815, 50625, 65.86,-8.1
DYNPRO, EQ, 25-Apr-2024,302.05,300.0,310.0,297.5, 301.50,300.85,302.56,37987,114.93,2446, 22354, 58.85,-0.4
DYNPRO, EQ, 25-Apr-2025,283.95,286.2,286.2,270.0,270.0,270.35,273.15,34967,95.51,1651, 24546, 70.20,-4.79
DYNPRO, EQ, 25-May-2021,569.7,588.0,588.0,552.0, 559.00,556.85,566.24,113814,644.46,9488, 61373, 53.92,-2.26
DYNPRO, EQ, 25-May-2022,504.4,511.95,514.85,486.35, 486.35,492.7,497.13,10419,51.8,1222, 5162, 49.54,-2.32
DYNPRO, EQ, 25-May-2023,325.65,325.0,327.9,306.35, 315.00,315.0,314.37,71187,223.79,6417, 26995, 37.92,-3.27
DYNPRO, EQ, 25-Jun-2020,125.3,124.0,138.4,122.3, 134.00,133.1,132.39,114021,150.96,2171, 53660, 47.06,6.23
DYNPRO, EQ, 25-Jun-2021,482.05,491.9,491.9,476.1, 477.75,478.7,480.84,15745,75.71,1432, 9321, 59.20,-0.69
DYNPRO, EQ, 25-Jun-2024,284.9,285.8,285.8,277.7,279.0,279.1,281.52,14042,39.53,955, 9406, 66.98,-2.04
DYNPRO, EQ, 25-Jul-2022,485.8,492.0,492.0,464.3, 484.55,478.8,474.59,25765,122.28,2310, 15452, 59.97,-1.44
DYNPRO, EQ, 25-Jul-2023,281.15,284.0,291.5,279.1, 284.00,284.2,285.78,28713,82.06,3274, 17818, 62.06,1.08
DYNPRO, EQ, 25-Aug-2020,213.8,215.65,220.0,210.25, 212.00,212.1,215.93,281253,607.3,5209, 88186, 31.35,-0.8
DYNPRO, EQ, 25-Aug-2021,536.75,543.5,570.0,536.05, 569.95,565.5,559.69,117926,660.02,5706, 59467, 50.43,5.36
DYNPRO, EQ, 25-Aug-2022,343.7,348.65,348.65,332.0,336.5,336.05,340.52,34561,117.69,2306, 20645, 59.73,-2.23
DYNPRO, EQ, 25-Aug-2023,361.35,362.6,407.0,357.1, 396.00,398.0,387.76,447764,1736.26,22321, 163365, 36.48,10.14
DYNPRO, EQ, 25-Sep-2020,273.75,274.0,280.0,256.05, 260.00,260.3,266.9,351615,938.47,9490, 134579, 38.27,-4.91
DYNPRO, EQ, 25-Sep-2023,351.65,351.65,364.0,350.8, 361.00,362.25,358.78,10327,37.05,1399, 5908, 57.21,3.01
DYNPRO, EQ, 25-Oct-2021,639.45,644.6,644.8,605.55, 623.50,620.9,619.49,61376,380.22,5695, 25539, 41.61,-2.9
DYNPRO, EQ, 25-Oct-2022,373.5,375.0,375.0,358.65,364.75,361.85,366.94,10033,36.81,1062, 4577, 45.62,-3.12
DYNPRO, EQ, 25-Oct-2023,302.6,306.3,310.15,290.0,294.9,292.05,298.56,26830,80.1,1937, 16196, 60.37,-3.49
DYNPRO, EQ, 25-Nov-2020,244.5,245.0,245.9,236.5, 238.00,237.15,239.56,41846,100.25,1409, 27190, 64.98,-3.01
DYNPRO, EQ, 25-Nov-2021,529.5,535.15,539.5,532.8,535.0,534.7,534.96,69806,373.43,1509, 56353, 80.73,0.98
DYNPRO, EQ, 25-Nov-2022,394.55,399.95,400.45,383.1,389.0,386.9,390.56,18784,73.36,1153, 12978, 69.09,-1.94
DYNPRO, EQ, 26-Feb-2020,151.0,154.7,154.7,147.05, 150.00,148.15,148.83,5660,8.42,476, 3759, 66.41,-1.89
DYNPRO, EQ, 26-Feb-2021,370.3,368.8,408.0,360.5,402.2,398.5,390.19,168964,659.28,5108, 106191, 62.85,7.62
DYNPRO, EQ, 26-Feb-2024,316.6,316.05,316.05,303.0, 305.50,307.35,310.11,40337,125.09,2639, 24025, 59.56,-2.92
DYNPRO, EQ, 26-Mar-2020,102.3,104.05,122.75,100.0, 113.90,110.35,113.25,34973,39.61,1095, 23478, 67.13,7.87
DYNPRO, EQ, 26-Mar-2021,467.55,478.0,538.0,466.6,528.5,523.0,518.37,253364,1313.38,10458, 82737, 32.66,11.86
DYNPRO, EQ, 26-Mar-2024,275.55,275.55,278.25,264.8,264.9,266.4,268.43,86530,232.27,1933, 67754, 78.30,-3.32
DYNPRO, EQ, 26-Mar-2025,285.65,286.35,290.0,270.15,273.0,272.15,277.98,31022,86.23,2039, 18077, 58.27,-4.73
DYNPRO, EQ, 26-Apr-2021,496.65,496.0,507.0,469.0, 478.00,476.95,482.49,128049,617.83,8640, 65892, 51.46,-3.97
DYNPRO, EQ, 26-Apr-2022,596.7,598.15,653.65,598.1, 635.00,627.95,633.54,94981,601.74,8626, 32152, 33.85,5.24
DYNPRO, EQ, 26-Apr-2023,312.1,309.95,311.5,291.85, 300.00,301.6,302.18,58911,178.02,5045, 26962, 45.77,-3.36
DYNPRO, EQ, 26-Apr-2024,300.85,303.85,307.0,297.0, 306.50,304.4,301.33,15735,47.41,946, 10623, 67.51,1.18
DYNPRO, EQ, 26-May-2020,111.2,112.95,126.0,110.4, 115.10,115.9,119.13,594680,708.46,11330, 126977, 21.35,4.23
DYNPRO, EQ, 26-May-2021,556.85,562.9,583.0,548.0, 566.00,562.75,567.13,78187,443.42,6667, 38116, 48.75,1.06
DYNPRO, EQ, 26-May-2022,492.7,500.05,507.8,451.3,467.85,468.2,462.14,79048,365.31,4234, 45275, 57.28,-4.97
DYNPRO, EQ, 26-May-2023,315.0,319.0,319.0,309.05,313.0,310.9,312.94,16935,53.0,2268, 8085, 47.74,-1.3
DYNPRO, EQ, 26-Jun-2020,133.1,135.0,140.1,133.7, 139.00,138.8,136.67,74065,101.22,1502, 51014, 68.88,4.28
DYNPRO, EQ, 26-Jun-2023,321.4,325.9,329.05,317.55, 327.00,326.9,325.17,20075,65.28,2859, 10273, 51.17,1.71
DYNPRO, EQ, 26-Jun-2024,279.1,280.5,281.75,274.8,276.05,276.45,277.91,17039,47.35,826, 10469, 61.44,-0.95
DYNPRO, EQ, 26-Jul-2021,510.95,516.7,516.7,501.0,502.05,502.8,507.02,20649,104.69,1779, 14684, 71.11,-1.6
DYNPRO, EQ, 26-Jul-2022,478.8,483.0,483.0,462.1,465.0,464.5,469.23,6089,28.57,875, 3854, 63.29,-2.99
DYNPRO, EQ, 26-Jul-2023,284.2,284.2,299.0,284.0, 294.00,293.35,294.51,35270,103.87,3195, 20179, 57.21,3.22
DYNPRO, EQ, 26-Aug-2020,212.1,213.65,215.1,201.95, 202.00,204.65,206.57,267707,553.0,3675, 170548, 63.71,-3.51
DYNPRO, EQ, 26-Aug-2021,565.5,569.7,570.65,544.95, 552.00,548.5,553.09,44207,244.51,2330, 27140, 61.39,-3.01
DYNPRO, EQ, 26-Aug-2022,336.05,341.8,348.95,339.05,347.1,347.6,345.14,34296,118.37,2291, 20295, 59.18,3.44
DYNPRO, EQ, 26-Sep-2022,287.35,284.25,285.55,277.4,284.0,282.95,281.56,27922,78.62,1749, 17279, 61.88,-1.53
DYNPRO, EQ, 26-Sep-2023,362.25,364.3,364.95,346.35, 349.75,350.1,353.53,20459,72.33,1951, 10713, 52.36,-3.35
DYNPRO, EQ, 26-Oct-2020,243.65,245.9,245.9,234.35,238.0,237.2,238.32,54649,130.24,2334, 27599, 50.50,-2.65
DYNPRO, EQ, 26-Oct-2021,620.9,620.05,660.0,620.05, 639.90,637.95,643.07,93975,604.33,9948, 10821, 11.51,2.75
DYNPRO, EQ, 26-Oct-2023,292.05,295.0,309.0,288.0, 301.10,301.6,297.32,24724,73.51,1975, 15848, 64.10,3.27
DYNPRO, EQ, 26-Nov-2020,237.15,237.35,239.35,230.55, 235.00,234.8,235.5,52832,124.42,1183, 37944, 71.82,-0.99
DYNPRO, EQ, 26-Nov-2021,534.7,534.95,535.9,520.0, 521.00,522.3,528.59,46488,245.73,2933, 23865, 51.34,-2.32
DYNPRO, EQ, 26-Dec-2022,293.4,293.4,307.4,292.0,297.05,299.75,302.99,53419,161.85,1287, 46071, 86.24,2.16
DYNPRO, EQ, 26-Dec-2023,300.55,306.9,311.85,300.1, 305.00,305.55,305.26,57955,176.91,2365, 31846, 54.95,1.66
DYNPRO, EQ, 26-Dec-2024,407.15,403.3,410.35,400.0,403.6,403.55,403.75,5912,23.87,441, 3470, 58.69,-0.88
DYNPRO, EQ, 27-Jan-2020,156.75,150.1,160.7,150.1, 157.65,157.3,158.28,15081,23.87,444, 10189, 67.56,0.35
DYNPRO, EQ, 27-Jan-2021,256.15,256.35,272.4,251.0, 265.00,264.4,263.68,104582,275.76,2982, 60626, 57.97,3.22
DYNPRO, EQ, 27-Jan-2022,567.35,564.9,579.95,550.0, 575.10,572.1,563.85,37516,211.53,3732, 20795, 55.43,0.84
DYNPRO, EQ, 27-Jan-2023,271.6,283.25,283.25,260.7, 274.35,273.4,267.19,20192,53.95,1273, 12481, 61.81,0.66
DYNPRO, EQ, 27-Jan-2025,328.35,313.0,343.0,311.95,343.0,323.4,319.01,7279,23.22,593, 4011, 55.10,-1.51
DYNPRO, EQ, 27-Feb-2020,148.15,163.0,163.85,152.5, 155.00,155.15,158.21,47289,74.82,2001, 22128, 46.79,4.72
DYNPRO, EQ, 27-Feb-2023,282.05,274.75,280.8,271.0, 272.10,272.45,275.45,24541,67.6,3428, 9357, 38.13,-3.4
DYNPRO, EQ, 27-Feb-2024,307.35,306.0,308.95,299.0, 299.55,300.25,303.18,30783,93.33,3171, 18164, 59.01,-2.31
DYNPRO, EQ, 27-Feb-2025,285.6,286.1,290.0,280.35,281.95,283.55,285.04,12649,36.06,562, 9776, 77.29,-0.72
DYNPRO, EQ, 27-Mar-2020,110.35,113.85,120.95,110.0, 116.50,115.8,115.65,12344,14.28,429, 8356, 67.69,4.94
DYNPRO, EQ, 27-Mar-2023,260.95,263.95,263.95,251.2, 252.10,252.7,256.14,66049,169.18,2787, 45104, 68.29,-3.16
DYNPRO, EQ, 27-Mar-2024,266.4,266.4,270.0,260.0, 261.20,260.55,263.71,89612,236.31,2342, 71672, 79.98,-2.2
DYNPRO, EQ, 27-Mar-2025,272.15,280.0,280.0,260.0,264.0,263.1,268.02,34313,91.97,1809, 22326, 65.07,-3.33
DYNPRO, EQ, 27-Apr-2020,112.8,118.95,119.0,113.0, 115.75,114.95,114.7,8873,10.18,355, 6700, 75.51,1.91
DYNPRO, EQ, 27-Apr-2021,476.95,484.85,504.45,478.55,502.5,500.95,496.03,81742,405.47,7411, 33742, 41.28,5.03
DYNPRO, EQ, 27-Apr-2022,627.95,627.2,627.2,602.0,604.2,605.3,609.06,23486,143.04,2297, 12039, 51.26,-3.61
DYNPRO, EQ, 27-Apr-2023,301.6,302.6,333.0,295.1, 325.05,327.7,322.25,102779,331.21,9224, 45802, 44.56,8.65
DYNPRO, EQ, 27-May-2020,115.9,116.0,119.5,115.0,115.0,116.4,116.89,46614,54.49,974, 17335, 37.19,0.43
DYNPRO, EQ, 27-May-2021,562.75,574.0,574.0,547.25, 548.25,551.2,554.67,40111,222.48,2776, 23256, 57.98,-2.05
DYNPRO, EQ, 27-May-2022,468.2,472.9,483.25,455.45, 480.00,478.4,470.59,27575,129.77,2079, 11659, 42.28,2.18
DYNPRO, EQ, 27-May-2024,267.05,267.1,269.75,262.0,263.5,262.65,264.95,16787,44.48,1605, 9574, 57.03,-1.65
DYNPRO, EQ, 27-Jun-2022,398.2,402.0,426.7,402.0,415.9,414.45,414.89,26752,110.99,2769, 15499, 57.94,4.08
DYNPRO, EQ, 27-Jun-2023,326.9,328.05,334.25,327.0, 329.60,329.15,330.13,17183,56.73,2174, 7630, 44.40,0.69
DYNPRO, EQ, 27-Jun-2024,276.45,276.05,279.9,265.6,268.45,269.5,271.9,44464,120.9,1986, 28321, 63.69,-2.51
DYNPRO, EQ, 27-Jul-2020,182.15,183.9,218.0,179.05,216.0,214.35,205.8,1222770,2516.42,19888, 438978, 35.90,17.68
DYNPRO, EQ, 27-Jul-2021,502.8,514.7,514.7,493.65, 496.05,497.6,501.13,26246,131.53,2063, 17019, 64.84,-1.03
DYNPRO, EQ, 27-Jul-2022,464.5,483.0,484.0,451.25,452.3,456.25,459.36,27407,125.9,2092, 16230, 59.22,-1.78
DYNPRO, EQ, 27-Jul-2023,293.35,293.35,306.05,293.35, 304.50,301.9,301.12,31735,95.56,2830, 15227, 47.98,2.91
DYNPRO, EQ, 27-Aug-2020,204.65,206.45,217.45,205.95,214.0,211.65,211.64,269126,569.57,5436, 124376, 46.21,3.42
DYNPRO, EQ, 27-Aug-2021,548.5,541.3,559.05,540.0, 554.00,549.5,550.53,35269,194.17,1883, 18682, 52.97,0.18
DYNPRO, EQ, 27-Sep-2021,536.3,537.9,542.1,525.85, 530.00,528.95,533.09,26591,141.75,2421, 12435, 46.76,-1.37
DYNPRO, EQ, 27-Sep-2022,282.95,280.0,314.5,280.0,305.9,306.05,300.56,63580,191.1,3641, 29337, 46.14,8.16
DYNPRO, EQ, 27-Sep-2023,350.1,352.6,354.95,346.1, 347.05,347.5,349.66,15659,54.75,1858, 6232, 39.80,-0.74
DYNPRO, EQ, 27-Oct-2020,237.2,238.0,238.0,231.1, 232.45,232.35,233.72,58326,136.32,2647, 29750, 51.01,-2.04
DYNPRO, EQ, 27-Oct-2021,637.95,638.0,657.0,630.3, 647.00,645.8,647.54,80676,522.41,9748, 15112, 18.73,1.23
DYNPRO, EQ, 27-Oct-2022,361.85,364.75,367.9,356.0,356.6,358.95,361.1,8543,30.85,882, 5607, 65.63,-0.8
DYNPRO, EQ, 27-Oct-2023,301.6,303.35,319.0,303.35,309.0,312.3,311.69,28219,87.96,1465, 19203, 68.05,3.55
DYNPRO, EQ, 27-Nov-2020,234.8,236.7,240.15,235.25,237.0,237.1,237.8,22410,53.29,822, 12864, 57.40,0.98
DYNPRO, EQ, 27-Dec-2021,647.3,640.0,651.95,633.7, 636.00,636.65,639.13,28783,183.96,2336, 15327, 53.25,-1.65
DYNPRO, EQ, 27-Dec-2022,299.75,300.3,304.75,296.55,298.9,299.35,300.05,10955,32.87,587, 7967, 72.72,-0.13
DYNPRO, EQ, 27-Dec-2023,305.55,308.0,309.95,300.25, 302.05,302.55,303.36,26473,80.31,1841, 13642, 51.53,-0.98
DYNPRO, EQ, 27-Dec-2024,403.55,404.5,415.0,400.0,415.0,411.35,408.51,5407,22.09,223, 4554, 84.22,1.93
DYNPRO, EQ, 28-Jan-2020,157.3,162.0,162.0,156.3, 159.85,159.1,159.39,6200,9.88,353, 3772, 60.84,1.14
DYNPRO, EQ, 28-Jan-2021,264.4,266.0,272.0,259.55, 265.35,267.75,268.93,72205,194.18,7408, 42383, 58.70,1.27
DYNPRO, EQ, 28-Jan-2022,572.1,572.1,599.9,565.0, 569.90,569.05,583.32,44997,262.47,4610, 20258, 45.02,-0.53
DYNPRO, EQ, 28-Jan-2025,323.4,316.25,339.55,307.25,339.55,338.6,320.6,13197,42.31,325, 9818, 74.40,4.7
DYNPRO, EQ, 28-Feb-2020,155.15,154.35,156.15,149.0, 152.90,149.7,152.33,27502,41.89,786, 16867, 61.33,-3.51
DYNPRO, EQ, 28-Feb-2022,582.85,577.8,586.0,557.9, 558.10,563.6,568.12,29562,167.95,2357, 12299, 41.60,-3.3
DYNPRO, EQ, 28-Feb-2023,272.45,269.0,295.15,269.0, 292.00,291.6,287.98,50288,144.82,2823, 26269, 52.24,7.03
DYNPRO, EQ, 28-Feb-2024,300.25,300.3,302.45,290.55,296.2,298.6,297.0,22851,67.87,2238, 12138, 53.12,-0.55
DYNPRO, EQ, 28-Feb-2025,283.55,282.05,282.05,262.55,267.0,267.05,271.02,19132,51.85,937, 12986, 67.88,-5.82
DYNPRO, EQ, 28-Mar-2022,597.65,597.0,609.1,590.1, 591.10,595.2,600.77,20024,120.3,1677, 10861, 54.24,-0.41
DYNPRO, EQ, 28-Mar-2023,252.7,251.25,253.95,242.0, 243.40,243.0,247.0,43754,108.07,2887, 26691, 61.00,-3.84
DYNPRO, EQ, 28-Mar-2024,260.55,260.6,268.7,255.5,260.9,260.5,260.83,39175,102.18,2411, 26517, 67.69,-0.02
DYNPRO, EQ, 28-Mar-2025,263.1,265.1,276.65,259.55,264.0,262.0,267.42,48791,130.48,2543, 28348, 58.10,-0.42
DYNPRO, EQ, 28-Apr-2020,114.95,119.5,122.0,115.0, 119.00,118.5,119.41,30120,35.96,1027, 15084, 50.08,3.09
DYNPRO, EQ, 28-Apr-2021,500.95,510.0,535.0,502.75, 523.00,518.8,521.54,186648,973.45,5902, 96642, 51.78,3.56
DYNPRO, EQ, 28-Apr-2022,605.3,613.0,626.85,600.55, 603.10,604.7,612.96,23699,145.27,2200, 12365, 52.18,-0.1
DYNPRO, EQ, 28-Apr-2023,327.7,330.0,330.7,320.0, 321.00,321.1,325.18,19535,63.52,1771, 11965, 61.25,-2.01
DYNPRO, EQ, 28-May-2020,116.4,116.95,119.85,106.95,110.05,110.1,111.75,47064,52.59,1359, 23208, 49.31,-5.41
DYNPRO, EQ, 28-May-2021,551.2,544.1,561.2,510.15,516.0,517.4,530.45,98869,524.45,7420, 56207, 56.85,-6.13
DYNPRO, EQ, 28-May-2024,262.65,262.65,264.7,259.05,261.9,260.35,261.01,15346,40.06,1030, 10100, 65.82,-0.88
DYNPRO, EQ, 28-Jun-2021,478.7,486.9,487.8,470.0, 471.85,471.95,477.09,42865,204.5,2102, 28456, 66.39,-1.41
DYNPRO, EQ, 28-Jun-2022,414.45,419.7,419.7,405.15, 409.25,409.85,409.25,5355,21.92,718, 2206, 41.20,-1.11
DYNPRO, EQ, 28-Jun-2024,269.5,277.85,309.0,276.5,290.2,288.9,292.96,300403,880.07,11685, 67640, 22.52,7.2
DYNPRO, EQ, 28-Jul-2020,214.35,220.0,224.95,214.1,215.0,216.65,218.43,788849,1723.12,12240, 201190, 25.50,1.07
DYNPRO, EQ, 28-Jul-2021,497.6,497.6,513.05,483.55,508.9,506.9,504.83,40398,203.94,2582, 27200, 67.33,1.87
DYNPRO, EQ, 28-Jul-2022,456.25,463.0,470.9,451.0, 451.00,455.25,460.89,11791,54.34,1245, 7691, 65.23,-0.22
DYNPRO, EQ, 28-Jul-2023,301.9,301.0,311.0,301.0, 307.80,307.2,306.39,34959,107.11,3623, 16902, 48.35,1.76
DYNPRO, EQ, 28-Aug-2020,211.65,216.5,216.5,204.8, 207.00,206.05,209.33,157195,329.06,3289, 94596, 60.18,-2.65
DYNPRO, EQ, 28-Aug-2023,398.0,399.9,418.7,399.05, 405.75,406.45,408.53,200562,819.36,11013, 79366, 39.57,2.12
DYNPRO, EQ, 28-Sep-2020,260.3,262.85,273.8,252.35,257.9,256.8,265.35,200773,532.76,6275,78981,39.34,-1.34
DYNPRO, EQ, 28-Sep-2021,528.95,531.95,534.9,511.35, 520.00,522.55,523.08,31842,166.56,3366, 12978, 40.76,-1.21
DYNPRO, EQ, 28-Sep-2022,306.05,300.0,320.3,283.1,305.0,302.2,297.67,96071,285.97,4690, 38254, 39.82,-1.26
DYNPRO, EQ, 28-Sep-2023,347.5,351.05,354.2,334.05, 341.50,338.95,344.88,36993,127.58,3152, 17850, 48.25,-2.46
DYNPRO, EQ, 28-Oct-2020,232.35,234.0,243.5,228.6, 240.10,240.8,237.11,118886,281.89,3477, 38062, 32.02,3.64
DYNPRO, EQ, 28-Oct-2021,645.8,645.0,647.65,620.0, 620.00,623.95,634.01,39446,250.09,4879, 13457, 34.11,-3.38
DYNPRO, EQ, 28-Oct-2022,358.95,358.35,368.15,355.0,355.25,356.35,358.9,9920,35.6,667, 7187, 72.45,-0.72
DYNPRO, EQ, 28-Nov-2022,386.9,385.9,396.9,373.6, 385.00,379.85,382.19,28979,110.76,1783, 17192, 59.33,-1.82
DYNPRO, EQ, 28-Nov-2023,272.35,273.0,278.6,268.0, 272.00,271.55,272.23,17399,47.37,1060, 11493, 66.06,-0.29
DYNPRO, EQ, 28-Dec-2020,236.2,238.4,254.15,235.85,251.0,248.95,248.34,394853,980.56,5790, 217179, 55.00,5.4
DYNPRO, EQ, 28-Dec-2021,636.65,636.65,650.95,624.05,633.0,630.45,635.79,34450,219.03,2997, 18916, 54.91,-0.97
DYNPRO, EQ, 28-Dec-2022,299.35,298.9,304.7,295.05, 297.00,298.85,300.68,54063,162.56,1006, 48109, 88.99,-0.17
DYNPRO, EQ, 28-Dec-2023,302.55,305.1,305.7,295.2, 299.10,301.4,299.51,29236,87.56,2057, 16778, 57.39,-0.38
DYNPRO, EQ, 29-Jan-2020,159.1,160.0,161.0,154.05, 156.70,156.05,157.69,6825,10.76,482, 4296, 62.95,-1.92
DYNPRO, EQ, 29-Jan-2021,267.75,272.0,277.0,258.25, 268.00,269.3,270.63,97159,262.95,2729, 48258, 49.67,0.58
DYNPRO, EQ, 29-Jan-2024,280.7,284.9,294.8,279.05, 285.00,288.3,288.05,58043,167.19,1929, 33750, 58.15,2.71
DYNPRO, EQ, 29-Jan-2025,338.6,342.5,348.15,338.05,347.0,346.35,342.27,2922,10.0,189, 1455, 49.79,2.29
DYNPRO, EQ, 29-Feb-2024,298.6,298.6,303.0,291.35, 300.00,299.6,297.2,33377,99.2,2259, 18979, 56.86,0.33
DYNPRO, EQ, 29-Mar-2022,595.2,590.0,619.95,588.05, 601.30,601.85,597.39,23192,138.55,2321, 10176, 43.88,1.12
DYNPRO, EQ, 29-Mar-2023,243.0,248.1,249.15,235.45, 241.00,238.4,240.11,196924,472.83,5936, 162820, 82.68,-1.89
DYNPRO, EQ, 29-Apr-2020,118.5,121.9,121.9,116.25,119.0,117.7,119.37,16181,19.32,827, 11668, 72.11,-0.68
DYNPRO, EQ, 29-Apr-2021,518.8,529.1,529.1,502.5, 503.00,505.5,510.26,43978,224.4,3850, 25465, 57.90,-2.56
DYNPRO, EQ, 29-Apr-2022,604.7,609.55,618.1,600.05,602.5,602.05,607.2,12673,76.95,1431, 5394, 42.56,-0.44
DYNPRO, EQ, 29-Apr-2024,304.4,304.4,308.0,292.4, 294.45,295.05,298.8,17163,51.28,1253, 10560, 61.53,-3.07
DYNPRO, EQ, 29-May-2020,110.1,109.05,115.95,107.0, 111.00,111.6,112.3,32579,36.59,986, 11731, 36.01,1.36
DYNPRO, EQ, 29-May-2023,310.9,314.7,319.4,302.05, 313.00,311.5,313.5,22360,70.1,3925, 9471, 42.36,0.19
DYNPRO, EQ, 29-May-2024,260.35,259.0,270.9,257.0,266.05,266.8,263.26,23810,62.68,1508, 14099, 59.21,2.48
DYNPRO, EQ, 29-Jun-2020,138.8,150.0,153.0,141.35, 144.40,142.8,144.94,149053,216.04,2860, 97968, 65.73,2.88
DYNPRO, EQ, 29-Jun-2021,471.95,472.0,478.15,458.1, 462.30,461.5,465.63,59154,275.44,4155, 37181, 62.85,-2.21
DYNPRO, EQ, 29-Jun-2022,409.85,405.0,414.0,399.8, 414.00,411.0,407.67,4520,18.43,576, 2017, 44.62,0.28
DYNPRO, EQ, 28-Jun-2023,329.15,325.1,333.95,322.15, 325.00,325.85,327.76,15271,50.05,2723, 5716, 37.43,-1.0
DYNPRO, EQ, 29-Jul-2020,216.65,214.0,215.9,200.55, 206.80,209.6,208.32,250749,522.36,6195, 85887, 34.25,-3.25
DYNPRO, EQ, 29-Jul-2021,506.9,510.0,535.9,508.25,533.0,531.55,522.83,75900,396.83,3379, 60310, 79.46,4.86
DYNPRO, EQ, 29-Jul-2022,455.25,456.7,463.45,451.9,458.0,458.9,458.31,14209,65.12,1322, 8973, 63.15,0.8
DYNPRO, EQ, 29-Aug-2022,347.6,339.55,346.6,334.45, 344.70,342.6,342.79,14713,50.44,1411, 8878, 60.34,-1.44
DYNPRO, EQ, 29-Aug-2023,406.45,406.4,406.4,388.55, 398.10,398.1,395.29,52803,208.72,4267, 30207, 57.21,-2.05
DYNPRO, EQ, 29-Sep-2020,256.8,258.45,267.0,243.0,245.5,244.6,251.37,218053,548.12,5936, 107364, 49.24,-4.75
DYNPRO, EQ, 29-Sep-2021,522.55,524.7,531.05,518.0, 528.00,528.75,526.01,26656,140.21,2004, 16802, 63.03,1.19
DYNPRO, EQ, 29-Sep-2022,302.2,305.2,320.0,305.2,313.0,313.85,311.5,34272,106.76,2349, 21487, 62.70,3.86
DYNPRO, EQ, 29-Sep-2023,338.95,341.05,354.1,325.6, 330.25,333.6,335.42,93927,315.05,7002, 42292, 45.03,-1.58
DYNPRO, EQ, 29-Oct-2020,240.8,238.0,238.0,231.5,231.75,232.95,234.61,57998,136.07,2416, 24730, 42.64,-3.26
DYNPRO, EQ, 29-Oct-2021,623.95,620.0,648.9,610.25, 625.00,623.25,629.38,30115,189.54,3911, 9776, 32.46,-0.11
DYNPRO, EQ, 29-Nov-2021,522.3,520.0,575.05,512.55, 540.00,540.9,546.07,185782,1014.51,10632, 78502, 42.25,3.56
DYNPRO, EQ, 29-Nov-2022,379.85,384.9,388.9,376.55,388.0,386.3,383.41,6030,23.12,437, 4245, 70.40,1.7
DYNPRO, EQ, 29-Nov-2023,271.55,270.0,277.85,269.1, 276.90,276.35,274.31,32556,89.31,1408, 25657, 78.81,1.77
DYNPRO, EQ, 29-Dec-2020,248.95,250.9,255.0,240.0,245.0,247.1,246.3,144144,355.03,3718, 64568, 44.79,-0.74
DYNPRO, EQ, 29-Dec-2021,630.45,631.8,640.9,622.35, 631.50,634.8,633.21,14806,93.75,1615, 7373, 49.80,0.69
DYNPRO, EQ, 29-Dec-2022,298.85,295.45,310.0,292.35, 307.00,304.3,301.58,17379,52.41,1573, 10353, 59.57,1.82
DYNPRO, EQ, 29-Dec-2023,301.4,303.0,304.9,296.8, 299.00,299.95,300.1,10833,32.51,915, 6859, 63.32,-0.48
DYNPRO, EQ, 30-Jan-2020,156.05,157.95,158.0,150.05, 156.50,154.75,153.53,7750,11.9,666, 3705, 47.81,-0.83
DYNPRO, EQ, 30-Jan-2023,273.4,277.75,277.75,261.55, 262.20,264.8,268.86,9053,24.34,802, 5386, 59.49,-3.15
DYNPRO, EQ, 30-Jan-2024,288.3,294.0,294.0,280.0, 285.00,283.0,285.28,21660,61.79,1333, 12645, 58.38,-1.84
DYNPRO, EQ, 30-Jan-2025,346.35,348.35,348.35,331.55,338.0,339.1,339.07,8425,28.57,287, 6888, 81.76,-2.09
DYNPRO, EQ, 30-Mar-2020,115.8,107.05,113.7,102.35, 107.60,109.35,109.36,6815,7.45,380, 4558, 66.88,-5.57
DYNPRO, EQ, 30-Mar-2021,523.0,543.0,550.0,523.25,525.65,526.5,538.54,110450,594.82,9674, 42549, 38.52,0.67
DYNPRO, EQ, 30-Mar-2022,601.85,605.3,617.0,592.1, 592.50,596.4,602.74,9958,60.02,938, 6041, 60.66,-0.91
DYNPRO, EQ, 30-Apr-2020,117.7,121.0,121.0,112.8,114.7,114.55,115.6,34183,39.52,1121, 26557, 77.69,-2.68
DYNPRO, EQ, 30-Apr-2021,505.5,505.5,518.6,495.1,500.0,499.1,506.51,29580,149.83,1416, 17102, 57.82,-1.27
DYNPRO, EQ, 30-Apr-2024,295.05,295.05,297.0,287.0, 287.70,288.35,291.51,24329,70.92,1470, 13833, 56.86,-2.27
DYNPRO, EQ, 30-May-2022,478.4,481.1,495.0,478.55, 493.00,493.4,489.82,18208,89.19,1174, 12642, 69.43,3.14
DYNPRO, EQ, 30-May-2023,311.5,316.15,355.15,312.0, 329.90,327.8,336.67,159651,537.5,7086, 64509, 40.41,5.23
DYNPRO, EQ, 30-May-2024,266.8,268.0,278.0,254.8,276.9,267.0,263.95,64219,169.51,2258, 32375, 50.41,0.07
DYNPRO, EQ, 30-Jun-2020,142.8,144.8,147.55,136.95, 144.15,142.4,141.55,72473,102.59,2230, 36857, 50.86,-0.28
DYNPRO, EQ, 30-Jun-2021,461.5,466.0,470.0,455.0, 457.00,457.1,462.17,44382,205.12,2288, 27087, 61.03,-0.95
DYNPRO, EQ, 30-Jun-2022,411.0,415.9,418.9,407.3,414.5,413.2,413.38,9168,37.9,729, 5609, 61.18,0.54
DYNPRO, EQ, 30-Jun-2023,325.85,324.4,330.1,316.35, 317.00,319.35,322.86,23178,74.83,2418, 10186, 43.95,-1.99
DYNPRO, EQ, 30-Jul-2020,209.6,211.8,219.6,197.75, 198.70,200.5,207.05,633063,1310.74,9402, 136097, 21.50,-4.34
DYNPRO, EQ, 30-Jul-2021,531.55,534.85,595.0,527.05, 571.25,568.8,573.25,496776,2847.75,22797, 164657, 33.15,7.01
DYNPRO, EQ, 30-Aug-2021,549.5,555.0,579.95,553.6, 569.05,560.5,571.67,102420,585.5,5703, 54166, 52.89,2.0
DYNPRO, EQ, 30-Aug-2022,342.6,343.0,358.6,343.0, 350.85,350.55,349.45,44417,155.22,3045, 26456, 59.56,2.32
DYNPRO, EQ, 30-Aug-2023,398.1,401.9,413.7,391.7, 396.00,393.15,402.84,52403,211.1,4400, 28755, 54.87,-1.24
DYNPRO, EQ, 30-Sep-2020,244.6,246.6,269.0,246.0,261.0,261.7,259.16,422386,1094.64,8830, 132591, 31.39,6.99
DYNPRO, EQ, 30-Sep-2021,528.75,524.0,554.9,522.05, 538.00,536.3,543.08,43171,234.45,3796, 22660, 52.49,1.43
DYNPRO, EQ, 30-Sep-2022,313.85,318.0,330.2,300.0, 328.00,325.65,320.72,74531,239.04,3923, 43219, 57.99,3.76
DYNPRO, EQ, 30-Oct-2020,232.95,234.0,238.05,223.1, 224.00,226.15,229.68,87029,199.89,3167, 51276, 58.92,-2.92
DYNPRO, EQ, 30-Oct-2023,312.3,314.8,314.85,306.55, 310.10,310.75,311.26,12807,39.86,1106, 5007, 39.10,-0.5
DYNPRO, EQ, 30-Nov-2021,540.9,550.0,564.8,540.8,542.65,548.3,553.25,45850,253.67,3240, 25167, 54.89,1.37
DYNPRO, EQ, 30-Nov-2022,386.3,393.0,404.0,386.3,389.5,389.3,394.32,12998,51.25,658, 8961, 68.94,0.78
DYNPRO, EQ, 30-Nov-2023,276.35,277.0,285.0,276.0, 280.10,280.0,280.32,58328,163.5,2621, 38014, 65.17,1.32
DYNPRO, EQ, 30-Dec-2020,247.1,248.2,248.25,240.35,244.4,244.6,245.14,51661,126.64,1334, 28362, 54.90,-1.01
DYNPRO, EQ, 30-Dec-2021,634.8,636.5,640.1,620.0, 621.90,621.4,628.34,19020,119.51,2076, 10779, 56.67,-2.11
DYNPRO, EQ, 30-Dec-2022,304.3,311.0,325.05,306.85,323.45,317.55,319.49,19065,60.91,1586, 8676, 45.51,4.35
DYNPRO, EQ, 30-Dec-2024,411.35,418.0,419.65,404.0,405.0,405.55,411.69,5127,21.11,591, 2850, 55.59,-1.41
DYNPRO, EQ, 31-Jan-2020,154.75,153.0,162.0,152.35, 156.70,155.7,155.89,7846,12.23,718, 4704, 59.95,0.61
DYNPRO, EQ, 31-Jan-2022,569.05,565.0,590.0,565.0,573.8,575.3,576.97,24634,142.13,2197, 12184, 49.46,1.1
DYNPRO, EQ, 31-Jan-2023,264.8,260.35,272.4,260.35,266.0,265.45,266.67,10288,27.44,543, 7905, 76.84,0.25
DYNPRO, EQ, 31-Jan-2024,283.0,283.0,284.8,275.55, 283.00,281.45,280.34,27938,78.32,1448, 17189, 61.53,-0.55
DYNPRO, EQ, 31-Jan-2025,339.1,356.0,356.0,322.15,322.15,322.15,326.51,18720,61.12,481, 15503, 82.82,-5.0
DYNPRO, EQ, 31-Mar-2020,109.35,120.0,120.0,108.1,117.0,115.45,112.53,8212,9.24,313, 4421, 53.84,5.58
DYNPRO, EQ, 31-Mar-2021,526.5,530.75,534.9,493.0, 523.00,521.05,515.22,81861,421.76,5182, 29085, 35.53,-1.04
DYNPRO, EQ, 31-Mar-2022,596.4,596.4,603.5,575.2, 578.60,580.95,586.46,25293,148.33,2002, 14530, 57.45,-2.59
DYNPRO, EQ, 31-Mar-2023,238.4,241.9,251.5,230.0, 235.00,233.6,241.62,92777,224.17,4149, 46500, 50.12,-2.01
DYNPRO, EQ, 31-May-2021,517.4,516.0,540.0,495.0, 516.00,515.65,512.19,119915,614.19,7426, 47589, 39.69,-0.34
DYNPRO, EQ, 31-May-2022,493.4,448.0,467.85,413.6, 455.90,457.95,448.46,173680,778.89,8831, 70191, 40.41,-7.18
DYNPRO, EQ, 31-May-2023,327.8,332.8,341.2,322.6, 333.00,332.1,332.94,45540,151.62,5579, 20647, 45.34,1.31
DYNPRO, EQ, 31-May-2024,267.0,270.15,280.0,267.15,269.0,268.5,272.76,36860,100.54,1965, 18227, 49.45,0.56
DYNPRO, EQ, 31-Jul-2020,200.5,198.7,208.7,198.0,200.0,200.35,204.04,380750,776.87,7490, 167890, 44.09,-0.07
DYNPRO, EQ, 31-Jul-2023,307.2,314.8,324.45,296.0, 299.50,298.15,304.49,34589,105.32,3221, 18815, 54.40,-2.95
DYNPRO, EQ, 31-Aug-2020,206.05,207.95,209.6,178.3, 186.95,187.15,190.9,342372,653.6,7546, 181947, 53.14,-9.17
DYNPRO, EQ, 31-Aug-2021,560.5,570.7,571.75,552.65,559.9,560.5,561.64,32235,181.04,2140, 11472, 35.59,0.0
DYNPRO, EQ, 31-Aug-2023,393.15,396.0,403.0,385.1, 385.10,388.85,395.49,35329,139.72,2605, 21437, 60.68,-1.09
DYNPRO, EQ, 31-Oct-2022,356.35,359.0,378.95,359.0,374.0,369.7,369.78,45515,168.31,2265, 33062, 72.64,3.75
DYNPRO, EQ, 31-Oct-2023,310.75,309.15,314.0,303.3, 304.00,305.4,309.21,11062,34.21,1206, 5996, 54.20,-1.72
DYNPRO, EQ, 31-Dec-2020,244.6,247.95,272.7,242.2,259.7,261.55,260.98,475347,1240.58,9007, 217986, 45.86,6.93
DYNPRO, EQ, 31-Dec-2021,621.4,626.95,634.15,615.65,619.65,620.1,621.97,19646,122.19,1909, 10258, 52.21,-0.21
DYNPRO, EQ, 31-Dec-2024,405.55,405.55,412.15,400.0,400.25,406.7,404.76,5967,24.15,493, 3416, 57.25,0.28
