SYMBOL, SERIES, DATE1, PREV_CLOSE, OPEN_PRICE, HIGH_PRICE, LOW_PRICE, LAST_PRICE, CLOSE_PRICE, AVG_PRICE, TTL_TRD_QNTY, TURNOVER_LACS, NO_OF_TRADES, DELIV_QTY, DELIV_PER,PER_CHANGE
ESCORTS, EQ, 01-Jan-2020,629.6,630.0,634.4,603.05, 604.50,606.2,612.96,4151641,25447.75,46650, 499627, 12.03,-3.72
ESCORTS, EQ, 01-Jan-2021,1260.4,1289.6,1309.85,1281.0, 1288.50,1287.8,1294.26,4914281,63603.66,132645, 631747, 12.86,2.17
ESCORTS, EQ, 01-Jan-2024,2983.1,2996.0,3019.0,2956.0, 2960.00,2966.35,2988.59,318161,9508.51,24486, 114516, 35.99,-0.56
ESCORTS, EQ, 01-Jan-2025,3332.55,3329.05,3329.05,3222.6,3300.0,3299.45,3270.81,374951,12263.94,44035, 78567, 20.95,-0.99
ESCORTS, EQ, 01-Feb-2021,1205.7,1240.0,1273.8,1185.0, 1268.00,1265.4,1232.92,2416468,29793.02,110797, 512632, 21.21,4.95
ESCORTS, EQ, 01-Feb-2022,1850.35,1844.0,1858.85,1837.6,1846.0,1847.85,1848.48,445237,8230.11,16541, 201406, 45.24,-0.14
ESCORTS, EQ, 01-Feb-2023,2088.4,2109.3,2121.5,1968.85, 2025.00,2016.25,2046.99,292470,5986.84,19649, 76499, 26.16,-3.45
ESCORTS, EQ, 01-Feb-2024,2983.25,3023.95,3045.0,2875.0, 2880.00,2881.95,2949.75,506690,14946.1,40159, 206386, 40.73,-3.4
ESCORTS, EQ, 01-Mar-2021,1310.9,1342.0,1342.0,1278.0, 1287.05,1288.7,1296.5,1623331,21046.44,67888, 361744, 22.28,-1.69
ESCORTS, EQ, 01-Mar-2023,2075.35,2080.05,2093.8,2050.0, 2077.50,2086.3,2070.52,319649,6618.39,32357, 48856, 15.28,0.53
ESCORTS, EQ, 01-Mar-2024,2856.45,2845.05,2927.0,2825.2, 2899.05,2898.55,2899.49,370420,10740.31,30495, 167191, 45.14,1.47
ESCORTS, EQ, 01-Apr-2020,662.6,637.0,651.3,576.2,594.9,598.8,612.23,4836326,29609.66,124584, 398481, 8.24,-9.63
ESCORTS, EQ, 01-Apr-2021,1287.8,1310.0,1316.9,1263.3, 1273.10,1274.05,1280.29,1597734,20455.56,59466, 302325, 18.92,-1.07
ESCORTS, EQ, 01-Apr-2022,1690.85,1670.0,1707.45,1648.05, 1700.00,1697.95,1685.07,393195,6625.59,14595, 45938, 11.68,0.42
ESCORTS, EQ, 01-Apr-2024,2777.3,2779.0,2869.4,2768.3, 2846.50,2858.5,2832.61,284176,8049.59,29439, 83295, 29.31,2.92
ESCORTS, EQ, 01-Apr-2025,3250.05,3250.05,3280.0,3154.5,3221.0,3218.8,3209.13,132567,4254.25,19545, 41052, 30.97,-0.96
ESCORTS, EQ, 01-Jun-2020,903.25,912.0,987.0,911.5, 965.60,972.4,955.54,5356502,51183.38,203374, 712688, 13.31,7.66
ESCORTS, EQ, 01-Jun-2021,1171.8,1189.0,1190.0,1152.45, 1162.95,1162.8,1170.08,1835877,21481.17,59974, 394485, 21.49,-0.77
ESCORTS, EQ, 01-Jun-2022,1629.95,1646.25,1646.25,1590.0,1599.0,1595.0,1611.28,401840,6474.75,16352, 136172, 33.89,-2.14
ESCORTS, EQ, 01-Jun-2023,2176.3,2200.05,2228.0,2175.5, 2185.00,2196.55,2194.43,328990,7219.46,20048, 65793, 20.00,0.93
ESCORTS, EQ, 01-Jul-2020,1040.0,1053.0,1069.0,1018.1, 1030.55,1033.85,1039.42,3430142,35653.48,72153, 390683, 11.39,-0.59
ESCORTS, EQ, 01-Jul-2021,1220.1,1235.85,1241.85,1197.55, 1202.50,1200.85,1214.59,2930696,35595.85,76161, 726222, 24.78,-1.58
ESCORTS, EQ, 01-Jul-2022,1444.8,1449.95,1471.7,1424.55,1467.2,1466.5,1445.84,489734,7080.75,19916, 150001, 30.63,1.5
ESCORTS, EQ, 01-Jul-2024,4146.5,4131.0,4204.2,4110.0,4150.0,4141.75,4150.35,229563,9527.68,24506, 93949, 40.93,-0.11
ESCORTS, EQ, 01-Aug-2022,1733.0,1710.2,1737.8,1694.1, 1713.00,1723.05,1723.17,630081,10857.34,24055, 263332, 41.79,-0.57
ESCORTS, EQ, 01-Aug-2023,2539.45,2559.0,2609.95,2470.25, 2564.05,2563.55,2557.64,1229156,31437.36,64885, 185721, 15.11,0.95
ESCORTS, EQ, 01-Aug-2024,4173.4,4200.0,4234.45,4090.5,4130.0,4150.0,4165.85,359664,14983.05,40926, 71048, 19.75,-0.56
ESCORTS, EQ, 01-Sep-2020,1087.6,1120.05,1153.75,1078.05, 1117.00,1111.75,1117.84,4953620,55373.3,142273, 406280, 8.20,2.22
ESCORTS, EQ, 01-Sep-2021,1346.35,1347.0,1375.0,1311.1,1345.35,1347.8,1343.27,1297957,17435.01,54161, 293901, 22.64,0.11
ESCORTS, EQ, 01-Sep-2022,1994.75,1975.0,2043.5,1970.1,2021.0,2020.75,2019.51,795822,16071.69,37892, 165758, 20.83,1.3
ESCORTS, EQ, 01-Sep-2023,3159.25,3110.0,3195.0,3072.9, 3135.00,3133.9,3144.92,627016,19719.16,35694, 160740, 25.64,-0.8
ESCORTS, EQ, 01-Oct-2020,1318.45,1310.0,1310.0,1262.3, 1283.20,1283.5,1281.92,2603135,33369.99,68116, 248343, 9.54,-2.65
ESCORTS, EQ, 01-Oct-2021,1480.1,1463.0,1478.45,1427.0, 1471.95,1471.95,1459.71,933091,13620.38,29835, 165816, 17.77,-0.55
ESCORTS, EQ, 01-Oct-2024,4268.8,4268.8,4340.95,4156.1,4215.0,4209.2,4223.83,262102,11070.75,32466, 108248, 41.30,-1.4
ESCORTS, EQ, 01-Nov-2021,1569.4,1566.1,1666.35,1491.85, 1552.00,1545.6,1548.03,3394040,52540.91,123022, 526158, 15.50,-1.52
ESCORTS, EQ, 01-Nov-2022,2038.35,2048.0,2056.8,1975.25,2007.0,2008.5,1996.23,673628,13447.19,29007, 173966, 25.83,-1.46
ESCORTS, EQ, 01-Nov-2023,3132.5,3149.0,3149.0,3036.6, 3056.00,3058.3,3066.66,294066,9017.99,25803, 53833, 18.31,-2.37
ESCORTS, EQ, 01-Dec-2020,1403.85,1412.0,1412.0,1363.1,1373.0,1373.7,1377.9,1961246,27023.96,57069, 638392, 32.55,-2.15
ESCORTS, EQ, 01-Dec-2021,1846.3,1853.0,1864.4,1831.3,1845.55,1848.4,1849.83,1092248,20204.7,33778, 362863, 33.22,0.11
ESCORTS, EQ, 01-Dec-2022,2286.5,2290.0,2358.35,2273.0,2338.55,2346.6,2328.53,883716,20577.63,43515, 157359, 17.81,2.63
ESCORTS, EQ, 01-Dec-2023,3150.3,3179.95,3253.4,3145.1, 3205.00,3205.2,3202.99,478524,15327.06,26767, 172215, 35.99,1.74
ESCORTS, EQ, 02-Jan-2020,606.2,606.2,620.7,604.55, 619.00,618.9,613.92,2294478,14086.26,30831, 480115, 20.92,2.1
ESCORTS, EQ, 02-Jan-2023,2140.15,2161.95,2196.0,2127.15, 2145.00,2140.6,2154.07,370413,7978.96,20321, 33465, 9.03,0.02
ESCORTS, EQ, 02-Jan-2024,2966.35,2968.0,2977.0,2875.0, 2889.00,2887.65,2901.44,378020,10968.03,39177, 156574, 41.42,-2.65
ESCORTS, EQ, 02-Jan-2025,3299.45,3324.0,3366.0,3296.0,3342.45,3352.05,3339.37,260903,8712.51,24317, 125545, 48.12,1.59
ESCORTS, EQ, 02-Feb-2021,1265.4,1279.45,1355.0,1278.9, 1345.45,1334.15,1324.37,4685702,62055.99,174397, 646085, 13.79,5.43
ESCORTS, EQ, 02-Feb-2022,1847.85,1846.5,1857.85,1835.1, 1842.00,1844.65,1843.51,543674,10022.7,15551, 321344, 59.11,-0.17
ESCORTS, EQ, 02-Feb-2023,2016.25,2016.0,2061.0,1982.3, 2058.90,2051.15,2036.54,194135,3953.64,18497, 35206, 18.13,1.73
ESCORTS, EQ, 02-Feb-2024,2881.95,2875.0,2979.9,2875.0, 2940.00,2944.55,2945.03,230152,6778.03,31374, 85369, 37.09,2.17
ESCORTS, EQ, 02-Mar-2020,780.1,820.0,871.95,811.0, 847.00,844.3,851.33,8751507,74504.1,131765, 573165, 6.55,8.23
ESCORTS, EQ, 02-Mar-2021,1288.7,1300.0,1315.0,1283.2,1309.0,1311.45,1301.78,1063304,13841.92,38773, 223583, 21.03,1.77
ESCORTS, EQ, 02-Mar-2022,1850.95,1872.05,1882.0,1852.2, 1867.60,1868.55,1866.75,2077119,38774.55,44078, 1310154, 63.08,0.95
ESCORTS, EQ, 02-Mar-2023,2086.3,2086.0,2088.9,2001.0, 2007.00,2013.25,2043.36,294669,6021.14,32445, 57883, 19.64,-3.5
ESCORTS, EQ, 02-Apr-2024,2858.5,2870.0,2883.0,2834.0, 2875.00,2874.65,2859.29,99272,2838.47,13363, 22668, 22.83,0.56
ESCORTS, EQ, 02-Apr-2025,3218.8,3232.0,3255.2,3190.55,3226.65,3228.4,3224.81,150509,4853.63,23769, 69572, 46.22,0.3
ESCORTS, EQ, 02-May-2022,1634.85,1631.25,1631.25,1565.5,1582.0,1577.0,1585.64,2586739,41016.48,39617, 1886751, 72.94,-3.54
ESCORTS, EQ, 02-May-2023,1981.15,1970.0,2003.05,1964.15, 1990.00,1985.95,1984.1,266621,5290.04,19288, 42301, 15.87,0.24
ESCORTS, EQ, 02-May-2024,3358.55,3365.0,3491.85,3331.1, 3476.00,3479.8,3425.91,430222,14739.01,36701, 139136, 32.34,3.61
ESCORTS, EQ, 02-Jun-2020,972.4,972.4,977.85,950.2,957.05,959.65,964.72,2897718,27954.98,77252, 307180, 10.60,-1.31
ESCORTS, EQ, 02-Jun-2021,1162.8,1160.0,1166.05,1150.0, 1162.15,1161.45,1155.79,1976024,22838.61,61197, 986148, 49.91,-0.12
ESCORTS, EQ, 02-Jun-2022,1595.0,1585.0,1619.45,1583.25,1611.05,1616.35,1603.27,144473,2316.3,7131, 26071, 18.05,1.34
ESCORTS, EQ, 02-Jun-2023,2196.55,2196.0,2214.0,2174.15, 2185.10,2183.4,2192.96,206876,4536.71,15539, 70559, 34.11,-0.6
ESCORTS, EQ, 02-Jul-2020,1033.85,1038.8,1051.15,1021.05, 1042.80,1040.75,1038.04,2094600,21742.8,44230, 255985, 12.22,0.67
ESCORTS, EQ, 02-Jul-2021,1200.85,1207.0,1218.0,1199.0,1202.5,1202.95,1207.97,865305,10452.64,29194, 224947, 26.00,0.17
ESCORTS, EQ, 02-Jul-2024,4141.75,4141.7,4160.6,4087.6,4135.0,4125.95,4123.48,218477,9008.85,29115, 112152, 51.33,-0.38
ESCORTS, EQ, 02-Aug-2021,1184.35,1184.0,1204.8,1157.7,1201.3,1200.25,1178.83,2207108,26018.07,56810, 746961, 33.84,1.34
ESCORTS, EQ, 02-Aug-2022,1723.05,1642.4,1664.0,1604.65,1635.05,1633.45,1628.98,2747401,44754.64,96521, 1059053, 38.55,-5.2
ESCORTS, EQ, 02-Aug-2023,2563.55,2564.0,2676.8,2530.95, 2578.70,2598.35,2623.87,2093743,54937.19,114381, 386243, 18.45,1.36
ESCORTS, EQ, 02-Aug-2024,4150.0,4108.0,4126.9,3890.0,3900.0,3905.2,3979.96,606891,24154.02,58120, 171033, 28.18,-5.9
ESCORTS, EQ, 02-Sep-2020,1111.75,1117.8,1234.7,1110.55, 1218.25,1223.6,1184.57,6663720,78936.58,185453, 946208, 14.20,10.06
ESCORTS, EQ, 02-Sep-2021,1347.8,1345.35,1354.0,1288.0, 1313.25,1311.35,1313.52,1599168,21005.36,65813, 363173, 22.71,-2.7
ESCORTS, EQ, 02-Sep-2022,2020.75,2024.9,2089.35,2015.0,2071.0,2075.1,2065.92,1053907,21772.84,43289, 188431, 17.88,2.69
ESCORTS, EQ, 02-Sep-2024,3853.9,3860.0,3860.0,3768.85,3785.0,3784.05,3794.62,108037,4099.6,15552, 33357, 30.88,-1.81
ESCORTS, EQ, 02-Nov-2020,1200.95,1207.0,1239.5,1185.05, 1229.00,1228.2,1212.15,3692700,44760.9,127499, 541298, 14.66,2.27
ESCORTS, EQ, 02-Nov-2021,1545.6,1553.0,1593.5,1532.5, 1553.40,1557.2,1570.17,1589334,24955.31,70175, 548476, 34.51,0.75
ESCORTS, EQ, 02-Nov-2022,2008.5,2008.0,2023.65,1993.9,2007.0,2006.9,2006.98,195221,3918.04,10953, 46920, 24.03,-0.08
ESCORTS, EQ, 02-Nov-2023,3058.3,3078.9,3095.0,3036.0, 3041.00,3054.8,3068.23,201674,6187.81,16201, 80959, 40.14,-0.11
ESCORTS, EQ, 02-Dec-2020,1373.7,1379.9,1422.0,1376.0, 1418.55,1417.9,1401.92,2446125,34292.68,75791, 571303, 23.36,3.22
ESCORTS, EQ, 02-Dec-2021,1848.4,1848.0,1862.05,1836.1, 1848.90,1848.95,1847.99,772046,14267.34,23146, 303021, 39.25,0.03
ESCORTS, EQ, 02-Dec-2022,2346.6,2345.0,2345.0,2299.0, 2314.50,2323.8,2321.21,231325,5369.55,13814, 52663, 22.77,-0.97
ESCORTS, EQ, 02-Dec-2024,3553.9,3534.05,3560.0,3430.6,3518.0,3527.85,3510.02,158680,5569.71,21287, 52641, 33.17,-0.73
ESCORTS, EQ, 03-Jan-2020,618.9,618.0,625.0,612.25, 619.90,620.85,618.82,1663980,10297.09,21528, 284152, 17.08,0.32
ESCORTS, EQ, 03-Jan-2022,1908.7,1899.1,1914.85,1895.0, 1908.05,1901.9,1903.77,729761,13892.96,19002, 303349, 41.57,-0.36
ESCORTS, EQ, 03-Jan-2023,2140.6,2151.0,2194.0,2142.85, 2170.00,2166.8,2175.26,305514,6645.73,14707, 51821, 16.96,1.22
ESCORTS, EQ, 03-Jan-2024,2887.65,2871.0,2913.1,2860.0, 2860.05,2869.85,2883.44,338355,9756.28,35674, 128292, 37.92,-0.62
ESCORTS, EQ, 03-Jan-2025,3352.05,3350.0,3409.0,3339.0,3360.0,3371.9,3378.52,429505,14510.9,52143, 205755, 47.91,0.59
ESCORTS, EQ, 03-Feb-2020,773.8,775.2,852.8,764.75, 846.00,847.15,825.74,9868159,81485.38,132672, 601265, 6.09,9.48
ESCORTS, EQ, 03-Feb-2021,1334.15,1335.0,1423.65,1306.4, 1382.25,1384.15,1384.5,4606890,63782.54,164124, 998759, 21.68,3.75
ESCORTS, EQ, 03-Feb-2022,1844.65,1865.05,1882.1,1852.45, 1859.75,1858.95,1866.2,918951,17149.43,26600, 270317, 29.42,0.78
ESCORTS, EQ, 03-Feb-2023,2051.15,2051.0,2087.55,2040.25, 2074.85,2077.15,2061.77,144497,2979.19,18418, 33633, 23.28,1.27
ESCORTS, EQ, 03-Feb-2025,3450.15,3432.95,3437.1,3305.0,3305.0,3328.65,3337.6,269358,8990.08,46987, 125827, 46.71,-3.52
ESCORTS, EQ, 03-Mar-2020,844.3,853.0,875.0,834.0, 852.00,853.0,851.95,4629904,39444.28,78134, 202439, 4.37,1.03
ESCORTS, EQ, 03-Mar-2021,1311.45,1322.8,1363.0,1316.15,1344.0,1341.45,1342.44,1602126,21507.57,47321, 414279, 25.86,2.29
ESCORTS, EQ, 03-Mar-2022,1868.55,1871.9,1875.0,1809.25,1826.7,1827.15,1847.63,2604026,48112.84,46773, 1321534, 50.75,-2.22
ESCORTS, EQ, 03-Mar-2023,2013.25,2030.0,2043.75,2000.0, 2001.90,2005.65,2019.18,262339,5297.1,19304, 52258, 19.92,-0.38
ESCORTS, EQ, 03-Mar-2025,2868.95,2909.95,2957.95,2865.15,2952.25,2947.4,2915.0,121804,3550.58,20776, 18135, 14.89,2.73
ESCORTS, EQ, 03-Apr-2020,598.8,594.0,604.4,558.85, 590.00,592.4,584.04,3825228,22340.91,117362, 255265, 6.67,-1.07
ESCORTS, EQ, 03-Apr-2023,1891.05,1895.35,1929.85,1853.5, 1870.00,1872.35,1884.98,324087,6108.97,32317, 70861, 21.86,-0.99
ESCORTS, EQ, 03-Apr-2024,2874.65,2875.5,3017.45,2852.0, 3000.00,3006.3,2975.4,743351,22117.64,53501, 140981, 18.97,4.58
ESCORTS, EQ, 03-Apr-2025,3228.4,3185.0,3285.8,3185.0,3270.0,3276.0,3248.98,62003,2014.46,10798, 18424, 29.71,1.47
ESCORTS, EQ, 03-May-2021,1118.6,1106.5,1132.1,1100.0,1130.0,1127.6,1119.42,1510211,16905.55,58236, 410679, 27.19,0.8
ESCORTS, EQ, 03-May-2023,1985.95,1989.0,1995.55,1971.25,1979.1,1984.4,1981.24,200003,3962.54,12119, 100492, 50.25,-0.08
ESCORTS, EQ, 03-May-2024,3479.8,3481.0,3503.35,3397.35, 3491.00,3484.55,3464.24,548565,19003.62,45065, 256686, 46.79,0.14
ESCORTS, EQ, 03-Jun-2020,959.65,960.0,1003.65,960.0,972.0,972.45,988.42,3647570,36053.19,84790, 486685, 13.34,1.33
ESCORTS, EQ, 03-Jun-2021,1161.45,1167.7,1220.0,1162.75, 1218.95,1216.05,1201.74,4952087,59511.12,124938, 1540571, 31.11,4.7
ESCORTS, EQ, 03-Jun-2022,1616.35,1620.1,1627.95,1592.2, 1610.00,1602.95,1608.98,227322,3657.55,7683, 102647, 45.15,-0.83
ESCORTS, EQ, 03-Jun-2024,3818.3,3845.0,3929.2,3818.0,3912.0,3890.35,3887.47,196258,7629.48,19908, 64549, 32.89,1.89
ESCORTS, EQ, 03-Jul-2020,1040.75,1041.75,1064.5,1039.15, 1058.00,1059.9,1051.86,1549109,16294.49,34291, 238310, 15.38,1.84
ESCORTS, EQ, 03-Jul-2023,2248.4,2249.0,2279.0,2236.65, 2246.90,2241.7,2258.63,425892,9619.31,24404, 137634, 32.32,-0.3
ESCORTS, EQ, 03-Jul-2024,4125.95,4130.05,4167.9,4096.3,4105.6,4117.35,4124.56,170812,7045.24,22061, 81624, 47.79,-0.21
ESCORTS, EQ, 03-Aug-2020,1134.0,1122.0,1139.85,1084.0,1105.0,1102.1,1106.21,2224926,24612.3,79203, 346620, 15.58,-2.81
ESCORTS, EQ, 03-Aug-2021,1200.25,1200.25,1224.75,1197.0,1212.0,1213.5,1209.67,1945315,23531.94,58965, 891413, 45.82,1.1
ESCORTS, EQ, 03-Aug-2022,1633.45,1638.0,1646.15,1620.0, 1635.00,1637.15,1634.17,464541,7591.38,23356, 228294, 49.14,0.23
ESCORTS, EQ, 03-Aug-2023,2598.35,2597.95,2598.0,2530.0, 2556.00,2549.5,2560.29,241811,6191.07,24429, 53069, 21.95,-1.88
ESCORTS, EQ, 03-Sep-2020,1223.6,1218.0,1235.85,1192.35, 1220.00,1224.55,1211.99,3024262,36653.73,110451, 485577, 16.06,0.08
ESCORTS, EQ, 03-Sep-2021,1311.35,1315.0,1331.0,1294.9, 1322.30,1321.7,1316.83,1155242,15212.54,43258, 320362, 27.73,0.79
ESCORTS, EQ, 03-Sep-2024,3784.05,3790.1,3826.85,3768.8,3799.15,3793.85,3796.97,92739,3521.27,13662, 25256, 27.23,0.26
ESCORTS, EQ, 03-Oct-2022,2127.8,2133.0,2156.25,2050.5,2079.9,2059.2,2102.48,657636,13826.66,29667, 249096, 37.88,-3.22
ESCORTS, EQ, 03-Oct-2023,3185.1,3181.0,3185.1,3063.05, 3130.00,3124.65,3098.16,612436,18974.23,42805, 227679, 37.18,-1.9
ESCORTS, EQ, 03-Oct-2024,4209.2,4185.0,4224.8,4115.05,4144.05,4152.05,4166.21,182135,7588.13,30975, 68912, 37.84,-1.36
ESCORTS, EQ, 03-Nov-2020,1228.2,1244.9,1257.75,1207.0,1233.0,1234.6,1227.34,3245073,39828.14,85181, 891591, 27.48,0.52
ESCORTS, EQ, 03-Nov-2021,1557.2,1565.0,1565.0,1476.15, 1500.00,1496.9,1513.68,1961985,29698.12,70850, 849979, 43.32,-3.87
ESCORTS, EQ, 03-Nov-2022,2006.9,1991.0,2032.85,1991.0,2008.2,2013.1,2012.24,218981,4406.43,12000, 63029, 28.78,0.31
ESCORTS, EQ, 03-Nov-2023,3054.8,3065.0,3098.1,3015.25, 3078.00,3076.45,3057.04,447459,13679.01,34144, 98496, 22.01,0.71
ESCORTS, EQ, 03-Dec-2020,1417.9,1424.7,1434.9,1397.45,1406.0,1406.7,1412.87,2030412,28687.14,65891, 591765, 29.15,-0.79
ESCORTS, EQ, 03-Dec-2021,1848.95,1855.9,1872.0,1849.25, 1861.35,1866.1,1860.3,1196217,22253.21,29416, 437469, 36.57,0.93
ESCORTS, EQ, 03-Dec-2024,3527.85,3539.95,3561.35,3506.05,3510.9,3517.05,3519.46,156421,5505.17,21227, 79174, 50.62,-0.31
ESCORTS, EQ, 04-Jan-2021,1287.8,1304.85,1317.0,1283.55,1313.8,1312.25,1303.02,1879986,24496.65,55268, 387766, 20.63,1.9
ESCORTS, EQ, 04-Jan-2022,1901.9,1904.1,1907.9,1884.4, 1894.55,1893.35,1893.66,751200,14225.19,18508, 396614, 52.80,-0.45
ESCORTS, EQ, 04-Jan-2023,2166.8,2165.0,2178.85,2138.4, 2141.00,2145.3,2156.16,117916,2542.45,7935, 23503, 19.93,-0.99
ESCORTS, EQ, 04-Jan-2024,2869.85,2875.0,2884.95,2794.95, 2856.10,2858.45,2831.04,932890,26410.52,44481, 531282, 56.95,-0.4
ESCORTS, EQ, 04-Feb-2020,847.15,846.15,860.0,830.7, 845.60,846.7,844.36,5474373,46223.17,88427, 473635, 8.65,-0.05
ESCORTS, EQ, 04-Feb-2021,1384.15,1384.0,1440.0,1376.0, 1403.00,1401.75,1416.25,3214687,45528.05,111546, 437256, 13.60,1.27
ESCORTS, EQ, 04-Feb-2022,1858.95,1862.0,1862.0,1828.1, 1835.55,1835.5,1840.02,716017,13174.89,22707, 444420, 62.07,-1.26
ESCORTS, EQ, 04-Feb-2025,3328.65,3344.0,3380.75,3286.2,3300.1,3300.85,3314.89,167952,5567.42,19471, 75178, 44.76,-0.84
ESCORTS, EQ, 04-Mar-2020,853.0,852.0,856.2,806.2, 832.05,830.95,830.71,2487490,20663.89,40510, 154840, 6.22,-2.58
ESCORTS, EQ, 04-Mar-2021,1341.45,1334.0,1358.0,1324.0, 1342.00,1343.7,1342.64,869460,11673.76,38505, 184257, 21.19,0.17
ESCORTS, EQ, 04-Mar-2022,1827.15,1815.0,1833.0,1800.2, 1829.00,1828.65,1821.41,1511571,27531.86,28646, 787707, 52.11,0.08
ESCORTS, EQ, 04-Mar-2024,2904.9,2895.0,2936.95,2871.05, 2919.00,2918.85,2913.04,167158,4869.39,18137, 84399, 50.49,0.48
ESCORTS, EQ, 04-Mar-2025,2947.4,2940.0,2964.8,2881.25,2958.0,2959.4,2939.52,54994,1616.56,10259, 10110, 18.38,0.41
ESCORTS, EQ, 04-Apr-2022,1697.95,1699.9,1775.0,1691.0,1766.0,1765.05,1730.11,397463,6876.53,13777, 110946, 27.91,3.95
ESCORTS, EQ, 04-Apr-2024,3006.3,3015.15,3039.55,2992.0, 3014.05,3020.25,3013.86,282496,8514.04,29950, 93438, 33.08,0.46
ESCORTS, EQ, 04-Apr-2025,3276.0,3270.0,3289.6,3132.0,3177.9,3161.15,3168.89,71262,2258.22,11422, 19647, 27.57,-3.51
ESCORTS, EQ, 04-May-2020,713.35,690.0,694.4,667.3, 687.00,682.85,681.3,1879995,12808.43,48833, 222262, 11.82,-4.28
ESCORTS, EQ, 04-May-2021,1127.6,1140.0,1151.6,1115.15, 1123.75,1123.8,1132.01,1467293,16609.92,49392, 447549, 30.50,-0.34
ESCORTS, EQ, 04-May-2022,1577.0,1580.0,1595.45,1555.0,1563.6,1563.85,1576.48,368659,5811.84,22430, 160034, 43.41,-0.83
ESCORTS, EQ, 04-May-2023,1984.4,1984.4,2058.0,1981.05, 2047.00,2050.35,2037.42,730568,14884.73,43503, 155000, 21.22,3.32
ESCORTS, EQ, 04-Jun-2020,972.45,976.0,988.8,962.0,977.3,976.55,976.34,2490404,24314.74,58306, 456797, 18.34,0.42
ESCORTS, EQ, 04-Jun-2021,1216.05,1228.95,1234.25,1207.7, 1216.30,1218.95,1219.21,2445770,29818.96,83668, 681778, 27.88,0.24
ESCORTS, EQ, 04-Jun-2024,3890.35,3860.0,3929.25,3556.45,3820.0,3802.5,3824.35,339748,12993.17,39706, 114886, 33.82,-2.26
ESCORTS, EQ, 04-Jul-2022,1466.5,1476.7,1531.15,1467.2,1530.5,1527.45,1510.1,1100689,16621.46,31691, 303018, 27.53,4.16
ESCORTS, EQ, 04-Jul-2023,2241.7,2248.85,2249.0,2193.85, 2210.00,2211.45,2217.6,247478,5488.08,24876, 66902, 27.03,-1.35
ESCORTS, EQ, 04-Jul-2024,4117.35,4110.05,4149.75,4095.2,4110.0,4105.8,4117.06,98914,4072.34,15115, 47431, 47.95,-0.28
ESCORTS, EQ, 04-Aug-2020,1102.1,1106.0,1129.8,1101.15,1120.1,1120.3,1118.98,1303391,14584.65,34852, 173960, 13.35,1.65
ESCORTS, EQ, 04-Aug-2021,1213.5,1217.9,1239.9,1211.1,1233.25,1234.15,1226.12,1957294,23998.81,60525, 740189, 37.82,1.7
ESCORTS, EQ, 04-Aug-2022,1637.15,1636.1,1649.9,1630.9,1636.85,1635.6,1637.73,253453,4150.88,18230, 96725, 38.16,-0.09
ESCORTS, EQ, 04-Aug-2023,2549.5,2569.0,2597.95,2551.05, 2567.25,2575.55,2576.69,185456,4778.63,16610, 58959, 31.79,1.02
ESCORTS, EQ, 04-Sep-2020,1224.55,1190.0,1214.9,1177.75,1186.75,1182.4,1194.24,1781800,21278.88,81696, 464001, 26.04,-3.44
ESCORTS, EQ, 04-Sep-2023,3133.9,3160.0,3160.0,3026.0, 3038.00,3036.65,3062.89,576132,17646.31,39735, 217309, 37.72,-3.1
ESCORTS, EQ, 04-Sep-2024,3793.85,3748.0,3812.9,3738.1,3772.2,3778.0,3785.65,67811,2567.08,9299, 13868, 20.45,-0.42
ESCORTS, EQ, 04-Oct-2021,1471.95,1478.0,1504.0,1462.0, 1499.00,1496.4,1485.65,765785,11376.92,24686, 195754, 25.56,1.66
ESCORTS, EQ, 04-Oct-2022,2059.2,2094.8,2132.2,2092.75, 2125.00,2127.3,2120.67,326926,6933.01,18409, 91716, 28.05,3.31
ESCORTS, EQ, 04-Oct-2023,3124.65,3124.7,3232.6,3084.5, 3198.60,3195.5,3177.77,988274,31405.1,78712, 308082, 31.17,2.27
ESCORTS, EQ, 04-Oct-2024,4152.05,4127.4,4158.7,4001.25,4021.0,4015.65,4076.4,162454,6622.28,27253, 54124, 33.32,-3.29
ESCORTS, EQ, 04-Nov-2020,1234.6,1240.0,1243.9,1218.4,1231.15,1232.35,1231.68,1285385,15831.85,34973, 190590, 14.83,-0.18
ESCORTS, EQ, 04-Nov-2022,2013.1,2020.0,2021.95,1976.25,1987.0,1990.5,1994.11,559258,11152.24,29920, 98537, 17.62,-1.12
ESCORTS, EQ, 04-Nov-2024,3796.1,3796.0,3796.0,3674.55,3725.0,3739.1,3722.39,208225,7750.94,25691, 78063, 37.49,-1.5
ESCORTS, EQ, 04-Dec-2020,1406.7,1417.9,1452.65,1410.0, 1432.00,1432.4,1435.64,2305368,33096.73,87425, 497983, 21.60,1.83
ESCORTS, EQ, 04-Dec-2023,3205.2,3250.0,3250.0,3174.2, 3218.45,3213.5,3205.32,370026,11860.5,22438, 188124, 50.84,0.26
ESCORTS, EQ, 04-Dec-2024,3517.05,3520.0,3539.95,3436.65,3450.0,3451.25,3467.69,176179,6109.34,23110, 60248, 34.20,-1.87
ESCORTS, EQ, 05-Jan-2021,1312.25,1301.05,1320.0,1295.6, 1311.85,1313.2,1310.86,1833381,24033.02,56086, 440453, 24.02,0.07
ESCORTS, EQ, 05-Jan-2022,1893.35,1894.0,1896.45,1880.0, 1882.00,1882.1,1884.77,561073,10574.92,24458, 303341, 54.06,-0.59
ESCORTS, EQ, 05-Jan-2023,2145.3,2142.0,2175.0,2115.2,2163.0,2168.45,2148.88,178211,3829.55,12829, 26508, 14.87,1.08
ESCORTS, EQ, 05-Jan-2024,2858.45,2858.45,2881.85,2800.0, 2803.00,2804.85,2831.0,433569,12274.34,21688, 250244, 57.72,-1.88
ESCORTS, EQ, 05-Feb-2020,846.7,843.0,865.8,838.55, 858.00,855.3,857.2,3123728,26776.65,47497, 223501, 7.15,1.02
ESCORTS, EQ, 05-Feb-2021,1401.75,1415.65,1444.9,1391.0, 1401.90,1400.25,1410.93,1644014,23195.87,58747, 261774, 15.92,-0.11
ESCORTS, EQ, 05-Feb-2024,2944.55,2964.4,2995.0,2929.0, 2959.60,2967.85,2967.47,124224,3686.3,17470, 42068, 33.86,0.79
ESCORTS, EQ, 05-Feb-2025,3300.85,3310.0,3385.0,3310.0,3325.0,3326.05,3342.57,147784,4939.79,21658, 68129, 46.10,0.76
ESCORTS, EQ, 05-Mar-2020,830.95,832.05,845.35,822.1, 830.20,832.25,834.13,1905379,15893.25,39595, 74714, 3.92,0.16
ESCORTS, EQ, 05-Mar-2021,1343.7,1333.7,1359.45,1305.4,1324.5,1318.8,1329.89,962001,12793.57,46878, 368689, 38.33,-1.85
ESCORTS, EQ, 05-Mar-2024,2918.85,2930.0,2966.35,2859.05, 2870.00,2865.75,2903.53,223995,6503.77,25355, 74725, 33.36,-1.82
ESCORTS, EQ, 05-Mar-2025,2959.4,2979.9,3038.7,2959.4,3036.0,3033.05,3004.4,75557,2270.03,13371, 23129, 30.61,2.49
ESCORTS, EQ, 05-Apr-2021,1274.05,1272.0,1275.95,1229.0,1240.0,1235.35,1247.2,887686,11071.25,35620, 208105, 23.44,-3.04
ESCORTS, EQ, 05-Apr-2022,1765.05,1762.45,1934.0,1741.55, 1882.00,1864.3,1803.47,527972,9521.83,20120, 136994, 25.95,5.62
ESCORTS, EQ, 05-Apr-2023,1872.35,1872.0,1884.4,1840.0, 1843.00,1842.9,1850.75,229952,4255.83,23186, 66749, 29.03,-1.57
ESCORTS, EQ, 05-Apr-2024,3020.25,3020.0,3020.0,2992.95, 3000.60,2998.35,3001.44,120186,3607.31,15023, 57637, 47.96,-0.73
ESCORTS, EQ, 05-May-2020,682.85,701.9,713.4,680.4, 694.50,692.35,698.04,2849922,19893.67,59072, 345205, 12.11,1.39
ESCORTS, EQ, 05-May-2021,1123.8,1133.0,1134.45,1111.6, 1124.95,1123.0,1119.87,819639,9178.92,35727, 202175, 24.67,-0.07
ESCORTS, EQ, 05-May-2022,1563.85,1575.0,1581.7,1553.65, 1560.00,1563.3,1566.19,302809,4742.57,18662, 112720, 37.22,-0.04
ESCORTS, EQ, 05-May-2023,2050.35,2058.95,2083.0,2035.0, 2066.40,2067.4,2070.55,392429,8125.45,34647, 100825, 25.69,0.83
ESCORTS, EQ, 05-Jun-2020,976.55,983.0,988.9,962.1, 965.00,965.75,974.02,2269700,22107.24,51484, 622369, 27.42,-1.11
ESCORTS, EQ, 05-Jun-2023,2183.4,2184.95,2215.0,2177.0, 2200.00,2195.65,2201.18,128269,2823.43,9115, 45285, 35.30,0.56
ESCORTS, EQ, 05-Jun-2024,3802.5,3802.5,4019.9,3753.1,3890.0,3908.95,3920.9,483715,18965.97,48412, 170311, 35.21,2.8
ESCORTS, EQ, 05-Jul-2021,1202.95,1210.0,1214.35,1198.1, 1203.00,1202.05,1205.67,445326,5369.14,18064, 121419, 27.27,-0.07
ESCORTS, EQ, 05-Jul-2022,1527.45,1530.05,1538.75,1495.55,1505.0,1501.3,1516.38,360118,5460.74,11743, 107424, 29.83,-1.71
ESCORTS, EQ, 05-Jul-2023,2211.45,2210.0,2268.85,2202.1,2256.05,2261.95,2249.26,318159,7156.23,27394, 123650, 38.86,2.28
ESCORTS, EQ, 05-Jul-2024,4105.8,4104.9,4223.0,4090.05,4125.0,4130.75,4149.44,193469,8027.89,21595, 67781, 35.03,0.61
ESCORTS, EQ, 05-Aug-2020,1120.3,1125.3,1174.95,1124.0,1149.5,1146.55,1155.66,2651357,30640.74,68778, 477663, 18.02,2.34
ESCORTS, EQ, 05-Aug-2021,1234.15,1236.8,1255.0,1213.35,1222.75,1224.55,1234.26,3584311,44239.73,130918, 451185, 12.59,-0.78
ESCORTS, EQ, 05-Aug-2022,1635.6,1636.0,1652.8,1632.1,1642.0,1642.6,1643.55,172093,2828.44,11202, 55977, 32.53,0.43
ESCORTS, EQ, 05-Aug-2024,3905.2,3820.05,3849.9,3698.05,3760.35,3763.55,3764.53,577844,21753.09,43923, 298593, 51.67,-3.63
ESCORTS, EQ, 05-Sep-2022,2075.1,2070.0,2070.0,2007.1, 2016.00,2019.6,2028.05,749379,15197.81,48402, 203564, 27.16,-2.67
ESCORTS, EQ, 05-Sep-2023,3036.65,3079.8,3116.25,3026.0, 3063.00,3062.2,3068.67,825542,25333.16,51100, 216139, 26.18,0.84
ESCORTS, EQ, 05-Sep-2024,3778.0,3780.0,3810.8,3731.65,3740.0,3744.1,3762.1,74937,2819.2,11176, 23020, 30.72,-0.9
ESCORTS, EQ, 05-Oct-2020,1283.5,1290.0,1296.35,1225.0, 1240.95,1235.55,1247.85,2267887,28299.75,60495, 571787, 25.21,-3.74
ESCORTS, EQ, 05-Oct-2021,1496.4,1485.0,1515.8,1480.0, 1492.60,1488.8,1495.87,671752,10048.51,21864, 202740, 30.18,-0.51
ESCORTS, EQ, 05-Oct-2023,3195.5,3195.5,3289.0,3171.3, 3243.00,3242.95,3244.18,560109,18170.94,44674, 113981, 20.35,1.48
ESCORTS, EQ, 05-Nov-2020,1232.35,1242.2,1274.9,1233.25, 1252.50,1254.2,1258.34,1947383,24504.79,52943, 379225, 19.47,1.77
ESCORTS, EQ, 05-Nov-2024,3739.1,3750.55,3771.9,3653.1,3696.0,3706.05,3707.14,162180,6012.24,23084, 44954, 27.72,-0.88
ESCORTS, EQ, 05-Dec-2022,2323.8,2343.2,2347.0,2308.0, 2320.00,2322.5,2326.11,337111,7841.56,15067, 162408, 48.18,-0.06
ESCORTS, EQ, 05-Dec-2023,3213.5,3220.1,3229.7,3161.15, 3203.45,3202.55,3201.23,357718,11451.39,21938, 197830, 55.30,-0.34
ESCORTS, EQ, 05-Dec-2024,3451.25,3456.0,3484.75,3380.35,3456.7,3438.0,3428.89,209537,7184.8,19636, 77798, 37.13,-0.38
ESCORTS, EQ, 06-Jan-2020,620.85,618.0,618.0,602.0, 606.70,607.3,607.87,1480159,8997.37,26266, 249296, 16.84,-2.18
ESCORTS, EQ, 06-Jan-2021,1313.2,1311.85,1325.1,1277.5, 1292.00,1294.4,1295.68,2806134,36358.41,82541, 474487, 16.91,-1.43
ESCORTS, EQ, 06-Jan-2022,1882.1,1885.0,1891.05,1872.2, 1885.00,1883.3,1880.5,645807,12144.41,21930, 300737, 46.57,0.06
ESCORTS, EQ, 06-Jan-2023,2168.45,2151.1,2175.95,2135.0,2165.2,2164.9,2157.45,134130,2893.78,8737, 22260, 16.60,-0.16
ESCORTS, EQ, 06-Jan-2025,3371.9,3381.15,3381.15,3310.0,3317.05,3335.9,3340.7,141279,4719.71,13865, 63186, 44.72,-1.07
ESCORTS, EQ, 06-Feb-2020,855.3,857.0,865.0,846.2, 855.00,856.35,855.65,2324767,19891.81,31899, 202136, 8.69,0.12
ESCORTS, EQ, 06-Feb-2023,2077.15,2082.1,2086.0,2050.05, 2055.00,2061.9,2066.21,120736,2494.66,16319, 31586, 26.16,-0.73
ESCORTS, EQ, 06-Feb-2024,2967.85,2975.0,2985.0,2931.1, 2950.00,2948.35,2956.35,114429,3382.93,14100, 49863, 43.58,-0.66
ESCORTS, EQ, 06-Feb-2025,3326.05,3332.9,3354.6,3250.0,3281.0,3275.4,3294.65,73180,2411.02,13382, 26969, 36.85,-1.52
ESCORTS, EQ, 06-Mar-2020,832.25,808.7,828.4,798.7, 813.15,813.1,814.51,1674717,13640.81,30429, 119241, 7.12,-2.3
ESCORTS, EQ, 06-Mar-2023,2005.65,2014.75,2027.0,1995.5, 2012.00,2014.05,2011.68,169920,3418.25,21550, 26584, 15.65,0.42
ESCORTS, EQ, 06-Mar-2024,2865.75,2865.75,2865.75,2802.2, 2841.00,2842.1,2826.05,141990,4012.7,17671, 67214, 47.34,-0.83
ESCORTS, EQ, 06-Mar-2025,3033.05,3040.0,3090.0,3000.0,3083.95,3082.05,3069.73,176488,5417.7,19231, 69791, 39.54,1.62
ESCORTS, EQ, 06-Apr-2021,1235.35,1240.0,1248.75,1218.6,1223.0,1222.05,1228.14,1208009,14836.07,60841, 346800, 28.71,-1.08
ESCORTS, EQ, 06-Apr-2022,1864.3,1850.0,1900.0,1811.6, 1872.00,1889.4,1857.46,529990,9844.36,22728, 84104, 15.87,1.35
ESCORTS, EQ, 06-Apr-2023,1842.9,1844.2,1876.95,1831.5, 1875.90,1871.45,1854.85,298414,5535.13,22426, 104099, 34.88,1.55
ESCORTS, EQ, 06-May-2020,692.35,697.9,720.0,684.55, 720.00,715.6,708.1,2879800,20391.89,68891, 391021, 13.58,3.36
ESCORTS, EQ, 06-May-2021,1123.0,1129.85,1142.0,1115.05, 1134.20,1131.8,1127.26,1245287,14037.68,40175, 471241, 37.84,0.78
ESCORTS, EQ, 06-May-2022,1563.3,1550.1,1585.65,1531.7,1569.0,1568.1,1558.02,309235,4817.95,13234, 125775, 40.67,0.31
ESCORTS, EQ, 06-May-2024,3484.55,3491.0,3519.85,3441.0,3465.25,3474.1,3468.1,199230,6909.5,22193, 73243, 36.76,-0.3
ESCORTS, EQ, 06-Jun-2022,1602.95,1602.95,1605.25,1577.05,1588.8,1595.25,1592.97,181133,2885.4,10745, 79087, 43.66,-0.48
ESCORTS, EQ, 06-Jun-2023,2195.65,2197.0,2210.0,2164.0,2193.0,2197.3,2190.93,108091,2368.2,8788, 33690, 31.17,0.08
ESCORTS, EQ, 06-Jun-2024,3908.95,3919.0,4038.85,3910.05,4011.7,4011.0,3982.81,407715,16238.51,42458, 112086, 27.49,2.61
ESCORTS, EQ, 06-Jul-2020,1059.9,1066.0,1080.0,1052.25, 1070.70,1072.7,1069.2,2466328,26369.92,59817, 293853, 11.91,1.21
ESCORTS, EQ, 06-Jul-2021,1202.05,1202.0,1214.55,1188.0, 1201.10,1200.6,1204.07,966790,11640.82,35149, 421692, 43.62,-0.12
ESCORTS, EQ, 06-Jul-2022,1501.3,1502.5,1566.75,1502.5,1565.0,1562.2,1543.99,423085,6532.39,14823, 148767, 35.16,4.06
ESCORTS, EQ, 06-Jul-2023,2261.95,2260.0,2265.05,2223.3,2240.5,2243.05,2242.84,205775,4615.21,20610, 66184, 32.16,-0.84
ESCORTS, EQ, 06-Aug-2020,1146.55,1150.0,1160.6,1114.0,1123.0,1120.55,1126.95,1354492,15264.41,41270, 202640, 14.96,-2.27
ESCORTS, EQ, 06-Aug-2021,1224.55,1224.55,1229.5,1188.0, 1197.95,1199.9,1200.08,2075353,24905.9,70427, 644630, 31.06,-2.01
ESCORTS, EQ, 06-Aug-2024,3763.55,3771.9,3907.45,3684.05,3707.0,3698.25,3780.14,414341,15662.67,37707, 208665, 50.36,-1.74
ESCORTS, EQ, 06-Sep-2021,1321.7,1330.0,1390.9,1319.75,1386.3,1386.9,1362.91,2151756,29326.5,80019, 574953, 26.72,4.93
ESCORTS, EQ, 06-Sep-2022,2019.6,2030.5,2057.2,2017.1, 2019.20,2026.4,2035.63,452342,9208.01,23182, 114756, 25.37,0.34
ESCORTS, EQ, 06-Sep-2023,3062.2,3073.0,3156.5,3056.75, 3151.00,3152.3,3115.05,545207,16983.47,33462, 136349, 25.01,2.94
ESCORTS, EQ, 06-Sep-2024,3744.1,3726.0,3755.5,3675.0,3689.0,3687.0,3704.28,72008,2667.38,11240, 24072, 33.43,-1.53
ESCORTS, EQ, 06-Oct-2020,1235.55,1249.3,1265.7,1230.55,1249.45,1250.85,1247.41,2187345,27285.27,60371, 188412, 8.61,1.24
ESCORTS, EQ, 06-Oct-2021,1488.8,1486.5,1507.2,1445.0, 1450.00,1455.55,1479.93,557028,8243.6,19309, 132758, 23.83,-2.23
ESCORTS, EQ, 06-Oct-2022,2127.3,2137.95,2151.0,2124.65, 2125.50,2132.15,2134.71,265122,5659.57,13590, 60504, 22.82,0.23
ESCORTS, EQ, 06-Oct-2023,3242.95,3260.0,3273.85,3184.1, 3198.05,3194.2,3222.02,470533,15160.67,29564, 187311, 39.81,-1.5
ESCORTS, EQ, 06-Nov-2020,1254.2,1261.0,1291.0,1255.75, 1282.90,1285.45,1278.1,2012044,25715.92,50876, 420637, 20.91,2.49
ESCORTS, EQ, 06-Nov-2023,3076.45,3098.0,3114.95,3011.55, 3078.00,3079.8,3069.67,409967,12584.65,37381, 119652, 29.19,0.11
ESCORTS, EQ, 06-Nov-2024,3706.05,3715.95,3774.2,3686.2,3750.0,3751.4,3738.17,118432,4427.19,15382, 40457, 34.16,1.22
ESCORTS, EQ, 06-Dec-2021,1866.1,1860.0,1865.0,1843.5, 1845.75,1846.15,1853.87,674398,12502.45,17639, 282122, 41.83,-1.07
ESCORTS, EQ, 06-Dec-2022,2322.5,2315.0,2337.1,2291.15, 2300.00,2298.0,2307.53,284439,6563.52,13227, 90784, 31.92,-1.05
ESCORTS, EQ, 06-Dec-2023,3202.55,3220.0,3284.6,3200.0, 3225.00,3225.0,3243.12,406476,13182.52,29577, 127302, 31.32,0.7
ESCORTS, EQ, 06-Dec-2024,3438.0,3440.0,3534.9,3440.0,3522.0,3524.8,3498.97,264216,9244.83,26755, 62840, 23.78,2.52
ESCORTS, EQ, 07-Jan-2020,607.3,612.3,622.7,610.15, 610.60,612.1,615.56,1477019,9091.9,26848, 146537, 9.92,0.79
ESCORTS, EQ, 07-Jan-2021,1294.4,1310.0,1329.7,1303.55, 1317.00,1317.1,1317.68,2230665,29393.06,83978, 588774, 26.39,1.75
ESCORTS, EQ, 07-Jan-2022,1883.3,1897.0,1897.0,1870.35,1876.0,1877.8,1878.67,580896,10913.12,27005, 262866, 45.25,-0.29
ESCORTS, EQ, 07-Jan-2025,3335.9,3330.0,3368.95,3321.25,3331.0,3337.95,3341.56,73195,2445.86,11732, 15096, 20.62,0.06
ESCORTS, EQ, 07-Feb-2020,856.35,855.0,874.25,843.1, 866.00,867.9,858.93,3226182,27710.53,54843, 539271, 16.72,1.35
ESCORTS, EQ, 07-Feb-2022,1835.5,1840.0,1844.65,1810.1, 1826.65,1823.85,1821.2,712900,12983.3,20491, 399020, 55.97,-0.63
ESCORTS, EQ, 07-Feb-2023,2061.9,2061.9,2066.55,2002.0, 2006.00,2005.3,2024.22,216942,4391.38,17061, 51945, 23.94,-2.75
ESCORTS, EQ, 07-Feb-2024,2948.35,2956.0,2970.8,2908.5, 2930.20,2930.4,2928.42,92051,2695.64,9140, 27790, 30.19,-0.61
ESCORTS, EQ, 07-Feb-2025,3275.4,3283.0,3324.3,3239.0,3270.0,3269.7,3284.31,150501,4942.92,18114, 43954, 29.21,-0.17
ESCORTS, EQ, 07-Mar-2022,1828.65,1815.0,1818.85,1778.0, 1802.00,1797.15,1797.65,1370571,24638.02,26815,764660,55.79,-1.72
ESCORTS, EQ, 07-Mar-2024,2842.1,2840.6,2887.15,2813.0, 2849.50,2849.9,2853.79,340248,9709.97,26008, 204264, 60.03,0.27
ESCORTS, EQ, 07-Mar-2025,3082.05,3082.05,3099.0,3002.2,3010.15,3011.1,3039.74,107291,3261.37,18106, 43221, 40.28,-2.3
ESCORTS, EQ, 07-Apr-2020,592.4,623.0,668.25,600.2, 659.25,663.75,634.84,4083879,25926.28,96445, 573882, 14.05,12.04
ESCORTS, EQ, 07-Apr-2021,1222.05,1223.0,1250.95,1220.0,1236.8,1239.9,1238.11,1011855,12527.88,59015, 332323, 32.84,1.46
ESCORTS, EQ, 07-Apr-2022,1889.4,1805.0,1805.0,1701.0,1703.0,1715.25,1740.41,1978263,34429.89,59480, 491612, 24.85,-9.22
ESCORTS, EQ, 07-Apr-2025,3161.15,3000.0,3058.85,2959.0,3042.15,3050.75,3019.72,77663,2345.2,13118, 19965, 25.71,-3.49
ESCORTS, EQ, 07-May-2020,715.6,720.0,753.7,715.6, 750.50,750.15,741.87,5031786,37329.52,110490, 713597, 14.18,4.83
ESCORTS, EQ, 07-May-2021,1131.8,1138.0,1172.0,1137.5, 1160.00,1162.6,1161.32,2527838,29356.27,89428, 706047, 27.93,2.72
ESCORTS, EQ, 07-May-2024,3474.1,3468.7,3486.95,3413.6,3426.75,3440.7,3446.41,242500,8357.55,25838, 117588, 48.49,-0.96
ESCORTS, EQ, 07-Jun-2021,1218.95,1230.0,1230.0,1209.2, 1213.65,1212.4,1216.91,1751701,21316.69,56565, 865842, 49.43,-0.54
ESCORTS, EQ, 07-Jun-2022,1595.25,1585.0,1609.8,1577.8,1604.75,1601.45,1594.11,230493,3674.32,7037, 123936, 53.77,0.39
ESCORTS, EQ, 07-Jun-2023,2197.3,2202.95,2239.0,2195.75, 2225.85,2229.85,2225.24,331983,7387.43,23072, 64443, 19.41,1.48
ESCORTS, EQ, 07-Jun-2024,4011.0,4020.0,4050.0,3974.95,3989.0,3988.15,4003.2,224597,8991.06,29703, 84655, 37.69,-0.57
ESCORTS, EQ, 07-Jul-2020,1072.7,1071.05,1117.0,1065.15, 1111.25,1110.55,1093.85,2848922,31162.91,67269, 514436, 18.06,3.53
ESCORTS, EQ, 07-Jul-2021,1200.6,1196.3,1207.0,1190.45, 1203.00,1203.95,1200.59,547220,6569.86,21452, 179342, 32.77,0.28
ESCORTS, EQ, 07-Jul-2022,1562.2,1567.2,1597.0,1563.95, 1581.05,1579.6,1582.18,346457,5481.57,12848, 119155, 34.39,1.11
ESCORTS, EQ, 07-Jul-2023,2243.05,2243.0,2260.0,2192.0, 2214.00,2212.9,2225.46,249718,5557.38,21564, 58941, 23.60,-1.34
ESCORTS, EQ, 07-Aug-2020,1120.55,1124.0,1148.0,1120.0,1123.5,1123.65,1131.28,1753969,19842.22,50110, 373689, 21.31,0.28
ESCORTS, EQ, 07-Aug-2023,2575.55,2588.85,2590.0,2530.0, 2544.20,2549.7,2548.75,194959,4969.02,20669, 101993, 52.32,-1.0
ESCORTS, EQ, 07-Aug-2024,3698.25,3724.95,3780.0,3710.05,3741.85,3735.9,3737.68,240669,8995.44,33057, 132476, 55.04,1.02
ESCORTS, EQ, 07-Sep-2020,1182.4,1193.9,1213.9,1135.05, 1146.20,1145.95,1165.57,3198227,37277.63,110730, 445737, 13.94,-3.08
ESCORTS, EQ, 07-Sep-2021,1386.9,1392.7,1413.95,1351.85, 1393.00,1397.4,1388.71,2027043,28149.81,74696, 443747, 21.89,0.76
ESCORTS, EQ, 07-Sep-2022,2026.4,2019.0,2024.05,1986.15, 1987.75,1992.25,2005.1,347947,6976.7,23153, 113875, 32.73,-1.69
ESCORTS, EQ, 07-Sep-2023,3152.3,3152.9,3189.0,3121.55, 3135.15,3144.15,3155.99,418208,13198.61,29786, 139232, 33.29,-0.26
ESCORTS, EQ, 07-Oct-2020,1250.85,1251.0,1264.4,1233.0,1244.0,1245.85,1247.95,1652249,20619.31,44861, 200160, 12.11,-0.4
ESCORTS, EQ, 07-Oct-2021,1455.55,1465.9,1520.0,1459.45, 1518.90,1514.65,1499.45,1079940,16193.15,31811, 343632, 31.82,4.06
ESCORTS, EQ, 07-Oct-2022,2132.15,2134.0,2161.45,2103.15, 2129.95,2134.3,2132.59,337165,7190.34,18552, 88556, 26.26,0.1
ESCORTS, EQ, 07-Oct-2024,4015.65,4024.9,4032.6,3822.9,3875.0,3849.35,3898.49,213505,8323.47,39506, 78633, 36.83,-4.14
ESCORTS, EQ, 07-Nov-2022,1990.5,1960.0,1980.25,1926.0,1958.5,1957.55,1950.84,684515,13353.76,41651, 167441, 24.46,-1.66
ESCORTS, EQ, 07-Nov-2023,3079.8,3080.0,3174.8,3066.55, 3124.90,3125.4,3128.23,630807,19733.08,51331, 159114, 25.22,1.48
ESCORTS, EQ, 07-Nov-2024,3751.4,3751.4,3762.95,3600.0,3644.0,3643.65,3660.82,612930,22438.27,62825, 124608, 20.33,-2.87
ESCORTS, EQ, 07-Dec-2020,1432.4,1425.0,1425.0,1378.0, 1399.50,1397.9,1395.83,1919745,26796.3,71083, 471101, 24.54,-2.41
ESCORTS, EQ, 07-Dec-2021,1846.15,1852.0,1863.65,1840.9,1850.0,1851.6,1851.62,684639,12676.89,23875, 308800, 45.10,0.3
ESCORTS, EQ, 07-Dec-2022,2298.0,2295.0,2303.75,2273.05, 2290.00,2287.2,2289.38,192933,4416.97,13720, 66518, 34.48,-0.47
ESCORTS, EQ, 07-Dec-2023,3225.0,3234.0,3264.0,3206.6, 3251.05,3254.65,3245.01,209690,6804.45,20077, 83821, 39.97,0.92
ESCORTS, EQ, 08-Jan-2020,612.1,607.75,615.0,601.3, 611.70,613.2,607.82,1410819,8575.29,22892, 92285, 6.54,0.18
ESCORTS, EQ, 08-Jan-2021,1317.1,1328.0,1355.0,1320.0, 1346.00,1349.0,1341.5,2413770,32380.81,66296, 695698, 28.82,2.42
ESCORTS, EQ, 08-Jan-2024,2804.85,2805.0,2867.8,2804.85, 2847.00,2854.15,2839.62,338266,9605.48,24213, 172415, 50.97,1.76
ESCORTS, EQ, 08-Jan-2025,3337.95,3335.0,3363.0,3263.15,3342.4,3340.55,3317.49,109521,3633.35,18223, 38514, 35.17,0.08
ESCORTS, EQ, 08-Feb-2021,1400.25,1414.65,1453.95,1404.05, 1431.00,1432.8,1432.9,1681481,24093.98,63558, 327439, 19.47,2.32
ESCORTS, EQ, 08-Feb-2022,1823.85,1825.85,1849.85,1820.0,1842.0,1841.05,1833.07,1213130,22237.52,35931, 550032, 45.34,0.94
ESCORTS, EQ, 08-Feb-2023,2005.3,2020.55,2024.9,1962.0, 1983.00,1982.5,1981.59,446733,8852.42,35462, 83196, 18.62,-1.14
ESCORTS, EQ, 08-Feb-2024,2930.4,2964.0,2978.0,2860.05, 2935.00,2932.7,2923.07,457664,13377.82,35609, 94987, 20.75,0.08
ESCORTS, EQ, 08-Mar-2021,1318.8,1325.1,1352.25,1323.0, 1340.00,1336.55,1339.13,648315,8681.76,29756, 171010, 26.38,1.35
ESCORTS, EQ, 08-Mar-2022,1797.15,1792.05,1802.85,1741.1, 1765.05,1771.75,1764.18,1569716,27692.66,28813, 940560, 59.92,-1.41
ESCORTS, EQ, 08-Mar-2023,2014.05,2010.0,2023.0,1998.0, 2005.00,2009.25,2010.23,183532,3689.41,21111, 32172, 17.53,-0.24
ESCORTS, EQ, 08-Apr-2020,663.75,653.7,702.2,636.35, 638.60,642.35,672.04,4355051,29267.86,102155, 328639, 7.55,-3.22
ESCORTS, EQ, 08-Apr-2021,1239.9,1245.0,1285.9,1243.6, 1268.75,1270.75,1267.1,1285015,16282.45,51926, 458012, 35.64,2.49
ESCORTS, EQ, 08-Apr-2022,1715.25,1609.0,1640.0,1597.8, 1615.95,1610.2,1618.02,2455279,39726.84,71817, 864264, 35.20,-6.12
ESCORTS, EQ, 08-Apr-2024,2998.35,3000.6,3086.4,2950.05, 3082.65,3072.25,3050.52,404732,12346.43,36766, 96428, 23.83,2.46
ESCORTS, EQ, 08-Apr-2025,3050.75,3069.95,3110.0,3030.4,3081.95,3075.35,3076.18,69287,2131.39,9718, 21492, 31.02,0.81
ESCORTS, EQ, 08-May-2020,750.15,757.5,769.1,734.0, 740.00,740.35,749.52,2489824,18661.61,52372, 222301, 8.93,-1.31
ESCORTS, EQ, 08-May-2023,2067.4,2074.0,2100.95,2052.0, 2087.90,2090.9,2082.61,228065,4749.71,16014, 68087, 29.85,1.14
ESCORTS, EQ, 08-May-2024,3440.7,3415.0,3570.0,3407.55,3536.0,3538.4,3521.41,411500,14490.62,39283, 113207, 27.51,2.84
ESCORTS, EQ, 08-Jun-2020,965.75,974.0,979.9,953.5, 956.50,960.95,965.73,1698855,16406.4,45744, 207078, 12.19,-0.5
ESCORTS, EQ, 08-Jun-2021,1212.4,1213.75,1218.5,1197.5, 1205.50,1204.95,1206.92,1339391,16165.31,49105, 476763, 35.60,-0.61
ESCORTS, EQ, 08-Jun-2022,1601.45,1609.8,1633.3,1577.55,1595.0,1598.85,1599.25,286958,4589.16,11028, 99495, 34.67,-0.16
ESCORTS, EQ, 08-Jun-2023,2229.85,2229.95,2232.0,2155.55, 2170.75,2169.7,2180.08,243210,5302.16,24398, 65659, 27.00,-2.7
ESCORTS, EQ, 08-Jul-2020,1110.55,1106.0,1118.7,1081.1,1088.0,1088.1,1099.51,1735342,19080.34,43401, 322018, 18.56,-2.02
ESCORTS, EQ, 08-Jul-2021,1203.95,1204.0,1218.25,1196.25, 1200.40,1202.05,1204.86,743767,8961.38,29483, 275459, 37.04,-0.16
ESCORTS, EQ, 08-Jul-2022,1579.6,1592.6,1596.45,1556.6,1560.05,1561.75,1577.38,180839,2852.52,7992, 61009, 33.74,-1.13
ESCORTS, EQ, 08-Jul-2024,4130.75,4141.4,4171.2,4024.0,4095.0,4105.05,4088.36,202631,8284.29,23398, 73090, 36.07,-0.62
ESCORTS, EQ, 08-Aug-2022,1642.6,1641.9,1657.5,1633.8,1647.0,1649.5,1648.93,151169,2492.67,9197,60791,40.21,0.42
ESCORTS, EQ, 08-Aug-2023,2549.7,2550.0,2599.0,2535.75, 2598.00,2592.45,2570.2,178262,4581.69,17708, 59669, 33.47,1.68
ESCORTS, EQ, 08-Aug-2024,3735.9,3720.0,3732.75,3670.0,3678.25,3689.5,3704.77,241999,8965.51,28579, 108261, 44.74,-1.24
ESCORTS, EQ, 08-Sep-2020,1145.95,1149.95,1164.8,1116.0, 1121.50,1121.1,1138.98,2515410,28649.92,83515, 315682, 12.55,-2.17
ESCORTS, EQ, 08-Sep-2021,1397.4,1404.6,1408.0,1373.55, 1380.00,1383.25,1392.4,1060529,14766.84,41420, 202699, 19.11,-1.01
ESCORTS, EQ, 08-Sep-2022,1992.25,2003.9,2011.2,1975.6, 1992.00,1994.55,1991.19,275544,5486.59,17484, 64101, 23.26,0.12
ESCORTS, EQ, 08-Sep-2023,3144.15,3146.7,3198.9,3140.0, 3185.00,3185.4,3182.51,313212,9968.0,21612, 107962, 34.47,1.31
ESCORTS, EQ, 08-Oct-2020,1245.85,1252.95,1265.0,1227.25,1240.0,1243.15,1245.99,1371813,17092.6,38341, 144120, 10.51,-0.22
ESCORTS, EQ, 08-Oct-2021,1514.65,1524.5,1534.0,1494.25, 1506.10,1500.5,1513.03,1075371,16270.74,32413, 326469, 30.36,-0.93
ESCORTS, EQ, 08-Oct-2024,3849.35,3860.0,3912.9,3797.05,3873.15,3855.4,3858.22,317796,12261.28,45372, 152795, 48.08,0.16
ESCORTS, EQ, 08-Nov-2021,1528.1,1540.8,1545.75,1441.1, 1504.00,1505.95,1487.83,1304830,19413.62,47373, 450186, 34.50,-1.45
ESCORTS, EQ, 08-Nov-2023,3125.4,3128.0,3169.6,3112.85, 3136.70,3146.3,3148.16,231435,7285.95,20563, 62149, 26.85,0.67
ESCORTS, EQ, 08-Nov-2024,3643.65,3680.0,3689.8,3561.0, 3625.00,3635.5,3618.91,233793,8460.76,25653, 26971, 11.54,-0.22
ESCORTS, EQ, 08-Dec-2020,1397.9,1408.4,1412.95,1381.1,1394.0,1396.05,1394.48,1063290,14827.34,53878, 185458, 17.44,-0.13
ESCORTS, EQ, 08-Dec-2021,1851.6,1853.0,1885.85,1853.0,1870.8,1867.75,1868.69,909742,17000.29,34967, 292015, 32.10,0.87
ESCORTS, EQ, 08-Dec-2022,2287.2,2290.0,2316.95,2275.2, 2288.35,2289.45,2290.32,179328,4107.19,9406, 77493, 43.21,0.1
ESCORTS, EQ, 08-Dec-2023,3254.65,3255.0,3263.9,3110.65, 3146.00,3145.3,3171.65,413007,13099.12,31852, 142212, 34.43,-3.36
ESCORTS, EQ, 09-Jan-2020,613.2,618.0,645.4,617.3, 643.10,643.05,636.16,3176353,20206.61,47264, 525915, 16.56,4.87
ESCORTS, EQ, 09-Jan-2023,2164.9,2170.0,2212.6,2170.0,2207.0,2209.35,2200.15,204731,4504.4,14145, 60070, 29.34,2.05
ESCORTS, EQ, 09-Jan-2024,2854.15,2874.0,2879.0,2790.0,2815.45,2823.4,2851.99,346390,9879.01,27201, 132684, 38.30,-1.08
ESCORTS, EQ, 09-Jan-2025,3340.55,3364.0,3422.0,3316.7,3402.25,3389.6,3382.54,241518,8169.44,28612, 80317, 33.26,1.47
ESCORTS, EQ, 09-Feb-2021,1432.8,1441.0,1468.45,1420.1, 1425.00,1427.35,1445.7,2179561,31509.94,77944, 318213, 14.60,-0.38
ESCORTS, EQ, 09-Feb-2022,1841.05,1833.5,1859.0,1825.55, 1855.40,1855.95,1847.6,615172,11365.91,32422, 282788, 45.97,0.81
ESCORTS, EQ, 09-Feb-2023,1982.5,1939.05,1996.0,1915.05, 1974.00,1970.2,1959.87,419554,8222.7,26264, 38737, 9.23,-0.62
ESCORTS, EQ, 09-Feb-2024,2932.7,2905.0,2905.0,2648.4, 2807.95,2807.25,2730.6,2056922,56166.33,140091, 664747, 32.32,-4.28
ESCORTS, EQ, 09-Mar-2020,813.1,804.0,807.8,760.4, 770.65,775.1,777.31,2425107,18850.58,51570, 361559, 14.91,-4.67
ESCORTS, EQ, 09-Mar-2021,1336.55,1345.0,1369.0,1340.5, 1362.10,1362.6,1357.68,1321433,17940.89,53080, 439608, 33.27,1.95
ESCORTS, EQ, 09-Mar-2022,1771.75,1763.0,1780.9,1752.3, 1777.95,1774.85,1764.29,993783,17533.19,23388, 544490, 54.79,0.17
ESCORTS, EQ, 09-Mar-2023,2009.25,2014.0,2019.9,1960.0, 1972.00,1965.6,1988.71,288093,5729.33,24455, 66126, 22.95,-2.17
ESCORTS, EQ, 09-Apr-2020,642.35,661.0,696.6,653.55, 690.40,684.3,680.0,3501449,23809.71,81996, 229611, 6.56,6.53
ESCORTS, EQ, 09-Apr-2021,1270.75,1276.9,1289.0,1263.95,1270.8,1267.8,1275.11,866207,11045.12,35383, 254166, 29.34,-0.23
ESCORTS, EQ, 09-Apr-2024,3072.25,3099.0,3099.0,3001.0, 3017.95,3022.1,3034.4,223935,6795.08,24484, 68255, 30.48,-1.63
ESCORTS, EQ, 09-Apr-2025,3075.35,3095.3,3170.0,3070.85,3126.0,3128.75,3126.65,137050,4285.08,18187, 35409, 25.84,1.74
ESCORTS, EQ, 09-May-2022,1568.1,1555.0,1575.9,1534.1, 1558.00,1557.6,1551.74,263127,4083.04,12018, 103625, 39.38,-0.67
ESCORTS, EQ, 09-May-2023,2090.9,2096.95,2104.95,2072.15,2073.0,2079.65,2086.14,161246,3363.81,16793, 47097, 29.21,-0.54
ESCORTS, EQ, 09-May-2024,3538.4,3540.0,3542.0,3410.35,3470.0,3445.35,3455.11,426484,14735.48,39366, 116857, 27.40,-2.63
ESCORTS, EQ, 09-Jun-2020,960.95,961.5,984.7,938.65, 943.00,944.45,963.58,2201948,21217.45,64119, 160877, 7.31,-1.72
ESCORTS, EQ, 09-Jun-2021,1204.95,1212.95,1225.9,1186.0,1200.0,1198.15,1208.2,1612676,19484.28,63666, 517963, 32.12,-0.56
ESCORTS, EQ, 09-Jun-2022,1598.85,1590.0,1596.65,1565.0, 1576.00,1577.2,1578.86,186804,2949.38,7263, 52142, 27.91,-1.35
ESCORTS, EQ, 09-Jun-2023,2169.7,2179.9,2183.95,2130.3, 2135.00,2135.7,2149.12,150576,3236.06,21108, 40916, 27.17,-1.57
ESCORTS, EQ, 09-Jul-2020,1088.1,1088.1,1134.65,1088.1, 1131.95,1129.5,1116.45,3614508,40354.02,105527, 412794, 11.42,3.8
ESCORTS, EQ, 09-Jul-2021,1202.05,1199.0,1209.8,1191.05,1200.6,1200.2,1198.89,537159,6439.93,24629, 181689, 33.82,-0.15
ESCORTS, EQ, 09-Jul-2024,4105.05,4121.7,4176.9,4080.4,4163.0,4162.25,4139.68,88511,3664.07,13292, 23586, 26.65,1.39
ESCORTS, EQ, 09-Aug-2021,1199.9,1199.9,1211.9,1187.75, 1196.40,1194.3,1197.25,1004794,12029.88,35351, 515865, 51.34,-0.47
ESCORTS, EQ, 09-Aug-2023,2592.45,2606.95,2611.0,2560.5, 2591.85,2588.55,2583.11,95864,2476.27,13575, 28533, 29.76,-0.15
ESCORTS, EQ, 09-Aug-2024,3689.5,3705.45,3734.95,3671.05,3679.0,3687.8,3697.04,239948,8870.98,29293, 122269, 50.96,-0.05
ESCORTS, EQ, 09-Sep-2020,1121.1,1116.0,1216.5,1111.25, 1197.15,1205.8,1176.99,8979667,105690.16,209723, 1234830, 13.75,7.56
ESCORTS, EQ, 09-Sep-2021,1383.25,1361.35,1391.75,1352.0, 1380.10,1375.95,1373.73,1057441,14526.39,40590, 163507, 15.46,-0.53
ESCORTS, EQ, 09-Sep-2022,1994.55,2004.55,2016.9,1978.45, 1985.00,1983.8,1996.09,243246,4855.4,17030, 65228, 26.82,-0.54
ESCORTS, EQ, 09-Sep-2024,3687.0,3684.0,3693.0,3621.0,3674.45,3684.4,3663.8,97457,3570.63,14369, 21798, 22.37,-0.07
ESCORTS, EQ, 09-Oct-2020,1243.15,1246.95,1258.7,1217.5, 1219.00,1221.65,1233.87,1486409,18340.4,42423, 247106, 16.62,-1.73
ESCORTS, EQ, 09-Oct-2023,3194.2,3148.0,3223.0,3145.0, 3203.95,3201.05,3190.42,163067,5202.51,15873, 28982, 17.77,0.21
ESCORTS, EQ, 09-Oct-2024,3855.4,3915.0,4075.8,3905.6,4049.95,4045.1,4015.55,470400,18889.15,46316, 124016, 26.36,4.92
ESCORTS, EQ, 09-Nov-2020,1285.45,1296.2,1364.7,1286.75, 1358.00,1355.85,1331.02,2959408,39390.39,85631, 556521, 18.81,5.48
ESCORTS, EQ, 09-Nov-2021,1505.95,1515.0,1579.85,1515.0,1577.0,1570.75,1551.39,1753403,27202.06,57421, 686657, 39.16,4.3
ESCORTS, EQ, 09-Nov-2022,1957.55,1975.0,1995.0,1952.75, 1988.80,1987.5,1984.0,638324,12664.33,31543, 237547, 37.21,1.53
ESCORTS, EQ, 09-Nov-2023,3146.3,3145.0,3159.2,3083.0, 3095.00,3093.05,3118.56,132756,4140.08,14531, 29474, 22.20,-1.69
ESCORTS, EQ, 09-Dec-2020,1396.05,1398.6,1403.0,1383.0,1387.95,1389.25,1388.7,1046697,14535.45,52933, 269153, 25.71,-0.49
ESCORTS, EQ, 09-Dec-2021,1867.75,1875.0,1897.95,1865.55, 1879.95,1878.6,1885.57,1499650,28276.94,41165, 284904, 19.00,0.58
ESCORTS, EQ, 09-Dec-2022,2289.45,2301.5,2344.9,2265.2, 2291.00,2286.15,2303.4,420708,9690.61,21041, 82849, 19.69,-0.14
ESCORTS, EQ, 09-Dec-2024,3524.8,3531.0,3580.0,3521.55,3538.0,3546.4,3550.42,133373,4735.31,20186, 46051, 34.53,0.61
ESCORTS, EQ, 10-Jan-2020,643.05,645.8,652.75,639.15, 645.90,646.85,646.7,2338949,15126.09,29034, 364701, 15.59,0.59
ESCORTS, EQ, 10-Jan-2022,1877.8,1877.0,1878.0,1859.1,1866.2,1865.8,1866.62,568492,10611.59,33296, 334237, 58.79,-0.64
ESCORTS, EQ, 10-Jan-2023,2209.35,2212.0,2223.0,2171.05,2175.95,2177.25,2188.27,144965,3172.23,9501, 45877, 31.65,-1.45
ESCORTS, EQ, 10-Jan-2024,2823.4,2824.9,2861.45,2815.0, 2836.40,2835.0,2837.0,276966,7857.54,22952, 99574, 35.95,0.41
ESCORTS, EQ, 10-Jan-2025,3389.6,3396.0,3431.85,3327.7,3398.05,3405.9,3395.75,243845,8280.36,26313, 116039, 47.59,0.48
ESCORTS, EQ, 10-Feb-2020,867.9,866.0,878.5,861.55, 872.00,870.5,870.68,2523978,21975.84,45987, 200117, 7.93,0.3
ESCORTS, EQ, 10-Feb-2021,1427.35,1429.0,1453.95,1408.0,1440.55,1442.4,1430.48,1968341,28156.71,58809, 306138, 15.55,1.05
ESCORTS, EQ, 10-Feb-2022,1855.95,1855.0,1864.7,1844.55,1845.4,1846.8,1853.31,411418,7624.86,13600, 234587, 57.02,-0.49
ESCORTS, EQ, 10-Feb-2023,1970.2,1974.9,2110.0,1965.5, 2056.00,2057.8,2064.9,1314242,27137.81,76266, 144924, 11.03,4.45
ESCORTS, EQ, 10-Feb-2025,3269.7,3303.0,3349.0,3270.0,3300.0,3303.1,3319.36,291371,9671.65,35459, 50242, 17.24,1.02
ESCORTS, EQ, 10-Mar-2021,1362.6,1374.7,1378.0,1351.05, 1362.95,1365.0,1362.67,825036,11242.51,33318, 194058, 23.52,0.18
ESCORTS, EQ, 10-Mar-2022,1774.85,1781.1,1821.85,1776.0, 1817.90,1816.3,1805.03,1038233,18740.4,27290, 482682, 46.49,2.34
ESCORTS, EQ, 10-Mar-2023,1965.6,1956.0,1974.9,1935.0, 1962.00,1963.3,1958.6,160443,3142.43,12807, 25689, 16.01,-0.12
ESCORTS, EQ, 10-Mar-2025,3011.1,3010.15,3031.0,2922.3,2934.0,2931.75,2968.66,231262,6865.38,21886, 109437, 47.32,-2.64
ESCORTS, EQ, 10-Apr-2023,1871.45,1880.0,1901.25,1855.1, 1880.00,1876.65,1871.91,343020,6421.04,26072, 153335, 44.70,0.28
ESCORTS, EQ, 10-Apr-2024,3022.1,3039.0,3065.1,3009.0, 3027.00,3031.0,3037.47,122771,3729.13,15752, 29181, 23.77,0.29
ESCORTS, EQ, 10-May-2021,1162.6,1170.0,1187.5,1166.0, 1184.00,1182.15,1178.9,1666268,19643.6,73490, 603390, 36.21,1.68
ESCORTS, EQ, 10-May-2022,1557.6,1552.0,1609.8,1552.0, 1576.80,1578.25,1590.26,470516,7482.45,22541, 158061, 33.59,1.33
ESCORTS, EQ, 10-May-2023,2079.65,2082.6,2094.7,2034.0,2037.95,2047.55,2065.05,411661,8501.0,31783, 87281, 21.20,-1.54
ESCORTS, EQ, 10-May-2024,3445.35,3465.0,3582.0,3443.2,3550.0,3553.3,3528.0,949760,33507.51,75087, 132298, 13.93,3.13
ESCORTS, EQ, 10-Jun-2020,944.45,944.0,952.8,933.0, 945.00,941.8,942.18,2094163,19730.84,62844, 135867, 6.49,-0.28
ESCORTS, EQ, 10-Jun-2021,1198.15,1202.0,1211.0,1191.0, 1199.70,1199.0,1201.58,1264792,15197.54,45601, 599215, 47.38,0.07
ESCORTS, EQ, 10-Jun-2022,1577.2,1560.0,1585.95,1551.2,1580.0,1576.6,1576.08,351725,5543.47,12531, 195130, 55.48,-0.04
ESCORTS, EQ, 10-Jun-2024,3988.15,3999.9,4104.0,3966.0,4075.95,4051.9,4051.4,269834,10932.07,30157, 82694, 30.65,1.6
ESCORTS, EQ, 10-Jul-2020,1129.5,1115.0,1140.85,1113.45,1138.0,1136.6,1128.23,2509187,28309.48,73146, 308003, 12.28,0.63
ESCORTS, EQ, 10-Jul-2023,2212.9,2215.75,2294.9,2192.0,2294.0,2285.85,2257.37,473516,10689.0,30679, 131206, 27.71,3.3
ESCORTS, EQ, 10-Jul-2024,4162.25,4171.0,4191.75,4025.0,4055.0,4051.2,4079.0,155749,6353.0,20042, 51682, 33.18,-2.67
ESCORTS, EQ, 10-Aug-2020,1123.65,1132.65,1138.0,1099.3, 1118.00,1114.05,1117.28,1618856,18087.19,57026, 274425, 16.95,-0.85
ESCORTS, EQ, 10-Aug-2021,1194.3,1198.7,1277.0,1196.6, 1267.60,1270.0,1252.75,7304602,91508.05,213296, 1956721, 26.79,6.34
ESCORTS, EQ, 10-Aug-2022,1649.5,1649.5,1715.45,1645.0,1686.65,1689.95,1692.59,634597,10741.1,33470, 180841, 28.50,2.45
ESCORTS, EQ, 10-Aug-2023,2588.55,2590.0,2626.0,2571.45, 2585.10,2583.8,2603.52,321025,8357.94,24406, 109643, 34.15,-0.18
ESCORTS, EQ, 10-Sep-2020,1205.8,1208.9,1230.0,1161.0, 1189.50,1193.45,1195.82,5403523,64616.34,186632, 390240, 7.22,-1.02
ESCORTS, EQ, 10-Sep-2024,3684.4,3700.0,3754.45,3690.05,3745.5,3742.45,3723.23,147781,5502.22,14924, 75830, 51.31,1.58
ESCORTS, EQ, 10-Oct-2022,2134.3,2110.0,2127.6,2080.8, 2100.90,2098.7,2104.83,178202,3750.85,11339, 48992, 27.49,-1.67
ESCORTS, EQ, 10-Oct-2023,3201.05,3245.95,3414.9,3232.25, 3411.45,3393.45,3341.1,1746758,58360.93,94352, 324548, 18.58,6.01
ESCORTS, EQ, 10-Oct-2024,4045.1,4068.0,4084.15,3964.05,3980.0,3973.8,4014.33,180370,7240.64,29650, 64932, 36.00,-1.76
ESCORTS, EQ, 10-Nov-2020,1355.85,1365.0,1367.0,1324.15, 1341.00,1335.55,1344.04,1701431,22867.85,66001, 468990, 27.56,-1.5
ESCORTS, EQ, 10-Nov-2021,1570.75,1560.0,1596.0,1520.75, 1538.45,1543.1,1563.88,1568558,24530.37,71683, 586116, 37.37,-1.76
ESCORTS, EQ, 10-Nov-2022,1987.5,1989.0,2062.85,1988.0, 2022.55,2020.45,2016.75,896932,18088.91,32042, 291869, 32.54,1.66
ESCORTS, EQ, 10-Nov-2023,3093.05,3083.8,3174.35,3062.5,3155.1,3166.9,3142.09,535506,16826.07,26228, 321487, 60.03,2.39
ESCORTS, EQ, 10-Dec-2020,1389.25,1391.7,1394.6,1364.0, 1374.50,1371.85,1374.0,1267284,17412.45,53000, 382198, 30.16,-1.25
ESCORTS, EQ, 10-Dec-2021,1878.6,1879.95,1879.95,1855.2, 1866.00,1868.0,1866.02,757187,14129.29,22464, 343473, 45.36,-0.56
ESCORTS, EQ, 10-Dec-2024,3546.4,3531.0,3564.15,3501.2,3526.5,3512.1,3532.07,97820,3455.07,15149, 38442, 39.30,-0.97
ESCORTS, EQ, 11-Jan-2021,1349.0,1352.0,1368.0,1334.0, 1353.00,1354.95,1353.58,1482086,20061.28,67954, 358000, 24.16,0.44
ESCORTS, EQ, 11-Jan-2022,1865.8,1865.0,1871.65,1848.85,1854.5,1854.9,1855.19,920042,17068.56,28981, 593440, 64.50,-0.58
ESCORTS, EQ, 11-Jan-2023,2177.25,2185.0,2185.95,2114.0, 2126.15,2131.85,2142.89,236313,5063.93,17209, 46146, 19.53,-2.09
ESCORTS, EQ, 11-Jan-2024,2835.0,2840.0,2878.2,2836.0, 2852.00,2862.85,2866.28,293794,8420.97,19681, 143075, 48.70,0.98
ESCORTS, EQ, 11-Feb-2020,870.5,875.1,882.5,862.8, 865.35,865.8,872.82,2061948,17997.11,31407, 158472, 7.69,-0.54
ESCORTS, EQ, 11-Feb-2021,1442.4,1431.4,1442.0,1421.0,1424.0,1424.85,1428.21,711530,10162.17,22481, 88989, 12.51,-1.22
ESCORTS, EQ, 11-Feb-2022,1846.8,1845.0,1862.0,1841.0,1853.8,1854.45,1851.08,368706,6825.04,10383, 204192, 55.38,0.41
ESCORTS, EQ, 11-Feb-2025,3303.1,3200.0,3244.0,3098.55,3123.0,3129.7,3157.48,826805,26106.24,74178, 268294, 32.45,-5.25
ESCORTS, EQ, 11-Mar-2020,775.1,774.0,790.8,745.1, 747.60,748.3,760.04,2744883,20862.32,45794, 393293, 14.33,-3.46
ESCORTS, EQ, 11-Mar-2022,1816.3,1815.0,1820.0,1802.1, 1818.90,1818.2,1812.47,553138,10025.48,16803, 328469, 59.38,0.1
ESCORTS, EQ, 11-Mar-2024,2849.9,2868.0,2873.55,2831.15, 2845.00,2838.1,2849.7,142570,4062.82,17575, 59934, 42.04,-0.41
ESCORTS, EQ, 11-Mar-2025,2931.75,2921.0,2931.75,2851.0,2903.0,2890.2,2886.59,391673,11305.99,26088, 244140, 62.33,-1.42
ESCORTS, EQ, 11-Apr-2022,1610.2,1600.0,1624.0,1575.0,1600.05,1603.85,1594.96,2460898,39250.27,59016, 815487, 33.14,-0.39
ESCORTS, EQ, 11-Apr-2023,1876.65,1889.15,1907.8,1872.3, 1895.50,1895.05,1894.28,427389,8095.94,25086, 122643, 28.70,0.98
ESCORTS, EQ, 11-Apr-2025,3128.75,3183.55,3219.9,3145.0,3178.2,3178.2,3182.67,55811,1776.28,10068, 13543, 24.27,1.58
ESCORTS, EQ, 11-May-2020,740.35,747.35,776.8,742.15, 753.25,755.15,759.5,3585712,27233.46,75823, 308409, 8.60,2.0
ESCORTS, EQ, 11-May-2021,1182.15,1177.0,1181.0,1162.0, 1174.50,1175.95,1171.57,712524,8347.7,32198, 196789, 27.62,-0.52
ESCORTS, EQ, 11-May-2022,1578.25,1588.0,1598.8,1562.75,1591.95,1586.35,1580.81,483439,7642.27,21708, 183528, 37.96,0.51
ESCORTS, EQ, 11-May-2023,2047.55,2050.85,2074.0,2027.05, 2065.50,2069.7,2055.78,468823,9637.98,20750, 207856, 44.34,1.08
ESCORTS, EQ, 11-Jun-2020,941.8,942.0,957.65,915.0, 919.55,918.35,938.93,2262760,21245.66,55856, 302697, 13.38,-2.49
ESCORTS, EQ, 11-Jun-2021,1199.0,1207.7,1233.5,1202.0, 1219.10,1218.9,1221.41,2410638,29443.69,79382, 629548, 26.12,1.66
ESCORTS, EQ, 11-Jun-2024,4051.9,4072.2,4169.6,4055.95,4126.0,4126.35,4130.7,372033,15367.58,42944, 104188, 28.01,1.84
ESCORTS, EQ, 11-Jul-2022,1561.75,1551.55,1602.0,1549.95,1580.0,1581.2,1580.38,460382,7275.79,18102, 68107, 14.79,1.25
ESCORTS, EQ, 11-Jul-2023,2285.85,2300.0,2331.6,2290.0, 2292.40,2294.9,2306.7,450290,10386.85,31982, 93698, 20.81,0.4
ESCORTS, EQ, 11-Jul-2024,4051.2,4075.0,4093.55,3972.95,3994.0,3988.35,3996.47,201746,8062.72,23189, 80359, 39.83,-1.55
ESCORTS, EQ, 11-Aug-2020,1114.05,1121.2,1142.65,1112.25,1119.95,1118.8,1125.48,1068180,12022.12,33441, 127241, 11.91,0.43
ESCORTS, EQ, 11-Aug-2021,1270.0,1270.0,1278.9,1231.25, 1259.00,1261.9,1253.61,1941460,24338.25,71109, 366737, 18.89,-0.64
ESCORTS, EQ, 11-Aug-2022,1689.95,1689.5,1698.4,1657.05,1661.0,1664.35,1671.83,409059,6838.76,19275, 152440, 37.27,-1.51
ESCORTS, EQ, 11-Aug-2023,2583.8,2589.4,2609.95,2571.6, 2575.40,2578.25,2594.66,103398,2682.82,9101, 13825, 13.37,-0.21
ESCORTS, EQ, 11-Sep-2020,1193.45,1192.8,1214.25,1182.0, 1195.60,1198.6,1196.62,2739844,32785.49,99239, 367514, 13.41,0.43
ESCORTS, EQ, 11-Sep-2023,3185.4,3198.0,3213.95,3170.0, 3187.25,3192.7,3188.1,162412,5177.86,12420, 47439, 29.21,0.23
ESCORTS, EQ, 11-Sep-2024,3742.45,3764.0,3797.55,3735.15,3760.0,3761.55,3770.33,210800,7947.85,20131, 105466, 50.03,0.51
ESCORTS, EQ, 11-Oct-2021,1500.5,1505.0,1529.9,1486.6, 1490.95,1491.75,1506.99,907444,13675.12,25042, 417084, 45.96,-0.58
ESCORTS, EQ, 11-Oct-2022,2098.7,2105.0,2107.9,2034.55, 2036.35,2041.25,2063.89,220563,4552.18,12966, 60922, 27.62,-2.74
ESCORTS, EQ, 11-Oct-2023,3393.45,3430.0,3440.15,3375.6, 3399.95,3399.95,3400.38,555614,18893.0,39079, 135265, 24.35,0.19
ESCORTS, EQ, 11-Oct-2024,3973.8,3973.8,3980.5,3899.7,3950.0,3937.95,3928.85,210348,8264.27,22739, 102287, 48.63,-0.9
ESCORTS, EQ, 11-Nov-2020,1335.55,1348.9,1373.35,1331.0, 1369.80,1366.85,1353.51,1579653,21380.72,49620, 315298, 19.96,2.34
ESCORTS, EQ, 11-Nov-2021,1543.1,1545.0,1547.0,1456.0, 1529.85,1521.3,1492.74,3281771,48988.32,107960, 1105699, 33.69,-1.41
ESCORTS, EQ, 11-Nov-2022,2020.45,2035.0,2044.6,1972.3,1980.7,1984.3,1991.4,539869,10750.93,23334, 239182, 44.30,-1.79
ESCORTS, EQ, 11-Nov-2024,3635.5,3613.6,3667.8,3596.1, 3620.55,3620.9,3640.14,117048,4260.71,23759, 42963, 36.71,-0.4
ESCORTS, EQ, 11-Dec-2020,1371.85,1370.9,1384.15,1350.0, 1360.10,1361.05,1363.19,1180252,16089.08,53070, 202238, 17.14,-0.79
ESCORTS, EQ, 11-Dec-2023,3145.3,3164.0,3206.65,3140.15, 3165.80,3170.6,3174.64,394308,12517.88,26503, 204543, 51.87,0.8
ESCORTS, EQ, 11-Dec-2024,3512.1,3505.0,3546.7,3485.5,3495.95,3494.4,3509.62,108820,3819.17,14368, 52009, 47.79,-0.5
ESCORTS, EQ, 12-Jan-2021,1354.95,1340.0,1385.0,1340.0, 1373.00,1377.45,1372.11,1757289,24111.94,62527, 419427, 23.87,1.66
ESCORTS, EQ, 12-Jan-2022,1854.9,1858.0,1868.8,1847.0,1865.75,1864.95,1854.59,783151,14524.24,28384, 465861, 59.49,0.54
ESCORTS, EQ, 12-Jan-2023,2131.85,2131.0,2143.55,2080.5, 2109.60,2109.55,2104.96,213180,4487.36,16455, 46062, 21.61,-1.05
ESCORTS, EQ, 12-Jan-2024,2862.85,2865.0,2890.0,2843.95,2875.55,2876.35,2876.75,259618,7468.56,21761, 111444, 42.93,0.47
ESCORTS, EQ, 12-Feb-2020,865.8,867.5,880.9,862.35, 878.20,878.8,871.23,1866659,16262.95,33094, 157455, 8.44,1.5
ESCORTS, EQ, 12-Feb-2021,1424.85,1432.15,1436.0,1409.0,1421.7,1423.9,1424.42,643467,9165.64,17580, 66395, 10.32,-0.07
ESCORTS, EQ, 12-Feb-2024,2807.25,2807.2,2874.95,2783.3, 2802.05,2815.9,2823.62,395080,11155.56,30877, 182269, 46.13,0.31
ESCORTS, EQ, 12-Feb-2025,3129.7,3145.1,3161.0,3007.55,3017.65,3023.0,3041.3,469457,14277.62,35301, 230128, 49.02,-3.41
ESCORTS, EQ, 12-Mar-2020,748.3,690.25,709.75,663.05, 682.50,680.85,684.73,2768858,18959.22,49431, 278981, 10.08,-9.01
ESCORTS, EQ, 12-Mar-2021,1365.0,1371.0,1389.4,1358.3, 1380.60,1380.65,1372.59,864530,11866.47,45336, 259581, 30.03,1.15
ESCORTS, EQ, 12-Mar-2024,2838.1,2843.0,2847.95,2800.05, 2800.05,2816.35,2821.68,124111,3502.01,16676, 49295, 39.72,-0.77
ESCORTS, EQ, 12-Mar-2025,2890.2,2901.0,2991.55,2890.2,2922.95,2923.25,2927.17,186542,5460.39,19034, 66483, 35.64,1.14
ESCORTS, EQ, 12-Apr-2021,1267.8,1249.0,1254.45,1193.0, 1217.60,1216.0,1216.82,1068953,13007.2,48367, 337319, 31.56,-4.09
ESCORTS, EQ, 12-Apr-2022,1603.85,1595.0,1607.9,1531.1, 1539.90,1539.65,1562.76,2000674,31265.77,64280, 878204, 43.90,-4.0
ESCORTS, EQ, 12-Apr-2023,1895.05,1904.95,1935.0,1900.0, 1917.00,1921.15,1923.54,397760,7651.06,27484, 163989, 41.23,1.38
ESCORTS, EQ, 12-Apr-2024,3031.0,3024.75,3076.0,3015.65, 3024.00,3023.95,3041.77,218307,6640.41,19749, 78264, 35.85,-0.23
ESCORTS, EQ, 12-May-2020,755.15,751.8,769.45,736.4, 766.55,765.15,752.22,2596808,19533.75,64043, 228506, 8.80,1.32
ESCORTS, EQ, 12-May-2021,1175.95,1174.0,1192.8,1161.45,1172.0,1169.6,1177.33,1226875,14444.34,51524, 312265, 25.45,-0.54
ESCORTS, EQ, 12-May-2022,1586.35,1578.0,1590.0,1538.1,1546.15,1554.4,1561.85,544245,8500.32,23392, 280337, 51.51,-2.01
ESCORTS, EQ, 12-May-2023,2069.7,2065.0,2084.4,2055.65, 2061.50,2062.6,2064.63,125151,2583.9,8244, 56728, 45.33,-0.34
ESCORTS, EQ, 12-Jun-2020,918.35,897.0,986.4,895.15, 984.90,977.6,941.89,3325502,31322.7,76005, 423326, 12.73,6.45
ESCORTS, EQ, 12-Jun-2023,2135.7,2136.1,2162.45,2111.85, 2159.75,2158.35,2137.68,131605,2813.29,14088, 47060, 35.76,1.06
ESCORTS, EQ, 12-Jun-2024,4126.35,4130.0,4147.05,4062.0,4109.15,4122.6,4107.4,180890,7429.88,21652, 36543, 20.20,-0.09
ESCORTS, EQ, 12-Jul-2021,1200.2,1210.0,1211.1,1193.5, 1202.20,1200.75,1201.04,558276,6705.13,30170, 242453, 43.43,0.05
ESCORTS, EQ, 12-Jul-2022,1581.2,1574.95,1595.2,1567.05,1571.15,1580.45,1582.37,263198,4164.78,18895, 92881, 35.29,-0.05
ESCORTS, EQ, 12-Jul-2023,2294.9,2299.75,2337.15,2296.25, 2319.00,2317.65,2318.58,296119,6865.75,25491, 73987, 24.99,0.99
ESCORTS, EQ, 12-Jul-2024,3988.35,3988.35,4006.15,3902.7,3910.0,3915.6,3943.99,160794,6341.7,23696, 77996, 48.51,-1.82
ESCORTS, EQ, 12-Aug-2020,1118.8,1118.95,1135.85,1108.0,1119.0,1117.8,1121.96,1403073,15741.88,42767, 196763, 14.02,-0.09
ESCORTS, EQ, 12-Aug-2021,1261.9,1261.9,1274.2,1251.9, 1262.40,1265.15,1262.42,1085972,13709.48,43915, 401511, 36.97,0.26
ESCORTS, EQ, 12-Aug-2022,1664.35,1674.55,1694.95,1652.95,1687.1,1681.4,1675.38,417500,6994.73,19612, 153163, 36.69,1.02
ESCORTS, EQ, 12-Aug-2024,3687.8,3685.0,3732.65,3655.0,3721.65,3714.35,3698.42,168767,6241.72,21855, 70764, 41.93,0.72
ESCORTS, EQ, 12-Sep-2022,1983.8,1993.75,2029.9,1983.4, 1990.00,1988.95,2000.54,329913,6600.05,15418, 95485, 28.94,0.26
ESCORTS, EQ, 12-Sep-2023,3192.7,3200.0,3204.95,3082.25, 3100.00,3098.1,3122.31,298814,9329.88,25406, 94604, 31.66,-2.96
ESCORTS, EQ, 12-Sep-2024,3761.55,3779.95,3801.6,3748.5,3794.8,3791.25,3786.68,82205,3112.84,12838, 31932, 38.84,0.79
ESCORTS, EQ, 12-Oct-2020,1221.65,1224.9,1259.0,1213.25, 1254.95,1254.2,1238.56,2100408,26014.89,76849, 333353, 15.87,2.66
ESCORTS, EQ, 12-Oct-2021,1491.75,1491.4,1538.9,1489.95, 1517.20,1516.65,1516.76,1197881,18168.99,40674, 378531, 31.60,1.67
ESCORTS, EQ, 12-Oct-2022,2041.25,2050.0,2098.0,2044.25, 2082.00,2083.6,2076.82,397117,8247.42,18759, 94358, 23.76,2.07
ESCORTS, EQ, 12-Oct-2023,3399.95,3402.0,3431.6,3371.65, 3416.95,3413.75,3401.28,236561,8046.11,20273, 62722, 26.51,0.41
ESCORTS, EQ, 12-Nov-2020,1366.85,1372.95,1422.3,1368.25, 1404.00,1401.85,1395.42,3087921,43089.54,88422, 590012, 19.11,2.56
ESCORTS, EQ, 12-Nov-2021,1521.3,1535.0,1594.0,1530.0, 1580.00,1580.75,1567.94,2365813,37094.65,60030, 978774, 41.37,3.91
ESCORTS, EQ, 12-Nov-2024,3620.9,3635.0,3703.95,3535.0,3550.0,3559.45,3614.51,158647,5734.32,21060, 48909, 30.83,-1.7
ESCORTS, EQ, 12-Dec-2022,2286.15,2290.0,2295.6,2266.25, 2278.90,2274.45,2278.55,166791,3800.41,9200, 60431, 36.23,-0.51
ESCORTS, EQ, 12-Dec-2023,3170.6,3180.0,3200.0,3106.1, 3126.60,3122.95,3144.9,188620,5931.9,20912, 68151, 36.13,-1.5
ESCORTS, EQ, 12-Dec-2024,3494.4,3494.4,3508.0,3433.35,3433.35,3438.45,3456.85,87396,3021.15,19917, 39676, 45.40,-1.6
ESCORTS, EQ, 13-Jan-2020,646.85,648.9,660.0,646.5, 653.00,652.85,653.66,1654638,10815.74,23887, 205990, 12.45,0.93
ESCORTS, EQ, 13-Jan-2021,1377.45,1386.8,1389.7,1351.0, 1360.00,1364.4,1371.19,1404013,19251.75,55489, 319479, 22.75,-0.95
ESCORTS, EQ, 13-Jan-2022,1864.95,1870.0,1872.0,1850.15, 1856.15,1858.5,1855.75,902887,16755.34,25488, 594755, 65.87,-0.35
ESCORTS, EQ, 13-Jan-2023,2109.55,2118.0,2131.0,2095.0,2118.0,2117.95,2115.3,101721,2151.71,8274, 16478, 16.20,0.4
ESCORTS, EQ, 13-Jan-2025,3405.9,3384.5,3397.9,3272.35,3302.95,3298.1,3312.76,163058,5401.73,19166, 62973, 38.62,-3.17
ESCORTS, EQ, 13-Feb-2020,878.8,887.55,894.5,873.55, 888.50,888.55,884.56,3892194,34428.93,62031, 454810, 11.69,1.11
ESCORTS, EQ, 13-Feb-2023,2057.8,2064.0,2105.95,2051.05,2082.0,2079.6,2081.61,547046,11387.38,35289, 96370, 17.62,1.06
ESCORTS, EQ, 13-Feb-2024,2815.9,2830.0,2830.0,2747.0, 2780.00,2786.5,2773.51,837938,23240.27,33674, 589083, 70.30,-1.04
ESCORTS, EQ, 13-Feb-2025,3023.0,3027.9,3054.9,2965.0,3020.0,3022.35,3026.07,245178,7419.25,25534, 101644, 41.46,-0.02
ESCORTS, EQ, 13-Mar-2020,680.85,616.0,740.0,590.05, 705.00,700.45,679.44,2911895,19784.6,59894, 491099, 16.87,2.88
ESCORTS, EQ, 13-Mar-2023,1963.3,1963.0,1973.15,1908.35, 1925.00,1926.05,1933.3,144269,2789.15,11321, 39517, 27.39,-1.9
ESCORTS, EQ, 13-Mar-2024,2816.35,2805.1,2830.75,2700.55, 2710.20,2712.9,2758.28,186399,5141.4,22015, 59317, 31.82,-3.67
ESCORTS, EQ, 13-Mar-2025,2923.25,2947.0,2964.6,2898.3,2913.7,2908.5,2922.3,81455,2380.36,11309, 33094, 40.63,-0.5
ESCORTS, EQ, 13-Apr-2020,684.3,684.3,698.9,660.05, 698.70,689.8,680.14,2844324,19345.33,67381,221917,8.97,0.8
ESCORTS, EQ, 13-Apr-2021,1216.0,1216.55,1242.75,1196.75, 1233.00,1234.1,1223.99,1082272,13246.95,50459, 237352, 21.93,1.49
ESCORTS, EQ, 13-Apr-2022,1539.65,1549.0,1557.95,1532.35,1547.0,1542.8,1544.32,649760,10034.35,17793, 269653, 41.50,0.2
ESCORTS, EQ, 13-Apr-2023,1921.15,1924.15,1989.4,1924.15, 1958.40,1961.95,1961.04,738700,14486.21,43102, 90275, 12.22,2.12
ESCORTS, EQ, 13-May-2020,765.15,785.0,823.35,762.1,810.5,812.25,803.12,6816347,54743.23,136497, 842614, 12.36,6.16
ESCORTS, EQ, 13-May-2022,1554.4,1545.0,1607.4,1537.45,1554.0,1550.0,1566.0,1163134,18214.73,56408, 317239, 27.27,-0.28
ESCORTS, EQ, 13-May-2024,3553.3,3541.0,3619.0,3510.0,3605.0,3599.75,3580.53,346779,12416.52,29068, 86058, 24.82,1.31
ESCORTS, EQ, 13-Jun-2022,1576.6,1564.0,1564.6,1534.6,1551.0,1546.55,1552.07,182111,2826.49,7902, 75066, 41.22,-1.91
ESCORTS, EQ, 13-Jun-2023,2158.35,2170.05,2191.2,2157.0, 2181.00,2186.85,2174.14,190904,4150.52,18587, 80622, 42.23,1.32
ESCORTS, EQ, 13-Jun-2024,4122.6,4123.55,4260.45,4123.55,4245.0,4247.65,4226.77,368758,15586.55,41475, 95893, 26.00,3.03
ESCORTS, EQ, 13-Jul-2020,1136.6,1142.0,1154.8,1124.3, 1125.80,1129.15,1136.35,1942503,22073.62,58438, 345211, 17.77,-0.66
ESCORTS, EQ, 13-Jul-2021,1200.75,1208.95,1208.95,1195.0, 1200.00,1199.9,1200.7,387934,4657.91,19075, 163480, 42.14,-0.07
ESCORTS, EQ, 13-Jul-2022,1580.45,1590.0,1620.0,1578.6,1602.3,1605.3,1608.26,509257,8190.16,18765, 141415, 27.77,1.57
ESCORTS, EQ, 13-Jul-2023,2317.65,2334.5,2334.5,2289.85, 2324.80,2317.15,2314.8,212304,4914.4,20326, 53353, 25.13,-0.02
ESCORTS, EQ, 13-Aug-2020,1117.8,1120.9,1143.0,1116.0, 1119.75,1120.85,1129.33,1412424,15950.94,43932, 242173, 17.15,0.27
ESCORTS, EQ, 13-Aug-2021,1265.15,1268.0,1288.0,1258.75,1268.0,1272.4,1275.04,1413324,18020.49,50375, 430318, 30.45,0.57
ESCORTS, EQ, 13-Aug-2024,3714.35,3720.25,3768.5,3693.65,3708.85,3704.1,3739.79,179475,6711.99,15438, 78165, 43.55,-0.28
ESCORTS, EQ, 13-Sep-2021,1375.95,1379.7,1391.95,1365.0, 1376.70,1378.85,1375.8,770813,10604.84,31300, 255886, 33.20,0.21
ESCORTS, EQ, 13-Sep-2022,1988.95,1998.0,2014.5,1980.2, 1984.80,1988.0,1990.52,293330,5838.8,13531, 119975, 40.90,-0.05
ESCORTS, EQ, 13-Sep-2023,3098.1,3105.0,3133.15,3058.9, 3118.00,3119.5,3097.61,192290,5956.4,21534, 46200, 24.03,0.69
ESCORTS, EQ, 13-Sep-2024,3791.25,3800.0,3836.65,3787.3,3803.0,3812.55,3813.9,261875,9987.65,25930, 44017, 16.81,0.56
ESCORTS, EQ, 13-Oct-2020,1254.2,1254.35,1276.95,1235.0, 1240.00,1241.25,1256.85,2842613,35727.26,91664, 244064, 8.59,-1.03
ESCORTS, EQ, 13-Oct-2021,1516.65,1522.0,1558.0,1512.2,1523.0,1520.2,1532.86,1231332,18874.63,42074, 278719, 22.64,0.23
ESCORTS, EQ, 13-Oct-2022,2083.6,2080.0,2097.5,1966.7,1998.0,1999.75,2012.79,575930,11592.28,28498, 56665, 9.84,-4.02
ESCORTS, EQ, 13-Oct-2023,3413.75,3394.35,3423.95,3366.05, 3379.10,3378.8,3389.95,295441,10015.31,27553, 98756, 33.43,-1.02
ESCORTS, EQ, 13-Nov-2020,1401.85,1402.95,1417.85,1382.8,1395.9,1395.95,1398.53,1461489,20439.37,40682, 234000, 16.01,-0.42
ESCORTS, EQ, 13-Nov-2023,3172.8,3177.1,3205.6,3132.25, 3140.00,3137.65,3173.94,220281,6991.59,18931, 39509, 17.94,-1.11
ESCORTS, EQ, 13-Nov-2024,3559.45,3564.0,3571.9,3480.0,3490.15,3495.25,3511.81,111810,3926.55,19582, 32351, 28.93,-1.8
ESCORTS, EQ, 13-Dec-2021,1868.0,1869.0,1873.45,1852.0,1856.0,1857.5,1860.21,515245,9584.63,15530, 295059, 57.27,-0.56
ESCORTS, EQ, 13-Dec-2022,2274.45,2286.4,2287.95,2211.0, 2219.70,2216.9,2227.89,424727,9462.44,21141, 147257, 34.67,-2.53
ESCORTS, EQ, 13-Dec-2023,3122.95,3130.0,3147.25,3088.3, 3129.60,3126.2,3112.93,244497,7611.03,21800, 93012, 38.04,0.1
ESCORTS, EQ, 13-Dec-2024,3438.45,3425.0,3451.85,3382.0,3446.8,3440.05,3420.65,137213,4693.58,22161, 59274, 43.20,0.05
ESCORTS, EQ, 14-Jan-2020,652.85,653.0,675.5,650.0, 675.30,673.0,664.59,2444903,16248.58,33403, 535644, 21.91,3.09
ESCORTS, EQ, 14-Jan-2021,1364.4,1350.0,1367.4,1341.05, 1345.00,1347.2,1352.43,903834,12223.75,53045, 211099, 23.36,-1.26
ESCORTS, EQ, 14-Jan-2022,1858.5,1857.0,1873.85,1851.0, 1867.20,1869.3,1861.94,719659,13399.6,17076, 379717, 52.76,0.58
ESCORTS, EQ, 14-Jan-2025,3298.1,3302.2,3459.45,3295.75,3442.0,3439.0,3421.56,261047,8931.88,27430, 131705, 50.45,4.27
ESCORTS, EQ, 14-Feb-2020,888.55,887.2,892.0,879.6, 882.60,883.05,886.48,1701432,15082.94,33325, 191737, 11.27,-0.62
ESCORTS, EQ, 14-Feb-2022,1854.45,1845.0,1857.0,1835.35,1840.05,1839.35,1846.66,815737,15063.93,26091, 574170, 70.39,-0.81
ESCORTS, EQ, 14-Feb-2023,2079.6,2089.9,2100.3,2033.2,2047.0,2052.3,2064.89,280615,5794.39,21863, 40534, 14.44,-1.31
ESCORTS, EQ, 14-Feb-2024,2786.5,2750.0,2820.0,2747.05, 2816.20,2809.75,2786.59,141089,3931.58,18282, 54819, 38.85,0.83
ESCORTS, EQ, 14-Feb-2025,3022.35,3027.0,3064.45,2914.0,2948.0,2948.65,2971.75,76926,2286.05,12007, 13312, 17.30,-2.44
ESCORTS, EQ, 14-Mar-2022,1818.2,1821.85,1831.5,1805.05,1812.0,1808.35,1819.28,719866,13096.35,19883, 416747, 57.89,-0.54
ESCORTS, EQ, 14-Mar-2023,1926.05,1929.5,1943.85,1891.05, 1918.90,1917.05,1916.11,192160,3681.99,15966, 24729, 12.87,-0.47
ESCORTS, EQ, 14-Mar-2024,2712.9,2705.3,2755.75,2700.0, 2745.00,2746.2,2737.14,156419,4281.4,19444, 69403, 44.37,1.23
ESCORTS, EQ, 14-May-2020,812.25,795.9,807.7,778.2,795.35,794.3,794.54,5873699,46668.99,114563, 490013, 8.34,-2.21
ESCORTS, EQ, 14-May-2021,1169.6,1177.0,1184.0,1137.7, 1151.45,1163.55,1158.57,2102690,24361.06,100344, 410822, 19.54,-0.52
ESCORTS, EQ, 14-May-2024,3599.75,3609.0,3665.0,3530.7,3649.85,3654.05,3609.42,287889,10391.11,31166, 88355, 30.69,1.51
ESCORTS, EQ, 14-Jun-2021,1218.9,1227.95,1227.95,1192.6, 1217.25,1216.4,1211.69,1333252,16154.88,52382, 313823, 23.54,-0.21
ESCORTS, EQ, 14-Jun-2022,1546.55,1535.25,1567.0,1535.25, 1550.00,1545.4,1553.47,122655,1905.4,6546, 43118, 35.15,-0.07
ESCORTS, EQ, 14-Jun-2023,2186.85,2187.95,2196.0,2166.0, 2181.90,2184.8,2186.08,170641,3730.35,11772, 87490, 51.27,-0.09
ESCORTS, EQ, 14-Jun-2024,4247.65,4230.1,4309.95,4140.0,4290.0,4292.1,4278.26,288391,12338.13,31519, 106202, 36.83,1.05
ESCORTS, EQ, 14-Jul-2020,1129.15,1124.8,1125.0,1074.0,1081.0,1080.05,1091.36,1453376,15861.52,67226, 457704, 31.49,-4.35
ESCORTS, EQ, 14-Jul-2021,1199.9,1200.1,1204.0,1189.05, 1193.40,1193.8,1193.11,834590,9957.61,19834, 519292, 62.22,-0.51
ESCORTS, EQ, 14-Jul-2022,1605.3,1607.0,1627.5,1600.5, 1617.65,1617.85,1616.54,365597,5910.01,16626, 164159, 44.90,0.78
ESCORTS, EQ, 14-Jul-2023,2317.15,2320.9,2392.0,2317.0,2374.0,2376.75,2361.34,381901,9017.97,24622, 104102, 27.26,2.57
ESCORTS, EQ, 14-Aug-2020,1120.85,1130.0,1172.25,1077.4, 1100.30,1100.65,1133.32,3609618,40908.64,104946, 678087, 18.79,-1.8
ESCORTS, EQ, 14-Aug-2023,2578.25,2579.95,2598.05,2556.65, 2585.10,2590.95,2581.09,89423,2308.09,8795, 27978, 31.29,0.49
ESCORTS, EQ, 14-Aug-2024,3704.1,3710.3,3718.35,3637.0,3656.0,3659.5,3672.29,124221,4561.76,23998, 39138, 31.51,-1.2
ESCORTS, EQ, 14-Sep-2020,1198.6,1207.0,1276.0,1197.5,1240.5,1246.5,1247.05,5297033,66056.78,140506, 419304, 7.92,4.0
ESCORTS, EQ, 14-Sep-2021,1378.85,1382.0,1478.0,1377.55, 1461.90,1466.0,1439.88,4243237,61097.37,131652, 973215, 22.94,6.32
ESCORTS, EQ, 14-Sep-2022,1988.0,1965.0,2021.0,1955.1,2005.0,2002.3,1990.58,369549,7356.16,17055, 133592, 36.15,0.72
ESCORTS, EQ, 14-Sep-2023,3119.5,3135.9,3154.2,3090.0, 3125.30,3119.35,3112.12,151937,4728.46,19906, 49535, 32.60,-0.0
ESCORTS, EQ, 14-Oct-2020,1241.25,1238.7,1254.2,1222.25, 1230.80,1232.35,1232.53,858244,10578.11,31434, 138159, 16.10,-0.72
ESCORTS, EQ, 14-Oct-2021,1520.2,1524.0,1546.0,1508.25,1517.7,1520.95,1527.42,677408,10346.89,26157, 131730, 19.45,0.05
ESCORTS, EQ, 14-Oct-2022,1999.75,2039.0,2039.65,1954.2, 1966.00,1965.05,1977.71,568130,11235.99,24114, 98366, 17.31,-1.74
ESCORTS, EQ, 14-Oct-2024,3937.95,3954.55,4000.0,3894.35,3967.85,3965.7,3953.71,190540,7533.41,23170, 73733, 38.70,0.7
ESCORTS, EQ, 14-Nov-2022,1984.3,1984.3,2005.0,1952.75,1990.0,1990.2,1979.07,257247,5091.09,15600, 50419, 19.60,0.3
ESCORTS, EQ, 14-Nov-2024,3495.25,3490.15,3570.0,3474.65, 3512.95,3503.25,3511.76,86134,3024.82,12033, 21021, 24.40,0.23
ESCORTS, EQ, 14-Dec-2020,1361.05,1372.0,1372.0,1328.5,1331.9,1332.8,1339.87,1537324,20598.17,78605, 565155, 36.76,-2.08
ESCORTS, EQ, 14-Dec-2021,1857.5,1854.8,1863.95,1845.0,1852.7,1851.35,1852.24,416745,7719.12,12572, 175669, 42.15,-0.33
ESCORTS, EQ, 14-Dec-2022,2216.9,2230.0,2230.0,2183.6, 2201.00,2194.85,2199.1,417086,9172.13,25408, 198162, 47.51,-0.99
ESCORTS, EQ, 14-Dec-2023,3126.2,3132.2,3159.1,3125.25, 3144.00,3145.1,3142.9,116647,3666.1,14067, 39802, 34.12,0.6
ESCORTS, EQ, 15-Jan-2020,673.0,672.95,679.45,665.4, 676.80,678.05,672.66,2003755,13478.52,28836, 212581, 10.61,0.75
ESCORTS, EQ, 15-Jan-2021,1347.2,1345.0,1357.9,1307.0,1319.0,1321.9,1327.51,1266051,16806.99,56748, 293662, 23.20,-1.88
ESCORTS, EQ, 15-Jan-2024,2876.35,2891.0,2905.05,2876.05, 2905.00,2901.45,2895.29,267855,7755.18,26852, 170068, 63.49,0.87
ESCORTS, EQ, 15-Jan-2025,3439.0,3465.0,3500.0,3436.1,3472.0,3478.75,3478.09,274614,9551.33,29877, 117147, 42.66,1.16
ESCORTS, EQ, 15-Feb-2021,1423.9,1427.0,1433.0,1391.55, 1397.45,1397.2,1408.1,773448,10890.96,24011, 151886, 19.64,-1.88
ESCORTS, EQ, 15-Feb-2022,1839.35,1841.0,1850.35,1833.0,1840.95,1840.7,1841.13,655811,12074.35,21837, 427115, 65.13,0.07
ESCORTS, EQ, 15-Feb-2023,2052.3,2040.0,2074.8,1991.15, 2041.90,2043.65,2038.43,446114,9093.71,41261, 38699, 8.67,-0.42
ESCORTS, EQ, 15-Feb-2024,2809.75,2820.0,2929.5,2818.0, 2918.80,2904.6,2889.84,481769,13922.35,46410, 213015, 44.22,3.38
ESCORTS, EQ, 15-Mar-2021,1380.65,1385.0,1385.0,1331.0, 1357.45,1363.25,1355.35,764666,10363.89,32769, 131367, 17.18,-1.26
ESCORTS, EQ, 15-Mar-2022,1808.35,1805.1,1814.8,1795.05,1811.7,1809.8,1803.83,1584013,28572.85,37513, 1106955, 69.88,0.08
ESCORTS, EQ, 15-Mar-2023,1917.05,1927.1,1939.0,1875.6, 1883.00,1889.55,1903.4,228749,4354.01,22567, 48499, 21.20,-1.43
ESCORTS, EQ, 15-Mar-2024,2746.2,2755.3,2773.95,2682.5, 2700.30,2702.55,2707.84,204337,5533.11,15456, 108646, 53.17,-1.59
ESCORTS, EQ, 15-Apr-2020,689.8,706.25,792.65,698.05, 719.60,714.7,738.46,6783089,50090.71,144259, 656880, 9.68,3.61
ESCORTS, EQ, 15-Apr-2021,1234.1,1230.0,1230.0,1177.25,1215.05,1217.9,1201.16,1212087,14559.14,59026, 299858, 24.74,-1.31
ESCORTS, EQ, 15-Apr-2024,3023.95,3000.0,3019.9,2922.45, 3003.40,2999.25,2985.41,278258,8307.16,23216, 112530, 40.44,-0.82
ESCORTS, EQ, 15-Apr-2025,3178.2,3239.0,3295.0,3204.2,3280.0,3274.0,3251.36,77875,2531.99,9197, 35775, 45.94,3.01
ESCORTS, EQ, 15-May-2020,794.3,810.0,835.65,798.5,823.15,823.55,820.12,7676115,62953.57,176880, 484302, 6.31,3.68
ESCORTS, EQ, 15-May-2023,2062.6,2055.0,2088.8,2038.6, 2077.80,2080.4,2066.13,134768,2784.48,9861, 36842, 27.34,0.86
ESCORTS, EQ, 15-May-2024,3654.05,3641.0,3664.95,3594.05,3650.0,3649.7,3626.08,258170,9361.46,19174, 108620, 42.07,-0.12
ESCORTS, EQ, 15-Jun-2020,977.6,975.95,983.9,935.05,939.95,940.85,958.83,2758671,26450.92,77353, 344024, 12.47,-3.76
ESCORTS, EQ, 15-Jun-2021,1216.4,1222.0,1226.0,1208.2, 1211.20,1209.95,1214.5,1056888,12835.91,46675, 446241, 42.22,-0.53
ESCORTS, EQ, 15-Jun-2022,1545.4,1562.0,1578.15,1538.05, 1562.50,1568.55,1559.33,143930,2244.35,7283, 24319, 16.90,1.5
ESCORTS, EQ, 15-Jun-2023,2184.8,2195.0,2195.0,2146.15, 2147.70,2152.3,2169.77,97859,2123.31,11802, 30454, 31.12,-1.49
ESCORTS, EQ, 15-Jul-2020,1080.05,1091.2,1129.85,1076.0,1111.6,1107.2,1108.94,1581308,17535.7,48373, 369442, 23.36,2.51
ESCORTS, EQ, 15-Jul-2021,1193.8,1189.7,1206.0,1189.25, 1201.00,1200.35,1198.17,467065,5596.22,19952, 147993, 31.69,0.55
ESCORTS, EQ, 15-Jul-2022,1617.85,1626.95,1663.9,1621.55,1659.6,1659.0,1644.0,453075,7448.58,17977, 199573, 44.05,2.54
ESCORTS, EQ, 15-Jul-2024,3915.6,3915.0,3995.0,3880.0,3990.0,3978.05,3911.05,645076,25229.23,28059, 483005, 74.88,1.59
ESCORTS, EQ, 15-Sep-2020,1246.5,1242.5,1256.85,1214.0, 1227.40,1229.8,1231.65,1650009,20322.32,54329, 283151, 17.16,-1.34
ESCORTS, EQ, 15-Sep-2021,1466.0,1462.0,1472.8,1444.0, 1458.10,1465.8,1456.9,1016806,14813.82,38180, 330861, 32.54,-0.01
ESCORTS, EQ, 15-Sep-2022,2002.3,2010.0,2027.7,1991.15,1995.5,2000.6,2008.39,256227,5146.05,17471, 80736, 31.51,-0.08
ESCORTS, EQ, 15-Sep-2023,3119.35,3135.0,3187.0,3123.6, 3147.00,3151.95,3158.2,279649,8831.89,20615, 104489, 37.36,1.05
ESCORTS, EQ, 15-Oct-2020,1232.35,1230.25,1250.0,1165.6, 1198.00,1196.2,1221.63,1342645,16402.11,58518, 199735, 14.88,-2.93
ESCORTS, EQ, 15-Oct-2024,3965.7,3990.2,4014.85,3881.6,3932.0,3932.0,3937.21,151439,5962.48,26583, 66396, 43.84,-0.85
ESCORTS, EQ, 15-Nov-2021,1580.75,1589.0,1649.9,1572.3, 1641.00,1640.5,1622.98,3033537,49233.6,83407, 1029260, 33.93,3.78
ESCORTS, EQ, 15-Nov-2022,1990.2,1991.0,2030.0,1976.85, 2013.00,2012.85,2013.82,399947,8054.2,20720, 112768, 28.20,1.14
ESCORTS, EQ, 15-Nov-2023,3137.65,3169.9,3175.0,3120.2, 3136.20,3138.85,3137.47,138825,4355.59,14549, 52325, 37.69,0.04
ESCORTS, EQ, 15-Dec-2020,1332.8,1331.0,1355.0,1294.45,1334.0,1335.15,1333.77,2462426,32843.04,82937, 616315, 25.03,0.18
ESCORTS, EQ, 15-Dec-2021,1851.35,1853.0,1858.9,1841.0, 1843.85,1844.5,1848.87,405461,7496.43,13465, 221599, 54.65,-0.37
ESCORTS, EQ, 15-Dec-2022,2194.85,2205.0,2245.5,2195.05, 2208.00,2207.85,2221.03,345794,7680.19,17188, 84789, 24.52,0.59
ESCORTS, EQ, 15-Dec-2023,3145.1,3145.0,3170.35,3111.25, 3128.00,3130.2,3134.42,289700,9080.41,24723, 129859, 44.83,-0.47
ESCORTS, EQ, 16-Jan-2020,678.05,678.05,698.5,675.35, 696.50,693.85,689.65,2903400,20023.25,41826, 352125, 12.13,2.33
ESCORTS, EQ, 16-Jan-2023,2117.95,2113.0,2123.4,2076.0, 2084.00,2095.75,2092.36,114922,2404.58,9342, 25230, 21.95,-1.05
ESCORTS, EQ, 16-Jan-2024,2901.45,2909.0,2964.9,2901.15, 2962.00,2957.85,2934.47,537904,15784.64,31778, 244573, 45.47,1.94
ESCORTS, EQ, 16-Jan-2025,3478.75,3500.0,3591.8,3471.6,3564.0,3554.25,3543.29,259736,9203.19,27372, 102084, 39.30,2.17
ESCORTS, EQ, 16-Feb-2021,1397.2,1402.0,1405.0,1380.1, 1390.00,1391.05,1391.89,936005,13028.16,33560, 74318, 7.94,-0.44
ESCORTS, EQ, 16-Feb-2022,1840.7,1850.0,1859.9,1843.1,1854.15,1855.3,1852.36,486222,9006.57,14549, 320777, 65.97,0.79
ESCORTS, EQ, 16-Feb-2023,2043.65,2053.9,2107.15,2045.0, 2089.00,2088.95,2082.02,396533,8255.91,26877, 45037, 11.36,2.22
ESCORTS, EQ, 16-Feb-2024,2904.6,2933.6,2987.95,2908.6,2920.0,2927.0,2949.05,332193,9796.54,33299, 106174, 31.96,0.77
ESCORTS, EQ, 16-Mar-2020,700.45,652.0,669.6,620.15, 635.00,633.7,649.97,2010918,13070.33,42939, 280845, 13.97,-9.53
ESCORTS, EQ, 16-Mar-2021,1363.25,1358.3,1371.3,1336.8, 1348.00,1350.95,1351.09,505511,6829.9,24097, 76484, 15.13,-0.9
ESCORTS, EQ, 16-Mar-2022,1809.8,1816.9,1834.8,1806.1,1826.95,1827.35,1824.7,1457895,26602.19,37105, 1019352, 69.92,0.97
ESCORTS, EQ, 16-Mar-2023,1889.55,1885.05,1928.55,1864.0, 1895.50,1896.05,1897.0,232456,4409.69,18911, 58125, 25.00,0.34
ESCORTS, EQ, 16-Apr-2020,714.7,710.0,728.6,696.1, 720.00,714.3,712.06,3882012,27642.08,83357, 380287, 9.80,-0.06
ESCORTS, EQ, 16-Apr-2021,1217.9,1215.0,1256.9,1202.05,1242.0,1246.9,1237.27,1081614,13382.53,40972, 148012, 13.68,2.38
ESCORTS, EQ, 16-Apr-2024,2999.25,2980.0,3079.9,2962.5, 3062.90,3063.15,3048.42,383358,11686.35,33544, 89459, 23.34,2.13
ESCORTS, EQ, 16-Apr-2025,3274.0,3297.0,3320.7,3212.3,3240.0,3231.9,3250.87,85442,2777.61,10781, 22140, 25.91,-1.29
ESCORTS, EQ, 16-May-2022,1550.0,1550.0,1650.0,1550.0,1649.0,1645.3,1624.33,1019153,16554.4,41812, 231991, 22.76,6.15
ESCORTS, EQ, 16-May-2023,2080.4,2086.05,2097.95,2062.15,2062.15,2068.4,2079.19,110084,2288.85,9492, 22106, 20.08,-0.58
ESCORTS, EQ, 16-May-2024,3649.7,3651.95,3754.4,3640.45,3749.0,3748.55,3720.79,303351,11287.06,34748, 86576, 28.54,2.71
ESCORTS, EQ, 16-Jun-2020,940.85,962.0,969.95,941.0, 958.60,958.3,959.03,2264062,21713.05,50969, 189714, 8.38,1.85
ESCORTS, EQ, 16-Jun-2021,1209.95,1210.0,1213.0,1187.0, 1193.50,1191.15,1197.77,1260745,15100.84,57571, 588151, 46.65,-1.55
ESCORTS, EQ, 16-Jun-2022,1568.55,1584.0,1604.7,1548.1, 1552.75,1559.75,1578.27,281916,4449.41,15434, 80943, 28.71,-0.56
ESCORTS, EQ, 16-Jun-2023,2152.3,2154.0,2190.0,2135.0, 2176.00,2179.4,2174.52,187048,4067.39,14907, 96342, 51.51,1.26
ESCORTS, EQ, 16-Jul-2020,1107.2,1107.0,1107.0,1075.45, 1105.00,1095.3,1090.07,947504,10328.43,38703, 161768, 17.07,-1.07
ESCORTS, EQ, 16-Jul-2021,1200.35,1205.0,1212.6,1190.0, 1193.25,1193.7,1198.76,475394,5698.84,17963, 141152, 29.69,-0.55
ESCORTS, EQ, 16-Jul-2024,3978.05,3990.6,4081.9,3953.65,4025.0,4025.6,4008.97,1049253,42064.27,43594, 553628, 52.76,1.2
ESCORTS, EQ, 16-Aug-2021,1272.4,1278.5,1282.95,1260.0,1261.35,1263.75,1270.48,630041,8004.53,28870, 164820, 26.16,-0.68
ESCORTS, EQ, 16-Aug-2022,1681.4,1700.0,1849.0,1681.2,1844.5,1842.55,1798.78,2285882,41118.01,66895, 417065, 18.25,9.58
ESCORTS, EQ, 16-Aug-2023,2590.95,2600.0,2713.95,2546.6, 2707.05,2702.9,2660.15,593191,15779.75,47607, 134333, 22.65,4.32
ESCORTS, EQ, 16-Aug-2024,3659.5,3674.95,3742.0,3674.95,3727.2,3732.0,3720.66,178664,6647.48,21985, 86675, 48.51,1.98
ESCORTS, EQ, 16-Sep-2020,1229.8,1231.0,1272.0,1231.0,1247.2,1254.95,1256.77,2210082,27775.62,79991, 258613, 11.70,2.05
ESCORTS, EQ, 16-Sep-2021,1465.8,1466.2,1475.75,1441.5,1446.1,1447.85,1457.35,857620,12498.49,34740, 417395, 48.67,-1.22
ESCORTS, EQ, 16-Sep-2022,2000.6,1990.0,2029.9,1904.05, 1922.00,1929.9,1958.35,727830,14253.49,31296, 263851, 36.25,-3.53
ESCORTS, EQ, 16-Sep-2024,3812.55,3815.6,3869.5,3806.0,3853.0,3848.1,3844.82,138899,5340.42,21360, 64774, 46.63,0.93
ESCORTS, EQ, 16-Oct-2020,1196.2,1207.0,1227.55,1156.2, 1169.95,1167.6,1185.39,1390920,16487.85,75845, 236503, 17.00,-2.39
ESCORTS, EQ, 16-Oct-2023,3378.8,3378.8,3399.65,3331.1, 3354.00,3365.65,3366.35,241783,8139.26,19424, 59206, 24.49,-0.39
ESCORTS, EQ, 16-Oct-2024,3932.0,3925.4,3956.25,3860.05,3871.45,3878.65,3895.76,97347,3792.41,14651, 25807, 26.51,-1.36
ESCORTS, EQ, 16-Nov-2021,1640.5,1650.0,1659.0,1601.0, 1625.20,1629.3,1632.15,2879547,46998.58,81405, 953834, 33.12,-0.68
ESCORTS, EQ, 16-Nov-2022,2012.85,2022.0,2030.15,2001.9, 2015.35,2016.5,2016.44,203976,4113.05,12652, 51190, 25.10,0.18
ESCORTS, EQ, 16-Nov-2023,3138.85,3138.9,3204.9,3138.9, 3178.05,3186.75,3169.83,231098,7325.41,16313, 106182, 45.95,1.53
ESCORTS, EQ, 16-Dec-2020,1335.15,1350.0,1363.95,1333.15, 1341.80,1340.25,1348.99,2268659,30604.02,92756, 808313, 35.63,0.38
ESCORTS, EQ, 16-Dec-2021,1844.5,1851.9,1854.2,1826.1, 1833.30,1830.65,1836.75,491217,9022.45,18533, 286628, 58.35,-0.75
ESCORTS, EQ, 16-Dec-2022,2207.85,2207.0,2213.0,2170.0, 2181.30,2176.75,2190.85,290438,6363.06,16867, 63919, 22.01,-1.41
ESCORTS, EQ, 16-Dec-2024,3440.05,3457.9,3459.65,3400.0,3430.75,3432.4,3431.55,155304,5329.33,32791, 83610, 53.84,-0.22
ESCORTS, EQ, 17-Jan-2020,693.85,693.8,708.0,690.0, 705.35,705.8,701.17,2465250,17285.66,31442, 346181, 14.04,1.72
ESCORTS, EQ, 17-Jan-2022,1869.3,1869.3,1878.15,1856.5,1863.45,1865.45,1864.25,356648,6648.8,9642, 201391, 56.47,-0.21
ESCORTS, EQ, 17-Jan-2023,2095.75,2086.1,2122.1,2078.0,2101.75,2104.85,2099.91,110192,2313.93,9608, 26358, 23.92,0.43
ESCORTS, EQ, 17-Jan-2024,2957.85,2915.0,2969.4,2890.0, 2893.95,2900.6,2921.44,225541,6589.04,19977, 75289, 33.38,-1.94
ESCORTS, EQ, 17-Jan-2025,3554.25,3554.25,3617.4,3536.0,3586.15,3600.7,3583.92,178487,6396.84,21462, 68752, 38.52,1.31
ESCORTS, EQ, 17-Feb-2020,883.05,884.0,889.5,871.35, 886.30,885.65,881.29,1663801,14662.9,25659, 204748, 12.31,0.29
ESCORTS, EQ, 17-Feb-2021,1391.05,1391.05,1393.5,1364.2, 1376.00,1378.2,1379.1,667806,9209.71,26697, 112599, 16.86,-0.92
ESCORTS, EQ, 17-Feb-2022,1855.3,1858.0,1865.0,1850.25,1857.15,1856.7,1858.57,510769,9493.0,17201, 354612, 69.43,0.08
ESCORTS, EQ, 17-Feb-2023,2088.95,2088.0,2139.0,2075.0, 2088.00,2090.2,2107.95,608561,12828.13,35592, 76749, 12.61,0.06
ESCORTS, EQ, 17-Feb-2025,2948.65,2948.0,3005.0,2891.5,2969.35,2972.15,2965.89,98538,2922.53,17692, 24926, 25.30,0.8
ESCORTS, EQ, 17-Mar-2020,633.7,641.3,686.6,628.85, 648.75,648.9,665.08,3343272,22235.29,64615, 595428, 17.81,2.4
ESCORTS, EQ, 17-Mar-2021,1350.95,1354.95,1363.65,1325.15,1328.75,1330.15,1340.31,641588,8599.3,30101, 143895, 22.43,-1.54
ESCORTS, EQ, 17-Mar-2022,1827.35,1833.0,1844.0,1829.65, 1836.95,1837.5,1837.85,674657,12399.18,14531, 445548, 66.04,0.56
ESCORTS, EQ, 17-Mar-2023,1896.05,1910.0,1928.25,1894.6, 1913.00,1910.6,1909.16,161570,3084.63,11477, 66649, 41.25,0.77
ESCORTS, EQ, 17-Mar-2025,2908.5,2908.55,2978.4,2900.05,2957.2,2961.75,2951.15,60944,1798.55,8111, 19737, 32.39,1.83
ESCORTS, EQ, 17-Apr-2020,714.3,744.0,767.3,707.0, 742.00,746.2,739.13,5154023,38094.73,101323, 696058, 13.51,4.47
ESCORTS, EQ, 17-Apr-2023,1961.95,1942.0,1999.0,1942.0, 1980.15,1983.55,1974.09,258153,5096.16,18401, 77013, 29.83,1.1
ESCORTS, EQ, 17-Apr-2025,3231.9,3240.0,3279.9,3210.0,3251.0,3265.2,3251.72,67535,2196.05,9851, 18108, 26.81,1.03
ESCORTS, EQ, 17-May-2021,1163.55,1171.5,1171.5,1113.05,1141.5,1142.05,1131.26,2767058,31302.53,91606, 610814, 22.07,-1.85
ESCORTS, EQ, 17-May-2022,1645.3,1641.0,1656.8,1605.5, 1620.00,1618.85,1624.93,499034,8108.94,20558, 174857, 35.04,-1.61
ESCORTS, EQ, 17-May-2023,2068.4,2062.7,2136.0,2062.0, 2112.95,2116.3,2116.98,758471,16056.71,44434, 186716, 24.62,2.32
ESCORTS, EQ, 17-May-2024,3748.55,3763.95,3811.7,3725.0,3810.0,3800.55,3778.32,214969,8122.21,28764, 70025, 32.57,1.39
ESCORTS, EQ, 17-Jun-2020,958.3,950.0,1009.25,947.1,996.45,999.85,990.95,5717145,56653.77,128739, 455853, 7.97,4.34
ESCORTS, EQ, 17-Jun-2021,1191.15,1186.0,1186.0,1160.0, 1167.00,1165.45,1171.61,1366129,16005.65,54740, 611818, 44.78,-2.16
ESCORTS, EQ, 17-Jun-2022,1559.75,1546.0,1550.0,1491.45,1504.9,1500.9,1513.91,547680,8291.39,24365, 206413, 37.69,-3.77
ESCORTS, EQ, 17-Jul-2020,1095.3,1113.9,1136.95,1098.6, 1103.55,1104.6,1118.25,2068168,23127.27,50549, 314739, 15.22,0.85
ESCORTS, EQ, 17-Jul-2023,2376.75,2395.0,2395.0,2350.0,2369.95,2364.5,2373.78,146906,3487.22,10294, 39795, 27.09,-0.52
ESCORTS, EQ, 16-Jul-2024,3978.05,3990.6,4081.9,3953.65,4025.0,4025.6,4008.97,1049253,42064.27,43594, 553628, 52.76,1.2
ESCORTS, EQ, 17-Aug-2020,1100.65,1118.0,1159.55,1103.0, 1159.05,1152.65,1139.52,3412551,38886.6,83120, 458899, 13.45,4.72
ESCORTS, EQ, 17-Aug-2021,1263.75,1263.7,1272.0,1235.3,1249.35,1249.1,1253.12,525414,6584.07,27714, 120982, 23.03,-1.16
ESCORTS, EQ, 17-Aug-2022,1842.55,1842.55,1859.4,1811.0, 1817.00,1819.1,1829.64,601825,11011.22,28830, 170434, 28.32,-1.27
ESCORTS, EQ, 17-Aug-2023,2702.9,2711.85,2806.85,2692.3, 2800.00,2790.4,2760.91,835127,23057.1,48098, 219002, 26.22,3.24
ESCORTS, EQ, 17-Sep-2020,1254.95,1235.0,1259.0,1235.0, 1243.95,1243.85,1247.94,1038243,12956.65,34678, 169063, 16.28,-0.88
ESCORTS, EQ, 17-Sep-2021,1447.85,1451.75,1465.0,1415.25, 1457.50,1452.55,1443.57,917819,13249.37,39574, 316469, 34.48,0.32
ESCORTS, EQ, 17-Sep-2024,3848.1,3880.0,3929.3,3830.0,3870.0,3886.75,3878.69,311425,12079.21,32827, 124090, 39.85,1.0
ESCORTS, EQ, 17-Oct-2022,1965.05,1960.05,1979.9,1945.75,1971.55,1968.6,1964.63,255346,5016.59,17774, 56810, 22.25,0.18
ESCORTS, EQ, 17-Oct-2023,3365.65,3373.0,3380.4,3302.2,3342.0,3340.0,3336.81,272559,9094.77,21506, 67731, 24.85,-0.76
ESCORTS, EQ, 17-Oct-2024,3878.65,3878.65,3878.65,3762.05,3788.0,3789.0,3795.08,164414,6239.65,20452, 55778, 33.93,-2.31
ESCORTS, EQ, 17-Nov-2020,1396.35,1401.0,1433.8,1401.0, 1422.00,1422.3,1419.08,1695746,24063.97,67314, 275312, 16.24,1.86
ESCORTS, EQ, 17-Nov-2021,1629.3,1633.0,1665.0,1588.8, 1641.00,1630.95,1629.38,3997327,65131.63,105515, 953334, 23.85,0.1
ESCORTS, EQ, 17-Nov-2022,2016.5,2010.0,2034.9,1998.25, 2015.00,2015.4,2017.71,169505,3420.12,9411, 31369, 18.51,-0.05
ESCORTS, EQ, 17-Nov-2023,3186.75,3205.0,3273.4,3180.7, 3224.85,3239.25,3233.62,300059,9702.78,24677, 67506, 22.50,1.65
ESCORTS, EQ, 17-Dec-2020,1340.25,1341.0,1355.85,1323.05, 1325.00,1330.05,1340.34,1483211,19880.14,49694, 737618, 49.73,-0.76
ESCORTS, EQ, 17-Dec-2021,1830.65,1832.0,1844.45,1805.5, 1815.00,1815.1,1820.64,1378417,25095.99,25861, 832983, 60.43,-0.85
ESCORTS, EQ, 17-Dec-2024,3432.4,3429.55,3470.0,3322.0,3332.0,3344.25,3365.2,345254,11618.49,45829, 182059, 52.73,-2.57
ESCORTS, EQ, 18-Jan-2021,1321.9,1327.85,1328.4,1265.0, 1268.95,1271.8,1287.52,1089920,14032.92,53995, 230207, 21.12,-3.79
ESCORTS, EQ, 18-Jan-2022,1865.45,1865.8,1882.55,1856.15, 1860.75,1860.05,1869.09,437497,8177.21,11672, 175349, 40.08,-0.29
ESCORTS, EQ, 18-Jan-2023,2104.85,2099.4,2122.0,2081.25,2087.1,2091.1,2101.72,366143,7695.28,38294, 170427, 46.55,-0.65
ESCORTS, EQ, 18-Jan-2024,2900.6,2894.9,2926.0,2820.0, 2903.30,2907.8,2874.29,260512,7487.87,20424, 79698, 30.59,0.25
ESCORTS, EQ, 18-Feb-2020,885.65,884.1,896.2,872.6, 894.00,888.65,881.15,1671898,14731.98,27972, 187193, 11.20,0.34
ESCORTS, EQ, 18-Feb-2021,1378.2,1378.2,1404.5,1362.0,1374.0,1378.95,1383.62,1156906,16007.19,40066, 162952, 14.09,0.05
ESCORTS, EQ, 18-Feb-2022,1856.7,1855.2,1862.0,1852.1,1861.95,1860.25,1858.7,366701,6815.87,6652, 282254, 76.97,0.19
ESCORTS, EQ, 18-Feb-2025,2972.15,2951.0,3001.85,2942.05,2998.9,2995.75,2976.63,203820,6066.98,21067, 101086, 49.60,0.79
ESCORTS, EQ, 18-Mar-2020,648.9,659.7,665.25,559.0, 580.55,576.45,595.39,3487996,20767.12,90848, 662506, 18.99,-11.17
ESCORTS, EQ, 18-Mar-2021,1330.15,1339.0,1348.4,1302.0, 1319.60,1319.45,1323.28,1120507,14827.41,43533, 176501, 15.75,-0.8
ESCORTS, EQ, 18-Mar-2024,2702.55,2722.95,2722.95,2670.55, 2700.00,2701.4,2697.6,123514,3331.91,20479, 45490, 36.83,-0.04
ESCORTS, EQ, 18-Mar-2025,2961.75,2971.0,3027.0,2968.5,3024.0,3018.5,3011.03,95444,2873.84,8742, 52046, 54.53,1.92
ESCORTS, EQ, 18-Apr-2022,1542.8,1533.0,1555.95,1510.15, 1543.25,1547.0,1537.77,719024,11056.95,18066, 357457, 49.71,0.27
ESCORTS, EQ, 18-Apr-2023,1983.55,1990.0,2009.0,1967.65, 1975.80,1979.3,1988.81,458905,9126.73,27977, 168855, 36.80,-0.21
ESCORTS, EQ, 18-Apr-2024,3063.15,3075.0,3142.9,2988.15, 3040.00,3018.25,3080.44,611352,18832.34,51716, 211815, 34.65,-1.47
ESCORTS, EQ, 18-May-2020,823.55,824.95,833.45,803.0, 812.30,810.5,819.72,4822543,39531.15,112803, 357137, 7.41,-1.58
ESCORTS, EQ, 18-May-2021,1142.05,1155.0,1182.0,1132.55, 1178.10,1176.8,1163.59,2720251,31652.64,86524, 789775, 29.03,3.04
ESCORTS, EQ, 18-May-2022,1618.85,1617.0,1648.0,1615.0,1619.6,1622.35,1633.02,334915,5469.22,16330, 137045, 40.92,0.22
ESCORTS, EQ, 18-May-2023,2116.3,2125.0,2136.3,2075.05, 2081.40,2084.05,2109.9,189723,4002.96,15984, 35851, 18.90,-1.52
ESCORTS, EQ, 18-Jun-2020,999.85,995.0,1014.9,978.0,983.45,981.5,996.07,2663456,26529.99,81569, 348824, 13.10,-1.84
ESCORTS, EQ, 18-Jun-2021,1165.45,1175.1,1176.65,1131.1, 1175.00,1169.95,1157.24,1344781,15562.28,65845, 445863, 33.16,0.39
ESCORTS, EQ, 18-Jun-2024,4292.1,4292.1,4353.2,4272.0,4294.25,4302.1,4321.83,255721,11051.82,28738, 88463, 34.59,0.23
ESCORTS, EQ, 18-Jul-2022,1659.0,1660.0,1671.45,1651.7,1669.9,1667.55,1661.46,337088,5600.59,12398, 147483, 43.75,0.52
ESCORTS, EQ, 18-Jul-2023,2364.5,2364.95,2381.8,2334.3, 2341.00,2345.5,2355.12,139358,3282.05,11847, 39856, 28.60,-0.8
ESCORTS, EQ, 18-Jul-2024,4025.6,4040.0,4050.95,3885.3,3989.6,3993.05,3944.53,453179,17875.79,41070, 209065, 46.13,-0.81
ESCORTS, EQ, 18-Aug-2020,1152.65,1161.0,1172.0,1146.05,1153.9,1156.05,1159.97,1918184,22250.35,55795, 159246, 8.30,0.29
ESCORTS, EQ, 18-Aug-2021,1249.1,1253.1,1260.0,1223.7, 1226.50,1229.9,1239.31,575036,7126.48,26776, 114807, 19.97,-1.54
ESCORTS, EQ, 18-Aug-2022,1819.1,1807.0,1830.55,1790.65,1800.0,1803.7,1806.58,238025,4300.11,10720, 59086, 24.82,-0.85
ESCORTS, EQ, 18-Aug-2023,2790.4,2795.0,2874.35,2781.65, 2841.95,2851.1,2846.86,1207053,34363.16,61633, 234464, 19.42,2.18
ESCORTS, EQ, 18-Sep-2020,1243.85,1248.8,1280.7,1225.85, 1238.65,1238.6,1258.02,2225289,27994.62,68288, 622590, 27.98,-0.42
ESCORTS, EQ, 18-Sep-2023,3151.95,3178.9,3230.0,3142.55, 3173.00,3170.15,3180.7,709504,22567.17,26815, 427814, 60.30,0.58
ESCORTS, EQ, 18-Sep-2024,3886.75,3899.8,3910.0,3783.15,3788.95,3798.25,3843.14,129279,4968.38,21503, 49960, 38.65,-2.28
ESCORTS, EQ, 18-Oct-2021,1520.95,1530.0,1566.3,1520.95, 1550.20,1551.25,1549.59,1394214,21604.62,56344, 273810, 19.64,1.99
ESCORTS, EQ, 18-Oct-2022,1968.6,1978.45,1993.0,1954.6,1982.2,1976.85,1975.37,339808,6712.46,18702, 130285, 38.34,0.42
ESCORTS, EQ, 18-Oct-2023,3340.0,3343.0,3403.2,3285.25, 3295.00,3297.75,3337.71,323309,10791.1,24744, 58947, 18.23,-1.26
ESCORTS, EQ, 18-Oct-2024,3789.0,3767.0,3835.25,3701.0,3791.6,3815.4,3794.69,194550,7382.57,22353, 50884, 26.15,0.7
ESCORTS, EQ, 18-Nov-2020,1422.3,1419.1,1438.95,1407.0, 1420.30,1424.75,1421.74,1184148,16835.53,54246, 307183, 25.94,0.17
ESCORTS, EQ, 18-Nov-2021,1630.95,1640.0,1824.95,1612.5,1796.0,1802.85,1747.0,19036475,332567.55,421607, 3112659, 16.35,10.54
ESCORTS, EQ, 18-Nov-2022,2015.4,2010.0,2040.0,1966.5, 2032.60,2030.85,2006.75,835240,16761.2,46963, 238809, 28.59,0.77
ESCORTS, EQ, 18-Nov-2024,3503.25,3509.95,3537.9,3435.0,3436.4,3441.35,3472.96,65265,2266.63,10957, 17588, 26.95,-1.77
ESCORTS, EQ, 18-Dec-2020,1330.05,1330.05,1343.4,1317.0, 1337.25,1336.75,1334.32,1224257,16335.49,43385, 280014, 22.87,0.5
ESCORTS, EQ, 18-Dec-2023,3130.2,3130.2,3184.0,3113.05, 3132.05,3134.6,3147.12,239831,7547.78,18636, 100121, 41.75,0.14
ESCORTS, EQ, 18-Dec-2024,3344.25,3332.0,3375.1,3297.25,3355.0,3360.85,3341.66,131235,4385.42,19210, 39910, 30.41,0.5
ESCORTS, EQ, 19-Jan-2021,1271.8,1294.0,1297.95,1266.8, 1275.80,1274.6,1281.9,1369538,17556.16,56008, 289221, 21.12,0.22
ESCORTS, EQ, 19-Jan-2022,1860.05,1860.0,1869.85,1855.5, 1863.50,1866.5,1862.78,311540,5803.29,17647, 171036, 54.90,0.35
ESCORTS, EQ, 19-Jan-2023,2091.1,2082.5,2105.0,2074.0, 2100.00,2101.6,2091.65,91892,1922.06,7618, 25260, 27.49,0.5
ESCORTS, EQ, 19-Jan-2024,2907.8,2920.0,2990.0,2915.5, 2980.00,2979.9,2965.88,236803,7023.29,22103, 107915, 45.57,2.48
ESCORTS, EQ, 19-Feb-2020,888.65,897.0,914.7,889.05, 909.00,909.85,904.56,2945081,26640.07,49246, 188357, 6.40,2.39
ESCORTS, EQ, 19-Feb-2021,1378.95,1369.0,1369.0,1326.7,1333.15,1335.95,1349.99,889225,12004.42,41796, 181019, 20.36,-3.12
ESCORTS, EQ, 19-Feb-2024,2927.0,2953.95,2977.7,2909.05, 2959.20,2960.85,2953.61,173904,5136.44,14386, 75425, 43.37,1.16
ESCORTS, EQ, 19-Feb-2025,2995.75,2985.3,3045.05,2964.1,3028.0,3020.1,3016.98,58641,1769.19,10183, 11507, 19.62,0.81
ESCORTS, EQ, 19-Mar-2020,576.45,539.9,602.85,526.05, 573.65,573.6,569.65,3261146,18577.22,101178, 536854, 16.46,-0.49
ESCORTS, EQ, 19-Mar-2021,1319.45,1310.0,1349.5,1298.75,1340.2,1343.15,1323.66,962739,12743.36,40358, 362024, 37.60,1.8
ESCORTS, EQ, 19-Mar-2024,2701.4,2692.2,2753.05,2680.05, 2709.15,2713.55,2713.91,212248,5760.22,22695, 86069, 40.55,0.45
ESCORTS, EQ, 19-Mar-2025,3018.5,3037.5,3235.0,3029.95,3192.0,3188.85,3168.62,390845,12384.4,40809, 80671, 20.64,5.64
ESCORTS, EQ, 19-Apr-2021,1246.9,1225.0,1227.4,1190.0,1218.7,1220.45,1212.94,796272,9658.33,40918, 145310, 18.25,-2.12
ESCORTS, EQ, 19-Apr-2022,1547.0,1564.45,1564.45,1526.0,1530.0,1544.8,1547.98,577218,8935.22,20093, 314462, 54.48,-0.14
ESCORTS, EQ, 19-Apr-2023,1979.3,1983.0,2001.25,1960.0, 1987.00,1990.3,1984.44,326510,6479.38,23640, 101570, 31.11,0.56
ESCORTS, EQ, 19-Apr-2024,3018.25,2972.0,3139.95,2961.2, 3100.00,3106.7,3089.48,962091,29723.57,70540, 151993, 15.80,2.93
ESCORTS, EQ, 19-May-2020,810.5,820.7,841.55,817.35,832.45,835.6,831.29,4134658,34370.85,96068, 447353, 10.82,3.1
ESCORTS, EQ, 19-May-2021,1176.8,1180.0,1189.0,1168.2, 1175.10,1176.2,1177.69,1511759,17803.83,41723, 366301, 24.23,-0.05
ESCORTS, EQ, 19-May-2022,1622.35,1597.0,1606.5,1580.6,1602.0,1598.35,1593.94,261033,4160.72,12654, 108768, 41.67,-1.48
ESCORTS, EQ, 19-May-2023,2084.05,2094.0,2094.35,2037.55,2054.9,2058.15,2060.32,115496,2379.59,9980, 20082, 17.39,-1.24
ESCORTS, EQ, 19-Jun-2020,981.5,990.0,994.55,968.15, 984.25,984.4,979.72,1458038,14284.63,48262, 296384, 20.33,0.3
ESCORTS, EQ, 19-Jun-2023,2179.4,2184.8,2212.45,2180.05, 2186.90,2192.9,2198.85,327806,7207.97,23720, 144976, 44.23,0.62
ESCORTS, EQ, 19-Jun-2024,4302.1,4300.0,4302.0,4204.25,4229.75,4216.05,4247.75,98830,4198.05,16072, 25994, 26.30,-2.0
ESCORTS, EQ, 19-Jul-2021,1193.7,1189.0,1203.7,1184.4, 1190.15,1192.7,1195.52,698945,8356.05,26662, 300184, 42.95,-0.08
ESCORTS, EQ, 19-Jul-2022,1667.55,1646.55,1793.95,1646.55, 1755.00,1755.35,1748.47,2714596,47463.82,86546, 831062, 30.61,5.27
ESCORTS, EQ, 19-Jul-2023,2345.5,2349.0,2354.8,2312.5, 2324.70,2329.9,2337.82,137019,3203.26,15169, 17473, 12.75,-0.67
ESCORTS, EQ, 19-Jul-2024,3993.05,3993.05,4017.4,3911.0,3916.0,3922.3,3957.03,163988,6489.06,23123, 47499, 28.96,-1.77
ESCORTS, EQ, 19-Aug-2020,1156.05,1169.4,1198.0,1153.7,1164.0,1160.1,1175.76,3963863,46605.49,104225, 494916, 12.49,0.35
ESCORTS, EQ, 18-Aug-2021,1249.1,1253.1,1260.0,1223.7, 1226.50,1229.9,1239.31,575036,7126.48,26776, 114807, 19.97,-1.54
ESCORTS, EQ, 19-Aug-2022,1803.7,1804.0,1808.75,1764.45, 1778.05,1774.65,1784.31,241093,4301.85,11945, 72706, 30.16,-1.61
ESCORTS, EQ, 19-Aug-2024,3732.0,3780.0,3784.95,3719.75,3725.6,3728.8,3740.87,111006,4152.59,13915, 32022, 28.85,-0.09
ESCORTS, EQ, 19-Sep-2022,1929.9,1939.5,2122.85,1930.0, 2090.00,2085.7,2077.33,3807647,79097.25,123184, 356627, 9.37,8.07
ESCORTS, EQ, 19-Sep-2024,3798.25,3830.0,3917.0,3760.0,3813.0,3816.75,3835.96,514007,19717.13,42495, 184889, 35.97,0.49
ESCORTS, EQ, 19-Oct-2020,1167.6,1178.75,1193.0,1157.1, 1189.90,1183.05,1173.59,993582,11660.54,42798, 228505, 23.00,1.32
ESCORTS, EQ, 19-Oct-2021,1551.25,1551.95,1555.0,1467.6,1491.0,1486.4,1516.28,1231042,18666.07,40239, 443590, 36.03,-4.18
ESCORTS, EQ, 19-Oct-2022,1976.85,1980.0,2019.85,1978.15, 1990.05,1991.6,2001.14,360870,7221.51,16793, 69497, 19.26,0.75
ESCORTS, EQ, 19-Oct-2023,3297.75,3299.95,3333.0,3252.45,3305.15,3315.6,3302.38,216107,7136.67,16423, 67747, 31.35,0.54
ESCORTS, EQ, 19-Nov-2020,1424.75,1418.0,1446.8,1385.3, 1399.95,1406.3,1421.51,1813610,25780.6,58728, 391343, 21.58,-1.29
ESCORTS, EQ, 19-Nov-2024,3441.35,3440.0,3533.45,3440.0,3472.45,3494.15,3503.15,99096,3471.48,15689, 32596, 32.89,1.53
ESCORTS, EQ, 19-Dec-2022,2176.75,2190.0,2233.45,2163.05,2202.05,2202.8,2203.16,380544,8383.99,18623, 143194, 37.63,1.2
ESCORTS, EQ, 19-Dec-2023,3134.6,3140.0,3165.95,3095.0, 3101.55,3098.95,3118.64,196649,6132.77,22476, 63603, 32.34,-1.14
ESCORTS, EQ, 19-Dec-2024,3360.85,3350.0,3350.0,3276.4,3284.0,3283.9,3299.14,138774,4578.35,19321, 48050, 34.62,-2.29
ESCORTS, EQ, 20-Jan-2020,705.8,707.0,716.9,697.2, 712.90,713.1,707.79,2185442,15468.36,30301, 166735, 7.63,1.03
ESCORTS, EQ, 20-Jan-2021,1274.6,1278.45,1312.8,1276.35, 1307.00,1305.75,1302.67,1649554,21488.29,56420, 246477, 14.94,2.44
ESCORTS, EQ, 20-Jan-2022,1866.5,1865.0,1868.0,1854.0, 1861.00,1859.75,1860.21,339444,6314.38,9627, 238799, 70.35,-0.36
ESCORTS, EQ, 20-Jan-2023,2101.6,2104.7,2109.0,2075.95,2096.85,2094.9,2093.13,117077,2450.58,7500, 47281, 40.38,-0.32
ESCORTS, EQ, 20-Jan-2025,3600.7,3615.75,3624.95,3541.55,3574.0,3575.4,3571.12,105561,3769.71,15248, 29290, 27.75,-0.7
ESCORTS, EQ, 20-Feb-2020,909.85,907.95,907.95,838.35, 879.00,878.3,872.3,9012079,78612.13,130008, 1111153, 12.33,-3.47
ESCORTS, EQ, 20-Feb-2023,2090.2,2096.95,2133.9,2085.55, 2110.00,2094.85,2114.17,350962,7419.92,24218, 64403, 18.35,0.22
ESCORTS, EQ, 20-Feb-2024,2960.85,2951.05,2973.5,2903.55, 2935.90,2927.85,2931.85,158657,4651.59,13828, 61218, 38.59,-1.11
ESCORTS, EQ, 20-Feb-2025,3020.1,3020.0,3123.95,2999.4,3110.95,3110.7,3086.87,101632,3137.25,14600, 19424, 19.11,3.0
ESCORTS, EQ, 20-Mar-2020,573.6,584.7,711.0,562.0, 680.00,675.15,630.61,5000516,31533.6,108013, 459928, 9.20,17.7
ESCORTS, EQ, 20-Mar-2023,1910.6,1848.0,1937.8,1822.1,1905.0,1909.2,1898.42,171767,3260.85,15426, 32921, 19.17,-0.07
ESCORTS, EQ, 20-Mar-2024,2713.55,2739.0,2774.1,2699.05, 2738.95,2740.1,2734.22,188614,5157.12,20675, 53248, 28.23,0.98
ESCORTS, EQ, 20-Mar-2025,3188.85,3205.0,3211.4,3142.1,3201.95,3201.1,3182.04,109492,3484.07,15032, 26793, 24.47,0.38
ESCORTS, EQ, 20-Apr-2020,746.2,749.45,760.65,725.55, 745.00,746.1,743.67,2819316,20966.44,54464, 221694, 7.86,-0.01
ESCORTS, EQ, 20-Apr-2021,1220.45,1222.0,1239.35,1193.85,1207.5,1210.6,1217.97,745098,9075.06,29123, 214083, 28.73,-0.81
ESCORTS, EQ, 20-Apr-2022,1544.8,1551.8,1551.8,1515.1, 1526.00,1524.8,1532.34,588291,9014.64,23717, 241655, 41.08,-1.29
ESCORTS, EQ, 20-Apr-2023,1990.3,2010.0,2010.0,1975.0, 1978.00,1982.45,1990.69,255153,5079.31,22085, 55359, 21.70,-0.39
ESCORTS, EQ, 20-May-2020,835.6,835.55,880.0,829.0, 875.15,867.35,848.45,3882308,32939.36,87538, 564789, 14.55,3.8
ESCORTS, EQ, 20-May-2021,1176.2,1179.9,1179.9,1146.25, 1166.00,1161.4,1160.6,1313068,15239.53,53744, 491053, 37.40,-1.26
ESCORTS, EQ, 20-May-2022,1598.35,1610.0,1641.5,1610.0, 1639.80,1637.4,1632.87,187401,3060.02,11638, 70687, 37.72,2.44
ESCORTS, EQ, 18-May-2024,3800.55,3791.1,3960.0,3776.15,3888.95,3923.3,3908.57,75121,2936.16,5927, 15837, 21.08,3.23
ESCORTS, EQ, 20-Jun-2022,1500.9,1490.05,1507.0,1468.0,1491.6,1484.7,1486.55,373852,5557.48,16657, 104409, 27.93,-1.08
ESCORTS, EQ, 20-Jun-2023,2192.9,2192.9,2193.35,2136.3, 2170.00,2162.8,2158.26,431215,9306.74,24610, 209141, 48.50,-1.37
ESCORTS, EQ, 20-Jun-2024,4216.05,4239.8,4257.5,4180.0,4192.35,4188.65,4206.98,130232,5478.84,12462, 56709, 43.54,-0.65
ESCORTS, EQ, 20-Jul-2020,1104.6,1105.35,1126.0,1103.75, 1123.00,1119.6,1116.95,1087701,12149.13,44505, 241708, 22.22,1.36
ESCORTS, EQ, 20-Jul-2021,1192.7,1192.0,1194.8,1160.0, 1170.15,1169.85,1170.37,966169,11307.71,34099, 412550, 42.70,-1.92
ESCORTS, EQ, 20-Jul-2022,1755.35,1772.05,1773.0,1722.0, 1729.05,1733.2,1739.41,559463,9731.38,19867, 185022, 33.07,-1.26
ESCORTS, EQ, 20-Jul-2023,2329.9,2339.0,2353.0,2310.3,2348.0,2344.7,2334.21,139806,3263.36,17960, 25531, 18.26,0.64
ESCORTS, EQ, 20-Aug-2020,1160.1,1154.9,1172.0,1131.25,1140.0,1140.0,1151.01,1923674,22141.72,63695, 191159, 9.94,-1.73
ESCORTS, EQ, 20-Aug-2021,1229.9,1219.0,1224.0,1186.0,1188.5,1194.1,1200.14,1021721,12262.05,60186, 388665, 38.04,-2.91
ESCORTS, EQ, 20-Aug-2024,3728.8,3728.8,3755.5,3708.05,3740.65,3749.1,3739.0,88809,3320.57,13942, 32880, 37.02,0.54
ESCORTS, EQ, 20-Sep-2021,1452.55,1438.0,1501.5,1430.0, 1441.00,1439.45,1468.98,2042054,29997.45,83090, 528373, 25.87,-0.9
ESCORTS, EQ, 20-Sep-2022,2085.7,2105.1,2144.0,2040.0, 2082.00,2095.25,2092.89,1633728,34192.19,67572, 212928, 13.03,0.46
ESCORTS, EQ, 20-Sep-2023,3170.15,3159.9,3178.65,3115.8, 3137.30,3136.7,3147.21,131316,4132.79,12175, 25573, 19.47,-1.06
ESCORTS, EQ, 20-Sep-2024,3816.75,3835.95,4097.4,3820.9,4097.4,4079.25,4037.85,1701708,68712.36,133163, 450288, 26.46,6.88
ESCORTS, EQ, 20-Oct-2020,1183.05,1186.75,1204.4,1172.8, 1202.55,1196.45,1190.23,1320709,15719.5,52659, 234113, 17.73,1.13
ESCORTS, EQ, 20-Oct-2021,1486.4,1491.0,1505.0,1422.0, 1440.95,1438.35,1460.3,1645913,24035.3,40693, 634141, 38.53,-3.23
ESCORTS, EQ, 20-Oct-2022,1991.6,1986.0,2007.45,1976.75,1992.0,1990.15,1990.41,136328,2713.48,8236, 28856, 21.17,-0.07
ESCORTS, EQ, 20-Oct-2023,3315.6,3310.0,3312.6,3227.55, 3235.90,3236.8,3255.42,180282,5868.94,16863, 55109, 30.57,-2.38
ESCORTS, EQ, 20-Nov-2020,1406.3,1410.0,1422.0,1375.0,1418.0,1414.65,1397.47,1071447,14973.13,35994, 191604, 17.88,0.59
ESCORTS, EQ, 20-Nov-2023,3239.25,3250.0,3253.9,3204.05, 3218.05,3220.2,3228.27,144168,4654.13,11861, 45459, 31.53,-0.59
ESCORTS, EQ, 19-Nov-2024,3441.35,3440.0,3533.45,3440.0,3472.45,3494.15,3503.15,99096,3471.48,15689, 32596, 32.89,1.53
ESCORTS, EQ, 20-Dec-2021,1815.1,1805.0,1827.4,1791.1,1810.0,1813.6,1808.27,1090372,19716.88,29269, 476173, 43.67,-0.08
ESCORTS, EQ, 20-Dec-2022,2202.8,2190.1,2220.25,2174.4,2188.9,2189.05,2191.63,189729,4158.16,9953, 52006, 27.41,-0.62
ESCORTS, EQ, 20-Dec-2023,3098.95,3104.75,3153.55,2960.0, 2970.40,2980.9,3083.64,445775,13746.08,48212, 161581, 36.25,-3.81
ESCORTS, EQ, 20-Dec-2024,3283.9,3279.9,3302.8,3149.95,3170.0,3162.05,3217.65,261515,8414.64,31418, 118865, 45.45,-3.71
ESCORTS, EQ, 21-Jan-2020,713.1,710.0,712.5,701.3, 704.00,704.0,706.19,1297448,9162.4,19305, 101199, 7.80,-1.28
ESCORTS, EQ, 21-Jan-2021,1305.75,1312.2,1324.0,1275.6, 1294.00,1285.65,1307.86,1264624,16539.46,43035, 187405, 14.82,-1.54
ESCORTS, EQ, 21-Jan-2022,1859.75,1859.5,1873.3,1852.0, 1865.15,1868.6,1860.09,549680,10224.54,11890, 341919, 62.20,0.48
ESCORTS, EQ, 21-Jan-2025,3575.4,3579.25,3611.5,3531.95,3573.0,3573.65,3578.19,221433,7923.3,26379, 84591, 38.20,-0.05
ESCORTS, EQ, 21-Feb-2022,1860.25,1864.95,1871.9,1851.4, 1860.80,1861.05,1860.87,452371,8418.04,11272, 230914, 51.05,0.04
ESCORTS, EQ, 21-Feb-2023,2094.85,2105.9,2124.35,2084.25, 2110.50,2107.05,2106.08,184020,3875.61,15947, 29980, 16.29,0.58
ESCORTS, EQ, 21-Feb-2024,2927.85,2944.0,2949.0,2897.0, 2900.05,2914.15,2920.38,102824,3002.85,10727, 42713, 41.54,-0.47
ESCORTS, EQ, 21-Feb-2025,3110.7,3124.0,3131.4,3055.0,3056.6,3066.6,3083.19,90230,2781.96,13026, 36197, 40.12,-1.42
ESCORTS, EQ, 21-Mar-2022,1837.5,1840.0,1849.25,1825.5,1846.5,1847.15,1840.96,630054,11599.06,16054, 455257, 72.26,0.53
ESCORTS, EQ, 21-Mar-2023,1909.2,1907.0,1925.0,1894.4, 1894.90,1898.45,1907.64,181997,3471.84,15268, 51686, 28.40,-0.56
ESCORTS, EQ, 21-Mar-2024,2740.1,2750.0,2774.8,2730.35,2763.3,2763.15,2749.34,117971,3243.43,11394, 42007, 35.61,0.84
ESCORTS, EQ, 21-Mar-2025,3201.1,3198.05,3238.05,3166.0,3202.0,3228.3,3213.53,169291,5440.22,21051, 67171, 39.68,0.85
ESCORTS, EQ, 21-Apr-2020,746.1,725.05,738.0,712.4,720.5,725.1,725.95,2270798,16484.92,42553, 96447, 4.25,-2.81
ESCORTS, EQ, 21-Apr-2022,1524.8,1529.0,1590.0,1529.0, 1586.15,1587.05,1568.78,878422,13780.5,26134, 402646, 45.84,4.08
ESCORTS, EQ, 21-Apr-2023,1982.45,1976.5,1984.8,1942.45, 1948.00,1947.65,1957.73,286214,5603.29,21332, 76026, 26.56,-1.76
ESCORTS, EQ, 21-Apr-2025,3265.2,3287.8,3383.8,3250.0,3363.0,3369.2,3342.02,116353,3888.54,12926, 41626, 35.78,3.19
ESCORTS, EQ, 21-May-2020,867.35,870.0,885.65,862.75,880.0,881.25,878.24,2559584,22479.33,57494, 358333, 14.00,1.6
ESCORTS, EQ, 21-May-2021,1161.4,1175.0,1175.0,1156.2, 1159.90,1158.65,1163.24,1270521,14779.19,48331, 603079, 47.47,-0.24
ESCORTS, EQ, 21-May-2024,3923.3,3909.7,3942.25,3838.05,3892.0,3887.4,3891.71,339711,13220.58,35679, 87750, 25.83,-0.92
ESCORTS, EQ, 21-Jun-2021,1169.95,1155.1,1178.95,1151.25, 1168.50,1167.9,1168.17,713049,8329.61,31705, 159982, 22.44,-0.18
ESCORTS, EQ, 21-Jun-2022,1484.7,1485.0,1518.0,1476.0,1516.0,1511.85,1499.97,187461,2811.86,10965, 34200, 18.24,1.83
ESCORTS, EQ, 21-Jun-2023,2162.8,2169.0,2214.6,2161.25, 2172.50,2176.1,2189.78,446684,9781.38,23831, 229323, 51.34,0.61
ESCORTS, EQ, 21-Jun-2024,4188.65,4180.0,4409.55,4180.0,4310.0,4334.5,4338.7,668815,29017.87,63482, 171914, 25.70,3.48
ESCORTS, EQ, 21-Jul-2020,1119.6,1127.0,1178.95,1126.05, 1170.00,1171.75,1158.43,3757828,43531.77,120065, 963148, 25.63,4.66
ESCORTS, EQ, 21-Jul-2022,1733.2,1733.8,1742.0,1715.4,1730.0,1737.3,1726.27,415802,7177.86,12914, 166741, 40.10,0.24
ESCORTS, EQ, 21-Jul-2023,2344.7,2343.45,2375.55,2329.0, 2341.90,2343.7,2354.12,148005,3484.22,14944, 20695, 13.98,-0.04
ESCORTS, EQ, 21-Aug-2020,1140.0,1154.8,1157.9,1122.5, 1129.55,1127.8,1135.26,1471728,16707.93,49112, 196829, 13.37,-1.07
ESCORTS, EQ, 21-Aug-2023,2851.1,2854.0,2854.9,2811.2, 2844.05,2848.0,2834.85,191868,5439.17,16442, 42558, 22.18,-0.11
ESCORTS, EQ, 21-Aug-2024,3749.1,3750.0,3808.5,3710.0,3790.0,3787.5,3780.85,248111,9380.7,23953, 90226, 36.37,1.02
ESCORTS, EQ, 21-Sep-2020,1238.6,1248.0,1259.0,1199.05, 1210.10,1213.35,1228.81,1940457,23844.62,57071, 399921, 20.61,-2.04
ESCORTS, EQ, 21-Sep-2021,1439.45,1457.5,1492.0,1434.05, 1473.15,1474.85,1469.87,3448518,50688.71,112221, 974252, 28.25,2.46
ESCORTS, EQ, 21-Sep-2022,2095.25,2090.0,2121.0,2070.55, 2082.95,2083.75,2096.66,511170,10717.49,25143, 74385, 14.55,-0.55
ESCORTS, EQ, 21-Sep-2023,3136.7,3133.7,3157.85,3095.2, 3106.00,3107.55,3114.46,88579,2758.75,8603, 21138, 23.86,-0.93
ESCORTS, EQ, 21-Oct-2020,1196.45,1207.5,1247.5,1170.0, 1204.00,1199.9,1218.05,3051906,37173.78,92481, 298398, 9.78,0.29
ESCORTS, EQ, 21-Oct-2021,1438.35,1445.0,1485.0,1425.15, 1472.00,1476.8,1459.73,944311,13784.4,30141, 268043, 28.39,2.67
ESCORTS, EQ, 21-Oct-2022,1990.15,1994.5,2015.0,1970.0,1993.35,1988.35,1989.82,134030,2666.96,8694, 29477, 21.99,-0.09
ESCORTS, EQ, 21-Oct-2024,3815.4,3815.4,3825.85,3733.95, 3744.65,3743.4,3778.31,104074,3932.24,13054, 33495, 32.18,-1.89
ESCORTS, EQ, 21-Nov-2022,2030.85,2023.0,2207.0,2011.25, 2188.00,2196.05,2153.35,3604331,77613.88,135654, 366792, 10.18,8.13
ESCORTS, EQ, 21-Nov-2023,3220.2,3235.0,3293.15,3190.0, 3250.00,3261.6,3245.04,406113,13178.54,23094, 182821, 45.02,1.29
ESCORTS, EQ, 21-Nov-2024,3494.15,3485.0,3489.75,3404.5,3450.05,3454.4,3441.49,121919,4195.82,21851, 46611, 38.23,-1.14
ESCORTS, EQ, 21-Dec-2020,1336.75,1333.9,1336.0,1213.25, 1239.00,1247.35,1287.11,1764980,22717.32,87505, 372745, 21.12,-6.69
ESCORTS, EQ, 21-Dec-2021,1813.6,1822.65,1844.0,1815.15,1830.9,1827.1,1831.05,870102,15931.97,27395, 529542, 60.86,0.74
ESCORTS, EQ, 21-Dec-2022,2189.05,2208.7,2208.7,2136.05, 2145.15,2149.9,2168.87,215511,4674.15,13833, 44755, 20.77,-1.79
ESCORTS, EQ, 21-Dec-2023,2980.9,2957.05,3001.4,2924.5, 2985.00,2984.85,2976.2,516226,15363.93,42602, 261551, 50.67,0.13
ESCORTS, EQ, 22-Jan-2020,704.0,707.05,714.15,700.65, 703.45,704.1,707.4,1511919,10695.36,21969, 113333, 7.50,0.01
ESCORTS, EQ, 22-Jan-2021,1285.65,1288.95,1316.85,1284.95, 1290.00,1293.7,1300.75,1394519,18139.19,57093, 262602, 18.83,0.63
ESCORTS, EQ, 20-Jan-2024,2979.9,3000.0,3007.15,2922.95, 2935.90,2936.8,2974.4,98482,2929.25,9597, 32342, 32.84,-1.45
ESCORTS, EQ, 22-Jan-2025,3573.65,3585.25,3613.4,3549.4,3560.0,3570.75,3575.37,142630,5099.55,17562, 75128, 52.67,-0.08
ESCORTS, EQ, 22-Feb-2021,1335.95,1335.95,1339.95,1276.5,1279.0,1282.8,1301.38,863883,11242.43,43169, 152880, 17.70,-3.98
ESCORTS, EQ, 22-Feb-2022,1861.05,1852.0,1863.95,1850.5,1859.45,1860.05,1856.35,306649,5692.47,7938, 137528, 44.85,-0.05
ESCORTS, EQ, 22-Feb-2023,2107.05,2100.0,2120.0,2079.0, 2090.00,2087.9,2100.14,228163,4791.74,21532, 35452, 15.54,-0.91
ESCORTS, EQ, 22-Feb-2024,2914.15,2938.95,2938.95,2887.0, 2930.00,2925.4,2913.93,91902,2677.96,15746, 28419, 30.92,0.39
ESCORTS, EQ, 22-Mar-2021,1343.15,1343.15,1375.0,1340.4,1364.0,1362.3,1361.65,790865,10768.82,43374, 164080, 20.75,1.43
ESCORTS, EQ, 22-Mar-2022,1847.15,1849.9,1849.9,1833.1, 1842.70,1840.65,1839.69,887701,16330.93,10902, 601204, 67.73,-0.35
ESCORTS, EQ, 22-Mar-2023,1898.45,1900.0,1913.35,1880.1, 1885.50,1887.8,1897.92,136816,2596.65,14309, 37479, 27.39,-0.56
ESCORTS, EQ, 22-Mar-2024,2763.15,2760.0,2776.5,2741.55,2751.0,2750.65,2761.86,116383,3214.33,9929, 44378, 38.13,-0.45
ESCORTS, EQ, 22-Apr-2020,725.1,722.0,754.75,715.3,749.35,749.75,739.72,2982166,22059.75,59994, 221489, 7.43,3.4
ESCORTS, EQ, 22-Apr-2021,1210.6,1192.0,1199.95,1156.3,1172.0,1172.9,1169.08,1733814,20269.64,75222, 392983, 22.67,-3.11
ESCORTS, EQ, 22-Apr-2022,1587.05,1576.0,1596.45,1571.8, 1582.25,1586.95,1586.39,564103,8948.87,20279, 190529, 33.78,-0.01
ESCORTS, EQ, 22-Apr-2024,3106.7,3115.05,3195.0,3115.05,3162.7,3175.4,3167.4,469842,14881.78,37080, 117420, 24.99,2.21
ESCORTS, EQ, 22-Apr-2025,3369.2,3386.0,3424.9,3331.2,3367.0,3357.7,3360.85,183000,6150.36,19682, 83641, 45.71,-0.34
ESCORTS, EQ, 22-May-2020,881.25,875.0,918.95,865.0,907.0,909.65,889.89,4150075,36931.09,94670, 488017, 11.76,3.22
ESCORTS, EQ, 22-May-2023,2058.15,2060.0,2076.1,2032.1,2073.0,2070.25,2062.72,117570,2425.14,8899, 34608, 29.44,0.59
ESCORTS, EQ, 22-May-2024,3887.4,3895.75,3921.6,3823.2,3825.05,3834.65,3863.2,223453,8632.44,39144, 104410, 46.73,-1.36
ESCORTS, EQ, 22-Jun-2020,984.4,990.0,991.85,970.05, 973.90,974.25,979.36,885423,8671.51,33066, 149822, 16.92,-1.03
ESCORTS, EQ, 22-Jun-2021,1167.9,1175.0,1188.9,1167.35, 1170.50,1169.8,1180.81,1018246,12023.54,39071, 279364, 27.44,0.16
ESCORTS, EQ, 22-Jun-2022,1511.85,1508.4,1513.15,1468.9,1479.9,1479.55,1486.87,190118,2826.81,8864, 54884, 28.87,-2.14
ESCORTS, EQ, 22-Jun-2023,2176.1,2183.0,2188.6,2140.0,2159.95,2162.05,2156.2,276907,5970.68,16205, 154861, 55.93,-0.65
ESCORTS, EQ, 22-Jul-2020,1171.75,1165.0,1210.0,1163.0, 1210.00,1203.7,1192.18,3475170,41430.21,124006, 815256, 23.46,2.73
ESCORTS, EQ, 22-Jul-2021,1169.85,1174.5,1181.2,1164.4, 1165.00,1166.95,1170.81,524663,6142.78,17923, 301365, 57.44,-0.25
ESCORTS, EQ, 22-Jul-2022,1737.3,1738.0,1738.0,1704.0, 1704.00,1710.75,1715.43,350902,6019.48,11551, 137755, 39.26,-1.53
ESCORTS, EQ, 22-Jul-2024,3922.3,3921.95,4021.0,3845.3,4015.0,4014.95,3967.78,173786,6895.45,25201, 33452, 19.25,2.36
ESCORTS, EQ, 22-Aug-2022,1774.65,1773.0,1773.0,1722.6, 1724.30,1725.8,1740.94,238681,4155.3,11907, 77965, 32.66,-2.75
ESCORTS, EQ, 22-Aug-2023,2848.0,2849.95,2957.15,2849.95, 2945.00,2934.05,2927.12,1059830,31022.52,52520, 270192, 25.49,3.02
ESCORTS, EQ, 22-Aug-2024,3787.5,3814.0,3821.25,3787.9,3815.0,3810.05,3807.4,135221,5148.4,18072, 65136, 48.17,0.6
ESCORTS, EQ, 22-Sep-2020,1213.35,1215.0,1227.25,1170.0, 1203.00,1198.8,1194.87,2106701,25172.4,90063, 317346, 15.06,-1.2
ESCORTS, EQ, 22-Sep-2021,1474.85,1475.05,1542.0,1455.0, 1524.90,1520.15,1505.54,2890213,43513.41,98117, 616799, 21.34,3.07
ESCORTS, EQ, 22-Sep-2022,2083.75,2070.25,2141.15,2070.25, 2137.55,2126.95,2114.53,512618,10839.45,23081, 119004, 23.21,2.07
ESCORTS, EQ, 22-Sep-2023,3107.55,3120.0,3153.7,3068.1, 3129.40,3126.55,3119.3,150478,4693.85,18560, 33737, 22.42,0.61
ESCORTS, EQ, 22-Oct-2020,1199.9,1202.6,1213.9,1178.6, 1185.70,1188.35,1191.6,1045132,12453.8,37636, 134391, 12.86,-0.96
ESCORTS, EQ, 22-Oct-2021,1476.8,1475.0,1510.35,1452.5, 1457.05,1463.3,1484.86,1242631,18451.33,44147, 359572, 28.94,-0.91
ESCORTS, EQ, 22-Oct-2024,3743.4,3741.0,3774.85,3660.0,3660.0,3671.7,3714.16,215907,8019.13,21495, 100799, 46.69,-1.92
ESCORTS, EQ, 22-Nov-2021,1802.85,1811.0,1831.3,1755.15,1801.85,1802.75,1790.91,4234114,75829.24,134400, 1435374, 33.90,-0.01
ESCORTS, EQ, 22-Nov-2022,2196.05,2190.0,2236.0,2141.25, 2219.00,2212.3,2184.19,1490549,32556.44,58627, 227056, 15.23,0.74
ESCORTS, EQ, 22-Nov-2023,3261.6,3250.0,3255.0,3196.0, 3200.25,3206.8,3219.23,146531,4717.18,15216, 34022, 23.22,-1.68
ESCORTS, EQ, 22-Nov-2024,3454.4,3459.0,3527.3,3448.9,3519.1,3510.4,3496.99,153988,5384.94,25568, 78085, 50.71,1.62
ESCORTS, EQ, 22-Dec-2020,1247.35,1261.0,1274.55,1181.6, 1232.00,1228.65,1217.36,2446030,29777.02,104985, 685485, 28.02,-1.5
ESCORTS, EQ, 22-Dec-2021,1827.1,1836.9,1844.0,1829.0, 1837.00,1839.05,1837.9,292901,5383.24,11028, 150498, 51.38,0.65
ESCORTS, EQ, 22-Dec-2022,2149.9,2180.0,2180.0,2070.0, 2078.35,2085.95,2108.06,369082,7780.48,23218, 96727, 26.21,-2.97
ESCORTS, EQ, 22-Dec-2023,2984.85,2985.0,3025.0,2960.35, 2968.00,2966.9,2992.97,270911,8108.3,24753, 119359, 44.06,-0.6
ESCORTS, EQ, 23-Jan-2020,704.1,704.0,716.9,700.15, 714.05,712.7,711.11,1429046,10162.12,22925, 175819, 12.30,1.22
ESCORTS, EQ, 23-Jan-2023,2094.9,2102.0,2118.2,2083.3,2100.0,2101.65,2102.71,98376,2068.57,10478, 23725, 24.12,0.32
ESCORTS, EQ, 23-Jan-2024,2936.8,2939.95,2959.0,2823.3, 2834.85,2836.8,2865.8,369423,10586.91,41280, 211321, 57.20,-3.41
ESCORTS, EQ, 23-Jan-2025,3570.75,3549.7,3628.95,3525.55,3586.05,3588.4,3594.07,184128,6617.7,30467, 63705, 34.60,0.49
ESCORTS, EQ, 23-Feb-2021,1282.8,1292.8,1306.0,1247.65, 1297.65,1296.85,1274.64,1682554,21446.45,65050, 456861, 27.15,1.1
ESCORTS, EQ, 23-Feb-2022,1860.05,1861.95,1865.75,1855.05,1862.25,1858.2,1858.3,865902,16091.09,17948, 737787, 85.20,-0.1
ESCORTS, EQ, 23-Feb-2023,2087.9,2098.9,2098.9,2031.0,2037.4,2041.6,2062.44,264800,5461.33,24276, 55901, 21.11,-2.22
ESCORTS, EQ, 23-Feb-2024,2925.4,2927.5,2962.35,2900.0, 2909.00,2911.0,2929.1,148019,4335.63,15161, 60236, 40.69,-0.49
ESCORTS, EQ, 23-Mar-2020,675.15,607.65,646.7,542.65, 557.00,550.75,592.43,2535401,15020.43,81548, 971702, 38.33,-18.43
ESCORTS, EQ, 23-Mar-2021,1362.3,1369.1,1381.05,1353.2, 1361.00,1365.45,1366.13,574469,7847.98,24598, 71160, 12.39,0.23
ESCORTS, EQ, 23-Mar-2022,1840.65,1840.1,1858.85,1836.5, 1854.85,1856.4,1851.23,722768,13380.09,11262, 468620, 64.84,0.86
ESCORTS, EQ, 23-Mar-2023,1887.8,1889.9,1899.85,1850.0, 1854.00,1856.65,1872.52,165935,3107.17,15361, 42931, 25.87,-1.65
ESCORTS, EQ, 23-Apr-2020,749.75,751.9,778.35,745.35,752.5,752.2,764.32,3161713,24165.74,62665, 349123, 11.04,0.33
ESCORTS, EQ, 23-Apr-2021,1172.9,1173.45,1179.9,1131.0,1138.2,1138.4,1151.63,1424940,16410.0,65709, 429516, 30.14,-2.94
ESCORTS, EQ, 23-Apr-2024,3175.4,3185.05,3225.0,3144.0,3211.0,3212.55,3189.28,315757,10070.38,26275, 111464, 35.30,1.17
ESCORTS, EQ, 23-Apr-2025,3357.7,3373.5,3463.2,3373.5,3450.0,3446.4,3422.64,205209,7023.56,24110, 71179, 34.69,2.64
ESCORTS, EQ, 23-May-2022,1637.4,1645.55,1683.65,1626.4,1630.0,1635.15,1649.45,397346,6554.03,16478, 126019, 31.72,-0.14
ESCORTS, EQ, 23-May-2023,2070.25,2076.0,2097.8,2055.7, 2062.30,2060.75,2067.34,116692,2412.42,9063, 19702, 16.88,-0.46
ESCORTS, EQ, 23-May-2024,3834.65,3847.95,3847.95,3774.85,3812.95,3811.05,3807.9,165580,6305.12,17332, 49775, 30.06,-0.62
ESCORTS, EQ, 23-Jun-2020,974.25,985.0,985.0,962.6, 971.10,970.65,973.37,1357570,13214.22,43975, 289942, 21.36,-0.37
ESCORTS, EQ, 23-Jun-2021,1169.8,1175.0,1185.05,1163.6, 1168.10,1167.3,1175.49,732658,8612.34,31908, 264741, 36.13,-0.21
ESCORTS, EQ, 23-Jun-2022,1479.55,1479.0,1518.9,1470.1,1510.0,1509.4,1499.1,237066,3553.86,7850, 47211, 19.91,2.02
ESCORTS, EQ, 23-Jun-2023,2162.05,2152.5,2160.05,2117.2, 2153.90,2155.9,2145.75,188859,4052.45,16231, 57171, 30.27,-0.28
ESCORTS, EQ, 23-Jul-2020,1203.7,1210.0,1210.0,1160.3, 1174.10,1167.25,1173.95,1591575,18684.35,74935, 454402, 28.55,-3.03
ESCORTS, EQ, 23-Jul-2021,1166.95,1166.95,1169.0,1155.0,1160.95,1160.65,1162.31,450466,5235.83,17977, 134036, 29.75,-0.54
ESCORTS, EQ, 23-Jul-2024,4014.95,4014.0,4128.95,3920.05,4127.15,4120.85,4051.69,282505,11446.22,33290, 79938, 28.30,2.64
ESCORTS, EQ, 23-Aug-2021,1194.1,1208.0,1303.4,1183.2, 1254.00,1257.4,1264.87,5407854,68402.29,195339, 750720, 13.88,5.3
ESCORTS, EQ, 23-Aug-2022,1725.8,1716.0,1772.65,1707.55, 1760.00,1756.45,1750.76,292501,5121.0,17375, 67225, 22.98,1.78
ESCORTS, EQ, 23-Aug-2023,2934.05,2939.9,2949.0,2883.55, 2893.30,2900.55,2914.87,273965,7985.73,14607, 42652, 15.57,-1.14
ESCORTS, EQ, 23-Aug-2024,3810.05,3825.0,3903.0,3772.55,3876.0,3875.95,3861.72,329691,12731.74,31973, 116844, 35.44,1.73
ESCORTS, EQ, 23-Sep-2020,1198.8,1213.0,1245.0,1190.55, 1217.00,1213.75,1215.84,2319475,28201.13,64509, 156297, 6.74,1.25
ESCORTS, EQ, 23-Sep-2021,1520.15,1565.1,1571.9,1487.3, 1507.00,1508.4,1520.2,2597565,39488.29,93002, 728399, 28.04,-0.77
ESCORTS, EQ, 23-Sep-2022,2126.95,2135.0,2190.0,2065.0, 2071.50,2076.65,2125.36,1378417,29296.28,55983, 155209, 11.26,-2.36
ESCORTS, EQ, 23-Sep-2024,4079.25,4105.95,4252.7,4079.25,4245.05,4233.9,4173.07,543508,22680.98,48164, 163097, 30.01,3.79
ESCORTS, EQ, 23-Oct-2020,1188.35,1190.0,1222.5,1182.4, 1184.00,1188.3,1199.24,1893946,22712.97,56655, 185232, 9.78,-0.0
ESCORTS, EQ, 23-Oct-2023,3236.8,3236.75,3240.0,3118.7, 3134.00,3134.2,3174.35,288297,9151.56,23663, 99672, 34.57,-3.17
ESCORTS, EQ, 23-Oct-2024,3671.7,3660.05,3741.95,3645.55,3700.0,3701.2,3699.0,202600,7494.17,18592, 118644, 58.56,0.8
ESCORTS, EQ, 23-Nov-2020,1414.65,1425.0,1430.0,1389.0, 1398.20,1402.55,1405.79,940363,13219.57,29372, 152812, 16.25,-0.86
ESCORTS, EQ, 23-Nov-2021,1802.75,1790.1,1826.6,1785.05,1808.0,1802.55,1808.68,2018204,36502.8,60961, 633276, 31.38,-0.01
ESCORTS, EQ, 23-Nov-2022,2212.3,2210.25,2222.0,2176.0,2203.2,2213.6,2205.32,755982,16671.84,29830, 142253, 18.82,0.06
ESCORTS, EQ, 23-Nov-2023,3206.8,3215.0,3262.0,3203.25, 3221.00,3222.35,3237.77,183054,5926.88,18507, 36140, 19.74,0.48
ESCORTS, EQ, 23-Dec-2020,1228.65,1240.4,1288.0,1235.25,1264.55,1266.6,1265.74,2513410,31813.15,113879, 523775, 20.84,3.09
ESCORTS, EQ, 23-Dec-2021,1839.05,1848.0,1862.0,1842.15, 1858.00,1855.9,1853.3,420242,7788.32,9273, 256296, 60.99,0.92
ESCORTS, EQ, 23-Dec-2022,2085.95,2069.0,2099.0,2003.15, 2010.00,2012.0,2046.42,317315,6493.6,17562, 117482, 37.02,-3.55
ESCORTS, EQ, 23-Dec-2024,3162.05,3180.75,3224.65,3133.0,3133.0,3143.6,3180.01,188314,5988.41,26537, 51201, 27.19,-0.58
ESCORTS, EQ, 24-Jan-2020,712.7,715.85,728.8,710.25,723.6,723.6,721.14,3229205,23286.97,47057, 1295221, 40.11,1.53
ESCORTS, EQ, 24-Jan-2022,1868.6,1869.7,1873.0,1836.5,1855.0,1855.6,1852.29,776468,14382.42,24865, 431259, 55.54,-0.7
ESCORTS, EQ, 24-Jan-2023,2101.65,2101.65,2120.9,2081.45,2101.0,2098.85,2097.29,126284,2648.54,11061, 28722, 22.74,-0.13
ESCORTS, EQ, 24-Jan-2024,2836.8,2828.0,2915.0,2820.0, 2907.25,2906.35,2879.92,372671,10732.62,33242, 219739, 58.96,2.45
ESCORTS, EQ, 24-Jan-2025,3588.4,3581.2,3610.6,3460.0,3460.0,3466.3,3528.47,71203,2512.38,12166, 14083, 19.78,-3.4
ESCORTS, EQ, 24-Feb-2020,878.3,869.0,871.75,832.85, 838.00,836.85,852.48,3789594,32305.38,60816, 816680, 21.55,-4.72
ESCORTS, EQ, 24-Feb-2021,1296.85,1309.0,1315.55,1275.0, 1302.00,1311.6,1298.43,752013,9764.36,32785, 238741, 31.75,1.14
ESCORTS, EQ, 24-Feb-2022,1858.2,1847.0,1852.4,1781.1, 1785.00,1795.2,1814.81,2213011,40161.87,36057, 1376551, 62.20,-3.39
ESCORTS, EQ, 24-Feb-2023,2041.6,2037.4,2047.5,1996.25, 2010.00,2016.0,2016.81,236572,4771.21,16670, 46430, 19.63,-1.25
ESCORTS, EQ, 24-Feb-2025,3066.6,3050.0,3068.85,2942.0,2960.0,2945.95,2967.68,253894,7534.76,18393, 162465, 63.99,-3.93
ESCORTS, EQ, 24-Mar-2020,550.75,594.1,652.2,546.1, 633.75,633.75,609.64,3546324,21619.98,90903, 351958, 9.92,15.07
ESCORTS, EQ, 24-Mar-2021,1365.45,1361.1,1374.95,1316.25, 1320.55,1321.05,1337.92,760354,10172.91,32179, 207739, 27.32,-3.25
ESCORTS, EQ, 24-Mar-2022,1856.4,1852.0,1869.0,1842.0, 1860.50,1858.1,1856.35,493126,9154.13,8765, 239920, 48.65,0.09
ESCORTS, EQ, 24-Mar-2023,1856.65,1854.0,1867.1,1820.1, 1831.00,1831.85,1851.11,212849,3940.07,17478, 43701, 20.53,-1.34
ESCORTS, EQ, 24-Mar-2025,3228.3,3235.2,3298.0,3209.05,3263.0,3272.15,3258.62,96130,3132.51,12930, 22995, 23.92,1.36
ESCORTS, EQ, 24-Apr-2020,752.2,744.0,758.7,712.2,721.3,717.0,736.14,2146278,15799.6,47132, 229696, 10.70,-4.68
ESCORTS, EQ, 24-Apr-2023,1947.65,1945.05,1973.8,1942.75, 1955.00,1956.35,1956.98,275103,5383.7,24648, 41114, 14.94,0.45
ESCORTS, EQ, 24-Apr-2024,3212.55,3216.0,3256.0,3196.0, 3241.20,3250.65,3233.41,271132,8766.82,26983, 123951, 45.72,1.19
ESCORTS, EQ, 24-Apr-2025,3446.4,3460.0,3467.3,3365.0,3390.1,3388.3,3402.06,117639,4002.14,18936, 44451, 37.79,-1.69
ESCORTS, EQ, 24-May-2021,1158.65,1165.0,1192.0,1149.0, 1171.00,1169.2,1172.08,2422497,28393.61,73222, 837247, 34.56,0.91
ESCORTS, EQ, 24-May-2022,1635.15,1639.0,1664.4,1588.5,1603.0,1598.85,1613.42,226443,3653.47,11335, 59825, 26.42,-2.22
ESCORTS, EQ, 24-May-2023,2060.75,2055.25,2062.95,2040.35, 2050.30,2050.65,2049.29,123714,2535.25,6402, 54704, 44.22,-0.49
ESCORTS, EQ, 24-May-2024,3811.05,3800.0,3838.0,3768.05,3816.65,3813.15,3810.44,227635,8673.91,16933, 113324, 49.78,0.06
ESCORTS, EQ, 24-Jun-2020,970.65,984.9,1048.0,980.0,990.75,987.75,1020.04,6080166,62020.4,131746, 985355, 16.21,1.76
ESCORTS, EQ, 24-Jun-2021,1167.3,1168.0,1175.85,1152.55, 1156.00,1155.55,1161.18,498705,5790.87,20372, 161037, 32.29,-1.01
ESCORTS, EQ, 24-Jun-2022,1509.4,1519.6,1536.6,1506.65, 1520.00,1520.05,1520.49,514950,7829.78,20166, 144905, 28.14,0.71
ESCORTS, EQ, 24-Jun-2024,4334.5,4332.5,4356.5,4243.05,4250.0,4249.65,4284.54,215127,9217.19,29809, 77535, 36.04,-1.96
ESCORTS, EQ, 24-Jul-2020,1167.25,1163.95,1176.7,1122.4,1125.45,1128.25,1144.22,2050908,23466.81,83925, 546255, 26.63,-3.34
ESCORTS, EQ, 24-Jul-2023,2343.7,2343.7,2366.0,2332.3, 2359.95,2358.75,2351.07,208361,4898.72,18500, 40054, 19.22,0.64
ESCORTS, EQ, 24-Jul-2024,4120.85,4134.0,4161.2,4067.85,4134.8,4145.8,4123.33,201254,8298.36,22973, 42227, 20.98,0.61
ESCORTS, EQ, 24-Aug-2020,1127.8,1134.8,1144.7,1117.1,1131.0,1129.1,1130.61,1359702,15372.94,46507, 157670, 11.60,0.12
ESCORTS, EQ, 24-Aug-2021,1257.4,1252.5,1323.0,1247.6, 1301.50,1296.3,1300.96,5184021,67442.13,186474, 755406, 14.57,3.09
ESCORTS, EQ, 24-Aug-2022,1756.45,1755.0,1769.15,1735.85,1765.0,1764.7,1754.63,181789,3189.72,7844, 44662, 24.57,0.47
ESCORTS, EQ, 24-Aug-2023,2900.55,2902.3,3004.2,2901.05, 2965.00,2988.2,2971.07,879420,26128.14,46591, 278293, 31.65,3.02
ESCORTS, EQ, 24-Sep-2020,1213.75,1197.0,1205.6,1151.5, 1156.00,1157.9,1177.01,1886860,22208.57,70262, 263190, 13.95,-4.6
ESCORTS, EQ, 24-Sep-2021,1508.4,1514.8,1514.9,1451.0, 1461.00,1465.45,1480.38,1032392,15283.29,36632, 367719, 35.62,-2.85
ESCORTS, EQ, 24-Sep-2024,4233.9,4270.0,4372.15,4270.0,4335.0,4349.3,4329.97,930475,40289.27,86444, 260100, 27.95,2.73
ESCORTS, EQ, 24-Oct-2024,3701.2,3595.0,3595.0,3346.0,3494.0,3494.55,3463.96,1595629,55271.9,119951, 370092, 23.19,-5.58
ESCORTS, EQ, 24-Nov-2020,1402.55,1413.25,1427.8,1400.4, 1414.00,1410.65,1415.96,1076870,15248.04,33851, 173531, 16.11,0.58
ESCORTS, EQ, 24-Nov-2021,1802.55,1814.9,1831.0,1796.25, 1810.00,1802.0,1812.95,1744444,31625.84,41568, 703139, 40.31,-0.03
ESCORTS, EQ, 24-Nov-2022,2213.6,2198.0,2208.85,2158.0, 2190.10,2185.4,2180.17,515752,11244.29,24223, 68233, 13.23,-1.27
ESCORTS, EQ, 24-Nov-2023,3222.35,3222.35,3252.4,3211.05, 3218.00,3229.45,3234.45,177694,5747.43,17176, 66042, 37.17,0.22
ESCORTS, EQ, 24-Dec-2020,1266.6,1267.0,1281.35,1240.55, 1263.00,1259.75,1259.52,1372662,17288.93,64721, 410411, 29.90,-0.54
ESCORTS, EQ, 24-Dec-2021,1855.9,1860.05,1864.65,1850.1, 1860.70,1859.8,1857.44,389031,7226.0,6417, 227176, 58.40,0.21
ESCORTS, EQ, 24-Dec-2024,3143.6,3147.2,3185.45,3102.0,3156.0,3156.15,3146.64,138673,4363.54,19998, 38998, 28.12,0.4
ESCORTS, EQ, 25-Jan-2021,1293.7,1300.0,1304.95,1218.1, 1223.00,1225.9,1239.7,1643931,20379.74,83235, 403915, 24.57,-5.24
ESCORTS, EQ, 25-Jan-2022,1855.6,1850.0,1862.0,1840.5,1857.6,1854.45,1852.58,354933,6575.41,14158, 164198, 46.26,-0.06
ESCORTS, EQ, 25-Jan-2023,2098.85,2098.85,2098.85,2060.0, 2075.20,2088.8,2079.31,94406,1962.99,8062, 14069, 14.90,-0.48
ESCORTS, EQ, 25-Jan-2024,2906.35,2914.95,2957.0,2911.65, 2952.00,2945.3,2938.4,206334,6062.92,21427, 75455, 36.57,1.34
ESCORTS, EQ, 25-Feb-2020,836.85,845.0,849.4,825.6, 830.00,830.25,835.42,2673083,22331.46,41429, 392046, 14.67,-0.79
ESCORTS, EQ, 25-Feb-2021,1311.6,1320.0,1340.0,1300.25, 1305.70,1309.05,1313.45,877139,11520.75,37762, 159043, 18.13,-0.19
ESCORTS, EQ, 25-Feb-2022,1795.2,1811.0,1844.9,1749.6,1843.05,1835.1,1814.66,1900491,34487.49,31734, 1031547, 54.28,2.22
ESCORTS, EQ, 25-Feb-2025,2945.95,2950.3,2990.5,2932.65,2938.05,2941.85,2955.41,176061,5203.32,19008, 80347, 45.64,-0.14
ESCORTS, EQ, 25-Mar-2020,633.75,577.0,660.0,577.0, 646.55,646.9,642.46,2882806,18521.0,79770, 324924, 11.27,2.07
ESCORTS, EQ, 25-Mar-2021,1321.05,1320.0,1327.65,1260.8,1265.5,1266.25,1286.58,1120803,14419.98,50477, 203163, 18.13,-4.15
ESCORTS, EQ, 25-Mar-2022,1858.1,1829.85,1845.85,1740.05,1809.0,1798.7,1787.69,612415,10948.08,24519, 78100, 12.75,-3.2
ESCORTS, EQ, 25-Mar-2025,3272.15,3280.0,3292.0,3204.0,3233.2,3212.45,3243.63,97369,3158.29,14949, 19260, 19.78,-1.82
ESCORTS, EQ, 25-Apr-2022,1586.95,1560.0,1606.1,1530.0,1602.0,1601.35,1575.41,1375759,21673.78,36076, 745612, 54.20,0.91
ESCORTS, EQ, 25-Apr-2023,1956.35,1957.0,1990.8,1951.95,1968.95,1965.65,1970.86,262355,5170.65,18246, 37315, 14.22,0.48
ESCORTS, EQ, 25-Apr-2024,3250.65,3275.0,3275.0,3223.8, 3254.95,3250.65,3245.98,161514,5242.71,15511, 62587, 38.75,0.0
ESCORTS, EQ, 25-Apr-2025,3388.3,3420.0,3420.0,3302.1,3350.0,3333.7,3340.96,241549,8070.06,23105, 108451, 44.90,-1.61
ESCORTS, EQ, 25-May-2021,1169.2,1176.0,1179.9,1149.4, 1151.00,1150.8,1159.35,1327524,15390.67,43575, 635959, 47.91,-1.57
ESCORTS, EQ, 25-May-2022,1598.85,1600.0,1613.45,1566.95, 1576.70,1573.55,1579.79,322197,5090.02,18819, 120253, 37.32,-1.58
ESCORTS, EQ, 25-May-2023,2050.65,2050.0,2064.7,2033.05, 2054.60,2047.6,2047.85,187248,3834.56,11290, 57569, 30.74,-0.15
ESCORTS, EQ, 25-Jun-2020,987.75,988.0,1036.65,978.8, 1024.00,1030.95,1010.95,3886139,39286.92,92464, 436578, 11.23,4.37
ESCORTS, EQ, 25-Jun-2021,1155.55,1156.5,1184.9,1156.5, 1181.90,1182.45,1174.1,752309,8832.85,28232, 208062, 27.66,2.33
ESCORTS, EQ, 25-Jun-2024,4249.65,4267.6,4290.25,4165.75,4199.0,4198.7,4215.28,191797,8084.78,27048, 70546, 36.78,-1.2
ESCORTS, EQ, 25-Jul-2022,1710.75,1704.0,1712.85,1651.5, 1690.00,1692.4,1680.73,376172,6322.42,14931, 105069, 27.93,-1.07
ESCORTS, EQ, 25-Jul-2023,2358.75,2371.2,2392.0,2357.25, 2375.00,2366.0,2373.32,164424,3902.31,14903, 32471, 19.75,0.31
ESCORTS, EQ, 25-Jul-2024,4145.8,4100.0,4140.75,4041.0,4053.0,4056.85,4078.57,231030,9422.71,20978, 113794, 49.26,-2.15
ESCORTS, EQ, 25-Aug-2020,1129.1,1136.0,1152.0,1111.0, 1123.25,1118.1,1129.51,1518827,17155.29,55090, 245353, 16.15,-0.97
ESCORTS, EQ, 25-Aug-2021,1296.3,1300.0,1350.05,1290.25, 1348.00,1341.5,1322.61,2762786,36540.92,100678, 604830, 21.89,3.49
ESCORTS, EQ, 25-Aug-2022,1764.7,1778.6,1799.0,1736.25,1753.15,1755.15,1774.94,408054,7242.72,13527, 101105, 24.78,-0.54
ESCORTS, EQ, 25-Aug-2023,2988.2,2979.95,3125.0,2965.05, 3062.45,3051.5,3062.25,1821728,55785.79,94499, 255648, 14.03,2.12
ESCORTS, EQ, 25-Sep-2020,1157.9,1168.6,1208.0,1162.25, 1200.00,1203.4,1186.76,1759568,20881.88,70628, 199222, 11.32,3.93
ESCORTS, EQ, 25-Sep-2023,3126.55,3148.0,3256.95,3105.35, 3240.00,3235.05,3184.22,605035,19265.64,30362, 258258, 42.68,3.47
ESCORTS, EQ, 25-Sep-2024,4349.3,4325.1,4384.0,4297.55,4370.0,4374.7,4349.16,282970,12306.81,29886, 77931, 27.54,0.58
ESCORTS, EQ, 25-Oct-2021,1463.3,1475.0,1508.0,1434.0, 1494.75,1495.1,1479.89,900150,13321.21,28414, 268711, 29.85,2.17
ESCORTS, EQ, 25-Oct-2022,1983.65,1990.0,2011.25,1975.2,1987.95,2000.85,2000.37,182177,3644.21,9625, 51656, 28.35,0.87
ESCORTS, EQ, 25-Oct-2023,3134.2,3139.95,3190.0,3084.05,3119.0,3106.95,3130.65,190950,5977.98,17099, 60603, 31.74,-0.87
ESCORTS, EQ, 25-Oct-2024,3494.55,3489.0,3554.0,3466.05,3510.0,3500.4,3507.78,381990,13399.37,38433, 131396, 34.40,0.17
ESCORTS, EQ, 25-Nov-2020,1410.65,1416.0,1420.0,1382.5, 1385.00,1394.2,1398.66,850333,11893.25,33129, 180853, 21.27,-1.17
ESCORTS, EQ, 25-Nov-2021,1802.0,1810.0,1834.65,1802.0,1819.7,1813.85,1812.62,3117728,56512.42,52884, 1611414, 51.69,0.66
ESCORTS, EQ, 25-Nov-2022,2185.4,2190.0,2300.0,2186.0,2284.55,2288.35,2270.58,1674760,38026.75,60527, 167480, 10.00,4.71
ESCORTS, EQ, 25-Nov-2024,3510.4,3561.0,3663.15,3560.0,3609.0,3615.5,3618.62,155411,5623.73,25496, 38392, 24.70,2.99
ESCORTS, EQ, 26-Feb-2020,830.25,827.3,839.45,818.55, 827.35,827.85,829.28,2403134,19928.7,39737, 292303, 12.16,-0.29
ESCORTS, EQ, 26-Feb-2021,1309.05,1291.0,1336.8,1281.7,1305.75,1310.9,1310.78,1316088,17250.97,55637, 178517, 13.56,0.14
ESCORTS, EQ, 26-Feb-2024,2911.0,2916.45,2924.65,2851.35, 2895.00,2890.85,2891.95,152335,4405.45,17638, 46806, 30.73,-0.69
ESCORTS, EQ, 26-Mar-2020,646.9,647.0,684.7,633.15, 660.80,663.2,661.3,2590067,17128.14,75384, 335388, 12.95,2.52
ESCORTS, EQ, 26-Mar-2021,1266.25,1275.0,1288.95,1260.5,1272.0,1270.15,1273.9,667881,8508.15,30994, 67412, 10.09,0.31
ESCORTS, EQ, 26-Mar-2024,2750.65,2750.0,2775.0,2743.3,2757.0,2751.25,2760.05,100227,2766.32,14097, 42501, 42.40,0.02
ESCORTS, EQ, 26-Mar-2025,3212.45,3223.8,3301.95,3186.35,3231.0,3234.95,3237.43,275521,8919.81,29749, 86012, 31.22,0.7
ESCORTS, EQ, 26-Apr-2021,1138.4,1141.7,1149.5,1124.5, 1130.00,1128.95,1134.56,1862525,21131.51,66103, 451067, 24.22,-0.83
ESCORTS, EQ, 26-Apr-2022,1601.35,1620.0,1620.0,1586.05, 1605.55,1609.45,1603.69,1259918,20205.2,35615, 675025, 53.58,0.51
ESCORTS, EQ, 26-Apr-2023,1965.65,1975.55,1983.8,1945.55, 1965.00,1968.45,1966.64,386583,7602.68,30169, 100414, 25.97,0.14
ESCORTS, EQ, 26-Apr-2024,3250.65,3250.7,3307.3,3200.05, 3283.05,3291.7,3270.02,228661,7477.25,26065, 76752, 33.57,1.26
ESCORTS, EQ, 26-May-2020,909.65,909.65,909.65,863.3, 870.50,869.1,882.48,2557007,22565.03,63387, 274915, 10.75,-4.46
ESCORTS, EQ, 26-May-2021,1150.8,1153.0,1154.4,1135.0, 1140.00,1137.9,1140.87,1681362,19182.14,68052, 723145, 43.01,-1.12
ESCORTS, EQ, 26-May-2022,1573.55,1572.2,1614.0,1564.0,1612.95,1609.4,1589.19,276244,4390.03,13685, 83095, 30.08,2.28
ESCORTS, EQ, 26-May-2023,2047.6,2054.55,2078.8,2040.0,2078.8,2074.7,2064.65,143984,2972.77,11203, 37136, 25.79,1.32
ESCORTS, EQ, 26-Jun-2020,1030.95,1033.0,1045.1,1005.4, 1018.60,1017.35,1024.45,2140776,21931.11,56649, 369697, 17.27,-1.32
ESCORTS, EQ, 26-Jun-2023,2155.9,2167.2,2211.95,2151.0, 2209.00,2200.55,2193.43,381288,8363.29,26275, 173131, 45.41,2.07
ESCORTS, EQ, 26-Jun-2024,4198.7,4206.6,4264.8,4156.05,4257.9,4250.95,4239.67,167078,7083.56,18160, 51426, 30.78,1.24
ESCORTS, EQ, 26-Jul-2021,1160.65,1166.8,1166.8,1151.2,1156.0,1154.3,1159.04,400400,4640.79,17598, 122416, 30.57,-0.55
ESCORTS, EQ, 26-Jul-2022,1692.4,1694.8,1724.1,1682.85,1692.0,1694.45,1706.37,472665,8065.41,19408, 138955, 29.40,0.12
ESCORTS, EQ, 26-Jul-2023,2366.0,2378.0,2444.25,2352.05, 2430.00,2430.35,2422.15,372332,9018.45,23443, 102917, 27.64,2.72
ESCORTS, EQ, 26-Jul-2024,4056.85,4053.0,4154.05,4050.95, 4135.00,4145.55,4105.64,282855,11613.01,26158, 142638, 50.43,2.19
ESCORTS, EQ, 26-Aug-2020,1118.1,1128.4,1135.9,1108.8, 1127.00,1125.8,1120.69,1548786,17357.13,50954, 267368, 17.26,0.69
ESCORTS, EQ, 26-Aug-2021,1341.5,1341.5,1352.1,1328.5, 1345.30,1343.15,1340.26,1837948,24633.22,71392, 490358, 26.68,0.12
ESCORTS, EQ, 26-Aug-2022,1755.15,1770.0,1852.5,1764.35,1837.0,1837.4,1833.42,1044126,19143.19,41286, 178181, 17.07,4.69
ESCORTS, EQ, 26-Aug-2024,3875.95,3900.2,3917.5,3866.5,3876.45,3878.9,3885.41,118350,4598.38,15465, 47744, 40.34,0.08
ESCORTS, EQ, 26-Sep-2022,2076.65,2074.0,2074.0,1976.95,1985.0,2000.1,2010.8,594458,11953.35,30618, 124886, 21.01,-3.69
ESCORTS, EQ, 26-Sep-2023,3235.05,3256.0,3270.0,3202.0, 3206.00,3212.3,3232.87,276468,8937.86,18563, 68849, 24.90,-0.7
ESCORTS, EQ, 26-Sep-2024,4374.7,4370.05,4391.65,4145.0,4391.65,4351.35,4335.84,227760,9875.31,21721, 61107, 26.83,-0.53
ESCORTS, EQ, 26-Oct-2020,1188.3,1197.0,1199.25,1145.95,1188.0,1191.7,1176.88,1292640,15212.85,53803, 288160, 22.29,0.29
ESCORTS, EQ, 26-Oct-2021,1495.1,1495.0,1549.65,1486.25, 1548.00,1544.45,1527.38,1364333,20838.53,41612, 475651, 34.86,3.3
ESCORTS, EQ, 26-Oct-2023,3106.95,3090.0,3143.05,3031.1, 3130.00,3133.55,3095.44,364803,11292.25,31572, 144325, 39.56,0.86
ESCORTS, EQ, 26-Nov-2020,1394.2,1390.0,1401.95,1353.0, 1384.70,1387.45,1374.77,1250627,17193.23,47936, 287087, 22.96,-0.48
ESCORTS, EQ, 26-Nov-2021,1813.85,1804.1,1889.75,1803.0, 1865.00,1869.4,1855.45,4903273,90977.57,102732, 1283245, 26.17,3.06
ESCORTS, EQ, 26-Nov-2024,3615.5,3615.5,3634.0,3592.05,3623.0,3618.65,3617.96,176185,6374.3,52782, 78719, 44.68,0.09
ESCORTS, EQ, 26-Dec-2022,2012.0,2011.95,2120.0,1990.6,2113.1,2102.2,2081.62,333203,6936.03,19269, 88957, 26.70,4.48
ESCORTS, EQ, 26-Dec-2023,2966.9,2988.0,2989.25,2951.3, 2975.00,2976.7,2968.29,341072,10123.99,23757, 187465, 54.96,0.33
ESCORTS, EQ, 26-Dec-2024,3156.15,3156.15,3177.25,3112.0,3166.6,3151.1,3143.1,128388,4035.37,15357, 50817, 39.58,-0.16
ESCORTS, EQ, 27-Jan-2020,723.6,718.0,741.6,715.0, 732.65,734.25,734.69,1985363,14586.32,29372, 268088, 13.50,1.47
ESCORTS, EQ, 27-Jan-2021,1225.9,1220.0,1272.0,1202.0, 1250.00,1247.1,1246.9,2822897,35198.64,97545, 423582, 15.01,1.73
ESCORTS, EQ, 27-Jan-2022,1854.45,1849.0,1860.0,1842.05, 1852.00,1851.15,1852.33,601035,11133.16,13050, 294880, 49.06,-0.18
ESCORTS, EQ, 27-Jan-2023,2088.8,2070.05,2099.0,1997.0, 2014.90,2010.2,2033.49,189712,3857.78,20783, 56971, 30.03,-3.76
ESCORTS, EQ, 27-Jan-2025,3466.3,3435.0,3443.95,3338.15,3365.05,3367.2,3392.58,89489,3035.98,14172, 28095, 31.39,-2.86
ESCORTS, EQ, 27-Feb-2020,827.85,825.0,827.3,808.7, 818.10,817.65,817.75,2111101,17263.55,31898, 432761, 20.50,-1.23
ESCORTS, EQ, 27-Feb-2023,2016.0,2016.6,2019.8,1956.55, 1978.15,1981.75,1974.96,286611,5660.44,17798, 92717, 32.35,-1.7
ESCORTS, EQ, 27-Feb-2024,2890.85,2890.85,2925.0,2846.25, 2849.65,2855.55,2875.71,88135,2534.51,11410, 29123, 33.04,-1.22
ESCORTS, EQ, 27-Feb-2025,2941.85,2923.35,2950.9,2901.0,2940.0,2924.4,2917.98,163947,4783.95,18303, 71399, 43.55,-0.59
ESCORTS, EQ, 27-Mar-2020,663.2,670.0,729.5,643.75, 658.00,654.8,680.1,3385412,23024.24,103953, 442576, 13.07,-1.27
ESCORTS, EQ, 27-Mar-2023,1831.85,1834.7,1849.0,1807.7, 1837.40,1842.2,1832.5,181823,3331.9,15487, 54200, 29.81,0.57
ESCORTS, EQ, 27-Mar-2024,2751.25,2751.25,2829.55,2749.15, 2790.00,2798.7,2800.56,249879,6998.02,30235, 107890, 43.18,1.72
ESCORTS, EQ, 27-Mar-2025,3234.95,3226.0,3283.95,3200.0,3254.25,3254.2,3254.3,87107,2834.73,15009, 33660, 38.64,0.6
ESCORTS, EQ, 27-Apr-2020,717.0,731.0,737.95,702.8, 706.90,709.1,719.87,3188799,22955.06,66900, 442320, 13.87,-1.1
ESCORTS, EQ, 27-Apr-2021,1128.95,1128.0,1147.9,1118.05,1135.0,1134.0,1129.89,1839460,20783.91,50576, 638281, 34.70,0.45
ESCORTS, EQ, 27-Apr-2022,1609.45,1594.95,1610.0,1575.0,1602.0,1606.75,1595.28,628435,10025.27,17667, 286540, 45.60,-0.17
ESCORTS, EQ, 27-Apr-2023,1968.45,1969.95,1977.95,1932.05, 1937.00,1939.4,1948.28,268438,5229.92,15255, 102582, 38.21,-1.48
ESCORTS, EQ, 27-May-2020,869.1,871.9,879.7,851.55,868.0,873.5,863.35,2214746,19120.97,58317, 173694, 7.84,0.51
ESCORTS, EQ, 27-May-2021,1137.9,1141.0,1147.0,1125.0, 1145.55,1143.3,1138.7,1994081,22706.64,61521, 935446, 46.91,0.47
ESCORTS, EQ, 27-May-2022,1609.4,1626.7,1637.7,1612.5, 1623.65,1626.3,1624.9,182455,2964.71,8603, 56173, 30.79,1.05
ESCORTS, EQ, 27-May-2024,3813.15,3813.15,3884.6,3805.15,3859.0,3855.0,3846.49,211336,8129.01,23705, 77574, 36.71,1.1
ESCORTS, EQ, 27-Jun-2022,1520.05,1532.0,1548.7,1522.2,1547.05,1544.9,1538.2,296882,4566.63,10820, 133499, 44.97,1.63
ESCORTS, EQ, 27-Jun-2023,2200.55,2223.0,2239.75,2195.0, 2198.70,2200.35,2220.33,394445,8757.97,28268, 87344, 22.14,-0.01
ESCORTS, EQ, 27-Jun-2024,4250.95,4260.0,4288.95,4129.75,4167.75,4146.0,4161.0,442128,18396.94,37898, 267529, 60.51,-2.47
ESCORTS, EQ, 27-Jul-2020,1128.25,1128.25,1151.9,1092.3,1098.5,1105.95,1119.06,4110902,46003.43,120390, 424859, 10.33,-1.98
ESCORTS, EQ, 27-Jul-2021,1154.3,1159.85,1160.55,1135.1, 1142.00,1142.75,1146.83,594744,6820.68,24763, 261984, 44.05,-1.0
ESCORTS, EQ, 27-Jul-2022,1694.45,1694.45,1709.9,1670.0,1704.4,1699.3,1692.14,285203,4826.05,11087, 113403, 39.76,0.29
ESCORTS, EQ, 27-Jul-2023,2430.35,2444.0,2475.9,2421.35, 2450.00,2449.35,2451.26,314980,7720.97,19771, 81026, 25.72,0.78
ESCORTS, EQ, 27-Aug-2020,1125.8,1133.9,1164.0,1122.15,1156.8,1156.15,1147.89,2332574,26775.41,63287, 455344, 19.52,2.7
ESCORTS, EQ, 27-Aug-2021,1343.15,1342.0,1379.2,1336.1, 1346.35,1347.5,1358.68,2437177,33113.33,92665, 359115, 14.73,0.32
ESCORTS, EQ, 27-Aug-2024,3878.9,3879.0,3914.2,3848.05,3870.05,3865.9,3882.82,195737,7600.12,17368, 70393, 35.96,-0.34
ESCORTS, EQ, 27-Sep-2021,1465.45,1475.0,1488.95,1445.6, 1458.00,1459.15,1471.45,1209718,17800.4,36611, 390131, 32.25,-0.43
ESCORTS, EQ, 27-Sep-2022,2000.1,2014.0,2046.5,1954.85,2035.0,2026.9,2005.72,478682,9601.04,27021, 71843, 15.01,1.34
ESCORTS, EQ, 27-Sep-2023,3212.3,3224.0,3343.0,3205.2, 3307.00,3320.05,3296.39,889025,29305.69,54341, 199329, 22.42,3.35
ESCORTS, EQ, 27-Sep-2024,4351.35,4351.35,4420.0,4292.0,4333.6,4328.0,4352.93,356453,15516.14,33047, 134013, 37.60,-0.54
ESCORTS, EQ, 27-Oct-2020,1191.7,1191.7,1223.75,1180.6, 1220.15,1220.25,1207.14,1463593,17667.58,55200, 244038, 16.67,2.4
ESCORTS, EQ, 27-Oct-2021,1544.45,1545.0,1579.95,1533.8, 1551.40,1543.3,1557.4,2521284,39266.35,64556, 662932, 26.29,-0.07
ESCORTS, EQ, 27-Oct-2022,2000.85,2007.0,2028.0,1979.0,2025.0,2019.2,2005.67,213128,4274.65,12370, 78684, 36.92,0.92
ESCORTS, EQ, 27-Oct-2023,3133.55,3135.0,3183.0,3135.0,3139.25,3146.3,3157.15,197206,6226.09,18232, 59514, 30.18,0.41
ESCORTS, EQ, 27-Nov-2020,1387.45,1388.0,1422.0,1382.0,1404.0,1403.85,1402.52,1833823,25719.78,59018, 487405, 26.58,1.18
ESCORTS, EQ, 27-Nov-2024,3618.65,3605.0,3634.45,3582.3,3590.0,3600.65,3610.6,126271,4559.15,19983, 51189, 40.54,-0.5
ESCORTS, EQ, 27-Dec-2021,1859.8,1857.9,1872.3,1850.25, 1870.00,1866.4,1865.38,491207,9162.9,8938, 250754, 51.05,0.35
ESCORTS, EQ, 27-Dec-2022,2102.2,2129.0,2133.45,2074.25,2089.4,2086.8,2093.41,187644,3928.15,10988, 37081, 19.76,-0.73
ESCORTS, EQ, 27-Dec-2023,2976.7,2980.45,3007.75,2943.1, 2952.70,2956.7,2969.32,223734,6643.38,20876, 99961, 44.68,-0.67
ESCORTS, EQ, 27-Dec-2024,3151.1,3161.55,3336.8,3161.55,3265.7,3258.4,3284.36,1362013,44733.4,112166, 241359, 17.72,3.41
ESCORTS, EQ, 28-Jan-2020,734.25,732.8,744.85,720.1, 730.05,727.7,734.27,1866552,13705.58,29127, 217359, 11.64,-0.89
ESCORTS, EQ, 28-Jan-2021,1247.1,1226.0,1250.0,1201.1, 1221.00,1224.2,1224.93,1367820,16754.78,56571, 267207, 19.54,-1.84
ESCORTS, EQ, 28-Jan-2022,1851.15,1859.0,1859.0,1829.35, 1833.15,1833.75,1843.39,796934,14690.56,27072, 437911, 54.95,-0.94
ESCORTS, EQ, 28-Jan-2025,3367.2,3370.0,3515.0,3361.5,3475.0,3483.6,3433.66,155973,5355.58,21411, 34824, 22.33,3.46
ESCORTS, EQ, 28-Feb-2020,817.65,800.0,801.95,766.75, 780.10,780.1,780.77,3514546,27440.48,52742, 999637, 28.44,-4.59
ESCORTS, EQ, 28-Feb-2022,1835.1,1831.0,1856.9,1825.1, 1850.00,1850.95,1846.29,1192549,22017.94,16085, 817617, 68.56,0.86
ESCORTS, EQ, 28-Feb-2023,1981.75,1981.75,2128.0,1978.0, 2100.00,2075.35,2059.08,1370275,28215.08,38822, 805917, 58.81,4.72
ESCORTS, EQ, 28-Feb-2024,2855.55,2856.05,2878.95,2802.6,2822.85,2825.2,2853.14,261600,7463.82,28963, 134846, 51.55,-1.06
ESCORTS, EQ, 28-Feb-2025,2924.4,2900.0,2999.9,2825.2,2870.0,2868.95,2866.3,136763,3920.04,23610, 49840, 36.44,-1.9
ESCORTS, EQ, 28-Mar-2022,1798.7,1760.0,1770.0,1685.0, 1698.50,1698.75,1715.99,825891,14172.2,29007, 131072, 15.87,-5.56
ESCORTS, EQ, 28-Mar-2023,1842.2,1840.0,1892.2,1826.75, 1879.50,1886.25,1860.76,188771,3512.58,17072, 45500, 24.10,2.39
ESCORTS, EQ, 28-Mar-2024,2798.7,2799.95,2812.35,2754.55,2779.9,2777.3,2780.3,227259,6318.49,21406, 92571, 40.73,-0.76
ESCORTS, EQ, 28-Mar-2025,3254.2,3250.0,3301.9,3234.0,3247.0,3250.05,3271.0,91712,2999.9,14764, 32580, 35.52,-0.13
ESCORTS, EQ, 28-Apr-2020,709.1,713.8,718.0,677.5, 711.80,709.15,701.04,5157760,36157.9,110429, 280123, 5.43,0.01
ESCORTS, EQ, 28-Apr-2021,1134.0,1145.1,1172.0,1133.05, 1140.45,1146.6,1155.6,1805844,20868.37,63953, 415775, 23.02,1.11
ESCORTS, EQ, 28-Apr-2022,1606.75,1613.9,1628.75,1599.0, 1613.00,1619.05,1613.81,712480,11498.08,21292, 356608, 50.05,0.77
ESCORTS, EQ, 28-Apr-2023,1939.4,1955.0,1990.0,1932.9, 1980.00,1981.15,1972.37,388354,7659.78,26086, 153877, 39.62,2.15
ESCORTS, EQ, 28-May-2020,873.5,877.0,907.0,867.6,885.95,890.65,888.11,3427173,30436.92,79114, 254070, 7.41,1.96
ESCORTS, EQ, 28-May-2021,1143.3,1151.0,1170.85,1137.25,1162.2,1162.35,1155.81,1686225,19489.63,52502, 580603, 34.43,1.67
ESCORTS, EQ, 28-May-2024,3855.0,3855.0,3928.9,3810.1,3837.0,3846.7,3867.47,350701,13563.26,39781, 64945, 18.52,-0.22
ESCORTS, EQ, 28-Jun-2021,1182.45,1187.0,1210.0,1177.8, 1202.35,1202.75,1196.41,1431038,17121.14,46978, 390060, 27.26,1.72
ESCORTS, EQ, 28-Jun-2022,1544.9,1548.0,1551.95,1530.0, 1532.00,1533.15,1540.7,298015,4591.52,14205, 134896, 45.26,-0.76
ESCORTS, EQ, 28-Jun-2024,4146.0,4146.0,4239.9,4132.0,4152.9,4146.5,4187.75,193623,8108.44,28997, 70434, 36.38,0.01
ESCORTS, EQ, 28-Jul-2020,1105.95,1110.1,1169.0,1102.55,1156.95,1158.05,1143.81,4065437,46500.7,121523, 805577, 19.82,4.71
ESCORTS, EQ, 28-Jul-2021,1142.75,1143.5,1148.75,1128.0,1136.95,1137.45,1137.02,574539,6532.6,24355, 233317, 40.61,-0.46
ESCORTS, EQ, 28-Jul-2022,1699.3,1707.2,1732.0,1692.05, 1727.00,1722.2,1714.47,322648,5531.71,11469, 122547, 37.98,1.35
ESCORTS, EQ, 28-Jul-2023,2449.35,2449.35,2542.55,2449.35, 2532.00,2536.85,2512.22,673575,16921.66,41431, 241128, 35.80,3.57
ESCORTS, EQ, 28-Aug-2020,1156.15,1164.95,1172.05,1132.0, 1140.35,1141.1,1148.68,1569698,18030.74,48059, 357955, 22.80,-1.3
ESCORTS, EQ, 28-Aug-2023,3051.5,3069.95,3069.95,2996.7, 3025.00,3032.3,3028.32,346966,10507.26,19822, 51825, 14.94,-0.63
ESCORTS, EQ, 28-Aug-2024,3865.9,3880.0,3908.95,3830.85,3830.85,3854.75,3861.95,85910,3317.81,12481, 29380, 34.20,-0.29
ESCORTS, EQ, 28-Sep-2020,1203.4,1215.8,1305.0,1212.35,1293.95,1295.6,1277.88,4865306,62172.8,123638,426291,8.76,7.66
ESCORTS, EQ, 28-Sep-2021,1459.15,1469.8,1505.0,1455.55, 1490.00,1489.9,1484.68,1568084,23280.96,46448, 338144, 21.56,2.11
ESCORTS, EQ, 28-Sep-2022,2026.9,2009.0,2080.0,1991.45,2026.0,2031.4,2044.46,798870,16332.59,35883, 101816, 12.75,0.22
ESCORTS, EQ, 28-Sep-2023,3320.05,3317.8,3318.0,3196.4, 3200.00,3206.3,3249.22,358047,11633.72,29622, 139922, 39.08,-3.43
ESCORTS, EQ, 28-Oct-2020,1220.25,1226.8,1262.0,1188.0, 1205.00,1205.5,1236.75,3373888,41726.49,81098, 499946, 14.82,-1.21
ESCORTS, EQ, 28-Oct-2021,1543.3,1550.0,1563.75,1510.0, 1525.05,1532.35,1537.2,994523,15287.77,32479, 295269, 29.69,-0.71
ESCORTS, EQ, 28-Oct-2022,2019.2,2025.0,2035.0,1988.25,1996.8,1996.2,2005.24,148600,2979.79,12876, 46550, 31.33,-1.14
ESCORTS, EQ, 28-Oct-2024,3500.4,3500.0,3539.45,3454.5,3502.0,3506.15,3504.96,192702,6754.12,15472, 65833, 34.16,0.16
ESCORTS, EQ, 28-Nov-2022,2288.35,2284.55,2303.9,2260.3, 2265.00,2268.75,2282.88,311974,7122.0,16583, 62048, 19.89,-0.86
ESCORTS, EQ, 28-Nov-2023,3229.45,3239.0,3249.0,3189.45, 3193.50,3196.2,3205.5,163391,5237.49,18868, 71025, 43.47,-1.03
ESCORTS, EQ, 28-Nov-2024,3600.65,3603.05,3615.1,3492.4,3515.0,3513.35,3543.19,154716,5481.89,29604, 58197, 37.62,-2.42
ESCORTS, EQ, 28-Dec-2020,1259.75,1269.8,1279.85,1238.05,1244.85,1242.6,1254.99,1540189,19329.28,58677, 487837, 31.67,-1.36
ESCORTS, EQ, 28-Dec-2021,1866.4,1870.05,1883.95,1865.0,1881.0,1879.5,1876.0,581504,10909.02,12334, 335031, 57.61,0.7
ESCORTS, EQ, 28-Dec-2022,2086.8,2074.0,2159.0,2074.0, 2102.00,2112.2,2123.89,871682,18513.52,37995, 158944, 18.23,1.22
ESCORTS, EQ, 28-Dec-2023,2956.7,2969.5,2981.4,2940.0, 2944.85,2959.3,2959.85,415223,12289.97,35039, 226589, 54.57,0.09
ESCORTS, EQ, 29-Jan-2020,727.7,731.0,755.0,724.2, 753.40,748.0,739.68,5632563,41663.16,86003, 766465, 13.61,2.79
ESCORTS, EQ, 29-Jan-2021,1224.2,1239.8,1242.95,1201.25, 1208.00,1205.7,1219.01,1173050,14299.63,58584, 231437, 19.73,-1.51
ESCORTS, EQ, 29-Jan-2024,2945.3,2950.0,3040.45,2948.2, 3025.00,3023.2,2999.91,299823,8994.42,32643, 130524, 43.53,2.64
ESCORTS, EQ, 29-Jan-2025,3483.6,3485.0,3541.95,3474.9,3529.95,3533.95,3522.0,70231,2473.54,10852, 13991, 19.92,1.45
ESCORTS, EQ, 29-Feb-2024,2825.2,2826.7,2869.45,2803.3, 2866.20,2856.45,2844.12,159625,4539.93,17871, 64398, 40.34,1.11
ESCORTS, EQ, 29-Mar-2022,1698.75,1670.0,1690.0,1628.5, 1633.50,1638.35,1663.37,592331,9852.66,24185, 114421, 19.32,-3.56
ESCORTS, EQ, 29-Mar-2023,1886.25,1885.1,1904.65,1866.0, 1877.00,1874.9,1881.16,236093,4441.3,16133, 68718, 29.11,-0.6
ESCORTS, EQ, 29-Apr-2020,709.15,715.0,725.5,703.85,714.5,715.0,715.94,2961678,21203.81,70632, 572393, 19.33,0.82
ESCORTS, EQ, 29-Apr-2021,1146.6,1157.0,1162.0,1127.0, 1129.00,1130.4,1139.03,1469059,16732.97,56930, 379508, 25.83,-1.41
ESCORTS, EQ, 29-Apr-2022,1619.05,1619.0,1654.0,1613.05,1632.95,1634.85,1641.29,854655,14027.34,30827, 359709, 42.09,0.98
ESCORTS, EQ, 29-Apr-2024,3291.7,3317.8,3317.8,3271.0, 3293.75,3287.35,3288.06,117008,3847.3,14368, 50765, 43.39,-0.13
ESCORTS, EQ, 29-May-2020,890.65,880.0,907.5,873.6, 905.30,903.25,897.82,2674266,24010.19,65165, 381056, 14.25,1.41
ESCORTS, EQ, 29-May-2023,2074.7,2098.95,2100.0,2076.8, 2092.05,2091.85,2089.28,125883,2630.05,8222, 34034, 27.04,0.83
ESCORTS, EQ, 29-May-2024,3846.7,3602.0,3888.0,3602.0,3845.0,3853.4,3838.36,331082,12708.12,30221, 88375, 26.69,0.17
ESCORTS, EQ, 29-Jun-2020,1017.35,1014.5,1043.65,1002.2, 1036.45,1033.45,1024.79,2181625,22356.98,51931, 159218, 7.30,1.58
ESCORTS, EQ, 29-Jun-2021,1202.75,1206.5,1214.95,1189.4, 1198.00,1195.35,1202.77,950899,11437.17,33075, 301425, 31.70,-0.62
ESCORTS, EQ, 29-Jun-2022,1533.15,1530.1,1530.1,1449.0, 1449.00,1458.85,1480.34,559078,8276.28,21619, 286042, 51.16,-4.85
ESCORTS, EQ, 28-Jun-2023,2200.35,2203.15,2214.95,2185.5, 2192.00,2195.25,2195.97,231883,5092.08,20380, 104242, 44.95,-0.23
ESCORTS, EQ, 29-Jul-2020,1158.05,1156.95,1184.0,1131.8, 1140.00,1140.8,1163.3,2305015,26814.24,111746, 391937, 17.00,-1.49
ESCORTS, EQ, 29-Jul-2021,1137.45,1137.45,1152.7,1135.0,1137.0,1137.15,1142.42,604866,6910.1,24102, 185973, 30.75,-0.03
ESCORTS, EQ, 29-Jul-2022,1722.2,1729.9,1741.8,1712.55,1730.15,1733.0,1728.62,387443,6697.42,13786, 99592, 25.70,0.63
ESCORTS, EQ, 29-Jul-2024,4145.55,4185.95,4185.95,4135.05,4157.9,4145.6,4158.31,335633,13956.67,34048, 177521, 52.89,0.0
ESCORTS, EQ, 29-Aug-2022,1837.4,1770.0,1988.9,1770.0, 1930.85,1943.35,1927.69,2769405,53385.57,105157, 387030, 13.98,5.77
ESCORTS, EQ, 29-Aug-2023,3032.3,3032.05,3056.0,3007.5, 3040.85,3045.4,3027.33,248348,7518.32,13201, 53709, 21.63,0.43
ESCORTS, EQ, 29-Aug-2024,3854.75,3854.75,3872.0,3775.0,3817.0,3816.5,3822.14,131040,5008.54,17634, 36655, 27.97,-0.99
ESCORTS, EQ, 29-Sep-2020,1295.6,1304.0,1323.0,1282.85,1318.0,1313.65,1305.99,3815051,49824.26,90564, 584767, 15.33,1.39
ESCORTS, EQ, 29-Sep-2021,1489.9,1479.1,1505.15,1470.2, 1485.00,1488.6,1487.49,1232093,18327.26,31180, 311811, 25.31,-0.09
ESCORTS, EQ, 29-Sep-2022,2031.4,2043.5,2134.0,2043.5,2100.0,2092.9,2098.16,1289351,27052.62,51422, 301882, 23.41,3.03
ESCORTS, EQ, 29-Sep-2023,3206.3,3229.9,3234.95,3179.05, 3183.00,3185.1,3199.88,248319,7945.9,21872, 76101, 30.65,-0.66
ESCORTS, EQ, 29-Oct-2020,1205.5,1200.0,1216.25,1178.5,1188.7,1187.6,1193.65,1410107,16831.77,40819, 335753, 23.81,-1.48
ESCORTS, EQ, 29-Oct-2021,1532.35,1530.0,1588.0,1480.0, 1580.35,1569.4,1545.79,2651006,40979.12,91769, 583894, 22.03,2.42
ESCORTS, EQ, 29-Oct-2024,3506.15,3520.0,3679.5,3506.15,3566.1,3541.5,3591.44,600974,21583.61,40858, 156525, 26.05,1.01
ESCORTS, EQ, 29-Nov-2021,1869.4,1875.0,1879.85,1847.7, 1855.00,1858.85,1865.73,1310185,24444.57,58148, 397446, 30.34,-0.56
ESCORTS, EQ, 29-Nov-2022,2268.75,2270.0,2284.0,2244.1,2262.0,2262.25,2260.67,252243,5702.37,13890, 37147, 14.73,-0.29
ESCORTS, EQ, 29-Nov-2023,3196.2,3220.0,3224.95,3164.9, 3165.00,3173.3,3192.31,183481,5857.29,18079, 85738, 46.73,-0.72
ESCORTS, EQ, 29-Nov-2024,3513.35,3517.1,3568.55,3515.0,3555.0,3553.9,3541.49,59622,2111.51,10880, 18568, 31.14,1.15
ESCORTS, EQ, 29-Dec-2020,1242.6,1250.0,1277.0,1229.15,1272.0,1268.9,1251.51,2433842,30459.67,84423, 460475, 18.92,2.12
ESCORTS, EQ, 29-Dec-2021,1879.5,1880.0,1910.0,1874.0, 1896.00,1896.5,1897.83,1599852,30362.53,36066, 466184, 29.14,0.9
ESCORTS, EQ, 29-Dec-2022,2112.2,2110.05,2155.0,2083.2, 2155.00,2140.95,2124.02,452300,9606.92,24639, 125493, 27.75,1.36
ESCORTS, EQ, 29-Dec-2023,2959.3,2970.0,3027.25,2931.0, 2988.60,2983.1,2995.11,276647,8285.88,22566, 83163, 30.06,0.8
ESCORTS, EQ, 30-Jan-2020,748.0,760.0,835.5,758.1, 817.50,818.35,798.28,17118805,136655.56,233322, 1739116, 10.16,9.41
ESCORTS, EQ, 30-Jan-2023,2010.2,1995.0,2046.55,1990.05, 2018.20,2026.4,2015.43,191955,3868.73,20965, 52188, 27.19,0.81
ESCORTS, EQ, 30-Jan-2024,3023.2,3040.0,3058.8,3001.65, 3012.85,3018.25,3034.33,272247,8260.88,24400, 148301, 54.47,-0.16
ESCORTS, EQ, 30-Jan-2025,3533.95,3545.0,3603.85,3506.75,3570.25,3590.95,3561.99,137480,4897.02,18522, 43209, 31.43,1.61
ESCORTS, EQ, 30-Mar-2020,654.8,624.0,652.85,598.0, 599.00,601.6,624.84,2084187,13022.93,68215, 228769, 10.98,-8.12
ESCORTS, EQ, 30-Mar-2021,1270.15,1280.0,1291.95,1262.45,1273.0,1274.35,1274.9,553080,7051.24,24648, 120949, 21.87,0.33
ESCORTS, EQ, 30-Mar-2022,1638.35,1602.0,1677.0,1601.15, 1658.30,1651.95,1630.74,482702,7871.62,19195, 78227, 16.21,0.83
ESCORTS, EQ, 30-Apr-2020,715.0,728.8,738.75,708.5,710.3,713.35,725.27,3220473,23357.19,78518, 604226, 18.76,-0.23
ESCORTS, EQ, 30-Apr-2021,1130.4,1120.7,1157.0,1111.0,1122.05,1118.6,1132.3,2646200,29962.93,87782, 837013, 31.63,-1.04
ESCORTS, EQ, 30-Apr-2024,3287.35,3294.45,3410.0,3291.1, 3365.00,3358.55,3365.57,588700,19813.11,41866, 311499, 52.91,2.17
ESCORTS, EQ, 30-May-2022,1626.3,1634.4,1651.15,1620.8, 1634.00,1637.95,1636.78,210535,3445.99,10478, 76193, 36.19,0.72
ESCORTS, EQ, 30-May-2023,2091.85,2099.9,2116.45,2080.05, 2109.70,2104.8,2099.8,145898,3063.56,10438, 29787, 20.42,0.62
ESCORTS, EQ, 30-May-2024,3853.4,3844.0,3869.8,3793.65,3866.6,3848.2,3827.17,139121,5324.4,18026, 44705, 32.13,-0.13
ESCORTS, EQ, 30-Jun-2020,1033.45,1041.6,1061.7,1032.15, 1043.00,1040.0,1047.34,3617260,37884.93,81052, 339610, 9.39,0.63
ESCORTS, EQ, 30-Jun-2021,1195.35,1199.0,1225.0,1199.0, 1223.00,1220.1,1216.67,1811484,22039.73,53103, 778350, 42.97,2.07
ESCORTS, EQ, 30-Jun-2022,1458.85,1439.9,1454.0,1306.7,1444.9,1444.8,1425.94,917580,13084.17,33408, 271268, 29.56,-0.96
ESCORTS, EQ, 30-Jun-2023,2195.25,2195.0,2259.9,2185.0, 2249.00,2248.4,2235.51,657339,14694.86,44254, 278010, 42.29,2.42
ESCORTS, EQ, 30-Jul-2020,1140.8,1147.0,1150.5,1114.9, 1128.00,1130.05,1129.03,1581565,17856.38,65433, 333817, 21.11,-0.94
ESCORTS, EQ, 30-Jul-2021,1137.15,1143.7,1188.0,1137.15, 1187.20,1184.35,1173.13,1377376,16158.45,51274, 355323, 25.80,4.15
ESCORTS, EQ, 30-Jul-2024,4145.6,4158.0,4200.8,4147.35,4160.0,4156.9,4175.45,291358,12165.49,25176, 130288, 44.72,0.27
ESCORTS, EQ, 30-Aug-2021,1347.5,1355.7,1378.65,1350.0, 1363.30,1366.4,1364.13,950486,12965.91,38905, 259152, 27.27,1.4
ESCORTS, EQ, 30-Aug-2022,1943.35,1943.0,2033.85,1937.55, 1989.60,1994.75,1995.63,1736276,34649.64,72575, 234459, 13.50,2.64
ESCORTS, EQ, 30-Aug-2023,3045.4,3046.0,3343.85,3025.1, 3270.00,3252.75,3164.38,1477232,46745.22,64609, 176956, 11.98,6.81
ESCORTS, EQ, 30-Aug-2024,3816.5,3835.0,3874.8,3830.6,3850.0,3853.9,3852.59,66919,2578.12,9875, 24273, 36.27,0.98
ESCORTS, EQ, 30-Sep-2020,1313.65,1320.0,1342.75,1306.85,1321.5,1318.45,1321.91,2476004,32730.59,56993, 284335, 11.48,0.37
ESCORTS, EQ, 30-Sep-2021,1488.6,1477.15,1519.7,1475.65, 1477.70,1480.1,1493.31,1426550,21302.81,38243, 322814, 22.63,-0.57
ESCORTS, EQ, 30-Sep-2022,2092.9,2100.0,2145.0,2051.0, 2121.85,2127.8,2106.42,552747,11643.18,21537, 140696, 25.45,1.67
ESCORTS, EQ, 30-Sep-2024,4328.0,4328.0,4348.9,4230.0,4255.0,4268.8,4262.91,208230,8876.66,34418, 79586, 38.22,-1.37
ESCORTS, EQ, 30-Oct-2020,1187.6,1198.0,1211.95,1171.8, 1204.35,1200.95,1194.17,1332500,15912.3,47809, 138702, 10.41,1.12
ESCORTS, EQ, 30-Oct-2023,3146.3,3155.0,3184.1,3106.45, 3159.00,3164.25,3156.31,215723,6808.88,23969, 25728, 11.93,0.57
ESCORTS, EQ, 30-Oct-2024,3541.5,3547.0,3700.0,3528.3,3649.95,3633.75,3640.9,421680,15352.97,37625, 125296, 29.71,2.6
ESCORTS, EQ, 30-Nov-2021,1858.85,1856.0,1880.0,1836.85,1850.05,1846.3,1858.51,1280247,23793.47,41037, 455161, 35.55,-0.68
ESCORTS, EQ, 30-Nov-2022,2262.25,2265.0,2290.0,2253.2,2289.9,2286.5,2272.67,222954,5067.02,11222, 49776, 22.33,1.07
ESCORTS, EQ, 30-Nov-2023,3173.3,3164.0,3206.85,3137.9, 3162.00,3150.3,3157.49,1562279,49328.85,36808, 1213822, 77.70,-0.72
ESCORTS, EQ, 30-Dec-2020,1268.9,1277.0,1283.65,1254.6,1261.25,1265.15,1265.32,1853063,23447.12,52306, 358472, 19.34,-0.3
ESCORTS, EQ, 30-Dec-2021,1896.5,1901.0,1917.75,1895.2, 1910.05,1908.85,1907.02,1461662,27874.17,42561, 601201, 41.13,0.65
ESCORTS, EQ, 30-Dec-2022,2140.95,2150.15,2175.0,2129.0,2129.0,2140.15,2145.78,293296,6293.49,13860, 100622, 34.31,-0.04
ESCORTS, EQ, 30-Dec-2024,3258.4,3259.1,3325.0,3246.1,3263.1,3266.15,3285.83,267368,8785.25,37881, 108116, 40.44,0.24
ESCORTS, EQ, 31-Jan-2020,818.35,801.0,817.95,794.45, 801.00,803.65,807.07,7011082,56584.29,86578, 897426, 12.80,-1.8
ESCORTS, EQ, 31-Jan-2022,1833.75,1840.5,1856.6,1836.5,1847.0,1850.35,1850.1,350403,6482.8,14398, 207219, 59.14,0.91
ESCORTS, EQ, 31-Jan-2023,2026.4,2021.0,2094.7,2021.0,2093.2,2088.4,2073.88,177939,3690.25,22805, 29382, 16.51,3.06
ESCORTS, EQ, 31-Jan-2024,3018.25,3030.0,3043.1,2976.35, 2983.60,2983.25,3002.77,204360,6136.46,23885, 114597, 56.08,-1.16
ESCORTS, EQ, 31-Jan-2025,3590.95,3600.0,3656.0,3566.05,3656.0,3623.45,3606.87,165511,5969.76,27613, 74690, 45.13,0.91
ESCORTS, EQ, 31-Mar-2020,601.6,615.0,677.9,601.0,659.0,662.6,646.3,3965382,25628.19,101251, 335597, 8.46,10.14
ESCORTS, EQ, 31-Mar-2021,1274.35,1273.4,1295.35,1266.75, 1288.60,1287.8,1284.46,678770,8718.52,27145, 189508, 27.92,1.06
ESCORTS, EQ, 31-Mar-2022,1651.95,1643.0,1750.6,1640.0, 1685.00,1690.85,1696.3,989258,16780.75,34951, 84950, 8.59,2.35
ESCORTS, EQ, 31-Mar-2023,1874.9,1884.3,1914.9,1881.0, 1888.85,1891.05,1898.07,159736,3031.9,15588, 28930, 18.11,0.86
ESCORTS, EQ, 31-May-2021,1162.35,1162.0,1174.0,1155.5, 1169.90,1171.8,1167.4,1185585,13840.57,40426, 372196, 31.39,0.81
ESCORTS, EQ, 31-May-2022,1637.95,1632.0,1645.35,1575.2, 1623.50,1629.95,1622.96,609008,9883.96,18444, 284891, 46.78,-0.49
ESCORTS, EQ, 31-May-2023,2104.8,2115.95,2191.0,2098.0, 2191.00,2176.3,2149.2,535402,11506.86,33243, 191556, 35.78,3.4
ESCORTS, EQ, 31-May-2024,3848.2,3848.2,3894.0,3792.1,3808.0,3818.3,3840.17,155772,5981.92,16463, 43161, 27.71,-0.78
ESCORTS, EQ, 31-Jul-2020,1130.05,1135.35,1161.75,1126.15,1129.8,1134.0,1144.64,1832375,20974.03,64894, 420041, 22.92,0.35
ESCORTS, EQ, 31-Jul-2023,2536.85,2540.0,2581.0,2515.0, 2544.95,2539.45,2546.26,404454,10298.44,23713, 196219, 48.51,0.1
ESCORTS, EQ, 31-Jul-2024,4156.9,4145.0,4190.1,4117.55,4185.0,4173.4,4158.45,302143,12564.48,34560, 157086, 51.99,0.4
ESCORTS, EQ, 31-Aug-2020,1141.1,1152.9,1152.9,1080.05, 1086.00,1087.6,1106.67,2003458,22171.59,75553, 440705, 22.00,-4.69
ESCORTS, EQ, 31-Aug-2021,1366.4,1371.0,1376.45,1341.0,1345.5,1346.35,1357.23,827925,11236.81,37567, 220401, 26.62,-1.47
ESCORTS, EQ, 31-Aug-2023,3252.75,3252.0,3267.65,3122.95, 3166.00,3159.25,3170.5,998914,31670.53,51021, 295105, 29.54,-2.87
ESCORTS, EQ, 31-Oct-2022,1996.2,2006.2,2047.0,2001.0,2036.05,2038.35,2030.53,324319,6585.4,21915, 96128, 29.64,2.11
ESCORTS, EQ, 31-Oct-2023,3164.25,3180.0,3195.15,3126.0, 3140.00,3132.5,3148.26,135729,4273.1,18127, 35080, 25.85,-1.0
ESCORTS, EQ, 31-Oct-2024,3633.75,3629.95,3777.0,3610.2,3772.0,3745.1,3709.21,350879,13014.83,36777, 73625, 20.98,3.06
ESCORTS, EQ, 31-Dec-2020,1265.15,1265.15,1274.8,1245.25,1269.35,1260.4,1258.15,1401417,17631.95,42506, 280689, 20.03,-0.38
ESCORTS, EQ, 31-Dec-2021,1908.85,1912.0,1918.9,1897.0,1904.0,1908.7,1908.05,595528,11362.95,23367, 265706, 44.62,-0.01
ESCORTS, EQ, 31-Dec-2024,3266.15,3260.0,3348.75,3250.0,3336.0,3332.55,3310.66,195012,6456.18,24439, 78718, 40.37,2.03
