SYMBOL, SERIES, DATE1, PREV_CLOSE, OPEN_PRICE, HIGH_PRICE, LOW_PRICE, LAST_PRICE, CLOSE_PRICE, AVG_PRICE, TTL_TRD_QNTY, TURNOVER_LACS, NO_OF_TRADES, DELIV_QTY, DELIV_PER,PER_CHANGE
GENESYS, EQ, 01-Jan-2020,63.0,64.9,68.7,60.8, 61.20,61.9,64.41,26519,17.08,769, 13673, 51.56,-1.75
GENESYS, EQ, 01-Jan-2021,64.55,67.75,67.75,65.05, 67.75,67.75,67.61,41188,27.85,347, 33800, 82.06,4.96
GENESYS, EQ, 01-Jan-2024,410.0,410.8,435.0,407.2, 429.00,430.75,423.83,183948,779.63,2343, 79004, 42.95,5.06
GENESYS, EQ, 01-Jan-2025,917.85,922.9,985.0,920.85,983.0,979.75,966.89,464803,4494.15,31340, 162022, 34.86,6.74
GENESYS, EQ, 01-Feb-2022,360.6,368.0,376.0,350.0,358.1,357.3,362.13,70857,256.6,3709, 50644, 71.47,-0.92
GENESYS, EQ, 01-Feb-2023,432.3,426.65,443.9,408.5, 423.30,415.4,425.57,7015,29.85,595, 3952, 56.34,-3.91
GENESYS, EQ, 01-Feb-2024,515.8,518.35,523.55,511.4, 517.20,517.75,517.55,99283,513.84,7413, 44645, 44.97,0.38
GENESYS, EQ, 01-Mar-2023,392.1,396.6,403.95,386.3, 387.50,390.95,395.85,12616,49.94,681, 7924, 62.81,-0.29
GENESYS, EQ, 01-Mar-2024,535.7,533.0,600.0,530.45, 598.90,594.45,573.59,2123500,12180.2,57846, 733837, 34.56,10.97
GENESYS, EQ, 01-Apr-2020,24.25,25.95,25.95,24.0,24.7,24.75,24.88,4167,1.04,164, 2670, 64.07,2.06
GENESYS, EQ, 01-Apr-2024,591.45,605.0,662.0,601.4, 610.00,610.35,632.65,939726,5945.19,46470, 224487, 23.89,3.2
GENESYS, EQ, 01-Apr-2025,720.3,719.0,719.9,687.2,694.5,696.6,700.97,199637,1399.4,18930, 86970, 43.56,-3.29
GENESYS, EQ, 01-Jun-2020,26.95,27.95,27.95,26.75, 26.85,26.85,27.3,11564,3.16,115, 9940, 85.96,-0.37
GENESYS, EQ, 01-Jun-2021,99.4,101.7,101.75,94.85, 96.95,97.45,97.14,15133,14.7,414, 9946, 65.72,-1.96
GENESYS, EQ, 01-Jun-2023,331.4,339.7,340.75,324.05, 333.00,330.55,329.24,30149,99.26,2517, 13907, 46.13,-0.26
GENESYS, EQ, 01-Jul-2020,43.7,41.55,41.55,41.55, 41.55,41.55,41.55,2028,0.84,23, 2028, 100.00,-4.92
GENESYS, EQ, 01-Jul-2021,129.85,128.9,133.55,128.5, 131.95,131.0,130.98,41715,54.64,759, 25704, 61.62,0.89
GENESYS, EQ, 01-Jul-2024,592.6,596.4,613.75,590.15,606.0,608.05,603.5,220129,1328.49,12584, 134182, 60.96,2.61
GENESYS, EQ, 01-Aug-2023,299.65,301.0,303.4,298.15, 300.00,299.45,299.82,33069,99.15,1296, 25923, 78.39,-0.07
GENESYS, EQ, 01-Aug-2024,714.85,715.0,728.8,696.0,699.0,699.2,707.92,216041,1529.39,13045, 114303, 52.91,-2.19
GENESYS, EQ, 01-Sep-2021,137.9,135.55,143.85,135.55,143.0,142.75,141.86,11832,16.78,311, 7488, 63.29,3.52
GENESYS, EQ, 01-Sep-2023,347.9,350.8,352.9,346.0, 347.30,346.85,348.54,72972,254.33,3789, 42894, 58.78,-0.3
GENESYS, EQ, 01-Oct-2021,207.6,217.95,217.95,217.95, 217.95,217.95,217.95,30631,66.76,97, 30631, 100.00,4.99
GENESYS, EQ, 01-Oct-2024,771.25,773.0,796.8,764.95,778.0,775.35,781.07,283018,2210.57,8138, 154838, 54.71,0.53
GENESYS, EQ, 01-Nov-2021,236.15,243.8,247.95,238.15, 247.95,247.95,246.69,38067,93.91,463, 24918, 65.46,5.0
GENESYS, EQ, 01-Nov-2022,524.9,542.5,542.5,516.1,524.0,521.75,523.74,4471,23.42,362, 2511, 56.16,-0.6
GENESYS, EQ, 01-Nov-2023,314.65,319.35,322.55,308.0, 311.85,310.15,314.45,47421,149.12,2437, 27229, 57.42,-1.43
GENESYS, EQ, 01-Dec-2020,52.75,55.35,55.35,50.2,55.35,55.3,55.26,192924,106.61,240, 182703, 94.70,4.83
GENESYS, EQ, 01-Dec-2021,316.6,308.05,319.45,300.8,313.0,313.3,306.87,173431,532.21,3724, 91981, 53.04,-1.04
GENESYS, EQ, 01-Dec-2022,466.9,466.0,483.9,464.2,479.1,477.55,475.84,18012,85.71,701, 11321, 62.85,2.28
GENESYS, EQ, 01-Dec-2023,412.65,420.0,434.95,407.9, 409.65,412.9,419.24,837197,3509.9,32669, 387782, 46.32,0.06
GENESYS, EQ, 02-Jan-2020,61.9,62.0,65.0,62.0, 63.25,63.8,63.97,12209,7.81,184, 8302, 68.00,3.07
GENESYS, EQ, 02-Jan-2023,454.7,461.15,472.0,460.0, 467.95,467.15,467.66,12807,59.89,407, 9878, 77.13,2.74
GENESYS, EQ, 02-Jan-2024,430.75,432.45,435.45,417.0, 429.35,429.3,427.84,124036,530.67,1570, 50730, 40.90,-0.34
GENESYS, EQ, 02-Jan-2025,979.75,984.0,988.7,945.8,952.95,949.9,959.78,201347,1932.49,14002, 87334, 43.37,-3.05
GENESYS, EQ, 02-Feb-2022,357.3,363.0,373.4,355.4, 359.00,358.45,365.48,75554,276.14,2290, 51904, 68.70,0.32
GENESYS, EQ, 02-Feb-2023,415.4,416.35,416.95,373.9, 376.10,379.45,394.21,29081,114.64,1153, 19865, 68.31,-8.65
GENESYS, EQ, 02-Feb-2024,517.75,521.0,540.0,518.4, 532.70,530.95,532.16,195780,1041.87,12845, 89428, 45.68,2.55
GENESYS, EQ, 02-Mar-2020,54.65,55.0,55.4,51.8, 52.00,52.75,53.44,11374,6.08,293, 9334, 82.06,-3.48
GENESYS, EQ, 02-Mar-2022,493.6,488.95,518.25,477.25, 518.25,518.25,504.5,101879,513.98,1987, 68307, 67.05,4.99
GENESYS, EQ, 02-Mar-2023,390.95,380.0,400.0,380.0, 400.00,399.9,397.21,11887,47.22,484, 8422, 70.85,2.29
GENESYS, EQ, 02-Apr-2024,610.35,610.0,643.5,599.55, 632.00,635.4,619.38,307860,1906.82,18726, 98784, 32.09,4.1
GENESYS, EQ, 02-Apr-2025,696.6,695.5,697.9,666.9,679.0,678.55,679.78,207464,1410.3,14612, 90705, 43.72,-2.59
GENESYS, EQ, 02-May-2023,293.7,293.7,303.35,293.7, 297.20,299.35,299.67,30953,92.76,1006, 23121, 74.70,1.92
GENESYS, EQ, 02-May-2024,597.85,607.0,617.45,594.1, 608.00,608.85,605.9,128966,781.41,9775, 48041, 37.25,1.84
GENESYS, EQ, 02-Jun-2020,26.85,26.85,28.15,25.8,28.15,28.15,27.25,11117,3.03,120, 7287, 65.55,4.84
GENESYS, EQ, 02-Jun-2021,97.45,97.95,99.55,95.5, 98.80,97.55,97.18,10263,9.97,241, 7155, 69.72,0.1
GENESYS, EQ, 02-Jun-2023,330.55,333.85,336.95,323.95, 325.35,326.6,330.84,30269,100.14,1431, 20454, 67.57,-1.19
GENESYS, EQ, 02-Jul-2020,41.55,39.5,39.5,39.5, 39.50,39.5,39.5,2761,1.09,40, 2761, 100.00,-4.93
GENESYS, EQ, 02-Jul-2021,131.0,134.75,144.1,132.45,144.1,144.1,140.7,82688,116.34,915, 56617, 68.47,10.0
GENESYS, EQ, 02-Jul-2024,608.05,608.7,612.6,595.35,598.05,604.2,605.02,130428,789.12,7601, 72961, 55.94,-0.63
GENESYS, EQ, 02-Aug-2021,155.0,154.2,162.75,151.35,162.75,161.15,155.49,59057,91.83,832, 43635, 73.89,3.97
GENESYS, EQ, 02-Aug-2023,299.45,300.5,301.3,289.65, 293.30,291.25,293.59,47819,140.39,2056, 31003, 64.83,-2.74
GENESYS, EQ, 02-Aug-2024,699.2,692.1,725.0,685.0,719.8,721.2,710.17,199380,1415.93,12279, 91474, 45.88,3.15
GENESYS, EQ, 02-Sep-2021,142.75,144.0,149.0,140.0, 143.00,142.15,144.6,26945,38.96,510, 14852, 55.12,-0.42
GENESYS, EQ, 02-Sep-2024,809.45,809.45,841.0,796.0,801.25,800.05,817.04,497132,4061.75,20545, 171503, 34.50,-1.16
GENESYS, EQ, 02-Nov-2021,247.95,257.65,259.45,237.2, 246.50,247.1,249.5,66554,166.05,1805, 38571, 57.95,-0.34
GENESYS, EQ, 02-Nov-2022,521.75,532.95,532.95,512.0,521.0,520.85,519.7,6664,34.63,296, 4053, 60.82,-0.17
GENESYS, EQ, 02-Nov-2023,310.15,312.85,324.7,310.0, 322.00,321.1,317.2,24105,76.46,1873, 11303, 46.89,3.53
GENESYS, EQ, 02-Dec-2020,55.3,57.8,58.05,55.45, 57.50,57.35,56.76,119963,68.09,276, 114730, 95.64,3.71
GENESYS, EQ, 02-Dec-2021,313.3,324.0,328.95,310.1, 328.95,328.95,327.84,166477,545.78,4427, 95198, 57.18,5.0
GENESYS, EQ, 02-Dec-2022,477.55,487.0,501.4,478.0, 501.40,501.4,496.0,30529,151.42,830, 21508, 70.45,4.99
GENESYS, EQ, 02-Dec-2024,906.9,910.0,977.9,900.35,966.0,964.5,948.82,792493,7519.32,52121, 289379, 36.52,6.35
GENESYS, EQ, 03-Jan-2020,63.8,63.0,65.9,62.2, 65.00,64.5,63.87,10009,6.39,336, 6278, 62.72,1.1
GENESYS, EQ, 03-Jan-2022,290.5,294.0,300.55,284.95, 287.00,288.35,292.82,47531,139.18,1262, 30936, 65.09,-0.74
GENESYS, EQ, 03-Jan-2023,467.15,453.0,468.2,440.55, 445.80,443.9,454.09,17820,80.92,566, 12270, 68.86,-4.98
GENESYS, EQ, 03-Jan-2024,429.3,428.0,430.9,420.5, 426.00,423.3,426.21,73355,312.65,1250, 51374, 70.03,-1.4
GENESYS, EQ, 03-Jan-2025,949.9,953.0,968.95,942.1,942.3,945.65,952.5,108942,1037.68,9973, 48076, 44.13,-0.45
GENESYS, EQ, 03-Feb-2020,58.75,59.0,59.0,55.3, 58.00,57.75,57.37,9849,5.65,390, 6656, 67.58,-1.7
GENESYS, EQ, 03-Feb-2022,358.45,362.4,376.35,356.55, 376.35,376.35,370.48,90422,335.0,2193, 59697, 66.02,4.99
GENESYS, EQ, 03-Feb-2023,379.45,383.9,385.9,371.1, 379.85,376.65,379.87,8195,31.13,581, 5946, 72.56,-0.74
GENESYS, EQ, 03-Feb-2025,921.5,903.1,903.1,837.1,844.4,848.8,861.59,474125,4085.0,36074, 212271, 44.77,-7.89
GENESYS, EQ, 03-Mar-2020,52.75,56.0,56.0,52.0, 52.15,52.35,52.93,16173,8.56,324, 13669, 84.52,-0.76
GENESYS, EQ, 03-Mar-2022,518.25,544.15,544.15,510.0,544.15,542.75,533.8,169025,902.25,3829, 92814, 54.91,4.73
GENESYS, EQ, 03-Mar-2023,399.9,385.0,426.3,385.0, 412.30,416.3,416.24,26160,108.89,1356, 16063, 61.40,4.1
GENESYS, EQ, 03-Mar-2025,663.35,678.0,694.35,600.0,666.6,678.75,643.56,771403,4964.45,55718, 240473, 31.17,2.32
GENESYS, EQ, 03-Apr-2020,24.75,24.05,25.9,24.05, 25.15,24.55,24.8,10016,2.48,107, 9051, 90.37,-0.81
GENESYS, EQ, 03-Apr-2023,328.85,337.7,337.7,324.4, 326.00,325.8,328.85,14480,47.62,1398, 7048, 48.67,-0.93
GENESYS, EQ, 03-Apr-2024,635.4,621.0,650.0,621.0, 629.15,629.35,637.85,228647,1458.41,14150, 98101, 42.91,-0.95
GENESYS, EQ, 03-Apr-2025,678.55,671.0,691.95,668.35,677.1,672.8,677.34,264238,1789.78,17234, 104497, 39.55,-0.85
GENESYS, EQ, 03-May-2021,108.55,109.0,112.0,103.6,104.2,105.5,106.12,19952,21.17,281, 14511, 72.73,-2.81
GENESYS, EQ, 03-May-2023,299.35,304.8,304.8,293.6,294.1,295.0,297.31,12719,37.82,680, 7725, 60.74,-1.45
GENESYS, EQ, 03-May-2024,608.85,613.6,613.6,564.5, 569.10,567.75,578.13,448346,2592.01,32161, 214179, 47.77,-6.75
GENESYS, EQ, 03-Jun-2020,28.15,28.15,29.55,28.0,29.5,29.55,29.39,14926,4.39,136, 12597, 84.40,4.97
GENESYS, EQ, 03-Jun-2021,97.55,99.45,102.0,97.2, 100.40,101.45,99.84,30560,30.51,351, 25581, 83.71,4.0
GENESYS, EQ, 03-Jun-2024,517.2,547.0,547.0,512.6,516.0,516.55,521.22,156038,813.3,7862, 99736, 63.92,-0.13
GENESYS, EQ, 03-Jul-2020,39.5,37.55,41.0,37.55, 38.30,37.75,38.02,195622,74.38,904, 121762, 62.24,-4.43
GENESYS, EQ, 03-Jul-2023,313.4,317.35,319.45,304.9, 307.10,307.05,310.06,62552,193.95,2881, 47619, 76.13,-2.03
GENESYS, EQ, 03-Jul-2024,604.2,612.45,612.45,583.05,597.75,595.25,593.98,232786,1382.71,12794, 128783, 55.32,-1.48
GENESYS, EQ, 03-Aug-2020,28.75,28.75,30.0,27.5,30.0,29.7,28.85,36899,10.65,332, 22191, 60.14,3.3
GENESYS, EQ, 03-Aug-2021,161.15,161.1,166.0,153.1,153.1,153.5,157.56,28513,44.93,742, 19530, 68.50,-4.75
GENESYS, EQ, 03-Aug-2023,291.25,290.0,309.9,286.7, 299.00,298.55,295.39,23960,70.78,1860, 13138, 54.83,2.51
GENESYS, EQ, 03-Sep-2021,142.15,145.0,147.9,140.1, 147.90,145.35,143.46,39144,56.16,426, 28318, 72.34,2.25
GENESYS, EQ, 03-Sep-2024,800.05,800.9,836.0,796.2,825.15,829.6,816.57,496717,4056.03,21907, 197906, 39.84,3.69
GENESYS, EQ, 03-Oct-2022,525.05,536.9,551.3,536.9,551.3,551.15,547.57,5865,32.12,141, 4999, 85.23,4.97
GENESYS, EQ, 03-Oct-2023,352.8,354.8,357.7,351.0, 355.00,355.3,354.51,24778,87.84,1812, 13952, 56.31,0.71
GENESYS, EQ, 03-Oct-2024,775.35,770.0,783.45,758.55,762.5,762.9,766.78,319078,2446.64,7038, 201047, 63.01,-1.61
GENESYS, EQ, 03-Nov-2021,247.1,259.45,259.45,259.45, 259.45,259.45,259.45,110824,287.53,359, 86030, 77.63,5.0
GENESYS, EQ, 03-Nov-2022,520.85,508.25,530.0,508.25,518.25,522.0,521.6,9911,51.7,391, 6321, 63.78,0.22
GENESYS, EQ, 03-Nov-2023,321.1,324.7,329.5,313.85, 317.00,318.0,321.67,60940,196.02,1465, 40220, 66.00,-0.97
GENESYS, EQ, 03-Dec-2020,57.35,59.8,60.2,58.05,58.85,60.1,59.49,17794,10.59,115, 16337, 91.81,4.8
GENESYS, EQ, 03-Dec-2021,328.95,338.0,338.95,313.0, 314.90,315.05,323.2,91875,296.94,3956, 54296, 59.10,-4.23
GENESYS, EQ, 03-Dec-2024,964.5,968.65,998.95,953.8,965.0,965.25,977.17,479533,4685.85,29205, 192948, 40.24,0.08
GENESYS, EQ, 04-Jan-2021,67.75,70.6,71.1,68.45,71.1,71.1,70.71,25498,18.03,241, 21529, 84.43,4.94
GENESYS, EQ, 04-Jan-2022,288.35,289.9,293.35,281.05, 287.00,283.4,286.27,36670,104.97,2232, 21476, 58.57,-1.72
GENESYS, EQ, 04-Jan-2023,443.9,452.5,462.7,440.0, 443.60,444.9,450.62,17465,78.7,604, 6878, 39.38,0.23
GENESYS, EQ, 04-Jan-2024,423.3,427.0,444.45,423.25, 443.50,441.95,437.61,228985,1002.06,5182, 156984, 68.56,4.41
GENESYS, EQ, 04-Feb-2020,57.75,58.75,61.9,57.2, 60.55,60.2,59.86,15159,9.07,500, 6481, 42.75,4.24
GENESYS, EQ, 04-Feb-2022,376.35,384.0,395.15,369.9, 395.15,393.0,393.57,200864,790.54,2456, 118017, 58.75,4.42
GENESYS, EQ, 04-Feb-2025,848.8,859.7,883.7,843.9,855.5,855.8,861.48,328843,2832.93,25172, 124420, 37.84,0.82
GENESYS, EQ, 04-Mar-2020,52.35,52.5,53.0,50.75, 52.20,52.55,52.14,6835,3.56,254, 4153, 60.76,0.38
GENESYS, EQ, 04-Mar-2022,542.75,544.95,569.0,516.55, 529.90,539.55,551.91,154261,851.39,5885, 71813, 46.55,-0.59
GENESYS, EQ, 04-Mar-2024,620.3,624.7,666.1,621.4, 633.65,633.25,639.76,956224,6117.53,43785, 349312, 36.53,2.09
GENESYS, EQ, 04-Mar-2025,678.75,665.2,696.6,655.55,661.6,669.5,675.34,361983,2444.63,32535, 137788, 38.06,-1.36
GENESYS, EQ, 04-Apr-2024,629.35,635.0,705.0,622.8, 704.50,697.25,679.4,1643290,11164.48,58005, 467371, 28.44,10.79
GENESYS, EQ, 04-Apr-2025,672.8,667.5,675.0,609.2,627.0,628.4,635.49,443488,2818.31,36907, 219586, 49.51,-6.6
GENESYS, EQ, 04-May-2020,32.45,32.0,34.05,31.05, 33.40,33.2,32.84,5017,1.65,42, 3946, 78.65,2.31
GENESYS, EQ, 04-May-2021,105.5,105.2,110.2,103.1, 103.25,104.3,107.56,15407,16.57,258, 10597, 68.78,-1.14
GENESYS, EQ, 04-May-2023,295.0,294.95,344.0,293.85, 333.00,331.4,321.11,90164,289.53,2799, 47314, 52.48,12.34
GENESYS, EQ, 04-Jun-2020,29.55,29.55,31.0,29.0,30.0,30.1,30.37,35461,10.77,329, 24319, 68.58,1.86
GENESYS, EQ, 04-Jun-2021,101.45,103.95,104.45,99.0, 101.15,101.25,101.76,18469,18.79,219, 16099, 87.17,-0.2
GENESYS, EQ, 04-Jun-2024,516.55,516.55,519.9,420.55,449.0,447.35,468.51,345986,1620.97,22532, 191364, 55.31,-13.4
GENESYS, EQ, 04-Jul-2023,307.05,307.1,308.0,296.4, 299.90,299.4,301.71,35007,105.62,1991, 25620, 73.19,-2.49
GENESYS, EQ, 04-Jul-2024,595.25,601.0,610.25,590.0,607.0,607.4,600.29,221936,1332.26,15204, 130450, 58.78,2.04
GENESYS, EQ, 04-Aug-2020,29.7,29.7,31.15,29.7,31.15,31.15,30.75,15279,4.7,154, 14350, 93.92,4.88
GENESYS, EQ, 04-Aug-2021,153.5,153.9,154.85,148.0,150.0,149.75,152.16,44820,68.2,414, 24713, 55.14,-2.44
GENESYS, EQ, 04-Aug-2023,298.55,298.75,317.45,294.15, 302.90,301.4,306.21,62471,191.29,3868, 29441, 47.13,0.95
GENESYS, EQ, 04-Sep-2023,346.85,346.85,362.4,346.85, 353.25,348.85,354.28,130966,463.98,5559, 81775, 62.44,0.58
GENESYS, EQ, 04-Sep-2024,829.6,820.15,855.85,815.0,828.5,824.65,833.55,731990,6101.51,31719, 271345, 37.07,-0.6
GENESYS, EQ, 04-Oct-2021,217.95,228.8,228.8,217.95, 228.80,228.8,228.7,794535,1817.06,715, 451950, 56.88,4.98
GENESYS, EQ, 04-Oct-2022,551.15,555.6,562.85,524.0, 544.05,545.8,546.37,13813,75.47,446, 9365, 67.80,-0.97
GENESYS, EQ, 04-Oct-2023,355.3,351.3,356.2,339.6, 344.95,344.45,346.13,25608,88.64,2876, 12973, 50.66,-3.05
GENESYS, EQ, 04-Oct-2024,762.9,764.0,781.0,752.05,764.2,761.4,767.67,266362,2044.79,7406, 127003, 47.68,-0.2
GENESYS, EQ, 04-Nov-2022,522.0,526.0,529.65,512.0,518.95,518.1,518.48,7304,37.87,311, 4341, 59.43,-0.75
GENESYS, EQ, 04-Nov-2024,789.2,789.15,789.15,755.2,765.25,768.6,767.78,333962,2564.08,22352, 133867, 40.08,-2.61
GENESYS, EQ, 04-Dec-2020,60.1,62.85,62.85,57.1, 57.10,57.55,59.77,18568,11.1,213, 14772, 79.56,-4.24
GENESYS, EQ, 04-Dec-2023,412.9,418.0,430.05,406.0, 415.00,415.15,417.11,533580,2225.63,23286, 209947, 39.35,0.54
GENESYS, EQ, 04-Dec-2024,965.25,964.95,981.0,955.25,962.95,963.1,966.71,286077,2765.54,17102, 85754, 29.98,-0.22
GENESYS, EQ, 05-Jan-2021,71.1,74.65,74.65,74.65, 74.65,74.65,74.65,10046,7.5,63, 10046, 100.00,4.99
GENESYS, EQ, 05-Jan-2022,283.4,284.4,293.4,275.4, 282.05,284.25,287.93,28670,82.55,931, 12915, 45.05,0.3
GENESYS, EQ, 05-Jan-2023,444.9,454.95,455.0,435.8,446.0,448.95,443.68,6358,28.21,290, 3834, 60.30,0.91
GENESYS, EQ, 05-Jan-2024,441.95,444.0,484.9,442.0, 461.00,460.85,464.53,909660,4225.67,42786, 369094, 40.57,4.28
GENESYS, EQ, 05-Feb-2020,60.2,60.0,61.8,56.45, 59.00,59.35,59.12,16660,9.85,543, 8184, 49.12,-1.41
GENESYS, EQ, 05-Feb-2024,530.95,531.0,541.15,506.15, 510.00,510.1,527.42,158650,836.75,10605, 78654, 49.58,-3.93
GENESYS, EQ, 05-Feb-2025,855.8,862.95,893.35,856.55,867.85,870.05,877.55,328129,2879.5,19592, 92705, 28.25,1.67
GENESYS, EQ, 05-Mar-2020,52.55,52.15,54.0,50.0, 51.00,50.9,51.86,8898,4.61,283, 5054, 56.80,-3.14
GENESYS, EQ, 05-Mar-2024,633.25,633.0,641.0,603.05, 624.80,617.6,619.98,575989,3571.04,24962, 282406, 49.03,-2.47
GENESYS, EQ, 05-Mar-2025,669.5,665.35,737.15,665.35,724.3,724.9,714.66,399018,2851.61,29367, 133817, 33.54,8.27
GENESYS, EQ, 05-Apr-2023,325.8,326.0,348.05,321.1, 334.55,334.75,338.66,24428,82.73,2126, 11669, 47.77,2.75
GENESYS, EQ, 05-Apr-2024,697.25,699.0,724.7,686.05, 715.00,716.15,706.03,783199,5529.62,35811, 237143, 30.28,2.71
GENESYS, EQ, 05-May-2020,33.2,33.4,33.5,31.9, 32.30,32.3,33.03,3135,1.04,40, 2139, 68.23,-2.71
GENESYS, EQ, 05-May-2021,104.3,105.85,105.85,100.0, 100.15,101.1,102.49,8155,8.36,186, 6130, 75.17,-3.07
GENESYS, EQ, 05-May-2023,331.4,355.0,368.85,331.25, 340.00,339.2,351.21,201408,707.36,8620, 46889, 23.28,2.35
GENESYS, EQ, 05-Jun-2020,30.1,30.1,33.1,29.3, 32.60,32.7,31.97,21001,6.71,293, 14576, 69.41,8.64
GENESYS, EQ, 05-Jun-2023,326.6,334.0,343.0,322.05, 332.00,332.95,329.99,41163,135.83,1711, 21983, 53.40,1.94
GENESYS, EQ, 05-Jun-2024,447.35,450.0,468.0,433.8,457.9,457.4,455.63,135995,619.64,11097, 71796, 52.79,2.25
GENESYS, EQ, 05-Jul-2021,144.1,156.9,158.5,156.9, 158.50,158.5,158.18,40151,63.51,219, 35698, 88.91,9.99
GENESYS, EQ, 05-Jul-2023,299.4,292.4,308.0,292.4,301.65,298.05,302.31,29302,88.58,2026, 18421, 62.87,-0.45
GENESYS, EQ, 05-Jul-2024,607.4,611.05,632.0,607.8,625.75,625.4,619.17,769434,4764.1,30430, 415565, 54.01,2.96
GENESYS, EQ, 05-Aug-2020,31.15,31.4,32.7,31.4,32.7,32.7,32.32,9904,3.2,75, 8802, 88.87,4.98
GENESYS, EQ, 05-Aug-2021,149.75,150.05,153.95,146.3,150.1,150.6,149.8,14720,22.05,450, 8567, 58.20,0.57
GENESYS, EQ, 05-Aug-2024,721.2,694.0,704.9,661.0,669.7,663.65,678.76,335951,2280.3,23161, 157141, 46.77,-7.98
GENESYS, EQ, 05-Sep-2023,348.85,352.0,360.0,349.0, 352.20,353.45,354.82,87033,308.81,9127, 27805, 31.95,1.32
GENESYS, EQ, 05-Sep-2024,824.65,828.7,835.0,812.2,817.0,816.1,823.3,171792,1414.37,7850, 73289, 42.66,-1.04
GENESYS, EQ, 05-Oct-2021,228.8,240.2,240.2,240.2, 240.20,240.2,240.2,87656,210.55,100, 87656, 100.00,4.98
GENESYS, EQ, 05-Oct-2023,344.45,346.95,365.95,345.75, 363.90,364.2,358.23,63795,228.53,4763, 36829, 57.73,5.73
GENESYS, EQ, 05-Nov-2024,768.6,765.25,807.8,758.0,797.0,798.35,790.76,659685,5216.54,38122, 307457, 46.61,3.87
GENESYS, EQ, 05-Dec-2022,501.4,514.0,514.0,479.0, 488.25,487.4,488.47,23637,115.46,987, 14846, 62.81,-2.79
GENESYS, EQ, 05-Dec-2023,415.15,417.4,419.7,401.25, 404.85,403.6,408.21,254426,1038.59,13894, 126229, 49.61,-2.78
GENESYS, EQ, 05-Dec-2024,963.1,966.0,991.85,957.0,967.0,969.8,977.87,422637,4132.85,24440, 132103, 31.26,0.7
GENESYS, EQ, 06-Jan-2020,64.5,64.5,64.55,61.15, 61.50,63.4,62.51,9982,6.24,216, 7679, 76.93,-1.71
GENESYS, EQ, 06-Jan-2021,74.65,78.35,78.35,78.35, 78.35,78.35,78.35,9555,7.49,48, 9555, 100.00,4.96
GENESYS, EQ, 06-Jan-2022,284.25,282.0,298.45,280.95, 298.45,298.45,293.84,65289,191.84,956, 38617, 59.15,5.0
GENESYS, EQ, 06-Jan-2023,448.95,447.1,451.0,424.95,431.95,429.3,437.55,8499,37.19,483, 4859, 57.17,-4.38
GENESYS, EQ, 06-Jan-2025,945.65,952.0,954.0,894.5,910.0,909.6,915.72,251940,2307.05,19978, 127269, 50.52,-3.81
GENESYS, EQ, 06-Feb-2020,59.35,59.35,61.5,57.15, 60.20,59.95,60.12,6649,4.0,264, 2861, 43.03,1.01
GENESYS, EQ, 06-Feb-2023,376.65,374.55,414.3,373.85, 414.30,412.3,410.55,30947,127.05,1202, 20348, 65.75,9.47
GENESYS, EQ, 06-Feb-2024,510.1,510.1,524.25,502.0, 512.00,512.55,513.64,93824,481.92,6460, 38815, 41.37,0.48
GENESYS, EQ, 06-Feb-2025,870.05,864.0,901.45,864.0,874.0,874.3,878.99,188375,1655.8,17376, 64569, 34.28,0.49
GENESYS, EQ, 06-Mar-2020,50.9,50.0,52.5,48.4, 49.95,50.05,50.01,42169,21.09,326, 36038, 85.46,-1.67
GENESYS, EQ, 06-Mar-2023,416.3,417.75,443.15,411.05, 432.70,429.3,422.0,80261,338.7,1203, 61994, 77.24,3.12
GENESYS, EQ, 06-Mar-2024,617.6,621.5,625.0,595.55, 624.80,619.9,610.41,410670,2506.76,22251, 159769, 38.90,0.37
GENESYS, EQ, 06-Mar-2025,724.9,729.0,745.85,725.85,734.95,735.65,736.04,271512,1998.43,20737, 88706, 32.67,1.48
GENESYS, EQ, 06-Apr-2023,334.75,338.3,347.0,333.1, 338.35,341.85,340.96,10611,36.18,931, 5683, 53.56,2.12
GENESYS, EQ, 06-May-2020,32.3,32.3,33.1,31.75, 33.10,32.8,32.58,2510,0.82,28, 2040, 81.27,1.55
GENESYS, EQ, 06-May-2021,101.1,101.05,101.95,98.4, 101.00,99.4,100.1,7515,7.52,196, 5295, 70.46,-1.68
GENESYS, EQ, 06-May-2024,567.75,569.0,571.0,538.0,554.9,554.15,551.91,193901,1070.17,18329, 74666, 38.51,-2.4
GENESYS, EQ, 06-Jun-2023,332.95,327.95,336.0,327.95,331.75,330.55,332.05,58336,193.7,1700, 38765, 66.45,-0.72
GENESYS, EQ, 06-Jun-2024,457.4,465.6,519.7,465.6,492.0,490.9,500.95,306784,1536.84,21279, 110475, 36.01,7.32
GENESYS, EQ, 06-Jul-2020,37.75,38.95,38.95,35.9, 36.10,36.25,37.02,69254,25.64,524, 43885, 63.37,-3.97
GENESYS, EQ, 06-Jul-2021,158.5,166.4,166.4,153.05, 160.00,160.15,163.11,220723,360.02,2025, 151327, 68.56,1.04
GENESYS, EQ, 06-Jul-2023,298.05,302.2,304.85,285.0,288.7,290.55,293.17,58234,170.72,2744, 44561, 76.52,-2.52
GENESYS, EQ, 06-Aug-2020,32.7,34.3,34.3,33.0,34.3,34.3,34.14,34550,11.79,123, 29500, 85.38,4.89
GENESYS, EQ, 06-Aug-2021,150.6,152.35,152.95,143.35, 145.00,146.35,147.44,31736,46.79,425, 19854, 62.56,-2.82
GENESYS, EQ, 06-Aug-2024,663.65,668.0,691.65,648.2,653.1,652.45,665.47,237125,1577.99,14324, 98180, 41.40,-1.69
GENESYS, EQ, 06-Sep-2021,145.35,149.9,149.9,145.0,145.0,147.1,147.28,21964,32.35,136, 20084, 91.44,1.2
GENESYS, EQ, 06-Sep-2023,353.45,355.75,362.0,346.15, 361.00,359.95,355.49,104620,371.91,7441, 60454, 57.78,1.84
GENESYS, EQ, 06-Sep-2024,816.1,823.1,828.3,790.05,809.8,807.05,808.33,330107,2668.34,16935, 137093, 41.53,-1.11
GENESYS, EQ, 06-Oct-2021,240.2,252.2,252.2,252.2, 252.20,252.2,252.2,27481,69.31,94, 27481, 100.00,5.0
GENESYS, EQ, 06-Oct-2022,545.8,546.9,557.95,522.0, 524.00,525.35,536.18,13757,73.76,457, 12005, 87.26,-3.75
GENESYS, EQ, 06-Oct-2023,364.2,366.0,369.7,352.95, 356.00,356.5,361.76,42806,154.85,2622, 25647, 59.91,-2.11
GENESYS, EQ, 06-Nov-2023,318.0,320.8,324.4,310.0, 315.00,313.75,317.54,55469,176.13,2935, 33948, 61.20,-1.34
GENESYS, EQ, 06-Nov-2024,798.35,801.3,847.0,799.1,837.0,838.05,829.24,973579,8073.32,52476, 417342, 42.87,4.97
GENESYS, EQ, 06-Dec-2021,315.05,325.0,330.8,325.0, 330.80,330.8,329.81,55021,181.46,825, 47182, 85.75,5.0
GENESYS, EQ, 06-Dec-2022,487.4,494.8,511.75,479.4, 494.00,500.3,495.9,32787,162.59,671, 17154, 52.32,2.65
GENESYS, EQ, 06-Dec-2023,403.6,406.65,413.95,387.0, 395.00,393.8,397.85,346648,1379.15,18343, 166617, 48.07,-2.43
GENESYS, EQ, 06-Dec-2024,969.8,969.0,970.0,951.3,963.45,960.55,960.48,171728,1649.42,12336, 61111, 35.59,-0.95
GENESYS, EQ, 07-Jan-2020,63.4,62.05,66.6,62.05, 65.50,65.35,64.61,8389,5.42,335, 5591, 66.65,3.08
GENESYS, EQ, 07-Jan-2021,78.35,82.25,82.25,82.25, 82.25,82.25,82.25,10988,9.04,55, 10988, 100.00,4.98
GENESYS, EQ, 07-Jan-2022,298.45,313.35,313.35,313.35,313.35,313.35,313.35,21151,66.28,211, 18173, 85.92,4.99
GENESYS, EQ, 07-Jan-2025,909.6,918.0,1023.95,909.6,999.9,999.65,986.76,900581,8886.57,61572, 322944, 35.86,9.9
GENESYS, EQ, 07-Feb-2020,59.95,58.1,60.9,58.05, 59.50,59.6,60.02,12789,7.68,390, 9775, 76.43,-0.58
GENESYS, EQ, 07-Feb-2022,393.0,405.0,408.7,379.85, 390.00,392.9,395.14,89249,352.66,4361, 56034, 62.78,-0.03
GENESYS, EQ, 07-Feb-2023,412.3,400.0,429.7,392.6, 419.90,409.7,414.71,17848,74.02,1857, 7623, 42.71,-0.63
GENESYS, EQ, 07-Feb-2024,512.55,510.2,518.6,502.0, 506.00,507.7,508.17,108318,550.44,9749, 57859, 53.42,-0.95
GENESYS, EQ, 07-Feb-2025,874.3,877.95,877.95,852.05,865.1,861.8,861.92,149787,1291.05,11455, 41456, 27.68,-1.43
GENESYS, EQ, 07-Mar-2022,539.55,525.05,566.5,515.15, 566.50,566.5,554.04,144050,798.09,2198,100195,69.56,4.99
GENESYS, EQ, 07-Mar-2024,619.9,619.05,630.0,601.25, 603.00,603.85,614.53,145328,893.08,6812, 54912, 37.78,-2.59
GENESYS, EQ, 07-Mar-2025,735.65,735.75,766.75,730.3,743.0,742.95,747.82,342463,2561.0,21116, 136296, 39.80,0.99
GENESYS, EQ, 07-Apr-2020,24.55,24.6,27.0,24.6, 27.00,26.6,26.07,15770,4.11,161, 13892, 88.09,8.35
GENESYS, EQ, 07-Apr-2025,628.4,530.3,600.0,524.0,558.0,550.05,548.02,1006245,5514.39,54997, 421168, 41.86,-12.47
GENESYS, EQ, 07-May-2020,32.8,32.85,32.9,32.0, 32.00,32.15,32.31,2460,0.79,26, 1851, 75.24,-1.98
GENESYS, EQ, 07-May-2021,99.4,98.75,100.0,95.55, 95.60,96.2,97.03,16547,16.06,301, 12549, 75.84,-3.22
GENESYS, EQ, 07-May-2024,554.15,555.85,566.45,538.0,541.0,539.25,546.87,120150,657.06,10901, 50097, 41.70,-2.69
GENESYS, EQ, 07-Jun-2021,101.25,101.9,111.35,100.15, 111.35,111.05,107.16,133825,143.41,1494, 78154, 58.40,9.68
GENESYS, EQ, 07-Jun-2023,330.55,334.15,354.65,328.75, 344.00,343.7,342.32,1002574,3432.03,16041, 304358, 30.36,3.98
GENESYS, EQ, 07-Jun-2024,490.9,494.85,507.75,491.55,500.0,499.35,500.2,131093,655.73,5921, 74049, 56.49,1.72
GENESYS, EQ, 07-Jul-2020,36.25,37.6,37.6,34.45, 35.20,35.15,35.78,65849,23.56,434, 47466, 72.08,-3.03
GENESYS, EQ, 07-Jul-2021,160.15,163.75,163.75,152.15, 152.20,153.25,154.44,78806,121.71,1055, 58668, 74.45,-4.31
GENESYS, EQ, 07-Jul-2023,290.55,290.75,297.0,285.0, 288.50,287.9,289.47,41127,119.05,2326, 24127, 58.66,-0.91
GENESYS, EQ, 07-Aug-2020,34.3,36.0,36.0,33.6,36.0,36.0,35.72,63861,22.81,269, 52811, 82.70,4.96
GENESYS, EQ, 07-Aug-2023,301.4,306.65,309.0,300.75, 302.50,303.35,304.99,40503,123.53,2105, 29512, 72.86,0.65
GENESYS, EQ, 07-Aug-2024,652.45,662.2,664.0,647.25,650.0,650.15,652.57,171024,1116.06,10121, 93708, 54.79,-0.35
GENESYS, EQ, 07-Sep-2021,147.1,147.1,147.1,141.2, 141.20,144.5,144.94,11046,16.01,149, 6372, 57.69,-1.77
GENESYS, EQ, 07-Sep-2023,359.95,365.0,400.0,362.0, 384.00,384.4,384.06,382030,1467.24,20378, 142608, 37.33,6.79
GENESYS, EQ, 07-Oct-2021,252.2,264.8,264.8,264.8, 264.80,264.8,264.8,82661,218.89,92, 82661, 100.00,5.0
GENESYS, EQ, 07-Oct-2022,525.35,539.0,539.0,507.95, 527.00,527.6,518.15,30464,157.85,729, 19158, 62.89,0.43
GENESYS, EQ, 07-Oct-2024,761.4,765.7,769.9,715.0,720.0,721.8,731.77,304331,2227.0,8254, 157989, 51.91,-5.2
GENESYS, EQ, 07-Nov-2022,518.1,537.0,537.0,505.0,513.95,512.45,519.45,17937,93.17,654, 10623, 59.22,-1.09
GENESYS, EQ, 07-Nov-2023,313.75,316.1,318.2,306.3, 309.45,309.1,310.63,44088,136.95,3089, 23925, 54.27,-1.48
GENESYS, EQ, 07-Nov-2024,838.05,840.9,865.0,816.4,834.5,834.5,844.03,949763,8016.27,52337, 322625, 33.97,-0.42
GENESYS, EQ, 07-Dec-2020,57.55,57.1,59.5,55.0, 56.70,56.7,56.16,6705,3.77,113, 5322, 79.37,-1.48
GENESYS, EQ, 07-Dec-2021,330.8,347.3,347.3,340.0,347.3,347.3,346.36,81582,282.57,1324, 57710, 70.74,4.99
GENESYS, EQ, 07-Dec-2022,500.3,500.35,505.0,481.05, 485.00,483.2,490.34,14876,72.94,732, 7560, 50.82,-3.42
GENESYS, EQ, 07-Dec-2023,393.8,396.0,422.05,392.45, 420.00,418.75,413.85,521094,2156.55,23809, 236185, 45.32,6.34
GENESYS, EQ, 08-Jan-2020,65.35,63.35,65.05,61.6, 64.00,64.4,63.6,7291,4.64,192, 5281, 72.43,-1.45
GENESYS, EQ, 08-Jan-2021,82.25,86.35,86.35,78.15, 78.20,78.55,82.57,144188,119.06,1335, 103297, 71.64,-4.5
GENESYS, EQ, 08-Jan-2024,460.85,463.0,473.8,446.6, 455.00,454.85,460.23,245540,1130.05,13280, 116923, 47.62,-1.3
GENESYS, EQ, 08-Jan-2025,999.65,999.65,1024.0,981.0,981.0,987.65,996.53,392106,3907.45,32519, 148823, 37.95,-1.2
GENESYS, EQ, 08-Feb-2022,392.9,399.0,399.0,373.3,373.3,374.8,375.89,65089,244.66,842, 44010, 67.62,-4.61
GENESYS, EQ, 08-Feb-2023,409.7,415.85,415.85,394.05, 403.25,403.25,404.36,10391,42.02,714, 7298, 70.23,-1.57
GENESYS, EQ, 08-Feb-2024,507.7,506.1,514.5,503.4, 510.20,510.15,510.38,66212,337.93,4009, 38619, 58.33,0.48
GENESYS, EQ, 08-Mar-2022,566.5,578.0,594.8,544.0, 546.25,555.3,574.28,122682,704.54,5808, 70707, 57.63,-1.98
GENESYS, EQ, 08-Mar-2023,429.3,424.9,427.35,407.6, 414.30,415.6,416.44,17606,73.32,553, 13270, 75.37,-3.19
GENESYS, EQ, 08-Apr-2020,26.6,28.95,28.95,25.5, 26.50,26.15,26.61,22387,5.96,177, 15620, 69.77,-1.69
GENESYS, EQ, 08-Apr-2024,716.15,738.9,738.9,694.05, 709.00,712.95,716.08,306174,2192.46,8918, 135678, 44.31,-0.45
GENESYS, EQ, 08-Apr-2025,550.05,570.0,601.15,570.0,599.9,595.65,587.97,417052,2452.16,30834, 112122, 26.88,8.29
GENESYS, EQ, 08-May-2020,32.15,31.65,32.8,31.65, 32.00,31.95,32.03,3410,1.09,35, 3129, 91.76,-0.62
GENESYS, EQ, 08-May-2023,339.2,342.45,344.0,318.1, 327.00,325.05,329.72,26671,87.94,1644, 13085, 49.06,-4.17
GENESYS, EQ, 08-May-2024,539.25,534.0,558.7,534.0,543.95,546.6,547.1,104089,569.47,9156, 39149, 37.61,1.36
GENESYS, EQ, 08-Jun-2020,32.7,34.5,35.9,33.25, 35.50,35.45,35.03,29038,10.17,315, 20349, 70.08,8.41
GENESYS, EQ, 08-Jun-2021,111.05,117.5,119.0,111.05, 112.30,114.45,113.93,56619,64.5,863, 41548, 73.38,3.06
GENESYS, EQ, 08-Jun-2023,343.7,345.65,348.3,330.5, 333.10,333.45,338.39,112041,379.14,3894, 66010, 58.92,-2.98
GENESYS, EQ, 08-Jul-2020,35.15,35.2,36.0,34.5,35.5,35.3,35.38,28359,10.03,244, 22334, 78.75,0.43
GENESYS, EQ, 08-Jul-2021,153.25,151.0,158.4,146.75, 155.00,153.15,154.93,33444,51.81,993, 18607, 55.64,-0.07
GENESYS, EQ, 08-Jul-2024,625.4,630.95,644.45,615.0,636.0,632.2,630.43,236123,1488.6,13950, 106544, 45.12,1.09
GENESYS, EQ, 08-Aug-2023,303.35,303.55,306.0,297.0, 302.00,300.5,301.87,27145,81.94,2031, 16155, 59.51,-0.94
GENESYS, EQ, 08-Aug-2024,650.15,646.0,656.0,637.1,638.05,640.25,645.45,149391,964.25,9787, 75307, 50.41,-1.52
GENESYS, EQ, 08-Sep-2021,144.5,141.25,143.5,138.05, 139.60,140.25,141.12,17429,24.6,322, 12765, 73.24,-2.94
GENESYS, EQ, 08-Sep-2023,384.4,389.85,398.0,381.9, 390.00,391.45,390.02,157970,616.11,8420, 68796, 43.55,1.83
GENESYS, EQ, 08-Oct-2021,264.8,278.0,278.0,278.0, 278.00,278.0,278.0,19174,53.3,87, 19174, 100.00,4.98
GENESYS, EQ, 08-Oct-2024,721.8,720.0,750.0,712.25,740.0,739.55,736.67,183246,1349.92,5044, 103945, 56.72,2.46
GENESYS, EQ, 08-Nov-2021,272.4,284.6,286.0,275.15, 286.00,286.0,285.6,224817,642.07,1543, 172038, 76.52,4.99
GENESYS, EQ, 08-Nov-2023,309.1,309.1,315.0,298.55, 303.00,305.8,304.12,97109,295.33,5446, 51432, 52.96,-1.07
GENESYS, EQ, 08-Nov-2024,834.5,834.9,839.0,789.0, 790.00,792.85,808.19,456142,3686.48,31915, 203750, 44.67,-4.99
GENESYS, EQ, 08-Dec-2020,56.7,58.4,58.4,55.5,56.5,56.8,56.07,6467,3.63,55, 5597, 86.55,0.18
GENESYS, EQ, 08-Dec-2021,347.3,364.0,364.65,345.25,364.65,364.65,361.93,275506,997.13,3265, 194058, 70.44,5.0
GENESYS, EQ, 08-Dec-2022,483.2,485.5,499.9,478.0, 483.30,483.95,488.45,12031,58.77,593, 6704, 55.72,0.16
GENESYS, EQ, 08-Dec-2023,418.75,418.1,438.8,406.2, 434.90,433.3,426.55,964737,4115.06,36515, 331147, 34.33,3.47
GENESYS, EQ, 09-Jan-2020,64.4,64.3,65.2,61.5, 62.20,63.4,62.94,22236,14.0,361, 16266, 73.15,-1.55
GENESYS, EQ, 09-Jan-2023,429.3,440.0,440.0,431.2,431.2,433.5,435.0,3473,15.11,296, 2388, 68.76,0.98
GENESYS, EQ, 09-Jan-2024,454.85,458.7,487.7,456.55,468.7,471.2,474.96,627844,2982.01,34549, 160727, 25.60,3.59
GENESYS, EQ, 09-Jan-2025,987.65,990.0,1048.0,981.15,1022.0,1028.5,1026.74,663094,6808.23,49269, 230049, 34.69,4.14
GENESYS, EQ, 09-Feb-2022,374.8,371.7,380.05,357.6, 369.50,366.0,369.03,52089,192.22,962, 37701, 72.38,-2.35
GENESYS, EQ, 09-Feb-2023,403.25,403.3,435.0,402.65, 431.00,424.35,422.24,31169,131.61,1276, 22270, 71.45,5.23
GENESYS, EQ, 09-Feb-2024,510.15,510.2,519.3,480.1, 493.00,496.6,496.11,127191,631.0,10830, 53529, 42.09,-2.66
GENESYS, EQ, 09-Mar-2020,50.05,49.0,49.85,44.0, 45.00,45.95,46.11,18151,8.37,403, 12274, 67.62,-8.19
GENESYS, EQ, 09-Mar-2022,555.3,555.3,569.7,529.1, 532.10,532.2,544.11,108854,592.29,3862, 57709, 53.02,-4.16
GENESYS, EQ, 09-Mar-2023,415.6,412.0,419.2,390.0, 405.00,403.65,406.78,23213,94.43,717, 18118, 78.05,-2.88
GENESYS, EQ, 09-Apr-2020,26.15,26.25,28.75,26.2, 28.05,28.25,27.86,21232,5.92,218, 15141, 71.31,8.03
GENESYS, EQ, 09-Apr-2024,712.95,712.95,722.0,675.0, 682.00,680.45,690.9,197162,1362.2,5871, 122371, 62.07,-4.56
GENESYS, EQ, 09-Apr-2025,595.65,590.0,601.0,574.05,581.0,581.35,586.06,215573,1263.39,21663, 71123, 32.99,-2.4
GENESYS, EQ, 09-May-2023,325.05,325.05,339.0,317.9,326.5,323.1,325.27,46032,149.73,1873, 27263, 59.23,-0.6
GENESYS, EQ, 09-May-2024,546.6,546.0,547.9,530.0,535.0,534.8,539.58,92826,500.87,12326, 51436, 55.41,-2.16
GENESYS, EQ, 09-Jun-2020,35.45,36.25,36.5,31.95, 33.80,33.8,34.5,25500,8.8,237, 20656, 81.00,-4.65
GENESYS, EQ, 09-Jun-2021,114.45,114.8,119.95,112.7,116.95,116.05,116.92,69790,81.6,876, 30030, 43.03,1.4
GENESYS, EQ, 09-Jun-2023,333.45,336.45,336.45,325.05, 329.00,327.95,328.99,58008,190.84,2720, 33468, 57.70,-1.65
GENESYS, EQ, 09-Jul-2020,35.3,35.55,35.55,33.55, 35.50,35.0,34.27,47544,16.29,398, 26362, 55.45,-0.85
GENESYS, EQ, 09-Jul-2021,153.15,155.7,155.7,146.75,149.8,147.95,149.9,29929,44.86,754, 19014, 63.53,-3.4
GENESYS, EQ, 09-Jul-2024,632.2,639.0,642.4,627.0,635.0,632.05,633.25,144626,915.85,8148, 76719, 53.05,-0.02
GENESYS, EQ, 09-Aug-2021,146.35,151.7,153.65,147.3, 153.65,152.85,151.3,59564,90.12,461, 37614, 63.15,4.44
GENESYS, EQ, 09-Aug-2023,300.5,295.0,304.0,295.0, 302.80,302.6,301.29,16757,50.49,1649, 10002, 59.69,0.7
GENESYS, EQ, 09-Aug-2024,640.25,640.5,697.45,640.5,684.5,683.85,679.51,358112,2433.42,21675, 116285, 32.47,6.81
GENESYS, EQ, 09-Sep-2021,140.25,140.25,147.1,139.15, 145.80,146.2,144.33,16608,23.97,277, 11767, 70.85,4.24
GENESYS, EQ, 09-Sep-2024,807.05,801.0,814.9,790.05,810.0,808.45,804.28,140101,1126.8,8172, 39180, 27.97,0.17
GENESYS, EQ, 09-Oct-2023,356.5,353.9,355.85,343.8, 351.00,350.65,348.52,47910,166.98,3463, 24972, 52.12,-1.64
GENESYS, EQ, 09-Oct-2024,739.55,742.0,835.0,740.55,795.5,794.7,792.59,492649,3904.68,15322, 225208, 45.71,7.46
GENESYS, EQ, 09-Nov-2021,286.0,293.8,293.8,271.7,271.7,271.9,276.38,113182,312.82,2728, 76638, 67.71,-4.93
GENESYS, EQ, 09-Nov-2022,512.45,506.0,523.95,506.0, 513.25,514.0,512.71,5087,26.08,283, 3916, 76.98,0.3
GENESYS, EQ, 09-Nov-2023,305.8,305.8,306.6,300.0, 304.35,304.6,303.35,39750,120.58,2474, 22193, 55.83,-0.39
GENESYS, EQ, 09-Dec-2020,56.8,56.5,58.9,54.3,58.9,57.65,56.67,10541,5.97,153, 7275, 69.02,1.5
GENESYS, EQ, 09-Dec-2021,364.65,373.0,380.0,362.45, 374.00,377.45,375.81,224545,843.86,6268, 147362, 65.63,3.51
GENESYS, EQ, 09-Dec-2022,483.95,491.0,492.9,452.0, 463.05,467.4,465.27,23576,109.69,673, 15529, 65.87,-3.42
GENESYS, EQ, 09-Dec-2024,960.55,961.0,995.0,961.0,990.0,984.9,984.19,343376,3379.46,19606, 139754, 40.70,2.54
GENESYS, EQ, 10-Jan-2020,63.4,64.0,65.5,63.9, 64.50,64.1,64.39,15678,10.1,177, 12838, 81.89,1.1
GENESYS, EQ, 10-Jan-2022,313.35,329.0,329.0,328.0,329.0,329.0,328.99,88921,292.55,437, 58719, 66.04,4.99
GENESYS, EQ, 10-Jan-2023,433.5,435.1,435.1,425.95,433.95,433.05,430.71,5050,21.75,596, 2491, 49.33,-0.1
GENESYS, EQ, 10-Jan-2024,471.2,473.0,497.4,464.2, 493.00,491.45,481.88,273037,1315.72,15437, 112499, 41.20,4.3
GENESYS, EQ, 10-Jan-2025,1028.5,1037.0,1037.0,973.0,1006.5,1003.7,999.1,374489,3741.53,29950, 119903, 32.02,-2.41
GENESYS, EQ, 10-Feb-2020,59.6,60.05,60.05,57.0, 59.50,58.35,58.13,11757,6.83,242, 5844, 49.71,-2.1
GENESYS, EQ, 10-Feb-2022,366.0,371.9,379.0,357.0,364.85,361.35,367.34,43982,161.56,1064, 33070, 75.19,-1.27
GENESYS, EQ, 10-Feb-2023,424.35,428.6,431.85,421.65, 425.00,425.3,426.13,7606,32.41,476, 5293, 69.59,0.22
GENESYS, EQ, 10-Feb-2025,861.8,862.0,863.85,824.65,840.5,840.9,840.52,124401,1045.62,12089, 50228, 40.38,-2.43
GENESYS, EQ, 10-Mar-2023,403.65,400.05,407.9,397.15, 405.00,404.85,404.34,12739,51.51,467, 9681, 75.99,0.3
GENESYS, EQ, 10-Mar-2025,742.95,748.8,751.0,701.1,705.5,705.5,721.44,273892,1975.96,19791, 106491, 38.88,-5.04
GENESYS, EQ, 10-Apr-2023,341.85,347.0,347.0,325.05, 329.00,329.75,333.82,9613,32.09,602, 6548, 68.12,-3.54
GENESYS, EQ, 10-Apr-2024,680.45,684.0,705.0,668.45, 689.00,686.85,687.81,154574,1063.18,4748, 82872, 53.61,0.94
GENESYS, EQ, 10-May-2021,96.2,93.1,96.0,92.15, 92.15,92.8,93.41,19395,18.12,346, 13008, 67.07,-3.53
GENESYS, EQ, 10-May-2023,323.1,323.1,330.4,318.1,327.0,327.85,326.71,16798,54.88,1113, 10370, 61.73,1.47
GENESYS, EQ, 10-May-2024,534.8,535.0,555.0,522.75,548.25,545.7,542.14,107344,581.96,12108, 42866, 39.93,2.04
GENESYS, EQ, 10-Jun-2020,33.8,36.0,36.0,32.1, 33.50,34.2,34.1,8268,2.82,125, 4983, 60.27,1.18
GENESYS, EQ, 10-Jun-2021,116.05,114.6,122.0,113.75, 118.05,118.8,118.43,32451,38.43,511, 18997, 58.54,2.37
GENESYS, EQ, 10-Jun-2024,499.35,501.0,514.9,499.0,500.0,502.05,506.72,118665,601.3,6625, 69120, 58.25,0.54
GENESYS, EQ, 10-Jul-2020,35.0,34.05,35.0,33.25,33.5,33.4,33.96,28633,9.72,303, 18481, 64.54,-4.57
GENESYS, EQ, 10-Jul-2023,287.9,288.55,299.0,286.0,298.15,295.4,292.41,50525,147.74,2307, 26947, 53.33,2.61
GENESYS, EQ, 10-Jul-2024,632.05,634.0,637.0,607.0,625.0,627.55,622.51,256041,1593.88,12284, 113116, 44.18,-0.71
GENESYS, EQ, 10-Aug-2020,36.0,35.95,37.8,34.55, 37.80,37.8,37.48,64852,24.3,261, 54438, 83.94,5.0
GENESYS, EQ, 10-Aug-2021,152.85,155.8,155.8,145.25, 145.25,145.25,148.1,15122,22.4,344, 13219, 87.42,-4.97
GENESYS, EQ, 10-Aug-2023,302.6,302.6,305.0,298.3, 305.00,303.2,301.92,27028,81.6,1519, 18482, 68.38,0.2
GENESYS, EQ, 10-Sep-2024,808.45,812.0,825.0,799.0,803.0,801.2,811.02,110599,896.98,6478, 45436, 41.08,-0.9
GENESYS, EQ, 10-Oct-2022,527.6,520.4,553.95,520.15, 553.95,553.4,543.51,43755,237.81,1288, 31073, 71.02,4.89
GENESYS, EQ, 10-Oct-2023,350.65,350.65,360.0,347.9, 353.00,353.8,354.59,21368,75.77,2006, 10829, 50.68,0.9
GENESYS, EQ, 10-Oct-2024,794.7,796.65,803.8,786.0,787.0,790.05,795.43,141242,1123.47,4347, 89578, 63.42,-0.59
GENESYS, EQ, 10-Nov-2020,49.0,51.4,51.45,47.4, 48.25,48.7,49.43,13295,6.57,143, 9867, 74.22,-0.61
GENESYS, EQ, 10-Nov-2021,271.9,269.9,285.45,266.0, 285.45,285.4,282.75,191654,541.9,2146, 113657, 59.30,4.97
GENESYS, EQ, 10-Nov-2022,514.0,513.3,525.0,509.5, 516.50,515.05,514.7,7005,36.05,195, 5054, 72.15,0.2
GENESYS, EQ, 10-Nov-2023,304.6,305.25,316.7,304.85,307.1,312.5,311.72,42995,134.02,2485, 23969, 55.75,2.59
GENESYS, EQ, 10-Dec-2020,57.65,58.0,58.0,55.45, 57.50,57.05,56.56,3289,1.86,95, 2274, 69.14,-1.04
GENESYS, EQ, 10-Dec-2021,377.45,378.0,378.0,358.6, 358.60,358.7,361.8,58589,211.98,1137, 44368, 75.73,-4.97
GENESYS, EQ, 10-Dec-2024,984.9,987.0,988.45,957.7,968.8,963.05,967.54,188791,1826.63,13082, 81799, 43.33,-2.22
GENESYS, EQ, 11-Jan-2021,78.55,81.7,82.0,74.65, 75.65,74.95,76.82,40982,31.48,481, 30737, 75.00,-4.58
GENESYS, EQ, 11-Jan-2022,329.0,345.45,345.45,344.0,345.45,345.45,345.43,38478,132.91,243, 37057, 96.31,5.0
GENESYS, EQ, 11-Jan-2023,433.05,434.35,437.9,423.0, 424.00,429.7,430.69,6641,28.6,493, 4002, 60.26,-0.77
GENESYS, EQ, 11-Jan-2024,491.45,499.0,508.0,486.85, 487.90,488.55,496.45,255688,1269.35,19654, 106716, 41.74,-0.59
GENESYS, EQ, 11-Feb-2020,58.35,59.05,59.05,56.0, 58.00,57.35,57.25,10849,6.21,219, 8599, 79.26,-1.71
GENESYS, EQ, 11-Feb-2022,361.35,361.0,367.95,346.0,348.0,349.5,355.27,32640,115.96,900, 25271, 77.42,-3.28
GENESYS, EQ, 11-Feb-2025,840.9,839.7,839.7,795.0,811.0,810.9,808.82,441561,3571.43,34152, 226818, 51.37,-3.57
GENESYS, EQ, 11-Mar-2020,45.95,46.2,47.9,45.0, 46.75,46.4,46.83,164237,76.91,536, 9409, 5.73,0.98
GENESYS, EQ, 11-Mar-2024,603.85,608.6,608.95,585.6, 594.00,595.05,593.57,171973,1020.78,8220, 77617, 45.13,-1.46
GENESYS, EQ, 11-Mar-2025,705.5,698.0,726.95,675.05,716.3,714.4,696.55,395315,2753.55,27961, 138782, 35.11,1.26
GENESYS, EQ, 11-Apr-2023,329.75,329.75,336.45,326.75, 334.00,333.7,330.89,8682,28.73,720, 4537, 52.26,1.2
GENESYS, EQ, 11-Apr-2025,581.35,609.9,636.8,602.0,631.3,631.05,615.97,494974,3048.87,31738, 128487, 25.96,8.55
GENESYS, EQ, 11-May-2020,31.95,30.85,31.9,30.4, 30.40,30.75,30.78,10692,3.29,91, 8226, 76.94,-3.76
GENESYS, EQ, 11-May-2021,92.8,92.8,97.4,91.65, 95.50,95.0,95.63,16562,15.84,274, 10185, 61.50,2.37
GENESYS, EQ, 11-May-2023,327.85,327.85,335.85,319.9, 323.00,322.7,325.05,9698,31.52,955, 5095, 52.54,-1.57
GENESYS, EQ, 11-Jun-2020,34.2,35.9,35.9,31.0, 32.60,33.2,32.93,15481,5.1,163, 9506, 61.40,-2.92
GENESYS, EQ, 11-Jun-2021,118.8,120.0,121.0,116.6, 118.05,118.45,118.83,21464,25.51,370, 14662, 68.31,-0.29
GENESYS, EQ, 11-Jun-2024,502.05,509.0,510.0,486.55,492.1,493.45,497.88,97408,484.97,5819, 54373, 55.82,-1.71
GENESYS, EQ, 11-Jul-2023,295.4,298.35,298.35,289.95, 293.20,295.8,294.32,22408,65.95,1479, 14298, 63.81,0.14
GENESYS, EQ, 11-Jul-2024,627.55,628.65,698.0,626.2,682.45,678.9,666.63,990310,6601.73,42916, 364953, 36.85,8.18
GENESYS, EQ, 11-Aug-2020,37.8,38.1,39.65,38.0,39.65,39.65,39.39,74373,29.3,181, 71467, 96.09,4.89
GENESYS, EQ, 11-Aug-2021,145.25,142.0,144.9,138.0, 144.85,142.15,139.33,30059,41.88,468, 22550, 75.02,-2.13
GENESYS, EQ, 11-Aug-2023,303.2,308.0,329.0,303.3, 303.60,306.0,313.92,148382,465.8,6017, 83093, 56.00,0.92
GENESYS, EQ, 11-Sep-2023,391.45,391.45,394.2,383.35, 385.00,387.75,387.88,65456,253.89,3697, 35970, 54.95,-0.95
GENESYS, EQ, 11-Sep-2024,801.2,803.0,813.65,775.0,780.0,776.85,790.92,202108,1598.51,10761, 96000, 47.50,-3.04
GENESYS, EQ, 11-Oct-2021,278.0,291.9,291.9,291.9, 291.90,291.9,291.9,84696,247.23,173, 84695, 100.00,5.0
GENESYS, EQ, 11-Oct-2022,553.4,573.9,581.05,557.0, 557.05,560.5,578.29,137225,793.56,1509, 91516, 66.69,1.28
GENESYS, EQ, 11-Oct-2023,353.8,353.0,356.95,342.1, 345.80,347.3,349.56,39412,137.77,1892, 29134, 73.92,-1.84
GENESYS, EQ, 11-Oct-2024,790.05,787.0,791.0,778.6,779.95,784.0,785.8,108379,851.65,3266, 59673, 55.06,-0.77
GENESYS, EQ, 11-Nov-2020,48.7,47.8,50.0,47.3, 48.00,48.65,48.07,8329,4.0,65, 5388, 64.69,-0.1
GENESYS, EQ, 11-Nov-2021,285.4,283.0,295.0,276.05, 280.00,279.7,283.13,53539,151.58,1978, 34156, 63.80,-2.0
GENESYS, EQ, 11-Nov-2022,515.05,515.0,523.8,510.05,515.0,516.3,517.82,10775,55.79,249, 5755, 53.41,0.24
GENESYS, EQ, 11-Nov-2024,792.85,792.85,792.85,757.55, 762.95,761.3,773.33,321113,2483.25,24455, 150089, 46.74,-3.98
GENESYS, EQ, 11-Dec-2020,57.05,57.7,57.8,55.1, 56.00,55.8,56.06,12206,6.84,274, 10154, 83.19,-2.19
GENESYS, EQ, 11-Dec-2023,433.3,440.0,456.35,435.55, 451.60,451.2,447.87,760313,3405.25,28522, 310769, 40.87,4.13
GENESYS, EQ, 11-Dec-2024,963.05,967.9,993.05,966.0,972.0,971.6,975.19,179282,1748.34,11711, 56499, 31.51,0.89
GENESYS, EQ, 12-Jan-2021,74.95,72.25,76.45,71.25, 73.00,73.25,73.01,31937,23.32,550, 24269, 75.99,-2.27
GENESYS, EQ, 12-Jan-2022,345.45,362.7,362.7,362.7,362.7,362.7,362.7,62196,225.58,237, 62155, 99.93,4.99
GENESYS, EQ, 12-Jan-2023,429.7,426.0,428.45,421.05, 425.50,424.7,424.86,2170,9.22,205, 1610, 74.19,-1.16
GENESYS, EQ, 12-Jan-2024,488.55,490.95,514.85,490.95,498.15,499.25,504.27,203496,1026.17,15614, 86622, 42.57,2.19
GENESYS, EQ, 12-Feb-2020,57.35,57.95,60.95,55.15, 56.25,57.6,58.06,14759,8.57,652, 7008, 47.48,0.44
GENESYS, EQ, 12-Feb-2024,496.6,504.75,504.75,443.1, 454.60,457.0,476.81,128281,611.66,9309, 59547, 46.42,-7.97
GENESYS, EQ, 12-Feb-2025,810.9,811.95,859.0,782.25,829.4,819.5,818.42,408136,3340.28,30874, 127350, 31.20,1.06
GENESYS, EQ, 12-Mar-2020,46.4,46.0,46.0,38.4, 43.75,43.1,41.4,60598,25.09,1488, 31684, 52.29,-7.11
GENESYS, EQ, 12-Mar-2024,595.05,595.05,602.25,556.05, 560.50,560.1,569.95,191148,1089.45,12562, 81293, 42.53,-5.87
GENESYS, EQ, 12-Mar-2025,714.4,715.0,722.5,685.25,697.0,690.25,695.75,213816,1487.62,16785, 90528, 42.34,-3.38
GENESYS, EQ, 12-Apr-2023,333.7,331.35,335.95,311.85, 328.00,326.45,322.88,24856,80.25,1337, 12575, 50.59,-2.17
GENESYS, EQ, 12-Apr-2024,686.85,683.95,696.5,661.0, 664.70,663.6,672.9,172141,1158.34,4303, 109451, 63.58,-3.39
GENESYS, EQ, 12-May-2020,30.75,29.45,30.7,29.25, 29.95,29.95,29.6,7118,2.11,89, 5337, 74.98,-2.6
GENESYS, EQ, 12-May-2021,95.0,93.1,99.75,93.1,99.75,99.75,98.96,27871,27.58,313, 22040, 79.08,5.0
GENESYS, EQ, 12-May-2023,322.7,322.7,326.3,316.0, 316.00,319.9,320.66,16679,53.48,663, 11011, 66.02,-0.87
GENESYS, EQ, 12-Jun-2020,33.2,31.3,35.35,31.25, 32.00,32.45,32.13,16124,5.18,208, 10605, 65.77,-2.26
GENESYS, EQ, 12-Jun-2023,327.95,332.0,332.95,317.0, 320.00,319.3,322.27,78328,252.42,3160, 47945, 61.21,-2.64
GENESYS, EQ, 12-Jun-2024,493.45,499.0,503.2,487.9,494.0,491.0,497.64,139906,696.22,7450, 87021, 62.20,-0.5
GENESYS, EQ, 12-Jul-2021,147.95,152.0,155.3,149.25, 155.30,155.3,154.29,34059,52.55,560, 25641, 75.28,4.97
GENESYS, EQ, 12-Jul-2023,295.8,298.55,298.95,290.8, 294.00,295.8,294.84,32414,95.57,1423, 20555, 63.41,0.0
GENESYS, EQ, 12-Jul-2024,678.9,700.0,708.7,671.1,678.5,676.15,690.83,348492,2407.47,18842, 137267, 39.39,-0.41
GENESYS, EQ, 12-Aug-2020,39.65,40.9,41.6,39.6,39.65,39.8,40.68,115699,47.07,605, 71302, 61.63,0.38
GENESYS, EQ, 12-Aug-2021,142.15,145.9,148.85,140.05, 146.65,145.1,143.19,15349,21.98,285, 7891, 51.41,2.08
GENESYS, EQ, 12-Aug-2024,683.85,676.2,708.0,669.0,697.45,700.7,692.79,241897,1675.83,19503, 93984, 38.85,2.46
GENESYS, EQ, 12-Sep-2023,387.75,390.8,390.8,336.7, 342.00,340.75,358.33,256702,919.85,10682, 118911, 46.32,-12.12
GENESYS, EQ, 12-Sep-2024,776.85,784.35,804.25,771.4,794.0,797.95,789.11,198927,1569.75,12268, 66030, 33.19,2.72
GENESYS, EQ, 12-Oct-2021,291.9,306.45,306.45,278.6, 306.45,306.45,301.45,1492630,4499.5,7160, 903076, 60.50,4.98
GENESYS, EQ, 12-Oct-2022,560.5,572.5,578.8,543.05, 550.10,551.75,561.22,40483,227.2,1462, 26825, 66.26,-1.56
GENESYS, EQ, 12-Oct-2023,347.3,341.2,352.95,341.2, 347.00,347.3,348.77,26209,91.41,2057, 13152, 50.18,0.0
GENESYS, EQ, 12-Nov-2020,48.65,49.0,50.0,46.55, 49.90,49.75,49.04,1268,0.62,33, 775, 61.12,2.26
GENESYS, EQ, 12-Nov-2021,279.7,282.0,286.5,267.25, 268.95,270.25,274.2,60197,165.06,2827, 30115, 50.03,-3.38
GENESYS, EQ, 12-Nov-2024,761.3,764.0,769.65,740.0,742.4,743.95,755.95,186379,1408.93,13781, 92348, 49.55,-2.28
GENESYS, EQ, 12-Dec-2022,467.4,467.4,495.0,464.2, 488.00,491.85,485.5,14889,72.29,508, 9347, 62.78,5.23
GENESYS, EQ, 12-Dec-2023,451.2,453.0,455.95,432.25, 433.00,435.35,440.38,333674,1469.43,16290, 163302, 48.94,-3.51
GENESYS, EQ, 12-Dec-2024,971.6,974.0,974.0,945.0,949.8,947.25,952.32,227808,2169.46,8143, 160619, 70.51,-2.51
GENESYS, EQ, 13-Jan-2020,64.1,64.1,66.05,63.6, 65.30,65.35,65.2,4251,2.77,213, 2541, 59.77,1.95
GENESYS, EQ, 13-Jan-2021,73.25,75.0,76.9,72.0, 76.90,76.7,75.95,20723,15.74,315, 11443, 55.22,4.71
GENESYS, EQ, 13-Jan-2022,362.7,380.8,380.8,348.7, 373.90,367.9,375.22,348777,1308.67,6345, 206121, 59.10,1.43
GENESYS, EQ, 13-Jan-2023,424.7,423.5,436.4,423.5,424.3,425.45,427.85,8158,34.9,385, 5692, 69.77,0.18
GENESYS, EQ, 13-Jan-2025,1003.7,995.0,1019.25,927.05,954.0,946.3,973.64,286723,2791.64,29225, 109377, 38.15,-5.72
GENESYS, EQ, 13-Feb-2020,57.6,57.45,60.9,56.55, 56.55,56.9,57.39,3768,2.16,138, 2241, 59.47,-1.22
GENESYS, EQ, 13-Feb-2023,425.3,431.4,460.0,411.05,442.05,457.1,447.16,39112,174.89,1588, 23048, 58.93,7.48
GENESYS, EQ, 13-Feb-2024,457.0,454.5,482.4,450.5, 473.00,475.65,465.83,102659,478.22,10218, 41285, 40.22,4.08
GENESYS, EQ, 13-Feb-2025,819.5,820.0,853.95,805.05,809.0,814.05,828.08,327646,2713.18,23205, 105435, 32.18,-0.67
GENESYS, EQ, 13-Mar-2020,43.1,40.5,45.0,34.5, 39.00,39.7,39.33,81568,32.08,353, 67711, 83.01,-7.89
GENESYS, EQ, 13-Mar-2023,404.85,414.0,420.0,386.65, 395.90,394.7,412.38,66021,272.26,879, 56976, 86.30,-2.51
GENESYS, EQ, 13-Mar-2024,560.1,560.0,569.3,513.9, 526.00,525.95,536.74,367683,1973.51,21819, 169460, 46.09,-6.1
GENESYS, EQ, 13-Mar-2025,690.25,694.25,714.95,680.5,697.7,703.5,697.44,278689,1943.68,16552, 129406, 46.43,1.92
GENESYS, EQ, 13-Apr-2020,28.25,30.5,31.05,29.0, 31.00,30.85,30.57,20477,6.26,266,16080,84.74,9.2
GENESYS, EQ, 13-Apr-2023,326.45,329.7,330.65,313.25, 320.00,316.0,319.77,24556,78.52,1460, 16243, 66.15,-3.2
GENESYS, EQ, 13-May-2020,29.95,29.95,30.8,29.5,30.55,30.55,30.26,5005,1.51,48, 4319, 86.29,2.0
GENESYS, EQ, 13-May-2024,545.7,550.0,550.0,527.95,533.5,535.7,537.18,89230,479.32,9832, 44330, 49.68,-1.83
GENESYS, EQ, 13-Jun-2023,319.3,322.0,323.85,315.5, 319.00,318.35,319.21,34818,111.14,2066, 20458, 58.76,-0.3
GENESYS, EQ, 13-Jun-2024,491.0,494.9,531.75,491.2,520.0,519.65,514.47,352480,1813.39,17069, 165098, 46.84,5.84
GENESYS, EQ, 13-Jul-2020,33.4,33.4,33.4,31.75, 31.75,31.75,31.95,28575,9.13,181, 21041, 73.63,-4.94
GENESYS, EQ, 13-Jul-2021,155.3,163.05,163.05,163.05, 163.05,163.05,163.05,23442,38.22,82, 23442, 100.00,4.99
GENESYS, EQ, 13-Jul-2023,295.8,289.0,335.0,289.0, 315.00,312.95,318.41,424845,1352.76,16450, 182057, 42.85,5.8
GENESYS, EQ, 13-Aug-2020,39.8,40.0,41.0,39.8, 40.95,40.7,40.58,23094,9.37,138, 19870, 86.04,2.26
GENESYS, EQ, 13-Aug-2021,145.1,144.0,149.9,137.85,140.5,139.05,140.3,43042,60.39,703, 26122, 60.69,-4.17
GENESYS, EQ, 13-Aug-2024,700.7,700.25,703.0,677.6,684.0,681.6,690.99,155750,1076.22,8862, 72075, 46.28,-2.73
GENESYS, EQ, 13-Sep-2021,146.2,149.5,149.5,144.55, 146.15,147.2,146.48,7977,11.68,144, 6307, 79.06,0.68
GENESYS, EQ, 13-Sep-2023,340.75,340.75,359.7,335.5, 347.00,348.7,347.05,88542,307.29,6061, 30080, 33.97,2.33
GENESYS, EQ, 13-Sep-2024,797.95,797.0,812.6,781.0,790.5,786.75,795.91,168620,1342.06,10338, 61998, 36.77,-1.4
GENESYS, EQ, 13-Oct-2021,306.45,313.0,313.9,291.15,291.15,291.15,298.08,221486,660.21,2901, 161705, 73.01,-4.99
GENESYS, EQ, 13-Oct-2022,551.75,558.55,559.9,537.0,548.4,548.2,548.75,9512,52.2,528, 6064, 63.75,-0.64
GENESYS, EQ, 13-Oct-2023,347.3,346.0,368.0,341.9, 359.30,358.6,360.24,110978,399.79,5831, 52732, 47.52,3.25
GENESYS, EQ, 13-Nov-2020,49.75,49.5,49.5,47.3,47.3,47.5,47.62,5705,2.72,81, 4725, 82.82,-4.52
GENESYS, EQ, 13-Nov-2023,318.15,319.4,319.65,313.05, 317.90,316.6,316.88,33103,104.9,4847, 10685, 32.28,-0.49
GENESYS, EQ, 13-Nov-2024,743.95,741.0,742.4,702.05,716.0,707.75,719.46,395187,2843.2,24676, 200036, 50.62,-4.87
GENESYS, EQ, 13-Dec-2021,358.7,356.7,359.0,340.8,340.8,340.8,343.69,69936,240.36,1472, 49511, 70.79,-4.99
GENESYS, EQ, 13-Dec-2022,491.85,491.85,500.0,467.5, 472.60,470.55,479.35,21577,103.43,1078, 11563, 53.59,-4.33
GENESYS, EQ, 13-Dec-2023,435.35,435.0,437.15,416.55, 427.25,428.35,426.76,156685,668.67,3407, 104104, 66.44,-1.61
GENESYS, EQ, 13-Dec-2024,947.25,942.0,951.0,929.3,932.7,932.8,937.53,192964,1809.09,12521, 85473, 44.29,-1.53
GENESYS, EQ, 14-Jan-2020,65.35,64.5,67.0,64.0, 65.00,65.0,65.6,14082,9.24,372, 9548, 67.80,-0.54
GENESYS, EQ, 14-Jan-2022,367.9,372.0,386.25,368.85, 386.25,386.25,384.27,222728,855.88,2528, 147502, 66.23,4.99
GENESYS, EQ, 14-Jan-2025,946.3,953.2,989.45,943.6,975.0,971.5,970.01,185432,1798.71,17818, 60393, 32.57,2.66
GENESYS, EQ, 14-Feb-2020,56.9,57.05,57.85,55.7, 57.10,56.55,56.5,4559,2.58,330, 1895, 41.57,-0.62
GENESYS, EQ, 14-Feb-2022,349.5,341.0,366.95,332.05,348.0,346.8,361.26,273311,987.35,2470, 211528, 77.39,-0.77
GENESYS, EQ, 14-Feb-2023,457.1,456.9,471.0,440.1,463.0,463.5,461.72,39934,184.38,1575, 23805, 59.61,1.4
GENESYS, EQ, 14-Feb-2024,475.65,468.1,485.5,463.75, 476.60,478.6,473.53,60515,286.56,6417, 30099, 49.74,0.62
GENESYS, EQ, 14-Feb-2025,814.05,812.95,827.0,751.95,756.0,773.75,782.01,611386,4781.09,41156, 262351, 42.91,-4.95
GENESYS, EQ, 14-Mar-2023,394.7,395.0,408.45,395.0, 400.00,399.2,398.62,88170,351.46,942, 77181, 87.54,1.14
GENESYS, EQ, 14-Mar-2024,525.95,530.95,600.0,515.05, 593.90,596.8,578.88,864270,5003.12,35818, 358376, 41.47,13.47
GENESYS, EQ, 14-May-2020,30.55,29.85,30.7,29.05,29.95,29.95,29.41,11401,3.35,81, 7381, 64.74,-1.96
GENESYS, EQ, 14-May-2021,99.75,104.0,104.45,98.75, 99.95,100.05,101.03,21166,21.38,372, 14435, 68.20,0.3
GENESYS, EQ, 14-May-2024,535.7,535.0,552.0,535.0,548.75,544.05,544.93,67121,365.76,5477, 26193, 39.02,1.56
GENESYS, EQ, 14-Jun-2021,118.45,118.8,118.8,109.0, 110.20,111.65,112.59,31812,35.82,582, 22162, 69.67,-5.74
GENESYS, EQ, 14-Jun-2023,318.35,320.4,324.55,317.05, 317.75,318.8,320.35,17219,55.16,1390, 9699, 56.33,0.14
GENESYS, EQ, 14-Jun-2024,519.65,522.75,525.45,511.0,515.0,514.05,515.24,89693,462.13,4456, 50924, 56.78,-1.08
GENESYS, EQ, 14-Jul-2020,31.75,31.75,31.75,30.2,30.2,30.2,30.24,18823,5.69,189, 15266, 81.10,-4.88
GENESYS, EQ, 14-Jul-2021,163.05,171.2,171.2,171.2, 171.20,171.2,171.2,23372,40.01,90, 23372, 100.00,5.0
GENESYS, EQ, 14-Jul-2023,312.95,315.0,333.4,314.6,319.0,319.3,323.57,177300,573.7,7948, 70880, 39.98,2.03
GENESYS, EQ, 14-Aug-2020,40.7,39.5,40.5,39.5, 39.90,39.85,39.83,47669,18.99,236, 41576, 87.22,-2.09
GENESYS, EQ, 14-Aug-2023,306.0,306.0,309.9,278.7, 280.00,282.95,289.14,171020,494.49,4854, 129547, 75.75,-7.53
GENESYS, EQ, 14-Aug-2024,681.6,679.0,685.25,657.2,664.0,664.05,670.95,111623,748.94,8394, 51982, 46.57,-2.57
GENESYS, EQ, 14-Sep-2021,147.2,146.45,148.9,143.3, 147.00,146.6,146.27,16018,23.43,336, 8334, 52.03,-0.41
GENESYS, EQ, 14-Sep-2023,348.7,350.0,373.55,349.0, 361.65,366.85,361.23,161502,583.4,7109, 84957, 52.60,5.21
GENESYS, EQ, 14-Oct-2021,291.15,276.6,305.7,276.6,293.85,293.95,289.07,463897,1341.0,8242, 279926, 60.34,0.96
GENESYS, EQ, 14-Oct-2022,548.2,572.35,575.6,541.0, 550.00,552.8,561.35,18239,102.38,670, 10539, 57.78,0.84
GENESYS, EQ, 14-Oct-2024,784.0,790.0,798.85,777.0,785.0,784.2,787.46,168815,1329.35,4716, 98677, 58.45,0.03
GENESYS, EQ, 14-Nov-2022,516.3,534.9,534.9,493.5,494.1,497.3,507.39,20036,101.66,665, 14722, 73.48,-3.68
GENESYS, EQ, 14-Nov-2024,707.75,716.3,748.9,708.05, 737.00,737.8,731.94,294744,2157.33,20742, 121909, 41.36,4.25
GENESYS, EQ, 14-Dec-2020,55.8,58.5,58.55,55.1,58.55,58.15,57.07,15889,9.07,208, 12968, 81.62,4.21
GENESYS, EQ, 14-Dec-2021,340.8,329.0,357.8,328.6,357.0,357.6,349.14,137964,481.68,3700, 57181, 41.45,4.93
GENESYS, EQ, 14-Dec-2022,470.55,475.0,479.7,466.05, 470.05,472.45,470.82,11526,54.27,450, 8489, 73.65,0.4
GENESYS, EQ, 14-Dec-2023,428.35,432.0,444.0,422.35, 428.00,427.3,435.31,282818,1231.14,3618, 142147, 50.26,-0.25
GENESYS, EQ, 15-Jan-2020,65.0,64.05,66.9,63.2, 66.50,66.55,65.85,11056,7.28,230, 8044, 72.76,2.38
GENESYS, EQ, 15-Jan-2024,499.25,504.2,514.9,492.05, 497.25,495.3,500.8,146554,733.94,12022, 59347, 40.49,-0.79
GENESYS, EQ, 15-Jan-2025,971.5,975.0,991.8,955.1,965.0,965.15,971.59,165245,1605.5,14077, 63805, 38.61,-0.65
GENESYS, EQ, 15-Feb-2022,346.8,364.1,364.1,364.1,364.1,364.1,364.1,18290,66.59,143, 17671, 96.62,4.99
GENESYS, EQ, 15-Feb-2023,463.5,465.5,472.8,435.0, 438.50,439.65,446.55,18532,82.75,997, 12912, 69.67,-5.15
GENESYS, EQ, 15-Feb-2024,478.6,529.9,539.55,505.45, 510.00,511.55,521.65,851084,4439.66,43636, 371563, 43.66,6.88
GENESYS, EQ, 15-Mar-2023,399.2,403.95,405.0,388.0, 388.00,390.1,396.7,56857,225.55,935, 50829, 89.40,-2.28
GENESYS, EQ, 15-Mar-2024,596.8,593.0,600.0,576.1, 581.20,588.05,587.73,269732,1585.29,16749, 113312, 42.01,-1.47
GENESYS, EQ, 15-Apr-2020,30.85,31.5,33.9,31.5, 33.90,33.6,33.57,13084,4.39,201, 8531, 65.20,8.91
GENESYS, EQ, 15-Apr-2024,663.6,641.0,663.1,620.1, 643.00,641.25,645.17,179000,1154.86,5533, 102923, 57.50,-3.37
GENESYS, EQ, 15-Apr-2025,631.05,648.0,687.7,637.0,673.75,674.45,666.5,473684,3157.1,34366, 179435, 37.88,6.88
GENESYS, EQ, 15-May-2020,29.95,29.0,30.8,29.0,30.8,30.65,30.08,3060,0.92,23, 2156, 70.46,2.34
GENESYS, EQ, 15-May-2023,319.9,322.5,324.0,313.9, 316.00,316.0,318.51,15643,49.82,731, 11495, 73.48,-1.22
GENESYS, EQ, 15-May-2024,544.05,542.05,549.6,540.0,543.95,543.35,545.27,42708,232.87,3687, 20485, 47.97,-0.13
GENESYS, EQ, 15-Jun-2020,32.45,33.0,33.4,32.3,32.5,32.65,32.65,5775,1.89,95, 4371, 75.69,0.62
GENESYS, EQ, 15-Jun-2021,111.65,112.05,116.0,111.0, 112.10,112.15,112.4,24623,27.68,382, 18254, 74.13,0.45
GENESYS, EQ, 15-Jun-2023,318.8,322.0,332.45,320.1, 321.30,324.55,326.87,59539,194.62,2816, 32472, 54.54,1.8
GENESYS, EQ, 15-Jul-2020,30.2,30.85,31.7,29.2,30.9,30.9,31.0,25697,7.96,349, 19422, 75.58,2.32
GENESYS, EQ, 15-Jul-2021,171.2,179.75,179.75,179.75, 179.75,179.75,179.75,18530,33.31,94, 18530, 100.00,4.99
GENESYS, EQ, 15-Jul-2024,676.15,679.0,692.0,658.35,679.0,681.4,677.32,232057,1571.76,11792, 114313, 49.26,0.78
GENESYS, EQ, 15-Sep-2021,146.6,148.5,150.0,144.05, 150.00,145.65,146.13,16310,23.83,224, 13594, 83.35,-0.65
GENESYS, EQ, 15-Sep-2023,366.85,363.0,364.95,350.0, 358.95,356.25,359.55,63975,230.02,3083, 35175, 54.98,-2.89
GENESYS, EQ, 15-Oct-2024,784.2,787.0,789.0,770.0,775.0,773.95,777.97,126049,980.62,3652, 76493, 60.69,-1.31
GENESYS, EQ, 15-Nov-2021,270.25,270.0,270.0,257.0, 263.35,259.4,261.06,34929,91.19,1403, 18598, 53.25,-4.01
GENESYS, EQ, 15-Nov-2022,497.3,500.0,522.15,500.0, 518.20,517.25,517.15,27297,141.17,617, 19454, 71.27,4.01
GENESYS, EQ, 15-Nov-2023,316.6,321.05,321.05,315.35, 317.50,316.45,317.22,18494,58.67,1223, 12296, 66.49,-0.05
GENESYS, EQ, 15-Dec-2020,58.15,60.0,60.0,55.7,57.05,57.15,57.99,9419,5.46,119, 6776, 71.94,-1.72
GENESYS, EQ, 15-Dec-2021,357.6,365.0,375.45,361.0, 373.30,373.5,374.04,212928,796.44,1662, 118218, 55.52,4.45
GENESYS, EQ, 15-Dec-2022,472.45,477.15,478.95,470.0, 470.00,471.7,473.95,5207,24.68,241, 3557, 68.31,-0.16
GENESYS, EQ, 15-Dec-2023,427.3,428.5,434.6,418.5, 421.00,420.35,425.6,144123,613.39,2450, 94704, 65.71,-1.63
GENESYS, EQ, 16-Jan-2020,66.55,66.1,75.5,65.25, 70.10,70.6,72.41,185009,133.96,3338, 56608, 30.60,6.09
GENESYS, EQ, 16-Jan-2023,425.45,426.0,436.45,424.5, 425.50,425.5,428.64,6435,27.58,329, 4408, 68.50,0.01
GENESYS, EQ, 16-Jan-2024,495.3,495.0,506.0,488.25, 496.25,496.4,497.0,228229,1134.31,13130, 86488, 37.90,0.22
GENESYS, EQ, 16-Jan-2025,965.15,974.0,1004.25,941.5,965.0,965.15,966.21,221680,2141.89,18359, 81408, 36.72,0.0
GENESYS, EQ, 16-Feb-2022,364.1,382.3,382.3,382.3,382.3,382.3,382.3,3923,15.0,63, 3923, 100.00,5.0
GENESYS, EQ, 16-Feb-2023,439.65,446.3,449.3,418.6, 420.00,423.7,431.06,15557,67.06,918, 8885, 57.11,-3.63
GENESYS, EQ, 16-Feb-2024,511.55,515.4,525.4,492.9,502.1,502.1,504.02,135515,683.03,10105, 71570, 52.81,-1.85
GENESYS, EQ, 16-Mar-2020,39.7,39.0,43.3,36.1, 38.85,38.35,40.72,27130,11.05,538, 11692, 43.10,-3.4
GENESYS, EQ, 16-Mar-2023,390.1,390.0,394.9,379.25, 387.75,384.25,385.3,60842,234.43,947, 55202, 90.73,-1.5
GENESYS, EQ, 16-Apr-2020,33.6,35.0,35.25,34.0, 34.05,34.1,34.71,9236,3.21,172, 8250, 89.32,1.49
GENESYS, EQ, 16-Apr-2024,641.25,632.25,658.0,625.0, 656.60,646.7,640.41,201931,1293.18,4810, 114822, 56.86,0.85
GENESYS, EQ, 16-Apr-2025,674.45,673.05,683.65,666.15,673.0,673.5,674.56,155223,1047.07,14696, 54763, 35.28,-0.14
GENESYS, EQ, 16-May-2023,316.0,324.0,325.35,312.6,319.0,317.8,320.15,13423,42.97,655, 7632, 56.86,0.57
GENESYS, EQ, 16-May-2024,543.35,547.5,559.0,544.5,545.15,548.7,550.38,50759,279.37,4435, 23481, 46.26,0.98
GENESYS, EQ, 16-Jun-2020,32.65,31.05,33.45,30.5, 31.00,30.9,31.55,13287,4.19,141, 9869, 74.28,-5.36
GENESYS, EQ, 16-Jun-2021,112.15,111.2,114.35,111.0, 111.50,111.95,112.5,6819,7.67,191, 4779, 70.08,-0.18
GENESYS, EQ, 16-Jun-2023,324.55,327.0,333.0,317.65, 325.00,322.5,323.02,29742,96.07,1912, 17563, 59.05,-0.63
GENESYS, EQ, 16-Jul-2020,30.9,32.0,32.4,30.95, 32.40,32.3,31.96,24707,7.9,295, 16295, 65.95,4.53
GENESYS, EQ, 16-Jul-2021,179.75,188.7,188.7,170.8, 172.90,174.6,182.2,301319,548.99,3212, 149142, 49.50,-2.87
GENESYS, EQ, 16-Jul-2024,681.4,684.2,697.4,674.6,681.0,679.05,684.95,146752,1005.18,8324, 79301, 54.04,-0.34
GENESYS, EQ, 16-Aug-2021,139.05,139.0,144.8,132.1,133.5,133.35,133.98,69298,92.84,782, 56418, 81.41,-4.1
GENESYS, EQ, 16-Aug-2023,282.95,275.0,289.0,266.0, 269.40,267.95,272.86,161649,441.08,8820, 96493, 59.69,-5.3
GENESYS, EQ, 16-Aug-2024,664.05,670.0,720.95,654.05,708.9,711.75,683.8,721174,4931.41,37087, 250804, 34.78,7.18
GENESYS, EQ, 16-Sep-2021,145.65,145.0,148.0,143.9,147.65,146.55,146.09,16301,23.81,306, 9968, 61.15,0.62
GENESYS, EQ, 16-Sep-2024,786.75,793.7,800.6,786.8,796.1,794.4,794.34,108223,859.66,5625, 50072, 46.27,0.97
GENESYS, EQ, 16-Oct-2023,358.6,364.0,369.65,349.85, 350.45,352.25,358.49,78386,281.01,4190, 34414, 43.90,-1.77
GENESYS, EQ, 16-Oct-2024,773.95,773.5,780.4,760.0,774.0,773.95,769.93,108603,836.17,4059, 55778, 51.36,0.0
GENESYS, EQ, 16-Nov-2021,259.4,261.05,272.35,254.0, 264.90,264.75,264.97,101937,270.1,2466, 53723, 52.70,2.06
GENESYS, EQ, 16-Nov-2022,517.25,517.0,543.1,517.0, 541.05,539.0,535.88,52577,281.75,918, 36377, 69.19,4.2
GENESYS, EQ, 16-Nov-2023,316.45,318.3,322.0,313.0, 313.00,314.3,317.75,37713,119.83,3822, 19466, 51.62,-0.68
GENESYS, EQ, 16-Dec-2020,57.15,57.3,59.65,55.2, 57.05,57.5,57.01,19204,10.95,320, 11957, 62.26,0.61
GENESYS, EQ, 16-Dec-2021,373.5,380.0,386.8,354.85, 354.85,354.85,361.77,110712,400.52,2359, 73179, 66.10,-4.99
GENESYS, EQ, 16-Dec-2022,471.7,478.8,478.8,466.25, 470.00,470.35,469.57,4336,20.36,190, 2963, 68.33,-0.29
GENESYS, EQ, 16-Dec-2024,932.8,934.0,950.0,901.6,905.0,903.1,916.44,259473,2377.91,12999, 149437, 57.59,-3.18
GENESYS, EQ, 17-Jan-2020,70.6,71.9,77.55,71.05, 72.10,71.8,75.06,207225,155.55,3089, 56340, 27.19,1.7
GENESYS, EQ, 17-Jan-2022,386.25,405.55,405.55,405.55,405.55,405.55,405.55,84725,343.6,203, 84725, 100.00,5.0
GENESYS, EQ, 17-Jan-2023,425.5,430.05,432.4,425.3,429.8,429.05,429.43,2587,11.11,167, 1932, 74.68,0.83
GENESYS, EQ, 17-Jan-2024,496.4,493.1,522.9,490.2, 498.00,497.05,506.36,241104,1220.87,15777, 92497, 38.36,0.13
GENESYS, EQ, 17-Jan-2025,965.15,966.0,1026.8,956.55,998.0,997.4,1000.84,392363,3926.91,31489, 120038, 30.59,3.34
GENESYS, EQ, 17-Feb-2020,56.55,55.35,56.8,53.65, 54.10,54.35,55.02,6478,3.56,260, 3039, 46.91,-3.89
GENESYS, EQ, 17-Feb-2022,382.3,401.4,401.4,391.4,401.4,401.4,401.25,103432,415.02,277, 69789, 67.47,5.0
GENESYS, EQ, 17-Feb-2023,423.7,424.0,437.0,402.1, 409.45,408.25,420.5,15432,64.89,893, 9245, 59.91,-3.65
GENESYS, EQ, 17-Feb-2025,773.75,794.95,812.95,664.5,717.95,727.6,719.08,1513199,10881.15,102545, 484060, 31.99,-5.96
GENESYS, EQ, 17-Mar-2020,38.35,38.85,39.2,35.2, 35.55,36.75,38.06,17012,6.48,245, 14438, 84.87,-4.17
GENESYS, EQ, 17-Mar-2023,384.25,376.7,392.45,376.7, 385.20,381.95,383.69,20755,79.63,1231, 11985, 57.75,-0.6
GENESYS, EQ, 17-Mar-2025,703.5,705.2,708.05,675.0,681.0,681.75,687.85,192092,1321.31,11855, 94668, 49.28,-3.09
GENESYS, EQ, 17-Apr-2020,34.1,35.5,35.8,33.95, 35.80,35.6,35.53,24014,8.53,229, 19433, 80.92,4.4
GENESYS, EQ, 17-Apr-2023,316.0,320.75,321.9,306.0, 307.00,308.9,313.87,20004,62.79,1249, 11820, 59.09,-2.25
GENESYS, EQ, 17-Apr-2025,673.5,672.85,704.0,663.25,704.0,700.9,688.3,194196,1336.65,12696, 73521, 37.86,4.07
GENESYS, EQ, 17-May-2021,100.05,103.0,105.0,99.85,101.25,102.15,103.12,26792,27.63,322, 20457, 76.35,2.1
GENESYS, EQ, 17-May-2023,317.8,318.2,359.5,310.5, 345.00,344.45,332.86,241741,804.65,4322, 165953, 68.65,8.39
GENESYS, EQ, 17-May-2024,548.7,551.75,576.0,551.75,558.0,559.6,565.55,158512,896.47,13098, 83376, 52.60,1.99
GENESYS, EQ, 17-Jun-2020,30.9,30.8,32.5,29.1,31.55,31.75,30.84,12921,3.98,144, 6747, 52.22,2.75
GENESYS, EQ, 17-Jun-2021,111.95,110.45,112.8,106.5, 107.10,107.35,108.85,18523,20.16,442, 12406, 66.98,-4.11
GENESYS, EQ, 17-Jul-2020,32.3,33.9,33.9,33.4, 33.90,33.9,33.76,11499,3.88,78, 9213, 80.12,4.95
GENESYS, EQ, 17-Jul-2023,319.3,323.45,330.95,321.8,325.0,324.0,324.95,77106,250.56,2749, 51532, 66.83,1.47
GENESYS, EQ, 16-Jul-2024,681.4,684.2,697.4,674.6,681.0,679.05,684.95,146752,1005.18,8324, 79301, 54.04,-0.34
GENESYS, EQ, 17-Aug-2020,39.85,39.5,41.8,39.45, 41.45,41.2,40.88,19808,8.1,274, 15863, 80.08,3.39
GENESYS, EQ, 17-Aug-2021,133.35,133.35,140.0,133.1,133.55,133.8,136.89,16435,22.5,215, 10378, 63.15,0.34
GENESYS, EQ, 17-Aug-2023,267.95,271.35,291.05,268.25, 280.20,281.45,282.13,137798,388.76,7922, 50651, 36.76,5.04
GENESYS, EQ, 17-Sep-2021,146.55,149.95,149.95,139.25, 141.00,140.2,142.48,32958,46.96,396, 25574, 77.60,-4.33
GENESYS, EQ, 17-Sep-2024,794.4,800.85,840.0,787.0,788.0,795.35,816.06,427588,3489.36,17745, 131114, 30.66,0.12
GENESYS, EQ, 17-Oct-2022,552.8,564.45,565.0,545.25,549.95,552.1,559.8,18078,101.2,480, 13235, 73.21,-0.13
GENESYS, EQ, 17-Oct-2023,352.25,352.25,362.2,343.8,347.5,347.1,350.74,57499,201.67,3913, 28100, 48.87,-1.46
GENESYS, EQ, 17-Oct-2024,773.95,777.8,779.0,752.25,753.5,755.75,763.04,96470,736.11,3693, 55684, 57.72,-2.35
GENESYS, EQ, 17-Nov-2020,49.0,51.0,51.0,47.05, 47.90,47.8,48.14,5452,2.62,268, 2587, 47.45,-2.45
GENESYS, EQ, 17-Nov-2021,264.75,269.0,277.95,256.1, 277.95,277.95,271.53,171292,465.11,2334, 119654, 69.85,4.99
GENESYS, EQ, 17-Nov-2022,539.0,549.95,564.5,516.65, 560.15,560.8,551.09,88763,489.16,1479, 65694, 74.01,4.04
GENESYS, EQ, 17-Nov-2023,314.3,314.5,318.75,304.6, 311.95,312.5,312.93,61689,193.05,2956, 30840, 49.99,-0.57
GENESYS, EQ, 17-Dec-2020,57.5,57.5,58.05,55.1, 55.50,55.8,56.58,8431,4.77,89, 7049, 83.61,-2.96
GENESYS, EQ, 17-Dec-2021,354.85,349.65,351.05,337.15, 337.15,337.15,339.07,45036,152.7,845, 34516, 76.64,-4.99
GENESYS, EQ, 17-Dec-2024,903.1,906.0,990.0,906.0,965.75,964.15,960.84,901524,8662.22,44531, 298604, 33.12,6.76
GENESYS, EQ, 18-Jan-2022,405.55,425.8,425.8,425.8, 425.80,425.8,425.8,32732,139.37,214, 32732, 100.00,4.99
GENESYS, EQ, 18-Jan-2023,429.05,429.05,469.0,424.05,462.0,458.45,446.45,10718,47.85,518, 6230, 58.13,6.85
GENESYS, EQ, 18-Jan-2024,497.05,497.05,509.0,483.65, 505.00,502.0,499.98,228400,1141.94,14286, 96538, 42.27,1.0
GENESYS, EQ, 18-Feb-2020,54.35,53.1,54.7,52.5, 54.00,53.4,53.36,6647,3.55,189, 4701, 70.72,-1.75
GENESYS, EQ, 18-Feb-2022,401.4,402.8,421.45,399.0,421.45,419.35,407.68,194856,794.38,4840, 126677, 65.01,4.47
GENESYS, EQ, 18-Feb-2025,727.6,724.05,724.05,657.6,672.8,682.2,681.44,650348,4431.73,47704, 252393, 38.81,-6.24
GENESYS, EQ, 18-Mar-2020,36.75,36.9,43.4,35.0, 35.00,35.4,38.22,20056,7.67,352, 11801, 58.84,-3.67
GENESYS, EQ, 18-Mar-2024,588.05,596.5,596.5,576.0, 576.00,581.0,584.59,78355,458.06,4725, 31696, 40.45,-1.2
GENESYS, EQ, 18-Mar-2025,681.75,677.0,710.0,677.0,703.65,705.35,697.45,233326,1627.33,15488, 103021, 44.15,3.46
GENESYS, EQ, 18-Apr-2023,308.9,309.45,320.0,305.05, 310.45,306.7,313.89,16360,51.35,1023, 10530, 64.36,-0.71
GENESYS, EQ, 18-Apr-2024,646.7,655.0,665.75,609.55, 613.00,613.7,632.25,340219,2151.03,19628, 187957, 55.25,-5.1
GENESYS, EQ, 18-May-2020,30.65,29.55,30.5,29.15, 29.15,29.15,29.36,4111,1.21,43, 4110, 99.98,-4.89
GENESYS, EQ, 18-May-2021,102.15,100.25,106.35,100.25, 101.25,101.95,103.74,9972,10.35,252, 6223, 62.40,-0.2
GENESYS, EQ, 18-May-2023,344.45,349.7,369.0,341.65, 346.50,346.5,356.93,85327,304.56,3607, 41518, 48.66,0.6
GENESYS, EQ, 18-Jun-2020,31.75,31.15,33.6,31.05,32.55,33.4,32.62,14879,4.85,256, 10358, 69.61,5.2
GENESYS, EQ, 18-Jun-2021,107.35,109.9,116.05,105.0, 116.00,114.5,112.17,36726,41.2,696, 19782, 53.86,6.66
GENESYS, EQ, 18-Jun-2024,514.05,523.5,559.7,519.8,558.0,551.4,544.31,581325,3164.22,21106, 319880, 55.03,7.27
GENESYS, EQ, 18-Jul-2023,324.0,324.0,326.3,315.0, 319.35,318.75,319.92,28838,92.26,1640, 17467, 60.57,-1.62
GENESYS, EQ, 18-Jul-2024,679.05,675.0,683.0,626.95,640.9,641.25,648.01,478212,3098.86,23290, 256764, 53.69,-5.57
GENESYS, EQ, 18-Aug-2020,41.2,42.4,43.25,42.0,43.25,43.25,43.12,32750,14.12,160, 30745, 93.88,4.98
GENESYS, EQ, 18-Aug-2021,133.8,139.0,140.45,134.05, 138.10,138.05,139.78,60487,84.55,486, 46895, 77.53,3.18
GENESYS, EQ, 18-Aug-2023,281.45,284.9,292.95,280.95, 288.50,289.65,288.37,75505,217.73,7514, 33395, 44.23,2.91
GENESYS, EQ, 18-Sep-2023,356.25,359.45,382.0,354.35, 372.00,369.45,373.54,221070,825.78,12471, 57640, 26.07,3.71
GENESYS, EQ, 18-Sep-2024,795.35,791.8,804.2,775.8,778.0,780.85,787.86,179236,1412.12,9468, 88199, 49.21,-1.82
GENESYS, EQ, 18-Oct-2021,293.95,294.0,298.85,279.3, 279.30,279.35,281.33,67392,189.59,1547, 50200, 74.49,-4.97
GENESYS, EQ, 18-Oct-2022,552.1,555.05,555.05,526.05,537.15,541.8,539.18,21324,114.98,737, 10844, 50.85,-1.87
GENESYS, EQ, 18-Oct-2023,347.1,349.35,351.25,340.6, 343.40,343.45,345.19,29873,103.12,2318, 17397, 58.24,-1.05
GENESYS, EQ, 18-Oct-2024,755.75,752.5,752.5,724.8,731.9,728.6,733.46,230297,1689.14,6039, 133144, 57.81,-3.59
GENESYS, EQ, 18-Nov-2020,47.8,49.3,49.3,45.45, 46.00,46.05,46.1,11630,5.36,331, 8182, 70.35,-3.66
GENESYS, EQ, 18-Nov-2021,277.95,280.0,291.8,266.55,273.25,276.7,279.57,139243,389.28,3767, 87673, 62.96,-0.45
GENESYS, EQ, 18-Nov-2022,560.8,564.9,564.9,532.8, 536.00,533.15,540.28,19567,105.72,995, 12624, 64.52,-4.93
GENESYS, EQ, 18-Nov-2024,737.8,739.95,747.7,716.95,737.0,739.65,732.38,235940,1727.97,17547, 98075, 41.57,0.25
GENESYS, EQ, 18-Dec-2020,55.8,57.8,57.8,54.0, 55.85,55.9,56.06,5856,3.28,93, 4966, 84.80,0.18
GENESYS, EQ, 18-Dec-2023,420.35,421.0,453.4,417.0, 438.80,438.1,438.93,535860,2352.02,6775, 191196, 35.68,4.22
GENESYS, EQ, 18-Dec-2024,964.15,965.0,969.9,920.55,929.4,929.05,939.82,262414,2466.21,15018, 125420, 47.79,-3.64
GENESYS, EQ, 19-Jan-2022,425.8,447.05,447.05,447.05, 447.05,447.05,447.05,41072,183.61,211, 41072, 100.00,4.99
GENESYS, EQ, 19-Jan-2023,458.45,460.1,478.8,458.45, 470.00,469.9,468.06,13532,63.34,606, 8856, 65.44,2.5
GENESYS, EQ, 19-Jan-2024,502.0,508.1,520.55,503.95, 511.00,511.15,513.16,133034,682.68,8916, 60328, 45.35,1.82
GENESYS, EQ, 19-Feb-2020,53.4,53.0,62.8,53.0, 60.90,61.15,59.25,27272,16.16,613, 17510, 64.21,14.51
GENESYS, EQ, 19-Feb-2024,502.1,513.6,529.75,504.05, 505.10,506.2,517.23,229896,1189.1,14271, 116677, 50.75,0.82
GENESYS, EQ, 19-Feb-2025,682.2,672.75,728.0,666.6,714.0,717.75,712.09,362637,2582.32,26686, 101606, 28.02,5.21
GENESYS, EQ, 19-Mar-2020,35.4,35.0,36.3,30.2, 33.20,34.7,33.34,16244,5.42,243, 10496, 64.61,-1.98
GENESYS, EQ, 19-Mar-2024,581.0,581.6,594.0,562.55, 564.90,567.3,576.83,129620,747.69,6858, 52464, 40.48,-2.36
GENESYS, EQ, 19-Mar-2025,705.35,706.9,736.75,700.1,732.0,730.55,719.91,313892,2259.75,18834, 141792, 45.17,3.57
GENESYS, EQ, 19-Apr-2023,306.7,308.6,319.9,307.0, 314.00,311.0,312.07,13641,42.57,792, 7944, 58.24,1.4
GENESYS, EQ, 19-Apr-2024,613.7,597.05,623.4,591.75, 610.00,606.7,610.83,199712,1219.89,14344, 79340, 39.73,-1.14
GENESYS, EQ, 19-May-2020,29.15,27.7,29.5,27.7,27.8,27.95,27.77,9853,2.74,47, 9151, 92.88,-4.12
GENESYS, EQ, 19-May-2021,101.95,102.05,103.65,100.05, 100.50,100.8,101.06,5491,5.55,131, 3748, 68.26,-1.13
GENESYS, EQ, 19-May-2023,346.5,346.5,355.0,336.0,349.75,349.0,347.15,33331,115.71,1539, 19593, 58.78,0.72
GENESYS, EQ, 19-Jun-2020,33.4,33.0,36.5,33.0, 34.90,34.9,35.3,36062,12.73,317, 26681, 73.99,4.49
GENESYS, EQ, 19-Jun-2023,322.5,322.5,329.55,318.45, 319.00,319.2,322.27,33192,106.97,1784, 22208, 66.91,-1.02
GENESYS, EQ, 19-Jun-2024,551.4,558.95,582.75,537.55,570.0,569.95,564.07,370914,2092.22,15736, 191436, 51.61,3.36
GENESYS, EQ, 19-Jul-2021,174.6,167.0,171.95,165.9, 165.90,165.9,166.88,19666,32.82,387, 16439, 83.59,-4.98
GENESYS, EQ, 19-Jul-2023,318.75,320.75,325.85,311.0, 315.85,314.95,316.93,38556,122.19,2241, 21889, 56.77,-1.19
GENESYS, EQ, 19-Jul-2024,641.25,641.25,645.3,613.25,616.5,616.25,622.97,222687,1387.28,14099, 111205, 49.94,-3.9
GENESYS, EQ, 19-Aug-2020,43.25,44.5,45.4,43.2,45.4,45.4,45.09,28551,12.87,154, 25879, 90.64,4.97
GENESYS, EQ, 18-Aug-2021,133.8,139.0,140.45,134.05, 138.10,138.05,139.78,60487,84.55,486, 46895, 77.53,3.18
GENESYS, EQ, 19-Aug-2024,711.75,711.75,714.95,695.5,703.0,700.25,703.05,254295,1787.82,15854, 109468, 43.05,-1.62
GENESYS, EQ, 19-Sep-2024,780.85,784.7,789.65,739.9,760.0,758.95,757.96,360151,2729.8,20642, 132921, 36.91,-2.8
GENESYS, EQ, 19-Oct-2021,279.35,270.25,278.8,265.4,265.4,265.8,266.48,133058,354.58,1366, 89601, 67.34,-4.85
GENESYS, EQ, 19-Oct-2022,541.8,547.4,566.9,540.15, 557.00,557.65,556.07,14535,80.82,555, 6187, 42.57,2.93
GENESYS, EQ, 19-Oct-2023,343.45,343.05,351.45,337.15,346.0,342.55,344.39,27974,96.34,2411, 11934, 42.66,-0.26
GENESYS, EQ, 19-Nov-2020,46.05,45.95,48.25,45.05, 45.15,45.6,46.24,7219,3.34,217, 5528, 76.58,-0.98
GENESYS, EQ, 19-Nov-2024,739.65,746.0,773.0,745.2,745.2,750.25,759.63,227136,1725.39,20914, 116817, 51.43,1.43
GENESYS, EQ, 19-Dec-2022,470.35,470.0,474.9,460.5,462.05,462.8,464.81,11493,53.42,265, 9541, 83.02,-1.61
GENESYS, EQ, 19-Dec-2023,438.1,440.0,442.95,428.25, 436.95,438.65,436.7,140065,611.66,2854, 81243, 58.00,0.13
GENESYS, EQ, 19-Dec-2024,929.05,910.0,953.15,908.8,941.5,940.3,938.87,463270,4349.52,21167, 225066, 48.58,1.21
GENESYS, EQ, 20-Jan-2020,71.8,72.0,72.0,65.85, 68.20,69.1,68.85,45292,31.18,1031, 18660, 41.20,-3.76
GENESYS, EQ, 20-Jan-2022,447.05,469.4,469.4,424.7, 424.70,428.95,457.79,527881,2416.59,9617, 317248, 60.10,-4.05
GENESYS, EQ, 20-Jan-2023,469.9,480.45,480.45,464.85,465.5,469.2,474.92,5720,27.17,327, 3911, 68.37,-0.15
GENESYS, EQ, 20-Jan-2025,997.4,1000.9,1055.0,985.0,1030.0,1029.7,1030.76,405099,4175.59,32908, 159230, 39.31,3.24
GENESYS, EQ, 20-Feb-2020,61.15,59.8,65.0,59.0, 60.50,60.0,62.08,34640,21.5,690, 20326, 58.68,-1.88
GENESYS, EQ, 20-Feb-2023,408.25,410.3,424.3,410.0, 410.00,412.3,414.66,4594,19.05,311, 2739, 59.62,0.99
GENESYS, EQ, 20-Feb-2024,506.2,509.45,517.0,491.15, 495.30,496.65,505.18,259508,1310.99,12519, 96949, 37.36,-1.89
GENESYS, EQ, 20-Feb-2025,717.75,715.05,739.9,706.3,718.2,720.25,723.48,196232,1419.71,16045, 63147, 32.18,0.35
GENESYS, EQ, 20-Mar-2020,34.7,34.7,39.0,33.1, 34.75,35.25,35.46,8974,3.18,210, 5261, 58.62,1.59
GENESYS, EQ, 20-Mar-2023,381.95,379.05,388.25,371.6,373.4,374.8,379.2,29840,113.15,730, 24228, 81.19,-1.87
GENESYS, EQ, 20-Mar-2024,567.3,565.05,569.3,550.05, 552.00,554.45,560.37,208968,1171.0,8236, 125002, 59.82,-2.27
GENESYS, EQ, 20-Mar-2025,730.55,736.9,748.0,723.05,732.0,733.65,733.72,302043,2216.15,22861, 106699, 35.33,0.42
GENESYS, EQ, 20-Apr-2020,35.6,37.2,37.2,34.5, 35.50,35.65,35.61,7445,2.65,115, 5132, 68.93,0.14
GENESYS, EQ, 20-Apr-2023,311.0,311.0,316.25,299.3, 300.00,300.8,305.4,17241,52.65,874, 13410, 77.78,-3.28
GENESYS, EQ, 20-May-2020,27.95,26.65,27.9,26.6, 27.05,27.05,26.87,7684,2.06,45, 6419, 83.54,-3.22
GENESYS, EQ, 20-May-2021,100.8,102.05,102.7,99.9, 100.75,100.15,100.95,6096,6.15,178, 3561, 58.42,-0.64
GENESYS, EQ, 18-May-2024,559.6,566.9,586.0,558.05,585.7,584.95,579.77,61267,355.21,1359, 41402, 67.58,4.53
GENESYS, EQ, 20-Jun-2023,319.2,319.2,327.5,319.15, 320.30,321.75,322.99,17655,57.02,1599, 9783, 55.41,0.8
GENESYS, EQ, 20-Jun-2024,569.95,570.0,608.8,562.1,602.0,599.8,592.17,432213,2559.44,18038, 244002, 56.45,5.24
GENESYS, EQ, 20-Jul-2020,33.9,35.5,35.5,32.25, 32.25,32.25,33.53,28052,9.41,289, 21335, 76.06,-4.87
GENESYS, EQ, 20-Jul-2021,165.9,159.2,162.9,157.65, 157.65,157.65,158.2,14340,22.69,358, 9289, 64.78,-4.97
GENESYS, EQ, 20-Jul-2023,314.95,313.75,321.35,306.3,313.0,312.55,313.15,52279,163.71,4601, 27136, 51.91,-0.76
GENESYS, EQ, 20-Aug-2020,45.4,46.4,47.65,45.1,47.65,47.65,47.34,29338,13.89,196, 25550, 87.09,4.96
GENESYS, EQ, 20-Aug-2021,138.05,138.1,138.1,131.15,131.15,131.35,133.22,23159,30.85,289, 17949, 77.50,-4.85
GENESYS, EQ, 20-Aug-2024,700.25,710.6,757.0,696.55,734.0,733.35,728.19,1496081,10894.37,63741, 560740, 37.48,4.73
GENESYS, EQ, 20-Sep-2021,140.2,144.55,144.55,136.15, 141.00,140.7,142.01,11204,15.91,389, 5180, 46.23,0.36
GENESYS, EQ, 20-Sep-2023,369.45,368.95,377.95,360.0, 368.00,366.85,369.79,88742,328.16,5208, 31539, 35.54,-0.7
GENESYS, EQ, 20-Sep-2024,758.95,764.0,783.3,755.25,780.0,777.35,772.24,170515,1316.79,8654, 81660, 47.89,2.42
GENESYS, EQ, 20-Oct-2021,265.8,264.9,264.9,252.55, 252.55,252.55,254.54,119325,303.73,1747, 83929, 70.34,-4.98
GENESYS, EQ, 20-Oct-2022,557.65,547.25,565.8,547.25,558.4,556.1,557.42,10213,56.93,568, 7580, 74.22,-0.28
GENESYS, EQ, 20-Oct-2023,342.55,342.3,355.9,341.15, 346.70,347.35,348.11,34601,120.45,3293, 15850, 45.81,1.4
GENESYS, EQ, 20-Nov-2020,45.6,45.6,47.0,43.8,44.0,44.15,44.56,9895,4.41,184, 8687, 87.79,-3.18
GENESYS, EQ, 20-Nov-2023,312.5,312.0,315.95,305.05, 313.00,309.25,310.34,20696,64.23,2088, 13248, 64.01,-1.04
GENESYS, EQ, 19-Nov-2024,739.65,746.0,773.0,745.2,745.2,750.25,759.63,227136,1725.39,20914, 116817, 51.43,1.43
GENESYS, EQ, 20-Dec-2021,337.15,322.1,327.7,320.3,320.3,320.3,320.69,21399,68.62,257, 17247, 80.60,-5.0
GENESYS, EQ, 20-Dec-2022,462.8,452.0,474.95,452.0,474.9,467.4,463.89,4758,22.07,380, 2954, 62.08,0.99
GENESYS, EQ, 20-Dec-2023,438.65,435.0,444.25,403.1, 417.00,410.3,420.55,205490,864.19,3782, 118618, 57.72,-6.46
GENESYS, EQ, 20-Dec-2024,940.3,945.0,945.0,909.9,917.15,913.4,923.95,202581,1871.75,14606, 100416, 49.57,-2.86
GENESYS, EQ, 21-Jan-2020,69.1,67.0,68.15,64.25, 66.45,65.4,66.35,18247,12.11,620, 9504, 52.09,-5.35
GENESYS, EQ, 21-Jan-2022,428.95,408.05,450.0,407.55, 438.00,433.75,434.37,238120,1034.32,6392, 112054, 47.06,1.12
GENESYS, EQ, 21-Jan-2025,1029.7,1030.05,1035.9,982.05,1000.0,999.4,1000.46,230787,2308.94,19182, 91674, 39.72,-2.94
GENESYS, EQ, 21-Feb-2022,419.35,426.0,440.3,405.0, 440.30,440.3,425.26,91230,387.96,1792, 62470, 68.48,5.0
GENESYS, EQ, 21-Feb-2023,412.3,410.0,419.95,402.2, 408.05,410.75,409.88,15747,64.54,588, 11165, 70.90,-0.38
GENESYS, EQ, 21-Feb-2024,496.65,501.7,531.0,483.8, 517.50,518.65,514.51,542386,2790.65,25168, 249363, 45.98,4.43
GENESYS, EQ, 21-Feb-2025,720.25,720.0,737.1,706.05,730.0,727.55,722.27,228990,1653.92,16776, 91820, 40.10,1.01
GENESYS, EQ, 21-Mar-2023,374.8,380.4,380.4,358.35, 360.80,361.85,367.65,29426,108.18,1438, 19507, 66.29,-3.46
GENESYS, EQ, 21-Mar-2024,554.45,559.5,577.4,551.0,559.6,554.2,564.33,127186,717.75,7969, 66761, 52.49,-0.05
GENESYS, EQ, 21-Mar-2025,733.65,733.0,772.35,728.45,771.45,769.8,759.03,281922,2139.87,22480, 137116, 48.64,4.93
GENESYS, EQ, 21-Apr-2020,35.65,35.35,35.95,33.9,33.9,33.9,34.23,5626,1.93,109, 4447, 79.04,-4.91
GENESYS, EQ, 21-Apr-2023,300.8,312.0,312.2,296.45, 299.10,298.65,300.3,12385,37.19,963, 7533, 60.82,-0.71
GENESYS, EQ, 21-Apr-2025,700.9,709.7,722.05,697.2,697.6,701.0,705.85,195498,1379.91,15917, 75562, 38.65,0.01
GENESYS, EQ, 21-May-2020,27.05,27.0,27.0,25.7,26.7,25.85,25.83,13600,3.51,98, 8512, 62.59,-4.44
GENESYS, EQ, 21-May-2021,100.15,100.6,101.0,97.55, 98.00,98.65,99.19,22442,22.26,260, 17674, 78.75,-1.5
GENESYS, EQ, 21-May-2024,584.95,584.5,584.5,545.0,551.5,548.95,559.03,135068,755.07,10304, 69280, 51.29,-6.15
GENESYS, EQ, 21-Jun-2021,114.5,111.55,116.0,111.15, 112.00,111.95,113.19,10129,11.46,249, 6800, 67.13,-2.23
GENESYS, EQ, 21-Jun-2023,321.75,320.3,326.5,314.0, 318.50,316.1,319.81,31575,100.98,1699, 18357, 58.14,-1.76
GENESYS, EQ, 21-Jun-2024,599.8,600.0,618.0,583.95,609.0,611.75,604.07,257071,1552.88,13107, 131775, 51.26,1.99
GENESYS, EQ, 21-Jul-2020,32.25,31.0,32.55,30.8, 31.95,32.05,31.95,13838,4.42,235, 9108, 65.82,-0.62
GENESYS, EQ, 21-Jul-2023,312.55,312.0,313.4,305.5, 309.50,308.5,308.75,27358,84.47,2149, 14436, 52.77,-1.3
GENESYS, EQ, 21-Aug-2020,47.65,50.0,50.0,49.0, 50.00,50.0,49.87,30509,15.22,178, 27870, 91.35,4.93
GENESYS, EQ, 21-Aug-2023,289.65,283.25,299.0,283.25, 292.00,292.45,292.66,46970,137.46,3213, 26948, 57.37,0.97
GENESYS, EQ, 21-Aug-2024,733.35,739.8,753.3,728.1,742.0,743.4,741.3,332156,2462.28,18191, 125342, 37.74,1.37
GENESYS, EQ, 21-Sep-2021,140.7,145.75,147.7,139.1, 147.70,147.7,146.05,43478,63.5,389, 34218, 78.70,4.98
GENESYS, EQ, 21-Sep-2023,366.85,368.0,368.95,346.95, 359.95,356.35,358.16,84459,302.5,5736, 41382, 49.00,-2.86
GENESYS, EQ, 21-Oct-2021,252.55,249.85,265.15,246.1, 265.15,265.15,263.59,90801,239.34,1047, 61258, 67.46,4.99
GENESYS, EQ, 21-Oct-2022,556.1,550.0,564.3,532.65,532.65,536.85,546.07,42321,231.1,1278, 29388, 69.44,-3.46
GENESYS, EQ, 21-Oct-2024,728.6,729.0,738.85,710.0, 710.85,716.7,725.21,182496,1323.48,5129, 88287, 48.38,-1.63
GENESYS, EQ, 21-Nov-2022,533.15,533.0,533.0,508.05, 509.00,510.25,515.26,8401,43.29,540, 5557, 66.15,-4.3
GENESYS, EQ, 21-Nov-2023,309.25,310.9,314.35,304.4, 310.25,309.15,309.19,29428,90.99,3394, 13276, 45.11,-0.03
GENESYS, EQ, 21-Nov-2024,750.25,747.0,749.95,724.35,738.95,736.55,736.7,231198,1703.25,14000, 126784, 54.84,-1.83
GENESYS, EQ, 21-Dec-2020,55.9,58.45,58.45,53.15, 53.20,53.2,55.71,48418,26.97,273, 33245, 68.66,-4.83
GENESYS, EQ, 21-Dec-2021,320.3,317.05,336.3,304.3,308.5,307.0,311.99,127671,398.31,1650, 95092, 74.48,-4.15
GENESYS, EQ, 21-Dec-2022,467.4,456.0,477.95,435.7, 445.95,444.4,454.3,11503,52.26,468, 9229, 80.23,-4.92
GENESYS, EQ, 21-Dec-2023,410.3,410.15,419.7,407.6, 415.75,415.4,414.97,130817,542.85,1819, 60392, 46.17,1.24
GENESYS, EQ, 22-Jan-2020,65.4,65.75,67.85,63.0, 63.55,64.85,64.85,19732,12.8,425, 12686, 64.29,-0.84
GENESYS, EQ, 20-Jan-2024,511.15,514.4,517.95,484.0, 489.40,488.15,499.35,313475,1565.34,15027, 124565, 39.74,-4.5
GENESYS, EQ, 22-Jan-2025,999.4,996.0,1005.0,905.15,938.7,930.9,934.91,376313,3518.18,29249, 154642, 41.09,-6.85
GENESYS, EQ, 22-Feb-2022,440.3,438.95,462.3,418.3,462.3,462.3,445.06,203536,905.85,3689, 100160, 49.21,5.0
GENESYS, EQ, 22-Feb-2023,410.75,405.05,409.6,383.05, 383.05,388.4,393.39,23118,90.94,1137, 14446, 62.49,-5.44
GENESYS, EQ, 22-Feb-2024,518.65,518.95,520.05,500.0, 501.55,504.2,507.24,205401,1041.87,11641, 124966, 60.84,-2.79
GENESYS, EQ, 22-Mar-2023,361.85,366.7,375.0,366.7, 373.00,373.7,373.21,28836,107.62,1333, 21653, 75.09,3.27
GENESYS, EQ, 22-Mar-2024,554.2,556.95,570.95,551.55,556.0,564.65,562.16,248141,1394.96,7573, 186942, 75.34,1.89
GENESYS, EQ, 22-Apr-2020,33.9,32.55,35.55,32.5,35.55,35.5,34.2,6406,2.19,92, 4748, 74.12,4.72
GENESYS, EQ, 22-Apr-2024,606.7,609.0,643.0,609.0,638.0,637.95,631.23,182360,1151.12,11657, 76382, 41.89,5.15
GENESYS, EQ, 22-Apr-2025,701.0,702.9,709.35,686.5,701.0,700.9,700.63,145778,1021.37,12152, 53588, 36.76,-0.01
GENESYS, EQ, 22-May-2020,25.85,25.8,27.1,25.5,26.8,26.6,26.11,12447,3.25,177, 8576, 68.90,2.9
GENESYS, EQ, 22-May-2023,349.0,350.0,370.0,342.9,357.0,353.1,360.31,112530,405.46,3415, 66188, 58.82,1.17
GENESYS, EQ, 22-May-2024,548.95,548.8,551.95,534.0,536.0,535.45,538.56,80047,431.1,5182, 47488, 59.33,-2.46
GENESYS, EQ, 22-Jun-2020,34.9,35.95,36.0,33.4, 33.40,33.8,34.54,39495,13.64,398, 27674, 70.07,-3.15
GENESYS, EQ, 22-Jun-2021,111.95,112.3,121.9,108.2, 119.00,119.35,118.11,144059,170.14,1927, 77324, 53.68,6.61
GENESYS, EQ, 22-Jun-2023,316.1,322.95,324.1,313.5,315.45,314.65,317.95,37652,119.72,1674, 20615, 54.75,-0.46
GENESYS, EQ, 22-Jul-2020,32.05,32.0,32.95,30.6, 30.60,30.8,31.13,14920,4.64,200, 10485, 70.27,-3.9
GENESYS, EQ, 22-Jul-2021,157.65,156.0,165.5,152.1, 162.25,162.85,163.8,80214,131.39,1809, 52504, 65.45,3.3
GENESYS, EQ, 22-Jul-2024,616.25,614.7,655.0,606.7,635.0,635.95,639.68,253246,1619.96,14096, 119430, 47.16,3.2
GENESYS, EQ, 22-Aug-2023,292.45,292.45,301.95,291.1, 296.00,298.05,296.8,54766,162.55,3553, 27733, 50.64,1.91
GENESYS, EQ, 22-Aug-2024,743.4,760.0,777.0,731.15,740.05,743.6,750.16,751858,5640.13,24368, 276872, 36.83,0.03
GENESYS, EQ, 22-Sep-2021,147.7,155.05,155.05,155.05, 155.05,155.05,155.05,10033,15.56,87, 10033, 100.00,4.98
GENESYS, EQ, 22-Sep-2023,356.35,357.0,365.9,351.5, 359.75,360.35,360.35,62938,226.8,7698, 17691, 28.11,1.12
GENESYS, EQ, 22-Oct-2021,265.15,274.0,278.4,252.0, 256.85,253.8,271.74,106919,290.54,1718, 71142, 66.54,-4.28
GENESYS, EQ, 22-Oct-2024,716.7,711.1,715.65,683.0,685.9,688.25,696.5,221343,1541.65,6521, 119615, 54.04,-3.97
GENESYS, EQ, 22-Nov-2021,276.7,280.3,283.3,262.9,263.0,262.9,266.52,56102,149.52,1541, 34649, 61.76,-4.99
GENESYS, EQ, 22-Nov-2022,510.25,508.2,523.85,491.1, 510.00,509.15,501.88,14810,74.33,777, 10491, 70.84,-0.22
GENESYS, EQ, 22-Nov-2023,309.15,320.0,370.95,320.0, 359.25,361.45,363.55,2610426,9490.23,27726, 629300, 24.11,16.92
GENESYS, EQ, 22-Nov-2024,736.55,767.0,774.65,748.15,765.0,756.7,759.54,428407,3253.91,24856, 255087, 59.54,2.74
GENESYS, EQ, 22-Dec-2020,53.2,51.0,53.0,50.55, 52.00,51.95,51.43,15372,7.91,239, 12527, 81.49,-2.35
GENESYS, EQ, 22-Dec-2021,307.0,307.0,314.0,292.6, 299.00,298.6,303.03,97589,295.72,5420, 54045, 55.38,-2.74
GENESYS, EQ, 22-Dec-2022,444.4,446.25,450.0,425.0, 450.00,441.5,433.16,18072,78.28,658, 12685, 70.19,-0.65
GENESYS, EQ, 22-Dec-2023,415.4,420.0,421.95,412.0, 418.35,417.1,417.44,72465,302.5,1484, 37764, 52.11,0.41
GENESYS, EQ, 23-Jan-2020,64.85,64.0,65.8,62.95, 64.25,64.85,64.41,10489,6.76,271, 5520, 52.63,0.0
GENESYS, EQ, 23-Jan-2023,469.2,474.1,474.1,442.65,443.0,449.75,457.53,2860,13.09,258, 1585, 55.42,-4.15
GENESYS, EQ, 23-Jan-2024,488.15,492.1,506.9,452.85, 466.90,465.05,475.26,324314,1541.35,19809, 147783, 45.57,-4.73
GENESYS, EQ, 23-Jan-2025,930.9,931.0,974.0,915.0,934.0,937.2,943.61,300017,2831.0,22453, 105377, 35.12,0.68
GENESYS, EQ, 23-Feb-2022,462.3,482.0,485.4,460.05,485.4,485.4,476.5,203823,971.21,8130, 108783, 53.37,5.0
GENESYS, EQ, 23-Feb-2023,388.4,395.0,402.7,387.0,387.1,389.35,394.69,11769,46.45,803, 6430, 54.64,0.24
GENESYS, EQ, 23-Feb-2024,504.2,504.25,531.0,504.25, 528.00,528.7,518.34,364249,1888.06,16819, 235921, 64.77,4.86
GENESYS, EQ, 23-Mar-2020,35.25,30.0,33.95,28.2, 30.45,30.25,29.41,33530,9.86,401, 25460, 75.93,-14.18
GENESYS, EQ, 23-Mar-2023,373.7,379.3,379.6,361.45, 365.00,363.9,367.94,21814,80.26,812, 16698, 76.55,-2.62
GENESYS, EQ, 23-Apr-2020,35.5,34.3,36.75,33.8,34.5,34.55,34.95,7086,2.48,174, 4071, 57.45,-2.68
GENESYS, EQ, 23-Apr-2024,637.95,637.55,654.7,619.9,639.25,635.6,636.79,260728,1660.3,15280, 119201, 45.72,-0.37
GENESYS, EQ, 23-Apr-2025,700.9,704.0,724.1,698.4,705.0,702.9,707.85,174573,1235.71,14142, 64385, 36.88,0.29
GENESYS, EQ, 23-May-2023,353.1,358.4,359.15,339.45, 347.90,344.7,347.42,27492,95.51,1552, 16321, 59.37,-2.38
GENESYS, EQ, 23-May-2024,535.45,540.05,551.0,522.85,532.0,536.7,542.17,40098,217.4,3525, 21714, 54.15,0.23
GENESYS, EQ, 23-Jun-2020,33.8,34.35,35.1,32.85, 35.00,34.7,34.33,34673,11.9,203, 18664, 53.83,2.66
GENESYS, EQ, 23-Jun-2021,119.35,121.0,122.0,115.1, 117.50,116.9,119.25,30142,35.94,545, 20967, 69.56,-2.05
GENESYS, EQ, 23-Jun-2023,314.65,313.0,328.5,313.0, 318.35,320.3,320.48,49201,157.68,2578, 29579, 60.12,1.8
GENESYS, EQ, 23-Jul-2020,30.8,30.8,31.3,30.0, 31.15,31.0,30.7,6637,2.04,216, 4238, 63.85,0.65
GENESYS, EQ, 23-Jul-2021,162.85,162.8,169.9,159.0,161.2,162.25,163.47,35379,57.83,1272, 17982, 50.83,-0.37
GENESYS, EQ, 23-Jul-2024,635.95,635.95,721.0,625.0,701.3,705.45,679.15,1527392,10373.33,65325, 513059, 33.59,10.93
GENESYS, EQ, 23-Aug-2021,131.35,134.95,134.95,124.8, 129.90,129.05,126.31,51918,65.58,499, 38130, 73.44,-1.75
GENESYS, EQ, 23-Aug-2023,298.05,299.95,301.45,293.15, 295.70,295.2,297.73,52978,157.73,4681, 26582, 50.18,-0.96
GENESYS, EQ, 23-Aug-2024,743.6,741.65,747.0,710.85,714.9,718.45,727.79,346768,2523.73,15255, 185265, 53.43,-3.38
GENESYS, EQ, 23-Sep-2021,155.05,162.8,162.8,162.8, 162.80,162.8,162.8,14227,23.16,86, 14227, 100.00,5.0
GENESYS, EQ, 23-Sep-2024,777.35,784.0,803.0,762.1,775.0,780.15,783.35,219161,1716.8,12784, 84933, 38.75,0.36
GENESYS, EQ, 23-Oct-2023,347.35,347.5,352.0,320.7, 324.20,323.8,335.1,68180,228.47,4485, 38702, 56.76,-6.78
GENESYS, EQ, 23-Oct-2024,688.25,709.0,785.5,699.0,708.8,707.9,729.06,757855,5525.21,22258, 353901, 46.70,2.86
GENESYS, EQ, 23-Nov-2020,44.15,46.0,46.0,43.0, 43.00,43.5,43.99,47644,20.96,459, 35330, 74.15,-1.47
GENESYS, EQ, 23-Nov-2021,262.9,252.1,276.0,251.2,276.0,276.0,269.77,103708,279.77,2558, 50405, 48.60,4.98
GENESYS, EQ, 23-Nov-2022,509.15,519.35,519.35,483.7,492.8,492.65,489.45,27758,135.86,1062, 19238, 69.31,-3.24
GENESYS, EQ, 23-Nov-2023,361.45,364.95,384.4,353.0, 357.85,358.3,367.07,1927628,7075.82,57664, 583132, 30.25,-0.87
GENESYS, EQ, 23-Dec-2020,51.95,52.95,54.5,50.2,52.5,52.95,53.44,33817,18.07,383, 21621, 63.94,1.92
GENESYS, EQ, 23-Dec-2021,298.6,301.9,313.0,299.3, 304.80,304.4,307.62,69947,215.17,3215, 42048, 60.11,1.94
GENESYS, EQ, 23-Dec-2022,441.5,432.55,440.0,410.0, 415.00,414.35,421.53,17061,71.92,616, 11262, 66.01,-6.15
GENESYS, EQ, 23-Dec-2024,913.4,924.75,925.4,902.55,916.5,915.7,912.98,234555,2141.45,17950, 103197, 44.00,0.25
GENESYS, EQ, 24-Jan-2020,64.85,64.7,65.2,63.45,64.6,64.95,64.66,8492,5.49,173, 4376, 51.53,0.15
GENESYS, EQ, 24-Jan-2022,433.75,446.9,446.9,412.1,412.1,412.1,416.62,57646,240.16,801, 45817, 79.48,-4.99
GENESYS, EQ, 24-Jan-2023,449.75,452.15,453.1,434.05,437.0,437.55,442.53,5770,25.53,385, 3691, 63.97,-2.71
GENESYS, EQ, 24-Jan-2024,465.05,463.95,476.5,431.05, 476.50,471.6,458.68,131109,601.37,10669, 39664, 30.25,1.41
GENESYS, EQ, 24-Jan-2025,937.2,939.9,944.35,886.65,890.0,896.9,915.02,215364,1970.63,16427, 97620, 45.33,-4.3
GENESYS, EQ, 24-Feb-2020,60.0,60.8,63.8,55.4, 59.00,58.1,58.98,19630,11.58,576, 10699, 54.50,-3.17
GENESYS, EQ, 24-Feb-2022,485.4,463.15,496.0,463.15, 478.95,472.75,479.62,254742,1221.79,6815, 140638, 55.21,-2.61
GENESYS, EQ, 24-Feb-2023,389.35,401.25,408.0,388.05, 389.00,389.7,394.72,5985,23.62,401, 3794, 63.39,0.09
GENESYS, EQ, 24-Feb-2025,727.55,720.0,737.45,707.5,727.0,725.65,724.09,178322,1291.22,14810, 73916, 41.45,-0.26
GENESYS, EQ, 24-Mar-2020,30.25,30.0,32.8,24.2, 24.20,24.2,25.06,157281,39.41,951, 94710, 60.22,-20.0
GENESYS, EQ, 24-Mar-2023,363.9,364.95,378.8,351.25, 352.55,357.6,362.42,8554,31.0,617, 5353, 62.58,-1.73
GENESYS, EQ, 24-Mar-2025,769.8,775.0,798.9,748.5,768.0,772.35,778.1,452521,3521.05,27527, 158122, 34.94,0.33
GENESYS, EQ, 24-Apr-2020,34.55,34.0,34.6,33.05,33.4,33.15,33.5,5472,1.83,139, 3633, 66.39,-4.05
GENESYS, EQ, 24-Apr-2023,298.65,312.9,312.9,294.7, 300.00,298.8,300.03,14325,42.98,1080, 8730, 60.94,0.05
GENESYS, EQ, 24-Apr-2024,635.6,642.0,646.9,633.95, 641.00,638.8,640.57,121206,776.41,7475, 44964, 37.10,0.5
GENESYS, EQ, 24-Apr-2025,702.9,699.0,709.8,687.15,692.0,690.55,699.61,110765,774.92,8920, 39218, 35.41,-1.76
GENESYS, EQ, 24-May-2021,98.65,98.55,101.4,95.15, 95.50,95.95,97.78,19766,19.33,464, 10027, 50.73,-2.74
GENESYS, EQ, 24-May-2023,344.7,347.0,375.25,342.2, 365.50,365.8,363.47,55729,202.56,2825, 23672, 42.48,6.12
GENESYS, EQ, 24-May-2024,536.7,535.55,542.95,529.65,538.0,532.85,534.95,34628,185.24,2927, 18303, 52.86,-0.72
GENESYS, EQ, 24-Jun-2020,34.7,35.7,38.15,35.65,38.15,38.15,37.94,142922,54.22,660, 106160, 74.28,9.94
GENESYS, EQ, 24-Jun-2021,116.9,117.9,119.5,115.55, 116.00,117.0,117.91,9910,11.69,302, 6358, 64.16,0.09
GENESYS, EQ, 24-Jun-2024,611.75,634.0,634.0,600.5,602.1,603.55,619.74,282678,1751.86,12473, 140560, 49.72,-1.34
GENESYS, EQ, 24-Jul-2020,31.0,31.25,31.25,30.0,30.7,30.55,30.39,11712,3.56,157, 8638, 73.75,-1.45
GENESYS, EQ, 24-Jul-2023,308.5,308.5,308.95,302.0, 303.65,303.45,304.35,38638,117.59,2801, 23329, 60.38,-1.64
GENESYS, EQ, 24-Jul-2024,705.45,711.0,768.7,711.0,723.1,720.15,741.95,1483655,11007.93,53065, 424440, 28.61,2.08
GENESYS, EQ, 24-Aug-2020,50.0,52.5,52.5,49.1,52.5,52.5,52.31,46212,24.17,276, 40020, 86.60,5.0
GENESYS, EQ, 24-Aug-2021,129.05,134.55,134.6,125.55, 130.00,129.45,128.97,20175,26.02,451, 13195, 65.40,0.31
GENESYS, EQ, 24-Aug-2023,295.2,297.35,334.25,294.9, 327.05,328.4,320.91,455623,1462.13,17380, 211624, 46.45,11.25
GENESYS, EQ, 24-Sep-2021,162.8,170.9,170.9,170.9, 170.90,170.9,170.9,110988,189.68,207, 55983, 50.44,4.98
GENESYS, EQ, 24-Sep-2024,780.15,791.0,794.55,774.25,784.25,786.45,785.58,123728,971.98,7518, 53361, 43.13,0.81
GENESYS, EQ, 24-Oct-2024,707.9,714.9,719.9,697.85,702.55,707.65,708.61,199180,1411.41,8122, 87911, 44.14,-0.04
GENESYS, EQ, 24-Nov-2020,43.5,43.05,45.65,42.05, 45.65,45.65,44.56,19793,8.82,193, 16156, 81.62,4.94
GENESYS, EQ, 24-Nov-2021,276.0,284.5,289.8,276.3, 289.80,289.8,288.31,118954,342.95,1446, 60528, 50.88,5.0
GENESYS, EQ, 24-Nov-2022,492.65,492.9,495.0,480.0, 486.00,486.5,487.02,17564,85.54,804, 10079, 57.38,-1.25
GENESYS, EQ, 24-Nov-2023,358.3,354.7,372.65,350.0, 354.00,355.9,359.76,429662,1545.75,15232, 133866, 31.16,-0.67
GENESYS, EQ, 24-Dec-2020,52.95,52.95,55.0,52.3, 53.95,53.2,53.43,14785,7.9,164, 8622, 58.32,0.47
GENESYS, EQ, 24-Dec-2021,304.4,307.95,311.5,292.0, 298.60,297.95,300.57,45448,136.6,1371, 27776, 61.12,-2.12
GENESYS, EQ, 24-Dec-2024,915.7,920.0,943.0,920.0,925.3,927.95,933.98,215625,2013.89,14570, 94071, 43.63,1.34
GENESYS, EQ, 25-Jan-2022,412.1,397.0,405.05,391.5,391.5,391.5,392.87,165192,648.99,1468, 97265, 58.88,-5.0
GENESYS, EQ, 25-Jan-2023,437.55,437.5,437.55,428.8, 430.60,430.9,431.44,4344,18.74,282, 2972, 68.42,-1.52
GENESYS, EQ, 25-Jan-2024,471.6,473.9,499.5,471.6, 495.30,493.25,485.87,122543,595.41,9809, 56045, 45.73,4.59
GENESYS, EQ, 25-Feb-2020,58.1,58.05,59.4,57.1, 58.10,57.7,58.17,9263,5.39,206, 7682, 82.93,-0.69
GENESYS, EQ, 25-Feb-2022,472.75,488.95,496.35,483.05,496.35,496.35,495.08,125596,621.8,889, 116010, 92.37,4.99
GENESYS, EQ, 25-Feb-2025,725.65,729.8,779.7,717.65,773.5,773.1,753.66,395169,2978.23,30812, 142137, 35.97,6.54
GENESYS, EQ, 25-Mar-2020,24.2,23.05,25.4,22.0, 24.80,24.5,23.26,70094,16.3,403, 61248, 87.38,1.24
GENESYS, EQ, 25-Mar-2025,772.35,769.0,788.15,744.2,755.0,754.1,763.55,298364,2278.15,17796, 109898, 36.83,-2.36
GENESYS, EQ, 25-Apr-2023,298.8,303.3,303.7,293.5,295.2,295.4,296.69,9330,27.68,696, 6743, 72.27,-1.14
GENESYS, EQ, 25-Apr-2024,638.8,640.0,661.8,633.55, 646.80,645.1,647.4,154360,999.33,11330, 69329, 44.91,0.99
GENESYS, EQ, 25-Apr-2025,690.55,690.55,693.0,650.05,666.5,669.9,668.12,294127,1965.11,23138, 114018, 38.76,-2.99
GENESYS, EQ, 25-May-2021,95.95,96.95,100.7,96.95, 100.70,100.7,100.03,14968,14.97,95, 12072, 80.65,4.95
GENESYS, EQ, 25-May-2023,365.8,370.0,395.0,344.15, 354.50,355.75,374.68,180034,674.54,8149, 80306, 44.61,-2.75
GENESYS, EQ, 25-Jun-2020,38.15,40.4,41.95,38.25, 41.95,41.95,40.43,53874,21.78,370, 37166, 68.99,9.96
GENESYS, EQ, 25-Jun-2021,117.0,118.0,119.9,115.05, 115.50,116.85,117.89,13505,15.92,289, 7717, 57.14,-0.13
GENESYS, EQ, 25-Jun-2024,603.55,604.65,609.65,569.05,575.0,576.5,584.87,173883,1016.99,8669, 95932, 55.17,-4.48
GENESYS, EQ, 25-Jul-2023,303.45,306.0,307.0,298.25, 304.10,305.15,302.02,31514,95.18,1993, 17820, 56.55,0.56
GENESYS, EQ, 25-Jul-2024,720.15,715.0,745.0,705.35,730.0,726.8,731.33,420638,3076.27,25260, 108147, 25.71,0.92
GENESYS, EQ, 25-Aug-2020,52.5,54.55,55.1,53.1, 55.10,55.1,54.63,36782,20.1,345, 26956, 73.29,4.95
GENESYS, EQ, 25-Aug-2021,129.45,132.45,132.5,127.0, 127.15,129.65,130.05,73990,96.23,460, 68073, 92.00,0.15
GENESYS, EQ, 25-Aug-2023,328.4,327.8,331.95,311.25, 315.00,318.55,323.48,167597,542.15,9131, 86691, 51.73,-3.0
GENESYS, EQ, 25-Sep-2023,360.35,363.75,374.0,356.8, 358.10,358.7,362.93,42938,155.84,3264, 20731, 48.28,-0.46
GENESYS, EQ, 25-Sep-2024,786.45,788.0,800.0,771.7,792.0,789.25,793.32,384957,3053.95,15305, 196251, 50.98,0.36
GENESYS, EQ, 25-Oct-2021,253.8,258.0,259.85,241.15, 241.15,241.15,243.15,52047,126.55,833, 34890, 67.04,-4.98
GENESYS, EQ, 25-Oct-2022,551.95,552.9,560.0,540.0,545.2,545.4,552.81,8325,46.02,327, 6571, 78.93,-1.19
GENESYS, EQ, 25-Oct-2023,323.8,330.85,332.95,308.9,314.0,312.75,318.21,58273,185.43,4127, 30687, 52.66,-3.41
GENESYS, EQ, 25-Oct-2024,707.65,703.65,712.25,666.35,679.7,670.8,681.07,291700,1986.67,9465, 156640, 53.70,-5.21
GENESYS, EQ, 25-Nov-2020,45.65,47.0,47.9,45.75, 47.90,47.9,47.02,48607,22.85,197, 41090, 84.54,4.93
GENESYS, EQ, 25-Nov-2021,289.8,304.25,304.25,295.6,304.25,304.25,303.17,116730,353.89,1119, 88121, 75.49,4.99
GENESYS, EQ, 25-Nov-2022,486.5,489.3,509.9,470.95,493.9,494.3,490.3,20849,102.22,2319, 11579, 55.54,1.6
GENESYS, EQ, 25-Nov-2024,756.7,771.1,834.35,769.05,821.0,822.0,808.82,1493846,12082.55,74834, 650454, 43.54,8.63
GENESYS, EQ, 26-Feb-2020,57.7,57.0,61.95,56.1, 61.95,58.05,57.24,4648,2.66,125, 2610, 56.15,0.61
GENESYS, EQ, 26-Feb-2024,528.7,535.0,557.15,532.0, 554.50,552.7,548.18,1521994,8343.31,45580, 479754, 31.52,4.54
GENESYS, EQ, 26-Mar-2020,24.5,24.55,26.0,24.5, 25.40,25.7,25.78,14773,3.81,131, 13455, 91.08,4.9
GENESYS, EQ, 26-Mar-2024,564.65,557.2,572.4,539.85,542.15,543.65,550.07,449040,2470.05,16202, 298076, 66.38,-3.72
GENESYS, EQ, 26-Mar-2025,754.1,754.0,755.0,726.0,732.0,731.1,740.24,173140,1281.66,12475, 85429, 49.34,-3.05
GENESYS, EQ, 26-Apr-2023,295.4,291.4,299.45,283.45, 292.50,290.5,290.42,30156,87.58,1458, 20015, 66.37,-1.66
GENESYS, EQ, 26-Apr-2024,645.1,648.0,648.0,610.15, 615.50,616.5,623.48,228660,1425.66,11446, 113940, 49.83,-4.43
GENESYS, EQ, 26-May-2020,26.6,27.5,27.5,25.35, 25.35,25.5,26.23,7390,1.94,110, 4682, 63.36,-4.14
GENESYS, EQ, 26-May-2021,100.7,105.7,105.7,105.7, 105.70,105.7,105.7,3771,3.99,36, 3771, 100.00,4.97
GENESYS, EQ, 26-May-2023,355.75,359.0,365.0,347.35,354.5,353.95,355.58,30471,108.35,2015, 15720, 51.59,-0.51
GENESYS, EQ, 26-Jun-2020,41.95,44.0,44.0,44.0, 44.00,44.0,44.0,12616,5.55,39, 12616, 100.00,4.89
GENESYS, EQ, 26-Jun-2023,320.3,315.75,325.45,315.0, 319.50,317.55,318.19,17545,55.83,946, 9888, 56.36,-0.86
GENESYS, EQ, 26-Jun-2024,576.5,576.5,580.8,560.0,566.0,566.25,569.32,107502,612.03,6943, 64835, 60.31,-1.78
GENESYS, EQ, 26-Jul-2021,162.25,160.05,164.65,156.25,158.0,157.85,159.77,22006,35.16,891, 13035, 59.23,-2.71
GENESYS, EQ, 26-Jul-2023,305.15,303.0,309.85,302.0, 305.00,304.75,305.44,27653,84.46,1133, 20686, 74.81,-0.13
GENESYS, EQ, 26-Jul-2024,726.8,726.0,744.25,724.0, 728.00,731.05,732.8,253317,1856.3,13919, 108223, 42.72,0.58
GENESYS, EQ, 26-Aug-2020,55.1,57.3,57.85,55.5, 57.85,57.85,57.33,50563,28.99,334, 45469, 89.93,4.99
GENESYS, EQ, 26-Aug-2021,129.65,129.65,131.9,125.1, 128.05,126.55,128.84,14288,18.41,358, 8965, 62.74,-2.39
GENESYS, EQ, 26-Aug-2024,718.45,719.75,740.0,704.3,721.0,725.3,719.6,298596,2148.71,15296, 136418, 45.69,0.95
GENESYS, EQ, 26-Sep-2023,358.7,353.3,358.75,350.5, 353.75,351.9,355.37,29773,105.8,2312, 13088, 43.96,-1.9
GENESYS, EQ, 26-Sep-2024,789.25,794.0,800.0,758.3,784.0,783.1,784.37,441718,3464.7,21688, 159449, 36.10,-0.78
GENESYS, EQ, 26-Oct-2021,241.15,243.55,253.2,235.0, 238.00,241.7,250.88,125803,315.61,1914, 52197, 41.49,0.23
GENESYS, EQ, 26-Oct-2023,312.75,308.05,319.6,304.5, 316.00,316.0,311.09,33315,103.64,2453, 14248, 42.77,1.04
GENESYS, EQ, 26-Nov-2020,47.9,50.0,50.25,50.0, 50.25,50.25,50.25,16276,8.18,61, 16271, 99.97,4.91
GENESYS, EQ, 26-Nov-2021,304.25,300.0,319.45,296.3, 319.45,319.45,315.44,211159,666.07,2855, 144253, 68.31,5.0
GENESYS, EQ, 26-Nov-2024,822.0,829.0,892.5,810.05,877.0,878.15,849.5,1636088,13898.59,83590, 628785, 38.43,6.83
GENESYS, EQ, 26-Dec-2022,414.35,414.35,428.5,403.55,428.0,425.35,423.04,14401,60.92,560, 8472, 58.83,2.65
GENESYS, EQ, 26-Dec-2023,417.1,422.35,422.35,415.15, 417.00,416.1,418.22,52747,220.6,1130, 32255, 61.15,-0.24
GENESYS, EQ, 26-Dec-2024,927.95,930.95,947.0,916.65,928.0,927.45,928.72,174303,1618.78,18241, 84124, 48.26,-0.05
GENESYS, EQ, 27-Jan-2020,64.95,64.75,66.0,62.05, 65.00,64.85,63.53,8791,5.59,353, 4415, 50.22,-0.15
GENESYS, EQ, 27-Jan-2022,391.5,379.9,398.0,371.95, 371.95,374.6,382.39,139601,533.82,2172, 71717, 51.37,-4.32
GENESYS, EQ, 27-Jan-2023,430.9,411.0,458.0,411.0, 457.00,420.45,420.9,14910,62.76,534, 11465, 76.89,-2.43
GENESYS, EQ, 27-Jan-2025,896.9,880.0,888.0,817.3,851.0,847.35,849.35,346987,2947.14,29419, 165606, 47.73,-5.52
GENESYS, EQ, 27-Feb-2020,58.05,60.8,60.8,55.4, 56.05,56.3,56.8,13480,7.66,629, 5837, 43.30,-3.01
GENESYS, EQ, 27-Feb-2023,389.7,389.7,389.7,374.0, 375.00,378.15,377.74,16228,61.3,615, 11197, 69.00,-2.96
GENESYS, EQ, 27-Feb-2024,552.7,554.5,561.0,523.25, 526.00,525.9,542.5,672899,3650.47,27279, 258284, 38.38,-4.85
GENESYS, EQ, 27-Feb-2025,773.1,770.0,771.1,699.25,705.95,704.3,722.82,304453,2200.64,21390, 129712, 42.60,-8.9
GENESYS, EQ, 27-Mar-2020,25.7,26.6,26.8,23.15, 23.15,23.15,24.19,36483,8.82,228, 31343, 85.91,-9.92
GENESYS, EQ, 27-Mar-2023,357.6,357.55,370.0,351.1, 359.70,360.45,355.96,17380,61.87,1181, 11050, 63.58,0.8
GENESYS, EQ, 27-Mar-2024,543.65,550.0,560.25,530.05, 535.95,533.25,542.36,349133,1893.56,22795, 195575, 56.02,-1.91
GENESYS, EQ, 27-Mar-2025,731.1,730.0,742.0,721.3,731.0,730.7,731.66,301995,2209.57,21404, 148952, 49.32,-0.05
GENESYS, EQ, 27-Apr-2020,33.15,34.45,34.45,31.8, 31.80,32.35,32.67,4472,1.46,146, 2409, 53.87,-2.41
GENESYS, EQ, 27-Apr-2021,93.05,97.65,97.7,89.3,97.7,97.7,97.17,8834,8.58,94, 7486, 84.74,5.0
GENESYS, EQ, 27-Apr-2023,290.5,290.5,300.95,290.0, 293.15,295.75,297.25,26589,79.04,933, 17985, 67.64,1.81
GENESYS, EQ, 27-May-2020,25.5,26.5,26.5,24.5,26.4,26.05,25.41,5619,1.43,106, 4181, 74.41,2.16
GENESYS, EQ, 27-May-2021,105.7,110.5,110.5,102.05, 102.25,103.35,105.92,19131,20.26,337, 9632, 50.35,-2.22
GENESYS, EQ, 27-May-2024,532.85,532.75,532.75,503.25,507.0,507.85,516.49,216926,1120.41,13082, 123713, 57.03,-4.69
GENESYS, EQ, 27-Jun-2023,317.55,315.05,324.85,315.05, 317.30,317.75,319.5,29740,95.02,1310, 17486, 58.80,0.06
GENESYS, EQ, 27-Jun-2024,566.25,568.1,620.0,550.1,595.95,595.65,596.56,923681,5510.27,33037, 197875, 21.42,5.19
GENESYS, EQ, 27-Jul-2020,30.55,30.5,30.5,29.1,29.25,29.45,29.74,6168,1.83,125, 4350, 70.53,-3.6
GENESYS, EQ, 27-Jul-2021,157.85,161.15,163.9,155.7, 157.70,157.45,159.03,35980,57.22,765, 28175, 78.31,-0.25
GENESYS, EQ, 27-Jul-2023,304.75,306.0,307.0,297.05, 300.00,299.35,300.68,47262,142.11,1649, 35329, 74.75,-1.77
GENESYS, EQ, 27-Aug-2021,126.55,128.95,132.85,126.2, 132.85,132.85,130.5,13389,17.47,360, 9483, 70.83,4.98
GENESYS, EQ, 27-Aug-2024,725.3,730.95,754.55,721.0,726.0,727.95,732.46,503880,3690.71,25253, 215037, 42.68,0.37
GENESYS, EQ, 27-Sep-2021,170.9,179.4,179.4,165.55, 179.40,179.4,175.98,135111,237.77,1605, 97393, 72.08,4.97
GENESYS, EQ, 27-Sep-2023,351.9,355.15,355.15,342.6, 349.50,348.25,348.26,48482,168.84,2908, 26434, 54.52,-1.04
GENESYS, EQ, 27-Sep-2024,783.1,791.0,800.0,774.35,775.0,776.7,785.21,352372,2766.86,10934, 209857, 59.56,-0.82
GENESYS, EQ, 27-Oct-2021,241.7,241.05,244.4,229.65, 230.75,230.55,233.93,78508,183.65,1816, 56728, 72.26,-4.61
GENESYS, EQ, 27-Oct-2022,545.4,545.4,554.0,535.0,551.8,545.75,542.54,3948,21.42,274, 2010, 50.91,0.06
GENESYS, EQ, 27-Oct-2023,316.0,320.0,325.0,314.6,325.0,324.25,320.32,35552,113.88,2071, 19120, 53.78,2.61
GENESYS, EQ, 27-Nov-2020,50.25,52.7,52.75,52.7,52.75,52.75,52.74,6118,3.23,27, 6118, 100.00,4.98
GENESYS, EQ, 27-Nov-2024,878.15,885.0,924.0,882.15,896.0,898.2,902.97,868202,7839.63,46646, 305903, 35.23,2.28
GENESYS, EQ, 27-Dec-2021,297.95,299.85,304.9,284.65, 297.30,296.1,289.91,54397,157.7,1475, 27411, 50.39,-0.62
GENESYS, EQ, 27-Dec-2022,425.35,429.9,463.45,420.65,433.0,439.8,443.97,17111,75.97,708, 7293, 42.62,3.4
GENESYS, EQ, 27-Dec-2023,416.1,416.05,432.0,415.05, 419.00,422.15,422.16,109753,463.33,1952, 68205, 62.14,1.45
GENESYS, EQ, 27-Dec-2024,927.45,929.9,931.65,915.0,916.9,918.8,922.1,107107,987.63,8379, 57009, 53.23,-0.93
GENESYS, EQ, 28-Jan-2020,64.85,64.95,65.0,61.65, 62.80,62.0,62.67,9634,6.04,271, 7110, 73.80,-4.39
GENESYS, EQ, 28-Jan-2022,374.6,375.0,391.95,355.9, 355.90,355.9,370.31,152803,565.85,3877, 103666, 67.84,-4.99
GENESYS, EQ, 28-Jan-2025,847.35,851.4,859.15,767.9,800.0,800.1,799.04,528725,4224.73,49149, 224213, 42.41,-5.58
GENESYS, EQ, 28-Feb-2020,56.3,55.5,56.85,53.5, 56.00,54.65,54.94,6512,3.58,158, 5666, 87.01,-2.93
GENESYS, EQ, 28-Feb-2022,496.35,514.0,521.15,486.1, 491.70,493.6,503.93,162410,818.43,9942, 80046, 49.29,-0.55
GENESYS, EQ, 28-Feb-2023,378.15,385.8,401.85,381.0, 387.00,392.1,390.22,25647,100.08,744, 14611, 56.97,3.69
GENESYS, EQ, 28-Feb-2024,525.9,528.3,538.85,509.05,510.3,515.55,521.83,287372,1499.6,15839, 118899, 41.37,-1.97
GENESYS, EQ, 28-Feb-2025,704.3,700.95,700.95,642.4,663.0,663.35,668.24,502438,3357.49,32879, 193041, 38.42,-5.81
GENESYS, EQ, 28-Mar-2023,360.45,361.3,362.15,321.5, 327.35,332.65,338.75,41884,141.88,2003, 29678, 70.86,-7.71
GENESYS, EQ, 28-Mar-2024,533.25,539.45,599.0,539.45,595.0,591.45,580.83,934863,5429.92,23406, 409302, 43.78,10.91
GENESYS, EQ, 28-Mar-2025,730.7,730.7,748.45,711.55,715.1,720.3,727.0,211734,1539.31,16878, 93331, 44.08,-1.42
GENESYS, EQ, 28-Apr-2020,32.35,32.25,33.6,31.4, 33.40,33.1,32.67,6006,1.96,58, 3912, 65.13,2.32
GENESYS, EQ, 28-Apr-2021,97.7,99.9,102.55,99.0, 99.15,99.2,101.15,9368,9.48,160, 5816, 62.08,1.54
GENESYS, EQ, 28-Apr-2023,295.75,295.75,304.7,291.05, 297.00,293.7,297.08,21514,63.91,963, 11278, 52.42,-0.69
GENESYS, EQ, 28-May-2020,26.05,26.35,26.75,25.5,26.0,26.05,26.07,5369,1.4,110, 4077, 75.94,0.0
GENESYS, EQ, 28-May-2021,103.35,105.65,105.65,99.1,99.35,99.65,100.02,11165,11.17,216, 8554, 76.61,-3.58
GENESYS, EQ, 28-May-2024,507.85,509.1,542.45,509.1,535.0,534.5,531.81,357438,1900.9,21547, 198794, 55.62,5.25
GENESYS, EQ, 28-Jun-2021,116.85,119.75,128.5,114.85, 128.50,128.35,126.68,122238,154.85,977, 95987, 78.52,9.84
GENESYS, EQ, 28-Jun-2024,595.65,600.0,613.75,588.25,593.0,592.6,602.84,368202,2219.67,11364, 161930, 43.98,-0.51
GENESYS, EQ, 28-Jul-2020,29.45,29.4,30.75,29.15,29.75,29.9,29.82,9993,2.98,242, 6325, 63.29,1.53
GENESYS, EQ, 28-Jul-2021,157.45,159.0,159.8,149.6,150.95,150.75,151.9,33233,50.48,1011, 17295, 52.04,-4.26
GENESYS, EQ, 28-Jul-2023,299.35,302.35,304.0,294.35, 301.00,300.2,298.2,16225,48.38,1207, 9109, 56.14,0.28
GENESYS, EQ, 28-Aug-2023,318.55,317.95,328.6,310.0, 318.35,321.8,320.03,71841,229.92,5414, 36018, 50.14,1.02
GENESYS, EQ, 28-Aug-2024,727.95,730.0,774.45,727.15,745.5,746.7,754.93,856778,6468.05,40224, 293810, 34.29,2.58
GENESYS, EQ, 28-Sep-2021,179.4,188.35,188.35,171.6, 188.35,188.35,185.16,289623,536.26,3320, 178077, 61.49,4.99
GENESYS, EQ, 28-Sep-2023,348.25,350.55,361.0,348.7, 349.00,350.7,354.33,33893,120.09,3252, 13439, 39.65,0.7
GENESYS, EQ, 28-Oct-2021,230.55,222.5,241.45,222.5, 227.05,228.85,235.04,54244,127.5,1578, 30106, 55.50,-0.74
GENESYS, EQ, 28-Oct-2022,545.75,550.4,550.4,526.7,531.75,534.9,534.99,58984,315.56,451, 55645, 94.34,-1.99
GENESYS, EQ, 28-Oct-2024,670.8,685.9,737.0,675.75,719.7,719.25,712.34,397249,2829.76,14803, 152382, 38.36,7.22
GENESYS, EQ, 28-Nov-2022,494.3,480.0,494.3,469.6, 471.90,470.4,475.92,29805,141.85,1012, 23189, 77.80,-4.84
GENESYS, EQ, 28-Nov-2023,355.9,354.9,368.45,353.0, 355.20,356.95,360.16,299001,1076.87,13757, 117287, 39.23,0.3
GENESYS, EQ, 28-Nov-2024,898.2,900.95,924.0,887.6,907.95,910.2,903.27,467195,4220.05,24741, 158191, 33.86,1.34
GENESYS, EQ, 28-Dec-2020,53.2,55.8,55.85,52.1,55.85,55.85,55.16,55281,30.5,272, 41039, 74.24,4.98
GENESYS, EQ, 28-Dec-2021,296.1,298.0,303.0,283.4,292.0,294.5,294.38,77938,229.44,1986, 45822, 58.79,-0.54
GENESYS, EQ, 28-Dec-2022,439.8,446.0,446.0,435.0, 438.30,441.35,442.3,4040,17.87,297, 2799, 69.28,0.35
GENESYS, EQ, 28-Dec-2023,422.15,423.1,429.3,412.95, 417.70,414.35,418.94,172158,721.24,1760, 119251, 69.27,-1.85
GENESYS, EQ, 29-Jan-2020,62.0,63.05,64.05,62.15, 62.15,62.45,62.94,13527,8.51,425, 6973, 51.55,0.73
GENESYS, EQ, 29-Jan-2024,493.25,496.95,513.25,492.4, 496.00,498.25,502.78,186785,939.11,11472, 102625, 54.94,1.01
GENESYS, EQ, 29-Jan-2025,800.1,804.0,856.25,795.1,816.0,812.45,822.8,391665,3222.61,35630, 152439, 38.92,1.54
GENESYS, EQ, 29-Feb-2024,515.55,513.0,538.95,506.05, 538.00,535.7,525.76,353660,1859.39,16600, 157261, 44.47,3.91
GENESYS, EQ, 29-Mar-2023,332.65,339.0,352.0,308.3, 310.00,320.55,323.02,237657,767.68,2688, 218065, 91.76,-3.64
GENESYS, EQ, 29-Apr-2020,33.1,33.15,33.6,32.25,33.0,33.15,33.13,2522,0.84,42, 1901, 75.38,0.15
GENESYS, EQ, 29-Apr-2021,99.2,101.35,104.15,96.1, 104.15,103.65,97.7,356544,348.34,382, 338567, 94.96,4.49
GENESYS, EQ, 29-Apr-2024,616.5,616.0,619.75,604.25, 606.00,609.55,611.48,114714,701.45,7592, 49703, 43.33,-1.13
GENESYS, EQ, 29-May-2020,26.05,26.0,27.0,25.15, 27.00,26.95,26.75,7135,1.91,86, 5352, 75.01,3.45
GENESYS, EQ, 29-May-2023,353.95,359.25,362.95,346.5, 348.85,349.35,352.01,18205,64.08,832, 10147, 55.74,-1.3
GENESYS, EQ, 29-May-2024,534.5,534.95,535.5,522.0,527.0,526.25,528.19,66538,351.45,4418, 39194, 58.90,-1.54
GENESYS, EQ, 29-Jun-2020,44.0,46.2,46.2,41.8, 44.00,46.0,45.03,127148,57.26,963, 64275, 50.55,4.55
GENESYS, EQ, 29-Jun-2021,128.35,132.0,141.15,130.5, 140.80,139.8,138.96,200714,278.91,2197, 139554, 69.53,8.92
GENESYS, EQ, 28-Jun-2023,317.75,320.95,320.95,316.0, 318.00,319.35,318.95,32690,104.27,994, 25774, 78.84,0.5
GENESYS, EQ, 29-Jul-2020,29.9,30.1,30.65,29.65, 29.85,30.0,30.1,7661,2.31,101, 6644, 86.72,0.33
GENESYS, EQ, 29-Jul-2021,150.75,154.0,154.7,144.15,148.5,147.65,151.12,21740,32.85,970, 16995, 78.17,-2.06
GENESYS, EQ, 29-Jul-2024,731.05,733.0,733.0,695.0,699.95,700.05,706.56,251432,1776.51,13859, 126851, 50.45,-4.24
GENESYS, EQ, 29-Aug-2023,321.8,324.95,326.95,310.95, 319.45,318.65,318.89,62612,199.66,3906, 31186, 49.81,-0.98
GENESYS, EQ, 29-Aug-2024,746.7,749.85,834.0,746.6,817.0,813.95,808.09,3446786,27853.2,122693, 656193, 19.04,9.01
GENESYS, EQ, 29-Sep-2021,188.35,197.75,197.75,197.75, 197.75,197.75,197.75,38305,75.75,141, 38305, 100.00,4.99
GENESYS, EQ, 29-Sep-2023,350.7,353.55,358.8,349.3, 350.00,352.8,353.42,22971,81.18,1830, 11649, 50.71,0.6
GENESYS, EQ, 29-Oct-2021,228.85,235.9,239.75,230.0, 239.10,236.15,235.6,33250,78.34,818, 22460, 67.55,3.19
GENESYS, EQ, 29-Oct-2024,719.25,774.9,778.7,736.85,756.1,757.3,758.31,942691,7148.51,23784, 375406, 39.82,5.29
GENESYS, EQ, 29-Nov-2021,319.45,335.4,335.4,307.55, 335.40,333.25,331.64,334308,1108.71,3682, 196362, 58.74,4.32
GENESYS, EQ, 29-Nov-2022,470.4,472.0,476.2,447.25,451.9,450.6,456.55,30357,138.59,1019, 20622, 67.93,-4.21
GENESYS, EQ, 29-Nov-2023,356.95,359.85,386.7,355.7, 379.80,379.15,373.83,1229151,4594.96,34286, 601680, 48.95,6.22
GENESYS, EQ, 29-Nov-2024,910.2,912.0,919.0,900.0,903.0,906.9,909.28,296014,2691.61,17231, 108908, 36.79,-0.36
GENESYS, EQ, 29-Dec-2020,55.85,58.0,58.6,56.7,58.6,58.6,58.41,17528,10.24,93, 15010, 85.63,4.92
GENESYS, EQ, 29-Dec-2021,294.5,295.95,309.2,289.65, 299.00,298.25,304.97,113063,344.81,2019, 74198, 65.63,1.27
GENESYS, EQ, 29-Dec-2022,441.35,447.95,447.95,431.35, 441.00,440.75,438.24,4929,21.6,247, 3557, 72.16,-0.14
GENESYS, EQ, 29-Dec-2023,414.35,415.3,421.5,408.5, 409.55,410.0,413.16,65191,269.35,1370, 45630, 69.99,-1.05
GENESYS, EQ, 30-Jan-2020,62.45,63.7,63.7,58.4, 59.75,59.85,60.0,17609,10.57,260, 13660, 77.57,-4.16
GENESYS, EQ, 30-Jan-2023,420.45,427.35,450.0,421.0, 450.00,444.5,434.85,4600,20.0,348, 2630, 57.17,5.72
GENESYS, EQ, 30-Jan-2024,498.25,497.1,507.85,494.35, 500.00,500.35,500.37,146106,731.08,12330, 85355, 58.42,0.42
GENESYS, EQ, 30-Jan-2025,812.45,815.0,826.7,795.5,809.0,810.75,811.45,232545,1886.99,21835, 101598, 43.69,-0.21
GENESYS, EQ, 30-Mar-2020,23.15,24.0,24.0,20.85, 22.90,22.3,20.96,1077711,225.9,421, 1056010, 97.99,-3.67
GENESYS, EQ, 30-Apr-2020,33.15,32.8,33.85,32.1,32.4,32.45,32.66,7258,2.37,104, 5808, 80.02,-2.11
GENESYS, EQ, 30-Apr-2021,103.65,107.0,108.8,106.15,108.6,108.55,108.14,32558,35.21,355, 28110, 86.34,4.73
GENESYS, EQ, 30-Apr-2024,609.55,611.85,619.95,595.0, 599.80,597.85,605.7,122423,741.51,6974, 58492, 47.78,-1.92
GENESYS, EQ, 30-May-2023,349.35,349.2,354.45,338.9, 345.90,348.15,345.6,25709,88.85,1282, 17613, 68.51,-0.34
GENESYS, EQ, 30-May-2024,526.25,519.25,544.2,511.1,519.15,518.45,531.16,103540,549.96,7632, 45777, 44.21,-1.48
GENESYS, EQ, 30-Jun-2020,46.0,45.0,45.0,43.7, 43.70,43.7,43.8,37140,16.27,107, 35760, 96.28,-5.0
GENESYS, EQ, 30-Jun-2021,139.8,134.5,134.5,125.85, 130.10,129.85,128.97,138393,178.48,1864, 86508, 62.51,-7.12
GENESYS, EQ, 30-Jun-2023,319.35,319.05,320.0,311.0, 312.70,313.4,313.86,45965,144.26,1333, 33667, 73.24,-1.86
GENESYS, EQ, 30-Jul-2020,30.0,30.0,30.05,29.0, 29.00,29.4,29.49,18382,5.42,144, 15197, 82.67,-2.0
GENESYS, EQ, 30-Jul-2021,147.65,145.05,155.0,145.05, 155.00,155.0,153.29,24347,37.32,494, 21184, 87.01,4.98
GENESYS, EQ, 30-Jul-2024,700.05,700.05,731.5,694.7,724.9,727.5,715.5,318927,2281.91,21064, 162723, 51.02,3.92
GENESYS, EQ, 30-Aug-2021,132.85,139.45,139.45,131.25, 139.45,139.45,138.87,51050,70.89,488, 39474, 77.32,4.97
GENESYS, EQ, 30-Aug-2023,318.65,321.7,367.8,319.8, 355.10,356.1,351.43,1042940,3665.23,32824, 302282, 28.98,11.75
GENESYS, EQ, 30-Aug-2024,813.95,824.95,826.9,795.0,810.0,809.45,811.64,1156501,9386.63,37988, 234805, 20.30,-0.55
GENESYS, EQ, 30-Sep-2021,197.75,207.6,207.6,207.6, 207.60,207.6,207.6,30147,62.59,105, 30147, 100.00,4.98
GENESYS, EQ, 30-Sep-2024,776.7,776.0,780.0,754.8,770.0,771.25,770.96,424522,3272.88,16606, 289076, 68.09,-0.7
GENESYS, EQ, 30-Oct-2023,324.25,325.0,325.0,310.0, 311.90,312.1,318.18,40228,128.0,2565, 21086, 52.42,-3.75
GENESYS, EQ, 30-Oct-2024,757.3,755.0,830.0,747.15,817.0,817.75,803.45,1042031,8372.19,36273, 400073, 38.39,7.98
GENESYS, EQ, 30-Nov-2021,333.25,349.9,349.9,316.6,316.6,316.6,342.85,219108,751.21,2813, 158190, 72.20,-5.0
GENESYS, EQ, 30-Nov-2022,450.6,450.0,472.8,450.0,463.0,466.9,461.38,11458,52.87,536, 6950, 60.66,3.62
GENESYS, EQ, 30-Nov-2023,379.15,385.0,429.3,384.05, 418.70,412.65,407.32,2103021,8566.05,49365, 814376, 38.72,8.84
GENESYS, EQ, 30-Dec-2020,58.6,61.5,61.5,61.25,61.5,61.5,61.5,11426,7.03,84, 11386, 99.65,4.95
GENESYS, EQ, 30-Dec-2021,298.25,300.0,301.8,291.1, 291.20,291.95,295.52,25564,75.55,875, 16838, 65.87,-2.11
GENESYS, EQ, 30-Dec-2022,440.75,437.4,463.7,437.4,457.0,454.7,455.5,16286,74.18,792, 7385, 45.35,3.17
GENESYS, EQ, 30-Dec-2024,918.8,918.0,927.9,903.05,921.0,919.6,915.28,180275,1650.02,13816, 96616, 53.59,0.09
GENESYS, EQ, 31-Jan-2020,59.85,59.0,59.65,58.0, 59.00,58.45,58.71,4768,2.8,152, 4186, 87.79,-2.34
GENESYS, EQ, 31-Jan-2022,355.9,356.85,373.65,352.0,359.7,360.6,368.03,130287,479.5,2514, 85414, 65.56,1.32
GENESYS, EQ, 31-Jan-2023,444.5,459.9,471.75,427.8,431.55,432.3,440.81,28114,123.93,930, 19961, 71.00,-2.74
GENESYS, EQ, 31-Jan-2024,500.35,502.0,540.0,499.45, 519.45,515.8,527.04,468456,2468.94,28219, 169014, 36.08,3.09
GENESYS, EQ, 31-Jan-2025,810.75,811.95,833.35,802.0,829.95,820.05,817.2,470133,3841.94,36608, 231753, 49.30,1.15
GENESYS, EQ, 31-Mar-2020,22.3,23.0,24.4,22.7,24.4,24.25,23.88,16211,3.87,135, 13400, 82.66,8.74
GENESYS, EQ, 31-Mar-2023,320.55,313.0,336.9,311.0, 325.15,328.85,323.0,94273,304.5,3213, 66953, 71.02,2.59
GENESYS, EQ, 31-May-2021,99.65,101.0,101.0,97.0, 97.65,99.4,98.83,14900,14.73,207, 12229, 82.07,-0.25
GENESYS, EQ, 31-May-2023,348.15,331.1,341.0,325.05, 333.00,331.4,332.84,44226,147.2,2664, 25265, 57.13,-4.81
GENESYS, EQ, 31-May-2024,518.45,535.0,535.0,508.6,515.0,517.2,518.63,214269,1111.26,11222, 113469, 52.96,-0.24
GENESYS, EQ, 31-Jul-2020,29.4,29.3,29.95,28.25,28.75,28.75,29.0,11705,3.39,171, 7486, 63.96,-2.21
GENESYS, EQ, 31-Jul-2023,300.2,301.0,304.0,297.35, 299.90,299.65,300.69,46742,140.55,1420, 35814, 76.62,-0.18
GENESYS, EQ, 31-Jul-2024,727.5,729.0,744.7,709.0,720.0,714.85,724.96,343388,2489.44,17825, 157365, 45.83,-1.74
GENESYS, EQ, 31-Aug-2021,139.45,140.0,144.0,136.55,139.0,137.9,139.95,14099,19.73,285, 11012, 78.10,-1.11
GENESYS, EQ, 31-Aug-2023,356.1,356.5,362.8,345.0, 348.20,347.9,350.98,118109,414.54,6806, 50972, 43.16,-2.3
GENESYS, EQ, 31-Oct-2022,534.9,518.0,547.0,518.0,525.0,524.9,526.05,7858,41.34,459, 5208, 66.28,-1.87
GENESYS, EQ, 31-Oct-2023,312.1,313.35,320.0,307.95, 316.25,314.65,314.05,32225,101.2,2373, 17693, 54.90,0.82
GENESYS, EQ, 31-Oct-2024,817.75,816.9,816.9,734.4,778.0,773.85,762.31,3883693,29605.68,40636, 1696327, 43.68,-5.37
GENESYS, EQ, 31-Dec-2020,61.5,64.55,64.55,64.55,64.55,64.55,64.55,6957,4.49,32, 6957, 100.00,4.96
GENESYS, EQ, 31-Dec-2021,291.95,294.15,306.5,288.5,290.0,290.5,294.76,35351,104.2,1032, 24137, 68.28,-0.5
GENESYS, EQ, 31-Dec-2024,919.6,916.8,930.0,911.15,917.8,917.85,921.93,208568,1922.86,14687, 66995, 32.12,-0.19
