SYMBOL, SERIES, DATE1, PREV_CLOSE, OPEN_PRICE, HIGH_PRICE, LOW_PRICE, LAST_PRICE, CLOSE_PRICE, AVG_PRICE, TTL_TRD_QNTY, TURNOVER_LACS, NO_OF_TRADES, DELIV_QTY, DELIV_PER,PER_CHANGE
GRSE, EQ, 01-Jan-2020,198.85,199.25,200.7,197.8, 198.90,198.6,198.94,59447,118.26,1554, 26468, 44.52,-0.13
GRSE, EQ, 01-Jan-2021,194.4,195.5,203.4,194.8, 201.40,201.85,200.48,420380,842.78,5307, 184016, 43.77,3.83
GRSE, EQ, 01-Jan-2024,873.25,874.0,886.8,870.0, 870.00,873.8,877.63,604835,5308.19,21032, 231539, 38.28,0.06
GRSE, EQ, 01-Jan-2025,1616.4,1612.0,1675.0,1606.0,1652.0,1650.1,1642.75,428606,7040.93,31814, 89033, 20.77,2.08
GRSE, EQ, 01-Feb-2021,180.5,184.0,187.0,181.5, 184.50,184.35,183.81,162989,299.59,3532, 64975, 39.86,2.13
GRSE, EQ, 01-Feb-2022,241.45,243.95,247.3,234.0,235.25,235.4,240.42,338419,813.63,7358, 155321, 45.90,-2.51
GRSE, EQ, 01-Feb-2023,502.2,507.2,529.1,467.0, 480.90,478.95,503.33,1319488,6641.44,29400, 299642, 22.71,-4.63
GRSE, EQ, 01-Feb-2024,930.95,936.2,947.35,910.7, 918.00,920.1,928.23,950915,8826.65,30161, 229624, 24.15,-1.17
GRSE, EQ, 01-Mar-2021,198.05,200.0,202.8,198.0, 199.60,199.4,199.99,225738,451.45,3760, 73207, 32.43,0.68
GRSE, EQ, 01-Mar-2023,412.6,413.8,440.85,413.3, 436.15,436.7,428.22,691003,2958.99,28939, 285610, 41.33,5.84
GRSE, EQ, 01-Mar-2024,813.75,816.0,827.0,814.0, 817.90,817.85,819.37,238069,1950.66,12272, 87580, 36.79,0.5
GRSE, EQ, 01-Apr-2020,136.6,137.0,139.85,129.9,138.35,137.85,135.51,137201,185.92,2894, 85180, 62.08,0.92
GRSE, EQ, 01-Apr-2021,184.85,185.8,193.0,185.8, 190.20,190.55,188.33,121867,229.51,2337, 60473, 49.62,3.08
GRSE, EQ, 01-Apr-2022,226.7,226.0,234.6,225.9, 230.00,230.8,231.53,114227,264.47,2321, 47194, 41.32,1.81
GRSE, EQ, 01-Apr-2024,764.7,798.0,823.0,779.45, 808.90,807.4,808.39,1656396,13390.18,56148, 363346, 21.94,5.58
GRSE, EQ, 01-Apr-2025,1685.7,1680.0,1705.0,1660.0,1697.0,1691.25,1684.21,605974,10205.89,23599, 163348, 26.96,0.33
GRSE, EQ, 01-Jun-2020,141.9,143.0,149.25,140.2, 149.25,147.7,146.04,404625,590.92,8403, 146456, 36.20,4.09
GRSE, EQ, 01-Jun-2021,179.7,184.9,188.7,181.2, 182.40,181.9,184.35,514474,948.45,7742, 141871, 27.58,1.22
GRSE, EQ, 01-Jun-2022,259.4,260.0,263.9,253.0,253.5,254.05,257.03,503045,1293.0,12673, 184263, 36.63,-2.06
GRSE, EQ, 01-Jun-2023,454.8,456.8,462.2,454.8, 455.00,456.4,458.01,231020,1058.1,7447, 57827, 25.03,0.35
GRSE, EQ, 01-Jul-2020,214.5,216.0,218.75,211.25, 216.10,215.95,215.78,257475,555.59,5510, 103897, 40.35,0.68
GRSE, EQ, 01-Jul-2021,203.7,204.0,205.3,201.0, 202.30,201.5,202.69,215471,436.74,4053, 115964, 53.82,-1.08
GRSE, EQ, 01-Jul-2022,224.15,222.0,226.1,218.45,221.85,220.55,221.08,185514,410.13,5752, 96782, 52.17,-1.61
GRSE, EQ, 01-Jul-2024,2099.1,2127.7,2309.0,2127.7,2309.0,2306.5,2275.68,9513296,216491.99,213213, 2005303, 21.08,9.88
GRSE, EQ, 01-Aug-2022,257.2,258.45,263.0,256.1, 261.00,261.15,260.01,143921,374.21,3529, 65155, 45.27,1.54
GRSE, EQ, 01-Aug-2023,620.9,623.95,634.5,618.55, 624.60,624.3,628.09,1041906,6544.15,22934, 302502, 29.03,0.55
GRSE, EQ, 01-Aug-2024,2405.55,2448.0,2474.0,2330.0,2358.0,2350.3,2404.19,793156,19068.97,46484, 307058, 38.71,-2.3
GRSE, EQ, 01-Sep-2020,199.0,198.1,202.65,191.5, 196.00,196.05,195.97,237649,465.72,5894, 106532, 44.83,-1.48
GRSE, EQ, 01-Sep-2021,189.05,191.4,192.9,189.5,190.9,190.55,190.88,127526,243.42,2012, 75207, 58.97,0.79
GRSE, EQ, 01-Sep-2022,300.65,301.6,316.25,299.2,312.3,312.6,310.72,1557861,4840.65,24258, 451024, 28.95,3.97
GRSE, EQ, 01-Sep-2023,817.35,819.7,841.25,811.1, 815.00,815.75,824.31,1206367,9944.26,36611, 312411, 25.90,-0.2
GRSE, EQ, 01-Oct-2020,216.35,217.0,227.5,212.1, 219.00,219.65,220.64,1552551,3425.49,21378, 467732, 30.13,1.53
GRSE, EQ, 01-Oct-2021,193.3,192.15,193.0,185.5, 186.85,186.85,188.88,394350,744.86,6713, 291847, 74.01,-3.34
GRSE, EQ, 01-Oct-2024,1722.35,1724.0,1733.1,1701.1,1707.0,1708.1,1710.02,318718,5450.13,20949, 102923, 32.29,-0.83
GRSE, EQ, 01-Nov-2021,219.3,224.0,224.0,218.0, 218.10,220.2,220.45,144071,317.61,3381, 62499, 43.38,0.41
GRSE, EQ, 01-Nov-2022,447.55,449.0,462.8,446.0,456.5,455.65,454.98,1012384,4606.13,22232, 224572, 22.18,1.81
GRSE, EQ, 01-Nov-2023,742.95,746.8,747.3,730.1, 735.95,735.1,738.31,324890,2398.71,12057, 68146, 20.98,-1.06
GRSE, EQ, 01-Dec-2020,193.3,194.45,195.8,193.3,195.0,194.25,194.49,39558,76.94,1386, 20321, 51.37,0.49
GRSE, EQ, 01-Dec-2021,221.35,222.3,237.45,222.3,234.75,235.45,232.97,747684,1741.87,18200, 215747, 28.86,6.37
GRSE, EQ, 01-Dec-2022,511.35,513.95,520.0,496.5,502.0,502.0,508.8,1184347,6025.92,31447, 233275, 19.70,-1.83
GRSE, EQ, 01-Dec-2023,847.1,850.8,854.45,831.9, 835.50,836.0,840.84,663460,5578.64,21298, 245038, 36.93,-1.31
GRSE, EQ, 02-Jan-2020,198.6,198.0,212.7,196.15, 208.50,209.8,207.79,591261,1228.58,11744, 227058, 38.40,5.64
GRSE, EQ, 02-Jan-2023,484.7,487.0,488.3,474.2, 478.05,480.35,480.32,414482,1990.83,13708, 87838, 21.19,-0.9
GRSE, EQ, 02-Jan-2024,873.8,878.65,878.65,851.1, 863.85,865.0,865.33,465924,4031.77,19768, 152452, 32.72,-1.01
GRSE, EQ, 02-Jan-2025,1650.1,1650.0,1681.75,1637.0,1645.0,1649.6,1654.26,374070,6188.1,32301, 93443, 24.98,-0.03
GRSE, EQ, 02-Feb-2021,184.35,185.1,189.9,185.0, 188.45,187.65,187.71,135452,254.26,2470, 41589, 30.70,1.79
GRSE, EQ, 02-Feb-2022,235.4,237.2,240.0,237.2, 238.80,237.95,238.62,108728,259.44,3100, 55274, 50.84,1.08
GRSE, EQ, 02-Feb-2023,478.95,480.95,512.0,478.3, 492.20,493.55,496.36,702392,3486.39,27217, 200280, 28.51,3.05
GRSE, EQ, 02-Feb-2024,920.1,924.75,924.75,886.6, 894.00,890.95,906.41,651993,5909.76,29652, 300623, 46.11,-3.17
GRSE, EQ, 02-Mar-2020,152.45,156.35,166.5,151.7, 158.95,157.3,160.17,287970,461.24,7017, 151222, 52.51,3.18
GRSE, EQ, 02-Mar-2021,199.4,200.8,217.4,200.0,211.2,211.0,211.86,1664745,3526.89,21754, 441143, 26.50,5.82
GRSE, EQ, 02-Mar-2022,218.55,217.9,227.3,216.2, 226.75,225.05,223.25,203492,454.29,5489, 71118, 34.95,2.97
GRSE, EQ, 02-Mar-2023,436.7,438.3,449.25,436.0, 438.00,439.65,442.87,359488,1592.08,15435, 125342, 34.87,0.68
GRSE, EQ, 02-Apr-2024,807.4,809.7,829.5,802.0, 828.00,825.05,821.06,994021,8161.47,35050, 238986, 24.04,2.19
GRSE, EQ, 02-Apr-2025,1691.25,1699.7,1726.0,1645.4,1714.0,1718.8,1693.21,1023221,17325.33,62635, 209935, 20.52,1.63
GRSE, EQ, 02-May-2022,283.7,284.0,297.3,284.0,289.5,290.05,291.07,519248,1511.36,11645, 130798, 25.19,2.24
GRSE, EQ, 02-May-2023,462.5,465.7,499.05,462.95, 497.00,495.95,484.51,1048645,5080.78,25500, 346636, 33.06,7.23
GRSE, EQ, 02-May-2024,989.05,990.0,1019.0,971.3, 993.90,990.65,996.73,1319033,13147.21,54300, 271952, 20.62,0.16
GRSE, EQ, 02-Jun-2020,147.7,149.35,153.75,146.85,149.8,149.95,150.32,414905,623.7,8659, 148024, 35.68,1.52
GRSE, EQ, 02-Jun-2021,181.9,182.4,185.3,182.1, 183.00,182.85,183.6,178650,328.0,2856, 88021, 49.27,0.52
GRSE, EQ, 02-Jun-2022,254.05,254.0,260.65,253.0,259.0,259.2,258.41,249294,644.2,6477, 79698, 31.97,2.03
GRSE, EQ, 02-Jun-2023,456.4,459.4,469.0,458.0, 464.55,463.4,464.16,437061,2028.66,11576, 131489, 30.08,1.53
GRSE, EQ, 02-Jul-2020,215.95,216.75,224.8,215.45, 217.00,217.4,219.77,380361,835.91,7750, 98745, 25.96,0.67
GRSE, EQ, 02-Jul-2021,201.5,202.95,209.5,202.0,204.3,204.8,206.13,630137,1298.92,8870, 141833, 22.51,1.64
GRSE, EQ, 02-Jul-2024,2306.5,2337.0,2473.95,2331.3,2407.05,2405.55,2410.41,7084172,170757.45,234409, 1537819, 21.71,4.29
GRSE, EQ, 02-Aug-2021,197.8,198.1,200.0,196.5,196.95,197.0,198.51,172479,342.39,4688, 105562, 61.20,-0.4
GRSE, EQ, 02-Aug-2022,261.15,260.7,267.8,258.4,264.45,265.7,263.38,406893,1071.69,10058, 193791, 47.63,1.74
GRSE, EQ, 02-Aug-2023,624.3,624.3,625.75,581.1, 601.20,601.75,605.12,863333,5224.23,27137, 285865, 33.11,-3.61
GRSE, EQ, 02-Aug-2024,2350.3,2295.0,2388.8,2285.0,2328.0,2326.6,2339.06,753818,17632.25,46142, 247933, 32.89,-1.01
GRSE, EQ, 02-Sep-2020,196.05,197.4,205.95,196.6, 205.10,203.95,201.47,103489,208.5,2409, 45836, 44.29,4.03
GRSE, EQ, 02-Sep-2021,190.55,191.4,195.9,191.2, 193.00,193.25,193.84,171000,331.47,3265, 74023, 43.29,1.42
GRSE, EQ, 02-Sep-2022,312.6,314.6,321.55,307.2,311.5,310.1,314.91,750678,2363.98,11716, 236581, 31.52,-0.8
GRSE, EQ, 02-Sep-2024,1811.0,1818.0,1862.6,1790.0,1830.0,1831.3,1825.62,1183854,21612.68,69428, 351933, 29.73,1.12
GRSE, EQ, 02-Nov-2020,193.0,193.55,196.75,189.05, 190.00,190.15,191.12,57682,110.24,995, 38770, 67.21,-1.48
GRSE, EQ, 02-Nov-2021,220.2,220.2,227.5,218.0, 226.90,225.9,223.1,311139,694.14,5533, 138970, 44.66,2.59
GRSE, EQ, 02-Nov-2022,455.65,457.4,501.0,453.6,496.0,494.2,481.12,4288602,20633.15,61996, 650506, 15.17,8.46
GRSE, EQ, 02-Nov-2023,735.1,741.7,749.7,736.35, 741.50,741.35,741.94,235074,1744.11,8846, 46134, 19.63,0.85
GRSE, EQ, 02-Dec-2020,194.25,194.95,195.4,192.0, 194.30,193.3,193.1,78658,151.89,2037, 42113, 53.54,-0.49
GRSE, EQ, 02-Dec-2021,235.45,234.8,239.75,232.1, 236.30,236.3,236.73,295153,698.71,7500, 88425, 29.96,0.36
GRSE, EQ, 02-Dec-2022,502.0,504.55,518.9,502.0, 512.40,516.05,511.0,1072119,5478.49,21151, 232164, 21.65,2.8
GRSE, EQ, 02-Dec-2024,1679.25,1669.0,1720.65,1646.25,1656.0,1662.4,1678.7,744250,12493.76,47663, 216722, 29.12,-1.0
GRSE, EQ, 03-Jan-2020,209.8,209.7,211.0,203.5, 204.15,205.05,207.04,163765,339.07,4711, 74585, 45.54,-2.26
GRSE, EQ, 03-Jan-2022,223.35,223.0,227.65,222.85, 225.00,223.75,225.12,134455,302.68,3399, 63443, 47.19,0.18
GRSE, EQ, 03-Jan-2023,480.35,480.35,502.9,479.7, 489.80,492.5,495.77,1734999,8601.66,36814, 222895, 12.85,2.53
GRSE, EQ, 03-Jan-2024,865.0,865.0,877.0,860.05, 869.50,868.05,867.97,537995,4669.65,22631, 149872, 27.86,0.35
GRSE, EQ, 03-Jan-2025,1649.6,1647.0,1679.8,1632.05,1647.4,1642.9,1659.14,339107,5626.26,25126, 96229, 28.38,-0.41
GRSE, EQ, 03-Feb-2020,198.15,180.3,185.0,163.5, 176.50,175.55,172.56,889744,1535.32,15603, 396637, 44.58,-11.41
GRSE, EQ, 03-Feb-2021,187.65,188.65,189.65,185.2, 187.00,186.65,187.6,79252,148.68,2041, 37645, 47.50,-0.53
GRSE, EQ, 03-Feb-2022,237.95,238.95,249.95,238.15, 246.00,246.0,245.54,467204,1147.16,9670, 183297, 39.23,3.38
GRSE, EQ, 03-Feb-2023,493.55,494.5,499.2,477.65, 482.50,481.9,485.57,374518,1818.55,13001, 112992, 30.17,-2.36
GRSE, EQ, 03-Feb-2025,1596.65,1568.0,1582.5,1474.0,1501.0,1507.95,1508.74,983607,14840.06,80603, 198601, 20.19,-5.56
GRSE, EQ, 03-Mar-2020,157.3,159.85,166.0,156.0, 166.00,164.95,160.62,111003,178.3,2861, 41509, 37.39,4.86
GRSE, EQ, 03-Mar-2021,211.0,211.85,217.4,207.55,213.5,214.75,213.61,601245,1284.32,10324, 317802, 52.86,1.78
GRSE, EQ, 03-Mar-2022,225.05,226.2,229.0,222.95,225.05,225.2,225.62,88198,198.99,1836, 52259, 59.25,0.07
GRSE, EQ, 03-Mar-2023,439.65,441.0,441.95,433.7, 439.50,438.3,436.87,266184,1162.88,8930, 110955, 41.68,-0.31
GRSE, EQ, 03-Mar-2025,1256.0,1262.7,1290.1,1184.9,1213.95,1214.35,1216.2,1109785,13497.23,98076, 192816, 17.37,-3.32
GRSE, EQ, 03-Apr-2020,137.85,138.0,147.7,133.45, 141.85,142.3,144.13,192069,276.82,4222, 62092, 32.33,3.23
GRSE, EQ, 03-Apr-2023,455.4,455.4,460.95,442.55, 449.45,447.45,452.09,283420,1281.3,10533, 77008, 27.17,-1.75
GRSE, EQ, 03-Apr-2024,825.05,822.05,904.0,820.1, 882.00,882.75,884.93,7045898,62351.11,135662, 1218505, 17.29,6.99
GRSE, EQ, 03-Apr-2025,1718.8,1682.0,1764.25,1682.0,1733.9,1729.9,1730.64,2433114,42108.44,102020, 699164, 28.74,0.65
GRSE, EQ, 03-May-2021,175.5,175.5,177.9,173.65,174.25,174.2,175.65,186178,327.03,6985, 114487, 61.49,-0.74
GRSE, EQ, 03-May-2023,495.95,498.0,525.35,498.0,509.0,510.75,514.18,1945791,10004.83,40501, 456208, 23.45,2.98
GRSE, EQ, 03-May-2024,990.65,994.4,1011.8,971.1, 1001.95,1002.05,990.38,952374,9432.16,41887, 239724, 25.17,1.15
GRSE, EQ, 03-Jun-2020,149.95,151.0,153.6,146.5,148.5,148.55,151.0,276794,417.96,5258, 134974, 48.76,-0.93
GRSE, EQ, 03-Jun-2021,182.85,182.1,192.5,182.1, 186.25,185.7,188.31,1139938,2146.67,14440, 366598, 32.16,1.56
GRSE, EQ, 03-Jun-2022,259.2,261.55,265.2,254.0, 256.90,255.5,257.76,245102,631.77,9101, 96631, 39.42,-1.43
GRSE, EQ, 03-Jun-2024,1369.4,1485.0,1485.0,1396.05,1410.0,1417.35,1418.71,1117229,15850.19,38820, 477016, 42.70,3.5
GRSE, EQ, 03-Jul-2020,217.4,220.35,224.0,216.5, 218.10,219.3,219.47,385429,845.88,7428, 107156, 27.80,0.87
GRSE, EQ, 03-Jul-2023,575.3,576.0,593.15,573.9, 575.80,577.05,582.39,616476,3590.3,13300, 155531, 25.23,0.3
GRSE, EQ, 03-Jul-2024,2405.55,2450.0,2478.4,2325.0,2453.5,2459.1,2406.72,5490800,132147.95,191520, 1398539, 25.47,2.23
GRSE, EQ, 03-Aug-2020,194.95,193.8,199.55,193.8,196.45,196.85,196.92,88574,174.42,2141, 36702, 41.44,0.97
GRSE, EQ, 03-Aug-2021,197.0,196.1,208.4,196.1,204.0,203.15,204.8,990084,2027.69,12937, 367571, 37.13,3.12
GRSE, EQ, 03-Aug-2022,265.7,265.65,266.6,254.0, 255.75,255.6,257.37,241292,621.01,7048, 96587, 40.03,-3.8
GRSE, EQ, 03-Aug-2023,601.75,600.0,614.15,596.0, 603.95,605.25,604.68,529119,3199.48,14452, 114850, 21.71,0.58
GRSE, EQ, 03-Sep-2020,203.95,205.9,208.0,202.5, 203.50,203.45,205.08,107175,219.8,2783, 44514, 41.53,-0.25
GRSE, EQ, 03-Sep-2021,193.25,194.4,197.35,190.0, 194.50,194.85,193.82,185519,359.58,4708, 56746, 30.59,0.83
GRSE, EQ, 03-Sep-2024,1831.3,1879.2,1974.8,1857.05,1916.95,1913.15,1924.89,5277573,101587.73,212057, 857661, 16.25,4.47
GRSE, EQ, 03-Oct-2022,348.7,349.5,372.0,347.9,354.8,355.25,363.5,2349507,8540.35,38666, 444476, 18.92,1.88
GRSE, EQ, 03-Oct-2023,841.1,844.55,844.95,826.55, 829.00,830.0,832.15,423055,3520.45,12268, 101096, 23.90,-1.32
GRSE, EQ, 03-Oct-2024,1708.1,1670.0,1694.3,1655.0,1655.0,1658.4,1672.7,499934,8362.39,42776, 211385, 42.28,-2.91
GRSE, EQ, 03-Nov-2020,190.15,191.5,193.15,189.1,189.8,189.75,190.61,52857,100.75,1158, 23553, 44.56,-0.21
GRSE, EQ, 03-Nov-2021,225.9,226.85,250.4,226.8, 246.90,247.5,243.31,4133316,10056.75,59301, 992742, 24.02,9.56
GRSE, EQ, 03-Nov-2022,494.2,494.0,540.0,490.15,503.0,503.95,519.74,7656249,39792.59,114723, 923976, 12.07,1.97
GRSE, EQ, 03-Nov-2023,741.35,744.95,752.0,740.55, 742.90,743.0,744.5,235202,1751.07,8179, 62488, 26.57,0.22
GRSE, EQ, 03-Dec-2020,193.3,199.0,203.35,196.25,197.5,197.35,199.67,398892,796.46,6409, 167202, 41.92,2.1
GRSE, EQ, 03-Dec-2021,236.3,236.95,243.55,236.95, 242.00,241.8,241.06,323888,780.76,7653, 123517, 38.14,2.33
GRSE, EQ, 03-Dec-2024,1662.4,1670.0,1740.0,1644.35,1702.5,1704.45,1699.31,995063,16909.19,58115, 226209, 22.73,2.53
GRSE, EQ, 04-Jan-2021,201.85,203.0,204.0,195.55,199.5,199.35,200.95,194738,391.33,3002, 96021, 49.31,-1.24
GRSE, EQ, 04-Jan-2022,223.75,225.0,227.7,220.75, 227.70,225.15,223.97,151163,338.57,2925, 73439, 48.58,0.63
GRSE, EQ, 04-Jan-2023,492.5,490.0,494.7,478.05, 481.55,482.95,485.68,584288,2837.8,16327, 104500, 17.89,-1.94
GRSE, EQ, 04-Jan-2024,868.05,872.4,889.9,860.1, 864.20,863.7,870.37,952233,8287.93,27862, 342113, 35.93,-0.5
GRSE, EQ, 04-Feb-2020,175.55,175.55,179.65,170.0, 173.10,173.35,173.69,402316,698.8,8061, 248687, 61.81,-1.25
GRSE, EQ, 04-Feb-2021,186.65,186.7,191.3,185.2, 188.75,189.05,189.31,103640,196.2,2097, 45290, 43.70,1.29
GRSE, EQ, 04-Feb-2022,246.0,246.1,249.5,242.2, 246.25,245.3,245.71,156942,385.62,4747, 61309, 39.06,-0.28
GRSE, EQ, 04-Feb-2025,1507.95,1548.4,1588.3,1490.0,1522.0,1521.75,1532.0,1684885,25812.48,123132, 154972, 9.20,0.92
GRSE, EQ, 04-Mar-2020,164.95,165.9,165.9,151.75, 155.00,157.25,158.1,183815,290.6,5265, 94591, 51.46,-4.67
GRSE, EQ, 04-Mar-2021,214.75,209.0,214.9,207.15, 207.90,208.15,209.97,211541,444.16,5833, 95577, 45.18,-3.07
GRSE, EQ, 04-Mar-2022,225.2,223.9,231.55,222.65, 228.00,227.6,226.46,139222,315.28,3700, 61008, 43.82,1.07
GRSE, EQ, 04-Mar-2024,816.7,817.7,838.2,810.1, 816.10,819.4,825.33,408001,3367.34,25288, 103457, 25.36,0.33
GRSE, EQ, 04-Mar-2025,1214.35,1191.0,1331.05,1190.95,1269.0,1263.8,1284.82,3853810,49514.48,190600, 238515, 6.19,4.07
GRSE, EQ, 04-Apr-2022,230.8,239.4,254.25,237.0,246.9,245.25,246.06,1327772,3267.1,26390, 307196, 23.14,6.26
GRSE, EQ, 04-Apr-2024,882.75,887.0,893.0,864.0, 887.05,887.95,878.45,1389343,12204.72,45555, 334926, 24.11,0.59
GRSE, EQ, 04-Apr-2025,1729.9,1718.05,1731.95,1613.55,1636.0,1636.2,1657.04,1398649,23176.16,68967, 457999, 32.75,-5.42
GRSE, EQ, 04-May-2020,137.6,135.0,135.0,129.0, 129.30,130.45,131.32,66605,87.47,2260, 42265, 63.46,-5.2
GRSE, EQ, 04-May-2021,174.2,175.2,176.1,171.4, 171.80,171.85,173.6,211586,367.31,9519, 166693, 78.78,-1.35
GRSE, EQ, 04-May-2022,290.05,290.25,294.8,273.15,278.85,278.95,283.45,569786,1615.03,12479, 206299, 36.21,-3.83
GRSE, EQ, 04-May-2023,510.75,510.6,512.25,495.0, 506.40,504.8,503.74,470951,2372.39,13976, 146447, 31.10,-1.16
GRSE, EQ, 04-Jun-2020,148.55,149.05,151.95,145.65,148.5,149.15,149.03,169709,252.92,3841, 73102, 43.07,0.4
GRSE, EQ, 04-Jun-2021,185.7,187.0,187.9,183.55, 185.00,184.85,185.38,236654,438.7,3591, 136328, 57.61,-0.46
GRSE, EQ, 04-Jun-2024,1417.35,1399.05,1399.05,1275.65,1275.65,1275.65,1313.93,1383908,18183.59,49238, 617353, 44.61,-10.0
GRSE, EQ, 04-Jul-2022,220.55,221.0,226.5,220.6,226.0,224.5,223.73,87598,195.99,2505, 42400, 48.40,1.79
GRSE, EQ, 04-Jul-2023,577.05,579.0,580.6,559.0, 561.40,562.35,567.34,410338,2327.99,10929, 184430, 44.95,-2.55
GRSE, EQ, 04-Jul-2024,2459.1,2460.0,2697.0,2419.0,2676.9,2668.8,2596.6,10822653,281021.04,323690, 1841774, 17.02,8.53
GRSE, EQ, 04-Aug-2020,196.85,199.5,216.95,198.2,214.0,213.55,211.04,957303,2020.31,15875, 244797, 25.57,8.48
GRSE, EQ, 04-Aug-2021,203.15,204.9,206.95,199.0,199.6,199.65,202.55,359860,728.9,6751, 165230, 45.92,-1.72
GRSE, EQ, 04-Aug-2022,255.6,257.6,262.5,250.0,252.15,253.4,255.47,171399,437.88,4713, 63385, 36.98,-0.86
GRSE, EQ, 04-Aug-2023,605.25,606.0,610.45,595.35, 599.70,600.15,603.92,316148,1909.28,8093, 100381, 31.75,-0.84
GRSE, EQ, 04-Sep-2020,203.45,198.0,204.2,195.0,200.0,200.4,199.88,199458,398.68,4659, 63575, 31.87,-1.5
GRSE, EQ, 04-Sep-2023,815.75,816.0,835.0,809.4, 817.70,817.35,820.86,1128705,9265.13,27423, 228870, 20.28,0.2
GRSE, EQ, 04-Sep-2024,1913.15,1920.0,1994.95,1920.0,1962.9,1961.45,1959.7,2998200,58755.82,128841, 629365, 20.99,2.52
GRSE, EQ, 04-Oct-2021,186.85,187.8,194.35,187.3, 190.60,190.95,190.22,1635631,3111.37,12506, 1276053, 78.02,2.19
GRSE, EQ, 04-Oct-2022,355.25,362.25,376.0,355.45, 376.00,371.3,366.55,1260699,4621.07,20807, 307545, 24.39,4.52
GRSE, EQ, 04-Oct-2023,830.0,827.8,827.8,795.35, 808.00,806.3,810.21,685298,5552.38,21166, 214112, 31.24,-2.86
GRSE, EQ, 04-Oct-2024,1658.4,1658.4,1697.0,1597.45,1661.9,1659.65,1654.33,1207497,19976.02,69113, 274908, 22.77,0.08
GRSE, EQ, 04-Nov-2020,189.75,191.5,192.9,189.0,189.7,189.35,190.24,25299,48.13,738, 12980, 51.31,-0.21
GRSE, EQ, 04-Nov-2022,503.95,506.0,515.75,490.2,509.3,509.3,504.78,2749382,13878.36,47190, 290908, 10.58,1.06
GRSE, EQ, 04-Nov-2024,1610.5,1608.0,1621.4,1540.0,1540.0,1542.85,1565.12,439869,6884.47,45208, 196130, 44.59,-4.2
GRSE, EQ, 04-Dec-2020,197.35,197.35,203.0,195.0, 195.60,196.7,198.19,284206,563.26,4173, 124321, 43.74,-0.33
GRSE, EQ, 04-Dec-2023,836.0,843.6,851.0,836.9, 838.00,841.65,842.36,499222,4205.25,19852, 208544, 41.77,0.68
GRSE, EQ, 04-Dec-2024,1704.45,1769.95,1815.35,1740.05,1782.7,1776.45,1774.43,1605248,28484.01,82981, 360298, 22.45,4.22
GRSE, EQ, 05-Jan-2021,199.35,199.0,199.9,195.55, 196.70,196.25,196.84,203313,400.2,2982, 124279, 61.13,-1.56
GRSE, EQ, 05-Jan-2022,225.15,226.25,232.5,222.05, 230.90,231.55,229.77,300591,690.67,4973, 141740, 47.15,2.84
GRSE, EQ, 05-Jan-2023,482.95,485.1,491.9,480.0,486.9,488.6,486.51,637510,3101.56,22197, 118923, 18.65,1.17
GRSE, EQ, 05-Jan-2024,863.7,867.9,877.0,856.75, 864.00,863.6,867.18,422997,3668.16,19451, 150710, 35.63,-0.01
GRSE, EQ, 05-Feb-2020,173.35,173.55,183.0,173.55, 180.50,180.65,179.89,284333,511.5,5179, 107036, 37.64,4.21
GRSE, EQ, 05-Feb-2021,189.05,190.0,191.75,184.8, 185.00,185.75,188.27,105306,198.26,2335, 63896, 60.68,-1.75
GRSE, EQ, 05-Feb-2024,890.95,895.9,897.6,871.0, 877.00,878.05,884.43,580336,5132.64,26959, 268713, 46.30,-1.45
GRSE, EQ, 05-Feb-2025,1521.75,1530.0,1572.05,1520.05,1523.0,1527.0,1541.93,595465,9181.63,56913, 100667, 16.91,0.34
GRSE, EQ, 05-Mar-2020,157.25,158.4,162.1,153.1, 154.35,154.75,157.35,156583,246.39,6135, 37716, 24.09,-1.59
GRSE, EQ, 05-Mar-2021,208.15,205.1,213.15,200.05,204.0,202.6,205.94,216843,446.57,4879, 111044, 51.21,-2.67
GRSE, EQ, 05-Mar-2024,819.4,828.0,849.45,821.75, 835.00,835.25,835.05,1086883,9075.98,41969, 202828, 18.66,1.93
GRSE, EQ, 05-Mar-2025,1263.8,1270.35,1301.95,1257.2,1300.0,1294.4,1282.98,1099481,14106.15,68506, 147778, 13.44,2.42
GRSE, EQ, 05-Apr-2021,190.55,190.55,191.0,184.0,185.0,184.9,185.8,119897,222.77,1928, 83919, 69.99,-2.97
GRSE, EQ, 05-Apr-2022,245.25,246.7,257.2,244.2, 247.50,250.3,251.75,747955,1883.01,12798, 278432, 37.23,2.06
GRSE, EQ, 05-Apr-2023,447.45,449.4,468.0,444.1, 462.65,463.65,459.33,471091,2163.86,15462, 132720, 28.17,3.62
GRSE, EQ, 05-Apr-2024,887.95,886.7,929.8,880.1, 895.35,898.15,908.97,3229226,29352.59,68873, 731772, 22.66,1.15
GRSE, EQ, 05-May-2020,130.45,133.0,155.8,131.25, 155.00,146.8,141.11,1293651,1825.47,17849, 202745, 15.67,12.53
GRSE, EQ, 05-May-2021,171.85,173.9,176.8,171.15, 174.00,174.55,174.0,209846,365.14,6965, 71855, 34.24,1.57
GRSE, EQ, 05-May-2022,278.95,283.85,291.75,278.0, 282.00,282.1,284.42,430692,1224.99,12046, 125098, 29.05,1.13
GRSE, EQ, 05-May-2023,504.8,507.8,512.1,501.75, 503.55,503.75,506.14,310174,1569.93,9127, 104124, 33.57,-0.21
GRSE, EQ, 05-Jun-2020,149.15,150.9,156.75,149.0, 153.20,154.2,152.95,291891,446.46,6432, 139060, 47.64,3.39
GRSE, EQ, 05-Jun-2023,463.4,467.0,526.0,464.55, 502.20,505.0,503.6,5322415,26803.81,97256, 665780, 12.51,8.98
GRSE, EQ, 05-Jun-2024,1275.65,1259.95,1259.95,1148.1,1179.9,1180.15,1180.57,2970705,35071.22,64665, 1022702, 34.43,-7.49
GRSE, EQ, 05-Jul-2021,204.8,206.0,209.8,205.05, 208.60,208.3,207.99,389706,810.55,5543, 162687, 41.75,1.71
GRSE, EQ, 05-Jul-2022,224.5,225.65,233.7,225.5,225.55,226.6,230.11,182074,418.97,4595, 91936, 50.49,0.94
GRSE, EQ, 05-Jul-2023,562.35,565.1,575.0,562.35,566.7,567.7,568.96,302530,1721.27,10285, 93837, 31.02,0.95
GRSE, EQ, 05-Jul-2024,2668.8,2676.9,2833.8,2546.05,2700.5,2710.65,2722.89,8211761,223597.25,314701, 1763650, 21.48,1.57
GRSE, EQ, 05-Aug-2020,213.55,215.0,215.9,205.05,207.5,208.5,209.64,442935,928.56,10227, 191373, 43.21,-2.36
GRSE, EQ, 05-Aug-2021,199.65,199.7,200.6,197.5,200.3,199.75,198.83,167385,332.82,3227, 90686, 54.18,0.05
GRSE, EQ, 05-Aug-2022,253.4,254.3,256.95,251.4,254.9,253.55,253.48,97419,246.93,4224, 43384, 44.53,0.06
GRSE, EQ, 05-Aug-2024,2326.6,2216.1,2266.0,2210.3,2210.3,2210.3,2221.83,1044477,23206.54,51643, 423441, 40.54,-5.0
GRSE, EQ, 05-Sep-2022,310.1,312.6,317.5,310.0, 313.00,313.45,314.06,577616,1814.04,17912, 213669, 36.99,1.08
GRSE, EQ, 05-Sep-2023,817.35,821.45,843.0,813.1, 827.50,830.2,829.01,1216756,10086.99,27638, 295548, 24.29,1.57
GRSE, EQ, 05-Sep-2024,1961.45,1976.7,1984.8,1887.0,1899.7,1901.3,1916.78,1446809,27732.1,71957, 457045, 31.59,-3.07
GRSE, EQ, 05-Oct-2020,219.65,219.65,223.8,216.3, 218.80,218.95,219.27,650638,1426.67,10442, 336958, 51.79,-0.32
GRSE, EQ, 05-Oct-2021,190.95,191.0,200.5,191.0, 198.00,197.7,197.24,783268,1544.92,15083, 321562, 41.05,3.53
GRSE, EQ, 05-Oct-2023,806.3,810.35,844.0,810.3, 814.60,817.1,829.66,1312381,10888.25,28132, 213678, 16.28,1.34
GRSE, EQ, 05-Nov-2020,189.35,190.0,192.9,189.3, 189.90,189.8,190.68,60803,115.94,1098, 31060, 51.08,0.24
GRSE, EQ, 05-Nov-2024,1542.85,1540.0,1579.9,1510.55,1548.0,1548.65,1541.79,691343,10659.03,61472, 214375, 31.01,0.38
GRSE, EQ, 05-Dec-2022,516.05,516.95,535.8,511.85, 513.95,515.35,523.4,1596647,8356.89,25993, 309721, 19.40,-0.14
GRSE, EQ, 05-Dec-2023,841.65,845.0,854.0,825.25, 835.65,836.55,840.5,680630,5720.71,24003, 199815, 29.36,-0.61
GRSE, EQ, 05-Dec-2024,1776.45,1784.0,1785.35,1745.45,1758.0,1760.25,1762.11,529803,9335.74,33165, 161387, 30.46,-0.91
GRSE, EQ, 06-Jan-2020,205.05,204.0,204.0,192.05, 193.60,193.4,195.82,292445,572.67,7309, 170775, 58.40,-5.68
GRSE, EQ, 06-Jan-2021,196.25,197.45,202.65,193.5, 196.90,196.05,197.66,302024,596.98,4082, 113341, 37.53,-0.1
GRSE, EQ, 06-Jan-2022,231.55,228.9,233.9,227.3, 231.55,230.75,231.22,166734,385.53,3965, 80030, 48.00,-0.35
GRSE, EQ, 06-Jan-2023,488.6,488.0,488.5,474.05,475.0,476.95,480.31,343974,1652.15,10382, 102299, 29.74,-2.38
GRSE, EQ, 06-Jan-2025,1642.9,1642.95,1649.25,1522.5,1544.0,1534.85,1576.07,396538,6249.7,43370, 155155, 39.13,-6.58
GRSE, EQ, 06-Feb-2020,180.65,181.75,185.05,179.25, 182.25,181.6,182.29,126261,230.16,3193, 58676, 46.47,0.53
GRSE, EQ, 06-Feb-2023,481.9,481.9,491.9,475.3, 479.05,480.5,482.93,359258,1734.97,15776, 150818, 41.98,-0.29
GRSE, EQ, 06-Feb-2024,878.05,880.2,882.0,863.25, 870.90,870.45,871.25,428511,3733.41,23310, 172637, 40.29,-0.87
GRSE, EQ, 06-Feb-2025,1527.0,1540.1,1541.0,1507.55,1521.0,1523.8,1523.8,360314,5490.47,34793, 63768, 17.70,-0.21
GRSE, EQ, 06-Mar-2020,154.75,148.0,151.5,143.05, 149.70,148.05,147.52,128014,188.84,4460, 41439, 32.37,-4.33
GRSE, EQ, 06-Mar-2023,438.3,440.5,447.0,435.5, 438.00,438.3,441.97,229136,1012.71,11317, 85238, 37.20,0.0
GRSE, EQ, 06-Mar-2024,835.25,834.95,834.95,796.05, 806.00,806.55,810.44,533247,4321.65,27969, 191739, 35.96,-3.44
GRSE, EQ, 06-Mar-2025,1294.4,1318.3,1343.75,1285.0,1293.0,1297.2,1311.76,845010,11084.51,48920, 190986, 22.60,0.22
GRSE, EQ, 06-Apr-2021,184.9,185.8,188.45,184.0,185.35,185.8,185.4,168050,311.57,2742, 79332, 47.21,0.49
GRSE, EQ, 06-Apr-2022,250.3,245.9,253.95,244.9, 247.15,246.85,249.52,310528,774.83,6559, 128337, 41.33,-1.38
GRSE, EQ, 06-Apr-2023,463.65,462.4,469.35,457.75, 461.00,460.95,462.81,288351,1334.52,10541, 79493, 27.57,-0.58
GRSE, EQ, 06-May-2020,146.8,150.0,152.4,141.45, 144.00,144.25,145.96,458989,669.96,11953, 89674, 19.54,-1.74
GRSE, EQ, 06-May-2021,174.55,176.45,176.45,172.75, 174.45,174.8,174.75,88870,155.3,3288, 45853, 51.60,0.14
GRSE, EQ, 06-May-2022,282.1,278.8,286.45,272.5,275.4,276.45,277.79,487907,1355.34,11275, 134706, 27.61,-2.0
GRSE, EQ, 06-May-2024,1002.05,1010.0,1010.2,950.0,953.8,954.65,966.29,883018,8532.49,43278, 397270, 44.99,-4.73
GRSE, EQ, 06-Jun-2022,255.5,255.1,256.7,245.0,245.5,245.75,247.49,225346,557.72,7831, 101415, 45.00,-3.82
GRSE, EQ, 06-Jun-2023,505.0,506.0,523.4,495.9,507.35,508.2,509.92,2671455,13622.41,49835, 391892, 14.67,0.63
GRSE, EQ, 06-Jun-2024,1180.15,1217.0,1298.15,1213.15,1298.15,1298.15,1284.08,1834439,23555.57,37592, 540582, 29.47,10.0
GRSE, EQ, 06-Jul-2020,219.3,220.0,225.8,215.6, 223.50,222.85,221.52,473196,1048.21,8342, 147787, 31.23,1.62
GRSE, EQ, 06-Jul-2021,208.3,209.0,210.2,201.1, 203.15,202.5,205.76,280614,577.39,4905, 137620, 49.04,-2.78
GRSE, EQ, 06-Jul-2022,226.6,227.75,239.5,226.65,239.0,238.0,234.83,340355,799.25,12117, 148525, 43.64,5.03
GRSE, EQ, 06-Jul-2023,567.7,570.95,577.0,565.15,570.15,571.5,570.18,320422,1826.99,8736, 136941, 42.74,0.67
GRSE, EQ, 06-Aug-2020,208.5,209.55,212.0,206.45,210.75,209.1,208.91,216031,451.3,3832, 105591, 48.88,0.29
GRSE, EQ, 06-Aug-2021,199.75,199.95,203.2,199.9, 200.00,200.4,201.36,103798,209.01,2622, 45147, 43.50,0.33
GRSE, EQ, 06-Aug-2024,2210.3,2206.0,2263.95,2099.8,2099.8,2099.8,2157.81,1283335,27691.95,80865, 532546, 41.50,-5.0
GRSE, EQ, 06-Sep-2021,194.85,194.85,197.85,193.45,195.3,195.7,195.77,184170,360.56,3741, 58552, 31.79,0.44
GRSE, EQ, 06-Sep-2022,313.45,315.0,316.4,302.2, 308.10,304.5,309.02,346599,1071.08,6555, 146613, 42.30,-2.86
GRSE, EQ, 06-Sep-2023,830.2,830.2,832.0,813.0, 818.90,821.1,820.58,615272,5048.8,20806, 202194, 32.86,-1.1
GRSE, EQ, 06-Sep-2024,1901.3,1899.85,1899.9,1824.0,1829.0,1831.5,1845.12,978980,18063.36,57656, 370605, 37.86,-3.67
GRSE, EQ, 06-Oct-2020,218.95,218.5,224.4,217.7,220.1,220.45,221.24,245311,542.72,6064, 95857, 39.08,0.69
GRSE, EQ, 06-Oct-2021,197.7,198.95,204.2,193.6, 195.00,195.2,199.61,636213,1269.96,11324, 238237, 37.45,-1.26
GRSE, EQ, 06-Oct-2022,371.3,377.0,430.0,376.45, 400.00,400.45,408.99,6802535,27821.81,103984, 1344905, 19.77,7.85
GRSE, EQ, 06-Oct-2023,817.1,822.0,826.8,808.0, 815.00,816.75,814.91,562034,4580.05,18389, 148552, 26.43,-0.04
GRSE, EQ, 06-Nov-2020,189.8,190.5,192.8,190.0, 190.50,190.6,191.01,136959,261.61,1143, 114047, 83.27,0.42
GRSE, EQ, 06-Nov-2023,743.0,746.9,771.6,740.05, 760.20,762.8,760.81,899720,6845.17,26693, 153995, 17.12,2.66
GRSE, EQ, 06-Nov-2024,1548.65,1557.5,1605.0,1556.95,1589.0,1589.15,1578.16,517034,8159.63,42105, 163038, 31.53,2.62
GRSE, EQ, 06-Dec-2021,241.8,241.8,248.45,238.4, 239.00,240.65,242.78,331312,804.35,9714, 121071, 36.54,-0.48
GRSE, EQ, 06-Dec-2022,515.35,513.0,522.95,509.35, 517.70,518.3,516.21,873305,4508.08,18263, 176405, 20.20,0.57
GRSE, EQ, 06-Dec-2023,836.55,840.9,871.9,828.2, 859.80,861.75,858.11,2979065,25563.62,70899, 744429, 24.99,3.01
GRSE, EQ, 06-Dec-2024,1760.25,1775.0,1828.8,1770.0,1778.0,1780.25,1798.5,1050474,18892.81,60169, 273447, 26.03,1.14
GRSE, EQ, 07-Jan-2020,193.4,196.7,199.8,194.15, 195.15,195.15,196.28,172449,338.47,6398, 82755, 47.99,0.9
GRSE, EQ, 07-Jan-2021,196.05,197.8,198.15,194.65, 195.80,195.15,196.07,137162,268.93,4180, 76249, 55.59,-0.46
GRSE, EQ, 07-Jan-2022,230.75,230.75,274.0,229.9,255.0,261.75,261.18,7235590,18897.66,99372, 1340251, 18.52,13.43
GRSE, EQ, 07-Jan-2025,1534.85,1534.85,1620.15,1519.15,1582.0,1574.55,1578.9,548553,8661.13,56489, 111459, 20.32,2.59
GRSE, EQ, 07-Feb-2020,181.6,182.6,183.35,178.1, 179.00,179.95,181.07,96277,174.33,2588, 43780, 45.47,-0.91
GRSE, EQ, 07-Feb-2022,245.3,244.4,246.95,240.1, 244.00,244.65,243.52,127771,311.15,4380, 51871, 40.60,-0.26
GRSE, EQ, 07-Feb-2023,480.5,480.5,496.3,480.45, 492.10,493.05,491.16,324619,1594.41,12101, 107297, 33.05,2.61
GRSE, EQ, 07-Feb-2024,870.45,874.8,880.7,872.5, 874.95,875.95,876.63,216028,1893.78,16260, 85693, 39.67,0.63
GRSE, EQ, 07-Feb-2025,1523.8,1520.0,1520.0,1484.2,1490.0,1492.8,1499.59,452495,6785.58,44329, 92088, 20.35,-2.03
GRSE, EQ, 07-Mar-2022,227.6,220.0,227.15,218.55, 224.10,223.7,223.6,212797,475.82,4882,95171,44.72,-1.71
GRSE, EQ, 07-Mar-2024,806.55,810.7,827.0,806.5, 809.20,808.9,816.6,287030,2343.9,17232, 77916, 27.15,0.29
GRSE, EQ, 07-Mar-2025,1297.2,1303.0,1399.0,1289.55,1388.5,1385.15,1375.07,4153076,57107.74,170955, 394219, 9.49,6.78
GRSE, EQ, 07-Apr-2020,142.3,148.95,158.15,145.05, 156.00,155.35,153.68,159451,245.05,4095, 77245, 48.44,9.17
GRSE, EQ, 07-Apr-2021,185.8,189.5,190.0,184.45,185.2,184.8,186.05,171686,319.42,3545, 89459, 52.11,-0.54
GRSE, EQ, 07-Apr-2022,246.85,249.25,262.5,242.0,244.05,243.75,253.04,912896,2309.97,14460, 366524, 40.15,-1.26
GRSE, EQ, 07-Apr-2025,1636.2,1420.1,1540.0,1405.0,1538.0,1523.5,1492.98,1453310,21697.68,102419, 378518, 26.05,-6.89
GRSE, EQ, 07-May-2020,144.25,143.25,145.8,137.0, 138.45,138.3,140.47,123792,173.89,4333, 56190, 45.39,-4.12
GRSE, EQ, 07-May-2021,174.8,175.5,176.25,170.35, 171.10,171.0,171.99,370167,636.64,9458, 276764, 74.77,-2.17
GRSE, EQ, 07-May-2024,954.65,958.4,976.0,906.75,913.35,913.4,939.44,1352680,12707.62,53167, 391072, 28.91,-4.32
GRSE, EQ, 07-Jun-2021,184.85,186.45,206.0,186.0, 204.40,203.55,197.79,2820030,5577.86,34769, 944965, 33.51,10.12
GRSE, EQ, 07-Jun-2022,245.75,246.9,256.5,245.85,250.0,249.7,249.62,514338,1283.87,14283, 153157, 29.78,1.61
GRSE, EQ, 07-Jun-2023,508.2,514.0,517.8,502.85, 506.00,505.4,508.19,828089,4208.3,20034, 202479, 24.45,-0.55
GRSE, EQ, 07-Jun-2024,1298.15,1327.0,1408.0,1320.2,1345.0,1353.5,1364.94,2693039,36758.34,98732, 685307, 25.45,4.26
GRSE, EQ, 07-Jul-2020,222.85,224.7,225.7,218.0, 218.20,218.95,221.37,347020,768.2,6057, 121054, 34.88,-1.75
GRSE, EQ, 07-Jul-2021,202.5,203.0,205.25,201.5, 202.00,202.2,202.87,241175,489.28,2819, 167891, 69.61,-0.15
GRSE, EQ, 07-Jul-2022,238.0,239.7,243.0,234.4, 236.75,238.1,239.12,162118,387.65,5383, 68434, 42.21,0.04
GRSE, EQ, 07-Jul-2023,571.5,572.0,587.0,562.75, 574.50,576.05,576.65,758870,4376.01,20477, 228361, 30.09,0.8
GRSE, EQ, 07-Aug-2020,209.1,209.1,210.95,200.7,202.1,202.45,204.16,242738,495.58,4933, 114673, 47.24,-3.18
GRSE, EQ, 07-Aug-2023,600.15,602.8,609.45,595.0, 596.00,598.6,600.02,258369,1550.28,9550, 84141, 32.57,-0.26
GRSE, EQ, 07-Aug-2024,2099.8,2132.0,2224.95,1963.95,2178.0,2178.95,2102.92,2791493,58702.92,138658, 785887, 28.15,3.77
GRSE, EQ, 07-Sep-2020,200.4,201.3,201.3,193.15, 194.00,193.85,195.31,194003,378.91,4167, 85929, 44.29,-3.27
GRSE, EQ, 07-Sep-2021,195.7,196.0,200.4,194.1, 196.00,196.3,197.85,250875,496.37,5033, 94349, 37.61,0.31
GRSE, EQ, 07-Sep-2022,304.5,303.0,359.85,300.95, 356.00,349.4,335.95,4228324,14205.11,50141, 859214, 20.32,14.75
GRSE, EQ, 07-Sep-2023,821.1,819.05,966.4,816.8, 909.00,906.9,912.81,14969899,136647.3,273953, 1854194, 12.39,10.45
GRSE, EQ, 07-Oct-2020,220.45,217.5,221.8,216.0,216.8,216.9,218.02,175134,381.84,4736, 54870, 31.33,-1.61
GRSE, EQ, 07-Oct-2021,195.2,197.9,213.9,197.9, 212.40,211.8,207.78,1868928,3883.26,27168, 975195, 52.18,8.5
GRSE, EQ, 07-Oct-2022,400.45,397.0,413.65,385.5, 390.00,392.1,395.97,2736265,10834.82,44327, 657111, 24.01,-2.09
GRSE, EQ, 07-Oct-2024,1659.65,1660.0,1674.0,1501.0,1543.0,1538.15,1580.67,1218102,19254.15,87657, 405240, 33.27,-7.32
GRSE, EQ, 07-Nov-2022,509.3,509.3,519.9,500.7,513.6,516.3,513.12,1812897,9302.37,35860, 191168, 10.54,1.37
GRSE, EQ, 07-Nov-2023,762.8,762.95,781.85,762.95, 773.35,775.3,773.6,822203,6360.55,21601, 148082, 18.01,1.64
GRSE, EQ, 07-Nov-2024,1589.15,1595.0,1614.0,1570.05,1575.0,1575.7,1591.59,343180,5462.0,27769, 97851, 28.51,-0.85
GRSE, EQ, 07-Dec-2020,196.7,198.0,201.75,198.0, 198.50,198.35,199.17,222349,442.85,2865, 114160, 51.34,0.84
GRSE, EQ, 07-Dec-2021,240.65,241.9,243.0,233.1,235.95,235.6,237.34,182739,433.71,7613, 69584, 38.08,-2.1
GRSE, EQ, 07-Dec-2022,518.3,517.7,530.0,514.25, 523.15,523.25,521.12,1023066,5331.36,17548, 247657, 24.21,0.96
GRSE, EQ, 07-Dec-2023,861.75,864.65,865.45,845.0, 847.00,847.9,855.02,772067,6601.33,25377, 307622, 39.84,-1.61
GRSE, EQ, 08-Jan-2020,195.15,192.5,194.95,187.8, 193.50,192.85,192.52,136286,262.38,3565, 47485, 34.84,-1.18
GRSE, EQ, 08-Jan-2021,195.15,196.15,197.85,194.1, 196.00,195.55,195.97,172165,337.4,2482, 105871, 61.49,0.2
GRSE, EQ, 08-Jan-2024,863.6,865.0,875.75,854.9, 866.40,864.7,866.48,480205,4160.86,18125, 188935, 39.34,0.13
GRSE, EQ, 08-Jan-2025,1574.55,1575.0,1580.95,1535.5,1544.0,1542.7,1553.99,271099,4212.84,29749, 86559, 31.93,-2.02
GRSE, EQ, 08-Feb-2021,185.75,186.7,208.0,185.5, 201.45,202.85,200.01,1284570,2569.22,16879, 397254, 30.93,9.21
GRSE, EQ, 08-Feb-2022,244.65,245.95,247.35,240.0,243.15,243.05,243.44,162884,396.53,3911, 61974, 38.05,-0.65
GRSE, EQ, 08-Feb-2023,493.05,492.1,494.2,480.3, 483.00,482.4,485.59,165935,805.77,6631, 70072, 42.23,-2.16
GRSE, EQ, 08-Feb-2024,875.95,878.95,903.8,865.5, 893.00,892.1,888.95,946511,8414.04,51404, 307093, 32.44,1.84
GRSE, EQ, 08-Mar-2021,202.6,206.5,212.0,201.0, 207.25,207.45,207.46,196085,406.8,3982, 77207, 39.37,2.39
GRSE, EQ, 08-Mar-2022,223.7,224.8,233.95,223.35, 228.50,230.0,228.89,154863,354.47,4906, 47007, 30.35,2.82
GRSE, EQ, 08-Mar-2023,438.3,437.8,444.5,429.1, 434.15,434.45,437.89,276292,1209.84,11768, 82049, 29.70,-0.88
GRSE, EQ, 08-Apr-2020,155.35,154.0,166.6,149.35, 151.00,152.6,156.83,174262,273.3,3826, 87584, 50.26,-1.77
GRSE, EQ, 08-Apr-2021,184.8,185.75,188.4,185.5, 187.00,186.8,187.19,78106,146.21,1499, 37177, 47.60,1.08
GRSE, EQ, 08-Apr-2022,243.75,245.65,256.75,243.0, 252.00,251.9,251.93,624570,1573.48,10222, 203460, 32.58,3.34
GRSE, EQ, 08-Apr-2024,898.15,902.5,930.0,894.0, 914.00,914.7,916.71,2491544,22840.24,62291, 563750, 22.63,1.84
GRSE, EQ, 08-Apr-2025,1523.5,1575.9,1599.0,1529.0,1566.4,1565.8,1565.23,980915,15353.59,60777, 166097, 16.93,2.78
GRSE, EQ, 08-May-2020,138.3,139.15,142.0,136.1, 137.00,137.55,138.85,105495,146.48,2735, 42750, 40.52,-0.54
GRSE, EQ, 08-May-2023,503.75,507.3,509.6,491.1, 498.85,496.45,498.49,309789,1544.25,8387, 114735, 37.04,-1.45
GRSE, EQ, 08-May-2024,913.4,914.8,948.0,908.25,933.7,929.95,933.38,1108353,10345.19,39329, 245543, 22.15,1.81
GRSE, EQ, 08-Jun-2020,154.2,163.0,164.0,152.45, 154.55,154.35,157.78,505961,798.32,8477, 234890, 46.42,0.1
GRSE, EQ, 08-Jun-2021,203.55,204.85,213.45,196.5, 205.95,205.65,207.13,1923824,3984.84,24776, 618984, 32.17,1.03
GRSE, EQ, 08-Jun-2022,249.7,248.5,250.0,243.0,244.0,244.0,245.45,184565,453.02,4845, 64923, 35.18,-2.28
GRSE, EQ, 08-Jun-2023,505.4,509.1,514.95,494.2, 497.30,497.45,503.44,537691,2706.93,12795, 134740, 25.06,-1.57
GRSE, EQ, 08-Jul-2020,218.95,219.85,227.15,214.05,214.6,215.85,221.47,935309,2071.42,15863, 186803, 19.97,-1.42
GRSE, EQ, 08-Jul-2021,202.2,202.95,204.25,198.0, 199.00,199.8,201.61,374926,755.89,3093, 308841, 82.37,-1.19
GRSE, EQ, 08-Jul-2022,238.1,239.9,251.6,237.05,239.2,240.55,244.35,232077,567.09,6931, 93672, 40.36,1.03
GRSE, EQ, 08-Jul-2024,2710.65,2716.9,2785.45,2581.55,2605.0,2600.65,2664.44,3972546,105846.08,207459, 1586199, 39.93,-4.06
GRSE, EQ, 08-Aug-2022,253.55,254.7,266.5,254.15,261.0,259.95,261.79,356517,933.33,7777,124070,34.8,2.52
GRSE, EQ, 08-Aug-2023,598.6,601.1,603.45,589.25, 592.25,591.85,596.7,260667,1555.39,9438, 82148, 31.51,-1.13
GRSE, EQ, 08-Aug-2024,2178.95,2178.0,2208.95,2071.0,2091.0,2086.45,2147.1,1771919,38044.86,86798, 544294, 30.72,-4.25
GRSE, EQ, 08-Sep-2020,193.85,193.0,194.9,181.5, 182.00,182.5,187.3,344163,644.62,7570, 179597, 52.18,-5.86
GRSE, EQ, 08-Sep-2021,196.3,197.25,198.5,194.0, 194.20,194.95,196.48,76342,150.0,1468, 39433, 51.65,-0.69
GRSE, EQ, 08-Sep-2022,349.4,357.9,362.55,337.7, 345.00,346.6,350.03,3035434,10624.87,46596, 532300, 17.54,-0.8
GRSE, EQ, 08-Sep-2023,906.9,924.75,974.8,879.05, 888.00,885.3,926.21,10954186,101458.87,199802, 1849459, 16.88,-2.38
GRSE, EQ, 08-Oct-2020,216.9,216.0,220.85,215.0,215.4,216.15,217.9,255804,557.39,4535, 109573, 42.83,-0.35
GRSE, EQ, 08-Oct-2021,211.8,215.0,215.55,206.9, 208.55,207.45,210.49,970755,2043.36,10916, 614152, 63.27,-2.05
GRSE, EQ, 08-Oct-2024,1538.15,1532.0,1684.8,1511.2,1679.95,1664.1,1611.66,2039399,32868.11,124132, 350829, 17.20,8.19
GRSE, EQ, 08-Nov-2021,262.5,266.7,269.6,258.5, 263.60,263.95,264.37,1873329,4952.55,35979, 534982, 28.56,0.55
GRSE, EQ, 08-Nov-2023,775.3,779.2,788.8,768.0, 772.00,776.3,780.18,468486,3655.03,16109, 111139, 23.72,0.13
GRSE, EQ, 08-Nov-2024,1575.7,1575.0,1579.9,1520.8, 1531.00,1526.15,1541.34,260980,4022.59,24079, 110193, 42.22,-3.14
GRSE, EQ, 08-Dec-2020,198.35,198.55,200.4,195.0,196.1,196.25,197.2,103257,203.62,2074, 62856, 60.87,-1.06
GRSE, EQ, 08-Dec-2021,235.6,236.8,242.8,236.55,240.6,240.1,239.6,150373,360.29,5437, 64057, 42.60,1.91
GRSE, EQ, 08-Dec-2022,523.25,523.15,549.8,519.1, 543.75,544.9,538.71,2819086,15186.69,38139, 643029, 22.81,4.14
GRSE, EQ, 08-Dec-2023,847.9,849.75,863.9,830.0, 832.00,832.4,844.42,616053,5202.09,22597, 198822, 32.27,-1.83
GRSE, EQ, 09-Jan-2020,192.85,199.65,202.5,196.55, 198.00,198.5,199.42,230986,460.64,4621, 90887, 39.35,2.93
GRSE, EQ, 09-Jan-2023,476.95,478.45,484.8,475.0,476.3,478.6,480.48,293235,1408.94,9914, 59931, 20.44,0.35
GRSE, EQ, 09-Jan-2024,864.7,869.05,882.15,860.4,862.0,862.7,871.5,861695,7509.68,25600, 190835, 22.15,-0.23
GRSE, EQ, 09-Jan-2025,1542.7,1543.0,1586.85,1520.0,1525.0,1535.55,1550.73,370342,5743.0,43057, 85137, 22.99,-0.46
GRSE, EQ, 09-Feb-2021,202.85,204.45,205.65,191.5, 196.30,196.85,199.01,605323,1204.65,8781, 217892, 36.00,-2.96
GRSE, EQ, 09-Feb-2022,243.05,243.0,246.75,238.0, 238.65,238.7,241.84,117380,283.87,3363, 45895, 39.10,-1.79
GRSE, EQ, 09-Feb-2023,482.4,485.2,487.2,474.1, 479.00,478.1,480.92,172315,828.69,6086, 56732, 32.92,-0.89
GRSE, EQ, 09-Feb-2024,892.1,897.15,897.15,855.55, 867.00,868.7,871.54,536664,4677.27,25094, 187453, 34.93,-2.62
GRSE, EQ, 09-Mar-2020,148.05,136.95,148.0,135.8, 141.75,143.5,141.47,277012,391.89,8727, 146704, 52.96,-3.07
GRSE, EQ, 09-Mar-2021,207.45,206.5,208.55,202.1, 203.70,203.85,204.98,120967,247.96,2511, 62431, 51.61,-1.74
GRSE, EQ, 09-Mar-2022,230.0,235.3,235.3,226.35, 227.00,228.1,231.34,66577,154.02,1503, 27695, 41.60,-0.83
GRSE, EQ, 09-Mar-2023,434.45,435.1,439.15,428.7, 429.85,430.5,433.24,108155,468.58,5550, 46149, 42.67,-0.91
GRSE, EQ, 09-Apr-2020,152.6,158.0,158.0,151.25, 155.40,155.0,154.21,99638,153.65,2753, 59201, 59.42,1.57
GRSE, EQ, 09-Apr-2021,186.8,187.5,189.5,185.0,186.0,185.7,186.73,102547,191.49,1867, 44016, 42.92,-0.59
GRSE, EQ, 09-Apr-2024,914.7,919.0,920.25,888.5, 895.55,897.25,903.19,731085,6603.09,23464, 211682, 28.95,-1.91
GRSE, EQ, 09-Apr-2025,1565.8,1565.8,1584.4,1513.1,1568.0,1566.35,1548.14,794242,12295.94,54438, 150829, 18.99,0.04
GRSE, EQ, 09-May-2022,276.45,274.2,277.9,265.85, 272.15,273.35,272.24,460972,1254.97,13488, 147656, 32.03,-1.12
GRSE, EQ, 09-May-2023,496.45,498.95,504.0,486.05,491.6,491.35,495.33,255196,1264.06,7924, 96118, 37.66,-1.03
GRSE, EQ, 09-May-2024,929.95,933.0,939.8,881.0,900.0,900.65,918.28,782695,7187.37,36416, 227012, 29.00,-3.15
GRSE, EQ, 09-Jun-2020,154.35,156.0,156.8,150.0, 150.60,150.75,152.5,187070,285.29,3694, 90077, 48.15,-2.33
GRSE, EQ, 09-Jun-2021,205.65,207.0,214.9,196.0,198.85,198.7,206.58,1220104,2520.52,18962, 501482, 41.10,-3.38
GRSE, EQ, 09-Jun-2022,244.0,243.95,243.95,239.35, 241.50,241.6,241.92,182828,442.29,4725, 82613, 45.19,-0.98
GRSE, EQ, 09-Jun-2023,497.45,497.3,512.8,490.85, 506.00,507.75,504.94,773118,3903.79,19134, 177130, 22.91,2.07
GRSE, EQ, 09-Jul-2020,215.85,216.9,224.4,212.05, 221.20,221.45,220.21,1399066,3080.82,17908, 188355, 13.46,2.59
GRSE, EQ, 09-Jul-2021,199.8,199.4,202.45,198.4,199.2,199.75,200.1,150820,301.8,3438, 62863, 41.68,-0.03
GRSE, EQ, 09-Jul-2024,2600.65,2630.0,2670.0,2480.05,2552.0,2546.15,2563.2,2412591,61839.48,154571, 838942, 34.77,-2.1
GRSE, EQ, 09-Aug-2021,200.4,200.4,201.4,198.0, 198.60,198.45,199.18,86883,173.05,1512, 57890, 66.63,-0.97
GRSE, EQ, 09-Aug-2023,591.85,594.75,602.5,591.2, 594.00,592.7,595.43,294773,1755.18,12223, 113518, 38.51,0.14
GRSE, EQ, 09-Aug-2024,2086.45,2134.9,2160.0,2031.8,2052.0,2055.05,2080.53,1740077,36202.75,93568, 587800, 33.78,-1.5
GRSE, EQ, 09-Sep-2020,182.5,177.35,183.2,175.1, 182.30,181.8,178.93,244326,437.18,6693, 94861, 38.83,-0.38
GRSE, EQ, 09-Sep-2021,194.95,195.7,196.25,193.05, 193.80,194.45,194.72,68550,133.48,1752, 27714, 40.43,-0.26
GRSE, EQ, 09-Sep-2022,346.6,348.0,352.0,336.0, 343.70,344.7,344.01,1185103,4076.92,20351, 261429, 22.06,-0.55
GRSE, EQ, 09-Sep-2024,1831.5,1834.0,1852.75,1771.0,1788.0,1787.75,1797.93,843188,15159.9,60595, 233211, 27.66,-2.39
GRSE, EQ, 09-Oct-2020,216.15,217.9,219.9,216.3, 217.55,217.15,217.56,120572,262.31,2747, 40356, 33.47,0.46
GRSE, EQ, 09-Oct-2023,816.75,806.9,806.9,781.2, 784.65,785.75,794.29,646201,5132.71,23126, 217246, 33.62,-3.8
GRSE, EQ, 09-Oct-2024,1664.1,1672.45,1706.35,1626.1,1636.0,1636.35,1665.62,885531,14749.62,60546, 224343, 25.33,-1.67
GRSE, EQ, 09-Nov-2020,190.6,192.0,193.9,191.0, 191.80,191.8,192.36,41389,79.62,755, 23884, 57.71,0.63
GRSE, EQ, 09-Nov-2021,263.95,264.9,265.95,255.0,258.0,258.25,261.03,705013,1840.27,16883, 268509, 38.09,-2.16
GRSE, EQ, 09-Nov-2022,516.3,517.0,520.9,497.25, 503.00,505.6,510.93,1062800,5430.11,22024, 227830, 21.44,-2.07
GRSE, EQ, 09-Nov-2023,776.3,779.35,787.8,773.3, 780.00,779.4,780.73,506672,3955.73,13634, 108208, 21.36,0.4
GRSE, EQ, 09-Dec-2020,196.25,201.0,202.0,197.0,197.8,197.85,199.83,237731,475.06,3984, 114985, 48.37,0.82
GRSE, EQ, 09-Dec-2021,240.1,241.3,246.7,240.15, 241.95,241.15,243.14,174575,424.45,5227, 67383, 38.60,0.44
GRSE, EQ, 09-Dec-2022,544.9,546.2,556.8,525.1, 539.00,536.7,543.45,2164257,11761.61,48475, 406367, 18.78,-1.5
GRSE, EQ, 09-Dec-2024,1780.25,1787.0,1792.8,1750.0,1756.9,1754.85,1766.71,447763,7910.66,28079, 158562, 35.41,-1.43
GRSE, EQ, 10-Jan-2020,198.5,198.5,206.0,198.5, 199.40,200.55,202.1,223049,450.78,4552, 77715, 34.84,1.03
GRSE, EQ, 10-Jan-2022,261.75,256.0,261.25,248.0,250.5,249.4,255.36,1507828,3850.32,32929, 483804, 32.09,-4.72
GRSE, EQ, 10-Jan-2023,478.6,478.6,479.45,465.2,467.85,468.65,472.68,295395,1396.27,9179, 68738, 23.27,-2.08
GRSE, EQ, 10-Jan-2024,862.7,866.3,910.75,863.1, 906.00,905.5,892.73,4321529,38579.7,102752, 1082149, 25.04,4.96
GRSE, EQ, 10-Jan-2025,1535.55,1532.05,1532.05,1465.0,1469.35,1472.1,1488.19,412641,6140.89,48382, 139999, 33.93,-4.13
GRSE, EQ, 10-Feb-2020,179.95,180.8,180.95,168.55, 171.60,172.3,172.22,281403,484.64,6358, 121203, 43.07,-4.25
GRSE, EQ, 10-Feb-2021,196.85,198.0,199.85,192.3,193.0,193.35,195.47,187176,365.87,3540, 79803, 42.64,-1.78
GRSE, EQ, 10-Feb-2022,238.7,236.65,239.7,235.6,237.95,237.7,237.86,99332,236.27,2963, 35624, 35.86,-0.42
GRSE, EQ, 10-Feb-2023,478.1,478.9,490.9,471.0, 476.00,477.15,482.45,349124,1684.33,12468, 92779, 26.57,-0.2
GRSE, EQ, 10-Feb-2025,1492.8,1493.3,1590.0,1468.0,1484.65,1502.35,1530.38,2881334,44095.35,188407, 174397, 6.05,0.64
GRSE, EQ, 10-Mar-2021,203.85,204.9,207.8,203.1, 204.20,205.35,205.23,127744,262.17,2818, 56914, 44.55,0.74
GRSE, EQ, 10-Mar-2022,228.1,232.1,233.05,226.0, 226.00,227.65,230.11,88178,202.91,2626, 43299, 49.10,-0.2
GRSE, EQ, 10-Mar-2023,430.5,426.2,429.85,419.0, 429.85,425.1,422.96,189821,802.87,7357, 76613, 40.36,-1.25
GRSE, EQ, 10-Mar-2025,1385.15,1396.0,1423.0,1340.1,1345.0,1360.5,1370.76,1016946,13939.92,58281, 185961, 18.29,-1.78
GRSE, EQ, 10-Apr-2023,460.95,463.0,466.8,455.05, 456.50,457.55,461.3,244209,1126.53,11365, 70947, 29.05,-0.74
GRSE, EQ, 10-Apr-2024,897.25,897.25,901.75,878.2, 880.75,881.4,886.83,515399,4570.7,17518, 193284, 37.50,-1.77
GRSE, EQ, 10-May-2021,171.0,172.5,174.75,170.1, 171.20,171.1,172.14,267905,461.17,7304, 163417, 61.00,0.06
GRSE, EQ, 10-May-2022,273.35,274.25,287.0,274.25, 279.00,282.15,282.97,786949,2226.79,14231, 330447, 41.99,3.22
GRSE, EQ, 10-May-2023,491.35,495.9,515.85,495.0,515.3,514.05,507.39,834209,4232.72,18341, 331174, 39.70,4.62
GRSE, EQ, 10-May-2024,900.65,902.0,924.0,890.5,914.0,912.55,910.28,671588,6113.31,37492, 205355, 30.58,1.32
GRSE, EQ, 10-Jun-2020,150.75,152.7,173.35,152.0, 168.40,167.55,165.68,1505851,2494.94,28809, 365281, 24.26,11.14
GRSE, EQ, 10-Jun-2021,198.7,200.3,212.0,200.0, 204.50,205.4,204.8,1280054,2621.58,17873, 356067, 27.82,3.37
GRSE, EQ, 10-Jun-2022,241.6,239.4,243.9,236.1,237.4,238.35,239.33,153412,367.16,5072, 38900, 25.36,-1.35
GRSE, EQ, 10-Jun-2024,1353.5,1368.9,1373.8,1317.0,1321.55,1325.0,1340.74,844779,11326.28,40224, 373821, 44.25,-2.11
GRSE, EQ, 10-Jul-2020,221.45,219.8,225.45,217.05,218.1,219.35,221.27,849089,1878.79,14942, 192057, 22.62,-0.95
GRSE, EQ, 10-Jul-2023,576.05,579.0,590.0,567.0,580.9,579.85,582.66,1262471,7355.87,30277, 282324, 22.36,0.66
GRSE, EQ, 10-Jul-2024,2546.15,2568.9,2622.0,2426.15,2481.0,2471.2,2497.11,2128812,53158.78,110270, 765630, 35.97,-2.94
GRSE, EQ, 10-Aug-2020,202.45,212.0,221.8,208.25, 218.00,217.0,216.14,785497,1697.78,10685, 430302, 54.78,7.19
GRSE, EQ, 10-Aug-2021,198.45,198.0,199.8,189.9, 190.85,191.45,193.8,255924,495.98,5307, 146066, 57.07,-3.53
GRSE, EQ, 10-Aug-2022,259.95,261.25,270.5,258.4,266.0,266.6,265.38,324650,861.55,8486, 106871, 32.92,2.56
GRSE, EQ, 10-Aug-2023,592.7,596.2,605.15,590.65, 590.65,595.05,596.75,261101,1558.12,8470, 70993, 27.19,0.4
GRSE, EQ, 10-Sep-2020,181.8,184.2,187.9,183.6, 187.00,185.85,186.43,154606,288.24,3786, 45180, 29.22,2.23
GRSE, EQ, 10-Sep-2024,1787.75,1796.7,1820.0,1776.9,1790.0,1789.9,1795.51,546974,9820.97,30351, 130001, 23.77,0.12
GRSE, EQ, 10-Oct-2022,392.1,386.65,464.9,384.3, 458.50,450.1,437.28,11764808,51445.47,143232, 1418172, 12.05,14.79
GRSE, EQ, 10-Oct-2023,785.75,807.0,816.75,797.65, 801.85,801.35,806.92,683892,5518.44,20171, 186693, 27.30,1.99
GRSE, EQ, 10-Oct-2024,1636.35,1655.0,1788.8,1651.85,1745.5,1742.8,1740.28,4985663,86764.28,220228, 557803, 11.19,6.51
GRSE, EQ, 10-Nov-2020,191.8,192.5,194.0,188.0, 188.60,188.25,189.92,83322,158.24,1724, 52326, 62.80,-1.85
GRSE, EQ, 10-Nov-2021,258.25,258.25,267.4,250.7, 253.00,252.5,260.5,908009,2365.39,17199, 284703, 31.35,-2.23
GRSE, EQ, 10-Nov-2022,505.6,505.0,508.15,460.05, 468.00,470.2,483.74,1532491,7413.28,33732, 377738, 24.65,-7.0
GRSE, EQ, 10-Nov-2023,779.4,783.3,791.25,771.0,772.4,774.0,782.03,588785,4604.47,19598, 166209, 28.23,-0.69
GRSE, EQ, 10-Dec-2020,197.85,198.4,201.6,195.75, 196.50,196.45,198.41,343063,680.65,4861, 135395, 39.47,-0.71
GRSE, EQ, 10-Dec-2021,241.15,240.9,243.9,237.0, 238.65,238.3,239.13,100399,240.08,3170, 51634, 51.43,-1.18
GRSE, EQ, 10-Dec-2024,1754.85,1757.7,1774.0,1710.0,1766.0,1751.25,1733.96,464724,8058.13,33894, 162043, 34.87,-0.21
GRSE, EQ, 11-Jan-2021,195.55,196.95,199.55,195.0, 196.00,195.75,196.87,162374,319.67,1920, 89826, 55.32,0.1
GRSE, EQ, 11-Jan-2022,249.4,251.0,256.5,245.75,249.4,247.95,250.76,590341,1480.33,12320, 170739, 28.92,-0.58
GRSE, EQ, 11-Jan-2023,468.65,466.0,474.7,463.5, 465.50,466.0,469.13,346976,1627.78,12268, 69670, 20.08,-0.57
GRSE, EQ, 11-Jan-2024,905.5,907.0,916.9,880.25, 884.00,885.05,901.0,1696471,15285.26,49226, 613886, 36.19,-2.26
GRSE, EQ, 11-Feb-2020,172.3,170.2,175.55,170.2, 173.00,173.15,173.55,129966,225.56,2932, 72479, 55.77,0.49
GRSE, EQ, 11-Feb-2021,193.35,192.95,202.0,192.95,196.1,196.15,197.3,233315,460.32,4101, 60939, 26.12,1.45
GRSE, EQ, 11-Feb-2022,237.7,235.2,240.5,235.2,239.0,238.35,238.06,128902,306.87,6036, 38396, 29.79,0.27
GRSE, EQ, 11-Feb-2025,1502.35,1496.0,1501.0,1435.95,1439.45,1451.3,1470.91,607263,8932.3,54004, 130647, 21.51,-3.4
GRSE, EQ, 11-Mar-2020,143.5,143.5,154.0,143.0, 147.00,147.25,149.48,192601,287.9,6987, 62147, 32.27,2.61
GRSE, EQ, 11-Mar-2022,227.65,227.3,233.5,225.1, 231.20,230.75,230.66,49688,114.61,1461, 22930, 46.15,1.36
GRSE, EQ, 11-Mar-2024,808.9,812.4,813.45,795.0, 795.00,796.55,801.06,252136,2019.76,14579, 106319, 42.17,-1.53
GRSE, EQ, 11-Mar-2025,1360.5,1342.45,1342.45,1295.65,1320.0,1313.5,1312.01,954381,12521.59,53663, 144147, 15.10,-3.45
GRSE, EQ, 11-Apr-2022,251.9,253.8,275.95,253.5,273.0,270.7,267.19,1931417,5160.47,35456, 538152, 27.86,7.46
GRSE, EQ, 11-Apr-2023,457.55,457.5,472.0,456.15, 464.50,466.1,466.29,270504,1261.33,13507, 106923, 39.53,1.87
GRSE, EQ, 11-Apr-2025,1566.35,1617.95,1653.0,1587.05,1617.0,1615.1,1618.22,1169719,18928.59,72056, 245691, 21.00,3.11
GRSE, EQ, 11-May-2020,137.55,138.5,142.0,138.25, 139.00,138.85,139.89,62774,87.82,1691, 29196, 46.51,0.95
GRSE, EQ, 11-May-2021,171.1,171.9,180.2,171.2, 179.00,177.4,175.83,712025,1251.93,13475, 299920, 42.12,3.68
GRSE, EQ, 11-May-2022,282.15,281.0,284.0,258.0,281.9,281.15,274.34,684137,1876.9,13440, 222455, 32.52,-0.35
GRSE, EQ, 11-May-2023,514.05,517.8,519.7,502.0, 509.90,508.05,511.16,399423,2041.69,11513, 180222, 45.12,-1.17
GRSE, EQ, 11-Jun-2020,167.55,169.6,189.4,168.45, 181.80,181.85,182.21,1862280,3393.17,31570, 472552, 25.37,8.53
GRSE, EQ, 11-Jun-2021,205.4,206.8,209.35,204.05, 205.65,205.3,206.21,414233,854.17,5622, 235496, 56.85,-0.05
GRSE, EQ, 11-Jun-2024,1325.0,1340.0,1386.45,1322.15,1330.0,1328.35,1347.98,1075126,14492.5,52918, 418077, 38.89,0.25
GRSE, EQ, 11-Jul-2022,240.55,239.0,242.0,236.3,237.0,237.25,238.91,83999,200.68,2798, 29237, 34.81,-1.37
GRSE, EQ, 11-Jul-2023,579.85,585.9,636.8,585.1, 614.65,616.3,615.04,7978689,49072.15,134216, 1443068, 18.09,6.29
GRSE, EQ, 11-Jul-2024,2471.2,2515.0,2594.75,2515.0,2594.75,2594.75,2580.97,3098954,79983.16,79772, 824109, 26.59,5.0
GRSE, EQ, 11-Aug-2020,217.0,219.95,239.0,217.5,235.05,232.8,232.26,2023915,4700.76,27116, 456102, 22.54,7.28
GRSE, EQ, 11-Aug-2021,191.45,190.0,192.45,181.4, 187.00,186.6,185.24,269796,499.76,5829, 115382, 42.77,-2.53
GRSE, EQ, 11-Aug-2022,266.6,269.45,275.0,267.55,275.0,273.15,272.6,558980,1523.77,10098, 195289, 34.94,2.46
GRSE, EQ, 11-Aug-2023,595.05,597.7,598.9,577.05, 583.00,582.4,588.55,385912,2271.3,13084, 120370, 31.19,-2.13
GRSE, EQ, 11-Sep-2020,185.85,183.0,184.4,178.0, 181.00,179.9,179.96,197307,355.07,4756, 76277, 38.66,-3.2
GRSE, EQ, 11-Sep-2023,885.3,894.9,908.0,878.0, 893.40,897.9,893.42,2043777,18259.54,48015, 436533, 21.36,1.42
GRSE, EQ, 11-Sep-2024,1789.9,1793.95,1795.95,1755.0,1759.1,1757.15,1767.83,364803,6449.1,28887, 165276, 45.31,-1.83
GRSE, EQ, 11-Oct-2021,207.45,208.9,210.75,207.6, 209.50,208.9,208.82,371891,776.58,4719, 239477, 64.39,0.7
GRSE, EQ, 11-Oct-2022,450.1,453.8,461.7,423.15, 424.50,430.75,440.22,4486886,19752.14,69502, 740744, 16.51,-4.3
GRSE, EQ, 11-Oct-2023,801.35,805.65,812.95,799.0, 804.90,804.15,805.03,466147,3752.6,18121, 140606, 30.16,0.35
GRSE, EQ, 11-Oct-2024,1742.8,1753.7,1775.0,1724.0,1747.0,1748.15,1748.06,1370623,23959.37,75969, 227618, 16.61,0.31
GRSE, EQ, 11-Nov-2020,188.25,188.9,192.35,188.5, 189.00,189.4,190.01,61624,117.09,1208, 32329, 52.46,0.61
GRSE, EQ, 11-Nov-2021,252.5,253.6,274.8,253.55, 274.00,272.8,268.48,3030158,8135.5,51307, 591266, 19.51,8.04
GRSE, EQ, 11-Nov-2022,470.2,470.0,477.1,452.0,464.95,461.45,462.99,2177645,10082.35,44421, 394829, 18.13,-1.86
GRSE, EQ, 11-Nov-2024,1526.15,1518.05,1529.0,1487.5, 1492.45,1496.15,1506.47,275218,4146.07,28247, 98348, 35.73,-1.97
GRSE, EQ, 11-Dec-2020,196.45,197.45,198.5,194.0, 194.05,194.45,195.56,124972,244.4,2442, 80570, 64.47,-1.02
GRSE, EQ, 11-Dec-2023,832.4,836.95,849.5,836.05, 841.50,841.85,842.86,389391,3282.04,15389, 115546, 29.67,1.14
GRSE, EQ, 11-Dec-2024,1751.25,1756.55,1765.0,1730.0,1731.0,1733.7,1746.38,349094,6096.5,25586, 120930, 34.64,-1.0
GRSE, EQ, 12-Jan-2021,195.75,196.5,198.4,194.45, 194.90,194.75,195.96,166217,325.71,2427, 95217, 57.28,-0.51
GRSE, EQ, 12-Jan-2022,247.95,250.3,259.55,248.0,255.55,256.05,254.8,618352,1575.56,13933, 170608, 27.59,3.27
GRSE, EQ, 12-Jan-2023,466.0,467.95,482.95,466.0, 480.00,478.9,476.88,520188,2480.66,17824, 101736, 19.56,2.77
GRSE, EQ, 12-Jan-2024,885.05,890.0,891.75,875.0,876.25,876.2,881.89,497315,4385.76,18308, 207480, 41.72,-1.0
GRSE, EQ, 12-Feb-2020,173.15,174.5,175.8,172.35, 174.50,174.35,173.8,135908,236.2,2809, 82184, 60.47,0.69
GRSE, EQ, 12-Feb-2021,196.15,196.9,200.0,194.05,198.2,198.25,196.73,134956,265.5,2673, 63410, 46.99,1.07
GRSE, EQ, 12-Feb-2024,868.7,863.0,864.05,755.0, 789.60,773.75,806.98,1088054,8780.33,57600, 403771, 37.11,-10.93
GRSE, EQ, 12-Feb-2025,1451.3,1440.0,1440.9,1362.05,1414.5,1412.1,1401.99,943374,13226.06,90893, 147669, 15.65,-2.7
GRSE, EQ, 12-Mar-2020,147.25,138.0,139.4,119.8, 125.00,126.7,129.33,226744,293.24,6393, 111633, 49.23,-13.96
GRSE, EQ, 12-Mar-2021,205.35,206.4,213.95,205.4, 207.90,207.8,210.36,444835,935.77,8070, 147470, 33.15,1.19
GRSE, EQ, 12-Mar-2024,796.55,796.95,799.45,763.7, 767.10,768.85,776.32,344117,2671.46,20494, 132631, 38.54,-3.48
GRSE, EQ, 12-Mar-2025,1313.5,1321.75,1338.4,1288.75,1295.9,1299.45,1310.19,782310,10249.76,43934, 151658, 19.39,-1.07
GRSE, EQ, 12-Apr-2021,185.7,184.0,184.4,178.2, 178.95,179.05,181.04,148306,268.5,2601, 82731, 55.78,-3.58
GRSE, EQ, 12-Apr-2022,270.7,272.0,319.35,263.0, 307.80,312.75,301.42,12462892,37565.55,156565, 1196313, 9.60,15.53
GRSE, EQ, 12-Apr-2023,466.1,466.95,482.0,460.8, 462.60,464.35,472.15,433822,2048.3,15180, 104481, 24.08,-0.38
GRSE, EQ, 12-Apr-2024,881.4,880.75,911.0,877.65, 882.85,881.9,893.63,714124,6381.6,24341, 208582, 29.21,0.06
GRSE, EQ, 12-May-2020,138.85,139.45,139.45,134.2, 137.50,137.55,136.34,58328,79.53,1573, 26595, 45.60,-0.94
GRSE, EQ, 12-May-2021,177.4,180.0,186.3,180.0,186.0,184.65,183.39,673015,1234.24,9556, 297140, 44.15,4.09
GRSE, EQ, 12-May-2022,281.15,275.0,282.5,271.0,278.8,279.2,277.67,484516,1345.35,9951, 191601, 39.54,-0.69
GRSE, EQ, 12-May-2023,508.05,509.0,512.7,499.0, 505.00,507.1,506.15,204150,1033.31,7649, 74528, 36.51,-0.19
GRSE, EQ, 12-Jun-2020,181.85,173.7,183.95,171.0, 182.50,182.35,179.25,680478,1219.76,13459, 309427, 45.47,0.27
GRSE, EQ, 12-Jun-2023,507.75,510.3,573.0,508.85, 555.85,564.7,548.03,8308265,45531.77,135457, 1540914, 18.55,11.22
GRSE, EQ, 12-Jun-2024,1328.35,1335.0,1371.0,1328.4,1362.65,1365.3,1351.79,1088153,14709.5,44711, 392040, 36.03,2.78
GRSE, EQ, 12-Jul-2021,199.75,201.7,202.45,198.4, 198.95,199.0,200.36,205197,411.12,4300, 126808, 61.80,-0.38
GRSE, EQ, 12-Jul-2022,237.25,237.95,248.0,236.1,246.2,246.2,243.85,366682,894.16,7825, 143350, 39.09,3.77
GRSE, EQ, 12-Jul-2023,616.3,617.0,624.3,604.4, 611.50,612.2,616.22,2557665,15760.88,52743, 479087, 18.73,-0.67
GRSE, EQ, 12-Jul-2024,2594.75,2660.0,2677.0,2568.0,2590.0,2588.2,2622.51,1644765,43134.1,81381, 642754, 39.08,-0.25
GRSE, EQ, 12-Aug-2020,232.8,237.0,243.0,225.0,228.85,228.05,235.42,1103629,2598.16,18543, 345507, 31.31,-2.04
GRSE, EQ, 12-Aug-2021,186.6,187.0,194.0,187.0, 192.20,192.5,190.68,148467,283.1,3586, 51849, 34.92,3.16
GRSE, EQ, 12-Aug-2022,273.15,280.1,286.5,274.3,276.4,277.6,279.75,1421669,3977.18,20504, 358254, 25.20,1.63
GRSE, EQ, 12-Aug-2024,2055.05,2024.95,2053.25,1986.0,2009.0,2009.15,2015.19,1043546,21029.4,66090, 390499, 37.42,-2.23
GRSE, EQ, 12-Sep-2022,344.7,345.9,364.35,343.6, 358.90,359.4,355.43,1842906,6550.21,27774, 412985, 22.41,4.26
GRSE, EQ, 12-Sep-2023,897.9,897.9,906.0,802.65, 820.90,814.8,840.82,2686141,22585.6,78503, 687084, 25.58,-9.25
GRSE, EQ, 12-Sep-2024,1757.15,1767.9,1782.2,1743.05,1748.0,1750.7,1754.11,465123,8158.75,34025, 152444, 32.77,-0.37
GRSE, EQ, 12-Oct-2020,217.15,218.0,221.85,202.8, 204.00,204.4,210.91,444707,937.93,7762, 179482, 40.36,-5.87
GRSE, EQ, 12-Oct-2021,208.9,210.25,234.3,207.8, 226.50,226.45,225.25,4510036,10158.66,56347, 1158696, 25.69,8.4
GRSE, EQ, 12-Oct-2022,430.75,429.75,469.0,422.55, 464.10,464.45,451.9,7143500,32281.78,95477, 641243, 8.98,7.82
GRSE, EQ, 12-Oct-2023,804.15,807.95,813.75,796.25, 801.50,801.35,804.09,371892,2990.36,13457, 104633, 28.14,-0.35
GRSE, EQ, 12-Nov-2020,189.4,190.3,190.55,187.0, 187.40,187.55,188.15,64830,121.98,1364, 42754, 65.95,-0.98
GRSE, EQ, 12-Nov-2021,272.8,274.5,276.7,263.0, 265.65,265.4,267.56,840486,2248.8,16818, 257826, 30.68,-2.71
GRSE, EQ, 12-Nov-2024,1496.15,1499.95,1523.0,1458.15,1462.0,1462.55,1486.89,273441,4065.77,29911, 108838, 39.80,-2.25
GRSE, EQ, 12-Dec-2022,536.7,533.85,543.0,526.5, 534.95,537.1,536.08,785459,4210.66,17746, 141981, 18.08,0.07
GRSE, EQ, 12-Dec-2023,841.85,845.95,849.05,830.0, 833.20,833.95,836.7,320664,2683.0,13954, 114041, 35.56,-0.94
GRSE, EQ, 12-Dec-2024,1733.7,1738.6,1806.0,1711.0,1765.0,1770.15,1769.11,790300,13981.3,47692, 191638, 24.25,2.1
GRSE, EQ, 13-Jan-2020,200.55,202.95,206.8,200.8, 205.70,204.05,204.07,183924,375.32,3673, 90447, 49.18,1.75
GRSE, EQ, 13-Jan-2021,194.75,195.6,197.5,193.6, 194.15,194.3,195.66,126685,247.88,1995, 63253, 49.93,-0.23
GRSE, EQ, 13-Jan-2022,256.05,257.3,259.45,251.45, 254.00,253.9,255.03,271783,693.14,8127, 96113, 35.36,-0.84
GRSE, EQ, 13-Jan-2023,478.9,480.0,492.0,480.0,489.9,488.8,486.84,498543,2427.1,13657, 111625, 22.39,2.07
GRSE, EQ, 13-Jan-2025,1472.1,1445.4,1461.8,1350.0,1371.2,1371.4,1404.25,604668,8491.07,71108, 257650, 42.61,-6.84
GRSE, EQ, 13-Feb-2020,174.35,174.95,175.9,170.7, 172.55,172.9,173.89,175154,304.58,2647, 118043, 67.39,-0.83
GRSE, EQ, 13-Feb-2023,477.15,477.0,480.0,433.0,442.9,442.4,447.42,788431,3527.62,25277, 264378, 33.53,-7.28
GRSE, EQ, 13-Feb-2024,773.75,794.0,810.95,750.0, 800.00,797.6,790.98,806840,6381.91,46924, 187271, 23.21,3.08
GRSE, EQ, 13-Feb-2025,1412.1,1417.1,1468.7,1402.2,1410.0,1410.4,1430.97,801247,11465.59,70534, 123939, 15.47,-0.12
GRSE, EQ, 13-Mar-2020,126.7,110.0,137.85,102.0, 137.00,136.15,128.46,196544,252.47,4653, 94940, 48.30,7.46
GRSE, EQ, 13-Mar-2023,425.1,417.1,427.0,407.0, 411.50,409.45,414.85,205483,852.46,9529, 79392, 38.64,-3.68
GRSE, EQ, 13-Mar-2024,768.85,765.05,780.0,673.45, 684.00,685.8,722.54,895016,6466.85,50712, 296835, 33.17,-10.8
GRSE, EQ, 13-Mar-2025,1299.45,1307.55,1372.65,1282.7,1306.0,1303.35,1333.84,2045313,27281.28,105873, 193189, 9.45,0.3
GRSE, EQ, 13-Apr-2020,155.0,163.2,164.5,154.2, 154.95,157.1,157.13,139180,218.69,3577,53178,46.58,1.35
GRSE, EQ, 13-Apr-2021,179.05,180.05,182.65,176.05, 176.85,177.1,178.51,124171,221.66,2487, 74518, 60.01,-1.09
GRSE, EQ, 13-Apr-2022,312.75,308.0,312.8,293.6,296.9,297.05,303.47,2858143,8673.68,48710, 534148, 18.69,-5.02
GRSE, EQ, 13-Apr-2023,464.35,465.0,471.9,463.0, 467.00,467.95,467.43,183959,859.88,6482, 59819, 32.52,0.78
GRSE, EQ, 13-May-2020,137.55,143.0,143.0,136.0,139.75,139.65,139.08,179616,249.81,5251, 83686, 46.59,1.53
GRSE, EQ, 13-May-2022,279.2,284.75,294.2,281.15,284.0,283.45,286.7,344041,986.38,8742, 89371, 25.98,1.52
GRSE, EQ, 13-May-2024,912.55,914.85,928.0,891.0,906.0,906.9,906.12,702634,6366.69,34275, 219899, 31.30,-0.62
GRSE, EQ, 13-Jun-2022,238.35,235.3,235.3,223.5,225.9,225.5,227.57,230158,523.78,7072, 100940, 43.86,-5.39
GRSE, EQ, 13-Jun-2023,564.7,556.75,573.4,555.0, 561.90,563.2,564.62,2450979,13838.6,46569, 684764, 27.94,-0.27
GRSE, EQ, 13-Jun-2024,1365.3,1379.0,1573.0,1353.5,1564.0,1535.05,1476.63,5663976,83636.09,167685, 1344690, 23.74,12.43
GRSE, EQ, 13-Jul-2020,219.35,220.45,221.8,212.25, 214.25,214.6,216.61,402763,872.42,8695, 179977, 44.69,-2.17
GRSE, EQ, 13-Jul-2021,199.0,200.75,208.6,200.0, 203.10,203.25,204.99,543001,1113.11,11682, 165354, 30.45,2.14
GRSE, EQ, 13-Jul-2022,246.2,248.0,248.6,239.5,240.8,240.3,243.1,286099,695.49,2603, 236154, 82.54,-2.4
GRSE, EQ, 13-Jul-2023,612.2,612.0,624.0,596.65, 605.90,601.75,613.1,1422587,8721.89,30676, 320849, 22.55,-1.71
GRSE, EQ, 13-Aug-2020,228.05,229.1,236.4,221.5, 235.00,234.0,230.27,564737,1300.4,11794, 243123, 43.05,2.61
GRSE, EQ, 13-Aug-2021,192.5,192.25,195.3,190.25,191.4,191.1,193.03,87455,168.81,2489, 51591, 58.99,-0.73
GRSE, EQ, 13-Aug-2024,2009.15,2030.0,2034.6,1940.45,1944.0,1951.3,1982.82,799969,15861.97,57911, 347784, 43.47,-2.88
GRSE, EQ, 13-Sep-2021,194.45,200.0,200.2,193.5, 194.00,193.85,195.35,249955,488.29,7255, 99318, 39.73,-0.31
GRSE, EQ, 13-Sep-2022,359.4,361.2,362.8,348.0, 350.15,351.15,353.43,646580,2285.2,11216, 243539, 37.67,-2.3
GRSE, EQ, 13-Sep-2023,814.8,818.65,839.9,776.1, 798.95,798.95,800.81,2249820,18016.68,64769, 449700, 19.99,-1.95
GRSE, EQ, 13-Sep-2024,1750.7,1759.0,1799.95,1744.0,1774.2,1779.3,1782.17,607275,10822.69,37292, 159576, 26.28,1.63
GRSE, EQ, 13-Oct-2020,204.4,204.0,204.0,193.85, 202.50,199.15,198.01,219255,434.15,10423, 93985, 42.87,-2.57
GRSE, EQ, 13-Oct-2021,226.45,227.45,239.3,224.1,224.1,226.45,232.12,1881639,4367.67,32890, 684510, 36.38,0.0
GRSE, EQ, 13-Oct-2022,464.45,459.5,485.95,457.0,470.9,475.1,475.17,6221210,29561.05,99436, 729273, 11.72,2.29
GRSE, EQ, 13-Oct-2023,801.35,798.45,808.2,795.75, 797.45,798.75,801.15,456531,3657.49,11829, 144451, 31.64,-0.32
GRSE, EQ, 13-Nov-2020,187.55,188.0,195.0,187.0,191.95,192.25,193.04,314957,607.99,4709, 66123, 20.99,2.51
GRSE, EQ, 13-Nov-2023,778.0,781.05,781.05,765.5, 772.00,768.7,771.17,279237,2153.4,10971, 95062, 34.04,-1.2
GRSE, EQ, 13-Nov-2024,1462.55,1454.0,1457.3,1370.0,1399.15,1384.2,1396.03,703813,9825.43,80396, 271355, 38.55,-5.36
GRSE, EQ, 13-Dec-2021,238.3,238.8,242.25,235.1,235.95,235.85,237.71,129748,308.42,3407, 57619, 44.41,-1.03
GRSE, EQ, 13-Dec-2022,537.1,540.0,547.7,531.65, 537.10,536.6,541.27,958844,5189.9,17522, 187628, 19.57,-0.09
GRSE, EQ, 13-Dec-2023,833.95,836.5,840.25,827.25, 832.00,831.7,832.79,393028,3273.09,16643, 112344, 28.58,-0.27
GRSE, EQ, 13-Dec-2024,1770.15,1760.0,1765.0,1701.85,1720.0,1720.3,1726.54,508368,8777.17,35495, 152566, 30.01,-2.82
GRSE, EQ, 14-Jan-2020,204.05,204.95,216.2,203.0, 211.50,211.65,211.22,628019,1326.48,11595, 216189, 34.42,3.72
GRSE, EQ, 14-Jan-2021,194.3,195.4,205.8,194.45, 197.50,197.65,200.66,1177184,2362.14,12724, 291479, 24.76,1.72
GRSE, EQ, 14-Jan-2022,253.9,252.05,258.2,248.1, 251.80,251.85,252.49,278450,703.06,7003, 106958, 38.41,-0.81
GRSE, EQ, 14-Jan-2025,1371.4,1396.75,1464.9,1365.85,1443.0,1439.25,1424.47,740461,10547.64,71784, 144411, 19.50,4.95
GRSE, EQ, 14-Feb-2020,172.9,172.9,175.15,168.05, 168.65,169.75,170.86,96010,164.04,2276, 54413, 56.67,-1.82
GRSE, EQ, 14-Feb-2022,238.35,238.25,238.25,221.55,224.0,224.45,228.44,208938,477.29,6654, 104827, 50.17,-5.83
GRSE, EQ, 14-Feb-2023,442.4,444.75,455.85,442.4,447.05,449.75,449.29,331745,1490.48,10296, 75541, 22.77,1.66
GRSE, EQ, 14-Feb-2024,797.6,795.0,819.0,775.0, 815.00,811.25,809.42,497558,4027.32,23825, 120250, 24.17,1.71
GRSE, EQ, 14-Feb-2025,1410.4,1423.5,1432.05,1340.0,1343.05,1350.85,1375.26,583800,8028.8,63462, 126606, 21.69,-4.22
GRSE, EQ, 14-Mar-2022,230.75,231.4,233.0,225.5,226.7,226.65,229.13,64198,147.09,1833, 28789, 44.84,-1.78
GRSE, EQ, 14-Mar-2023,409.45,409.05,419.5,404.4, 406.80,407.6,410.63,199187,817.92,7841, 52817, 26.52,-0.45
GRSE, EQ, 14-Mar-2024,685.8,686.2,733.25,683.35, 726.80,726.95,717.25,574460,4120.31,33966, 157401, 27.40,6.0
GRSE, EQ, 14-May-2020,139.65,138.9,139.7,137.5,138.3,137.75,138.04,45672,63.05,1544, 23049, 50.47,-1.36
GRSE, EQ, 14-May-2021,184.65,186.2,187.75,177.4, 177.85,177.9,181.05,280642,508.11,4597, 154457, 55.04,-3.66
GRSE, EQ, 14-May-2024,906.9,913.05,991.95,911.0,980.3,985.4,964.36,2828234,27274.4,86565, 505453, 17.87,8.66
GRSE, EQ, 14-Jun-2021,205.3,205.9,206.05,197.5, 202.35,201.2,200.4,518544,1039.17,6849, 235864, 45.49,-2.0
GRSE, EQ, 14-Jun-2022,225.5,222.0,234.8,222.0, 229.65,230.55,229.33,330308,757.49,10340, 107144, 32.44,2.24
GRSE, EQ, 14-Jun-2023,563.2,563.2,567.95,546.1, 548.95,548.75,551.57,1058182,5836.65,23790, 253687, 23.97,-2.57
GRSE, EQ, 14-Jun-2024,1535.05,1579.8,1686.95,1526.0,1621.0,1630.0,1616.75,11892498,192271.87,351983, 1663676, 13.99,6.19
GRSE, EQ, 14-Jul-2020,214.6,216.0,217.3,202.7,209.95,210.05,210.34,401058,843.57,8492, 132538, 33.05,-2.12
GRSE, EQ, 14-Jul-2021,203.25,203.7,209.2,201.3, 206.80,205.55,206.02,459875,947.45,7623, 199123, 43.30,1.13
GRSE, EQ, 14-Jul-2022,240.3,235.0,237.4,225.0, 228.50,227.6,231.08,473988,1095.31,10442, 164230, 34.65,-5.29
GRSE, EQ, 14-Jul-2023,601.75,606.0,608.3,565.55,586.95,584.0,591.61,829499,4907.39,20711, 309874, 37.36,-2.95
GRSE, EQ, 14-Aug-2020,234.0,226.0,229.9,216.0, 220.50,219.15,222.09,809043,1796.81,12051, 381991, 47.22,-6.35
GRSE, EQ, 14-Aug-2023,582.4,610.0,666.5,595.3, 656.00,657.5,643.76,8368871,53875.36,147023, 1270913, 15.19,12.89
GRSE, EQ, 14-Aug-2024,1951.3,1960.95,2006.8,1891.3,1960.4,1966.7,1952.64,1400895,27354.5,75189, 322087, 22.99,0.79
GRSE, EQ, 14-Sep-2020,179.9,181.4,191.6,181.4,189.3,189.05,188.59,273345,515.49,5724, 96707, 35.38,5.09
GRSE, EQ, 14-Sep-2021,193.85,195.35,195.4,191.05, 192.00,192.25,193.12,124926,241.26,7958, 78441, 62.79,-0.83
GRSE, EQ, 14-Sep-2022,351.15,343.0,349.95,343.0,346.0,345.1,346.02,433732,1500.8,8062, 192516, 44.39,-1.72
GRSE, EQ, 14-Sep-2023,798.95,806.5,809.8,789.0, 791.25,792.95,796.96,951609,7583.95,27700, 247648, 26.02,-0.75
GRSE, EQ, 14-Oct-2020,199.15,200.15,207.0,195.0, 201.25,200.6,201.85,133327,269.13,4046, 40326, 30.25,0.73
GRSE, EQ, 14-Oct-2021,226.45,228.2,236.0,219.5,221.9,220.95,226.4,660152,1494.61,13192, 241323, 36.56,-2.43
GRSE, EQ, 14-Oct-2022,475.1,486.8,486.8,456.05, 464.00,464.9,467.67,3710339,17352.0,53505, 396066, 10.67,-2.15
GRSE, EQ, 14-Oct-2024,1748.15,1747.6,1754.95,1688.05,1698.55,1698.05,1711.1,650845,11136.62,43161, 186512, 28.66,-2.87
GRSE, EQ, 14-Nov-2022,461.45,465.0,482.8,458.6,463.8,463.7,470.81,1801949,8483.82,31488, 344957, 19.14,0.49
GRSE, EQ, 14-Nov-2024,1384.2,1438.4,1470.0,1375.0, 1418.00,1406.4,1415.46,828483,11726.81,75248, 133896, 16.16,1.6
GRSE, EQ, 14-Dec-2020,194.45,195.8,201.8,194.6,196.5,196.3,198.46,472501,937.71,4518, 195325, 41.34,0.95
GRSE, EQ, 14-Dec-2021,235.85,234.65,237.85,233.0,234.75,233.65,235.46,81498,191.89,2424, 28270, 34.69,-0.93
GRSE, EQ, 14-Dec-2022,536.6,538.75,541.2,521.0, 523.95,523.3,530.38,533245,2828.22,11967, 189658, 35.57,-2.48
GRSE, EQ, 14-Dec-2023,831.7,836.6,845.0,830.0, 833.55,833.8,838.16,418135,3504.62,15553, 123218, 29.47,0.25
GRSE, EQ, 15-Jan-2020,211.65,211.4,227.7,209.1, 222.95,224.4,219.12,1105089,2421.46,16334, 484359, 43.83,6.02
GRSE, EQ, 15-Jan-2021,197.65,198.5,201.6,194.7,195.8,195.55,197.65,249417,492.97,3925, 119904, 48.07,-1.06
GRSE, EQ, 15-Jan-2024,876.2,877.0,909.9,870.85, 894.00,893.25,896.67,1136044,10186.54,43307, 361547, 31.83,1.95
GRSE, EQ, 15-Jan-2025,1439.25,1453.4,1471.55,1400.25,1417.7,1408.35,1433.6,474711,6805.46,37616, 143885, 30.31,-2.15
GRSE, EQ, 15-Feb-2021,198.25,199.9,204.45,198.05, 199.00,199.05,200.98,439150,882.59,5825, 174508, 39.74,0.4
GRSE, EQ, 15-Feb-2022,224.45,227.95,230.0,220.0,227.7,228.85,224.99,170771,384.22,9545, 64874, 37.99,1.96
GRSE, EQ, 15-Feb-2023,449.75,448.55,452.6,442.3, 443.00,445.9,446.61,249994,1116.5,8304, 60481, 24.19,-0.86
GRSE, EQ, 15-Feb-2024,811.25,819.9,829.5,810.1, 813.50,814.5,820.12,324876,2664.38,17204, 127909, 39.37,0.4
GRSE, EQ, 15-Mar-2021,207.8,208.9,210.15,203.65, 204.75,204.9,204.92,664942,1362.57,2837, 563000, 84.67,-1.4
GRSE, EQ, 15-Mar-2022,226.65,227.8,228.1,215.1,216.0,216.85,220.94,159055,351.42,3889, 80531, 50.63,-4.32
GRSE, EQ, 15-Mar-2023,407.6,411.8,417.15,404.0, 405.40,404.75,408.78,115341,471.49,5095, 33472, 29.02,-0.7
GRSE, EQ, 15-Mar-2024,726.95,732.55,767.45,718.9, 761.70,760.75,744.76,994227,7404.57,49644, 194294, 19.54,4.65
GRSE, EQ, 15-Apr-2020,157.1,162.3,162.3,153.05, 155.20,156.1,155.75,163310,254.35,4010, 94140, 57.64,-0.64
GRSE, EQ, 15-Apr-2021,177.1,177.3,179.65,175.45,177.35,177.0,177.08,59789,105.88,1757, 27571, 46.11,-0.06
GRSE, EQ, 15-Apr-2024,881.9,858.1,878.45,836.05, 858.90,859.8,858.87,675890,5805.05,35572, 188720, 27.92,-2.51
GRSE, EQ, 15-Apr-2025,1615.1,1638.3,1744.0,1631.3,1697.0,1698.6,1708.2,2473482,42252.12,123507, 431823, 17.46,5.17
GRSE, EQ, 15-May-2020,137.75,138.05,149.4,137.2,144.0,144.35,145.29,467298,678.92,10646, 141626, 30.31,4.79
GRSE, EQ, 15-May-2023,507.1,507.0,516.8,503.3, 506.00,505.85,510.1,315213,1607.9,9832, 111824, 35.48,-0.25
GRSE, EQ, 15-May-2024,985.4,980.0,987.8,960.2,977.3,979.45,976.02,1153889,11262.15,39492, 214391, 18.58,-0.6
GRSE, EQ, 15-Jun-2020,182.35,182.35,191.2,176.3,185.95,187.25,183.38,672248,1232.77,13438, 317121, 47.17,2.69
GRSE, EQ, 15-Jun-2021,201.2,202.25,206.0,199.45, 199.60,199.9,202.03,339895,686.67,4301, 184684, 54.34,-0.65
GRSE, EQ, 15-Jun-2022,230.55,230.5,232.85,227.0, 229.75,229.4,229.47,135085,309.98,5093, 45052, 33.35,-0.5
GRSE, EQ, 15-Jun-2023,548.75,549.0,564.9,543.25, 547.00,549.25,553.57,1123109,6217.23,28099, 301449, 26.84,0.09
GRSE, EQ, 15-Jul-2020,210.05,212.0,212.95,196.55,198.0,199.05,205.03,301245,617.64,6615, 139902, 46.44,-5.24
GRSE, EQ, 15-Jul-2021,205.55,209.0,209.0,200.55, 200.80,200.9,203.23,426610,866.98,8723, 256617, 60.15,-2.26
GRSE, EQ, 15-Jul-2022,227.6,227.6,235.5,223.5,234.3,234.1,230.96,510930,1180.03,11491, 113491, 22.21,2.86
GRSE, EQ, 15-Jul-2024,2588.2,2594.0,2598.7,2488.0,2503.9,2496.1,2510.29,1089181,27341.61,71566, 515400, 47.32,-3.56
GRSE, EQ, 15-Sep-2020,189.05,189.8,193.0,185.5, 187.50,187.65,189.42,211989,401.54,4405, 72844, 34.36,-0.74
GRSE, EQ, 15-Sep-2021,192.25,193.25,195.25,192.5, 193.35,192.9,193.68,146362,283.47,3081, 58018, 39.64,0.34
GRSE, EQ, 15-Sep-2022,345.1,347.7,353.65,339.15,339.95,340.4,344.05,385061,1324.78,7860, 144721, 37.58,-1.36
GRSE, EQ, 15-Sep-2023,792.95,795.0,859.9,793.65, 842.15,844.9,839.88,5059649,42494.9,113438, 598141, 11.82,6.55
GRSE, EQ, 15-Oct-2020,200.6,201.35,202.95,195.0, 198.95,198.25,199.84,80160,160.19,1653, 47056, 58.70,-1.17
GRSE, EQ, 15-Oct-2024,1698.05,1698.95,1838.8,1682.05,1773.0,1773.85,1786.37,3354735,59927.97,162890, 477592, 14.24,4.46
GRSE, EQ, 15-Nov-2021,265.4,269.4,279.8,258.1, 259.70,259.35,267.86,1480134,3964.65,29525, 511019, 34.53,-2.28
GRSE, EQ, 15-Nov-2022,463.7,465.95,498.4,452.0, 492.00,485.15,477.31,1872596,8938.01,29193, 378369, 20.21,4.63
GRSE, EQ, 15-Nov-2023,768.7,776.3,799.55,768.7, 789.95,790.35,788.26,907947,7157.0,26744, 234650, 25.84,2.82
GRSE, EQ, 15-Dec-2020,196.3,200.0,200.0,196.7,198.5,197.5,198.39,420001,833.24,3269, 269951, 64.27,0.61
GRSE, EQ, 15-Dec-2021,233.65,233.1,237.65,227.2, 228.00,228.95,232.41,142171,330.42,3674, 58873, 41.41,-2.01
GRSE, EQ, 15-Dec-2022,523.3,524.95,526.75,499.2, 506.00,505.5,508.94,913948,4651.46,21563, 303179, 33.17,-3.4
GRSE, EQ, 15-Dec-2023,833.8,837.05,841.2,822.7, 825.45,827.95,830.57,379587,3152.72,17499, 153516, 40.44,-0.7
GRSE, EQ, 16-Jan-2020,224.4,226.4,229.0,216.1, 219.95,219.5,223.74,373352,835.35,6368, 177858, 47.64,-2.18
GRSE, EQ, 16-Jan-2023,488.8,493.0,506.0,493.0, 500.50,501.1,500.23,821324,4108.49,21871, 197109, 24.00,2.52
GRSE, EQ, 16-Jan-2024,893.25,894.0,924.7,872.15, 884.75,883.7,906.58,2148923,19481.79,61738, 541643, 25.21,-1.07
GRSE, EQ, 16-Jan-2025,1408.35,1444.85,1462.9,1429.1,1459.35,1447.8,1446.3,248484,3593.82,21966, 92263, 37.13,2.8
GRSE, EQ, 16-Feb-2021,199.05,200.05,201.15,195.0, 198.35,198.3,198.11,140564,278.47,2435, 72946, 51.90,-0.38
GRSE, EQ, 16-Feb-2022,228.85,228.85,234.95,227.85,234.0,232.65,232.35,122332,284.24,4757, 55562, 45.42,1.66
GRSE, EQ, 16-Feb-2023,445.9,449.7,455.0,440.0, 446.00,447.65,450.86,719321,3243.14,19653, 224124, 31.16,0.39
GRSE, EQ, 16-Feb-2024,814.5,824.2,833.65,788.0,791.0,790.45,806.0,582627,4696.0,29573, 252656, 43.36,-2.95
GRSE, EQ, 16-Mar-2020,136.15,129.9,135.0,124.1, 130.00,129.1,128.61,137494,176.83,5205, 56794, 41.31,-5.18
GRSE, EQ, 16-Mar-2021,204.9,206.5,209.7,201.25, 202.00,202.6,205.35,128244,263.35,3096, 58829, 45.87,-1.12
GRSE, EQ, 16-Mar-2022,216.85,219.0,232.9,218.95,230.0,230.65,226.65,352744,799.51,9204, 127458, 36.13,6.36
GRSE, EQ, 16-Mar-2023,404.75,405.95,411.5,398.3, 408.00,407.15,405.3,236309,957.76,9948, 76589, 32.41,0.59
GRSE, EQ, 16-Apr-2020,156.1,156.0,160.4,152.0, 153.50,153.55,154.55,105655,163.29,2845, 56092, 53.09,-1.63
GRSE, EQ, 16-Apr-2021,177.0,177.15,185.95,177.15,180.2,180.65,181.91,239069,434.9,7624, 49350, 20.64,2.06
GRSE, EQ, 16-Apr-2024,859.8,849.65,901.75,845.2, 884.80,884.55,887.56,1227987,10899.16,46062, 276553, 22.52,2.88
GRSE, EQ, 16-Apr-2025,1698.6,1715.0,1753.6,1688.1,1721.8,1721.5,1727.3,2071724,35784.92,88286, 337968, 16.31,1.35
GRSE, EQ, 16-May-2022,283.45,284.9,287.85,274.1,277.3,277.6,279.36,257062,718.13,5914, 77523, 30.16,-2.06
GRSE, EQ, 16-May-2023,505.85,507.0,529.8,506.8,521.9,518.0,522.23,1387668,7246.75,31369, 400540, 28.86,2.4
GRSE, EQ, 16-May-2024,979.45,982.15,995.75,973.0,989.7,990.9,984.49,1010615,9949.39,31865, 199268, 19.72,1.17
GRSE, EQ, 16-Jun-2020,187.25,191.5,194.9,181.25, 184.85,184.9,188.44,831486,1566.87,17462, 324174, 38.99,-1.26
GRSE, EQ, 16-Jun-2021,199.9,200.9,207.0,197.0, 201.00,203.95,202.64,602706,1221.33,7584, 219674, 36.45,2.03
GRSE, EQ, 16-Jun-2022,229.4,230.9,234.45,215.6, 218.55,219.0,224.66,258350,580.41,6210, 89750, 34.74,-4.53
GRSE, EQ, 16-Jun-2023,549.25,553.0,600.4,550.0, 587.00,589.9,584.89,5709517,33394.42,102150, 957554, 16.77,7.4
GRSE, EQ, 16-Jul-2020,199.05,202.0,206.75,192.2, 202.75,203.05,200.55,361783,725.55,7406, 99885, 27.61,2.01
GRSE, EQ, 16-Jul-2021,200.9,201.9,204.15,200.05, 201.60,201.2,201.59,228416,460.45,7785, 111907, 48.99,0.15
GRSE, EQ, 16-Jul-2024,2496.1,2503.9,2590.85,2447.0,2575.0,2562.55,2534.66,1868013,47347.72,86996, 500460, 26.79,2.66
GRSE, EQ, 16-Aug-2021,191.1,189.0,192.75,188.5,190.0,190.0,190.52,151812,289.23,3193, 67497, 44.46,-0.58
GRSE, EQ, 16-Aug-2022,277.6,279.5,285.9,276.0,278.0,278.3,279.91,317244,888.01,5849, 137301, 43.28,0.25
GRSE, EQ, 16-Aug-2023,657.5,659.85,789.0,651.7, 774.90,776.3,749.75,11983540,89846.85,183348, 1168919, 9.75,18.07
GRSE, EQ, 16-Aug-2024,1966.7,1999.0,2004.4,1936.25,1963.0,1966.65,1961.56,801430,15720.49,62728, 309523, 38.62,-0.0
GRSE, EQ, 16-Sep-2020,187.65,186.0,191.7,186.0,190.05,190.15,188.51,128706,242.63,3021, 36730, 28.54,1.33
GRSE, EQ, 16-Sep-2021,192.9,193.9,198.6,192.45,196.0,196.15,196.55,241979,475.61,6775, 98144, 40.56,1.68
GRSE, EQ, 16-Sep-2022,340.4,343.7,368.85,340.45, 350.00,347.4,357.84,2889589,10339.97,45130, 569874, 19.72,2.06
GRSE, EQ, 16-Sep-2024,1779.3,1789.45,1789.45,1747.0,1754.4,1751.55,1760.66,363350,6397.36,28779, 162886, 44.83,-1.56
GRSE, EQ, 16-Oct-2020,198.25,199.0,201.25,197.0, 197.90,197.65,198.0,41355,81.88,1680, 14066, 34.01,-0.3
GRSE, EQ, 16-Oct-2023,798.75,802.9,816.9,795.6, 809.15,811.35,807.38,834465,6737.34,26955, 177586, 21.28,1.58
GRSE, EQ, 16-Oct-2024,1773.85,1772.8,1809.0,1742.1,1783.0,1778.75,1773.75,1081766,19187.86,63144, 178307, 16.48,0.28
GRSE, EQ, 16-Nov-2021,259.35,258.0,266.0,257.4, 260.55,262.05,262.32,417262,1094.56,10705, 131793, 31.59,1.04
GRSE, EQ, 16-Nov-2022,485.15,488.25,503.0,481.65, 493.00,495.95,493.54,2983043,14722.49,49277, 399637, 13.40,2.23
GRSE, EQ, 16-Nov-2023,790.35,794.0,799.25,780.0, 781.20,783.5,791.9,459757,3640.81,12822, 133135, 28.96,-0.87
GRSE, EQ, 16-Dec-2020,197.5,198.55,218.4,196.1, 216.50,215.05,210.75,2385547,5027.56,27018, 662169, 27.76,8.89
GRSE, EQ, 16-Dec-2021,228.95,228.95,234.25,227.3, 227.30,228.5,230.67,148402,342.33,4325, 56857, 38.31,-0.2
GRSE, EQ, 16-Dec-2022,505.5,505.5,511.05,480.0, 485.00,483.45,493.09,710058,3501.25,19525, 210830, 29.69,-4.36
GRSE, EQ, 16-Dec-2024,1720.3,1720.0,1767.8,1714.65,1743.0,1745.7,1738.51,453397,7882.36,29772, 123151, 27.16,1.48
GRSE, EQ, 17-Jan-2020,219.5,220.0,224.0,215.45, 217.50,218.0,219.78,279429,614.12,4790, 161459, 57.78,-0.68
GRSE, EQ, 17-Jan-2022,251.85,251.75,259.0,247.7,249.0,248.7,253.0,361411,914.38,9222, 145593, 40.28,-1.25
GRSE, EQ, 17-Jan-2023,501.1,501.0,501.75,488.35,493.0,492.9,495.76,312117,1547.36,7817, 80737, 25.87,-1.64
GRSE, EQ, 17-Jan-2024,883.7,881.0,921.5,870.1, 891.00,897.0,905.81,2319823,21013.09,64630, 427106, 18.41,1.51
GRSE, EQ, 17-Jan-2025,1447.8,1448.0,1533.8,1433.55,1518.0,1507.45,1503.29,1080745,16246.74,76667, 146336, 13.54,4.12
GRSE, EQ, 17-Feb-2020,169.75,169.75,170.75,159.6, 165.50,164.8,164.88,181017,298.47,3714, 87038, 48.08,-2.92
GRSE, EQ, 17-Feb-2021,198.3,198.0,206.0,196.45, 203.70,204.7,202.91,494234,1002.84,6680, 229483, 46.43,3.23
GRSE, EQ, 17-Feb-2022,232.65,232.55,234.0,226.05,226.4,228.0,229.87,54903,126.21,1551, 25529, 46.50,-2.0
GRSE, EQ, 17-Feb-2023,447.65,444.05,451.65,442.2, 445.25,446.55,447.5,246995,1105.29,7298, 53552, 21.68,-0.25
GRSE, EQ, 17-Feb-2025,1350.85,1338.05,1362.35,1289.0,1296.0,1294.65,1309.57,828140,10845.06,81223, 164981, 19.92,-4.16
GRSE, EQ, 17-Mar-2020,129.1,130.1,135.0,124.25, 132.50,131.3,130.93,103656,135.72,2624, 47872, 46.18,1.7
GRSE, EQ, 17-Mar-2021,202.6,203.0,205.0,196.1,197.0,197.95,201.03,102749,206.55,2046, 56351, 54.84,-2.3
GRSE, EQ, 17-Mar-2022,230.65,231.5,244.0,228.75, 236.00,236.6,237.25,479857,1138.44,10337, 139479, 29.07,2.58
GRSE, EQ, 17-Mar-2023,407.15,412.0,420.15,412.0, 418.50,418.35,416.86,153264,638.9,6567, 53041, 34.61,2.75
GRSE, EQ, 17-Mar-2025,1303.35,1310.6,1355.0,1303.1,1332.15,1336.55,1330.03,1345787,17899.38,72220, 171130, 12.72,2.55
GRSE, EQ, 17-Apr-2020,153.55,157.4,168.3,155.7, 164.10,164.0,163.37,411584,672.38,7229, 102277, 24.85,6.81
GRSE, EQ, 17-Apr-2023,467.95,467.4,468.4,460.25, 462.60,462.25,464.62,231367,1074.98,7862, 61351, 26.52,-1.22
GRSE, EQ, 17-Apr-2025,1721.5,1721.7,1764.0,1703.0,1715.0,1714.6,1726.21,1024910,17692.12,51326, 229640, 22.41,-0.4
GRSE, EQ, 17-May-2021,177.9,179.2,185.8,179.0,182.3,181.65,182.61,365584,667.58,5019, 204332, 55.89,2.11
GRSE, EQ, 17-May-2022,277.6,279.9,307.9,279.25, 305.30,305.5,295.99,1009213,2987.2,15233, 462568, 45.83,10.05
GRSE, EQ, 17-May-2023,518.0,520.0,526.0,509.05, 517.00,516.1,517.71,442743,2292.12,11912, 139293, 31.46,-0.37
GRSE, EQ, 17-May-2024,990.9,996.0,1094.8,995.05,1071.05,1084.35,1052.26,5745300,60455.23,145445, 1349965, 23.50,9.43
GRSE, EQ, 17-Jun-2020,184.9,187.7,201.8,185.35,201.5,198.75,194.79,1100777,2144.17,19760, 402424, 36.56,7.49
GRSE, EQ, 17-Jun-2021,203.95,201.7,203.9,197.1, 198.50,197.7,200.1,316376,633.08,5069, 171762, 54.29,-3.06
GRSE, EQ, 17-Jun-2022,219.0,218.0,226.2,215.0,222.8,222.15,221.04,252858,558.91,5759, 102652, 40.60,1.44
GRSE, EQ, 17-Jul-2020,203.05,204.0,212.5,201.05, 206.15,206.45,207.96,623912,1297.47,13609, 115552, 18.52,1.67
GRSE, EQ, 17-Jul-2023,584.0,589.9,621.1,588.1,607.1,607.85,610.6,1983672,12112.22,42287, 379352, 19.12,4.08
GRSE, EQ, 16-Jul-2024,2496.1,2503.9,2590.85,2447.0,2575.0,2562.55,2534.66,1868013,47347.72,86996, 500460, 26.79,2.66
GRSE, EQ, 17-Aug-2020,219.15,215.0,225.0,212.1, 212.90,213.2,216.17,338901,732.6,7103, 132324, 39.05,-2.72
GRSE, EQ, 17-Aug-2021,190.0,190.75,191.0,184.35,187.0,186.95,186.66,191965,358.32,5224, 120064, 62.54,-1.61
GRSE, EQ, 17-Aug-2022,278.3,280.0,282.0,270.75, 272.50,273.1,274.75,214834,590.25,6567, 91348, 42.52,-1.87
GRSE, EQ, 17-Aug-2023,776.3,777.9,831.9,771.65, 774.50,780.05,800.52,7808779,62510.81,154992, 1020954, 13.07,0.48
GRSE, EQ, 17-Sep-2020,190.15,190.0,190.45,181.1, 184.35,184.3,186.17,119171,221.86,3373, 36978, 31.03,-3.08
GRSE, EQ, 17-Sep-2021,196.15,197.3,197.8,192.9, 194.05,194.15,195.09,112236,218.97,2503, 62665, 55.83,-1.02
GRSE, EQ, 17-Sep-2024,1751.55,1765.0,1780.0,1717.6,1729.7,1726.7,1739.35,503350,8755.03,38778, 197987, 39.33,-1.42
GRSE, EQ, 17-Oct-2022,464.9,464.0,464.0,429.0,438.9,436.75,442.46,2340057,10353.86,43900, 499482, 21.34,-6.06
GRSE, EQ, 17-Oct-2023,811.35,818.0,820.0,804.5,806.5,805.9,810.82,470772,3817.13,12531, 120356, 25.57,-0.67
GRSE, EQ, 17-Oct-2024,1778.75,1787.65,1790.0,1735.0,1741.0,1744.7,1759.7,595787,10484.07,35076, 150538, 25.27,-1.91
GRSE, EQ, 17-Nov-2020,193.0,194.0,197.0,191.6, 192.50,192.25,194.43,86250,167.7,1900, 40845, 47.36,-0.39
GRSE, EQ, 17-Nov-2021,262.05,260.7,264.25,250.7, 255.00,253.8,258.37,315660,815.58,7941, 151155, 47.89,-3.15
GRSE, EQ, 17-Nov-2022,495.95,492.5,502.4,486.65, 492.80,496.2,495.72,1521502,7542.39,32023, 220443, 14.49,0.05
GRSE, EQ, 17-Nov-2023,783.5,781.2,787.0,770.0, 774.45,775.75,778.92,334522,2605.66,12619, 116687, 34.88,-0.99
GRSE, EQ, 17-Dec-2020,215.05,217.4,218.8,204.0, 204.40,204.6,209.57,626387,1312.73,9050, 214030, 34.17,-4.86
GRSE, EQ, 17-Dec-2021,228.5,229.5,229.5,219.45, 220.50,220.5,222.72,217335,484.04,7064, 77457, 35.64,-3.5
GRSE, EQ, 17-Dec-2024,1745.7,1738.9,1791.2,1722.0,1745.0,1755.2,1761.84,1086085,19135.06,58972, 215440, 19.84,0.54
GRSE, EQ, 18-Jan-2021,195.55,196.5,196.55,191.2, 192.00,191.9,192.95,158509,305.85,2770, 65536, 41.35,-1.87
GRSE, EQ, 18-Jan-2022,248.7,250.3,252.4,240.1, 242.25,241.65,246.27,198164,488.03,4974, 86639, 43.72,-2.83
GRSE, EQ, 18-Jan-2023,492.9,493.0,495.4,486.0,487.5,487.6,490.0,220085,1078.41,7847, 69448, 31.56,-1.08
GRSE, EQ, 18-Jan-2024,897.0,897.05,911.0,861.0, 882.20,881.65,881.56,1055131,9301.59,38535, 300880, 28.52,-1.71
GRSE, EQ, 18-Feb-2020,164.8,165.8,179.0,165.05, 171.30,172.05,173.14,301732,522.43,6379, 143504, 47.56,4.4
GRSE, EQ, 18-Feb-2021,204.7,205.0,205.7,200.0,203.15,203.3,202.93,478044,970.08,6995, 225823, 47.24,-0.68
GRSE, EQ, 18-Feb-2022,228.0,228.0,230.45,223.0,224.9,224.7,226.23,71803,162.44,2823, 24801, 34.54,-1.45
GRSE, EQ, 18-Feb-2025,1294.65,1301.15,1315.0,1210.0,1218.0,1222.3,1239.51,815372,10106.64,72335, 197832, 24.26,-5.59
GRSE, EQ, 18-Mar-2020,131.3,133.0,138.85,125.25, 128.00,127.8,129.95,121188,157.48,3135, 70457, 58.14,-2.67
GRSE, EQ, 18-Mar-2021,197.95,199.1,201.0,189.0, 190.00,189.9,193.62,159484,308.79,3605, 88291, 55.36,-4.07
GRSE, EQ, 18-Mar-2024,760.75,760.75,772.85,757.0, 763.05,762.0,763.92,300605,2296.37,19839, 103990, 34.59,0.16
GRSE, EQ, 18-Mar-2025,1336.55,1340.5,1379.8,1339.35,1372.0,1367.8,1357.29,1079993,14658.64,55243, 185907, 17.21,2.34
GRSE, EQ, 18-Apr-2022,297.05,297.5,316.65,288.75, 303.90,304.65,304.12,3142567,9557.31,57389, 589323, 18.75,2.56
GRSE, EQ, 18-Apr-2023,462.25,462.25,466.0,451.25, 454.25,454.0,459.16,174021,799.03,7192, 69855, 40.14,-1.78
GRSE, EQ, 18-Apr-2024,884.55,891.0,898.5,860.65, 864.75,864.65,881.78,448847,3957.85,22296, 166746, 37.15,-2.25
GRSE, EQ, 18-May-2020,144.35,147.95,148.0,135.1, 137.20,138.15,141.74,398997,565.54,9440, 142968, 35.83,-4.3
GRSE, EQ, 18-May-2021,181.65,174.9,181.8,173.3, 177.85,178.25,178.22,566065,1008.86,7855, 237362, 41.93,-1.87
GRSE, EQ, 18-May-2022,305.5,306.7,306.7,297.55,300.0,300.0,300.84,506243,1522.99,7715, 264679, 52.28,-1.8
GRSE, EQ, 18-May-2023,516.1,518.6,519.8,510.5, 513.45,514.15,514.5,200981,1034.04,6379, 74917, 37.28,-0.38
GRSE, EQ, 18-Jun-2020,198.75,200.25,206.35,196.1,199.35,199.15,200.01,571500,1143.04,11627, 226359, 39.61,0.2
GRSE, EQ, 18-Jun-2021,197.7,198.7,200.7,192.75, 194.25,194.2,195.28,225325,440.02,4056, 114203, 50.68,-1.77
GRSE, EQ, 18-Jun-2024,1630.0,1645.0,1888.0,1641.2,1840.0,1847.55,1797.67,14576795,262043.08,387497, 2153861, 14.78,13.35
GRSE, EQ, 18-Jul-2022,234.1,234.1,237.35,232.1,234.5,235.25,234.66,187564,440.15,3966, 85740, 45.71,0.49
GRSE, EQ, 18-Jul-2023,607.85,610.9,615.25,596.0, 604.80,603.95,605.33,781621,4731.41,17845, 187651, 24.01,-0.64
GRSE, EQ, 18-Jul-2024,2562.55,2589.45,2618.0,2442.85,2538.0,2532.45,2548.6,2144098,54644.57,103806, 641863, 29.94,-1.17
GRSE, EQ, 18-Aug-2020,213.2,213.2,215.95,207.75,208.9,208.5,210.02,232087,487.42,5011, 109561, 47.21,-2.2
GRSE, EQ, 18-Aug-2021,186.95,187.9,191.65,185.0, 190.00,190.1,188.7,137238,258.97,3671, 61647, 44.92,1.68
GRSE, EQ, 18-Aug-2022,273.1,274.15,275.1,267.05,268.8,268.5,270.16,189295,511.4,4424, 88941, 46.99,-1.68
GRSE, EQ, 18-Aug-2023,780.05,774.25,783.6,741.6, 753.90,748.55,758.27,2989896,22671.39,71521, 517558, 17.31,-4.04
GRSE, EQ, 18-Sep-2020,184.3,184.0,187.8,181.1, 182.50,182.05,185.08,99413,184.0,3273, 34117, 34.32,-1.22
GRSE, EQ, 18-Sep-2023,844.9,854.45,869.0,818.3, 823.10,823.35,842.44,1972743,16619.25,47219, 467980, 23.72,-2.55
GRSE, EQ, 18-Sep-2024,1726.7,1731.5,1772.0,1704.0,1705.0,1717.1,1727.67,608544,10513.65,42381, 167740, 27.56,-0.56
GRSE, EQ, 18-Oct-2021,220.95,225.0,234.9,220.75, 230.90,230.2,229.44,726416,1666.7,16639, 317775, 43.75,4.19
GRSE, EQ, 18-Oct-2022,436.75,441.8,459.0,439.85,455.0,456.25,450.11,2285802,10288.64,35697, 267430, 11.70,4.46
GRSE, EQ, 18-Oct-2023,805.9,810.3,815.0,784.55, 795.90,794.15,798.2,550762,4396.19,18436, 213228, 38.72,-1.46
GRSE, EQ, 18-Oct-2024,1744.7,1744.7,1829.0,1684.4,1755.05,1764.65,1778.8,3006209,53474.59,157145, 389526, 12.96,1.14
GRSE, EQ, 18-Nov-2020,192.25,192.0,193.4,188.0, 189.45,189.0,189.87,175490,333.2,1748, 140159, 79.87,-1.69
GRSE, EQ, 18-Nov-2021,253.8,255.1,258.15,244.0,247.8,248.4,250.29,458717,1148.13,13717, 168672, 36.77,-2.13
GRSE, EQ, 18-Nov-2022,496.2,496.2,499.0,482.6, 487.00,486.75,489.09,1151893,5633.85,26661, 267168, 23.19,-1.9
GRSE, EQ, 18-Nov-2024,1406.4,1428.85,1432.95,1371.1,1387.0,1387.4,1391.79,500890,6971.34,41321, 158920, 31.73,-1.35
GRSE, EQ, 18-Dec-2020,204.6,207.95,208.8,199.5, 200.95,200.9,203.46,393844,801.33,6398, 165430, 42.00,-1.81
GRSE, EQ, 18-Dec-2023,827.95,830.25,845.0,828.05, 834.00,833.5,837.44,478121,4003.96,19099, 160076, 33.48,0.67
GRSE, EQ, 18-Dec-2024,1755.2,1749.5,1752.0,1687.75,1695.0,1696.25,1717.12,547477,9400.86,33551, 183364, 33.49,-3.36
GRSE, EQ, 19-Jan-2021,191.9,193.1,197.2,191.6, 192.90,192.0,193.46,137370,265.76,2155, 65514, 47.69,0.05
GRSE, EQ, 19-Jan-2022,241.65,241.65,250.0,238.15, 248.50,248.6,246.06,255787,629.39,6325, 105862, 41.39,2.88
GRSE, EQ, 19-Jan-2023,487.6,486.95,487.5,476.3, 480.00,479.9,481.08,185737,893.54,6791, 70686, 38.06,-1.58
GRSE, EQ, 19-Jan-2024,881.65,886.1,897.0,881.0, 888.00,888.4,888.19,578086,5134.5,19935, 165477, 28.62,0.77
GRSE, EQ, 19-Feb-2020,172.05,173.0,185.9,173.0, 185.00,183.8,180.44,326635,589.38,10481, 164259, 50.29,6.83
GRSE, EQ, 19-Feb-2021,203.3,203.95,209.0,196.7,197.5,198.0,203.39,382851,778.67,6061, 142678, 37.27,-2.61
GRSE, EQ, 19-Feb-2024,790.45,801.0,847.45,801.0, 838.00,839.65,828.2,889120,7363.69,39458, 230070, 25.88,6.22
GRSE, EQ, 19-Feb-2025,1222.3,1222.3,1405.55,1201.1,1349.0,1351.8,1344.5,4593601,61760.76,236431, 243961, 5.31,10.59
GRSE, EQ, 19-Mar-2020,127.8,123.0,149.95,120.1, 134.05,137.5,135.36,393423,532.55,8411, 91164, 23.17,7.59
GRSE, EQ, 19-Mar-2021,189.9,188.75,192.95,183.45,190.0,188.9,188.79,150680,284.46,3430, 69870, 46.37,-0.53
GRSE, EQ, 19-Mar-2024,762.0,755.2,774.7,753.65, 763.95,761.55,763.04,365847,2791.54,18504, 130161, 35.58,-0.06
GRSE, EQ, 19-Mar-2025,1367.8,1372.0,1641.35,1372.0,1641.35,1641.35,1555.8,7963944,123903.15,239401, 1290072, 16.20,20.0
GRSE, EQ, 19-Apr-2021,180.65,175.0,179.75,173.05,176.0,176.0,175.9,93525,164.51,2425, 37439, 40.03,-2.57
GRSE, EQ, 19-Apr-2022,304.65,306.8,313.75,276.75,282.0,287.0,301.71,1349664,4072.12,23428, 385790, 28.58,-5.79
GRSE, EQ, 19-Apr-2023,454.0,455.65,464.75,455.05, 458.00,458.45,459.91,194285,893.53,9034, 63812, 32.84,0.98
GRSE, EQ, 19-Apr-2024,864.65,850.0,886.0,848.6, 870.00,870.45,872.64,876663,7650.14,36647, 137133, 15.64,0.67
GRSE, EQ, 19-May-2020,138.15,140.1,143.0,137.1,137.9,137.6,139.4,82304,114.73,1985, 26011, 31.60,-0.4
GRSE, EQ, 19-May-2021,178.25,180.0,185.95,178.25, 182.00,180.65,182.88,557358,1019.31,7832, 242807, 43.56,1.35
GRSE, EQ, 19-May-2022,300.0,292.4,296.0,283.5,290.05,288.8,288.51,284349,820.37,5003, 128739, 45.27,-3.73
GRSE, EQ, 19-May-2023,514.15,514.5,516.65,501.35,507.0,507.0,507.54,203076,1030.69,7373, 89403, 44.02,-1.39
GRSE, EQ, 19-Jun-2020,199.15,199.9,203.7,193.0, 196.00,196.8,200.5,437267,876.73,6908, 221028, 50.55,-1.18
GRSE, EQ, 19-Jun-2023,589.9,594.8,608.0,590.0, 597.00,598.15,598.31,1900833,11372.94,38060, 413717, 21.77,1.4
GRSE, EQ, 19-Jun-2024,1847.55,1858.0,1903.5,1750.0,1772.15,1770.4,1801.04,5457899,98298.93,191553, 1313156, 24.06,-4.18
GRSE, EQ, 19-Jul-2021,201.2,198.0,207.0,197.5, 203.00,203.8,202.7,278591,564.72,5355, 128376, 46.08,1.29
GRSE, EQ, 19-Jul-2022,235.25,232.05,247.7,232.05, 246.50,246.95,242.51,410392,995.26,7546, 194757, 47.46,4.97
GRSE, EQ, 19-Jul-2023,603.95,605.0,607.85,590.0, 591.90,593.3,596.38,515420,3073.86,14092, 190937, 37.04,-1.76
GRSE, EQ, 19-Jul-2024,2532.45,2533.0,2604.0,2421.55,2462.0,2455.35,2527.03,1858841,46973.39,106468, 547152, 29.44,-3.04
GRSE, EQ, 19-Aug-2020,208.5,210.05,215.45,210.05,214.9,214.05,213.17,394048,839.98,6661, 139804, 35.48,2.66
GRSE, EQ, 18-Aug-2021,186.95,187.9,191.65,185.0, 190.00,190.1,188.7,137238,258.97,3671, 61647, 44.92,1.68
GRSE, EQ, 19-Aug-2022,268.5,267.25,271.9,260.45, 266.00,265.95,266.68,181270,483.4,5098, 62467, 34.46,-0.95
GRSE, EQ, 19-Aug-2024,1966.65,1960.0,2012.6,1916.0,1920.0,1921.65,1961.17,791411,15520.95,65960, 352597, 44.55,-2.29
GRSE, EQ, 19-Sep-2022,347.4,356.0,358.9,346.0, 353.00,351.75,352.01,1381751,4863.85,24447, 358661, 25.96,1.25
GRSE, EQ, 19-Sep-2024,1717.1,1810.05,1812.95,1670.25,1704.9,1700.95,1729.16,2151421,37201.56,111361, 405716, 18.86,-0.94
GRSE, EQ, 19-Oct-2020,197.65,198.65,199.0,193.0, 194.05,193.9,195.42,79794,155.93,1975, 54736, 68.60,-1.9
GRSE, EQ, 19-Oct-2021,230.2,233.0,233.0,215.0,217.0,216.7,222.53,693189,1542.58,14143, 331037, 47.76,-5.86
GRSE, EQ, 19-Oct-2022,456.25,457.5,467.9,444.05, 463.00,464.15,457.85,2477415,11342.86,43045, 221606, 8.95,1.73
GRSE, EQ, 19-Oct-2023,794.15,790.0,797.0,786.0,787.0,788.25,789.78,300017,2369.48,11868, 91984, 30.66,-0.74
GRSE, EQ, 19-Nov-2020,189.0,188.9,197.4,188.0, 196.65,195.8,193.31,423591,818.84,5890, 231836, 54.73,3.6
GRSE, EQ, 19-Nov-2024,1387.4,1422.0,1456.0,1401.4,1404.0,1409.25,1432.84,411727,5899.41,31463, 115106, 27.96,1.57
GRSE, EQ, 19-Dec-2022,483.45,485.4,506.85,481.95,501.5,502.9,494.81,707605,3501.3,17246, 129880, 18.35,4.02
GRSE, EQ, 19-Dec-2023,833.5,836.0,882.0,834.7, 847.15,849.6,863.64,2908041,25115.02,79869, 657724, 22.62,1.93
GRSE, EQ, 19-Dec-2024,1696.25,1625.1,1669.7,1625.1,1657.0,1654.75,1652.79,365402,6039.32,30400, 118905, 32.54,-2.45
GRSE, EQ, 20-Jan-2020,218.0,219.85,229.2,217.0, 217.50,217.45,222.35,422728,939.94,7139, 108196, 25.59,-0.25
GRSE, EQ, 20-Jan-2021,192.0,192.0,196.0,191.5, 192.00,191.95,193.61,191408,370.58,3043, 81373, 42.51,-0.03
GRSE, EQ, 20-Jan-2022,248.6,249.0,251.9,244.6, 246.15,246.5,247.81,181132,448.86,4196, 70519, 38.93,-0.84
GRSE, EQ, 20-Jan-2023,479.9,480.9,502.4,480.1,494.1,495.6,496.04,916168,4544.57,22772, 171764, 18.75,3.27
GRSE, EQ, 20-Jan-2025,1507.45,1517.85,1599.0,1495.0,1592.0,1591.55,1570.09,967459,15189.94,66751, 178493, 18.45,5.58
GRSE, EQ, 20-Feb-2020,183.8,184.0,191.8,181.0, 181.50,181.85,186.24,343340,639.44,6449, 138381, 40.30,-1.06
GRSE, EQ, 20-Feb-2023,446.55,442.5,451.8,439.05, 449.00,447.85,446.77,197037,880.31,6170, 65201, 33.09,0.29
GRSE, EQ, 20-Feb-2024,839.65,839.65,839.65,817.1, 825.25,825.25,825.0,380066,3135.56,16458, 137179, 36.09,-1.72
GRSE, EQ, 20-Feb-2025,1351.8,1340.0,1374.4,1318.5,1338.8,1347.55,1350.95,934356,12622.71,69477, 109390, 11.71,-0.31
GRSE, EQ, 20-Mar-2020,137.5,134.2,141.95,130.2, 140.00,138.8,136.94,210478,288.22,5610, 89508, 42.53,0.95
GRSE, EQ, 20-Mar-2023,418.35,420.0,428.45,411.0,419.0,419.8,421.18,263162,1108.38,10847, 64135, 24.37,0.35
GRSE, EQ, 20-Mar-2024,761.55,764.0,768.1,744.0, 753.00,751.25,754.79,285204,2152.7,18324, 120535, 42.26,-1.35
GRSE, EQ, 20-Mar-2025,1641.35,1710.0,1782.9,1648.0,1715.1,1724.05,1721.4,11603199,199737.23,423456, 783978, 6.76,5.04
GRSE, EQ, 20-Apr-2020,164.0,164.3,165.1,156.0, 156.00,157.9,159.96,71478,114.34,2228, 41953, 58.69,-3.72
GRSE, EQ, 20-Apr-2021,176.0,178.0,180.15,175.75,176.6,176.5,177.95,54623,97.2,1429, 20873, 38.21,0.28
GRSE, EQ, 20-Apr-2022,287.0,284.15,297.0,276.7, 293.00,290.15,289.2,1019484,2948.34,18038, 247913, 24.32,1.1
GRSE, EQ, 20-Apr-2023,458.45,460.35,464.7,457.5, 460.90,459.6,461.13,132388,610.48,6125, 48663, 36.76,0.25
GRSE, EQ, 20-May-2020,137.6,136.65,139.55,136.15, 138.95,138.8,138.36,56774,78.56,1390, 24434, 43.04,0.87
GRSE, EQ, 20-May-2021,180.65,182.5,188.4,182.5, 186.30,185.95,185.72,1199933,2228.54,18030, 450250, 37.52,2.93
GRSE, EQ, 20-May-2022,288.8,291.2,316.8,291.2, 310.50,309.5,309.33,1323240,4093.21,24631, 353161, 26.69,7.17
GRSE, EQ, 18-May-2024,1084.35,1087.0,1135.0,1083.05,1132.8,1129.75,1120.85,856671,9601.96,21284, 303433, 35.42,4.19
GRSE, EQ, 20-Jun-2022,222.15,223.25,224.8,207.7,208.5,210.85,212.61,240877,512.12,5170, 121889, 50.60,-5.09
GRSE, EQ, 20-Jun-2023,598.15,597.0,605.5,575.05, 592.00,593.05,593.82,2103018,12488.09,42310, 406519, 19.33,-0.85
GRSE, EQ, 20-Jun-2024,1770.4,1775.0,1805.8,1726.1,1757.8,1761.2,1777.48,2538518,45121.56,113601, 517539, 20.39,-0.52
GRSE, EQ, 20-Jul-2020,206.45,207.0,208.05,202.0, 203.40,203.55,205.38,150108,308.3,3644, 46515, 30.99,-1.4
GRSE, EQ, 20-Jul-2021,203.8,204.95,206.9,199.0, 200.00,199.35,200.92,214785,431.55,4118, 113586, 52.88,-2.18
GRSE, EQ, 20-Jul-2022,246.95,246.85,254.0,240.15, 251.00,249.35,245.9,477995,1175.39,12727, 225403, 47.16,0.97
GRSE, EQ, 20-Jul-2023,593.3,593.3,618.35,593.05,607.5,606.5,611.53,1392270,8514.12,40641, 305535, 21.95,2.22
GRSE, EQ, 20-Aug-2020,214.05,212.95,224.35,212.7,215.15,215.3,219.87,889598,1955.99,12117, 276852, 31.12,0.58
GRSE, EQ, 20-Aug-2021,190.1,188.2,190.0,184.0,185.8,185.15,187.18,125819,235.51,3490, 46745, 37.15,-2.6
GRSE, EQ, 20-Aug-2024,1921.65,1904.9,1917.95,1751.55,1786.0,1776.05,1806.94,2942955,53177.39,177185, 1228767, 41.75,-7.58
GRSE, EQ, 20-Sep-2021,194.15,192.0,197.5,187.3, 189.85,190.15,193.24,187269,361.88,6906, 71547, 38.21,-2.06
GRSE, EQ, 20-Sep-2022,351.75,358.0,359.95,346.05, 347.80,347.65,352.23,713599,2513.53,14395, 221391, 31.02,-1.17
GRSE, EQ, 20-Sep-2023,823.35,814.15,852.0,805.0, 845.00,843.6,837.7,2361293,19780.58,55112, 264356, 11.20,2.46
GRSE, EQ, 20-Sep-2024,1700.95,1709.5,1871.0,1672.0,1848.0,1855.6,1825.09,5810787,106052.26,195285, 1821854, 31.35,9.09
GRSE, EQ, 20-Oct-2020,193.9,193.9,195.7,192.25, 193.30,193.1,193.68,41384,80.15,1379, 20165, 48.73,-0.41
GRSE, EQ, 20-Oct-2021,216.7,216.7,224.65,211.9, 218.00,217.3,218.04,492502,1073.84,11061, 232937, 47.30,0.28
GRSE, EQ, 20-Oct-2022,464.15,460.8,472.8,451.4,462.95,466.2,463.77,1474453,6838.07,30774, 178727, 12.12,0.44
GRSE, EQ, 20-Oct-2023,788.25,791.9,792.6,750.65, 760.05,758.2,767.09,694857,5330.15,26676, 277035, 39.87,-3.81
GRSE, EQ, 20-Nov-2020,195.8,197.2,203.4,194.7,199.4,199.25,200.19,316846,634.28,5597, 119903, 37.84,1.76
GRSE, EQ, 20-Nov-2023,775.75,779.65,795.0,767.2, 787.00,786.35,785.2,502609,3946.5,20145, 117917, 23.46,1.37
GRSE, EQ, 19-Nov-2024,1387.4,1422.0,1456.0,1401.4,1404.0,1409.25,1432.84,411727,5899.41,31463, 115106, 27.96,1.57
GRSE, EQ, 20-Dec-2021,220.5,217.9,217.9,208.0,208.8,209.8,211.88,252827,535.68,6268, 115576, 45.71,-4.85
GRSE, EQ, 20-Dec-2022,502.9,501.5,522.0,491.75,518.0,518.35,510.72,1410787,7205.12,26849, 200520, 14.21,3.07
GRSE, EQ, 20-Dec-2023,849.6,854.75,858.9,793.75, 803.45,806.6,827.94,1108849,9180.57,47423, 455850, 41.11,-5.06
GRSE, EQ, 20-Dec-2024,1654.75,1661.75,1667.5,1560.2,1582.0,1572.2,1607.4,442865,7118.61,40879, 182886, 41.30,-4.99
GRSE, EQ, 21-Jan-2020,217.45,216.85,219.15,214.1, 214.50,215.2,215.71,134149,289.38,2525, 60053, 44.77,-1.03
GRSE, EQ, 21-Jan-2021,191.95,193.7,195.5,182.3, 189.20,187.9,191.43,530936,1016.38,6468, 140281, 26.42,-2.11
GRSE, EQ, 21-Jan-2022,246.5,245.45,246.7,237.25, 242.30,240.15,242.14,144774,350.55,3651, 66579, 45.99,-2.58
GRSE, EQ, 21-Jan-2025,1591.55,1600.0,1631.0,1540.0,1545.0,1548.85,1574.71,723457,11392.33,54718, 170527, 23.57,-2.68
GRSE, EQ, 21-Feb-2022,224.7,224.7,224.7,218.35, 221.90,221.1,221.25,152342,337.06,5338, 55566, 36.47,-1.6
GRSE, EQ, 21-Feb-2023,447.85,447.45,449.75,434.05, 434.25,436.65,441.9,152759,675.04,5623, 51847, 33.94,-2.5
GRSE, EQ, 21-Feb-2024,825.25,829.3,829.35,803.1, 808.80,807.9,813.53,285878,2325.69,16632, 118568, 41.48,-2.1
GRSE, EQ, 21-Feb-2025,1347.55,1344.0,1397.0,1312.0,1316.0,1319.2,1347.93,1016652,13703.73,75128, 151235, 14.88,-2.1
GRSE, EQ, 21-Mar-2022,236.6,241.9,241.9,230.3,233.1,232.75,234.14,117890,276.02,3738, 50960, 43.23,-1.63
GRSE, EQ, 21-Mar-2023,419.8,420.7,430.0,415.9, 429.00,426.7,422.62,169826,717.72,7172, 50220, 29.57,1.64
GRSE, EQ, 21-Mar-2024,751.25,760.0,776.2,757.05,762.05,762.35,766.1,370356,2837.3,18229, 93788, 25.32,1.48
GRSE, EQ, 21-Mar-2025,1724.05,1715.45,1732.25,1683.55,1697.95,1701.6,1701.64,2377276,40452.77,97974, 425268, 17.89,-1.3
GRSE, EQ, 21-Apr-2020,157.9,154.7,157.4,150.3,151.5,152.05,153.29,85272,130.71,2333, 36548, 42.86,-3.7
GRSE, EQ, 21-Apr-2022,290.15,293.6,319.4,293.0, 309.65,310.45,308.89,3215330,9931.74,52705, 596804, 18.56,7.0
GRSE, EQ, 21-Apr-2023,459.6,462.0,462.0,447.0, 455.00,454.4,453.43,251850,1141.97,7597, 58566, 23.25,-1.13
GRSE, EQ, 21-Apr-2025,1714.6,1723.5,1789.0,1717.0,1743.0,1740.2,1752.24,2091025,36639.68,91878, 442563, 21.16,1.49
GRSE, EQ, 21-May-2020,138.8,141.3,142.6,138.8,139.4,139.35,141.02,112847,159.13,3342, 42931, 38.04,0.4
GRSE, EQ, 21-May-2021,185.95,188.0,189.35,185.0, 185.50,185.5,187.14,336242,629.24,5246, 171291, 50.94,-0.24
GRSE, EQ, 21-May-2024,1129.75,1134.9,1235.0,1093.05,1193.0,1213.35,1168.35,6509026,76048.44,168156, 969271, 14.89,7.4
GRSE, EQ, 21-Jun-2021,194.2,191.9,203.0,190.45, 200.50,201.9,197.99,270103,534.78,5508, 113496, 42.02,3.96
GRSE, EQ, 21-Jun-2022,210.85,211.95,223.0,211.95,218.85,220.85,218.87,181549,397.36,3929, 82311, 45.34,4.74
GRSE, EQ, 21-Jun-2023,593.05,596.0,619.0,575.1, 579.00,578.0,599.25,2482743,14877.76,50846, 547616, 22.06,-2.54
GRSE, EQ, 21-Jun-2024,1761.2,1738.0,1769.6,1632.75,1649.0,1644.25,1675.08,3005182,50339.14,137163, 1312063, 43.66,-6.64
GRSE, EQ, 21-Jul-2020,203.55,203.65,204.85,196.6, 198.70,198.9,200.71,354643,711.8,10064, 129161, 36.42,-2.28
GRSE, EQ, 21-Jul-2022,249.35,250.6,257.4,249.1,253.2,253.6,253.84,394550,1001.53,8031, 192877, 48.89,1.7
GRSE, EQ, 21-Jul-2023,606.5,607.0,614.75,596.6, 601.95,599.5,605.87,722639,4378.25,17496, 260542, 36.05,-1.15
GRSE, EQ, 21-Aug-2020,215.3,217.0,218.5,208.5, 213.80,213.75,214.02,459417,983.24,8586, 230064, 50.08,-0.72
GRSE, EQ, 21-Aug-2023,748.55,752.85,773.5,735.1, 770.20,762.65,758.48,2667733,20234.25,59545, 300412, 11.26,1.88
GRSE, EQ, 21-Aug-2024,1776.05,1740.0,1864.9,1732.0,1799.0,1801.35,1823.13,2650000,48312.85,113481, 693175, 26.16,1.42
GRSE, EQ, 21-Sep-2020,182.05,182.5,185.0,173.0, 175.10,174.55,179.81,134710,242.22,4469, 57646, 42.79,-4.12
GRSE, EQ, 21-Sep-2021,190.15,188.25,192.75,188.05, 191.10,191.4,190.51,74342,141.63,2328, 27439, 36.91,0.66
GRSE, EQ, 21-Sep-2022,347.65,349.0,353.75,337.0, 346.40,347.9,346.43,625122,2165.61,12919, 155602, 24.89,0.07
GRSE, EQ, 21-Sep-2023,843.6,844.45,851.35,817.5, 831.35,829.85,834.15,962791,8031.13,24373, 200719, 20.85,-1.63
GRSE, EQ, 21-Oct-2020,193.1,193.95,196.0,192.0, 192.15,192.55,193.62,94010,182.03,2912, 23068, 24.54,-0.28
GRSE, EQ, 21-Oct-2021,217.3,218.9,227.5,216.5, 223.50,224.65,222.73,643957,1434.3,12700, 297170, 46.15,3.38
GRSE, EQ, 21-Oct-2022,466.2,464.4,467.85,432.95,441.8,443.35,449.79,1611173,7246.82,33714, 393769, 24.44,-4.9
GRSE, EQ, 21-Oct-2024,1764.65,1800.0,1870.0,1793.0, 1805.00,1804.1,1834.37,2590482,47519.15,129314, 429896, 16.60,2.24
GRSE, EQ, 21-Nov-2022,486.75,486.75,488.0,472.0, 474.80,475.95,480.55,884162,4248.85,29672, 205849, 23.28,-2.22
GRSE, EQ, 21-Nov-2023,786.35,789.95,817.2,780.2, 810.50,809.95,807.72,1628794,13156.13,44938, 489230, 30.04,3.0
GRSE, EQ, 21-Nov-2024,1409.25,1422.0,1424.9,1377.6,1382.0,1381.65,1397.48,394303,5510.31,31534, 131159, 33.26,-1.96
GRSE, EQ, 21-Dec-2020,200.9,201.0,206.2,186.3, 191.00,189.15,197.23,269410,531.36,5214, 114516, 42.51,-5.85
GRSE, EQ, 21-Dec-2021,209.8,210.55,218.5,207.25,214.0,215.25,214.65,167813,360.21,4801, 61733, 36.79,2.6
GRSE, EQ, 21-Dec-2022,518.35,521.5,524.15,481.1, 485.95,485.25,501.09,784306,3930.06,23094, 234541, 29.90,-6.39
GRSE, EQ, 21-Dec-2023,806.6,806.0,835.0,790.0, 819.00,817.05,816.04,1134947,9261.57,43693, 211768, 18.66,1.3
GRSE, EQ, 22-Jan-2020,215.2,216.0,218.9,208.1, 210.00,209.5,212.26,184750,392.15,3476, 81214, 43.96,-2.65
GRSE, EQ, 22-Jan-2021,187.9,188.2,190.6,183.9, 184.50,184.65,186.58,159563,297.72,2745, 91011, 57.04,-1.73
GRSE, EQ, 20-Jan-2024,888.4,892.85,948.0,889.7, 919.90,919.15,926.44,2745029,25431.02,73980, 835068, 30.42,3.46
GRSE, EQ, 22-Jan-2025,1548.85,1548.65,1552.5,1467.75,1540.2,1542.65,1504.83,479181,7210.87,41624, 108125, 22.56,-0.4
GRSE, EQ, 22-Feb-2021,198.0,198.9,208.3,196.75,198.6,198.7,202.62,506624,1026.52,9161, 96472, 19.04,0.35
GRSE, EQ, 22-Feb-2022,221.1,214.8,215.0,206.0,209.85,210.8,210.7,237947,501.36,6953, 89235, 37.50,-4.66
GRSE, EQ, 22-Feb-2023,436.65,431.95,432.0,417.0, 419.00,419.4,421.99,318870,1345.59,12570, 129072, 40.48,-3.95
GRSE, EQ, 22-Feb-2024,807.9,811.05,828.0,792.35, 817.00,814.8,812.65,403678,3280.48,24467, 112678, 27.91,0.85
GRSE, EQ, 22-Mar-2021,188.9,192.0,198.0,190.0,191.0,191.4,193.03,213865,412.81,3863, 107013, 50.04,1.32
GRSE, EQ, 22-Mar-2022,232.75,232.0,238.7,230.35, 234.70,234.65,234.34,131121,307.26,3452, 56377, 43.00,0.82
GRSE, EQ, 22-Mar-2023,426.7,428.85,431.8,423.0, 425.00,425.65,427.11,100312,428.44,4350, 28479, 28.39,-0.25
GRSE, EQ, 22-Mar-2024,762.35,762.35,793.35,757.0,777.05,780.9,781.97,707306,5530.89,29993, 169620, 23.98,2.43
GRSE, EQ, 22-Apr-2020,152.05,155.0,155.0,145.2,149.5,148.7,148.49,77327,114.82,3035, 27716, 35.84,-2.2
GRSE, EQ, 22-Apr-2021,176.5,176.6,177.95,175.4,175.6,176.2,176.7,52510,92.79,1311, 21200, 40.37,-0.17
GRSE, EQ, 22-Apr-2022,310.45,308.8,333.0,306.05, 318.00,317.85,323.26,3562394,11515.77,64966, 548481, 15.40,2.38
GRSE, EQ, 22-Apr-2024,870.45,885.0,887.0,861.15,868.85,868.65,871.61,403899,3520.44,20637, 139875, 34.63,-0.21
GRSE, EQ, 22-Apr-2025,1740.2,1748.0,1757.9,1730.0,1733.0,1734.1,1742.16,794520,13841.81,34159, 190495, 23.98,-0.35
GRSE, EQ, 22-May-2020,139.35,139.35,140.5,133.6,135.8,135.1,136.28,96664,131.74,2754, 61368, 63.49,-3.05
GRSE, EQ, 22-May-2023,507.0,505.9,505.9,476.0,479.9,477.95,483.44,645473,3120.48,19774, 266822, 41.34,-5.73
GRSE, EQ, 22-May-2024,1213.35,1213.35,1236.0,1177.0,1191.0,1192.6,1203.8,2816054,33899.75,87250, 730597, 25.94,-1.71
GRSE, EQ, 22-Jun-2020,196.8,201.7,217.2,197.85, 215.00,210.75,205.18,733015,1503.98,9814, 373846, 51.00,7.09
GRSE, EQ, 22-Jun-2021,201.9,203.0,206.65,199.5, 202.50,202.45,203.72,462911,943.04,6804, 197252, 42.61,0.27
GRSE, EQ, 22-Jun-2022,220.85,220.8,221.3,211.25,212.1,213.3,217.08,176918,384.06,4544, 80684, 45.61,-3.42
GRSE, EQ, 22-Jun-2023,578.0,581.1,592.95,565.0,578.0,578.05,580.4,1174093,6814.39,27644, 222764, 18.97,0.01
GRSE, EQ, 22-Jul-2020,198.9,198.15,201.7,195.05, 196.50,196.25,197.75,177076,350.16,6199, 49049, 27.70,-1.33
GRSE, EQ, 22-Jul-2021,199.35,200.95,205.5,200.95, 204.30,204.5,203.39,259143,527.08,4591, 143283, 55.29,2.58
GRSE, EQ, 22-Jul-2022,253.6,255.65,258.0,250.95, 254.40,256.0,254.45,234601,596.94,6983, 114661, 48.87,0.95
GRSE, EQ, 22-Jul-2024,2455.35,2425.0,2578.1,2380.2,2578.1,2568.25,2534.32,2893707,73335.73,98592, 916266, 31.66,4.6
GRSE, EQ, 22-Aug-2022,265.95,267.3,268.9,258.25, 259.35,259.8,262.43,122894,322.51,3647, 43087, 35.06,-2.31
GRSE, EQ, 22-Aug-2023,762.65,770.2,778.4,752.15, 762.00,763.75,765.12,906267,6934.01,24400, 199821, 22.05,0.14
GRSE, EQ, 22-Aug-2024,1801.35,1828.7,1828.7,1747.0,1750.1,1751.15,1772.48,1214323,21523.66,68486, 523381, 43.10,-2.79
GRSE, EQ, 22-Sep-2020,174.55,175.5,175.5,166.05, 172.30,170.75,171.06,160690,274.88,5892, 36056, 22.44,-2.18
GRSE, EQ, 22-Sep-2021,191.4,191.95,193.35,189.6, 190.80,190.8,191.29,55544,106.25,1785, 27556, 49.61,-0.31
GRSE, EQ, 22-Sep-2022,347.9,347.45,362.25,346.15, 354.00,353.0,354.62,917172,3252.46,18260, 296972, 32.38,1.47
GRSE, EQ, 22-Sep-2023,829.85,834.5,836.5,800.5, 810.00,808.75,811.87,969703,7872.77,24652, 224279, 23.13,-2.54
GRSE, EQ, 22-Oct-2020,192.55,193.0,196.0,192.0, 193.25,193.3,193.9,106904,207.29,3533, 25776, 24.11,0.39
GRSE, EQ, 22-Oct-2021,224.65,225.8,226.5,219.25, 225.00,224.35,223.61,363321,812.44,7245, 208876, 57.49,-0.13
GRSE, EQ, 22-Oct-2024,1804.1,1800.0,1800.0,1462.4,1592.05,1573.7,1609.63,3426226,55149.6,188529, 917648, 26.78,-12.77
GRSE, EQ, 22-Nov-2021,248.4,248.7,254.25,228.7,234.0,231.15,238.54,800413,1909.32,18810, 343612, 42.93,-6.94
GRSE, EQ, 22-Nov-2022,475.95,473.0,518.8,470.0, 516.00,516.0,503.73,3051334,15370.5,48888, 549234, 18.00,8.41
GRSE, EQ, 22-Nov-2023,809.95,813.3,823.9,794.5, 803.70,805.1,810.27,644736,5224.12,24011, 231828, 35.96,-0.6
GRSE, EQ, 22-Nov-2024,1381.65,1391.9,1398.0,1371.0,1377.0,1375.3,1381.07,336103,4641.82,31504, 128113, 38.12,-0.46
GRSE, EQ, 22-Dec-2020,189.15,187.25,193.8,183.0, 187.15,186.8,186.49,324552,605.25,4966, 146551, 45.15,-1.24
GRSE, EQ, 22-Dec-2021,215.25,216.35,219.8,214.45, 215.40,215.75,217.25,144152,313.18,3348, 54128, 37.55,0.23
GRSE, EQ, 22-Dec-2022,485.25,487.95,490.1,442.0, 446.65,446.7,456.51,1370357,6255.84,36004, 320947, 23.42,-7.94
GRSE, EQ, 22-Dec-2023,817.05,821.8,834.7,813.25, 819.00,819.65,823.67,424135,3493.46,18366, 97186, 22.91,0.32
GRSE, EQ, 23-Jan-2020,209.5,208.6,210.95,202.5, 203.90,204.25,205.95,193133,397.76,6323, 100170, 51.87,-2.51
GRSE, EQ, 23-Jan-2023,495.6,499.45,506.1,484.05,490.0,492.25,493.87,399180,1971.43,11724, 93227, 23.35,-0.68
GRSE, EQ, 23-Jan-2024,919.15,928.0,946.4,885.05, 895.00,896.4,919.24,1538702,14144.3,51515, 464750, 30.20,-2.48
GRSE, EQ, 23-Jan-2025,1542.65,1543.95,1586.7,1517.9,1526.0,1534.3,1552.07,419354,6508.66,35809, 83155, 19.83,-0.54
GRSE, EQ, 23-Feb-2021,198.7,202.9,202.9,197.0, 197.80,197.95,199.83,126481,252.74,2505, 52430, 41.45,-0.38
GRSE, EQ, 23-Feb-2022,210.8,210.0,223.35,210.0,219.3,219.7,219.26,166900,365.95,4612, 75475, 45.22,4.22
GRSE, EQ, 23-Feb-2023,419.4,420.95,427.4,412.8,416.95,418.55,421.21,243472,1025.54,11821, 77297, 31.75,-0.2
GRSE, EQ, 23-Feb-2024,814.8,813.0,837.15,808.35, 819.00,823.0,824.25,376052,3099.61,21753, 89534, 23.81,1.01
GRSE, EQ, 23-Mar-2020,138.8,126.0,130.0,116.05, 120.50,121.55,120.92,119476,144.47,2791, 72128, 60.37,-12.43
GRSE, EQ, 23-Mar-2021,191.4,191.4,201.45,191.4, 198.00,198.75,197.32,441256,870.68,7668, 112104, 25.41,3.84
GRSE, EQ, 23-Mar-2022,234.65,234.65,238.5,232.0, 233.00,233.05,234.54,91131,213.74,2155, 38309, 42.04,-0.68
GRSE, EQ, 23-Mar-2023,425.65,422.0,429.6,418.35, 419.70,421.7,424.44,198583,842.86,8861, 49892, 25.12,-0.93
GRSE, EQ, 23-Apr-2020,148.7,147.1,153.5,146.2,149.95,149.35,150.34,65812,98.94,1643, 22550, 34.26,0.44
GRSE, EQ, 23-Apr-2021,176.2,175.1,179.5,175.1,176.7,176.25,177.31,48823,86.57,1269, 18528, 37.95,0.03
GRSE, EQ, 23-Apr-2024,868.65,869.8,969.0,869.8,963.0,958.0,935.24,7171326,67068.84,160884, 1570639, 21.90,10.29
GRSE, EQ, 23-Apr-2025,1734.1,1743.0,1770.0,1694.0,1729.3,1734.8,1736.08,1300707,22581.26,52212, 455598, 35.03,0.04
GRSE, EQ, 23-May-2022,309.5,312.0,324.4,305.7,311.0,310.6,315.05,728086,2293.86,22472, 201972, 27.74,0.36
GRSE, EQ, 23-May-2023,477.95,480.1,489.0,474.25, 481.50,478.6,480.6,430240,2067.73,11207, 157194, 36.54,0.14
GRSE, EQ, 23-May-2024,1192.6,1314.0,1431.1,1300.0,1418.0,1425.6,1394.02,14603622,203577.52,284593, 2260763, 15.48,19.54
GRSE, EQ, 23-Jun-2020,210.75,220.5,222.0,207.0, 207.80,209.8,213.07,854433,1820.53,11490, 376654, 44.08,-0.45
GRSE, EQ, 23-Jun-2021,202.45,203.95,216.45,201.6, 209.40,208.9,211.35,2904782,6139.29,32564, 840765, 28.94,3.19
GRSE, EQ, 23-Jun-2022,213.3,214.45,222.5,213.0,220.0,218.15,217.97,146836,320.06,4382, 52637, 35.85,2.27
GRSE, EQ, 23-Jun-2023,578.05,578.0,580.9,553.3, 563.00,561.5,563.34,748381,4215.93,20250, 198385, 26.51,-2.86
GRSE, EQ, 23-Jul-2020,196.25,197.0,203.3,197.0, 197.00,197.9,198.95,287468,571.92,6672, 60141, 20.92,0.84
GRSE, EQ, 23-Jul-2021,204.5,205.25,205.45,202.0,203.45,203.05,203.13,136557,277.38,2165, 90411, 66.21,-0.71
GRSE, EQ, 23-Jul-2024,2568.25,2578.0,2635.0,2439.85,2445.0,2441.2,2522.01,3762141,94881.43,156631, 1057757, 28.12,-4.95
GRSE, EQ, 23-Aug-2021,185.15,186.1,187.9,182.6, 183.90,183.75,184.86,184255,340.61,2536, 130221, 70.67,-0.76
GRSE, EQ, 23-Aug-2022,259.8,257.0,263.5,252.25, 257.85,258.45,259.88,282666,734.61,6088, 143405, 50.73,-0.52
GRSE, EQ, 23-Aug-2023,763.75,763.0,823.4,763.0, 798.00,798.55,803.87,3639252,29254.68,76832, 653626, 17.96,4.56
GRSE, EQ, 23-Aug-2024,1751.15,1750.0,1845.85,1743.25,1762.9,1764.75,1795.1,1833693,32916.67,87454, 461989, 25.19,0.78
GRSE, EQ, 23-Sep-2020,170.75,171.65,176.0,170.05, 173.00,172.95,173.36,88684,153.74,2332, 30157, 34.01,1.29
GRSE, EQ, 23-Sep-2021,190.8,191.1,194.2,191.1, 193.20,192.55,192.88,70426,135.84,1964, 38378, 54.49,0.92
GRSE, EQ, 23-Sep-2022,353.0,353.7,357.0,336.85, 340.00,338.7,344.48,426183,1468.1,9487, 173719, 40.76,-4.05
GRSE, EQ, 23-Sep-2024,1855.6,1855.65,1874.2,1794.0,1801.8,1801.05,1827.07,1447221,26441.8,64811, 374130, 25.85,-2.94
GRSE, EQ, 23-Oct-2020,193.3,200.3,203.95,195.65, 198.00,198.5,197.96,224800,445.02,4975, 81755, 36.37,2.69
GRSE, EQ, 23-Oct-2023,758.2,759.0,767.9,693.0, 701.00,699.65,724.07,976476,7070.39,38761, 300448, 30.77,-7.72
GRSE, EQ, 23-Oct-2024,1573.7,1591.95,1652.95,1535.1,1604.0,1609.75,1603.27,1470667,23578.71,93417, 208489, 14.18,2.29
GRSE, EQ, 23-Nov-2020,199.25,200.75,204.0,195.15, 195.80,195.95,198.83,173033,344.05,4040, 86627, 50.06,-1.66
GRSE, EQ, 23-Nov-2021,231.15,231.0,243.7,230.5,242.9,241.85,239.2,559410,1338.12,14511, 196781, 35.18,4.63
GRSE, EQ, 23-Nov-2022,516.0,517.5,534.0,512.1,517.0,518.95,524.46,3280519,17205.17,53025, 438581, 13.37,0.57
GRSE, EQ, 23-Nov-2023,805.1,808.9,844.8,805.2, 833.90,833.8,831.33,3174679,26392.21,75005, 649405, 20.46,3.56
GRSE, EQ, 23-Dec-2020,186.8,187.65,196.0,187.65,195.7,195.0,193.1,459954,888.18,3832, 183962, 40.00,4.39
GRSE, EQ, 23-Dec-2021,215.75,216.2,223.0,215.25, 215.70,216.65,219.33,124475,273.01,3094, 41577, 33.40,0.42
GRSE, EQ, 23-Dec-2022,446.7,442.3,442.3,392.5, 404.00,399.2,414.46,1580526,6550.67,43206, 337210, 21.34,-10.63
GRSE, EQ, 23-Dec-2024,1572.2,1598.9,1603.55,1525.15,1555.0,1557.7,1556.29,406117,6320.37,39862, 121097, 29.82,-0.92
GRSE, EQ, 24-Jan-2020,204.25,204.7,210.65,203.0,209.15,206.95,206.79,174085,360.0,3694, 58332, 33.51,1.32
GRSE, EQ, 24-Jan-2022,240.15,241.25,241.25,225.0,227.9,228.45,230.71,226100,521.63,6082, 104809, 46.36,-4.87
GRSE, EQ, 24-Jan-2023,492.25,486.5,500.8,483.55,486.0,487.65,494.13,387119,1912.88,15745, 84065, 21.72,-0.93
GRSE, EQ, 24-Jan-2024,896.4,896.4,912.0,865.05, 897.90,898.35,893.96,818922,7320.8,36324, 167811, 20.49,0.22
GRSE, EQ, 24-Jan-2025,1534.3,1534.0,1558.45,1507.0,1531.7,1536.8,1531.28,310788,4759.04,30120, 73328, 23.59,0.16
GRSE, EQ, 24-Feb-2020,181.85,180.0,186.85,173.1, 173.30,174.2,180.36,192272,346.78,4708, 67624, 35.17,-4.21
GRSE, EQ, 24-Feb-2021,197.95,198.5,204.0,195.0, 200.20,199.7,201.2,103782,208.81,1754, 50510, 48.67,0.88
GRSE, EQ, 24-Feb-2022,219.7,211.0,214.65,199.0, 202.00,204.1,205.92,420294,865.49,9078, 164023, 39.03,-7.1
GRSE, EQ, 24-Feb-2023,418.55,420.1,435.8,420.1, 422.50,423.2,428.17,349574,1496.79,16361, 95310, 27.26,1.11
GRSE, EQ, 24-Feb-2025,1319.2,1290.0,1374.45,1272.45,1335.0,1337.85,1338.24,2333905,31233.18,149835, 140075, 6.00,1.41
GRSE, EQ, 24-Mar-2020,121.55,125.15,143.95,110.05, 124.90,123.2,121.47,71572,86.94,1862, 37313, 52.13,1.36
GRSE, EQ, 24-Mar-2021,198.75,197.8,197.8,192.05, 192.85,192.45,194.13,97884,190.03,4036, 38691, 39.53,-3.17
GRSE, EQ, 24-Mar-2022,233.05,231.7,243.75,229.2, 230.15,231.1,236.39,398792,942.69,7225, 173200, 43.43,-0.84
GRSE, EQ, 24-Mar-2023,421.7,420.0,423.55,408.75, 410.80,410.85,416.99,84855,353.84,4479, 34995, 41.24,-2.57
GRSE, EQ, 24-Mar-2025,1701.6,1701.6,1754.0,1681.05,1705.0,1704.55,1721.46,2206937,37991.48,81178, 442281, 20.04,0.17
GRSE, EQ, 24-Apr-2020,149.35,148.5,150.9,141.9,143.0,142.75,145.5,59065,85.94,1620, 32912, 55.72,-4.42
GRSE, EQ, 24-Apr-2023,454.4,457.0,462.8,451.6, 456.40,455.7,457.23,272395,1245.46,10864, 59064, 21.68,0.29
GRSE, EQ, 24-Apr-2024,958.0,974.5,1018.5,970.2, 981.95,983.55,990.69,4223795,41844.6,107338, 952436, 22.55,2.67
GRSE, EQ, 24-Apr-2025,1734.8,1733.9,1814.0,1722.0,1722.0,1729.3,1761.04,2139815,37683.1,92851, 469555, 21.94,-0.32
GRSE, EQ, 24-May-2021,185.5,189.0,190.5,185.0, 186.50,186.05,188.51,457632,862.67,6915, 226337, 49.46,0.3
GRSE, EQ, 24-May-2022,310.6,311.8,314.8,297.45,302.75,303.15,304.07,448297,1363.14,13650, 166569, 37.16,-2.4
GRSE, EQ, 24-May-2023,478.6,481.0,487.0,467.2, 480.00,481.45,480.4,248044,1191.6,7901, 95952, 38.68,0.6
GRSE, EQ, 24-May-2024,1425.6,1400.0,1508.0,1372.0,1457.0,1459.7,1457.71,8164728,119018.35,173660, 1187031, 14.54,2.39
GRSE, EQ, 24-Jun-2020,209.8,210.0,212.0,200.15,204.95,205.15,206.67,468713,968.7,6338, 270372, 57.68,-2.22
GRSE, EQ, 24-Jun-2021,208.9,210.5,219.35,209.3, 211.00,210.6,214.77,1527212,3280.05,26084, 475377, 31.13,0.81
GRSE, EQ, 24-Jun-2022,218.15,219.8,231.65,219.7, 229.00,229.85,227.11,309147,702.1,8535, 123336, 39.90,5.36
GRSE, EQ, 24-Jun-2024,1644.25,1724.1,1819.3,1720.0,1750.0,1753.1,1771.76,7499773,132877.71,264935, 1154137, 15.39,6.62
GRSE, EQ, 24-Jul-2020,197.9,197.0,204.9,193.2,204.0,201.85,200.11,527764,1056.13,8561, 173869, 32.94,2.0
GRSE, EQ, 24-Jul-2023,599.5,601.95,614.7,596.9, 606.95,608.4,605.01,615435,3723.43,18451, 162604, 26.42,1.48
GRSE, EQ, 24-Jul-2024,2441.2,2441.0,2470.0,2370.0,2374.7,2378.95,2413.92,1236916,29858.21,70482, 478611, 38.69,-2.55
GRSE, EQ, 24-Aug-2020,213.75,214.95,215.45,205.75,209.35,208.95,210.12,395382,830.77,10140, 195501, 49.45,-2.25
GRSE, EQ, 24-Aug-2021,183.75,184.7,188.75,183.0, 184.50,185.0,185.94,187333,348.33,4056, 66445, 35.47,0.68
GRSE, EQ, 24-Aug-2022,258.45,259.0,274.7,258.6,272.15,271.7,266.94,524504,1400.14,10230, 206721, 39.41,5.13
GRSE, EQ, 24-Aug-2023,798.55,803.0,806.8,780.0, 789.95,785.3,789.94,1014763,8016.03,27332, 275223, 27.12,-1.66
GRSE, EQ, 24-Sep-2020,172.95,171.25,172.75,168.1, 170.50,170.1,170.15,94950,161.56,2863, 27392, 28.85,-1.65
GRSE, EQ, 24-Sep-2021,192.55,193.75,195.5,188.9, 189.90,189.85,191.88,94225,180.8,3572, 51204, 54.34,-1.4
GRSE, EQ, 24-Sep-2024,1801.05,1800.0,1800.0,1750.15,1758.0,1755.95,1767.1,680934,12032.77,41565, 256141, 37.62,-2.5
GRSE, EQ, 24-Oct-2024,1609.75,1599.95,1657.35,1578.0,1583.9,1586.5,1611.01,843328,13586.06,51881, 212979, 25.25,-1.44
GRSE, EQ, 24-Nov-2020,195.95,197.15,198.9,195.0, 195.75,195.4,196.56,64615,127.0,1446, 33254, 51.46,-0.28
GRSE, EQ, 24-Nov-2021,241.85,243.85,245.0,236.85, 237.25,238.85,242.57,280170,679.61,11100, 78109, 27.88,-1.24
GRSE, EQ, 24-Nov-2022,518.95,518.95,523.0,501.9, 503.50,505.7,512.97,942303,4833.75,24056, 194865, 20.68,-2.55
GRSE, EQ, 24-Nov-2023,833.8,837.7,844.95,829.5, 833.00,834.0,837.16,1128392,9446.49,26322, 308376, 27.33,0.02
GRSE, EQ, 24-Dec-2020,195.0,198.5,198.5,192.2, 193.70,193.65,195.28,87351,170.58,1762, 44774, 51.26,-0.69
GRSE, EQ, 24-Dec-2021,216.65,216.1,218.6,212.1, 212.85,213.55,215.1,134149,288.56,3895, 60013, 44.74,-1.43
GRSE, EQ, 24-Dec-2024,1557.7,1571.8,1598.0,1544.05,1564.5,1563.2,1570.59,238997,3753.65,25906, 62942, 26.34,0.35
GRSE, EQ, 25-Jan-2021,184.65,186.0,187.4,182.4, 185.00,184.2,184.15,91831,169.1,2055, 38448, 41.87,-0.24
GRSE, EQ, 25-Jan-2022,228.45,229.4,235.25,220.25,232.1,232.6,229.84,190387,437.59,4980, 74056, 38.90,1.82
GRSE, EQ, 25-Jan-2023,487.65,486.0,498.9,476.0, 484.60,487.4,489.27,484355,2369.83,18054, 122025, 25.19,-0.05
GRSE, EQ, 25-Jan-2024,898.35,903.4,951.0,903.35, 911.00,909.9,926.42,1313121,12165.01,39183, 313093, 23.84,1.29
GRSE, EQ, 25-Feb-2020,174.2,172.1,177.8,170.0, 175.00,173.05,173.49,130264,226.0,3090, 56752, 43.57,-0.66
GRSE, EQ, 25-Feb-2021,199.7,202.05,202.95,198.75, 199.75,199.9,200.73,180101,361.52,3183, 113059, 62.78,0.1
GRSE, EQ, 25-Feb-2022,204.1,211.0,223.95,210.8,217.75,219.35,218.26,511597,1116.63,8994, 119143, 23.29,7.47
GRSE, EQ, 25-Feb-2025,1337.85,1338.0,1387.7,1322.9,1327.0,1331.2,1351.94,1219387,16485.34,88305, 146916, 12.05,-0.5
GRSE, EQ, 25-Mar-2020,123.2,120.5,128.75,119.0, 128.00,126.75,125.33,61573,77.17,1746, 35809, 58.16,2.88
GRSE, EQ, 25-Mar-2021,192.45,193.3,193.3,185.0,187.0,186.8,187.32,113098,211.86,2901, 56250, 49.74,-2.94
GRSE, EQ, 25-Mar-2022,231.1,231.1,234.6,226.35,228.0,227.7,229.72,184843,424.62,4477, 94247, 50.99,-1.47
GRSE, EQ, 25-Mar-2025,1704.55,1754.55,1790.0,1692.0,1711.0,1719.8,1737.81,2495203,43361.98,84199, 552304, 22.13,0.89
GRSE, EQ, 25-Apr-2022,317.85,317.0,321.7,298.1,300.0,299.7,310.76,876123,2722.67,17284, 300665, 34.32,-5.71
GRSE, EQ, 25-Apr-2023,455.7,457.9,470.3,456.9,462.4,461.95,464.22,287036,1332.47,9483, 101825, 35.47,1.37
GRSE, EQ, 25-Apr-2024,983.55,985.0,1077.85,970.75, 1021.90,1023.75,1033.45,7794493,80552.21,198528, 1525829, 19.58,4.09
GRSE, EQ, 25-Apr-2025,1729.3,1732.1,1739.0,1597.8,1616.1,1616.8,1639.74,2245648,36822.79,107442, 668586, 29.77,-6.51
GRSE, EQ, 25-May-2021,186.05,187.3,188.2,184.0, 184.80,184.65,185.79,161110,299.32,2943, 87375, 54.23,-0.75
GRSE, EQ, 25-May-2022,303.15,304.0,306.9,256.0, 266.00,268.2,273.33,1477095,4037.29,35508, 524447, 35.51,-11.53
GRSE, EQ, 25-May-2023,481.45,450.0,467.15,446.0, 455.90,453.8,457.34,767907,3511.94,18431, 252148, 32.84,-5.74
GRSE, EQ, 25-Jun-2020,205.15,200.25,205.0,198.05, 202.80,202.25,201.5,223637,450.62,4255, 73463, 32.85,-1.41
GRSE, EQ, 25-Jun-2021,210.6,212.1,213.9,207.6, 208.65,208.45,210.27,334599,703.56,6732, 120138, 35.91,-1.02
GRSE, EQ, 25-Jun-2024,1753.1,1763.85,2065.0,1753.1,1944.0,1946.05,1922.7,20215533,388684.37,520507, 2565376, 12.69,11.01
GRSE, EQ, 25-Jul-2022,256.0,252.2,255.0,245.0, 247.20,246.55,249.07,197477,491.86,4530, 101457, 51.38,-3.69
GRSE, EQ, 25-Jul-2023,608.4,611.5,635.9,593.0, 604.95,601.3,621.56,2539624,15785.21,56246, 578038, 22.76,-1.17
GRSE, EQ, 25-Jul-2024,2378.95,2328.0,2359.55,2260.0,2260.0,2260.0,2290.19,1686099,38614.85,95739, 702206, 41.65,-5.0
GRSE, EQ, 25-Aug-2020,208.95,211.2,214.7,208.2, 208.75,208.75,210.69,314048,661.67,9731, 137027, 43.63,-0.1
GRSE, EQ, 25-Aug-2021,185.0,186.0,189.8,184.9, 185.00,186.7,186.54,136289,254.23,2906, 63786, 46.80,0.92
GRSE, EQ, 25-Aug-2022,271.7,278.0,279.5,274.1,275.95,276.35,276.84,414517,1147.54,8413, 185419, 44.73,1.71
GRSE, EQ, 25-Aug-2023,785.3,795.1,818.0,774.0, 789.00,788.95,793.04,1322887,10490.97,34255, 289377, 21.87,0.46
GRSE, EQ, 25-Sep-2020,170.1,172.0,174.95,172.0, 173.10,173.3,173.29,92693,160.63,3240, 33171, 35.79,1.88
GRSE, EQ, 25-Sep-2023,808.75,812.3,815.95,786.2, 796.80,796.35,797.06,739418,5893.59,23457, 174727, 23.63,-1.53
GRSE, EQ, 25-Sep-2024,1755.95,1755.0,1795.05,1711.0,1720.85,1718.85,1749.2,791630,13847.16,45691, 248188, 31.35,-2.11
GRSE, EQ, 25-Oct-2021,224.35,225.0,229.0,213.55, 222.95,221.85,222.97,440610,982.42,10542, 172856, 39.23,-1.11
GRSE, EQ, 25-Oct-2022,437.65,439.45,452.0,434.15,443.3,445.55,444.95,1143399,5087.58,22173, 193704, 16.94,1.81
GRSE, EQ, 25-Oct-2023,699.65,703.55,721.95,668.0,684.75,683.25,692.4,834757,5779.83,33336, 204558, 24.51,-2.34
GRSE, EQ, 25-Oct-2024,1586.5,1585.0,1587.6,1489.05,1509.2,1505.3,1520.42,951494,14466.68,76738, 332812, 34.98,-5.12
GRSE, EQ, 25-Nov-2020,195.4,197.0,201.0,192.5, 193.65,193.4,196.33,131098,257.38,3210, 62993, 48.05,-1.02
GRSE, EQ, 25-Nov-2021,238.85,238.85,244.6,236.9,242.75,242.55,241.09,237843,573.42,7704, 72937, 30.67,1.55
GRSE, EQ, 25-Nov-2022,505.7,505.7,512.3,487.8,491.95,490.85,498.53,889638,4435.12,21446, 209901, 23.59,-2.94
GRSE, EQ, 25-Nov-2024,1375.3,1434.85,1450.0,1415.0,1449.7,1443.05,1431.32,463461,6633.63,34569, 179843, 38.80,4.93
GRSE, EQ, 26-Feb-2020,173.05,173.9,173.9,170.2, 171.75,171.45,171.9,283995,488.18,4899, 220912, 77.79,-0.92
GRSE, EQ, 26-Feb-2021,199.9,195.0,201.5,194.0,198.35,198.05,199.37,143721,286.54,3053, 70622, 49.14,-0.93
GRSE, EQ, 26-Feb-2024,823.0,822.0,828.8,808.9, 814.50,812.6,816.73,255474,2086.52,13747, 99572, 38.98,-1.26
GRSE, EQ, 26-Mar-2020,126.75,125.25,133.2,124.2, 127.00,127.2,130.21,129580,168.73,1618, 86668, 66.88,0.36
GRSE, EQ, 26-Mar-2021,186.8,188.1,191.95,185.85,189.25,190.3,188.84,209589,395.8,4307, 93502, 44.61,1.87
GRSE, EQ, 26-Mar-2024,780.9,791.5,796.7,775.5,792.0,790.6,788.91,350818,2767.63,17990, 132563, 37.79,1.24
GRSE, EQ, 26-Mar-2025,1719.8,1717.0,1749.9,1685.0,1697.0,1701.25,1719.61,1679494,28880.83,63605, 317688, 18.92,-1.08
GRSE, EQ, 26-Apr-2021,176.25,177.2,181.75,177.2, 177.75,177.5,178.08,31483,56.07,763, 16085, 51.09,0.71
GRSE, EQ, 26-Apr-2022,299.7,305.0,312.7,301.5, 304.00,304.5,306.28,559584,1713.89,10923, 159696, 28.54,1.6
GRSE, EQ, 26-Apr-2023,461.95,463.4,464.1,455.0, 457.00,456.25,459.41,154825,711.29,5479, 59403, 38.37,-1.23
GRSE, EQ, 26-Apr-2024,1023.75,1029.0,1042.4,991.05, 1004.95,998.85,1015.45,1569294,15935.37,50837, 430926, 27.46,-2.43
GRSE, EQ, 26-May-2020,135.1,136.05,137.5,133.1, 134.50,134.15,135.23,55217,74.67,1429, 29482, 53.39,-0.7
GRSE, EQ, 26-May-2021,184.65,185.6,189.0,182.85, 187.50,187.8,186.51,542811,1012.38,6774, 212620, 39.17,1.71
GRSE, EQ, 26-May-2022,268.2,270.05,273.9,248.3,260.15,257.4,257.96,668960,1725.63,13892, 139125, 20.80,-4.03
GRSE, EQ, 26-May-2023,453.8,457.4,473.0,453.6,457.8,459.75,463.36,480982,2228.7,14495, 139965, 29.10,1.31
GRSE, EQ, 26-Jun-2020,202.25,203.7,214.0,203.0, 211.85,211.35,209.56,352060,737.76,7207, 138505, 39.34,4.5
GRSE, EQ, 26-Jun-2023,561.5,563.8,593.0,560.15, 591.00,590.25,580.78,1603543,9312.98,32417, 301339, 18.79,5.12
GRSE, EQ, 26-Jun-2024,1946.05,1970.0,2162.0,1970.0,2100.0,2087.5,2100.01,19131293,401759.54,604824, 1608627, 8.41,7.27
GRSE, EQ, 26-Jul-2021,203.05,203.65,211.85,199.5,210.45,209.8,208.14,1344820,2799.14,15314, 624559, 46.44,3.32
GRSE, EQ, 26-Jul-2022,246.55,247.7,252.0,241.1,246.0,245.3,246.75,187791,463.38,5139, 71603, 38.13,-0.51
GRSE, EQ, 26-Jul-2023,601.3,604.95,615.9,601.15, 609.00,607.65,608.38,650311,3956.34,15998, 154447, 23.75,1.06
GRSE, EQ, 26-Jul-2024,2260.0,2230.0,2308.2,2205.0, 2219.95,2212.75,2250.84,1406510,31658.26,94188, 559764, 39.80,-2.09
GRSE, EQ, 26-Aug-2020,208.75,209.2,219.9,209.15, 214.95,214.65,215.2,428898,922.99,5731, 205960, 48.02,2.83
GRSE, EQ, 26-Aug-2021,186.7,186.7,187.65,184.55, 185.50,185.6,185.32,203003,376.21,6477, 134635, 66.32,-0.59
GRSE, EQ, 26-Aug-2022,276.35,279.5,310.0,277.45,287.5,287.6,294.78,3507480,10339.23,63301, 838326, 23.90,4.07
GRSE, EQ, 26-Aug-2024,1764.75,1815.0,1815.85,1759.0,1786.65,1789.25,1778.98,749700,13337.02,44305, 237242, 31.64,1.39
GRSE, EQ, 26-Sep-2022,338.7,337.4,337.4,303.15,309.4,308.5,319.8,719211,2300.04,17017, 264378, 36.76,-8.92
GRSE, EQ, 26-Sep-2023,796.35,796.5,862.75,791.3, 843.00,844.15,841.81,4995911,42056.05,100204, 542408, 10.86,6.0
GRSE, EQ, 26-Sep-2024,1718.85,1724.0,1733.3,1690.05,1710.8,1705.35,1704.29,600097,10227.38,37000, 191642, 31.94,-0.79
GRSE, EQ, 26-Oct-2020,198.5,197.0,205.9,196.0,199.3,200.6,201.41,138090,278.12,4253, 44097, 31.93,1.06
GRSE, EQ, 26-Oct-2021,221.85,222.0,227.0,219.05, 222.40,221.6,222.47,187252,416.57,5198, 59640, 31.85,-0.11
GRSE, EQ, 26-Oct-2023,683.25,682.9,762.45,648.3, 749.15,742.45,715.71,2838282,20313.85,92975, 388955, 13.70,8.66
GRSE, EQ, 26-Nov-2020,193.4,193.05,196.2,191.5, 193.00,192.75,193.45,88514,171.23,1741, 53312, 60.23,-0.34
GRSE, EQ, 26-Nov-2021,242.55,239.95,241.5,225.65, 227.90,227.0,231.14,529308,1223.46,15143, 238142, 44.99,-6.41
GRSE, EQ, 26-Nov-2024,1443.05,1449.7,1579.0,1438.35,1549.0,1539.8,1545.19,2342205,36191.51,123276, 391858, 16.73,6.7
GRSE, EQ, 26-Dec-2022,399.2,395.0,462.05,395.0,459.45,454.65,434.52,2094812,9102.43,42271, 272739, 13.02,13.89
GRSE, EQ, 26-Dec-2023,819.65,822.0,884.75,820.0, 872.95,872.2,867.22,3921279,34006.3,102704, 1064973, 27.16,6.41
GRSE, EQ, 26-Dec-2024,1563.2,1569.8,1588.0,1548.1,1552.0,1557.1,1568.13,303857,4764.87,30899, 79588, 26.19,-0.39
GRSE, EQ, 27-Jan-2020,206.95,206.45,211.7,205.0, 206.85,205.6,207.9,112327,233.53,2333, 40293, 35.87,-0.65
GRSE, EQ, 27-Jan-2021,184.2,184.0,184.5,182.25, 182.60,182.8,183.19,69693,127.67,1505, 29881, 42.88,-0.76
GRSE, EQ, 27-Jan-2022,232.6,229.95,235.1,227.55, 230.50,232.5,231.53,154367,357.41,4519, 56457, 36.57,-0.04
GRSE, EQ, 27-Jan-2023,487.4,488.0,498.45,476.0, 485.90,486.9,486.69,482475,2348.17,19038, 124295, 25.76,-0.1
GRSE, EQ, 27-Jan-2025,1536.8,1504.9,1504.9,1432.05,1445.3,1453.8,1462.13,427804,6255.04,49794, 141390, 33.05,-5.4
GRSE, EQ, 27-Feb-2020,171.45,172.8,173.0,161.8, 165.80,167.6,166.86,221809,370.11,5449, 117249, 52.86,-2.25
GRSE, EQ, 27-Feb-2023,423.2,420.0,428.8,406.6, 412.50,411.0,416.77,306098,1275.72,15110, 120641, 39.41,-2.88
GRSE, EQ, 27-Feb-2024,812.6,812.6,824.0,796.6, 801.00,800.85,809.51,251978,2039.78,13939, 99486, 39.48,-1.45
GRSE, EQ, 27-Feb-2025,1331.2,1337.0,1346.45,1290.85,1301.95,1309.9,1306.96,596439,7795.2,47879, 109911, 18.43,-1.6
GRSE, EQ, 27-Mar-2020,127.2,131.7,137.5,122.2, 132.90,134.2,129.62,233122,302.17,3725, 123023, 52.77,5.5
GRSE, EQ, 27-Mar-2023,410.85,412.4,416.0,400.15, 404.00,405.8,406.1,144875,588.33,7095, 49806, 34.38,-1.23
GRSE, EQ, 27-Mar-2024,790.6,794.9,798.75,768.0, 777.00,776.9,784.06,437350,3429.06,23612, 220650, 50.45,-1.73
GRSE, EQ, 27-Mar-2025,1701.25,1695.0,1729.25,1678.0,1698.0,1695.9,1706.24,986191,16826.81,40865, 314524, 31.89,-0.31
GRSE, EQ, 27-Apr-2020,142.75,144.25,146.0,139.05, 140.00,140.65,142.57,65827,93.85,2394, 42102, 63.96,-1.47
GRSE, EQ, 27-Apr-2021,177.5,178.3,180.7,176.5,177.65,177.6,178.23,82572,147.17,1659, 39268, 47.56,0.06
GRSE, EQ, 27-Apr-2022,304.5,300.1,309.0,292.2,297.6,298.1,299.42,494669,1481.13,9568, 146879, 29.69,-2.1
GRSE, EQ, 27-Apr-2023,456.25,457.0,464.0,455.0, 458.00,457.5,458.22,192904,883.93,5668, 91573, 47.47,0.27
GRSE, EQ, 27-May-2020,134.15,135.05,138.5,132.05,134.65,134.95,135.15,119575,161.6,3432, 45333, 37.91,0.6
GRSE, EQ, 27-May-2021,187.8,188.7,189.45,184.45, 184.80,184.8,186.44,215123,401.07,3120, 133958, 62.27,-1.6
GRSE, EQ, 27-May-2022,257.4,262.1,269.8,262.1, 265.75,266.6,266.84,371477,991.26,8921, 120276, 32.38,3.57
GRSE, EQ, 27-May-2024,1459.7,1475.0,1522.45,1404.05,1418.0,1421.55,1452.07,3695547,53662.07,89280, 922449, 24.96,-2.61
GRSE, EQ, 27-Jun-2022,229.85,233.65,234.0,224.05,226.9,225.7,229.46,193903,444.93,6113, 78531, 40.50,-1.81
GRSE, EQ, 27-Jun-2023,590.25,593.45,594.7,578.1, 581.50,581.1,585.08,509910,2983.4,13331, 141213, 27.69,-1.55
GRSE, EQ, 27-Jun-2024,2087.5,2105.0,2174.7,2065.05,2117.0,2122.1,2132.37,10068220,214691.2,328635, 1122650, 11.15,1.66
GRSE, EQ, 27-Jul-2020,201.85,203.6,208.8,200.0,202.1,203.5,204.95,425144,871.35,8646, 81724, 19.22,0.82
GRSE, EQ, 27-Jul-2021,209.8,210.7,212.45,205.0, 208.20,207.65,208.05,650726,1353.84,9775, 411921, 63.30,-1.02
GRSE, EQ, 27-Jul-2022,245.3,245.3,258.95,244.5,254.85,253.7,253.77,438000,1111.51,11988, 119149, 27.20,3.42
GRSE, EQ, 27-Jul-2023,607.65,609.0,617.6,603.55, 610.05,607.85,609.48,489913,2985.94,16918, 132687, 27.08,0.03
GRSE, EQ, 27-Aug-2020,214.65,217.0,219.75,211.8,212.75,212.7,215.75,220333,475.36,4690, 89458, 40.60,-0.91
GRSE, EQ, 27-Aug-2021,185.6,185.95,186.15,182.55, 183.95,183.65,184.0,133248,245.18,6505, 56391, 42.32,-1.05
GRSE, EQ, 27-Aug-2024,1789.25,1790.1,1812.0,1772.4,1777.4,1777.75,1789.35,604641,10819.15,36193, 198929, 32.90,-0.64
GRSE, EQ, 27-Sep-2021,189.85,190.8,192.65,189.5, 190.90,190.5,190.67,41792,79.69,1486, 23319, 55.80,0.34
GRSE, EQ, 27-Sep-2022,308.5,312.9,334.0,312.9,332.7,329.05,323.41,1075278,3477.59,23078, 171149, 15.92,6.66
GRSE, EQ, 27-Sep-2023,844.15,841.85,853.25,831.1, 836.00,835.0,840.22,1425920,11980.86,31648, 267958, 18.79,-1.08
GRSE, EQ, 27-Sep-2024,1705.35,1709.0,1735.35,1691.7,1702.05,1698.2,1710.8,516282,8832.56,32699, 155422, 30.10,-0.42
GRSE, EQ, 27-Oct-2020,200.6,201.45,203.9,195.35, 195.75,196.15,200.51,152727,306.23,5667, 99764, 65.32,-2.22
GRSE, EQ, 27-Oct-2021,221.6,222.35,226.55,219.15, 225.00,223.25,223.03,434429,968.9,11846, 116849, 26.90,0.74
GRSE, EQ, 27-Oct-2022,445.55,446.8,456.9,441.0,452.7,453.85,447.9,801267,3588.88,17146, 149429, 18.65,1.86
GRSE, EQ, 27-Oct-2023,742.45,754.35,781.9,740.0,762.0,763.5,765.87,2169160,16613.01,58309, 223131, 10.29,2.84
GRSE, EQ, 27-Nov-2020,192.75,196.8,197.4,192.9,193.5,193.3,194.88,74068,144.34,2281, 41005, 55.36,0.29
GRSE, EQ, 27-Nov-2024,1539.8,1549.0,1700.0,1535.6,1700.0,1666.65,1624.87,1960221,31851.13,106314, 473495, 24.16,8.24
GRSE, EQ, 27-Dec-2021,213.55,212.8,212.8,203.2, 210.80,210.2,210.45,128729,270.91,3433, 65260, 50.70,-1.57
GRSE, EQ, 27-Dec-2022,454.65,459.9,472.9,448.6,467.55,466.85,462.87,1267717,5867.91,31018, 179937, 14.19,2.68
GRSE, EQ, 27-Dec-2023,872.2,878.05,904.5,862.0, 871.00,871.15,883.37,3060990,27039.83,82216, 780822, 25.51,-0.12
GRSE, EQ, 27-Dec-2024,1557.1,1558.3,1753.95,1536.0,1680.0,1695.8,1692.39,3900341,66008.89,218114, 327772, 8.40,8.91
GRSE, EQ, 28-Jan-2020,205.6,207.0,214.8,204.95, 211.50,210.4,209.65,277575,581.94,6083, 104110, 37.51,2.33
GRSE, EQ, 28-Jan-2021,182.8,179.0,182.0,175.0, 176.40,176.0,178.05,184466,328.45,3200, 114184, 61.90,-3.72
GRSE, EQ, 28-Jan-2022,232.5,232.0,243.95,232.0, 237.50,238.05,240.06,230788,554.03,6310, 75991, 32.93,2.39
GRSE, EQ, 28-Jan-2025,1453.8,1465.0,1563.5,1391.2,1504.85,1507.1,1506.75,1617043,24364.76,147501, 191927, 11.87,3.67
GRSE, EQ, 28-Feb-2020,167.6,160.0,163.85,151.15, 152.70,152.45,157.93,257204,406.21,5150, 145921, 56.73,-9.04
GRSE, EQ, 28-Feb-2022,219.35,213.7,220.75,213.45, 219.15,218.55,217.82,108565,236.48,3310, 38190, 35.18,-0.36
GRSE, EQ, 28-Feb-2023,411.0,413.0,416.0,400.5, 413.85,412.6,408.77,404461,1653.33,21253, 185735, 45.92,0.39
GRSE, EQ, 28-Feb-2024,800.85,806.95,859.65,798.05,805.7,805.9,834.42,2278219,19009.88,75608, 337865, 14.83,0.63
GRSE, EQ, 28-Feb-2025,1309.9,1285.0,1308.0,1246.0,1257.0,1256.0,1266.3,915025,11587.0,75688, 204212, 22.32,-4.11
GRSE, EQ, 28-Mar-2022,227.7,226.05,227.65,221.0, 223.15,223.65,223.4,146915,328.21,5159, 77418, 52.70,-1.78
GRSE, EQ, 28-Mar-2023,405.8,405.5,412.95,399.9, 402.00,400.5,403.28,154281,622.18,7917, 64045, 41.51,-1.31
GRSE, EQ, 28-Mar-2024,776.9,782.0,788.85,762.15,765.9,764.7,769.53,471323,3626.97,15086, 311257, 66.04,-1.57
GRSE, EQ, 28-Mar-2025,1695.9,1708.0,1745.0,1674.1,1674.1,1685.7,1709.58,807872,13811.22,31623, 257532, 31.88,-0.6
GRSE, EQ, 28-Apr-2020,140.65,141.95,144.25,136.45, 138.60,138.15,138.74,90585,125.67,2656, 55949, 61.76,-1.78
GRSE, EQ, 28-Apr-2021,177.6,178.6,180.0,178.1, 179.50,179.55,179.38,50399,90.4,1066, 25390, 50.38,1.1
GRSE, EQ, 28-Apr-2022,298.1,300.2,304.85,290.1, 292.45,291.4,296.47,322695,956.69,6510, 120477, 37.33,-2.25
GRSE, EQ, 28-Apr-2023,457.5,459.0,466.85,458.0, 463.00,462.5,462.85,203395,941.42,7792, 75625, 37.18,1.09
GRSE, EQ, 28-May-2020,134.95,135.5,139.75,135.1,138.2,137.6,137.9,101644,140.17,2981, 36710, 36.12,1.96
GRSE, EQ, 28-May-2021,184.8,185.75,186.95,181.7,181.95,182.0,183.67,173268,318.24,3802, 115970, 66.93,-1.52
GRSE, EQ, 28-May-2024,1421.55,1419.9,1430.55,1358.05,1398.0,1403.1,1386.52,1751271,24281.78,64782, 481539, 27.50,-1.3
GRSE, EQ, 28-Jun-2021,208.45,209.85,210.1,205.05, 205.90,205.6,206.48,283437,585.25,9644, 130564, 46.06,-1.37
GRSE, EQ, 28-Jun-2022,225.7,229.4,241.85,225.15, 236.70,238.85,235.94,360369,850.27,8163, 126504, 35.10,5.83
GRSE, EQ, 28-Jun-2024,2122.1,2134.0,2153.65,2051.0,2104.9,2099.1,2101.32,3398709,71417.78,123665, 742223, 21.84,-1.08
GRSE, EQ, 28-Jul-2020,203.5,203.45,204.9,195.4,196.7,196.95,199.08,167714,333.88,6571, 88694, 52.88,-3.22
GRSE, EQ, 28-Jul-2021,207.65,208.85,208.85,200.05,203.5,202.5,202.83,361082,732.4,6317, 188243, 52.13,-2.48
GRSE, EQ, 28-Jul-2022,253.7,255.25,258.85,252.0, 254.30,255.05,255.32,171157,436.99,4364, 65025, 37.99,0.53
GRSE, EQ, 28-Jul-2023,607.85,609.2,632.0,606.65, 616.65,618.7,620.96,1276389,7925.89,31817, 302097, 23.67,1.78
GRSE, EQ, 28-Aug-2020,212.7,214.75,216.0,209.9, 212.25,213.35,212.6,534688,1136.74,8499, 279451, 52.26,0.31
GRSE, EQ, 28-Aug-2023,788.95,800.0,843.9,796.85, 802.35,803.2,817.47,2643290,21608.11,57463, 566889, 21.45,1.81
GRSE, EQ, 28-Aug-2024,1777.75,1788.8,1812.0,1770.0,1772.4,1773.5,1786.33,646857,11554.98,39428, 219964, 34.01,-0.24
GRSE, EQ, 28-Sep-2020,173.3,175.95,184.65,172.7,183.0,183.5,179.78,243230,437.29,4706,61740,25.38,5.89
GRSE, EQ, 28-Sep-2021,190.5,190.9,192.15,189.75, 191.25,190.7,190.93,72270,137.99,3396, 22763, 31.50,0.1
GRSE, EQ, 28-Sep-2022,329.05,323.95,334.15,321.0,324.0,324.75,327.77,396748,1300.4,9163, 109504, 27.60,-1.31
GRSE, EQ, 28-Sep-2023,835.0,838.0,843.35,825.0, 830.00,828.6,831.83,603886,5023.29,14660, 114221, 18.91,-0.77
GRSE, EQ, 28-Oct-2020,196.15,196.9,199.0,194.35, 197.80,195.6,196.57,37170,73.06,1374, 13676, 36.79,-0.28
GRSE, EQ, 28-Oct-2021,223.25,223.05,234.0,220.75, 222.55,222.4,226.63,626313,1419.44,16585, 191973, 30.65,-0.38
GRSE, EQ, 28-Oct-2022,453.85,454.0,458.25,443.0,446.9,446.15,449.0,683462,3068.72,14901, 171217, 25.05,-1.7
GRSE, EQ, 28-Oct-2024,1505.3,1510.0,1564.4,1469.4,1526.2,1521.6,1525.11,641421,9782.36,53087, 189252, 29.51,1.08
GRSE, EQ, 28-Nov-2022,490.85,491.4,506.1,487.1, 492.00,495.95,498.4,1496312,7457.66,30065, 248795, 16.63,1.04
GRSE, EQ, 28-Nov-2023,834.0,838.1,843.65,826.0, 827.30,829.45,835.41,631948,5279.35,19643, 233087, 36.88,-0.55
GRSE, EQ, 28-Nov-2024,1666.65,1700.0,1736.0,1680.0,1720.0,1721.35,1710.18,1448899,24778.78,81994, 343840, 23.73,3.28
GRSE, EQ, 28-Dec-2020,193.65,195.35,202.0,195.0,200.95,200.9,198.81,359681,715.08,3774, 193067, 53.68,3.74
GRSE, EQ, 28-Dec-2021,210.2,210.55,216.0,210.55,214.3,213.95,214.14,106575,228.22,2930, 43431, 40.75,1.78
GRSE, EQ, 28-Dec-2022,466.85,465.0,467.55,451.55, 456.00,455.1,458.53,469275,2151.75,13993, 91691, 19.54,-2.52
GRSE, EQ, 28-Dec-2023,871.15,875.35,881.8,854.1, 856.05,860.85,865.11,968297,8376.86,28701, 340328, 35.15,-1.18
GRSE, EQ, 29-Jan-2020,210.4,213.0,219.4,211.95, 214.10,213.85,215.6,277643,598.6,5728, 114845, 41.36,1.64
GRSE, EQ, 29-Jan-2021,176.0,181.8,181.8,178.5, 180.90,180.5,180.18,133076,239.78,2882, 54215, 40.74,2.56
GRSE, EQ, 29-Jan-2024,909.9,916.0,918.45,900.0, 906.00,905.2,906.0,442791,4011.68,15970, 160672, 36.29,-0.52
GRSE, EQ, 29-Jan-2025,1507.1,1514.0,1565.8,1509.65,1537.95,1537.3,1542.74,487256,7517.09,40677, 79334, 16.28,2.0
GRSE, EQ, 29-Feb-2024,805.9,809.0,816.45,799.0, 813.95,813.75,809.81,396407,3210.13,19328, 97264, 24.54,0.97
GRSE, EQ, 29-Mar-2022,223.65,223.75,229.6,222.2, 226.45,225.65,226.87,164951,374.23,3283, 89021, 53.97,0.89
GRSE, EQ, 29-Mar-2023,400.5,402.0,439.95,401.8, 432.00,435.35,423.54,475057,2012.05,15552, 159638, 33.60,8.7
GRSE, EQ, 29-Apr-2020,138.15,139.0,142.75,136.25,138.55,139.1,139.39,175059,244.01,4683, 115524, 65.99,0.69
GRSE, EQ, 29-Apr-2021,179.55,180.6,182.3,178.0, 179.30,179.8,180.1,67630,121.8,1550, 38832, 57.42,0.14
GRSE, EQ, 29-Apr-2022,291.4,294.35,298.0,282.5,284.9,283.7,290.09,412767,1197.42,8978, 164341, 39.81,-2.64
GRSE, EQ, 29-Apr-2024,998.85,1009.35,1017.65,986.15, 1004.60,1001.2,1001.91,844804,8464.19,31378, 266691, 31.57,0.24
GRSE, EQ, 29-May-2020,137.6,137.05,143.8,136.5, 141.60,141.9,140.98,184543,260.17,3763, 97690, 52.94,3.13
GRSE, EQ, 29-May-2023,459.75,460.5,468.1,458.0, 461.00,459.8,463.53,261005,1209.83,7354, 98971, 37.92,0.01
GRSE, EQ, 29-May-2024,1403.1,1390.0,1460.0,1369.45,1448.65,1444.75,1426.99,2864671,40878.55,79471, 579917, 20.24,2.97
GRSE, EQ, 29-Jun-2020,211.35,212.4,218.85,208.45, 211.35,211.85,213.97,425440,910.33,9087, 129007, 30.32,0.24
GRSE, EQ, 29-Jun-2021,205.6,206.8,212.95,202.85, 208.00,208.45,208.29,546875,1139.06,9516, 149709, 27.38,1.39
GRSE, EQ, 29-Jun-2022,238.85,235.8,237.0,230.75, 231.50,231.7,233.29,131623,307.07,4218, 55826, 42.41,-2.99
GRSE, EQ, 28-Jun-2023,581.1,585.0,585.95,574.05, 578.00,579.8,579.07,469532,2718.91,11466, 107191, 22.83,-0.22
GRSE, EQ, 29-Jul-2020,196.95,196.95,204.55,196.55, 203.25,204.05,202.02,186003,375.77,3096, 104896, 56.39,3.6
GRSE, EQ, 29-Jul-2021,202.5,204.75,204.75,199.25,199.9,199.8,201.36,216861,436.67,4017, 133172, 61.41,-1.33
GRSE, EQ, 29-Jul-2022,255.05,259.0,262.3,255.0,257.7,257.2,258.6,207829,537.44,4869, 76098, 36.62,0.84
GRSE, EQ, 29-Jul-2024,2212.75,2248.0,2323.35,2210.6,2323.35,2323.35,2296.07,1683330,38650.48,63161, 562842, 33.44,5.0
GRSE, EQ, 29-Aug-2022,287.6,280.0,309.3,280.0, 299.80,299.95,301.1,3447813,10381.5,49365, 751614, 21.80,4.29
GRSE, EQ, 29-Aug-2023,803.2,810.0,814.1,786.6, 794.95,793.75,795.33,806741,6416.23,22275, 224038, 27.77,-1.18
GRSE, EQ, 29-Aug-2024,1773.5,1778.4,1788.95,1741.1,1774.0,1757.05,1758.7,521154,9165.51,33322, 216255, 41.50,-0.93
GRSE, EQ, 29-Sep-2020,183.5,186.0,196.0,183.5,190.85,191.35,189.13,417811,790.2,8336, 133337, 31.91,4.28
GRSE, EQ, 29-Sep-2021,190.7,189.9,193.45,189.4, 191.10,190.7,191.69,81883,156.96,2568, 39361, 48.07,0.0
GRSE, EQ, 29-Sep-2022,324.75,331.0,341.9,328.2,336.9,337.05,335.32,690248,2314.51,13571, 145918, 21.14,3.79
GRSE, EQ, 29-Sep-2023,828.6,832.5,855.0,825.1, 842.85,841.1,844.23,1394027,11768.84,30866, 253416, 18.18,1.51
GRSE, EQ, 29-Oct-2020,195.6,192.2,195.4,192.2,194.2,193.65,193.59,27662,53.55,761, 12275, 44.37,-1.0
GRSE, EQ, 29-Oct-2021,222.4,222.0,225.8,216.15, 218.30,219.3,220.75,279910,617.91,7200, 115252, 41.17,-1.39
GRSE, EQ, 29-Oct-2024,1521.6,1526.15,1573.7,1517.3,1549.9,1549.35,1547.12,498413,7711.04,46141, 131947, 26.47,1.82
GRSE, EQ, 29-Nov-2021,227.0,225.05,232.0,217.6, 221.35,221.6,225.19,569865,1283.29,18295, 190813, 33.48,-2.38
GRSE, EQ, 29-Nov-2022,495.95,495.0,500.85,480.0,481.0,482.5,487.17,947638,4616.62,18860, 230211, 24.29,-2.71
GRSE, EQ, 29-Nov-2023,829.45,833.9,845.8,826.5, 830.00,829.6,833.41,613548,5113.35,16295, 187892, 30.62,0.02
GRSE, EQ, 29-Nov-2024,1721.35,1719.95,1719.95,1640.45,1675.0,1679.25,1676.66,1003122,16818.97,64594, 200577, 20.00,-2.45
GRSE, EQ, 29-Dec-2020,200.9,202.7,204.7,196.5,197.4,197.4,199.42,147397,293.94,2599, 55945, 37.96,-1.74
GRSE, EQ, 29-Dec-2021,213.95,215.05,223.45,214.25, 219.05,220.1,219.69,221342,486.26,5109, 79815, 36.06,2.87
GRSE, EQ, 29-Dec-2022,455.1,456.0,483.15,448.75, 475.50,477.45,466.38,873505,4073.85,21316, 216860, 24.83,4.91
GRSE, EQ, 29-Dec-2023,860.85,865.0,893.0,860.25, 871.00,873.25,878.1,1448171,12716.32,44247, 375047, 25.90,1.44
GRSE, EQ, 30-Jan-2020,213.85,213.75,216.6,210.5, 213.45,213.45,213.89,147637,315.78,3984, 57376, 38.86,-0.19
GRSE, EQ, 30-Jan-2023,486.9,489.55,502.8,472.1, 480.50,481.1,486.07,589948,2867.53,20551, 153115, 25.95,-1.19
GRSE, EQ, 30-Jan-2024,905.2,908.0,917.5,900.0, 900.90,902.9,908.15,780334,7086.61,23974, 215903, 27.67,-0.25
GRSE, EQ, 30-Jan-2025,1537.3,1545.0,1594.95,1503.0,1520.0,1519.85,1559.86,922102,14383.46,72318, 194613, 21.11,-1.14
GRSE, EQ, 30-Mar-2020,134.2,127.1,134.5,125.0, 125.00,126.1,128.36,64825,83.21,1598, 35872, 55.34,-6.04
GRSE, EQ, 30-Mar-2021,190.3,193.0,193.1,185.7,187.0,186.55,189.46,119482,226.37,2330, 69448, 58.12,-1.97
GRSE, EQ, 30-Mar-2022,225.65,226.8,231.0,225.0, 225.55,225.75,227.87,91011,207.39,1818, 49446, 54.33,0.04
GRSE, EQ, 30-Apr-2020,139.1,141.0,143.8,136.25,140.0,137.6,140.37,112735,158.24,4307, 54330, 48.19,-1.08
GRSE, EQ, 30-Apr-2021,179.8,177.5,178.0,175.05,175.95,175.5,176.7,124242,219.54,2765, 85890, 69.13,-2.39
GRSE, EQ, 30-Apr-2024,1001.2,1005.0,1019.7,985.0, 986.20,989.05,996.87,697236,6950.55,25849, 229084, 32.86,-1.21
GRSE, EQ, 30-May-2022,266.6,269.1,272.65,262.5, 264.05,264.1,268.45,270787,726.92,5617, 95160, 35.14,-0.94
GRSE, EQ, 30-May-2023,459.8,462.75,463.45,452.65, 461.50,457.45,457.66,233413,1068.23,7744, 95669, 40.99,-0.51
GRSE, EQ, 30-May-2024,1444.75,1439.05,1457.3,1403.2,1409.0,1411.3,1427.38,1218185,17388.09,40403, 372611, 30.59,-2.32
GRSE, EQ, 30-Jun-2020,211.85,213.85,216.45,212.2, 214.10,214.5,214.18,428392,917.51,7597, 242351, 56.57,1.25
GRSE, EQ, 30-Jun-2021,208.45,209.9,209.9,202.5, 203.45,203.7,206.14,212717,438.49,3860, 124360, 58.46,-2.28
GRSE, EQ, 30-Jun-2022,231.7,232.0,233.0,223.05,224.0,224.15,226.3,113679,257.26,3432, 46434, 40.85,-3.26
GRSE, EQ, 30-Jun-2023,579.8,581.95,587.8,571.5, 574.50,575.3,578.68,470905,2725.02,12127, 136333, 28.95,-0.78
GRSE, EQ, 30-Jul-2020,204.05,206.7,206.7,194.25, 194.60,195.05,199.62,166125,331.62,4066, 84725, 51.00,-4.41
GRSE, EQ, 30-Jul-2021,199.8,200.0,202.4,197.1, 198.15,197.8,199.7,211133,421.63,3877, 130524, 61.82,-1.0
GRSE, EQ, 30-Jul-2024,2323.35,2366.95,2439.5,2342.0,2439.5,2439.5,2411.98,1214676,29297.78,53608, 464246, 38.22,5.0
GRSE, EQ, 30-Aug-2021,183.65,188.0,188.0,183.95, 185.60,185.65,185.6,168656,313.03,4488, 86134, 51.07,1.09
GRSE, EQ, 30-Aug-2022,299.95,303.2,308.0,296.8, 302.40,300.65,302.83,688044,2083.63,10792, 247996, 36.04,0.23
GRSE, EQ, 30-Aug-2023,793.75,794.95,833.45,786.7, 805.20,803.05,817.82,2921109,23889.45,57368, 541129, 18.52,1.17
GRSE, EQ, 30-Aug-2024,1757.05,1770.05,1877.95,1733.35,1807.0,1811.0,1824.59,2480956,45267.2,126636, 605137, 24.39,3.07
GRSE, EQ, 30-Sep-2020,191.35,193.45,219.45,191.05,216.5,216.35,208.99,2078914,4344.82,25125, 558061, 26.84,13.07
GRSE, EQ, 30-Sep-2021,190.7,191.35,195.0,189.65, 193.95,193.3,193.28,104529,202.03,2687, 55382, 52.98,1.36
GRSE, EQ, 30-Sep-2022,337.05,336.5,353.0,331.0, 352.00,348.7,342.95,634981,2177.69,12344, 162842, 25.65,3.46
GRSE, EQ, 30-Sep-2024,1698.2,1693.0,1732.5,1671.1,1726.9,1722.35,1702.82,736079,12534.07,44083, 176285, 23.95,1.42
GRSE, EQ, 30-Oct-2020,193.65,193.9,196.75,192.0, 192.70,193.0,193.88,25359,49.16,905, 9813, 38.70,-0.34
GRSE, EQ, 30-Oct-2023,763.5,761.6,761.6,730.05, 743.00,742.2,745.68,621277,4632.76,19628, 120472, 19.39,-2.79
GRSE, EQ, 30-Oct-2024,1549.35,1565.0,1625.0,1565.0,1606.0,1605.95,1601.97,671898,10763.58,54831, 189340, 28.18,3.65
GRSE, EQ, 30-Nov-2021,221.6,223.7,228.6,218.25,220.2,221.35,224.78,243366,547.04,7028, 93319, 38.35,-0.11
GRSE, EQ, 30-Nov-2022,482.5,484.45,514.65,480.6,512.65,511.35,503.23,2978287,14987.58,53809, 722165, 24.25,5.98
GRSE, EQ, 30-Nov-2023,829.6,834.0,849.9,812.5, 846.80,847.1,840.56,1698735,14278.95,43769, 545942, 32.14,2.11
GRSE, EQ, 30-Dec-2020,197.4,198.1,198.5,194.4,195.6,195.4,195.79,204795,400.97,3641, 104747, 51.15,-1.01
GRSE, EQ, 30-Dec-2021,220.1,219.95,222.55,218.0, 218.90,219.05,220.59,78824,173.88,2309, 30217, 38.33,-0.48
GRSE, EQ, 30-Dec-2022,477.45,483.0,494.75,480.0,484.0,484.7,486.94,594814,2896.39,13772, 138809, 23.34,1.52
GRSE, EQ, 30-Dec-2024,1695.8,1680.0,1680.0,1625.55,1637.0,1638.2,1650.12,666907,11004.8,49577, 159144, 23.86,-3.4
GRSE, EQ, 31-Jan-2020,213.45,216.7,217.0,211.25, 212.85,212.45,213.2,134026,285.74,2628, 71266, 53.17,-0.47
GRSE, EQ, 31-Jan-2022,238.05,240.7,247.15,238.25,241.6,241.45,242.54,284155,689.2,5941, 126241, 44.43,1.43
GRSE, EQ, 31-Jan-2023,481.1,494.9,505.0,487.15,503.5,502.2,499.49,774968,3870.87,19604, 214943, 27.74,4.39
GRSE, EQ, 31-Jan-2024,902.9,930.0,943.75,911.05, 928.90,930.95,928.6,1162408,10794.09,38931, 402118, 34.59,3.11
GRSE, EQ, 31-Jan-2025,1519.85,1526.4,1649.0,1522.25,1625.95,1624.2,1611.5,2120516,34172.05,134145, 344548, 16.25,6.87
GRSE, EQ, 31-Mar-2020,126.1,128.0,139.0,127.2,137.0,136.6,133.87,204370,273.59,4035, 92051, 45.04,8.33
GRSE, EQ, 31-Mar-2021,186.55,187.45,189.35,184.0, 185.00,184.85,186.6,116427,217.25,2415, 74242, 63.77,-0.91
GRSE, EQ, 31-Mar-2022,225.75,224.5,232.05,224.5, 229.90,226.7,228.35,152587,348.42,4190, 69394, 45.48,0.42
GRSE, EQ, 31-Mar-2023,435.35,466.0,474.0,452.3, 454.35,455.4,460.24,1170320,5386.32,28350, 197425, 16.87,4.61
GRSE, EQ, 31-May-2021,182.0,182.0,183.25,179.0, 179.60,179.7,180.42,197841,356.94,3670, 103116, 52.12,-1.26
GRSE, EQ, 31-May-2022,264.1,263.8,270.7,258.0, 259.25,259.4,264.11,329116,869.23,10799, 132781, 40.34,-1.78
GRSE, EQ, 31-May-2023,457.45,460.05,468.3,451.05, 455.00,454.8,457.56,327333,1497.74,9574, 136137, 41.59,-0.58
GRSE, EQ, 31-May-2024,1411.3,1415.0,1421.3,1357.0,1370.0,1369.4,1375.79,1287442,17712.46,43721, 482407, 37.47,-2.97
GRSE, EQ, 31-Jul-2020,195.05,195.05,198.35,193.5,194.0,194.95,195.93,107860,211.33,2628, 45358, 42.05,-0.05
GRSE, EQ, 31-Jul-2023,618.7,618.7,624.0,612.0, 621.00,620.9,616.8,451313,2783.69,14619, 159453, 35.33,0.36
GRSE, EQ, 31-Jul-2024,2439.5,2488.0,2510.5,2384.05,2403.0,2405.55,2436.52,1348238,32850.04,69791, 552842, 41.00,-1.39
GRSE, EQ, 31-Aug-2020,213.35,214.0,214.75,193.5, 199.50,199.0,203.09,606828,1232.43,8600, 379211, 62.49,-6.73
GRSE, EQ, 31-Aug-2021,185.65,185.7,191.8,184.75,188.7,189.05,188.24,223749,421.18,4864, 91478, 40.88,1.83
GRSE, EQ, 31-Aug-2023,803.05,806.45,824.8,798.1, 818.25,817.35,814.44,1459457,11886.38,33632, 295161, 20.22,1.78
GRSE, EQ, 31-Oct-2022,446.15,448.45,459.0,445.0,447.25,447.55,451.15,898913,4055.43,29101, 166174, 18.49,0.31
GRSE, EQ, 31-Oct-2023,742.2,746.0,761.0,739.0, 740.80,742.95,747.48,455174,3402.32,18392, 73434, 16.13,0.1
GRSE, EQ, 31-Oct-2024,1605.95,1609.55,1625.0,1575.55,1614.0,1614.5,1599.82,380591,6088.76,36552, 114458, 30.07,0.53
GRSE, EQ, 31-Dec-2020,195.4,195.75,198.05,193.25,193.95,194.4,195.91,88462,173.3,1899, 42103, 47.59,-0.51
GRSE, EQ, 31-Dec-2021,219.05,218.1,226.0,218.1,223.95,223.35,222.43,138566,308.22,4067, 51649, 37.27,1.96
GRSE, EQ, 31-Dec-2024,1638.2,1627.85,1656.4,1577.0,1615.0,1616.4,1608.94,372359,5991.02,31914, 98766, 26.52,-1.33
