SYMBOL, SERIES, DATE1, PREV_CLOSE, OPEN_PRICE, HIGH_PRICE, LOW_PRICE, LAST_PRICE, CLOSE_PRICE, AVG_PRICE, TTL_TRD_QNTY, TURNOVER_LACS, NO_OF_TRADES, DELIV_QTY, DELIV_PER,PER_CHANGE
IFBIND, EQ, 01-Jan-2020,668.7,669.05,682.0,665.0, 665.00,669.35,672.71,5025,33.8,423, 2614, 52.02,0.1
IFBIND, EQ, 01-Jan-2021,1168.5,1180.0,1219.95,1175.1, 1195.00,1188.15,1202.09,70098,842.64,5247, 27353, 39.02,1.68
IFBIND, EQ, 01-Jan-2024,939.45,939.45,960.9,936.45, 957.00,955.05,951.42,29151,277.35,3130, 11989, 41.13,1.66
IFBIND, EQ, 01-Jan-2025,1895.85,1900.0,1934.95,1880.0,1905.0,1897.85,1907.1,23335,445.02,3174, 6624, 28.39,0.11
IFBIND, EQ, 01-Feb-2021,1375.65,1380.0,1389.0,1337.25, 1360.00,1363.0,1360.63,33494,455.73,3398, 14420, 43.05,-0.92
IFBIND, EQ, 01-Feb-2022,1037.6,1058.35,1058.5,1025.0,1030.0,1035.15,1044.46,15685,163.82,1604, 9067, 57.81,-0.24
IFBIND, EQ, 01-Feb-2023,851.7,859.5,863.5,826.0, 837.00,836.05,849.52,8974,76.24,1379, 3731, 41.58,-1.84
IFBIND, EQ, 01-Feb-2024,1362.55,1357.55,1358.0,1270.0, 1279.00,1287.3,1313.64,71239,935.83,4891, 30892, 43.36,-5.52
IFBIND, EQ, 01-Mar-2021,1220.3,1232.0,1249.0,1202.1, 1210.00,1206.8,1221.84,18661,228.01,2976, 10291, 55.15,-1.11
IFBIND, EQ, 01-Mar-2023,823.85,832.1,837.8,825.0, 825.35,827.35,831.4,12624,104.96,1534, 4542, 35.98,0.42
IFBIND, EQ, 01-Mar-2024,1376.15,1389.35,1414.5,1380.0, 1381.50,1386.8,1397.22,14970,209.16,1149, 7089, 47.35,0.77
IFBIND, EQ, 01-Apr-2020,266.4,262.0,269.75,255.0,265.1,266.65,263.12,17302,45.53,1283, 9736, 56.27,0.09
IFBIND, EQ, 01-Apr-2021,1111.55,1132.6,1148.85,1082.05, 1102.00,1096.8,1115.86,76370,852.18,5681, 36209, 47.41,-1.33
IFBIND, EQ, 01-Apr-2022,1040.7,1031.0,1038.65,1005.2, 1011.00,1014.7,1027.38,54680,561.77,2408, 39976, 73.11,-2.5
IFBIND, EQ, 01-Apr-2024,1505.95,1567.0,1603.75,1538.1, 1570.00,1559.25,1567.52,340646,5339.69,27040, 100483, 29.50,3.54
IFBIND, EQ, 01-Apr-2025,1329.65,1320.0,1323.95,1280.0,1291.8,1294.15,1296.32,92011,1192.75,10979, 59387, 64.54,-2.67
IFBIND, EQ, 01-Jun-2020,370.35,377.7,404.0,376.95, 393.00,393.95,392.33,351143,1377.66,4444, 291339, 82.97,6.37
IFBIND, EQ, 01-Jun-2021,1054.4,1052.0,1092.4,1047.0, 1076.00,1071.3,1070.18,61932,662.78,5658, 18641, 30.10,1.6
IFBIND, EQ, 01-Jun-2022,866.9,868.95,874.9,853.45,862.55,861.3,866.22,5922,51.3,573, 2739, 46.25,-0.65
IFBIND, EQ, 01-Jun-2023,804.45,808.5,808.5,787.8, 790.00,790.3,796.05,33451,266.29,3543, 17856, 53.38,-1.76
IFBIND, EQ, 01-Jul-2020,415.1,418.3,430.9,412.05, 423.15,425.05,421.41,98532,415.22,3306, 56052, 56.89,2.4
IFBIND, EQ, 01-Jul-2021,1022.0,1029.95,1041.0,1010.0, 1020.00,1013.9,1020.4,26497,270.38,2768, 12712, 47.98,-0.79
IFBIND, EQ, 01-Jul-2022,899.6,903.0,903.0,885.8,894.9,894.15,894.24,6449,57.67,1023, 2031, 31.49,-0.61
IFBIND, EQ, 01-Jul-2024,1637.6,1659.95,1725.05,1605.7,1705.85,1707.25,1687.51,52047,878.3,4067, 28834, 55.40,4.25
IFBIND, EQ, 01-Aug-2022,1000.6,1000.0,1012.2,981.55, 1000.00,1002.75,1003.15,20671,207.36,2733, 7301, 35.32,0.21
IFBIND, EQ, 01-Aug-2023,831.15,840.0,866.0,836.1, 847.80,844.5,857.14,423621,3631.05,15208, 316371, 74.68,1.61
IFBIND, EQ, 01-Aug-2024,1773.3,1915.0,1950.6,1882.1,1938.95,1942.9,1929.06,502828,9699.84,22752, 166714, 33.16,9.56
IFBIND, EQ, 01-Sep-2020,465.5,466.0,475.0,445.05, 467.00,468.7,462.6,46865,216.8,4514, 21874, 46.67,0.69
IFBIND, EQ, 01-Sep-2021,917.9,918.0,948.1,918.0,943.0,936.05,929.73,26328,244.78,3508, 10784, 40.96,1.98
IFBIND, EQ, 01-Sep-2022,1024.95,1012.0,1035.05,1012.0,1012.5,1016.05,1020.16,4648,47.42,1117, 2285, 49.16,-0.87
IFBIND, EQ, 01-Sep-2023,945.8,945.8,967.0,945.75, 963.00,960.35,960.91,57532,552.83,6423, 29585, 51.42,1.54
IFBIND, EQ, 01-Oct-2020,601.15,605.1,619.95,594.3, 603.00,599.6,603.34,44396,267.86,2143, 12035, 27.11,-0.26
IFBIND, EQ, 01-Oct-2021,1189.65,1180.2,1205.0,1166.7, 1194.00,1193.6,1185.7,31568,374.3,3141, 12304, 38.98,0.33
IFBIND, EQ, 01-Oct-2024,1807.55,1811.0,1865.0,1810.55,1843.0,1843.05,1849.45,35129,649.69,4200, 21937, 62.45,1.96
IFBIND, EQ, 01-Nov-2021,1251.35,1220.0,1248.95,1192.1, 1240.00,1239.9,1232.48,53259,656.41,7083, 27097, 50.88,-0.92
IFBIND, EQ, 01-Nov-2022,951.6,954.0,959.0,933.05,940.05,939.8,949.41,140956,1338.25,6270, 105262, 74.68,-1.24
IFBIND, EQ, 01-Nov-2023,875.1,870.5,886.7,867.05, 883.00,875.85,876.46,9633,84.43,2192, 3916, 40.65,0.09
IFBIND, EQ, 01-Dec-2020,776.1,777.85,789.9,760.0,786.95,784.15,781.18,21615,168.85,1465, 14520, 67.18,1.04
IFBIND, EQ, 01-Dec-2021,1139.75,1125.05,1147.55,1120.4,1130.35,1130.25,1131.89,24192,273.83,3762, 14467, 59.80,-0.83
IFBIND, EQ, 01-Dec-2022,930.0,944.5,955.95,924.0,930.8,927.6,933.52,45095,420.97,4603, 21099, 46.79,-0.26
IFBIND, EQ, 01-Dec-2023,1020.2,1034.95,1034.95,1005.2, 1010.15,1017.7,1022.3,23685,242.13,2392, 13866, 58.54,-0.25
IFBIND, EQ, 02-Jan-2020,669.35,677.25,681.1,670.0, 676.00,673.4,676.43,6335,42.85,512, 3528, 55.69,0.61
IFBIND, EQ, 02-Jan-2023,901.7,910.0,998.0,898.8, 932.00,941.9,966.6,584459,5649.37,28342, 59905, 10.25,4.46
IFBIND, EQ, 02-Jan-2024,955.05,961.0,961.85,933.0, 950.00,947.55,941.8,428888,4039.26,6111, 388845, 90.66,-0.79
IFBIND, EQ, 02-Jan-2025,1897.85,1914.2,1920.0,1880.0,1905.0,1908.15,1904.06,15713,299.19,3253, 7242, 46.09,0.54
IFBIND, EQ, 02-Feb-2021,1363.0,1365.0,1411.0,1359.9, 1402.20,1377.1,1384.34,32296,447.09,2375, 16661, 51.59,1.03
IFBIND, EQ, 02-Feb-2022,1035.15,1020.0,1020.05,953.0, 974.80,973.7,989.08,97636,965.7,7196, 50425, 51.65,-5.94
IFBIND, EQ, 02-Feb-2023,836.05,824.05,847.5,800.0, 839.95,827.15,831.32,8859,73.65,1635, 3575, 40.35,-1.06
IFBIND, EQ, 02-Feb-2024,1287.3,1282.25,1324.7,1241.35, 1259.40,1267.2,1272.07,55436,705.18,4745, 26145, 47.16,-1.56
IFBIND, EQ, 02-Mar-2020,476.55,496.8,500.35,460.0, 479.00,473.35,484.64,22406,108.59,1978, 11115, 49.61,-0.67
IFBIND, EQ, 02-Mar-2021,1206.8,1219.0,1240.0,1202.1,1217.0,1215.05,1222.22,19695,240.72,2554, 9488, 48.17,0.68
IFBIND, EQ, 02-Mar-2022,890.1,876.0,890.0,871.55, 880.00,878.6,879.89,5846,51.44,995, 3420, 58.50,-1.29
IFBIND, EQ, 02-Mar-2023,827.35,834.0,837.25,827.0, 827.00,827.65,830.03,7017,58.24,1498, 2276, 32.44,0.04
IFBIND, EQ, 02-Apr-2024,1559.25,1580.0,1583.75,1531.0, 1542.20,1544.7,1563.56,172674,2699.87,16432, 85831, 49.71,-0.93
IFBIND, EQ, 02-Apr-2025,1294.15,1298.3,1312.25,1256.0,1291.0,1303.15,1284.54,46445,596.61,9402, 19170, 41.27,0.7
IFBIND, EQ, 02-May-2022,961.55,960.0,973.15,950.65,951.0,952.75,959.37,8569,82.21,1329, 3182, 37.13,-0.92
IFBIND, EQ, 02-May-2023,847.35,854.7,854.7,831.4, 839.00,835.9,840.54,21390,179.79,2160, 14646, 68.47,-1.35
IFBIND, EQ, 02-May-2024,1533.9,1544.85,1560.0,1494.5, 1525.00,1516.4,1532.63,38866,595.67,5867, 14138, 36.38,-1.14
IFBIND, EQ, 02-Jun-2020,393.95,409.0,433.3,407.95,433.3,432.75,422.17,255545,1078.82,8504, 86005, 33.66,9.85
IFBIND, EQ, 02-Jun-2021,1071.3,1076.7,1168.0,1071.2, 1144.00,1132.9,1141.33,395173,4510.23,24288, 112648, 28.51,5.75
IFBIND, EQ, 02-Jun-2022,861.3,865.0,942.95,841.3,912.7,926.25,925.69,177681,1644.77,10169, 33907, 19.08,7.54
IFBIND, EQ, 02-Jun-2023,790.3,797.5,830.0,792.6, 810.40,810.65,814.74,73880,601.93,8822, 16731, 22.65,2.57
IFBIND, EQ, 02-Jul-2020,425.05,429.8,432.35,418.0, 420.10,419.85,424.8,46370,196.98,2010, 28091, 60.58,-1.22
IFBIND, EQ, 02-Jul-2021,1013.9,1020.0,1039.0,1010.0,1038.0,1032.85,1026.92,34376,353.01,2925, 19288, 56.11,1.87
IFBIND, EQ, 02-Jul-2024,1707.25,1715.65,1733.0,1660.0,1669.85,1666.7,1681.98,31263,525.84,2864, 18061, 57.77,-2.38
IFBIND, EQ, 02-Aug-2021,997.05,1002.05,1034.0,1000.0,1031.0,1026.0,1025.72,38957,399.59,3405, 16074, 41.26,2.9
IFBIND, EQ, 02-Aug-2022,1002.75,1007.8,1035.0,990.95,1000.0,1003.5,1014.98,70125,711.75,8263, 16101, 22.96,0.07
IFBIND, EQ, 02-Aug-2023,844.5,848.0,857.5,823.7, 831.50,829.2,838.31,44436,372.51,4262, 22786, 51.28,-1.81
IFBIND, EQ, 02-Aug-2024,1942.9,1899.0,2020.0,1873.05,1965.0,1948.05,1958.9,227459,4455.7,21470, 75980, 33.40,0.27
IFBIND, EQ, 02-Sep-2020,468.7,469.05,483.3,465.9, 481.00,477.5,478.09,54016,258.24,4786, 31659, 58.61,1.88
IFBIND, EQ, 02-Sep-2021,936.05,960.0,1038.75,952.0, 1015.00,1011.5,1014.91,980189,9948.03,57830, 79667, 8.13,8.06
IFBIND, EQ, 02-Sep-2022,1016.05,1021.15,1029.0,1001.1,1010.0,1006.05,1012.13,8518,86.21,1045, 4931, 57.89,-0.98
IFBIND, EQ, 02-Sep-2024,1969.2,1969.2,1986.1,1920.05,1924.15,1928.0,1934.6,33556,649.17,5936, 15175, 45.22,-2.09
IFBIND, EQ, 02-Nov-2020,704.9,726.9,759.95,681.1, 694.95,694.5,718.54,73081,525.11,3114, 38697, 52.95,-1.48
IFBIND, EQ, 02-Nov-2021,1239.9,1252.0,1273.15,1227.5, 1265.00,1243.65,1249.66,66781,834.53,9267, 49870, 74.68,0.3
IFBIND, EQ, 02-Nov-2022,939.8,942.0,951.0,917.0,920.0,924.05,933.64,29419,274.67,5201, 7922, 26.93,-1.68
IFBIND, EQ, 02-Nov-2023,875.85,875.0,886.0,871.5, 878.10,880.6,878.92,7073,62.17,941, 3535, 49.98,0.54
IFBIND, EQ, 02-Dec-2020,784.15,790.5,795.0,777.0, 789.00,787.85,786.44,44598,350.74,1489, 34257, 76.81,0.47
IFBIND, EQ, 02-Dec-2021,1130.25,1115.0,1175.6,1086.65, 1146.85,1145.15,1136.18,26025,295.69,4730, 8370, 32.16,1.32
IFBIND, EQ, 02-Dec-2022,927.6,935.0,955.0,912.0, 950.00,951.5,937.19,77205,723.56,5616, 33512, 43.41,2.58
IFBIND, EQ, 02-Dec-2024,1680.15,1698.35,1744.25,1672.8,1720.0,1722.15,1712.5,36210,620.1,4539, 15422, 42.59,2.5
IFBIND, EQ, 03-Jan-2020,673.4,674.0,733.0,673.4, 691.55,696.85,707.35,57434,406.26,3838, 12329, 21.47,3.48
IFBIND, EQ, 03-Jan-2022,1124.75,1124.75,1166.0,1123.0, 1166.00,1144.25,1131.78,9024,102.13,1003, 5936, 65.78,1.73
IFBIND, EQ, 03-Jan-2023,941.9,935.95,945.95,923.0, 934.00,935.65,933.35,39846,371.9,5542, 9551, 23.97,-0.66
IFBIND, EQ, 03-Jan-2024,947.55,955.0,992.0,944.55, 980.00,982.75,968.11,291602,2823.02,11506, 226950, 77.83,3.71
IFBIND, EQ, 03-Jan-2025,1908.15,1920.0,1924.6,1891.35,1901.05,1904.55,1908.33,15980,304.95,2669, 6633, 41.51,-0.19
IFBIND, EQ, 03-Feb-2020,579.9,576.15,586.0,572.0, 579.70,581.45,580.41,28623,166.13,1466, 18379, 64.21,0.27
IFBIND, EQ, 03-Feb-2021,1377.1,1419.0,1426.0,1382.0, 1389.00,1395.65,1408.95,29751,419.18,3290, 13654, 45.89,1.35
IFBIND, EQ, 03-Feb-2022,973.7,977.0,995.0,965.0, 968.00,967.4,976.55,36854,359.9,3195, 20267, 54.99,-0.65
IFBIND, EQ, 03-Feb-2023,827.15,839.55,839.55,821.65, 828.00,826.1,826.53,8211,67.87,2214, 3863, 47.05,-0.13
IFBIND, EQ, 03-Feb-2025,1392.15,1390.0,1404.95,1374.05,1384.0,1385.95,1391.89,40163,559.03,3978, 19723, 49.11,-0.45
IFBIND, EQ, 03-Mar-2020,473.35,477.7,487.15,453.7, 453.70,459.3,468.72,25494,119.49,1927, 14654, 57.48,-2.97
IFBIND, EQ, 03-Mar-2021,1215.05,1220.0,1241.95,1212.25,1224.0,1221.75,1227.84,22813,280.11,2050, 14003, 61.38,0.55
IFBIND, EQ, 03-Mar-2022,878.6,899.0,899.0,860.0,867.0,862.55,873.36,7532,65.78,821, 4563, 60.58,-1.83
IFBIND, EQ, 03-Mar-2023,827.65,824.05,839.9,824.05, 835.00,830.15,831.07,14358,119.33,1887, 5227, 36.40,0.3
IFBIND, EQ, 03-Mar-2025,1070.55,1086.0,1118.65,1062.1,1080.5,1074.75,1081.44,56480,610.8,7829, 29836, 52.83,0.39
IFBIND, EQ, 03-Apr-2020,266.65,268.25,270.0,260.0, 268.05,268.25,265.3,13179,34.96,1089, 7752, 58.82,0.6
IFBIND, EQ, 03-Apr-2023,737.5,737.5,746.35,732.15, 745.00,740.5,738.58,8414,62.14,1288, 4020, 47.78,0.41
IFBIND, EQ, 03-Apr-2024,1544.7,1548.0,1555.0,1535.05, 1544.00,1546.0,1546.8,72568,1122.48,10089, 37582, 51.79,0.08
IFBIND, EQ, 03-Apr-2025,1303.15,1280.05,1325.0,1280.05,1313.1,1314.65,1308.52,97403,1274.53,9131, 73396, 75.35,0.88
IFBIND, EQ, 03-May-2021,983.85,961.05,989.95,959.15,968.85,967.85,974.2,31635,308.19,2901, 13810, 43.65,-1.63
IFBIND, EQ, 03-May-2023,835.9,832.5,848.0,826.1,835.0,832.05,836.75,14794,123.79,2159, 5527, 37.36,-0.46
IFBIND, EQ, 03-May-2024,1516.4,1530.0,1532.25,1480.0, 1484.00,1488.0,1498.24,29910,448.12,4467, 12287, 41.08,-1.87
IFBIND, EQ, 03-Jun-2020,432.75,442.1,470.0,416.0,426.1,428.1,449.32,215874,969.95,8515, 79455, 36.81,-1.07
IFBIND, EQ, 03-Jun-2021,1132.9,1150.0,1174.75,1122.85, 1149.85,1149.7,1152.3,132893,1531.33,10208, 45875, 34.52,1.48
IFBIND, EQ, 03-Jun-2022,926.25,911.05,938.0,872.15, 881.35,878.4,905.07,39847,360.64,4243, 13501, 33.88,-5.17
IFBIND, EQ, 03-Jun-2024,1189.85,1205.0,1212.0,1152.0,1163.0,1162.9,1168.96,106259,1242.13,13292, 39022, 36.72,-2.26
IFBIND, EQ, 03-Jul-2020,419.85,424.0,424.0,414.1, 414.20,415.95,418.94,46283,193.9,2248, 29636, 64.03,-0.93
IFBIND, EQ, 03-Jul-2023,812.7,817.9,834.9,805.0, 812.00,813.15,821.82,33576,275.93,2623, 14248, 42.44,0.06
IFBIND, EQ, 03-Jul-2024,1666.7,1675.0,1689.0,1642.55,1650.2,1652.7,1657.96,30770,510.15,2765, 17835, 57.96,-0.84
IFBIND, EQ, 03-Aug-2020,371.15,362.75,377.75,362.0,362.9,363.55,367.0,30756,112.87,2226, 20235, 65.79,-2.05
IFBIND, EQ, 03-Aug-2021,1026.0,1026.0,1036.15,999.0,1007.0,1004.45,1011.89,38987,394.5,3301, 21856, 56.06,-2.1
IFBIND, EQ, 03-Aug-2022,1003.5,1004.0,1013.0,991.0, 994.40,999.6,1001.54,11004,110.21,1674, 5052, 45.91,-0.39
IFBIND, EQ, 03-Aug-2023,829.2,829.2,839.8,818.0, 829.65,831.85,828.61,30591,253.48,3810, 13275, 43.40,0.32
IFBIND, EQ, 03-Sep-2020,477.5,480.0,486.7,480.0, 482.95,483.3,482.92,32819,158.49,4773, 21182, 64.54,1.21
IFBIND, EQ, 03-Sep-2021,1011.5,1025.95,1077.45,1011.7, 1075.00,1061.5,1043.95,239367,2498.88,15041, 79146, 33.06,4.94
IFBIND, EQ, 03-Sep-2024,1928.0,1928.0,1948.0,1892.05,1905.0,1917.55,1917.56,61611,1181.43,7513, 28383, 46.07,-0.54
IFBIND, EQ, 03-Oct-2022,914.85,914.9,929.8,875.1,890.0,893.3,897.91,15192,136.41,3141, 5237, 34.47,-2.36
IFBIND, EQ, 03-Oct-2023,903.3,905.3,905.3,889.15, 893.55,892.9,896.16,11918,106.8,2657, 5240, 43.97,-1.15
IFBIND, EQ, 03-Oct-2024,1843.05,1793.3,1887.25,1775.0,1807.9,1805.1,1817.42,36147,656.94,4121, 15264, 42.23,-2.06
IFBIND, EQ, 03-Nov-2020,694.5,698.0,718.7,683.2,698.95,698.85,703.32,51917,365.14,2446, 30801, 59.33,0.63
IFBIND, EQ, 03-Nov-2021,1243.65,1254.0,1265.15,1225.0, 1250.00,1250.2,1246.68,23912,298.11,3839, 14900, 62.31,0.53
IFBIND, EQ, 03-Nov-2022,924.05,927.0,954.85,915.25,933.65,938.8,926.22,33076,306.36,6006, 8206, 24.81,1.6
IFBIND, EQ, 03-Nov-2023,880.6,875.15,892.3,863.0, 863.05,864.65,873.89,70423,615.42,5989, 44794, 63.61,-1.81
IFBIND, EQ, 03-Dec-2020,787.85,795.0,815.0,790.2,810.5,806.45,806.83,94672,763.84,3322, 53443, 56.45,2.36
IFBIND, EQ, 03-Dec-2021,1145.15,1145.1,1191.0,1139.85, 1151.40,1150.65,1165.84,15947,185.92,3718, 5991, 37.57,0.48
IFBIND, EQ, 03-Dec-2024,1722.15,1730.0,1818.0,1711.0,1784.0,1787.35,1759.63,66527,1170.63,8194, 27421, 41.22,3.79
IFBIND, EQ, 04-Jan-2021,1188.15,1210.75,1235.0,1188.0,1210.0,1207.2,1213.06,85850,1041.42,6136, 33822, 39.40,1.6
IFBIND, EQ, 04-Jan-2022,1144.25,1150.0,1168.05,1125.15, 1131.00,1132.4,1136.1,5936,67.44,800, 3059, 51.53,-1.04
IFBIND, EQ, 04-Jan-2023,935.65,930.0,945.45,902.0, 913.00,907.5,915.69,42298,387.32,4969, 16360, 38.68,-3.01
IFBIND, EQ, 04-Jan-2024,982.75,989.4,1014.0,979.55, 1000.00,998.2,1000.24,277588,2776.55,11012, 226072, 81.44,1.57
IFBIND, EQ, 04-Feb-2020,581.45,587.9,587.9,556.0, 561.00,561.7,570.61,35915,204.94,2501, 23043, 64.16,-3.4
IFBIND, EQ, 04-Feb-2021,1395.65,1402.5,1422.75,1382.15, 1404.50,1404.7,1405.03,32194,452.34,2476, 16036, 49.81,0.65
IFBIND, EQ, 04-Feb-2022,967.4,972.25,990.0,969.25, 986.50,981.55,982.65,27953,274.68,2166, 16756, 59.94,1.46
IFBIND, EQ, 04-Feb-2025,1385.95,1390.0,1410.95,1351.2,1364.0,1361.5,1380.18,61407,847.53,5138, 32021, 52.15,-1.76
IFBIND, EQ, 04-Mar-2020,459.3,462.95,463.05,435.0, 438.00,437.3,446.53,21397,95.54,1083, 13072, 61.09,-4.79
IFBIND, EQ, 04-Mar-2021,1221.75,1215.0,1230.0,1203.4, 1203.55,1205.65,1210.75,21831,264.32,2809, 12639, 57.89,-1.32
IFBIND, EQ, 04-Mar-2022,862.55,860.0,861.65,840.0, 848.00,843.4,848.43,6580,55.83,934, 3476, 52.83,-2.22
IFBIND, EQ, 04-Mar-2024,1432.4,1430.0,1441.2,1384.4, 1387.00,1391.6,1400.0,26793,375.1,5731, 11760, 43.89,-2.85
IFBIND, EQ, 04-Mar-2025,1074.75,1080.5,1121.1,1064.55,1093.2,1096.05,1099.89,45892,504.76,4762, 26404, 57.54,1.98
IFBIND, EQ, 04-Apr-2022,1014.7,1022.45,1045.0,1017.4,1020.15,1024.25,1031.49,33800,348.65,2799, 9085, 26.88,0.94
IFBIND, EQ, 04-Apr-2024,1546.0,1550.0,1550.8,1505.0, 1533.00,1524.25,1528.85,42417,648.49,6405, 20962, 49.42,-1.41
IFBIND, EQ, 04-Apr-2025,1314.65,1314.65,1322.0,1263.0,1267.2,1272.85,1292.52,122841,1587.74,9685, 86452, 70.38,-3.18
IFBIND, EQ, 04-May-2020,408.7,404.0,408.0,383.55, 390.10,386.85,390.08,45106,175.95,2185, 30735, 68.14,-5.35
IFBIND, EQ, 04-May-2021,967.85,972.7,999.85,955.0, 964.00,960.45,974.22,39469,384.51,3157, 16047, 40.66,-0.76
IFBIND, EQ, 04-May-2022,952.75,951.1,964.8,849.05,881.0,865.85,884.88,230468,2039.37,10735, 131572, 57.09,-9.12
IFBIND, EQ, 04-May-2023,832.05,835.95,850.45,822.0, 830.90,827.7,835.35,29549,246.84,3075, 11331, 38.35,-0.52
IFBIND, EQ, 04-Jun-2020,428.1,426.0,446.0,413.0,427.0,426.5,428.26,95171,407.58,4229, 40172, 42.21,-0.37
IFBIND, EQ, 04-Jun-2021,1149.7,1149.85,1150.0,1107.4, 1124.00,1117.9,1125.79,81127,913.32,8361, 40186, 49.53,-2.77
IFBIND, EQ, 04-Jun-2024,1162.9,1179.0,1179.0,1014.0,1025.55,1065.5,1121.99,123702,1387.93,18714, 29613, 23.94,-8.38
IFBIND, EQ, 04-Jul-2022,894.15,898.4,950.0,896.6,921.0,926.75,938.0,150066,1407.62,11900, 16687, 11.12,3.65
IFBIND, EQ, 04-Jul-2023,813.15,824.5,834.0,814.0, 824.50,824.6,823.93,27656,227.87,2832, 11846, 42.83,1.41
IFBIND, EQ, 04-Jul-2024,1652.7,1657.0,1730.0,1643.35,1690.0,1691.1,1695.24,48832,827.82,4206, 22621, 46.32,2.32
IFBIND, EQ, 04-Aug-2020,363.55,365.5,393.3,365.05,378.65,379.8,379.57,104318,395.96,4345, 56106, 53.78,4.47
IFBIND, EQ, 04-Aug-2021,1004.45,1014.0,1016.5,1001.1,1006.0,1006.55,1008.3,15496,156.25,1447, 8214, 53.01,0.21
IFBIND, EQ, 04-Aug-2022,999.6,1004.6,1010.0,986.45,1007.1,1003.95,1000.58,12158,121.65,1661, 4271, 35.13,0.44
IFBIND, EQ, 04-Aug-2023,831.85,831.85,844.9,826.05, 834.50,831.0,834.68,25349,211.58,3527, 10648, 42.01,-0.1
IFBIND, EQ, 04-Sep-2020,483.3,482.0,573.3,475.0,550.7,552.45,543.71,1049177,5704.5,45277, 221503, 21.11,14.31
IFBIND, EQ, 04-Sep-2023,960.35,978.95,997.0,967.0, 989.00,991.05,986.31,96485,951.64,10464, 46516, 48.21,3.2
IFBIND, EQ, 04-Sep-2024,1917.55,1893.0,1954.5,1893.0,1915.0,1913.8,1928.56,67664,1304.94,9980, 33112, 48.94,-0.2
IFBIND, EQ, 04-Oct-2021,1193.6,1206.0,1206.0,1168.05, 1173.50,1173.6,1183.92,21104,249.85,2492, 10466, 49.59,-1.68
IFBIND, EQ, 04-Oct-2022,893.3,897.8,919.0,897.8, 904.10,904.9,909.04,8367,76.06,1502, 4131, 49.37,1.3
IFBIND, EQ, 04-Oct-2023,892.9,897.4,897.4,880.8, 887.00,892.35,889.09,14452,128.49,2568, 6780, 46.91,-0.06
IFBIND, EQ, 04-Oct-2024,1805.1,1805.1,1811.3,1743.05,1799.0,1798.3,1784.66,26910,480.25,3177, 11091, 41.22,-0.38
IFBIND, EQ, 04-Nov-2020,698.85,699.0,718.05,699.0,710.35,704.3,709.17,22426,159.04,1208, 12444, 55.49,0.78
IFBIND, EQ, 04-Nov-2022,938.8,943.5,946.3,925.0,935.0,930.8,938.04,11048,103.63,3107, 3127, 28.30,-0.85
IFBIND, EQ, 04-Nov-2024,1573.05,1579.75,1640.9,1527.9,1598.9,1595.8,1590.19,222417,3536.86,16453, 69180, 31.10,1.45
IFBIND, EQ, 04-Dec-2020,806.45,815.0,822.0,801.0, 809.00,805.9,810.67,35393,286.92,2308, 21659, 61.20,-0.07
IFBIND, EQ, 04-Dec-2023,1017.7,1029.95,1036.45,1010.1, 1022.80,1022.2,1022.17,22805,233.1,2880, 10309, 45.20,0.44
IFBIND, EQ, 04-Dec-2024,1787.35,1789.5,1820.6,1766.2,1774.0,1774.0,1790.12,46143,826.02,6408, 20744, 44.96,-0.75
IFBIND, EQ, 05-Jan-2021,1207.2,1209.75,1222.0,1187.0, 1200.95,1205.15,1205.01,40968,493.67,3561, 17275, 42.17,-0.17
IFBIND, EQ, 05-Jan-2022,1132.4,1125.0,1133.95,1122.6, 1126.00,1125.05,1125.2,24728,278.24,2963, 21096, 85.31,-0.65
IFBIND, EQ, 05-Jan-2023,907.5,913.0,969.0,910.05,918.1,921.1,945.03,336804,3182.89,20502, 13635, 4.05,1.5
IFBIND, EQ, 05-Jan-2024,998.2,1003.0,1006.95,980.0, 989.85,987.95,991.51,30331,300.73,4272, 14345, 47.29,-1.03
IFBIND, EQ, 05-Feb-2020,561.7,567.85,579.5,564.0, 572.50,573.5,570.64,26219,149.62,1478, 11452, 43.68,2.1
IFBIND, EQ, 05-Feb-2021,1404.7,1410.0,1430.0,1303.9, 1351.00,1341.4,1375.68,42225,580.88,3594, 22937, 54.32,-4.51
IFBIND, EQ, 05-Feb-2024,1267.2,1261.85,1334.0,1260.2, 1322.50,1320.0,1311.51,87434,1146.71,6551, 47905, 54.79,4.17
IFBIND, EQ, 05-Feb-2025,1361.5,1377.95,1403.95,1368.3,1390.0,1388.1,1390.78,30583,425.34,2541, 15624, 51.09,1.95
IFBIND, EQ, 05-Mar-2020,437.3,448.75,448.75,435.0, 437.90,437.75,440.73,14095,62.12,929, 9539, 67.68,0.1
IFBIND, EQ, 05-Mar-2021,1205.65,1212.0,1212.0,1155.1,1161.0,1161.75,1173.22,65334,766.51,4565, 47282, 72.37,-3.64
IFBIND, EQ, 05-Mar-2024,1391.6,1385.15,1413.0,1365.2, 1380.00,1392.85,1387.97,32844,455.86,4141, 17225, 52.44,0.09
IFBIND, EQ, 05-Mar-2025,1096.05,1112.5,1144.75,1094.6,1124.9,1128.75,1120.11,224333,2512.79,5913, 188790, 84.16,2.98
IFBIND, EQ, 05-Apr-2021,1096.8,1074.95,1095.55,1031.15,1066.95,1064.65,1066.03,59618,635.55,4682, 18741, 31.44,-2.93
IFBIND, EQ, 05-Apr-2022,1024.25,1029.4,1033.25,1004.9, 1008.50,1011.2,1018.53,16427,167.31,1873, 6423, 39.10,-1.27
IFBIND, EQ, 05-Apr-2023,740.5,747.7,755.1,741.0, 752.50,751.9,750.25,6424,48.2,982, 2817, 43.85,1.54
IFBIND, EQ, 05-Apr-2024,1524.25,1526.7,1550.0,1453.5, 1472.90,1474.45,1498.7,96275,1442.87,12893, 40101, 41.65,-3.27
IFBIND, EQ, 05-May-2020,386.85,394.85,402.0,383.0, 386.95,385.65,391.19,19909,77.88,1166, 9262, 46.52,-0.31
IFBIND, EQ, 05-May-2021,960.45,973.0,980.95,955.15, 963.90,959.15,965.61,23669,228.55,2394, 9949, 42.03,-0.14
IFBIND, EQ, 05-May-2022,865.85,909.0,909.9,873.45, 900.00,906.6,897.6,114020,1023.44,6301, 63230, 55.46,4.71
IFBIND, EQ, 05-May-2023,827.7,835.95,877.35,820.5, 825.00,822.9,852.09,153656,1309.29,13699, 30708, 19.98,-0.58
IFBIND, EQ, 05-Jun-2020,426.5,436.0,444.0,425.25, 432.60,434.5,433.87,59016,256.05,2880, 28800, 48.80,1.88
IFBIND, EQ, 05-Jun-2023,810.65,814.75,820.45,798.05, 799.05,799.95,805.87,27640,222.74,2713, 17461, 63.17,-1.32
IFBIND, EQ, 05-Jun-2024,1065.5,1097.0,1149.7,1064.95,1117.0,1125.3,1099.71,150076,1650.4,16746, 40753, 27.15,5.61
IFBIND, EQ, 05-Jul-2021,1032.85,1045.0,1071.55,1034.0, 1064.00,1061.55,1055.57,66552,702.5,4475, 34252, 51.47,2.78
IFBIND, EQ, 05-Jul-2022,926.75,939.75,956.4,920.0,920.0,921.9,941.76,48997,461.43,3801, 12388, 25.28,-0.52
IFBIND, EQ, 05-Jul-2023,824.6,820.0,828.75,814.9,817.0,817.15,821.39,16137,132.55,1199, 8190, 50.75,-0.9
IFBIND, EQ, 05-Jul-2024,1691.1,1694.0,1755.0,1676.1,1720.95,1720.15,1723.83,121693,2097.78,6436, 43819, 36.01,1.72
IFBIND, EQ, 05-Aug-2020,379.8,380.1,384.15,373.0,374.0,374.75,378.45,32389,122.58,2140, 20190, 62.34,-1.33
IFBIND, EQ, 05-Aug-2021,1006.55,1011.6,1014.85,991.0,996.0,996.45,996.96,16883,168.32,1742, 9339, 55.32,-1.0
IFBIND, EQ, 05-Aug-2022,1003.95,1013.25,1029.0,989.0,1025.0,1016.4,1009.43,15485,156.31,1486, 7809, 50.43,1.24
IFBIND, EQ, 05-Aug-2024,1948.05,1909.95,1970.05,1865.35,1892.0,1876.9,1901.7,142780,2715.25,15751, 69449, 48.64,-3.65
IFBIND, EQ, 05-Sep-2022,1006.05,1001.55,1031.0,1001.55, 1011.00,1018.35,1020.73,10431,106.47,1577, 5865, 56.23,1.22
IFBIND, EQ, 05-Sep-2023,991.05,999.0,1003.0,981.0, 995.00,989.1,990.77,78958,782.29,7551, 40128, 50.82,-0.2
IFBIND, EQ, 05-Sep-2024,1913.8,1948.0,1948.0,1900.0,1905.15,1907.25,1919.67,25392,487.44,4769, 15590, 61.40,-0.34
IFBIND, EQ, 05-Oct-2020,599.6,603.0,615.0,601.05, 608.00,603.5,607.19,27829,168.97,1547, 10653, 38.28,0.65
IFBIND, EQ, 05-Oct-2021,1173.6,1179.45,1191.95,1166.15, 1171.00,1178.25,1179.9,25226,297.64,3225, 10991, 43.57,0.4
IFBIND, EQ, 05-Oct-2023,892.35,893.35,903.4,882.15, 888.95,892.3,889.88,15616,138.96,2477, 7356, 47.11,-0.01
IFBIND, EQ, 05-Nov-2020,704.3,705.0,720.0,704.85, 713.65,713.9,711.62,21370,152.07,1014, 10547, 49.35,1.36
IFBIND, EQ, 05-Nov-2024,1595.8,1601.75,1612.35,1566.85,1582.2,1588.8,1587.19,61537,976.71,6598, 25932, 42.14,-0.44
IFBIND, EQ, 05-Dec-2022,951.5,956.3,957.95,924.7, 930.90,927.7,934.03,48165,449.87,4970, 25384, 52.70,-2.5
IFBIND, EQ, 05-Dec-2023,1022.2,1024.0,1030.45,1001.45, 1004.00,1004.05,1008.55,38585,389.15,3190, 25811, 66.89,-1.78
IFBIND, EQ, 05-Dec-2024,1774.0,1781.15,1843.0,1765.3,1817.0,1820.95,1810.08,70477,1275.69,8590, 32391, 45.96,2.65
IFBIND, EQ, 06-Jan-2020,696.85,692.0,693.75,676.65, 686.00,686.0,684.68,11174,76.51,605, 6585, 58.93,-1.56
IFBIND, EQ, 06-Jan-2021,1205.15,1210.0,1215.75,1150.0, 1159.90,1160.6,1181.3,61679,728.62,4492, 35838, 58.10,-3.7
IFBIND, EQ, 06-Jan-2022,1125.05,1080.3,1291.0,1080.3, 1175.00,1185.1,1232.59,320840,3954.64,22378, 36404, 11.35,5.34
IFBIND, EQ, 06-Jan-2023,921.1,920.5,929.75,912.05,924.9,923.95,923.45,35606,328.8,4262, 7525, 21.13,0.31
IFBIND, EQ, 06-Jan-2025,1904.55,1909.0,1933.95,1775.6,1830.0,1832.45,1858.73,57438,1067.61,7881, 26411, 45.98,-3.79
IFBIND, EQ, 06-Feb-2020,573.5,587.9,607.0,573.95, 580.00,584.45,593.45,48976,290.65,2845, 19833, 40.50,1.91
IFBIND, EQ, 06-Feb-2023,826.1,829.95,829.95,810.9, 812.60,812.25,815.42,12054,98.29,2649, 5605, 46.50,-1.68
IFBIND, EQ, 06-Feb-2024,1320.0,1324.1,1349.1,1315.0, 1347.00,1341.5,1330.74,37584,500.15,3284, 23436, 62.36,1.63
IFBIND, EQ, 06-Feb-2025,1388.1,1397.5,1402.75,1362.0,1370.1,1367.15,1377.58,28370,390.82,2780, 14260, 50.26,-1.51
IFBIND, EQ, 06-Mar-2020,437.75,429.9,430.0,418.0, 421.85,422.05,424.6,14866,63.12,1139, 9289, 62.48,-3.59
IFBIND, EQ, 06-Mar-2023,830.15,834.35,840.0,831.1, 836.90,833.55,835.28,7424,62.01,891, 3500, 47.14,0.41
IFBIND, EQ, 06-Mar-2024,1392.85,1395.6,1397.0,1340.1, 1354.00,1357.1,1368.21,33167,453.8,3630, 20676, 62.34,-2.57
IFBIND, EQ, 06-Mar-2025,1128.75,1140.0,1180.0,1134.0,1150.0,1148.7,1159.95,53236,617.51,5358, 33397, 62.73,1.77
IFBIND, EQ, 06-Apr-2021,1064.65,1068.0,1096.6,1052.1,1070.0,1067.45,1076.4,28960,311.73,3263, 10186, 35.17,0.26
IFBIND, EQ, 06-Apr-2022,1011.2,1019.0,1035.0,991.0, 1000.00,1001.5,1013.16,15401,156.04,2048, 6489, 42.13,-0.96
IFBIND, EQ, 06-Apr-2023,751.9,748.95,765.75,741.8, 761.00,759.45,759.31,5529,41.98,916, 2431, 43.97,1.0
IFBIND, EQ, 06-May-2020,385.65,396.0,396.0,380.0, 381.00,380.7,383.07,16720,64.05,1006, 9104, 54.45,-1.28
IFBIND, EQ, 06-May-2021,959.15,963.95,973.1,930.05, 945.00,945.4,944.3,85828,810.47,6578, 54809, 63.86,-1.43
IFBIND, EQ, 06-May-2022,906.6,884.0,898.9,872.95,884.0,888.7,886.97,23795,211.05,3034, 7678, 32.27,-1.97
IFBIND, EQ, 06-May-2024,1488.0,1491.95,1494.95,1444.25,1472.0,1464.6,1468.7,31093,456.66,5673, 11572, 37.22,-1.57
IFBIND, EQ, 06-Jun-2022,878.4,890.0,890.0,860.0,862.5,864.35,868.15,11660,101.23,1561, 3787, 32.48,-1.6
IFBIND, EQ, 06-Jun-2023,799.95,800.0,836.0,792.15,801.0,803.15,805.55,633850,5105.99,14576, 474976, 74.94,0.4
IFBIND, EQ, 06-Jun-2024,1125.3,1142.2,1350.0,1130.0,1349.0,1336.6,1287.79,561808,7234.9,39221, 105944, 18.86,18.78
IFBIND, EQ, 06-Jul-2020,415.95,417.25,433.0,417.25, 426.10,427.15,424.98,104361,443.51,4419, 45190, 43.30,2.69
IFBIND, EQ, 06-Jul-2021,1061.55,1070.0,1070.0,1011.0, 1028.90,1021.75,1040.73,52624,547.67,4997, 25317, 48.11,-3.75
IFBIND, EQ, 06-Jul-2022,921.9,922.05,935.0,914.15,929.0,928.25,929.09,9914,92.11,1371, 3749, 37.82,0.69
IFBIND, EQ, 06-Jul-2023,817.15,817.55,825.2,817.0,819.0,820.35,820.05,15334,125.75,986, 8920, 58.17,0.39
IFBIND, EQ, 06-Aug-2020,374.75,377.95,382.8,368.45,371.5,370.95,374.62,33322,124.83,2441, 20823, 62.49,-1.01
IFBIND, EQ, 06-Aug-2021,996.45,995.0,1006.35,980.0, 990.00,989.55,995.19,18187,181.0,1787, 9183, 50.49,-0.69
IFBIND, EQ, 06-Aug-2024,1876.9,1901.45,2005.4,1877.05,1929.0,1930.4,1937.42,105023,2034.74,12201, 41459, 39.48,2.85
IFBIND, EQ, 06-Sep-2021,1061.5,1085.0,1093.0,1050.0,1050.55,1062.6,1076.14,164128,1766.24,12864, 52560, 32.02,0.1
IFBIND, EQ, 06-Sep-2022,1018.35,1028.9,1028.9,1003.2, 1012.00,1013.75,1014.36,4405,44.68,760, 2204, 50.03,-0.45
IFBIND, EQ, 06-Sep-2023,989.1,994.05,995.7,960.1, 963.00,964.5,971.91,47849,465.05,4212, 26558, 55.50,-2.49
IFBIND, EQ, 06-Sep-2024,1907.25,1907.25,1936.4,1895.1,1919.0,1908.35,1917.03,46109,883.92,7016, 28134, 61.02,0.06
IFBIND, EQ, 06-Oct-2020,603.5,609.8,652.0,609.75,649.7,645.95,637.87,272254,1736.62,9593, 87744, 32.23,7.03
IFBIND, EQ, 06-Oct-2021,1178.25,1184.1,1198.0,1164.85, 1177.00,1179.0,1181.4,26698,315.41,3269, 8876, 33.25,0.06
IFBIND, EQ, 06-Oct-2022,904.9,907.2,946.4,907.2, 921.40,928.45,927.61,13622,126.36,2387, 5832, 42.81,2.6
IFBIND, EQ, 06-Oct-2023,892.3,896.75,915.0,888.3, 909.00,909.15,902.56,13998,126.34,2707, 7863, 56.17,1.89
IFBIND, EQ, 06-Nov-2020,713.9,713.5,723.95,711.0, 718.00,714.95,717.29,18060,129.54,1002, 10577, 58.57,0.15
IFBIND, EQ, 06-Nov-2023,864.65,868.95,871.45,855.7, 860.00,860.3,861.36,14862,128.02,2419, 8637, 58.11,-0.5
IFBIND, EQ, 06-Nov-2024,1588.8,1614.55,1718.05,1582.0,1692.4,1689.5,1662.74,179000,2976.3,14943, 74654, 41.71,6.34
IFBIND, EQ, 06-Dec-2021,1150.65,1135.0,1169.45,1133.0, 1158.50,1154.85,1153.11,136309,1571.8,3481, 125984, 92.43,0.37
IFBIND, EQ, 06-Dec-2022,927.7,932.35,933.25,907.0, 912.00,909.85,917.87,46309,425.06,4200, 24477, 52.86,-1.92
IFBIND, EQ, 06-Dec-2023,1004.05,1006.55,1017.45,975.1, 982.00,980.2,993.19,39023,387.57,4148, 19531, 50.05,-2.38
IFBIND, EQ, 06-Dec-2024,1820.95,1821.25,1838.75,1810.55,1820.0,1820.95,1822.39,29600,539.43,2444, 17138, 57.90,0.0
IFBIND, EQ, 07-Jan-2020,686.0,691.5,705.0,684.0, 685.00,686.55,698.46,15117,105.59,1036, 7791, 51.54,0.08
IFBIND, EQ, 07-Jan-2021,1160.6,1159.9,1219.95,1159.9, 1209.00,1203.4,1199.43,62522,749.91,4219, 27307, 43.68,3.69
IFBIND, EQ, 07-Jan-2022,1185.1,1175.0,1195.0,1154.5,1159.05,1160.45,1172.08,20236,237.18,2337, 6536, 32.30,-2.08
IFBIND, EQ, 07-Jan-2025,1832.45,1832.3,1919.0,1810.1,1905.95,1903.35,1880.61,33074,621.99,4555, 13602, 41.13,3.87
IFBIND, EQ, 07-Feb-2020,584.45,587.5,592.9,578.0, 584.90,585.15,588.72,15475,91.1,1138, 9410, 60.81,0.12
IFBIND, EQ, 07-Feb-2022,981.55,1015.55,1015.55,952.1, 965.00,961.4,978.99,31277,306.2,2036, 11955, 38.22,-2.05
IFBIND, EQ, 07-Feb-2023,812.25,810.0,824.35,802.0, 808.00,804.6,808.38,12286,99.32,2521, 6302, 51.29,-0.94
IFBIND, EQ, 07-Feb-2024,1341.5,1341.5,1418.7,1341.5, 1400.00,1400.2,1396.67,492558,6879.4,7934, 268236, 54.46,4.38
IFBIND, EQ, 07-Feb-2025,1367.15,1367.15,1379.0,1295.25,1335.0,1316.5,1328.44,53436,709.86,5711, 26539, 49.67,-3.7
IFBIND, EQ, 07-Mar-2022,843.4,843.4,846.6,800.0, 810.90,807.25,811.77,17097,138.79,1680,7579,44.33,-4.29
IFBIND, EQ, 07-Mar-2024,1357.1,1352.0,1383.0,1350.65, 1371.95,1370.15,1368.27,18271,250.0,4011, 9175, 50.22,0.96
IFBIND, EQ, 07-Mar-2025,1148.7,1162.65,1173.8,1130.0,1138.0,1137.55,1153.25,46751,539.16,4480, 24350, 52.08,-0.97
IFBIND, EQ, 07-Apr-2020,268.25,270.0,285.2,270.0, 284.00,282.8,279.89,28137,78.75,1788, 17602, 62.56,5.42
IFBIND, EQ, 07-Apr-2021,1067.45,1072.05,1182.25,1043.95,1146.05,1148.3,1144.44,142029,1625.44,9442, 40257, 28.34,7.57
IFBIND, EQ, 07-Apr-2022,1001.5,994.1,1015.5,980.05,992.0,987.7,1000.12,16173,161.75,1671, 8085, 49.99,-1.38
IFBIND, EQ, 07-Apr-2025,1272.85,1121.0,1219.0,1121.0,1215.2,1206.5,1180.69,70325,830.32,9818, 26047, 37.04,-5.21
IFBIND, EQ, 07-May-2020,380.7,380.6,386.0,376.0, 377.75,376.6,380.13,14202,53.99,974, 8029, 56.53,-1.08
IFBIND, EQ, 07-May-2021,945.4,945.0,968.0,937.15, 950.25,950.1,952.22,35766,340.57,3783, 17355, 48.52,0.5
IFBIND, EQ, 07-May-2024,1464.6,1464.0,1472.1,1400.0,1415.0,1416.35,1428.83,37920,541.81,6176, 15991, 42.17,-3.29
IFBIND, EQ, 07-Jun-2021,1117.9,1135.0,1170.0,1100.1, 1150.00,1148.0,1143.87,105428,1205.96,7989, 44204, 41.93,2.69
IFBIND, EQ, 07-Jun-2022,864.35,861.0,884.95,838.8,850.0,854.65,864.61,22624,195.61,2114, 6743, 29.80,-1.12
IFBIND, EQ, 07-Jun-2023,803.15,826.0,847.3,810.0, 820.00,816.9,829.66,243812,2022.82,11690, 60052, 24.63,1.71
IFBIND, EQ, 07-Jun-2024,1336.6,1362.0,1479.0,1362.0,1454.0,1456.25,1434.33,643157,9225.0,37523, 191767, 29.82,8.95
IFBIND, EQ, 07-Jul-2020,427.15,405.0,418.0,405.0, 413.00,412.2,412.03,106300,437.99,3714, 46767, 44.00,-3.5
IFBIND, EQ, 07-Jul-2021,1021.75,1021.0,1043.2,1016.1, 1037.00,1034.25,1033.56,23624,244.17,2220, 9514, 40.27,1.22
IFBIND, EQ, 07-Jul-2022,928.25,928.0,952.5,927.95, 930.00,929.7,936.68,17516,164.07,1862, 7614, 43.47,0.16
IFBIND, EQ, 07-Jul-2023,820.35,817.0,833.0,817.0, 820.00,823.4,824.15,17603,145.07,1474, 8166, 46.39,0.37
IFBIND, EQ, 07-Aug-2020,370.95,363.4,379.0,363.4,374.5,375.45,372.97,115362,430.27,5435, 56016, 48.56,1.21
IFBIND, EQ, 07-Aug-2023,831.0,835.2,845.65,822.15, 823.60,825.15,831.77,31407,261.23,4011, 21220, 67.56,-0.7
IFBIND, EQ, 07-Aug-2024,1930.4,1949.0,2172.0,1949.0,2069.0,2068.2,2090.63,585304,12236.55,66170, 112305, 19.19,7.14
IFBIND, EQ, 07-Sep-2020,552.45,548.9,548.9,520.0, 525.00,523.3,531.65,120980,643.19,7442, 41913, 34.64,-5.28
IFBIND, EQ, 07-Sep-2021,1062.6,1067.0,1133.6,1045.55, 1108.10,1110.35,1112.83,387624,4313.6,27701, 98117, 25.31,4.49
IFBIND, EQ, 07-Sep-2022,1013.75,1018.85,1023.0,1009.95, 1023.00,1017.4,1014.34,3996,40.53,1509, 1872, 46.85,0.36
IFBIND, EQ, 07-Sep-2023,964.5,964.55,999.0,964.0, 975.85,974.15,979.88,30243,296.35,4613, 10223, 33.80,1.0
IFBIND, EQ, 07-Oct-2020,645.95,646.0,654.0,629.95,638.95,640.1,641.66,104355,669.6,5720, 36245, 34.73,-0.91
IFBIND, EQ, 07-Oct-2021,1179.0,1175.0,1221.0,1175.0, 1190.00,1192.9,1203.01,40077,482.13,4664, 15008, 37.45,1.18
IFBIND, EQ, 07-Oct-2022,928.45,927.9,947.95,923.1, 945.10,943.85,940.72,9119,85.78,1505, 3520, 38.60,1.66
IFBIND, EQ, 07-Oct-2024,1798.3,1798.15,1800.0,1698.0,1736.0,1732.75,1734.94,27040,469.13,4869, 14619, 54.06,-3.65
IFBIND, EQ, 07-Nov-2022,930.8,935.5,942.95,930.1,940.0,936.0,935.9,8470,79.27,3699, 1953, 23.06,0.56
IFBIND, EQ, 07-Nov-2023,860.3,860.3,872.35,850.0, 854.00,853.4,857.07,15893,136.21,2310, 8544, 53.76,-0.8
IFBIND, EQ, 07-Nov-2024,1689.5,1697.65,1713.1,1652.0,1655.35,1655.7,1673.45,101432,1697.41,10407, 46788, 46.13,-2.0
IFBIND, EQ, 07-Dec-2020,805.9,815.0,840.0,811.1, 838.00,832.55,829.21,56376,467.48,2150, 35660, 63.25,3.31
IFBIND, EQ, 07-Dec-2021,1154.85,1164.0,1299.0,1164.0,1175.0,1177.25,1182.29,14919,176.39,2764, 4370, 29.29,1.94
IFBIND, EQ, 07-Dec-2022,909.85,918.5,984.8,914.05, 939.90,939.5,960.79,790469,7594.72,35519, 118537, 15.00,3.26
IFBIND, EQ, 07-Dec-2023,980.2,988.75,997.05,965.0, 970.00,970.05,974.97,98537,960.7,10281, 63441, 64.38,-1.04
IFBIND, EQ, 08-Jan-2020,686.55,686.8,705.0,678.1, 705.00,701.5,698.04,9604,67.04,905, 4403, 45.85,2.18
IFBIND, EQ, 08-Jan-2021,1203.4,1209.6,1225.0,1200.0, 1200.50,1201.65,1209.18,33950,410.52,2725, 16864, 49.67,-0.15
IFBIND, EQ, 08-Jan-2024,987.95,992.8,1001.95,950.3, 966.00,956.6,967.63,41326,399.88,4170, 19248, 46.58,-3.17
IFBIND, EQ, 08-Jan-2025,1903.35,1922.4,2015.95,1887.15,1986.0,1998.8,1977.77,134752,2665.09,13890, 56181, 41.69,5.01
IFBIND, EQ, 08-Feb-2021,1341.4,1349.0,1428.85,1325.15, 1346.00,1354.75,1373.71,72654,998.06,6984, 24445, 33.65,1.0
IFBIND, EQ, 08-Feb-2022,961.4,961.4,979.5,945.0,958.0,958.3,959.95,12253,117.62,1407, 4817, 39.31,-0.32
IFBIND, EQ, 08-Feb-2023,804.6,805.0,835.0,800.0, 835.00,830.1,814.91,15613,127.23,2655, 6087, 38.99,3.17
IFBIND, EQ, 08-Feb-2024,1400.2,1419.85,1420.0,1351.3, 1384.95,1371.15,1397.84,50897,711.46,4173, 35053, 68.87,-2.07
IFBIND, EQ, 08-Mar-2021,1161.75,1161.0,1200.0,1141.1, 1146.05,1147.45,1154.56,54343,627.43,5147, 32902, 60.55,-1.23
IFBIND, EQ, 08-Mar-2022,807.25,834.95,849.5,819.0, 840.00,839.75,835.35,35237,294.35,3059, 16152, 45.84,4.03
IFBIND, EQ, 08-Mar-2023,833.55,837.0,855.0,830.45, 840.00,836.0,844.56,11139,94.08,1513, 3348, 30.06,0.29
IFBIND, EQ, 08-Apr-2020,282.8,311.0,311.0,283.05, 304.15,299.65,299.37,35692,106.85,2482, 19853, 55.62,5.96
IFBIND, EQ, 08-Apr-2021,1148.3,1153.0,1198.0,1153.0, 1170.00,1172.85,1182.34,97704,1155.19,8008, 25215, 25.81,2.14
IFBIND, EQ, 08-Apr-2022,987.7,992.65,1010.15,990.6, 992.00,994.45,1002.64,10026,100.52,1299, 2920, 29.12,0.68
IFBIND, EQ, 08-Apr-2024,1474.45,1503.35,1550.7,1474.55, 1486.00,1486.65,1523.49,118550,1806.1,14841, 45002, 37.96,0.83
IFBIND, EQ, 08-Apr-2025,1206.5,1240.0,1284.85,1221.15,1270.2,1274.15,1256.53,53781,675.78,9568, 19828, 36.87,5.61
IFBIND, EQ, 08-May-2020,376.6,386.0,386.25,375.3, 377.80,377.4,380.64,9108,34.67,626, 5479, 60.16,0.21
IFBIND, EQ, 08-May-2023,822.9,839.45,845.0,818.45, 824.00,821.6,826.62,36765,303.91,3301, 17836, 48.51,-0.16
IFBIND, EQ, 08-May-2024,1416.35,1413.95,1469.7,1403.05,1451.0,1461.35,1447.09,36407,526.84,8458, 14326, 39.35,3.18
IFBIND, EQ, 08-Jun-2020,434.5,439.25,455.0,424.0, 427.50,427.35,439.92,83268,366.31,3339, 38384, 46.10,-1.65
IFBIND, EQ, 08-Jun-2021,1148.0,1164.0,1174.0,1136.7, 1148.00,1146.6,1150.38,60949,701.14,4377, 22122, 36.30,-0.12
IFBIND, EQ, 08-Jun-2022,854.65,857.5,864.0,843.0,852.5,848.45,851.95,12017,102.38,1483, 5942, 49.45,-0.73
IFBIND, EQ, 08-Jun-2023,816.9,824.8,824.8,810.6, 814.00,813.1,816.94,24710,201.87,2513, 11123, 45.01,-0.47
IFBIND, EQ, 08-Jul-2020,412.2,412.0,420.0,406.0,410.0,407.9,413.55,51145,211.51,2509, 28614, 55.95,-1.04
IFBIND, EQ, 08-Jul-2021,1034.25,1040.0,1099.9,1040.0, 1073.00,1081.45,1069.7,109515,1171.48,6159, 40733, 37.19,4.56
IFBIND, EQ, 08-Jul-2022,929.7,934.35,972.5,929.7,960.0,961.15,958.96,82830,794.31,6637, 21796, 26.31,3.38
IFBIND, EQ, 08-Jul-2024,1720.15,1729.9,1743.45,1633.35,1678.3,1664.2,1681.48,64886,1091.04,4357, 31507, 48.56,-3.25
IFBIND, EQ, 08-Aug-2022,1016.4,1025.05,1030.0,1003.25,1019.0,1024.05,1017.21,12930,131.53,2198,7055,54.56,0.75
IFBIND, EQ, 08-Aug-2023,825.15,828.95,838.9,823.05, 824.50,824.6,827.85,32136,266.04,3101, 20563, 63.99,-0.07
IFBIND, EQ, 08-Aug-2024,2068.2,2057.85,2126.45,2034.1,2098.85,2087.6,2085.28,110460,2303.4,24628, 39026, 35.33,0.94
IFBIND, EQ, 08-Sep-2020,523.3,524.0,590.0,518.0, 544.95,545.6,566.5,662982,3755.78,25569, 150875, 22.76,4.26
IFBIND, EQ, 08-Sep-2021,1110.35,1118.0,1144.3,1091.0, 1094.00,1096.85,1123.35,161706,1816.52,11883, 30231, 18.70,-1.22
IFBIND, EQ, 08-Sep-2022,1017.4,1024.0,1071.0,1020.0, 1036.70,1038.7,1047.87,33415,350.14,4568, 11737, 35.12,2.09
IFBIND, EQ, 08-Sep-2023,974.15,979.05,1000.0,963.9, 980.00,979.85,982.12,121170,1190.03,9510, 62652, 51.71,0.59
IFBIND, EQ, 08-Oct-2020,640.1,642.0,651.0,635.1,642.05,645.0,643.29,61020,392.54,2734, 23442, 38.42,0.77
IFBIND, EQ, 08-Oct-2021,1192.9,1201.95,1218.3,1175.05, 1178.00,1179.85,1191.57,23635,281.63,3091, 8503, 35.98,-1.09
IFBIND, EQ, 08-Oct-2024,1732.75,1759.95,1818.4,1700.0,1803.2,1799.2,1755.21,22920,402.3,3764, 11742, 51.23,3.83
IFBIND, EQ, 08-Nov-2021,1247.15,1230.0,1257.0,1218.0, 1246.25,1241.2,1244.87,22628,281.69,3002, 11197, 49.48,-0.48
IFBIND, EQ, 08-Nov-2023,853.4,854.7,877.5,854.7, 856.00,858.5,862.96,22841,197.11,3441, 11781, 51.58,0.6
IFBIND, EQ, 08-Nov-2024,1655.7,1719.0,1728.0,1640.0, 1648.00,1671.05,1687.2,106218,1792.11,8445, 41646, 39.21,0.93
IFBIND, EQ, 08-Dec-2020,832.55,842.0,925.0,829.0,920.0,915.6,881.84,172356,1519.91,5998, 80879, 46.93,9.98
IFBIND, EQ, 08-Dec-2021,1177.25,1177.3,1197.0,1164.65,1175.0,1172.8,1177.17,11574,136.25,2363, 5594, 48.33,-0.38
IFBIND, EQ, 08-Dec-2022,939.5,939.0,972.7,926.05, 955.00,954.15,955.88,134303,1283.78,10986, 35884, 26.72,1.56
IFBIND, EQ, 08-Dec-2023,970.05,979.4,991.6,959.75, 965.90,967.35,976.43,49106,479.49,5452, 29413, 59.90,-0.28
IFBIND, EQ, 09-Jan-2020,701.5,710.25,720.75,685.05, 690.10,692.5,702.09,16494,115.8,1543, 8030, 48.68,-1.28
IFBIND, EQ, 09-Jan-2023,923.95,928.6,939.9,910.05,919.0,917.15,925.14,13796,127.63,2357, 4270, 30.95,-0.74
IFBIND, EQ, 09-Jan-2024,956.6,960.45,978.0,955.05,960.0,964.75,968.02,14243,137.88,2424, 6851, 48.10,0.85
IFBIND, EQ, 09-Jan-2025,1998.8,2008.0,2015.0,1967.0,1976.0,1981.15,1991.11,50919,1013.85,5740, 19830, 38.94,-0.88
IFBIND, EQ, 09-Feb-2021,1354.75,1360.25,1389.4,1354.7, 1360.00,1365.05,1370.17,34021,466.15,2945, 14275, 41.96,0.76
IFBIND, EQ, 09-Feb-2022,958.3,960.0,970.3,943.0, 945.10,946.15,950.82,11296,107.4,1408, 4999, 44.25,-1.27
IFBIND, EQ, 09-Feb-2023,830.1,834.3,844.45,820.05, 825.00,825.4,832.33,9675,80.53,2047, 3551, 36.70,-0.57
IFBIND, EQ, 09-Feb-2024,1371.15,1386.8,1391.1,1280.0, 1352.60,1344.7,1326.52,57003,756.16,5334, 31246, 54.81,-1.93
IFBIND, EQ, 09-Mar-2020,422.05,422.0,423.0,387.25, 398.25,397.0,399.68,32045,128.08,1221, 27424, 85.58,-5.94
IFBIND, EQ, 09-Mar-2021,1147.45,1156.0,1170.0,1105.65, 1125.00,1120.7,1130.26,31254,353.25,4520, 16695, 53.42,-2.33
IFBIND, EQ, 09-Mar-2022,839.75,837.15,863.85,831.65, 855.00,839.35,840.3,14232,119.59,1039, 8936, 62.79,-0.05
IFBIND, EQ, 09-Mar-2023,836.0,838.3,854.05,833.7, 836.50,838.9,843.26,12311,103.81,1476, 4796, 38.96,0.35
IFBIND, EQ, 09-Apr-2020,299.65,309.0,334.0,306.05, 330.80,328.2,319.22,50989,162.77,3267, 23904, 46.88,9.53
IFBIND, EQ, 09-Apr-2021,1172.85,1175.0,1199.0,1150.6,1195.0,1185.0,1171.12,44066,516.06,4600, 16797, 38.12,1.04
IFBIND, EQ, 09-Apr-2024,1486.65,1491.0,1548.1,1481.2, 1509.30,1511.85,1523.32,83279,1268.61,11036, 27729, 33.30,1.7
IFBIND, EQ, 09-Apr-2025,1274.15,1274.15,1276.2,1237.25,1241.9,1248.35,1249.52,27837,347.83,4838, 14283, 51.31,-2.02
IFBIND, EQ, 09-May-2022,888.7,888.7,910.45,853.35, 879.90,880.55,881.9,18304,161.42,2711, 4607, 25.17,-0.92
IFBIND, EQ, 09-May-2023,821.6,824.0,835.9,818.0,821.5,820.2,824.53,18894,155.79,1882, 11061, 58.54,-0.17
IFBIND, EQ, 09-May-2024,1461.35,1461.35,1487.8,1366.95,1403.0,1392.6,1431.18,45542,651.79,7564, 22175, 48.69,-4.7
IFBIND, EQ, 09-Jun-2020,427.35,434.0,434.0,407.85, 410.05,409.55,419.9,46132,193.71,2551, 27913, 60.51,-4.17
IFBIND, EQ, 09-Jun-2021,1146.6,1163.8,1163.8,1125.0,1139.0,1131.95,1142.75,66886,764.34,4494, 39184, 58.58,-1.28
IFBIND, EQ, 09-Jun-2022,848.45,849.5,944.85,843.0, 916.00,926.55,917.36,618495,5673.85,27891, 35407, 5.72,9.21
IFBIND, EQ, 09-Jun-2023,813.1,817.0,823.05,808.0, 814.50,817.25,816.93,18746,153.14,1971, 8039, 42.88,0.51
IFBIND, EQ, 09-Jul-2020,407.9,409.0,416.85,404.55, 410.60,410.45,411.26,29691,122.11,1704, 14832, 49.95,0.63
IFBIND, EQ, 09-Jul-2021,1081.45,1073.0,1080.0,1048.05,1055.0,1061.7,1064.04,27584,293.5,3042, 11231, 40.72,-1.83
IFBIND, EQ, 09-Jul-2024,1664.2,1680.0,1718.0,1591.05,1615.0,1608.1,1635.77,40447,661.62,3720, 22494, 55.61,-3.37
IFBIND, EQ, 09-Aug-2021,989.55,955.0,969.85,910.0, 934.10,924.8,941.54,97610,919.04,10985, 45725, 46.84,-6.54
IFBIND, EQ, 09-Aug-2023,824.6,831.95,832.45,825.9, 827.55,828.05,828.48,15469,128.16,2336, 9759, 63.09,0.42
IFBIND, EQ, 09-Aug-2024,2087.6,2083.25,2150.0,2048.0,2124.0,2126.85,2104.38,82372,1733.42,13246, 29251, 35.51,1.88
IFBIND, EQ, 09-Sep-2020,545.6,534.0,569.6,529.85, 537.00,542.6,548.88,202174,1109.69,9268, 45587, 22.55,-0.55
IFBIND, EQ, 09-Sep-2021,1096.85,1097.0,1130.0,1072.85, 1100.00,1100.55,1099.24,157598,1732.38,7743, 83704, 53.11,0.34
IFBIND, EQ, 09-Sep-2022,1038.7,1040.0,1061.0,1031.05, 1040.00,1041.85,1048.43,12143,127.31,2412, 7039, 57.97,0.3
IFBIND, EQ, 09-Sep-2024,1908.35,1908.35,1925.1,1870.0,1890.0,1896.2,1896.64,44740,848.56,7528, 18325, 40.96,-0.64
IFBIND, EQ, 09-Oct-2020,645.0,640.8,662.4,635.5, 645.45,645.35,647.87,78032,505.55,3691, 31217, 40.01,0.05
IFBIND, EQ, 09-Oct-2023,909.15,899.0,901.55,882.25, 887.00,890.2,892.21,9885,88.2,1824, 3846, 38.91,-2.08
IFBIND, EQ, 09-Oct-2024,1799.2,1803.2,1845.0,1792.55,1845.0,1824.85,1813.08,10284,186.46,1613, 5543, 53.90,1.43
IFBIND, EQ, 09-Nov-2020,714.95,725.0,789.35,706.65, 771.00,768.2,758.39,186479,1414.23,6136, 90610, 48.59,7.45
IFBIND, EQ, 09-Nov-2021,1241.2,1232.05,1295.0,1232.05,1275.0,1278.95,1273.32,58682,747.21,8197, 19787, 33.72,3.04
IFBIND, EQ, 09-Nov-2022,936.0,945.35,957.85,935.6, 951.00,949.65,949.92,63967,607.63,2412, 55502, 86.77,1.46
IFBIND, EQ, 09-Nov-2023,858.5,859.35,875.0,853.1, 859.95,856.6,864.27,14349,124.01,2863, 4047, 28.20,-0.22
IFBIND, EQ, 09-Dec-2020,915.6,927.9,994.0,925.55,962.95,964.85,965.38,209733,2024.72,7855, 92282, 44.00,5.38
IFBIND, EQ, 09-Dec-2021,1172.8,1192.0,1192.0,1156.15, 1178.95,1171.8,1173.69,10182,119.51,2000, 5235, 51.41,-0.09
IFBIND, EQ, 09-Dec-2022,954.15,955.0,961.65,931.35, 940.00,938.15,941.93,30204,284.5,3573, 10873, 36.00,-1.68
IFBIND, EQ, 09-Dec-2024,1820.95,1820.0,1874.9,1820.0,1855.0,1859.55,1839.55,33561,617.37,3674, 14806, 44.12,2.12
IFBIND, EQ, 10-Jan-2020,692.5,686.0,717.0,686.0, 695.05,704.0,705.37,12166,85.81,949, 7016, 57.67,1.66
IFBIND, EQ, 10-Jan-2022,1160.45,1160.45,1187.5,1141.1,1147.0,1148.1,1162.75,11362,132.11,1350, 3688, 32.46,-1.06
IFBIND, EQ, 10-Jan-2023,917.15,921.75,921.75,913.35,914.0,916.55,917.21,9287,85.18,1666, 2739, 29.49,-0.07
IFBIND, EQ, 10-Jan-2024,964.75,964.7,988.0,952.15, 986.00,979.25,971.45,16749,162.71,2311, 8307, 49.60,1.5
IFBIND, EQ, 10-Jan-2025,1981.15,1985.0,1988.35,1856.1,1860.0,1863.15,1896.79,44143,837.3,6352, 21539, 48.79,-5.96
IFBIND, EQ, 10-Feb-2020,585.15,588.65,593.5,514.95, 536.05,529.55,544.14,180852,984.08,6408, 130819, 72.33,-9.5
IFBIND, EQ, 10-Feb-2021,1365.05,1369.5,1502.9,1322.65,1335.0,1334.15,1337.42,84656,1132.21,7763, 38365, 45.32,-2.26
IFBIND, EQ, 10-Feb-2022,946.15,950.0,950.0,932.7,940.0,941.45,940.12,12754,119.9,1374, 5603, 43.93,-0.5
IFBIND, EQ, 10-Feb-2023,825.4,824.95,842.15,819.65, 833.90,832.75,831.65,7362,61.23,1239, 3076, 41.78,0.89
IFBIND, EQ, 10-Feb-2025,1316.5,1335.0,1335.0,1265.2,1299.0,1295.0,1308.33,36141,472.84,2802, 17097, 47.31,-1.63
IFBIND, EQ, 10-Mar-2021,1120.7,1123.0,1144.95,1110.0, 1128.00,1127.5,1127.2,34096,384.33,3862, 17787, 52.17,0.61
IFBIND, EQ, 10-Mar-2022,839.35,864.0,897.75,846.45, 858.10,855.8,860.01,13614,117.08,1404, 8363, 61.43,1.96
IFBIND, EQ, 10-Mar-2023,838.9,838.0,852.0,832.95, 849.00,847.35,845.41,16146,136.5,1620, 8153, 50.50,1.01
IFBIND, EQ, 10-Mar-2025,1137.55,1150.65,1160.0,1108.0,1112.65,1112.0,1136.2,47928,544.56,3188, 31893, 66.54,-2.25
IFBIND, EQ, 10-Apr-2023,759.45,758.5,766.0,755.0, 757.00,758.4,759.36,5322,40.41,831, 2304, 43.29,-0.14
IFBIND, EQ, 10-Apr-2024,1511.85,1512.0,1522.9,1452.0, 1475.00,1477.6,1489.47,48184,717.69,5869, 15089, 31.32,-2.27
IFBIND, EQ, 10-May-2021,950.1,950.0,958.95,925.0, 930.50,932.15,934.66,61491,574.73,6126, 36066, 58.65,-1.89
IFBIND, EQ, 10-May-2022,880.55,880.55,890.0,852.1, 852.15,857.1,869.55,7250,63.04,1166, 3369, 46.47,-2.66
IFBIND, EQ, 10-May-2023,820.2,842.0,842.0,812.0,822.3,816.9,824.35,37112,305.93,4217, 10718, 28.88,-0.4
IFBIND, EQ, 10-May-2024,1392.6,1392.6,1447.0,1390.1,1435.0,1430.25,1427.56,35168,502.04,6991, 12145, 34.53,2.7
IFBIND, EQ, 10-Jun-2020,409.55,411.0,425.0,411.0, 415.00,416.3,416.84,40412,168.45,2451, 12110, 29.97,1.65
IFBIND, EQ, 10-Jun-2021,1131.95,1131.95,1171.0,1131.95, 1148.00,1151.4,1152.78,53899,621.33,4115, 24194, 44.89,1.72
IFBIND, EQ, 10-Jun-2022,926.55,902.0,919.0,880.1,901.05,907.2,899.8,146911,1321.91,9795, 9723, 6.62,-2.09
IFBIND, EQ, 10-Jun-2024,1456.25,1451.15,1513.45,1425.0,1473.0,1477.0,1480.9,204373,3026.57,20152, 64020, 31.33,1.42
IFBIND, EQ, 10-Jul-2020,410.45,414.65,414.65,401.0,404.85,404.0,405.3,32355,131.14,2515, 17711, 54.74,-1.57
IFBIND, EQ, 10-Jul-2023,823.4,824.5,842.0,824.5,831.5,831.0,833.8,44365,369.92,3519, 20844, 46.98,0.92
IFBIND, EQ, 10-Jul-2024,1608.1,1614.45,1643.95,1548.55,1591.0,1589.3,1591.13,31481,500.9,3045, 15155, 48.14,-1.17
IFBIND, EQ, 10-Aug-2020,375.45,376.5,388.0,376.0, 385.00,383.65,382.95,74909,286.87,3875, 49096, 65.54,2.18
IFBIND, EQ, 10-Aug-2021,924.8,916.0,942.4,901.0, 930.00,923.95,919.32,70562,648.69,6818, 32801, 46.49,-0.09
IFBIND, EQ, 10-Aug-2022,1024.05,1024.0,1079.6,1010.2,1019.1,1025.85,1048.18,58998,618.41,5911, 22711, 38.49,0.18
IFBIND, EQ, 10-Aug-2023,828.05,828.65,845.0,820.0, 824.90,824.25,831.28,66824,555.49,5284, 40741, 60.97,-0.46
IFBIND, EQ, 10-Sep-2020,542.6,545.35,565.45,525.5, 549.00,551.25,544.52,130543,710.83,6369, 42014, 32.18,1.59
IFBIND, EQ, 10-Sep-2024,1896.2,1899.95,1917.85,1885.0,1901.0,1896.5,1900.72,18008,342.28,4765, 8496, 47.18,0.02
IFBIND, EQ, 10-Oct-2022,943.85,942.4,947.95,920.0, 939.80,931.15,936.22,5136,48.08,967, 2787, 54.26,-1.35
IFBIND, EQ, 10-Oct-2023,890.2,895.15,903.95,884.0, 884.05,889.25,891.95,11422,101.88,1699, 5255, 46.01,-0.11
IFBIND, EQ, 10-Oct-2024,1824.85,1824.9,1829.45,1800.0,1800.0,1809.15,1816.24,7489,136.02,1388, 4605, 61.49,-0.86
IFBIND, EQ, 10-Nov-2020,768.2,780.0,790.0,738.4, 762.90,759.85,758.64,88620,672.31,4465, 27124, 30.61,-1.09
IFBIND, EQ, 10-Nov-2021,1278.95,1277.0,1288.0,1261.0, 1270.00,1270.3,1272.85,12209,155.4,1356, 6136, 50.26,-0.68
IFBIND, EQ, 10-Nov-2022,949.65,942.9,977.9,936.5, 965.95,965.9,963.37,33814,325.76,6012, 12751, 37.71,1.71
IFBIND, EQ, 10-Nov-2023,856.6,874.9,982.85,874.9,927.0,921.7,943.94,1132405,10689.19,37528, 185707, 16.40,7.6
IFBIND, EQ, 10-Dec-2020,964.85,970.0,988.9,907.7, 977.00,971.45,960.35,98900,949.79,4438, 43680, 44.17,0.68
IFBIND, EQ, 10-Dec-2021,1171.8,1171.8,1182.7,1161.4, 1175.00,1171.9,1171.55,8219,96.29,1328, 5064, 61.61,0.01
IFBIND, EQ, 10-Dec-2024,1859.55,1865.0,1880.0,1815.5,1824.9,1830.05,1851.98,30621,567.1,4678, 12697, 41.47,-1.59
IFBIND, EQ, 11-Jan-2021,1201.65,1198.0,1217.0,1162.0, 1193.60,1179.15,1192.01,36595,436.22,2896, 18870, 51.56,-1.87
IFBIND, EQ, 11-Jan-2022,1148.1,1170.0,1183.9,1138.3,1158.0,1151.45,1151.38,11217,129.15,1081, 5134, 45.77,0.29
IFBIND, EQ, 11-Jan-2023,916.55,915.9,927.0,907.35, 913.00,911.75,917.3,9827,90.14,1940, 3427, 34.87,-0.52
IFBIND, EQ, 11-Jan-2024,979.25,984.15,1010.0,982.3, 1004.00,1004.15,999.44,37210,371.89,4011, 23623, 63.49,2.54
IFBIND, EQ, 11-Feb-2020,529.55,536.05,544.0,529.0, 529.00,535.65,538.83,36047,194.23,1399, 21173, 58.74,1.15
IFBIND, EQ, 11-Feb-2021,1334.15,1344.85,1370.5,1300.0,1336.1,1346.3,1323.29,50714,671.1,8712, 23189, 45.73,0.91
IFBIND, EQ, 11-Feb-2022,941.45,940.0,940.0,908.55,914.1,917.8,922.35,18472,170.38,1856, 8152, 44.13,-2.51
IFBIND, EQ, 11-Feb-2025,1295.0,1299.0,1308.05,1204.0,1218.1,1222.7,1231.83,65925,812.08,6172, 38322, 58.13,-5.58
IFBIND, EQ, 11-Mar-2020,397.0,403.0,418.75,390.15, 395.50,396.65,401.37,20359,81.72,1360, 9581, 47.06,-0.09
IFBIND, EQ, 11-Mar-2022,855.8,855.0,879.95,854.05, 870.00,870.75,867.37,6898,59.83,806, 3804, 55.15,1.75
IFBIND, EQ, 11-Mar-2024,1370.15,1381.95,1392.7,1350.05, 1375.05,1378.55,1372.54,28071,385.29,4330, 16551, 58.96,0.61
IFBIND, EQ, 11-Mar-2025,1112.0,1095.3,1139.9,1095.1,1118.0,1115.6,1112.48,43729,486.47,4104, 22944, 52.47,0.32
IFBIND, EQ, 11-Apr-2022,994.45,1010.0,1010.0,975.0,982.0,979.1,991.56,21649,214.66,1931, 10706, 49.45,-1.54
IFBIND, EQ, 11-Apr-2023,758.4,758.2,766.0,758.2, 764.50,762.95,763.46,2898,22.13,431, 1208, 41.68,0.6
IFBIND, EQ, 11-Apr-2025,1248.35,1308.0,1315.65,1270.0,1280.0,1289.95,1291.91,42241,545.72,7988, 17000, 40.25,3.33
IFBIND, EQ, 11-May-2020,377.4,378.0,384.05,371.2, 379.90,379.3,379.63,14774,56.09,872, 6401, 43.33,0.5
IFBIND, EQ, 11-May-2021,932.15,932.15,941.0,913.6, 919.00,916.65,923.74,39738,367.08,5067, 22685, 57.09,-1.66
IFBIND, EQ, 11-May-2022,857.1,860.0,910.0,836.3,897.05,899.05,873.65,119554,1044.48,5557, 76369, 63.88,4.89
IFBIND, EQ, 11-May-2023,816.9,833.85,833.85,818.1, 827.50,825.0,823.87,15658,129.0,1258, 5467, 34.92,0.99
IFBIND, EQ, 11-Jun-2020,416.3,417.0,419.8,404.0, 405.00,405.85,413.18,25526,105.47,2212, 11056, 43.31,-2.51
IFBIND, EQ, 11-Jun-2021,1151.4,1162.0,1184.0,1151.4, 1168.35,1167.25,1167.25,83789,978.03,5096, 41840, 49.93,1.38
IFBIND, EQ, 11-Jun-2024,1477.0,1463.0,1574.0,1463.0,1545.5,1542.25,1525.61,254412,3881.33,19726, 104116, 40.92,4.42
IFBIND, EQ, 11-Jul-2022,961.15,965.0,1006.0,964.85,981.0,985.35,992.32,91013,903.14,7556, 19231, 21.13,2.52
IFBIND, EQ, 11-Jul-2023,831.0,838.9,848.6,828.4, 835.50,832.45,839.31,51763,434.45,6268, 21875, 42.26,0.17
IFBIND, EQ, 11-Jul-2024,1589.3,1600.0,1629.0,1555.55,1627.0,1614.2,1598.92,16734,267.56,1949, 10096, 60.33,1.57
IFBIND, EQ, 11-Aug-2020,383.65,389.4,390.0,382.05,387.0,386.7,386.56,77634,300.1,2787, 58572, 75.45,0.79
IFBIND, EQ, 11-Aug-2021,923.95,928.6,969.0,923.25, 954.25,945.55,943.94,57980,547.3,4958, 17651, 30.44,2.34
IFBIND, EQ, 11-Aug-2022,1025.85,1031.0,1087.2,1005.45,1052.0,1048.2,1049.81,45523,477.91,5510, 11537, 25.34,2.18
IFBIND, EQ, 11-Aug-2023,824.25,826.0,849.0,826.0, 832.00,829.85,834.05,194315,1620.69,7652, 147543, 75.93,0.68
IFBIND, EQ, 11-Sep-2020,551.25,547.0,559.5,536.5, 555.00,550.3,550.61,131838,725.91,6202, 60026, 45.53,-0.17
IFBIND, EQ, 11-Sep-2023,979.85,990.5,997.1,975.0, 976.50,980.3,986.59,47274,466.4,4400, 17232, 36.45,0.05
IFBIND, EQ, 11-Sep-2024,1896.5,1896.5,1947.5,1896.5,1909.0,1906.4,1922.31,28436,546.63,6049, 11722, 41.22,0.52
IFBIND, EQ, 11-Oct-2021,1179.85,1188.95,1188.95,1147.0, 1163.40,1158.25,1165.38,31763,370.16,3116, 15009, 47.25,-1.83
IFBIND, EQ, 11-Oct-2022,931.15,935.85,937.0,895.0, 907.70,903.3,912.51,5700,52.01,1124, 2793, 49.00,-2.99
IFBIND, EQ, 11-Oct-2023,889.25,893.7,899.7,885.0, 886.10,890.6,891.04,8091,72.09,1193, 3807, 47.05,0.15
IFBIND, EQ, 11-Oct-2024,1809.15,1809.15,1810.0,1781.0,1805.0,1799.5,1797.76,8147,146.46,1650, 4142, 50.84,-0.53
IFBIND, EQ, 11-Nov-2020,759.85,774.0,774.0,739.0, 744.00,747.6,756.26,36034,272.51,2310, 16851, 46.76,-1.61
IFBIND, EQ, 11-Nov-2021,1270.3,1267.85,1279.0,1249.55, 1271.00,1268.5,1268.54,19838,251.65,3348, 12768, 64.36,-0.14
IFBIND, EQ, 11-Nov-2022,965.9,970.75,983.15,951.7,952.6,957.8,968.76,35127,340.29,6070, 15387, 43.80,-0.84
IFBIND, EQ, 11-Nov-2024,1671.05,1650.25,1686.0,1611.6, 1647.20,1646.05,1649.17,52592,867.33,5926, 18655, 35.47,-1.5
IFBIND, EQ, 11-Dec-2020,971.45,978.9,1050.0,974.05, 1035.00,1031.75,1011.67,111247,1125.45,5565, 51729, 46.50,6.21
IFBIND, EQ, 11-Dec-2023,967.35,979.65,979.65,957.0, 974.00,969.3,965.08,35294,340.62,5803, 19075, 54.05,0.2
IFBIND, EQ, 11-Dec-2024,1830.05,1849.55,1849.55,1802.1,1819.65,1821.3,1821.25,29610,539.27,3317, 15574, 52.60,-0.48
IFBIND, EQ, 12-Jan-2021,1179.15,1183.75,1225.0,1183.75, 1224.00,1221.8,1212.74,54806,664.65,3688, 29096, 53.09,3.62
IFBIND, EQ, 12-Jan-2022,1151.45,1180.0,1187.25,1116.5,1146.2,1159.2,1167.02,12885,150.37,1446, 6663, 51.71,0.67
IFBIND, EQ, 12-Jan-2023,911.75,917.95,945.6,912.55, 925.05,927.1,928.01,43863,407.05,4700, 17406, 39.68,1.68
IFBIND, EQ, 12-Jan-2024,1004.15,1009.0,1012.85,994.55,998.0,997.95,1001.45,19225,192.53,2242, 11252, 58.53,-0.62
IFBIND, EQ, 12-Feb-2020,535.65,532.9,557.75,531.3, 545.00,545.2,546.47,26753,146.2,1767, 14923, 55.78,1.78
IFBIND, EQ, 12-Feb-2021,1346.3,1357.0,1366.0,1321.15,1338.0,1337.9,1343.41,33951,456.1,1971, 22245, 65.52,-0.62
IFBIND, EQ, 12-Feb-2024,1344.7,1355.2,1355.2,1285.0, 1303.50,1304.55,1308.13,44638,583.92,4324, 30044, 67.31,-2.99
IFBIND, EQ, 12-Feb-2025,1222.7,1225.0,1250.95,1164.5,1227.0,1228.8,1219.05,47656,580.95,6102, 24621, 51.66,0.5
IFBIND, EQ, 12-Mar-2020,396.65,390.0,390.0,330.0, 350.00,341.15,355.92,30399,108.2,1705, 19444, 63.96,-13.99
IFBIND, EQ, 12-Mar-2021,1127.5,1130.05,1137.85,1095.0, 1105.00,1097.7,1108.91,49313,546.84,5518, 32731, 66.37,-2.64
IFBIND, EQ, 12-Mar-2024,1378.55,1378.55,1394.0,1360.5, 1380.00,1371.5,1374.32,27685,380.48,5097, 14613, 52.78,-0.51
IFBIND, EQ, 12-Mar-2025,1115.6,1129.15,1129.15,1090.0,1094.25,1098.1,1098.44,61352,673.92,4388, 45889, 74.80,-1.57
IFBIND, EQ, 12-Apr-2021,1185.0,1140.0,1170.0,1010.05, 1073.85,1080.3,1082.08,104330,1128.94,13997, 39477, 37.84,-8.84
IFBIND, EQ, 12-Apr-2022,979.1,983.9,983.9,961.0, 965.00,968.95,973.09,11550,112.39,1269, 5528, 47.86,-1.04
IFBIND, EQ, 12-Apr-2023,762.95,766.8,908.0,759.85, 808.00,828.9,855.87,790070,6761.94,23460, 74384, 9.41,8.64
IFBIND, EQ, 12-Apr-2024,1477.6,1466.85,1477.05,1414.05, 1438.00,1419.2,1438.44,56769,816.59,8955, 28023, 49.36,-3.95
IFBIND, EQ, 12-May-2020,379.3,380.85,380.85,366.5, 370.00,369.65,370.53,14797,54.83,1024, 6677, 45.12,-2.54
IFBIND, EQ, 12-May-2021,916.65,921.25,949.0,915.35,927.0,926.45,931.17,62806,584.83,5230, 28842, 45.92,1.07
IFBIND, EQ, 12-May-2022,899.05,885.0,885.0,824.0,855.0,848.15,841.97,59428,500.37,7906, 12126, 20.40,-5.66
IFBIND, EQ, 12-May-2023,825.0,824.85,826.5,815.1, 820.50,818.2,818.47,17147,140.34,1421, 9677, 56.44,-0.82
IFBIND, EQ, 12-Jun-2020,405.85,375.0,409.45,375.0, 395.95,397.45,397.1,48734,193.52,2655, 21727, 44.58,-2.07
IFBIND, EQ, 12-Jun-2023,817.25,820.0,827.8,811.0, 818.00,815.9,817.27,30705,250.94,3321, 11389, 37.09,-0.17
IFBIND, EQ, 12-Jun-2024,1542.25,1549.45,1605.0,1495.0,1531.0,1534.8,1559.65,104992,1637.51,7570, 52524, 50.03,-0.48
IFBIND, EQ, 12-Jul-2021,1061.7,1074.0,1074.0,1036.05, 1040.00,1038.95,1047.93,32840,344.14,3039, 20525, 62.50,-2.14
IFBIND, EQ, 12-Jul-2022,985.35,990.3,994.95,952.85,965.0,960.35,973.45,14869,144.74,1697, 5727, 38.52,-2.54
IFBIND, EQ, 12-Jul-2023,832.45,836.65,847.9,830.0, 831.05,834.3,836.25,18689,156.29,1988, 9312, 49.83,0.22
IFBIND, EQ, 12-Jul-2024,1614.2,1614.85,1672.45,1614.85,1636.0,1636.8,1640.02,66546,1091.37,3130, 50146, 75.36,1.4
IFBIND, EQ, 12-Aug-2020,386.7,386.0,390.0,382.9,384.0,384.1,385.64,47427,182.9,2441, 33540, 70.72,-0.67
IFBIND, EQ, 12-Aug-2021,945.55,954.0,960.35,917.0, 924.00,921.05,929.49,42651,396.44,3653, 22931, 53.76,-2.59
IFBIND, EQ, 12-Aug-2022,1048.2,1048.2,1064.1,1025.1,1037.3,1035.3,1048.08,6797,71.24,1292, 2921, 42.97,-1.23
IFBIND, EQ, 12-Aug-2024,2126.85,2138.3,2138.3,2060.0,2067.95,2064.8,2079.34,36101,750.66,7293, 15349, 42.52,-2.92
IFBIND, EQ, 12-Sep-2022,1041.85,1041.85,1062.0,1035.05, 1050.00,1053.65,1050.85,10279,108.02,1832, 5943, 57.82,1.13
IFBIND, EQ, 12-Sep-2023,980.3,978.5,986.35,906.9, 920.00,916.1,937.84,69751,654.15,7666, 28009, 40.16,-6.55
IFBIND, EQ, 12-Sep-2024,1906.4,1922.85,1949.7,1887.8,1925.75,1917.15,1922.7,20463,393.44,4667, 10868, 53.11,0.56
IFBIND, EQ, 12-Oct-2020,645.35,650.05,660.0,641.0, 654.30,653.95,649.78,108233,703.28,3872, 42867, 39.61,1.33
IFBIND, EQ, 12-Oct-2021,1158.25,1173.0,1210.0,1163.1, 1182.00,1185.65,1187.48,39279,466.43,4694, 13525, 34.43,2.37
IFBIND, EQ, 12-Oct-2022,903.3,907.85,914.75,881.3, 913.90,903.5,901.49,4046,36.47,899, 1373, 33.93,0.02
IFBIND, EQ, 12-Oct-2023,890.6,898.0,899.4,887.75, 897.30,893.4,892.13,9987,89.1,1422, 4110, 41.15,0.31
IFBIND, EQ, 12-Nov-2020,747.6,746.75,798.9,745.0, 790.35,783.4,781.29,117996,921.89,4936, 59973, 50.83,4.79
IFBIND, EQ, 12-Nov-2021,1268.5,1268.55,1274.85,1262.0, 1270.00,1270.15,1268.26,10548,133.78,1927, 6208, 58.85,0.13
IFBIND, EQ, 12-Nov-2024,1646.05,1668.0,1691.95,1603.25,1605.5,1616.15,1647.31,66258,1091.48,6056, 27504, 41.51,-1.82
IFBIND, EQ, 12-Dec-2022,938.15,945.0,995.0,934.8, 976.00,979.85,980.03,251516,2464.94,17462, 42645, 16.96,4.44
IFBIND, EQ, 12-Dec-2023,969.3,970.0,987.85,949.6, 960.00,955.65,955.8,38664,369.55,3996, 24656, 63.77,-1.41
IFBIND, EQ, 12-Dec-2024,1821.3,1817.0,1846.45,1805.05,1811.95,1822.9,1826.87,20263,370.18,2253, 7948, 39.22,0.09
IFBIND, EQ, 13-Jan-2020,704.0,703.0,705.6,690.4, 690.45,692.45,696.75,8828,61.51,780, 6089, 68.97,-1.64
IFBIND, EQ, 13-Jan-2021,1221.8,1240.0,1327.0,1240.0, 1271.05,1272.05,1292.08,364854,4714.2,23992, 69186, 18.96,4.11
IFBIND, EQ, 13-Jan-2022,1159.2,1167.95,1195.0,1156.2, 1183.00,1176.85,1177.96,11169,131.57,1328, 4724, 42.30,1.52
IFBIND, EQ, 13-Jan-2023,927.1,931.75,932.45,905.0,910.0,909.45,913.74,18799,171.77,2145, 11240, 59.79,-1.9
IFBIND, EQ, 13-Jan-2025,1863.15,1860.0,1860.4,1702.0,1732.65,1728.55,1770.02,37945,671.63,6001, 19068, 50.25,-7.22
IFBIND, EQ, 13-Feb-2020,545.2,541.15,555.2,530.0, 531.40,532.05,541.1,19818,107.23,1414, 9053, 45.68,-2.41
IFBIND, EQ, 13-Feb-2023,832.75,834.95,858.25,826.0,837.0,832.55,841.35,13880,116.78,2807, 4582, 33.01,-0.02
IFBIND, EQ, 13-Feb-2024,1304.55,1318.0,1325.0,1246.55, 1309.10,1302.35,1293.97,66587,861.62,4615, 40703, 61.13,-0.17
IFBIND, EQ, 13-Feb-2025,1228.8,1227.1,1279.0,1218.1,1245.0,1241.55,1251.03,42973,537.6,3625, 25478, 59.29,1.04
IFBIND, EQ, 13-Mar-2020,341.15,292.25,375.0,273.0, 374.00,369.85,348.24,25355,88.3,1485, 14956, 58.99,8.41
IFBIND, EQ, 13-Mar-2023,847.35,834.65,849.95,826.3, 831.00,829.85,837.04,7834,65.57,782, 3625, 46.27,-2.07
IFBIND, EQ, 13-Mar-2024,1371.5,1367.05,1380.0,1336.6, 1350.00,1339.95,1359.7,68127,926.33,8481, 48100, 70.60,-2.3
IFBIND, EQ, 13-Mar-2025,1098.1,1098.1,1140.0,1090.0,1112.0,1106.95,1118.39,114348,1278.86,5832, 84582, 73.97,0.81
IFBIND, EQ, 13-Apr-2020,328.2,334.8,339.25,316.4, 328.00,327.75,327.12,26713,87.38,1474,14773,59.6,-0.14
IFBIND, EQ, 13-Apr-2021,1080.3,1075.0,1136.0,1070.0, 1103.00,1120.35,1107.32,36014,398.79,3544, 11729, 32.57,3.71
IFBIND, EQ, 13-Apr-2022,968.95,973.8,979.9,953.15,970.0,962.55,969.22,11915,115.48,920, 5012, 42.06,-0.66
IFBIND, EQ, 13-Apr-2023,828.9,805.1,842.0,805.1, 825.30,825.4,822.17,105636,868.51,7950, 18953, 17.94,-0.42
IFBIND, EQ, 13-May-2020,369.65,381.0,388.0,372.0,379.45,379.9,378.36,18096,68.47,868, 12274, 67.83,2.77
IFBIND, EQ, 13-May-2022,848.15,864.3,963.4,864.3,941.0,944.75,944.09,575075,5429.25,27989, 107354, 18.67,11.39
IFBIND, EQ, 13-May-2024,1430.25,1444.9,1444.9,1382.5,1404.9,1399.95,1406.47,27775,390.65,5909, 13725, 49.41,-2.12
IFBIND, EQ, 13-Jun-2022,907.2,900.2,900.2,852.7,865.05,872.2,880.29,21659,190.66,2827, 4771, 22.03,-3.86
IFBIND, EQ, 13-Jun-2023,815.9,823.15,824.45,812.05, 813.80,814.3,815.65,16200,132.14,2160, 7618, 47.02,-0.2
IFBIND, EQ, 13-Jun-2024,1534.8,1531.9,1581.85,1503.0,1524.0,1522.95,1537.35,34915,536.76,3252, 18096, 51.83,-0.77
IFBIND, EQ, 13-Jul-2020,404.0,414.0,414.0,391.3, 394.60,394.9,399.77,57175,228.57,3529, 35337, 61.80,-2.25
IFBIND, EQ, 13-Jul-2021,1038.95,1050.0,1050.7,1032.95, 1039.95,1040.8,1045.12,13136,137.29,1751, 7184, 54.69,0.18
IFBIND, EQ, 13-Jul-2022,960.35,965.2,979.9,961.0,961.5,962.85,970.18,11903,115.48,1724, 2000, 16.80,0.26
IFBIND, EQ, 13-Jul-2023,834.3,834.3,844.7,829.7, 832.00,833.05,836.72,34565,289.21,3402, 15454, 44.71,-0.15
IFBIND, EQ, 13-Aug-2020,384.1,388.0,425.0,385.2, 420.55,421.05,413.25,435239,1798.63,18088, 176790, 40.62,9.62
IFBIND, EQ, 13-Aug-2021,921.05,921.0,958.0,920.7,944.0,944.75,944.7,35059,331.2,3116, 13645, 38.92,2.57
IFBIND, EQ, 13-Aug-2024,2064.8,2065.0,2065.05,1965.0,1996.6,1976.65,2006.61,46142,925.89,8776, 19430, 42.11,-4.27
IFBIND, EQ, 13-Sep-2021,1100.55,1100.0,1101.45,1060.0, 1072.00,1075.85,1084.68,35187,381.66,3614, 15810, 44.93,-2.24
IFBIND, EQ, 13-Sep-2022,1053.65,1058.95,1097.75,1041.65, 1059.95,1052.15,1075.9,68154,733.27,5083, 10844, 15.91,-0.14
IFBIND, EQ, 13-Sep-2023,916.1,920.0,948.65,910.05, 941.00,942.15,932.53,23374,217.97,2945, 8945, 38.27,2.84
IFBIND, EQ, 13-Sep-2024,1917.15,1935.1,1950.25,1908.0,1940.0,1937.7,1929.96,18320,353.57,3753, 8063, 44.01,1.07
IFBIND, EQ, 13-Oct-2020,653.95,652.7,666.9,652.6, 657.00,657.9,660.79,72482,478.96,2566, 33680, 46.47,0.6
IFBIND, EQ, 13-Oct-2021,1185.65,1180.0,1228.0,1175.05,1191.0,1184.55,1203.85,61429,739.51,6614, 15932, 25.94,-0.09
IFBIND, EQ, 13-Oct-2022,903.5,906.1,923.5,877.4,887.0,884.75,890.19,9887,88.01,1372, 4866, 49.22,-2.08
IFBIND, EQ, 13-Oct-2023,893.4,897.8,897.8,884.0, 888.00,886.35,887.75,12109,107.5,1140, 5899, 48.72,-0.79
IFBIND, EQ, 13-Nov-2020,783.4,786.7,799.0,780.9,791.5,793.05,791.72,42459,336.16,2382, 15615, 36.78,1.23
IFBIND, EQ, 13-Nov-2023,959.9,962.9,992.0,940.3, 990.00,977.6,963.78,102958,992.29,7462, 56350, 54.73,1.84
IFBIND, EQ, 13-Nov-2024,1616.15,1635.0,1648.4,1560.25,1571.0,1571.95,1603.03,75621,1212.23,6926, 34715, 45.91,-2.73
IFBIND, EQ, 13-Dec-2021,1171.9,1171.9,1177.8,1153.65,1167.0,1160.4,1162.15,6822,79.28,1582, 3770, 55.26,-0.98
IFBIND, EQ, 13-Dec-2022,979.85,984.0,1001.55,970.6, 990.55,990.1,985.42,75165,740.69,5795, 27980, 37.22,1.05
IFBIND, EQ, 13-Dec-2023,955.65,959.5,959.5,944.1, 951.00,948.35,949.67,38026,361.12,6277, 30615, 80.51,-0.76
IFBIND, EQ, 13-Dec-2024,1822.9,1822.9,1823.35,1728.1,1805.8,1797.65,1775.53,37491,665.66,4510, 15154, 40.42,-1.39
IFBIND, EQ, 14-Jan-2020,692.45,689.25,697.45,685.0, 685.00,688.5,691.32,5958,41.19,675, 3896, 65.39,-0.57
IFBIND, EQ, 14-Jan-2021,1272.05,1285.0,1308.65,1276.0, 1289.00,1289.4,1291.31,99331,1282.67,5659, 36257, 36.50,1.36
IFBIND, EQ, 14-Jan-2022,1176.85,1165.0,1182.25,1165.0, 1174.50,1175.4,1175.82,5917,69.57,638, 3897, 65.86,-0.12
IFBIND, EQ, 14-Jan-2025,1728.55,1750.0,1768.2,1688.75,1720.5,1734.25,1728.27,38995,673.94,6018, 16380, 42.01,0.33
IFBIND, EQ, 14-Feb-2020,532.05,530.8,549.9,522.2, 526.70,528.95,537.07,17762,95.39,1277, 9365, 52.72,-0.58
IFBIND, EQ, 14-Feb-2022,917.8,878.0,914.0,878.0,888.5,890.35,901.14,10132,91.3,1752, 4364, 43.07,-2.99
IFBIND, EQ, 14-Feb-2023,832.55,832.55,847.0,820.0,820.05,825.95,831.93,12670,105.41,1911, 6490, 51.22,-0.79
IFBIND, EQ, 14-Feb-2024,1302.35,1289.95,1359.0,1285.0, 1350.00,1346.05,1338.99,75556,1011.69,3764, 54542, 72.19,3.36
IFBIND, EQ, 14-Feb-2025,1241.55,1249.9,1260.95,1186.3,1201.0,1197.0,1215.2,51139,621.44,5461, 27718, 54.20,-3.59
IFBIND, EQ, 14-Mar-2022,870.75,875.15,882.5,845.25,850.0,850.25,851.88,25410,216.46,2051, 16024, 63.06,-2.35
IFBIND, EQ, 14-Mar-2023,829.85,833.95,834.0,810.0, 810.05,816.3,820.18,6272,51.44,762, 4090, 65.21,-1.63
IFBIND, EQ, 14-Mar-2024,1339.95,1333.2,1409.95,1303.05, 1392.10,1384.1,1370.41,46193,633.03,7477, 22084, 47.81,3.29
IFBIND, EQ, 14-May-2020,379.9,378.0,378.0,367.55,374.95,372.35,373.11,11031,41.16,768, 5455, 49.45,-1.99
IFBIND, EQ, 14-May-2021,926.45,938.0,938.0,903.15, 904.95,908.35,916.21,36525,334.65,3331, 22376, 61.26,-1.95
IFBIND, EQ, 14-May-2024,1399.95,1400.4,1415.0,1387.8,1402.0,1395.7,1398.99,22492,314.66,3687, 13457, 59.83,-0.3
IFBIND, EQ, 14-Jun-2021,1167.25,1183.55,1190.0,1142.55, 1169.00,1161.55,1163.58,69508,808.78,4544, 29979, 43.13,-0.49
IFBIND, EQ, 14-Jun-2022,872.2,876.6,910.0,871.3, 887.20,892.6,886.78,20249,179.56,2355, 3936, 19.44,2.34
IFBIND, EQ, 14-Jun-2023,814.3,819.35,823.7,813.0, 813.05,813.5,815.78,13186,107.57,1064, 7352, 55.76,-0.1
IFBIND, EQ, 14-Jun-2024,1522.95,1530.4,1625.0,1495.0,1592.15,1613.45,1578.83,171191,2702.82,7164, 77186, 45.09,5.94
IFBIND, EQ, 14-Jul-2020,394.9,394.9,394.9,380.2,390.25,388.65,386.74,47266,182.79,3358, 23491, 49.70,-1.58
IFBIND, EQ, 14-Jul-2021,1040.8,1053.3,1082.4,1040.45, 1050.00,1050.15,1064.02,60083,639.29,5761, 16216, 26.99,0.9
IFBIND, EQ, 14-Jul-2022,962.85,968.7,968.7,940.0, 955.00,946.4,954.44,8064,76.97,2006, 2347, 29.10,-1.71
IFBIND, EQ, 14-Jul-2023,833.05,837.0,874.45,830.05,845.0,843.95,851.92,96590,822.87,9566, 39441, 40.83,1.31
IFBIND, EQ, 14-Aug-2020,421.05,425.0,446.9,405.55, 425.00,418.45,432.56,514729,2226.53,20300, 206562, 40.13,-0.62
IFBIND, EQ, 14-Aug-2023,829.85,830.5,844.0,819.6, 840.70,838.05,833.12,51368,427.96,4009, 21862, 42.56,0.99
IFBIND, EQ, 14-Aug-2024,1976.65,1999.9,2020.45,1955.0,2017.0,2011.25,1998.23,35407,707.51,8423, 11861, 33.50,1.75
IFBIND, EQ, 14-Sep-2020,550.3,553.1,598.0,553.1,585.05,581.55,581.4,266197,1547.66,13039, 114404, 42.98,5.68
IFBIND, EQ, 14-Sep-2021,1075.85,1084.0,1084.0,1037.2, 1073.15,1075.9,1070.16,45179,483.49,3589, 21489, 47.56,0.0
IFBIND, EQ, 14-Sep-2022,1052.15,1052.15,1076.0,1032.0,1058.0,1062.3,1057.93,22751,240.69,2593, 9174, 40.32,0.96
IFBIND, EQ, 14-Sep-2023,942.15,955.0,961.0,942.35, 952.00,947.7,949.7,14284,135.66,2072, 6721, 47.05,0.59
IFBIND, EQ, 14-Oct-2020,657.9,655.05,661.0,647.15, 658.00,658.65,654.62,27469,179.82,1723, 10851, 39.50,0.11
IFBIND, EQ, 14-Oct-2021,1184.55,1193.95,1215.5,1162.85,1170.0,1168.4,1193.73,44228,527.96,4077, 20480, 46.31,-1.36
IFBIND, EQ, 14-Oct-2022,884.75,890.0,994.0,886.3, 972.00,985.2,974.49,697525,6797.32,29145, 40658, 5.83,11.35
IFBIND, EQ, 14-Oct-2024,1799.5,1807.25,1889.0,1801.0,1880.0,1871.7,1850.34,53686,993.37,5471, 18248, 33.99,4.01
IFBIND, EQ, 14-Nov-2022,957.8,957.0,974.9,940.1,940.1,943.85,958.72,21289,204.1,5096, 7409, 34.80,-1.46
IFBIND, EQ, 14-Nov-2024,1571.95,1580.75,1628.0,1507.55, 1571.00,1569.95,1583.54,104242,1650.71,11620, 33560, 32.19,-0.13
IFBIND, EQ, 14-Dec-2020,1031.75,1080.0,1210.0,1067.5,1154.9,1163.95,1155.45,485725,5612.29,24377, 118056, 24.31,12.81
IFBIND, EQ, 14-Dec-2021,1160.4,1143.0,1184.0,1143.0,1180.0,1167.45,1168.28,7827,91.44,1478, 3055, 39.03,0.61
IFBIND, EQ, 14-Dec-2022,990.1,1001.0,1029.2,978.6, 982.20,986.65,1006.01,137110,1379.34,10797, 27070, 19.74,-0.35
IFBIND, EQ, 14-Dec-2023,948.35,953.1,960.95,931.55, 939.00,937.6,940.68,30774,289.48,4017, 16227, 52.73,-1.13
IFBIND, EQ, 15-Jan-2020,688.5,685.0,687.6,662.1, 668.00,665.95,672.01,26721,179.57,2150, 20519, 76.79,-3.28
IFBIND, EQ, 15-Jan-2021,1289.4,1295.0,1390.0,1255.0,1365.0,1377.25,1343.13,293283,3939.17,22466, 70460, 24.02,6.81
IFBIND, EQ, 15-Jan-2024,997.95,998.1,1029.9,971.1, 979.90,982.05,989.18,27127,268.33,3860, 13408, 49.43,-1.59
IFBIND, EQ, 15-Jan-2025,1734.25,1734.25,1750.05,1629.05,1682.0,1662.15,1688.36,69353,1170.93,7205, 34126, 49.21,-4.16
IFBIND, EQ, 15-Feb-2021,1337.9,1332.0,1345.05,1275.0, 1279.00,1285.95,1306.21,29725,388.27,3151, 18881, 63.52,-3.88
IFBIND, EQ, 15-Feb-2022,890.35,890.35,931.45,890.35,914.5,910.5,912.35,17983,164.07,3316, 6532, 36.32,2.26
IFBIND, EQ, 15-Feb-2023,825.95,821.1,838.1,821.1, 833.00,834.25,829.83,5719,47.46,1228, 2793, 48.84,1.0
IFBIND, EQ, 15-Feb-2024,1346.05,1367.5,1381.35,1326.2, 1349.90,1351.3,1354.95,36752,497.97,2667, 23403, 63.68,0.39
IFBIND, EQ, 15-Mar-2021,1097.7,1090.3,1200.05,1050.0, 1127.90,1125.95,1117.32,108355,1210.67,11440, 47761, 44.08,2.57
IFBIND, EQ, 15-Mar-2022,850.25,850.0,864.9,841.0,846.0,846.9,854.05,8047,68.73,901, 4343, 53.97,-0.39
IFBIND, EQ, 15-Mar-2023,816.3,820.4,823.0,805.0, 808.00,812.4,815.85,5998,48.93,927, 2075, 34.59,-0.48
IFBIND, EQ, 15-Mar-2024,1384.1,1386.0,1425.0,1317.1, 1340.00,1332.2,1355.79,36496,494.81,6918, 15450, 42.33,-3.75
IFBIND, EQ, 15-Apr-2020,327.75,335.0,345.9,318.0, 328.95,327.9,333.76,27204,90.8,1531, 15827, 58.18,0.05
IFBIND, EQ, 15-Apr-2021,1120.35,1086.0,1110.9,1085.1,1093.0,1093.05,1097.33,28187,309.3,2615, 16585, 58.84,-2.44
IFBIND, EQ, 15-Apr-2024,1419.2,1402.75,1408.7,1335.0, 1367.05,1373.0,1373.73,53860,739.89,8639, 25504, 47.35,-3.26
IFBIND, EQ, 15-Apr-2025,1289.95,1319.8,1339.8,1307.2,1335.9,1333.2,1326.29,33854,449.0,5726, 18282, 54.00,3.35
IFBIND, EQ, 15-May-2020,372.35,375.0,393.0,362.05,363.25,365.7,377.61,83927,316.92,4321, 38732, 46.15,-1.79
IFBIND, EQ, 15-May-2023,818.2,820.8,823.45,810.0, 817.00,814.35,815.51,10451,85.23,1320, 5092, 48.72,-0.47
IFBIND, EQ, 15-May-2024,1395.7,1406.85,1438.8,1400.1,1416.0,1415.75,1419.01,23922,339.46,5314, 12350, 51.63,1.44
IFBIND, EQ, 15-Jun-2020,397.45,398.1,416.8,397.5,408.0,406.4,406.3,29554,120.08,1805, 12027, 40.69,2.25
IFBIND, EQ, 15-Jun-2021,1161.55,1150.0,1155.0,1101.05, 1123.00,1122.9,1127.56,138767,1564.69,9280, 57563, 41.48,-3.33
IFBIND, EQ, 15-Jun-2022,892.6,897.0,897.1,870.0, 875.00,877.7,885.67,11956,105.89,1439, 3090, 25.84,-1.67
IFBIND, EQ, 15-Jun-2023,813.5,812.05,823.15,812.05, 815.35,816.35,816.79,24101,196.86,2127, 10188, 42.27,0.35
IFBIND, EQ, 15-Jul-2020,388.65,395.0,399.1,361.2,370.0,373.8,384.05,39498,151.69,3051, 23447, 59.36,-3.82
IFBIND, EQ, 15-Jul-2021,1050.15,1060.0,1060.0,1041.0, 1042.00,1042.0,1048.84,14237,149.32,1782, 6414, 45.05,-0.78
IFBIND, EQ, 15-Jul-2022,946.4,951.15,959.0,915.05,932.15,932.75,934.25,22467,209.9,3035, 3596, 16.01,-1.44
IFBIND, EQ, 15-Jul-2024,1636.8,1636.8,1669.7,1580.0,1648.8,1645.05,1636.65,31594,517.08,2389, 20329, 64.34,0.5
IFBIND, EQ, 15-Sep-2020,581.55,588.45,687.0,585.65, 639.00,642.15,645.24,922672,5953.42,36282, 161253, 17.48,10.42
IFBIND, EQ, 15-Sep-2021,1075.9,1050.0,1220.0,1050.0, 1185.00,1168.7,1142.21,236401,2700.19,11701, 119940, 50.74,8.63
IFBIND, EQ, 15-Sep-2022,1062.3,1066.35,1070.05,1036.3,1042.0,1044.0,1048.68,13599,142.61,980, 8843, 65.03,-1.72
IFBIND, EQ, 15-Sep-2023,947.7,947.7,954.95,932.6, 948.60,946.55,943.61,19935,188.11,3632, 5947, 29.83,-0.12
IFBIND, EQ, 15-Oct-2020,658.65,660.0,664.05,647.5, 655.00,653.25,656.3,45266,297.08,2235, 24417, 53.94,-0.82
IFBIND, EQ, 15-Oct-2024,1871.7,1889.65,1889.65,1827.0,1868.2,1867.4,1858.86,17368,322.85,3213, 9455, 54.44,-0.23
IFBIND, EQ, 15-Nov-2021,1270.15,1276.55,1299.0,1245.1, 1270.00,1263.1,1278.97,27937,357.31,2607, 12340, 44.17,-0.56
IFBIND, EQ, 15-Nov-2022,943.85,937.1,962.0,937.1, 962.00,953.3,953.42,13882,132.35,4557, 3175, 22.87,1.0
IFBIND, EQ, 15-Nov-2023,977.6,998.4,1016.4,970.05, 975.00,974.3,986.98,150362,1484.04,9686, 83176, 55.32,-0.34
IFBIND, EQ, 15-Dec-2020,1163.95,1157.25,1159.95,1086.0,1110.0,1121.0,1122.66,211778,2377.55,11722, 90609, 42.78,-3.69
IFBIND, EQ, 15-Dec-2021,1167.45,1173.3,1180.0,1162.05, 1169.00,1170.3,1169.75,6469,75.67,903, 4196, 64.86,0.24
IFBIND, EQ, 15-Dec-2022,986.65,986.65,998.9,976.0, 986.80,985.25,985.0,25564,251.81,2577, 6391, 25.00,-0.14
IFBIND, EQ, 15-Dec-2023,937.6,946.0,949.65,937.2, 942.95,941.95,942.96,25286,238.44,2426, 15603, 61.71,0.46
IFBIND, EQ, 16-Jan-2020,665.95,678.0,688.25,668.0, 688.00,683.2,682.3,34167,233.12,2084, 22377, 65.49,2.59
IFBIND, EQ, 16-Jan-2023,909.45,918.55,926.45,901.5, 916.00,907.1,914.14,29737,271.84,3489, 9520, 32.01,-0.26
IFBIND, EQ, 16-Jan-2024,982.05,984.0,1007.15,968.3, 990.30,991.05,987.59,39500,390.1,5210, 20082, 50.84,0.92
IFBIND, EQ, 16-Jan-2025,1662.15,1688.0,1754.9,1678.1,1743.1,1748.45,1727.1,84245,1454.99,7177, 47214, 56.04,5.19
IFBIND, EQ, 16-Feb-2021,1285.95,1286.0,1322.25,1281.0, 1288.80,1287.45,1303.5,29734,387.58,2644, 11251, 37.84,0.12
IFBIND, EQ, 16-Feb-2022,910.5,940.0,940.0,914.45,918.0,921.15,924.65,9049,83.67,1431, 2738, 30.26,1.17
IFBIND, EQ, 16-Feb-2023,834.25,848.25,848.25,826.2, 827.00,830.3,833.43,10551,87.94,1469, 5842, 55.37,-0.47
IFBIND, EQ, 16-Feb-2024,1351.3,1355.0,1369.7,1321.0,1343.0,1337.55,1344.38,16705,224.58,1952, 11142, 66.70,-1.02
IFBIND, EQ, 16-Mar-2020,369.85,352.0,396.0,352.0, 367.90,366.75,373.43,22367,83.53,1753, 13550, 60.58,-0.84
IFBIND, EQ, 16-Mar-2021,1125.95,1134.95,1148.15,1110.0, 1120.00,1119.55,1121.97,20313,227.91,3270, 9857, 48.53,-0.57
IFBIND, EQ, 16-Mar-2022,846.9,850.0,896.65,850.0,876.0,880.35,875.46,37272,326.3,3710, 14246, 38.22,3.95
IFBIND, EQ, 16-Mar-2023,812.4,816.5,816.5,800.1, 811.35,810.65,808.1,7483,60.47,694, 4560, 60.94,-0.22
IFBIND, EQ, 16-Apr-2020,327.9,328.55,384.0,328.55, 358.00,356.0,361.87,128845,466.25,6239, 35386, 27.46,8.57
IFBIND, EQ, 16-Apr-2021,1093.05,1093.0,1125.2,1092.0,1111.0,1116.55,1107.69,16019,177.44,1311, 7904, 49.34,2.15
IFBIND, EQ, 16-Apr-2024,1373.0,1351.0,1428.0,1351.0, 1419.40,1415.8,1397.62,57208,799.55,7193, 21782, 38.08,3.12
IFBIND, EQ, 16-Apr-2025,1333.2,1343.0,1372.0,1318.9,1360.0,1360.7,1348.54,53948,727.51,8275, 28470, 52.77,2.06
IFBIND, EQ, 16-May-2022,944.75,927.1,934.75,875.0,887.0,887.95,892.63,60556,540.54,5747, 13625, 22.50,-6.01
IFBIND, EQ, 16-May-2023,814.35,814.35,821.65,811.0,811.1,813.9,816.31,22914,187.05,3862, 8001, 34.92,-0.06
IFBIND, EQ, 16-May-2024,1415.75,1415.75,1445.0,1415.7,1433.95,1428.25,1431.27,20334,291.03,4886, 9469, 46.57,0.88
IFBIND, EQ, 16-Jun-2020,406.4,411.0,420.0,391.55, 399.05,398.9,405.17,32754,132.71,1825, 14529, 44.36,-1.85
IFBIND, EQ, 16-Jun-2021,1122.9,1125.0,1135.45,1080.0, 1087.00,1091.65,1108.02,50229,556.55,4172, 24312, 48.40,-2.78
IFBIND, EQ, 16-Jun-2022,877.7,882.15,936.7,877.2, 884.80,886.1,914.9,317361,2903.55,18671, 20995, 6.62,0.96
IFBIND, EQ, 16-Jun-2023,816.35,814.2,819.45,806.25, 810.05,810.3,811.2,32198,261.19,3183, 16297, 50.61,-0.74
IFBIND, EQ, 16-Jul-2020,373.8,378.8,393.9,365.55, 383.10,383.25,380.97,65705,250.32,5241, 31009, 47.19,2.53
IFBIND, EQ, 16-Jul-2021,1042.0,1046.95,1055.9,1030.1, 1032.00,1033.15,1038.62,31481,326.97,2970, 19327, 61.39,-0.85
IFBIND, EQ, 16-Jul-2024,1645.05,1645.0,1650.0,1570.0,1610.0,1608.2,1608.52,28636,460.62,2812, 17911, 62.55,-2.24
IFBIND, EQ, 16-Aug-2021,944.75,945.45,954.25,933.0,934.0,935.3,941.69,11595,109.19,1343, 4510, 38.90,-1.0
IFBIND, EQ, 16-Aug-2022,1035.3,1031.1,1034.95,1007.9,1012.0,1012.35,1015.01,113630,1153.35,2805, 104762, 92.20,-2.22
IFBIND, EQ, 16-Aug-2023,838.05,838.5,854.45,831.6, 848.00,845.25,836.57,273347,2286.74,2999, 241015, 88.17,0.86
IFBIND, EQ, 16-Aug-2024,2011.25,2011.25,2037.3,1987.65,2034.9,2032.85,2020.68,22997,464.69,6291, 9231, 40.14,1.07
IFBIND, EQ, 16-Sep-2020,642.15,645.0,669.0,635.8,655.0,655.15,652.55,206354,1346.57,9047, 38498, 18.66,2.02
IFBIND, EQ, 16-Sep-2021,1168.7,1194.0,1247.5,1150.0,1160.0,1163.25,1202.57,277958,3342.64,25832, 72840, 26.21,-0.47
IFBIND, EQ, 16-Sep-2022,1044.0,1047.9,1049.1,982.0, 989.80,989.35,1002.78,11317,113.48,1901, 7621, 67.34,-5.23
IFBIND, EQ, 16-Sep-2024,1937.7,1937.7,1998.0,1920.05,1949.0,1951.55,1958.96,46153,904.12,7732, 19482, 42.21,0.71
IFBIND, EQ, 16-Oct-2020,653.25,655.0,746.0,655.0, 707.00,703.0,715.7,866113,6198.77,36493, 137043, 15.82,7.62
IFBIND, EQ, 16-Oct-2023,886.35,890.0,895.65,880.65, 883.00,884.7,886.97,8739,77.51,1250, 4435, 50.75,-0.19
IFBIND, EQ, 16-Oct-2024,1867.4,1907.95,2240.85,1904.75,2160.0,2159.1,2194.07,1182324,25941.0,45876, 471231, 39.86,15.62
IFBIND, EQ, 16-Nov-2021,1263.1,1269.45,1285.25,1251.25, 1271.00,1270.1,1270.79,17209,218.69,3017, 6752, 39.24,0.55
IFBIND, EQ, 16-Nov-2022,953.3,958.1,967.3,941.1, 949.00,943.65,955.52,18723,178.9,3943, 7482, 39.96,-1.01
IFBIND, EQ, 16-Nov-2023,974.3,974.6,1001.3,974.6, 989.45,983.15,984.62,184958,1821.14,10490, 116100, 62.77,0.91
IFBIND, EQ, 16-Dec-2020,1121.0,1144.45,1200.0,1121.05, 1134.05,1138.95,1167.25,174080,2031.95,8375, 82231, 47.24,1.6
IFBIND, EQ, 16-Dec-2021,1170.3,1175.15,1193.0,1155.05, 1172.80,1170.15,1172.85,10180,119.4,2011, 4585, 45.04,-0.01
IFBIND, EQ, 16-Dec-2022,985.25,998.8,998.8,965.85, 967.00,972.95,977.83,19571,191.37,2782, 5468, 27.94,-1.25
IFBIND, EQ, 16-Dec-2024,1797.65,1815.65,1829.0,1781.55,1820.1,1806.1,1812.45,30004,543.81,3261, 12584, 41.94,0.47
IFBIND, EQ, 17-Jan-2020,683.2,687.25,690.0,675.0, 678.90,678.55,683.73,10322,70.57,970, 7541, 73.06,-0.68
IFBIND, EQ, 17-Jan-2022,1175.4,1181.3,1234.0,1169.65,1199.9,1200.75,1184.25,217670,2577.77,3277, 198129, 91.02,2.16
IFBIND, EQ, 17-Jan-2023,907.1,910.95,911.65,889.0,900.0,895.45,898.67,17758,159.59,2646, 8336, 46.94,-1.28
IFBIND, EQ, 17-Jan-2024,991.05,991.0,1009.0,987.8, 1000.00,1000.0,1000.6,28902,289.19,4632, 17592, 60.87,0.9
IFBIND, EQ, 17-Jan-2025,1748.45,1725.0,1822.9,1725.0,1771.0,1764.15,1779.36,79131,1408.03,7591, 39325, 49.70,0.9
IFBIND, EQ, 17-Feb-2020,528.95,538.8,544.8,520.0, 527.00,522.9,530.0,16478,87.33,1289, 9896, 60.06,-1.14
IFBIND, EQ, 17-Feb-2021,1287.45,1297.0,1304.7,1255.95, 1286.40,1285.8,1282.89,27608,354.18,2442, 11782, 42.68,-0.13
IFBIND, EQ, 17-Feb-2022,921.15,921.15,975.15,918.0,942.65,949.35,950.62,33053,314.21,3852, 6120, 18.52,3.06
IFBIND, EQ, 17-Feb-2023,830.3,834.5,839.1,827.3, 834.05,834.55,834.04,6240,52.04,744, 2891, 46.33,0.51
IFBIND, EQ, 17-Feb-2025,1197.0,1192.05,1235.0,1150.15,1181.65,1186.45,1176.96,47607,560.32,6276, 19829, 41.65,-0.88
IFBIND, EQ, 17-Mar-2020,366.75,369.0,381.05,331.8, 336.00,338.85,355.38,17944,63.77,1843, 9335, 52.02,-7.61
IFBIND, EQ, 17-Mar-2021,1119.55,1129.25,1158.0,1071.0,1094.0,1089.65,1119.19,27177,304.16,3127, 10688, 39.33,-2.67
IFBIND, EQ, 17-Mar-2022,880.35,895.0,1014.0,895.0, 995.00,996.7,991.27,1086792,10773.05,58808, 39505, 3.64,13.22
IFBIND, EQ, 17-Mar-2023,810.65,813.5,818.35,811.55, 815.00,813.5,814.15,3635,29.59,485, 2115, 58.18,0.35
IFBIND, EQ, 17-Mar-2025,1106.95,1112.0,1125.0,1095.2,1102.2,1106.45,1105.14,257939,2850.6,4068, 237212, 91.96,-0.05
IFBIND, EQ, 17-Apr-2020,356.0,386.0,386.0,360.65, 370.20,371.2,370.69,80364,297.9,3547, 40709, 50.66,4.27
IFBIND, EQ, 17-Apr-2023,825.4,823.95,829.9,811.25, 817.80,816.75,820.18,18419,151.07,2467, 4044, 21.96,-1.05
IFBIND, EQ, 17-Apr-2025,1360.7,1362.1,1380.9,1336.1,1364.7,1359.2,1361.29,46730,636.13,9031, 25225, 53.98,-0.11
IFBIND, EQ, 17-May-2021,908.35,921.9,943.0,906.05,921.8,920.65,922.93,63016,581.6,4561, 27766, 44.06,1.35
IFBIND, EQ, 17-May-2022,887.95,880.05,918.2,867.0, 887.25,882.7,893.99,25025,223.72,3152, 8272, 33.05,-0.59
IFBIND, EQ, 17-May-2023,813.9,818.9,831.0,815.4, 831.00,827.15,823.16,20964,172.57,3243, 6635, 31.65,1.63
IFBIND, EQ, 17-May-2024,1428.25,1420.1,1475.9,1420.1,1464.7,1466.05,1458.89,55764,813.54,8758, 27055, 48.52,2.65
IFBIND, EQ, 17-Jun-2020,398.9,395.0,404.95,391.0,394.6,394.6,397.0,23544,93.47,1704, 10449, 44.38,-1.08
IFBIND, EQ, 17-Jun-2021,1091.65,1090.0,1090.0,1050.0, 1052.00,1055.1,1064.19,76127,810.13,6774, 35802, 47.03,-3.35
IFBIND, EQ, 17-Jun-2022,886.1,886.1,887.95,865.9,876.9,871.5,873.7,13783,120.42,2387, 3749, 27.20,-1.65
IFBIND, EQ, 17-Jul-2020,383.25,385.0,388.0,376.55, 381.05,382.25,382.38,29892,114.3,2748, 16485, 55.15,-0.26
IFBIND, EQ, 17-Jul-2023,843.95,848.0,860.95,832.55,835.0,839.3,843.13,44366,374.06,3538, 26191, 59.03,-0.55
IFBIND, EQ, 16-Jul-2024,1645.05,1645.0,1650.0,1570.0,1610.0,1608.2,1608.52,28636,460.62,2812, 17911, 62.55,-2.24
IFBIND, EQ, 17-Aug-2020,418.45,421.5,426.0,409.0, 412.00,411.5,416.41,47386,197.32,2499, 24343, 51.37,-1.66
IFBIND, EQ, 17-Aug-2021,935.3,934.0,953.2,931.0,939.05,940.5,943.24,14936,140.88,1644, 5911, 39.58,0.56
IFBIND, EQ, 17-Aug-2022,1012.35,1020.5,1033.6,1010.0, 1011.00,1021.95,1022.78,14675,150.09,1765, 8654, 58.97,0.95
IFBIND, EQ, 17-Aug-2023,845.25,850.95,915.35,850.95, 891.00,892.8,887.35,338104,3000.18,23933, 110158, 32.58,5.63
IFBIND, EQ, 17-Sep-2020,655.15,650.0,669.0,636.25, 653.30,656.35,651.73,111561,727.08,5107, 30153, 27.03,0.18
IFBIND, EQ, 17-Sep-2021,1163.25,1162.0,1242.0,1121.15, 1200.00,1209.95,1191.89,259499,3092.94,23192, 80425, 30.99,4.01
IFBIND, EQ, 17-Sep-2024,1951.55,1951.6,2015.0,1935.0,1956.0,1946.35,1969.24,70392,1386.18,10661, 26352, 37.44,-0.27
IFBIND, EQ, 17-Oct-2022,985.2,964.75,975.0,936.0,953.6,958.5,957.82,99985,957.67,7230, 13013, 13.01,-2.71
IFBIND, EQ, 17-Oct-2023,884.7,889.15,906.95,887.25,903.5,903.25,898.26,16935,152.12,1819, 8574, 50.63,2.1
IFBIND, EQ, 17-Oct-2024,2159.1,2178.0,2348.8,2159.25,2265.0,2281.05,2275.05,851649,19375.41,53565, 164761, 19.35,5.65
IFBIND, EQ, 17-Nov-2020,795.5,795.5,798.95,770.1, 776.70,774.85,777.83,31900,248.13,2235, 17589, 55.14,-2.6
IFBIND, EQ, 17-Nov-2021,1270.1,1270.1,1281.6,1251.8, 1276.00,1261.0,1264.03,17170,217.03,3168, 10363, 60.36,-0.72
IFBIND, EQ, 17-Nov-2022,943.65,943.7,959.0,930.1, 930.90,934.5,944.18,7052,66.58,1932, 2616, 37.10,-0.97
IFBIND, EQ, 17-Nov-2023,983.15,999.0,1013.85,987.2, 1011.00,1007.55,1000.8,85990,860.59,6729, 49124, 57.13,2.48
IFBIND, EQ, 17-Dec-2020,1138.95,1130.0,1149.0,1075.1, 1085.00,1091.85,1108.46,98634,1093.32,6855, 51414, 52.13,-4.14
IFBIND, EQ, 17-Dec-2021,1170.15,1173.05,1173.75,1161.45, 1168.05,1165.7,1165.79,7236,84.36,1048, 4873, 67.34,-0.38
IFBIND, EQ, 17-Dec-2024,1806.1,1809.2,1829.95,1776.25,1800.8,1798.75,1806.23,25208,455.31,2877, 11900, 47.21,-0.41
IFBIND, EQ, 18-Jan-2021,1377.25,1377.0,1378.95,1285.0, 1309.00,1301.8,1317.9,107397,1415.39,9056, 29294, 27.28,-5.48
IFBIND, EQ, 18-Jan-2022,1200.75,1210.0,1235.0,1180.1, 1180.50,1190.55,1201.92,20327,244.31,2469, 5965, 29.35,-0.85
IFBIND, EQ, 18-Jan-2023,895.45,907.0,911.95,880.2,889.95,886.9,893.13,29039,259.36,3278, 13190, 45.42,-0.95
IFBIND, EQ, 18-Jan-2024,1000.0,1000.0,1014.45,978.75, 1012.45,1011.5,1001.4,29542,295.83,5133, 13634, 46.15,1.15
IFBIND, EQ, 18-Feb-2020,522.9,528.45,528.45,514.85, 525.00,521.7,518.9,9485,49.22,824, 6527, 68.81,-0.23
IFBIND, EQ, 18-Feb-2021,1285.8,1300.0,1326.8,1287.25,1294.0,1296.55,1309.33,35210,461.01,2591, 16952, 48.15,0.84
IFBIND, EQ, 18-Feb-2022,949.35,942.0,953.15,926.0,930.0,935.3,942.78,7562,71.29,1532, 3100, 40.99,-1.48
IFBIND, EQ, 18-Feb-2025,1186.45,1186.45,1211.75,1152.2,1171.0,1168.0,1174.98,22676,266.44,3049, 10008, 44.13,-1.56
IFBIND, EQ, 18-Mar-2020,338.85,338.0,365.0,285.0, 290.00,292.2,305.94,38772,118.62,2916, 25468, 65.69,-13.77
IFBIND, EQ, 18-Mar-2021,1089.65,1118.0,1130.05,1084.0, 1114.00,1103.15,1109.41,30934,343.19,3378, 9154, 29.59,1.24
IFBIND, EQ, 18-Mar-2024,1332.2,1331.95,1361.95,1306.1, 1350.00,1344.35,1335.42,51001,681.08,5332, 38684, 75.85,0.91
IFBIND, EQ, 18-Mar-2025,1106.45,1116.1,1150.65,1109.25,1134.0,1136.65,1141.3,201672,2301.69,8182, 163797, 81.22,2.73
IFBIND, EQ, 18-Apr-2022,962.55,960.0,966.9,935.2, 936.50,941.35,947.38,9725,92.13,1152, 5636, 57.95,-2.2
IFBIND, EQ, 18-Apr-2023,816.75,818.3,823.25,813.75, 816.70,816.2,817.46,6619,54.11,1003, 2765, 41.77,-0.07
IFBIND, EQ, 18-Apr-2024,1415.8,1417.05,1546.0,1417.05, 1519.20,1498.4,1498.03,145297,2176.6,16463, 45242, 31.14,5.83
IFBIND, EQ, 18-May-2020,365.7,374.9,374.9,340.25, 343.45,345.1,351.47,35905,126.19,2020, 19719, 54.92,-5.63
IFBIND, EQ, 18-May-2021,920.65,927.95,978.05,925.5, 973.95,967.3,961.08,126127,1212.19,7862, 50411, 39.97,5.07
IFBIND, EQ, 18-May-2022,882.7,886.0,914.5,882.25,888.0,893.2,901.25,22637,204.02,2971, 3929, 17.36,1.19
IFBIND, EQ, 18-May-2023,827.15,829.0,834.0,811.55, 813.00,814.1,823.43,13552,111.59,2202, 5418, 39.98,-1.58
IFBIND, EQ, 18-Jun-2020,394.6,398.7,405.0,393.6,399.95,401.3,402.26,28398,114.23,1549, 14797, 52.11,1.7
IFBIND, EQ, 18-Jun-2021,1055.1,1062.0,1106.9,1015.05, 1053.00,1054.85,1070.28,113708,1216.99,9831, 26780, 23.55,-0.02
IFBIND, EQ, 18-Jun-2024,1613.45,1632.0,1649.95,1574.0,1605.0,1600.65,1619.22,48095,778.76,3444, 27313, 56.79,-0.79
IFBIND, EQ, 18-Jul-2022,932.75,943.0,958.5,934.85,937.95,938.4,944.93,10899,102.99,1462, 1685, 15.46,0.61
IFBIND, EQ, 18-Jul-2023,839.3,843.5,854.95,832.0, 836.95,834.35,837.06,21005,175.82,1649, 10189, 48.51,-0.59
IFBIND, EQ, 18-Jul-2024,1608.2,1615.9,1630.0,1576.75,1589.95,1589.05,1593.81,18047,287.64,2215, 10616, 58.82,-1.19
IFBIND, EQ, 18-Aug-2020,411.5,415.0,428.25,411.0,416.0,418.05,420.85,84078,353.84,3240, 44873, 53.37,1.59
IFBIND, EQ, 18-Aug-2021,940.5,943.0,949.9,931.25, 941.00,938.1,941.41,12098,113.89,1571, 6069, 50.17,-0.26
IFBIND, EQ, 18-Aug-2022,1021.95,1027.0,1056.0,1025.0,1039.05,1038.85,1041.5,28919,301.19,3810, 7854, 27.16,1.65
IFBIND, EQ, 18-Aug-2023,892.8,899.8,928.9,885.0, 890.05,894.6,900.09,117146,1054.42,9501, 41721, 35.61,0.2
IFBIND, EQ, 18-Sep-2020,656.35,659.6,669.0,628.0, 628.00,632.35,648.29,87591,567.84,4510, 39520, 45.12,-3.66
IFBIND, EQ, 18-Sep-2023,946.55,949.0,949.2,931.4, 935.05,935.4,938.8,20003,187.79,3900, 7596, 37.97,-1.18
IFBIND, EQ, 18-Sep-2024,1946.35,1965.8,1965.8,1911.5,1943.0,1943.85,1935.02,19606,379.38,3903, 10274, 52.40,-0.13
IFBIND, EQ, 18-Oct-2021,1168.4,1165.0,1186.7,1162.1, 1170.00,1170.1,1173.03,38969,457.12,3538, 20488, 52.58,0.15
IFBIND, EQ, 18-Oct-2022,958.5,957.0,962.75,928.5,938.0,935.3,944.49,23693,223.78,3371, 6654, 28.08,-2.42
IFBIND, EQ, 18-Oct-2023,903.25,905.0,949.95,895.0, 906.00,909.5,923.91,71079,656.7,8521, 22784, 32.05,0.69
IFBIND, EQ, 18-Oct-2024,2281.05,2292.0,2292.5,2195.05,2262.9,2270.65,2244.35,170492,3826.44,16516, 45534, 26.71,-0.46
IFBIND, EQ, 18-Nov-2020,774.85,781.9,794.05,750.0, 772.75,769.05,769.16,41160,316.58,2595, 18165, 44.13,-0.75
IFBIND, EQ, 18-Nov-2021,1261.0,1252.0,1274.95,1240.1,1272.0,1261.5,1264.34,27019,341.61,4394, 15733, 58.23,0.04
IFBIND, EQ, 18-Nov-2022,934.5,935.4,1111.0,935.0, 1045.00,1084.5,1047.73,1322006,13851.04,58046, 88083, 6.66,16.05
IFBIND, EQ, 18-Nov-2024,1569.95,1589.95,1630.65,1534.2,1598.55,1603.7,1589.62,70387,1118.89,7195, 27173, 38.61,2.15
IFBIND, EQ, 18-Dec-2020,1091.85,1085.0,1125.0,1049.0, 1080.00,1083.6,1090.53,110646,1206.62,7003, 34849, 31.50,-0.76
IFBIND, EQ, 18-Dec-2023,941.95,948.0,948.0,930.0, 935.50,933.05,938.03,19836,186.07,2729, 10620, 53.54,-0.94
IFBIND, EQ, 18-Dec-2024,1798.75,1798.75,1814.35,1760.0,1776.25,1785.5,1780.22,21504,382.82,2616, 11006, 51.18,-0.74
IFBIND, EQ, 19-Jan-2021,1301.8,1300.0,1365.0,1300.0, 1364.40,1352.4,1342.43,44222,593.65,4451, 19588, 44.29,3.89
IFBIND, EQ, 19-Jan-2022,1190.55,1190.0,1205.0,1160.0, 1184.80,1171.75,1173.54,9649,113.23,1561, 5919, 61.34,-1.58
IFBIND, EQ, 19-Jan-2023,886.9,891.35,895.0,877.85, 891.40,887.9,886.53,24888,220.64,4135, 7984, 32.08,0.11
IFBIND, EQ, 19-Jan-2024,1011.5,1004.45,1022.3,988.55, 1018.95,1017.1,1004.85,60577,608.71,7085, 38533, 63.61,0.55
IFBIND, EQ, 19-Feb-2020,521.7,525.0,533.6,511.0, 511.90,515.35,520.59,18272,95.12,1387, 11001, 60.21,-1.22
IFBIND, EQ, 19-Feb-2021,1296.55,1298.95,1330.0,1250.0,1262.0,1263.1,1275.2,39829,507.9,3531, 25199, 63.27,-2.58
IFBIND, EQ, 19-Feb-2024,1337.55,1330.0,1400.0,1327.15, 1350.00,1357.45,1364.54,25299,345.21,2528, 12823, 50.69,1.49
IFBIND, EQ, 19-Feb-2025,1168.0,1160.0,1219.05,1149.6,1197.35,1199.8,1195.26,106708,1275.43,4598, 88188, 82.64,2.72
IFBIND, EQ, 19-Mar-2020,292.2,292.3,299.0,263.2, 282.95,279.55,279.19,33514,93.57,3360, 18908, 56.42,-4.33
IFBIND, EQ, 19-Mar-2021,1103.15,1084.0,1090.95,1053.65,1085.0,1082.3,1076.34,25982,279.65,2789, 13676, 52.64,-1.89
IFBIND, EQ, 19-Mar-2024,1344.35,1344.35,1358.3,1290.0, 1304.40,1297.75,1309.8,29490,386.26,5159, 15971, 54.16,-3.47
IFBIND, EQ, 19-Mar-2025,1136.65,1139.95,1178.4,1139.95,1154.4,1157.7,1162.08,72549,843.08,4791, 45500, 62.72,1.85
IFBIND, EQ, 19-Apr-2021,1116.55,1030.0,1083.4,1030.0,1068.25,1052.85,1050.47,36209,380.37,3268, 18076, 49.92,-5.71
IFBIND, EQ, 19-Apr-2022,941.35,948.8,960.0,931.0,936.55,945.55,949.53,8523,80.93,1043, 5070, 59.49,0.45
IFBIND, EQ, 19-Apr-2023,816.2,818.7,905.95,815.25, 853.60,858.3,884.09,749276,6624.27,29448, 49823, 6.65,5.16
IFBIND, EQ, 19-Apr-2024,1498.4,1495.05,1551.6,1471.95, 1523.00,1526.1,1524.37,129366,1972.02,12809, 58674, 45.36,1.85
IFBIND, EQ, 19-May-2020,345.1,346.65,353.7,338.0,338.9,340.4,344.57,17703,61.0,1651, 9064, 51.20,-1.36
IFBIND, EQ, 19-May-2021,967.3,983.0,1018.0,983.0, 1000.00,998.1,998.8,126011,1258.6,7826, 49238, 39.07,3.18
IFBIND, EQ, 19-May-2022,893.2,885.0,885.0,868.1,878.0,874.15,875.66,6261,54.83,983, 2711, 43.30,-2.13
IFBIND, EQ, 19-May-2023,814.1,815.15,828.8,811.15,815.35,815.4,818.94,18009,147.48,2984, 4541, 25.22,0.16
IFBIND, EQ, 19-Jun-2020,401.3,405.0,408.05,400.2, 404.95,404.25,404.83,25796,104.43,1438, 11843, 45.91,0.74
IFBIND, EQ, 19-Jun-2023,810.3,810.0,815.95,806.4, 810.00,809.3,810.0,18713,151.58,1540, 10284, 54.96,-0.12
IFBIND, EQ, 19-Jun-2024,1600.65,1600.0,1640.0,1541.2,1590.0,1590.8,1595.19,45472,725.37,3150, 22870, 50.29,-0.62
IFBIND, EQ, 19-Jul-2021,1033.15,1036.0,1043.65,1025.15, 1027.50,1028.0,1033.26,16524,170.74,2031, 8930, 54.04,-0.5
IFBIND, EQ, 19-Jul-2022,938.4,943.1,953.2,938.45, 950.60,948.35,948.03,6381,60.49,1175, 2080, 32.60,1.06
IFBIND, EQ, 19-Jul-2023,834.35,835.5,842.55,832.0, 835.00,835.55,836.09,21485,179.63,1705, 12820, 59.67,0.14
IFBIND, EQ, 19-Jul-2024,1589.05,1583.3,1595.95,1489.9,1530.0,1531.95,1538.16,50285,773.47,5095, 35468, 70.53,-3.59
IFBIND, EQ, 19-Aug-2020,418.05,420.2,460.55,420.2,446.5,445.25,446.6,363327,1622.63,12620, 136458, 37.56,6.51
IFBIND, EQ, 18-Aug-2021,940.5,943.0,949.9,931.25, 941.00,938.1,941.41,12098,113.89,1571, 6069, 50.17,-0.26
IFBIND, EQ, 19-Aug-2022,1038.85,1044.05,1048.0,1026.0, 1040.05,1040.7,1041.46,12610,131.33,1483, 7241, 57.42,0.18
IFBIND, EQ, 19-Aug-2024,2032.85,2050.9,2057.95,1966.3,1990.0,1977.95,2006.09,35240,706.95,7175, 18355, 52.09,-2.7
IFBIND, EQ, 19-Sep-2022,989.35,994.25,1013.0,967.25, 996.00,997.6,995.04,15290,152.14,2702, 7424, 48.55,0.83
IFBIND, EQ, 19-Sep-2024,1943.85,1950.0,1954.0,1830.05,1865.0,1851.85,1872.55,60649,1135.68,9699, 34928, 57.59,-4.73
IFBIND, EQ, 19-Oct-2020,703.0,709.95,744.0,700.0, 731.90,730.65,726.58,233823,1698.92,11344, 76392, 32.67,3.93
IFBIND, EQ, 19-Oct-2021,1170.1,1178.95,1197.35,1170.1,1180.0,1179.55,1182.48,35439,419.06,4881, 20373, 57.49,0.81
IFBIND, EQ, 19-Oct-2022,935.3,939.9,948.25,925.55, 942.00,933.75,932.07,16243,151.4,2187, 3937, 24.24,-0.17
IFBIND, EQ, 19-Oct-2023,909.5,905.0,940.0,904.55,930.0,931.7,921.9,24480,225.68,4012, 10464, 42.75,2.44
IFBIND, EQ, 19-Nov-2020,769.05,768.35,786.95,753.15, 763.00,761.05,770.9,26336,203.02,1657, 16174, 61.41,-1.04
IFBIND, EQ, 19-Nov-2024,1603.7,1605.0,1625.25,1562.4,1585.0,1574.1,1602.92,63557,1018.76,6304, 16272, 25.60,-1.85
IFBIND, EQ, 19-Dec-2022,972.95,977.8,984.8,962.7,973.2,975.9,976.05,16291,159.01,2827, 5780, 35.48,0.3
IFBIND, EQ, 19-Dec-2023,933.05,937.7,947.95,924.6, 940.00,933.05,934.56,27992,261.6,3267, 13504, 48.24,0.0
IFBIND, EQ, 19-Dec-2024,1785.5,1775.5,1802.2,1750.6,1767.0,1770.9,1769.83,19682,348.34,3024, 6468, 32.86,-0.82
IFBIND, EQ, 20-Jan-2020,678.55,685.0,692.0,678.0, 678.00,681.0,685.75,12352,84.7,904, 8754, 70.87,0.36
IFBIND, EQ, 20-Jan-2021,1352.4,1352.4,1363.25,1321.9, 1343.00,1335.95,1339.64,32077,429.72,3800, 14106, 43.98,-1.22
IFBIND, EQ, 20-Jan-2022,1171.75,1177.65,1199.5,1155.2, 1180.00,1184.95,1173.67,20469,240.24,2561, 10463, 51.12,1.13
IFBIND, EQ, 20-Jan-2023,887.9,889.9,899.9,880.85,884.0,883.85,890.38,15539,138.36,3438, 3125, 20.11,-0.46
IFBIND, EQ, 20-Jan-2025,1764.15,1753.7,1812.15,1753.7,1790.1,1787.85,1780.24,19025,338.69,3052, 8999, 47.30,1.34
IFBIND, EQ, 20-Feb-2020,515.35,516.0,524.9,515.0, 515.00,517.2,519.96,14507,75.43,926, 8905, 61.38,0.36
IFBIND, EQ, 20-Feb-2023,834.55,831.9,838.35,828.5, 832.00,832.35,833.22,3902,32.51,658, 2224, 57.00,-0.26
IFBIND, EQ, 20-Feb-2024,1357.45,1357.45,1400.0,1357.45, 1375.00,1388.7,1384.74,48176,667.11,2682, 25172, 52.25,2.3
IFBIND, EQ, 20-Feb-2025,1199.8,1209.0,1216.7,1180.0,1197.0,1184.85,1197.66,31740,380.14,4337, 18221, 57.41,-1.25
IFBIND, EQ, 20-Mar-2020,279.55,282.95,291.95,269.1, 269.15,270.45,281.82,82575,232.71,3074, 70752, 85.68,-3.26
IFBIND, EQ, 20-Mar-2023,813.5,815.0,817.6,801.0,805.0,809.25,810.42,8386,67.96,737, 4429, 52.81,-0.52
IFBIND, EQ, 20-Mar-2024,1297.75,1298.0,1338.8,1281.0, 1326.00,1315.95,1303.62,17493,228.04,3790, 8115, 46.39,1.4
IFBIND, EQ, 20-Mar-2025,1157.7,1155.0,1246.05,1151.55,1236.0,1229.75,1203.1,259517,3122.24,24986, 98751, 38.05,6.22
IFBIND, EQ, 20-Apr-2020,371.2,385.0,435.0,376.0, 429.00,424.35,403.88,167897,678.1,7477, 46890, 27.93,14.32
IFBIND, EQ, 20-Apr-2021,1052.85,1075.0,1089.95,1014.0,1030.0,1025.8,1040.99,38112,396.74,3577, 20452, 53.66,-2.57
IFBIND, EQ, 20-Apr-2022,945.55,932.05,985.3,932.05, 959.00,954.2,959.47,15118,145.05,2071, 6618, 43.78,0.91
IFBIND, EQ, 20-Apr-2023,858.3,859.0,868.75,846.0, 848.30,850.8,857.79,26670,228.77,2666, 7750, 29.06,-0.87
IFBIND, EQ, 20-May-2020,340.4,332.0,374.4,332.0, 374.40,371.6,362.44,122606,444.37,4491, 32363, 26.40,9.17
IFBIND, EQ, 20-May-2021,998.1,1002.7,1012.9,985.0, 987.00,990.45,996.53,37496,373.66,2899, 19557, 52.16,-0.77
IFBIND, EQ, 20-May-2022,874.15,880.0,907.2,865.1, 868.30,869.05,880.89,18135,159.75,2366, 6211, 34.25,-0.58
IFBIND, EQ, 18-May-2024,1466.05,1466.05,1485.1,1447.05,1449.0,1452.15,1469.67,4442,65.28,540, 3116, 70.15,-0.95
IFBIND, EQ, 20-Jun-2022,871.5,858.45,893.8,856.2,869.0,868.0,871.46,26474,230.71,3289, 7378, 27.87,-0.4
IFBIND, EQ, 20-Jun-2023,809.3,812.0,821.6,806.55, 811.00,808.9,811.28,38309,310.79,2907, 21060, 54.97,-0.05
IFBIND, EQ, 20-Jun-2024,1590.8,1580.0,1630.0,1572.05,1591.0,1597.4,1608.23,39468,634.74,2796, 23195, 58.77,0.41
IFBIND, EQ, 20-Jul-2020,382.25,380.1,389.85,380.0, 383.00,383.6,384.81,40045,154.1,3445, 20885, 52.15,0.35
IFBIND, EQ, 20-Jul-2021,1028.0,1037.05,1037.05,1008.0, 1027.85,1017.95,1019.18,17039,173.66,2138, 7855, 46.10,-0.98
IFBIND, EQ, 20-Jul-2022,948.35,980.0,980.0,946.05, 948.10,951.85,956.77,8469,81.03,1939, 2848, 33.63,0.37
IFBIND, EQ, 20-Jul-2023,835.55,835.55,844.9,827.95,830.0,832.15,836.4,22371,187.11,2466, 11996, 53.62,-0.41
IFBIND, EQ, 20-Aug-2020,445.25,442.0,455.95,437.1,442.9,442.25,446.86,89493,399.91,3949, 40266, 44.99,-0.67
IFBIND, EQ, 20-Aug-2021,938.1,935.5,937.65,902.15,912.0,908.25,915.57,20555,188.2,2660, 10592, 51.53,-3.18
IFBIND, EQ, 20-Aug-2024,1977.95,1991.0,2082.0,1991.0,2060.0,2050.25,2050.41,48135,986.97,9306, 16855, 35.02,3.66
IFBIND, EQ, 20-Sep-2021,1209.95,1160.0,1247.7,1160.0, 1188.00,1187.05,1214.06,187559,2277.07,13965, 51585, 27.50,-1.89
IFBIND, EQ, 20-Sep-2022,997.6,1002.6,1031.75,991.25, 1001.00,1001.0,1008.07,15457,155.82,2688, 6027, 38.99,0.34
IFBIND, EQ, 20-Sep-2023,935.4,935.15,948.0,920.55, 948.00,935.85,931.08,23691,220.58,5226, 6408, 27.05,0.05
IFBIND, EQ, 20-Sep-2024,1851.85,1860.0,1887.7,1847.7,1874.0,1871.95,1868.38,34648,647.35,6494, 17843, 51.50,1.09
IFBIND, EQ, 20-Oct-2020,730.65,726.65,743.0,712.45, 732.10,727.3,727.46,119320,868.01,6251, 26260, 22.01,-0.46
IFBIND, EQ, 20-Oct-2021,1179.55,1185.0,1209.55,1158.0, 1176.30,1173.6,1179.44,55478,654.33,6221, 30205, 54.45,-0.5
IFBIND, EQ, 20-Oct-2022,933.75,938.45,969.0,922.8,929.0,933.85,950.08,34088,323.86,5016, 5292, 15.52,0.01
IFBIND, EQ, 20-Oct-2023,931.7,931.85,938.95,916.5, 918.50,919.75,922.83,10724,98.96,1830, 5863, 54.67,-1.28
IFBIND, EQ, 20-Nov-2020,761.05,769.9,779.95,755.1,761.0,761.15,768.14,23064,177.16,1076, 13959, 60.52,0.01
IFBIND, EQ, 20-Nov-2023,1007.55,1012.9,1045.0,1012.9, 1028.60,1029.75,1031.52,173518,1789.86,9903, 68780, 39.64,2.2
IFBIND, EQ, 19-Nov-2024,1603.7,1605.0,1625.25,1562.4,1585.0,1574.1,1602.92,63557,1018.76,6304, 16272, 25.60,-1.85
IFBIND, EQ, 20-Dec-2021,1165.7,1152.25,1158.2,1106.4,1119.0,1115.75,1118.24,9876,110.44,2223, 5507, 55.76,-4.28
IFBIND, EQ, 20-Dec-2022,975.9,980.8,980.8,963.0,966.05,967.5,969.46,8579,83.17,1901, 2854, 33.27,-0.86
IFBIND, EQ, 20-Dec-2023,933.05,960.0,970.3,910.0, 922.00,914.85,930.23,42051,391.17,5439, 22159, 52.70,-1.95
IFBIND, EQ, 20-Dec-2024,1770.9,1785.55,1868.0,1762.2,1800.0,1782.7,1828.16,102925,1881.64,10680, 29920, 29.07,0.67
IFBIND, EQ, 21-Jan-2020,681.0,684.0,687.15,676.8, 676.80,677.95,680.96,6665,45.39,393, 4833, 72.51,-0.45
IFBIND, EQ, 21-Jan-2021,1335.95,1335.0,1394.4,1321.1, 1365.00,1359.1,1363.93,86643,1181.75,7518, 35742, 41.25,1.73
IFBIND, EQ, 21-Jan-2022,1184.95,1165.0,1199.0,1155.1, 1159.95,1161.1,1171.27,9891,115.85,1903, 4717, 47.69,-2.01
IFBIND, EQ, 21-Jan-2025,1787.85,1787.85,1799.2,1736.65,1784.5,1780.85,1768.21,26656,471.33,3137, 10942, 41.05,-0.39
IFBIND, EQ, 21-Feb-2022,935.3,930.0,930.0,905.1, 905.10,907.25,910.88,7869,71.68,1125, 4154, 52.79,-3.0
IFBIND, EQ, 21-Feb-2023,832.35,833.3,838.0,830.0, 832.00,832.9,833.96,4435,36.99,537, 2792, 62.95,0.07
IFBIND, EQ, 21-Feb-2024,1388.7,1394.9,1400.0,1342.05, 1370.00,1359.7,1378.54,46867,646.08,3455, 30304, 64.66,-2.09
IFBIND, EQ, 21-Feb-2025,1184.85,1194.45,1222.9,1173.0,1190.0,1191.4,1198.73,46074,552.3,4572, 21911, 47.56,0.55
IFBIND, EQ, 21-Mar-2022,996.7,987.9,996.7,955.35,960.0,963.65,972.18,63289,615.29,6039, 18323, 28.95,-3.32
IFBIND, EQ, 21-Mar-2023,809.25,810.45,815.0,786.1, 794.90,789.55,797.21,12278,97.88,1350, 7388, 60.17,-2.43
IFBIND, EQ, 21-Mar-2024,1315.95,1315.95,1349.0,1295.0,1340.0,1320.05,1317.63,13095,172.54,1879, 7276, 55.56,0.31
IFBIND, EQ, 21-Mar-2025,1229.75,1230.0,1290.8,1230.0,1274.1,1264.85,1269.04,130953,1661.85,15575, 54641, 41.73,2.85
IFBIND, EQ, 21-Apr-2020,424.35,440.0,495.0,363.95,484.0,472.2,450.84,479580,2162.12,15025, 97453, 20.32,11.28
IFBIND, EQ, 21-Apr-2022,954.2,960.0,972.8,943.15, 950.00,948.25,956.53,7937,75.92,1318, 3899, 49.12,-0.62
IFBIND, EQ, 21-Apr-2023,850.8,849.0,855.9,830.05, 839.95,836.0,844.27,11756,99.25,1733, 4712, 40.08,-1.74
IFBIND, EQ, 21-Apr-2025,1359.2,1379.4,1389.0,1336.0,1372.0,1371.3,1363.92,54913,748.97,8689, 26222, 47.75,0.89
IFBIND, EQ, 21-May-2020,371.6,371.0,389.0,365.15,372.6,375.45,378.82,69553,263.48,3062, 29930, 43.03,1.04
IFBIND, EQ, 21-May-2021,990.45,995.45,1003.55,964.55, 972.00,972.4,979.26,47144,461.66,3738, 25123, 53.29,-1.82
IFBIND, EQ, 21-May-2024,1452.15,1452.15,1455.0,1394.95,1413.0,1411.8,1409.28,34096,480.51,5123, 19717, 57.83,-2.78
IFBIND, EQ, 21-Jun-2021,1054.85,1035.1,1065.5,1027.2, 1034.50,1035.3,1043.42,30001,313.04,3225, 13060, 43.53,-1.85
IFBIND, EQ, 21-Jun-2022,868.0,872.3,885.5,862.05,866.45,866.55,873.19,15662,136.76,1541, 5675, 36.23,-0.17
IFBIND, EQ, 21-Jun-2023,808.9,808.9,820.3,808.9, 817.45,816.45,816.81,17509,143.02,1681, 10119, 57.79,0.93
IFBIND, EQ, 21-Jun-2024,1597.4,1597.8,1624.0,1559.95,1583.15,1597.25,1591.9,32185,512.35,3087, 13034, 40.50,-0.01
IFBIND, EQ, 21-Jul-2020,383.6,385.0,388.85,378.0, 378.10,380.05,382.5,31151,119.15,2383, 21508, 69.04,-0.93
IFBIND, EQ, 21-Jul-2022,951.85,945.0,969.05,945.0,950.1,952.65,955.54,5255,50.21,1105, 1676, 31.89,0.08
IFBIND, EQ, 21-Jul-2023,832.15,831.2,845.05,831.2, 840.20,835.4,836.32,15738,131.62,1931, 7101, 45.12,0.39
IFBIND, EQ, 21-Aug-2020,442.25,449.75,453.0,437.65, 440.00,440.2,445.18,79620,354.46,2787, 47048, 59.09,-0.46
IFBIND, EQ, 21-Aug-2023,894.6,899.0,910.05,885.0, 900.00,901.75,899.4,79926,718.85,3379, 57468, 71.90,0.8
IFBIND, EQ, 21-Aug-2024,2050.25,2059.95,2075.95,2005.55,2029.0,2032.5,2044.05,41472,847.71,8385, 16382, 39.50,-0.87
IFBIND, EQ, 21-Sep-2020,632.35,632.0,644.95,575.45, 580.00,580.75,600.84,121817,731.92,7066, 54555, 44.78,-8.16
IFBIND, EQ, 21-Sep-2021,1187.05,1190.0,1237.0,1151.55, 1185.00,1180.5,1186.35,106542,1263.96,8930, 20108, 18.87,-0.55
IFBIND, EQ, 21-Sep-2022,1001.0,1006.05,1012.0,986.05, 995.70,993.4,997.54,6769,67.52,1698, 3309, 48.88,-0.76
IFBIND, EQ, 21-Sep-2023,935.85,944.9,950.0,915.05, 924.45,920.3,931.06,21915,204.04,3191, 8702, 39.71,-1.66
IFBIND, EQ, 21-Oct-2020,727.3,730.95,738.55,717.0, 726.45,726.8,728.12,58262,424.22,3175, 18653, 32.02,-0.07
IFBIND, EQ, 21-Oct-2021,1173.6,1179.5,1201.0,1168.75, 1182.25,1186.3,1186.8,26372,312.98,3631, 12922, 49.00,1.08
IFBIND, EQ, 21-Oct-2022,933.85,938.55,952.0,920.15,928.85,929.3,938.14,14853,139.34,2225, 3034, 20.43,-0.49
IFBIND, EQ, 21-Oct-2024,2270.65,2270.0,2359.9,2240.05, 2329.85,2329.8,2319.42,155132,3598.16,13643, 50375, 32.47,2.6
IFBIND, EQ, 21-Nov-2022,1084.5,1034.05,1067.8,1021.0, 1029.95,1031.5,1046.81,195472,2046.21,16774, 25659, 13.13,-4.89
IFBIND, EQ, 21-Nov-2023,1029.75,1040.0,1049.0,1020.0, 1020.00,1020.35,1033.72,115222,1191.08,8810, 47494, 41.22,-0.91
IFBIND, EQ, 21-Nov-2024,1574.1,1592.75,1592.75,1536.6,1548.05,1553.95,1558.73,42739,666.19,7706, 16174, 37.84,-1.28
IFBIND, EQ, 21-Dec-2020,1083.6,1089.05,1138.8,1006.0, 1040.30,1038.8,1087.69,120610,1311.86,6561, 39515, 32.76,-4.13
IFBIND, EQ, 21-Dec-2021,1115.75,1121.35,1154.95,1113.3,1125.0,1124.8,1126.51,13367,150.58,1493, 6362, 47.59,0.81
IFBIND, EQ, 21-Dec-2022,967.5,967.0,973.5,921.1, 943.90,945.6,950.73,21789,207.15,2986, 6721, 30.85,-2.26
IFBIND, EQ, 21-Dec-2023,914.85,914.8,931.75,895.6, 914.00,915.85,914.28,34779,317.98,6022, 17899, 51.46,0.11
IFBIND, EQ, 22-Jan-2020,677.95,678.35,685.0,664.0, 665.90,668.05,674.32,7821,52.74,1019, 4749, 60.72,-1.46
IFBIND, EQ, 22-Jan-2021,1359.1,1369.0,1399.95,1350.0, 1393.00,1388.0,1381.15,52589,726.33,4296, 28311, 53.83,2.13
IFBIND, EQ, 20-Jan-2024,1017.1,1019.8,1024.85,989.8, 1007.00,1000.65,1003.06,14954,150.0,2592, 7055, 47.18,-1.62
IFBIND, EQ, 22-Jan-2025,1780.85,1775.0,1808.95,1743.05,1781.0,1770.65,1775.93,25949,460.84,3514, 12523, 48.26,-0.57
IFBIND, EQ, 22-Feb-2021,1263.1,1257.95,1272.75,1203.05,1207.0,1215.7,1230.26,48751,599.77,5489, 25020, 51.32,-3.75
IFBIND, EQ, 22-Feb-2022,907.25,850.0,907.0,850.0,895.0,900.5,895.75,6538,58.56,1449, 3280, 50.17,-0.74
IFBIND, EQ, 22-Feb-2023,832.9,833.05,876.65,832.1, 849.00,850.95,863.63,93703,809.25,8186, 14543, 15.52,2.17
IFBIND, EQ, 22-Feb-2024,1359.7,1373.75,1375.95,1352.4, 1375.00,1366.6,1364.1,18277,249.32,1898, 11514, 63.00,0.51
IFBIND, EQ, 22-Mar-2021,1082.3,1082.3,1088.0,1011.25,1023.0,1027.4,1032.36,102161,1054.67,7399, 48955, 47.92,-5.07
IFBIND, EQ, 22-Mar-2022,963.65,969.95,972.45,922.65, 943.20,937.7,951.35,29437,280.05,2740, 8070, 27.41,-2.69
IFBIND, EQ, 22-Mar-2023,789.55,793.5,807.95,793.5, 797.35,796.3,801.51,7701,61.72,798, 3216, 41.76,0.85
IFBIND, EQ, 22-Mar-2024,1320.05,1335.8,1380.0,1315.0,1349.9,1341.8,1343.59,19268,258.88,3448, 8857, 45.97,1.65
IFBIND, EQ, 22-Apr-2020,472.2,473.1,489.7,436.0,438.0,438.55,457.96,203997,934.22,7649, 80454, 39.44,-7.13
IFBIND, EQ, 22-Apr-2021,1025.8,1022.0,1026.95,998.05,1006.05,1008.75,1010.29,45966,464.39,3690, 30917, 67.26,-1.66
IFBIND, EQ, 22-Apr-2022,948.25,945.5,972.75,936.75, 953.10,956.4,950.82,17428,165.71,1902, 7622, 43.73,0.86
IFBIND, EQ, 22-Apr-2024,1526.1,1539.95,1618.7,1503.0,1585.0,1586.1,1575.61,322492,5081.22,26190, 136332, 42.27,3.93
IFBIND, EQ, 22-Apr-2025,1371.3,1376.0,1412.0,1360.1,1383.0,1385.8,1384.41,51658,715.16,6895, 24365, 47.17,1.06
IFBIND, EQ, 22-May-2020,375.45,375.0,383.9,366.1,370.45,376.45,375.09,32351,121.35,1408, 21196, 65.52,0.27
IFBIND, EQ, 22-May-2023,815.4,824.9,828.0,814.8,823.65,824.55,819.71,19886,163.01,3038, 7508, 37.76,1.12
IFBIND, EQ, 22-May-2024,1411.8,1429.25,1429.25,1390.0,1397.8,1392.8,1400.58,17313,242.48,3124, 8952, 51.71,-1.35
IFBIND, EQ, 22-Jun-2020,404.25,407.95,415.95,401.05, 404.95,404.55,407.14,41253,167.96,2931, 22266, 53.97,0.07
IFBIND, EQ, 22-Jun-2021,1035.3,1044.7,1110.0,1043.3, 1110.00,1089.5,1075.16,81858,880.1,8119, 31258, 38.19,5.24
IFBIND, EQ, 22-Jun-2022,866.55,870.9,873.95,855.0,857.05,859.3,864.37,11789,101.9,1751, 4040, 34.27,-0.84
IFBIND, EQ, 22-Jun-2023,816.45,820.55,821.9,807.6,813.9,810.45,812.13,21041,170.88,1801, 12708, 60.40,-0.73
IFBIND, EQ, 22-Jul-2020,380.05,387.55,387.55,373.75, 373.85,374.95,377.1,27115,102.25,2287, 15708, 57.93,-1.34
IFBIND, EQ, 22-Jul-2021,1017.95,1002.0,1069.85,1002.0, 1061.00,1053.4,1057.7,69408,734.13,4805, 30598, 44.08,3.48
IFBIND, EQ, 22-Jul-2022,952.65,952.0,959.15,931.1, 939.00,938.9,939.98,14765,138.79,1875, 6681, 45.25,-1.44
IFBIND, EQ, 22-Jul-2024,1531.95,1531.95,1634.8,1517.5,1619.9,1623.65,1602.63,63076,1010.88,5717, 30049, 47.64,5.99
IFBIND, EQ, 22-Aug-2022,1040.7,1035.0,1077.0,1028.75, 1064.80,1063.3,1061.3,33574,356.32,3913, 18161, 54.09,2.17
IFBIND, EQ, 22-Aug-2023,901.75,905.0,905.0,886.65, 888.00,890.65,899.22,184989,1663.46,22479, 151472, 81.88,-1.23
IFBIND, EQ, 22-Aug-2024,2032.5,2053.8,2100.0,1985.8,2001.0,2006.8,2016.19,51107,1030.41,7612, 28322, 55.42,-1.26
IFBIND, EQ, 22-Sep-2020,580.75,584.4,599.9,546.0, 569.65,568.0,572.88,84030,481.39,5993, 18235, 21.70,-2.2
IFBIND, EQ, 22-Sep-2021,1180.5,1198.7,1225.0,1184.8, 1205.00,1205.6,1209.19,91676,1108.54,6617, 34190, 37.29,2.13
IFBIND, EQ, 22-Sep-2022,993.4,998.4,1002.25,968.0, 977.00,975.6,977.96,13150,128.6,2244, 6481, 49.29,-1.79
IFBIND, EQ, 22-Sep-2023,920.3,920.3,934.2,912.15, 917.00,915.35,918.54,8334,76.55,1887, 4104, 49.24,-0.54
IFBIND, EQ, 22-Oct-2020,726.8,729.0,732.0,715.2, 718.85,718.5,721.37,34507,248.92,1942, 10290, 29.82,-1.14
IFBIND, EQ, 22-Oct-2021,1186.3,1186.3,1318.0,1186.05, 1312.00,1297.05,1283.15,880444,11297.43,67301, 202042, 22.95,9.34
IFBIND, EQ, 22-Oct-2024,2329.8,2301.8,2335.3,2210.05,2232.0,2228.75,2272.01,89710,2038.22,10502, 38035, 42.40,-4.34
IFBIND, EQ, 22-Nov-2021,1261.5,1270.0,1329.7,1232.05,1270.0,1265.45,1274.53,50694,646.11,8326, 24346, 48.03,0.31
IFBIND, EQ, 22-Nov-2022,1031.5,1021.0,1129.95,986.15, 1004.00,1027.55,1082.45,665661,7205.44,37003, 65830, 9.89,-0.38
IFBIND, EQ, 22-Nov-2023,1020.35,1029.95,1045.0,1020.85, 1024.00,1025.65,1030.06,280656,2890.91,17260, 199891, 71.22,0.52
IFBIND, EQ, 22-Nov-2024,1553.95,1558.55,1581.95,1532.55,1578.1,1574.15,1561.38,189498,2958.78,4254, 169912, 89.66,1.3
IFBIND, EQ, 22-Dec-2020,1038.8,1038.0,1109.0,980.75, 1090.00,1097.0,1048.81,116378,1220.58,5158, 48108, 41.34,5.6
IFBIND, EQ, 22-Dec-2021,1124.8,1130.35,1146.95,1122.95, 1130.10,1133.0,1137.8,3181,36.19,595, 1478, 46.46,0.73
IFBIND, EQ, 22-Dec-2022,945.6,940.0,951.95,911.0, 920.00,916.75,925.89,17472,161.77,3632, 6115, 35.00,-3.05
IFBIND, EQ, 22-Dec-2023,915.85,920.0,926.0,906.0, 906.00,908.15,910.72,50837,462.98,4718, 34275, 67.42,-0.84
IFBIND, EQ, 23-Jan-2020,668.05,667.3,685.95,667.3, 675.00,678.3,680.35,11459,77.96,749, 6915, 60.35,1.53
IFBIND, EQ, 23-Jan-2023,883.85,888.0,894.9,880.0,889.1,884.4,887.39,12112,107.48,2772, 3446, 28.45,0.06
IFBIND, EQ, 23-Jan-2024,1000.65,1001.0,1063.4,1001.0, 1011.00,1008.45,1043.89,250250,2612.34,16402, 177733, 71.02,0.78
IFBIND, EQ, 23-Jan-2025,1770.65,1770.65,1831.45,1770.6,1797.5,1793.55,1807.05,23588,426.25,3117, 10476, 44.41,1.29
IFBIND, EQ, 23-Feb-2021,1215.7,1222.1,1304.95,1215.7, 1248.05,1242.55,1263.71,58437,738.48,5934, 14408, 24.66,2.21
IFBIND, EQ, 23-Feb-2022,900.5,901.1,939.0,899.0,920.7,915.15,918.14,6502,59.7,1432, 3141, 48.31,1.63
IFBIND, EQ, 23-Feb-2023,850.95,853.8,862.2,837.6,850.0,840.75,852.19,10012,85.32,1361, 4234, 42.29,-1.2
IFBIND, EQ, 23-Feb-2024,1366.6,1370.0,1387.4,1350.4, 1381.00,1377.15,1371.32,13459,184.57,1441, 8157, 60.61,0.77
IFBIND, EQ, 23-Mar-2020,270.45,250.0,278.0,243.45, 243.45,243.45,248.32,17954,44.58,832, 15810, 88.06,-9.98
IFBIND, EQ, 23-Mar-2021,1027.4,1030.0,1055.0,999.5, 1036.00,1036.1,1022.3,76762,784.74,8452, 33829, 44.07,0.85
IFBIND, EQ, 23-Mar-2022,937.7,937.7,1036.15,937.65, 993.00,1005.95,1016.93,1013521,10306.84,65069, 48170, 4.75,7.28
IFBIND, EQ, 23-Mar-2023,796.3,796.05,808.8,791.0, 791.10,793.9,798.71,6477,51.73,701, 4062, 62.71,-0.3
IFBIND, EQ, 23-Apr-2020,438.55,440.0,456.35,413.0,435.05,436.4,441.08,51151,225.62,2422, 26195, 51.21,-0.49
IFBIND, EQ, 23-Apr-2021,1008.75,1013.8,1045.45,987.0,995.0,996.9,1015.19,43626,442.89,4678, 19740, 45.25,-1.17
IFBIND, EQ, 23-Apr-2024,1586.1,1590.0,1620.15,1547.45,1570.0,1562.1,1579.46,64642,1021.0,11872, 24534, 37.95,-1.51
IFBIND, EQ, 23-Apr-2025,1385.8,1410.0,1410.0,1350.0,1371.0,1361.9,1368.48,40140,549.31,6265, 17179, 42.80,-1.72
IFBIND, EQ, 23-May-2022,869.05,873.4,897.0,866.75,878.1,880.85,877.39,22793,199.98,1883, 14354, 62.98,1.36
IFBIND, EQ, 23-May-2023,824.55,829.0,829.0,818.0, 829.00,822.5,824.47,13120,108.17,1905, 7239, 55.18,-0.25
IFBIND, EQ, 23-May-2024,1392.8,1392.8,1415.3,1384.0,1409.0,1404.5,1398.2,27208,380.42,5409, 14814, 54.45,0.84
IFBIND, EQ, 23-Jun-2020,404.55,409.9,411.0,400.0, 403.25,403.65,405.8,35225,142.94,2955, 19921, 56.55,-0.22
IFBIND, EQ, 23-Jun-2021,1089.5,1105.0,1130.0,1059.5, 1072.00,1071.95,1097.61,61270,672.51,6246, 20219, 33.00,-1.61
IFBIND, EQ, 23-Jun-2022,859.3,862.5,875.0,860.45,864.55,865.8,868.09,7663,66.52,826, 3548, 46.30,0.76
IFBIND, EQ, 23-Jun-2023,810.45,808.0,814.55,800.0, 802.00,803.75,804.74,12669,101.95,1301, 6820, 53.83,-0.83
IFBIND, EQ, 23-Jul-2020,374.95,376.1,395.0,370.0, 387.70,388.85,386.37,62134,240.07,3957, 30696, 49.40,3.71
IFBIND, EQ, 23-Jul-2021,1053.4,1062.25,1067.0,1032.0,1040.15,1040.7,1048.69,15719,164.84,1784, 7617, 48.46,-1.21
IFBIND, EQ, 23-Jul-2024,1623.65,1629.0,1665.0,1480.0,1645.95,1650.05,1599.86,61517,984.18,6758, 32496, 52.82,1.63
IFBIND, EQ, 23-Aug-2021,908.25,939.95,939.95,885.2, 908.50,910.4,912.85,27979,255.41,3605, 9251, 33.06,0.24
IFBIND, EQ, 23-Aug-2022,1063.3,1063.0,1079.0,1040.0, 1045.50,1046.8,1051.44,117460,1235.02,2230, 107260, 91.32,-1.55
IFBIND, EQ, 23-Aug-2023,890.65,898.5,900.0,891.25, 899.50,894.6,898.29,60061,539.52,2268, 46532, 77.47,0.44
IFBIND, EQ, 23-Aug-2024,2006.8,2036.9,2129.0,2010.8,2086.0,2081.7,2085.01,97120,2024.96,15052, 34638, 35.67,3.73
IFBIND, EQ, 23-Sep-2020,568.0,572.05,586.0,555.0, 573.00,571.9,571.1,77429,442.2,5432, 16741, 21.62,0.69
IFBIND, EQ, 23-Sep-2021,1205.6,1217.9,1234.45,1188.25, 1198.45,1206.4,1210.78,92349,1118.15,6414, 42686, 46.22,0.07
IFBIND, EQ, 23-Sep-2022,975.6,980.5,992.9,950.0, 954.00,954.85,958.17,8894,85.22,2070, 5221, 58.70,-2.13
IFBIND, EQ, 23-Sep-2024,1871.95,1879.0,1899.45,1857.55,1895.1,1887.2,1875.68,19327,362.51,3763, 9149, 47.34,0.81
IFBIND, EQ, 23-Oct-2020,718.5,722.1,734.8,711.5, 713.10,718.25,721.27,51847,373.96,2746, 22490, 43.38,-0.03
IFBIND, EQ, 23-Oct-2023,919.75,919.75,924.7,890.0, 901.00,897.5,912.12,29428,268.42,8731, 18378, 62.45,-2.42
IFBIND, EQ, 23-Oct-2024,2228.75,2235.05,2319.85,2126.0,2252.0,2273.2,2246.35,78495,1763.27,10274, 28656, 36.51,1.99
IFBIND, EQ, 23-Nov-2020,761.15,773.0,775.0,750.0, 760.00,759.3,763.67,24105,184.08,2416, 12543, 52.03,-0.24
IFBIND, EQ, 23-Nov-2021,1265.45,1239.0,1276.4,1239.0,1256.85,1257.6,1260.93,15838,199.71,3111, 8643, 54.57,-0.62
IFBIND, EQ, 23-Nov-2022,1027.55,1016.0,1048.0,990.0,999.0,999.3,1015.98,139767,1420.0,9778, 31761, 22.72,-2.75
IFBIND, EQ, 23-Nov-2023,1025.65,1034.5,1043.95,1001.5, 1007.00,1006.1,1025.77,230431,2363.68,6822, 186832, 81.08,-1.91
IFBIND, EQ, 23-Dec-2020,1097.0,1104.0,1165.0,1104.0,1132.0,1133.15,1139.8,106776,1217.04,5641, 48826, 45.73,3.3
IFBIND, EQ, 23-Dec-2021,1133.0,1133.0,1138.65,1112.0, 1125.00,1119.4,1124.19,4222,47.46,867, 2315, 54.83,-1.2
IFBIND, EQ, 23-Dec-2022,916.75,910.0,911.35,870.0, 877.15,877.3,887.44,18712,166.06,4016, 7043, 37.64,-4.3
IFBIND, EQ, 23-Dec-2024,1782.7,1830.0,1856.0,1763.3,1820.0,1821.15,1817.78,65383,1188.52,8122, 26679, 40.80,2.16
IFBIND, EQ, 24-Jan-2020,678.3,685.0,687.5,668.85,672.95,672.35,679.1,16706,113.45,967, 8283, 49.58,-0.88
IFBIND, EQ, 24-Jan-2022,1161.1,1144.0,1165.0,1136.35,1164.9,1149.0,1147.96,45546,522.85,4130, 28856, 63.36,-1.04
IFBIND, EQ, 24-Jan-2023,884.4,897.85,920.05,870.0,880.4,877.8,888.0,19148,170.03,3318, 5635, 29.43,-0.75
IFBIND, EQ, 24-Jan-2024,1008.45,1013.45,1155.0,1013.45, 1130.00,1125.85,1114.11,1081990,12054.51,96491, 147039, 13.59,11.64
IFBIND, EQ, 24-Jan-2025,1793.55,1810.0,1810.0,1680.1,1693.5,1693.75,1736.52,27881,484.16,3490, 14730, 52.83,-5.56
IFBIND, EQ, 24-Feb-2020,517.2,528.0,528.0,500.1, 511.90,505.6,514.16,18692,96.11,1356, 10237, 54.77,-2.24
IFBIND, EQ, 24-Feb-2021,1242.55,1243.0,1300.0,1090.3, 1251.30,1255.6,1268.98,25590,324.73,3510, 8609, 33.64,1.05
IFBIND, EQ, 24-Feb-2022,915.15,910.0,910.0,870.05, 881.00,886.05,887.88,15772,140.04,3239, 7709, 48.88,-3.18
IFBIND, EQ, 24-Feb-2023,840.75,845.0,866.4,843.3, 852.00,854.15,855.35,11692,100.01,1245, 3114, 26.63,1.59
IFBIND, EQ, 24-Feb-2025,1191.4,1190.0,1206.55,1158.95,1168.0,1166.15,1177.21,37899,446.15,3527, 23004, 60.70,-2.12
IFBIND, EQ, 24-Mar-2020,243.45,261.9,267.75,219.15, 261.00,260.25,248.09,24548,60.9,1183, 17626, 71.80,6.9
IFBIND, EQ, 24-Mar-2021,1036.1,1021.15,1046.15,1002.65, 1014.50,1007.35,1020.47,53865,549.68,5470, 29360, 54.51,-2.77
IFBIND, EQ, 24-Mar-2022,1005.95,990.0,995.0,972.0, 975.00,982.25,981.78,76520,751.26,5458, 15882, 20.76,-2.36
IFBIND, EQ, 24-Mar-2023,793.9,797.6,797.6,775.65, 775.80,776.95,785.7,8272,64.99,1185, 4470, 54.04,-2.14
IFBIND, EQ, 24-Mar-2025,1264.85,1300.0,1324.7,1274.1,1305.0,1306.8,1303.38,118947,1550.33,14347, 51678, 43.45,3.32
IFBIND, EQ, 24-Apr-2020,436.4,425.5,434.9,410.0,410.5,411.55,419.29,41727,174.96,1824, 24414, 58.51,-5.69
IFBIND, EQ, 24-Apr-2023,836.0,836.0,843.75,825.0, 832.95,830.9,832.37,12112,100.82,1931, 5147, 42.50,-0.61
IFBIND, EQ, 24-Apr-2024,1562.1,1574.45,1720.25,1571.55, 1673.00,1669.7,1670.5,511474,8544.19,43456, 129210, 25.26,6.89
IFBIND, EQ, 24-Apr-2025,1361.9,1360.0,1415.0,1325.3,1330.0,1337.0,1365.14,233182,3183.26,25777, 20903, 8.96,-1.83
IFBIND, EQ, 24-May-2021,972.4,979.7,990.0,965.4, 972.10,971.75,973.68,33681,327.95,2696, 17496, 51.95,-0.07
IFBIND, EQ, 24-May-2022,880.85,880.95,886.15,861.1,867.0,862.35,869.04,10473,91.01,1440, 5025, 47.98,-2.1
IFBIND, EQ, 24-May-2023,822.5,826.65,826.65,816.55, 820.00,819.3,819.97,10334,84.74,1456, 4664, 45.13,-0.39
IFBIND, EQ, 24-May-2024,1404.5,1404.5,1533.6,1404.5,1488.0,1480.6,1493.56,277233,4140.63,27834, 66815, 24.10,5.42
IFBIND, EQ, 24-Jun-2020,403.65,408.5,410.45,394.0,404.0,396.3,404.24,32414,131.03,2949, 18377, 56.69,-1.82
IFBIND, EQ, 24-Jun-2021,1071.95,1079.95,1101.15,1055.25, 1062.00,1062.9,1080.2,30758,332.25,2985, 6137, 19.95,-0.84
IFBIND, EQ, 24-Jun-2022,865.8,869.4,887.0,869.15, 876.20,874.1,876.21,12046,105.55,1641, 2688, 22.31,0.96
IFBIND, EQ, 24-Jun-2024,1597.25,1597.4,1689.0,1565.5,1634.9,1641.0,1641.08,129706,2128.58,13041, 45983, 35.45,2.74
IFBIND, EQ, 24-Jul-2020,388.85,388.9,388.9,378.0,379.85,379.15,380.41,48743,185.42,2405, 33922, 69.59,-2.49
IFBIND, EQ, 24-Jul-2023,835.4,836.4,865.8,836.05, 845.00,842.95,856.44,305308,2614.78,16641, 213893, 70.06,0.9
IFBIND, EQ, 24-Jul-2024,1650.05,1643.4,1731.25,1633.5,1717.3,1719.3,1694.13,60049,1017.31,6229, 38872, 64.73,4.2
IFBIND, EQ, 24-Aug-2020,440.2,447.5,454.15,440.0,448.8,449.6,446.01,284007,1266.7,4500, 225744, 79.49,2.14
IFBIND, EQ, 24-Aug-2021,910.4,910.4,920.0,880.0, 887.00,886.25,896.16,38145,341.84,3767, 18976, 49.75,-2.65
IFBIND, EQ, 24-Aug-2022,1046.8,1045.5,1060.0,1043.0,1050.75,1049.3,1047.76,111616,1169.47,1438, 105242, 94.29,0.24
IFBIND, EQ, 24-Aug-2023,894.6,895.1,949.0,889.55, 934.65,936.9,931.81,239667,2233.23,16875, 84263, 35.16,4.73
IFBIND, EQ, 24-Sep-2020,571.9,555.0,568.9,543.0, 552.00,548.5,553.22,64184,355.08,5043, 19698, 30.69,-4.09
IFBIND, EQ, 24-Sep-2021,1206.4,1217.85,1261.75,1200.0, 1220.00,1226.0,1233.55,117879,1454.1,10162, 41917, 35.56,1.62
IFBIND, EQ, 24-Sep-2024,1887.2,1903.45,1953.95,1840.0,1850.0,1849.0,1893.85,48757,923.38,6382, 22686, 46.53,-2.02
IFBIND, EQ, 24-Oct-2024,2273.2,2256.85,2281.95,2175.0,2182.0,2185.55,2216.98,42681,946.23,5791, 18330, 42.95,-3.86
IFBIND, EQ, 24-Nov-2020,759.3,760.05,775.0,760.0, 764.10,766.15,768.44,30786,236.57,2050, 18213, 59.16,0.9
IFBIND, EQ, 24-Nov-2021,1257.6,1299.0,1299.0,1238.1, 1265.00,1254.2,1268.38,13859,175.78,2069, 5464, 39.43,-0.27
IFBIND, EQ, 24-Nov-2022,999.3,1004.3,1014.3,977.2, 988.85,986.1,992.41,65401,649.05,6170, 9456, 14.46,-1.32
IFBIND, EQ, 24-Nov-2023,1006.1,1010.0,1024.0,1006.1, 1010.00,1009.35,1012.74,30120,305.04,3848, 10505, 34.88,0.32
IFBIND, EQ, 24-Dec-2020,1133.15,1140.95,1170.05,1115.0, 1116.00,1121.4,1139.63,43490,495.63,3353, 15244, 35.05,-1.04
IFBIND, EQ, 24-Dec-2021,1119.4,1125.95,1138.65,1105.8, 1130.00,1124.7,1123.77,3381,37.99,723, 1731, 51.20,0.47
IFBIND, EQ, 24-Dec-2024,1821.15,1820.0,1919.0,1780.65,1899.0,1882.8,1857.78,86069,1598.97,9208, 39354, 45.72,3.39
IFBIND, EQ, 25-Jan-2021,1388.0,1410.05,1454.7,1391.05, 1410.00,1407.85,1423.93,100242,1427.38,9473, 43174, 43.07,1.43
IFBIND, EQ, 25-Jan-2022,1149.0,1121.0,1160.0,1113.15,1140.0,1137.9,1137.55,11996,136.46,1918, 7215, 60.15,-0.97
IFBIND, EQ, 25-Jan-2023,877.8,880.0,882.2,871.35, 876.00,874.5,876.74,11864,104.02,2224, 3935, 33.17,-0.38
IFBIND, EQ, 25-Jan-2024,1125.85,1120.9,1274.75,1116.65, 1230.00,1241.15,1214.22,1003544,12185.22,56416, 368278, 36.70,10.24
IFBIND, EQ, 25-Feb-2020,505.6,511.0,520.75,500.1, 504.00,505.45,506.43,11282,57.14,1009, 5992, 53.11,-0.03
IFBIND, EQ, 25-Feb-2021,1255.6,1277.25,1281.0,1221.0, 1245.00,1242.75,1258.55,19405,244.22,2674, 9171, 47.26,-1.02
IFBIND, EQ, 25-Feb-2022,886.05,890.0,917.65,890.0,913.6,910.35,910.08,4697,42.75,1077, 2398, 51.05,2.74
IFBIND, EQ, 25-Feb-2025,1166.15,1170.95,1188.0,1136.7,1149.0,1145.75,1164.97,86720,1010.26,7369, 70230, 80.98,-1.75
IFBIND, EQ, 25-Mar-2020,260.25,241.65,286.0,234.25, 245.00,239.85,244.77,119233,291.84,4145, 65582, 55.00,-7.84
IFBIND, EQ, 25-Mar-2021,1007.35,1012.4,1016.0,970.75,975.0,985.75,987.42,74655,737.15,4732, 44313, 59.36,-2.14
IFBIND, EQ, 25-Mar-2022,982.25,987.2,992.0,950.2,961.0,961.15,975.0,27473,267.86,3310, 8882, 32.33,-2.15
IFBIND, EQ, 25-Mar-2025,1306.8,1349.0,1349.0,1275.1,1293.9,1294.85,1305.44,108024,1410.19,14041, 48224, 44.64,-0.91
IFBIND, EQ, 25-Apr-2022,956.4,952.0,952.0,927.55,935.0,934.85,935.81,27093,253.54,1005, 23549, 86.92,-2.25
IFBIND, EQ, 25-Apr-2023,830.9,832.55,899.7,832.35,864.0,866.85,884.38,454697,4021.23,18454, 28166, 6.19,4.33
IFBIND, EQ, 25-Apr-2024,1669.7,1669.75,1677.75,1621.05, 1648.15,1656.25,1646.42,62560,1030.0,8741, 18140, 29.00,-0.81
IFBIND, EQ, 25-Apr-2025,1337.0,1349.0,1349.0,1260.0,1262.1,1272.3,1286.33,48314,621.48,8695, 22740, 47.07,-4.84
IFBIND, EQ, 25-May-2021,971.75,978.0,1110.8,977.45, 1090.00,1094.4,1062.62,458355,4870.58,32165, 101957, 22.24,12.62
IFBIND, EQ, 25-May-2022,862.35,871.4,871.4,835.0, 841.45,845.05,853.14,10302,87.89,933, 5749, 55.80,-2.01
IFBIND, EQ, 25-May-2023,819.3,823.0,823.35,813.2, 819.00,819.0,817.26,6249,51.07,1181, 3142, 50.28,-0.04
IFBIND, EQ, 25-Jun-2020,396.3,392.0,403.65,391.0, 401.00,401.1,397.78,32886,130.81,2929, 16083, 48.91,1.21
IFBIND, EQ, 25-Jun-2021,1062.9,1070.95,1082.95,1055.0, 1060.20,1059.5,1066.36,15623,166.6,1837, 6535, 41.83,-0.32
IFBIND, EQ, 25-Jun-2024,1641.0,1680.0,1725.5,1641.2,1673.0,1677.65,1692.32,147230,2491.61,14115, 49500, 33.62,2.23
IFBIND, EQ, 25-Jul-2022,938.9,930.05,939.95,921.0, 925.90,925.5,929.06,9875,91.75,1260, 4038, 40.89,-1.43
IFBIND, EQ, 25-Jul-2023,842.95,847.2,865.0,847.2, 860.00,858.9,859.38,159389,1369.75,5852, 121868, 76.46,1.89
IFBIND, EQ, 25-Jul-2024,1719.3,1714.0,1765.0,1679.1,1730.25,1741.45,1742.92,75924,1323.3,6176, 50373, 66.35,1.29
IFBIND, EQ, 25-Aug-2020,449.6,454.0,493.0,452.75, 486.00,481.75,474.49,530256,2515.99,16319, 217078, 40.94,7.15
IFBIND, EQ, 25-Aug-2021,886.25,902.0,902.0,876.25, 885.00,880.25,885.55,30441,269.57,3254, 11180, 36.73,-0.68
IFBIND, EQ, 25-Aug-2022,1049.3,1055.0,1066.95,1040.0,1050.0,1045.35,1055.9,21672,228.83,1644, 14552, 67.15,-0.38
IFBIND, EQ, 25-Aug-2023,936.9,936.9,948.85,918.2, 923.00,928.7,935.29,76771,718.03,6751, 24720, 32.20,-0.88
IFBIND, EQ, 25-Sep-2020,548.5,552.0,633.7,552.0, 618.00,616.55,607.47,334539,2032.23,14608, 52382, 15.66,12.41
IFBIND, EQ, 25-Sep-2023,915.35,916.95,922.95,904.0, 904.00,907.65,910.69,17949,163.46,2615, 8503, 47.37,-0.84
IFBIND, EQ, 25-Sep-2024,1849.0,1849.0,1873.8,1820.0,1845.0,1833.4,1844.83,31222,575.99,5688, 17562, 56.25,-0.84
IFBIND, EQ, 25-Oct-2021,1297.05,1331.0,1352.05,1272.05, 1302.00,1299.85,1313.58,310966,4084.79,30412, 93172, 29.96,0.22
IFBIND, EQ, 25-Oct-2022,930.8,925.9,940.5,922.0,935.4,931.5,928.51,7399,68.7,1975, 3156, 42.65,0.08
IFBIND, EQ, 25-Oct-2023,897.5,902.0,917.85,885.8,896.05,901.7,899.36,28896,259.88,6935, 18234, 63.10,0.47
IFBIND, EQ, 25-Oct-2024,2185.55,2191.45,2191.45,1990.0,2010.0,2027.85,2058.7,137835,2837.62,13448, 73945, 53.65,-7.22
IFBIND, EQ, 25-Nov-2020,766.15,760.0,774.45,754.9, 760.40,759.5,763.89,43891,335.28,1400, 29323, 66.81,-0.87
IFBIND, EQ, 25-Nov-2021,1254.2,1265.0,1284.95,1249.1,1270.6,1262.2,1267.41,11237,142.42,2087, 4256, 37.87,0.64
IFBIND, EQ, 25-Nov-2022,986.1,988.85,1013.0,973.0,980.0,976.15,989.36,60406,597.63,5715, 12839, 21.25,-1.01
IFBIND, EQ, 25-Nov-2024,1574.15,1609.9,1609.9,1549.9,1559.9,1559.95,1562.27,42273,660.42,4924, 18031, 42.65,-0.9
IFBIND, EQ, 26-Feb-2020,505.45,510.0,510.0,475.0, 482.90,479.45,490.69,22698,111.38,1779, 14422, 63.54,-5.14
IFBIND, EQ, 26-Feb-2021,1242.75,1203.95,1247.0,1203.95,1223.7,1220.3,1224.55,26053,319.03,2146, 14001, 53.74,-1.81
IFBIND, EQ, 26-Feb-2024,1377.15,1389.5,1467.45,1350.05, 1442.00,1440.5,1419.07,101592,1441.66,6764, 58984, 58.06,4.6
IFBIND, EQ, 26-Mar-2020,239.85,253.9,263.0,245.1, 260.00,256.5,255.45,26004,66.43,1719, 17089, 65.72,6.94
IFBIND, EQ, 26-Mar-2021,985.75,990.0,1165.0,990.0,1092.0,1093.85,1097.52,383935,4213.76,33433, 65317, 17.01,10.97
IFBIND, EQ, 26-Mar-2024,1341.8,1341.8,1416.0,1326.1,1370.0,1364.8,1364.37,20209,275.72,3984, 8770, 43.40,1.71
IFBIND, EQ, 26-Mar-2025,1294.85,1303.8,1305.0,1248.45,1251.1,1258.05,1278.84,56940,728.17,7819, 29827, 52.38,-2.84
IFBIND, EQ, 26-Apr-2021,996.9,975.05,1001.9,965.1, 980.00,972.5,980.88,84082,824.74,6889, 49705, 59.11,-2.45
IFBIND, EQ, 26-Apr-2022,934.85,939.55,954.95,914.9, 919.00,917.35,926.93,11124,103.11,1500, 6221, 55.92,-1.87
IFBIND, EQ, 26-Apr-2023,866.85,870.0,870.0,843.6, 846.95,847.05,851.96,33796,287.93,3594, 12905, 38.18,-2.28
IFBIND, EQ, 26-Apr-2024,1656.25,1652.3,1658.8,1561.45, 1575.10,1574.4,1602.09,48182,771.92,8069, 20704, 42.97,-4.94
IFBIND, EQ, 26-May-2020,376.45,376.45,380.4,362.65, 363.50,363.05,366.98,36131,132.59,1478, 26030, 72.04,-3.56
IFBIND, EQ, 26-May-2021,1094.4,1110.0,1145.0,1074.85, 1112.50,1111.85,1116.29,339442,3789.16,21311, 85017, 25.05,1.59
IFBIND, EQ, 26-May-2022,845.05,853.7,880.0,831.4,875.0,869.95,853.14,7771,66.3,1064, 2535, 32.62,2.95
IFBIND, EQ, 26-May-2023,819.0,829.0,840.5,818.0,835.55,834.45,831.71,43156,358.93,5515, 15968, 37.00,1.89
IFBIND, EQ, 26-Jun-2020,401.1,408.9,462.05,406.05, 418.05,420.6,432.23,285547,1234.21,14884, 96182, 33.68,4.86
IFBIND, EQ, 26-Jun-2023,803.75,811.45,811.45,797.45, 799.05,798.5,801.1,17842,142.93,1457, 9950, 55.77,-0.65
IFBIND, EQ, 26-Jun-2024,1677.65,1700.0,1730.0,1654.0,1709.7,1714.0,1705.33,115464,1969.04,9066, 45375, 39.30,2.17
IFBIND, EQ, 26-Jul-2021,1040.7,1058.0,1058.0,1033.0,1047.0,1040.5,1049.8,21052,221.0,2397, 9260, 43.99,-0.02
IFBIND, EQ, 26-Jul-2022,925.5,922.95,930.15,905.0,910.0,908.7,916.98,8557,78.47,2277, 3392, 39.64,-1.82
IFBIND, EQ, 26-Jul-2023,858.9,889.0,890.0,855.0, 857.50,857.05,868.2,138739,1204.53,8231, 57281, 41.29,-0.22
IFBIND, EQ, 26-Jul-2024,1741.45,1732.85,1865.0,1716.8, 1864.00,1840.45,1804.48,248094,4476.79,14848, 137992, 55.62,5.68
IFBIND, EQ, 26-Aug-2020,481.75,492.0,533.65,491.7, 506.50,506.7,516.52,677654,3500.23,22800, 216327, 31.92,5.18
IFBIND, EQ, 26-Aug-2021,880.25,893.0,927.0,877.0, 920.00,908.5,893.8,24477,218.78,2776, 8480, 34.64,3.21
IFBIND, EQ, 26-Aug-2022,1045.35,1050.0,1058.9,1036.9,1038.8,1038.9,1046.73,4746,49.68,732, 2912, 61.36,-0.62
IFBIND, EQ, 26-Aug-2024,2081.7,2094.75,2149.3,2032.0,2065.9,2047.15,2084.56,61277,1277.35,11878, 25337, 41.35,-1.66
IFBIND, EQ, 26-Sep-2022,954.85,959.4,959.4,884.4,895.5,900.15,906.53,27886,252.8,5183, 11401, 40.88,-5.73
IFBIND, EQ, 26-Sep-2023,907.65,907.65,918.15,887.0, 899.00,899.1,904.19,18415,166.51,2817, 7784, 42.27,-0.94
IFBIND, EQ, 26-Sep-2024,1833.4,1833.15,1842.3,1777.15,1790.0,1783.95,1796.22,38909,698.89,6168, 20189, 51.89,-2.7
IFBIND, EQ, 26-Oct-2020,718.25,721.85,793.8,720.05,740.5,751.45,769.99,458817,3532.83,20352, 68274, 14.88,4.62
IFBIND, EQ, 26-Oct-2021,1299.85,1290.0,1330.0,1258.8, 1303.00,1304.15,1290.97,78672,1015.63,9808, 27701, 35.21,0.33
IFBIND, EQ, 26-Oct-2023,901.7,901.65,901.65,869.1, 881.00,882.15,878.49,14457,127.0,3423, 6617, 45.77,-2.17
IFBIND, EQ, 26-Nov-2020,759.5,759.5,778.05,756.4, 775.50,772.8,768.82,18954,145.72,1064, 11663, 61.53,1.75
IFBIND, EQ, 26-Nov-2021,1262.2,1268.55,1308.0,1246.65, 1274.00,1262.8,1263.69,27814,351.48,5966, 14915, 53.62,0.05
IFBIND, EQ, 26-Nov-2024,1559.95,1570.0,1601.05,1555.7,1575.0,1570.45,1570.94,30257,475.32,4342, 11015, 36.40,0.67
IFBIND, EQ, 26-Dec-2022,877.3,877.0,915.0,862.45,897.0,897.1,897.06,29602,265.55,8290, 7590, 25.64,2.26
IFBIND, EQ, 26-Dec-2023,908.15,905.5,955.0,905.5, 924.00,933.5,931.23,74329,692.17,8410, 31578, 42.48,2.79
IFBIND, EQ, 26-Dec-2024,1882.8,1909.8,1958.7,1888.2,1950.0,1936.9,1929.67,105239,2030.76,16362, 42659, 40.54,2.87
IFBIND, EQ, 27-Jan-2020,672.35,677.0,677.0,662.5, 664.15,664.4,667.47,14556,97.16,934, 10234, 70.31,-1.18
IFBIND, EQ, 27-Jan-2021,1407.85,1407.85,1459.0,1400.0, 1416.95,1417.1,1416.34,62807,889.56,7160, 21474, 34.19,0.66
IFBIND, EQ, 27-Jan-2022,1137.9,1110.0,1138.65,1090.0, 1098.10,1097.15,1109.73,11747,130.36,1313, 6312, 53.73,-3.58
IFBIND, EQ, 27-Jan-2023,874.5,877.95,898.5,857.0, 870.00,871.0,868.39,14071,122.19,2177, 6254, 44.45,-0.4
IFBIND, EQ, 27-Jan-2025,1693.75,1668.35,1679.9,1566.0,1575.0,1576.7,1595.98,36248,578.51,4702, 17203, 47.46,-6.91
IFBIND, EQ, 27-Feb-2020,479.45,481.0,488.95,460.0, 473.00,470.1,468.81,22575,105.83,1332, 14134, 62.61,-1.95
IFBIND, EQ, 27-Feb-2023,854.15,853.7,853.7,821.3, 825.00,827.25,829.7,9999,82.96,1488, 4506, 45.06,-3.15
IFBIND, EQ, 27-Feb-2024,1440.5,1457.0,1495.0,1400.0, 1455.20,1466.7,1456.34,121121,1763.94,7917, 77620, 64.08,1.82
IFBIND, EQ, 27-Feb-2025,1145.75,1150.0,1160.3,1100.0,1114.0,1104.6,1105.49,123305,1363.12,3461, 113175, 91.78,-3.59
IFBIND, EQ, 27-Mar-2020,256.5,274.0,281.4,250.0, 270.00,270.6,271.02,38517,104.39,1889, 21713, 56.37,5.5
IFBIND, EQ, 27-Mar-2023,776.95,780.85,781.55,751.0, 764.00,756.7,765.42,12143,92.95,1333, 6357, 52.35,-2.61
IFBIND, EQ, 27-Mar-2024,1364.8,1364.8,1390.0,1351.4, 1361.00,1369.25,1370.45,16658,228.29,3072, 9780, 58.71,0.33
IFBIND, EQ, 27-Mar-2025,1258.05,1251.0,1292.85,1247.5,1274.0,1275.45,1271.4,64811,824.0,9964, 30678, 47.33,1.38
IFBIND, EQ, 27-Apr-2020,411.55,410.5,423.95,370.4, 393.40,392.4,394.47,59970,236.56,2531, 31449, 52.44,-4.65
IFBIND, EQ, 27-Apr-2021,972.5,985.8,995.3,961.0,965.2,965.7,973.59,55680,542.09,4989, 33049, 59.36,-0.7
IFBIND, EQ, 27-Apr-2022,917.35,921.95,935.95,910.4,925.0,924.0,924.16,40118,370.75,2103, 28572, 71.22,0.72
IFBIND, EQ, 27-Apr-2023,847.05,847.05,879.8,840.0, 842.00,843.1,857.5,65725,563.59,6071, 16692, 25.40,-0.47
IFBIND, EQ, 27-May-2020,363.05,363.05,399.35,363.0,392.0,396.1,392.28,161515,633.59,4985, 71164, 44.06,9.1
IFBIND, EQ, 27-May-2021,1111.85,1115.0,1115.0,1063.0, 1075.00,1071.05,1084.56,70469,764.28,5442, 32933, 46.73,-3.67
IFBIND, EQ, 27-May-2022,869.95,885.0,899.0,860.1, 865.00,866.4,878.28,9236,81.12,1168, 5122, 55.46,-0.41
IFBIND, EQ, 27-May-2024,1480.6,1492.15,1508.3,1401.85,1417.0,1412.75,1456.56,139227,2027.93,17344, 31675, 22.75,-4.58
IFBIND, EQ, 27-Jun-2022,874.1,876.2,934.75,876.2,915.0,917.95,918.77,67544,620.57,6386, 14076, 20.84,5.02
IFBIND, EQ, 27-Jun-2023,798.5,806.0,808.15,796.1, 800.00,799.45,801.71,11429,91.63,1143, 6605, 57.79,0.12
IFBIND, EQ, 27-Jun-2024,1714.0,1717.65,1748.45,1629.95,1653.0,1657.2,1679.02,75432,1266.51,7744, 39498, 52.36,-3.31
IFBIND, EQ, 27-Jul-2020,379.15,383.5,383.5,371.0,374.15,372.7,373.95,16357,61.17,1460, 11346, 69.36,-1.7
IFBIND, EQ, 27-Jul-2021,1040.5,1054.9,1054.9,1020.0, 1029.00,1024.65,1033.48,12846,132.76,1524, 6788, 52.84,-1.52
IFBIND, EQ, 27-Jul-2022,908.7,901.25,910.5,895.65,910.5,905.15,905.12,10695,96.8,2135, 3330, 31.14,-0.39
IFBIND, EQ, 27-Jul-2023,857.05,864.0,867.65,845.7, 850.70,851.35,852.89,37063,316.11,3250, 15357, 41.43,-0.67
IFBIND, EQ, 27-Aug-2020,506.7,510.0,550.0,507.0,512.0,509.5,514.8,163685,842.66,6453, 78483, 47.95,0.55
IFBIND, EQ, 27-Aug-2021,908.5,919.0,925.2,906.15, 919.00,915.75,913.86,18895,172.67,2353, 7522, 39.81,0.8
IFBIND, EQ, 27-Aug-2024,2047.15,2070.35,2079.75,2012.0,2034.0,2026.65,2039.0,41858,853.48,7221, 17366, 41.49,-1.0
IFBIND, EQ, 27-Sep-2021,1226.0,1232.1,1232.1,1190.0, 1200.00,1203.95,1214.82,33209,403.43,3100, 13920, 41.92,-1.8
IFBIND, EQ, 27-Sep-2022,900.15,906.0,914.0,885.1,891.0,889.7,894.87,8416,75.31,2977, 3659, 43.48,-1.16
IFBIND, EQ, 27-Sep-2023,899.1,899.1,916.85,893.75, 898.85,899.9,900.61,14381,129.52,2316, 7421, 51.60,0.09
IFBIND, EQ, 27-Sep-2024,1783.95,1800.0,1827.6,1790.0,1818.0,1805.5,1806.6,28857,521.33,4256, 13757, 47.67,1.21
IFBIND, EQ, 27-Oct-2020,751.45,745.0,775.95,741.0, 759.95,763.4,764.29,177106,1353.6,8268, 26500, 14.96,1.59
IFBIND, EQ, 27-Oct-2021,1304.15,1316.95,1365.85,1272.2, 1282.75,1282.85,1316.94,105877,1394.33,12019, 30074, 28.40,-1.63
IFBIND, EQ, 27-Oct-2022,931.5,931.0,950.0,930.0,942.95,941.8,939.64,13766,129.35,3003, 3475, 25.24,1.11
IFBIND, EQ, 27-Oct-2023,882.15,872.05,901.95,867.35,875.0,875.2,878.63,42609,374.38,3947, 27895, 65.47,-0.79
IFBIND, EQ, 27-Nov-2020,772.8,788.45,792.45,772.55,777.0,776.1,781.69,17402,136.03,1117, 9083, 52.20,0.43
IFBIND, EQ, 27-Nov-2024,1570.45,1561.05,1699.0,1561.05,1670.0,1666.85,1659.26,116352,1930.58,10653, 47005, 40.40,6.14
IFBIND, EQ, 27-Dec-2021,1124.7,1130.0,1132.7,1120.0, 1125.00,1124.3,1124.9,7190,80.88,1159, 3562, 49.54,-0.04
IFBIND, EQ, 27-Dec-2022,897.1,901.6,922.9,895.0,898.5,898.7,907.59,15591,141.5,3484, 6147, 39.43,0.18
IFBIND, EQ, 27-Dec-2023,933.5,942.95,951.75,930.6, 933.00,934.05,936.82,21525,201.65,2556, 11706, 54.38,0.06
IFBIND, EQ, 27-Dec-2024,1936.9,1936.9,1965.0,1872.2,1888.95,1886.3,1911.45,71508,1366.84,11047, 35434, 49.55,-2.61
IFBIND, EQ, 28-Jan-2020,664.4,666.05,669.85,653.05, 655.50,662.35,663.19,19991,132.58,1282, 12890, 64.48,-0.31
IFBIND, EQ, 28-Jan-2021,1417.1,1385.0,1410.0,1379.45, 1405.00,1400.7,1395.91,32255,450.25,3422, 13785, 42.74,-1.16
IFBIND, EQ, 28-Jan-2022,1097.15,1114.25,1120.2,1070.45, 1070.45,1074.75,1096.27,13515,148.16,1544, 6928, 51.26,-2.04
IFBIND, EQ, 28-Jan-2025,1576.7,1608.9,1645.0,1515.15,1592.0,1617.7,1599.34,54039,864.27,6373, 29890, 55.31,2.6
IFBIND, EQ, 28-Feb-2020,470.1,455.0,505.0,445.0, 484.00,476.55,473.99,40272,190.88,2724, 16098, 39.97,1.37
IFBIND, EQ, 28-Feb-2022,910.35,899.0,911.95,878.45, 890.10,890.1,894.42,12675,113.37,1744, 5704, 45.00,-2.22
IFBIND, EQ, 28-Feb-2023,827.25,827.25,853.5,820.9, 825.80,823.85,835.76,21804,182.23,2633, 4967, 22.78,-0.41
IFBIND, EQ, 28-Feb-2024,1466.7,1468.25,1473.95,1387.05,1415.0,1405.65,1418.81,55578,788.55,6971, 28744, 51.72,-4.16
IFBIND, EQ, 28-Feb-2025,1104.6,1098.0,1103.25,1060.0,1075.0,1070.55,1070.02,58215,622.91,7085, 33015, 56.71,-3.08
IFBIND, EQ, 28-Mar-2022,961.15,961.15,988.5,938.3, 942.70,952.75,967.78,37456,362.49,3831, 9763, 26.07,-0.87
IFBIND, EQ, 28-Mar-2023,756.7,760.5,762.75,722.0, 727.05,727.7,740.39,20147,149.17,2208, 8363, 41.51,-3.83
IFBIND, EQ, 28-Mar-2024,1369.25,1391.0,1525.0,1387.05,1500.0,1505.95,1482.28,317182,4701.53,27353, 115433, 36.39,9.98
IFBIND, EQ, 28-Mar-2025,1275.45,1294.6,1378.0,1278.3,1332.0,1329.65,1331.94,244445,3255.86,24420, 114619, 46.89,4.25
IFBIND, EQ, 28-Apr-2020,392.4,399.0,409.8,390.0, 402.80,403.5,400.28,41685,166.86,1696, 21793, 52.28,2.83
IFBIND, EQ, 28-Apr-2021,965.7,972.0,1025.15,967.3, 1000.00,1002.45,998.68,104358,1042.2,8929, 38205, 36.61,3.81
IFBIND, EQ, 28-Apr-2022,924.0,928.65,975.0,925.85, 944.90,943.65,953.1,25667,244.63,3180, 6693, 26.08,2.13
IFBIND, EQ, 28-Apr-2023,843.1,847.0,860.0,845.0, 846.30,847.35,850.84,21037,178.99,2295, 6998, 33.27,0.5
IFBIND, EQ, 28-May-2020,396.1,398.0,399.8,380.25,387.0,387.35,390.74,140751,549.97,7077, 45592, 32.39,-2.21
IFBIND, EQ, 28-May-2021,1071.05,1079.6,1090.05,1055.0,1066.0,1071.05,1070.76,43859,469.62,3890, 14951, 34.09,0.0
IFBIND, EQ, 28-May-2024,1412.75,1416.95,1438.8,1391.95,1420.0,1411.9,1416.9,55118,780.96,7682, 13892, 25.20,-0.06
IFBIND, EQ, 28-Jun-2021,1059.5,1090.0,1090.0,1065.1, 1073.05,1069.75,1075.12,30436,327.22,3131, 14077, 46.25,0.97
IFBIND, EQ, 28-Jun-2022,917.95,906.0,940.0,901.95, 914.00,920.25,924.27,33518,309.8,3798, 5410, 16.14,0.25
IFBIND, EQ, 28-Jun-2024,1657.2,1655.0,1689.0,1605.1,1635.0,1637.6,1637.64,38523,630.87,3795, 21698, 56.32,-1.18
IFBIND, EQ, 28-Jul-2020,372.7,375.1,377.35,370.0,373.95,372.75,373.51,19237,71.85,1490, 10284, 53.46,0.01
IFBIND, EQ, 28-Jul-2021,1024.65,1024.65,1060.0,1018.0,1022.0,1026.45,1028.69,18104,186.23,2287, 8644, 47.75,0.18
IFBIND, EQ, 28-Jul-2022,905.15,905.15,1014.7,905.15, 1007.00,1001.15,997.88,428320,4274.1,18418, 194886, 45.50,10.61
IFBIND, EQ, 28-Jul-2023,851.35,855.65,871.9,848.0, 870.00,861.3,857.82,35346,303.2,2635, 19872, 56.22,1.17
IFBIND, EQ, 28-Aug-2020,509.5,513.6,516.9,495.0, 499.90,499.85,505.68,115957,586.37,5141, 68021, 58.66,-1.89
IFBIND, EQ, 28-Aug-2023,928.7,930.0,942.0,918.05, 923.10,925.85,932.24,29645,276.36,2883, 13590, 45.84,-0.31
IFBIND, EQ, 28-Aug-2024,2026.65,2045.0,2090.0,1990.6,2050.5,2057.9,2051.51,103437,2122.03,16890, 41342, 39.97,1.54
IFBIND, EQ, 28-Sep-2020,616.55,624.0,638.0,605.5,618.0,619.5,620.49,166242,1031.52,7533,39469,23.74,0.48
IFBIND, EQ, 28-Sep-2021,1203.95,1209.9,1209.9,1144.15, 1173.00,1173.85,1177.28,49026,577.17,4986, 21386, 43.62,-2.5
IFBIND, EQ, 28-Sep-2022,889.7,885.5,900.0,875.0,890.5,881.9,885.22,11351,100.48,3579, 4568, 40.24,-0.88
IFBIND, EQ, 28-Sep-2023,899.9,902.2,909.95,881.0, 897.00,888.6,891.19,45170,402.55,5124, 22535, 49.89,-1.26
IFBIND, EQ, 28-Oct-2020,763.4,766.4,774.0,742.1, 749.70,748.35,756.45,54467,412.02,2789, 19065, 35.00,-1.97
IFBIND, EQ, 28-Oct-2021,1282.85,1273.0,1302.0,1259.6, 1264.50,1264.65,1276.49,25891,330.5,4987, 12354, 47.72,-1.42
IFBIND, EQ, 28-Oct-2022,941.8,932.4,974.0,932.4,951.0,948.5,959.43,50031,480.01,7988, 11554, 23.09,0.71
IFBIND, EQ, 28-Oct-2024,2027.85,1900.0,1900.0,1703.35,1825.0,1823.35,1802.59,199807,3601.71,15922, 71738, 35.90,-10.08
IFBIND, EQ, 28-Nov-2022,976.15,980.5,983.4,963.05, 971.90,968.75,971.3,25237,245.13,4612, 7626, 30.22,-0.76
IFBIND, EQ, 28-Nov-2023,1009.35,1018.0,1053.0,1013.85, 1044.00,1038.35,1029.16,175839,1809.67,15109, 83870, 47.70,2.87
IFBIND, EQ, 28-Nov-2024,1666.85,1682.0,1754.95,1658.05,1720.0,1721.7,1712.76,113727,1947.87,9780, 42929, 37.75,3.29
IFBIND, EQ, 28-Dec-2020,1121.4,1142.0,1150.0,1100.0,1111.1,1108.0,1116.79,70583,788.27,3315, 30938, 43.83,-1.19
IFBIND, EQ, 28-Dec-2021,1124.3,1128.0,1150.0,1123.25,1131.1,1139.6,1134.91,4430,50.28,717, 2259, 50.99,1.36
IFBIND, EQ, 28-Dec-2022,898.7,903.0,914.0,896.0, 899.90,898.35,902.41,6694,60.41,1601, 2442, 36.48,-0.04
IFBIND, EQ, 28-Dec-2023,934.05,928.9,962.25,928.9, 944.15,949.6,946.62,34733,328.79,3627, 18171, 52.32,1.66
IFBIND, EQ, 29-Jan-2020,662.35,661.0,664.0,618.0, 620.00,622.6,632.26,86605,547.57,5424, 40537, 46.81,-6.0
IFBIND, EQ, 29-Jan-2021,1400.7,1434.0,1450.0,1360.0, 1371.00,1375.65,1407.12,68379,962.17,5362, 25074, 36.67,-1.79
IFBIND, EQ, 29-Jan-2024,1241.15,1258.0,1328.55,1193.1, 1250.00,1235.8,1256.67,636043,7992.95,37276, 310886, 48.88,-0.43
IFBIND, EQ, 29-Jan-2025,1617.7,1469.05,1486.0,1370.0,1385.0,1380.9,1408.7,310433,4373.07,18149, 134823, 43.43,-14.64
IFBIND, EQ, 29-Feb-2024,1405.65,1405.65,1417.45,1355.25, 1387.50,1376.15,1381.63,25509,352.44,2481, 13887, 54.44,-2.1
IFBIND, EQ, 29-Mar-2022,952.75,957.5,1030.0,957.45, 1001.00,1001.75,1003.83,139172,1397.05,13694, 25571, 18.37,5.14
IFBIND, EQ, 29-Mar-2023,727.7,726.0,730.95,698.0, 709.00,708.15,709.66,37937,269.22,4202, 18963, 49.99,-2.69
IFBIND, EQ, 29-Apr-2020,403.5,404.0,428.0,404.0,415.0,413.4,419.53,64100,268.92,2305, 34055, 53.13,2.45
IFBIND, EQ, 29-Apr-2021,1002.45,1015.0,1023.85,986.0, 998.90,995.65,1003.26,57167,573.54,4220, 30637, 53.59,-0.68
IFBIND, EQ, 29-Apr-2022,943.65,952.95,1019.9,945.0,960.1,961.55,995.43,175226,1744.26,13959, 22036, 12.58,1.9
IFBIND, EQ, 29-Apr-2024,1574.4,1582.35,1601.4,1535.0, 1543.00,1547.5,1559.68,74957,1169.09,10740, 21233, 28.33,-1.71
IFBIND, EQ, 29-May-2020,387.35,385.0,392.8,366.05, 367.45,370.35,376.08,110545,415.74,4683, 77355, 69.98,-4.39
IFBIND, EQ, 29-May-2023,834.45,825.4,848.0,812.2, 813.05,814.4,821.03,42731,350.84,4161, 24138, 56.49,-2.4
IFBIND, EQ, 29-May-2024,1411.9,1380.0,1380.0,1251.1,1272.0,1265.45,1309.61,240077,3144.08,19505, 98744, 41.13,-10.37
IFBIND, EQ, 29-Jun-2020,420.6,425.0,457.2,415.0, 440.30,441.7,439.31,871649,3829.21,18988, 298714, 34.27,5.02
IFBIND, EQ, 29-Jun-2021,1069.75,1054.8,1071.15,1040.0, 1043.00,1044.4,1053.27,34260,360.85,3011, 19554, 57.08,-2.37
IFBIND, EQ, 29-Jun-2022,920.25,910.0,929.05,891.05, 896.00,901.15,915.72,14756,135.12,1625, 5294, 35.88,-2.08
IFBIND, EQ, 28-Jun-2023,799.45,803.45,846.5,800.0, 820.00,818.75,832.41,196809,1638.25,10063, 56342, 28.63,2.41
IFBIND, EQ, 29-Jul-2020,372.75,374.95,384.4,372.0, 375.00,375.55,377.82,25384,95.91,2111, 12992, 51.18,0.75
IFBIND, EQ, 29-Jul-2021,1026.45,1031.6,1044.95,990.0,1009.95,1004.3,1017.74,38897,395.87,4424, 19938, 51.26,-2.16
IFBIND, EQ, 29-Jul-2022,1001.15,1005.0,1015.0,970.1,1000.0,1000.6,996.61,73258,730.09,7274, 20853, 28.47,-0.05
IFBIND, EQ, 29-Jul-2024,1840.45,1904.4,1929.7,1775.55,1810.0,1790.5,1863.45,332463,6195.29,17895, 140489, 42.26,-2.71
IFBIND, EQ, 29-Aug-2022,1038.9,1022.0,1058.9,1011.0, 1022.20,1038.65,1025.77,12822,131.52,1602, 6609, 51.54,-0.02
IFBIND, EQ, 29-Aug-2023,925.85,929.0,943.0,919.1, 927.00,922.55,932.66,36272,338.3,4384, 15337, 42.28,-0.36
IFBIND, EQ, 29-Aug-2024,2057.9,2060.0,2068.1,1999.8,2005.0,2005.55,2023.51,31490,637.2,4874, 14264, 45.30,-2.54
IFBIND, EQ, 29-Sep-2020,619.5,625.0,638.4,601.0,610.75,607.3,615.5,101381,624.0,4885, 26866, 26.50,-1.97
IFBIND, EQ, 29-Sep-2021,1173.85,1173.85,1178.0,1150.0, 1155.00,1156.85,1161.3,22838,265.22,2914, 9076, 39.74,-1.45
IFBIND, EQ, 29-Sep-2022,881.9,890.5,901.55,860.0,870.0,869.45,880.61,15257,134.35,4494, 7062, 46.29,-1.41
IFBIND, EQ, 29-Sep-2023,888.6,884.0,928.0,884.0, 902.20,903.3,905.33,35376,320.27,5523, 11398, 32.22,1.65
IFBIND, EQ, 29-Oct-2020,748.35,728.5,754.0,725.0,729.0,728.7,735.15,51909,381.61,2051, 35908, 69.17,-2.63
IFBIND, EQ, 29-Oct-2021,1264.65,1247.05,1287.0,1214.75, 1259.00,1251.35,1254.93,81924,1028.09,10414, 41981, 51.24,-1.05
IFBIND, EQ, 29-Oct-2024,1823.35,1761.0,1790.0,1481.65,1516.8,1523.05,1554.97,920262,14309.84,58008, 329615, 35.82,-16.47
IFBIND, EQ, 29-Nov-2021,1262.8,1262.8,1276.05,1135.0, 1157.00,1153.75,1208.15,67094,810.59,11318, 30580, 45.58,-8.64
IFBIND, EQ, 29-Nov-2022,968.75,973.6,977.9,956.0,957.0,958.95,964.18,23176,223.46,4421, 7174, 30.95,-1.01
IFBIND, EQ, 29-Nov-2023,1038.35,1044.1,1049.2,1028.3, 1037.10,1042.8,1038.37,37961,394.18,3870, 19071, 50.24,0.43
IFBIND, EQ, 29-Nov-2024,1721.7,1725.35,1725.35,1665.35,1682.0,1680.15,1684.61,25287,425.99,3139, 10545, 41.70,-2.41
IFBIND, EQ, 29-Dec-2020,1108.0,1111.1,1217.95,1111.1,1190.0,1187.1,1178.76,278000,3276.94,16047, 90561, 32.58,7.14
IFBIND, EQ, 29-Dec-2021,1139.6,1135.3,1143.0,1123.4, 1125.05,1128.25,1130.05,2769,31.29,577, 1502, 54.24,-1.0
IFBIND, EQ, 29-Dec-2022,898.35,900.15,901.0,851.0, 888.00,887.15,883.34,16398,144.85,2483, 6712, 40.93,-1.25
IFBIND, EQ, 29-Dec-2023,949.6,959.0,959.0,931.55, 933.00,939.45,938.92,32773,307.71,3232, 14743, 44.99,-1.07
IFBIND, EQ, 30-Jan-2020,622.6,629.95,632.0,605.05, 609.55,611.05,613.81,27741,170.28,2378, 18189, 65.57,-1.86
IFBIND, EQ, 30-Jan-2023,871.0,875.4,875.4,848.0, 860.00,853.25,856.32,11555,98.95,2512, 6299, 54.51,-2.04
IFBIND, EQ, 30-Jan-2024,1235.8,1248.2,1329.9,1233.4, 1315.00,1307.5,1277.09,793319,10131.37,33409, 388960, 49.03,5.8
IFBIND, EQ, 30-Jan-2025,1380.9,1392.2,1406.6,1359.95,1379.0,1374.4,1383.44,63843,883.23,4558, 32099, 50.28,-0.47
IFBIND, EQ, 30-Mar-2020,270.6,267.9,289.0,252.0, 258.15,259.6,272.01,31474,85.61,2177, 19159, 60.87,-4.07
IFBIND, EQ, 30-Mar-2021,1093.85,1103.7,1190.0,1102.05,1144.0,1152.2,1150.27,373538,4296.68,32667, 66942, 17.92,5.33
IFBIND, EQ, 30-Mar-2022,1001.75,1004.0,1024.7,990.0, 1012.00,1011.3,1011.73,45219,457.5,5383, 16442, 36.36,0.95
IFBIND, EQ, 30-Apr-2020,413.4,416.45,423.7,407.0,409.0,408.7,413.59,29617,122.49,1588, 16939, 57.19,-1.14
IFBIND, EQ, 30-Apr-2021,995.65,990.0,1008.0,975.0,980.1,983.85,994.62,59155,588.37,3029, 42033, 71.06,-1.19
IFBIND, EQ, 30-Apr-2024,1547.5,1547.5,1562.5,1527.35, 1529.95,1533.9,1543.53,35278,544.52,6087, 14321, 40.59,-0.88
IFBIND, EQ, 30-May-2022,866.4,850.8,874.45,836.05, 866.90,857.25,851.6,98507,838.88,4284, 73073, 74.18,-1.06
IFBIND, EQ, 30-May-2023,814.4,822.0,825.2,808.2, 810.00,809.55,813.82,35455,288.54,2901, 21675, 61.13,-0.6
IFBIND, EQ, 30-May-2024,1265.45,1266.05,1285.0,1200.0,1213.5,1211.15,1239.48,91985,1140.13,10027, 37021, 40.25,-4.29
IFBIND, EQ, 30-Jun-2020,441.7,444.7,448.6,408.0, 413.00,415.1,429.36,171688,737.15,8079, 90607, 52.77,-6.02
IFBIND, EQ, 30-Jun-2021,1044.4,1052.65,1065.0,1015.0, 1023.00,1022.0,1038.85,43130,448.06,3346, 24419, 56.62,-2.14
IFBIND, EQ, 30-Jun-2022,901.15,904.65,914.05,890.5,906.0,899.6,903.28,17107,154.52,2319, 4244, 24.81,-0.17
IFBIND, EQ, 30-Jun-2023,818.75,827.95,833.0,808.65, 817.90,812.7,819.89,22744,186.48,2387, 9222, 40.55,-0.74
IFBIND, EQ, 30-Jul-2020,375.55,378.35,384.35,372.0, 374.10,373.7,378.34,24770,93.71,1837, 14342, 57.90,-0.49
IFBIND, EQ, 30-Jul-2021,1004.3,1014.0,1026.95,991.25, 1002.95,997.05,1005.07,32149,323.12,3218, 17099, 53.19,-0.72
IFBIND, EQ, 30-Jul-2024,1790.5,1830.05,1858.0,1770.0,1795.25,1792.55,1813.66,98923,1794.13,9921, 38992, 39.42,0.11
IFBIND, EQ, 30-Aug-2021,915.75,915.75,929.5,896.9, 921.00,921.5,913.27,34281,313.08,3681, 15309, 44.66,0.63
IFBIND, EQ, 30-Aug-2022,1038.65,1043.8,1045.15,1020.5, 1028.50,1024.95,1032.36,5792,59.79,1139, 2836, 48.96,-1.32
IFBIND, EQ, 30-Aug-2023,922.55,927.2,943.0,927.2, 935.00,934.15,935.18,25580,239.22,3619, 10902, 42.62,1.26
IFBIND, EQ, 30-Aug-2024,2005.55,2006.7,2010.8,1960.0,1964.15,1969.2,1974.54,40942,808.41,6401, 17168, 41.93,-1.81
IFBIND, EQ, 30-Sep-2020,607.3,612.2,617.2,595.0,598.75,601.15,606.94,55061,334.19,3210, 10450, 18.98,-1.01
IFBIND, EQ, 30-Sep-2021,1156.85,1159.95,1220.8,1159.95, 1190.00,1189.65,1193.83,59082,705.34,6434, 15437, 26.13,2.84
IFBIND, EQ, 30-Sep-2022,869.45,873.8,926.15,852.15, 923.95,914.85,887.56,20741,184.09,4055, 7850, 37.85,5.22
IFBIND, EQ, 30-Sep-2024,1805.5,1780.0,1843.9,1780.0,1802.0,1807.55,1813.23,25531,462.94,5311, 10374, 40.63,0.11
IFBIND, EQ, 30-Oct-2020,728.7,730.0,746.5,702.4, 706.00,704.9,713.89,55409,395.56,2198, 35870, 64.74,-3.27
IFBIND, EQ, 30-Oct-2023,875.2,876.85,885.4,854.0, 885.00,875.1,876.78,16857,147.8,1547, 8738, 51.84,-0.01
IFBIND, EQ, 30-Oct-2024,1523.05,1560.95,1609.5,1531.55,1545.0,1550.85,1567.51,297772,4667.61,26401, 119138, 40.01,1.83
IFBIND, EQ, 30-Nov-2021,1153.75,1140.1,1173.25,1135.0,1142.0,1139.75,1148.02,28170,323.4,5601, 13226, 46.95,-1.21
IFBIND, EQ, 30-Nov-2022,958.95,960.0,967.5,925.0,934.0,930.0,938.18,55054,516.51,6012, 28054, 50.96,-3.02
IFBIND, EQ, 30-Nov-2023,1042.8,1032.0,1040.0,1015.0, 1030.00,1020.2,1025.78,22102,226.72,2840, 11780, 53.30,-2.17
IFBIND, EQ, 30-Dec-2020,1187.1,1195.65,1198.0,1150.9,1171.0,1165.65,1169.46,48840,571.16,3810, 19830, 40.60,-1.81
IFBIND, EQ, 30-Dec-2021,1128.25,1133.9,1144.75,1121.55, 1129.00,1124.3,1129.23,3342,37.74,633, 1793, 53.65,-0.35
IFBIND, EQ, 30-Dec-2022,887.15,900.0,910.95,893.0,893.0,901.7,901.33,17804,160.47,3284, 4406, 24.75,1.64
IFBIND, EQ, 30-Dec-2024,1886.3,1909.8,1909.8,1810.0,1839.5,1833.0,1854.55,28970,537.26,3775, 15047, 51.94,-2.83
IFBIND, EQ, 31-Jan-2020,611.05,617.95,628.25,595.0, 599.50,598.35,601.62,21785,131.06,1628, 14615, 67.09,-2.08
IFBIND, EQ, 31-Jan-2022,1074.75,1080.0,1092.85,1031.05,1035.0,1037.6,1055.98,14923,157.58,1758, 8624, 57.79,-3.46
IFBIND, EQ, 31-Jan-2023,853.25,847.0,857.55,835.05,850.0,851.7,845.23,18401,155.53,2283, 7380, 40.11,-0.18
IFBIND, EQ, 31-Jan-2024,1307.5,1303.0,1373.5,1303.0, 1345.00,1362.55,1343.61,309399,4157.12,26261, 72070, 23.29,4.21
IFBIND, EQ, 31-Jan-2025,1374.4,1379.0,1498.0,1370.1,1384.0,1384.75,1414.52,266161,3764.89,20110, 90631, 34.05,0.75
IFBIND, EQ, 31-Mar-2020,259.6,274.85,274.85,258.45,271.95,266.4,262.67,30917,81.21,1912, 21301, 68.90,2.62
IFBIND, EQ, 31-Mar-2021,1152.2,1158.3,1159.8,1105.1, 1114.25,1111.55,1129.17,54088,610.75,4846, 18280, 33.80,-3.53
IFBIND, EQ, 31-Mar-2022,1011.3,1014.0,1054.8,1008.0, 1033.30,1040.7,1031.93,80811,833.91,7407, 30697, 37.99,2.91
IFBIND, EQ, 31-Mar-2023,708.15,710.0,749.55,710.0, 728.40,737.5,725.11,26022,188.69,2385, 14155, 54.40,4.14
IFBIND, EQ, 31-May-2021,1071.05,1077.25,1077.25,1044.0, 1050.80,1054.4,1057.77,37338,394.95,2644, 24596, 65.87,-1.55
IFBIND, EQ, 31-May-2022,857.25,861.55,878.0,855.05, 867.00,866.9,868.58,10413,90.44,995, 4547, 43.67,1.13
IFBIND, EQ, 31-May-2023,809.55,813.85,815.3,801.0, 803.70,804.45,806.99,15635,126.17,1909, 7383, 47.22,-0.63
IFBIND, EQ, 31-May-2024,1211.15,1215.95,1273.3,1185.85,1187.2,1189.85,1214.56,74225,901.51,10164, 29778, 40.12,-1.76
IFBIND, EQ, 31-Jul-2020,373.7,374.15,377.7,370.0,371.75,371.15,372.58,22640,84.35,1862, 15875, 70.12,-0.68
IFBIND, EQ, 31-Jul-2023,861.3,865.0,865.65,830.0, 831.45,831.15,839.64,67179,564.06,7304, 31807, 47.35,-3.5
IFBIND, EQ, 31-Jul-2024,1792.55,1823.45,1823.45,1756.0,1771.55,1773.3,1784.76,43252,771.94,4837, 24725, 57.16,-1.07
IFBIND, EQ, 31-Aug-2020,499.85,500.15,503.0,454.0, 469.00,465.5,476.46,127439,607.2,11269, 66789, 52.41,-6.87
IFBIND, EQ, 31-Aug-2021,921.5,926.0,930.0,903.7,920.9,917.9,921.55,16165,148.97,1860, 7310, 45.22,-0.39
IFBIND, EQ, 31-Aug-2023,934.15,940.0,948.0,931.7, 946.00,945.8,943.44,52752,497.68,6579, 34276, 64.98,1.25
IFBIND, EQ, 31-Oct-2022,948.5,960.0,986.75,936.0,939.0,951.6,969.09,84941,823.16,8445, 11809, 13.90,0.33
IFBIND, EQ, 31-Oct-2023,875.1,878.95,897.4,868.0, 879.95,875.1,882.61,8385,74.01,1612, 2604, 31.06,0.0
IFBIND, EQ, 31-Oct-2024,1550.85,1551.3,1591.15,1518.0,1545.0,1552.2,1547.26,170250,2634.21,15858, 62044, 36.44,0.09
IFBIND, EQ, 31-Dec-2020,1165.65,1176.6,1193.95,1125.8,1176.55,1168.5,1176.49,39627,466.21,3117, 15295, 38.60,0.24
IFBIND, EQ, 31-Dec-2021,1124.3,1129.95,1139.4,1117.05,1125.0,1124.75,1126.63,3089,34.8,474, 1613, 52.22,0.04
IFBIND, EQ, 31-Dec-2024,1833.0,1850.0,1912.7,1833.0,1897.0,1895.85,1869.92,40177,751.28,5000, 13389, 33.33,3.43
