SYMBOL, SERIES, DATE1, PREV_CLOSE, OPEN_PRICE, HIGH_PRICE, LOW_PRICE, LAST_PRICE, CLOSE_PRICE, AVG_PRICE, TTL_TRD_QNTY, TURNOVER_LACS, NO_OF_TRADES, DELIV_QTY, DELIV_PER,PER_CHANGE
INDUSINDBK, EQ, 01-Jan-2020,1510.0,1512.0,1523.95,1480.8, 1486.95,1484.3,1494.31,2135253,31907.33,55819, 429833, 20.13,-1.7
INDUSINDBK, EQ, 01-Jan-2021,894.95,895.0,904.0,893.05, 901.15,900.15,899.82,4632855,41687.31,64207, 681808, 14.72,0.58
INDUSINDBK, EQ, 01-Jan-2024,1598.95,1598.95,1611.4,1591.8, 1595.00,1598.85,1602.09,1341121,21485.95,84504, 548895, 40.93,-0.01
INDUSINDBK, EQ, 01-Jan-2025,960.15,958.6,979.3,953.5,970.4,969.4,970.55,4024591,39060.57,89665, 2393506, 59.47,0.96
INDUSINDBK, EQ, 01-Feb-2021,846.1,859.0,981.4,856.0, 974.20,970.6,931.95,38067807,354771.25,553461, 8238936, 21.64,14.71
INDUSINDBK, EQ, 01-Feb-2022,872.1,879.0,927.0,879.0,925.0,922.3,904.04,11628936,105130.37,261584, 3852730, 33.13,5.76
INDUSINDBK, EQ, 01-Feb-2023,1082.95,1094.0,1119.0,990.0, 1040.40,1041.85,1072.82,7563064,81138.17,183550, 3286181, 43.45,-3.8
INDUSINDBK, EQ, 01-Feb-2024,1534.05,1537.75,1547.55,1523.55, 1536.95,1541.15,1538.79,2240634,34478.59,121392, 1073768, 47.92,0.46
INDUSINDBK, EQ, 01-Mar-2021,1062.95,1075.0,1096.6,1063.15, 1069.20,1067.95,1075.78,6358886,68407.32,122954, 1723273, 27.10,0.47
INDUSINDBK, EQ, 01-Mar-2023,1077.7,1077.05,1106.55,1070.1, 1104.05,1100.45,1087.18,4006038,43552.83,99753, 1623447, 40.53,2.11
INDUSINDBK, EQ, 01-Mar-2024,1474.9,1480.0,1528.75,1477.85, 1524.00,1526.65,1508.36,3549401,53537.64,159490, 1988568, 56.03,3.51
INDUSINDBK, EQ, 01-Apr-2020,351.3,386.4,390.0,320.0,342.5,342.25,351.13,33428325,117376.93,692030, 4800627, 14.36,-2.58
INDUSINDBK, EQ, 01-Apr-2021,954.45,964.0,997.0,959.1, 996.00,993.3,974.71,7932671,77320.53,128089, 2379494, 30.00,4.07
INDUSINDBK, EQ, 01-Apr-2022,935.4,929.45,970.95,929.15, 968.00,968.6,956.56,5222165,49953.33,89422, 1535300, 29.40,3.55
INDUSINDBK, EQ, 01-Apr-2024,1553.0,1553.0,1572.75,1539.0, 1542.95,1542.4,1554.06,2159432,33558.97,99538, 914416, 42.35,-0.68
INDUSINDBK, EQ, 01-Apr-2025,649.85,649.0,689.8,646.85,682.7,682.7,679.29,14019630,95233.81,240365, 4019255, 28.67,5.06
INDUSINDBK, EQ, 01-Jun-2020,393.65,402.3,416.8,401.05, 409.85,410.1,410.14,22991324,94295.97,255855, 3018809, 13.13,4.18
INDUSINDBK, EQ, 01-Jun-2021,1013.0,1016.0,1031.35,1006.0, 1009.85,1010.05,1016.09,3766919,38275.38,80586, 644923, 17.12,-0.29
INDUSINDBK, EQ, 01-Jun-2022,930.85,930.85,938.35,918.7,931.5,928.35,927.92,1144864,10623.38,33753, 297678, 26.00,-0.27
INDUSINDBK, EQ, 01-Jun-2023,1286.6,1280.0,1298.0,1251.5, 1291.00,1290.15,1287.32,3244947,41772.76,77821, 1372455, 42.30,0.28
INDUSINDBK, EQ, 01-Jul-2020,474.8,480.5,494.6,475.15, 492.20,492.45,487.13,20509479,99907.89,227925, 4005449, 19.53,3.72
INDUSINDBK, EQ, 01-Jul-2021,1016.35,1011.0,1016.95,1000.0, 1007.05,1007.7,1009.29,3070067,30985.95,49955, 461867, 15.04,-0.85
INDUSINDBK, EQ, 01-Jul-2022,794.35,793.0,810.0,783.0,808.0,807.2,801.82,2796110,22419.77,54252, 833883, 29.82,1.62
INDUSINDBK, EQ, 01-Jul-2024,1464.5,1468.95,1469.0,1452.95,1456.5,1456.9,1457.73,3166439,46157.99,131526, 1694027, 53.50,-0.52
INDUSINDBK, EQ, 01-Aug-2022,1043.5,1040.0,1047.9,1024.55, 1039.00,1040.15,1036.34,4299697,44559.29,103064, 2233163, 51.94,-0.32
INDUSINDBK, EQ, 01-Aug-2023,1417.75,1420.75,1423.2,1389.35, 1396.50,1394.6,1399.1,1578914,22090.52,75571, 762377, 48.28,-1.63
INDUSINDBK, EQ, 01-Aug-2024,1427.8,1432.0,1440.0,1416.8,1417.9,1419.85,1428.89,4074181,58215.74,130846, 2728614, 66.97,-0.56
INDUSINDBK, EQ, 01-Sep-2020,630.2,638.1,662.5,588.7, 631.50,627.45,631.01,47295465,298437.48,490236, 2781921, 5.88,-0.44
INDUSINDBK, EQ, 01-Sep-2021,992.4,994.0,1025.0,993.0,998.1,998.75,1007.22,3854558,38823.7,102331, 1139028, 29.55,0.64
INDUSINDBK, EQ, 01-Sep-2022,1107.45,1097.65,1121.0,1095.0,1113.0,1111.4,1112.09,3487969,38789.29,141969, 1485955, 42.60,0.36
INDUSINDBK, EQ, 01-Sep-2023,1378.15,1382.0,1423.6,1376.2, 1415.00,1416.55,1406.88,2792033,39280.48,136660, 1472327, 52.73,2.79
INDUSINDBK, EQ, 01-Oct-2020,527.4,540.0,597.05,537.0, 593.00,592.2,573.24,49858887,285812.84,490730, 6504715, 13.05,12.29
INDUSINDBK, EQ, 01-Oct-2021,1111.9,1104.0,1112.0,1091.3, 1103.05,1104.05,1102.34,1940798,21394.18,42251, 523160, 26.96,-0.71
INDUSINDBK, EQ, 01-Oct-2024,1447.6,1450.0,1450.3,1404.65,1409.15,1409.7,1417.7,3377999,47889.76,127546, 1807312, 53.50,-2.62
INDUSINDBK, EQ, 01-Nov-2021,1140.2,1158.0,1235.0,1146.05, 1226.00,1229.1,1207.96,10563295,127600.87,223872, 2734502, 25.89,7.8
INDUSINDBK, EQ, 01-Nov-2022,1142.65,1146.5,1159.9,1145.0,1150.5,1151.15,1151.57,2664189,30680.01,70660, 1429775, 53.67,0.74
INDUSINDBK, EQ, 01-Nov-2023,1441.3,1443.9,1445.6,1427.15, 1434.90,1432.6,1436.14,2658439,38178.8,107596, 1137064, 42.77,-0.6
INDUSINDBK, EQ, 01-Dec-2020,857.65,863.0,900.0,858.1,900.0,895.5,881.48,14690547,129493.91,219225, 1851697, 12.60,4.41
INDUSINDBK, EQ, 01-Dec-2021,883.0,891.0,938.75,890.15,934.5,933.65,924.3,14626216,135189.5,230994, 4635520, 31.69,5.74
INDUSINDBK, EQ, 01-Dec-2022,1167.8,1175.0,1180.95,1162.1,1172.0,1173.9,1172.69,2693170,31582.65,84783, 1197434, 44.46,0.52
INDUSINDBK, EQ, 01-Dec-2023,1466.1,1479.0,1493.0,1458.15, 1461.90,1461.05,1471.96,4063279,59809.7,109519, 2212565, 54.45,-0.34
INDUSINDBK, EQ, 02-Jan-2020,1484.3,1491.75,1534.3,1486.1, 1533.00,1529.0,1508.49,2365906,35689.37,76221, 512709, 21.67,3.01
INDUSINDBK, EQ, 02-Jan-2023,1220.1,1220.1,1231.1,1211.75, 1226.45,1226.35,1220.74,2587946,31592.06,69561, 1067235, 41.24,0.51
INDUSINDBK, EQ, 02-Jan-2024,1598.85,1594.1,1598.25,1570.0, 1571.00,1575.6,1583.72,1227193,19435.36,89821, 607542, 49.51,-1.45
INDUSINDBK, EQ, 02-Jan-2025,969.4,975.5,998.0,968.8,996.0,991.35,983.35,3956740,38908.67,112313, 2257859, 57.06,2.26
INDUSINDBK, EQ, 02-Feb-2021,970.6,982.4,999.0,949.3, 974.40,975.65,974.04,20556081,200224.18,322322, 3550263, 17.27,0.52
INDUSINDBK, EQ, 02-Feb-2022,922.3,930.1,981.8,930.1, 968.00,975.35,963.13,14380553,138502.94,271920, 5683051, 39.52,5.75
INDUSINDBK, EQ, 02-Feb-2023,1041.85,1034.9,1081.0,1028.4, 1080.00,1075.9,1059.91,4494575,47638.24,139275, 1596462, 35.52,3.27
INDUSINDBK, EQ, 02-Feb-2024,1541.15,1551.0,1564.85,1529.55, 1532.75,1533.75,1552.64,3554450,55187.66,169557, 2195102, 61.76,-0.48
INDUSINDBK, EQ, 02-Mar-2020,1104.05,1130.0,1136.95,1070.05, 1075.00,1079.25,1111.02,5724823,63603.73,107304, 2174042, 37.98,-2.25
INDUSINDBK, EQ, 02-Mar-2021,1067.95,1075.0,1086.3,1060.0,1074.0,1073.35,1071.7,4917345,52699.33,99556, 1110502, 22.58,0.51
INDUSINDBK, EQ, 02-Mar-2022,920.7,907.0,912.65,887.55, 908.00,906.35,899.8,4507940,40562.3,113466, 1313486, 29.14,-1.56
INDUSINDBK, EQ, 02-Mar-2023,1100.45,1099.95,1110.5,1093.4, 1099.95,1102.05,1101.21,3831094,42188.38,67439, 741067, 19.34,0.15
INDUSINDBK, EQ, 02-Apr-2024,1542.4,1542.95,1570.95,1537.0, 1558.90,1559.4,1561.12,2335256,36456.2,132448, 1236527, 52.95,1.1
INDUSINDBK, EQ, 02-Apr-2025,682.7,682.7,708.4,675.0,703.0,702.45,694.29,14993840,104100.31,170583, 7674936, 51.19,2.89
INDUSINDBK, EQ, 02-May-2022,978.55,972.0,1026.0,966.45,1017.0,1018.1,1011.08,8962019,90613.36,214249, 2169632, 24.21,4.04
INDUSINDBK, EQ, 02-May-2023,1152.8,1158.95,1161.85,1150.0, 1151.90,1150.9,1155.92,2000569,23125.06,67051, 1002394, 50.11,-0.16
INDUSINDBK, EQ, 02-May-2024,1515.7,1508.0,1521.3,1500.05, 1505.00,1505.2,1506.59,2554549,38486.53,188553, 1122617, 43.95,-0.69
INDUSINDBK, EQ, 02-Jun-2020,410.1,414.0,438.9,404.25,437.8,434.7,422.78,28744308,121525.12,322918, 4122323, 14.34,6.0
INDUSINDBK, EQ, 02-Jun-2021,1010.05,1008.9,1030.0,1003.5, 1026.10,1028.0,1021.82,4177378,42685.34,71204, 1661568, 39.78,1.78
INDUSINDBK, EQ, 02-Jun-2022,928.35,921.0,945.0,921.0,942.0,942.95,936.6,1735855,16257.95,49656, 528358, 30.44,1.57
INDUSINDBK, EQ, 02-Jun-2023,1290.15,1282.4,1292.95,1271.0, 1284.00,1288.2,1285.01,1912458,24575.35,75733, 722378, 37.77,-0.15
INDUSINDBK, EQ, 02-Jul-2020,492.45,498.0,508.0,493.0, 494.00,494.8,500.33,22971641,114934.96,261630, 2767717, 12.05,0.48
INDUSINDBK, EQ, 02-Jul-2021,1007.7,1008.0,1014.15,1005.15,1010.0,1009.65,1010.16,1501210,15164.63,34132, 303630, 20.23,0.19
INDUSINDBK, EQ, 02-Jul-2024,1456.9,1457.4,1460.45,1420.65,1430.9,1429.45,1435.35,4644571,66665.93,139209, 2855487, 61.48,-1.88
INDUSINDBK, EQ, 02-Aug-2021,981.0,991.8,997.15,985.45,990.0,988.0,992.18,2149603,21327.85,61610, 864625, 40.22,0.71
INDUSINDBK, EQ, 02-Aug-2022,1040.15,1033.0,1071.9,1032.05,1062.05,1067.25,1060.59,5074834,53823.2,107822, 1667452, 32.86,2.61
INDUSINDBK, EQ, 02-Aug-2023,1394.6,1390.0,1394.15,1369.1, 1380.00,1381.25,1382.0,1913777,26448.45,95456, 812107, 42.43,-0.96
INDUSINDBK, EQ, 02-Aug-2024,1419.85,1413.95,1413.95,1392.7,1405.0,1404.3,1404.41,3268026,45896.34,109343, 1807252, 55.30,-1.1
INDUSINDBK, EQ, 02-Sep-2020,627.45,632.0,651.1,614.1, 640.60,640.55,630.24,19769514,124594.78,222864, 1448149, 7.33,2.09
INDUSINDBK, EQ, 02-Sep-2021,998.75,1002.7,1012.5,995.2, 1009.85,1010.1,1006.69,2136382,21506.76,50746, 762456, 35.69,1.14
INDUSINDBK, EQ, 02-Sep-2022,1111.4,1116.95,1119.5,1095.0,1100.95,1100.75,1101.75,2428618,26757.41,81798, 1135056, 46.74,-0.96
INDUSINDBK, EQ, 02-Sep-2024,1425.25,1425.25,1451.25,1425.25,1449.5,1449.05,1442.36,4024426,58046.88,125013, 2372270, 58.95,1.67
INDUSINDBK, EQ, 02-Nov-2020,585.7,590.0,635.0,590.0, 623.45,628.35,620.81,33145934,205774.77,398599, 7098243, 21.42,7.28
INDUSINDBK, EQ, 02-Nov-2021,1229.1,1220.0,1240.1,1207.0, 1212.00,1212.55,1219.17,3730392,45479.95,108632, 944024, 25.31,-1.35
INDUSINDBK, EQ, 02-Nov-2022,1151.15,1146.0,1157.7,1135.0,1135.5,1138.2,1144.19,1947283,22280.59,47543, 864211, 44.38,-1.12
INDUSINDBK, EQ, 02-Nov-2023,1432.6,1447.0,1479.95,1439.1, 1462.75,1461.2,1461.9,4524652,66146.05,153806, 2278196, 50.35,2.0
INDUSINDBK, EQ, 02-Dec-2020,895.5,902.0,905.75,881.3, 895.50,897.3,894.56,14965085,133871.83,227625, 1149173, 7.68,0.2
INDUSINDBK, EQ, 02-Dec-2021,933.65,935.0,950.0,925.65, 947.00,945.55,938.86,5703967,53552.05,112965, 2126377, 37.28,1.27
INDUSINDBK, EQ, 02-Dec-2022,1173.9,1169.65,1185.75,1167.05, 1179.80,1178.7,1176.11,2299901,27049.28,63071, 1303401, 56.67,0.41
INDUSINDBK, EQ, 02-Dec-2024,995.85,990.05,993.15,979.0,991.0,990.95,985.86,4969967,48996.95,124971, 2631013, 52.94,-0.49
INDUSINDBK, EQ, 03-Jan-2020,1529.0,1524.0,1538.0,1512.1, 1529.00,1528.85,1522.15,2622870,39923.92,65975, 1243139, 47.40,-0.01
INDUSINDBK, EQ, 03-Jan-2022,888.15,888.2,915.5,876.7, 913.15,912.3,896.0,5594214,50123.99,116999, 2150122, 38.43,2.72
INDUSINDBK, EQ, 03-Jan-2023,1226.35,1226.55,1249.85,1222.3, 1240.60,1240.95,1238.97,2195814,27205.53,64075, 780163, 35.53,1.19
INDUSINDBK, EQ, 03-Jan-2024,1575.6,1575.5,1604.95,1558.0, 1598.00,1601.15,1585.34,2620296,41540.51,103676, 909892, 34.72,1.62
INDUSINDBK, EQ, 03-Jan-2025,991.35,993.0,1025.4,990.65,996.0,997.9,1006.74,5896120,59358.77,158049, 3068667, 52.05,0.66
INDUSINDBK, EQ, 03-Feb-2020,1211.1,1222.0,1268.45,1216.05, 1264.70,1263.1,1245.03,7697534,95836.53,154366, 3685731, 47.88,4.29
INDUSINDBK, EQ, 03-Feb-2021,975.65,980.0,1080.8,972.2, 1046.80,1048.55,1048.01,34995822,366761.42,623053, 3874773, 11.07,7.47
INDUSINDBK, EQ, 03-Feb-2022,975.35,967.35,979.7,954.45, 955.40,958.35,965.77,5623611,54310.88,124021, 1854087, 32.97,-1.74
INDUSINDBK, EQ, 03-Feb-2023,1075.9,1110.0,1131.0,1079.0, 1106.05,1103.55,1103.83,9207051,101630.57,254325, 3832098, 41.62,2.57
INDUSINDBK, EQ, 03-Feb-2025,1009.4,994.0,1023.95,990.1,1011.55,1012.7,1011.26,3655089,36962.53,128653, 1905418, 52.13,0.33
INDUSINDBK, EQ, 03-Mar-2020,1079.25,1085.0,1117.95,1073.0, 1106.00,1108.05,1093.44,5233056,57220.17,114159, 1456448, 27.83,2.67
INDUSINDBK, EQ, 03-Mar-2021,1073.35,1080.0,1104.0,1077.15,1102.0,1099.75,1090.23,5695638,62095.5,103549, 2012083, 35.33,2.46
INDUSINDBK, EQ, 03-Mar-2022,906.35,918.0,926.0,906.5,910.0,912.25,914.84,3731807,34140.03,70456, 991768, 26.58,0.65
INDUSINDBK, EQ, 03-Mar-2023,1102.05,1109.0,1133.2,1104.75, 1127.00,1126.4,1121.16,3365349,37730.86,75507, 932629, 27.71,2.21
INDUSINDBK, EQ, 03-Mar-2025,990.1,978.95,986.3,947.0,984.4,984.0,966.42,6158061,59512.79,180102, 2427460, 39.42,-0.62
INDUSINDBK, EQ, 03-Apr-2020,342.25,350.0,350.0,310.2, 313.75,313.2,319.87,23015160,73618.91,407632, 5782247, 25.12,-8.49
INDUSINDBK, EQ, 03-Apr-2023,1067.95,1073.0,1081.15,1064.0, 1079.65,1078.75,1073.54,1534155,16469.82,46351, 397716, 25.92,1.01
INDUSINDBK, EQ, 03-Apr-2024,1559.4,1554.0,1556.9,1538.05, 1541.20,1542.65,1544.87,3711781,57342.19,124646, 1976029, 53.24,-1.07
INDUSINDBK, EQ, 03-Apr-2025,702.45,694.95,714.7,693.5,708.6,709.4,707.48,6972769,49331.09,143787, 2524310, 36.20,0.99
INDUSINDBK, EQ, 03-May-2021,934.95,929.0,967.7,899.0,913.5,913.6,927.01,16854199,156239.41,285821, 2373660, 14.08,-2.28
INDUSINDBK, EQ, 03-May-2023,1150.9,1142.5,1159.9,1140.3,1145.5,1146.15,1148.38,1816420,20859.4,44684, 623956, 34.35,-0.41
INDUSINDBK, EQ, 03-May-2024,1505.2,1517.2,1517.95,1473.05, 1484.50,1483.7,1491.29,2119368,31605.83,117794, 743335, 35.07,-1.43
INDUSINDBK, EQ, 03-Jun-2020,434.7,445.0,452.25,426.1,428.15,432.35,442.37,27908967,123459.6,323572, 4311678, 15.45,-0.54
INDUSINDBK, EQ, 03-Jun-2021,1028.0,1031.0,1037.25,964.05, 1005.85,1005.75,1000.23,14752885,147562.58,258938, 2913243, 19.75,-2.16
INDUSINDBK, EQ, 03-Jun-2022,942.95,950.0,953.8,922.0, 924.95,924.3,936.86,1398174,13098.88,40230, 359482, 25.71,-1.98
INDUSINDBK, EQ, 03-Jun-2024,1461.85,1514.95,1534.9,1496.4,1528.95,1529.7,1522.85,8265525,125871.26,248042, 4397953, 53.21,4.64
INDUSINDBK, EQ, 03-Jul-2020,494.8,499.85,500.0,484.35, 487.50,487.2,489.81,15633607,76574.9,180474, 2516680, 16.10,-1.54
INDUSINDBK, EQ, 03-Jul-2023,1374.65,1379.95,1387.0,1367.6, 1378.50,1380.35,1377.42,2890340,39812.03,127222, 1474696, 51.02,0.41
INDUSINDBK, EQ, 03-Jul-2024,1429.45,1438.9,1458.0,1421.9,1453.0,1455.5,1444.98,5907225,85358.25,150181, 2240472, 37.93,1.82
INDUSINDBK, EQ, 03-Aug-2020,523.75,521.95,521.95,501.0,504.15,503.05,506.4,13508581,68407.4,189081, 3607776, 26.71,-3.95
INDUSINDBK, EQ, 03-Aug-2021,988.0,987.0,1025.0,986.65,1022.45,1022.05,1009.68,4450926,44940.29,109037, 1628334, 36.58,3.45
INDUSINDBK, EQ, 03-Aug-2022,1067.25,1063.55,1070.0,1051.55, 1058.20,1058.3,1058.65,2753893,29154.21,85465, 1226246, 44.53,-0.84
INDUSINDBK, EQ, 03-Aug-2023,1381.25,1376.25,1380.6,1354.05, 1364.70,1364.5,1366.1,3631489,49609.83,146605, 913543, 25.16,-1.21
INDUSINDBK, EQ, 03-Sep-2020,640.55,644.0,648.25,625.0, 632.05,631.85,635.34,14985742,95211.14,189490, 1959848, 13.08,-1.36
INDUSINDBK, EQ, 03-Sep-2021,1010.1,1010.0,1028.65,996.55, 1005.10,1003.75,1013.08,5363972,54341.32,103943, 2140731, 39.91,-0.63
INDUSINDBK, EQ, 03-Sep-2024,1449.05,1450.0,1451.9,1433.9,1439.9,1436.7,1444.8,2351018,33967.44,106458, 1433874, 60.99,-0.85
INDUSINDBK, EQ, 03-Oct-2022,1185.2,1178.0,1185.9,1153.05,1156.0,1156.25,1166.83,3397982,39648.58,91547, 1342002, 39.49,-2.44
INDUSINDBK, EQ, 03-Oct-2023,1428.85,1432.0,1438.4,1420.0, 1434.00,1435.4,1432.2,1442499,20659.46,78958, 713264, 49.45,0.46
INDUSINDBK, EQ, 03-Oct-2024,1409.7,1404.0,1412.7,1382.05,1390.85,1387.75,1395.66,2081630,29052.48,141941, 1108663, 53.26,-1.56
INDUSINDBK, EQ, 03-Nov-2020,628.35,631.55,650.0,631.55,646.0,646.6,644.35,19566145,126073.7,256458, 3824052, 19.54,2.9
INDUSINDBK, EQ, 03-Nov-2021,1212.55,1215.0,1220.0,1174.25, 1180.00,1177.95,1195.56,2922214,34936.82,87023, 968749, 33.15,-2.85
INDUSINDBK, EQ, 03-Nov-2022,1138.2,1133.45,1150.95,1125.25,1149.0,1148.0,1143.9,1742221,19929.2,58630, 628543, 36.08,0.86
INDUSINDBK, EQ, 03-Nov-2023,1461.2,1471.0,1475.0,1448.0, 1449.00,1450.25,1459.57,3052041,44546.54,128969, 2001895, 65.59,-0.75
INDUSINDBK, EQ, 03-Dec-2020,897.3,900.1,907.9,890.5,897.0,896.25,900.35,9724314,87553.09,158400, 1323280, 13.61,-0.12
INDUSINDBK, EQ, 03-Dec-2021,945.55,944.95,957.85,938.5, 952.60,951.15,950.51,4928235,46843.53,108354, 1820339, 36.94,0.59
INDUSINDBK, EQ, 03-Dec-2024,990.95,993.0,1011.5,991.4,998.45,998.35,1002.02,4665094,46745.3,103917, 3021164, 64.76,0.75
INDUSINDBK, EQ, 04-Jan-2021,900.15,910.0,914.0,887.45,897.7,897.85,901.93,6991890,63061.67,115454, 1232068, 17.62,-0.26
INDUSINDBK, EQ, 04-Jan-2022,912.3,915.0,917.95,896.1, 904.10,904.4,907.01,4102750,37212.32,105235, 1484880, 36.19,-0.87
INDUSINDBK, EQ, 04-Jan-2023,1240.95,1258.0,1273.4,1206.1, 1220.95,1223.1,1232.63,8001367,98627.57,163475, 2988623, 37.35,-1.44
INDUSINDBK, EQ, 04-Jan-2024,1601.15,1593.0,1655.0,1593.0, 1645.90,1648.55,1638.72,4271262,69994.12,159506, 2127641, 49.81,2.96
INDUSINDBK, EQ, 04-Feb-2020,1263.1,1273.0,1284.0,1256.25, 1273.15,1272.65,1271.55,4632688,58907.05,133227, 1540478, 33.25,0.76
INDUSINDBK, EQ, 04-Feb-2021,1048.55,1034.9,1042.0,1016.0, 1031.95,1032.15,1027.56,13666242,140428.48,265426, 2650425, 19.39,-1.56
INDUSINDBK, EQ, 04-Feb-2022,958.35,958.0,974.95,945.0, 954.70,956.05,960.05,5000045,48003.18,118273, 1439274, 28.79,-0.24
INDUSINDBK, EQ, 04-Feb-2025,1012.7,1022.45,1053.9,1014.7,1050.0,1047.15,1038.06,9861468,102368.44,199686, 6323597, 64.12,3.4
INDUSINDBK, EQ, 04-Mar-2020,1108.05,1114.45,1114.45,1051.0, 1076.20,1065.95,1069.64,6863681,73416.46,136623, 2507301, 36.53,-3.8
INDUSINDBK, EQ, 04-Mar-2021,1099.75,1078.0,1116.0,1072.6, 1093.00,1091.95,1094.89,6128220,67097.33,124323, 1113536, 18.17,-0.71
INDUSINDBK, EQ, 04-Mar-2022,912.25,896.0,922.9,891.0, 900.90,901.9,904.26,3623960,32770.04,89123, 636446, 17.56,-1.13
INDUSINDBK, EQ, 04-Mar-2024,1526.0,1529.95,1538.95,1520.35, 1531.55,1531.3,1530.18,2985524,45683.89,159310, 1793830, 60.08,0.35
INDUSINDBK, EQ, 04-Mar-2025,984.0,978.0,1003.6,966.95,988.0,987.6,989.03,3271190,32353.01,95376, 1565521, 47.86,0.37
INDUSINDBK, EQ, 04-Apr-2022,968.6,975.0,994.8,958.05,988.55,987.2,975.72,5033678,49114.61,110142, 1662471, 33.03,1.92
INDUSINDBK, EQ, 04-Apr-2024,1542.65,1548.05,1550.45,1511.2, 1545.00,1544.45,1530.3,6077155,92998.62,218417, 3252846, 53.53,0.12
INDUSINDBK, EQ, 04-Apr-2025,709.4,701.0,704.9,675.65,684.7,682.0,685.61,9627949,66010.62,170564, 3995489, 41.50,-3.86
INDUSINDBK, EQ, 04-May-2020,468.15,444.0,444.05,416.0, 424.70,423.05,426.06,17567536,74847.96,328539, 3650190, 20.78,-9.63
INDUSINDBK, EQ, 04-May-2021,913.6,930.0,934.5,906.0, 912.00,910.15,922.24,7499852,69166.65,119444, 814794, 10.86,-0.38
INDUSINDBK, EQ, 04-May-2022,1018.1,1025.5,1029.0,971.0,984.7,978.3,1009.53,4565643,46091.76,108776, 1674292, 36.67,-3.91
INDUSINDBK, EQ, 04-May-2023,1146.15,1146.15,1151.0,1129.0, 1131.00,1134.6,1136.71,2752160,31284.0,59700, 1422432, 51.68,-1.01
INDUSINDBK, EQ, 04-Jun-2020,432.35,424.85,434.85,405.0,416.9,415.05,419.21,25795506,108138.57,328097, 2784262, 10.79,-4.0
INDUSINDBK, EQ, 04-Jun-2021,1005.75,1012.2,1023.4,1004.0, 1009.60,1009.3,1011.59,4323154,43732.8,75892, 711065, 16.45,0.35
INDUSINDBK, EQ, 04-Jun-2024,1529.7,1509.95,1521.9,1363.55,1407.85,1391.5,1423.72,7911282,112634.22,233414, 4511438, 57.03,-9.03
INDUSINDBK, EQ, 04-Jul-2022,807.2,812.8,840.0,811.2,832.0,832.0,831.84,4711395,39191.45,97296, 853035, 18.11,3.07
INDUSINDBK, EQ, 04-Jul-2023,1380.35,1389.0,1394.0,1363.3, 1368.00,1367.35,1375.98,2262047,31125.21,87007, 1084412, 47.94,-0.94
INDUSINDBK, EQ, 04-Jul-2024,1455.5,1455.45,1457.85,1436.2,1444.25,1442.85,1443.14,3010077,43439.58,89823, 1449963, 48.17,-0.87
INDUSINDBK, EQ, 04-Aug-2020,503.05,508.0,508.0,483.25,493.0,492.6,492.09,21481836,105709.45,269763, 6352210, 29.57,-2.08
INDUSINDBK, EQ, 04-Aug-2021,1022.05,1029.0,1048.0,1016.9,1019.0,1020.55,1032.23,5055711,52186.74,110828, 1142706, 22.60,-0.15
INDUSINDBK, EQ, 04-Aug-2022,1058.3,1061.1,1072.85,1043.8,1049.0,1050.2,1055.4,2142720,22614.23,48409, 628327, 29.32,-0.77
INDUSINDBK, EQ, 04-Aug-2023,1364.5,1370.05,1414.9,1366.3, 1405.55,1409.6,1397.38,4063355,56780.7,116902, 1465313, 36.06,3.31
INDUSINDBK, EQ, 04-Sep-2020,631.85,611.05,642.0,603.55,618.6,616.15,624.46,21613034,134963.79,244668, 2117977, 9.80,-2.48
INDUSINDBK, EQ, 04-Sep-2023,1416.55,1423.85,1427.5,1415.0, 1419.15,1421.8,1421.23,998692,14193.66,62617, 432318, 43.29,0.37
INDUSINDBK, EQ, 04-Sep-2024,1436.7,1417.0,1439.25,1417.0,1433.05,1434.4,1432.66,2919356,41824.36,82117, 1553142, 53.20,-0.16
INDUSINDBK, EQ, 04-Oct-2021,1104.05,1107.5,1125.0,1106.0, 1119.00,1119.8,1117.32,1817348,20305.6,67246, 565589, 31.12,1.43
INDUSINDBK, EQ, 04-Oct-2022,1156.25,1184.9,1222.0,1176.15, 1217.00,1219.25,1211.76,4446589,53882.15,109071, 972963, 21.88,5.45
INDUSINDBK, EQ, 04-Oct-2023,1435.4,1424.85,1428.5,1386.2, 1402.00,1401.3,1399.68,3978667,55688.61,153332, 1519171, 38.18,-2.38
INDUSINDBK, EQ, 04-Oct-2024,1387.75,1384.05,1410.95,1380.85,1388.0,1382.85,1393.04,2178195,30343.23,111330, 868581, 39.88,-0.35
INDUSINDBK, EQ, 04-Nov-2020,646.6,649.6,681.0,648.0,678.2,678.05,667.75,33533745,223920.24,402454, 5419526, 16.16,4.86
INDUSINDBK, EQ, 04-Nov-2022,1148.0,1153.75,1158.0,1142.1,1153.1,1152.7,1150.02,1571565,18073.26,45081, 680828, 43.32,0.41
INDUSINDBK, EQ, 04-Nov-2024,1062.5,1067.0,1070.5,1054.1,1063.5,1063.8,1063.81,5143749,54719.85,186836, 2493284, 48.47,0.12
INDUSINDBK, EQ, 04-Dec-2020,896.25,902.5,920.0,889.8, 916.25,913.65,905.17,12658012,114575.97,176834, 1914406, 15.12,1.94
INDUSINDBK, EQ, 04-Dec-2023,1461.05,1490.0,1517.55,1473.45, 1515.55,1514.65,1497.93,4254987,63736.72,138472, 2182773, 51.30,3.67
INDUSINDBK, EQ, 04-Dec-2024,998.35,1005.0,1005.95,990.5,1000.0,998.85,997.48,4256690,42459.77,120507, 2421076, 56.88,0.05
INDUSINDBK, EQ, 05-Jan-2021,897.85,891.7,927.35,883.0, 921.80,921.65,908.87,11907501,108223.28,176324, 2248543, 18.88,2.65
INDUSINDBK, EQ, 05-Jan-2022,904.4,905.0,911.9,892.25, 904.50,903.95,902.87,5448165,49190.0,95567, 2361942, 43.35,-0.05
INDUSINDBK, EQ, 05-Jan-2023,1223.1,1229.25,1232.5,1203.8,1215.0,1215.85,1216.61,2364186,28762.97,100477, 969594, 41.01,-0.59
INDUSINDBK, EQ, 05-Jan-2024,1648.55,1654.0,1654.0,1629.0, 1640.00,1643.2,1640.81,2294140,37642.4,116652, 1280461, 55.81,-0.32
INDUSINDBK, EQ, 05-Feb-2020,1272.65,1280.0,1288.65,1265.2, 1273.40,1272.8,1277.83,4360609,55720.98,110877, 2216034, 50.82,0.01
INDUSINDBK, EQ, 05-Feb-2021,1032.15,1045.0,1085.0,1016.3, 1028.00,1025.1,1050.22,19524257,205048.55,354818, 2762320, 14.15,-0.68
INDUSINDBK, EQ, 05-Feb-2024,1533.75,1532.75,1550.0,1521.8, 1530.70,1537.8,1540.5,2624023,40423.13,136960, 1016855, 38.75,0.26
INDUSINDBK, EQ, 05-Feb-2025,1047.15,1052.4,1078.7,1052.4,1058.5,1061.2,1067.88,5000442,53398.64,135295, 2708926, 54.17,1.34
INDUSINDBK, EQ, 05-Mar-2020,1065.95,1075.0,1094.95,1063.0, 1073.00,1075.0,1076.02,6815347,73334.31,135215, 3094493, 45.40,0.85
INDUSINDBK, EQ, 05-Mar-2021,1091.95,1084.0,1084.0,1025.45,1043.0,1039.9,1046.93,13926140,145797.55,270327, 5512912, 39.59,-4.77
INDUSINDBK, EQ, 05-Mar-2024,1531.3,1529.65,1547.0,1524.0, 1541.90,1542.45,1536.06,2694157,41383.93,154122, 1544318, 57.32,0.73
INDUSINDBK, EQ, 05-Mar-2025,987.6,984.25,995.25,970.65,973.0,971.85,979.77,3944062,38642.78,97539, 2258558, 57.26,-1.59
INDUSINDBK, EQ, 05-Apr-2021,993.3,985.0,988.95,918.55,938.25,937.35,942.45,11223431,105775.3,218638, 3470931, 30.93,-5.63
INDUSINDBK, EQ, 05-Apr-2022,987.2,994.0,994.0,968.0, 969.20,973.25,981.98,3827808,37588.44,86371, 1461740, 38.19,-1.41
INDUSINDBK, EQ, 05-Apr-2023,1078.75,1089.0,1089.2,1060.1, 1066.00,1067.2,1067.58,2979782,31811.7,64932, 1309327, 43.94,-1.07
INDUSINDBK, EQ, 05-Apr-2024,1544.45,1552.0,1556.35,1528.1, 1552.35,1552.4,1540.03,3286862,50618.76,157091, 1834892, 55.83,0.51
INDUSINDBK, EQ, 05-May-2020,423.05,433.0,438.9,415.95, 420.00,418.7,429.29,18470277,79290.97,303397, 1690615, 9.15,-1.03
INDUSINDBK, EQ, 05-May-2021,910.15,923.0,934.75,909.3, 933.05,931.15,925.78,5975741,55321.95,92721, 1239124, 20.74,2.31
INDUSINDBK, EQ, 05-May-2022,978.3,995.0,995.0,932.0, 938.00,936.8,958.66,4679266,44858.24,95772, 1481034, 31.65,-4.24
INDUSINDBK, EQ, 05-May-2023,1134.6,1131.0,1154.95,1065.35, 1082.75,1073.3,1104.96,8504838,93975.26,169203, 4055214, 47.68,-5.4
INDUSINDBK, EQ, 05-Jun-2020,415.05,417.2,427.3,411.2, 425.90,422.35,420.59,26350017,110825.19,299037, 2163632, 8.21,1.76
INDUSINDBK, EQ, 05-Jun-2023,1288.2,1295.0,1306.45,1282.65, 1300.15,1301.8,1297.53,3040374,39449.72,99734, 1827664, 60.11,1.06
INDUSINDBK, EQ, 05-Jun-2024,1391.5,1400.5,1515.8,1372.35,1489.75,1500.95,1452.99,11014467,160039.5,320576, 4439035, 40.30,7.87
INDUSINDBK, EQ, 05-Jul-2021,1009.65,1012.0,1026.5,1012.0, 1019.50,1020.55,1019.49,1993126,20319.66,38628, 558794, 28.04,1.08
INDUSINDBK, EQ, 05-Jul-2022,832.0,833.0,839.0,821.05,823.25,824.05,830.88,1836183,15256.55,40925, 502300, 27.36,-0.96
INDUSINDBK, EQ, 05-Jul-2023,1367.35,1371.35,1413.1,1371.35,1399.9,1399.55,1399.53,5288351,74011.92,158360, 2079366, 39.32,2.35
INDUSINDBK, EQ, 05-Jul-2024,1442.85,1437.0,1449.7,1426.0,1434.0,1434.25,1433.03,4216309,60420.82,124384, 2295226, 54.44,-0.6
INDUSINDBK, EQ, 05-Aug-2020,492.6,499.2,506.0,490.15,493.95,492.75,498.36,15083024,75168.32,189992, 2955096, 19.59,0.03
INDUSINDBK, EQ, 05-Aug-2021,1020.55,1011.45,1012.45,986.0,996.75,997.7,996.66,3955681,39424.81,86896, 852398, 21.55,-2.24
INDUSINDBK, EQ, 05-Aug-2022,1050.2,1055.5,1057.75,1033.55,1039.3,1036.3,1043.26,2382020,24850.56,59766, 840553, 35.29,-1.32
INDUSINDBK, EQ, 05-Aug-2024,1404.3,1388.0,1396.2,1369.0,1387.0,1389.45,1381.56,3532894,48808.94,120892, 1659942, 46.99,-1.06
INDUSINDBK, EQ, 05-Sep-2022,1100.75,1099.5,1112.45,1096.55, 1105.50,1108.0,1102.69,2419887,26683.8,60865, 1319888, 54.54,0.66
INDUSINDBK, EQ, 05-Sep-2023,1421.8,1425.0,1429.8,1416.35, 1422.65,1423.75,1423.36,1469938,20922.55,98804, 780325, 53.09,0.14
INDUSINDBK, EQ, 05-Sep-2024,1434.4,1443.0,1444.0,1418.9,1426.2,1422.9,1428.05,3427784,48950.3,97413, 2418930, 70.57,-0.8
INDUSINDBK, EQ, 05-Oct-2020,592.2,593.2,630.7,592.0, 603.50,601.55,610.34,43964465,268332.37,514578, 4211039, 9.58,1.58
INDUSINDBK, EQ, 05-Oct-2021,1119.8,1116.8,1177.1,1108.65, 1176.05,1168.6,1148.93,5270013,60548.63,133594, 2036692, 38.65,4.36
INDUSINDBK, EQ, 05-Oct-2023,1401.3,1408.7,1415.4,1394.3, 1402.70,1401.85,1404.58,1647175,23135.92,79644, 707076, 42.93,0.04
INDUSINDBK, EQ, 05-Nov-2020,678.05,694.95,727.0,678.3, 720.00,714.4,697.36,23471764,163682.74,299761, 5444827, 23.20,5.36
INDUSINDBK, EQ, 05-Nov-2024,1063.8,1063.7,1092.4,1062.0,1088.0,1090.1,1083.76,4840541,52459.77,144814, 2433875, 50.28,2.47
INDUSINDBK, EQ, 05-Dec-2022,1178.7,1182.0,1198.0,1179.85, 1194.25,1195.5,1192.03,3842074,45798.53,78181, 2467769, 64.23,1.43
INDUSINDBK, EQ, 05-Dec-2023,1514.65,1519.8,1525.5,1486.5, 1505.00,1506.6,1506.33,3457904,52087.49,148631, 1363548, 39.43,-0.53
INDUSINDBK, EQ, 05-Dec-2024,998.85,1006.0,1006.0,990.55,997.8,998.2,998.7,5254145,52473.11,155416, 3052911, 58.10,-0.07
INDUSINDBK, EQ, 06-Jan-2020,1528.85,1515.05,1517.75,1465.45, 1470.90,1469.4,1490.4,3151046,46963.34,92915, 1241014, 39.38,-3.89
INDUSINDBK, EQ, 06-Jan-2021,921.65,924.95,936.75,909.4, 918.00,922.35,925.04,9768197,90359.32,158353, 1992612, 20.40,0.08
INDUSINDBK, EQ, 06-Jan-2022,903.95,895.25,924.0,885.05, 920.10,921.7,907.2,5209239,47258.4,83867, 1367861, 26.26,1.96
INDUSINDBK, EQ, 06-Jan-2023,1215.85,1214.0,1217.7,1176.1,1182.0,1181.9,1192.91,3029739,36142.11,112061, 1301120, 42.94,-2.79
INDUSINDBK, EQ, 06-Jan-2025,997.9,1004.95,1004.95,963.2,970.0,970.05,978.71,3370654,32988.87,105249, 1583129, 46.97,-2.79
INDUSINDBK, EQ, 06-Feb-2020,1272.8,1280.0,1339.4,1262.4, 1331.00,1334.25,1305.96,7628363,99623.14,194303, 2535924, 33.24,4.83
INDUSINDBK, EQ, 06-Feb-2023,1103.55,1109.0,1135.0,1100.45, 1131.00,1129.15,1126.22,2865938,32276.66,83649, 827825, 28.88,2.32
INDUSINDBK, EQ, 06-Feb-2024,1537.8,1550.0,1550.45,1504.15, 1513.20,1511.4,1516.75,3312270,50238.82,155950, 1823024, 55.04,-1.72
INDUSINDBK, EQ, 06-Feb-2025,1061.2,1062.1,1076.75,1058.05,1065.0,1065.55,1067.87,3889634,41536.22,152875, 1823347, 46.88,0.41
INDUSINDBK, EQ, 06-Mar-2020,1075.0,998.0,1030.95,913.8, 1006.60,1014.8,987.45,16835425,166241.44,304041, 6357123, 37.76,-5.6
INDUSINDBK, EQ, 06-Mar-2023,1126.4,1132.0,1140.0,1116.65, 1123.80,1120.6,1129.23,3623590,40918.65,55089, 716276, 19.77,-0.51
INDUSINDBK, EQ, 06-Mar-2024,1542.45,1542.45,1564.75,1536.55, 1551.00,1554.55,1554.31,5167456,80318.54,182966, 2520825, 48.78,0.78
INDUSINDBK, EQ, 06-Mar-2025,971.85,976.0,984.1,962.2,969.55,971.7,972.64,3928358,38208.87,114201, 1973078, 50.23,-0.02
INDUSINDBK, EQ, 06-Apr-2021,937.35,947.8,954.2,921.5,929.9,927.25,935.03,6925347,64754.09,134552, 1480184, 21.37,-1.08
INDUSINDBK, EQ, 06-Apr-2022,973.25,967.0,978.75,961.0, 967.00,968.3,969.55,2406015,23327.47,57457, 560717, 23.30,-0.51
INDUSINDBK, EQ, 06-Apr-2023,1067.2,1067.2,1093.45,1064.25, 1084.00,1082.0,1082.26,3458673,37431.79,84282, 1436202, 41.52,1.39
INDUSINDBK, EQ, 06-May-2020,418.7,420.0,429.35,408.5, 428.00,425.5,420.87,17185018,72326.66,280579, 1600525, 9.31,1.62
INDUSINDBK, EQ, 06-May-2021,931.15,937.45,938.65,920.0, 925.85,924.95,925.9,3705397,34308.16,67181, 592240, 15.98,-0.67
INDUSINDBK, EQ, 06-May-2022,936.8,919.0,934.3,902.5,918.6,915.4,914.54,3713381,33960.28,99209, 1207631, 32.52,-2.28
INDUSINDBK, EQ, 06-May-2024,1483.7,1495.7,1510.0,1482.05,1497.0,1497.5,1498.37,2600170,38960.22,118188, 1031773, 39.68,0.93
INDUSINDBK, EQ, 06-Jun-2022,924.3,920.0,933.95,918.5,930.0,928.75,927.38,1417254,13143.36,49645, 445539, 31.44,0.48
INDUSINDBK, EQ, 06-Jun-2023,1301.8,1302.0,1315.9,1300.0,1303.5,1306.0,1309.04,2902701,37997.48,72579, 1715363, 59.10,0.32
INDUSINDBK, EQ, 06-Jun-2024,1500.95,1500.0,1509.8,1470.9,1480.7,1481.1,1488.55,3279775,48821.18,170095, 1581371, 48.22,-1.32
INDUSINDBK, EQ, 06-Jul-2020,487.2,498.0,509.0,493.55, 496.90,495.9,502.1,24848530,124765.63,290180, 4095412, 16.48,1.79
INDUSINDBK, EQ, 06-Jul-2021,1020.55,1018.7,1035.0,1015.0, 1028.55,1031.05,1029.44,3019919,31088.16,70748, 993427, 32.90,1.03
INDUSINDBK, EQ, 06-Jul-2022,824.05,829.8,840.0,825.05,838.0,836.55,832.39,1660551,13822.34,50095, 616593, 37.13,1.52
INDUSINDBK, EQ, 06-Jul-2023,1399.55,1395.25,1396.7,1373.4,1388.0,1390.2,1386.4,3337234,46267.52,128531, 1532387, 45.92,-0.67
INDUSINDBK, EQ, 06-Aug-2020,492.75,497.8,501.95,485.75,496.0,494.9,494.3,16624836,82176.17,183994, 3744708, 22.52,0.44
INDUSINDBK, EQ, 06-Aug-2021,997.7,1005.0,1034.0,998.2, 1027.00,1029.5,1025.12,7609448,78005.69,131275, 2571800, 33.80,3.19
INDUSINDBK, EQ, 06-Aug-2024,1389.45,1395.0,1407.3,1376.25,1379.6,1381.0,1390.47,2425599,33727.16,66802, 1391875, 57.38,-0.61
INDUSINDBK, EQ, 06-Sep-2021,1003.75,1006.0,1008.3,991.0,991.8,991.95,996.87,3349749,33392.65,72442, 1674225, 49.98,-1.18
INDUSINDBK, EQ, 06-Sep-2022,1108.0,1115.0,1118.75,1097.6, 1108.00,1108.8,1104.82,2516672,27804.67,54387, 1316650, 52.32,0.07
INDUSINDBK, EQ, 06-Sep-2023,1423.75,1421.75,1421.75,1396.45, 1405.25,1408.65,1406.58,4046484,56917.13,216495, 1315927, 32.52,-1.06
INDUSINDBK, EQ, 06-Sep-2024,1422.9,1426.45,1438.2,1401.5,1412.55,1409.35,1412.36,2608515,36841.62,122881, 1354781, 51.94,-0.95
INDUSINDBK, EQ, 06-Oct-2020,601.55,615.95,628.35,606.2,621.85,622.8,617.55,25112903,155085.09,272900, 2123809, 8.46,3.53
INDUSINDBK, EQ, 06-Oct-2021,1168.6,1178.45,1179.15,1126.7, 1128.95,1131.85,1153.4,3329243,38399.46,83227, 1162242, 34.91,-3.14
INDUSINDBK, EQ, 06-Oct-2022,1219.25,1225.0,1234.95,1197.3, 1203.00,1200.9,1208.86,2773277,33524.96,78241, 966350, 34.85,-1.51
INDUSINDBK, EQ, 06-Oct-2023,1401.85,1404.95,1438.0,1401.1, 1433.10,1434.8,1425.59,2167139,30894.5,110408, 1051734, 48.53,2.35
INDUSINDBK, EQ, 06-Nov-2020,714.4,714.75,747.0,707.0, 736.50,738.65,727.73,29896664,217565.77,342668, 3792985, 12.69,3.39
INDUSINDBK, EQ, 06-Nov-2023,1450.25,1463.0,1471.9,1456.0, 1469.00,1470.25,1463.28,2090640,30591.9,72964, 1408126, 67.35,1.38
INDUSINDBK, EQ, 06-Nov-2024,1090.1,1092.3,1098.6,1068.25,1080.2,1077.65,1075.92,7153974,76971.08,158679, 4360433, 60.95,-1.14
INDUSINDBK, EQ, 06-Dec-2021,951.15,952.0,952.0,914.0, 916.00,915.65,928.05,4617346,42851.43,104559, 1133646, 24.55,-3.73
INDUSINDBK, EQ, 06-Dec-2022,1195.5,1198.95,1208.0,1179.0, 1179.00,1184.1,1192.63,3130375,37333.95,78933, 1473934, 47.08,-0.95
INDUSINDBK, EQ, 06-Dec-2023,1506.6,1517.0,1521.35,1493.35, 1503.90,1501.6,1503.09,3405245,51183.96,101178, 1384194, 40.65,-0.33
INDUSINDBK, EQ, 06-Dec-2024,998.2,1000.0,1003.05,986.3,988.35,990.35,993.79,6258019,62191.56,168213, 3530826, 56.42,-0.79
INDUSINDBK, EQ, 07-Jan-2020,1469.4,1488.45,1508.0,1442.2, 1458.00,1461.65,1472.17,3572603,52594.82,82614, 360136, 10.08,-0.53
INDUSINDBK, EQ, 07-Jan-2021,922.35,935.0,961.65,931.1, 952.40,952.05,948.74,12154311,115312.84,210193, 2793607, 22.98,3.22
INDUSINDBK, EQ, 07-Jan-2022,921.7,926.5,938.45,916.1,922.0,922.25,926.96,4207773,39004.26,78661, 1083606, 25.75,0.06
INDUSINDBK, EQ, 07-Jan-2025,970.05,970.15,994.55,970.15,976.35,983.6,984.91,3581533,35274.76,100139, 2053407, 57.33,1.4
INDUSINDBK, EQ, 07-Feb-2020,1334.25,1345.0,1346.05,1294.75, 1298.00,1298.8,1312.06,3850541,50521.31,101467, 935624, 24.30,-2.66
INDUSINDBK, EQ, 07-Feb-2022,956.05,952.05,959.4,928.15, 932.00,933.05,942.28,2587054,24377.31,59993, 694467, 26.84,-2.41
INDUSINDBK, EQ, 07-Feb-2023,1129.15,1134.0,1148.15,1122.5, 1141.00,1142.9,1138.5,3603258,41022.97,99788, 1565022, 43.43,1.22
INDUSINDBK, EQ, 07-Feb-2024,1511.4,1522.4,1522.4,1492.2, 1520.00,1515.35,1509.82,4066189,61391.99,182277, 2028068, 49.88,0.26
INDUSINDBK, EQ, 07-Feb-2025,1065.55,1061.5,1086.55,1061.5,1076.0,1079.1,1074.42,3975043,42708.65,137595, 1902896, 47.87,1.27
INDUSINDBK, EQ, 07-Mar-2022,901.9,878.0,896.95,825.5, 828.50,834.4,847.15,6323502,53569.52,174057,2565450,40.57,-7.48
INDUSINDBK, EQ, 07-Mar-2024,1554.55,1556.45,1571.5,1546.05, 1561.55,1563.75,1561.41,2285176,35681.04,83212, 1380425, 60.41,0.59
INDUSINDBK, EQ, 07-Mar-2025,971.7,971.0,976.6,932.3,935.0,936.75,943.85,7737031,73026.0,171823, 3399512, 43.94,-3.6
INDUSINDBK, EQ, 07-Apr-2020,313.2,344.5,391.5,344.5, 391.50,383.85,367.51,45710953,167992.91,626325, 15370692, 33.63,22.56
INDUSINDBK, EQ, 07-Apr-2021,927.25,931.0,952.45,921.15,947.0,945.55,943.27,5714921,53906.92,128307, 1608359, 28.14,1.97
INDUSINDBK, EQ, 07-Apr-2022,968.3,960.5,986.9,960.0,970.8,972.6,973.91,3182285,30992.67,58311, 1106982, 34.79,0.44
INDUSINDBK, EQ, 07-Apr-2025,682.0,637.0,678.65,637.0,678.5,675.9,663.53,9382614,62256.27,175319, 3472374, 37.01,-0.89
INDUSINDBK, EQ, 07-May-2020,425.5,420.0,461.5,415.5, 453.50,454.35,443.06,26784727,118671.95,421754, 2891533, 10.80,6.78
INDUSINDBK, EQ, 07-May-2021,924.95,932.55,951.8,925.0, 926.50,926.2,936.96,5419712,50780.37,96707, 832772, 15.37,0.14
INDUSINDBK, EQ, 07-May-2024,1497.5,1497.5,1502.65,1448.0,1454.0,1452.55,1463.9,1884596,27588.68,87518, 1030973, 54.71,-3.0
INDUSINDBK, EQ, 07-Jun-2021,1009.3,1018.0,1032.65,1009.5, 1024.70,1025.2,1021.89,3823401,39070.85,73337, 1423012, 37.22,1.58
INDUSINDBK, EQ, 07-Jun-2022,928.75,924.25,929.95,916.5,923.55,923.7,923.54,929573,8584.94,26206, 193610, 20.83,-0.54
INDUSINDBK, EQ, 07-Jun-2023,1306.0,1309.95,1312.75,1303.2, 1311.00,1311.2,1309.41,2679118,35080.53,81289, 1113148, 41.55,0.4
INDUSINDBK, EQ, 07-Jun-2024,1481.1,1468.55,1498.4,1463.45,1491.6,1492.1,1486.61,3964791,58941.12,153629, 2212317, 55.80,0.74
INDUSINDBK, EQ, 07-Jul-2020,495.9,497.0,530.0,492.45, 524.95,526.3,512.53,42697410,218838.31,471629, 8125230, 19.03,6.13
INDUSINDBK, EQ, 07-Jul-2021,1031.05,1024.55,1047.0,1013.0, 1042.65,1044.9,1036.52,3781022,39191.19,92062, 1295138, 34.25,1.34
INDUSINDBK, EQ, 07-Jul-2022,836.55,841.0,863.4,840.25, 861.80,861.0,854.39,3868679,33053.55,67288, 1544717, 39.93,2.92
INDUSINDBK, EQ, 07-Jul-2023,1390.2,1384.55,1393.95,1353.0, 1357.70,1357.1,1365.51,2922616,39908.62,99447, 1529077, 52.32,-2.38
INDUSINDBK, EQ, 07-Aug-2020,494.9,496.0,513.35,492.0,507.9,509.0,503.75,16545264,83347.31,189871, 4017617, 24.28,2.85
INDUSINDBK, EQ, 07-Aug-2023,1409.6,1410.0,1417.65,1399.35, 1412.60,1415.25,1410.51,2792582,39389.61,80508, 1547075, 55.40,0.4
INDUSINDBK, EQ, 07-Aug-2024,1381.0,1391.0,1399.5,1329.2,1347.15,1345.15,1351.95,8728852,118009.59,260201, 4303657, 49.30,-2.6
INDUSINDBK, EQ, 07-Sep-2020,616.15,621.5,624.95,597.55, 607.00,608.7,612.51,13890403,85080.73,180478, 1633246, 11.76,-1.21
INDUSINDBK, EQ, 07-Sep-2021,991.95,992.05,1012.0,984.15, 1001.85,1001.25,999.98,5483796,54836.65,91912, 2528125, 46.10,0.94
INDUSINDBK, EQ, 07-Sep-2022,1108.8,1095.0,1100.0,1086.0, 1090.00,1089.95,1090.61,3165749,34526.09,91059, 1695141, 53.55,-1.7
INDUSINDBK, EQ, 07-Sep-2023,1408.65,1408.65,1443.2,1398.0, 1438.00,1439.6,1421.52,2278316,32386.81,64840, 1083788, 47.57,2.2
INDUSINDBK, EQ, 07-Oct-2020,622.8,620.95,625.8,606.1,619.0,619.1,616.07,19071860,117495.9,221869, 2352405, 12.33,-0.59
INDUSINDBK, EQ, 07-Oct-2021,1131.85,1143.0,1186.15,1140.05, 1167.55,1166.7,1165.05,4002618,46632.52,102180, 1475376, 36.86,3.08
INDUSINDBK, EQ, 07-Oct-2022,1200.9,1201.0,1217.85,1182.5, 1212.10,1213.4,1201.14,3338767,40103.35,91356, 1226598, 36.74,1.04
INDUSINDBK, EQ, 07-Oct-2024,1382.85,1388.0,1394.05,1338.2,1357.95,1350.85,1361.13,3878973,52797.76,153243, 1232046, 31.76,-2.31
INDUSINDBK, EQ, 07-Nov-2022,1152.7,1158.0,1158.0,1139.25,1147.15,1144.15,1146.79,2601148,29829.68,96659, 1592599, 61.23,-0.74
INDUSINDBK, EQ, 07-Nov-2023,1470.25,1469.55,1490.45,1464.25, 1486.45,1486.4,1478.74,2830149,41850.6,93394, 1419220, 50.15,1.1
INDUSINDBK, EQ, 07-Nov-2024,1077.65,1086.0,1086.0,1051.0,1057.9,1056.8,1062.63,4901367,52083.39,156259, 3063191, 62.50,-1.93
INDUSINDBK, EQ, 07-Dec-2020,913.65,915.0,953.5,913.2, 933.30,935.15,935.74,15479752,144850.88,216909, 2124946, 13.73,2.35
INDUSINDBK, EQ, 07-Dec-2021,915.65,922.9,936.5,920.8,926.9,926.65,928.75,3434735,31900.24,98773, 1035187, 30.14,1.2
INDUSINDBK, EQ, 07-Dec-2022,1184.1,1184.0,1189.0,1161.45, 1165.00,1164.65,1172.42,2752097,32266.07,85307, 1495311, 54.33,-1.64
INDUSINDBK, EQ, 07-Dec-2023,1501.6,1505.0,1514.95,1496.05, 1506.25,1504.75,1504.58,1931490,29060.74,85452, 962758, 49.85,0.21
INDUSINDBK, EQ, 08-Jan-2020,1461.65,1441.0,1481.6,1439.05, 1461.75,1458.6,1458.12,3363919,49050.12,103838, 465477, 13.84,-0.21
INDUSINDBK, EQ, 08-Jan-2021,952.05,965.0,976.0,932.1, 936.75,939.8,955.87,10838196,103599.54,160280, 3061063, 28.24,-1.29
INDUSINDBK, EQ, 08-Jan-2024,1643.2,1633.0,1650.05,1622.0, 1622.15,1627.1,1634.34,1791003,29271.04,99824, 714958, 39.92,-0.98
INDUSINDBK, EQ, 08-Jan-2025,983.6,985.9,986.0,967.1,980.4,981.05,977.52,3781895,36968.73,111540, 1744853, 46.14,-0.26
INDUSINDBK, EQ, 08-Feb-2021,1025.1,1036.05,1055.0,1028.0, 1037.90,1035.1,1042.33,7162284,74654.39,149679, 1601145, 22.36,0.98
INDUSINDBK, EQ, 08-Feb-2022,933.05,938.0,940.75,913.0,935.85,937.7,929.32,3160992,29375.89,73309, 673371, 21.30,0.5
INDUSINDBK, EQ, 08-Feb-2023,1142.9,1144.0,1151.25,1136.0, 1148.05,1145.35,1144.72,1675932,19184.74,50875, 663301, 39.58,0.21
INDUSINDBK, EQ, 08-Feb-2024,1515.35,1522.7,1540.95,1470.0, 1483.50,1477.3,1502.67,2931291,44047.76,164635, 1348073, 45.99,-2.51
INDUSINDBK, EQ, 08-Mar-2021,1039.9,1054.0,1055.45,1014.5, 1016.85,1018.25,1028.84,10522267,108257.3,188337, 3971950, 37.75,-2.08
INDUSINDBK, EQ, 08-Mar-2022,834.4,831.1,847.8,816.0, 845.00,840.7,830.38,6163433,51180.16,134466, 1246737, 20.23,0.76
INDUSINDBK, EQ, 08-Mar-2023,1120.6,1109.65,1179.0,1105.55, 1174.50,1174.25,1152.49,7227479,83295.64,160140, 2343921, 32.43,4.79
INDUSINDBK, EQ, 08-Apr-2020,383.85,382.0,441.4,362.0, 398.90,399.15,396.43,56093740,222373.08,1066264, 8646697, 15.41,3.99
INDUSINDBK, EQ, 08-Apr-2021,945.55,949.0,957.95,932.0, 935.00,934.9,946.05,3946239,37333.36,82956, 723958, 18.35,-1.13
INDUSINDBK, EQ, 08-Apr-2022,972.6,971.0,990.0,968.25, 988.00,985.6,979.68,2659878,26058.31,60166, 795147, 29.89,1.34
INDUSINDBK, EQ, 08-Apr-2024,1552.4,1560.0,1576.35,1550.0, 1567.85,1568.35,1565.89,2372626,37152.65,78001, 1314570, 55.41,1.03
INDUSINDBK, EQ, 08-Apr-2025,675.9,684.9,695.9,673.0,685.55,679.65,681.63,5639989,38443.78,132629, 2188335, 38.80,0.55
INDUSINDBK, EQ, 08-May-2020,454.35,463.0,477.7,435.45, 439.40,440.35,462.27,29096505,134504.56,447104, 1916875, 6.59,-3.08
INDUSINDBK, EQ, 08-May-2023,1073.3,1087.0,1134.65,1087.0, 1128.30,1126.35,1123.16,6764292,75973.56,145563, 2501425, 36.98,4.94
INDUSINDBK, EQ, 08-May-2024,1452.55,1455.0,1455.0,1431.4,1446.3,1442.5,1441.23,5278612,76077.06,146826, 2758552, 52.26,-0.69
INDUSINDBK, EQ, 08-Jun-2020,422.35,455.0,463.7,444.0, 453.00,451.6,453.85,42805772,194273.44,483532, 5790419, 13.53,6.93
INDUSINDBK, EQ, 08-Jun-2021,1025.2,1025.0,1028.0,1005.6, 1019.10,1020.15,1018.0,3141410,31979.58,71477, 948186, 30.18,-0.49
INDUSINDBK, EQ, 08-Jun-2022,923.7,929.0,938.0,906.55,913.4,913.7,921.57,1905868,17563.94,46008, 392117, 20.57,-1.08
INDUSINDBK, EQ, 08-Jun-2023,1311.2,1316.45,1323.9,1300.0, 1304.00,1303.85,1312.54,3215312,42202.13,87663, 1124644, 34.98,-0.56
INDUSINDBK, EQ, 08-Jul-2020,526.3,534.0,577.5,532.0,550.0,552.6,560.57,81336450,455950.48,838705, 5764157, 7.09,5.0
INDUSINDBK, EQ, 08-Jul-2021,1044.9,1042.85,1061.0,1036.2, 1046.00,1045.45,1050.8,4139752,43500.49,113895, 995796, 24.05,0.05
INDUSINDBK, EQ, 08-Jul-2022,861.0,867.0,867.5,846.2,848.3,848.6,852.83,1342616,11450.26,31371, 296573, 22.09,-1.44
INDUSINDBK, EQ, 08-Jul-2024,1434.25,1428.0,1441.7,1422.8,1439.0,1438.05,1435.65,2772277,39800.09,79363, 1171956, 42.27,0.26
INDUSINDBK, EQ, 08-Aug-2022,1036.3,1036.3,1057.7,1033.7,1052.0,1050.2,1050.03,2057991,21609.47,55356,620354,30.14,1.34
INDUSINDBK, EQ, 08-Aug-2023,1415.25,1415.25,1420.95,1402.3, 1404.15,1403.95,1410.3,1846797,26045.46,73637, 555441, 30.08,-0.8
INDUSINDBK, EQ, 08-Aug-2024,1345.15,1347.95,1355.8,1334.0,1348.8,1347.3,1345.05,3669342,49354.53,129177, 1487992, 40.55,0.16
INDUSINDBK, EQ, 08-Sep-2020,608.7,609.0,612.9,599.0, 600.00,600.4,604.81,13303912,80463.37,145655, 1996709, 15.01,-1.36
INDUSINDBK, EQ, 08-Sep-2021,1001.25,1013.2,1021.8,992.4, 1001.40,999.6,1009.82,6385224,64479.41,113974, 2940992, 46.06,-0.16
INDUSINDBK, EQ, 08-Sep-2022,1089.95,1103.0,1115.0,1097.4, 1109.50,1108.3,1107.6,2995969,33183.48,57907, 1512534, 50.49,1.68
INDUSINDBK, EQ, 08-Sep-2023,1439.6,1445.0,1459.95,1434.1, 1447.55,1448.85,1448.85,2862657,41475.75,79669, 1342070, 46.88,0.64
INDUSINDBK, EQ, 08-Oct-2020,619.1,620.0,638.5,614.05,616.35,617.7,626.36,20978257,131398.88,240693, 2356011, 11.23,-0.23
INDUSINDBK, EQ, 08-Oct-2021,1166.7,1179.4,1180.0,1158.4, 1172.75,1174.4,1170.66,2344868,27450.32,70574, 794409, 33.88,0.66
INDUSINDBK, EQ, 08-Oct-2024,1350.85,1357.85,1371.0,1343.55,1364.8,1359.55,1360.25,2429248,33043.76,94650, 1316489, 54.19,0.64
INDUSINDBK, EQ, 08-Nov-2021,1189.1,1130.0,1130.0,1041.6, 1063.95,1061.15,1071.28,29099645,311738.0,580697, 8975855, 30.85,-10.76
INDUSINDBK, EQ, 08-Nov-2023,1486.4,1493.95,1495.95,1481.25, 1485.00,1488.95,1488.66,3210977,47800.64,132572, 1039866, 32.38,0.17
INDUSINDBK, EQ, 08-Nov-2024,1056.8,1061.45,1061.45,1048.05, 1052.00,1053.8,1054.02,2107903,22217.74,78801, 1077556, 51.12,-0.28
INDUSINDBK, EQ, 08-Dec-2020,935.15,937.05,938.75,907.1,918.5,916.7,919.49,13141739,120837.21,183996, 2947648, 22.43,-1.97
INDUSINDBK, EQ, 08-Dec-2021,926.65,936.0,949.0,932.5,943.2,945.3,939.32,3774244,35452.34,65800, 1638462, 43.41,2.01
INDUSINDBK, EQ, 08-Dec-2022,1164.65,1165.0,1194.3,1163.05, 1193.00,1190.85,1183.32,3666432,43385.67,74235, 1692321, 46.16,2.25
INDUSINDBK, EQ, 08-Dec-2023,1504.75,1510.0,1520.95,1494.05, 1509.50,1508.95,1507.86,2568088,38723.29,101269, 1186308, 46.19,0.28
INDUSINDBK, EQ, 09-Jan-2020,1458.6,1490.0,1515.95,1483.2, 1507.75,1507.65,1502.64,3496433,52538.71,84803, 893532, 25.56,3.36
INDUSINDBK, EQ, 09-Jan-2023,1181.9,1190.15,1223.6,1188.05,1218.0,1218.65,1213.18,2836421,34410.87,89477, 1343173, 47.35,3.11
INDUSINDBK, EQ, 09-Jan-2024,1627.1,1631.95,1643.9,1621.0,1625.0,1625.1,1636.42,1619091,26495.12,69123, 971150, 59.98,-0.12
INDUSINDBK, EQ, 09-Jan-2025,981.05,981.05,985.35,970.4,981.0,980.9,978.18,3134034,30656.58,127219, 1606711, 51.27,-0.02
INDUSINDBK, EQ, 09-Feb-2021,1035.1,1044.0,1051.6,1020.0, 1027.60,1025.8,1034.63,7984133,82606.62,134557, 1526150, 19.11,-0.9
INDUSINDBK, EQ, 09-Feb-2022,937.7,942.3,971.4,940.4, 965.00,967.15,962.36,4101202,39468.45,101867, 1223888, 29.84,3.14
INDUSINDBK, EQ, 09-Feb-2023,1145.35,1150.15,1168.2,1138.3, 1166.10,1163.8,1154.11,2284751,26368.45,83027, 1045784, 45.77,1.61
INDUSINDBK, EQ, 09-Feb-2024,1477.3,1480.25,1491.4,1462.65, 1487.00,1486.25,1476.72,2388841,35276.43,125205, 1217430, 50.96,0.61
INDUSINDBK, EQ, 09-Mar-2020,1014.8,950.0,969.95,887.05, 889.90,903.1,926.06,14499395,134272.97,257052, 6531279, 45.05,-11.01
INDUSINDBK, EQ, 09-Mar-2021,1018.25,1025.6,1035.6,1005.0, 1025.20,1024.8,1019.36,9915907,101078.79,205834, 2986886, 30.12,0.64
INDUSINDBK, EQ, 09-Mar-2022,840.7,863.0,880.0,838.25, 879.30,875.35,857.55,6967640,59750.74,149339, 1791132, 25.71,4.12
INDUSINDBK, EQ, 09-Mar-2023,1174.25,1174.25,1182.65,1162.3, 1166.55,1169.8,1170.48,3086720,36129.5,93562, 1368030, 44.32,-0.38
INDUSINDBK, EQ, 09-Apr-2020,399.15,425.0,425.0,384.0, 394.50,395.4,399.63,32941210,131644.17,610048, 4718383, 14.32,-0.94
INDUSINDBK, EQ, 09-Apr-2021,934.9,935.0,939.7,917.45,924.95,923.65,927.97,4980026,46213.1,110663, 907585, 18.22,-1.2
INDUSINDBK, EQ, 09-Apr-2024,1568.35,1574.9,1574.9,1541.0, 1551.70,1554.95,1562.93,1176425,18386.73,51844, 507508, 43.14,-0.85
INDUSINDBK, EQ, 09-Apr-2025,679.65,679.65,683.3,670.25,678.3,678.55,677.98,4243562,28770.38,106130, 1869995, 44.07,-0.16
INDUSINDBK, EQ, 09-May-2022,915.4,912.8,912.8,881.0, 891.15,889.7,890.89,3283626,29253.66,82145, 686662, 20.91,-2.81
INDUSINDBK, EQ, 09-May-2023,1126.35,1135.0,1149.9,1131.1,1141.65,1140.6,1142.16,4181498,47759.2,173111, 1855793, 44.38,1.27
INDUSINDBK, EQ, 09-May-2024,1442.5,1445.5,1456.6,1393.45,1403.65,1401.45,1414.58,3272042,46285.76,140103, 1783646, 54.51,-2.85
INDUSINDBK, EQ, 09-Jun-2020,451.6,459.95,478.0,452.35, 463.80,463.9,466.61,40690667,189867.15,421563, 4647605, 11.42,2.72
INDUSINDBK, EQ, 09-Jun-2021,1020.15,1019.0,1035.7,997.25,1006.25,1003.55,1019.69,4767864,48617.41,96730, 1386307, 29.08,-1.63
INDUSINDBK, EQ, 09-Jun-2022,913.7,908.0,923.5,906.35, 921.10,920.3,914.94,1031195,9434.84,30071, 291176, 28.24,0.72
INDUSINDBK, EQ, 09-Jun-2023,1303.85,1299.0,1336.4,1298.4, 1330.30,1331.05,1329.46,4233651,56284.8,102301, 1627111, 38.43,2.09
INDUSINDBK, EQ, 09-Jul-2020,552.6,557.95,569.95,550.3, 557.00,556.55,558.16,26574250,148327.25,308779, 2714199, 10.21,0.71
INDUSINDBK, EQ, 09-Jul-2021,1045.45,1040.0,1048.6,1026.2,1038.75,1039.95,1039.03,3625932,37674.36,69073, 1115561, 30.77,-0.53
INDUSINDBK, EQ, 09-Jul-2024,1438.05,1441.0,1449.6,1426.0,1434.2,1434.25,1433.73,3126274,44822.24,59911, 1986445, 63.54,-0.26
INDUSINDBK, EQ, 09-Aug-2021,1029.5,1031.0,1047.0,1028.05, 1043.00,1042.8,1041.0,4274598,44498.64,81773, 1502428, 35.15,1.29
INDUSINDBK, EQ, 09-Aug-2023,1403.95,1405.0,1410.45,1392.0, 1406.00,1408.45,1401.03,1218020,17064.85,55785, 410046, 33.66,0.32
INDUSINDBK, EQ, 09-Aug-2024,1347.3,1367.0,1367.0,1338.05,1351.85,1349.8,1347.19,5082087,68465.34,218127, 3497770, 68.83,0.19
INDUSINDBK, EQ, 09-Sep-2020,600.4,590.0,609.7,588.65, 609.10,604.6,600.64,17123149,102848.99,193722, 2920529, 17.06,0.7
INDUSINDBK, EQ, 09-Sep-2021,999.6,1000.0,1006.9,993.5, 999.80,999.5,1000.12,3193603,31939.98,44859, 1586898, 49.69,-0.01
INDUSINDBK, EQ, 09-Sep-2022,1108.3,1119.0,1149.55,1116.55, 1134.00,1137.15,1139.24,4751837,54134.9,97172, 1591008, 33.48,2.6
INDUSINDBK, EQ, 09-Sep-2024,1409.35,1409.35,1431.0,1400.1,1427.95,1428.1,1419.66,1802343,25587.1,98592, 880027, 48.83,1.33
INDUSINDBK, EQ, 09-Oct-2020,617.7,618.05,633.0,615.0, 624.10,623.05,623.67,18622258,116140.72,208694, 1696496, 9.11,0.87
INDUSINDBK, EQ, 09-Oct-2023,1434.8,1420.1,1445.0,1410.0, 1424.10,1428.55,1430.69,1613546,23084.78,75765, 612564, 37.96,-0.44
INDUSINDBK, EQ, 09-Oct-2024,1359.55,1369.0,1371.5,1335.55,1345.95,1341.55,1352.22,5269772,71258.87,182808, 2306588, 43.77,-1.32
INDUSINDBK, EQ, 09-Nov-2020,738.65,746.05,780.5,735.05, 775.05,775.45,756.35,28036644,212055.53,346033, 3608753, 12.87,4.98
INDUSINDBK, EQ, 09-Nov-2021,1061.15,1081.0,1084.9,1062.5,1069.0,1068.25,1071.68,7752739,83084.51,194263, 2298457, 29.65,0.67
INDUSINDBK, EQ, 09-Nov-2022,1144.15,1156.0,1172.9,1144.0, 1149.00,1149.0,1159.68,3456108,40079.86,87096, 1261745, 36.51,0.42
INDUSINDBK, EQ, 09-Nov-2023,1488.95,1488.95,1516.3,1484.85, 1509.90,1507.35,1507.89,3207721,48369.05,121130, 1752248, 54.63,1.24
INDUSINDBK, EQ, 09-Dec-2020,916.7,930.0,938.5,918.7,927.05,928.5,928.38,7937423,73689.51,117587, 899685, 11.33,1.29
INDUSINDBK, EQ, 09-Dec-2021,945.3,947.0,950.5,938.2, 947.00,946.4,944.45,3111606,29387.5,74727, 918095, 29.51,0.12
INDUSINDBK, EQ, 09-Dec-2022,1190.85,1195.5,1216.0,1189.25, 1199.00,1202.5,1205.82,6171282,74414.63,132594, 2947754, 47.77,0.98
INDUSINDBK, EQ, 09-Dec-2024,990.35,992.8,994.0,977.8,982.75,982.6,984.15,3565285,35087.93,103239, 1805089, 50.63,-0.78
INDUSINDBK, EQ, 10-Jan-2020,1507.65,1510.85,1521.65,1484.2, 1490.00,1491.25,1501.9,3189536,47903.63,66900, 488165, 15.31,-1.09
INDUSINDBK, EQ, 10-Jan-2022,922.25,926.9,929.85,918.0,921.0,920.85,922.24,2569322,23695.22,48161, 1280742, 49.85,-0.15
INDUSINDBK, EQ, 10-Jan-2023,1218.65,1215.0,1231.15,1205.0,1231.0,1227.55,1219.12,2442613,29778.36,72993, 895444, 36.66,0.73
INDUSINDBK, EQ, 10-Jan-2024,1625.1,1620.0,1642.75,1620.0, 1639.70,1640.15,1637.01,1629958,26682.63,78796, 913980, 56.07,0.93
INDUSINDBK, EQ, 10-Jan-2025,980.9,971.75,975.0,933.05,938.8,937.6,948.51,5611356,53224.01,206468, 2124517, 37.86,-4.41
INDUSINDBK, EQ, 10-Feb-2020,1298.8,1304.0,1304.0,1268.5, 1275.00,1274.95,1277.13,3955195,50513.14,80869, 1852428, 46.84,-1.84
INDUSINDBK, EQ, 10-Feb-2021,1025.8,1035.0,1038.45,1003.6,1027.0,1022.8,1017.51,7815034,79519.12,156341, 1390143, 17.79,-0.29
INDUSINDBK, EQ, 10-Feb-2022,967.15,966.0,977.75,960.25,971.1,972.35,971.5,4037566,39225.04,96922, 1838968, 45.55,0.54
INDUSINDBK, EQ, 10-Feb-2023,1163.8,1160.0,1167.0,1147.1, 1166.00,1161.2,1159.98,2126093,24662.2,92815, 1074318, 50.53,-0.22
INDUSINDBK, EQ, 10-Feb-2025,1079.1,1076.0,1082.0,1062.7,1069.7,1068.0,1069.56,4457091,47671.44,123445, 2592004, 58.15,-1.03
INDUSINDBK, EQ, 10-Mar-2021,1024.8,1043.15,1060.0,1033.05, 1041.90,1039.85,1045.76,8832614,92367.67,162178, 2604568, 29.49,1.47
INDUSINDBK, EQ, 10-Mar-2022,875.35,909.8,928.0,890.7, 903.00,904.3,911.03,6312569,57509.08,113187, 1139592, 18.05,3.31
INDUSINDBK, EQ, 10-Mar-2023,1169.8,1155.1,1162.25,1138.0, 1146.00,1144.8,1150.58,3255900,37461.76,121732, 1406907, 43.21,-2.14
INDUSINDBK, EQ, 10-Mar-2025,936.75,895.0,913.35,881.1,901.95,900.5,902.36,16014401,144507.84,290034, 6885799, 43.00,-3.87
INDUSINDBK, EQ, 10-Apr-2023,1082.0,1082.0,1083.0,1063.0, 1070.00,1069.3,1071.5,1602094,17166.48,42228, 611747, 38.18,-1.17
INDUSINDBK, EQ, 10-Apr-2024,1554.95,1564.85,1564.85,1548.0, 1549.95,1552.85,1556.41,2528578,39354.92,111381, 1005575, 39.77,-0.14
INDUSINDBK, EQ, 10-May-2021,926.2,939.0,949.95,931.15, 947.15,945.4,943.35,5087341,47991.23,92859, 1809748, 35.57,2.07
INDUSINDBK, EQ, 10-May-2022,889.7,888.0,920.0,888.0, 910.90,910.75,907.35,3972560,36045.21,102570, 1186530, 29.87,2.37
INDUSINDBK, EQ, 10-May-2023,1140.6,1155.0,1175.8,1150.0,1172.2,1172.55,1164.61,6466598,75310.96,166867, 2223410, 34.38,2.8
INDUSINDBK, EQ, 10-May-2024,1401.45,1402.0,1424.5,1395.55,1409.05,1410.15,1410.61,1575172,22219.51,89157, 483622, 30.70,0.62
INDUSINDBK, EQ, 10-Jun-2020,463.9,464.0,510.25,463.15, 510.25,499.6,483.48,42547739,205708.97,486516, 5769174, 13.56,7.7
INDUSINDBK, EQ, 10-Jun-2021,1003.55,1012.0,1028.6,1006.0, 1025.10,1024.35,1017.79,2984339,30374.45,62383, 755399, 25.31,2.07
INDUSINDBK, EQ, 10-Jun-2022,920.3,912.5,925.0,903.25,923.1,913.2,911.4,882217,8040.55,27562, 187785, 21.29,-0.77
INDUSINDBK, EQ, 10-Jun-2024,1492.1,1498.5,1505.8,1480.1,1484.85,1485.85,1490.77,2416022,36017.26,122447, 1121039, 46.40,-0.42
INDUSINDBK, EQ, 10-Jul-2020,556.55,552.3,554.45,532.4,540.25,539.25,542.18,26964983,146198.92,315487, 3011918, 11.17,-3.11
INDUSINDBK, EQ, 10-Jul-2023,1357.1,1361.25,1372.4,1345.15,1370.0,1367.0,1357.39,1941110,26348.36,79962, 821438, 42.32,0.73
INDUSINDBK, EQ, 10-Jul-2024,1434.25,1433.5,1433.5,1415.05,1425.0,1425.95,1425.05,3979121,56704.6,134402, 1773378, 44.57,-0.58
INDUSINDBK, EQ, 10-Aug-2020,509.0,512.0,517.55,506.55, 509.80,509.35,512.6,9409631,48233.53,112940, 1800409, 19.13,0.07
INDUSINDBK, EQ, 10-Aug-2021,1042.8,1037.0,1055.0,1031.4, 1032.00,1033.6,1044.6,3469468,36242.17,73574, 1164181, 33.56,-0.88
INDUSINDBK, EQ, 10-Aug-2022,1050.2,1045.4,1067.5,1043.05,1062.0,1063.1,1059.09,2727232,28883.88,70012, 790219, 28.98,1.23
INDUSINDBK, EQ, 10-Aug-2023,1408.45,1402.45,1434.0,1400.1, 1430.00,1430.2,1418.27,3730443,52907.8,125355, 1066957, 28.60,1.54
INDUSINDBK, EQ, 10-Sep-2020,604.6,614.0,627.8,610.0, 620.20,620.45,620.08,15925336,98749.61,191262, 1920602, 12.06,2.62
INDUSINDBK, EQ, 10-Sep-2024,1428.1,1428.9,1438.5,1420.6,1437.5,1435.55,1433.12,2414043,34596.11,133141, 1570491, 65.06,0.52
INDUSINDBK, EQ, 10-Oct-2022,1213.4,1193.1,1216.9,1183.25, 1212.00,1210.3,1205.5,2547644,30711.75,63019, 756636, 29.70,-0.26
INDUSINDBK, EQ, 10-Oct-2023,1428.55,1434.0,1436.35,1412.05, 1418.60,1420.55,1422.09,1874201,26652.8,89909, 813506, 43.41,-0.56
INDUSINDBK, EQ, 10-Oct-2024,1341.55,1350.0,1362.0,1344.3,1361.8,1356.4,1354.46,1673393,22665.38,93291, 741033, 44.28,1.11
INDUSINDBK, EQ, 10-Nov-2020,775.45,784.0,870.0,783.0, 832.00,835.2,827.12,59758713,494274.77,688260, 6417913, 10.74,7.71
INDUSINDBK, EQ, 10-Nov-2021,1068.25,1066.8,1066.8,1027.8, 1033.40,1032.2,1041.79,6796906,70809.37,170528, 2675724, 39.37,-3.37
INDUSINDBK, EQ, 10-Nov-2022,1149.0,1143.0,1157.8,1118.0, 1127.05,1127.35,1132.69,2072769,23478.03,66711, 798157, 38.51,-1.88
INDUSINDBK, EQ, 10-Nov-2023,1507.35,1499.95,1509.45,1493.15,1499.85,1498.8,1501.33,2247500,33742.28,81391, 1067338, 47.49,-0.57
INDUSINDBK, EQ, 10-Dec-2020,928.5,917.95,927.0,905.0, 916.00,915.85,913.42,9145597,83537.77,129415, 1380329, 15.09,-1.36
INDUSINDBK, EQ, 10-Dec-2021,946.4,960.0,968.0,938.0, 944.00,944.75,950.32,6605152,62770.18,126049, 1209714, 18.31,-0.17
INDUSINDBK, EQ, 10-Dec-2024,982.6,983.0,988.4,979.1,983.6,984.3,983.98,3843321,37817.38,99395, 2345725, 61.03,0.17
INDUSINDBK, EQ, 11-Jan-2021,939.8,942.9,950.95,926.2, 928.90,929.1,934.63,8419415,78690.5,141817, 2766434, 32.86,-1.14
INDUSINDBK, EQ, 11-Jan-2022,920.85,927.0,935.05,914.0,917.0,917.95,921.16,3383081,31163.61,72202, 1239927, 36.65,-0.31
INDUSINDBK, EQ, 11-Jan-2023,1227.55,1232.4,1238.2,1207.4, 1213.90,1213.25,1220.24,2675249,32644.57,97127, 1103690, 41.26,-1.16
INDUSINDBK, EQ, 11-Jan-2024,1640.15,1643.95,1668.2,1642.55, 1660.90,1657.85,1658.68,1914421,31754.06,118559, 1046105, 54.64,1.08
INDUSINDBK, EQ, 11-Feb-2020,1274.95,1290.0,1309.9,1285.05, 1290.30,1292.65,1296.3,3456066,44801.11,105413, 1163022, 33.65,1.39
INDUSINDBK, EQ, 11-Feb-2021,1022.8,1025.0,1036.0,1015.3,1022.3,1021.9,1023.01,5760021,58925.68,138543, 796722, 13.83,-0.09
INDUSINDBK, EQ, 11-Feb-2022,972.35,955.0,990.0,954.55,977.0,982.4,977.89,7171664,70131.26,128139, 3036781, 42.34,1.03
INDUSINDBK, EQ, 11-Feb-2025,1068.0,1063.5,1074.9,1047.65,1056.0,1054.15,1057.74,4109028,43462.95,141274, 2160884, 52.59,-1.3
INDUSINDBK, EQ, 11-Mar-2020,903.1,889.9,929.0,845.0, 845.15,853.55,883.54,12305910,108727.44,237824, 3240909, 26.34,-5.49
INDUSINDBK, EQ, 11-Mar-2022,904.3,900.0,915.5,892.95, 900.10,901.75,904.01,3451877,31205.4,73515, 586698, 17.00,-0.28
INDUSINDBK, EQ, 11-Mar-2024,1563.75,1566.1,1568.75,1536.6, 1538.00,1541.05,1546.83,1694488,26210.85,114140, 922669, 54.45,-1.45
INDUSINDBK, EQ, 11-Mar-2025,900.5,810.45,810.45,649.0,656.8,655.95,691.22,101075220,698655.99,1087296, 31916680, 31.58,-27.16
INDUSINDBK, EQ, 11-Apr-2022,985.6,983.6,998.9,976.8,983.0,980.45,988.27,2413145,23848.43,51503, 679520, 28.16,-0.52
INDUSINDBK, EQ, 11-Apr-2023,1069.3,1077.4,1078.1,1055.05, 1075.00,1074.2,1072.15,1932390,20718.12,72178, 933376, 48.30,0.46
INDUSINDBK, EQ, 11-Apr-2025,678.55,684.95,694.0,675.5,693.0,689.5,682.95,5019467,34280.27,178907, 2417028, 48.15,1.61
INDUSINDBK, EQ, 11-May-2020,440.35,450.0,458.75,428.8, 435.90,433.4,441.88,18434460,81458.13,321806, 1445489, 7.84,-1.58
INDUSINDBK, EQ, 11-May-2021,945.4,923.95,957.0,922.9, 947.65,948.85,944.15,5732298,54121.34,95503, 1312587, 22.90,0.36
INDUSINDBK, EQ, 11-May-2022,910.75,910.9,928.0,891.3,925.9,923.35,910.14,4209334,38310.89,94115, 1597016, 37.94,1.38
INDUSINDBK, EQ, 11-May-2023,1172.55,1175.0,1200.0,1169.25, 1187.35,1187.45,1188.42,6086958,72338.69,175116, 2477999, 40.71,1.27
INDUSINDBK, EQ, 11-Jun-2020,499.6,510.25,548.5,505.1, 521.30,523.15,530.88,78670148,417644.52,894762, 8276698, 10.52,4.71
INDUSINDBK, EQ, 11-Jun-2021,1024.35,1028.0,1032.0,1012.1, 1015.60,1015.1,1018.86,2679470,27300.1,65768, 995872, 37.17,-0.9
INDUSINDBK, EQ, 11-Jun-2024,1485.85,1485.0,1491.0,1475.2,1481.5,1481.05,1484.43,1737873,25797.48,66843, 955855, 55.00,-0.32
INDUSINDBK, EQ, 11-Jul-2022,848.6,845.0,860.0,843.05,859.0,858.35,855.37,1503503,12860.53,32699, 450506, 29.96,1.15
INDUSINDBK, EQ, 11-Jul-2023,1367.0,1372.0,1383.65,1370.0, 1379.50,1380.95,1376.98,2110648,29063.28,108694, 1106330, 52.42,1.02
INDUSINDBK, EQ, 11-Jul-2024,1425.95,1427.95,1435.85,1415.7,1432.0,1429.75,1424.31,2416195,34414.08,94319, 1351062, 55.92,0.27
INDUSINDBK, EQ, 11-Aug-2020,509.35,511.0,524.9,509.35,522.1,522.0,517.51,11702721,60563.08,130754, 2929897, 25.04,2.48
INDUSINDBK, EQ, 11-Aug-2021,1033.6,1033.6,1045.35,1020.0, 1041.20,1041.2,1032.38,2155833,22256.28,50118, 540196, 25.06,0.74
INDUSINDBK, EQ, 11-Aug-2022,1063.1,1070.65,1086.0,1069.0,1079.0,1079.2,1079.63,3998702,43171.38,106406, 2266646, 56.68,1.51
INDUSINDBK, EQ, 11-Aug-2023,1430.2,1431.75,1431.75,1392.75, 1395.30,1397.25,1404.25,3074690,43176.35,85509, 1545908, 50.28,-2.3
INDUSINDBK, EQ, 11-Sep-2020,620.45,618.0,622.4,603.25, 610.00,610.35,610.3,11347391,69253.36,152869, 1746877, 15.39,-1.63
INDUSINDBK, EQ, 11-Sep-2023,1448.85,1449.05,1452.0,1431.75, 1450.00,1450.2,1445.1,2220230,32084.61,97912, 1121006, 50.49,0.09
INDUSINDBK, EQ, 11-Sep-2024,1435.55,1435.4,1438.95,1417.8,1420.6,1421.2,1426.77,2622902,37422.68,81008, 930747, 35.49,-1.0
INDUSINDBK, EQ, 11-Oct-2021,1174.4,1172.65,1194.45,1170.0, 1172.50,1173.25,1178.4,2535840,29882.23,53660, 1010466, 39.85,-0.1
INDUSINDBK, EQ, 11-Oct-2022,1210.3,1215.0,1215.95,1162.0, 1164.80,1164.6,1173.18,21664338,254160.61,118301, 12362736, 57.06,-3.78
INDUSINDBK, EQ, 11-Oct-2023,1420.55,1430.95,1431.9,1414.55, 1419.50,1421.2,1421.17,1855211,26365.74,74566, 563812, 30.39,0.05
INDUSINDBK, EQ, 11-Oct-2024,1356.4,1360.1,1371.3,1339.0,1347.85,1347.6,1348.96,2755874,37175.54,92580, 1660611, 60.26,-0.65
INDUSINDBK, EQ, 11-Nov-2020,835.2,839.0,839.05,752.5, 791.25,787.95,794.15,51561819,409480.5,687502, 4862526, 9.43,-5.66
INDUSINDBK, EQ, 11-Nov-2021,1032.2,1032.2,1038.0,1020.5, 1032.20,1033.3,1029.73,4527396,46619.88,128191, 1090450, 24.09,0.11
INDUSINDBK, EQ, 11-Nov-2022,1127.35,1140.0,1161.45,1130.6,1138.0,1140.0,1142.53,2198448,25117.96,89758, 822558, 37.42,1.12
INDUSINDBK, EQ, 11-Nov-2024,1053.8,1053.0,1067.5,1040.0, 1058.45,1060.8,1057.88,4918839,52035.6,145758, 2703189, 54.96,0.66
INDUSINDBK, EQ, 11-Dec-2020,915.85,916.75,933.35,915.1, 923.00,923.75,925.38,8417189,77890.82,123723, 1427478, 16.96,0.86
INDUSINDBK, EQ, 11-Dec-2023,1508.95,1512.8,1537.95,1510.0, 1522.30,1521.85,1524.32,2194782,33455.45,90443, 760624, 34.66,0.85
INDUSINDBK, EQ, 11-Dec-2024,984.3,985.5,999.9,981.25,984.3,984.85,988.67,4679888,46268.67,113427, 2751583, 58.80,0.06
INDUSINDBK, EQ, 12-Jan-2021,929.1,920.0,941.5,906.55, 925.00,927.65,923.61,8805330,81327.02,142400, 1379773, 15.67,-0.16
INDUSINDBK, EQ, 12-Jan-2022,917.95,928.0,946.6,920.1,943.5,941.55,936.63,5506622,51576.56,105507, 2309133, 41.93,2.57
INDUSINDBK, EQ, 12-Jan-2023,1213.25,1214.0,1224.75,1197.3, 1207.10,1209.15,1211.55,1862790,22568.6,60638, 538265, 28.90,-0.34
INDUSINDBK, EQ, 12-Jan-2024,1657.85,1657.85,1677.85,1647.4,1671.45,1674.0,1669.64,2161848,36095.05,115895, 1320306, 61.07,0.97
INDUSINDBK, EQ, 12-Feb-2020,1292.65,1260.0,1302.9,1251.7, 1277.00,1277.4,1277.49,8957173,114426.68,195885, 3073719, 34.32,-1.18
INDUSINDBK, EQ, 12-Feb-2021,1021.9,1023.8,1059.5,1012.0,1025.1,1027.4,1042.58,13959383,145537.73,258960, 2274170, 16.29,0.54
INDUSINDBK, EQ, 12-Feb-2024,1486.25,1488.2,1497.0,1442.15, 1452.40,1447.15,1456.64,2821957,41105.62,118593, 1424514, 50.48,-2.63
INDUSINDBK, EQ, 12-Feb-2025,1054.15,1060.45,1063.95,1020.25,1038.0,1039.65,1038.35,4798340,49823.59,145201, 2092739, 43.61,-1.38
INDUSINDBK, EQ, 12-Mar-2020,853.55,775.2,831.95,770.0, 772.00,784.65,805.51,16136790,129983.27,309910, 5653974, 35.04,-8.07
INDUSINDBK, EQ, 12-Mar-2021,1039.85,1052.0,1056.4,1015.65, 1019.25,1022.65,1035.51,5735382,59390.21,123230, 1893446, 33.01,-1.65
INDUSINDBK, EQ, 12-Mar-2024,1541.05,1541.05,1555.95,1528.5, 1534.50,1533.05,1541.22,1918571,29569.34,106099, 884845, 46.12,-0.52
INDUSINDBK, EQ, 12-Mar-2025,655.95,630.0,697.65,606.0,685.0,684.7,672.37,108682122,730750.15,1112705, 14282748, 13.14,4.38
INDUSINDBK, EQ, 12-Apr-2021,923.65,884.0,890.0,841.0, 844.50,844.4,852.61,10674765,91014.13,272488, 2275042, 21.31,-8.58
INDUSINDBK, EQ, 12-Apr-2022,980.45,977.0,987.65,966.0, 986.00,985.1,976.87,1963842,19184.21,57070, 405571, 20.65,0.47
INDUSINDBK, EQ, 12-Apr-2023,1074.2,1073.5,1077.1,1057.55, 1074.75,1074.75,1067.25,3005913,32080.47,80632, 1340715, 44.60,0.05
INDUSINDBK, EQ, 12-Apr-2024,1552.85,1546.0,1562.7,1542.0, 1551.50,1555.65,1555.41,1749128,27206.06,136219, 872530, 49.88,0.18
INDUSINDBK, EQ, 12-May-2020,433.4,429.8,450.0,425.0, 447.40,446.2,436.55,26126578,114055.96,390262, 1982093, 7.59,2.95
INDUSINDBK, EQ, 12-May-2021,948.85,942.0,950.55,914.0,916.5,916.65,929.54,5074561,47169.9,97688, 1403465, 27.66,-3.39
INDUSINDBK, EQ, 12-May-2022,923.35,916.0,916.5,856.0,871.0,869.9,877.53,4776857,41918.56,113630, 1301127, 27.24,-5.79
INDUSINDBK, EQ, 12-May-2023,1187.45,1192.5,1214.0,1176.05, 1208.00,1208.65,1196.3,3983609,47655.81,149314, 1412331, 35.45,1.79
INDUSINDBK, EQ, 12-Jun-2020,523.15,490.0,534.7,483.3, 527.00,528.45,507.13,57432454,291258.87,631593, 3304352, 5.75,1.01
INDUSINDBK, EQ, 12-Jun-2023,1331.05,1336.95,1336.95,1318.6, 1332.50,1332.45,1328.13,1904622,25295.93,54120, 1015147, 53.30,0.11
INDUSINDBK, EQ, 12-Jun-2024,1481.05,1491.0,1492.25,1473.0,1482.6,1484.25,1481.71,5419536,80301.69,134089, 2662642, 49.13,0.22
INDUSINDBK, EQ, 12-Jul-2021,1039.95,1045.4,1057.65,1041.05, 1048.20,1049.3,1050.09,2010018,21107.0,50531, 674286, 33.55,0.9
INDUSINDBK, EQ, 12-Jul-2022,858.35,850.0,861.15,845.0,847.8,847.05,853.45,1221366,10423.8,24752, 375570, 30.75,-1.32
INDUSINDBK, EQ, 12-Jul-2023,1380.95,1371.95,1384.8,1351.0, 1372.65,1371.45,1370.43,4921224,67441.94,154293, 2502921, 50.86,-0.69
INDUSINDBK, EQ, 12-Jul-2024,1429.75,1432.0,1450.95,1427.35,1435.5,1434.55,1436.51,3340305,47983.69,86649, 1968548, 58.93,0.34
INDUSINDBK, EQ, 12-Aug-2020,522.0,518.5,530.45,512.35,519.35,520.65,523.08,12646494,66151.55,147764, 2312821, 18.29,-0.26
INDUSINDBK, EQ, 12-Aug-2021,1041.2,1046.45,1047.15,1027.25, 1036.45,1035.35,1035.35,2453701,25404.51,57535, 898062, 36.60,-0.56
INDUSINDBK, EQ, 12-Aug-2022,1079.2,1077.15,1088.05,1075.55,1077.5,1080.45,1081.72,2463516,26648.43,81493, 1265642, 51.38,0.12
INDUSINDBK, EQ, 12-Aug-2024,1349.8,1349.8,1357.6,1336.65,1349.75,1350.85,1349.98,4436342,59889.72,141631, 2799010, 63.09,0.08
INDUSINDBK, EQ, 12-Sep-2022,1137.15,1144.3,1145.0,1128.0, 1138.70,1136.85,1135.84,1918731,21793.74,40039, 824436, 42.97,-0.03
INDUSINDBK, EQ, 12-Sep-2023,1450.2,1450.1,1453.9,1425.1, 1433.00,1429.15,1436.41,1943026,27909.84,118569, 959732, 49.39,-1.45
INDUSINDBK, EQ, 12-Sep-2024,1421.2,1425.15,1446.5,1420.15,1444.0,1443.35,1436.02,2437399,35001.65,102535, 1202030, 49.32,1.56
INDUSINDBK, EQ, 12-Oct-2020,623.05,628.2,632.0,610.5, 613.00,614.45,619.54,11751051,72802.03,142111, 1212924, 10.32,-1.38
INDUSINDBK, EQ, 12-Oct-2021,1173.25,1165.0,1196.0,1160.05, 1179.05,1181.9,1178.59,2354120,27745.52,63271, 626964, 26.63,0.74
INDUSINDBK, EQ, 12-Oct-2022,1164.6,1175.05,1192.1,1156.1, 1190.15,1189.05,1174.24,3412460,40070.38,92296, 959310, 28.11,2.1
INDUSINDBK, EQ, 12-Oct-2023,1421.2,1433.3,1444.0,1421.0, 1423.50,1424.25,1431.9,2069952,29639.56,79070, 828014, 40.00,0.21
INDUSINDBK, EQ, 12-Nov-2020,787.95,790.0,802.85,761.8, 767.50,769.2,775.09,28387177,220026.3,387904, 2891707, 10.19,-2.38
INDUSINDBK, EQ, 12-Nov-2021,1033.3,1040.0,1043.5,1028.55, 1037.95,1037.05,1037.1,3479296,36083.82,125446, 1552813, 44.63,0.36
INDUSINDBK, EQ, 12-Nov-2024,1060.8,1061.3,1065.45,1051.55,1058.5,1059.55,1058.84,2186055,23146.76,85581, 1197292, 54.77,-0.12
INDUSINDBK, EQ, 12-Dec-2022,1202.5,1201.3,1219.9,1195.25, 1209.00,1206.75,1210.1,2790292,33765.26,82003, 1131319, 40.54,0.35
INDUSINDBK, EQ, 12-Dec-2023,1521.85,1528.9,1528.9,1489.95, 1499.00,1497.0,1509.68,1621785,24483.73,74085, 839965, 51.79,-1.63
INDUSINDBK, EQ, 12-Dec-2024,984.85,986.0,1005.5,986.0,998.0,997.95,998.56,5771673,57633.64,101466, 3276707, 56.77,1.33
INDUSINDBK, EQ, 13-Jan-2020,1491.25,1499.8,1547.0,1487.35, 1546.00,1539.65,1512.03,3732412,56435.24,74634, 681513, 18.26,3.25
INDUSINDBK, EQ, 13-Jan-2021,927.65,932.8,953.5,926.15, 942.15,942.75,941.56,9473962,89203.07,139743, 1456035, 15.37,1.63
INDUSINDBK, EQ, 13-Jan-2022,941.55,948.0,950.0,926.0, 926.25,927.1,932.29,2109207,19663.93,52999, 841992, 39.92,-1.53
INDUSINDBK, EQ, 13-Jan-2023,1209.15,1213.0,1237.3,1210.1,1233.2,1234.4,1225.5,2184432,26770.13,64636, 821004, 37.58,2.09
INDUSINDBK, EQ, 13-Jan-2025,937.6,936.9,973.5,934.5,943.0,941.7,953.88,8752532,83488.37,245407, 3453470, 39.46,0.44
INDUSINDBK, EQ, 13-Feb-2020,1277.4,1281.75,1281.75,1225.25, 1231.85,1230.75,1245.92,6508945,81096.41,146987, 2919370, 44.85,-3.65
INDUSINDBK, EQ, 13-Feb-2023,1161.2,1165.0,1170.0,1148.6,1155.1,1157.35,1158.63,2112106,24471.48,88803, 1157024, 54.78,-0.33
INDUSINDBK, EQ, 13-Feb-2024,1447.15,1452.4,1476.25,1430.65, 1460.00,1463.9,1455.06,4601482,66954.39,203716, 2830645, 61.52,1.16
INDUSINDBK, EQ, 13-Feb-2025,1039.65,1039.5,1056.95,1025.4,1049.95,1047.25,1045.76,4539780,47475.25,139511, 2737035, 60.29,0.73
INDUSINDBK, EQ, 13-Mar-2020,784.65,724.0,834.7,551.1, 807.30,803.75,732.17,21139779,154778.57,357767, 5098047, 24.12,2.43
INDUSINDBK, EQ, 13-Mar-2023,1144.8,1119.0,1119.5,1055.0, 1060.85,1060.1,1076.86,12242080,131830.44,253863, 5587334, 45.64,-7.4
INDUSINDBK, EQ, 13-Mar-2024,1533.05,1535.0,1540.6,1495.0, 1495.00,1502.65,1508.97,4165036,62849.01,176342, 1876341, 45.05,-1.98
INDUSINDBK, EQ, 13-Mar-2025,684.7,690.0,706.9,667.65,672.65,672.35,683.33,31592987,215882.99,372332, 6330706, 20.04,-1.8
INDUSINDBK, EQ, 13-Apr-2020,395.4,388.0,421.8,371.25, 408.00,410.4,401.12,31209060,125186.15,521925,5249199,18.74,3.79
INDUSINDBK, EQ, 13-Apr-2021,844.4,850.0,881.0,844.5, 876.95,877.4,864.62,6778840,58611.54,147907, 1426597, 21.04,3.91
INDUSINDBK, EQ, 13-Apr-2022,985.1,992.0,996.25,982.0,983.9,983.4,990.55,2060127,20406.49,56089, 538268, 26.13,-0.17
INDUSINDBK, EQ, 13-Apr-2023,1074.75,1073.0,1114.5,1007.95, 1105.00,1109.3,1078.05,6082307,65570.33,139938, 2199988, 36.17,3.21
INDUSINDBK, EQ, 13-May-2020,446.2,475.0,480.0,444.5,450.0,448.6,459.44,20820466,95656.58,300803, 4203281, 20.19,0.54
INDUSINDBK, EQ, 13-May-2022,869.9,886.0,894.15,868.75,871.85,872.35,882.45,2932319,25876.35,75891, 912535, 31.12,0.28
INDUSINDBK, EQ, 13-May-2024,1410.15,1415.35,1417.75,1377.25,1406.4,1404.55,1394.34,3624862,50542.86,142340, 1514045, 41.77,-0.4
INDUSINDBK, EQ, 13-Jun-2022,913.2,895.0,900.35,860.1,867.7,865.45,870.84,3353078,29199.92,87272, 1185937, 35.37,-5.23
INDUSINDBK, EQ, 13-Jun-2023,1332.45,1336.0,1342.9,1332.35, 1333.00,1336.25,1338.47,3756073,50273.92,75840, 2512486, 66.89,0.29
INDUSINDBK, EQ, 13-Jun-2024,1484.25,1496.0,1510.0,1481.2,1505.5,1507.25,1497.35,2446832,36637.62,79314, 1272139, 51.99,1.55
INDUSINDBK, EQ, 13-Jul-2020,539.25,549.7,555.0,534.5, 539.10,539.65,541.27,16508012,89352.11,191261, 1765494, 10.69,0.07
INDUSINDBK, EQ, 13-Jul-2021,1049.3,1055.0,1059.95,1044.0, 1054.50,1055.9,1053.71,2096758,22093.71,48045, 552227, 26.34,0.63
INDUSINDBK, EQ, 13-Jul-2022,847.05,856.15,856.15,789.5,820.5,819.05,817.85,10850036,88736.92,177981, 2706171, 24.94,-3.31
INDUSINDBK, EQ, 13-Jul-2023,1371.45,1384.0,1391.5,1366.4, 1378.00,1376.3,1380.15,5174896,71421.14,136658, 2141879, 41.39,0.35
INDUSINDBK, EQ, 13-Aug-2020,520.65,524.0,527.55,516.35, 518.40,518.75,522.11,8109165,42338.4,90360, 1870668, 23.07,-0.36
INDUSINDBK, EQ, 13-Aug-2021,1035.35,1035.35,1043.75,1021.6,1024.95,1024.15,1031.36,2348979,24226.52,57298, 1078193, 45.90,-1.08
INDUSINDBK, EQ, 13-Aug-2024,1350.85,1355.0,1371.65,1343.5,1348.5,1350.6,1356.58,3905817,52985.64,110670, 2396322, 61.35,-0.02
INDUSINDBK, EQ, 13-Sep-2021,999.5,1004.0,1004.0,992.65, 996.75,996.3,997.53,2386618,23807.14,52221, 1158022, 48.52,-0.32
INDUSINDBK, EQ, 13-Sep-2022,1136.85,1145.0,1165.55,1136.8, 1161.60,1163.8,1153.48,3571187,41192.76,73362, 1941129, 54.36,2.37
INDUSINDBK, EQ, 13-Sep-2023,1429.15,1429.9,1459.65,1416.05, 1456.00,1455.05,1442.02,4302942,62049.22,147469, 2080463, 48.35,1.81
INDUSINDBK, EQ, 13-Sep-2024,1443.35,1450.0,1470.95,1442.35,1462.5,1464.05,1461.2,2999055,43822.29,89635, 1483062, 49.45,1.43
INDUSINDBK, EQ, 13-Oct-2020,614.45,611.6,620.75,602.45, 606.95,608.2,611.57,11579418,70816.06,135185, 1146326, 9.90,-1.02
INDUSINDBK, EQ, 13-Oct-2021,1181.9,1188.1,1191.95,1175.25,1181.0,1184.5,1183.83,1235622,14627.7,37323, 349034, 28.25,0.22
INDUSINDBK, EQ, 13-Oct-2022,1189.05,1189.05,1196.75,1167.0,1183.0,1184.25,1181.29,1982808,23422.64,52415, 366566, 18.49,-0.4
INDUSINDBK, EQ, 13-Oct-2023,1424.25,1421.2,1466.3,1420.0, 1459.05,1463.7,1452.58,4480890,65088.3,122279, 1941761, 43.33,2.77
INDUSINDBK, EQ, 13-Nov-2020,769.2,760.05,774.7,741.75,766.95,768.55,758.42,25472191,193185.29,338334, 2497014, 9.80,-0.08
INDUSINDBK, EQ, 13-Nov-2023,1502.1,1502.0,1516.0,1496.15, 1506.00,1509.6,1510.56,2026629,30613.39,94584, 890705, 43.95,0.5
INDUSINDBK, EQ, 13-Nov-2024,1059.55,1053.8,1067.8,1032.2,1039.9,1036.7,1047.4,4850346,50802.39,175941, 2010462, 41.45,-2.16
INDUSINDBK, EQ, 13-Dec-2021,944.75,954.3,955.6,934.2,939.75,938.55,946.74,2681792,25389.66,82936, 875450, 32.64,-0.66
INDUSINDBK, EQ, 13-Dec-2022,1206.75,1212.8,1240.95,1209.5, 1232.50,1234.95,1225.64,4161518,51005.35,126405, 2209050, 53.08,2.34
INDUSINDBK, EQ, 13-Dec-2023,1497.0,1502.0,1512.65,1495.0, 1504.30,1506.9,1506.52,2562565,38605.68,123823, 1466762, 57.24,0.66
INDUSINDBK, EQ, 13-Dec-2024,997.95,991.0,997.65,965.55,987.5,986.65,979.88,5674567,55603.71,162476, 2408754, 42.45,-1.13
INDUSINDBK, EQ, 14-Jan-2020,1539.65,1546.0,1585.0,1470.25, 1478.20,1481.65,1527.76,15123110,231045.55,308946, 2358333, 15.59,-3.77
INDUSINDBK, EQ, 14-Jan-2021,942.75,953.0,980.7,951.25, 971.05,969.7,971.06,14887258,144563.71,242517, 2807875, 18.86,2.86
INDUSINDBK, EQ, 14-Jan-2022,927.1,919.1,926.65,913.25, 918.80,920.05,919.47,2557488,23515.41,77167, 1033776, 40.42,-0.76
INDUSINDBK, EQ, 14-Jan-2025,941.7,945.1,979.3,945.1,964.0,962.1,967.95,5735697,55518.64,162328, 2635436, 45.95,2.17
INDUSINDBK, EQ, 14-Feb-2020,1230.75,1233.9,1241.1,1171.2, 1185.00,1176.0,1200.96,11532869,138505.22,287816, 3618282, 31.37,-4.45
INDUSINDBK, EQ, 14-Feb-2022,982.4,959.2,964.8,937.2,937.3,941.6,949.69,3652419,34686.6,91029, 991686, 27.15,-4.15
INDUSINDBK, EQ, 14-Feb-2023,1157.35,1160.7,1162.0,1137.0,1158.0,1156.85,1152.85,2433798,28057.92,93210, 1408791, 57.88,-0.04
INDUSINDBK, EQ, 14-Feb-2024,1463.9,1450.05,1494.5,1435.95, 1484.50,1481.5,1466.8,4208176,61725.72,171061, 1299857, 30.89,1.2
INDUSINDBK, EQ, 14-Feb-2025,1047.25,1049.6,1058.1,1018.2,1023.05,1024.4,1030.91,4036016,41607.62,104813, 1871988, 46.38,-2.18
INDUSINDBK, EQ, 14-Mar-2022,901.75,899.0,914.0,892.3,907.45,907.6,902.55,3718477,33561.08,66446, 928321, 24.97,0.65
INDUSINDBK, EQ, 14-Mar-2023,1060.1,1060.1,1082.4,1052.2, 1063.00,1064.0,1065.68,5410127,57654.66,144902, 1844091, 34.09,0.37
INDUSINDBK, EQ, 14-Mar-2024,1502.65,1471.55,1506.9,1469.2, 1481.50,1476.75,1486.62,3652530,54299.21,163526, 1833970, 50.21,-1.72
INDUSINDBK, EQ, 14-May-2020,448.6,439.0,442.0,425.0,429.65,428.0,432.18,16520591,71399.32,235438, 4250171, 25.73,-4.59
INDUSINDBK, EQ, 14-May-2021,916.65,923.0,923.0,888.1, 891.00,890.85,903.63,6169600,55750.15,143669, 1735235, 28.13,-2.81
INDUSINDBK, EQ, 14-May-2024,1404.55,1407.0,1429.35,1402.8,1420.95,1421.0,1417.33,1279355,18132.7,69778, 690965, 54.01,1.17
INDUSINDBK, EQ, 14-Jun-2021,1015.1,1012.0,1028.0,993.75, 1024.90,1024.3,1012.68,3982216,40327.17,81895, 1137673, 28.57,0.91
INDUSINDBK, EQ, 14-Jun-2022,865.45,864.0,869.95,840.3, 845.40,844.2,854.26,3770890,32213.35,85724, 1084085, 28.75,-2.46
INDUSINDBK, EQ, 14-Jun-2023,1336.25,1335.05,1336.25,1318.2, 1322.15,1323.25,1326.26,2858453,37910.59,79630, 1520215, 53.18,-0.97
INDUSINDBK, EQ, 14-Jun-2024,1507.25,1510.5,1515.9,1495.95,1498.5,1502.35,1505.91,2706742,40760.97,103202, 1319418, 48.75,-0.33
INDUSINDBK, EQ, 14-Jul-2020,539.65,535.0,535.0,505.05,510.0,510.8,514.74,22221590,114383.31,268753, 3534295, 15.90,-5.35
INDUSINDBK, EQ, 14-Jul-2021,1055.9,1050.0,1060.5,1048.5, 1050.40,1052.6,1053.64,1566799,16508.48,40792, 404628, 25.83,-0.31
INDUSINDBK, EQ, 14-Jul-2022,819.05,823.1,829.8,813.7, 821.00,820.9,820.52,2463571,20214.12,54210, 290106, 11.78,0.23
INDUSINDBK, EQ, 14-Jul-2023,1376.3,1376.2,1383.95,1367.0,1375.95,1377.0,1375.57,3885754,53451.14,118536, 2839314, 73.07,0.05
INDUSINDBK, EQ, 14-Aug-2020,518.75,520.0,523.5,500.15, 508.10,507.2,512.48,9318713,47756.68,110304, 2355071, 25.27,-2.23
INDUSINDBK, EQ, 14-Aug-2023,1397.25,1395.0,1397.5,1379.05, 1387.80,1388.9,1385.81,1783022,24709.32,86568, 882060, 49.47,-0.6
INDUSINDBK, EQ, 14-Aug-2024,1350.6,1356.95,1356.95,1335.95,1343.0,1338.1,1343.43,4868357,65402.94,130366, 3079570, 63.26,-0.93
INDUSINDBK, EQ, 14-Sep-2020,610.35,617.1,620.0,603.85,605.95,609.35,612.93,9287424,56925.48,111369, 1556293, 16.76,-0.16
INDUSINDBK, EQ, 14-Sep-2021,996.3,999.0,1039.0,997.6, 1035.50,1036.6,1022.65,7838383,80159.43,139376, 4155548, 53.02,4.04
INDUSINDBK, EQ, 14-Sep-2022,1163.8,1148.6,1225.0,1142.3,1213.0,1215.75,1200.98,9043198,108607.22,187487, 3419868, 37.82,4.46
INDUSINDBK, EQ, 14-Sep-2023,1455.05,1459.95,1467.85,1450.45, 1454.90,1458.25,1459.96,2407947,35155.02,138340, 1039842, 43.18,0.22
INDUSINDBK, EQ, 14-Oct-2020,608.2,600.0,626.45,597.5, 622.90,622.65,612.69,14624576,89603.08,158682, 1121181, 7.67,2.38
INDUSINDBK, EQ, 14-Oct-2021,1184.5,1190.0,1215.0,1161.8,1208.05,1210.0,1189.47,3315820,39440.78,86935, 945006, 28.50,2.15
INDUSINDBK, EQ, 14-Oct-2022,1184.25,1201.25,1216.35,1179.2, 1180.45,1181.6,1191.01,2918993,34765.45,77548, 1099875, 37.68,-0.22
INDUSINDBK, EQ, 14-Oct-2024,1347.6,1354.6,1371.5,1348.3,1370.9,1370.45,1365.2,1381439,18859.36,59172, 778558, 56.36,1.7
INDUSINDBK, EQ, 14-Nov-2022,1140.0,1145.7,1160.0,1134.15,1152.5,1152.95,1148.83,2007506,23062.89,54747, 764850, 38.10,1.14
INDUSINDBK, EQ, 14-Nov-2024,1036.7,1043.0,1045.0,1015.0, 1018.90,1017.15,1024.71,2612235,26767.9,112506, 1203066, 46.06,-1.89
INDUSINDBK, EQ, 14-Dec-2020,923.75,927.0,935.0,918.05,920.65,921.25,927.76,5936096,55072.85,107627, 961735, 16.20,-0.27
INDUSINDBK, EQ, 14-Dec-2021,938.55,932.0,949.15,924.2,945.0,946.05,936.82,2725729,25535.17,66116, 726837, 26.67,0.8
INDUSINDBK, EQ, 14-Dec-2022,1234.95,1241.75,1257.0,1233.0, 1251.25,1253.15,1248.2,3913725,48850.98,88904, 2070700, 52.91,1.47
INDUSINDBK, EQ, 14-Dec-2023,1506.9,1523.0,1554.5,1515.6, 1551.95,1551.7,1543.77,3427500,52912.71,147781, 1556535, 45.41,2.97
INDUSINDBK, EQ, 15-Jan-2020,1481.65,1463.4,1463.4,1391.35, 1399.00,1400.5,1416.67,13995235,198266.1,315523, 4731949, 33.81,-5.48
INDUSINDBK, EQ, 15-Jan-2021,969.7,974.0,983.0,953.45,967.25,965.9,966.63,9195430,88885.93,162177, 1835072, 19.96,-0.39
INDUSINDBK, EQ, 15-Jan-2024,1674.0,1684.8,1694.5,1668.05, 1688.95,1688.85,1685.75,2930339,49398.06,170648, 1806376, 61.64,0.89
INDUSINDBK, EQ, 15-Jan-2025,962.1,971.25,983.0,954.65,962.5,962.45,966.57,3633812,35123.46,165971, 1699722, 46.78,0.04
INDUSINDBK, EQ, 15-Feb-2021,1027.4,1044.9,1063.0,1037.7, 1059.00,1057.6,1053.29,9121286,96073.96,187726, 1925870, 21.11,2.94
INDUSINDBK, EQ, 15-Feb-2022,941.6,943.0,972.0,923.25,968.55,969.7,945.55,3985559,37685.37,107152, 811865, 20.37,2.98
INDUSINDBK, EQ, 15-Feb-2023,1156.85,1155.0,1160.45,1145.0, 1149.25,1149.6,1149.59,2050158,23568.4,71668, 1282156, 62.54,-0.63
INDUSINDBK, EQ, 15-Feb-2024,1481.5,1491.0,1492.85,1460.3, 1480.30,1476.95,1473.72,1906763,28100.39,132558, 823582, 43.19,-0.31
INDUSINDBK, EQ, 15-Mar-2021,1022.65,1027.8,1043.6,988.2, 1038.90,1038.65,1013.68,8020745,81304.93,160734, 2182497, 27.21,1.56
INDUSINDBK, EQ, 15-Mar-2022,907.6,916.9,922.0,887.25,894.9,896.65,906.94,4390735,39821.31,85039, 1006659, 22.93,-1.21
INDUSINDBK, EQ, 15-Mar-2023,1064.0,1079.8,1086.55,1040.0, 1043.80,1044.35,1061.31,4117107,43695.43,135619, 1610914, 39.13,-1.85
INDUSINDBK, EQ, 15-Mar-2024,1476.75,1474.0,1489.5,1456.7, 1480.55,1484.35,1477.26,2985042,44096.79,117252, 1462309, 48.99,0.51
INDUSINDBK, EQ, 15-Apr-2020,410.4,425.0,445.0,414.05, 426.00,424.1,430.29,28312005,121823.25,482598, 8778291, 31.01,3.34
INDUSINDBK, EQ, 15-Apr-2021,877.4,867.5,883.8,841.25,859.0,858.35,857.55,6862663,58850.9,151956, 983973, 14.34,-2.17
INDUSINDBK, EQ, 15-Apr-2024,1555.65,1544.95,1557.9,1530.0, 1538.10,1539.9,1541.69,1528341,23562.22,77994, 631785, 41.34,-1.01
INDUSINDBK, EQ, 15-Apr-2025,689.5,705.0,741.0,693.05,735.5,735.9,726.95,12452925,90526.04,228154, 4521428, 36.31,6.73
INDUSINDBK, EQ, 15-May-2020,428.0,430.4,431.0,417.1,418.2,418.7,421.11,14849518,62533.16,200424, 2735939, 18.42,-2.17
INDUSINDBK, EQ, 15-May-2023,1208.65,1208.6,1222.65,1196.0, 1219.00,1219.55,1213.39,3323300,40324.5,84274, 1238524, 37.27,0.9
INDUSINDBK, EQ, 15-May-2024,1421.0,1421.0,1429.85,1407.4,1418.0,1417.1,1415.43,2516309,35616.63,94394, 996509, 39.60,-0.27
INDUSINDBK, EQ, 15-Jun-2020,528.45,525.0,525.0,483.5,490.4,490.55,499.54,45035670,224971.66,499890, 4788045, 10.63,-7.17
INDUSINDBK, EQ, 15-Jun-2021,1024.3,1025.0,1050.0,1025.0, 1031.00,1034.45,1039.75,6026006,62655.23,118605, 1647877, 27.35,0.99
INDUSINDBK, EQ, 15-Jun-2022,844.2,852.0,857.0,828.0, 842.00,843.3,841.12,3911673,32901.68,80238, 1551575, 39.67,-0.11
INDUSINDBK, EQ, 15-Jun-2023,1323.25,1315.0,1319.95,1288.5, 1298.90,1297.1,1299.3,5952095,77335.49,146003, 3428248, 57.60,-1.98
INDUSINDBK, EQ, 15-Jul-2020,510.8,517.85,527.8,500.0,505.0,503.55,517.01,21841548,112922.27,233194, 2133189, 9.77,-1.42
INDUSINDBK, EQ, 15-Jul-2021,1052.6,1054.0,1067.4,1050.0, 1054.55,1055.1,1058.12,2748272,29079.9,80823, 930617, 33.86,0.24
INDUSINDBK, EQ, 15-Jul-2022,820.9,824.15,829.0,811.2,816.55,815.05,818.34,1365475,11174.27,31681, 256610, 18.79,-0.71
INDUSINDBK, EQ, 15-Jul-2024,1434.55,1438.5,1449.0,1433.0,1444.0,1444.05,1442.85,4284427,61818.05,111207, 2136831, 49.87,0.66
INDUSINDBK, EQ, 15-Sep-2020,609.35,609.35,639.0,601.2, 637.85,633.4,620.31,13447085,83413.31,165421, 1902467, 14.15,3.95
INDUSINDBK, EQ, 15-Sep-2021,1036.6,1036.0,1062.0,1027.5, 1059.90,1053.95,1045.03,6071710,63451.27,135478, 2018735, 33.25,1.67
INDUSINDBK, EQ, 15-Sep-2022,1215.75,1219.0,1220.0,1185.05,1197.0,1195.85,1197.85,4063705,48677.01,117255, 1561545, 38.43,-1.64
INDUSINDBK, EQ, 15-Sep-2023,1458.25,1464.4,1464.4,1446.45, 1452.00,1450.0,1451.25,1647901,23915.1,74194, 995751, 60.43,-0.57
INDUSINDBK, EQ, 15-Oct-2020,622.65,622.65,632.5,593.35, 598.15,598.0,616.3,14728590,90772.13,170892, 1555917, 10.56,-3.96
INDUSINDBK, EQ, 15-Oct-2024,1370.45,1371.0,1374.45,1349.45,1360.95,1360.9,1357.94,2775029,37683.15,98424, 1742854, 62.80,-0.7
INDUSINDBK, EQ, 15-Nov-2021,1037.05,1042.0,1051.0,1032.55, 1041.00,1041.5,1041.64,3105993,32353.31,100543, 1235941, 39.79,0.43
INDUSINDBK, EQ, 15-Nov-2022,1152.95,1157.85,1167.75,1147.15, 1155.00,1152.85,1155.84,1802234,20831.01,65962, 681676, 37.82,-0.01
INDUSINDBK, EQ, 15-Nov-2023,1509.6,1538.5,1538.5,1490.25, 1495.00,1493.95,1508.43,6293703,94935.88,213859, 2571207, 40.85,-1.04
INDUSINDBK, EQ, 15-Dec-2020,921.25,923.0,931.4,908.45,926.5,926.75,920.29,7646858,70373.48,117661, 1302472, 17.03,0.6
INDUSINDBK, EQ, 15-Dec-2021,946.05,944.95,950.85,937.0, 938.00,938.55,943.66,2266938,21392.28,77442, 924785, 40.79,-0.79
INDUSINDBK, EQ, 15-Dec-2022,1253.15,1252.75,1273.55,1235.0, 1236.90,1239.6,1256.66,3097282,38922.15,80886, 1207605, 38.99,-1.08
INDUSINDBK, EQ, 15-Dec-2023,1551.7,1552.95,1578.0,1547.05, 1567.10,1570.8,1563.11,3478643,54375.05,136315, 2141750, 61.57,1.23
INDUSINDBK, EQ, 16-Jan-2020,1400.5,1405.0,1415.0,1377.1, 1383.80,1386.45,1391.25,10544088,146694.3,259541, 2822514, 26.77,-1.0
INDUSINDBK, EQ, 16-Jan-2023,1234.4,1240.0,1250.0,1232.6, 1237.45,1239.25,1240.89,2398823,29766.67,89360, 1019589, 42.50,0.39
INDUSINDBK, EQ, 16-Jan-2024,1688.85,1688.85,1691.75,1663.05, 1667.00,1667.05,1675.14,1316138,22047.13,95595, 686067, 52.13,-1.29
INDUSINDBK, EQ, 16-Jan-2025,962.45,967.0,990.65,967.0,977.5,975.35,980.76,3948431,38724.76,172189, 1883569, 47.70,1.34
INDUSINDBK, EQ, 16-Feb-2021,1057.6,1068.0,1096.5,1041.1, 1063.00,1058.25,1069.05,13883441,148420.4,278407, 2132526, 15.36,0.06
INDUSINDBK, EQ, 16-Feb-2022,969.7,966.1,987.55,961.95,967.55,968.4,975.01,3683264,35912.23,85242, 1003930, 27.26,-0.13
INDUSINDBK, EQ, 16-Feb-2023,1149.6,1155.35,1156.1,1143.7, 1145.85,1148.35,1149.98,1918858,22066.52,76723, 1151228, 60.00,-0.11
INDUSINDBK, EQ, 16-Feb-2024,1476.95,1485.95,1506.5,1471.0,1491.75,1493.65,1493.49,1844045,27540.56,99732, 914594, 49.60,1.13
INDUSINDBK, EQ, 16-Mar-2020,803.75,747.0,758.7,655.0, 656.25,664.15,687.0,16614043,114138.27,430826, 3289770, 19.80,-17.37
INDUSINDBK, EQ, 16-Mar-2021,1038.65,1045.0,1049.9,1028.0, 1033.00,1034.7,1038.1,5161126,53577.63,108299, 960663, 18.61,-0.38
INDUSINDBK, EQ, 16-Mar-2022,896.65,912.0,936.0,911.55,926.0,928.65,926.54,5705364,52862.21,96516, 1566365, 27.45,3.57
INDUSINDBK, EQ, 16-Mar-2023,1044.35,1040.0,1041.95,1001.9, 1020.65,1017.8,1016.79,9261210,94167.27,197770, 4043138, 43.66,-2.54
INDUSINDBK, EQ, 16-Apr-2020,424.1,424.1,442.0,413.25, 439.70,435.4,431.14,23556870,101563.69,401872, 4818780, 20.46,2.66
INDUSINDBK, EQ, 16-Apr-2021,858.35,864.1,869.95,853.05,862.1,862.95,860.12,5338683,45919.15,102179, 1113789, 20.86,0.54
INDUSINDBK, EQ, 16-Apr-2024,1539.9,1530.0,1534.8,1487.95, 1494.20,1490.95,1499.82,3981325,59712.67,161570, 2497570, 62.73,-3.18
INDUSINDBK, EQ, 16-Apr-2025,735.9,747.0,794.4,733.0,785.5,788.25,771.92,31252589,241243.98,419648, 8357157, 26.74,7.11
INDUSINDBK, EQ, 16-May-2022,872.35,876.7,898.8,865.55,885.95,885.9,887.72,1971123,17498.06,51339, 393457, 19.96,1.55
INDUSINDBK, EQ, 16-May-2023,1219.55,1219.55,1226.1,1208.65,1220.0,1220.3,1220.12,2888698,35245.55,89175, 1215117, 42.06,0.06
INDUSINDBK, EQ, 16-May-2024,1417.1,1420.2,1425.0,1385.65,1410.0,1408.75,1401.46,5666243,79410.05,220375, 2919418, 51.52,-0.59
INDUSINDBK, EQ, 16-Jun-2020,490.55,510.0,515.0,456.3, 476.90,481.8,485.82,50389445,244802.52,557092, 4511698, 8.95,-1.78
INDUSINDBK, EQ, 16-Jun-2021,1034.45,1030.0,1038.7,1010.35, 1015.00,1013.7,1023.64,3325800,34044.34,64568, 887706, 26.69,-2.01
INDUSINDBK, EQ, 16-Jun-2022,843.3,854.0,859.4,805.15, 807.45,809.6,828.78,3141825,26038.69,88236, 931478, 29.65,-4.0
INDUSINDBK, EQ, 16-Jun-2023,1297.1,1297.1,1318.6,1294.55, 1310.90,1314.0,1305.56,3508045,45799.6,75873, 2306495, 65.75,1.3
INDUSINDBK, EQ, 16-Jul-2020,503.55,508.0,522.0,490.25, 520.50,518.6,507.48,21502389,109119.26,273467, 2471902, 11.50,2.99
INDUSINDBK, EQ, 16-Jul-2021,1055.1,1054.0,1058.95,1042.0, 1042.50,1044.3,1047.4,1218164,12759.09,36897, 264617, 21.72,-1.02
INDUSINDBK, EQ, 16-Jul-2024,1444.05,1445.05,1450.0,1435.75,1441.25,1445.9,1441.63,2284985,32941.0,78588, 1125745, 49.27,0.13
INDUSINDBK, EQ, 16-Aug-2021,1024.15,1024.95,1029.9,1016.1,1018.8,1019.0,1020.83,1132546,11561.36,40586, 327296, 28.90,-0.5
INDUSINDBK, EQ, 16-Aug-2022,1080.45,1085.0,1096.9,1075.1,1082.35,1084.45,1087.27,3083931,33530.59,90668, 1546158, 50.14,0.37
INDUSINDBK, EQ, 16-Aug-2023,1388.9,1384.0,1388.05,1367.0, 1380.00,1380.7,1375.1,2051360,28208.18,56968, 912423, 44.48,-0.59
INDUSINDBK, EQ, 16-Aug-2024,1338.1,1347.1,1367.9,1338.55,1362.65,1364.15,1353.83,5456176,73867.08,136365, 3748871, 68.71,1.95
INDUSINDBK, EQ, 16-Sep-2020,633.4,641.0,641.0,613.65,620.75,621.65,624.69,17941047,112075.27,221076, 4287784, 23.90,-1.86
INDUSINDBK, EQ, 16-Sep-2021,1053.95,1071.0,1186.5,1071.0,1131.0,1130.95,1138.28,27230283,309956.91,488683, 5450819, 20.02,7.31
INDUSINDBK, EQ, 16-Sep-2022,1195.85,1195.85,1251.05,1185.0, 1226.00,1227.35,1229.0,16270762,199967.68,252696, 7103516, 43.66,2.63
INDUSINDBK, EQ, 16-Sep-2024,1464.05,1469.95,1473.95,1461.1,1469.0,1470.2,1468.5,1495683,21964.15,56082, 703339, 47.02,0.42
INDUSINDBK, EQ, 16-Oct-2020,598.0,604.8,613.9,601.4, 607.50,608.3,607.98,11570365,70345.95,118869, 526511, 4.55,1.72
INDUSINDBK, EQ, 16-Oct-2023,1463.7,1462.85,1462.85,1444.45, 1446.05,1446.4,1448.94,1913782,27729.49,65157, 946251, 49.44,-1.18
INDUSINDBK, EQ, 16-Oct-2024,1360.9,1355.0,1358.35,1341.1,1346.0,1346.3,1346.51,2126519,28633.85,76912, 1157737, 54.44,-1.07
INDUSINDBK, EQ, 16-Nov-2021,1041.5,1042.0,1046.0,1018.25, 1020.00,1020.9,1031.2,2685826,27696.14,100384, 1020125, 37.98,-1.98
INDUSINDBK, EQ, 16-Nov-2022,1152.85,1151.0,1158.0,1136.0, 1143.00,1144.1,1144.41,2331206,26678.59,61444, 1048859, 44.99,-0.76
INDUSINDBK, EQ, 16-Nov-2023,1493.95,1500.0,1506.6,1493.0, 1499.70,1498.65,1500.16,2728834,40936.84,124790, 1623656, 59.50,0.31
INDUSINDBK, EQ, 16-Dec-2020,926.75,932.0,937.75,915.0, 917.90,921.8,928.73,6068477,56360.0,126850, 1826760, 30.10,-0.53
INDUSINDBK, EQ, 16-Dec-2021,938.55,945.0,949.35,921.15, 929.65,928.3,933.15,2457432,22931.56,63040, 762959, 31.05,-1.09
INDUSINDBK, EQ, 16-Dec-2022,1239.6,1235.0,1248.8,1208.2, 1228.00,1229.55,1233.32,1944616,23983.26,62110, 608279, 31.28,-0.81
INDUSINDBK, EQ, 16-Dec-2024,986.65,987.9,1007.95,985.55,998.2,999.35,998.57,3058066,30536.92,115304, 1064602, 34.81,1.29
INDUSINDBK, EQ, 17-Jan-2020,1386.45,1350.0,1377.0,1317.05, 1350.50,1352.25,1351.92,10020063,135462.79,223096, 2698579, 26.93,-2.47
INDUSINDBK, EQ, 17-Jan-2022,920.05,919.0,931.9,912.25,921.0,920.5,922.46,3048497,28121.08,83663, 1350496, 44.30,0.05
INDUSINDBK, EQ, 17-Jan-2023,1239.25,1240.0,1240.0,1212.7,1231.5,1230.35,1226.04,1803413,22110.53,59521, 652372, 36.17,-0.72
INDUSINDBK, EQ, 17-Jan-2024,1667.05,1650.0,1677.05,1631.85, 1640.00,1643.9,1649.58,6683398,110248.13,231139, 2394318, 35.82,-1.39
INDUSINDBK, EQ, 17-Jan-2025,975.35,972.85,975.6,959.0,972.9,970.95,967.73,3066978,29680.01,106414, 1477810, 48.18,-0.45
INDUSINDBK, EQ, 17-Feb-2020,1176.0,1176.0,1209.0,1164.5, 1173.65,1172.95,1183.99,9900428,117219.96,210511, 1869031, 18.88,-0.26
INDUSINDBK, EQ, 17-Feb-2021,1058.25,1080.0,1085.0,1026.2, 1032.10,1033.2,1044.93,13855321,144777.8,233993, 3043228, 21.96,-2.37
INDUSINDBK, EQ, 17-Feb-2022,968.4,980.0,980.0,951.1,955.3,955.8,961.81,3152042,30316.6,58783, 435848, 13.83,-1.3
INDUSINDBK, EQ, 17-Feb-2023,1148.35,1142.0,1143.9,1109.0, 1112.00,1114.7,1122.32,3146155,35309.89,91473, 1461372, 46.45,-2.93
INDUSINDBK, EQ, 17-Feb-2025,1024.4,1024.4,1050.95,1013.1,1050.3,1048.25,1040.2,2795714,29081.0,95658, 1200985, 42.96,2.33
INDUSINDBK, EQ, 17-Mar-2020,664.15,670.0,707.45,585.4, 603.05,604.15,651.5,19508188,127094.96,419819, 2622597, 13.44,-9.03
INDUSINDBK, EQ, 17-Mar-2021,1034.7,1032.0,1039.0,1002.6,1008.0,1008.95,1023.79,4712570,48246.99,100068, 1418306, 30.10,-2.49
INDUSINDBK, EQ, 17-Mar-2022,928.65,943.95,949.5,929.55, 931.65,932.45,941.35,4492246,42287.74,89208, 1716573, 38.21,0.41
INDUSINDBK, EQ, 17-Mar-2023,1017.8,1038.0,1038.6,1006.25, 1019.85,1020.5,1016.06,5324960,54104.78,163797, 2269421, 42.62,0.27
INDUSINDBK, EQ, 17-Mar-2025,672.35,705.0,709.9,675.0,676.15,677.4,693.49,22353235,155016.91,313919, 6283151, 28.11,0.75
INDUSINDBK, EQ, 17-Apr-2020,435.4,472.0,478.9,442.6, 472.25,474.45,459.55,26188773,120350.84,449865, 3912170, 14.94,8.97
INDUSINDBK, EQ, 17-Apr-2023,1109.3,1107.4,1136.7,1105.0, 1120.00,1124.35,1122.24,5360050,60152.69,115990, 2401832, 44.81,1.36
INDUSINDBK, EQ, 17-Apr-2025,788.25,788.25,801.0,777.3,792.7,794.7,791.88,13986710,110758.01,225534, 5235374, 37.43,0.82
INDUSINDBK, EQ, 17-May-2021,890.85,897.1,959.9,897.1,958.0,956.45,934.65,10987165,102691.65,193552, 2853653, 25.97,7.36
INDUSINDBK, EQ, 17-May-2022,885.9,890.0,905.0,888.1, 904.95,903.85,898.63,2038983,18322.86,59586, 652517, 32.00,2.03
INDUSINDBK, EQ, 17-May-2023,1220.3,1217.05,1248.0,1214.0, 1232.00,1236.15,1233.12,4661849,57486.36,100780, 1989198, 42.67,1.3
INDUSINDBK, EQ, 17-May-2024,1408.75,1408.0,1417.1,1395.0,1415.0,1412.35,1406.52,3673405,51667.12,149515, 2242058, 61.03,0.26
INDUSINDBK, EQ, 17-Jun-2020,481.8,472.6,502.0,468.0,490.0,491.15,489.56,40940892,200431.26,443733, 2745657, 6.71,1.94
INDUSINDBK, EQ, 17-Jun-2021,1013.7,1002.0,1021.8,968.0, 983.70,984.05,997.71,6126591,61125.33,142713, 2441434, 39.85,-2.92
INDUSINDBK, EQ, 17-Jun-2022,809.6,810.0,821.85,796.75,809.55,806.9,807.65,2624540,21197.05,71125, 585091, 22.29,-0.33
INDUSINDBK, EQ, 17-Jul-2020,518.6,522.3,526.5,512.0, 522.00,520.8,518.41,14445601,74886.92,166302, 1711530, 11.85,0.42
INDUSINDBK, EQ, 17-Jul-2023,1377.0,1380.0,1404.75,1369.6,1396.55,1390.5,1382.14,4003275,55330.98,95840, 2173346, 54.29,0.98
INDUSINDBK, EQ, 16-Jul-2024,1444.05,1445.05,1450.0,1435.75,1441.25,1445.9,1441.63,2284985,32941.0,78588, 1125745, 49.27,0.13
INDUSINDBK, EQ, 17-Aug-2020,507.2,510.0,514.8,502.5, 512.45,513.15,510.28,7174433,36609.44,84007, 1075645, 14.99,1.17
INDUSINDBK, EQ, 17-Aug-2021,1019.0,1013.5,1015.0,993.3,999.5,1000.2,1000.01,3082005,30820.34,78976, 1278848, 41.49,-1.84
INDUSINDBK, EQ, 17-Aug-2022,1084.45,1083.0,1095.0,1082.0, 1085.55,1088.6,1088.76,1768441,19254.0,48869, 776519, 43.91,0.38
INDUSINDBK, EQ, 17-Aug-2023,1380.7,1381.15,1391.25,1370.0, 1376.25,1374.3,1380.27,3329471,45955.83,128967, 1096815, 32.94,-0.46
INDUSINDBK, EQ, 17-Sep-2020,621.65,614.75,624.8,610.2, 618.00,617.35,618.17,9390779,58051.08,123718, 1750317, 18.64,-0.69
INDUSINDBK, EQ, 17-Sep-2021,1130.95,1137.5,1146.55,1112.35, 1128.65,1130.0,1128.85,5784278,65296.09,121822, 1486566, 25.70,-0.08
INDUSINDBK, EQ, 17-Sep-2024,1470.2,1478.0,1483.5,1462.25,1470.0,1466.35,1470.07,1866702,27441.84,88593, 954303, 51.12,-0.26
INDUSINDBK, EQ, 17-Oct-2022,1181.6,1178.0,1203.8,1164.0,1198.75,1199.65,1189.2,3419791,40668.09,89310, 1590230, 46.50,1.53
INDUSINDBK, EQ, 17-Oct-2023,1446.4,1454.9,1458.45,1425.55,1434.0,1436.0,1443.09,1373704,19823.84,56827, 535277, 38.97,-0.72
INDUSINDBK, EQ, 17-Oct-2024,1346.3,1348.0,1354.25,1337.0,1345.0,1347.35,1343.27,1353852,18185.95,54183, 762109, 56.29,0.08
INDUSINDBK, EQ, 17-Nov-2020,770.45,777.9,793.75,772.25, 784.60,784.15,784.28,14873173,116646.92,216733, 1971407, 13.25,1.78
INDUSINDBK, EQ, 17-Nov-2021,1020.9,1017.9,1042.0,1014.0, 1034.05,1034.0,1032.76,3042496,31421.81,76146, 850859, 27.97,1.28
INDUSINDBK, EQ, 17-Nov-2022,1144.1,1141.45,1152.75,1137.55, 1144.00,1146.5,1143.77,1721557,19690.71,52035, 855594, 49.70,0.21
INDUSINDBK, EQ, 17-Nov-2023,1498.65,1490.55,1509.0,1485.55, 1495.00,1498.45,1499.46,4182376,62713.01,187897, 2454038, 58.68,-0.01
INDUSINDBK, EQ, 17-Dec-2020,921.8,914.0,948.0,914.0, 937.95,935.8,937.98,14078222,132051.35,221021, 2990762, 21.24,1.52
INDUSINDBK, EQ, 17-Dec-2021,928.3,926.0,929.0,880.25, 885.50,883.0,894.48,4786306,42812.54,116684, 1869431, 39.06,-4.88
INDUSINDBK, EQ, 17-Dec-2024,999.35,1002.0,1002.0,972.0,974.45,975.65,983.94,3294161,32412.51,111567, 1664049, 50.52,-2.37
INDUSINDBK, EQ, 18-Jan-2021,965.9,959.0,960.0,924.0, 926.00,932.8,937.24,10668611,99990.88,150608, 3661410, 34.32,-3.43
INDUSINDBK, EQ, 18-Jan-2022,920.5,920.5,927.35,895.35, 901.00,899.65,914.57,3088062,28242.55,66807, 962020, 31.15,-2.27
INDUSINDBK, EQ, 18-Jan-2023,1230.35,1232.0,1238.0,1218.0,1221.7,1223.0,1228.67,1865108,22916.04,66286, 739111, 39.63,-0.6
INDUSINDBK, EQ, 18-Jan-2024,1643.9,1634.95,1639.6,1595.1, 1615.75,1612.9,1617.35,3557256,57533.28,237030, 1497157, 42.09,-1.89
INDUSINDBK, EQ, 18-Feb-2020,1172.95,1172.7,1172.7,1108.45, 1138.15,1140.7,1129.76,11207411,126617.31,225585, 2874294, 25.65,-2.75
INDUSINDBK, EQ, 18-Feb-2021,1033.2,1045.0,1055.4,1033.4,1043.75,1046.05,1044.75,8911120,93098.58,162856, 1584183, 17.78,1.24
INDUSINDBK, EQ, 18-Feb-2022,955.8,950.0,966.0,948.6,959.0,955.35,958.24,2417043,23160.95,54890, 496106, 20.53,-0.05
INDUSINDBK, EQ, 18-Feb-2025,1048.25,1045.0,1051.5,1021.35,1022.1,1024.1,1031.04,2620716,27020.52,97530, 1309980, 49.99,-2.3
INDUSINDBK, EQ, 18-Mar-2020,604.15,629.0,638.85,374.8, 459.20,460.8,490.24,74868388,367034.06,1424793, 15164197, 20.25,-23.73
INDUSINDBK, EQ, 18-Mar-2021,1008.95,1025.0,1030.7,988.0, 1005.00,1002.8,1009.87,5797610,58548.05,115935, 1207415, 20.83,-0.61
INDUSINDBK, EQ, 18-Mar-2024,1484.35,1487.25,1491.6,1466.3, 1481.90,1480.7,1479.64,2365287,34997.7,130867, 1263239, 53.41,-0.25
INDUSINDBK, EQ, 18-Mar-2025,677.4,685.95,686.8,670.6,681.05,681.45,678.58,12117539,82227.75,185319, 4529196, 37.38,0.6
INDUSINDBK, EQ, 18-Apr-2022,983.4,972.0,983.0,966.1, 975.20,977.45,974.17,1575552,15348.51,44475, 437089, 27.74,-0.61
INDUSINDBK, EQ, 18-Apr-2023,1124.35,1130.0,1149.5,1127.05, 1146.30,1146.9,1140.62,4455007,50814.67,106054, 2217721, 49.78,2.01
INDUSINDBK, EQ, 18-Apr-2024,1490.95,1502.8,1508.35,1468.15, 1478.75,1474.4,1487.1,3856849,57355.3,206217, 2220051, 57.56,-1.11
INDUSINDBK, EQ, 18-May-2020,418.7,418.5,418.7,374.05, 378.35,376.75,387.11,25374908,98229.88,391208, 5786390, 22.80,-10.02
INDUSINDBK, EQ, 18-May-2021,956.45,967.0,986.95,967.0, 976.70,974.55,977.37,8715366,85181.17,157916, 2101653, 24.11,1.89
INDUSINDBK, EQ, 18-May-2022,903.85,907.0,917.95,899.05,904.0,903.15,907.92,2665522,24200.74,69144, 1037579, 38.93,-0.08
INDUSINDBK, EQ, 18-May-2023,1236.15,1248.0,1248.0,1230.7, 1237.35,1238.9,1238.06,2489971,30827.44,70220, 758451, 30.46,0.22
INDUSINDBK, EQ, 18-Jun-2020,491.15,489.5,502.95,482.15,496.4,499.2,495.03,25255894,125024.54,293390, 3113134, 12.33,1.64
INDUSINDBK, EQ, 18-Jun-2021,984.05,993.9,999.8,960.0, 999.50,995.4,981.7,4895262,48056.93,105836, 867772, 17.73,1.15
INDUSINDBK, EQ, 18-Jun-2024,1502.35,1514.0,1516.55,1499.1,1508.5,1507.9,1509.02,2811967,42433.13,113861, 1701812, 60.52,0.37
INDUSINDBK, EQ, 18-Jul-2022,815.05,826.0,853.2,823.2,850.0,851.05,841.32,2536142,21336.95,46903, 665943, 26.26,4.42
INDUSINDBK, EQ, 18-Jul-2023,1390.5,1398.0,1409.2,1382.5, 1387.75,1390.25,1394.55,4106331,57264.78,133158, 1602194, 39.02,-0.02
INDUSINDBK, EQ, 18-Jul-2024,1445.9,1440.7,1460.85,1438.0,1452.0,1456.9,1451.54,3634938,52762.59,142148, 2237139, 61.55,0.76
INDUSINDBK, EQ, 18-Aug-2020,513.15,512.45,524.75,506.5,520.7,521.6,515.68,10993530,56691.68,115465, 2362498, 21.49,1.65
INDUSINDBK, EQ, 18-Aug-2021,1000.2,1003.0,1005.8,987.0, 988.50,989.65,995.03,2344486,23328.44,50065, 922437, 39.34,-1.05
INDUSINDBK, EQ, 18-Aug-2022,1088.6,1082.5,1107.45,1081.55,1104.9,1105.1,1096.04,2407824,26390.64,65857, 876067, 36.38,1.52
INDUSINDBK, EQ, 18-Aug-2023,1374.3,1369.0,1377.0,1360.85, 1372.10,1371.7,1369.29,1720129,23553.51,96241, 805562, 46.83,-0.19
INDUSINDBK, EQ, 18-Sep-2020,617.35,622.95,624.65,600.0, 616.20,613.2,614.36,10335152,63495.54,150098, 2114651, 20.46,-0.67
INDUSINDBK, EQ, 18-Sep-2023,1450.0,1454.0,1462.75,1445.15, 1454.95,1456.9,1457.0,1504046,21913.96,90493, 843325, 56.07,0.48
INDUSINDBK, EQ, 18-Sep-2024,1466.35,1470.0,1488.75,1461.15,1474.95,1480.25,1480.38,3966006,58711.85,115606, 1676066, 42.26,0.95
INDUSINDBK, EQ, 18-Oct-2021,1210.0,1221.0,1229.65,1196.05, 1217.00,1219.6,1217.15,4512591,54924.83,139103, 1598752, 35.43,0.79
INDUSINDBK, EQ, 18-Oct-2022,1199.65,1207.0,1228.65,1203.1,1226.0,1223.25,1217.85,3451130,42029.57,75706, 1758621, 50.96,1.97
INDUSINDBK, EQ, 18-Oct-2023,1436.0,1437.0,1444.0,1415.6, 1421.00,1420.35,1431.6,3067244,43910.52,133475, 1318597, 42.99,-1.09
INDUSINDBK, EQ, 18-Oct-2024,1347.35,1345.0,1354.95,1331.0,1347.95,1347.25,1344.75,3676670,49441.89,123446, 2392895, 65.08,-0.01
INDUSINDBK, EQ, 18-Nov-2020,784.15,780.0,834.0,775.0, 830.50,828.3,808.25,25491255,206032.96,307834, 3895904, 15.28,5.63
INDUSINDBK, EQ, 18-Nov-2021,1034.0,1031.8,1042.0,1002.3,1007.5,1008.45,1015.48,3244457,32946.8,111110, 1138856, 35.10,-2.47
INDUSINDBK, EQ, 18-Nov-2022,1146.5,1151.35,1151.35,1122.0, 1128.55,1128.65,1133.08,2082130,23592.25,63934, 933405, 44.83,-1.56
INDUSINDBK, EQ, 18-Nov-2024,1017.15,1015.5,1017.95,1000.05,1004.5,1004.6,1005.58,5427908,54581.72,164378, 3450659, 63.57,-1.23
INDUSINDBK, EQ, 18-Dec-2020,935.8,935.8,937.5,887.55, 906.75,905.2,907.85,14605713,132598.5,221497, 2684475, 18.38,-3.27
INDUSINDBK, EQ, 18-Dec-2023,1570.8,1570.0,1570.0,1552.0, 1554.00,1556.35,1558.16,1352458,21073.43,90936, 569816, 42.13,-0.92
INDUSINDBK, EQ, 18-Dec-2024,975.65,976.8,979.3,960.5,967.5,965.2,967.99,2958191,28634.99,138369, 1566478, 52.95,-1.07
INDUSINDBK, EQ, 19-Jan-2021,932.8,942.05,952.0,936.25, 940.15,939.9,943.67,6309233,59538.6,102367, 2192991, 34.76,0.76
INDUSINDBK, EQ, 19-Jan-2022,899.65,897.0,903.8,884.15, 893.00,893.25,893.35,3628266,32412.99,99890, 1542904, 42.52,-0.71
INDUSINDBK, EQ, 19-Jan-2023,1223.0,1215.0,1245.0,1183.25, 1201.00,1200.55,1209.72,9691261,117237.11,226021, 2351448, 24.26,-1.84
INDUSINDBK, EQ, 19-Jan-2024,1612.9,1622.7,1631.75,1550.2, 1560.50,1561.1,1572.3,10982524,172678.43,368442, 5929371, 53.99,-3.21
INDUSINDBK, EQ, 19-Feb-2020,1140.7,1155.0,1168.0,1116.0, 1139.00,1142.15,1138.38,14324736,163070.5,217441, 5521484, 38.55,0.13
INDUSINDBK, EQ, 19-Feb-2021,1046.05,1035.0,1074.55,1027.8,1069.8,1065.9,1055.69,14557527,153682.13,217668, 4656447, 31.99,1.9
INDUSINDBK, EQ, 19-Feb-2024,1493.65,1499.9,1502.8,1477.0, 1485.00,1483.6,1490.61,1209609,18030.53,85337, 394008, 32.57,-0.67
INDUSINDBK, EQ, 19-Feb-2025,1024.1,1024.1,1042.05,1015.9,1034.2,1035.8,1032.47,2464555,25445.76,99406, 1186859, 48.16,1.14
INDUSINDBK, EQ, 19-Mar-2020,460.8,414.75,472.0,391.75, 438.00,444.05,438.62,29190256,128033.85,699807, 4788442, 16.40,-3.63
INDUSINDBK, EQ, 19-Mar-2021,1002.8,990.0,1018.8,981.1,1011.85,1011.9,999.24,6838935,68337.21,142170, 1345607, 19.68,0.91
INDUSINDBK, EQ, 19-Mar-2024,1480.7,1476.05,1482.95,1430.85, 1432.80,1434.1,1447.16,3180412,46025.5,100129, 2015058, 63.36,-3.15
INDUSINDBK, EQ, 19-Mar-2025,681.45,685.0,700.8,682.55,691.95,692.7,692.79,11120576,77041.74,158495, 6056508, 54.46,1.65
INDUSINDBK, EQ, 19-Apr-2021,862.95,829.95,836.55,811.0,831.6,832.0,822.32,8550122,70309.3,155119, 2277543, 26.64,-3.59
INDUSINDBK, EQ, 19-Apr-2022,977.45,979.9,988.95,951.0,957.95,963.8,979.62,1747142,17115.29,47892, 596084, 34.12,-1.4
INDUSINDBK, EQ, 19-Apr-2023,1146.9,1143.0,1145.9,1118.55, 1118.80,1120.4,1128.39,2207739,24911.81,60270, 790898, 35.82,-2.31
INDUSINDBK, EQ, 19-Apr-2024,1474.4,1466.0,1490.25,1444.4, 1483.00,1482.05,1470.85,4311650,63418.09,191685, 2638435, 61.19,0.52
INDUSINDBK, EQ, 19-May-2020,376.75,385.1,387.0,361.0,368.85,367.8,373.93,28795060,107673.41,398908, 3152272, 10.95,-2.38
INDUSINDBK, EQ, 19-May-2021,974.55,965.0,978.6,961.2, 965.45,967.0,968.59,4787294,46369.17,86529, 1240147, 25.90,-0.77
INDUSINDBK, EQ, 19-May-2022,903.15,888.0,890.85,860.1,867.75,866.25,870.01,2656251,23109.55,78667, 930904, 35.05,-4.09
INDUSINDBK, EQ, 19-May-2023,1238.9,1243.0,1251.0,1221.6,1247.6,1248.0,1234.84,2366675,29224.76,73155, 821240, 34.70,0.73
INDUSINDBK, EQ, 19-Jun-2020,499.2,503.0,510.5,472.15, 488.20,483.65,490.93,41824767,205330.59,469525, 8453764, 20.21,-3.11
INDUSINDBK, EQ, 19-Jun-2023,1314.0,1310.0,1317.25,1290.6, 1298.65,1301.4,1301.0,2679485,34860.03,81412, 1256864, 46.91,-0.96
INDUSINDBK, EQ, 19-Jun-2024,1507.9,1516.2,1550.0,1513.25,1536.0,1528.2,1535.08,11002582,168898.19,259334, 3801958, 34.56,1.35
INDUSINDBK, EQ, 19-Jul-2021,1044.3,1024.0,1034.7,1005.55, 1015.00,1015.85,1019.92,2644846,26975.4,62267, 710084, 26.85,-2.72
INDUSINDBK, EQ, 19-Jul-2022,851.05,841.0,871.8,840.0, 866.40,868.1,856.55,2608372,22342.09,53870, 633550, 24.29,2.0
INDUSINDBK, EQ, 19-Jul-2023,1390.25,1430.0,1443.4,1410.0, 1420.70,1419.55,1424.26,8850582,126055.55,220130, 3091522, 34.93,2.11
INDUSINDBK, EQ, 19-Jul-2024,1456.9,1451.55,1452.0,1429.0,1431.95,1432.45,1436.0,2981749,42818.01,106252, 1705208, 57.19,-1.68
INDUSINDBK, EQ, 19-Aug-2020,521.6,523.0,530.0,519.15,522.0,522.15,525.33,10896370,57242.11,114886, 2108377, 19.35,0.11
INDUSINDBK, EQ, 18-Aug-2021,1000.2,1003.0,1005.8,987.0, 988.50,989.65,995.03,2344486,23328.44,50065, 922437, 39.34,-1.05
INDUSINDBK, EQ, 19-Aug-2022,1105.1,1104.95,1104.95,1060.0, 1060.30,1063.3,1073.82,3660413,39306.39,82039, 1344225, 36.72,-3.78
INDUSINDBK, EQ, 19-Aug-2024,1364.15,1370.05,1375.8,1345.55,1349.6,1347.6,1356.48,5895105,79965.81,111677, 4185497, 71.00,-1.21
INDUSINDBK, EQ, 19-Sep-2022,1227.35,1226.0,1256.0,1218.0, 1228.00,1225.75,1238.55,6074889,75240.8,171153, 2603399, 42.86,-0.13
INDUSINDBK, EQ, 19-Sep-2024,1480.25,1494.95,1498.0,1474.9,1483.2,1484.75,1488.04,3861906,57466.77,160789, 2199938, 56.97,0.3
INDUSINDBK, EQ, 19-Oct-2020,608.3,607.55,630.65,606.2, 624.55,627.1,623.24,14576825,90848.6,187165, 2248139, 15.42,3.09
INDUSINDBK, EQ, 19-Oct-2021,1219.6,1222.0,1240.0,1185.6,1193.0,1194.0,1216.15,3879525,47180.66,85213, 1370797, 35.33,-2.1
INDUSINDBK, EQ, 19-Oct-2022,1223.25,1227.9,1231.7,1210.0, 1218.05,1218.4,1220.94,3896969,47579.51,83738, 1448719, 37.18,-0.4
INDUSINDBK, EQ, 19-Oct-2023,1420.35,1451.5,1464.7,1423.05,1448.05,1450.35,1447.21,13948984,201870.66,385423, 7216837, 51.74,2.11
INDUSINDBK, EQ, 19-Nov-2020,828.3,816.0,845.9,804.2, 812.35,818.0,825.74,29797661,246050.17,373372, 4751637, 15.95,-1.24
INDUSINDBK, EQ, 19-Nov-2024,1004.6,1010.5,1032.0,998.1,1002.05,1000.2,1016.12,5718490,58106.67,109149, 3613716, 63.19,-0.44
INDUSINDBK, EQ, 19-Dec-2022,1229.55,1233.95,1241.7,1212.1,1223.0,1223.55,1224.34,1382378,16925.0,47338, 365970, 26.47,-0.49
INDUSINDBK, EQ, 19-Dec-2023,1556.35,1556.35,1586.05,1542.2, 1566.50,1566.55,1567.16,2297704,36008.77,116760, 876660, 38.15,0.66
INDUSINDBK, EQ, 19-Dec-2024,965.2,959.0,966.85,948.0,964.0,964.4,957.72,3665813,35108.2,135199, 1693102, 46.19,-0.08
INDUSINDBK, EQ, 20-Jan-2020,1352.25,1367.9,1367.9,1323.0, 1333.00,1331.95,1340.65,6047237,81072.2,167157, 1944125, 32.15,-1.5
INDUSINDBK, EQ, 20-Jan-2021,939.9,936.9,953.85,928.25, 946.85,947.7,943.82,7004445,66109.45,106295, 1504559, 21.48,0.83
INDUSINDBK, EQ, 20-Jan-2022,893.25,895.0,898.45,872.0, 878.00,877.2,881.4,3565267,31424.17,102789, 1699158, 47.66,-1.8
INDUSINDBK, EQ, 20-Jan-2023,1200.55,1208.6,1228.0,1198.5,1199.9,1202.45,1213.16,4144033,50273.57,95056, 1141735, 27.55,0.16
INDUSINDBK, EQ, 20-Jan-2025,970.95,966.2,980.45,948.1,970.0,970.7,966.74,4485164,43360.01,140069, 2204168, 49.14,-0.03
INDUSINDBK, EQ, 20-Feb-2020,1142.15,1145.05,1203.85,1145.05, 1180.95,1182.2,1182.62,15703698,185715.86,288319, 6004099, 38.23,3.51
INDUSINDBK, EQ, 20-Feb-2023,1114.7,1117.25,1122.8,1103.8, 1110.00,1109.3,1113.55,1613608,17968.3,74525, 538893, 33.40,-0.48
INDUSINDBK, EQ, 20-Feb-2024,1483.6,1489.0,1508.0,1475.05, 1507.00,1504.2,1491.01,2390096,35636.52,94775, 1203227, 50.34,1.39
INDUSINDBK, EQ, 20-Feb-2025,1035.8,1029.95,1049.9,1025.6,1045.0,1047.65,1042.54,1819683,18970.84,63972, 1073507, 58.99,1.14
INDUSINDBK, EQ, 20-Mar-2020,444.05,444.05,478.9,405.25, 440.10,440.35,434.04,28086283,121906.91,454918, 5344293, 19.03,-0.83
INDUSINDBK, EQ, 20-Mar-2023,1020.5,1020.0,1020.0,990.2,1000.2,1002.3,1001.37,5439347,54467.98,154966, 2211335, 40.65,-1.78
INDUSINDBK, EQ, 20-Mar-2024,1434.1,1440.0,1464.0,1422.7, 1443.85,1441.55,1445.85,5480729,79243.26,218409, 2350636, 42.89,0.52
INDUSINDBK, EQ, 20-Mar-2025,692.7,697.5,701.0,681.0,685.0,684.1,688.93,8918567,61443.02,129789, 5650386, 63.36,-1.24
INDUSINDBK, EQ, 20-Apr-2020,474.45,479.5,481.0,453.0, 457.50,456.7,464.76,16950517,78779.43,286193, 3164735, 18.67,-3.74
INDUSINDBK, EQ, 20-Apr-2021,832.0,845.0,864.8,840.05,842.25,845.0,854.66,8240669,70430.0,133728, 1399803, 16.99,1.56
INDUSINDBK, EQ, 20-Apr-2022,963.8,965.55,982.75,952.5, 971.85,972.55,968.33,2421543,23448.54,55443, 580345, 23.97,0.91
INDUSINDBK, EQ, 20-Apr-2023,1120.4,1118.95,1131.55,1112.4, 1126.80,1126.2,1122.18,2530597,28397.8,60695, 987348, 39.02,0.52
INDUSINDBK, EQ, 20-May-2020,367.8,364.0,370.85,350.8, 358.25,357.3,357.67,29736474,106357.73,422054, 6731540, 22.64,-2.85
INDUSINDBK, EQ, 20-May-2021,967.0,963.0,987.9,963.0, 976.50,975.5,977.79,5835440,57058.53,107467, 1487356, 25.49,0.88
INDUSINDBK, EQ, 20-May-2022,866.25,888.0,900.0,881.2, 899.85,896.5,892.6,2286465,20408.89,55112, 912697, 39.92,3.49
INDUSINDBK, EQ, 18-May-2024,1412.35,1414.2,1424.0,1413.75,1416.5,1417.3,1418.97,105107,1491.43,4361, 42814, 40.73,0.35
INDUSINDBK, EQ, 20-Jun-2022,806.9,814.6,814.6,769.5,785.4,784.05,787.19,3103978,24434.15,73323, 748523, 24.11,-2.83
INDUSINDBK, EQ, 20-Jun-2023,1301.4,1295.0,1315.4,1285.2, 1295.45,1298.4,1292.27,2102065,27164.45,79993, 1091402, 51.92,-0.23
INDUSINDBK, EQ, 20-Jun-2024,1528.2,1536.0,1540.75,1513.0,1526.5,1527.85,1529.27,3589441,54892.32,141027, 1920433, 53.50,-0.02
INDUSINDBK, EQ, 20-Jul-2020,520.8,524.95,541.65,521.65, 523.20,528.75,530.71,19937476,105809.85,237717, 2148266, 10.78,1.53
INDUSINDBK, EQ, 20-Jul-2021,1015.85,1017.0,1019.0,980.0, 983.45,981.55,991.89,3752725,37223.0,94050, 1296859, 34.56,-3.38
INDUSINDBK, EQ, 20-Jul-2022,868.1,886.0,897.45,872.8, 878.00,879.3,883.86,3995680,35316.4,78034, 716436, 17.93,1.29
INDUSINDBK, EQ, 20-Jul-2023,1419.55,1426.0,1433.5,1418.2,1425.0,1425.15,1425.78,4491531,64039.45,131735, 1809950, 40.30,0.39
INDUSINDBK, EQ, 20-Aug-2020,522.15,515.6,520.55,511.1,513.6,513.4,515.0,7658814,39443.23,88093, 1644582, 21.47,-1.68
INDUSINDBK, EQ, 20-Aug-2021,989.65,985.0,990.95,970.65,979.25,979.45,979.19,3465186,33930.73,91727, 1610822, 46.49,-1.03
INDUSINDBK, EQ, 20-Aug-2024,1347.6,1363.9,1391.65,1357.2,1382.0,1381.3,1378.69,5507239,75927.69,148852, 2919071, 53.00,2.5
INDUSINDBK, EQ, 20-Sep-2021,1130.0,1115.0,1132.4,1084.6, 1089.00,1089.95,1110.82,2954179,32815.53,72840, 815838, 27.62,-3.54
INDUSINDBK, EQ, 20-Sep-2022,1225.75,1241.25,1275.8,1240.0, 1259.75,1264.1,1266.36,5704241,72236.02,141863, 2493102, 43.71,3.13
INDUSINDBK, EQ, 20-Sep-2023,1456.9,1441.0,1475.65,1422.3, 1440.10,1440.45,1446.32,5683215,82197.25,198989, 2134540, 37.56,-1.13
INDUSINDBK, EQ, 20-Sep-2024,1484.75,1488.0,1491.95,1473.2,1482.0,1480.2,1482.68,5335400,79106.85,138641, 3629095, 68.02,-0.31
INDUSINDBK, EQ, 20-Oct-2020,627.1,622.0,628.9,616.6, 626.65,625.25,622.75,9607812,59832.8,118853, 671001, 6.98,-0.3
INDUSINDBK, EQ, 20-Oct-2021,1194.0,1190.0,1213.9,1172.45, 1203.05,1201.7,1196.79,2850772,34117.66,82319, 1001623, 35.14,0.64
INDUSINDBK, EQ, 20-Oct-2022,1218.4,1214.0,1214.0,1150.1,1158.0,1159.95,1168.12,11242103,131321.1,258503, 4567204, 40.63,-4.8
INDUSINDBK, EQ, 20-Oct-2023,1450.35,1448.0,1471.8,1443.1, 1469.00,1469.1,1463.89,5135316,75175.17,156111, 2720653, 52.98,1.29
INDUSINDBK, EQ, 20-Nov-2020,818.0,818.1,829.9,788.8,806.0,811.0,807.93,25424060,205408.33,326867, 2667634, 10.49,-0.86
INDUSINDBK, EQ, 20-Nov-2023,1498.45,1498.9,1509.45,1490.7, 1501.75,1504.8,1502.52,2125867,31941.66,89981, 675594, 31.78,0.42
INDUSINDBK, EQ, 19-Nov-2024,1004.6,1010.5,1032.0,998.1,1002.05,1000.2,1016.12,5718490,58106.67,109149, 3613716, 63.19,-0.44
INDUSINDBK, EQ, 20-Dec-2021,883.0,874.0,874.0,830.8,848.0,846.1,848.24,4700733,39873.53,150185, 1829546, 38.92,-4.18
INDUSINDBK, EQ, 20-Dec-2022,1223.55,1215.0,1234.35,1209.95,1231.05,1228.65,1220.1,1245359,15194.59,57348, 429622, 34.50,0.42
INDUSINDBK, EQ, 20-Dec-2023,1566.55,1578.0,1581.0,1549.5, 1551.00,1556.15,1566.91,3218717,50434.36,121454, 1591761, 49.45,-0.66
INDUSINDBK, EQ, 20-Dec-2024,964.4,960.0,966.85,926.45,930.9,929.45,940.88,4466131,42020.74,170098, 1964899, 44.00,-3.62
INDUSINDBK, EQ, 21-Jan-2020,1331.95,1332.0,1350.0,1320.0, 1334.05,1336.35,1338.01,4501887,60235.86,111945, 895613, 19.89,0.33
INDUSINDBK, EQ, 21-Jan-2021,947.7,959.4,967.0,918.25, 929.90,925.85,950.04,8216362,78058.8,147764, 2580993, 31.41,-2.31
INDUSINDBK, EQ, 21-Jan-2022,877.2,869.9,872.95,845.1, 857.00,854.1,859.29,4042974,34740.91,94838, 1606417, 39.73,-2.63
INDUSINDBK, EQ, 21-Jan-2025,970.7,971.55,978.5,958.0,960.0,960.45,964.55,3369291,32498.54,117190, 1192517, 35.39,-1.06
INDUSINDBK, EQ, 21-Feb-2022,955.35,952.0,972.0,949.0, 954.00,952.45,959.84,3535914,33939.06,76965, 581311, 16.44,-0.3
INDUSINDBK, EQ, 21-Feb-2023,1109.3,1110.0,1112.15,1096.0, 1101.00,1101.75,1102.34,1767689,19485.98,107317, 756393, 42.79,-0.68
INDUSINDBK, EQ, 21-Feb-2024,1504.2,1520.0,1526.8,1502.5, 1515.00,1517.25,1513.93,5259113,79619.13,166714, 3019606, 57.42,0.87
INDUSINDBK, EQ, 21-Feb-2025,1047.65,1041.55,1055.8,1038.95,1043.0,1043.75,1045.87,2589619,27084.06,68672, 1593503, 61.53,-0.37
INDUSINDBK, EQ, 21-Mar-2022,932.45,938.0,938.0,911.0,915.5,913.4,918.96,2363059,21715.68,60864, 697274, 29.51,-2.04
INDUSINDBK, EQ, 21-Mar-2023,1002.3,1007.35,1029.95,996.0, 1019.50,1022.85,1012.14,6200518,62758.22,119827, 2713072, 43.76,2.05
INDUSINDBK, EQ, 21-Mar-2024,1441.55,1460.0,1486.9,1459.0,1484.0,1484.1,1479.84,3870591,57278.7,189233, 2074036, 53.58,2.95
INDUSINDBK, EQ, 21-Mar-2025,684.1,685.0,693.85,672.3,689.0,686.9,683.08,14265415,97444.15,141666, 8662268, 60.72,0.41
INDUSINDBK, EQ, 21-Apr-2020,456.7,430.0,432.95,396.0,400.75,400.85,409.24,29551620,120936.07,464295, 6172244, 20.89,-12.23
INDUSINDBK, EQ, 21-Apr-2022,972.55,976.1,992.7,976.1, 988.00,989.25,987.76,1957820,19338.6,55017, 518260, 26.47,1.72
INDUSINDBK, EQ, 21-Apr-2023,1126.2,1126.2,1135.75,1108.35, 1114.20,1116.35,1121.19,1894300,21238.71,60760, 672259, 35.49,-0.87
INDUSINDBK, EQ, 21-Apr-2025,794.7,802.0,841.9,798.35,826.95,828.2,826.36,15639685,129240.28,251321, 5499164, 35.16,4.22
INDUSINDBK, EQ, 21-May-2020,357.3,362.3,364.0,343.2,347.5,346.8,354.58,25555567,90616.09,369281, 5897333, 23.08,-2.94
INDUSINDBK, EQ, 21-May-2021,975.5,985.0,1020.0,981.8, 1014.40,1016.0,1008.4,12591860,126976.0,232673, 2918446, 23.18,4.15
INDUSINDBK, EQ, 21-May-2024,1417.3,1420.0,1420.85,1400.0,1402.8,1406.5,1411.99,3010012,42500.98,108103, 2101535, 69.82,-0.76
INDUSINDBK, EQ, 21-Jun-2021,995.4,977.0,1010.0,968.05, 1008.00,1007.55,992.43,3160990,31370.5,64012, 674687, 21.34,1.22
INDUSINDBK, EQ, 21-Jun-2022,784.05,796.05,809.4,783.45,797.95,798.85,797.54,3425596,27320.67,118928, 1175759, 34.32,1.89
INDUSINDBK, EQ, 21-Jun-2023,1298.4,1297.75,1307.5,1284.4, 1285.00,1286.6,1293.88,1490552,19285.91,79514, 558267, 37.45,-0.91
INDUSINDBK, EQ, 21-Jun-2024,1527.85,1523.0,1537.8,1511.25,1524.9,1527.15,1528.0,5249389,80210.77,142019, 3030111, 57.72,-0.05
INDUSINDBK, EQ, 21-Jul-2020,528.75,535.7,539.75,520.7, 524.95,523.5,527.15,13311247,70169.85,143734, 2098557, 15.77,-0.99
INDUSINDBK, EQ, 21-Jul-2022,879.3,903.0,962.0,892.6,950.5,948.1,935.56,23581540,220618.35,389158, 4298576, 18.23,7.82
INDUSINDBK, EQ, 21-Jul-2023,1425.15,1422.05,1430.35,1400.6, 1408.50,1407.35,1410.65,2138540,30167.28,79061, 839971, 39.28,-1.25
INDUSINDBK, EQ, 21-Aug-2020,513.4,520.0,521.4,512.5, 514.60,513.55,516.82,6411024,33133.56,70996, 1430396, 22.31,0.03
INDUSINDBK, EQ, 21-Aug-2023,1371.7,1375.0,1400.0,1366.2, 1397.25,1397.8,1386.41,1763990,24456.19,68073, 715730, 40.57,1.9
INDUSINDBK, EQ, 21-Aug-2024,1381.3,1380.0,1387.35,1366.4,1384.65,1384.0,1379.88,5441231,75082.43,159557, 2802809, 51.51,0.2
INDUSINDBK, EQ, 21-Sep-2020,613.2,612.9,617.4,553.85, 560.95,560.6,584.37,15649472,91450.11,221061, 3808921, 24.34,-8.58
INDUSINDBK, EQ, 21-Sep-2021,1089.95,1091.0,1143.15,1085.0, 1140.00,1137.55,1115.11,6332732,70616.78,144065, 1774924, 28.03,4.37
INDUSINDBK, EQ, 21-Sep-2022,1264.1,1260.0,1265.0,1221.8, 1224.50,1224.25,1237.99,6121456,75782.96,177103, 3198227, 52.25,-3.15
INDUSINDBK, EQ, 21-Sep-2023,1440.45,1431.0,1443.65,1406.35, 1411.00,1411.3,1419.24,2514377,35685.1,178641, 1055235, 41.97,-2.02
INDUSINDBK, EQ, 21-Oct-2020,625.25,631.0,647.8,599.55, 627.30,628.1,631.88,26627198,168252.86,320967, 1746484, 6.56,0.46
INDUSINDBK, EQ, 21-Oct-2021,1201.7,1205.0,1210.95,1165.2, 1191.95,1184.4,1184.19,2408608,28522.48,74926, 737958, 30.64,-1.44
INDUSINDBK, EQ, 21-Oct-2022,1159.95,1166.0,1169.0,1139.1,1141.95,1142.25,1151.77,5309754,61156.13,146323, 1660218, 31.27,-1.53
INDUSINDBK, EQ, 21-Oct-2024,1347.25,1352.05,1353.95,1299.6, 1306.45,1308.25,1309.92,5862686,76796.55,191789, 3389549, 57.82,-2.89
INDUSINDBK, EQ, 21-Nov-2022,1128.65,1119.55,1142.05,1117.0, 1141.25,1139.0,1127.16,2602264,29331.7,80637, 1234550, 47.44,0.92
INDUSINDBK, EQ, 21-Nov-2023,1504.8,1505.5,1507.45,1494.1, 1502.00,1502.05,1501.46,1661103,24940.88,78053, 958097, 57.68,-0.18
INDUSINDBK, EQ, 21-Nov-2024,1000.2,1000.4,1003.0,966.4,983.5,981.45,976.73,6606440,64527.31,226607, 4039208, 61.14,-1.87
INDUSINDBK, EQ, 21-Dec-2020,905.2,905.2,906.0,814.7, 834.00,842.7,863.42,18106992,156340.1,323247, 3688115, 20.37,-6.9
INDUSINDBK, EQ, 21-Dec-2021,846.1,855.05,867.95,848.35,857.95,857.2,858.95,3568436,30651.08,89892, 1645460, 46.11,1.31
INDUSINDBK, EQ, 21-Dec-2022,1228.65,1236.0,1238.15,1190.95, 1201.15,1201.8,1216.14,1495106,18182.54,46056, 371598, 24.85,-2.19
INDUSINDBK, EQ, 21-Dec-2023,1556.15,1542.1,1574.0,1527.55, 1570.00,1570.0,1548.03,2400593,37161.96,123581, 1072144, 44.66,0.89
INDUSINDBK, EQ, 22-Jan-2020,1336.35,1346.35,1348.0,1323.0, 1326.05,1327.4,1333.69,3038713,40527.15,69447, 629892, 20.73,-0.67
INDUSINDBK, EQ, 22-Jan-2021,925.85,930.0,934.0,890.0, 893.00,893.3,913.76,11366492,103862.31,200383, 3147521, 27.69,-3.52
INDUSINDBK, EQ, 20-Jan-2024,1561.1,1570.0,1571.9,1530.0, 1536.00,1535.35,1544.48,3158588,48783.82,98438, 1402033, 44.39,-1.65
INDUSINDBK, EQ, 22-Jan-2025,960.45,964.45,977.55,949.15,970.05,970.95,959.03,2639472,25313.35,101453, 1244120, 47.14,1.09
INDUSINDBK, EQ, 22-Feb-2021,1065.9,1064.95,1067.1,1018.0,1025.65,1022.9,1042.69,9412265,98141.18,178180, 2665432, 28.32,-4.03
INDUSINDBK, EQ, 22-Feb-2022,952.45,925.0,949.85,923.0,939.0,939.1,936.16,2866135,26831.54,75175, 565493, 19.73,-1.4
INDUSINDBK, EQ, 22-Feb-2023,1101.75,1096.75,1096.95,1079.2, 1089.70,1092.75,1089.09,1983022,21596.91,69391, 557413, 28.11,-0.82
INDUSINDBK, EQ, 22-Feb-2024,1517.25,1517.25,1520.0,1463.5, 1492.00,1489.15,1482.39,4969478,73667.23,191813, 2405542, 48.41,-1.85
INDUSINDBK, EQ, 22-Mar-2021,1011.9,1006.0,1011.85,961.05,969.35,968.15,979.63,12692489,124338.8,221830, 4610282, 36.32,-4.32
INDUSINDBK, EQ, 22-Mar-2022,913.4,916.0,932.0,903.6, 931.00,927.7,916.58,2764481,25338.54,61449, 691890, 25.03,1.57
INDUSINDBK, EQ, 22-Mar-2023,1022.85,1028.0,1044.0,1024.15, 1031.90,1031.15,1034.4,2992139,30950.61,86599, 869555, 29.06,0.81
INDUSINDBK, EQ, 22-Mar-2024,1484.1,1477.75,1520.35,1473.0,1517.0,1512.1,1500.48,5309042,79660.98,218777, 3372049, 63.52,1.89
INDUSINDBK, EQ, 22-Apr-2020,400.85,397.0,420.5,384.6,416.1,415.9,404.34,28908724,116889.09,470096, 1928627, 6.67,3.75
INDUSINDBK, EQ, 22-Apr-2021,845.0,831.0,839.95,815.0,835.0,835.7,828.01,9717099,80458.28,182043, 1694726, 17.44,-1.1
INDUSINDBK, EQ, 22-Apr-2022,989.25,980.0,988.0,957.1, 960.50,959.85,970.69,1942893,18859.5,65280, 547731, 28.19,-2.97
INDUSINDBK, EQ, 22-Apr-2024,1482.05,1494.0,1501.0,1469.95,1480.95,1477.5,1482.26,2887202,42795.71,116554, 1665836, 57.70,-0.31
INDUSINDBK, EQ, 22-Apr-2025,828.2,790.0,808.0,775.4,788.55,787.5,793.03,25698945,203800.72,409669, 8893773, 34.61,-4.91
INDUSINDBK, EQ, 22-May-2020,346.8,342.0,353.7,330.0,340.05,338.35,339.97,27954074,95035.7,400649, 3391288, 12.13,-2.44
INDUSINDBK, EQ, 22-May-2023,1248.0,1247.0,1251.0,1232.5,1245.0,1246.15,1241.94,2106351,26159.52,72535, 770927, 36.60,-0.15
INDUSINDBK, EQ, 22-May-2024,1406.5,1409.0,1413.15,1391.85,1412.0,1404.95,1401.14,6739695,94432.63,140236, 4148396, 61.55,-0.11
INDUSINDBK, EQ, 22-Jun-2020,483.65,490.05,502.05,485.85, 491.00,489.9,495.63,27934771,138454.34,316523, 7304216, 26.15,1.29
INDUSINDBK, EQ, 22-Jun-2021,1007.55,1015.9,1021.7,996.05, 999.00,1000.1,1012.39,4141759,41930.92,86887, 1739254, 41.99,-0.74
INDUSINDBK, EQ, 22-Jun-2022,798.85,799.65,801.85,767.7,776.0,777.65,777.86,3066728,23854.72,72707, 684364, 22.32,-2.65
INDUSINDBK, EQ, 22-Jun-2023,1286.6,1286.6,1289.05,1269.05,1270.0,1272.7,1277.78,3185099,40698.51,104363, 1008347, 31.66,-1.08
INDUSINDBK, EQ, 22-Jul-2020,523.5,528.0,528.55,508.0, 513.90,513.55,516.54,15202454,78526.76,184767, 2767600, 18.20,-1.9
INDUSINDBK, EQ, 22-Jul-2021,981.55,999.9,1005.75,988.0, 991.95,992.15,996.49,2181872,21742.14,57894, 508692, 23.31,1.08
INDUSINDBK, EQ, 22-Jul-2022,948.1,950.05,956.0,938.65, 941.00,942.45,944.73,4842122,45744.81,103485, 1083730, 22.38,-0.6
INDUSINDBK, EQ, 22-Jul-2024,1432.45,1428.0,1429.95,1409.6,1423.1,1423.4,1421.05,2883674,40978.52,115347, 1449116, 50.25,-0.63
INDUSINDBK, EQ, 22-Aug-2022,1063.3,1055.0,1067.3,1045.5, 1056.60,1057.2,1054.5,2662510,28076.19,60583, 906429, 34.04,-0.57
INDUSINDBK, EQ, 22-Aug-2023,1397.8,1403.0,1404.6,1394.1, 1397.80,1401.15,1400.16,1224910,17150.65,64497, 509698, 41.61,0.24
INDUSINDBK, EQ, 22-Aug-2024,1384.0,1384.05,1395.95,1379.6,1381.0,1381.9,1387.12,3510879,48700.13,79594, 2033347, 57.92,-0.15
INDUSINDBK, EQ, 22-Sep-2020,560.6,564.0,578.0,537.0, 542.30,544.0,554.57,26363876,146205.19,301684, 4993769, 18.94,-2.96
INDUSINDBK, EQ, 22-Sep-2021,1137.55,1145.0,1157.85,1128.2, 1142.50,1141.4,1144.42,5587136,63940.45,112854, 2077292, 37.18,0.34
INDUSINDBK, EQ, 22-Sep-2022,1224.25,1219.0,1238.5,1205.0, 1215.00,1216.55,1219.96,5463724,66655.45,127760, 2494475, 45.66,-0.63
INDUSINDBK, EQ, 22-Sep-2023,1411.3,1416.0,1463.5,1413.0, 1451.65,1452.9,1444.09,4397398,63502.55,165019, 1973626, 44.88,2.95
INDUSINDBK, EQ, 22-Oct-2020,628.1,621.0,630.85,605.65, 609.30,608.75,615.97,15976059,98408.49,203149, 3734653, 23.38,-3.08
INDUSINDBK, EQ, 22-Oct-2021,1184.4,1192.05,1204.7,1176.8, 1194.90,1196.4,1192.09,2618946,31220.31,121266, 939973, 35.89,1.01
INDUSINDBK, EQ, 22-Oct-2024,1308.25,1309.1,1312.2,1271.25,1277.45,1274.35,1285.62,4183194,53780.17,173824, 2457066, 58.74,-2.59
INDUSINDBK, EQ, 22-Nov-2021,1008.45,1024.0,1025.9,988.55,1009.0,1006.9,1001.95,6198324,62103.88,169683, 2791181, 45.03,-0.15
INDUSINDBK, EQ, 22-Nov-2022,1139.0,1143.0,1173.25,1138.5, 1172.45,1169.4,1161.18,3927395,45603.95,89878, 1500346, 38.20,2.67
INDUSINDBK, EQ, 22-Nov-2023,1502.05,1500.0,1505.5,1458.95, 1470.45,1470.4,1477.33,3914008,57822.89,135462, 1195793, 30.55,-2.11
INDUSINDBK, EQ, 22-Nov-2024,981.45,986.0,1002.45,981.4,998.65,998.2,994.17,4026863,40033.9,148134, 2280499, 56.63,1.71
INDUSINDBK, EQ, 22-Dec-2020,842.7,842.7,857.5,813.65, 839.75,840.7,832.98,21961153,182932.0,330644, 5521130, 25.14,-0.24
INDUSINDBK, EQ, 22-Dec-2021,857.2,861.45,885.0,861.0, 872.80,871.75,873.73,3619713,31626.55,78715, 1089124, 30.09,1.7
INDUSINDBK, EQ, 22-Dec-2022,1201.8,1207.85,1208.8,1170.2, 1176.00,1180.15,1184.62,2126536,25191.37,63519, 848480, 39.90,-1.8
INDUSINDBK, EQ, 22-Dec-2023,1570.0,1574.3,1591.1,1557.9, 1560.25,1562.35,1574.51,2214206,34862.92,117259, 996657, 45.01,-0.49
INDUSINDBK, EQ, 23-Jan-2020,1327.4,1330.0,1339.8,1320.1, 1330.20,1331.8,1329.92,4358219,57960.98,93278, 1059112, 24.30,0.33
INDUSINDBK, EQ, 23-Jan-2023,1202.45,1212.7,1220.15,1200.5,1202.0,1204.7,1208.75,1848813,22347.44,70963, 699474, 37.83,0.19
INDUSINDBK, EQ, 23-Jan-2024,1535.35,1535.0,1547.9,1428.05, 1440.45,1441.7,1477.55,10097057,149189.18,335045, 6709296, 66.45,-6.1
INDUSINDBK, EQ, 23-Jan-2025,970.95,965.95,988.55,962.5,969.7,970.95,976.24,3359986,32801.55,147356, 1873159, 55.75,0.0
INDUSINDBK, EQ, 23-Feb-2021,1022.9,1033.15,1053.95,1018.0, 1048.00,1048.3,1040.02,7160332,74468.72,128785, 1241048, 17.33,2.48
INDUSINDBK, EQ, 23-Feb-2022,939.1,944.0,960.8,943.15,948.65,950.7,952.53,3507003,33405.33,87687, 1089524, 31.07,1.24
INDUSINDBK, EQ, 23-Feb-2023,1092.75,1092.7,1097.55,1066.65,1077.0,1075.6,1078.89,3193602,34455.39,94160, 1407259, 44.06,-1.57
INDUSINDBK, EQ, 23-Feb-2024,1489.15,1498.45,1504.9,1475.05, 1478.95,1480.3,1489.09,2557861,38088.94,145905, 1379288, 53.92,-0.59
INDUSINDBK, EQ, 23-Mar-2020,440.35,396.35,405.0,330.1, 335.00,336.45,349.33,9515736,33241.61,328065, 3867559, 40.64,-23.59
INDUSINDBK, EQ, 23-Mar-2021,968.15,977.0,994.4,970.0, 990.90,990.05,984.91,7530882,74172.24,161537, 1199664, 15.93,2.26
INDUSINDBK, EQ, 23-Mar-2022,927.7,933.0,944.45,928.1, 930.00,931.35,934.37,2433056,22733.73,52516, 670732, 27.57,0.39
INDUSINDBK, EQ, 23-Mar-2023,1031.15,1028.15,1046.2,1014.25, 1018.00,1018.25,1034.02,3703523,38295.03,94198, 1040356, 28.09,-1.25
INDUSINDBK, EQ, 23-Apr-2020,415.9,420.0,427.5,407.0,409.4,409.95,416.84,18751987,78166.53,319809, 2629003, 14.02,-1.43
INDUSINDBK, EQ, 23-Apr-2021,835.7,830.0,859.95,822.8,848.0,850.0,847.67,7695324,65231.15,130695, 900251, 11.70,1.71
INDUSINDBK, EQ, 23-Apr-2024,1477.5,1482.8,1485.8,1471.1,1473.9,1474.5,1477.54,1206443,17825.71,62611, 631415, 52.34,-0.2
INDUSINDBK, EQ, 23-Apr-2025,787.5,797.45,805.0,782.0,793.0,794.2,793.97,10657940,84621.33,185205, 3432759, 32.21,0.85
INDUSINDBK, EQ, 23-May-2022,896.5,900.0,922.0,898.95,902.0,902.4,910.15,2577890,23462.67,66706, 883834, 34.29,0.66
INDUSINDBK, EQ, 23-May-2023,1246.15,1246.0,1266.9,1245.0, 1258.80,1260.2,1259.85,2142459,26991.76,54383, 1205445, 56.26,1.13
INDUSINDBK, EQ, 23-May-2024,1404.95,1408.55,1451.0,1406.6,1441.6,1440.85,1431.13,6444146,92223.97,173578, 3779803, 58.65,2.56
INDUSINDBK, EQ, 23-Jun-2020,489.9,499.0,524.0,497.2, 521.90,520.4,513.4,45717490,234711.33,512550, 10559782, 23.10,6.23
INDUSINDBK, EQ, 23-Jun-2021,1000.1,1009.0,1017.8,996.5, 999.70,999.55,1006.3,3975716,40007.54,74094, 1179374, 29.66,-0.05
INDUSINDBK, EQ, 23-Jun-2022,777.65,781.0,794.3,763.2,787.0,784.95,781.48,3888446,30387.6,70273, 1159042, 29.81,0.94
INDUSINDBK, EQ, 23-Jun-2023,1272.7,1272.7,1318.0,1262.0, 1309.40,1308.7,1297.31,4636121,60144.96,106718, 1500326, 32.36,2.83
INDUSINDBK, EQ, 23-Jul-2020,513.55,515.5,521.0,510.1, 513.70,513.9,514.96,11300648,58194.36,135381, 1692007, 14.97,0.07
INDUSINDBK, EQ, 23-Jul-2021,992.15,996.0,1000.0,977.0,985.5,989.3,986.68,3449852,34038.93,82549, 959327, 27.81,-0.29
INDUSINDBK, EQ, 23-Jul-2024,1423.4,1422.5,1427.0,1395.65,1410.0,1413.2,1412.73,3054925,43157.77,109076, 1602100, 52.44,-0.72
INDUSINDBK, EQ, 23-Aug-2021,979.45,988.1,998.9,964.1, 986.00,988.6,983.29,2914978,28662.67,71931, 1077558, 36.97,0.93
INDUSINDBK, EQ, 23-Aug-2022,1057.2,1035.0,1078.9,1034.1, 1075.40,1071.05,1056.32,3030759,32014.6,77555, 1147470, 37.86,1.31
INDUSINDBK, EQ, 23-Aug-2023,1401.15,1401.15,1408.0,1392.15, 1399.15,1401.0,1400.12,1681561,23543.85,84762, 816151, 48.54,-0.01
INDUSINDBK, EQ, 23-Aug-2024,1381.9,1382.0,1390.3,1373.8,1389.35,1388.55,1383.29,2252945,31164.75,60188, 1358485, 60.30,0.48
INDUSINDBK, EQ, 23-Sep-2020,544.0,551.0,553.85,519.1, 527.95,528.05,532.7,20046498,106787.38,212380, 4748978, 23.69,-2.93
INDUSINDBK, EQ, 23-Sep-2021,1141.4,1150.0,1175.0,1147.0, 1172.00,1169.15,1164.46,4879235,56816.81,95857, 2221493, 45.53,2.43
INDUSINDBK, EQ, 23-Sep-2022,1216.55,1210.0,1213.95,1176.05, 1183.25,1183.35,1185.92,4197496,49778.9,103847, 1786770, 42.57,-2.73
INDUSINDBK, EQ, 23-Sep-2024,1480.2,1490.2,1490.85,1453.05,1465.25,1465.1,1467.03,4610747,67641.06,190980, 2595277, 56.29,-1.02
INDUSINDBK, EQ, 23-Oct-2020,608.75,617.0,617.7,604.35, 606.40,608.15,610.61,12435720,75933.17,146909, 2108866, 16.96,-0.1
INDUSINDBK, EQ, 23-Oct-2023,1469.1,1469.0,1469.75,1430.05, 1445.00,1435.0,1452.78,3319090,48219.15,129720, 1781725, 53.68,-2.32
INDUSINDBK, EQ, 23-Oct-2024,1274.35,1274.35,1284.9,1266.5,1270.0,1274.3,1276.67,4860497,62052.37,208858, 2816677, 57.95,-0.0
INDUSINDBK, EQ, 23-Nov-2020,811.0,836.0,880.9,832.5, 841.70,849.75,853.96,39219488,334919.03,536483, 3342125, 8.52,4.78
INDUSINDBK, EQ, 23-Nov-2021,1006.9,995.0,1010.0,974.0,981.0,981.35,986.1,8136685,80235.77,195114, 3718144, 45.70,-2.54
INDUSINDBK, EQ, 23-Nov-2022,1169.4,1176.0,1183.0,1161.0,1169.0,1174.35,1171.55,3265438,38256.22,72405, 1412200, 43.25,0.42
INDUSINDBK, EQ, 23-Nov-2023,1470.4,1475.0,1496.25,1470.45, 1487.00,1486.1,1487.49,3832098,57001.91,92186, 2366340, 61.75,1.07
INDUSINDBK, EQ, 23-Dec-2020,840.7,841.95,861.95,832.75,860.8,855.35,851.34,12353093,105166.9,164938, 3110486, 25.18,1.74
INDUSINDBK, EQ, 23-Dec-2021,871.75,879.9,884.0,869.0, 870.00,871.1,876.35,2642247,23155.26,61561, 1100509, 41.65,-0.07
INDUSINDBK, EQ, 23-Dec-2022,1180.15,1160.05,1179.7,1143.0, 1147.00,1147.85,1162.99,2621761,30490.7,82595, 1021272, 38.95,-2.74
INDUSINDBK, EQ, 23-Dec-2024,929.45,938.95,948.8,930.05,943.5,945.7,943.1,2502370,23599.73,92367, 1270424, 50.77,1.75
INDUSINDBK, EQ, 24-Jan-2020,1331.8,1334.0,1345.0,1307.65,1317.7,1316.1,1330.89,4563516,60735.36,103366, 1648830, 36.13,-1.18
INDUSINDBK, EQ, 24-Jan-2022,854.1,859.0,869.3,831.55,850.5,851.25,853.38,4657809,39748.77,112346, 1319456, 28.33,-0.33
INDUSINDBK, EQ, 24-Jan-2023,1204.7,1206.3,1219.8,1198.35,1213.0,1212.3,1209.89,2472106,29909.87,97631, 1307800, 52.90,0.63
INDUSINDBK, EQ, 24-Jan-2024,1441.7,1459.95,1495.8,1442.0, 1495.45,1490.85,1473.18,9155544,134877.56,286439, 6045160, 66.03,3.41
INDUSINDBK, EQ, 24-Jan-2025,970.95,970.85,973.0,948.25,950.0,950.8,959.07,2938649,28183.84,128948, 1454012, 49.48,-2.08
INDUSINDBK, EQ, 24-Feb-2020,1182.2,1170.0,1189.5,1146.55, 1171.00,1170.25,1175.26,7179792,84381.52,131598, 2719310, 37.87,-1.01
INDUSINDBK, EQ, 24-Feb-2021,1048.3,1047.3,1076.0,1041.25, 1067.00,1070.0,1060.85,6833820,72496.43,119960, 2097509, 30.69,2.07
INDUSINDBK, EQ, 24-Feb-2022,950.7,919.5,934.3,868.85, 870.35,875.65,895.47,7305449,65418.32,141833, 2278845, 31.19,-7.89
INDUSINDBK, EQ, 24-Feb-2023,1075.6,1080.05,1089.65,1069.6, 1078.00,1079.15,1078.21,1862986,20086.91,74177, 855469, 45.92,0.33
INDUSINDBK, EQ, 24-Feb-2025,1043.75,1030.1,1038.75,1021.1,1029.5,1029.15,1028.57,3074297,31621.22,86690, 1691706, 55.03,-1.4
INDUSINDBK, EQ, 24-Mar-2020,336.45,355.05,360.0,235.55, 313.60,312.35,314.45,37275397,117211.83,845045, 10712345, 28.74,-7.16
INDUSINDBK, EQ, 24-Mar-2021,990.05,980.05,985.0,955.0, 961.00,958.7,970.54,5028085,48799.41,119278, 1142029, 22.71,-3.17
INDUSINDBK, EQ, 24-Mar-2022,931.35,922.0,937.95,915.2, 923.80,924.8,927.98,2923793,27132.15,52151, 596034, 20.39,-0.7
INDUSINDBK, EQ, 24-Mar-2023,1018.25,1019.0,1024.95,1004.65, 1009.50,1009.55,1015.32,2709449,27509.46,92082, 954833, 35.24,-0.85
INDUSINDBK, EQ, 24-Mar-2025,686.9,692.0,693.75,665.15,667.75,669.45,673.43,14649992,98656.94,263606, 9270544, 63.28,-2.54
INDUSINDBK, EQ, 24-Apr-2020,409.95,392.25,399.9,380.0,387.0,382.9,389.24,19653551,76500.05,360070, 5118509, 26.04,-6.6
INDUSINDBK, EQ, 24-Apr-2023,1116.35,1130.75,1141.0,1092.0, 1101.35,1102.0,1116.24,7711772,86081.53,147551, 2365650, 30.68,-1.29
INDUSINDBK, EQ, 24-Apr-2024,1474.5,1477.0,1483.25,1462.75, 1475.00,1474.65,1474.37,2964953,43714.4,129945, 1555474, 52.46,0.01
INDUSINDBK, EQ, 24-Apr-2025,794.2,795.0,837.5,793.3,819.35,819.75,823.9,22577201,186014.69,306159, 6116348, 27.09,3.22
INDUSINDBK, EQ, 24-May-2021,1016.0,1018.9,1022.75,997.05, 1002.00,1004.75,1006.74,5385688,54219.85,110245, 948191, 17.61,-1.11
INDUSINDBK, EQ, 24-May-2022,902.4,905.4,917.0,895.3,896.9,897.95,905.16,2149695,19458.23,56889, 545532, 25.38,-0.49
INDUSINDBK, EQ, 24-May-2023,1260.2,1255.0,1275.9,1247.65, 1273.50,1271.75,1262.55,2782379,35128.91,62090, 1395787, 50.17,0.92
INDUSINDBK, EQ, 24-May-2024,1440.85,1441.0,1448.75,1427.85,1443.55,1441.8,1439.98,2155290,31035.73,72172, 1239780, 57.52,0.07
INDUSINDBK, EQ, 24-Jun-2020,520.4,530.0,530.45,476.1,485.85,481.7,500.99,43258366,216719.14,509473, 10413138, 24.07,-7.44
INDUSINDBK, EQ, 24-Jun-2021,999.55,1004.0,1008.0,996.2, 999.10,1000.65,1002.08,2285845,22905.91,44896, 585017, 25.59,0.11
INDUSINDBK, EQ, 24-Jun-2022,784.95,793.95,815.85,792.5, 806.55,806.5,805.96,4706175,37929.68,104172, 1097496, 23.32,2.75
INDUSINDBK, EQ, 24-Jun-2024,1527.15,1507.15,1508.9,1478.2,1490.25,1490.4,1489.27,4609137,68642.6,180491, 1861686, 40.39,-2.41
INDUSINDBK, EQ, 24-Jul-2020,513.9,505.8,536.7,500.0,521.85,522.25,519.39,31278107,162456.42,349032, 2931022, 9.37,1.62
INDUSINDBK, EQ, 24-Jul-2023,1407.35,1408.5,1439.4,1405.3, 1435.00,1435.7,1429.28,2738185,39136.46,81593, 1397140, 51.02,2.01
INDUSINDBK, EQ, 24-Jul-2024,1413.2,1409.8,1412.5,1386.4,1400.0,1396.65,1397.87,5553500,77630.55,185572, 2172004, 39.11,-1.17
INDUSINDBK, EQ, 24-Aug-2020,513.55,518.0,535.45,516.0,530.65,529.15,526.89,14887691,78441.05,151852, 3990271, 26.80,3.04
INDUSINDBK, EQ, 24-Aug-2021,988.6,990.2,1009.0,987.0, 1005.00,1005.05,1001.35,2510063,25134.61,57862, 944555, 37.63,1.66
INDUSINDBK, EQ, 24-Aug-2022,1071.05,1077.0,1105.0,1077.0,1102.0,1101.9,1091.61,3685015,40226.0,84926, 855859, 23.23,2.88
INDUSINDBK, EQ, 24-Aug-2023,1401.0,1408.25,1435.0,1402.25, 1418.65,1425.15,1425.01,3559546,50723.72,155256, 1043636, 29.32,1.72
INDUSINDBK, EQ, 24-Sep-2020,528.05,517.15,519.0,485.0, 488.70,490.25,502.66,20947152,105292.29,274904, 5697279, 27.20,-7.16
INDUSINDBK, EQ, 24-Sep-2021,1169.15,1172.2,1189.35,1141.25, 1160.55,1163.05,1166.1,4615559,53822.05,97117, 1498933, 32.48,-0.52
INDUSINDBK, EQ, 24-Sep-2024,1465.1,1470.1,1474.1,1446.0,1447.0,1448.3,1453.66,3893140,56593.13,177189, 2610663, 67.06,-1.15
INDUSINDBK, EQ, 24-Oct-2024,1274.3,1276.0,1285.95,1258.15,1279.0,1280.05,1272.52,2441333,31066.54,137547, 1121458, 45.94,0.45
INDUSINDBK, EQ, 24-Nov-2020,849.75,852.0,860.95,836.3, 855.50,853.7,848.37,19828772,168220.6,258061, 3092798, 15.60,0.46
INDUSINDBK, EQ, 24-Nov-2021,981.35,989.0,993.65,966.0, 968.00,970.4,983.77,6646771,65389.04,129495, 3486077, 52.45,-1.12
INDUSINDBK, EQ, 24-Nov-2022,1174.35,1180.0,1186.95,1167.6, 1175.25,1175.55,1176.49,3496170,41131.94,61576, 2018007, 57.72,0.1
INDUSINDBK, EQ, 24-Nov-2023,1486.1,1491.45,1491.9,1474.0, 1476.00,1476.2,1481.69,2813844,41692.4,136187, 1699949, 60.41,-0.67
INDUSINDBK, EQ, 24-Dec-2020,855.35,862.0,870.0,849.1, 850.95,852.8,859.32,10293688,88455.53,157849, 2758347, 26.80,-0.3
INDUSINDBK, EQ, 24-Dec-2021,871.1,878.0,878.8,846.8, 860.85,861.15,856.62,3462247,29658.27,73152, 512747, 14.81,-1.14
INDUSINDBK, EQ, 24-Dec-2024,945.7,941.0,946.0,929.8,936.6,935.3,936.86,5603093,52493.4,164385, 3117911, 55.65,-1.1
INDUSINDBK, EQ, 25-Jan-2021,893.3,906.0,912.35,839.2, 844.00,849.15,872.56,11829328,103218.45,217151, 3633583, 30.72,-4.94
INDUSINDBK, EQ, 25-Jan-2022,851.25,842.35,886.9,842.0,881.6,884.25,869.91,5165597,44936.08,109341, 1470920, 28.48,3.88
INDUSINDBK, EQ, 25-Jan-2023,1212.3,1210.0,1211.0,1151.35, 1161.00,1156.15,1176.66,3420414,40246.51,132402, 1784315, 52.17,-4.63
INDUSINDBK, EQ, 25-Jan-2024,1490.85,1490.0,1543.95,1488.6, 1508.35,1512.0,1506.93,8118578,122341.08,283308, 4821940, 59.39,1.42
INDUSINDBK, EQ, 25-Feb-2020,1170.25,1181.0,1182.8,1138.8, 1154.90,1153.85,1164.32,6114855,71196.64,129523, 2137744, 34.96,-1.4
INDUSINDBK, EQ, 25-Feb-2021,1070.0,1080.0,1119.5,1079.0, 1110.25,1109.75,1106.79,12716781,140748.03,244535, 3352500, 26.36,3.71
INDUSINDBK, EQ, 25-Feb-2022,875.65,898.7,929.8,895.0,927.0,927.05,921.79,4821342,44442.64,104909, 1557096, 32.30,5.87
INDUSINDBK, EQ, 25-Feb-2025,1029.15,1028.2,1041.7,1026.35,1029.9,1034.25,1034.63,3628538,37541.79,122115, 2104985, 58.01,0.5
INDUSINDBK, EQ, 25-Mar-2020,312.35,292.0,324.0,281.15, 301.95,301.3,300.04,40293450,120895.57,816458, 17824106, 44.24,-3.54
INDUSINDBK, EQ, 25-Mar-2021,958.7,958.7,970.0,928.85,958.1,957.8,950.01,7614686,72340.52,164062, 1424278, 18.70,-0.09
INDUSINDBK, EQ, 25-Mar-2022,924.8,930.0,933.3,916.05,927.5,926.25,925.18,1984601,18361.11,41556, 307183, 15.48,0.16
INDUSINDBK, EQ, 25-Mar-2025,669.45,670.2,672.85,633.6,635.15,637.05,644.59,18615476,119994.33,399250, 9113757, 48.96,-4.84
INDUSINDBK, EQ, 25-Apr-2022,959.85,945.0,958.45,931.0,951.45,946.55,945.63,2096910,19828.99,47746, 539650, 25.74,-1.39
INDUSINDBK, EQ, 25-Apr-2023,1102.0,1119.95,1127.6,1113.1,1119.95,1121.75,1121.02,5268567,59061.88,128234, 1596594, 30.30,1.79
INDUSINDBK, EQ, 25-Apr-2024,1474.65,1476.05,1499.5,1470.55, 1496.85,1496.1,1487.95,3697957,55023.57,174591, 1888059, 51.06,1.45
INDUSINDBK, EQ, 25-Apr-2025,819.75,822.0,829.0,807.35,820.0,822.35,820.55,11724192,96202.81,199413, 3766798, 32.13,0.32
INDUSINDBK, EQ, 25-May-2021,1004.75,1012.0,1012.75,982.4, 995.70,993.9,996.47,4583345,45671.77,98977, 794446, 17.33,-1.08
INDUSINDBK, EQ, 25-May-2022,897.95,907.8,923.5,889.55, 892.50,893.35,908.18,3664893,33283.75,77030, 887365, 24.21,-0.51
INDUSINDBK, EQ, 25-May-2023,1271.75,1268.95,1271.9,1249.7, 1260.10,1263.4,1260.46,2589092,32634.47,70216, 975008, 37.66,-0.66
INDUSINDBK, EQ, 25-Jun-2020,481.7,480.0,490.95,461.0, 475.85,475.15,476.78,37361371,178132.53,526355, 7298422, 19.53,-1.36
INDUSINDBK, EQ, 25-Jun-2021,1000.65,997.0,1020.0,986.65, 1010.00,1012.9,1007.71,3499315,35263.03,67714, 898353, 25.67,1.22
INDUSINDBK, EQ, 25-Jun-2024,1490.4,1494.75,1502.15,1482.2,1495.0,1495.55,1491.38,3309896,49363.29,131650, 1869360, 56.48,0.35
INDUSINDBK, EQ, 25-Jul-2022,942.45,940.0,966.5,939.55, 960.70,962.05,953.94,6043152,57647.84,140624, 1603283, 26.53,2.08
INDUSINDBK, EQ, 25-Jul-2023,1435.7,1437.0,1446.0,1411.4, 1418.00,1415.45,1432.99,2982900,42744.56,117533, 1788426, 59.96,-1.41
INDUSINDBK, EQ, 25-Jul-2024,1396.65,1389.0,1396.55,1374.0,1379.95,1379.1,1381.15,3631639,50158.55,117516, 1848717, 50.91,-1.26
INDUSINDBK, EQ, 25-Aug-2020,529.15,535.0,546.4,530.2, 538.80,536.5,539.3,18377634,99109.84,181713, 3013069, 16.40,1.39
INDUSINDBK, EQ, 25-Aug-2021,1005.05,1009.9,1013.9,998.2, 1004.10,1005.55,1005.76,2105187,21173.05,49228, 810357, 38.49,0.05
INDUSINDBK, EQ, 25-Aug-2022,1101.9,1109.0,1119.75,1082.7,1086.5,1089.95,1105.03,3775014,41714.93,105047, 1712406, 45.36,-1.08
INDUSINDBK, EQ, 25-Aug-2023,1425.15,1417.95,1421.45,1389.05, 1397.50,1401.15,1400.49,1862535,26084.67,101274, 634097, 34.04,-1.68
INDUSINDBK, EQ, 25-Sep-2020,490.25,499.9,521.3,491.2, 512.00,514.85,506.63,19311514,97837.51,220234, 2665262, 13.80,5.02
INDUSINDBK, EQ, 25-Sep-2023,1452.9,1451.5,1454.55,1434.1, 1441.00,1442.75,1444.0,2013653,29077.11,67986, 985141, 48.92,-0.7
INDUSINDBK, EQ, 25-Sep-2024,1448.3,1450.0,1456.0,1432.25,1441.0,1439.5,1439.68,3012173,43365.74,114209, 1694605, 56.26,-0.61
INDUSINDBK, EQ, 25-Oct-2021,1196.4,1205.95,1211.0,1156.7, 1176.50,1177.75,1178.04,3612312,42554.56,134087, 1399660, 38.75,-1.56
INDUSINDBK, EQ, 25-Oct-2022,1145.85,1145.85,1153.05,1121.8,1135.0,1137.45,1138.73,3514202,40017.13,109852, 1428627, 40.65,-0.73
INDUSINDBK, EQ, 25-Oct-2023,1435.0,1444.95,1446.95,1410.05,1416.0,1412.7,1427.24,4045910,57744.68,153098, 2458815, 60.77,-1.55
INDUSINDBK, EQ, 25-Oct-2024,1280.05,1163.0,1166.75,1025.5,1037.0,1041.6,1071.72,56935420,610188.36,856656, 21006000, 36.89,-18.63
INDUSINDBK, EQ, 25-Nov-2020,853.7,863.6,874.9,845.25, 848.00,855.05,859.49,24215222,208127.22,308715, 2784674, 11.50,0.16
INDUSINDBK, EQ, 25-Nov-2021,970.4,968.0,970.0,951.35,959.35,959.3,960.95,5711537,54884.85,101693, 2601828, 45.55,-1.14
INDUSINDBK, EQ, 25-Nov-2022,1175.55,1180.0,1193.8,1176.05,1184.8,1187.1,1187.09,4715695,55979.37,84547, 2753580, 58.39,0.98
INDUSINDBK, EQ, 25-Nov-2024,998.2,1020.0,1022.05,997.05,1004.0,1003.5,1006.83,6491357,65357.1,152235, 4137169, 63.73,0.53
INDUSINDBK, EQ, 26-Feb-2020,1153.85,1145.0,1150.0,1125.2, 1139.20,1135.0,1135.63,5870515,66667.59,98084, 1973131, 33.61,-1.63
INDUSINDBK, EQ, 26-Feb-2021,1109.75,1070.0,1082.9,1051.25,1062.8,1062.95,1065.21,12247085,130457.67,224480, 3796873, 31.00,-4.22
INDUSINDBK, EQ, 26-Feb-2024,1480.3,1481.0,1486.0,1463.9, 1467.00,1466.5,1471.51,2077787,30574.86,105902, 1203797, 57.94,-0.93
INDUSINDBK, EQ, 26-Mar-2020,301.3,316.35,451.95,311.65, 440.00,435.9,414.3,42326744,175360.74,787308, 10066611, 23.78,44.67
INDUSINDBK, EQ, 26-Mar-2021,957.8,973.8,976.5,950.0,955.55,952.75,963.5,4891178,47126.67,110975, 823135, 16.83,-0.53
INDUSINDBK, EQ, 26-Mar-2024,1512.1,1512.1,1523.6,1502.2,1520.0,1518.7,1516.94,9046136,137224.14,168442, 7182924, 79.40,0.44
INDUSINDBK, EQ, 26-Mar-2025,637.05,637.4,662.5,637.4,658.3,655.3,655.54,23506399,154094.08,269471, 10357104, 44.06,2.86
INDUSINDBK, EQ, 26-Apr-2021,850.0,857.0,870.95,851.45, 859.00,859.55,861.04,4894557,42144.17,89276, 637531, 13.03,1.12
INDUSINDBK, EQ, 26-Apr-2022,946.55,962.0,983.35,958.1, 979.90,980.45,976.58,2673266,26106.57,66123, 622931, 23.30,3.58
INDUSINDBK, EQ, 26-Apr-2023,1121.75,1117.75,1139.8,1115.15, 1138.00,1137.8,1131.74,2688362,30425.26,73663, 966303, 35.94,1.43
INDUSINDBK, EQ, 26-Apr-2024,1496.1,1511.5,1519.0,1443.3, 1450.00,1446.4,1468.12,6135488,90076.61,222214, 2883559, 47.00,-3.32
INDUSINDBK, EQ, 26-May-2020,338.35,344.9,353.95,342.0, 349.85,348.2,348.38,19933264,69442.77,250794, 3817948, 19.15,2.91
INDUSINDBK, EQ, 26-May-2021,993.9,998.85,1007.95,987.0, 996.50,998.45,1000.68,2972854,29748.78,55072, 317410, 10.68,0.46
INDUSINDBK, EQ, 26-May-2022,893.35,902.6,906.8,877.45,902.0,897.6,889.16,3909078,34757.9,85938, 1527345, 39.07,0.48
INDUSINDBK, EQ, 26-May-2023,1263.4,1256.45,1272.45,1255.9,1266.15,1268.05,1264.83,1981580,25063.65,46749, 1119872, 56.51,0.37
INDUSINDBK, EQ, 26-Jun-2020,475.15,483.0,501.0,481.05, 493.00,492.55,490.35,33900526,166230.3,369426, 5549278, 16.37,3.66
INDUSINDBK, EQ, 26-Jun-2023,1308.7,1314.8,1326.6,1305.9, 1314.20,1315.05,1315.72,2236596,29427.29,73053, 797257, 35.65,0.49
INDUSINDBK, EQ, 26-Jun-2024,1495.55,1498.0,1521.0,1481.55,1492.9,1497.9,1500.83,5605220,84124.62,191596, 2763755, 49.31,0.16
INDUSINDBK, EQ, 26-Jul-2021,989.3,989.3,996.65,978.3,980.0,981.3,986.67,2335433,23043.1,58743, 781697, 33.47,-0.81
INDUSINDBK, EQ, 26-Jul-2022,962.05,959.0,969.9,951.85,961.25,961.6,958.05,2983144,28579.93,100416, 1101448, 36.92,-0.05
INDUSINDBK, EQ, 26-Jul-2023,1415.45,1421.45,1429.9,1411.2, 1425.00,1427.7,1421.67,1537232,21854.32,71243, 545248, 35.47,0.87
INDUSINDBK, EQ, 26-Jul-2024,1379.1,1365.0,1409.0,1359.05, 1404.00,1403.9,1392.42,3607419,50230.51,138331, 1568222, 43.47,1.8
INDUSINDBK, EQ, 26-Aug-2020,536.5,541.45,572.2,538.45, 568.50,567.65,556.54,26851878,149440.84,272262, 7012485, 26.12,5.81
INDUSINDBK, EQ, 26-Aug-2021,1005.55,1000.0,1012.65,998.1, 1001.05,1001.5,1006.64,1971408,19844.92,50094, 876941, 44.48,-0.4
INDUSINDBK, EQ, 26-Aug-2022,1089.95,1098.0,1101.7,1064.65,1072.0,1069.75,1077.29,3662548,39456.28,90977, 1663754, 45.43,-1.85
INDUSINDBK, EQ, 26-Aug-2024,1388.55,1395.3,1395.55,1379.8,1382.5,1384.5,1389.03,2541300,35299.3,68876, 1490074, 58.63,-0.29
INDUSINDBK, EQ, 26-Sep-2022,1183.35,1170.0,1180.0,1135.7,1149.15,1149.6,1156.97,5082576,58804.03,125587, 2162644, 42.55,-2.85
INDUSINDBK, EQ, 26-Sep-2023,1442.75,1440.0,1443.95,1411.65, 1426.30,1423.05,1423.32,2870137,40851.36,80675, 1962837, 68.39,-1.37
INDUSINDBK, EQ, 26-Sep-2024,1439.5,1445.0,1457.3,1437.3,1453.0,1452.7,1446.21,3388674,49007.32,145408, 2020909, 59.64,0.92
INDUSINDBK, EQ, 26-Oct-2020,608.15,617.0,633.3,613.55,616.9,616.65,621.59,17438518,108395.98,224507, 2570879, 14.74,1.4
INDUSINDBK, EQ, 26-Oct-2021,1177.75,1180.0,1193.0,1137.7, 1155.60,1154.9,1159.26,3413917,39576.07,121408, 1192859, 34.94,-1.94
INDUSINDBK, EQ, 26-Oct-2023,1412.7,1412.65,1429.3,1393.65, 1410.90,1414.65,1409.7,4194418,59128.7,168402, 1430738, 34.11,0.14
INDUSINDBK, EQ, 26-Nov-2020,855.05,857.0,860.8,835.0, 854.00,850.55,846.88,16934720,143417.35,241214, 1611553, 9.52,-0.53
INDUSINDBK, EQ, 26-Nov-2021,959.3,951.0,956.95,898.0, 899.95,901.8,923.13,6746021,62274.4,182483, 2392162, 35.46,-5.99
INDUSINDBK, EQ, 26-Nov-2024,1003.5,1011.7,1017.7,998.1,1009.5,1009.6,1008.75,2390208,24111.25,79062, 1078650, 45.13,0.61
INDUSINDBK, EQ, 26-Dec-2022,1147.85,1150.0,1208.0,1141.0,1194.0,1195.7,1186.45,2100374,24919.83,79307, 633451, 30.16,4.17
INDUSINDBK, EQ, 26-Dec-2023,1562.35,1562.95,1582.75,1557.0, 1572.80,1570.8,1571.86,1129332,17751.51,85088, 521101, 46.14,0.54
INDUSINDBK, EQ, 26-Dec-2024,935.3,940.0,945.0,928.25,931.85,931.95,934.54,5262262,49177.74,159094, 3129366, 59.47,-0.36
INDUSINDBK, EQ, 27-Jan-2020,1316.1,1311.5,1312.0,1265.0, 1275.00,1271.2,1288.38,6019701,77556.42,152721, 2169448, 36.04,-3.41
INDUSINDBK, EQ, 27-Jan-2021,849.15,848.0,860.8,806.0, 815.00,820.15,830.88,15810173,131363.88,281856, 5487109, 34.71,-3.42
INDUSINDBK, EQ, 27-Jan-2022,884.25,874.2,893.6,861.1, 892.85,888.1,880.23,4323258,38054.59,102951, 1462168, 33.82,0.44
INDUSINDBK, EQ, 27-Jan-2023,1156.15,1163.05,1168.65,1106.0, 1110.80,1116.4,1128.51,4781085,53954.99,138350, 2448028, 51.20,-3.44
INDUSINDBK, EQ, 27-Jan-2025,950.8,947.0,947.0,923.7,925.0,926.45,930.32,3907787,36355.01,152962, 2025376, 51.83,-2.56
INDUSINDBK, EQ, 27-Feb-2020,1135.0,1139.0,1139.4,1101.0, 1114.00,1115.55,1112.98,6835782,76080.78,155571, 2159219, 31.59,-1.71
INDUSINDBK, EQ, 27-Feb-2023,1079.15,1079.95,1089.85,1067.05, 1082.75,1081.95,1079.98,2047252,22110.0,76926, 891785, 43.56,0.26
INDUSINDBK, EQ, 27-Feb-2024,1466.5,1466.5,1497.35,1458.5, 1492.00,1493.05,1475.37,2843312,41949.43,133884, 1671533, 58.79,1.81
INDUSINDBK, EQ, 27-Feb-2025,1034.25,1046.9,1063.3,1040.7,1040.7,1046.7,1049.89,5951737,62486.7,134263, 3304382, 55.52,1.2
INDUSINDBK, EQ, 27-Mar-2020,435.9,479.45,538.55,392.35, 411.15,411.1,445.05,43891665,195341.94,1073663, 7126332, 16.24,-5.69
INDUSINDBK, EQ, 27-Mar-2023,1009.55,1014.0,1020.95,1004.0, 1012.30,1012.85,1012.46,2116764,21431.49,78342, 784667, 37.07,0.33
INDUSINDBK, EQ, 27-Mar-2024,1518.7,1519.0,1542.95,1514.45, 1534.00,1533.55,1529.26,8408702,128590.83,215950, 5494584, 65.34,0.98
INDUSINDBK, EQ, 27-Mar-2025,655.3,655.3,676.75,640.5,673.5,673.55,661.34,21589495,142779.39,233736, 10932997, 50.64,2.78
INDUSINDBK, EQ, 27-Apr-2020,382.9,394.2,410.85,387.0, 408.00,407.4,400.38,26819803,107381.51,417508, 4461849, 16.64,6.4
INDUSINDBK, EQ, 27-Apr-2021,859.55,859.55,886.0,859.0,883.55,882.45,873.46,5202133,45438.45,96508, 1095365, 21.06,2.66
INDUSINDBK, EQ, 27-Apr-2022,980.45,970.1,979.8,967.15,977.75,974.5,973.97,1476543,14381.06,42086, 496279, 33.61,-0.61
INDUSINDBK, EQ, 27-Apr-2023,1137.8,1140.0,1148.45,1130.0, 1142.85,1144.75,1142.83,2990958,34181.48,79941, 814611, 27.24,0.61
INDUSINDBK, EQ, 27-May-2020,348.2,350.9,375.45,347.65,367.95,368.95,359.19,34415996,123618.23,378256, 7527745, 21.87,5.96
INDUSINDBK, EQ, 27-May-2021,998.45,995.3,1013.3,987.0, 1010.10,1006.85,998.87,4427518,44225.33,82893, 1029995, 23.26,0.84
INDUSINDBK, EQ, 27-May-2022,897.6,908.35,927.0,905.2, 926.00,925.4,920.45,2509528,23098.86,64922, 653799, 26.05,3.1
INDUSINDBK, EQ, 27-May-2024,1441.8,1447.85,1475.6,1439.3,1461.9,1465.1,1464.58,3253683,47652.75,111849, 1293380, 39.75,1.62
INDUSINDBK, EQ, 27-Jun-2022,806.5,819.2,829.7,817.65,823.65,823.5,823.27,2569316,21152.49,57229, 648298, 25.23,2.11
INDUSINDBK, EQ, 27-Jun-2023,1315.05,1318.75,1320.95,1297.35, 1313.90,1315.95,1306.81,2638788,34483.89,102007, 1181472, 44.77,0.07
INDUSINDBK, EQ, 27-Jun-2024,1497.9,1494.0,1504.95,1485.0,1500.0,1502.75,1496.2,5166134,77295.81,166324, 3112794, 60.25,0.32
INDUSINDBK, EQ, 27-Jul-2020,522.25,522.55,523.85,505.0,506.95,506.65,510.12,12280579,62645.96,151425, 1937360, 15.78,-2.99
INDUSINDBK, EQ, 27-Jul-2021,981.3,989.0,994.0,963.05, 971.50,975.8,980.11,3311920,32460.34,91506, 1205092, 36.39,-0.56
INDUSINDBK, EQ, 27-Jul-2022,961.6,960.7,983.75,955.25,977.5,979.8,974.87,3405140,33195.55,68742, 1111484, 32.64,1.89
INDUSINDBK, EQ, 27-Jul-2023,1427.7,1433.2,1433.2,1405.15, 1417.30,1415.6,1416.06,3362598,47616.32,126525, 1553697, 46.21,-0.85
INDUSINDBK, EQ, 27-Aug-2020,567.65,572.4,619.75,572.0,604.7,605.85,599.11,48568998,290983.3,505713, 5856601, 12.06,6.73
INDUSINDBK, EQ, 27-Aug-2021,1001.5,997.0,1000.85,987.0, 990.20,990.2,991.66,2368969,23492.17,70768, 1042454, 44.00,-1.13
INDUSINDBK, EQ, 27-Aug-2024,1384.5,1385.9,1387.15,1377.55,1380.05,1383.2,1382.77,1167406,16142.53,39528, 548472, 46.98,-0.09
INDUSINDBK, EQ, 27-Sep-2021,1163.05,1172.0,1177.95,1144.9, 1151.00,1150.7,1159.28,3083520,35746.56,56680, 1524727, 49.45,-1.06
INDUSINDBK, EQ, 27-Sep-2022,1149.6,1166.45,1178.0,1140.6,1173.8,1165.1,1160.69,4493527,52156.04,90655, 1678006, 37.34,1.35
INDUSINDBK, EQ, 27-Sep-2023,1423.05,1425.0,1439.0,1418.3, 1439.00,1436.45,1426.9,3697690,52762.5,126488, 2646857, 71.58,0.94
INDUSINDBK, EQ, 27-Sep-2024,1452.7,1457.0,1481.0,1454.0,1462.0,1462.7,1466.52,4708951,69057.93,137121, 3210546, 68.18,0.69
INDUSINDBK, EQ, 27-Oct-2020,616.65,616.6,623.4,595.1, 614.50,614.0,609.31,15012429,91472.38,203634, 2115960, 14.09,-0.43
INDUSINDBK, EQ, 27-Oct-2021,1154.9,1156.0,1163.85,1122.0, 1136.00,1142.55,1139.97,4329232,49351.85,144701, 1674709, 38.68,-1.07
INDUSINDBK, EQ, 27-Oct-2022,1137.45,1150.0,1153.6,1135.2,1144.9,1142.5,1143.92,2590606,29634.53,75642, 1022114, 39.45,0.44
INDUSINDBK, EQ, 27-Oct-2023,1414.65,1420.0,1444.5,1412.7,1438.0,1441.3,1432.56,2424655,34734.54,88045, 1305928, 53.86,1.88
INDUSINDBK, EQ, 27-Nov-2020,850.55,856.0,862.45,848.55,859.0,857.65,855.57,10212987,87379.67,132563, 1174673, 11.50,0.83
INDUSINDBK, EQ, 27-Nov-2024,1009.6,1012.0,1012.0,994.5,1004.9,1001.95,1002.3,4798242,48092.62,135211, 2565262, 53.46,-0.76
INDUSINDBK, EQ, 27-Dec-2021,861.15,843.0,861.8,811.5, 856.65,855.25,835.24,12325932,102950.77,196252, 3696230, 29.99,-0.69
INDUSINDBK, EQ, 27-Dec-2022,1195.7,1201.65,1209.95,1185.0,1202.0,1202.35,1197.0,1462244,17503.02,51452, 373403, 25.54,0.56
INDUSINDBK, EQ, 27-Dec-2023,1570.8,1573.15,1600.0,1567.3, 1595.00,1597.45,1591.54,1887827,30045.44,102357, 997802, 52.85,1.7
INDUSINDBK, EQ, 27-Dec-2024,931.95,933.05,971.1,933.05,954.0,953.4,958.32,6300341,60377.68,153980, 2058584, 32.67,2.3
INDUSINDBK, EQ, 28-Jan-2020,1271.2,1281.0,1284.9,1240.25, 1258.00,1254.75,1265.29,6103759,77230.29,148305, 1868109, 30.61,-1.29
INDUSINDBK, EQ, 28-Jan-2021,820.15,801.3,828.85,789.0, 805.00,802.6,808.52,13789865,111493.49,242130, 3369450, 24.43,-2.14
INDUSINDBK, EQ, 28-Jan-2022,888.1,897.0,925.75,895.0, 903.70,903.55,911.82,5520247,50334.95,119433, 1660853, 30.09,1.74
INDUSINDBK, EQ, 28-Jan-2025,926.45,937.35,948.95,925.7,935.7,934.15,937.53,5708478,53518.65,156085, 3215481, 56.33,0.83
INDUSINDBK, EQ, 28-Feb-2020,1115.55,1100.0,1118.0,1085.05, 1099.90,1104.05,1104.01,10233947,112984.19,181350, 4987350, 48.73,-1.03
INDUSINDBK, EQ, 28-Feb-2022,927.05,916.0,924.8,903.0, 918.50,920.7,916.23,3299912,30234.94,74903, 781013, 23.67,-0.68
INDUSINDBK, EQ, 28-Feb-2023,1081.95,1082.5,1089.9,1068.05, 1077.05,1077.7,1076.71,1360243,14645.85,47557, 513312, 37.74,-0.39
INDUSINDBK, EQ, 28-Feb-2024,1493.05,1495.0,1503.45,1442.5,1446.05,1449.2,1471.31,2661887,39164.68,98324, 1164152, 43.73,-2.94
INDUSINDBK, EQ, 28-Feb-2025,1046.7,1040.0,1040.65,970.1,972.3,990.1,990.26,55666745,551244.38,383436, 28646394, 51.46,-5.41
INDUSINDBK, EQ, 28-Mar-2022,926.25,923.05,942.9,920.25, 938.00,935.15,932.47,2654339,24751.01,59540, 918511, 34.60,0.96
INDUSINDBK, EQ, 28-Mar-2023,1012.85,1017.7,1038.4,1007.2, 1033.00,1036.15,1028.51,4396283,45216.39,132396, 1728460, 39.32,2.3
INDUSINDBK, EQ, 28-Mar-2024,1533.55,1534.75,1564.5,1533.6,1549.75,1553.0,1551.14,3964429,61493.71,107568, 2375748, 59.93,1.27
INDUSINDBK, EQ, 28-Mar-2025,673.55,672.0,673.95,643.5,649.05,649.85,656.57,8807815,57829.25,170300, 3492637, 39.65,-3.52
INDUSINDBK, EQ, 28-Apr-2020,407.4,445.0,484.4,430.0, 476.95,468.05,448.44,60610690,271800.97,836625, 8392637, 13.85,14.89
INDUSINDBK, EQ, 28-Apr-2021,882.45,890.0,931.0,888.0, 925.90,926.9,914.54,9935828,90867.35,179909, 1616632, 16.27,5.04
INDUSINDBK, EQ, 28-Apr-2022,974.5,978.0,992.45,972.0, 988.00,988.35,982.47,2003774,19686.38,45452, 632549, 31.57,1.42
INDUSINDBK, EQ, 28-Apr-2023,1144.75,1148.75,1157.55,1135.0, 1153.00,1152.8,1145.51,2239678,25655.66,71915, 1038108, 46.35,0.7
INDUSINDBK, EQ, 28-May-2020,368.95,375.0,405.8,371.6,384.25,386.85,390.31,47047903,183632.28,562495, 5639247, 11.99,4.85
INDUSINDBK, EQ, 28-May-2021,1006.85,1014.5,1025.5,1003.0,1020.0,1019.35,1014.15,5388785,54650.37,94802, 1715566, 31.84,1.24
INDUSINDBK, EQ, 28-May-2024,1465.1,1472.8,1478.8,1449.1,1450.0,1459.35,1464.81,2381333,34882.11,71546, 1215763, 51.05,-0.39
INDUSINDBK, EQ, 28-Jun-2021,1012.9,1019.0,1021.6,1001.0, 1013.85,1008.9,1011.86,2819763,28532.12,52885, 612373, 21.72,-0.39
INDUSINDBK, EQ, 28-Jun-2022,823.5,819.0,823.5,812.0, 817.90,816.6,817.57,1280737,10470.88,28984, 214976, 16.79,-0.84
INDUSINDBK, EQ, 28-Jun-2024,1502.75,1491.0,1491.0,1460.5,1464.2,1464.5,1475.63,6425323,94814.28,213730, 4272553, 66.50,-2.55
INDUSINDBK, EQ, 28-Jul-2020,506.65,512.0,529.0,511.4,527.4,526.95,522.05,16991547,88703.7,230624, 3788938, 22.30,4.01
INDUSINDBK, EQ, 28-Jul-2021,975.8,992.0,1009.8,979.0,993.0,992.75,992.43,8820340,87535.82,162822, 3076578, 34.88,1.74
INDUSINDBK, EQ, 28-Jul-2022,979.8,994.45,1020.0,989.1, 1016.20,1017.7,1010.53,7001490,70751.88,146763, 2540206, 36.28,3.87
INDUSINDBK, EQ, 28-Jul-2023,1415.6,1415.2,1421.95,1397.6, 1403.80,1401.95,1407.73,1565680,22040.62,65110, 687662, 43.92,-0.96
INDUSINDBK, EQ, 28-Aug-2020,605.85,600.0,689.0,595.5, 677.00,665.65,636.55,55986893,356384.76,527327, 7883819, 14.08,9.87
INDUSINDBK, EQ, 28-Aug-2023,1401.15,1400.0,1411.25,1393.8, 1409.50,1409.45,1405.98,1072295,15076.29,67843, 464969, 43.36,0.59
INDUSINDBK, EQ, 28-Aug-2024,1383.2,1389.05,1421.95,1382.55,1409.0,1415.75,1413.16,6532773,92318.77,128347, 3173451, 48.58,2.35
INDUSINDBK, EQ, 28-Sep-2020,514.85,522.9,563.3,516.15,556.0,555.1,545.8,24397490,133162.25,287462,1757979,7.21,7.82
INDUSINDBK, EQ, 28-Sep-2021,1150.7,1160.0,1160.0,1119.0, 1132.90,1134.75,1137.4,3684708,41910.0,77920, 1608400, 43.65,-1.39
INDUSINDBK, EQ, 28-Sep-2022,1165.1,1155.2,1160.0,1133.0,1137.7,1140.9,1148.1,4898528,56240.07,98173, 1951496, 39.84,-2.08
INDUSINDBK, EQ, 28-Sep-2023,1436.45,1437.0,1445.35,1409.45, 1414.75,1413.0,1423.63,5876746,83663.01,128835, 2828584, 48.13,-1.63
INDUSINDBK, EQ, 28-Oct-2020,614.0,614.5,615.95,586.1, 594.50,592.85,599.45,14933521,89518.46,226095, 3203454, 21.45,-3.44
INDUSINDBK, EQ, 28-Oct-2021,1142.55,1172.0,1242.0,1169.25, 1172.00,1176.0,1203.88,17223159,207345.99,386227, 2538306, 14.74,2.93
INDUSINDBK, EQ, 28-Oct-2022,1142.5,1145.0,1161.0,1137.5,1146.5,1147.0,1150.23,2778938,31964.07,68870, 1065044, 38.33,0.39
INDUSINDBK, EQ, 28-Oct-2024,1041.6,1051.4,1084.65,1031.0,1058.8,1054.8,1061.09,11099823,117779.01,312974, 5088707, 45.84,1.27
INDUSINDBK, EQ, 28-Nov-2022,1187.1,1180.0,1205.45,1178.7, 1195.10,1197.85,1193.83,2846018,33976.53,69103, 1522431, 53.49,0.91
INDUSINDBK, EQ, 28-Nov-2023,1476.2,1480.0,1486.8,1468.0, 1479.00,1477.55,1477.14,4305915,63604.56,154184, 2341957, 54.39,0.09
INDUSINDBK, EQ, 28-Nov-2024,1001.95,1005.95,1013.4,991.35,993.75,993.6,1002.27,4822835,48337.75,153009, 2806394, 58.19,-0.83
INDUSINDBK, EQ, 28-Dec-2020,852.8,855.0,871.0,853.0,870.5,866.95,865.26,5449095,47148.8,96487, 803233, 14.74,1.66
INDUSINDBK, EQ, 28-Dec-2021,855.25,864.0,865.75,845.1,852.95,852.65,852.73,4660498,39741.57,73904, 1729853, 37.12,-0.3
INDUSINDBK, EQ, 28-Dec-2022,1202.35,1198.0,1227.0,1194.0, 1210.40,1214.15,1214.38,2834356,34419.99,73583, 1157176, 40.83,0.98
INDUSINDBK, EQ, 28-Dec-2023,1597.45,1600.0,1618.7,1592.0, 1609.65,1610.55,1606.33,3143161,50489.49,174998, 1675665, 53.31,0.82
INDUSINDBK, EQ, 29-Jan-2020,1254.75,1268.9,1276.7,1251.0, 1256.55,1258.25,1263.79,3977924,50272.49,108515, 1177713, 29.61,0.28
INDUSINDBK, EQ, 29-Jan-2021,802.6,817.1,860.85,815.65, 851.90,846.1,841.17,19305853,162395.66,303704, 2482560, 12.86,5.42
INDUSINDBK, EQ, 29-Jan-2024,1512.0,1523.0,1537.75,1515.35, 1529.90,1526.8,1528.29,3058020,46735.28,129958, 1785327, 58.38,0.98
INDUSINDBK, EQ, 29-Jan-2025,934.15,935.7,953.0,931.95,951.0,948.3,939.51,2571504,24159.5,96544, 1289314, 50.14,1.51
INDUSINDBK, EQ, 29-Feb-2024,1449.2,1451.0,1484.0,1440.0, 1479.90,1474.9,1462.21,4216252,61650.51,189555, 1868856, 44.33,1.77
INDUSINDBK, EQ, 29-Mar-2022,935.15,939.95,944.5,921.4, 930.35,929.15,929.93,3351562,31167.31,62329, 1240368, 37.01,-0.64
INDUSINDBK, EQ, 29-Mar-2023,1036.15,1031.0,1063.95,1025.0, 1057.00,1057.1,1046.88,5803091,60751.13,123485, 3072675, 52.95,2.02
INDUSINDBK, EQ, 29-Apr-2020,468.05,453.5,489.0,443.0,465.5,471.1,468.38,47308186,221582.2,706610, 5160504, 10.91,0.65
INDUSINDBK, EQ, 29-Apr-2021,926.9,936.85,958.85,917.1, 942.45,939.45,936.94,12187280,114187.83,201702, 1453609, 11.93,1.35
INDUSINDBK, EQ, 29-Apr-2022,988.35,990.0,1009.5,975.2,977.5,978.55,995.33,3476442,34602.0,84715, 587960, 16.91,-0.99
INDUSINDBK, EQ, 29-Apr-2024,1446.4,1458.75,1491.0,1450.1, 1489.50,1487.25,1480.36,5463640,80881.49,158161, 2299073, 42.08,2.82
INDUSINDBK, EQ, 29-May-2020,386.85,376.0,400.0,373.5, 391.30,393.65,390.0,33013864,128755.54,383458, 3425502, 10.38,1.76
INDUSINDBK, EQ, 29-May-2023,1268.05,1272.2,1295.0,1272.0, 1283.35,1284.95,1288.68,2985334,38471.5,109784, 1348476, 45.17,1.33
INDUSINDBK, EQ, 29-May-2024,1459.35,1453.0,1471.65,1439.25,1463.45,1460.25,1453.01,4383563,63693.46,152673, 2009683, 45.85,0.06
INDUSINDBK, EQ, 29-Jun-2020,492.55,482.0,487.0,472.5, 482.10,480.0,478.81,19599121,93842.58,218753, 2728793, 13.92,-2.55
INDUSINDBK, EQ, 29-Jun-2021,1008.9,1009.0,1022.0,1000.0, 1014.75,1018.15,1012.81,4543628,46018.16,67883, 2125341, 46.78,0.92
INDUSINDBK, EQ, 29-Jun-2022,816.6,805.0,817.35,788.2, 811.00,808.8,800.05,3774208,30195.65,73289, 929177, 24.62,-0.96
INDUSINDBK, EQ, 28-Jun-2023,1315.95,1325.0,1346.95,1316.25, 1336.65,1334.05,1333.45,5550351,74011.37,115372, 2510992, 45.24,1.38
INDUSINDBK, EQ, 29-Jul-2020,526.95,534.0,564.75,532.25, 543.00,550.5,550.73,37044658,204017.71,422042, 9964538, 26.90,4.47
INDUSINDBK, EQ, 29-Jul-2021,992.75,997.95,1003.45,987.0,991.9,992.05,994.12,3459503,34391.47,58472, 1662683, 48.06,-0.07
INDUSINDBK, EQ, 29-Jul-2022,1017.7,1022.2,1049.95,1018.75,1040.0,1043.5,1035.01,5862550,60677.9,114275, 2434762, 41.53,2.54
INDUSINDBK, EQ, 29-Jul-2024,1403.9,1415.0,1444.95,1406.45,1413.0,1411.5,1425.25,5955870,84886.17,211378, 2080692, 34.94,0.54
INDUSINDBK, EQ, 29-Aug-2022,1069.75,1050.0,1062.9,1041.0, 1061.00,1059.2,1055.21,1642550,17332.31,44010, 479343, 29.18,-0.99
INDUSINDBK, EQ, 29-Aug-2023,1409.45,1409.45,1413.7,1392.45, 1401.00,1400.15,1400.63,1831565,25653.47,108426, 1220311, 66.63,-0.66
INDUSINDBK, EQ, 29-Aug-2024,1415.75,1414.2,1423.05,1405.25,1415.5,1417.45,1415.94,3316387,46958.13,105564, 1930974, 58.23,0.12
INDUSINDBK, EQ, 29-Sep-2020,555.1,559.0,561.85,528.95,535.9,536.25,538.11,21321966,114734.79,253312, 1701324, 7.98,-3.4
INDUSINDBK, EQ, 29-Sep-2021,1134.75,1127.1,1136.9,1114.1, 1123.00,1123.2,1125.43,5574048,62731.85,83655, 3280298, 58.85,-1.02
INDUSINDBK, EQ, 29-Sep-2022,1140.9,1160.0,1174.8,1137.3,1151.2,1142.25,1151.71,4998273,57565.82,127151, 2358798, 47.19,0.12
INDUSINDBK, EQ, 29-Sep-2023,1413.0,1415.05,1439.95,1399.3, 1429.55,1428.85,1422.01,2593595,36881.08,80492, 1637924, 63.15,1.12
INDUSINDBK, EQ, 29-Oct-2020,592.85,585.0,599.8,571.0,588.8,588.7,584.38,16511226,96488.25,240123, 1780580, 10.78,-0.7
INDUSINDBK, EQ, 29-Oct-2021,1176.0,1166.95,1182.0,1123.6, 1142.30,1140.2,1150.7,5112475,58829.38,124171, 1001926, 19.60,-3.04
INDUSINDBK, EQ, 29-Oct-2024,1054.8,1058.8,1058.8,1018.1,1039.0,1038.15,1033.59,7951124,82182.19,240944, 3324617, 41.81,-1.58
INDUSINDBK, EQ, 29-Nov-2021,901.8,926.9,938.0,888.85, 894.00,895.45,907.83,11905868,108084.78,226646, 3557297, 29.88,-0.7
INDUSINDBK, EQ, 29-Nov-2022,1197.85,1192.0,1199.85,1178.45,1180.0,1180.6,1186.29,1875146,22244.6,51858, 938207, 50.03,-1.44
INDUSINDBK, EQ, 29-Nov-2023,1477.55,1484.0,1489.55,1471.25, 1486.00,1483.55,1482.24,3477076,51538.65,125675, 2362462, 67.94,0.41
INDUSINDBK, EQ, 29-Nov-2024,993.6,998.1,999.5,987.3,994.45,995.85,994.26,4815934,47883.1,125714, 3264157, 67.78,0.23
INDUSINDBK, EQ, 29-Dec-2020,866.95,875.0,917.65,873.5,916.5,912.9,901.22,20727636,186802.37,343322, 3268383, 15.77,5.3
INDUSINDBK, EQ, 29-Dec-2021,852.65,854.05,874.9,854.0, 867.25,870.0,868.26,6067054,52677.51,104148, 1626833, 26.81,2.03
INDUSINDBK, EQ, 29-Dec-2022,1214.15,1206.0,1234.9,1201.8, 1225.60,1231.15,1224.07,3134405,38367.44,72122, 1729554, 55.18,1.4
INDUSINDBK, EQ, 29-Dec-2023,1610.55,1615.0,1618.9,1587.05, 1595.90,1598.95,1596.65,1779207,28407.73,91537, 960839, 54.00,-0.72
INDUSINDBK, EQ, 30-Jan-2020,1258.25,1252.0,1254.0,1221.55, 1231.60,1231.5,1238.24,5301706,65647.58,133437, 1975732, 37.27,-2.13
INDUSINDBK, EQ, 30-Jan-2023,1116.4,1110.0,1124.8,1055.0, 1094.55,1089.05,1087.4,7991091,86895.38,215141, 4097929, 51.28,-2.45
INDUSINDBK, EQ, 30-Jan-2024,1526.8,1530.0,1544.45,1510.05, 1515.75,1519.9,1529.98,1721705,26341.82,88033, 878925, 51.05,-0.45
INDUSINDBK, EQ, 30-Jan-2025,948.3,948.3,967.4,946.1,959.5,957.05,960.48,4509409,43311.94,138667, 2075371, 46.02,0.92
INDUSINDBK, EQ, 30-Mar-2020,411.1,370.0,427.7,370.0, 412.30,413.4,406.54,29383083,119453.75,508894, 7368332, 25.08,0.56
INDUSINDBK, EQ, 30-Mar-2021,952.75,966.0,978.4,955.0,961.1,961.05,964.54,5832348,56255.37,112842, 1966706, 33.72,0.87
INDUSINDBK, EQ, 30-Mar-2022,929.15,939.35,945.0,922.95, 926.35,926.3,931.78,4849869,45190.2,69348, 2821276, 58.17,-0.31
INDUSINDBK, EQ, 30-Apr-2020,471.1,486.25,491.85,461.6,468.0,468.15,478.84,26655548,127636.54,429633, 3179216, 11.93,-0.63
INDUSINDBK, EQ, 30-Apr-2021,939.45,928.0,948.5,915.1,934.95,934.95,936.92,7301455,68409.0,117673, 962818, 13.19,-0.48
INDUSINDBK, EQ, 30-Apr-2024,1487.25,1497.8,1537.0,1489.0, 1509.00,1515.7,1512.01,6293171,95153.39,178628, 2353652, 37.40,1.91
INDUSINDBK, EQ, 30-May-2022,925.4,936.0,946.45,932.1, 935.00,936.2,938.81,2036338,19117.33,55921, 583247, 28.64,1.17
INDUSINDBK, EQ, 30-May-2023,1284.95,1284.95,1296.15,1276.4, 1293.00,1293.25,1287.9,1818000,23414.05,59345, 991609, 54.54,0.65
INDUSINDBK, EQ, 30-May-2024,1460.25,1458.0,1477.7,1439.15,1452.0,1446.8,1456.82,3415942,49764.18,142644, 1646416, 48.20,-0.92
INDUSINDBK, EQ, 30-Jun-2020,480.0,489.0,494.0,472.0, 475.40,474.8,482.45,17437015,84124.08,188688, 2543546, 14.59,-1.08
INDUSINDBK, EQ, 30-Jun-2021,1018.15,1021.5,1027.55,1012.15, 1015.00,1016.35,1021.28,2628556,26844.82,53168, 661654, 25.17,-0.18
INDUSINDBK, EQ, 30-Jun-2022,808.8,811.8,816.7,790.25,791.95,794.35,801.16,2686640,21524.28,72744, 749370, 27.89,-1.79
INDUSINDBK, EQ, 30-Jun-2023,1334.05,1341.9,1382.25,1337.05, 1376.50,1374.65,1367.48,4590286,62771.38,126583, 2122313, 46.23,3.04
INDUSINDBK, EQ, 30-Jul-2020,550.5,545.0,545.95,515.5, 521.05,519.85,530.23,13848787,73430.97,183799, 2391960, 17.27,-5.57
INDUSINDBK, EQ, 30-Jul-2021,992.05,989.0,1000.0,980.0, 982.00,981.0,987.41,3115750,30765.24,75331, 1427555, 45.82,-1.11
INDUSINDBK, EQ, 30-Jul-2024,1411.5,1411.5,1432.7,1407.2,1429.4,1429.7,1426.21,2158067,30778.65,91474, 1023049, 47.41,1.29
INDUSINDBK, EQ, 30-Aug-2021,990.2,995.3,1012.0,991.3, 1009.00,1005.1,1003.7,2868604,28792.28,64532, 1581593, 55.13,1.5
INDUSINDBK, EQ, 30-Aug-2022,1059.2,1071.8,1109.8,1070.0, 1105.05,1107.45,1096.5,3200407,35092.57,106710, 978574, 30.58,4.56
INDUSINDBK, EQ, 30-Aug-2023,1400.15,1405.15,1410.9,1386.85, 1391.40,1392.45,1400.94,1500390,21019.54,94840, 915004, 60.98,-0.55
INDUSINDBK, EQ, 30-Aug-2024,1417.45,1422.15,1430.0,1415.55,1427.45,1425.25,1422.91,2792988,39741.78,73523, 1420763, 50.87,0.55
INDUSINDBK, EQ, 30-Sep-2020,536.25,536.25,539.7,520.25,524.75,527.4,529.71,18784991,99506.55,200495, 1739028, 9.26,-1.65
INDUSINDBK, EQ, 30-Sep-2021,1123.2,1125.0,1134.9,1107.0, 1111.50,1111.9,1119.71,3180267,35609.63,63419, 938533, 29.51,-1.01
INDUSINDBK, EQ, 30-Sep-2022,1142.25,1141.0,1192.3,1128.8, 1188.00,1185.2,1163.65,4392250,51110.53,96126, 1438749, 32.76,3.76
INDUSINDBK, EQ, 30-Sep-2024,1462.7,1467.0,1474.8,1437.0,1445.0,1447.6,1445.87,2888962,41770.74,113295, 1701443, 58.89,-1.03
INDUSINDBK, EQ, 30-Oct-2020,588.7,592.0,602.0,576.5, 585.20,585.7,588.9,16811388,99003.0,197267, 1881736, 11.19,-0.51
INDUSINDBK, EQ, 30-Oct-2023,1441.3,1440.0,1460.9,1428.0, 1455.00,1454.65,1451.22,2255111,32726.53,91769, 1336295, 59.26,0.93
INDUSINDBK, EQ, 30-Oct-2024,1038.15,1037.65,1069.4,1030.25,1056.0,1056.4,1054.11,8907271,93892.56,223580, 3483847, 39.11,1.76
INDUSINDBK, EQ, 30-Nov-2021,895.45,902.0,927.5,875.7,878.35,883.0,902.94,6964145,62882.32,141548, 1922579, 27.61,-1.39
INDUSINDBK, EQ, 30-Nov-2022,1180.6,1180.0,1183.7,1163.0,1168.0,1167.8,1171.77,2421938,28379.52,100821, 1446090, 59.71,-1.08
INDUSINDBK, EQ, 30-Nov-2023,1483.55,1500.0,1500.0,1450.05, 1468.00,1466.1,1467.16,45549217,668278.69,289170, 30002210, 65.87,-1.18
INDUSINDBK, EQ, 30-Dec-2020,912.9,919.05,922.7,888.0,899.45,899.05,902.15,11462263,103406.61,180536, 1303510, 11.37,-1.52
INDUSINDBK, EQ, 30-Dec-2021,870.0,864.0,893.45,860.0, 888.00,885.4,882.28,12354342,109000.49,109896, 6852634, 55.47,1.77
INDUSINDBK, EQ, 30-Dec-2022,1231.15,1238.0,1238.0,1211.5,1219.15,1220.1,1222.09,1767556,21601.05,49316, 630896, 35.69,-0.9
INDUSINDBK, EQ, 30-Dec-2024,953.4,953.3,973.5,948.85,961.0,963.5,961.7,8165774,78530.46,155110, 4735589, 57.99,1.06
INDUSINDBK, EQ, 31-Jan-2020,1231.5,1245.0,1271.6,1242.1, 1255.00,1258.85,1259.62,8391172,105696.72,173224, 3141715, 37.44,2.22
INDUSINDBK, EQ, 31-Jan-2022,903.55,927.45,927.45,866.65,871.9,872.1,880.53,10148990,89364.67,204399, 2588887, 25.51,-3.48
INDUSINDBK, EQ, 31-Jan-2023,1089.05,1097.05,1098.85,1068.35,1083.45,1082.95,1083.46,6080048,65875.15,181208, 3671362, 60.38,-0.56
INDUSINDBK, EQ, 31-Jan-2024,1519.9,1519.2,1548.0,1507.15, 1537.75,1534.05,1535.75,3867886,59401.01,174592, 1676225, 43.34,0.93
INDUSINDBK, EQ, 31-Jan-2025,957.05,957.55,999.3,953.1,995.2,991.2,984.08,5365839,52804.24,159206, 2408729, 44.89,3.57
INDUSINDBK, EQ, 31-Mar-2020,413.4,398.0,399.0,330.75,350.8,351.3,353.35,38990402,137771.62,703965, 11827730, 30.33,-15.02
INDUSINDBK, EQ, 31-Mar-2021,961.05,961.05,969.0,950.0, 955.85,954.45,959.51,4453746,42733.93,89554, 1416952, 31.81,-0.69
INDUSINDBK, EQ, 31-Mar-2022,926.3,930.0,938.45,924.0, 935.90,935.4,932.62,2311242,21555.11,57921, 892661, 38.62,0.98
INDUSINDBK, EQ, 31-Mar-2023,1057.1,1063.0,1076.0,1060.4, 1069.00,1067.95,1069.37,3097113,33119.59,101118, 1612202, 52.05,1.03
INDUSINDBK, EQ, 31-May-2021,1019.35,1015.0,1020.4,1004.0, 1014.80,1013.0,1014.18,2643491,26809.88,61342, 450241, 17.03,-0.62
INDUSINDBK, EQ, 31-May-2022,936.2,926.0,939.95,926.0, 929.00,930.85,934.06,1249259,11668.77,33273, 356848, 28.56,-0.57
INDUSINDBK, EQ, 31-May-2023,1293.25,1289.0,1297.4,1277.25, 1283.15,1286.6,1286.91,2764078,35571.21,73327, 1381234, 49.97,-0.51
INDUSINDBK, EQ, 31-May-2024,1446.8,1456.0,1469.9,1446.55,1463.05,1461.85,1458.78,3546505,51735.87,136506, 1971468, 55.59,1.04
INDUSINDBK, EQ, 31-Jul-2020,519.85,525.2,528.5,515.75,525.0,523.75,522.02,11161613,58266.26,134361, 945679, 8.47,0.75
INDUSINDBK, EQ, 31-Jul-2023,1401.95,1409.35,1419.9,1396.0, 1417.80,1417.75,1410.02,1721385,24271.95,74293, 989394, 57.48,1.13
INDUSINDBK, EQ, 31-Jul-2024,1429.7,1435.0,1435.0,1414.05,1428.0,1427.8,1423.76,3926481,55903.72,118453, 1704231, 43.40,-0.13
INDUSINDBK, EQ, 31-Aug-2020,665.65,705.0,712.0,620.75, 631.50,630.2,652.67,57316982,374093.46,590783, 5785385, 10.09,-5.33
INDUSINDBK, EQ, 31-Aug-2021,1005.1,1009.0,1009.8,990.0,992.95,992.4,996.17,3138652,31266.41,79838, 978277, 31.17,-1.26
INDUSINDBK, EQ, 31-Aug-2023,1392.45,1392.45,1401.9,1363.25, 1379.00,1378.15,1377.39,4106180,56557.94,168986, 1574484, 38.34,-1.03
INDUSINDBK, EQ, 31-Oct-2022,1147.0,1155.0,1159.6,1138.95,1143.25,1142.65,1146.19,2048520,23480.02,78359, 777264, 37.94,-0.38
INDUSINDBK, EQ, 31-Oct-2023,1454.65,1456.0,1460.0,1436.55, 1441.00,1441.3,1448.24,1454345,21062.38,72408, 646737, 44.47,-0.92
INDUSINDBK, EQ, 31-Oct-2024,1056.4,1054.0,1066.9,1044.0,1055.0,1055.6,1054.16,4509824,47540.95,120059, 2159886, 47.89,-0.08
INDUSINDBK, EQ, 31-Dec-2020,899.05,904.0,906.9,890.05,893.0,894.95,899.18,6435333,57864.95,118970, 880228, 13.68,-0.46
INDUSINDBK, EQ, 31-Dec-2021,885.4,881.5,892.9,878.4,887.85,888.15,886.11,3606043,31953.36,58146, 1315936, 36.49,0.31
INDUSINDBK, EQ, 31-Dec-2024,963.5,958.0,961.45,949.05,960.55,960.15,955.89,2295670,21944.11,81920, 1145963, 49.92,-0.35
