SYMBOL, SERIES, DATE1, PREV_CLOSE, OPEN_PRICE, HIGH_PRICE, LOW_PRICE, LAST_PRICE, CLOSE_PRICE, AVG_PRICE, TTL_TRD_QNTY, TURNOVER_LACS, NO_OF_TRADES, DELIV_QTY, DELIV_PER,PER_CHANGE
INTELLECT, EQ, 01-Jan-2020,138.35,139.0,146.45,139.0, 141.90,141.45,143.21,360533,516.32,13786, 127159, 35.27,2.24
INTELLECT, EQ, 01-Jan-2021,315.05,316.0,317.4,308.4, 309.00,309.4,311.54,123444,384.58,3912, 76744, 62.17,-1.79
INTELLECT, EQ, 01-Jan-2024,836.6,835.0,837.0,826.0, 829.40,829.05,829.45,111419,924.16,6655, 46126, 41.40,-0.9
INTELLECT, EQ, 01-Jan-2025,955.95,962.75,1024.0,952.65,971.5,966.85,980.35,2959236,29010.82,62993, 204881, 6.92,1.14
INTELLECT, EQ, 01-Feb-2021,328.9,329.9,345.3,323.5, 345.05,344.95,339.34,401634,1362.91,8422, 224689, 55.94,4.88
INTELLECT, EQ, 01-Feb-2022,768.1,771.8,778.9,757.55,765.0,766.15,767.54,278388,2136.74,8553, 131340, 47.18,-0.25
INTELLECT, EQ, 01-Feb-2023,439.8,440.8,446.9,423.3, 428.10,428.9,435.93,342400,1492.61,15901, 108901, 31.81,-2.48
INTELLECT, EQ, 01-Feb-2024,900.75,900.45,900.5,877.0, 879.05,879.55,885.5,167518,1483.37,17489, 78875, 47.08,-2.35
INTELLECT, EQ, 01-Mar-2021,434.05,436.0,447.95,421.45, 426.00,426.8,434.75,542258,2357.46,12059, 296274, 54.64,-1.67
INTELLECT, EQ, 01-Mar-2023,449.9,453.15,458.15,451.05, 457.90,456.95,454.52,141421,642.79,4901, 41204, 29.14,1.57
INTELLECT, EQ, 01-Mar-2024,1106.05,1117.8,1130.0,1078.0, 1114.00,1115.0,1107.44,933421,10337.08,38866, 245434, 26.29,0.81
INTELLECT, EQ, 01-Apr-2020,54.4,57.1,57.1,57.1,57.1,57.1,57.1,12833,7.33,86, 12833, 100.00,4.96
INTELLECT, EQ, 01-Apr-2021,740.0,754.0,773.8,715.5, 729.00,730.75,739.83,1118716,8276.59,47808, 433213, 38.72,-1.25
INTELLECT, EQ, 01-Apr-2022,945.75,942.0,946.55,907.25, 912.00,910.0,921.45,866107,7980.76,41665, 317400, 36.65,-3.78
INTELLECT, EQ, 01-Apr-2024,1096.8,1104.75,1125.4,1076.55, 1080.00,1080.15,1091.44,341062,3722.48,18203, 151678, 44.47,-1.52
INTELLECT, EQ, 01-Apr-2025,692.7,692.7,698.45,678.65,680.95,684.25,689.12,206946,1426.12,17553, 79118, 38.23,-1.22
INTELLECT, EQ, 01-Jun-2020,66.7,68.7,70.0,68.0, 70.00,70.0,69.64,53830,37.49,344, 47691, 88.60,4.95
INTELLECT, EQ, 01-Jun-2021,773.75,775.0,779.9,730.0, 745.60,746.15,753.42,302336,2277.86,25175, 164669, 54.47,-3.57
INTELLECT, EQ, 01-Jun-2022,673.0,680.0,686.95,661.35,669.85,668.75,673.95,527420,3554.53,19558, 133936, 25.39,-0.63
INTELLECT, EQ, 01-Jun-2023,586.0,587.05,605.0,586.75, 599.05,602.5,597.05,1025639,6123.58,27864, 248873, 24.27,2.82
INTELLECT, EQ, 01-Jul-2020,111.65,112.6,113.45,109.3, 111.45,111.45,111.76,90593,101.25,1061, 66110, 72.97,-0.18
INTELLECT, EQ, 01-Jul-2021,723.95,728.75,740.25,723.0, 734.35,730.7,731.54,604041,4418.79,11616, 401104, 66.40,0.93
INTELLECT, EQ, 01-Jul-2022,633.35,635.6,659.0,623.35,658.95,654.1,641.21,329488,2112.72,12120, 67095, 20.36,3.28
INTELLECT, EQ, 01-Jul-2024,1068.1,1072.5,1143.15,1070.0,1084.4,1084.5,1116.01,1707979,19061.3,62076, 401739, 23.52,1.54
INTELLECT, EQ, 01-Aug-2022,630.4,633.05,645.0,630.0, 635.50,635.95,636.4,573519,3649.87,35667, 163931, 28.58,0.88
INTELLECT, EQ, 01-Aug-2023,674.65,668.5,688.95,665.0, 666.50,667.5,678.18,1438142,9753.22,29808, 283788, 19.73,-1.06
INTELLECT, EQ, 01-Aug-2024,969.55,975.0,984.35,950.0,959.95,955.45,961.11,221650,2130.29,13248, 128039, 57.77,-1.45
INTELLECT, EQ, 01-Sep-2020,191.7,182.15,190.0,182.15, 185.10,187.25,183.43,510913,937.16,2811, 179958, 35.22,-2.32
INTELLECT, EQ, 01-Sep-2021,651.4,652.9,659.15,645.0,645.55,646.45,649.75,112883,733.46,6757, 67541, 59.83,-0.76
INTELLECT, EQ, 01-Sep-2022,591.9,590.0,609.45,587.95,605.0,604.25,600.52,470713,2826.74,14330, 215542, 45.79,2.09
INTELLECT, EQ, 01-Sep-2023,735.0,740.85,741.0,727.6, 732.25,733.05,733.38,453500,3325.88,14082, 168637, 37.19,-0.27
INTELLECT, EQ, 01-Oct-2020,223.25,234.4,234.4,230.0, 234.40,234.4,234.04,354984,830.79,1544, 172234, 48.52,4.99
INTELLECT, EQ, 01-Oct-2021,709.95,704.9,711.75,695.6, 700.00,699.1,702.61,166836,1172.21,10496, 83773, 50.21,-1.53
INTELLECT, EQ, 01-Oct-2024,962.1,969.6,973.2,914.0,927.0,925.6,928.57,928198,8618.93,60377, 433783, 46.73,-3.79
INTELLECT, EQ, 01-Nov-2021,654.65,660.0,702.4,656.0, 697.50,695.3,690.43,606459,4187.16,27126, 264756, 43.66,6.21
INTELLECT, EQ, 01-Nov-2022,431.6,437.0,438.0,421.0,424.9,425.1,426.0,3049513,12990.98,107664, 1810090, 59.36,-1.51
INTELLECT, EQ, 01-Nov-2023,679.3,682.5,693.5,660.95, 664.00,664.35,675.63,319800,2160.66,14964, 123185, 38.52,-2.2
INTELLECT, EQ, 01-Dec-2020,272.75,272.75,282.0,272.75,279.25,280.75,279.46,239871,670.33,5300, 184936, 77.10,2.93
INTELLECT, EQ, 01-Dec-2021,620.9,626.5,639.9,611.25,628.0,630.05,630.16,181607,1144.41,8679, 70325, 38.72,1.47
INTELLECT, EQ, 01-Dec-2022,459.45,462.45,476.8,462.45,465.85,468.0,470.02,1049706,4933.78,24849, 268498, 25.58,1.86
INTELLECT, EQ, 01-Dec-2023,734.45,750.0,781.9,740.25, 746.00,745.05,761.58,1679577,12791.37,62003, 511228, 30.44,1.44
INTELLECT, EQ, 02-Jan-2020,141.45,143.0,148.4,142.05, 145.70,145.5,145.43,370869,539.35,4507, 102220, 27.56,2.86
INTELLECT, EQ, 02-Jan-2023,446.2,448.45,450.85,441.3, 448.75,447.7,446.23,190812,851.47,6133, 54155, 28.38,0.34
INTELLECT, EQ, 02-Jan-2024,829.05,833.5,841.05,799.3, 818.00,819.15,819.27,732411,6000.44,35086, 190550, 26.02,-1.19
INTELLECT, EQ, 02-Jan-2025,966.85,974.7,982.25,944.65,957.0,955.95,954.03,601444,5737.94,16135, 126813, 21.08,-1.13
INTELLECT, EQ, 02-Feb-2021,344.95,349.0,362.15,348.05, 362.15,362.15,359.7,717659,2581.42,6808, 377913, 52.66,4.99
INTELLECT, EQ, 02-Feb-2022,766.15,767.95,798.0,767.95, 776.00,774.65,784.13,739280,5796.92,23731, 196586, 26.59,1.11
INTELLECT, EQ, 02-Feb-2023,428.9,430.4,447.0,427.0, 443.10,439.8,440.57,399151,1758.54,20306, 142464, 35.69,2.54
INTELLECT, EQ, 02-Feb-2024,879.55,886.0,900.0,883.3, 897.50,894.95,891.95,194235,1732.48,14113, 78653, 40.49,1.75
INTELLECT, EQ, 02-Mar-2020,115.65,116.2,122.85,110.0, 111.75,112.9,116.93,195720,228.86,4452, 71516, 36.54,-2.38
INTELLECT, EQ, 02-Mar-2021,426.8,431.0,440.0,424.95,432.15,435.95,432.15,520084,2247.54,7747, 400206, 76.95,2.14
INTELLECT, EQ, 02-Mar-2022,653.75,653.0,667.5,643.9, 653.45,652.7,653.87,417417,2729.36,18021, 132833, 31.82,-0.16
INTELLECT, EQ, 02-Mar-2023,456.95,456.9,458.0,442.1, 446.00,444.85,446.32,386587,1725.42,11360, 77778, 20.12,-2.65
INTELLECT, EQ, 02-Apr-2024,1080.15,1086.9,1089.9,1054.0, 1086.70,1085.55,1071.18,453565,4858.5,32715, 127481, 28.11,0.5
INTELLECT, EQ, 02-Apr-2025,684.25,684.5,688.2,671.9,681.0,683.05,681.66,270966,1847.06,20514, 140113, 51.71,-0.18
INTELLECT, EQ, 02-May-2022,790.8,776.05,794.25,768.15,788.5,787.55,782.38,270717,2118.03,12996, 96488, 35.64,-0.41
INTELLECT, EQ, 02-May-2023,445.9,450.7,457.1,444.0, 448.80,448.7,451.87,484811,2190.72,11903, 155813, 32.14,0.63
INTELLECT, EQ, 02-May-2024,1079.75,1085.0,1085.4,1057.0, 1063.00,1061.7,1069.8,303715,3249.13,20205, 186838, 61.52,-1.67
INTELLECT, EQ, 02-Jun-2020,70.0,72.4,73.5,70.35,73.5,73.4,73.06,118362,86.47,918, 78372, 66.21,4.86
INTELLECT, EQ, 02-Jun-2021,746.15,746.15,764.2,741.0, 755.40,758.15,754.81,266624,2012.51,20421, 124752, 46.79,1.61
INTELLECT, EQ, 02-Jun-2022,668.75,668.75,687.9,665.1,682.0,681.9,680.71,560907,3818.14,18841, 125752, 22.42,1.97
INTELLECT, EQ, 02-Jun-2023,602.5,606.0,607.95,592.0, 595.50,595.7,598.8,479303,2870.06,15007, 159520, 33.28,-1.13
INTELLECT, EQ, 02-Jul-2020,111.45,111.85,112.0,108.2, 109.00,109.45,110.79,212581,235.52,1105, 194549, 91.52,-1.79
INTELLECT, EQ, 02-Jul-2021,730.7,738.4,749.95,734.55,737.0,738.3,741.09,244019,1808.39,7852, 129588, 53.11,1.04
INTELLECT, EQ, 02-Jul-2024,1084.5,1092.1,1115.0,1083.05,1087.1,1089.4,1101.18,498546,5489.91,26046, 122198, 24.51,0.45
INTELLECT, EQ, 02-Aug-2021,747.6,758.0,764.7,732.0,735.0,737.1,743.98,320001,2380.75,15692, 173933, 54.35,-1.4
INTELLECT, EQ, 02-Aug-2022,635.95,636.0,643.0,625.2,628.35,629.3,631.88,420722,2658.47,15720, 141490, 33.63,-1.05
INTELLECT, EQ, 02-Aug-2023,667.5,665.5,679.4,656.0, 658.10,661.2,670.01,831832,5573.36,22696, 232278, 27.92,-0.94
INTELLECT, EQ, 02-Aug-2024,955.45,943.0,959.5,943.0,946.35,946.15,948.28,127858,1212.45,11492, 67549, 52.83,-0.97
INTELLECT, EQ, 02-Sep-2020,187.25,187.25,188.55,181.8, 187.00,185.9,185.12,168121,311.23,3889, 109722, 65.26,-0.72
INTELLECT, EQ, 02-Sep-2021,646.45,648.0,666.9,642.6, 658.00,662.25,655.77,201905,1324.02,10381, 101994, 50.52,2.44
INTELLECT, EQ, 02-Sep-2022,604.25,605.2,609.65,596.5,598.6,598.0,602.89,230390,1389.0,10358, 115056, 49.94,-1.03
INTELLECT, EQ, 02-Sep-2024,993.0,995.0,998.1,981.35,989.2,989.0,988.64,83544,825.95,7343, 39057, 46.75,-0.4
INTELLECT, EQ, 02-Nov-2020,238.7,247.35,247.35,236.0, 238.80,238.1,240.23,245507,589.78,6124, 155925, 63.51,-0.25
INTELLECT, EQ, 02-Nov-2021,695.3,698.85,719.9,693.9, 707.05,709.45,708.1,505059,3576.31,27365, 195024, 38.61,2.04
INTELLECT, EQ, 02-Nov-2022,425.1,427.0,428.9,421.05,424.1,423.8,424.31,938581,3982.48,41224, 487985, 51.99,-0.31
INTELLECT, EQ, 02-Nov-2023,664.35,671.0,677.0,649.0, 653.20,651.85,660.03,269768,1780.55,10991, 109858, 40.72,-1.88
INTELLECT, EQ, 02-Dec-2020,280.75,279.0,290.0,277.25, 287.00,287.4,286.6,324274,929.36,8629, 225476, 69.53,2.37
INTELLECT, EQ, 02-Dec-2021,630.05,639.9,649.9,631.0, 641.00,637.3,639.95,160451,1026.8,8725, 61878, 38.57,1.15
INTELLECT, EQ, 02-Dec-2022,468.0,466.5,472.4,461.3, 471.85,470.3,467.42,358226,1674.43,9961, 123674, 34.52,0.49
INTELLECT, EQ, 02-Dec-2024,717.0,717.1,768.2,717.1,760.0,764.1,754.32,1083092,8169.99,61642, 201936, 18.64,6.57
INTELLECT, EQ, 03-Jan-2020,145.5,145.0,147.45,142.9, 143.00,143.65,144.97,106412,154.26,1836, 44638, 41.95,-1.27
INTELLECT, EQ, 03-Jan-2022,742.25,744.6,752.9,736.0, 740.00,739.45,742.9,481379,3576.18,22796, 253506, 52.66,-0.38
INTELLECT, EQ, 03-Jan-2023,447.7,447.0,452.25,445.2, 447.00,447.6,448.03,292101,1308.7,6611, 127137, 43.53,-0.02
INTELLECT, EQ, 03-Jan-2024,819.15,818.0,844.0,815.0, 825.00,826.8,831.78,568706,4730.36,26994, 172848, 30.39,0.93
INTELLECT, EQ, 03-Jan-2025,955.95,964.0,1007.0,956.8,970.0,972.8,983.64,1948311,19164.44,50038, 244932, 12.57,1.76
INTELLECT, EQ, 03-Feb-2020,163.05,164.75,167.35,160.7, 163.55,163.85,164.43,143076,235.27,2312, 50977, 35.63,0.49
INTELLECT, EQ, 03-Feb-2021,362.15,380.25,380.25,380.25, 380.25,380.25,380.25,206123,783.78,1175, 206121, 100.00,5.0
INTELLECT, EQ, 03-Feb-2022,774.65,779.85,779.85,747.0, 748.00,749.65,760.91,270507,2058.32,14109, 102083, 37.74,-3.23
INTELLECT, EQ, 03-Feb-2023,439.8,443.1,444.45,432.1, 436.00,437.1,437.11,380067,1661.33,9622, 123150, 32.40,-0.61
INTELLECT, EQ, 03-Feb-2025,824.95,814.0,817.8,788.05,792.0,792.75,798.94,263935,2108.67,18243, 56858, 21.54,-3.9
INTELLECT, EQ, 03-Mar-2020,112.9,113.05,117.0,108.6, 113.00,112.2,112.41,164770,185.22,2658, 61501, 37.33,-0.62
INTELLECT, EQ, 03-Mar-2021,435.95,436.1,465.0,436.1,461.2,459.65,451.63,1061491,4794.01,25362, 497997, 46.91,5.44
INTELLECT, EQ, 03-Mar-2022,652.7,660.0,668.65,651.6,654.3,656.0,657.98,303254,1995.35,14304, 118423, 39.05,0.51
INTELLECT, EQ, 03-Mar-2023,444.85,448.0,459.7,444.45, 456.20,457.5,453.69,305696,1386.92,9890, 74779, 24.46,2.84
INTELLECT, EQ, 03-Mar-2025,665.7,670.9,674.95,633.7,651.7,647.55,650.87,384995,2505.83,33032, 122783, 31.89,-2.73
INTELLECT, EQ, 03-Apr-2020,57.1,59.95,59.95,59.95, 59.95,59.95,59.95,35292,21.16,249, 35292, 100.00,4.99
INTELLECT, EQ, 03-Apr-2023,410.6,415.0,427.4,412.4, 424.55,424.75,419.3,336490,1410.91,11081, 91499, 27.19,3.45
INTELLECT, EQ, 03-Apr-2024,1085.55,1081.95,1118.85,1078.75, 1096.00,1097.1,1103.83,393664,4345.37,22162, 110113, 27.97,1.06
INTELLECT, EQ, 03-Apr-2025,683.05,677.0,701.0,675.05,688.5,685.9,691.57,330264,2284.02,20383, 141110, 42.73,0.42
INTELLECT, EQ, 03-May-2021,681.3,679.0,713.7,669.05,703.0,702.85,698.19,596566,4165.14,26460, 276885, 46.41,3.16
INTELLECT, EQ, 03-May-2023,448.7,446.0,451.15,443.7,448.3,448.45,447.76,244303,1093.9,9186, 81833, 33.50,-0.06
INTELLECT, EQ, 03-May-2024,1061.7,1071.0,1072.0,1026.8, 1046.00,1049.8,1051.65,309861,3258.65,23754, 135297, 43.66,-1.12
INTELLECT, EQ, 03-Jun-2020,73.4,76.0,77.05,75.0,77.05,77.05,76.83,91760,70.5,678, 72494, 79.00,4.97
INTELLECT, EQ, 03-Jun-2021,758.15,759.0,768.5,749.65, 753.00,752.3,758.09,145854,1105.7,12342, 83324, 57.13,-0.77
INTELLECT, EQ, 03-Jun-2022,681.9,694.4,719.0,673.35, 681.00,680.0,702.47,1581153,11107.19,40812, 230056, 14.55,-0.28
INTELLECT, EQ, 03-Jun-2024,918.3,930.0,930.0,900.85,906.0,906.2,909.03,226900,2062.59,11639, 117872, 51.95,-1.32
INTELLECT, EQ, 03-Jul-2020,109.45,110.45,110.55,105.0, 107.00,107.25,107.72,78907,85.0,965, 62825, 79.62,-2.01
INTELLECT, EQ, 03-Jul-2023,628.6,631.75,633.2,615.15, 619.95,621.35,621.99,719026,4472.25,18415, 262816, 36.55,-1.15
INTELLECT, EQ, 03-Jul-2024,1089.4,1090.0,1097.95,1079.5,1090.05,1093.0,1086.88,173001,1880.31,13194, 82153, 47.49,0.33
INTELLECT, EQ, 03-Aug-2020,159.85,161.1,162.0,155.3,159.85,159.0,158.93,180850,287.43,2185, 154517, 85.44,-0.53
INTELLECT, EQ, 03-Aug-2021,737.1,743.0,745.55,721.0,725.0,726.25,731.1,322365,2356.82,13143, 221337, 68.66,-1.47
INTELLECT, EQ, 03-Aug-2022,629.3,631.5,634.6,612.25, 616.10,616.1,620.52,593358,3681.93,32285, 245678, 41.40,-2.1
INTELLECT, EQ, 03-Aug-2023,661.2,665.0,674.2,659.2, 662.10,663.7,667.38,571711,3815.51,19130, 169059, 29.57,0.38
INTELLECT, EQ, 03-Sep-2020,185.9,187.6,195.15,185.05, 191.75,191.65,194.25,928557,1803.76,5371, 248595, 26.77,3.09
INTELLECT, EQ, 03-Sep-2021,662.25,660.0,665.0,646.0, 648.40,650.25,652.75,163084,1064.53,8153, 106506, 65.31,-1.81
INTELLECT, EQ, 03-Sep-2024,989.0,981.0,996.0,981.0,986.0,983.45,986.63,84439,833.1,6700, 43728, 51.79,-0.56
INTELLECT, EQ, 03-Oct-2022,517.4,517.4,523.05,508.75,509.1,511.7,514.58,295327,1519.69,24056, 130686, 44.25,-1.1
INTELLECT, EQ, 03-Oct-2023,706.3,706.6,714.95,698.05, 699.40,701.3,705.02,138448,976.08,5872, 55380, 40.00,-0.71
INTELLECT, EQ, 03-Oct-2024,925.6,914.75,920.0,875.0,879.0,887.3,892.4,1076115,9603.27,42763, 635136, 59.02,-4.14
INTELLECT, EQ, 03-Nov-2020,238.1,240.0,242.0,232.35,233.8,234.65,236.46,134600,318.28,3125, 83761, 62.23,-1.45
INTELLECT, EQ, 03-Nov-2021,709.45,713.5,713.75,692.0, 698.00,698.0,698.21,260909,1821.7,15092, 97762, 37.47,-1.61
INTELLECT, EQ, 03-Nov-2022,423.8,421.0,425.75,411.5,411.85,416.3,417.42,1142584,4769.41,54490, 501812, 43.92,-1.77
INTELLECT, EQ, 03-Nov-2023,651.85,656.9,666.35,646.5, 657.00,658.1,655.73,238714,1565.31,9967, 81896, 34.31,0.96
INTELLECT, EQ, 03-Dec-2020,287.4,287.25,292.0,283.75,284.3,285.35,288.2,254654,733.92,7320, 175274, 68.83,-0.71
INTELLECT, EQ, 03-Dec-2021,637.3,640.0,659.5,640.0, 652.00,651.4,650.93,206351,1343.2,8913, 89701, 43.47,2.21
INTELLECT, EQ, 03-Dec-2024,764.1,764.0,799.95,758.0,759.0,759.8,777.75,1069609,8318.86,62049, 254475, 23.79,-0.56
INTELLECT, EQ, 04-Jan-2021,309.4,314.7,318.0,306.15,315.5,315.9,313.43,238525,747.6,5928, 130467, 54.70,2.1
INTELLECT, EQ, 04-Jan-2022,739.45,742.9,745.9,724.95, 728.00,729.15,731.32,246118,1799.91,12306, 121411, 49.33,-1.39
INTELLECT, EQ, 04-Jan-2023,447.6,447.6,449.2,436.55, 437.80,438.8,442.05,240806,1064.48,8958, 83503, 34.68,-1.97
INTELLECT, EQ, 04-Jan-2024,826.8,828.0,846.8,817.0, 817.70,818.6,828.52,236926,1962.99,14667, 90541, 38.21,-0.99
INTELLECT, EQ, 04-Feb-2020,163.85,167.0,172.0,165.0, 171.60,170.9,168.81,130949,221.06,1986, 57869, 44.19,4.3
INTELLECT, EQ, 04-Feb-2021,380.25,399.25,399.25,399.25, 399.25,399.25,399.25,271732,1084.89,635, 270731, 99.63,5.0
INTELLECT, EQ, 04-Feb-2022,749.65,747.85,769.5,738.0, 742.00,741.35,749.71,447945,3358.29,22544, 153834, 34.34,-1.11
INTELLECT, EQ, 04-Feb-2025,792.75,796.35,817.0,795.25,810.0,814.0,807.35,217732,1757.86,18154, 57901, 26.59,2.68
INTELLECT, EQ, 04-Mar-2020,112.2,112.5,114.0,104.7, 108.40,108.35,108.53,130299,141.41,4376, 73025, 56.04,-3.43
INTELLECT, EQ, 04-Mar-2021,459.65,460.0,492.0,454.0, 486.00,479.75,477.95,1133841,5419.24,29520, 588208, 51.88,4.37
INTELLECT, EQ, 04-Mar-2022,656.0,654.9,691.9,644.8, 678.90,679.0,675.01,1222819,8254.11,36108, 197405, 16.14,3.51
INTELLECT, EQ, 04-Mar-2024,1097.55,1097.5,1134.6,1096.0, 1121.65,1112.7,1117.44,699227,7813.43,33241, 164817, 23.57,1.38
INTELLECT, EQ, 04-Mar-2025,647.55,640.0,654.0,631.6,645.0,647.5,643.23,421522,2711.36,34667, 132569, 31.45,-0.01
INTELLECT, EQ, 04-Apr-2022,910.0,917.7,933.0,912.15,925.05,928.0,921.37,542951,5002.58,22751, 189845, 34.97,1.98
INTELLECT, EQ, 04-Apr-2024,1097.1,1103.0,1128.65,1086.1, 1121.00,1114.75,1108.97,452045,5013.06,25788, 135548, 29.99,1.61
INTELLECT, EQ, 04-Apr-2025,685.9,684.6,691.0,665.2,672.7,674.7,676.21,266061,1799.13,17949, 98880, 37.16,-1.63
INTELLECT, EQ, 04-May-2020,72.45,71.1,73.9,69.95, 70.85,70.5,71.8,82071,58.93,1088, 53899, 65.67,-2.69
INTELLECT, EQ, 04-May-2021,702.85,714.0,728.85,691.0, 701.25,696.3,710.71,373798,2656.62,20274, 190613, 50.99,-0.93
INTELLECT, EQ, 04-May-2022,787.55,788.5,807.0,757.65,764.4,763.6,782.91,539329,4222.45,21159, 179001, 33.19,-3.04
INTELLECT, EQ, 04-May-2023,448.45,447.6,457.4,446.4, 453.00,452.65,452.73,372235,1685.23,11167, 140307, 37.69,0.94
INTELLECT, EQ, 04-Jun-2020,77.05,79.0,79.4,73.8,76.4,76.75,75.91,151157,114.75,1748, 81351, 53.82,-0.39
INTELLECT, EQ, 04-Jun-2021,752.3,752.3,755.9,731.3, 737.80,735.4,741.5,238832,1770.94,11855, 160794, 67.33,-2.25
INTELLECT, EQ, 04-Jun-2024,906.2,912.95,912.95,813.35,900.0,879.7,873.55,775960,6778.38,41669, 331214, 42.68,-2.92
INTELLECT, EQ, 04-Jul-2022,654.1,654.0,670.9,649.65,660.5,662.35,661.0,256900,1698.12,8258, 91351, 35.56,1.26
INTELLECT, EQ, 04-Jul-2023,621.35,621.0,625.95,608.15, 609.30,610.1,613.49,356393,2186.45,10624, 113160, 31.75,-1.81
INTELLECT, EQ, 04-Jul-2024,1093.0,1102.6,1102.6,1080.0,1099.0,1097.4,1091.63,179691,1961.56,12563, 52282, 29.10,0.4
INTELLECT, EQ, 04-Aug-2020,159.0,164.0,166.95,159.15,161.0,160.9,164.74,528003,869.81,5092, 356040, 67.43,1.19
INTELLECT, EQ, 04-Aug-2021,726.25,730.0,743.55,720.0,722.0,722.7,729.65,282857,2063.86,10468, 153236, 54.17,-0.49
INTELLECT, EQ, 04-Aug-2022,616.1,622.6,624.7,604.1,622.5,620.3,614.86,541368,3328.63,26673, 197096, 36.41,0.68
INTELLECT, EQ, 04-Aug-2023,663.7,669.0,715.5,668.85, 690.65,691.95,697.01,4303002,29992.53,82581, 680901, 15.82,4.26
INTELLECT, EQ, 04-Sep-2020,191.65,182.5,190.5,182.25,186.7,187.05,187.34,287773,539.12,2560, 139291, 48.40,-2.4
INTELLECT, EQ, 04-Sep-2023,733.05,736.9,739.4,723.85, 731.00,729.6,729.74,372698,2719.72,17271, 155692, 41.77,-0.47
INTELLECT, EQ, 04-Sep-2024,983.45,975.0,994.95,975.0,983.5,984.0,987.25,100700,994.16,7630, 45453, 45.14,0.06
INTELLECT, EQ, 04-Oct-2021,699.1,706.0,710.75,699.95, 701.65,702.05,704.36,139865,985.15,8516, 71454, 51.09,0.42
INTELLECT, EQ, 04-Oct-2022,511.7,518.0,530.5,516.05, 528.95,528.5,526.11,311591,1639.3,15523, 145871, 46.81,3.28
INTELLECT, EQ, 04-Oct-2023,701.3,700.5,700.9,682.0, 688.80,689.9,689.61,226541,1562.25,8401, 98678, 43.56,-1.63
INTELLECT, EQ, 04-Oct-2024,887.3,886.0,896.8,866.25,883.45,887.55,885.66,264458,2342.2,25063, 91871, 34.74,0.03
INTELLECT, EQ, 04-Nov-2020,234.65,235.1,238.65,229.45,230.0,232.7,233.65,226926,530.2,3765, 155217, 68.40,-0.83
INTELLECT, EQ, 04-Nov-2022,416.3,412.0,435.95,407.45,431.9,431.95,427.57,2500183,10689.97,99065, 687817, 27.51,3.76
INTELLECT, EQ, 04-Nov-2024,743.0,743.0,744.95,729.5,735.0,736.6,735.02,166459,1223.5,15244, 82686, 49.67,-0.86
INTELLECT, EQ, 04-Dec-2020,285.35,286.1,292.0,281.8, 290.00,290.35,287.74,213253,613.62,5878, 151607, 71.09,1.75
INTELLECT, EQ, 04-Dec-2023,745.05,751.3,779.5,746.1, 755.00,754.15,765.34,915340,7005.51,33672, 261057, 28.52,1.22
INTELLECT, EQ, 04-Dec-2024,759.8,761.75,788.0,759.05,779.75,779.4,779.12,405973,3163.0,34584, 113039, 27.84,2.58
INTELLECT, EQ, 05-Jan-2021,315.9,314.05,331.65,312.5, 331.45,328.75,325.19,638210,2075.41,10367, 384844, 60.30,4.07
INTELLECT, EQ, 05-Jan-2022,729.15,724.0,730.0,714.9, 716.85,717.5,719.91,238016,1713.5,11181, 122444, 51.44,-1.6
INTELLECT, EQ, 05-Jan-2023,438.8,440.0,440.45,426.3,429.95,428.85,430.67,251346,1082.48,8484, 83204, 33.10,-2.27
INTELLECT, EQ, 05-Jan-2024,818.6,824.1,827.35,814.0, 820.00,822.5,820.19,207583,1702.57,11326, 88908, 42.83,0.48
INTELLECT, EQ, 05-Feb-2020,170.9,172.95,173.0,166.0, 166.30,166.9,168.72,153274,258.6,2540, 48326, 31.53,-2.34
INTELLECT, EQ, 05-Feb-2021,399.25,421.75,459.0,385.35, 444.00,450.1,430.93,2659382,11460.12,78731, 923922, 34.74,12.74
INTELLECT, EQ, 05-Feb-2024,894.95,891.0,936.0,891.0, 927.60,928.4,921.87,949929,8757.07,44845, 294181, 30.97,3.74
INTELLECT, EQ, 05-Feb-2025,814.0,821.9,863.45,815.1,826.0,824.25,840.96,565176,4752.92,33751, 113587, 20.10,1.26
INTELLECT, EQ, 05-Mar-2020,108.35,109.0,112.0,107.85, 111.35,110.6,110.7,115970,128.38,1677, 39302, 33.89,2.08
INTELLECT, EQ, 05-Mar-2021,479.75,479.7,494.7,455.1,460.95,460.6,471.95,506787,2391.76,18361, 297762, 58.75,-3.99
INTELLECT, EQ, 05-Mar-2024,1112.7,1113.0,1115.3,1084.0, 1101.00,1089.75,1095.23,337669,3698.26,22327, 112544, 33.33,-2.06
INTELLECT, EQ, 05-Mar-2025,647.5,640.05,679.95,640.05,659.0,659.9,664.5,444285,2952.27,27138, 132631, 29.85,1.92
INTELLECT, EQ, 05-Apr-2021,730.75,729.9,734.75,683.7,709.0,710.85,706.16,682379,4818.66,33642, 288707, 42.31,-2.72
INTELLECT, EQ, 05-Apr-2022,928.0,931.0,971.35,927.0, 958.00,958.15,952.61,1065121,10146.43,29515, 309087, 29.02,3.25
INTELLECT, EQ, 05-Apr-2023,424.75,427.45,431.7,421.1, 431.40,428.65,425.56,210622,896.33,6879, 70804, 33.62,0.92
INTELLECT, EQ, 05-Apr-2024,1114.75,1118.0,1124.0,1075.0, 1084.00,1080.05,1090.36,508321,5542.52,25946, 162424, 31.95,-3.11
INTELLECT, EQ, 05-May-2020,70.5,72.85,72.95,67.0, 68.30,67.55,69.58,49772,34.63,1220, 37276, 74.89,-4.18
INTELLECT, EQ, 05-May-2021,696.3,698.2,709.85,691.0, 700.00,696.05,699.46,174607,1221.31,10929, 100168, 57.37,-0.04
INTELLECT, EQ, 05-May-2022,763.6,777.5,792.0,687.25, 687.25,712.25,727.88,1160217,8444.98,33174, 289656, 24.97,-6.72
INTELLECT, EQ, 05-May-2023,452.65,453.0,455.0,446.3, 449.75,450.6,450.77,227443,1025.25,6510, 83471, 36.70,-0.45
INTELLECT, EQ, 05-Jun-2020,76.75,78.1,84.4,77.35, 84.40,84.4,81.94,222534,182.36,2156, 115125, 51.73,9.97
INTELLECT, EQ, 05-Jun-2023,595.7,597.95,602.95,592.6, 595.00,597.35,598.27,403636,2414.85,13895, 116444, 28.85,0.28
INTELLECT, EQ, 05-Jun-2024,879.7,893.85,912.0,869.0,903.0,902.1,896.17,176268,1579.67,14861, 70944, 40.25,2.55
INTELLECT, EQ, 05-Jul-2021,738.3,740.65,744.85,722.0, 723.95,724.1,727.65,313892,2284.04,15393, 196632, 62.64,-1.92
INTELLECT, EQ, 05-Jul-2022,662.35,660.5,678.95,642.25,644.15,644.8,665.25,455885,3032.76,15219, 114382, 25.09,-2.65
INTELLECT, EQ, 05-Jul-2023,610.1,613.3,621.35,604.85,608.35,607.8,609.87,261918,1597.35,7546, 75762, 28.93,-0.38
INTELLECT, EQ, 05-Jul-2024,1097.4,1097.4,1103.3,1081.3,1087.0,1085.45,1087.25,93725,1019.03,7570, 40206, 42.90,-1.09
INTELLECT, EQ, 05-Aug-2020,160.9,161.95,168.9,159.9,164.75,165.15,165.23,829950,1371.37,8588, 331723, 39.97,2.64
INTELLECT, EQ, 05-Aug-2021,722.7,728.0,735.0,715.0,718.0,717.05,721.26,234539,1691.63,11264, 117793, 50.22,-0.78
INTELLECT, EQ, 05-Aug-2022,620.3,625.4,627.85,609.0,609.5,611.2,615.86,612844,3774.28,18617, 290202, 47.35,-1.47
INTELLECT, EQ, 05-Aug-2024,946.15,935.05,935.05,890.1,902.0,900.8,909.73,267951,2437.63,21743, 139627, 52.11,-4.79
INTELLECT, EQ, 05-Sep-2022,598.0,601.1,617.4,599.0, 614.90,614.05,613.35,570121,3496.86,16690, 256717, 45.03,2.68
INTELLECT, EQ, 05-Sep-2023,729.6,730.1,747.0,728.0, 729.50,730.3,739.6,472434,3494.1,16822, 183220, 38.78,0.1
INTELLECT, EQ, 05-Sep-2024,984.0,988.95,993.5,984.0,989.55,988.0,988.53,70994,701.79,5536, 37746, 53.17,0.41
INTELLECT, EQ, 05-Oct-2020,234.4,239.0,246.1,235.1, 246.10,246.1,242.92,345975,840.44,4802, 227468, 65.75,4.99
INTELLECT, EQ, 05-Oct-2021,702.05,701.0,703.6,683.15, 689.50,689.75,689.02,290542,2001.9,20581, 152702, 52.56,-1.75
INTELLECT, EQ, 05-Oct-2023,689.9,690.25,708.0,690.25, 706.00,706.4,703.99,185834,1308.25,7065, 58908, 31.70,2.39
INTELLECT, EQ, 05-Nov-2020,232.7,235.0,241.0,233.0, 239.25,240.2,238.02,308412,734.1,5907, 216774, 70.29,3.22
INTELLECT, EQ, 05-Nov-2024,736.6,736.5,747.95,731.65,743.5,742.35,742.39,236914,1758.83,18747, 133038, 56.15,0.78
INTELLECT, EQ, 05-Dec-2022,470.3,472.0,476.0,460.0, 463.60,464.6,465.62,692294,3223.46,18618, 306288, 44.24,-1.21
INTELLECT, EQ, 05-Dec-2023,754.15,756.0,763.95,740.0, 745.25,746.65,753.78,274282,2067.5,15197, 126701, 46.19,-0.99
INTELLECT, EQ, 05-Dec-2024,779.4,784.45,803.9,775.0,779.0,779.15,787.88,342965,2702.15,18942, 111986, 32.65,-0.03
INTELLECT, EQ, 06-Jan-2020,143.65,144.25,145.85,140.1, 145.65,145.5,144.69,196203,283.88,2368, 131992, 67.27,1.29
INTELLECT, EQ, 06-Jan-2021,328.75,333.0,342.5,321.5, 323.00,324.1,334.05,729416,2436.63,16015, 450227, 61.72,-1.41
INTELLECT, EQ, 06-Jan-2022,717.5,717.0,731.45,703.0, 718.00,719.15,719.31,324600,2334.88,12377, 126036, 38.83,0.23
INTELLECT, EQ, 06-Jan-2023,428.85,428.4,431.95,419.95,420.0,421.85,425.19,226919,964.83,6954, 89164, 39.29,-1.63
INTELLECT, EQ, 06-Jan-2025,972.8,974.45,981.6,892.2,904.5,901.9,929.55,746671,6940.66,19308, 251205, 33.64,-7.29
INTELLECT, EQ, 06-Feb-2020,166.9,167.7,169.45,164.1, 164.60,165.2,166.04,177698,295.04,3785, 60685, 34.15,-1.02
INTELLECT, EQ, 06-Feb-2023,437.1,430.0,438.75,415.05, 421.30,421.45,425.02,744965,3166.28,21291, 183350, 24.61,-3.58
INTELLECT, EQ, 06-Feb-2024,928.4,930.0,963.0,930.0, 947.00,947.4,951.57,900135,8565.43,50923, 381777, 42.41,2.05
INTELLECT, EQ, 06-Feb-2025,824.25,829.7,832.15,807.35,816.55,814.6,818.21,216889,1774.61,17636, 63340, 29.20,-1.17
INTELLECT, EQ, 06-Mar-2020,110.6,108.0,110.2,104.85, 107.85,107.35,107.45,142119,152.7,3097, 58872, 41.42,-2.94
INTELLECT, EQ, 06-Mar-2023,457.5,459.0,465.25,453.2, 455.25,454.1,459.73,263167,1209.87,8495, 81398, 30.93,-0.74
INTELLECT, EQ, 06-Mar-2024,1089.75,1099.0,1104.3,1065.05, 1082.30,1075.45,1081.96,522179,5649.76,32592, 167495, 32.08,-1.31
INTELLECT, EQ, 06-Mar-2025,659.9,661.95,689.7,661.95,681.7,680.45,680.09,581603,3955.41,33047, 200741, 34.52,3.11
INTELLECT, EQ, 06-Apr-2021,710.85,717.4,749.9,711.0,737.65,738.15,732.08,657638,4814.43,27482, 239108, 36.36,3.84
INTELLECT, EQ, 06-Apr-2022,958.15,957.0,978.0,945.0, 971.10,973.4,969.68,773462,7500.11,26164, 333795, 43.16,1.59
INTELLECT, EQ, 06-Apr-2023,428.65,428.0,432.55,423.35, 430.00,430.3,428.79,204179,875.5,7954, 58012, 28.41,0.38
INTELLECT, EQ, 06-May-2020,67.55,66.0,67.5,64.2, 64.20,64.3,64.6,83378,53.86,776, 58393, 70.03,-4.81
INTELLECT, EQ, 06-May-2021,696.05,703.0,806.9,695.1, 794.00,794.15,766.66,2382352,18264.48,76204, 774872, 32.53,14.09
INTELLECT, EQ, 06-May-2022,712.25,674.0,712.0,661.25,682.0,678.35,689.55,1514976,10446.45,44878, 304237, 20.08,-4.76
INTELLECT, EQ, 06-May-2024,1049.8,1053.0,1056.0,1020.4,1043.0,1048.15,1044.45,240189,2508.65,20814, 119911, 49.92,-0.16
INTELLECT, EQ, 06-Jun-2022,680.0,680.0,683.8,656.3,669.0,668.75,669.39,497504,3330.26,16416, 123403, 24.80,-1.65
INTELLECT, EQ, 06-Jun-2023,597.35,597.0,597.0,584.05,589.75,590.55,589.23,601096,3541.84,15965, 181166, 30.14,-1.14
INTELLECT, EQ, 06-Jun-2024,902.1,906.6,961.8,906.6,916.05,916.8,931.23,707196,6585.64,41293, 159009, 22.48,1.63
INTELLECT, EQ, 06-Jul-2020,107.25,108.25,109.9,107.1, 108.05,108.0,108.21,76777,83.08,971, 60545, 78.86,0.7
INTELLECT, EQ, 06-Jul-2021,724.1,728.45,738.0,703.0, 714.00,708.9,719.18,367452,2642.63,14523, 202535, 55.12,-2.1
INTELLECT, EQ, 06-Jul-2022,644.8,649.3,677.4,641.65,673.0,674.0,662.6,324277,2148.66,11851, 97627, 30.11,4.53
INTELLECT, EQ, 06-Jul-2023,607.8,607.8,625.0,607.1,624.0,623.55,619.35,801446,4963.78,23071, 349951, 43.66,2.59
INTELLECT, EQ, 06-Aug-2020,165.15,171.8,173.4,168.95,173.4,173.4,172.48,322583,556.4,2206, 233892, 72.51,5.0
INTELLECT, EQ, 06-Aug-2021,717.05,718.5,737.0,715.75, 721.25,720.8,723.4,151982,1099.44,7401, 76971, 50.64,0.52
INTELLECT, EQ, 06-Aug-2024,900.8,905.0,933.95,905.0,916.35,917.2,921.26,128457,1183.42,14217, 51960, 40.45,1.82
INTELLECT, EQ, 06-Sep-2021,650.25,654.8,659.6,641.2,641.4,643.2,647.67,121556,787.28,6244, 75584, 62.18,-1.08
INTELLECT, EQ, 06-Sep-2022,614.05,614.05,620.0,602.7, 605.00,604.65,606.74,226569,1374.69,8964, 72711, 32.09,-1.53
INTELLECT, EQ, 06-Sep-2023,730.3,730.3,743.0,726.65, 729.00,732.55,735.75,267045,1964.78,12094, 76917, 28.80,0.31
INTELLECT, EQ, 06-Sep-2024,988.0,988.0,1024.0,985.6,994.7,996.3,1006.38,481339,4844.1,24465, 157288, 32.68,0.84
INTELLECT, EQ, 06-Oct-2020,246.1,256.9,256.9,247.85,249.0,249.15,250.9,479498,1203.08,7036, 343928, 71.73,1.24
INTELLECT, EQ, 06-Oct-2021,689.75,691.9,697.55,671.05, 679.85,678.7,685.43,199693,1368.76,10393, 97511, 48.83,-1.6
INTELLECT, EQ, 06-Oct-2022,528.5,531.95,535.0,523.0, 524.30,525.55,529.66,494297,2618.08,13986, 250099, 50.60,-0.56
INTELLECT, EQ, 06-Oct-2023,706.4,707.85,714.75,693.0, 696.80,697.1,701.31,164230,1151.75,7899, 57280, 34.88,-1.32
INTELLECT, EQ, 06-Nov-2020,240.2,240.5,241.65,237.0, 239.50,238.9,239.49,152241,364.6,4123, 109021, 71.61,-0.54
INTELLECT, EQ, 06-Nov-2023,658.1,661.0,671.75,655.0, 667.00,665.8,665.36,262718,1748.01,11141, 115241, 43.86,1.17
INTELLECT, EQ, 06-Nov-2024,742.35,746.0,792.2,744.0,791.0,788.45,779.89,1007198,7855.03,63589, 289498, 28.74,6.21
INTELLECT, EQ, 06-Dec-2021,651.4,646.0,650.0,636.75, 644.00,645.05,644.86,127895,824.75,5064, 59722, 46.70,-0.97
INTELLECT, EQ, 06-Dec-2022,464.6,462.0,465.55,453.75, 456.00,456.4,459.13,313951,1441.46,9404, 101421, 32.30,-1.76
INTELLECT, EQ, 06-Dec-2023,746.65,748.5,766.1,744.9, 752.00,750.25,756.25,381954,2888.53,19356, 152660, 39.97,0.48
INTELLECT, EQ, 06-Dec-2024,779.15,781.0,797.0,777.25,789.1,790.4,791.22,260593,2061.87,22462, 119567, 45.88,1.44
INTELLECT, EQ, 07-Jan-2020,145.5,145.2,152.9,145.2, 150.55,150.15,150.68,322288,485.63,4732, 101287, 31.43,3.2
INTELLECT, EQ, 07-Jan-2021,324.1,326.8,340.3,326.0, 340.30,340.3,337.11,560738,1890.3,8535, 375000, 66.88,5.0
INTELLECT, EQ, 07-Jan-2022,719.15,722.85,732.0,710.0,710.85,711.9,719.46,187443,1348.57,8100, 91307, 48.71,-1.01
INTELLECT, EQ, 07-Jan-2025,901.9,914.95,1013.6,914.95,971.7,978.8,986.31,16514463,162884.53,490085, 569819, 3.45,8.53
INTELLECT, EQ, 07-Feb-2020,165.2,165.0,167.9,163.25, 163.50,165.05,165.27,177936,294.07,3317, 41773, 23.48,-0.09
INTELLECT, EQ, 07-Feb-2022,741.35,746.7,746.7,720.0, 720.00,721.8,729.5,317108,2313.3,15594, 128353, 40.48,-2.64
INTELLECT, EQ, 07-Feb-2023,421.45,422.6,445.65,420.55, 439.90,441.2,438.19,1191125,5219.37,32469, 204166, 17.14,4.69
INTELLECT, EQ, 07-Feb-2024,947.4,954.0,1011.0,953.05, 1005.90,1005.65,990.8,1891039,18736.45,94431, 565630, 29.91,6.15
INTELLECT, EQ, 07-Feb-2025,814.6,821.4,821.4,806.25,811.7,811.45,811.14,165119,1339.35,13361, 51234, 31.03,-0.39
INTELLECT, EQ, 07-Mar-2022,679.0,660.05,686.7,653.1, 682.25,681.2,674.09,468536,3158.36,16761,161721,34.52,0.32
INTELLECT, EQ, 07-Mar-2024,1075.45,1077.6,1107.0,1077.0, 1092.00,1090.45,1094.59,356458,3901.76,17682, 72608, 20.37,1.39
INTELLECT, EQ, 07-Mar-2025,680.45,672.55,683.5,666.65,670.0,669.95,674.47,289374,1951.75,22788, 112044, 38.72,-1.54
INTELLECT, EQ, 07-Apr-2020,59.95,62.9,62.9,62.9, 62.90,62.9,62.9,10855,6.83,73, 10855, 100.00,4.92
INTELLECT, EQ, 07-Apr-2021,738.15,744.9,748.65,730.0,734.3,735.1,736.28,326916,2407.01,13262, 147717, 45.19,-0.41
INTELLECT, EQ, 07-Apr-2022,973.4,973.4,986.65,942.6,955.7,952.2,963.82,586601,5653.78,27723, 214937, 36.64,-2.18
INTELLECT, EQ, 07-Apr-2025,674.7,592.45,633.95,577.4,624.8,624.9,616.12,531814,3276.63,42145, 171415, 32.23,-7.38
INTELLECT, EQ, 07-May-2020,64.3,61.6,66.5,61.6, 65.00,64.0,65.04,45733,29.75,2311, 33018, 72.20,-0.47
INTELLECT, EQ, 07-May-2021,794.15,800.0,825.0,765.1, 792.00,795.85,797.58,945458,7540.77,35004, 322872, 34.15,0.21
INTELLECT, EQ, 07-May-2024,1048.15,1040.0,1052.65,996.25,1026.65,1031.05,1018.78,402644,4102.07,25261, 135210, 33.58,-1.63
INTELLECT, EQ, 07-Jun-2021,735.4,745.0,750.0,731.1, 733.50,735.65,737.38,224045,1652.07,14932, 140704, 62.80,0.03
INTELLECT, EQ, 07-Jun-2022,668.75,667.35,667.45,653.0,661.0,661.65,659.68,202755,1337.53,8285, 52738, 26.01,-1.06
INTELLECT, EQ, 07-Jun-2023,590.55,594.0,596.05,578.7, 588.00,587.3,585.75,409555,2398.96,16971, 126630, 30.92,-0.55
INTELLECT, EQ, 07-Jun-2024,916.8,916.5,967.35,916.4,951.0,952.35,951.74,426279,4057.07,24891, 158784, 37.25,3.88
INTELLECT, EQ, 07-Jul-2020,108.0,107.25,110.5,105.5, 108.00,107.15,107.28,132061,141.68,1255, 105969, 80.24,-0.79
INTELLECT, EQ, 07-Jul-2021,708.9,715.8,722.9,702.0, 710.00,708.15,711.05,227329,1616.42,13165, 138296, 60.84,-0.11
INTELLECT, EQ, 07-Jul-2022,674.0,679.9,683.15,658.9, 663.20,665.0,670.83,297793,1997.69,14876, 68315, 22.94,-1.34
INTELLECT, EQ, 07-Jul-2023,623.55,615.0,615.0,575.0, 600.00,601.8,589.32,5481141,32301.39,91018, 1061960, 19.37,-3.49
INTELLECT, EQ, 07-Aug-2020,173.4,182.05,182.05,175.2,182.05,182.05,181.82,271175,493.06,1767, 212854, 78.49,4.99
INTELLECT, EQ, 07-Aug-2023,691.95,696.75,709.95,692.45, 696.55,699.65,703.16,1091816,7677.22,36516, 316785, 29.01,1.11
INTELLECT, EQ, 07-Aug-2024,917.2,926.6,945.45,918.0,945.0,943.75,934.33,122724,1146.65,9047, 53735, 43.79,2.89
INTELLECT, EQ, 07-Sep-2020,187.05,183.3,190.15,183.3, 187.10,186.5,187.33,93240,174.67,1518, 65138, 69.86,-0.29
INTELLECT, EQ, 07-Sep-2021,643.2,644.8,650.45,634.0, 648.00,646.45,642.55,154782,994.55,8432, 84065, 54.31,0.51
INTELLECT, EQ, 07-Sep-2022,604.65,604.9,607.7,592.5, 601.30,599.35,597.09,341606,2039.68,15796, 139980, 40.98,-0.88
INTELLECT, EQ, 07-Sep-2023,732.55,734.9,743.0,725.05, 731.90,730.8,733.91,356350,2615.28,14788, 119438, 33.52,-0.24
INTELLECT, EQ, 07-Oct-2020,249.15,244.1,247.8,236.7,236.7,236.7,239.8,418539,1003.65,5993, 248287, 59.32,-5.0
INTELLECT, EQ, 07-Oct-2021,678.7,683.8,690.25,679.0, 682.25,681.15,684.37,113378,775.92,8605, 58566, 51.66,0.36
INTELLECT, EQ, 07-Oct-2022,525.55,522.8,522.8,513.25, 518.25,519.55,518.21,242909,1258.77,12845, 87742, 36.12,-1.14
INTELLECT, EQ, 07-Oct-2024,887.55,887.55,923.95,860.05,873.0,867.95,882.75,514715,4543.62,32155, 276161, 53.65,-2.21
INTELLECT, EQ, 07-Nov-2022,431.95,431.95,446.0,430.0,437.3,436.1,437.57,2627357,11496.51,31721, 1597722, 60.81,0.96
INTELLECT, EQ, 07-Nov-2023,665.8,666.0,671.55,655.15, 665.90,664.3,663.14,212759,1410.88,10461, 83271, 39.14,-0.23
INTELLECT, EQ, 07-Nov-2024,788.45,788.45,799.8,769.75,771.0,774.7,785.16,290566,2281.39,21881, 132157, 45.48,-1.74
INTELLECT, EQ, 07-Dec-2020,290.35,293.05,296.5,288.3, 290.00,290.2,293.03,230372,675.05,6171, 158110, 68.63,-0.05
INTELLECT, EQ, 07-Dec-2021,645.05,646.6,668.3,646.2,660.75,660.65,658.7,248158,1634.63,10497, 64441, 25.97,2.42
INTELLECT, EQ, 07-Dec-2022,456.4,455.0,457.8,444.4, 446.50,446.65,448.51,362743,1626.93,11407, 128670, 35.47,-2.14
INTELLECT, EQ, 07-Dec-2023,750.25,755.95,757.9,743.0, 743.55,745.85,750.2,220235,1652.2,14382, 101800, 46.22,-0.59
INTELLECT, EQ, 08-Jan-2020,150.15,149.0,151.7,146.75, 150.15,149.9,149.93,262742,393.93,3051, 132129, 50.29,-0.17
INTELLECT, EQ, 08-Jan-2021,340.3,350.0,357.0,346.3, 347.50,348.35,352.88,600767,2120.0,12603, 346219, 57.63,2.37
INTELLECT, EQ, 08-Jan-2024,822.5,822.5,825.0,800.0, 807.00,807.55,808.05,196374,1586.79,14765, 88298, 44.96,-1.82
INTELLECT, EQ, 08-Jan-2025,978.8,971.0,972.8,918.0,925.3,925.65,938.36,1672494,15694.08,73676, 313090, 18.72,-5.43
INTELLECT, EQ, 08-Feb-2021,450.1,453.7,502.3,433.0, 475.95,480.1,470.52,2931683,13794.04,53288, 1240197, 42.30,6.67
INTELLECT, EQ, 08-Feb-2022,721.8,719.75,744.75,698.6,707.0,705.45,710.66,440445,3130.08,17242, 197904, 44.93,-2.27
INTELLECT, EQ, 08-Feb-2023,441.2,441.25,464.35,434.9, 464.30,461.85,454.73,1443441,6563.74,33088, 329737, 22.84,4.68
INTELLECT, EQ, 08-Feb-2024,1005.65,1006.75,1058.0,1006.75, 1057.00,1048.95,1038.86,1164615,12098.76,67940, 491927, 42.24,4.31
INTELLECT, EQ, 08-Mar-2021,460.6,461.9,470.85,460.1, 468.60,467.3,467.12,242336,1132.01,12250, 115136, 47.51,1.45
INTELLECT, EQ, 08-Mar-2022,681.2,687.7,719.1,685.0, 706.20,710.3,708.86,881203,6246.47,29017, 171665, 19.48,4.27
INTELLECT, EQ, 08-Mar-2023,454.1,453.1,456.3,444.8, 454.95,453.7,450.49,262056,1180.53,6923, 55990, 21.37,-0.09
INTELLECT, EQ, 08-Apr-2020,62.9,66.0,66.0,66.0, 66.00,66.0,66.0,26324,17.37,77, 26324, 100.00,4.93
INTELLECT, EQ, 08-Apr-2021,735.1,742.4,742.5,713.95, 715.00,716.35,725.63,299683,2174.59,12533, 148463, 49.54,-2.55
INTELLECT, EQ, 08-Apr-2022,952.2,950.0,971.6,950.0, 961.40,957.5,963.3,408085,3931.09,18025, 207346, 50.81,0.56
INTELLECT, EQ, 08-Apr-2024,1080.05,1081.0,1088.65,1033.4, 1044.90,1046.3,1059.14,333355,3530.68,16814, 177800, 53.34,-3.12
INTELLECT, EQ, 08-Apr-2025,624.9,635.1,655.0,628.75,634.7,633.95,640.59,296148,1897.08,18251, 116369, 39.29,1.45
INTELLECT, EQ, 08-May-2020,64.0,66.7,67.2,64.25, 67.20,67.2,66.88,36108,24.15,269, 30474, 84.40,5.0
INTELLECT, EQ, 08-May-2023,450.6,451.75,460.85,451.75, 457.15,457.2,457.28,253681,1160.04,8527, 102173, 40.28,1.46
INTELLECT, EQ, 08-May-2024,1031.05,1024.85,1052.05,1017.05,1043.0,1041.85,1038.6,162074,1683.31,13296, 52837, 32.60,1.05
INTELLECT, EQ, 08-Jun-2020,84.4,90.9,92.8,86.75, 92.80,92.8,91.7,316531,290.25,2866, 157819, 49.86,9.95
INTELLECT, EQ, 08-Jun-2021,735.65,741.0,774.9,722.0, 767.00,768.95,751.79,845214,6354.25,34963, 427443, 50.57,4.53
INTELLECT, EQ, 08-Jun-2022,661.65,668.0,673.35,653.6,665.2,667.65,665.64,253144,1685.02,11080, 47113, 18.61,0.91
INTELLECT, EQ, 08-Jun-2023,587.3,589.9,590.0,572.5, 574.80,574.3,579.26,471727,2732.51,19062, 185692, 39.36,-2.21
INTELLECT, EQ, 08-Jul-2020,107.15,108.0,109.7,106.0,107.25,107.15,107.87,114154,123.14,1502, 81414, 71.32,0.0
INTELLECT, EQ, 08-Jul-2021,708.15,710.0,718.2,699.65, 704.95,703.5,706.67,306836,2168.31,13577, 189990, 61.92,-0.66
INTELLECT, EQ, 08-Jul-2022,665.0,669.0,688.4,663.1,669.5,667.5,675.21,402954,2720.8,13882, 81088, 20.12,0.38
INTELLECT, EQ, 08-Jul-2024,1085.45,1080.0,1097.35,1072.3,1082.55,1081.7,1084.94,264475,2869.4,10820, 158981, 60.11,-0.35
INTELLECT, EQ, 08-Aug-2022,611.2,612.0,617.6,598.5,614.75,614.3,606.7,489918,2972.34,15912,181871,37.12,0.51
INTELLECT, EQ, 08-Aug-2023,699.65,703.25,706.95,670.0, 673.00,675.5,688.15,635050,4370.09,16998, 227239, 35.78,-3.45
INTELLECT, EQ, 08-Aug-2024,943.75,949.95,953.0,930.3,937.0,935.95,942.56,166015,1564.8,10392, 88579, 53.36,-0.83
INTELLECT, EQ, 08-Sep-2020,186.5,185.0,192.5,185.0, 186.50,186.6,188.75,193745,365.69,3082, 101873, 52.58,0.05
INTELLECT, EQ, 08-Sep-2021,646.45,649.9,649.9,634.35, 635.00,635.2,637.79,159200,1015.36,7958, 109386, 68.71,-1.74
INTELLECT, EQ, 08-Sep-2022,599.35,607.25,621.8,605.0, 605.95,606.15,611.74,470180,2876.3,14589, 118861, 25.28,1.13
INTELLECT, EQ, 08-Sep-2023,730.8,733.85,739.0,695.0, 715.00,724.9,731.3,286968,2098.6,9642, 114649, 39.95,-0.81
INTELLECT, EQ, 08-Oct-2020,236.7,235.0,244.95,225.05,230.75,230.15,233.63,495212,1156.98,10423, 310665, 62.73,-2.77
INTELLECT, EQ, 08-Oct-2021,681.15,694.0,702.0,683.25, 688.40,689.7,690.33,243798,1683.0,15261, 85213, 34.95,1.26
INTELLECT, EQ, 08-Oct-2024,867.95,874.4,878.75,856.3,874.4,874.1,869.2,189752,1649.32,16663, 63636, 33.54,0.71
INTELLECT, EQ, 08-Nov-2021,703.2,711.0,711.0,686.9, 690.55,691.7,693.59,253826,1760.52,16664, 111117, 43.78,-1.64
INTELLECT, EQ, 08-Nov-2023,664.3,669.05,671.2,657.2, 659.00,662.95,662.6,172619,1143.78,13255, 80138, 46.42,-0.2
INTELLECT, EQ, 08-Nov-2024,774.7,774.9,777.0,745.0, 754.95,754.5,759.04,227738,1728.63,22463, 82551, 36.25,-2.61
INTELLECT, EQ, 08-Dec-2020,290.2,292.0,294.8,283.3,287.0,288.25,288.24,182774,526.83,7903, 110238, 60.31,-0.67
INTELLECT, EQ, 08-Dec-2021,660.65,671.0,691.0,669.4,676.8,677.3,680.89,306886,2089.56,12779, 131290, 42.78,2.52
INTELLECT, EQ, 08-Dec-2022,446.65,448.45,454.55,444.65, 452.00,452.15,449.8,250141,1125.13,7929, 82264, 32.89,1.23
INTELLECT, EQ, 08-Dec-2023,745.85,747.85,760.0,737.05, 747.25,748.55,750.55,403996,3032.2,20353, 116653, 28.87,0.36
INTELLECT, EQ, 09-Jan-2020,149.9,151.05,155.6,150.65, 153.00,153.0,153.27,371958,570.09,4368, 112382, 30.21,2.07
INTELLECT, EQ, 09-Jan-2023,421.85,423.95,445.0,422.15,439.55,440.05,436.34,882451,3850.51,20997, 216116, 24.49,4.31
INTELLECT, EQ, 09-Jan-2024,807.55,814.9,827.0,812.15,824.95,823.55,821.56,160460,1318.27,11526, 78478, 48.91,1.98
INTELLECT, EQ, 09-Jan-2025,925.65,927.0,934.85,896.35,909.0,906.0,908.26,954109,8665.82,36732, 201745, 21.14,-2.12
INTELLECT, EQ, 09-Feb-2021,480.1,480.0,481.9,436.1, 441.50,441.15,452.92,716667,3245.95,17701, 393362, 54.89,-8.11
INTELLECT, EQ, 09-Feb-2022,705.45,707.0,733.75,705.05, 717.00,715.4,717.79,487445,3498.85,21523, 168651, 34.60,1.41
INTELLECT, EQ, 09-Feb-2023,461.85,465.7,469.45,459.05, 466.90,465.6,464.57,813699,3780.19,19524, 204304, 25.11,0.81
INTELLECT, EQ, 09-Feb-2024,1048.95,1056.4,1057.25,990.0, 996.30,1000.05,1011.9,576176,5830.32,38874, 227637, 39.51,-4.66
INTELLECT, EQ, 09-Mar-2020,107.35,105.9,106.4,101.2, 102.20,104.35,103.3,130493,134.8,2286, 75867, 58.14,-2.79
INTELLECT, EQ, 09-Mar-2021,467.3,474.8,484.5,463.1, 475.00,471.35,473.1,477961,2261.25,20215, 227809, 47.66,0.87
INTELLECT, EQ, 09-Mar-2022,710.3,712.7,730.0,709.2, 722.40,719.75,719.76,364228,2621.58,13227, 134253, 36.86,1.33
INTELLECT, EQ, 09-Mar-2023,453.7,454.3,455.9,444.55, 445.05,445.75,448.65,189974,852.32,6773, 80280, 42.26,-1.75
INTELLECT, EQ, 09-Apr-2020,66.0,69.3,69.3,69.3, 69.30,69.3,69.3,14385,9.97,60, 14385, 100.00,5.0
INTELLECT, EQ, 09-Apr-2021,716.35,711.0,724.35,701.0,704.0,708.15,708.22,198001,1402.28,12366, 92848, 46.89,-1.14
INTELLECT, EQ, 09-Apr-2024,1046.3,1049.05,1062.85,1025.0, 1030.00,1030.0,1039.07,386685,4017.94,21811, 153670, 39.74,-1.56
INTELLECT, EQ, 09-Apr-2025,633.95,626.6,634.4,609.0,613.7,612.35,620.44,224594,1393.48,20405, 102194, 45.50,-3.41
INTELLECT, EQ, 09-May-2022,678.35,674.9,675.0,642.25, 652.75,652.3,657.97,848608,5583.63,25337, 251113, 29.59,-3.84
INTELLECT, EQ, 09-May-2023,457.2,459.6,475.0,457.75,465.95,464.35,468.16,824716,3861.0,20664, 238632, 28.94,1.56
INTELLECT, EQ, 09-May-2024,1041.85,1049.9,1073.5,1019.65,1026.0,1024.8,1054.49,913568,9633.46,40198, 204272, 22.36,-1.64
INTELLECT, EQ, 09-Jun-2020,92.8,94.7,98.8,85.55, 90.10,89.6,91.78,322301,295.81,4081, 161850, 50.22,-3.45
INTELLECT, EQ, 09-Jun-2021,768.95,776.8,784.0,742.0,748.25,747.8,765.65,557502,4268.54,29063, 325948, 58.47,-2.75
INTELLECT, EQ, 09-Jun-2022,667.65,666.75,669.95,651.75, 661.30,662.1,660.59,306635,2025.59,11024, 119601, 39.00,-0.83
INTELLECT, EQ, 09-Jun-2023,574.3,574.3,583.85,572.0, 575.25,577.4,577.22,300911,1736.93,13814, 86094, 28.61,0.54
INTELLECT, EQ, 09-Jul-2020,107.15,107.15,108.95,106.1, 107.80,107.55,107.62,51257,55.16,638, 32702, 63.80,0.37
INTELLECT, EQ, 09-Jul-2021,703.5,705.0,722.9,703.4,714.95,712.7,714.07,144417,1031.24,6977, 78477, 54.34,1.31
INTELLECT, EQ, 09-Jul-2024,1081.7,1077.1,1089.35,1077.1,1082.35,1080.65,1081.67,113785,1230.77,9867, 67657, 59.46,-0.1
INTELLECT, EQ, 09-Aug-2021,720.8,708.0,723.4,655.0, 659.55,658.6,673.09,1570446,10570.56,52776, 960221, 61.14,-8.63
INTELLECT, EQ, 09-Aug-2023,675.5,674.95,693.9,668.55, 687.70,687.95,683.77,524147,3583.94,14056, 135025, 25.76,1.84
INTELLECT, EQ, 09-Aug-2024,935.95,944.85,948.8,934.0,939.0,937.9,939.34,161002,1512.36,12210, 81774, 50.79,0.21
INTELLECT, EQ, 09-Sep-2020,186.6,183.5,186.6,181.4, 185.50,185.3,184.12,116732,214.92,2872, 74934, 64.19,-0.7
INTELLECT, EQ, 09-Sep-2021,635.2,637.95,637.95,625.0, 632.00,631.9,629.06,157074,988.1,6974, 82004, 52.21,-0.52
INTELLECT, EQ, 09-Sep-2022,606.15,612.35,620.75,602.0, 616.65,616.85,613.42,407208,2497.91,11592, 147251, 36.16,1.77
INTELLECT, EQ, 09-Sep-2024,996.3,996.2,996.3,981.0,984.0,984.35,985.58,76550,754.46,6373, 42334, 55.30,-1.2
INTELLECT, EQ, 09-Oct-2020,230.15,235.0,241.65,232.0, 239.95,239.7,239.8,441121,1057.81,4609, 282895, 64.13,4.15
INTELLECT, EQ, 09-Oct-2023,697.1,695.05,708.95,676.1, 688.00,687.9,691.95,254974,1764.3,11306, 90900, 35.65,-1.32
INTELLECT, EQ, 09-Oct-2024,874.1,882.7,918.45,875.15,900.0,894.95,900.68,317935,2863.58,25579, 101276, 31.85,2.39
INTELLECT, EQ, 09-Nov-2020,238.9,239.0,242.0,235.5, 236.15,239.3,240.63,288551,694.34,5657, 229814, 79.64,0.17
INTELLECT, EQ, 09-Nov-2021,691.7,697.4,703.65,685.0,699.0,698.8,691.94,247231,1710.69,11239, 138981, 56.22,1.03
INTELLECT, EQ, 09-Nov-2022,436.1,440.7,442.0,425.0, 426.45,427.0,431.25,570871,2461.89,17529, 165379, 28.97,-2.09
INTELLECT, EQ, 09-Nov-2023,662.95,664.8,684.0,662.0, 665.00,665.3,673.33,499797,3365.28,20620, 124580, 24.93,0.35
INTELLECT, EQ, 09-Dec-2020,288.25,288.25,292.0,273.85,285.0,286.4,286.28,136663,391.24,3717, 87416, 63.96,-0.64
INTELLECT, EQ, 09-Dec-2021,677.3,680.9,685.85,670.0, 681.00,680.65,679.81,105129,714.67,5059, 48712, 46.34,0.49
INTELLECT, EQ, 09-Dec-2022,452.15,454.0,454.15,424.0, 428.00,427.55,433.05,952584,4125.13,20319, 358083, 37.59,-5.44
INTELLECT, EQ, 09-Dec-2024,790.4,796.9,803.95,787.15,793.0,793.15,794.03,202402,1607.13,12723, 56649, 27.99,0.35
INTELLECT, EQ, 10-Jan-2020,153.0,153.0,154.7,151.3, 151.65,152.25,153.03,80379,123.01,1382, 43082, 53.60,-0.49
INTELLECT, EQ, 10-Jan-2022,711.9,717.25,774.0,714.85,755.0,755.4,755.91,987836,7467.13,30039, 403349, 40.83,6.11
INTELLECT, EQ, 10-Jan-2023,440.05,440.5,440.5,422.0,426.25,425.85,427.6,540870,2312.77,13828, 136207, 25.18,-3.23
INTELLECT, EQ, 10-Jan-2024,823.55,824.0,830.9,806.0, 810.00,811.7,816.47,215352,1758.28,17171, 85061, 39.50,-1.44
INTELLECT, EQ, 10-Jan-2025,906.0,912.45,929.9,891.3,901.9,909.35,909.45,1255081,11414.39,54465, 172673, 13.76,0.37
INTELLECT, EQ, 10-Feb-2020,165.05,165.4,165.9,159.1, 161.20,160.85,161.72,108614,175.65,2036, 31327, 28.84,-2.54
INTELLECT, EQ, 10-Feb-2021,441.15,441.0,451.5,433.1,446.5,447.35,445.96,381153,1699.78,12481, 204155, 53.56,1.41
INTELLECT, EQ, 10-Feb-2022,715.4,717.0,728.85,709.2,716.05,720.05,717.79,272406,1955.3,13184, 111771, 41.03,0.65
INTELLECT, EQ, 10-Feb-2023,465.6,467.0,467.0,451.35, 464.00,464.3,459.18,610872,2805.01,15977, 180357, 29.52,-0.28
INTELLECT, EQ, 10-Feb-2025,811.45,803.0,809.7,786.0,787.1,790.95,793.26,148368,1176.94,11664, 41220, 27.78,-2.53
INTELLECT, EQ, 10-Mar-2021,471.35,476.0,488.9,476.0, 484.15,484.2,484.22,382645,1852.83,13390, 178101, 46.54,2.73
INTELLECT, EQ, 10-Mar-2022,719.75,733.0,733.0,711.4, 716.40,719.45,721.71,271776,1961.43,13103, 87313, 32.13,-0.04
INTELLECT, EQ, 10-Mar-2023,445.75,443.95,443.95,425.1, 431.00,429.4,430.81,517095,2227.68,14379, 186833, 36.13,-3.67
INTELLECT, EQ, 10-Mar-2025,669.95,670.0,682.4,650.0,650.0,653.7,668.19,308902,2064.04,26002, 90233, 29.21,-2.43
INTELLECT, EQ, 10-Apr-2023,430.3,420.05,435.7,420.05, 433.05,433.45,432.03,267822,1157.07,10169, 74045, 27.65,0.73
INTELLECT, EQ, 10-Apr-2024,1030.0,1033.55,1042.0,1001.0, 1007.00,1008.4,1015.99,303262,3081.11,15922, 171461, 56.54,-2.1
INTELLECT, EQ, 10-May-2021,795.85,804.0,848.5,793.0, 823.50,822.55,824.27,1002220,8260.99,36540, 350416, 34.96,3.35
INTELLECT, EQ, 10-May-2022,652.3,642.5,669.7,591.3, 608.15,606.4,630.1,960896,6054.6,32441, 455833, 47.44,-7.04
INTELLECT, EQ, 10-May-2023,464.35,468.0,469.7,456.5,459.0,458.65,463.1,402540,1864.15,10706, 127245, 31.61,-1.23
INTELLECT, EQ, 10-May-2024,1024.8,930.0,948.0,864.0,876.8,874.95,888.91,3863723,34345.07,115352, 771194, 19.96,-14.62
INTELLECT, EQ, 10-Jun-2020,89.6,90.0,92.5,87.85, 92.00,90.85,90.26,202454,182.74,1487, 132972, 65.68,1.4
INTELLECT, EQ, 10-Jun-2021,747.8,761.95,774.0,752.0, 764.00,764.1,765.83,275611,2110.71,24931, 174178, 63.20,2.18
INTELLECT, EQ, 10-Jun-2022,662.1,658.0,658.0,643.0,643.0,646.05,649.31,216759,1407.44,6894, 75183, 34.69,-2.42
INTELLECT, EQ, 10-Jun-2024,952.35,953.1,1039.7,953.0,1000.0,1004.7,1010.7,1379523,13942.78,74883, 331960, 24.06,5.5
INTELLECT, EQ, 10-Jul-2020,107.55,107.0,112.9,106.05,110.5,110.95,111.62,256409,286.2,2038, 160910, 62.76,3.16
INTELLECT, EQ, 10-Jul-2023,601.8,605.0,611.9,583.2,586.0,588.85,595.57,760149,4527.21,18729, 192351, 25.30,-2.15
INTELLECT, EQ, 10-Jul-2024,1080.65,1075.6,1087.15,1059.0,1062.25,1060.7,1067.31,232851,2485.24,14505, 135730, 58.29,-1.85
INTELLECT, EQ, 10-Aug-2020,182.05,190.0,191.15,185.1, 191.15,191.15,190.25,376421,716.13,4917, 233984, 62.16,5.0
INTELLECT, EQ, 10-Aug-2021,658.6,659.0,667.6,607.0, 627.95,625.0,628.84,1351577,8499.22,51712, 578615, 42.81,-5.1
INTELLECT, EQ, 10-Aug-2022,614.3,613.95,621.0,603.3,613.0,614.0,614.27,456970,2807.03,18603, 154792, 33.87,-0.05
INTELLECT, EQ, 10-Aug-2023,687.95,687.95,697.0,679.65, 689.00,687.85,688.84,282380,1945.15,8669, 100441, 35.57,-0.01
INTELLECT, EQ, 10-Sep-2020,185.3,188.9,194.55,186.7, 189.80,189.25,192.25,244028,469.15,2497, 120294, 49.30,2.13
INTELLECT, EQ, 10-Sep-2024,984.35,990.3,1003.95,983.35,1000.0,998.75,992.27,147841,1466.98,9829, 77056, 52.12,1.46
INTELLECT, EQ, 10-Oct-2022,519.55,513.0,525.0,508.0, 524.75,519.9,515.8,234350,1208.77,11354, 73410, 31.32,0.07
INTELLECT, EQ, 10-Oct-2023,687.9,693.2,705.0,686.1, 688.00,687.95,694.98,168073,1168.07,8417, 69948, 41.62,0.01
INTELLECT, EQ, 10-Oct-2024,894.95,901.95,906.5,880.5,884.0,884.35,893.11,196850,1758.09,19645, 81835, 41.57,-1.18
INTELLECT, EQ, 10-Nov-2020,239.3,240.9,247.3,227.35, 242.00,240.7,240.16,278509,668.87,5642, 174536, 62.67,0.59
INTELLECT, EQ, 10-Nov-2021,698.8,699.0,760.4,695.0, 748.95,749.4,744.5,1641996,12224.71,44328, 706865, 43.05,7.24
INTELLECT, EQ, 10-Nov-2022,427.0,428.4,431.5,418.5, 424.95,424.0,424.94,490698,2085.15,12809, 118810, 24.21,-0.7
INTELLECT, EQ, 10-Nov-2023,665.3,658.2,670.0,658.2,660.6,661.25,663.61,114297,758.48,6809, 37353, 32.68,-0.61
INTELLECT, EQ, 10-Dec-2020,286.4,284.5,288.95,280.0, 283.50,283.2,284.04,121177,344.19,3772, 94826, 78.25,-1.12
INTELLECT, EQ, 10-Dec-2021,680.65,683.9,708.75,676.75, 698.00,697.6,695.7,290189,2018.84,10790, 129419, 44.60,2.49
INTELLECT, EQ, 10-Dec-2024,793.15,793.9,868.45,792.45,857.0,852.7,835.01,1261373,10532.59,54286, 347930, 27.58,7.51
INTELLECT, EQ, 11-Jan-2021,348.35,353.0,364.2,340.55, 347.00,344.7,351.05,429915,1509.22,14630, 271313, 63.11,-1.05
INTELLECT, EQ, 11-Jan-2022,755.4,764.05,775.0,738.0,740.5,742.4,757.78,378094,2865.11,16661, 183992, 48.66,-1.72
INTELLECT, EQ, 11-Jan-2023,425.85,427.65,435.0,424.25, 425.85,427.05,429.55,335688,1441.95,9735, 95744, 28.52,0.28
INTELLECT, EQ, 11-Jan-2024,811.7,814.0,821.6,807.0, 809.20,808.65,811.57,202474,1643.21,18627, 84868, 41.92,-0.38
INTELLECT, EQ, 11-Feb-2020,160.85,161.25,166.0,156.25, 157.40,157.75,161.04,175673,282.9,3025, 66594, 37.91,-1.93
INTELLECT, EQ, 11-Feb-2021,447.35,446.0,456.0,441.0,447.3,447.6,449.21,168009,754.71,5318, 110997, 66.07,0.06
INTELLECT, EQ, 11-Feb-2022,720.05,709.95,712.95,682.2,683.0,685.3,696.37,439365,3059.62,21839, 176296, 40.13,-4.83
INTELLECT, EQ, 11-Feb-2025,790.95,787.1,791.65,747.7,751.7,750.65,761.43,391886,2983.95,21963, 180645, 46.10,-5.1
INTELLECT, EQ, 11-Mar-2020,104.35,105.4,106.8,94.35, 95.60,96.9,100.56,124804,125.5,4126, 71998, 57.69,-7.14
INTELLECT, EQ, 11-Mar-2022,719.45,718.0,747.25,705.65, 746.00,737.85,728.69,395348,2880.88,13275, 137401, 34.75,2.56
INTELLECT, EQ, 11-Mar-2024,1090.45,1090.9,1126.55,1085.6, 1092.00,1092.05,1107.98,470241,5210.2,33217, 132878, 28.26,0.15
INTELLECT, EQ, 11-Mar-2025,653.7,650.0,685.55,637.35,666.0,668.15,668.92,1599606,10700.08,90865, 140472, 8.78,2.21
INTELLECT, EQ, 11-Apr-2022,957.5,963.4,964.0,931.65,950.0,951.85,947.83,467615,4432.2,19668, 166040, 35.51,-0.59
INTELLECT, EQ, 11-Apr-2023,433.45,435.0,440.25,424.5, 425.50,426.6,433.2,920801,3988.94,24483, 138898, 15.08,-1.58
INTELLECT, EQ, 11-Apr-2025,612.35,622.7,668.9,622.7,664.0,660.6,651.7,1238125,8068.88,63143, 122053, 9.86,7.88
INTELLECT, EQ, 11-May-2020,67.2,70.55,70.55,70.55, 70.55,70.55,70.55,30193,21.3,133, 24189, 80.11,4.99
INTELLECT, EQ, 11-May-2021,822.55,790.0,795.0,745.0, 757.00,756.85,768.93,1221855,9395.24,45973, 634642, 51.94,-7.99
INTELLECT, EQ, 11-May-2022,606.4,605.0,614.05,565.95,598.9,596.2,590.64,1322640,7811.98,44794, 491495, 37.16,-1.68
INTELLECT, EQ, 11-May-2023,458.65,460.0,470.95,460.0, 465.50,466.4,466.22,489038,2279.97,13717, 150729, 30.82,1.69
INTELLECT, EQ, 11-Jun-2020,90.85,92.95,93.0,87.0, 88.00,88.1,89.68,105979,95.04,1111, 74004, 69.83,-3.03
INTELLECT, EQ, 11-Jun-2021,764.1,775.0,784.0,764.1, 767.40,767.5,775.09,380330,2947.9,21354, 203806, 53.59,0.44
INTELLECT, EQ, 11-Jun-2024,1004.7,1001.0,1028.65,990.05,1028.0,1019.25,1013.33,426321,4320.05,24903, 134513, 31.55,1.45
INTELLECT, EQ, 11-Jul-2022,667.5,669.65,700.35,660.05,697.0,697.85,684.64,529058,3622.15,16479, 134283, 25.38,4.55
INTELLECT, EQ, 11-Jul-2023,588.85,582.0,602.35,582.0, 598.10,597.85,596.75,1148516,6853.8,22120, 228799, 19.92,1.53
INTELLECT, EQ, 11-Jul-2024,1060.7,1066.7,1070.4,1061.5,1063.65,1064.8,1065.45,61529,655.56,7421, 33633, 54.66,0.39
INTELLECT, EQ, 11-Aug-2020,191.15,195.0,199.0,182.5,185.6,185.95,190.48,414011,788.61,5525, 291355, 70.37,-2.72
INTELLECT, EQ, 11-Aug-2021,625.0,629.9,659.0,588.85, 659.00,653.95,629.07,941345,5921.71,30189, 376587, 40.01,4.63
INTELLECT, EQ, 11-Aug-2022,614.0,616.25,628.5,613.65,619.0,618.3,621.16,617425,3835.18,18510, 231366, 37.47,0.7
INTELLECT, EQ, 11-Aug-2023,687.85,690.6,708.25,689.0, 695.25,694.1,699.72,601417,4208.21,20180, 174958, 29.09,0.91
INTELLECT, EQ, 11-Sep-2020,189.25,188.1,196.5,185.1, 194.40,194.5,192.45,260104,500.58,2900, 137318, 52.79,2.77
INTELLECT, EQ, 11-Sep-2023,724.9,725.0,731.7,705.0, 711.95,709.7,714.78,390253,2789.45,14277, 181610, 46.54,-2.1
INTELLECT, EQ, 11-Sep-2024,998.75,1003.0,1029.0,985.7,992.0,990.35,1008.74,351184,3542.55,27070, 93462, 26.61,-0.84
INTELLECT, EQ, 11-Oct-2021,689.7,690.1,714.75,685.2, 695.00,695.3,698.53,402675,2812.79,21342, 165965, 41.22,0.81
INTELLECT, EQ, 11-Oct-2022,519.9,522.6,540.0,500.0, 501.95,502.65,524.83,1504174,7894.42,39020, 512139, 34.05,-3.32
INTELLECT, EQ, 11-Oct-2023,687.95,692.7,704.8,686.1, 687.70,688.15,695.49,541405,3765.4,11223, 393484, 72.68,0.03
INTELLECT, EQ, 11-Oct-2024,884.35,891.2,902.0,876.5,902.0,899.9,896.15,260951,2338.52,23829, 101373, 38.85,1.76
INTELLECT, EQ, 11-Nov-2020,240.7,239.7,247.4,238.6, 244.00,244.1,243.48,288814,703.21,5087, 208961, 72.35,1.41
INTELLECT, EQ, 11-Nov-2021,749.4,757.0,757.9,725.0, 738.95,740.8,740.36,701090,5190.57,35372, 299492, 42.72,-1.15
INTELLECT, EQ, 11-Nov-2022,424.0,434.45,457.5,429.0,442.0,445.25,440.82,1364971,6017.0,31075, 422811, 30.98,5.01
INTELLECT, EQ, 11-Nov-2024,754.5,750.0,755.4,741.3, 746.00,744.5,747.73,112133,838.45,10694, 43083, 38.42,-1.33
INTELLECT, EQ, 11-Dec-2020,283.2,284.0,287.9,282.1, 287.50,286.45,285.66,106656,304.68,4299, 75003, 70.32,1.15
INTELLECT, EQ, 11-Dec-2023,748.55,750.3,790.0,750.3, 777.60,779.65,777.63,1465172,11393.68,59032, 347011, 23.68,4.15
INTELLECT, EQ, 11-Dec-2024,852.7,858.0,861.4,843.75,849.0,851.3,850.61,305526,2598.84,22195, 103078, 33.74,-0.16
INTELLECT, EQ, 12-Jan-2021,344.7,344.7,352.6,332.8, 336.25,336.4,340.26,249248,848.09,8526, 156755, 62.89,-2.41
INTELLECT, EQ, 12-Jan-2022,742.4,751.0,764.0,743.25,749.6,750.5,750.84,291566,2189.21,9779, 128538, 44.09,1.09
INTELLECT, EQ, 12-Jan-2023,427.05,428.95,433.4,415.65, 422.80,422.2,423.09,329139,1392.57,12808, 103135, 31.33,-1.14
INTELLECT, EQ, 12-Jan-2024,808.65,815.5,837.45,814.0,817.75,816.7,827.09,604755,5001.85,32481, 159822, 26.43,1.0
INTELLECT, EQ, 12-Feb-2020,157.75,159.0,159.0,154.1, 155.00,155.05,155.65,113146,176.11,1453, 53303, 47.11,-1.71
INTELLECT, EQ, 12-Feb-2021,447.6,447.0,464.0,444.1,445.5,446.15,453.89,261605,1187.39,8635, 135713, 51.88,-0.32
INTELLECT, EQ, 12-Feb-2024,1000.05,1006.35,1024.6,932.05, 942.00,944.95,976.44,521807,5095.15,34038, 189740, 36.36,-5.51
INTELLECT, EQ, 12-Feb-2025,750.65,750.0,750.0,716.4,738.55,738.9,733.05,321603,2357.52,27967, 95530, 29.70,-1.57
INTELLECT, EQ, 12-Mar-2020,96.9,91.05,92.2,77.55, 77.55,77.55,79.37,607425,482.09,3787, 308443, 50.78,-19.97
INTELLECT, EQ, 12-Mar-2021,484.2,487.1,509.0,483.35, 497.25,498.05,499.81,966441,4830.39,30586, 498896, 51.62,2.86
INTELLECT, EQ, 12-Mar-2024,1092.05,1094.0,1130.0,1094.0, 1115.80,1117.9,1116.78,969808,10830.62,53325, 194745, 20.08,2.37
INTELLECT, EQ, 12-Mar-2025,668.15,666.05,672.35,650.25,654.1,656.75,656.37,321343,2109.2,24696, 89959, 27.99,-1.71
INTELLECT, EQ, 12-Apr-2021,708.15,695.0,695.9,635.0, 655.00,651.8,662.75,434865,2882.07,26733, 245983, 56.57,-7.96
INTELLECT, EQ, 12-Apr-2022,951.85,950.0,950.0,901.25, 918.00,918.05,925.44,626457,5797.47,23818, 274257, 43.78,-3.55
INTELLECT, EQ, 12-Apr-2023,426.6,426.6,438.2,426.25, 436.00,434.6,434.77,390789,1699.02,13723, 91740, 23.48,1.88
INTELLECT, EQ, 12-Apr-2024,1008.4,1007.0,1017.6,988.1, 1002.00,996.4,999.43,723711,7232.99,35551, 231580, 32.00,-1.19
INTELLECT, EQ, 12-May-2020,70.55,74.05,74.05,67.15, 72.00,72.45,71.01,176023,125.0,1534, 84394, 47.94,2.69
INTELLECT, EQ, 12-May-2021,756.85,772.45,778.8,700.0,707.0,709.6,727.28,1146398,8337.49,53265, 679337, 59.26,-6.24
INTELLECT, EQ, 12-May-2022,596.2,590.0,595.0,571.1,580.75,578.85,581.39,520621,3026.86,17000, 222333, 42.71,-2.91
INTELLECT, EQ, 12-May-2023,466.4,484.0,534.2,478.05, 532.00,531.35,516.94,13952767,72127.04,175167, 941625, 6.75,13.93
INTELLECT, EQ, 12-Jun-2020,88.1,81.9,88.85,81.9, 87.00,87.7,85.56,93195,79.74,1144, 43435, 46.61,-0.45
INTELLECT, EQ, 12-Jun-2023,577.4,580.4,604.9,579.0, 597.10,597.7,596.6,1319484,7872.04,35424, 183626, 13.92,3.52
INTELLECT, EQ, 12-Jun-2024,1019.25,1019.5,1056.6,1019.5,1042.0,1042.6,1039.8,479676,4987.65,26645, 119469, 24.91,2.29
INTELLECT, EQ, 12-Jul-2021,712.7,718.0,735.0,707.25, 715.00,711.95,721.97,210082,1516.73,10301, 105866, 50.39,-0.11
INTELLECT, EQ, 12-Jul-2022,697.85,691.95,698.5,672.3,675.5,675.6,682.17,362897,2475.57,13981, 89552, 24.68,-3.19
INTELLECT, EQ, 12-Jul-2023,597.85,599.9,604.45,594.1, 597.95,597.5,598.48,355773,2129.22,12965, 92137, 25.90,-0.06
INTELLECT, EQ, 12-Jul-2024,1064.8,1069.0,1115.0,1069.0,1083.0,1082.65,1099.31,575586,6327.45,30101, 159468, 27.71,1.68
INTELLECT, EQ, 12-Aug-2020,185.95,185.6,189.0,179.0,185.15,185.15,184.64,208735,385.42,3762, 148779, 71.28,-0.43
INTELLECT, EQ, 12-Aug-2021,653.95,660.0,685.3,653.0, 685.05,681.5,673.95,630490,4249.22,19171, 273239, 43.34,4.21
INTELLECT, EQ, 12-Aug-2022,618.3,618.8,624.15,608.4,611.5,610.95,614.05,275869,1693.98,13506, 115269, 41.78,-1.19
INTELLECT, EQ, 12-Aug-2024,937.9,937.9,949.0,922.85,929.8,929.15,927.28,182275,1690.19,10154, 121856, 66.85,-0.93
INTELLECT, EQ, 12-Sep-2022,616.85,618.0,629.9,617.0, 621.45,622.15,623.72,459192,2864.07,15004, 188696, 41.09,0.86
INTELLECT, EQ, 12-Sep-2023,709.7,713.75,716.3,660.0, 674.25,670.35,680.22,702446,4778.21,21288, 345480, 49.18,-5.54
INTELLECT, EQ, 12-Sep-2024,990.35,1000.0,1007.2,991.05,992.5,999.5,999.3,258472,2582.9,10531, 189320, 73.25,0.92
INTELLECT, EQ, 12-Oct-2020,239.7,241.4,241.8,229.1, 231.00,231.75,234.83,112505,264.2,2428, 73694, 65.50,-3.32
INTELLECT, EQ, 12-Oct-2021,695.3,695.6,714.75,694.0, 698.25,698.7,699.79,167927,1175.13,10453, 87473, 52.09,0.49
INTELLECT, EQ, 12-Oct-2022,502.65,505.1,523.9,503.0, 521.95,521.05,515.85,565300,2916.11,14004, 137823, 24.38,3.66
INTELLECT, EQ, 12-Oct-2023,688.15,691.8,703.9,690.05, 691.50,693.2,696.99,186061,1296.82,9247, 79593, 42.78,0.73
INTELLECT, EQ, 12-Nov-2020,244.1,245.9,256.3,244.0, 256.30,256.0,254.41,581953,1480.53,5272, 294894, 50.67,4.88
INTELLECT, EQ, 12-Nov-2021,740.8,741.3,746.4,721.15, 724.00,725.75,735.18,278818,2049.81,15971, 132798, 47.63,-2.03
INTELLECT, EQ, 12-Nov-2024,744.5,746.65,751.8,730.0,734.8,731.7,740.04,103285,764.35,9715, 43020, 41.65,-1.72
INTELLECT, EQ, 12-Dec-2022,427.55,428.0,431.4,423.0, 429.75,430.0,429.55,453881,1949.64,9974, 207851, 45.79,0.57
INTELLECT, EQ, 12-Dec-2023,779.65,782.95,799.45,772.0, 779.00,777.65,787.0,614697,4837.67,30610, 226740, 36.89,-0.26
INTELLECT, EQ, 12-Dec-2024,851.3,851.9,868.75,842.55,848.8,850.95,856.57,317089,2716.08,21161, 81804, 25.80,-0.04
INTELLECT, EQ, 13-Jan-2020,152.25,153.8,158.0,149.65, 157.05,156.8,155.4,313191,486.71,4659, 111272, 35.53,2.99
INTELLECT, EQ, 13-Jan-2021,336.4,338.9,343.6,319.6, 319.60,321.8,327.98,283939,931.26,13134, 198928, 70.06,-4.34
INTELLECT, EQ, 13-Jan-2022,750.5,750.85,762.0,738.5, 746.20,744.95,748.31,183039,1369.69,6823, 77351, 42.26,-0.74
INTELLECT, EQ, 13-Jan-2023,422.2,424.35,426.75,415.0,422.4,423.35,420.51,666228,2801.57,15517, 336077, 50.44,0.27
INTELLECT, EQ, 13-Jan-2025,909.35,891.0,929.9,885.55,897.0,895.9,907.24,1185187,10752.46,52637, 264823, 22.34,-1.48
INTELLECT, EQ, 13-Feb-2020,155.05,154.95,154.95,151.35, 152.00,152.35,153.07,107731,164.91,1746, 60219, 55.90,-1.74
INTELLECT, EQ, 13-Feb-2023,464.3,464.35,464.5,452.35,458.5,457.25,457.36,334822,1531.34,11377, 83060, 24.81,-1.52
INTELLECT, EQ, 13-Feb-2024,944.95,950.0,955.3,915.1, 937.00,940.2,932.45,220423,2055.33,19326, 75639, 34.32,-0.5
INTELLECT, EQ, 13-Feb-2025,738.9,738.9,756.15,731.5,734.1,734.2,741.16,244753,1814.01,19431, 53001, 21.65,-0.64
INTELLECT, EQ, 13-Mar-2020,77.55,69.8,78.15,69.8, 76.00,76.1,71.71,384099,275.44,5537, 160557, 41.80,-1.87
INTELLECT, EQ, 13-Mar-2023,429.4,431.35,438.0,421.0, 423.00,423.1,429.57,398678,1712.61,14472, 99364, 24.92,-1.47
INTELLECT, EQ, 13-Mar-2024,1117.9,1120.05,1195.0,1055.3, 1143.80,1129.75,1157.47,5162918,59759.32,182826, 610223, 11.82,1.06
INTELLECT, EQ, 13-Mar-2025,656.75,663.2,671.7,640.55,641.5,645.35,657.44,362104,2380.62,27884, 107586, 29.71,-1.74
INTELLECT, EQ, 13-Apr-2020,69.3,72.75,72.75,69.7, 72.75,72.75,72.18,250700,180.95,1393,184962,73.88,4.98
INTELLECT, EQ, 13-Apr-2021,651.8,658.9,724.0,643.0, 699.00,703.65,687.74,728888,5012.86,36473, 336740, 46.20,7.95
INTELLECT, EQ, 13-Apr-2022,918.05,918.0,926.9,902.0,911.6,913.1,914.03,323383,2955.83,12281, 141010, 43.60,-0.54
INTELLECT, EQ, 13-Apr-2023,434.6,432.0,434.9,426.1, 432.90,431.7,430.3,227743,979.97,8098, 58120, 25.52,-0.67
INTELLECT, EQ, 13-May-2020,72.45,75.9,75.9,68.85,69.75,69.8,70.62,122159,86.27,1201, 79299, 64.91,-3.66
INTELLECT, EQ, 13-May-2022,578.85,585.0,599.2,562.65,573.6,571.7,584.96,822541,4811.53,26297, 326158, 39.65,-1.24
INTELLECT, EQ, 13-May-2024,874.95,880.0,885.0,852.05,877.65,880.9,867.34,901697,7820.82,40940, 255571, 28.34,0.68
INTELLECT, EQ, 13-Jun-2022,646.05,628.0,636.35,618.9,621.7,621.5,628.93,366422,2304.54,11672, 168513, 45.99,-3.8
INTELLECT, EQ, 13-Jun-2023,597.7,602.8,607.95,593.35, 606.00,605.25,602.3,732052,4409.15,20131, 185173, 25.30,1.26
INTELLECT, EQ, 13-Jun-2024,1042.6,1043.15,1117.0,1042.9,1069.0,1064.8,1077.13,1463765,15766.62,66071, 390856, 26.70,2.13
INTELLECT, EQ, 13-Jul-2020,110.95,112.0,116.45,112.0, 116.00,116.15,115.58,471518,544.99,3900, 316096, 67.04,4.69
INTELLECT, EQ, 13-Jul-2021,711.95,717.95,722.0,707.0, 711.80,712.6,714.42,170101,1215.23,7994, 115925, 68.15,0.09
INTELLECT, EQ, 13-Jul-2022,675.6,678.6,688.45,670.1,677.95,676.75,678.03,237137,1607.86,10727, 47148, 19.88,0.17
INTELLECT, EQ, 13-Jul-2023,597.5,599.9,618.0,599.3, 607.05,605.9,610.68,1044242,6376.93,31718, 230203, 22.04,1.41
INTELLECT, EQ, 13-Aug-2020,185.15,189.2,193.9,186.45, 190.00,188.7,189.3,237445,449.48,5369, 144314, 60.78,1.92
INTELLECT, EQ, 13-Aug-2021,681.5,686.8,689.0,656.25,662.8,668.25,669.19,340427,2278.09,11623, 201294, 59.13,-1.94
INTELLECT, EQ, 13-Aug-2024,929.15,922.25,946.75,922.25,938.0,942.65,941.04,187550,1764.91,8634, 102483, 54.64,1.45
INTELLECT, EQ, 13-Sep-2021,631.9,636.0,649.75,627.0, 644.20,643.7,639.7,144561,924.75,6901, 83944, 58.07,1.87
INTELLECT, EQ, 13-Sep-2022,622.15,621.95,630.85,614.0, 615.00,616.0,619.55,232778,1442.19,11574, 105338, 45.25,-0.99
INTELLECT, EQ, 13-Sep-2023,670.35,672.95,684.45,664.6, 669.00,671.4,672.45,271332,1824.58,8512, 106158, 39.12,0.16
INTELLECT, EQ, 13-Sep-2024,999.5,1020.0,1040.5,981.05,987.5,985.8,1000.37,226839,2269.23,12552, 72402, 31.92,-1.37
INTELLECT, EQ, 13-Oct-2020,231.75,232.0,235.0,229.0, 230.00,229.9,231.35,111941,258.97,3369, 77762, 69.47,-0.8
INTELLECT, EQ, 13-Oct-2021,698.7,704.95,705.0,685.6,687.0,687.25,690.55,196853,1359.37,13604, 115673, 58.76,-1.64
INTELLECT, EQ, 13-Oct-2022,521.05,521.0,529.0,516.9,525.0,524.9,522.36,297901,1556.12,9865, 107565, 36.11,0.74
INTELLECT, EQ, 13-Oct-2023,693.2,685.0,692.55,671.0, 677.00,676.6,679.38,389203,2644.15,14806, 185084, 47.55,-2.39
INTELLECT, EQ, 13-Nov-2020,256.0,259.0,265.2,249.9,251.9,252.3,256.71,225728,579.46,4790, 128017, 56.71,-1.45
INTELLECT, EQ, 13-Nov-2023,672.95,670.95,672.25,663.85, 668.00,667.55,667.1,83520,557.16,4433, 36506, 43.71,-0.8
INTELLECT, EQ, 13-Nov-2024,731.7,729.7,735.2,715.0,721.8,717.05,721.71,156123,1126.76,17215, 75170, 48.15,-2.0
INTELLECT, EQ, 13-Dec-2021,697.6,700.1,711.3,672.95,696.0,692.7,702.24,170137,1194.77,7679, 72951, 42.88,-0.7
INTELLECT, EQ, 13-Dec-2022,430.0,432.15,434.0,427.0, 429.55,428.85,429.74,385799,1657.93,6316, 199843, 51.80,-0.27
INTELLECT, EQ, 13-Dec-2023,777.65,782.9,804.7,771.0, 785.00,777.8,788.09,663931,5232.34,30716, 212198, 31.96,0.02
INTELLECT, EQ, 13-Dec-2024,850.95,840.25,849.55,824.35,834.0,830.25,831.44,247540,2058.15,14018, 119113, 48.12,-2.43
INTELLECT, EQ, 14-Jan-2020,156.8,157.0,157.7,153.4, 154.00,154.0,155.15,130767,202.88,2873, 75122, 57.45,-1.79
INTELLECT, EQ, 14-Jan-2021,321.8,322.9,333.5,314.0, 326.25,324.5,324.01,340389,1102.9,7201, 203068, 59.66,0.84
INTELLECT, EQ, 14-Jan-2022,744.95,741.1,762.0,737.5, 747.00,747.05,751.7,157179,1181.51,6914, 62764, 39.93,0.28
INTELLECT, EQ, 14-Jan-2025,895.9,905.0,916.4,892.7,900.05,900.4,900.36,476059,4286.24,20317, 144521, 30.36,0.5
INTELLECT, EQ, 14-Feb-2020,152.35,151.85,152.3,143.0, 144.00,144.35,146.76,235101,345.04,3727, 138165, 58.77,-5.25
INTELLECT, EQ, 14-Feb-2022,685.3,671.0,674.0,627.9,653.0,655.25,660.09,659587,4353.85,23879, 356792, 54.09,-4.38
INTELLECT, EQ, 14-Feb-2023,457.25,457.0,474.0,456.05,456.5,457.65,464.64,534003,2481.2,16564, 91111, 17.06,0.09
INTELLECT, EQ, 14-Feb-2024,940.2,920.0,941.15,916.6, 925.00,922.85,925.72,190601,1764.43,15264, 81506, 42.76,-1.85
INTELLECT, EQ, 14-Feb-2025,734.2,740.0,742.7,693.8,706.95,705.3,712.28,314838,2242.52,27589, 99128, 31.49,-3.94
INTELLECT, EQ, 14-Mar-2022,737.85,744.85,752.7,720.0,732.0,734.4,735.12,478192,3515.3,19372, 118545, 24.79,-0.47
INTELLECT, EQ, 14-Mar-2023,423.1,425.0,426.0,392.65, 402.00,403.45,404.48,1313238,5311.75,32007, 423350, 32.24,-4.64
INTELLECT, EQ, 14-Mar-2024,1129.75,1132.0,1182.95,1102.25, 1179.60,1173.1,1149.25,1673455,19232.15,74138, 250439, 14.97,3.84
INTELLECT, EQ, 14-May-2020,69.8,69.0,69.0,66.35,66.6,66.65,67.2,57711,38.78,715, 43997, 76.24,-4.51
INTELLECT, EQ, 14-May-2021,709.6,719.4,735.0,686.0, 721.00,719.8,715.53,653613,4676.83,34720, 288093, 44.08,1.44
INTELLECT, EQ, 14-May-2024,880.9,882.8,888.65,875.35,880.0,880.2,881.4,277860,2449.07,17034, 121605, 43.76,-0.08
INTELLECT, EQ, 14-Jun-2021,767.5,765.0,774.9,739.0, 762.00,763.25,759.97,268149,2037.86,19531, 138405, 51.61,-0.55
INTELLECT, EQ, 14-Jun-2022,621.5,615.5,631.95,613.0, 626.20,626.5,625.78,289628,1812.42,11568, 94417, 32.60,0.8
INTELLECT, EQ, 14-Jun-2023,605.25,610.0,616.6,601.5, 613.00,613.8,610.49,863190,5269.67,21832, 248159, 28.75,1.41
INTELLECT, EQ, 14-Jun-2024,1064.8,1068.05,1093.0,1059.4,1070.0,1075.4,1076.66,673858,7255.17,33748, 350224, 51.97,1.0
INTELLECT, EQ, 14-Jul-2020,116.15,116.3,120.0,112.8,115.1,114.95,116.72,293728,342.84,3593, 155026, 52.78,-1.03
INTELLECT, EQ, 14-Jul-2021,712.6,714.95,717.95,707.4, 710.90,710.65,711.22,176244,1253.48,6270, 126399, 71.72,-0.27
INTELLECT, EQ, 14-Jul-2022,676.75,678.0,679.45,650.5, 656.05,657.0,662.65,245114,1624.24,10431, 67395, 27.50,-2.92
INTELLECT, EQ, 14-Jul-2023,605.9,608.05,644.5,608.05,641.3,640.85,630.0,2511476,15822.37,57368, 542690, 21.61,5.77
INTELLECT, EQ, 14-Aug-2020,188.7,190.0,196.4,182.1, 187.45,187.8,191.26,245574,469.68,5184, 141727, 57.71,-0.48
INTELLECT, EQ, 14-Aug-2023,694.1,693.9,707.95,675.5, 705.00,704.4,696.98,612450,4268.64,20770, 199892, 32.64,1.48
INTELLECT, EQ, 14-Aug-2024,942.65,953.0,953.0,931.55,940.0,942.85,939.31,120549,1132.33,9239, 54447, 45.17,0.02
INTELLECT, EQ, 14-Sep-2020,194.5,199.5,204.2,196.0,204.2,204.2,202.83,431227,874.65,3764, 277740, 64.41,4.99
INTELLECT, EQ, 14-Sep-2021,643.7,649.9,649.9,636.25, 643.00,643.2,642.89,172327,1107.87,12182, 125134, 72.61,-0.08
INTELLECT, EQ, 14-Sep-2022,616.0,609.0,615.3,597.0,597.5,600.1,603.63,433796,2618.53,11183, 186650, 43.03,-2.58
INTELLECT, EQ, 14-Sep-2023,671.4,675.0,705.0,675.0, 687.00,685.4,691.78,525668,3636.45,18611, 125040, 23.79,2.09
INTELLECT, EQ, 14-Oct-2020,229.9,230.75,238.55,219.0, 236.80,234.85,230.87,177613,410.05,5020, 86486, 48.69,2.15
INTELLECT, EQ, 14-Oct-2021,687.25,692.9,720.0,690.2,706.0,706.3,710.46,687443,4883.99,31532, 262322, 38.16,2.77
INTELLECT, EQ, 14-Oct-2022,524.9,532.9,544.9,525.0, 528.05,528.3,537.16,932391,5008.43,22667, 243024, 26.06,0.65
INTELLECT, EQ, 14-Oct-2024,899.9,908.9,908.9,881.25,886.0,884.35,887.25,143088,1269.55,11029, 60482, 42.27,-1.73
INTELLECT, EQ, 14-Nov-2022,445.25,444.95,457.1,443.0,451.05,453.0,451.2,901052,4065.56,23902, 248641, 27.59,1.74
INTELLECT, EQ, 14-Nov-2024,717.05,720.65,734.8,708.45, 723.30,722.4,722.26,192863,1392.98,21583, 87042, 45.13,0.75
INTELLECT, EQ, 14-Dec-2020,286.45,286.0,300.75,286.0,300.75,300.75,297.71,535022,1592.84,10635, 335438, 62.70,4.99
INTELLECT, EQ, 14-Dec-2021,692.7,691.75,693.4,670.85,680.0,676.95,680.31,159565,1085.54,9181, 73935, 46.34,-2.27
INTELLECT, EQ, 14-Dec-2022,428.85,431.0,443.15,429.2, 439.00,438.95,435.51,1302030,5670.51,17231, 600995, 46.16,2.36
INTELLECT, EQ, 14-Dec-2023,777.8,785.6,798.45,775.95, 779.50,778.35,784.03,361359,2833.16,16249, 157216, 43.51,0.07
INTELLECT, EQ, 15-Jan-2020,154.0,153.1,161.8,153.1, 159.45,159.7,159.4,518471,826.42,7530, 205099, 39.56,3.7
INTELLECT, EQ, 15-Jan-2021,324.5,327.0,340.0,324.65,340.0,334.5,333.14,432850,1441.98,8628, 285799, 66.03,3.08
INTELLECT, EQ, 15-Jan-2024,816.7,823.0,840.0,819.95, 832.00,831.35,831.66,359406,2989.04,21037, 127597, 35.50,1.79
INTELLECT, EQ, 15-Jan-2025,900.4,910.1,926.35,894.4,902.0,904.1,907.46,548074,4973.58,27476, 94599, 17.26,0.41
INTELLECT, EQ, 15-Feb-2021,446.15,451.7,451.7,435.0, 436.90,437.9,444.51,142451,633.21,7293, 85933, 60.32,-1.85
INTELLECT, EQ, 15-Feb-2022,655.25,658.0,685.95,649.05,675.1,676.15,663.92,664499,4411.77,21875, 116506, 17.53,3.19
INTELLECT, EQ, 15-Feb-2023,457.65,456.5,465.55,453.75, 463.25,463.65,460.46,232841,1072.14,9401, 50150, 21.54,1.31
INTELLECT, EQ, 15-Feb-2024,922.85,930.9,942.75,898.0, 907.50,905.3,914.72,348548,3188.25,22765, 147530, 42.33,-1.9
INTELLECT, EQ, 15-Mar-2021,498.05,502.0,527.0,501.25, 524.00,522.6,516.43,1081788,5586.68,29512, 475500, 43.96,4.93
INTELLECT, EQ, 15-Mar-2022,734.4,734.05,744.25,708.75,716.0,713.8,725.03,219385,1590.61,11891, 73946, 33.71,-2.81
INTELLECT, EQ, 15-Mar-2023,403.45,409.9,414.9,398.05, 400.00,399.55,405.26,470926,1908.49,14703, 131098, 27.84,-0.97
INTELLECT, EQ, 15-Mar-2024,1173.1,1179.6,1199.0,1101.0, 1110.00,1119.25,1149.44,814800,9365.6,37292, 161801, 19.86,-4.59
INTELLECT, EQ, 15-Apr-2020,72.75,76.35,76.35,76.35, 76.35,76.35,76.35,45010,34.37,180, 40007, 88.88,4.95
INTELLECT, EQ, 15-Apr-2021,703.65,670.0,718.0,670.0,688.9,685.4,688.64,473646,3261.69,28769, 205496, 43.39,-2.59
INTELLECT, EQ, 15-Apr-2024,996.4,987.8,1050.0,963.0, 1020.00,1022.4,1018.33,1797516,18304.58,67413, 269572, 15.00,2.61
INTELLECT, EQ, 15-Apr-2025,660.6,681.65,764.85,676.65,743.0,751.8,733.11,4331554,31754.99,148920, 429908, 9.93,13.81
INTELLECT, EQ, 15-May-2020,66.65,69.0,69.95,66.0,67.6,68.0,68.46,104492,71.54,977, 69863, 66.86,2.03
INTELLECT, EQ, 15-May-2023,531.35,535.0,555.0,530.0, 542.40,542.55,545.43,5305737,28938.89,90681, 635432, 11.98,2.11
INTELLECT, EQ, 15-May-2024,880.2,880.95,892.5,875.25,882.0,880.2,881.85,272428,2402.42,12857, 138479, 50.83,0.0
INTELLECT, EQ, 15-Jun-2020,87.7,90.2,90.2,86.1,87.7,87.65,87.74,93796,82.3,1069, 67698, 72.18,-0.06
INTELLECT, EQ, 15-Jun-2021,763.25,768.9,773.65,756.0, 767.70,769.55,765.71,232243,1778.3,15528, 137933, 59.39,0.83
INTELLECT, EQ, 15-Jun-2022,626.5,630.0,635.0,615.0, 617.00,618.2,623.03,252254,1571.63,9603, 97075, 38.48,-1.32
INTELLECT, EQ, 15-Jun-2023,613.8,613.8,614.6,600.15, 604.60,604.75,606.38,348202,2111.44,9277, 114998, 33.03,-1.47
INTELLECT, EQ, 15-Jul-2020,114.95,116.0,120.65,115.6,120.65,120.65,120.18,352758,423.95,1638, 231906, 65.74,4.96
INTELLECT, EQ, 15-Jul-2021,710.65,717.0,783.8,704.0, 777.00,772.45,754.93,1676467,12656.14,57330, 647151, 38.60,8.7
INTELLECT, EQ, 15-Jul-2022,657.0,659.9,671.0,655.5,665.9,666.8,664.13,193593,1285.71,8365, 42458, 21.93,1.49
INTELLECT, EQ, 15-Jul-2024,1082.65,1090.0,1109.0,1081.0,1082.0,1088.1,1095.18,169051,1851.41,13634, 55804, 33.01,0.5
INTELLECT, EQ, 15-Sep-2020,204.2,209.3,209.3,199.8, 205.00,205.05,203.72,447574,911.8,4230, 305818, 68.33,0.42
INTELLECT, EQ, 15-Sep-2021,643.2,643.0,645.0,633.0, 634.50,634.15,638.39,206903,1320.84,13180, 140356, 67.84,-1.41
INTELLECT, EQ, 15-Sep-2022,600.1,602.95,606.1,580.55,582.0,585.3,591.36,386227,2284.0,13176, 192946, 49.96,-2.47
INTELLECT, EQ, 15-Sep-2023,685.4,691.6,734.2,689.05, 718.95,717.4,720.84,1564385,11276.72,43655, 394163, 25.20,4.67
INTELLECT, EQ, 15-Oct-2020,234.85,239.5,246.55,237.1, 239.00,239.1,244.16,490676,1198.01,5617, 276654, 56.38,1.81
INTELLECT, EQ, 15-Oct-2024,884.35,890.9,897.05,874.0,890.65,894.2,888.41,211255,1876.82,17985, 99352, 47.03,1.11
INTELLECT, EQ, 15-Nov-2021,725.75,729.9,733.7,703.0, 706.50,708.25,714.74,251010,1794.08,12340, 139710, 55.66,-2.41
INTELLECT, EQ, 15-Nov-2022,453.0,453.65,460.3,449.5, 458.00,458.05,456.06,420296,1916.8,12941, 145652, 34.65,1.11
INTELLECT, EQ, 15-Nov-2023,667.55,675.0,695.0,673.8, 690.30,689.9,688.01,467428,3215.94,19159, 223614, 47.84,3.35
INTELLECT, EQ, 15-Dec-2020,300.75,308.95,315.75,295.0,315.75,315.75,311.75,675467,2105.8,9430, 336153, 49.77,4.99
INTELLECT, EQ, 15-Dec-2021,676.95,680.0,703.4,662.0, 687.50,688.45,694.55,388492,2698.28,16223, 164445, 42.33,1.7
INTELLECT, EQ, 15-Dec-2022,438.95,441.15,441.15,428.75, 429.00,430.05,432.74,409349,1771.43,9016, 97493, 23.82,-2.03
INTELLECT, EQ, 15-Dec-2023,778.35,783.0,817.0,783.0, 801.00,800.35,801.74,1299192,10416.19,53632, 470494, 36.21,2.83
INTELLECT, EQ, 16-Jan-2020,159.7,159.35,165.6,158.65, 162.05,161.9,163.18,345860,564.38,4370, 175992, 50.89,1.38
INTELLECT, EQ, 16-Jan-2023,423.35,423.5,431.5,419.0, 419.50,420.4,424.65,313530,1331.42,11643, 95240, 30.38,-0.7
INTELLECT, EQ, 16-Jan-2024,831.35,834.0,857.95,831.0, 856.60,853.8,847.8,892118,7563.37,44883, 278607, 31.23,2.7
INTELLECT, EQ, 16-Jan-2025,904.1,915.8,924.9,898.0,901.0,902.9,911.29,547077,4985.47,24944, 101023, 18.47,-0.13
INTELLECT, EQ, 16-Feb-2021,437.9,438.0,446.0,424.75, 426.00,428.25,433.42,185603,804.44,6453, 122502, 66.00,-2.2
INTELLECT, EQ, 16-Feb-2022,676.15,686.6,698.75,680.05,686.1,687.3,688.9,350234,2412.78,12412, 116386, 33.23,1.65
INTELLECT, EQ, 16-Feb-2023,463.65,464.0,473.0,463.35, 470.50,470.8,469.97,567648,2667.78,19646, 141793, 24.98,1.54
INTELLECT, EQ, 16-Feb-2024,905.3,914.4,937.8,908.25,931.95,931.5,926.8,234512,2173.45,16672, 100505, 42.86,2.89
INTELLECT, EQ, 16-Mar-2020,76.1,75.0,75.85,68.5, 68.50,68.5,69.79,184074,128.46,3418, 122036, 66.30,-9.99
INTELLECT, EQ, 16-Mar-2021,522.6,529.0,627.0,529.0, 611.00,614.9,592.96,4688811,27802.67,164144, 984700, 21.00,17.66
INTELLECT, EQ, 16-Mar-2022,713.8,726.0,772.0,720.0,763.25,761.8,754.65,949473,7165.18,30247, 296615, 31.24,6.72
INTELLECT, EQ, 16-Mar-2023,399.55,400.0,403.9,388.65, 403.90,401.65,398.61,484857,1932.68,16770, 157072, 32.40,0.53
INTELLECT, EQ, 16-Apr-2020,76.35,79.75,80.15,77.35, 80.15,80.15,79.93,143931,115.05,912, 131921, 91.66,4.98
INTELLECT, EQ, 16-Apr-2021,685.4,691.6,715.0,681.0,685.2,687.15,697.04,395177,2754.56,21334, 217390, 55.01,0.26
INTELLECT, EQ, 16-Apr-2024,1022.4,1021.8,1054.0,1012.8, 1039.00,1040.45,1043.79,619287,6464.04,24156, 124904, 20.17,1.77
INTELLECT, EQ, 16-Apr-2025,751.8,744.0,769.9,735.0,749.2,750.5,758.94,1251468,9497.87,49026, 199444, 15.94,-0.17
INTELLECT, EQ, 16-May-2022,571.7,574.6,590.75,564.0,581.0,576.85,575.72,512481,2950.44,17433, 168154, 32.81,0.9
INTELLECT, EQ, 16-May-2023,542.55,546.95,548.0,534.0,541.5,540.15,542.01,1524492,8262.93,37731, 357127, 23.43,-0.44
INTELLECT, EQ, 16-May-2024,880.2,884.0,893.0,877.0,879.9,878.35,881.67,203364,1793.0,15273, 90386, 44.45,-0.21
INTELLECT, EQ, 16-Jun-2020,87.65,96.4,96.4,95.25, 96.40,96.4,96.4,134764,129.91,572, 131715, 97.74,9.98
INTELLECT, EQ, 16-Jun-2021,769.55,773.5,814.0,760.0, 761.35,763.9,787.36,1163175,9158.33,39850, 520997, 44.79,-0.73
INTELLECT, EQ, 16-Jun-2022,618.2,628.7,636.85,595.0, 603.00,605.6,611.72,584414,3574.95,18371, 198470, 33.96,-2.04
INTELLECT, EQ, 16-Jun-2023,604.75,605.0,613.25,601.3, 610.00,608.45,608.16,307799,1871.91,10700, 102987, 33.46,0.61
INTELLECT, EQ, 16-Jul-2020,120.65,122.0,126.65,117.75, 126.60,125.65,122.46,375597,459.96,3654, 200857, 53.48,4.14
INTELLECT, EQ, 16-Jul-2021,772.45,780.0,810.0,765.1, 777.00,777.0,787.74,1049772,8269.44,43206, 388312, 36.99,0.59
INTELLECT, EQ, 16-Jul-2024,1088.1,1089.0,1122.0,1084.3,1092.0,1094.0,1105.26,465926,5149.71,25207, 113865, 24.44,0.54
INTELLECT, EQ, 16-Aug-2021,668.25,655.0,688.0,646.85,670.0,672.05,665.02,404528,2690.17,18780, 158255, 39.12,0.57
INTELLECT, EQ, 16-Aug-2022,610.95,615.0,639.9,610.1,630.8,631.1,628.58,734552,4617.25,28327, 262921, 35.79,3.3
INTELLECT, EQ, 16-Aug-2023,704.4,705.0,731.0,696.65, 713.50,715.0,718.46,874066,6279.79,25477, 253729, 29.03,1.5
INTELLECT, EQ, 16-Aug-2024,942.85,948.05,974.0,945.0,955.35,953.8,961.37,169734,1631.77,15643, 49674, 29.27,1.16
INTELLECT, EQ, 16-Sep-2020,205.05,205.5,209.9,200.0,207.0,208.3,205.04,185233,379.81,2884, 121240, 65.45,1.58
INTELLECT, EQ, 16-Sep-2021,634.15,636.95,673.55,636.0,663.0,662.3,659.58,643210,4242.51,27074, 305228, 47.45,4.44
INTELLECT, EQ, 16-Sep-2022,585.3,584.3,584.3,528.9, 557.35,558.2,551.53,2282543,12588.87,62980, 782891, 34.30,-4.63
INTELLECT, EQ, 16-Sep-2024,985.8,988.95,1000.75,975.9,992.45,994.5,992.9,236949,2352.66,15334, 43505, 18.36,0.88
INTELLECT, EQ, 16-Oct-2020,239.1,240.0,244.45,233.0, 237.00,236.05,238.42,110044,262.36,2709, 64320, 58.45,-1.28
INTELLECT, EQ, 16-Oct-2023,676.6,675.05,692.15,666.0, 671.00,671.25,678.34,320617,2174.87,12502, 132794, 41.42,-0.79
INTELLECT, EQ, 16-Oct-2024,894.2,893.9,900.2,868.65,887.1,883.85,882.64,302912,2673.63,27355, 104026, 34.34,-1.16
INTELLECT, EQ, 16-Nov-2021,708.25,706.0,716.0,690.1, 694.40,696.0,702.9,260804,1833.19,13500, 122154, 46.84,-1.73
INTELLECT, EQ, 16-Nov-2022,458.05,459.5,463.9,440.5, 442.80,443.55,450.7,566127,2551.52,14263, 156150, 27.58,-3.17
INTELLECT, EQ, 16-Nov-2023,689.9,693.0,701.8,688.05, 693.00,694.85,694.58,290698,2019.12,14440, 121177, 41.68,0.72
INTELLECT, EQ, 16-Dec-2020,315.75,313.85,330.6,308.6, 318.05,318.95,322.89,545466,1761.28,12832, 271901, 49.85,1.01
INTELLECT, EQ, 16-Dec-2021,688.45,691.3,723.65,691.3, 717.00,714.15,712.47,694083,4945.16,31194, 307883, 44.36,3.73
INTELLECT, EQ, 16-Dec-2022,430.05,427.0,430.0,413.4, 420.75,420.75,421.67,536423,2261.94,14771, 154304, 28.77,-2.16
INTELLECT, EQ, 16-Dec-2024,830.25,825.0,845.95,825.0,838.0,837.2,837.62,111953,937.74,11402, 41349, 36.93,0.84
INTELLECT, EQ, 17-Jan-2020,161.9,162.3,163.95,160.0, 160.05,160.4,161.37,118786,191.68,1521, 67030, 56.43,-0.93
INTELLECT, EQ, 17-Jan-2022,747.05,749.8,804.2,748.55,796.0,793.3,789.35,1336414,10548.98,38796, 654363, 48.96,6.19
INTELLECT, EQ, 17-Jan-2023,420.4,420.0,422.5,415.0,419.5,419.35,418.38,256017,1071.12,8084, 63150, 24.67,-0.25
INTELLECT, EQ, 17-Jan-2024,853.8,854.9,865.55,843.0, 855.95,857.5,855.78,435387,3725.96,24498, 154846, 35.57,0.43
INTELLECT, EQ, 17-Jan-2025,902.9,906.6,908.0,882.05,895.1,896.2,893.31,347165,3101.25,22853, 79299, 22.84,-0.74
INTELLECT, EQ, 17-Feb-2020,144.35,140.0,142.8,132.55, 136.45,136.6,138.13,313000,432.35,4737, 168923, 53.97,-5.37
INTELLECT, EQ, 17-Feb-2021,428.25,430.85,454.0,425.05, 443.00,444.2,440.41,286245,1260.65,10712, 138208, 48.28,3.72
INTELLECT, EQ, 17-Feb-2022,687.3,690.0,694.7,670.0,671.1,672.6,677.65,177238,1201.06,6711, 67028, 37.82,-2.14
INTELLECT, EQ, 17-Feb-2023,470.8,468.0,471.75,456.8, 460.90,461.4,462.79,617427,2857.36,19544, 159094, 25.77,-2.0
INTELLECT, EQ, 17-Feb-2025,705.3,705.05,708.7,678.5,699.9,701.75,696.61,290690,2024.99,37601, 96602, 33.23,-0.5
INTELLECT, EQ, 17-Mar-2020,68.5,66.0,70.9,63.0, 63.20,63.45,65.88,173116,114.05,3343, 87177, 50.36,-7.37
INTELLECT, EQ, 17-Mar-2021,614.9,605.8,647.9,580.0,582.0,588.5,620.87,3469313,21540.03,158399, 839518, 24.20,-4.29
INTELLECT, EQ, 17-Mar-2022,761.8,772.0,779.25,757.7, 764.00,767.05,770.27,594353,4578.11,18828, 196389, 33.04,0.69
INTELLECT, EQ, 17-Mar-2023,401.65,405.25,423.0,404.7, 417.00,415.85,417.31,1304999,5445.94,30176, 323627, 24.80,3.54
INTELLECT, EQ, 17-Mar-2025,645.35,645.35,653.2,635.0,639.7,642.35,642.78,275703,1772.18,23622, 100287, 36.38,-0.46
INTELLECT, EQ, 17-Apr-2020,80.15,84.15,84.15,82.2, 84.15,84.15,84.1,56804,47.77,418, 52664, 92.71,4.99
INTELLECT, EQ, 17-Apr-2023,431.7,425.0,436.5,412.95, 433.40,432.8,426.32,461311,1966.66,13383, 92363, 20.02,0.25
INTELLECT, EQ, 17-Apr-2025,750.5,745.85,761.8,734.0,757.0,758.55,751.05,482323,3622.48,29714, 131114, 27.18,1.07
INTELLECT, EQ, 17-May-2021,719.8,725.7,733.65,712.0,720.0,719.8,721.65,357896,2582.74,28950, 239744, 66.99,0.0
INTELLECT, EQ, 17-May-2022,576.85,587.9,663.35,583.7, 640.35,641.35,620.09,2157074,13375.74,49529, 439580, 20.38,11.18
INTELLECT, EQ, 17-May-2023,540.15,543.0,550.0,534.95, 544.50,546.3,542.85,1146240,6222.38,29019, 265688, 23.18,1.14
INTELLECT, EQ, 17-May-2024,878.35,884.75,894.0,876.05,889.4,890.75,886.93,266543,2364.05,16361, 131707, 49.41,1.41
INTELLECT, EQ, 17-Jun-2020,96.4,101.0,106.0,100.0,106.0,106.0,104.76,201206,210.77,1019, 175100, 87.03,9.96
INTELLECT, EQ, 17-Jun-2021,763.9,758.9,778.0,753.55, 763.00,765.85,768.63,237227,1823.4,10884, 141143, 59.50,0.26
INTELLECT, EQ, 17-Jun-2022,605.6,606.5,634.8,584.65,629.0,629.05,618.87,765559,4737.81,24743, 278478, 36.38,3.87
INTELLECT, EQ, 17-Jul-2020,125.65,127.0,129.5,125.0, 128.00,127.75,127.49,307310,391.78,3135, 188572, 61.36,1.67
INTELLECT, EQ, 17-Jul-2023,640.85,645.0,653.95,632.25,639.25,638.55,645.03,1488628,9602.05,27754, 358219, 24.06,-0.36
INTELLECT, EQ, 16-Jul-2024,1088.1,1089.0,1122.0,1084.3,1092.0,1094.0,1105.26,465926,5149.71,25207, 113865, 24.44,0.54
INTELLECT, EQ, 17-Aug-2020,187.8,185.45,193.0,185.45, 190.30,190.2,190.16,191731,364.6,5966, 110644, 57.71,1.28
INTELLECT, EQ, 17-Aug-2021,672.05,675.0,684.55,656.95,669.5,672.95,671.01,221756,1488.02,9912, 115708, 52.18,0.13
INTELLECT, EQ, 17-Aug-2022,631.1,632.0,643.9,626.1, 631.15,634.2,637.17,471399,3003.63,20848, 150290, 31.88,0.49
INTELLECT, EQ, 17-Aug-2023,715.0,715.0,719.9,700.1, 703.00,702.65,709.23,286204,2029.85,9505, 103968, 36.33,-1.73
INTELLECT, EQ, 17-Sep-2020,208.3,208.3,218.7,207.0, 214.50,215.65,216.53,722319,1564.07,7166, 350282, 48.49,3.53
INTELLECT, EQ, 17-Sep-2021,662.3,685.0,708.0,666.25, 678.30,677.6,682.75,825017,5632.8,49677, 374023, 45.34,2.31
INTELLECT, EQ, 17-Sep-2024,994.5,1001.0,1001.0,980.0,990.0,991.3,989.93,92095,911.68,9361, 40895, 44.41,-0.32
INTELLECT, EQ, 17-Oct-2022,528.3,521.05,529.7,517.95,523.9,523.8,524.31,184937,969.65,7707, 60170, 32.54,-0.85
INTELLECT, EQ, 17-Oct-2023,671.25,674.75,681.0,658.0,672.95,670.75,668.48,666083,4452.66,19667, 356263, 53.49,-0.07
INTELLECT, EQ, 17-Oct-2024,883.85,887.8,887.8,869.1,871.5,871.0,876.66,179177,1570.78,16734, 67965, 37.93,-1.45
INTELLECT, EQ, 17-Nov-2020,256.85,252.0,263.45,252.0, 259.20,258.3,257.0,504120,1295.6,6788, 364514, 72.31,0.56
INTELLECT, EQ, 17-Nov-2021,696.0,697.25,707.25,675.5, 681.00,681.4,690.86,306697,2118.85,21115, 189852, 61.90,-2.1
INTELLECT, EQ, 17-Nov-2022,443.55,438.1,451.4,438.1, 447.00,448.55,446.45,529179,2362.54,16097, 158259, 29.91,1.13
INTELLECT, EQ, 17-Nov-2023,694.85,696.0,701.0,685.5, 689.50,689.65,694.79,209147,1453.13,14581, 97839, 46.78,-0.75
INTELLECT, EQ, 17-Dec-2020,318.95,319.25,324.9,303.05, 303.05,305.15,311.98,345762,1078.71,6632, 240551, 69.57,-4.33
INTELLECT, EQ, 17-Dec-2021,714.15,719.55,723.0,669.95, 680.20,679.25,695.12,399652,2778.05,14954, 166319, 41.62,-4.89
INTELLECT, EQ, 17-Dec-2024,837.2,838.0,857.0,831.75,834.05,837.25,846.45,193473,1637.65,17337, 65839, 34.03,0.01
INTELLECT, EQ, 18-Jan-2021,334.5,336.0,338.2,318.9, 322.55,324.05,326.23,216343,705.78,10646, 122671, 56.70,-3.12
INTELLECT, EQ, 18-Jan-2022,793.3,799.1,805.1,753.25, 761.50,760.95,781.96,480568,3757.85,20534, 220344, 45.85,-4.08
INTELLECT, EQ, 18-Jan-2023,419.35,419.0,429.8,419.0,426.0,426.55,426.7,337594,1440.53,12743, 76028, 22.52,1.72
INTELLECT, EQ, 18-Jan-2024,857.5,850.0,869.2,842.7, 866.10,866.2,859.58,469876,4038.94,27687, 176345, 37.53,1.01
INTELLECT, EQ, 18-Feb-2020,136.6,135.0,140.9,134.25, 138.00,138.0,137.32,169819,233.19,2560, 99860, 58.80,1.02
INTELLECT, EQ, 18-Feb-2021,444.2,448.7,454.9,436.0,444.9,445.15,442.71,542662,2402.44,12097, 340176, 62.69,0.21
INTELLECT, EQ, 18-Feb-2022,672.6,666.0,699.15,664.05,681.0,681.15,678.84,227634,1545.27,7567, 76548, 33.63,1.27
INTELLECT, EQ, 18-Feb-2025,701.75,705.2,708.3,674.65,689.7,694.45,687.98,236348,1626.02,22849, 60317, 25.52,-1.04
INTELLECT, EQ, 18-Mar-2020,63.45,65.0,65.0,57.15, 57.15,57.15,59.5,134799,80.21,1757, 111416, 82.65,-9.93
INTELLECT, EQ, 18-Mar-2021,588.5,603.6,613.9,565.05, 593.05,590.75,589.3,1303577,7682.03,31044, 518002, 39.74,0.38
INTELLECT, EQ, 18-Mar-2024,1119.25,1120.0,1143.35,1089.0, 1096.20,1099.25,1121.42,595325,6676.08,33423, 158750, 26.67,-1.79
INTELLECT, EQ, 18-Mar-2025,642.35,641.5,657.7,640.5,655.0,654.95,650.48,331023,2153.23,16602, 138175, 41.74,1.96
INTELLECT, EQ, 18-Apr-2022,913.1,895.0,895.7,865.85, 878.00,880.6,880.44,600564,5287.61,20728, 261169, 43.49,-3.56
INTELLECT, EQ, 18-Apr-2023,432.8,433.95,439.25,427.4, 438.70,437.55,433.67,241886,1049.0,11175, 68342, 28.25,1.1
INTELLECT, EQ, 18-Apr-2024,1040.45,1026.25,1045.45,1005.0, 1016.85,1011.3,1024.19,387717,3970.95,26901, 109244, 28.18,-2.8
INTELLECT, EQ, 18-May-2020,68.0,67.95,67.95,64.7, 65.15,65.0,65.72,43732,28.74,559, 28291, 64.69,-4.41
INTELLECT, EQ, 18-May-2021,719.8,723.0,732.0,710.05, 719.90,719.75,720.59,350488,2525.57,22413, 247120, 70.51,-0.01
INTELLECT, EQ, 18-May-2022,641.35,646.0,655.0,630.65,646.8,646.15,643.26,843958,5428.86,22521, 246931, 29.26,0.75
INTELLECT, EQ, 18-May-2023,546.3,546.95,558.0,543.75, 552.15,551.2,552.94,1071961,5927.33,29059, 201324, 18.78,0.9
INTELLECT, EQ, 18-Jun-2020,106.0,113.0,116.6,111.0,116.6,116.6,115.38,142160,164.03,615, 121568, 85.51,10.0
INTELLECT, EQ, 18-Jun-2021,765.85,769.9,775.0,714.45, 741.40,741.25,741.28,397673,2947.88,16882, 220362, 55.41,-3.21
INTELLECT, EQ, 18-Jun-2024,1075.4,1075.0,1075.0,1047.0,1053.0,1053.05,1058.03,243444,2575.7,14948, 120920, 49.67,-2.08
INTELLECT, EQ, 18-Jul-2022,666.8,674.0,681.5,668.45,670.0,670.95,674.04,221840,1495.28,11099, 79770, 35.96,0.62
INTELLECT, EQ, 18-Jul-2023,638.55,641.0,649.05,635.6, 639.00,639.6,641.67,472836,3034.05,17769, 124366, 26.30,0.16
INTELLECT, EQ, 18-Jul-2024,1094.0,1078.0,1097.0,1062.0,1077.0,1074.1,1078.58,299961,3235.33,25172, 190630, 63.55,-1.82
INTELLECT, EQ, 18-Aug-2020,190.2,192.6,193.3,188.65,191.4,191.6,191.23,138873,265.57,2341, 92521, 66.62,0.74
INTELLECT, EQ, 18-Aug-2021,672.95,676.7,678.2,650.0, 651.25,652.8,658.47,164611,1083.92,10745, 108753, 66.07,-2.99
INTELLECT, EQ, 18-Aug-2022,634.2,631.15,635.75,622.85,626.95,627.0,627.75,280159,1758.69,14823, 122350, 43.67,-1.14
INTELLECT, EQ, 18-Aug-2023,702.65,702.65,702.65,670.7, 682.00,678.5,682.58,517812,3534.46,17447, 180278, 34.82,-3.44
INTELLECT, EQ, 18-Sep-2020,215.65,218.95,223.7,210.0, 214.20,213.4,217.07,353504,767.33,6756, 149545, 42.30,-1.04
INTELLECT, EQ, 18-Sep-2023,717.4,718.95,730.0,705.6, 722.50,723.0,721.76,557175,4021.47,21530, 181716, 32.61,0.78
INTELLECT, EQ, 18-Sep-2024,991.3,994.95,998.1,976.0,980.5,985.25,986.45,101766,1003.87,10625, 23257, 22.85,-0.61
INTELLECT, EQ, 18-Oct-2021,706.3,710.9,720.0,706.5, 712.00,714.3,715.26,291869,2087.62,17570, 155769, 53.37,1.13
INTELLECT, EQ, 18-Oct-2022,523.8,531.0,533.5,521.2,523.5,523.4,526.64,210271,1107.37,8882, 68223, 32.45,-0.08
INTELLECT, EQ, 18-Oct-2023,670.75,674.55,709.0,673.95, 696.90,693.7,696.42,1391045,9687.56,42083, 404010, 29.04,3.42
INTELLECT, EQ, 18-Oct-2024,871.0,871.0,871.0,854.0,855.0,858.75,861.38,117610,1013.07,10431, 61474, 52.27,-1.41
INTELLECT, EQ, 18-Nov-2020,258.3,260.0,266.5,258.0, 263.00,262.45,263.56,287562,757.91,5616, 165975, 57.72,1.61
INTELLECT, EQ, 18-Nov-2021,681.4,683.85,693.25,661.1,668.5,673.2,672.96,463949,3122.2,22429, 251795, 54.27,-1.2
INTELLECT, EQ, 18-Nov-2022,448.55,450.65,450.7,435.5, 438.00,439.0,441.18,489385,2159.08,19907, 198721, 40.61,-2.13
INTELLECT, EQ, 18-Nov-2024,722.4,728.9,731.95,707.35,717.55,718.5,719.27,171305,1232.15,16350, 80032, 46.72,-0.54
INTELLECT, EQ, 18-Dec-2020,305.15,308.0,308.0,289.9, 294.80,295.75,294.54,285393,840.6,5418, 144836, 50.75,-3.08
INTELLECT, EQ, 18-Dec-2023,800.35,800.0,814.15,795.8, 804.00,799.7,804.9,603183,4855.05,43183, 268586, 44.53,-0.08
INTELLECT, EQ, 18-Dec-2024,837.25,830.0,845.6,830.0,839.0,837.25,839.2,163600,1372.93,13599, 59721, 36.50,0.0
INTELLECT, EQ, 19-Jan-2021,324.05,323.1,334.5,318.0, 329.70,326.35,325.23,219216,712.96,8270, 124641, 56.86,0.71
INTELLECT, EQ, 19-Jan-2022,760.95,757.0,774.75,742.0, 769.00,765.6,757.14,245865,1861.53,16606, 101182, 41.15,0.61
INTELLECT, EQ, 19-Jan-2023,426.55,424.8,425.0,417.5, 419.45,419.7,421.04,260771,1097.96,8028, 78173, 29.98,-1.61
INTELLECT, EQ, 19-Jan-2024,866.2,870.0,956.3,870.0, 925.00,923.75,926.45,3767825,34907.18,161678, 559901, 14.86,6.64
INTELLECT, EQ, 19-Feb-2020,138.0,138.75,148.5,136.2, 147.30,146.45,143.08,232527,332.69,3269, 106306, 45.72,6.12
INTELLECT, EQ, 19-Feb-2021,445.15,447.0,454.0,428.8,433.0,433.25,441.32,354006,1562.3,11311, 211062, 59.62,-2.67
INTELLECT, EQ, 19-Feb-2024,931.5,936.0,946.7,902.0, 917.00,908.85,925.7,298599,2764.14,17133, 112605, 37.71,-2.43
INTELLECT, EQ, 19-Feb-2025,694.45,685.05,718.0,681.4,710.5,713.65,708.24,283723,2009.44,25065, 84134, 29.65,2.76
INTELLECT, EQ, 19-Mar-2020,57.15,51.45,55.5,51.45, 51.45,51.45,51.52,185049,95.34,1031, 132191, 71.44,-9.97
INTELLECT, EQ, 19-Mar-2021,590.75,580.0,694.0,565.25,677.95,673.3,659.15,3940784,25975.48,59099, 2318583, 58.84,13.97
INTELLECT, EQ, 19-Mar-2024,1099.25,1103.7,1108.05,1035.95, 1040.00,1052.65,1077.78,692736,7466.2,32452, 208646, 30.12,-4.24
INTELLECT, EQ, 19-Mar-2025,654.95,662.7,697.0,657.3,683.0,680.8,683.76,1030778,7048.08,49886, 233547, 22.66,3.95
INTELLECT, EQ, 19-Apr-2021,687.15,665.0,696.4,657.8,686.0,685.2,678.18,375339,2545.48,24827, 150222, 40.02,-0.28
INTELLECT, EQ, 19-Apr-2022,880.6,881.5,890.0,817.05,821.4,829.65,855.61,530302,4537.31,20380, 232753, 43.89,-5.79
INTELLECT, EQ, 19-Apr-2023,437.55,439.7,440.5,427.75, 428.20,430.0,433.54,238870,1035.59,8938, 73826, 30.91,-1.73
INTELLECT, EQ, 19-Apr-2024,1011.3,994.0,1008.7,982.25, 996.00,999.75,996.09,253736,2527.45,15990, 50685, 19.98,-1.14
INTELLECT, EQ, 19-May-2020,65.0,66.95,67.4,62.95,63.65,63.3,65.15,28967,18.87,441, 19737, 68.14,-2.62
INTELLECT, EQ, 19-May-2021,719.75,724.0,760.95,721.0, 748.20,743.2,745.74,681399,5081.44,44692, 366437, 53.78,3.26
INTELLECT, EQ, 19-May-2022,646.15,619.85,631.5,611.6,629.5,625.8,623.4,708999,4419.9,17578, 195569, 27.58,-3.15
INTELLECT, EQ, 19-May-2023,551.2,552.9,554.4,539.95,545.0,546.7,546.96,859528,4701.24,21053, 210114, 24.45,-0.82
INTELLECT, EQ, 19-Jun-2020,116.6,122.4,122.4,113.0, 121.00,121.6,118.87,760726,904.28,7536, 369380, 48.56,4.29
INTELLECT, EQ, 19-Jun-2023,608.45,607.05,619.95,607.0, 615.00,615.95,615.63,608662,3747.13,16928, 137427, 22.58,1.23
INTELLECT, EQ, 19-Jun-2024,1053.05,1046.7,1070.0,1046.7,1052.5,1057.85,1058.96,273452,2895.75,13954, 141021, 51.57,0.46
INTELLECT, EQ, 19-Jul-2021,777.0,767.9,804.0,760.0, 774.00,774.45,784.88,606332,4758.98,24164, 271860, 44.84,-0.33
INTELLECT, EQ, 19-Jul-2022,670.95,671.0,678.9,662.0, 670.50,671.9,670.58,212591,1425.59,8685, 65490, 30.81,0.14
INTELLECT, EQ, 19-Jul-2023,639.6,640.0,648.4,635.0, 638.60,637.8,640.07,484681,3102.29,18687, 161387, 33.30,-0.28
INTELLECT, EQ, 19-Jul-2024,1074.1,1082.0,1115.0,1063.0,1065.0,1070.75,1096.72,968553,10622.33,42171, 462415, 47.74,-0.31
INTELLECT, EQ, 19-Aug-2020,191.6,192.0,194.95,187.9,188.05,188.6,190.35,86709,165.05,1384, 62523, 72.11,-1.57
INTELLECT, EQ, 18-Aug-2021,672.95,676.7,678.2,650.0, 651.25,652.8,658.47,164611,1083.92,10745, 108753, 66.07,-2.99
INTELLECT, EQ, 19-Aug-2022,627.0,628.0,637.3,607.15, 609.00,610.45,619.1,539152,3337.89,21844, 207669, 38.52,-2.64
INTELLECT, EQ, 19-Aug-2024,953.8,959.0,996.3,958.5,995.0,989.9,982.78,295030,2899.51,16361, 104888, 35.55,3.78
INTELLECT, EQ, 19-Sep-2022,558.2,558.2,567.5,550.3, 554.60,555.7,557.94,434808,2425.98,13228, 161068, 37.04,-0.45
INTELLECT, EQ, 19-Sep-2024,985.25,993.0,1000.0,977.35,980.0,982.9,987.06,166539,1643.84,16403, 55541, 33.35,-0.24
INTELLECT, EQ, 19-Oct-2020,236.05,236.1,243.0,236.0, 236.70,236.75,239.37,111058,265.84,2360, 63522, 57.20,0.3
INTELLECT, EQ, 19-Oct-2021,714.3,718.9,718.9,682.0,686.9,686.7,700.08,306514,2145.85,20090, 141658, 46.22,-3.86
INTELLECT, EQ, 19-Oct-2022,523.4,524.0,524.95,510.2, 512.90,512.05,516.9,175519,907.26,6236, 63557, 36.21,-2.17
INTELLECT, EQ, 19-Oct-2023,693.7,695.0,697.4,681.6,688.0,684.85,689.03,192052,1323.29,8904, 73310, 38.17,-1.28
INTELLECT, EQ, 19-Nov-2020,262.45,260.0,270.0,258.0, 261.00,261.5,265.87,267998,712.53,9557, 145203, 54.18,-0.36
INTELLECT, EQ, 19-Nov-2024,718.5,725.0,734.05,710.0,715.6,717.0,726.66,169550,1232.05,12678, 88753, 52.35,-0.21
INTELLECT, EQ, 19-Dec-2022,420.75,420.0,429.2,416.0,426.0,425.5,421.57,299798,1263.85,9885, 107178, 35.75,1.13
INTELLECT, EQ, 19-Dec-2023,799.7,804.65,806.1,791.75, 799.60,798.1,798.45,173848,1388.09,11484, 85245, 49.03,-0.2
INTELLECT, EQ, 19-Dec-2024,837.25,820.0,840.95,812.35,837.0,836.95,832.2,149075,1240.6,12157, 49605, 33.28,-0.04
INTELLECT, EQ, 20-Jan-2020,160.4,161.0,163.0,157.0, 159.00,158.8,159.23,108176,172.25,1433, 58851, 54.40,-1.0
INTELLECT, EQ, 20-Jan-2021,326.35,329.0,335.35,324.5, 329.80,329.85,331.12,233037,771.64,9827, 155979, 66.93,1.07
INTELLECT, EQ, 20-Jan-2022,765.6,770.0,792.0,760.2, 765.00,764.35,776.13,272587,2115.64,15104, 137101, 50.30,-0.16
INTELLECT, EQ, 20-Jan-2023,419.7,419.7,424.8,408.6,409.45,411.45,416.01,355440,1478.66,9406, 135995, 38.26,-1.97
INTELLECT, EQ, 20-Jan-2025,896.2,896.5,925.05,890.6,917.2,919.1,913.46,514610,4700.76,26951, 102887, 19.99,2.56
INTELLECT, EQ, 20-Feb-2020,146.45,148.45,150.5,142.0, 142.40,142.45,144.86,177321,256.86,3101, 81648, 46.05,-2.73
INTELLECT, EQ, 20-Feb-2023,461.4,460.9,474.0,456.0, 464.55,465.4,467.29,472034,2205.77,15448, 100694, 21.33,0.87
INTELLECT, EQ, 20-Feb-2024,908.85,915.0,919.5,893.55, 903.00,899.85,905.01,165471,1497.53,11667, 65549, 39.61,-0.99
INTELLECT, EQ, 20-Feb-2025,713.65,716.0,732.3,700.0,718.0,720.45,716.89,447937,3211.21,36028, 102946, 22.98,0.95
INTELLECT, EQ, 20-Mar-2020,51.45,48.9,54.0,48.9, 50.50,51.0,51.79,335955,173.99,2321, 203429, 60.55,-0.87
INTELLECT, EQ, 20-Mar-2023,415.85,405.0,415.0,403.0,407.0,407.65,406.64,378207,1537.95,15452, 141293, 37.36,-1.97
INTELLECT, EQ, 20-Mar-2024,1052.65,1052.5,1060.0,1005.8, 1017.05,1013.2,1024.91,704773,7223.28,43813, 177765, 25.22,-3.75
INTELLECT, EQ, 20-Mar-2025,680.8,680.75,708.0,680.65,686.0,689.25,694.67,359402,2496.68,26979, 97482, 27.12,1.24
INTELLECT, EQ, 20-Apr-2020,84.15,88.35,88.35,88.35, 88.35,88.35,88.35,52518,46.4,277, 52515, 99.99,4.99
INTELLECT, EQ, 20-Apr-2021,685.2,697.0,741.0,686.15,717.95,714.05,721.84,795133,5739.58,33541, 311417, 39.17,4.21
INTELLECT, EQ, 20-Apr-2022,829.65,836.0,847.0,823.05, 839.00,836.0,835.64,381332,3186.57,15838, 104959, 27.52,0.77
INTELLECT, EQ, 20-Apr-2023,430.0,430.0,435.0,425.6, 426.55,426.8,429.36,157878,677.86,6634, 50541, 32.01,-0.74
INTELLECT, EQ, 20-May-2020,63.3,64.6,65.1,62.3, 63.00,63.35,63.78,30679,19.57,513, 18344, 59.79,0.08
INTELLECT, EQ, 20-May-2021,743.2,749.45,767.25,739.1, 758.00,755.75,757.58,388126,2940.37,26090, 223943, 57.70,1.69
INTELLECT, EQ, 20-May-2022,625.8,634.4,643.95,621.2, 630.20,626.85,630.34,489087,3082.9,20921, 166486, 34.04,0.17
INTELLECT, EQ, 18-May-2024,890.75,893.2,904.75,891.0,899.2,901.7,899.55,61785,555.79,2488, 38763, 62.74,1.23
INTELLECT, EQ, 20-Jun-2022,629.05,631.0,633.4,602.0,610.25,610.7,614.47,432675,2658.65,13031, 80489, 18.60,-2.92
INTELLECT, EQ, 20-Jun-2023,615.95,615.0,624.5,612.3, 614.05,614.1,618.06,524866,3244.01,15762, 114420, 21.80,-0.3
INTELLECT, EQ, 20-Jun-2024,1057.85,1057.85,1058.85,1028.65,1033.0,1033.05,1037.84,178983,1857.56,12526, 57125, 31.92,-2.34
INTELLECT, EQ, 20-Jul-2020,127.75,128.85,134.1,128.05, 134.10,134.1,133.23,404767,539.27,2226, 322107, 79.58,4.97
INTELLECT, EQ, 20-Jul-2021,774.45,778.4,782.65,745.75, 759.00,759.9,760.0,326815,2483.8,12631, 181597, 55.57,-1.88
INTELLECT, EQ, 20-Jul-2022,671.9,677.0,700.0,676.0, 681.90,684.95,689.85,635254,4382.28,20578, 146400, 23.05,1.94
INTELLECT, EQ, 20-Jul-2023,637.8,641.2,644.0,634.35,635.6,635.75,639.69,277956,1778.06,10359, 75278, 27.08,-0.32
INTELLECT, EQ, 20-Aug-2020,188.6,188.2,191.95,185.4,186.8,186.65,188.01,70925,133.35,1060, 46287, 65.26,-1.03
INTELLECT, EQ, 20-Aug-2021,652.8,645.0,650.0,616.0,621.0,621.9,628.95,292113,1837.25,17331, 182732, 62.56,-4.73
INTELLECT, EQ, 20-Aug-2024,989.9,996.0,1014.85,990.0,992.0,995.5,1001.71,199454,1997.95,16614, 79873, 40.05,0.57
INTELLECT, EQ, 20-Sep-2021,677.6,676.9,682.0,656.7, 662.00,661.5,671.59,246568,1655.93,12368, 135588, 54.99,-2.38
INTELLECT, EQ, 20-Sep-2022,555.7,560.7,571.8,557.2, 558.00,558.65,564.1,358854,2024.3,9822, 150833, 42.03,0.53
INTELLECT, EQ, 20-Sep-2023,723.0,722.55,735.0,719.0, 724.75,723.95,725.68,340394,2470.16,9946, 122742, 36.06,0.13
INTELLECT, EQ, 20-Sep-2024,982.9,982.95,995.15,977.05,981.5,981.2,985.24,82019,808.08,8916, 41328, 50.39,-0.17
INTELLECT, EQ, 20-Oct-2020,236.75,236.75,241.0,236.05, 238.50,239.7,238.85,91603,218.79,1598, 54476, 59.47,1.25
INTELLECT, EQ, 20-Oct-2021,686.7,686.95,691.35,656.45, 669.00,669.85,671.4,333576,2239.63,19481, 151180, 45.32,-2.45
INTELLECT, EQ, 20-Oct-2022,512.05,511.0,519.1,508.05,513.05,512.95,512.74,230320,1180.94,8401, 79268, 34.42,0.18
INTELLECT, EQ, 20-Oct-2023,684.85,689.8,696.95,671.05, 675.00,675.05,683.18,296963,2028.8,11651, 128775, 43.36,-1.43
INTELLECT, EQ, 20-Nov-2020,261.5,261.5,264.0,254.1,256.3,257.0,258.31,118928,307.2,2218, 84817, 71.32,-1.72
INTELLECT, EQ, 20-Nov-2023,689.65,688.05,697.9,683.5, 684.00,687.15,689.58,155142,1069.82,10146, 84286, 54.33,-0.36
INTELLECT, EQ, 19-Nov-2024,718.5,725.0,734.05,710.0,715.6,717.0,726.66,169550,1232.05,12678, 88753, 52.35,-0.21
INTELLECT, EQ, 20-Dec-2021,679.25,680.0,680.0,639.55,652.0,651.05,650.0,310173,2016.12,15171, 164548, 53.05,-4.15
INTELLECT, EQ, 20-Dec-2022,425.5,425.55,435.6,419.0,433.6,433.2,429.03,510512,2190.23,13005, 133459, 26.14,1.81
INTELLECT, EQ, 20-Dec-2023,798.1,801.0,809.75,761.1, 761.10,770.95,787.77,343190,2703.54,20300, 148891, 43.38,-3.4
INTELLECT, EQ, 20-Dec-2024,836.95,840.0,848.95,814.95,825.0,819.8,824.77,232240,1915.45,17501, 116909, 50.34,-2.05
INTELLECT, EQ, 21-Jan-2020,158.8,157.1,164.75,157.05, 161.40,161.85,162.28,221121,358.83,2931, 76321, 34.52,1.92
INTELLECT, EQ, 21-Jan-2021,329.85,333.0,335.0,325.4, 328.05,330.3,330.66,239861,793.12,11364, 145262, 60.56,0.14
INTELLECT, EQ, 21-Jan-2022,764.35,755.8,765.0,741.0, 755.50,751.55,755.16,164852,1244.9,8612, 90088, 54.65,-1.67
INTELLECT, EQ, 21-Jan-2025,919.1,926.35,943.8,897.5,903.75,901.85,914.13,605414,5534.28,30496, 128925, 21.30,-1.88
INTELLECT, EQ, 21-Feb-2022,681.15,680.0,680.0,658.1, 667.90,670.2,669.05,236703,1583.67,9787, 75333, 31.83,-1.61
INTELLECT, EQ, 21-Feb-2023,465.4,466.5,473.1,462.2, 464.00,464.85,466.95,346885,1619.78,12205, 116526, 33.59,-0.12
INTELLECT, EQ, 21-Feb-2024,899.85,906.0,916.3,895.0, 902.00,902.1,904.28,177858,1608.34,11053, 64374, 36.19,0.25
INTELLECT, EQ, 21-Feb-2025,720.45,724.9,736.0,709.0,721.9,725.3,724.04,433646,3139.76,34604, 158150, 36.47,0.67
INTELLECT, EQ, 21-Mar-2022,767.05,774.0,817.05,766.25,804.0,802.9,797.81,1190290,9496.25,32128, 402421, 33.81,4.67
INTELLECT, EQ, 21-Mar-2023,407.65,412.3,415.0,405.25, 409.30,409.8,410.67,282645,1160.75,10510, 70542, 24.96,0.53
INTELLECT, EQ, 21-Mar-2024,1013.2,1025.8,1108.0,1025.0,1098.0,1093.95,1082.28,2039864,22077.11,69550, 320140, 15.69,7.97
INTELLECT, EQ, 21-Mar-2025,689.25,675.0,712.65,675.0,709.3,709.65,701.77,545613,3828.97,29582, 149855, 27.47,2.96
INTELLECT, EQ, 21-Apr-2020,88.35,92.75,92.75,83.95,83.95,83.95,86.65,347066,300.74,2337, 216346, 62.34,-4.98
INTELLECT, EQ, 21-Apr-2022,836.0,836.75,862.8,836.75, 843.95,844.35,849.01,242551,2059.29,12117, 80029, 32.99,1.0
INTELLECT, EQ, 21-Apr-2023,426.8,432.45,432.45,423.05, 429.25,428.3,427.05,204590,873.71,5858, 30672, 14.99,0.35
INTELLECT, EQ, 21-Apr-2025,758.55,767.5,793.5,764.55,777.0,780.85,781.07,1262218,9858.86,61578, 202897, 16.07,2.94
INTELLECT, EQ, 21-May-2020,63.35,63.35,65.0,63.2,64.0,64.25,64.2,34530,22.17,408, 24842, 71.94,1.42
INTELLECT, EQ, 21-May-2021,755.75,762.0,772.5,756.0, 759.50,761.65,762.75,342103,2609.4,19639, 231726, 67.74,0.78
INTELLECT, EQ, 21-May-2024,901.7,901.7,916.6,886.95,895.85,895.45,899.59,355227,3195.59,24052, 211013, 59.40,-0.69
INTELLECT, EQ, 21-Jun-2021,741.25,719.1,760.0,719.1, 745.00,746.65,743.41,403994,3003.31,23608, 228974, 56.68,0.73
INTELLECT, EQ, 21-Jun-2022,610.7,621.9,641.4,612.5,631.0,627.75,630.24,416579,2625.46,12705, 112327, 26.96,2.79
INTELLECT, EQ, 21-Jun-2023,614.1,614.05,626.45,613.75, 618.00,618.55,621.2,681886,4235.87,22458, 142986, 20.97,0.72
INTELLECT, EQ, 21-Jun-2024,1033.05,1040.0,1058.85,1037.75,1047.0,1044.25,1047.6,389992,4085.54,20715, 145510, 37.31,1.08
INTELLECT, EQ, 21-Jul-2020,134.1,140.8,140.8,140.8, 140.80,140.8,140.8,27533,38.77,197, 27533, 100.00,5.0
INTELLECT, EQ, 21-Jul-2022,684.95,685.0,706.0,679.05,704.75,700.95,694.06,422947,2935.5,14125, 104923, 24.81,2.34
INTELLECT, EQ, 21-Jul-2023,635.75,630.0,634.95,620.0, 633.00,632.2,629.81,374409,2358.07,10704, 138232, 36.92,-0.56
INTELLECT, EQ, 21-Aug-2020,186.65,188.8,190.4,184.2, 188.00,187.2,188.09,79144,148.86,1475, 54013, 68.25,0.29
INTELLECT, EQ, 21-Aug-2023,678.5,685.0,695.0,678.0, 690.00,689.9,685.95,259253,1778.34,9255, 85515, 32.99,1.68
INTELLECT, EQ, 21-Aug-2024,995.5,995.65,1011.0,981.7,982.7,983.85,992.47,91999,913.06,7788, 29501, 32.07,-1.17
INTELLECT, EQ, 21-Sep-2020,213.4,217.95,218.0,202.75, 206.60,208.8,210.45,290109,610.52,5603, 162508, 56.02,-2.16
INTELLECT, EQ, 21-Sep-2021,661.5,650.0,681.7,642.65, 679.75,678.85,662.88,266573,1767.05,10884, 144868, 54.34,2.62
INTELLECT, EQ, 21-Sep-2022,558.65,555.0,564.15,552.05, 557.00,556.45,558.05,296366,1653.87,9700, 90487, 30.53,-0.39
INTELLECT, EQ, 21-Sep-2023,723.95,724.1,732.95,698.8, 709.00,709.05,714.77,347250,2482.04,11763, 145884, 42.01,-2.06
INTELLECT, EQ, 21-Oct-2020,239.7,239.8,246.1,236.3, 236.60,237.5,241.63,137694,332.71,2593, 78407, 56.94,-0.92
INTELLECT, EQ, 21-Oct-2021,669.85,670.0,682.9,658.1, 665.50,663.25,666.15,208865,1391.34,16614, 81416, 38.98,-0.99
INTELLECT, EQ, 21-Oct-2022,512.95,515.55,517.1,504.85,511.3,511.5,510.74,275863,1408.95,8641, 89271, 32.36,-0.28
INTELLECT, EQ, 21-Oct-2024,858.75,860.0,869.8,836.2, 838.00,841.35,853.82,164530,1404.79,14617, 66043, 40.14,-2.03
INTELLECT, EQ, 21-Nov-2022,439.0,441.2,445.9,434.1, 443.00,442.35,440.49,293127,1291.19,8893, 74053, 25.26,0.76
INTELLECT, EQ, 21-Nov-2023,687.15,690.25,707.0,688.2, 698.00,699.6,699.96,283521,1984.53,16784, 142037, 50.10,1.81
INTELLECT, EQ, 21-Nov-2024,717.0,723.0,725.0,701.95,705.0,705.95,708.2,107616,762.14,12130, 53330, 49.56,-1.54
INTELLECT, EQ, 21-Dec-2020,295.75,298.0,310.5,281.1, 291.90,295.25,301.9,615298,1857.61,10515, 272285, 44.25,-0.17
INTELLECT, EQ, 21-Dec-2021,651.05,660.0,669.0,655.2,665.8,666.65,662.53,147804,979.24,7661, 73052, 49.42,2.4
INTELLECT, EQ, 21-Dec-2022,433.2,436.35,439.25,424.85, 427.15,427.75,431.66,504417,2177.37,15256, 158746, 31.47,-1.26
INTELLECT, EQ, 21-Dec-2023,770.95,758.9,779.8,748.25, 776.80,776.25,767.91,220655,1694.43,15341, 78802, 35.71,0.69
INTELLECT, EQ, 22-Jan-2020,161.85,161.85,171.8,161.85, 171.05,170.3,168.11,1103607,1855.32,14499, 289976, 26.28,5.22
INTELLECT, EQ, 22-Jan-2021,330.3,327.9,335.0,313.8, 317.00,317.15,319.67,375276,1199.66,8576, 183686, 48.95,-3.98
INTELLECT, EQ, 20-Jan-2024,923.75,929.0,970.0,928.3, 938.80,941.05,952.08,731707,6966.4,29703, 144212, 19.71,1.87
INTELLECT, EQ, 22-Jan-2025,901.85,906.4,907.0,868.45,888.35,886.7,883.51,386812,3417.53,28902, 128500, 33.22,-1.68
INTELLECT, EQ, 22-Feb-2021,433.25,437.2,461.55,436.05,447.0,448.85,446.32,979622,4372.22,24262, 512169, 52.28,3.6
INTELLECT, EQ, 22-Feb-2022,670.2,644.0,658.0,641.25,652.95,650.85,649.64,347691,2258.75,19622, 150346, 43.24,-2.89
INTELLECT, EQ, 22-Feb-2023,464.85,462.0,464.7,456.35, 460.50,459.65,459.82,228238,1049.49,6586, 85106, 37.29,-1.12
INTELLECT, EQ, 22-Feb-2024,902.1,908.75,911.0,884.75, 894.30,893.7,895.73,240512,2154.33,21027, 99294, 41.28,-0.93
INTELLECT, EQ, 22-Mar-2021,673.3,699.0,732.0,670.3,683.0,682.0,690.07,1806164,12463.86,55617, 706337, 39.11,1.29
INTELLECT, EQ, 22-Mar-2022,802.9,807.15,844.5,791.0, 819.00,818.7,825.29,2549888,21043.96,71428, 463672, 18.18,1.97
INTELLECT, EQ, 22-Mar-2023,409.8,412.0,417.8,407.7, 408.45,409.3,411.88,164630,678.07,6959, 43815, 26.61,-0.12
INTELLECT, EQ, 22-Mar-2024,1093.95,1078.25,1105.0,1060.35,1102.0,1097.45,1082.53,782042,8465.87,35022, 144104, 18.43,0.32
INTELLECT, EQ, 22-Apr-2020,83.95,80.0,83.0,79.8,79.8,79.8,79.87,102695,82.02,491, 81814, 79.67,-4.94
INTELLECT, EQ, 22-Apr-2021,714.05,719.0,728.2,698.05,707.5,708.7,713.24,325044,2318.36,16697, 131451, 40.44,-0.75
INTELLECT, EQ, 22-Apr-2022,844.35,842.0,845.8,811.8, 818.95,815.7,830.59,348710,2896.37,17041, 110871, 31.79,-3.39
INTELLECT, EQ, 22-Apr-2024,999.75,1000.95,1016.55,992.55,996.25,998.55,1002.12,272237,2728.14,17572, 56936, 20.91,-0.12
INTELLECT, EQ, 22-Apr-2025,780.85,784.4,802.05,762.9,770.0,766.1,784.36,709135,5562.2,27837, 166053, 23.42,-1.89
INTELLECT, EQ, 22-May-2020,64.25,64.9,66.05,61.55,65.95,65.3,64.75,55810,36.14,485, 39689, 71.11,1.63
INTELLECT, EQ, 22-May-2023,546.7,540.0,568.0,540.0,559.1,560.6,556.6,1218909,6784.41,29061, 351645, 28.85,2.54
INTELLECT, EQ, 22-May-2024,895.45,895.45,906.45,889.4,899.5,895.95,896.29,319449,2863.19,24975, 197936, 61.96,0.06
INTELLECT, EQ, 22-Jun-2020,121.6,124.9,125.0,117.05, 117.05,117.7,119.13,314622,374.8,2790, 235975, 75.00,-3.21
INTELLECT, EQ, 22-Jun-2021,746.65,754.0,759.95,737.25, 741.85,740.65,749.56,169785,1272.64,11242, 110642, 65.17,-0.8
INTELLECT, EQ, 22-Jun-2022,627.75,629.5,631.25,603.95,613.0,615.2,619.11,271316,1679.73,11328, 67063, 24.72,-2.0
INTELLECT, EQ, 22-Jun-2023,618.55,620.0,620.0,598.0,599.4,599.1,605.18,477746,2891.23,14842, 148029, 30.98,-3.14
INTELLECT, EQ, 22-Jul-2020,140.8,147.8,147.8,147.8, 147.80,147.8,147.8,35881,53.03,219, 35881, 100.00,4.97
INTELLECT, EQ, 22-Jul-2021,759.9,766.7,809.5,765.55, 809.00,803.3,792.68,897033,7110.58,28351, 431862, 48.14,5.71
INTELLECT, EQ, 22-Jul-2022,700.95,706.5,714.65,685.45, 689.00,690.15,697.33,435852,3039.31,15485, 112571, 25.83,-1.54
INTELLECT, EQ, 22-Jul-2024,1070.75,1071.0,1074.0,1008.0,1022.05,1022.7,1034.11,410434,4244.32,26082, 184119, 44.86,-4.49
INTELLECT, EQ, 22-Aug-2022,610.45,605.3,605.4,580.1, 582.30,584.15,592.28,881780,5222.65,23618, 459558, 52.12,-4.31
INTELLECT, EQ, 22-Aug-2023,689.9,692.4,700.0,683.5, 686.00,686.45,692.52,213847,1480.93,9326, 84968, 39.73,-0.5
INTELLECT, EQ, 22-Aug-2024,983.85,981.0,992.1,978.0,983.0,982.2,984.01,107720,1059.97,6918, 55549, 51.57,-0.17
INTELLECT, EQ, 22-Sep-2020,208.8,210.0,210.0,198.4, 208.90,207.65,203.64,247810,504.64,4708, 145732, 58.81,-0.55
INTELLECT, EQ, 22-Sep-2021,678.85,681.8,696.5,674.85, 684.95,686.55,688.4,358623,2468.75,12865, 204877, 57.13,1.13
INTELLECT, EQ, 22-Sep-2022,556.45,557.1,564.75,553.15, 563.00,562.1,559.95,250555,1402.97,9522, 88191, 35.20,1.02
INTELLECT, EQ, 22-Sep-2023,709.05,710.95,722.6,701.55, 716.45,719.25,713.12,253058,1804.61,10910, 88988, 35.17,1.44
INTELLECT, EQ, 22-Oct-2020,237.5,238.5,249.35,233.05, 249.00,248.0,245.5,398264,977.73,3904, 131161, 32.93,4.42
INTELLECT, EQ, 22-Oct-2021,663.25,667.7,677.0,656.9, 670.00,670.45,668.01,139696,933.19,8704, 61662, 44.14,1.09
INTELLECT, EQ, 22-Oct-2024,841.35,840.0,844.65,805.05,811.4,810.8,821.87,232258,1908.86,22533, 122817, 52.88,-3.63
INTELLECT, EQ, 22-Nov-2021,673.2,671.85,671.85,636.0,647.0,641.05,649.32,315529,2048.78,19176, 193791, 61.42,-4.78
INTELLECT, EQ, 22-Nov-2022,442.35,442.4,445.9,430.75, 434.05,434.45,435.86,354565,1545.42,10567, 166032, 46.83,-1.79
INTELLECT, EQ, 22-Nov-2023,699.6,703.0,705.45,693.0, 702.70,701.55,699.34,179876,1257.95,9489, 70217, 39.04,0.28
INTELLECT, EQ, 22-Nov-2024,705.95,711.25,720.0,700.2,709.0,709.1,710.41,167205,1187.84,15286, 84511, 50.54,0.45
INTELLECT, EQ, 22-Dec-2020,295.25,292.55,304.8,280.5, 300.00,298.4,289.18,339942,983.05,6213, 160597, 47.24,1.07
INTELLECT, EQ, 22-Dec-2021,666.65,674.0,678.45,653.0, 658.00,658.2,664.07,190269,1263.52,8153, 119682, 62.90,-1.27
INTELLECT, EQ, 22-Dec-2022,427.75,429.15,435.65,424.0, 431.20,431.95,429.05,454913,1951.81,13573, 197151, 43.34,0.98
INTELLECT, EQ, 22-Dec-2023,776.25,780.9,814.7,780.9, 808.25,811.7,804.3,887892,7141.29,37958, 213521, 24.05,4.57
INTELLECT, EQ, 23-Jan-2020,170.3,171.7,173.0,167.55, 171.00,170.85,170.35,352036,599.7,5556, 150648, 42.79,0.32
INTELLECT, EQ, 23-Jan-2023,411.45,412.25,430.85,410.25,428.9,428.75,423.66,699868,2965.04,16670, 150127, 21.45,4.2
INTELLECT, EQ, 23-Jan-2024,941.05,946.45,948.15,885.5, 898.00,892.85,910.38,534832,4869.0,30482, 182207, 34.07,-5.12
INTELLECT, EQ, 23-Jan-2025,886.7,886.7,928.75,884.9,902.0,898.9,913.48,741234,6771.05,40290, 105845, 14.28,1.38
INTELLECT, EQ, 23-Feb-2021,448.85,452.0,454.5,438.15, 439.90,441.2,443.87,525970,2334.63,9658, 300243, 57.08,-1.7
INTELLECT, EQ, 23-Feb-2022,650.85,654.3,671.75,654.3,665.7,666.25,665.74,272290,1812.74,11821, 103912, 38.16,2.37
INTELLECT, EQ, 23-Feb-2023,459.65,461.3,464.65,453.0,459.9,458.6,460.19,266641,1227.05,8399, 82904, 31.09,-0.23
INTELLECT, EQ, 23-Feb-2024,893.7,901.0,960.0,900.3, 960.00,952.8,942.67,1583060,14922.97,75366, 218523, 13.80,6.61
INTELLECT, EQ, 23-Mar-2020,51.0,48.7,53.0,48.45, 48.45,48.45,48.54,38754,18.81,402, 37555, 96.91,-5.0
INTELLECT, EQ, 23-Mar-2021,682.0,689.9,697.3,622.3, 645.35,651.2,665.07,1881104,12510.69,25870, 1375901, 73.14,-4.52
INTELLECT, EQ, 23-Mar-2022,818.7,825.0,841.8,816.5, 838.00,837.7,831.75,853287,7097.2,26793, 169327, 19.84,2.32
INTELLECT, EQ, 23-Mar-2023,409.3,410.0,412.8,404.65, 406.45,406.95,408.56,331263,1353.4,10260, 91567, 27.64,-0.57
INTELLECT, EQ, 23-Apr-2020,79.8,75.85,80.2,75.85,75.85,76.1,76.49,323760,247.65,1792, 179056, 55.31,-4.64
INTELLECT, EQ, 23-Apr-2021,708.7,712.25,735.3,712.0,715.4,715.65,721.54,182032,1313.44,7618, 89048, 48.92,0.98
INTELLECT, EQ, 23-Apr-2024,998.55,1006.4,1011.0,992.0,995.5,994.5,999.24,137510,1374.06,11239, 55340, 40.24,-0.41
INTELLECT, EQ, 23-Apr-2025,766.1,772.0,805.0,771.4,803.0,803.35,792.94,975360,7734.0,44827, 172241, 17.66,4.86
INTELLECT, EQ, 23-May-2022,626.85,625.0,658.0,620.8,628.5,627.3,640.89,559550,3586.08,18123, 120530, 21.54,0.07
INTELLECT, EQ, 23-May-2023,560.6,563.05,565.8,553.05, 555.55,557.7,557.98,741395,4136.85,20337, 247682, 33.41,-0.52
INTELLECT, EQ, 23-May-2024,895.95,897.35,905.0,894.6,900.95,899.9,898.94,169132,1520.39,7814, 110952, 65.60,0.44
INTELLECT, EQ, 23-Jun-2020,117.7,117.9,117.9,112.2, 113.20,112.75,113.0,177879,201.01,1797, 144956, 81.49,-4.21
INTELLECT, EQ, 23-Jun-2021,740.65,745.0,756.65,731.0, 735.10,735.4,739.36,261412,1932.78,12769, 152573, 58.36,-0.71
INTELLECT, EQ, 23-Jun-2022,615.2,620.4,652.0,615.6,650.8,649.1,638.09,430740,2748.53,17794, 98591, 22.89,5.51
INTELLECT, EQ, 23-Jun-2023,599.1,597.0,602.25,591.3, 593.00,596.45,596.74,338024,2017.11,11633, 80668, 23.86,-0.44
INTELLECT, EQ, 23-Jul-2020,147.8,155.15,155.15,155.15, 155.15,155.15,155.15,50874,78.93,241, 50874, 100.00,4.97
INTELLECT, EQ, 23-Jul-2021,803.3,819.0,871.0,815.0,852.1,853.55,848.81,2853649,24222.05,76556, 916296, 32.11,6.26
INTELLECT, EQ, 23-Jul-2024,1022.7,1022.7,1022.9,975.95,995.0,991.6,990.65,486415,4818.65,29122, 207822, 42.73,-3.04
INTELLECT, EQ, 23-Aug-2021,621.9,633.0,637.0,577.45, 588.00,589.7,599.77,471690,2829.07,22267, 239803, 50.84,-5.18
INTELLECT, EQ, 23-Aug-2022,584.15,575.0,597.0,574.0, 597.00,594.9,587.95,548864,3227.07,13183, 273449, 49.82,1.84
INTELLECT, EQ, 23-Aug-2023,686.45,687.95,713.0,687.95, 694.00,695.9,702.26,590836,4149.23,18832, 131480, 22.25,1.38
INTELLECT, EQ, 23-Aug-2024,982.2,983.0,991.0,977.0,983.0,982.25,982.96,121345,1192.77,8717, 70968, 58.48,0.01
INTELLECT, EQ, 23-Sep-2020,207.65,211.4,215.9,201.5, 202.95,202.95,207.95,157491,327.5,3783, 81356, 51.66,-2.26
INTELLECT, EQ, 23-Sep-2021,686.55,691.0,705.0,689.15, 691.80,692.05,696.43,268605,1870.65,9888, 154809, 57.63,0.8
INTELLECT, EQ, 23-Sep-2022,562.1,566.0,567.95,542.0, 543.00,543.95,554.82,399607,2217.11,12850, 96627, 24.18,-3.23
INTELLECT, EQ, 23-Sep-2024,981.2,983.0,983.0,972.5,973.0,977.25,978.01,64822,633.97,6258, 32294, 49.82,-0.4
INTELLECT, EQ, 23-Oct-2020,248.0,248.9,259.4,243.0, 245.70,245.15,250.53,621552,1557.19,8622, 434274, 69.87,-1.15
INTELLECT, EQ, 23-Oct-2023,675.05,671.0,679.15,627.25, 634.00,635.8,650.48,516687,3360.97,17058, 268784, 52.02,-5.81
INTELLECT, EQ, 23-Oct-2024,810.8,810.8,828.8,801.1,815.0,815.8,816.46,191766,1565.7,19014, 99857, 52.07,0.62
INTELLECT, EQ, 23-Nov-2020,257.0,258.3,265.1,256.95, 263.95,262.65,261.82,266677,698.22,5362, 167937, 62.97,2.2
INTELLECT, EQ, 23-Nov-2021,641.05,636.0,656.35,631.75,647.05,647.35,648.84,140325,910.48,8892, 66839, 47.63,0.98
INTELLECT, EQ, 23-Nov-2022,434.45,434.95,440.05,432.35,436.6,438.05,436.82,438066,1913.55,20805, 202331, 46.19,0.83
INTELLECT, EQ, 23-Nov-2023,701.55,704.0,718.95,695.0, 695.95,696.1,707.23,359308,2541.12,16469, 130632, 36.36,-0.78
INTELLECT, EQ, 23-Dec-2020,298.4,303.0,313.3,299.3,310.5,310.45,308.74,385605,1190.5,6139, 200258, 51.93,4.04
INTELLECT, EQ, 23-Dec-2021,658.2,661.15,680.95,661.15, 673.50,674.7,673.12,165828,1116.22,7840, 77147, 46.52,2.51
INTELLECT, EQ, 23-Dec-2022,431.95,427.05,431.2,416.2, 425.05,424.9,426.0,643579,2741.66,16022, 365194, 56.74,-1.63
INTELLECT, EQ, 23-Dec-2024,819.8,827.0,983.75,827.0,961.0,962.05,919.83,23006641,211622.01,522209, 886601, 3.85,17.35
INTELLECT, EQ, 24-Jan-2020,170.85,170.7,172.5,169.45,171.5,170.85,170.78,139198,237.72,1931, 55432, 39.82,0.0
INTELLECT, EQ, 24-Jan-2022,751.55,736.0,750.3,675.0,683.6,681.1,700.61,566268,3967.34,26040, 303335, 53.57,-9.37
INTELLECT, EQ, 24-Jan-2023,428.75,430.4,436.85,424.2,426.7,426.7,430.19,604181,2599.13,13543, 111656, 18.48,-0.48
INTELLECT, EQ, 24-Jan-2024,892.85,887.25,924.4,887.25, 916.00,915.15,910.64,480174,4372.68,26040, 178318, 37.14,2.5
INTELLECT, EQ, 24-Jan-2025,898.9,903.0,916.0,885.55,892.85,892.2,899.89,446444,4017.48,28583, 112890, 25.29,-0.75
INTELLECT, EQ, 24-Feb-2020,142.45,141.75,142.35,137.5, 138.00,137.7,139.32,79305,110.48,1427, 58148, 73.32,-3.33
INTELLECT, EQ, 24-Feb-2021,441.2,445.0,447.4,432.25, 438.00,440.9,440.4,180012,792.77,3092, 127558, 70.86,-0.07
INTELLECT, EQ, 24-Feb-2022,666.25,635.0,643.85,616.25, 620.00,621.05,631.4,490753,3098.6,21311, 199278, 40.61,-6.78
INTELLECT, EQ, 24-Feb-2023,458.6,460.9,468.0,454.4, 461.50,461.6,459.6,282311,1297.51,8659, 138273, 48.98,0.65
INTELLECT, EQ, 24-Feb-2025,725.3,724.3,741.9,704.0,726.0,727.55,727.91,385471,2805.89,32471, 113740, 29.51,0.31
INTELLECT, EQ, 24-Mar-2020,48.45,48.45,49.9,46.05, 46.05,46.1,46.24,113329,52.41,870, 102955, 90.85,-4.85
INTELLECT, EQ, 24-Mar-2021,651.2,651.0,682.15,650.0, 658.00,655.95,666.56,1698489,11321.52,26220, 970411, 57.13,0.73
INTELLECT, EQ, 24-Mar-2022,837.7,839.0,854.0,828.0, 844.15,849.6,845.68,595354,5034.79,18435, 173996, 29.23,1.42
INTELLECT, EQ, 24-Mar-2023,406.95,407.85,414.0,400.5, 404.00,402.75,404.87,394878,1598.74,11682, 138935, 35.18,-1.03
INTELLECT, EQ, 24-Mar-2025,709.65,709.75,736.0,709.25,727.9,725.3,722.17,564709,4078.17,29787, 202574, 35.87,2.21
INTELLECT, EQ, 24-Apr-2020,76.1,76.0,76.0,72.3,72.3,72.35,73.21,57248,41.91,835, 40345, 70.47,-4.93
INTELLECT, EQ, 24-Apr-2023,428.3,432.0,440.4,424.2, 436.00,436.3,435.52,307413,1338.85,9333, 75957, 24.71,1.87
INTELLECT, EQ, 24-Apr-2024,994.5,1002.9,1037.0,998.0, 1025.00,1028.65,1020.38,327971,3346.57,21168, 111305, 33.94,3.43
INTELLECT, EQ, 24-Apr-2025,803.35,805.05,826.7,802.5,808.0,809.45,814.6,505052,4114.18,26293, 147456, 29.20,0.76
INTELLECT, EQ, 24-May-2021,761.65,766.9,786.9,762.0, 778.85,775.3,776.66,551188,4280.85,29102, 378824, 68.73,1.79
INTELLECT, EQ, 24-May-2022,627.3,630.0,638.0,605.6,610.0,609.95,617.66,309534,1911.87,13408, 98821, 31.93,-2.77
INTELLECT, EQ, 24-May-2023,557.7,552.5,568.8,551.4, 564.00,564.65,563.38,780794,4398.86,18895, 242967, 31.12,1.25
INTELLECT, EQ, 24-May-2024,899.9,895.0,903.65,894.85,902.4,896.35,897.79,177486,1593.45,10132, 126986, 71.55,-0.39
INTELLECT, EQ, 24-Jun-2020,112.75,112.75,114.0,107.25,108.0,107.7,110.12,148877,163.94,1942, 104755, 70.36,-4.48
INTELLECT, EQ, 24-Jun-2021,735.4,730.0,746.0,725.0, 726.35,727.1,731.39,152138,1112.73,8773, 98733, 64.90,-1.13
INTELLECT, EQ, 24-Jun-2022,649.1,662.0,662.4,632.1, 641.75,641.5,643.5,512056,3295.07,16819, 101900, 19.90,-1.17
INTELLECT, EQ, 24-Jun-2024,1044.25,1044.0,1075.0,1042.65,1067.0,1066.0,1061.75,1052667,11176.72,23156, 778075, 73.91,2.08
INTELLECT, EQ, 24-Jul-2020,155.15,162.9,162.9,147.4,150.0,150.0,153.75,1155056,1775.91,7916, 493556, 42.73,-3.32
INTELLECT, EQ, 24-Jul-2023,632.2,632.2,644.8,626.5, 629.50,630.6,637.6,895494,5709.68,22509, 397144, 44.35,-0.25
INTELLECT, EQ, 24-Jul-2024,991.6,997.0,1012.95,991.95,994.1,992.95,996.68,104157,1038.11,11116, 47482, 45.59,0.14
INTELLECT, EQ, 24-Aug-2020,187.2,185.7,189.75,185.7,189.7,188.65,188.0,88616,166.6,1146, 59551, 67.20,0.77
INTELLECT, EQ, 24-Aug-2021,589.7,597.7,624.95,590.05, 621.00,618.7,610.72,324121,1979.48,14717, 188000, 58.00,4.92
INTELLECT, EQ, 24-Aug-2022,594.9,596.0,600.15,587.0,596.95,594.05,593.28,278866,1654.47,9403, 105921, 37.98,-0.14
INTELLECT, EQ, 24-Aug-2023,695.9,699.8,719.0,689.0, 691.00,692.2,706.12,686052,4844.36,24042, 165843, 24.17,-0.53
INTELLECT, EQ, 24-Sep-2020,202.95,202.5,206.0,195.25, 201.80,199.85,201.32,191780,386.1,3573, 120176, 62.66,-1.53
INTELLECT, EQ, 24-Sep-2021,692.05,697.0,717.05,682.25, 684.00,686.2,704.37,533329,3756.62,21012, 243897, 45.73,-0.85
INTELLECT, EQ, 24-Sep-2024,977.25,977.25,1015.0,977.25,999.8,998.4,1000.35,435459,4356.11,24298, 131289, 30.15,2.16
INTELLECT, EQ, 24-Oct-2024,815.8,815.7,815.7,786.6,796.0,792.95,798.94,157107,1255.19,15508, 77170, 49.12,-2.8
INTELLECT, EQ, 24-Nov-2020,262.65,264.0,270.0,261.5, 266.90,265.7,267.01,212633,567.75,4604, 127913, 60.16,1.16
INTELLECT, EQ, 24-Nov-2021,647.35,658.0,689.0,652.8, 673.20,674.65,674.73,290508,1960.13,14474, 149510, 51.47,4.22
INTELLECT, EQ, 24-Nov-2022,438.05,440.25,448.0,437.75, 444.20,445.7,442.88,322205,1426.98,7937, 103330, 32.07,1.75
INTELLECT, EQ, 24-Nov-2023,696.1,699.0,716.85,698.9, 709.00,710.2,710.27,321698,2284.93,18285, 131805, 40.97,2.03
INTELLECT, EQ, 24-Dec-2020,310.45,313.0,316.65,302.55, 304.70,304.0,308.88,158390,489.24,4306, 92793, 58.59,-2.08
INTELLECT, EQ, 24-Dec-2021,674.7,680.7,683.7,666.25, 672.80,670.25,675.99,112630,761.37,5898, 42331, 37.58,-0.66
INTELLECT, EQ, 24-Dec-2024,962.05,941.95,943.8,901.0,915.05,915.3,922.47,6590244,60792.74,171778, 278611, 4.23,-4.86
INTELLECT, EQ, 25-Jan-2021,317.15,320.1,329.1,311.75, 325.00,325.65,322.21,277091,892.82,6048, 165549, 59.75,2.68
INTELLECT, EQ, 25-Jan-2022,681.1,680.0,727.8,666.1,722.0,721.25,709.98,347107,2464.38,17663, 145625, 41.95,5.89
INTELLECT, EQ, 25-Jan-2023,426.7,422.8,429.0,405.6, 411.00,410.25,413.66,519381,2148.46,13620, 217225, 41.82,-3.86
INTELLECT, EQ, 25-Jan-2024,915.15,918.1,934.0,895.45, 914.00,910.4,913.15,364742,3330.64,24283, 160227, 43.93,-0.52
INTELLECT, EQ, 25-Feb-2020,137.7,139.0,141.35,132.2, 133.40,133.2,136.23,126974,172.97,2565, 78468, 61.80,-3.27
INTELLECT, EQ, 25-Feb-2021,440.9,441.6,447.0,436.5, 439.95,439.4,441.03,342536,1510.68,8490, 246454, 71.95,-0.34
INTELLECT, EQ, 25-Feb-2022,621.05,626.5,658.0,626.5,645.0,644.9,645.34,361291,2331.54,13220, 118319, 32.75,3.84
INTELLECT, EQ, 25-Feb-2025,727.55,727.55,733.25,705.0,715.05,712.55,718.72,166615,1197.49,18047, 49332, 29.61,-2.06
INTELLECT, EQ, 25-Mar-2020,46.1,43.8,46.0,43.8, 45.00,44.85,44.17,75796,33.48,719, 63955, 84.38,-2.71
INTELLECT, EQ, 25-Mar-2021,655.95,664.7,664.7,588.0,616.05,616.6,616.41,962074,5930.34,26835, 318181, 33.07,-6.0
INTELLECT, EQ, 25-Mar-2022,849.6,856.8,883.4,838.05,858.25,858.8,864.55,1555123,13444.87,43571, 362095, 23.28,1.08
INTELLECT, EQ, 25-Mar-2025,725.3,728.95,737.0,720.3,729.95,728.0,729.53,419203,3058.23,23045, 177577, 42.36,0.37
INTELLECT, EQ, 25-Apr-2022,815.7,805.05,847.35,801.9,833.8,834.45,830.5,996612,8276.85,43795, 210209, 21.09,2.3
INTELLECT, EQ, 25-Apr-2023,436.3,437.0,446.9,428.3,433.7,433.25,438.3,423358,1855.58,12600, 115782, 27.35,-0.7
INTELLECT, EQ, 25-Apr-2024,1028.65,1030.0,1059.0,1022.65, 1051.00,1049.35,1046.23,487262,5097.9,25692, 137935, 28.31,2.01
INTELLECT, EQ, 25-Apr-2025,809.45,808.85,808.85,751.6,767.0,765.25,777.74,477303,3712.16,31398, 160901, 33.71,-5.46
INTELLECT, EQ, 25-May-2021,775.3,783.0,794.0,758.6, 763.90,769.4,774.52,304380,2357.49,22717, 160229, 52.64,-0.76
INTELLECT, EQ, 25-May-2022,609.95,613.95,617.2,587.05, 593.00,594.35,596.72,434841,2594.8,15090, 108168, 24.88,-2.56
INTELLECT, EQ, 25-May-2023,564.65,564.65,568.0,558.05, 565.00,564.95,563.34,513683,2893.8,13090, 129665, 25.24,0.05
INTELLECT, EQ, 25-Jun-2020,107.7,102.7,109.85,102.35, 103.00,104.0,104.28,229820,239.65,3463, 164476, 71.57,-3.44
INTELLECT, EQ, 25-Jun-2021,727.1,733.0,744.0,733.0, 740.20,738.3,738.99,174432,1289.03,8003, 123573, 70.84,1.54
INTELLECT, EQ, 25-Jun-2024,1066.0,1074.0,1118.5,1070.1,1077.0,1075.45,1095.94,1104611,12105.93,50037, 254284, 23.02,0.89
INTELLECT, EQ, 25-Jul-2022,690.15,689.8,704.95,687.0, 693.80,694.8,696.21,369124,2569.88,13261, 99044, 26.83,0.67
INTELLECT, EQ, 25-Jul-2023,630.6,630.6,634.7,615.0, 617.10,618.85,622.57,771621,4803.87,18003, 280150, 36.31,-1.86
INTELLECT, EQ, 25-Jul-2024,992.95,984.6,1008.0,977.0,999.95,996.9,993.66,303866,3019.39,9569, 120202, 39.56,0.4
INTELLECT, EQ, 25-Aug-2020,188.65,191.0,192.4,185.0, 185.65,186.2,188.7,107307,202.49,1411, 61009, 56.85,-1.3
INTELLECT, EQ, 25-Aug-2021,618.7,629.0,645.0,622.55, 638.00,639.15,636.63,164428,1046.8,9729, 76780, 46.70,3.31
INTELLECT, EQ, 25-Aug-2022,594.05,596.95,604.3,589.05,591.5,591.1,593.52,383420,2275.66,9896, 165743, 43.23,-0.5
INTELLECT, EQ, 25-Aug-2023,692.2,691.0,700.0,685.1, 690.35,692.2,691.77,222059,1536.14,8320, 83105, 37.42,0.0
INTELLECT, EQ, 25-Sep-2020,199.85,204.7,206.5,201.0, 204.30,205.2,203.93,117526,239.67,2059, 61844, 52.62,2.68
INTELLECT, EQ, 25-Sep-2023,719.25,719.65,734.0,714.0, 729.50,728.5,726.24,563077,4089.27,14755, 210319, 37.35,1.29
INTELLECT, EQ, 25-Sep-2024,998.4,999.95,1025.0,992.7,1015.0,1012.4,1012.97,487770,4940.95,29197, 197988, 40.59,1.4
INTELLECT, EQ, 25-Oct-2021,670.45,675.65,686.75,648.0, 660.00,667.15,666.59,255933,1706.02,18745, 99699, 38.96,-0.49
INTELLECT, EQ, 25-Oct-2022,511.7,510.0,512.55,499.7,500.6,500.65,503.79,255742,1288.39,9993, 123980, 48.48,-2.16
INTELLECT, EQ, 25-Oct-2023,635.8,639.0,651.0,628.6,645.4,644.45,644.01,304375,1960.2,17474, 122258, 40.17,1.36
INTELLECT, EQ, 25-Oct-2024,792.95,795.0,796.9,755.0,769.85,763.7,774.09,246935,1911.51,23192, 130310, 52.77,-3.69
INTELLECT, EQ, 25-Nov-2020,265.7,265.7,270.0,263.0, 264.30,263.85,266.11,254014,675.95,2499, 204971, 80.69,-0.7
INTELLECT, EQ, 25-Nov-2021,674.65,678.5,684.0,665.05,671.05,673.2,674.07,114118,769.24,6883, 56407, 49.43,-0.21
INTELLECT, EQ, 25-Nov-2022,445.7,447.15,453.7,438.5,442.2,443.8,443.77,345020,1531.11,9319, 97957, 28.39,-0.43
INTELLECT, EQ, 25-Nov-2024,709.1,735.0,740.9,717.8,722.0,725.65,727.6,223044,1622.86,17631, 115109, 51.61,2.33
INTELLECT, EQ, 26-Feb-2020,133.2,131.85,134.65,122.45, 123.50,123.3,126.9,371547,471.49,8073, 220096, 59.24,-7.43
INTELLECT, EQ, 26-Feb-2021,439.4,438.8,442.0,431.3,433.5,434.05,436.41,391375,1707.99,8844, 267545, 68.36,-1.22
INTELLECT, EQ, 26-Feb-2024,952.8,958.0,995.0,952.85, 983.45,983.2,980.29,928743,9104.35,47680, 175672, 18.92,3.19
INTELLECT, EQ, 26-Mar-2020,44.85,44.95,47.05,44.2, 47.05,47.05,46.92,53865,25.27,398, 48699, 90.41,4.91
INTELLECT, EQ, 26-Mar-2021,616.6,622.9,638.25,611.7,627.0,623.4,622.84,319546,1990.24,11564, 128375, 40.17,1.1
INTELLECT, EQ, 26-Mar-2024,1097.45,1097.0,1134.0,1083.0,1099.0,1100.7,1104.26,778843,8600.44,32756, 253296, 32.52,0.3
INTELLECT, EQ, 26-Mar-2025,728.0,724.45,739.0,715.2,715.2,721.9,730.32,362843,2649.9,18340, 121668, 33.53,-0.84
INTELLECT, EQ, 26-Apr-2021,715.65,724.95,748.0,705.5, 709.00,710.95,726.2,325883,2366.57,10761, 198095, 60.79,-0.66
INTELLECT, EQ, 26-Apr-2022,834.45,839.95,852.0,807.05, 810.40,810.95,826.67,544947,4504.93,26512, 172142, 31.59,-2.82
INTELLECT, EQ, 26-Apr-2023,433.25,430.3,438.25,428.5, 428.50,430.7,433.02,144252,624.64,4333, 44678, 30.97,-0.59
INTELLECT, EQ, 26-Apr-2024,1049.35,1051.75,1058.0,1033.7, 1035.10,1041.5,1044.38,238415,2489.96,19490, 113659, 47.67,-0.75
INTELLECT, EQ, 26-May-2020,65.3,68.05,68.05,65.0, 65.50,66.0,66.36,26018,17.26,558, 17570, 67.53,1.07
INTELLECT, EQ, 26-May-2021,769.4,774.8,775.0,756.0, 764.00,762.45,762.55,177276,1351.81,13648, 83400, 47.05,-0.9
INTELLECT, EQ, 26-May-2022,594.35,602.95,610.0,580.85,610.0,604.9,595.48,460456,2741.93,15293, 109079, 23.69,1.78
INTELLECT, EQ, 26-May-2023,564.95,566.0,577.95,565.0,567.9,567.0,571.8,806979,4614.31,22696, 210465, 26.08,0.36
INTELLECT, EQ, 26-Jun-2020,104.0,101.15,109.2,101.15, 109.20,109.2,108.25,121324,131.33,1308, 91925, 75.77,5.0
INTELLECT, EQ, 26-Jun-2023,596.45,595.0,612.8,594.1, 612.00,609.7,607.82,538020,3270.21,15808, 127720, 23.74,2.22
INTELLECT, EQ, 26-Jun-2024,1075.45,1084.0,1087.95,1044.05,1059.75,1057.6,1063.06,293814,3123.43,20814, 108580, 36.96,-1.66
INTELLECT, EQ, 26-Jul-2021,853.55,855.7,892.0,826.2,843.5,843.45,863.63,1174196,10140.75,40284, 444471, 37.85,-1.18
INTELLECT, EQ, 26-Jul-2022,694.8,696.0,699.8,645.25,650.0,653.6,665.38,665410,4427.51,22458, 189058, 28.41,-5.93
INTELLECT, EQ, 26-Jul-2023,618.85,619.05,622.9,592.3, 600.95,599.95,602.92,1222884,7372.98,26419, 549588, 44.94,-3.05
INTELLECT, EQ, 26-Jul-2024,996.9,996.9,1006.4,988.8, 1000.00,1000.05,999.28,222765,2226.05,11106, 126716, 56.88,0.32
INTELLECT, EQ, 26-Aug-2020,186.2,187.6,188.25,181.45, 182.10,183.0,184.27,84514,155.73,1581, 60009, 71.00,-1.72
INTELLECT, EQ, 26-Aug-2021,639.15,631.0,669.6,631.0, 657.00,658.25,657.0,604793,3973.46,27378, 164565, 27.21,2.99
INTELLECT, EQ, 26-Aug-2022,591.1,593.6,598.1,585.3,587.65,587.15,590.94,329409,1946.62,11272, 145217, 44.08,-0.67
INTELLECT, EQ, 26-Aug-2024,982.25,989.0,994.0,974.7,982.55,983.15,983.42,76350,750.84,5614, 37951, 49.71,0.09
INTELLECT, EQ, 26-Sep-2022,543.95,535.0,545.75,527.25,537.0,534.35,537.88,491050,2641.26,13622, 298532, 60.79,-1.76
INTELLECT, EQ, 26-Sep-2023,728.5,729.5,739.7,715.0, 717.00,717.4,729.92,456443,3331.65,15559, 163653, 35.85,-1.52
INTELLECT, EQ, 26-Sep-2024,1012.4,1020.0,1055.0,1015.1,1024.45,1025.1,1038.92,2118598,22010.55,78729, 315152, 14.88,1.25
INTELLECT, EQ, 26-Oct-2020,245.15,247.0,248.5,234.25,236.2,236.2,239.26,157134,375.96,3719, 112667, 71.70,-3.65
INTELLECT, EQ, 26-Oct-2021,667.15,667.7,678.75,662.25, 675.00,672.45,672.31,213249,1433.69,11679, 71987, 33.76,0.79
INTELLECT, EQ, 26-Oct-2023,644.45,639.95,662.9,625.0, 662.85,658.35,639.8,336125,2150.54,15238, 155333, 46.21,2.16
INTELLECT, EQ, 26-Nov-2020,263.85,264.55,277.0,262.1, 277.00,276.9,273.39,406819,1112.21,4787, 240234, 59.05,4.95
INTELLECT, EQ, 26-Nov-2021,673.2,660.2,667.95,648.45, 659.70,652.35,655.16,169212,1108.61,11491, 93067, 55.00,-3.1
INTELLECT, EQ, 26-Nov-2024,725.65,725.65,732.05,717.05,723.0,724.05,728.06,182132,1326.02,13016, 115099, 63.20,-0.22
INTELLECT, EQ, 26-Dec-2022,424.9,423.1,442.8,423.1,440.0,437.85,436.24,805727,3514.91,20951, 234304, 29.08,3.05
INTELLECT, EQ, 26-Dec-2023,811.7,813.0,829.9,806.35, 824.00,823.85,820.24,523146,4291.04,23316, 205716, 39.32,1.5
INTELLECT, EQ, 26-Dec-2024,915.3,915.3,1079.0,915.3,1012.0,1051.9,1022.1,26773960,273657.31,606493, 783408, 2.93,14.92
INTELLECT, EQ, 27-Jan-2020,170.85,169.7,172.45,168.8, 170.10,170.45,170.51,132106,225.26,2557, 70486, 53.36,-0.23
INTELLECT, EQ, 27-Jan-2021,325.65,326.0,327.35,316.0, 316.00,317.95,319.73,127162,406.58,5348, 74776, 58.80,-2.36
INTELLECT, EQ, 27-Jan-2022,721.25,721.0,752.0,711.25, 733.60,732.6,733.99,749403,5500.53,33642, 226879, 30.27,1.57
INTELLECT, EQ, 27-Jan-2023,410.25,412.25,419.7,393.45, 404.50,401.3,402.41,614581,2473.15,27329, 210150, 34.19,-2.18
INTELLECT, EQ, 27-Jan-2025,892.2,870.0,896.95,845.25,862.95,861.5,870.52,601713,5238.03,40681, 197246, 32.78,-3.44
INTELLECT, EQ, 27-Feb-2020,123.3,124.35,129.3,120.1, 121.80,121.15,122.27,154061,188.37,2932, 65518, 42.53,-1.74
INTELLECT, EQ, 27-Feb-2023,461.6,463.4,463.4,445.85, 452.00,450.35,451.62,258931,1169.39,10285, 56743, 21.91,-2.44
INTELLECT, EQ, 27-Feb-2024,983.2,981.95,1081.2,980.65, 1068.05,1058.7,1054.99,5241913,55301.89,162583, 626309, 11.95,7.68
INTELLECT, EQ, 27-Feb-2025,712.55,721.25,728.5,694.05,701.0,702.1,700.84,224987,1576.8,16016, 82634, 36.73,-1.47
INTELLECT, EQ, 27-Mar-2020,47.05,49.4,49.4,49.4, 49.40,49.4,49.4,31535,15.58,109, 31473, 99.80,4.99
INTELLECT, EQ, 27-Mar-2023,402.75,403.0,411.7,397.35, 397.35,398.55,402.12,492341,1979.8,12290, 176994, 35.95,-1.04
INTELLECT, EQ, 27-Mar-2024,1100.7,1101.05,1138.0,1083.25, 1126.00,1127.75,1116.02,652121,7277.79,38750, 149503, 22.93,2.46
INTELLECT, EQ, 27-Mar-2025,721.9,717.0,735.0,706.8,728.2,726.65,717.31,283699,2035.01,21213, 109568, 38.62,0.66
INTELLECT, EQ, 27-Apr-2020,72.35,74.0,75.95,70.1, 75.45,75.85,74.04,79293,58.71,943, 58551, 73.84,4.84
INTELLECT, EQ, 27-Apr-2021,710.95,715.9,723.95,695.0,699.9,698.3,702.85,217439,1528.27,11137, 125693, 57.81,-1.78
INTELLECT, EQ, 27-Apr-2022,810.95,806.9,823.0,788.0,817.0,817.6,803.24,453033,3638.94,18028, 136337, 30.09,0.82
INTELLECT, EQ, 27-Apr-2023,430.7,430.7,446.75,429.05, 440.15,439.25,440.09,479881,2111.93,14026, 92175, 19.21,1.99
INTELLECT, EQ, 27-May-2020,66.0,67.85,68.0,65.3,67.9,67.8,67.27,33091,22.26,541, 23789, 71.89,2.73
INTELLECT, EQ, 27-May-2021,762.45,764.65,782.95,727.25, 769.70,767.6,765.68,1809395,13854.14,34370, 1535120, 84.84,0.68
INTELLECT, EQ, 27-May-2022,604.9,614.0,634.2,610.5, 623.25,623.3,623.31,473498,2951.35,15473, 95857, 20.24,3.04
INTELLECT, EQ, 27-May-2024,896.35,901.9,905.45,889.65,899.0,897.45,897.45,136576,1225.71,14213, 60452, 44.26,0.12
INTELLECT, EQ, 27-Jun-2022,641.5,648.65,671.65,646.9,663.95,665.35,663.75,505509,3355.32,15719, 155388, 30.74,3.72
INTELLECT, EQ, 27-Jun-2023,609.7,610.25,617.55,607.55, 612.90,612.2,613.07,463619,2842.33,22572, 150663, 32.50,0.41
INTELLECT, EQ, 27-Jun-2024,1057.6,1059.0,1059.0,1016.0,1032.0,1027.4,1035.56,277549,2874.2,17691, 148119, 53.37,-2.86
INTELLECT, EQ, 27-Jul-2020,150.0,148.0,148.45,142.5,142.5,142.5,143.47,150508,215.93,833, 141474, 94.00,-5.0
INTELLECT, EQ, 27-Jul-2021,843.45,850.25,859.0,817.0, 830.00,832.9,836.78,477440,3995.12,16653, 239862, 50.24,-1.25
INTELLECT, EQ, 27-Jul-2022,653.6,654.2,664.85,638.0,656.0,654.6,651.88,308214,2009.2,10803, 69606, 22.58,0.15
INTELLECT, EQ, 27-Jul-2023,599.95,604.7,608.7,572.0, 580.50,577.2,589.33,1329320,7834.14,18707, 742160, 55.83,-3.79
INTELLECT, EQ, 27-Aug-2020,183.0,182.5,192.15,178.05,192.15,192.15,182.07,1500005,2731.03,5451, 1189967, 79.33,5.0
INTELLECT, EQ, 27-Aug-2021,658.25,670.0,670.0,648.0, 652.00,652.15,657.25,138242,908.6,8010, 73877, 53.44,-0.93
INTELLECT, EQ, 27-Aug-2024,983.15,983.15,987.0,968.0,970.0,971.35,977.97,101504,992.68,8115, 61028, 60.12,-1.2
INTELLECT, EQ, 27-Sep-2021,686.2,696.8,720.5,696.8, 718.55,717.4,711.94,656031,4670.55,32631, 309609, 47.19,4.55
INTELLECT, EQ, 27-Sep-2022,534.35,539.0,554.0,531.1,534.6,535.3,537.69,501373,2695.84,16174, 255823, 51.02,0.18
INTELLECT, EQ, 27-Sep-2023,717.4,717.0,724.0,707.0, 715.70,718.05,716.41,163774,1173.3,7757, 65685, 40.11,0.09
INTELLECT, EQ, 27-Sep-2024,1025.1,1037.0,1039.8,981.05,990.0,988.0,1004.96,296267,2977.36,25990, 125636, 42.41,-3.62
INTELLECT, EQ, 27-Oct-2020,236.2,238.95,238.95,230.0, 237.00,235.4,233.67,146551,342.44,4903, 89440, 61.03,-0.34
INTELLECT, EQ, 27-Oct-2021,672.45,677.5,683.5,650.55, 661.05,661.85,667.13,307474,2051.26,12561, 105633, 34.36,-1.58
INTELLECT, EQ, 27-Oct-2022,500.65,504.0,512.4,499.45,507.0,507.1,504.88,317557,1603.27,10659, 128239, 40.38,1.29
INTELLECT, EQ, 27-Oct-2023,658.35,669.0,670.75,640.05,647.1,644.15,650.02,441117,2867.37,16752, 186230, 42.22,-2.16
INTELLECT, EQ, 27-Nov-2020,276.9,278.45,282.0,268.25,271.5,272.75,274.33,351373,963.92,4980, 227672, 64.79,-1.5
INTELLECT, EQ, 27-Nov-2024,724.05,729.7,732.4,718.0,724.0,722.25,725.19,190199,1379.3,15305, 91562, 48.14,-0.25
INTELLECT, EQ, 27-Dec-2021,670.25,667.0,688.5,657.05, 680.25,681.55,673.26,160685,1081.83,7668, 69945, 43.53,1.69
INTELLECT, EQ, 27-Dec-2022,437.85,440.05,446.4,436.05,442.1,443.0,441.24,785800,3467.26,17139, 228608, 29.09,1.18
INTELLECT, EQ, 27-Dec-2023,823.85,824.5,842.0,821.55, 832.00,834.35,834.15,435572,3633.34,20621, 146683, 33.68,1.27
INTELLECT, EQ, 27-Dec-2024,1051.9,1019.1,1039.0,985.5,1006.05,1021.3,1009.46,6628500,66911.98,178554, 256222, 3.87,-2.91
INTELLECT, EQ, 28-Jan-2020,170.45,170.25,178.0,169.85, 170.45,170.35,173.65,319710,555.17,4190, 95531, 29.88,-0.06
INTELLECT, EQ, 28-Jan-2021,317.95,317.95,331.0,313.55, 326.85,325.7,321.94,235166,757.1,4851, 111603, 47.46,2.44
INTELLECT, EQ, 28-Jan-2022,732.6,742.0,779.0,737.85, 756.60,756.0,764.23,730027,5579.06,30242, 274072, 37.54,3.19
INTELLECT, EQ, 28-Jan-2025,861.5,861.5,865.8,824.0,854.8,856.05,845.88,474720,4015.57,39440, 146166, 30.79,-0.63
INTELLECT, EQ, 28-Feb-2020,121.15,121.9,121.9,114.1, 115.50,115.65,117.47,197295,231.76,2697, 111669, 56.60,-4.54
INTELLECT, EQ, 28-Feb-2022,644.9,644.9,660.0,631.25, 655.05,653.75,644.99,225027,1451.4,9769, 96204, 42.75,1.37
INTELLECT, EQ, 28-Feb-2023,450.35,453.7,456.5,447.4, 450.10,449.9,451.66,239547,1081.93,7522, 62013, 25.89,-0.1
INTELLECT, EQ, 28-Feb-2024,1058.7,1061.0,1084.0,1052.7,1068.0,1061.45,1063.76,1371046,14584.61,59795, 267965, 19.54,0.26
INTELLECT, EQ, 28-Feb-2025,702.1,695.95,711.2,655.9,660.0,665.7,684.14,645195,4414.02,33145, 264434, 40.99,-5.18
INTELLECT, EQ, 28-Mar-2022,858.8,865.0,869.2,833.3, 860.00,860.05,851.78,577776,4921.4,24020, 183314, 31.73,0.15
INTELLECT, EQ, 28-Mar-2023,398.55,398.95,401.95,392.95, 395.00,397.0,397.62,433176,1722.4,13614, 226438, 52.27,-0.39
INTELLECT, EQ, 28-Mar-2024,1127.75,1131.0,1145.9,1090.0,1094.0,1096.8,1115.99,359382,4010.65,18939, 113754, 31.65,-2.74
INTELLECT, EQ, 28-Mar-2025,726.65,726.95,732.9,688.0,692.6,692.7,703.21,381913,2685.67,27423, 153984, 40.32,-4.67
INTELLECT, EQ, 28-Apr-2020,75.85,77.9,78.25,72.55, 73.15,73.1,74.63,65536,48.91,944, 49054, 74.85,-3.63
INTELLECT, EQ, 28-Apr-2021,698.3,707.9,712.9,693.0, 696.85,698.35,699.67,217899,1524.57,12740, 140462, 64.46,0.01
INTELLECT, EQ, 28-Apr-2022,817.6,824.0,830.0,812.3, 815.00,815.85,817.86,269715,2205.88,7360, 129687, 48.08,-0.21
INTELLECT, EQ, 28-Apr-2023,439.25,443.0,450.5,440.05, 445.00,445.9,445.26,433496,1930.17,12422, 135152, 31.18,1.51
INTELLECT, EQ, 28-May-2020,67.8,69.0,69.0,67.25,68.3,67.7,68.16,37647,25.66,541, 28093, 74.62,-0.15
INTELLECT, EQ, 28-May-2021,767.6,769.95,788.0,760.0,765.25,765.6,769.92,318431,2451.67,26501, 205048, 64.39,-0.26
INTELLECT, EQ, 28-May-2024,897.45,890.0,902.95,890.0,895.0,896.2,895.4,349286,3127.52,14251, 237543, 68.01,-0.14
INTELLECT, EQ, 28-Jun-2021,738.3,741.0,747.0,716.75, 720.00,720.65,725.46,291395,2113.95,13532, 223057, 76.55,-2.39
INTELLECT, EQ, 28-Jun-2022,665.35,660.0,668.35,648.05, 666.05,666.0,658.66,229926,1514.43,7811, 53358, 23.21,0.1
INTELLECT, EQ, 28-Jun-2024,1027.4,1028.0,1075.0,1028.0,1069.5,1068.1,1063.23,479229,5095.3,34130, 181888, 37.95,3.96
INTELLECT, EQ, 28-Jul-2020,142.5,140.25,149.6,136.15,149.6,149.6,146.96,536494,788.45,2480, 300472, 56.01,4.98
INTELLECT, EQ, 28-Jul-2021,832.9,833.0,840.95,715.25,745.0,744.9,765.08,1919201,14683.33,78787, 833373, 43.42,-10.57
INTELLECT, EQ, 28-Jul-2022,654.6,667.65,670.45,654.6, 667.80,666.85,662.83,551918,3658.25,16989, 111708, 20.24,1.87
INTELLECT, EQ, 28-Jul-2023,577.2,604.5,692.6,599.1, 692.60,690.9,663.05,16495461,109373.7,225597, 1998602, 12.12,19.7
INTELLECT, EQ, 28-Aug-2020,192.15,201.75,201.75,194.0, 201.75,201.75,200.12,963061,1927.26,6580, 391101, 40.61,5.0
INTELLECT, EQ, 28-Aug-2023,692.2,694.05,704.5,686.1, 703.00,701.85,696.92,268717,1872.75,11200, 101405, 37.74,1.39
INTELLECT, EQ, 28-Aug-2024,971.35,977.2,1039.05,972.1,983.0,981.95,1008.11,955105,9628.53,45500, 124660, 13.05,1.09
INTELLECT, EQ, 28-Sep-2020,205.2,209.7,210.0,204.5,206.5,205.7,207.08,103916,215.19,2058,69956,67.32,0.24
INTELLECT, EQ, 28-Sep-2021,717.4,721.0,729.7,697.55, 715.00,715.15,715.65,472549,3381.77,21932, 190783, 40.37,-0.31
INTELLECT, EQ, 28-Sep-2022,535.3,535.0,541.9,528.5,538.2,535.25,534.59,265600,1419.86,10537, 85244, 32.09,-0.01
INTELLECT, EQ, 28-Sep-2023,718.05,719.25,731.7,708.55, 710.95,712.8,720.78,266458,1920.57,12071, 96050, 36.05,-0.73
INTELLECT, EQ, 28-Oct-2020,235.4,240.45,245.6,231.9, 234.40,234.6,238.03,207065,492.87,4617, 130496, 63.02,-0.34
INTELLECT, EQ, 28-Oct-2021,661.85,665.25,679.75,645.05, 660.00,659.65,663.69,442717,2938.27,21248, 123214, 27.83,-0.33
INTELLECT, EQ, 28-Oct-2022,507.1,507.0,511.8,498.05,501.95,500.6,504.39,265126,1337.26,12688, 106114, 40.02,-1.28
INTELLECT, EQ, 28-Oct-2024,763.7,739.0,751.25,706.25,746.0,745.35,731.89,843261,6171.74,60329, 315367, 37.40,-2.4
INTELLECT, EQ, 28-Nov-2022,443.8,447.0,458.8,442.25, 457.40,457.0,453.78,523569,2375.83,11155, 187745, 35.86,2.97
INTELLECT, EQ, 28-Nov-2023,710.2,711.2,723.9,700.0, 702.90,701.9,710.19,265133,1882.95,17321, 99128, 37.39,-1.17
INTELLECT, EQ, 28-Nov-2024,722.25,729.65,739.2,714.6,716.8,717.0,725.73,228486,1658.2,18792, 112701, 49.33,-0.73
INTELLECT, EQ, 28-Dec-2020,304.0,306.0,313.3,306.0,306.5,307.1,309.99,135056,418.66,3664, 82276, 60.92,1.02
INTELLECT, EQ, 28-Dec-2021,681.55,683.5,694.0,680.0,688.9,687.35,686.57,110452,758.33,5795, 52731, 47.74,0.85
INTELLECT, EQ, 28-Dec-2022,443.0,440.0,447.75,437.45, 441.00,442.0,443.18,300872,1333.41,9560, 64416, 21.41,-0.23
INTELLECT, EQ, 28-Dec-2023,834.35,840.5,842.7,822.05, 838.90,834.85,833.26,302795,2523.08,19172, 118230, 39.05,0.06
INTELLECT, EQ, 29-Jan-2020,170.35,171.45,173.45,170.5, 171.80,172.1,172.09,144776,249.14,1731, 70368, 48.60,1.03
INTELLECT, EQ, 29-Jan-2021,325.7,328.0,334.5,322.5, 327.50,328.9,328.33,180487,592.6,4435, 109588, 60.72,0.98
INTELLECT, EQ, 29-Jan-2024,910.4,915.0,919.25,871.0, 880.00,881.45,900.18,571424,5143.85,39021, 290123, 50.77,-3.18
INTELLECT, EQ, 29-Jan-2025,856.05,849.7,873.2,815.0,817.5,821.9,849.83,1485285,12622.39,42322, 945136, 63.63,-3.99
INTELLECT, EQ, 29-Feb-2024,1061.45,1058.8,1119.0,1055.05, 1118.00,1106.05,1097.17,2751707,30190.97,106317, 372252, 13.53,4.2
INTELLECT, EQ, 29-Mar-2022,860.05,858.35,913.45,855.0, 902.00,903.6,897.0,2002872,17965.84,58271, 482238, 24.08,5.06
INTELLECT, EQ, 29-Mar-2023,397.0,396.75,401.7,393.25, 398.90,397.75,397.95,412029,1639.66,11208, 181897, 44.15,0.19
INTELLECT, EQ, 29-Apr-2020,73.1,73.35,76.1,71.9,73.65,73.85,74.17,51276,38.03,932, 26465, 51.61,1.03
INTELLECT, EQ, 29-Apr-2021,698.35,705.0,708.0,685.15, 693.35,696.05,693.03,244963,1697.66,15291, 140590, 57.39,-0.33
INTELLECT, EQ, 29-Apr-2022,815.85,820.0,822.9,785.0,793.95,790.8,803.5,289559,2326.61,13985, 95420, 32.95,-3.07
INTELLECT, EQ, 29-Apr-2024,1041.5,1043.0,1101.0,1040.0, 1092.00,1093.2,1087.78,1571505,17094.55,71149, 247836, 15.77,4.96
INTELLECT, EQ, 29-May-2020,67.7,67.7,69.0,65.1, 66.20,66.7,67.44,51872,34.98,617, 34861, 67.21,-1.48
INTELLECT, EQ, 29-May-2023,567.0,569.2,575.45,563.1, 569.95,566.5,569.26,560074,3188.29,19155, 170403, 30.43,-0.09
INTELLECT, EQ, 29-May-2024,896.2,896.0,902.4,888.2,895.0,894.95,894.46,399577,3574.07,23451, 263921, 66.05,-0.14
INTELLECT, EQ, 29-Jun-2020,109.2,112.7,114.65,110.5, 111.00,111.75,113.43,312241,354.17,3240, 209608, 67.13,2.34
INTELLECT, EQ, 29-Jun-2021,720.65,722.4,727.6,710.2, 716.95,714.7,717.14,296504,2126.35,16161, 148259, 50.00,-0.83
INTELLECT, EQ, 29-Jun-2022,666.0,658.0,664.0,644.8, 645.00,647.8,653.82,176015,1150.82,7021, 47540, 27.01,-2.73
INTELLECT, EQ, 28-Jun-2023,612.2,612.2,624.6,609.45, 624.00,621.6,618.81,635672,3933.59,16769, 195813, 30.80,1.54
INTELLECT, EQ, 29-Jul-2020,149.6,157.05,157.05,150.05, 157.05,157.05,156.96,257950,404.88,640, 203937, 79.06,4.98
INTELLECT, EQ, 29-Jul-2021,744.9,755.7,760.95,695.05,706.0,705.35,717.8,1361790,9774.87,73458, 650232, 47.75,-5.31
INTELLECT, EQ, 29-Jul-2022,666.85,649.5,651.35,625.0,631.1,630.4,634.77,1455670,9240.14,55568, 449139, 30.85,-5.47
INTELLECT, EQ, 29-Jul-2024,1000.05,963.95,1000.0,960.0,1000.0,995.45,984.13,687927,6770.12,23735, 304496, 44.26,-0.46
INTELLECT, EQ, 29-Aug-2022,587.15,575.0,588.95,571.05, 581.00,582.45,580.41,451473,2620.37,11466, 251630, 55.74,-0.8
INTELLECT, EQ, 29-Aug-2023,701.85,701.0,704.95,691.0, 691.10,693.1,695.6,146757,1020.84,7086, 63234, 43.09,-1.25
INTELLECT, EQ, 29-Aug-2024,981.95,985.95,1013.95,979.45,994.7,993.55,993.79,417212,4146.22,23631, 64075, 15.36,1.18
INTELLECT, EQ, 29-Sep-2020,205.7,210.0,215.95,206.55,212.5,212.65,213.91,499881,1069.31,4729, 213690, 42.75,3.38
INTELLECT, EQ, 29-Sep-2021,715.15,708.0,716.1,701.0, 704.05,707.2,706.61,259155,1831.23,15346, 111005, 42.83,-1.11
INTELLECT, EQ, 29-Sep-2022,535.25,545.5,547.0,508.0,512.0,511.5,518.24,796262,4126.57,26729, 296700, 37.26,-4.44
INTELLECT, EQ, 29-Sep-2023,712.8,716.0,719.5,702.7, 708.90,706.3,709.53,193800,1375.07,9186, 72950, 37.64,-0.91
INTELLECT, EQ, 29-Oct-2020,234.6,236.8,240.0,231.95,238.75,238.8,237.1,162217,384.62,4143, 96707, 59.62,1.79
INTELLECT, EQ, 29-Oct-2021,659.65,671.0,680.0,646.0, 653.05,654.65,660.64,528084,3488.72,24819, 215311, 40.77,-0.76
INTELLECT, EQ, 29-Oct-2024,745.35,755.0,755.05,723.05,744.0,734.5,735.72,553491,4072.12,34234, 163511, 29.54,-1.46
INTELLECT, EQ, 29-Nov-2021,652.35,641.0,645.0,603.7, 617.50,614.6,623.74,441021,2750.81,22241, 208002, 47.16,-5.79
INTELLECT, EQ, 29-Nov-2022,457.0,458.0,459.85,449.0,450.0,450.85,454.95,300847,1368.71,9961, 109983, 36.56,-1.35
INTELLECT, EQ, 29-Nov-2023,701.9,704.95,711.6,695.05, 695.05,697.85,703.81,192139,1352.29,11407, 88977, 46.31,-0.58
INTELLECT, EQ, 29-Nov-2024,717.0,720.45,722.0,693.0,715.45,717.0,705.34,633534,4468.57,58018, 290594, 45.87,0.0
INTELLECT, EQ, 29-Dec-2020,307.1,311.4,322.45,303.9,319.9,319.05,316.83,433780,1374.34,9130, 203432, 46.90,3.89
INTELLECT, EQ, 29-Dec-2021,687.35,692.25,733.0,689.3, 720.00,719.35,718.68,904741,6502.21,29541, 317894, 35.14,4.66
INTELLECT, EQ, 29-Dec-2022,442.0,442.5,442.8,434.0, 440.00,440.9,439.03,382036,1677.26,13299, 114502, 29.97,-0.25
INTELLECT, EQ, 29-Dec-2023,834.85,833.0,843.95,827.0, 838.65,836.6,834.88,219437,1832.03,11060, 93796, 42.74,0.21
INTELLECT, EQ, 30-Jan-2020,172.1,171.85,172.35,167.85, 171.10,170.9,170.23,155991,265.54,1530, 86642, 55.54,-0.7
INTELLECT, EQ, 30-Jan-2023,401.3,403.4,433.05,393.9, 430.55,431.5,424.48,1328324,5638.41,37560, 256363, 19.30,7.53
INTELLECT, EQ, 30-Jan-2024,881.45,886.95,890.0,866.0, 881.75,878.8,876.54,379057,3322.6,18711, 212883, 56.16,-0.3
INTELLECT, EQ, 30-Jan-2025,821.9,825.0,833.95,767.75,783.0,776.45,789.3,1116806,8814.94,53681, 482351, 43.19,-5.53
INTELLECT, EQ, 30-Mar-2020,49.4,51.85,51.85,51.85, 51.85,51.85,51.85,58737,30.46,208, 58735, 100.00,4.96
INTELLECT, EQ, 30-Mar-2021,623.4,644.7,713.35,630.65,695.5,695.2,684.12,1227419,8396.97,42714, 369765, 30.13,11.52
INTELLECT, EQ, 30-Mar-2022,903.6,905.0,923.7,895.25, 912.50,916.65,912.75,1003507,9159.48,36080, 310909, 30.98,1.44
INTELLECT, EQ, 30-Apr-2020,73.85,73.95,75.95,72.0,72.1,72.45,73.43,71893,52.79,1461, 51867, 72.14,-1.9
INTELLECT, EQ, 30-Apr-2021,696.05,690.0,698.45,677.75,682.05,681.3,685.66,512062,3511.02,12295, 436410, 85.23,-2.12
INTELLECT, EQ, 30-Apr-2024,1093.2,1093.2,1107.5,1077.0, 1077.00,1079.75,1092.9,247538,2705.35,16654, 63653, 25.71,-1.23
INTELLECT, EQ, 30-May-2022,623.3,634.75,678.8,630.6, 673.80,673.85,665.31,1340188,8916.45,35563, 232697, 17.36,8.11
INTELLECT, EQ, 30-May-2023,566.5,566.5,573.95,563.55, 568.60,569.4,569.13,320856,1826.07,10159, 98540, 30.71,0.51
INTELLECT, EQ, 30-May-2024,894.95,892.0,902.8,884.6,887.8,890.0,891.35,137099,1222.04,16727, 70126, 51.15,-0.55
INTELLECT, EQ, 30-Jun-2020,111.75,114.0,117.3,107.15, 112.00,111.65,115.13,318756,366.98,1880, 199410, 62.56,-0.09
INTELLECT, EQ, 30-Jun-2021,714.7,718.0,740.0,715.45, 728.00,723.95,731.0,315725,2307.96,20631, 171577, 54.34,1.29
INTELLECT, EQ, 30-Jun-2022,647.8,651.1,658.6,629.55,629.55,633.35,640.7,212117,1359.04,8368, 57027, 26.88,-2.23
INTELLECT, EQ, 30-Jun-2023,621.6,621.6,638.8,621.6, 626.15,628.6,630.28,820751,5173.0,20147, 271143, 33.04,1.13
INTELLECT, EQ, 30-Jul-2020,157.05,160.0,163.85,153.65, 158.15,158.95,160.01,352316,563.73,4305, 190979, 54.21,1.21
INTELLECT, EQ, 30-Jul-2021,705.35,710.0,763.0,707.55, 750.00,747.6,741.02,864626,6407.09,34577, 381538, 44.13,5.99
INTELLECT, EQ, 30-Jul-2024,995.45,1004.15,1004.15,976.2,982.5,981.25,989.3,249099,2464.33,15157, 173438, 69.63,-1.43
INTELLECT, EQ, 30-Aug-2021,652.15,653.0,665.45,645.9, 650.50,650.45,652.64,205948,1344.11,9338, 127167, 61.75,-0.26
INTELLECT, EQ, 30-Aug-2022,582.45,581.0,596.85,581.0, 590.50,591.9,591.62,285613,1689.74,8879, 148332, 51.93,1.62
INTELLECT, EQ, 30-Aug-2023,693.1,695.35,718.25,693.7, 709.50,707.5,710.33,927084,6585.35,52488, 303881, 32.78,2.08
INTELLECT, EQ, 30-Aug-2024,993.55,993.55,999.2,983.35,995.1,993.0,989.8,90481,895.58,7442, 37417, 41.35,-0.06
INTELLECT, EQ, 30-Sep-2020,212.65,213.0,223.25,213.0,223.25,223.25,220.52,412554,909.76,2954, 309547, 75.03,4.98
INTELLECT, EQ, 30-Sep-2021,707.2,710.0,727.0,705.55, 710.50,709.95,717.98,379565,2725.19,18767, 174185, 45.89,0.39
INTELLECT, EQ, 30-Sep-2022,511.5,506.9,520.0,505.5, 519.00,517.4,514.84,619684,3190.36,14766, 362591, 58.51,1.15
INTELLECT, EQ, 30-Sep-2024,988.0,988.0,991.45,958.05,963.0,962.1,969.61,243766,2363.58,18424, 120682, 49.51,-2.62
INTELLECT, EQ, 30-Oct-2020,238.8,240.05,246.5,235.2, 236.20,238.7,241.16,586183,1413.63,12285, 303882, 51.84,-0.04
INTELLECT, EQ, 30-Oct-2023,644.15,630.0,695.5,630.0, 679.10,679.45,672.96,1769726,11909.56,50525, 335347, 18.95,5.48
INTELLECT, EQ, 30-Oct-2024,734.5,752.0,779.5,737.3,755.0,756.45,757.9,903082,6844.46,70007, 435887, 48.27,2.99
INTELLECT, EQ, 30-Nov-2021,614.6,607.3,629.7,607.3,623.0,620.9,618.96,500463,3097.67,19222, 275526, 55.05,1.03
INTELLECT, EQ, 30-Nov-2022,450.85,451.95,462.25,449.0,459.0,459.45,457.22,533485,2439.21,10419, 207364, 38.87,1.91
INTELLECT, EQ, 30-Nov-2023,697.85,699.95,745.75,698.5, 733.90,734.45,733.83,1964070,14413.0,86287, 633150, 32.24,5.24
INTELLECT, EQ, 30-Dec-2020,319.05,322.0,330.0,315.5,316.2,316.85,323.58,388850,1258.23,8504, 188681, 48.52,-0.69
INTELLECT, EQ, 30-Dec-2021,719.35,723.0,785.0,716.7, 776.35,772.95,761.13,2407227,18322.07,56860, 778258, 32.33,7.45
INTELLECT, EQ, 30-Dec-2022,440.9,441.0,455.9,441.0,447.95,446.2,449.44,536915,2413.11,15108, 131192, 24.43,1.2
INTELLECT, EQ, 30-Dec-2024,1021.3,998.05,1026.8,950.5,961.9,964.3,980.14,2154947,21121.4,49043, 248330, 11.52,-5.58
INTELLECT, EQ, 31-Jan-2020,170.9,171.25,171.6,168.25, 170.00,170.2,170.11,137071,233.17,1473, 88397, 64.49,-0.41
INTELLECT, EQ, 31-Jan-2022,756.0,763.0,781.95,759.55,767.9,768.1,770.49,349428,2692.33,10753, 171760, 49.15,1.6
INTELLECT, EQ, 31-Jan-2023,431.5,427.1,442.75,420.3,441.45,439.8,434.11,777253,3374.1,28070, 197977, 25.47,1.92
INTELLECT, EQ, 31-Jan-2024,878.8,880.0,905.0,877.95, 900.50,900.75,898.7,491915,4420.86,29083, 226092, 45.96,2.5
INTELLECT, EQ, 31-Jan-2025,776.45,785.15,824.8,775.45,809.0,811.0,806.64,1463534,11805.4,76648, 179354, 12.25,4.45
INTELLECT, EQ, 31-Mar-2020,51.85,54.4,54.4,54.4,54.4,54.4,54.4,12113,6.59,82, 12113, 100.00,4.92
INTELLECT, EQ, 31-Mar-2021,695.2,703.0,746.0,698.15, 742.90,740.0,732.82,1909474,13992.98,63620, 586509, 30.72,6.44
INTELLECT, EQ, 31-Mar-2022,916.65,925.0,951.0,914.0, 942.00,945.75,933.62,1230753,11490.52,44501, 393622, 31.98,3.17
INTELLECT, EQ, 31-Mar-2023,397.75,400.0,412.9,400.0, 410.50,410.6,408.01,545795,2226.92,18135, 176829, 32.40,3.23
INTELLECT, EQ, 31-May-2021,765.6,772.0,782.7,755.75, 775.00,773.75,773.07,443918,3431.8,41392, 172652, 38.89,1.06
INTELLECT, EQ, 31-May-2022,673.85,676.0,683.7,665.0, 673.10,673.0,675.42,507533,3427.97,17830, 144422, 28.46,-0.13
INTELLECT, EQ, 31-May-2023,569.4,567.5,589.05,565.25, 585.05,586.0,581.64,872996,5077.71,26162, 292608, 33.52,2.92
INTELLECT, EQ, 31-May-2024,890.0,890.0,937.9,889.15,930.0,918.3,901.69,431328,3889.23,13462, 248324, 57.57,3.18
INTELLECT, EQ, 31-Jul-2020,158.95,158.0,163.9,154.4,159.0,159.85,160.5,292221,469.01,3910, 116978, 40.03,0.57
INTELLECT, EQ, 31-Jul-2023,690.9,687.0,693.75,651.5, 666.00,674.65,673.18,6801551,45786.62,112865, 680205, 10.00,-2.35
INTELLECT, EQ, 31-Jul-2024,981.25,981.0,996.0,961.3,970.1,969.55,977.8,189670,1854.6,14846, 103637, 54.64,-1.19
INTELLECT, EQ, 31-Aug-2020,201.75,209.0,211.8,191.7, 191.70,191.7,199.3,333470,664.62,2639, 204766, 61.40,-4.98
INTELLECT, EQ, 31-Aug-2021,650.45,655.0,659.95,641.85,657.6,651.4,649.6,238946,1552.2,10821, 148179, 62.01,0.15
INTELLECT, EQ, 31-Aug-2023,707.5,709.0,742.4,709.0, 734.00,735.0,732.02,1554855,11381.82,39183, 437541, 28.14,3.89
INTELLECT, EQ, 31-Oct-2022,500.6,477.5,477.5,427.35,432.5,431.6,443.05,6384567,28287.01,184176, 1933535, 30.28,-13.78
INTELLECT, EQ, 31-Oct-2023,679.45,682.05,712.95,674.95, 682.00,679.3,695.2,957057,6653.5,35595, 207773, 21.71,-0.02
INTELLECT, EQ, 31-Oct-2024,756.45,757.1,758.45,730.0,733.05,736.15,742.03,444930,3301.51,31930, 236448, 53.14,-2.68
INTELLECT, EQ, 31-Dec-2020,316.85,319.4,322.5,313.05,315.0,315.05,317.64,166479,528.81,4730, 87651, 52.65,-0.57
INTELLECT, EQ, 31-Dec-2021,772.95,785.0,786.0,737.0,743.0,742.25,758.47,672346,5099.52,25574, 282705, 42.05,-3.97
INTELLECT, EQ, 31-Dec-2024,964.3,964.3,974.8,934.0,957.0,955.95,948.0,825670,7827.35,20761, 128334, 15.54,-0.87
