SYMBOL, SERIES, DATE1, PREV_CLOSE, OPEN_PRICE, HIGH_PRICE, LOW_PRICE, LAST_PRICE, CLOSE_PRICE, AVG_PRICE, TTL_TRD_QNTY, TURNOVER_LACS, NO_OF_TRADES, DELIV_QTY, DELIV_PER,PER_CHANGE
KNRCON, EQ, 01-Jan-2020,249.5,247.8,254.8,242.8, 253.35,253.6,251.16,397725,998.93,9488, 135740, 34.13,1.64
KNRCON, EQ, 01-Jan-2021,324.4,324.9,332.3,324.1, 327.50,328.0,328.39,156776,514.84,4093, 57260, 36.52,1.11
KNRCON, EQ, 01-Jan-2024,256.45,257.05,260.8,256.9, 258.00,257.9,258.13,565805,1460.53,10981, 331514, 58.59,0.57
KNRCON, EQ, 01-Jan-2025,346.15,347.2,347.55,338.45,343.6,342.65,342.11,591344,2023.02,25652, 244086, 41.28,-1.01
KNRCON, EQ, 01-Feb-2021,368.9,369.1,412.35,369.0, 405.65,404.8,393.68,2149276,8461.17,58785, 976071, 45.41,9.73
KNRCON, EQ, 01-Feb-2022,315.35,323.0,329.85,307.0,310.0,311.0,321.3,2436521,7828.66,52502, 753942, 30.94,-1.38
KNRCON, EQ, 01-Feb-2023,246.95,252.0,259.0,237.8, 245.00,241.05,249.18,648663,1616.34,17522, 281358, 43.38,-2.39
KNRCON, EQ, 01-Feb-2024,276.6,279.0,280.75,272.7, 274.90,275.75,277.11,1407244,3899.66,27236, 688955, 48.96,-0.31
KNRCON, EQ, 01-Mar-2021,206.6,210.0,211.95,208.0, 208.65,208.4,209.57,309737,649.12,6494, 151330, 48.86,0.87
KNRCON, EQ, 01-Mar-2023,256.05,256.05,261.5,252.25, 258.00,258.15,259.05,283270,733.8,6117, 218305, 77.07,0.82
KNRCON, EQ, 01-Mar-2024,268.0,269.95,275.25,269.55, 272.45,271.95,272.36,387176,1054.51,9885, 158786, 41.01,1.47
KNRCON, EQ, 01-Apr-2020,196.5,197.6,199.0,194.05,195.0,196.35,196.85,19780,38.94,842, 10603, 53.60,-0.08
KNRCON, EQ, 01-Apr-2021,213.4,214.9,216.8,210.85, 211.15,211.8,212.73,469751,999.31,10233, 254138, 54.10,-0.75
KNRCON, EQ, 01-Apr-2022,284.15,286.8,294.0,285.0, 293.00,292.7,290.03,289124,838.55,8044, 147391, 50.98,3.01
KNRCON, EQ, 01-Apr-2024,246.3,248.8,255.85,248.5, 254.60,254.4,252.9,403042,1019.29,12129, 203341, 50.45,3.29
KNRCON, EQ, 01-Apr-2025,228.13,229.0,232.0,225.06,229.0,228.95,229.1,850993,1949.65,24824, 258916, 30.43,0.36
KNRCON, EQ, 01-Jun-2020,200.7,201.55,206.0,200.7, 202.05,201.95,203.36,120049,244.13,2684, 62912, 52.41,0.62
KNRCON, EQ, 01-Jun-2021,219.7,220.5,223.8,218.8, 221.50,221.35,221.23,308624,682.76,7897, 112183, 36.35,0.75
KNRCON, EQ, 01-Jun-2022,260.0,257.2,263.0,250.05,256.05,254.85,258.3,460048,1188.32,20500, 120045, 26.09,-1.98
KNRCON, EQ, 01-Jun-2023,247.05,247.9,253.8,246.95, 249.80,249.65,250.3,488340,1222.3,9859, 225002, 46.07,1.05
KNRCON, EQ, 01-Jul-2020,209.3,209.25,211.0,204.5, 208.80,209.25,208.07,252186,524.71,4533, 44707, 17.73,-0.02
KNRCON, EQ, 01-Jul-2021,238.55,238.9,246.8,237.3, 241.50,240.8,241.8,2931975,7089.4,47220, 649205, 22.14,0.94
KNRCON, EQ, 01-Jul-2022,233.05,230.5,236.15,228.75,235.7,235.65,234.02,58500,136.9,2607, 23225, 39.70,1.12
KNRCON, EQ, 01-Jul-2024,348.7,345.95,350.1,344.3,344.75,345.35,346.23,801467,2774.94,16743, 548965, 68.50,-0.96
KNRCON, EQ, 01-Aug-2022,263.6,263.0,264.0,260.2, 261.55,261.6,261.89,91883,240.64,3572, 50800, 55.29,-0.76
KNRCON, EQ, 01-Aug-2023,247.35,247.9,248.35,244.5, 245.45,245.2,245.64,227852,559.7,4465, 149170, 65.47,-0.87
KNRCON, EQ, 01-Aug-2024,405.0,408.0,409.05,391.0,393.0,392.0,396.29,1658659,6573.16,45254, 847983, 51.12,-3.21
KNRCON, EQ, 01-Sep-2020,253.05,255.15,262.0,240.15, 251.40,250.05,248.85,293182,729.58,7843, 207688, 70.84,-1.19
KNRCON, EQ, 01-Sep-2021,332.4,332.55,343.9,327.1,330.65,332.45,334.46,932072,3117.39,22861, 185006, 19.85,0.02
KNRCON, EQ, 01-Sep-2022,260.8,254.05,263.0,254.0,258.0,257.75,258.68,192990,499.22,5581, 105661, 54.75,-1.17
KNRCON, EQ, 01-Sep-2023,275.6,276.4,279.4,273.1, 274.80,274.35,276.07,890883,2459.5,18490, 485768, 54.53,-0.45
KNRCON, EQ, 01-Oct-2020,256.25,258.0,263.0,255.2, 255.45,256.35,257.61,67059,172.75,2230, 31017, 46.25,0.04
KNRCON, EQ, 01-Oct-2021,286.75,286.0,293.75,284.25, 291.10,289.9,289.14,702433,2031.04,18444, 250796, 35.70,1.1
KNRCON, EQ, 01-Oct-2024,343.75,344.95,346.0,337.0,339.25,338.25,341.7,451965,1544.35,15561, 196259, 43.42,-1.6
KNRCON, EQ, 01-Nov-2021,279.8,278.0,287.05,278.0, 282.50,284.65,282.56,293496,829.31,14947, 116119, 39.56,1.73
KNRCON, EQ, 01-Nov-2022,222.6,222.1,227.05,221.35,226.25,226.55,225.6,242025,546.01,5508, 188386, 77.84,1.77
KNRCON, EQ, 01-Nov-2023,263.95,263.95,267.0,261.65, 265.80,266.1,264.05,474385,1252.61,10367, 163261, 34.42,0.81
KNRCON, EQ, 01-Dec-2020,285.1,288.05,290.0,285.0,286.55,286.25,287.49,88227,253.64,4435, 44737, 50.71,0.4
KNRCON, EQ, 01-Dec-2021,281.2,282.0,283.85,270.2,272.0,273.3,274.41,438220,1202.53,17069, 159801, 36.47,-2.81
KNRCON, EQ, 01-Dec-2022,261.75,262.4,262.4,253.6,254.0,255.2,258.04,165402,426.8,6053, 81657, 49.37,-2.5
KNRCON, EQ, 01-Dec-2023,291.65,294.5,294.55,285.0, 285.30,285.6,288.8,659234,1903.85,14401, 397754, 60.34,-2.07
KNRCON, EQ, 02-Jan-2020,253.6,256.0,270.0,253.0, 263.50,263.9,261.37,485899,1270.02,9652, 188616, 38.82,4.06
KNRCON, EQ, 02-Jan-2023,254.85,259.8,272.8,255.45, 266.50,265.0,266.87,1571560,4194.1,32340, 464986, 29.59,3.98
KNRCON, EQ, 02-Jan-2024,257.9,260.35,264.1,257.2, 261.90,262.0,260.79,1912219,4986.91,28170, 995257, 52.05,1.59
KNRCON, EQ, 02-Jan-2025,342.65,344.05,347.0,341.7,345.0,345.8,344.58,526686,1814.86,24062, 220965, 41.95,0.92
KNRCON, EQ, 02-Feb-2021,404.8,413.9,481.0,412.9, 450.00,446.25,449.2,4690595,21070.22,126874, 1495197, 31.88,10.24
KNRCON, EQ, 02-Feb-2022,311.0,314.5,323.0,314.0, 320.00,320.05,319.19,874536,2791.39,23464, 374420, 42.81,2.91
KNRCON, EQ, 02-Feb-2023,241.05,243.0,258.0,242.4, 255.50,257.0,253.38,556805,1410.83,14412, 222209, 39.91,6.62
KNRCON, EQ, 02-Feb-2024,275.75,277.15,288.25,276.2, 283.15,283.2,284.0,3160867,8976.99,46823, 1499707, 47.45,2.7
KNRCON, EQ, 02-Mar-2020,265.3,268.0,270.9,265.3, 269.00,268.1,268.26,142252,381.61,2809, 106488, 74.86,1.06
KNRCON, EQ, 02-Mar-2021,208.4,209.8,210.25,207.0,208.8,208.5,208.26,359464,748.63,7111, 180017, 50.08,0.05
KNRCON, EQ, 02-Mar-2022,309.6,309.0,318.5,306.85, 309.50,309.35,314.68,564290,1775.73,18027, 251030, 44.49,-0.08
KNRCON, EQ, 02-Mar-2023,258.15,263.5,266.75,261.1, 263.25,263.85,263.49,598611,1577.28,16237, 112602, 18.81,2.21
KNRCON, EQ, 02-Apr-2024,254.4,255.7,267.3,254.0, 262.00,261.65,261.65,2849000,7454.41,45782, 946782, 33.23,2.85
KNRCON, EQ, 02-Apr-2025,228.95,230.0,231.98,223.78,229.38,229.85,228.1,711824,1623.69,19259, 227602, 31.97,0.39
KNRCON, EQ, 02-May-2022,270.35,268.0,278.0,261.0,269.5,272.8,269.09,239983,645.78,9587, 131394, 54.75,0.91
KNRCON, EQ, 02-May-2023,240.2,241.0,243.8,240.05, 241.60,240.9,242.06,116170,281.2,3537, 64247, 55.30,0.29
KNRCON, EQ, 02-May-2024,265.7,266.6,271.3,264.1, 268.30,267.15,268.56,434914,1168.0,15745, 224070, 51.52,0.55
KNRCON, EQ, 02-Jun-2020,201.95,201.95,210.0,199.35,205.8,206.9,205.9,297236,612.02,6314, 146569, 49.31,2.45
KNRCON, EQ, 02-Jun-2021,221.35,219.05,221.55,217.4, 220.00,218.95,219.23,274152,601.03,6500, 140571, 51.27,-1.08
KNRCON, EQ, 02-Jun-2022,254.85,260.0,260.0,250.0,251.8,251.7,254.86,224792,572.9,10858, 108090, 48.08,-1.24
KNRCON, EQ, 02-Jun-2023,249.65,253.8,256.45,250.05, 250.80,251.3,253.37,876002,2219.53,16526, 493322, 56.32,0.66
KNRCON, EQ, 02-Jul-2020,209.25,211.0,217.0,208.6, 214.60,215.5,213.15,572746,1220.79,13849, 42467, 7.41,2.99
KNRCON, EQ, 02-Jul-2021,240.8,242.75,244.65,235.55,237.55,237.2,240.1,884087,2122.69,16164, 306225, 34.64,-1.5
KNRCON, EQ, 02-Jul-2024,345.35,346.6,346.6,339.5,342.0,340.8,342.18,888745,3041.12,22151, 565690, 63.65,-1.32
KNRCON, EQ, 02-Aug-2021,270.85,272.0,279.0,268.45,271.95,272.0,274.32,844765,2317.36,32459, 317534, 37.59,0.42
KNRCON, EQ, 02-Aug-2022,261.6,260.1,266.35,257.0,265.05,265.15,262.81,207312,544.83,6593, 110591, 53.35,1.36
KNRCON, EQ, 02-Aug-2023,245.2,245.9,246.4,239.0, 240.00,240.0,241.89,255735,618.61,6572, 161666, 63.22,-2.12
KNRCON, EQ, 02-Aug-2024,392.0,385.0,392.3,379.0,389.0,388.4,387.5,1438239,5573.12,34983, 465575, 32.37,-0.92
KNRCON, EQ, 02-Sep-2020,250.05,252.0,255.0,250.0, 251.65,251.45,252.92,49278,124.63,1439, 21636, 43.91,0.56
KNRCON, EQ, 02-Sep-2021,332.45,330.0,336.0,328.25, 331.60,330.1,330.53,1782338,5891.13,13645, 1362144, 76.42,-0.71
KNRCON, EQ, 02-Sep-2022,257.75,257.5,262.3,255.0,256.4,255.95,259.15,372401,965.08,6436, 238917, 64.16,-0.7
KNRCON, EQ, 02-Sep-2024,330.95,331.9,333.95,330.0,330.75,330.45,331.07,424168,1404.29,15311, 211259, 49.81,-0.15
KNRCON, EQ, 02-Nov-2020,250.35,250.3,251.65,244.1, 250.50,250.05,248.12,47426,117.67,4286, 24549, 51.76,-0.12
KNRCON, EQ, 02-Nov-2021,284.65,285.4,291.7,283.55, 291.00,290.05,288.37,505772,1458.51,20309, 190881, 37.74,1.9
KNRCON, EQ, 02-Nov-2022,226.55,226.55,236.0,226.55,234.0,233.45,231.96,146117,338.93,6542, 72842, 49.85,3.05
KNRCON, EQ, 02-Nov-2023,266.1,268.0,269.65,263.4, 264.55,264.8,266.41,248618,662.33,8036, 144419, 58.09,-0.49
KNRCON, EQ, 02-Dec-2020,286.25,289.8,290.0,285.15, 287.65,287.1,286.91,218851,627.91,7685, 178113, 81.39,0.3
KNRCON, EQ, 02-Dec-2021,273.3,274.5,276.55,272.05, 276.35,274.8,274.13,129356,354.6,7866, 54325, 42.00,0.55
KNRCON, EQ, 02-Dec-2022,255.2,255.2,260.0,254.0, 258.95,258.85,258.11,162023,418.19,4511, 92305, 56.97,1.43
KNRCON, EQ, 02-Dec-2024,326.8,326.8,329.6,323.0,324.8,325.8,325.86,795509,2592.22,26613, 368496, 46.32,-0.31
KNRCON, EQ, 03-Jan-2020,263.9,271.7,271.7,260.55, 261.35,261.3,264.43,361454,955.77,9076, 157122, 43.47,-0.99
KNRCON, EQ, 03-Jan-2022,299.85,303.8,308.5,296.85, 299.70,300.5,302.46,807311,2441.77,18987, 337185, 41.77,0.22
KNRCON, EQ, 03-Jan-2023,265.0,266.6,271.9,264.55, 267.00,266.2,267.4,592953,1585.55,15623, 239674, 40.42,0.45
KNRCON, EQ, 03-Jan-2024,262.0,262.8,264.5,258.35, 259.00,259.6,261.13,735988,1921.9,14336, 458895, 62.35,-0.92
KNRCON, EQ, 03-Jan-2025,345.8,346.1,353.0,345.25,346.3,346.35,349.04,801185,2796.5,27049, 354889, 44.30,0.16
KNRCON, EQ, 03-Feb-2020,290.4,277.0,287.0,272.5, 282.75,281.75,279.65,323480,904.63,11088, 162315, 50.18,-2.98
KNRCON, EQ, 03-Feb-2021,446.25,234.0,242.0,210.0, 222.50,219.2,223.61,3148498,7040.44,58161, 1131187, 35.93,-50.88
KNRCON, EQ, 03-Feb-2022,320.05,322.25,322.25,310.0, 312.00,311.8,314.29,446040,1401.85,13309, 188808, 42.33,-2.58
KNRCON, EQ, 03-Feb-2023,257.0,260.0,260.0,254.3, 255.85,256.25,256.11,181193,464.06,6713, 71441, 39.43,-0.29
KNRCON, EQ, 03-Feb-2025,294.25,290.7,290.7,277.65,279.45,278.4,281.2,1040746,2926.6,38669, 448296, 43.07,-5.39
KNRCON, EQ, 03-Mar-2020,268.1,267.5,271.85,260.25, 269.90,267.5,265.8,181751,483.09,5569, 130915, 72.03,-0.22
KNRCON, EQ, 03-Mar-2021,208.5,209.95,212.5,208.0,208.8,208.5,209.76,656529,1377.12,10884, 322570, 49.13,0.0
KNRCON, EQ, 03-Mar-2022,309.35,314.0,324.0,310.9,311.8,313.55,317.82,662192,2104.55,18095, 270259, 40.81,1.36
KNRCON, EQ, 03-Mar-2023,263.85,268.0,270.4,264.7, 268.50,267.7,268.65,460704,1237.68,12103, 200394, 43.50,1.46
KNRCON, EQ, 03-Mar-2025,220.4,220.39,222.4,210.75,215.0,215.47,215.17,946352,2036.25,35243, 307425, 32.49,-2.24
KNRCON, EQ, 03-Apr-2020,196.35,197.0,198.45,186.0, 189.80,189.3,191.76,32223,61.79,1721, 17244, 53.51,-3.59
KNRCON, EQ, 03-Apr-2023,253.7,255.0,258.7,253.0, 255.00,254.3,256.2,165177,423.18,4710, 87218, 52.80,0.24
KNRCON, EQ, 03-Apr-2024,261.65,261.5,263.0,258.35, 258.90,259.2,259.95,659744,1715.04,19102, 385393, 58.42,-0.94
KNRCON, EQ, 03-Apr-2025,229.85,225.48,235.29,225.27,234.49,234.09,231.95,957117,2220.06,31178, 349492, 36.52,1.84
KNRCON, EQ, 03-May-2021,200.05,200.0,201.5,196.0,197.5,197.3,197.49,263988,521.36,6779, 157510, 59.67,-1.37
KNRCON, EQ, 03-May-2023,240.9,240.9,242.9,240.35,241.5,241.05,241.61,68420,165.31,2573, 36685, 53.62,0.06
KNRCON, EQ, 03-May-2024,267.15,268.45,268.45,262.35, 263.25,263.1,264.34,274433,725.45,10611, 166927, 60.83,-1.52
KNRCON, EQ, 03-Jun-2020,206.9,208.5,212.75,199.4,202.0,201.3,206.4,331010,683.21,6387, 145071, 43.83,-2.71
KNRCON, EQ, 03-Jun-2021,218.95,220.0,230.0,220.0, 223.10,223.75,226.04,874562,1976.85,15149, 331931, 37.95,2.19
KNRCON, EQ, 03-Jun-2022,251.7,254.8,254.95,248.0, 250.00,250.0,250.22,193249,483.55,5393, 92532, 47.88,-0.68
KNRCON, EQ, 03-Jun-2024,317.9,348.9,348.9,321.6,323.8,324.6,327.74,5353285,17544.62,73185, 1896853, 35.43,2.11
KNRCON, EQ, 03-Jul-2020,215.5,216.0,216.9,210.0, 211.70,211.15,213.84,75168,160.74,2186, 31500, 41.91,-2.02
KNRCON, EQ, 03-Jul-2023,242.0,243.9,248.85,241.25, 247.00,246.75,245.98,544103,1338.36,13254, 300417, 55.21,1.96
KNRCON, EQ, 03-Jul-2024,340.8,343.05,366.9,343.05,362.5,363.3,360.23,4418099,15915.25,72938, 1440295, 32.60,6.6
KNRCON, EQ, 03-Aug-2020,210.6,212.0,212.0,204.0,204.25,204.75,207.29,62090,128.7,1835, 34502, 55.57,-2.78
KNRCON, EQ, 03-Aug-2021,272.0,273.0,282.45,273.0,276.0,276.25,276.57,728384,2014.52,25232, 387371, 53.18,1.56
KNRCON, EQ, 03-Aug-2022,265.15,266.3,269.4,259.05, 265.10,268.0,263.09,143811,378.35,4029, 84097, 58.48,1.07
KNRCON, EQ, 03-Aug-2023,240.0,240.0,240.5,237.7, 239.00,238.9,239.42,232756,557.26,4221, 145146, 62.36,-0.46
KNRCON, EQ, 03-Sep-2020,251.45,251.45,254.15,245.0, 250.00,246.65,249.62,96265,240.29,6082, 36884, 38.32,-1.91
KNRCON, EQ, 03-Sep-2021,330.1,332.7,334.9,321.4, 324.75,325.9,328.65,651613,2141.52,15738, 230370, 35.35,-1.27
KNRCON, EQ, 03-Sep-2024,330.45,331.6,337.3,331.55,333.25,333.4,334.52,485977,1625.7,16589, 246432, 50.71,0.89
KNRCON, EQ, 03-Oct-2022,228.75,228.75,230.15,225.5,228.05,228.4,227.59,187059,425.73,6108, 101708, 54.37,-0.15
KNRCON, EQ, 03-Oct-2023,284.0,283.55,288.5,278.35, 282.65,283.1,284.39,1177583,3348.88,22100, 650410, 55.23,-0.32
KNRCON, EQ, 03-Oct-2024,338.25,334.5,342.85,330.0,335.0,333.75,335.61,742364,2491.44,25173, 284672, 38.35,-1.33
KNRCON, EQ, 03-Nov-2020,250.05,250.05,251.7,243.15,246.0,245.2,246.61,33209,81.9,3075, 20671, 62.25,-1.94
KNRCON, EQ, 03-Nov-2021,290.05,291.7,294.65,287.45, 292.00,291.45,291.19,398374,1160.02,18998, 205931, 51.69,0.48
KNRCON, EQ, 03-Nov-2022,233.45,234.0,239.6,232.2,234.0,234.75,236.22,230576,544.68,9129, 134642, 58.39,0.56
KNRCON, EQ, 03-Nov-2023,264.8,266.7,269.4,264.55, 267.50,267.9,267.5,461682,1235.01,10355, 278359, 60.29,1.17
KNRCON, EQ, 03-Dec-2020,287.1,288.55,304.0,285.25,302.0,301.55,297.61,730302,2173.47,15430, 260193, 35.63,5.03
KNRCON, EQ, 03-Dec-2021,274.8,274.8,284.3,274.8, 280.40,280.9,280.46,282873,793.35,10319, 86218, 30.48,2.22
KNRCON, EQ, 03-Dec-2024,325.8,326.95,333.0,325.9,326.95,327.6,328.68,1274412,4188.76,33948, 568837, 44.64,0.55
KNRCON, EQ, 04-Jan-2021,328.0,333.1,338.75,329.65,333.5,333.7,334.5,308137,1030.73,9597, 171450, 55.64,1.74
KNRCON, EQ, 04-Jan-2022,300.5,300.85,303.2,293.35, 296.50,296.3,299.1,333418,997.27,12365, 159689, 47.89,-1.4
KNRCON, EQ, 04-Jan-2023,266.2,267.0,269.2,262.05, 262.40,263.2,264.99,470061,1245.6,12150, 272891, 58.05,-1.13
KNRCON, EQ, 04-Jan-2024,259.6,261.9,264.5,258.6, 259.00,259.5,261.56,993820,2599.48,20820, 551276, 55.47,-0.04
KNRCON, EQ, 04-Feb-2020,281.75,283.0,289.7,278.35, 280.30,281.05,283.62,127413,361.36,4962, 75076, 58.92,-0.25
KNRCON, EQ, 04-Feb-2021,219.2,221.0,235.0,220.0, 228.40,227.2,229.83,2303401,5293.92,36446, 538662, 23.39,3.65
KNRCON, EQ, 04-Feb-2022,311.8,314.0,319.0,310.0, 312.00,311.45,314.58,661632,2081.39,16649, 330260, 49.92,-0.11
KNRCON, EQ, 04-Feb-2025,278.4,282.0,284.85,277.0,281.7,279.1,279.97,767449,2148.61,28828, 376912, 49.11,0.25
KNRCON, EQ, 04-Mar-2020,267.5,268.7,269.75,262.55, 266.00,266.0,265.5,171914,456.44,3192, 142080, 82.65,-0.56
KNRCON, EQ, 04-Mar-2021,208.5,206.5,210.95,205.3, 208.45,207.8,208.77,498765,1041.29,7662, 238719, 47.86,-0.34
KNRCON, EQ, 04-Mar-2022,313.55,311.0,315.0,300.25, 307.50,306.55,310.41,554117,1720.03,17420, 253849, 45.81,-2.23
KNRCON, EQ, 04-Mar-2024,272.05,272.05,284.55,270.6, 283.00,282.05,281.15,1964134,5522.13,34184, 650886, 33.14,3.68
KNRCON, EQ, 04-Mar-2025,215.47,213.91,225.98,211.84,219.27,219.97,220.42,1086418,2394.69,34695, 354712, 32.65,2.09
KNRCON, EQ, 04-Apr-2022,292.7,295.6,297.0,291.6,291.85,292.3,293.35,191349,561.32,5839, 101650, 53.12,-0.14
KNRCON, EQ, 04-Apr-2024,259.2,263.5,263.5,258.15, 261.00,260.7,260.41,379253,987.61,11321, 182085, 48.01,0.58
KNRCON, EQ, 04-Apr-2025,234.09,233.0,233.8,221.0,225.0,223.83,224.95,1234989,2778.17,37994, 533014, 43.16,-4.38
KNRCON, EQ, 04-May-2020,210.45,202.0,203.95,197.0, 200.40,200.3,200.15,175052,350.37,4206, 82742, 47.27,-4.82
KNRCON, EQ, 04-May-2021,197.3,198.0,200.45,197.5, 198.85,198.65,199.12,218810,435.7,4501, 132641, 60.62,0.68
KNRCON, EQ, 04-May-2022,272.8,270.0,274.2,264.0,265.0,265.2,267.76,104151,278.87,5629, 53917, 51.77,-2.79
KNRCON, EQ, 04-May-2023,241.05,242.15,245.6,241.25, 244.00,243.65,243.47,243755,593.47,5286, 129356, 53.07,1.08
KNRCON, EQ, 04-Jun-2020,201.3,200.15,202.9,194.5,195.6,195.55,196.18,285967,561.01,5960, 166601, 58.26,-2.86
KNRCON, EQ, 04-Jun-2021,223.75,224.7,231.6,224.0, 228.20,229.05,228.85,796442,1822.63,14416, 316523, 39.74,2.37
KNRCON, EQ, 04-Jun-2024,324.6,324.6,324.6,283.0,302.0,297.1,306.84,3920353,12029.15,83228, 1387843, 35.40,-8.47
KNRCON, EQ, 04-Jul-2022,235.65,236.25,237.75,228.7,232.5,230.05,231.66,121449,281.35,5478, 59845, 49.28,-2.38
KNRCON, EQ, 04-Jul-2023,246.75,247.0,248.0,243.0, 247.00,247.25,246.06,292121,718.8,8558, 172479, 59.04,0.2
KNRCON, EQ, 04-Jul-2024,363.3,365.95,366.25,356.05,359.0,359.65,360.09,1994443,7181.83,41852, 729858, 36.59,-1.0
KNRCON, EQ, 04-Aug-2020,204.75,204.1,206.7,202.55,203.5,203.1,204.13,78727,160.71,2867, 50019, 63.53,-0.81
KNRCON, EQ, 04-Aug-2021,276.25,276.0,279.75,274.5,278.0,277.6,277.48,363721,1009.25,10048, 184564, 50.74,0.49
KNRCON, EQ, 04-Aug-2022,268.0,264.2,268.7,254.45,259.65,259.7,260.9,131800,343.86,5763, 60143, 45.63,-3.1
KNRCON, EQ, 04-Aug-2023,238.9,238.9,243.8,238.9, 243.00,243.0,242.23,252465,611.53,5202, 141674, 56.12,1.72
KNRCON, EQ, 04-Sep-2020,246.65,238.15,248.9,230.15,245.5,245.15,241.91,211774,512.3,10561, 78649, 37.14,-0.61
KNRCON, EQ, 04-Sep-2023,274.35,279.85,279.85,274.1, 275.45,275.4,276.27,883410,2440.63,16511, 474601, 53.72,0.38
KNRCON, EQ, 04-Sep-2024,333.4,332.0,350.95,331.4,349.1,349.25,345.9,3753210,12982.48,70093, 1315424, 35.05,4.75
KNRCON, EQ, 04-Oct-2021,289.9,291.9,294.25,289.15, 290.50,290.15,291.32,380746,1109.2,9095, 155304, 40.79,0.09
KNRCON, EQ, 04-Oct-2022,228.4,230.6,231.05,228.7, 229.95,229.55,229.77,103040,236.76,5315, 40752, 39.55,0.5
KNRCON, EQ, 04-Oct-2023,283.1,282.0,285.35,278.5, 281.90,281.35,282.52,894838,2528.06,18195, 510533, 57.05,-0.62
KNRCON, EQ, 04-Oct-2024,333.75,335.0,336.95,323.05,326.75,325.8,329.03,607911,2000.19,28684, 255506, 42.03,-2.38
KNRCON, EQ, 04-Nov-2020,245.2,246.45,252.45,244.05,250.25,250.7,249.23,49467,123.29,5489, 28948, 58.52,2.24
KNRCON, EQ, 04-Nov-2022,234.75,235.95,238.05,231.05,231.15,232.95,234.56,105217,246.8,8011, 53650, 50.99,-0.77
KNRCON, EQ, 04-Nov-2024,300.75,300.1,301.4,287.15,288.0,288.6,290.7,536679,1560.13,25803, 286820, 53.44,-4.04
KNRCON, EQ, 04-Dec-2020,301.55,304.2,319.85,302.15, 313.60,313.95,313.93,1016245,3190.31,19112, 391537, 38.53,4.11
KNRCON, EQ, 04-Dec-2023,285.6,287.0,289.7,269.2, 269.85,269.85,274.68,3572777,9813.66,46482, 2246230, 62.87,-5.51
KNRCON, EQ, 04-Dec-2024,327.6,328.5,338.0,327.2,334.0,333.8,334.05,1102435,3682.66,36682, 393176, 35.66,1.89
KNRCON, EQ, 05-Jan-2021,333.7,348.0,351.75,335.0, 335.90,338.55,343.88,1781818,6127.38,44562, 462306, 25.95,1.45
KNRCON, EQ, 05-Jan-2022,296.3,296.7,298.75,292.55, 295.60,294.65,294.91,667048,1967.18,11104, 485469, 72.78,-0.56
KNRCON, EQ, 05-Jan-2023,263.2,263.9,266.95,260.35,263.0,263.0,263.18,272414,716.93,6857, 147747, 54.24,-0.08
KNRCON, EQ, 05-Jan-2024,259.5,260.9,267.3,260.2, 264.95,265.3,265.05,1780823,4720.01,32273, 959373, 53.87,2.24
KNRCON, EQ, 05-Feb-2020,281.05,280.4,286.0,279.95, 281.00,283.1,282.48,119770,338.33,2728, 70345, 58.73,0.73
KNRCON, EQ, 05-Feb-2021,227.2,230.15,231.85,207.9, 213.00,211.15,214.17,2856288,6117.45,37816, 1545375, 54.10,-7.06
KNRCON, EQ, 05-Feb-2024,283.2,286.0,289.0,281.0, 283.10,283.05,284.53,1073991,3055.81,24782, 625201, 58.21,-0.05
KNRCON, EQ, 05-Feb-2025,279.1,281.9,286.35,279.5,281.5,280.75,282.5,783948,2214.64,25433, 364432, 46.49,0.59
KNRCON, EQ, 05-Mar-2020,266.0,268.3,268.85,262.0, 263.00,263.15,264.23,108638,287.05,9657, 81599, 75.11,-1.07
KNRCON, EQ, 05-Mar-2021,207.8,207.6,218.5,204.0,214.4,213.75,211.96,1823557,3865.25,28652, 609440, 33.42,2.86
KNRCON, EQ, 05-Mar-2024,282.05,284.95,284.95,276.35, 282.00,281.15,280.39,773810,2169.68,16244, 332743, 43.00,-0.32
KNRCON, EQ, 05-Mar-2025,219.97,218.9,220.36,212.6,219.68,219.83,217.18,2971882,6454.32,77555, 1060260, 35.68,-0.06
KNRCON, EQ, 05-Apr-2021,211.8,212.0,212.5,205.0,210.0,208.7,208.78,339257,708.31,9246, 186842, 55.07,-1.46
KNRCON, EQ, 05-Apr-2022,292.3,293.0,296.4,287.6, 291.00,290.65,293.3,250436,734.52,6664, 117709, 47.00,-0.56
KNRCON, EQ, 05-Apr-2023,254.3,254.9,257.3,253.2, 254.80,254.05,255.21,61480,156.9,2343, 27206, 44.25,-0.1
KNRCON, EQ, 05-Apr-2024,260.7,260.55,261.0,257.7, 258.00,258.25,258.99,461093,1194.17,7946, 321831, 69.80,-0.94
KNRCON, EQ, 05-May-2020,200.3,203.6,203.6,196.3, 200.00,199.85,199.26,170396,339.52,3659, 67702, 39.73,-0.22
KNRCON, EQ, 05-May-2021,198.65,198.65,201.4,196.1, 198.20,198.1,199.55,225880,450.73,5204, 139974, 61.97,-0.28
KNRCON, EQ, 05-May-2022,265.2,266.7,272.0,254.0, 259.70,257.55,262.49,146608,384.83,6904, 74141, 50.57,-2.88
KNRCON, EQ, 05-May-2023,243.65,245.0,245.45,240.65, 242.80,243.4,243.68,563808,1373.9,7927, 273446, 48.50,-0.1
KNRCON, EQ, 05-Jun-2020,195.55,195.95,203.95,195.95, 202.20,201.25,200.67,179863,360.93,4070, 98226, 54.61,2.91
KNRCON, EQ, 05-Jun-2023,251.3,253.6,256.9,244.25, 246.20,245.75,249.48,468408,1168.59,20404, 286738, 61.22,-2.21
KNRCON, EQ, 05-Jun-2024,297.1,306.0,348.6,292.55,341.0,339.25,327.04,7607625,24880.25,112697, 2227287, 29.28,14.19
KNRCON, EQ, 05-Jul-2021,237.2,244.0,254.0,242.5, 245.00,244.75,247.16,2796476,6911.74,41073, 803033, 28.72,3.18
KNRCON, EQ, 05-Jul-2022,230.05,233.55,237.9,230.8,236.7,236.2,234.84,133605,313.76,3771, 51130, 38.27,2.67
KNRCON, EQ, 05-Jul-2023,247.25,246.0,248.1,243.8,245.05,245.0,245.27,1418743,3479.82,10444, 1267376, 89.33,-0.91
KNRCON, EQ, 05-Jul-2024,359.65,357.0,366.95,354.0,355.9,355.05,359.72,1465985,5273.39,33072, 732826, 49.99,-1.28
KNRCON, EQ, 05-Aug-2020,203.1,204.85,205.2,201.5,204.25,203.75,203.38,74333,151.18,1968, 39761, 53.49,0.32
KNRCON, EQ, 05-Aug-2021,277.6,274.55,281.0,271.05,278.0,278.35,277.77,1512825,4202.24,16146, 1153856, 76.27,0.27
KNRCON, EQ, 05-Aug-2022,259.7,259.7,260.05,256.0,256.6,257.25,258.19,63116,162.96,2507, 31315, 49.61,-0.94
KNRCON, EQ, 05-Aug-2024,388.4,362.05,373.7,355.2,360.0,358.25,362.85,3974160,14420.42,109589, 1512347, 38.05,-7.76
KNRCON, EQ, 05-Sep-2022,255.95,256.9,258.5,253.75, 255.00,254.5,255.99,172033,440.38,4518, 90800, 52.78,-0.57
KNRCON, EQ, 05-Sep-2023,275.4,278.15,278.15,273.0, 275.35,275.3,274.93,1242177,3415.1,13717, 940691, 75.73,-0.04
KNRCON, EQ, 05-Sep-2024,349.25,351.05,359.9,348.5,354.0,355.15,354.87,1645546,5839.51,46257, 713143, 43.34,1.69
KNRCON, EQ, 05-Oct-2020,256.35,256.35,258.4,252.0, 253.55,253.0,254.12,49983,127.01,2253, 29775, 59.57,-1.31
KNRCON, EQ, 05-Oct-2021,290.15,291.6,294.85,287.85, 288.70,288.5,290.61,465036,1351.42,13360, 189955, 40.85,-0.57
KNRCON, EQ, 05-Oct-2023,281.35,282.95,286.7,280.25, 284.80,284.35,283.99,539901,1533.28,12537, 241054, 44.65,1.07
KNRCON, EQ, 05-Nov-2020,250.7,252.0,257.0,249.25, 255.50,254.6,253.08,49222,124.57,4148, 33548, 68.16,1.56
KNRCON, EQ, 05-Nov-2024,288.6,288.0,294.6,285.65,291.9,292.0,291.33,384746,1120.9,19937, 171412, 44.55,1.18
KNRCON, EQ, 05-Dec-2022,258.85,259.4,264.5,258.2, 262.00,261.0,261.44,187299,489.67,5257, 104562, 55.83,0.83
KNRCON, EQ, 05-Dec-2023,269.85,271.95,276.6,267.25, 269.00,268.45,270.37,1317083,3561.03,35051, 748303, 56.82,-0.52
KNRCON, EQ, 05-Dec-2024,333.8,336.35,336.35,329.0,332.5,332.4,331.76,477006,1582.52,19292, 221359, 46.41,-0.42
KNRCON, EQ, 06-Jan-2020,261.3,260.9,260.9,251.5, 253.70,253.95,255.68,163906,419.07,4884, 86471, 52.76,-2.81
KNRCON, EQ, 06-Jan-2021,338.55,339.5,341.5,333.0, 337.65,336.8,337.89,283132,956.66,8197, 135739, 47.94,-0.52
KNRCON, EQ, 06-Jan-2022,294.65,291.0,296.25,288.8, 293.00,294.05,294.04,507037,1490.89,16791, 294993, 58.18,-0.2
KNRCON, EQ, 06-Jan-2023,263.0,263.0,264.95,257.0,258.9,258.35,260.5,162559,423.47,4906, 75087, 46.19,-1.77
KNRCON, EQ, 06-Jan-2025,346.35,356.0,356.95,327.3,329.7,328.85,341.93,1867813,6386.63,56107, 548391, 29.36,-5.05
KNRCON, EQ, 06-Feb-2020,283.1,283.8,286.25,281.0, 284.00,282.4,282.91,65536,185.41,2152, 29710, 45.33,-0.25
KNRCON, EQ, 06-Feb-2023,256.25,257.55,265.5,255.1, 261.50,263.3,260.56,243595,634.7,7258, 138681, 56.93,2.75
KNRCON, EQ, 06-Feb-2024,283.05,283.0,289.6,282.95, 286.50,286.95,287.18,1128066,3239.58,35813, 705004, 62.50,1.38
KNRCON, EQ, 06-Feb-2025,280.75,285.0,300.75,284.05,291.95,292.8,295.62,6375424,18847.0,116457, 747253, 11.72,4.29
KNRCON, EQ, 06-Mar-2020,263.15,258.05,263.45,233.6, 260.00,261.95,259.68,321259,834.26,3618, 274913, 85.57,-0.46
KNRCON, EQ, 06-Mar-2023,267.7,269.5,280.45,268.05, 276.55,276.75,276.5,1174181,3246.66,24244, 572035, 48.72,3.38
KNRCON, EQ, 06-Mar-2024,281.15,281.8,281.8,269.1, 271.55,271.4,273.04,954406,2605.95,22086, 368270, 38.59,-3.47
KNRCON, EQ, 06-Mar-2025,219.83,222.99,226.95,220.5,221.0,221.9,222.66,1304604,2904.8,41573, 584154, 44.78,0.94
KNRCON, EQ, 06-Apr-2021,208.7,210.7,212.9,208.3,212.2,211.35,210.82,244308,515.06,6448, 118177, 48.37,1.27
KNRCON, EQ, 06-Apr-2022,290.65,289.15,291.65,283.25, 286.00,287.15,286.58,351402,1007.04,11763, 182857, 52.04,-1.2
KNRCON, EQ, 06-Apr-2023,254.05,254.05,255.9,250.35, 254.45,253.0,253.71,110977,281.56,4153, 58285, 52.52,-0.41
KNRCON, EQ, 06-May-2020,199.85,202.0,203.0,195.0, 195.75,196.1,199.32,149713,298.41,3779, 55673, 37.19,-1.88
KNRCON, EQ, 06-May-2021,198.1,199.0,201.8,198.2, 199.45,199.9,200.16,240759,481.91,6220, 161820, 67.21,0.91
KNRCON, EQ, 06-May-2022,257.55,251.35,268.0,250.45,265.0,263.65,261.89,342469,896.89,12211, 100040, 29.21,2.37
KNRCON, EQ, 06-May-2024,263.1,263.95,263.95,256.7,258.0,257.65,259.22,401750,1041.44,14999, 225921, 56.23,-2.07
KNRCON, EQ, 06-Jun-2022,250.0,250.0,258.0,245.05,256.95,256.25,249.92,421288,1052.88,10598, 182596, 43.34,2.5
KNRCON, EQ, 06-Jun-2023,245.75,249.0,249.4,241.2,242.85,242.45,244.21,303376,740.87,6480, 160697, 52.97,-1.34
KNRCON, EQ, 06-Jun-2024,339.25,344.8,407.0,344.2,383.8,378.65,382.5,24003265,91813.11,291203, 4445470, 18.52,11.61
KNRCON, EQ, 06-Jul-2020,211.15,215.0,219.7,210.3, 215.80,217.3,216.04,301357,651.05,7585, 70045, 23.24,2.91
KNRCON, EQ, 06-Jul-2021,244.75,246.6,253.65,243.0, 246.95,247.4,248.42,1556785,3867.31,28151, 542014, 34.82,1.08
KNRCON, EQ, 06-Jul-2022,236.2,236.0,248.0,234.1,244.9,246.15,241.95,601790,1456.05,6304, 454029, 75.45,4.21
KNRCON, EQ, 06-Jul-2023,245.0,244.0,250.9,244.0,249.9,249.85,249.72,1732737,4327.07,10834, 1476439, 85.21,1.98
KNRCON, EQ, 06-Aug-2020,203.75,203.75,205.7,203.05,203.9,203.65,204.23,42007,85.79,1242, 26029, 61.96,-0.05
KNRCON, EQ, 06-Aug-2021,278.35,284.4,289.45,277.25, 278.10,279.95,284.51,724246,2060.57,19557, 205803, 28.42,0.57
KNRCON, EQ, 06-Aug-2024,358.25,368.0,374.9,352.0,354.65,353.45,365.64,2057998,7524.83,54804, 472706, 22.97,-1.34
KNRCON, EQ, 06-Sep-2021,325.9,326.1,331.4,317.1,319.0,320.15,324.55,540258,1753.4,13755, 206101, 38.15,-1.76
KNRCON, EQ, 06-Sep-2022,254.5,255.75,257.0,253.25, 254.75,254.1,254.98,585416,1492.7,5413, 504836, 86.24,-0.16
KNRCON, EQ, 06-Sep-2023,275.3,275.0,276.8,270.1, 271.90,270.95,272.18,466056,1268.53,14302, 297020, 63.73,-1.58
KNRCON, EQ, 06-Sep-2024,355.15,355.4,360.55,345.5,349.9,347.0,352.64,1190244,4197.31,38248, 550666, 46.26,-2.29
KNRCON, EQ, 06-Oct-2020,253.0,253.55,265.55,253.5,257.05,256.7,258.29,130945,338.22,4439, 28284, 21.60,1.46
KNRCON, EQ, 06-Oct-2021,288.5,291.35,291.35,287.0, 288.90,287.7,289.04,276634,799.59,9206, 110588, 39.98,-0.28
KNRCON, EQ, 06-Oct-2022,229.55,230.7,233.5,229.6, 232.10,232.35,232.09,94404,219.11,5014, 43286, 45.85,1.22
KNRCON, EQ, 06-Oct-2023,284.35,285.65,286.6,281.05, 282.35,281.9,283.63,419304,1189.28,7072, 251448, 59.97,-0.86
KNRCON, EQ, 06-Nov-2020,254.6,255.0,257.9,250.4, 251.00,253.9,255.12,82434,210.3,3898, 21400, 25.96,-0.27
KNRCON, EQ, 06-Nov-2023,267.9,269.0,271.8,267.05, 268.50,268.0,269.43,218390,588.42,8489, 126870, 58.09,0.04
KNRCON, EQ, 06-Nov-2024,292.0,293.0,301.45,292.15,300.7,300.3,296.86,569873,1691.75,23641, 245224, 43.03,2.84
KNRCON, EQ, 06-Dec-2021,280.9,282.0,282.5,270.2, 272.25,273.0,277.09,118300,327.8,6530, 45245, 38.25,-2.81
KNRCON, EQ, 06-Dec-2022,261.0,261.5,267.05,260.7, 261.55,261.6,263.36,185008,487.24,5426, 91682, 49.56,0.23
KNRCON, EQ, 06-Dec-2023,268.45,270.35,275.05,268.05, 273.95,273.7,272.68,1012405,2760.62,26316, 605239, 59.78,1.96
KNRCON, EQ, 06-Dec-2024,332.4,333.9,343.9,328.6,339.1,338.85,338.66,1222888,4141.38,33537, 489047, 39.99,1.94
KNRCON, EQ, 07-Jan-2020,253.95,255.85,264.3,255.75, 256.50,256.5,258.94,137994,357.32,4495, 62747, 45.47,1.0
KNRCON, EQ, 07-Jan-2021,336.8,339.75,345.95,338.5, 342.95,342.0,342.45,368157,1260.75,10123, 187010, 50.80,1.54
KNRCON, EQ, 07-Jan-2022,294.05,293.2,301.75,291.4,293.9,292.95,296.22,404741,1198.93,14725, 154748, 38.23,-0.37
KNRCON, EQ, 07-Jan-2025,328.85,332.55,339.75,331.55,336.0,335.65,335.76,569420,1911.91,22638, 197391, 34.67,2.07
KNRCON, EQ, 07-Feb-2020,282.4,283.0,285.4,281.1, 282.85,282.6,282.78,58293,164.84,1563, 27714, 47.54,0.07
KNRCON, EQ, 07-Feb-2022,311.45,312.8,316.4,308.65, 311.45,311.1,312.45,304591,951.68,9683, 127902, 41.99,-0.11
KNRCON, EQ, 07-Feb-2023,263.3,263.5,270.4,256.35, 258.95,259.85,266.04,456282,1213.9,11936, 211353, 46.32,-1.31
KNRCON, EQ, 07-Feb-2024,286.95,289.55,292.0,282.75, 285.85,284.7,286.99,1020596,2929.03,31442, 511547, 50.12,-0.78
KNRCON, EQ, 07-Feb-2025,292.8,292.9,293.05,282.55,284.4,284.2,285.48,726330,2073.52,20036, 289663, 39.88,-2.94
KNRCON, EQ, 07-Mar-2022,306.55,303.0,307.8,282.2, 285.00,286.05,293.93,717358,2108.53,24061,331082,46.15,-6.69
KNRCON, EQ, 07-Mar-2024,271.4,273.1,281.0,272.05, 276.00,276.8,277.2,752026,2084.61,17450, 338114, 44.96,1.99
KNRCON, EQ, 07-Mar-2025,221.9,221.61,226.47,221.06,224.4,224.03,224.04,1297804,2907.61,33257, 579079, 44.62,0.96
KNRCON, EQ, 07-Apr-2020,189.3,194.0,195.0,180.55, 182.80,182.85,184.64,100059,184.75,4265, 57470, 57.44,-3.41
KNRCON, EQ, 07-Apr-2021,211.35,210.05,220.0,210.05,215.0,215.6,217.3,1425825,3098.33,22028, 511422, 35.87,2.01
KNRCON, EQ, 07-Apr-2022,287.15,288.7,289.6,284.0,286.15,285.65,286.99,242321,695.43,8686, 124440, 51.35,-0.52
KNRCON, EQ, 07-Apr-2025,223.83,193.0,220.58,192.55,220.0,217.51,211.02,1263703,2666.64,44602, 374935, 29.67,-2.82
KNRCON, EQ, 07-May-2020,196.1,194.9,197.95,194.0, 194.95,195.0,195.47,54866,107.25,1838, 26240, 47.83,-0.56
KNRCON, EQ, 07-May-2021,199.9,200.9,202.0,199.0, 199.55,199.55,200.2,205937,412.28,7211, 132696, 64.44,-0.18
KNRCON, EQ, 07-May-2024,257.65,256.75,257.0,248.0,248.4,248.7,250.22,1572488,3934.71,31276, 1222617, 77.75,-3.47
KNRCON, EQ, 07-Jun-2021,229.05,231.0,232.0,227.0, 228.65,227.45,229.19,428811,982.78,15163, 159440, 37.18,-0.7
KNRCON, EQ, 07-Jun-2022,256.25,256.25,259.0,252.2,257.0,257.55,256.52,309660,794.33,7267, 170767, 55.15,0.51
KNRCON, EQ, 07-Jun-2023,242.45,244.95,244.95,241.5, 243.40,243.1,242.93,350334,851.06,5820, 239401, 68.34,0.27
KNRCON, EQ, 07-Jun-2024,378.65,382.4,402.0,371.1,373.5,373.35,383.78,10659612,40909.02,146592, 2431846, 22.81,-1.4
KNRCON, EQ, 07-Jul-2020,217.3,217.5,218.8,214.0, 215.00,215.0,216.23,150857,326.21,3091, 66885, 44.34,-1.06
KNRCON, EQ, 07-Jul-2021,247.4,247.0,248.45,239.0, 240.90,239.95,242.37,864043,2094.19,18514, 380925, 44.09,-3.01
KNRCON, EQ, 07-Jul-2022,246.15,247.7,248.15,238.5, 239.40,239.5,240.87,290745,700.32,5518, 191108, 65.73,-2.7
KNRCON, EQ, 07-Jul-2023,249.85,250.9,252.6,247.7, 248.65,248.2,248.96,334112,831.82,7670, 202605, 60.64,-0.66
KNRCON, EQ, 07-Aug-2020,203.65,205.0,207.0,202.5,203.85,203.6,204.67,44933,91.96,1311, 26576, 59.15,-0.02
KNRCON, EQ, 07-Aug-2023,243.0,244.2,246.3,240.9, 241.60,241.55,243.97,286319,698.54,6157, 144712, 50.54,-0.6
KNRCON, EQ, 07-Aug-2024,353.45,366.0,375.3,353.45,374.8,372.15,363.97,1387746,5051.02,35336, 592032, 42.66,5.29
KNRCON, EQ, 07-Sep-2020,245.15,245.15,245.9,235.55, 240.35,243.05,240.83,105156,253.24,3962, 48702, 46.31,-0.86
KNRCON, EQ, 07-Sep-2021,320.15,323.4,328.9,320.0, 322.55,322.3,324.06,636452,2062.5,14421, 153657, 24.14,0.67
KNRCON, EQ, 07-Sep-2022,254.1,253.55,256.45,252.0, 254.60,254.55,254.91,246466,628.26,5185, 176408, 71.57,0.18
KNRCON, EQ, 07-Sep-2023,270.95,271.8,275.0,270.35, 271.70,271.9,272.39,900529,2452.99,14110, 610238, 67.76,0.35
KNRCON, EQ, 07-Oct-2020,256.7,261.0,261.0,252.0,254.8,253.2,256.74,47719,122.51,2245, 16826, 35.26,-1.36
KNRCON, EQ, 07-Oct-2021,287.7,288.15,290.85,283.75, 286.95,285.55,287.19,500200,1436.54,17918, 260585, 52.10,-0.75
KNRCON, EQ, 07-Oct-2022,232.35,230.1,232.6,230.0, 231.05,231.75,231.04,62374,144.11,4295, 28979, 46.46,-0.26
KNRCON, EQ, 07-Oct-2024,325.8,326.0,330.55,305.3,310.95,310.15,314.07,843742,2649.98,40746, 364884, 43.25,-4.8
KNRCON, EQ, 07-Nov-2022,232.95,234.15,236.7,227.35,232.0,230.25,231.99,235539,546.42,6733, 150370, 63.84,-1.16
KNRCON, EQ, 07-Nov-2023,268.0,269.25,269.65,263.55, 267.00,267.55,267.02,373504,997.33,9528, 216672, 58.01,-0.17
KNRCON, EQ, 07-Nov-2024,300.3,302.9,304.5,295.2,297.1,297.0,299.21,398776,1193.19,19300, 161403, 40.47,-1.1
KNRCON, EQ, 07-Dec-2020,313.95,313.95,317.45,310.05, 314.00,315.4,314.33,213473,671.02,6479, 123371, 57.79,0.46
KNRCON, EQ, 07-Dec-2021,273.0,275.0,279.55,271.25,277.55,275.1,274.7,151989,417.51,6232, 37662, 24.78,0.77
KNRCON, EQ, 07-Dec-2022,261.6,261.55,262.75,258.0, 258.20,259.55,261.12,87019,227.22,3245, 51167, 58.80,-0.78
KNRCON, EQ, 07-Dec-2023,273.7,274.6,274.6,265.1, 268.35,267.5,268.26,1209289,3244.07,25714, 744141, 61.54,-2.27
KNRCON, EQ, 08-Jan-2020,256.5,256.5,256.6,251.0, 253.00,252.95,253.29,211651,536.09,7117, 151531, 71.59,-1.38
KNRCON, EQ, 08-Jan-2021,342.0,348.9,348.9,340.2, 346.00,345.5,344.8,287736,992.13,6443, 163226, 56.73,1.02
KNRCON, EQ, 08-Jan-2024,265.3,266.95,267.0,259.0, 260.45,259.9,261.47,605443,1583.04,18472, 341178, 56.35,-2.04
KNRCON, EQ, 08-Jan-2025,335.65,337.0,344.55,328.15,336.6,336.7,336.17,1304472,4385.22,49468, 413347, 31.69,0.31
KNRCON, EQ, 08-Feb-2021,211.15,214.35,224.0,211.6, 217.35,215.5,218.21,1650295,3601.08,24397, 563751, 34.16,2.06
KNRCON, EQ, 08-Feb-2022,311.1,311.1,314.35,306.55,309.65,310.0,311.12,277546,863.5,10431, 118761, 42.79,-0.35
KNRCON, EQ, 08-Feb-2023,259.85,259.05,267.4,257.2, 266.70,265.65,263.84,212821,561.52,6363, 89348, 41.98,2.23
KNRCON, EQ, 08-Feb-2024,284.7,286.0,291.4,277.6, 281.70,285.35,286.67,1478186,4237.58,41957, 654191, 44.26,0.23
KNRCON, EQ, 08-Mar-2021,213.75,215.0,219.7,212.55, 215.85,215.35,216.43,873574,1890.64,15171, 385554, 44.14,0.75
KNRCON, EQ, 08-Mar-2022,286.05,289.7,295.0,281.7, 288.30,289.35,289.1,482442,1394.75,20643, 233467, 48.39,1.15
KNRCON, EQ, 08-Mar-2023,276.75,276.75,278.35,270.65, 271.05,272.3,274.29,504564,1383.99,14280, 252881, 50.12,-1.61
KNRCON, EQ, 08-Apr-2020,182.85,191.8,192.95,185.4, 187.00,188.7,189.29,60506,114.53,1881, 23436, 38.73,3.2
KNRCON, EQ, 08-Apr-2021,215.6,217.5,221.0,215.4, 218.00,218.3,217.97,955122,2081.89,18502, 464152, 48.60,1.25
KNRCON, EQ, 08-Apr-2022,285.65,285.65,289.0,285.65, 287.95,287.4,287.69,129551,372.71,4350, 64971, 50.15,0.61
KNRCON, EQ, 08-Apr-2024,258.25,259.8,268.4,258.65, 264.80,265.2,265.33,2241713,5947.98,27246, 1081780, 48.26,2.69
KNRCON, EQ, 08-Apr-2025,217.51,224.0,226.0,214.67,219.5,219.58,218.97,763180,1671.12,23994, 293079, 38.40,0.95
KNRCON, EQ, 08-May-2020,195.0,199.1,199.9,192.5, 194.65,194.5,195.83,88978,174.25,2233, 43016, 48.34,-0.26
KNRCON, EQ, 08-May-2023,243.4,241.3,246.95,241.3, 245.00,244.95,244.87,378988,928.04,12360, 222273, 58.65,0.64
KNRCON, EQ, 08-May-2024,248.7,248.1,252.1,245.75,247.4,246.5,248.07,503595,1249.26,15890, 317724, 63.09,-0.88
KNRCON, EQ, 08-Jun-2020,201.25,205.0,207.9,196.7, 197.50,198.1,199.6,469529,937.17,8331, 317647, 67.65,-1.57
KNRCON, EQ, 08-Jun-2021,227.45,229.1,229.9,224.0, 225.55,225.85,226.28,410634,929.2,20244, 179210, 43.64,-0.7
KNRCON, EQ, 08-Jun-2022,257.55,257.0,262.55,251.2,252.65,254.45,258.88,191582,495.97,9710, 68638, 35.83,-1.2
KNRCON, EQ, 08-Jun-2023,243.1,245.65,245.65,237.15, 238.40,238.15,240.2,544390,1307.61,10481, 372726, 68.47,-2.04
KNRCON, EQ, 08-Jul-2020,215.0,216.8,218.35,209.15,210.0,211.3,214.67,139642,299.77,3292, 50222, 35.96,-1.72
KNRCON, EQ, 08-Jul-2021,239.95,240.0,252.95,240.0, 245.00,244.65,243.46,2089829,5087.96,21969, 1202055, 57.52,1.96
KNRCON, EQ, 08-Jul-2022,239.5,241.0,241.85,237.0,238.7,238.7,239.42,67319,161.18,3228, 26757, 39.75,-0.33
KNRCON, EQ, 08-Jul-2024,355.05,362.45,362.6,352.05,357.0,358.1,356.96,1009966,3605.21,26269, 478861, 47.41,0.86
KNRCON, EQ, 08-Aug-2022,257.25,259.0,264.0,257.3,258.3,259.15,260.86,71023,185.27,5166,37035,52.15,0.74
KNRCON, EQ, 08-Aug-2023,241.55,241.6,246.55,241.1, 243.75,244.15,244.58,215055,525.99,7610, 115979, 53.93,1.08
KNRCON, EQ, 08-Aug-2024,372.15,374.8,374.8,361.2,363.8,362.35,368.55,730648,2692.79,25828, 306512, 41.95,-2.63
KNRCON, EQ, 08-Sep-2020,243.05,240.5,257.9,238.0, 253.00,254.6,251.26,198749,499.38,9031, 92581, 46.58,4.75
KNRCON, EQ, 08-Sep-2021,322.3,324.7,324.7,316.05, 318.30,317.1,318.44,396307,1262.0,10156, 124046, 31.30,-1.61
KNRCON, EQ, 08-Sep-2022,254.55,254.95,257.8,249.3, 252.50,251.9,253.59,170350,432.0,3948, 93594, 54.94,-1.04
KNRCON, EQ, 08-Sep-2023,271.9,272.15,273.55,267.9, 269.00,269.35,269.26,1264053,3403.64,13220, 1046904, 82.82,-0.94
KNRCON, EQ, 08-Oct-2020,253.2,254.5,258.95,252.7,256.5,255.75,255.58,86034,219.88,3394, 42727, 49.66,1.01
KNRCON, EQ, 08-Oct-2021,285.55,285.7,293.65,285.7, 288.85,288.75,290.13,684291,1985.37,20183, 272835, 39.87,1.12
KNRCON, EQ, 08-Oct-2024,310.15,311.05,318.8,306.25,318.8,317.55,314.33,511642,1608.26,20763, 194103, 37.94,2.39
KNRCON, EQ, 08-Nov-2021,294.95,295.6,297.65,290.45, 296.70,296.75,295.06,321465,948.51,17174, 159180, 49.52,0.61
KNRCON, EQ, 08-Nov-2023,267.55,267.55,268.75,265.5, 267.00,266.95,266.99,143946,384.32,3196, 75343, 52.34,-0.22
KNRCON, EQ, 08-Nov-2024,297.0,297.9,298.0,288.0, 289.20,288.35,290.85,461752,1343.0,22580, 215338, 46.63,-2.91
KNRCON, EQ, 08-Dec-2020,315.4,317.8,317.9,301.0,308.0,305.4,308.08,262170,807.69,7354, 150396, 57.37,-3.17
KNRCON, EQ, 08-Dec-2021,275.1,276.4,292.9,276.35,291.05,289.85,286.12,562578,1609.63,17272, 156720, 27.86,5.36
KNRCON, EQ, 08-Dec-2022,259.55,263.0,274.0,260.15, 269.90,270.55,270.1,1551983,4191.91,28828, 525668, 33.87,4.24
KNRCON, EQ, 08-Dec-2023,267.5,267.6,273.0,265.55, 267.10,267.75,268.92,883079,2374.8,23678, 466454, 52.82,0.09
KNRCON, EQ, 09-Jan-2020,252.95,260.0,260.55,252.9, 253.95,254.5,256.37,192313,493.02,6980, 107148, 55.72,0.61
KNRCON, EQ, 09-Jan-2023,258.35,262.25,267.95,259.6,263.9,263.7,263.83,435771,1149.68,11988, 218115, 50.05,2.07
KNRCON, EQ, 09-Jan-2024,259.9,260.6,263.6,258.5,259.2,259.25,260.41,549331,1430.5,15090, 254738, 46.37,-0.25
KNRCON, EQ, 09-Jan-2025,336.7,336.7,343.5,331.1,333.8,335.6,337.81,655326,2213.76,31404, 207878, 31.72,-0.33
KNRCON, EQ, 09-Feb-2021,215.5,218.7,222.2,214.55, 217.30,216.6,217.89,817848,1781.99,13467, 301207, 36.83,0.51
KNRCON, EQ, 09-Feb-2022,310.0,312.7,315.5,310.0, 310.50,311.35,313.44,263724,826.61,8345, 113599, 43.07,0.44
KNRCON, EQ, 09-Feb-2023,265.65,266.7,270.1,263.0, 267.50,267.45,266.29,297885,793.23,5168, 200950, 67.46,0.68
KNRCON, EQ, 09-Feb-2024,285.35,283.65,283.65,269.3, 272.30,272.15,273.97,1681998,4608.1,34139, 892568, 53.07,-4.63
KNRCON, EQ, 09-Mar-2020,261.95,256.0,257.45,245.0, 257.40,253.5,253.24,199897,506.22,3299, 150933, 75.51,-3.23
KNRCON, EQ, 09-Mar-2021,215.35,216.95,218.45,210.0, 211.00,211.1,213.71,400522,855.96,8102, 194863, 48.65,-1.97
KNRCON, EQ, 09-Mar-2022,289.35,294.8,299.3,289.5, 294.00,294.7,295.45,389386,1150.44,15787, 187619, 48.18,1.85
KNRCON, EQ, 09-Mar-2023,272.3,273.7,275.65,271.35, 273.30,272.75,273.12,207593,566.97,5157, 87066, 41.94,0.17
KNRCON, EQ, 09-Apr-2020,188.7,192.7,194.0,183.05, 185.15,185.05,186.35,68159,127.02,2198, 35352, 51.87,-1.93
KNRCON, EQ, 09-Apr-2021,218.3,221.0,221.8,205.25,211.95,211.8,217.04,749078,1625.83,12680, 332625, 44.40,-2.98
KNRCON, EQ, 09-Apr-2024,265.2,266.9,269.4,264.0, 266.40,266.3,266.94,733333,1957.56,17226, 332481, 45.34,0.41
KNRCON, EQ, 09-Apr-2025,219.58,218.8,220.84,214.36,219.54,219.85,218.15,399747,872.03,19639, 142602, 35.67,0.12
KNRCON, EQ, 09-May-2022,263.65,263.4,264.15,255.0, 257.85,259.3,258.73,137164,354.88,5460, 65280, 47.59,-1.65
KNRCON, EQ, 09-May-2023,244.95,246.5,246.8,242.1,243.0,242.65,243.37,209412,509.64,3861, 155592, 74.30,-0.94
KNRCON, EQ, 09-May-2024,246.5,246.15,249.25,246.0,248.0,247.4,247.7,215268,533.23,8432, 111194, 51.65,0.37
KNRCON, EQ, 09-Jun-2020,198.1,202.4,205.95,196.0, 197.70,197.5,198.08,286532,567.56,6633, 170230, 59.41,-0.3
KNRCON, EQ, 09-Jun-2021,225.85,226.75,230.6,222.0,222.9,223.0,227.13,469004,1065.25,10826, 190143, 40.54,-1.26
KNRCON, EQ, 09-Jun-2022,254.45,254.45,254.85,248.65, 250.20,250.75,250.48,206771,517.92,5507, 146591, 70.90,-1.45
KNRCON, EQ, 09-Jun-2023,238.15,241.0,241.65,226.3, 234.00,234.15,233.56,1204248,2812.66,28891, 499640, 41.49,-1.68
KNRCON, EQ, 09-Jul-2020,211.3,211.2,215.5,210.5, 211.00,211.35,213.16,134069,285.78,2278, 46582, 34.74,0.02
KNRCON, EQ, 09-Jul-2021,244.65,245.55,245.8,241.35,242.0,243.1,243.01,391341,950.98,9825, 113068, 28.89,-0.63
KNRCON, EQ, 09-Jul-2024,358.1,363.2,376.2,356.05,371.0,369.05,368.67,4410940,16261.82,72582, 1386702, 31.44,3.06
KNRCON, EQ, 09-Aug-2021,279.95,281.5,284.5,277.9, 283.00,282.85,281.13,398773,1121.06,10477, 161769, 40.57,1.04
KNRCON, EQ, 09-Aug-2023,244.15,244.15,244.95,241.5, 243.25,243.05,243.59,99951,243.47,4314, 47963, 47.99,-0.45
KNRCON, EQ, 09-Aug-2024,362.35,368.0,373.95,364.5,368.5,367.15,368.89,838132,3091.76,28871, 354773, 42.33,1.32
KNRCON, EQ, 09-Sep-2020,254.6,254.0,254.0,241.55, 252.00,252.2,248.83,103572,257.72,4438, 41148, 39.73,-0.94
KNRCON, EQ, 09-Sep-2021,317.1,315.1,321.0,311.5, 315.00,313.05,315.4,1698677,5357.59,18136, 1095294, 64.48,-1.28
KNRCON, EQ, 09-Sep-2022,251.9,252.85,255.95,252.15, 254.30,254.15,254.08,252818,642.35,6635, 167122, 66.10,0.89
KNRCON, EQ, 09-Sep-2024,347.0,346.75,346.9,337.1,342.0,341.75,341.13,602198,2054.25,25298, 191228, 31.76,-1.51
KNRCON, EQ, 09-Oct-2020,255.75,255.0,258.0,254.95, 256.00,256.25,256.16,41563,106.47,2870, 21792, 52.43,0.2
KNRCON, EQ, 09-Oct-2023,281.9,281.8,285.65,277.0, 277.40,279.05,280.66,734162,2060.51,19193, 439349, 59.84,-1.01
KNRCON, EQ, 09-Oct-2024,317.55,319.0,324.0,317.0,319.25,319.45,320.85,415631,1333.55,17558, 186634, 44.90,0.6
KNRCON, EQ, 09-Nov-2020,253.9,255.45,259.0,249.5, 257.60,253.85,252.64,69562,175.74,4183, 38902, 55.92,-0.02
KNRCON, EQ, 09-Nov-2021,296.75,297.6,305.3,294.5,301.25,301.45,300.17,1360366,4083.35,23898, 1033295, 75.96,1.58
KNRCON, EQ, 09-Nov-2022,230.25,230.25,235.8,229.3, 235.00,233.7,233.53,167161,390.38,5152, 118581, 70.94,1.5
KNRCON, EQ, 09-Nov-2023,266.95,267.0,268.2,260.2, 263.80,263.1,263.8,781121,2060.57,11796, 496166, 63.52,-1.44
KNRCON, EQ, 09-Dec-2020,305.4,313.0,316.0,304.0,304.8,304.75,307.79,172514,530.98,5643, 86327, 50.04,-0.21
KNRCON, EQ, 09-Dec-2021,289.85,291.0,294.9,285.35, 290.20,290.7,290.02,268606,779.01,10773, 66586, 24.79,0.29
KNRCON, EQ, 09-Dec-2022,270.55,273.5,278.55,260.0, 263.00,262.1,270.42,804055,2174.35,19400, 248763, 30.94,-3.12
KNRCON, EQ, 09-Dec-2024,338.85,340.4,344.55,337.6,339.0,338.8,340.84,687006,2341.6,21136, 315706, 45.95,-0.01
KNRCON, EQ, 10-Jan-2020,254.5,260.0,281.4,260.0, 279.65,278.25,274.79,1375835,3780.66,23898, 381724, 27.74,9.33
KNRCON, EQ, 10-Jan-2022,292.95,293.7,318.0,293.65,315.8,315.55,309.96,1988654,6164.06,48546, 817604, 41.11,7.71
KNRCON, EQ, 10-Jan-2023,263.7,263.5,264.85,258.2,260.0,259.75,260.45,153458,399.68,4159, 86717, 56.51,-1.5
KNRCON, EQ, 10-Jan-2024,259.25,259.2,262.0,255.8, 260.00,260.2,258.77,1013268,2622.06,27059, 550518, 54.33,0.37
KNRCON, EQ, 10-Jan-2025,335.6,332.55,332.55,318.25,324.9,322.25,324.43,816180,2647.96,36438, 288830, 35.39,-3.98
KNRCON, EQ, 10-Feb-2020,282.6,282.85,284.35,275.1, 278.50,278.45,278.23,68862,191.59,2604, 39367, 57.17,-1.47
KNRCON, EQ, 10-Feb-2021,216.6,217.8,217.9,212.8,217.5,216.6,215.16,359808,774.17,6799, 138528, 38.50,0.0
KNRCON, EQ, 10-Feb-2022,311.35,312.7,317.0,307.25,315.0,316.0,313.04,222376,696.12,9669, 95798, 43.08,1.49
KNRCON, EQ, 10-Feb-2023,267.45,270.7,271.45,259.2, 263.00,262.65,264.3,483127,1276.9,11203, 209445, 43.35,-1.79
KNRCON, EQ, 10-Feb-2025,284.2,285.5,291.6,277.15,280.15,281.25,282.78,987151,2791.46,35711, 374054, 37.89,-1.04
KNRCON, EQ, 10-Mar-2021,211.1,212.7,219.5,207.5, 214.00,215.05,213.86,1047951,2241.1,23339, 280706, 26.79,1.87
KNRCON, EQ, 10-Mar-2022,294.7,307.0,308.9,300.05, 301.55,302.0,303.53,515046,1563.32,20598, 268253, 52.08,2.48
KNRCON, EQ, 10-Mar-2023,272.75,271.5,275.6,268.55, 272.10,272.15,272.84,566025,1544.34,9558, 191069, 33.76,-0.22
KNRCON, EQ, 10-Mar-2025,224.03,225.95,225.99,210.1,211.0,211.71,216.08,1600731,3458.94,45324, 803557, 50.20,-5.5
KNRCON, EQ, 10-Apr-2023,253.0,253.0,256.5,251.15, 252.40,251.85,253.13,113239,286.64,4022, 66229, 58.49,-0.45
KNRCON, EQ, 10-Apr-2024,266.3,267.3,268.6,264.0, 265.90,265.4,266.08,417000,1109.57,11472, 229010, 54.92,-0.34
KNRCON, EQ, 10-May-2021,199.55,199.55,206.0,199.55, 204.50,204.25,202.9,398367,808.27,7719, 202999, 50.96,2.36
KNRCON, EQ, 10-May-2022,259.3,256.6,261.8,247.9, 248.00,250.5,255.13,164147,418.79,5843, 97715, 59.53,-3.39
KNRCON, EQ, 10-May-2023,242.65,244.65,244.75,239.6,240.5,240.5,242.05,324908,786.43,7684, 245784, 75.65,-0.89
KNRCON, EQ, 10-May-2024,247.4,248.0,248.0,240.8,247.0,246.9,245.16,248632,609.55,10656, 107488, 43.23,-0.2
KNRCON, EQ, 10-Jun-2020,197.5,198.95,207.6,197.2, 207.00,206.65,204.4,334895,684.54,6542, 152718, 45.60,4.63
KNRCON, EQ, 10-Jun-2021,223.0,224.9,227.1,223.1, 225.70,225.8,225.2,193013,434.66,7496, 69159, 35.83,1.26
KNRCON, EQ, 10-Jun-2022,250.75,249.4,253.0,247.4,252.0,250.55,249.05,98196,244.56,6802, 48409, 49.30,-0.08
KNRCON, EQ, 10-Jun-2024,373.35,378.6,381.95,365.1,378.0,377.55,374.9,2360679,8850.23,36461, 838854, 35.53,1.12
KNRCON, EQ, 10-Jul-2020,211.35,210.3,215.15,209.25,211.0,211.65,212.73,110490,235.04,2128, 24019, 21.74,0.14
KNRCON, EQ, 10-Jul-2023,248.2,250.0,251.5,245.8,248.7,248.25,249.38,390548,973.96,6888, 267490, 68.49,0.02
KNRCON, EQ, 10-Jul-2024,369.05,371.0,378.0,350.05,371.45,370.9,366.11,3456945,12656.24,76613, 1018801, 29.47,0.5
KNRCON, EQ, 10-Aug-2020,203.6,205.0,207.75,203.9, 206.90,206.85,206.5,81441,168.18,2149, 54310, 66.69,1.6
KNRCON, EQ, 10-Aug-2021,282.85,280.35,287.35,270.25, 284.90,283.5,282.18,882556,2490.4,15495, 373628, 42.33,0.23
KNRCON, EQ, 10-Aug-2022,259.15,257.05,263.25,255.65,261.0,261.25,259.9,68606,178.31,2826, 28935, 42.18,0.81
KNRCON, EQ, 10-Aug-2023,243.05,243.8,256.95,243.7, 251.00,250.4,252.87,1748800,4422.18,33516, 588531, 33.65,3.02
KNRCON, EQ, 10-Sep-2020,252.2,252.2,260.0,247.55, 260.00,256.7,254.64,78057,198.76,3055, 38656, 49.52,1.78
KNRCON, EQ, 10-Sep-2024,341.75,345.0,350.0,340.05,347.95,346.5,345.01,667984,2304.59,25835, 282628, 42.31,1.39
KNRCON, EQ, 10-Oct-2022,231.75,230.2,230.9,227.1, 230.90,229.8,228.85,52285,119.65,4447, 25456, 48.69,-0.84
KNRCON, EQ, 10-Oct-2023,279.05,281.8,284.95,278.55, 281.30,281.4,281.45,677077,1905.65,11822, 386741, 57.12,0.84
KNRCON, EQ, 10-Oct-2024,319.45,320.7,327.0,319.25,322.25,321.75,324.24,495510,1606.63,15549, 209519, 42.28,0.72
KNRCON, EQ, 10-Nov-2020,253.85,254.55,259.65,252.1, 257.40,255.4,256.51,56374,144.61,3335, 31212, 55.37,0.61
KNRCON, EQ, 10-Nov-2021,301.45,300.0,303.0,295.15, 297.50,297.2,299.2,179562,537.25,5619, 71767, 39.97,-1.41
KNRCON, EQ, 10-Nov-2022,233.7,233.0,234.0,226.5, 229.10,228.05,230.34,208997,481.4,6538, 121134, 57.96,-2.42
KNRCON, EQ, 10-Nov-2023,263.1,262.35,266.5,260.2,266.0,264.65,263.82,655601,1729.62,12494, 307403, 46.89,0.59
KNRCON, EQ, 10-Dec-2020,304.75,305.0,309.7,297.0, 300.50,299.7,300.38,192498,578.22,5965, 108203, 56.21,-1.66
KNRCON, EQ, 10-Dec-2021,290.7,290.8,291.65,287.15, 290.50,289.1,289.0,143299,414.13,5531, 46339, 32.34,-0.55
KNRCON, EQ, 10-Dec-2024,338.8,338.85,340.35,333.15,336.3,335.45,335.33,508854,1706.36,15770, 250234, 49.18,-0.99
KNRCON, EQ, 11-Jan-2021,345.5,347.0,347.0,338.85, 340.05,340.6,341.43,155249,530.06,6201, 94678, 60.98,-1.42
KNRCON, EQ, 11-Jan-2022,315.55,315.55,317.0,307.45,311.7,311.35,312.28,791195,2470.72,27394, 304897, 38.54,-1.33
KNRCON, EQ, 11-Jan-2023,259.75,259.9,260.65,257.0, 257.95,257.35,259.39,638319,1655.73,3264, 578152, 90.57,-0.92
KNRCON, EQ, 11-Jan-2024,260.2,261.75,264.0,258.95, 263.00,262.65,261.83,1006652,2635.71,25040, 542431, 53.88,0.94
KNRCON, EQ, 11-Feb-2020,278.45,277.5,284.8,277.0, 279.00,278.75,281.21,87942,247.3,2441, 51306, 58.34,0.11
KNRCON, EQ, 11-Feb-2021,216.6,216.9,232.8,214.0,231.0,231.15,226.6,2283905,5175.33,38277, 668001, 29.25,6.72
KNRCON, EQ, 11-Feb-2022,316.0,313.0,315.0,310.1,312.45,311.7,312.21,174694,545.41,8936, 81287, 46.53,-1.36
KNRCON, EQ, 11-Feb-2025,281.25,281.55,282.6,267.9,274.0,269.6,272.45,739182,2013.93,26772, 271006, 36.66,-4.14
KNRCON, EQ, 11-Mar-2020,253.5,250.0,258.15,250.0, 255.50,256.4,255.11,55578,141.79,2482, 29371, 52.85,1.14
KNRCON, EQ, 11-Mar-2022,302.0,303.7,308.95,301.5, 307.25,306.9,305.47,365762,1117.28,19209, 162603, 44.46,1.62
KNRCON, EQ, 11-Mar-2024,276.8,277.8,280.95,273.05, 273.70,273.6,276.67,415952,1150.81,13378, 198668, 47.76,-1.16
KNRCON, EQ, 11-Mar-2025,211.71,207.0,212.45,206.5,211.69,210.44,210.3,971598,2043.27,45876, 401148, 41.29,-0.6
KNRCON, EQ, 11-Apr-2022,287.4,289.0,292.8,287.35,289.0,289.65,289.58,201101,582.35,6128, 94918, 47.20,0.78
KNRCON, EQ, 11-Apr-2023,251.85,253.05,255.5,248.0, 251.90,250.1,252.59,186045,469.94,5819, 93275, 50.14,-0.69
KNRCON, EQ, 11-Apr-2025,219.85,224.89,228.79,219.55,228.45,227.62,224.11,734438,1645.93,29022, 295919, 40.29,3.53
KNRCON, EQ, 11-May-2020,194.5,196.5,197.95,185.9, 187.70,186.65,191.0,107478,205.28,4200, 63995, 59.54,-4.04
KNRCON, EQ, 11-May-2021,204.25,205.9,209.0,204.0, 204.05,204.6,206.46,491997,1015.77,11337, 165515, 33.64,0.17
KNRCON, EQ, 11-May-2022,250.5,250.5,251.8,235.0,236.5,238.65,243.95,387608,945.58,14343, 215772, 55.67,-4.73
KNRCON, EQ, 11-May-2023,240.5,241.0,244.9,240.25, 241.70,240.9,242.71,164092,398.27,3923, 92881, 56.60,0.17
KNRCON, EQ, 11-Jun-2020,206.65,206.7,213.5,200.0, 203.00,201.8,209.07,490896,1026.33,8213, 162811, 33.17,-2.35
KNRCON, EQ, 11-Jun-2021,225.8,226.55,227.8,220.25, 222.80,222.8,223.86,250995,561.87,8929, 109691, 43.70,-1.33
KNRCON, EQ, 11-Jun-2024,377.55,379.9,381.3,370.0,372.4,371.05,374.15,1203238,4501.95,17365, 701437, 58.30,-1.72
KNRCON, EQ, 11-Jul-2022,238.7,238.0,239.95,234.0,239.75,238.7,237.36,89935,213.47,5025, 43123, 47.95,0.0
KNRCON, EQ, 11-Jul-2023,248.25,248.95,251.0,248.0, 250.50,250.3,249.76,186583,466.0,4598, 117848, 63.16,0.83
KNRCON, EQ, 11-Jul-2024,370.9,372.8,381.75,368.2,375.0,374.35,374.73,2306265,8642.32,49192, 836472, 36.27,0.93
KNRCON, EQ, 11-Aug-2020,206.85,208.4,216.0,206.95,212.15,212.4,211.89,402615,853.11,5637, 252440, 62.70,2.68
KNRCON, EQ, 11-Aug-2021,283.5,287.0,289.45,264.65, 286.00,283.95,273.57,2343861,6412.01,43553, 1138169, 48.56,0.16
KNRCON, EQ, 11-Aug-2022,261.25,263.9,268.5,261.75,265.55,266.35,264.82,99347,263.09,3758, 57150, 57.53,1.95
KNRCON, EQ, 11-Aug-2023,250.4,251.95,258.4,251.95, 254.30,253.8,255.24,627566,1601.82,15744, 267906, 42.69,1.36
KNRCON, EQ, 11-Sep-2020,256.7,252.7,258.0,247.2, 250.70,249.95,250.26,132798,332.35,4276, 61342, 46.19,-2.63
KNRCON, EQ, 11-Sep-2023,269.35,270.9,275.0,270.05, 275.00,274.4,271.92,2010033,5465.6,31357, 1679209, 83.54,1.87
KNRCON, EQ, 11-Sep-2024,346.5,347.95,351.5,338.8,341.0,340.15,345.56,545844,1886.23,19335, 199937, 36.63,-1.83
KNRCON, EQ, 11-Oct-2021,288.75,288.75,303.6,287.95, 299.10,298.35,296.81,1297868,3852.14,34706, 519071, 39.99,3.32
KNRCON, EQ, 11-Oct-2022,229.8,230.15,230.15,225.5, 225.65,226.15,227.54,68268,155.34,5419, 36962, 54.14,-1.59
KNRCON, EQ, 11-Oct-2023,281.4,283.65,286.5,279.5, 281.00,280.75,283.15,803470,2275.0,9840, 557627, 69.40,-0.23
KNRCON, EQ, 11-Oct-2024,321.75,321.75,324.95,317.5,318.0,318.4,320.29,318459,1019.98,11285, 158891, 49.89,-1.04
KNRCON, EQ, 11-Nov-2020,255.4,255.4,259.5,253.15, 258.00,257.3,256.28,49174,126.02,2338, 28570, 58.10,0.74
KNRCON, EQ, 11-Nov-2021,297.2,298.4,299.9,290.2, 291.15,291.55,294.23,151723,446.41,6532, 65021, 42.86,-1.9
KNRCON, EQ, 11-Nov-2022,228.05,229.4,231.8,225.05,229.0,228.9,227.53,154619,351.8,5001, 84417, 54.60,0.37
KNRCON, EQ, 11-Nov-2024,288.35,289.8,290.8,281.15, 284.65,283.65,284.81,597728,1702.39,35534, 290953, 48.68,-1.63
KNRCON, EQ, 11-Dec-2020,299.7,300.5,304.95,291.1, 297.35,295.5,300.23,85411,256.43,4717, 44856, 52.52,-1.4
KNRCON, EQ, 11-Dec-2023,267.75,268.9,269.2,263.7, 264.00,264.55,265.28,755866,2005.16,15519, 479849, 63.48,-1.2
KNRCON, EQ, 11-Dec-2024,335.45,336.45,346.5,336.45,344.95,345.0,343.04,1110871,3810.79,29975, 450566, 40.56,2.85
KNRCON, EQ, 12-Jan-2021,340.6,341.8,346.8,335.0, 343.05,344.4,343.27,164644,565.17,5162, 79083, 48.03,1.12
KNRCON, EQ, 12-Jan-2022,311.35,314.0,321.45,310.05,318.75,317.9,316.6,938296,2970.66,22571, 449812, 47.94,2.1
KNRCON, EQ, 12-Jan-2023,257.35,258.0,261.4,252.25, 259.20,259.6,258.52,418550,1082.05,7095, 230267, 55.02,0.87
KNRCON, EQ, 12-Jan-2024,262.65,263.75,265.05,260.0,262.0,261.85,262.62,651189,1710.15,18952, 372483, 57.20,-0.3
KNRCON, EQ, 12-Feb-2020,278.75,278.45,284.45,277.15, 278.00,278.4,279.85,54895,153.62,2564, 31288, 57.00,-0.13
KNRCON, EQ, 12-Feb-2021,231.15,232.0,232.9,201.25,223.0,221.85,223.6,1003710,2244.34,21892, 396493, 39.50,-4.02
KNRCON, EQ, 12-Feb-2024,272.15,272.95,273.5,260.15, 262.25,261.9,264.61,1003931,2656.51,21793, 510102, 50.81,-3.77
KNRCON, EQ, 12-Feb-2025,269.6,269.45,269.45,253.55,265.0,263.85,261.35,1105609,2889.51,46805, 362553, 32.79,-2.13
KNRCON, EQ, 12-Mar-2020,256.4,249.0,249.0,222.0, 235.00,235.15,233.69,340161,794.93,10262, 250197, 73.55,-8.29
KNRCON, EQ, 12-Mar-2021,215.05,216.9,217.5,209.4, 211.95,211.9,212.42,813597,1728.26,15911, 380160, 46.73,-1.46
KNRCON, EQ, 12-Mar-2024,273.6,273.0,273.95,260.65, 264.30,264.2,264.94,1271488,3368.7,30901, 364510, 28.67,-3.44
KNRCON, EQ, 12-Mar-2025,210.44,211.49,214.42,209.03,211.0,210.48,211.15,945192,1995.73,28621, 491508, 52.00,0.02
KNRCON, EQ, 12-Apr-2021,211.8,205.1,208.75,195.7, 199.00,199.7,201.54,640414,1290.67,16429, 322231, 50.32,-5.71
KNRCON, EQ, 12-Apr-2022,289.65,290.7,290.9,279.0, 282.60,282.75,282.6,299315,845.86,14345, 159444, 53.27,-2.38
KNRCON, EQ, 12-Apr-2023,250.1,253.6,253.6,241.0, 243.90,243.3,245.5,374719,919.95,11394, 235070, 62.73,-2.72
KNRCON, EQ, 12-Apr-2024,265.4,264.4,266.95,261.55, 263.85,263.05,263.34,423844,1116.17,11887, 235818, 55.64,-0.89
KNRCON, EQ, 12-May-2020,186.65,185.0,187.6,180.3, 184.95,184.45,183.85,123658,227.34,3805, 67751, 54.79,-1.18
KNRCON, EQ, 12-May-2021,204.6,205.5,214.0,205.0,213.8,212.55,211.36,1134684,2398.32,19238, 502256, 44.26,3.89
KNRCON, EQ, 12-May-2022,238.65,235.0,236.6,225.45,235.6,234.5,230.72,434199,1001.76,10883, 244282, 56.26,-1.74
KNRCON, EQ, 12-May-2023,240.9,241.05,243.9,239.25, 240.00,239.9,241.86,258085,624.22,3652, 185595, 71.91,-0.42
KNRCON, EQ, 12-Jun-2020,201.8,191.0,198.8,191.0, 196.50,196.85,195.92,188031,368.38,4119, 61001, 32.44,-2.45
KNRCON, EQ, 12-Jun-2023,234.15,235.45,244.95,235.45, 238.50,238.45,239.95,543968,1305.24,12506, 175419, 32.25,1.84
KNRCON, EQ, 12-Jun-2024,371.05,371.0,383.7,366.25,372.3,372.4,376.37,1785189,6718.95,23860, 592997, 33.22,0.36
KNRCON, EQ, 12-Jul-2021,243.1,245.25,247.4,237.0, 239.50,239.2,240.92,665037,1602.24,12826, 319109, 47.98,-1.6
KNRCON, EQ, 12-Jul-2022,238.7,238.5,244.55,236.6,242.0,240.85,240.29,123674,297.18,5189, 48141, 38.93,0.9
KNRCON, EQ, 12-Jul-2023,250.3,250.9,251.0,246.0, 248.75,248.65,248.14,323092,801.71,6107, 190554, 58.98,-0.66
KNRCON, EQ, 12-Jul-2024,374.35,376.8,379.0,362.1,365.0,363.9,368.83,1801678,6645.14,41032, 605931, 33.63,-2.79
KNRCON, EQ, 12-Aug-2020,212.4,211.8,212.0,200.55,209.0,209.15,207.76,185905,386.23,5582, 85247, 45.86,-1.53
KNRCON, EQ, 12-Aug-2021,283.95,285.0,286.9,275.05, 278.20,280.15,282.18,663082,1871.08,16875, 268446, 40.48,-1.34
KNRCON, EQ, 12-Aug-2022,266.35,265.0,266.45,258.8,260.0,260.15,263.02,133167,350.26,8809, 53545, 40.21,-2.33
KNRCON, EQ, 12-Aug-2024,367.15,366.0,368.0,354.0,362.6,361.45,359.99,1603203,5771.35,40865, 651762, 40.65,-1.55
KNRCON, EQ, 12-Sep-2022,254.15,254.0,255.4,231.0, 249.80,249.1,246.48,2370108,5841.74,70452, 1636230, 69.04,-1.99
KNRCON, EQ, 12-Sep-2023,274.4,284.45,287.0,266.1, 268.00,268.15,276.83,3016683,8351.01,44632, 1193938, 39.58,-2.28
KNRCON, EQ, 12-Sep-2024,340.15,343.1,357.25,342.25,351.5,352.0,351.54,1466402,5155.06,39606, 479356, 32.69,3.48
KNRCON, EQ, 12-Oct-2020,256.25,256.45,258.0,247.7, 255.20,256.05,253.78,60522,153.59,2833, 31309, 51.73,-0.08
KNRCON, EQ, 12-Oct-2021,298.35,300.0,301.85,292.0, 298.40,297.85,296.53,707236,2097.19,23018, 324465, 45.88,-0.17
KNRCON, EQ, 12-Oct-2022,226.15,225.4,227.4,222.05, 223.90,223.8,224.18,72053,161.53,5814, 31531, 43.76,-1.04
KNRCON, EQ, 12-Oct-2023,280.75,282.3,283.4,277.1, 277.55,278.1,280.32,478049,1340.08,10489, 267089, 55.87,-0.94
KNRCON, EQ, 12-Nov-2020,257.3,258.8,259.75,251.35, 255.20,256.95,256.26,84390,216.26,3083, 36379, 43.11,-0.14
KNRCON, EQ, 12-Nov-2021,291.55,293.8,302.05,266.35, 287.00,284.75,281.46,1542692,4342.04,37076, 336900, 21.84,-2.33
KNRCON, EQ, 12-Nov-2024,283.65,283.65,289.8,282.65,283.0,284.3,286.6,404121,1158.23,23272, 137446, 34.01,0.23
KNRCON, EQ, 12-Dec-2022,262.1,262.5,269.9,256.95, 269.90,268.75,264.66,228232,604.04,8390, 89747, 39.32,2.54
KNRCON, EQ, 12-Dec-2023,264.55,266.2,276.2,264.75, 270.00,269.7,271.78,2801131,7612.99,29710, 1594800, 56.93,1.95
KNRCON, EQ, 12-Dec-2024,345.0,346.65,347.6,337.1,339.4,339.95,340.78,478882,1631.95,20568, 224545, 46.89,-1.46
KNRCON, EQ, 13-Jan-2020,278.25,282.5,285.8,276.1, 281.50,280.5,280.04,397306,1112.63,8860, 197301, 49.66,0.81
KNRCON, EQ, 13-Jan-2021,344.4,345.0,385.9,342.0, 379.10,374.95,365.95,1608045,5884.62,52813, 461191, 28.68,8.87
KNRCON, EQ, 13-Jan-2022,317.9,322.5,325.0,316.5, 316.80,317.6,319.89,1008469,3225.99,24646, 353800, 35.08,-0.09
KNRCON, EQ, 13-Jan-2023,259.6,259.1,266.75,258.5,264.35,262.3,263.13,830960,2186.54,14931, 411134, 49.48,1.04
KNRCON, EQ, 13-Jan-2025,322.25,319.0,332.0,311.3,315.45,315.3,322.68,1136009,3665.67,48155, 331647, 29.19,-2.16
KNRCON, EQ, 13-Feb-2020,278.4,281.45,284.6,278.0, 281.05,281.6,281.88,78081,220.09,1840, 44882, 57.48,1.15
KNRCON, EQ, 13-Feb-2023,262.65,264.7,265.6,260.0,260.1,260.95,261.34,304907,796.84,4757, 243869, 79.98,-0.65
KNRCON, EQ, 13-Feb-2024,261.9,261.0,264.25,254.0, 260.00,259.9,259.42,882469,2289.33,19017, 392753, 44.51,-0.76
KNRCON, EQ, 13-Feb-2025,263.85,265.15,268.95,258.25,261.2,260.5,263.73,935291,2466.63,30346, 356791, 38.15,-1.27
KNRCON, EQ, 13-Mar-2020,235.15,210.0,246.95,188.2, 235.00,235.8,227.38,134243,305.25,3823, 57849, 43.09,0.28
KNRCON, EQ, 13-Mar-2023,272.15,275.85,278.5,269.15, 274.30,272.8,274.55,515627,1415.65,13094, 202696, 39.31,0.24
KNRCON, EQ, 13-Mar-2024,264.2,270.0,271.7,241.65, 246.20,245.55,256.48,1355030,3475.4,33689, 657037, 48.49,-7.06
KNRCON, EQ, 13-Mar-2025,210.48,211.25,212.48,207.51,207.52,208.53,209.54,594403,1245.53,18894, 323892, 54.49,-0.93
KNRCON, EQ, 13-Apr-2020,185.05,185.55,190.0,181.0, 186.00,185.2,183.57,77021,141.38,2277,36507,59.3,0.08
KNRCON, EQ, 13-Apr-2021,199.7,198.5,206.7,196.75, 204.60,204.8,201.52,328329,661.66,8648, 116241, 35.40,2.55
KNRCON, EQ, 13-Apr-2022,282.75,283.8,289.25,283.55,286.6,286.55,285.96,124961,357.34,4067, 54453, 43.58,1.34
KNRCON, EQ, 13-Apr-2023,243.3,244.0,244.95,241.55, 244.10,243.9,243.31,277127,674.27,13006, 154389, 55.71,0.25
KNRCON, EQ, 13-May-2020,184.45,197.0,202.75,190.4,201.25,200.3,198.43,477308,947.11,10694, 173679, 36.39,8.59
KNRCON, EQ, 13-May-2022,234.5,236.05,243.4,225.8,231.1,230.1,233.97,426770,998.5,10327, 260446, 61.03,-1.88
KNRCON, EQ, 13-May-2024,246.9,249.0,249.05,242.05,246.35,245.75,244.75,283126,692.95,12048, 120324, 42.50,-0.47
KNRCON, EQ, 13-Jun-2022,250.55,248.0,248.7,237.65,241.7,239.0,240.36,177667,427.05,9213, 95086, 53.52,-4.61
KNRCON, EQ, 13-Jun-2023,238.45,239.1,242.0,237.1, 241.75,241.5,239.94,307747,738.41,7833, 144332, 46.90,1.28
KNRCON, EQ, 13-Jun-2024,372.4,377.55,392.9,372.0,383.65,382.8,383.66,2901955,11133.74,40548, 983093, 33.88,2.79
KNRCON, EQ, 13-Jul-2020,211.65,213.0,213.75,203.15, 206.50,207.2,209.04,86484,180.79,2298, 51274, 59.29,-2.1
KNRCON, EQ, 13-Jul-2021,239.2,241.5,245.9,241.25, 245.50,244.4,243.33,489502,1191.12,10652, 218008, 44.54,2.17
KNRCON, EQ, 13-Jul-2022,240.85,242.1,247.1,241.7,246.5,246.0,245.17,125989,308.88,8297, 65327, 51.85,2.14
KNRCON, EQ, 13-Jul-2023,248.65,248.7,251.25,248.0, 249.20,249.05,249.88,512828,1281.44,15524, 371997, 72.54,0.16
KNRCON, EQ, 13-Aug-2020,209.15,210.4,218.0,209.5, 216.00,215.3,215.26,159620,343.59,3787, 76768, 48.09,2.94
KNRCON, EQ, 13-Aug-2021,280.15,284.4,293.8,281.75,284.0,285.8,287.39,1558126,4477.94,29037, 407841, 26.18,2.02
KNRCON, EQ, 13-Aug-2024,361.45,362.0,365.7,345.05,347.0,347.05,353.86,1305146,4618.44,41766, 696728, 53.38,-3.98
KNRCON, EQ, 13-Sep-2021,313.05,314.0,317.7,301.0, 303.30,304.05,307.3,597439,1835.91,19134, 248526, 41.60,-2.87
KNRCON, EQ, 13-Sep-2022,249.1,251.0,253.0,248.7, 252.00,251.4,251.09,370075,929.21,8424, 201512, 54.45,0.92
KNRCON, EQ, 13-Sep-2023,268.15,270.5,276.0,267.5, 269.00,269.9,270.54,732688,1982.23,15108, 349105, 47.65,0.65
KNRCON, EQ, 13-Sep-2024,352.0,352.5,359.7,351.25,352.05,352.95,356.0,871391,3102.12,26254, 330381, 37.91,0.27
KNRCON, EQ, 13-Oct-2020,256.05,255.2,258.8,250.15, 258.80,257.25,256.06,50734,129.91,2230, 25520, 50.30,0.47
KNRCON, EQ, 13-Oct-2021,297.85,298.7,313.8,296.85,312.25,312.45,306.56,1562901,4791.23,24509, 722728, 46.24,4.9
KNRCON, EQ, 13-Oct-2022,223.8,222.0,224.0,220.25,222.0,221.9,221.48,63321,140.24,5291, 31824, 50.26,-0.85
KNRCON, EQ, 13-Oct-2023,278.1,277.8,285.95,277.8, 279.95,279.85,281.45,967743,2723.67,18243, 489086, 50.54,0.63
KNRCON, EQ, 13-Nov-2020,256.95,257.5,258.2,252.8,255.45,254.75,255.08,49659,126.67,2028, 26622, 53.61,-0.86
KNRCON, EQ, 13-Nov-2023,267.25,267.45,268.5,262.4, 263.00,263.0,263.96,273670,722.39,6564, 163317, 59.68,-1.59
KNRCON, EQ, 13-Nov-2024,284.3,306.45,324.85,300.1,306.55,307.6,311.88,32026734,99884.09,419356, 2080121, 6.49,8.2
KNRCON, EQ, 13-Dec-2021,289.1,292.0,297.0,287.0,289.7,289.05,291.98,380174,1110.03,11477, 167460, 44.05,-0.02
KNRCON, EQ, 13-Dec-2022,268.75,269.9,271.15,265.0, 265.00,266.25,267.03,159520,425.97,4622, 75702, 47.46,-0.93
KNRCON, EQ, 13-Dec-2023,269.7,271.7,279.05,271.25, 277.50,277.45,275.3,1503008,4137.72,24862, 952709, 63.39,2.87
KNRCON, EQ, 13-Dec-2024,339.95,340.0,341.0,331.65,339.25,339.5,336.54,605875,2039.03,19306, 256865, 42.40,-0.13
KNRCON, EQ, 14-Jan-2020,280.5,284.9,295.7,282.0, 286.10,286.85,288.58,464718,1341.08,14791, 196216, 42.22,2.26
KNRCON, EQ, 14-Jan-2021,374.95,380.0,387.3,365.6, 368.15,369.35,373.89,958672,3584.38,17052, 418287, 43.63,-1.49
KNRCON, EQ, 14-Jan-2022,317.6,317.0,321.65,311.6, 315.00,314.85,315.93,913019,2884.5,20304, 527122, 57.73,-0.87
KNRCON, EQ, 14-Jan-2025,315.3,317.45,323.45,313.85,320.4,320.4,319.43,545213,1741.57,22936, 189612, 34.78,1.62
KNRCON, EQ, 14-Feb-2020,281.6,278.0,281.95,258.1, 279.00,276.6,274.0,414513,1135.76,7910, 210332, 50.74,-1.78
KNRCON, EQ, 14-Feb-2022,311.7,312.0,312.45,295.0,298.5,303.85,303.18,939512,2848.43,36635, 286957, 30.54,-2.52
KNRCON, EQ, 14-Feb-2023,260.95,261.45,261.95,255.85,256.2,258.15,258.33,243390,628.76,6241, 184494, 75.80,-1.07
KNRCON, EQ, 14-Feb-2024,259.9,258.45,274.8,257.5, 271.00,270.7,267.71,773485,2070.72,16497, 387305, 50.07,4.16
KNRCON, EQ, 14-Feb-2025,260.5,260.45,264.05,245.0,246.5,246.6,251.29,1512289,3800.27,44079, 580337, 38.37,-5.34
KNRCON, EQ, 14-Mar-2022,306.9,308.4,311.0,302.35,303.9,304.3,305.25,384850,1174.76,15840, 222258, 57.75,-0.85
KNRCON, EQ, 14-Mar-2023,272.8,280.8,280.8,268.55, 274.20,273.95,274.61,456605,1253.86,10367, 176720, 38.70,0.42
KNRCON, EQ, 14-Mar-2024,245.55,241.6,249.0,240.55, 245.00,245.0,245.27,1243900,3050.86,24919, 542502, 43.61,-0.22
KNRCON, EQ, 14-May-2020,200.3,200.0,201.95,194.0,195.65,196.15,197.13,82760,163.15,3124, 32959, 39.82,-2.07
KNRCON, EQ, 14-May-2021,212.55,216.95,218.5,207.0, 209.75,208.55,212.91,644734,1372.68,14087, 313272, 48.59,-1.88
KNRCON, EQ, 14-May-2024,245.75,245.0,255.9,245.0,253.6,254.5,251.86,431779,1087.49,9837, 232609, 53.87,3.56
KNRCON, EQ, 14-Jun-2021,222.8,222.9,225.6,218.5, 223.50,223.7,221.55,259571,575.09,8818, 117890, 45.42,0.4
KNRCON, EQ, 14-Jun-2022,239.0,239.0,243.0,237.0, 239.90,239.65,238.73,100470,239.85,5997, 45688, 45.47,0.27
KNRCON, EQ, 14-Jun-2023,241.5,240.55,243.0,239.75, 242.35,242.0,241.39,216654,522.98,4623, 85616, 39.52,0.21
KNRCON, EQ, 14-Jun-2024,382.8,385.9,395.8,383.25,387.0,388.7,389.72,1921338,7487.77,24929, 931950, 48.51,1.54
KNRCON, EQ, 14-Jul-2020,207.2,205.0,207.55,201.55,203.8,203.45,204.02,133082,271.51,4786, 46456, 34.91,-1.81
KNRCON, EQ, 14-Jul-2021,244.4,245.0,246.4,240.4, 242.70,242.6,243.25,555784,1351.93,11661, 264116, 47.52,-0.74
KNRCON, EQ, 14-Jul-2022,246.0,246.95,253.25,246.55, 249.00,250.05,250.3,293734,735.22,9851, 140617, 47.87,1.65
KNRCON, EQ, 14-Jul-2023,249.05,249.45,250.95,248.45,249.5,249.5,249.91,635029,1587.02,11787, 489304, 77.05,0.18
KNRCON, EQ, 14-Aug-2020,215.3,216.9,222.8,211.05, 215.90,214.35,218.15,237037,517.11,5433, 113624, 47.94,-0.44
KNRCON, EQ, 14-Aug-2023,253.8,254.9,255.7,244.1, 250.90,251.65,249.55,464138,1158.23,12579, 198158, 42.69,-0.85
KNRCON, EQ, 14-Aug-2024,347.05,350.0,354.95,339.45,342.0,340.7,342.92,1258714,4316.37,48992, 634430, 50.40,-1.83
KNRCON, EQ, 14-Sep-2020,249.95,255.9,273.2,255.5,264.6,265.5,266.25,711244,1893.68,15191, 468706, 65.90,6.22
KNRCON, EQ, 14-Sep-2021,304.05,324.0,324.0,307.0, 311.00,312.35,314.09,2056473,6459.09,43669, 401847, 19.54,2.73
KNRCON, EQ, 14-Sep-2022,251.4,248.0,252.0,246.45,251.45,251.15,249.6,212967,531.56,5128, 99926, 46.92,-0.1
KNRCON, EQ, 14-Sep-2023,269.9,278.4,278.4,269.35, 275.00,275.45,273.88,947333,2594.51,13232, 512995, 54.15,2.06
KNRCON, EQ, 14-Oct-2020,257.25,257.0,257.25,247.6, 249.50,248.65,250.53,49438,123.86,2952, 24420, 49.40,-3.34
KNRCON, EQ, 14-Oct-2021,312.45,314.9,315.35,304.35,305.55,306.45,309.28,1026788,3175.61,14817, 681348, 66.36,-1.92
KNRCON, EQ, 14-Oct-2022,221.9,224.0,224.95,220.5, 221.00,221.75,222.97,76721,171.07,5990, 36698, 47.83,-0.07
KNRCON, EQ, 14-Oct-2024,318.4,318.5,322.95,316.0,318.5,317.45,318.59,312070,994.22,11067, 132267, 42.38,-0.3
KNRCON, EQ, 14-Nov-2022,228.9,229.0,247.0,226.65,243.0,239.3,238.01,888456,2114.62,16032, 276408, 31.11,4.54
KNRCON, EQ, 14-Nov-2024,307.6,309.15,313.9,298.5, 301.50,302.45,305.17,4316639,13172.99,83233, 505546, 11.71,-1.67
KNRCON, EQ, 14-Dec-2020,295.5,299.3,299.65,295.05,295.2,296.35,297.53,82673,245.98,5223, 42718, 51.67,0.29
KNRCON, EQ, 14-Dec-2021,289.05,288.7,296.8,285.85,294.0,293.1,291.81,216387,631.43,8189, 68852, 31.82,1.4
KNRCON, EQ, 14-Dec-2022,266.25,267.0,272.5,265.0, 266.00,267.0,268.94,210453,566.0,7222, 110952, 52.72,0.28
KNRCON, EQ, 14-Dec-2023,277.45,279.1,280.9,272.35, 273.60,273.1,275.16,884090,2432.69,21323, 529324, 59.87,-1.57
KNRCON, EQ, 15-Jan-2020,286.85,286.5,298.0,281.15, 295.50,296.0,292.21,364923,1066.34,10216, 173030, 47.42,3.19
KNRCON, EQ, 15-Jan-2021,369.35,373.9,376.8,358.0,365.9,367.0,370.28,459877,1702.85,10925, 191927, 41.73,-0.64
KNRCON, EQ, 15-Jan-2024,261.85,262.0,263.95,259.5, 260.80,260.8,261.48,694280,1815.39,26889, 422988, 60.92,-0.4
KNRCON, EQ, 15-Jan-2025,320.4,323.25,324.35,316.05,318.3,317.8,319.42,455329,1454.41,17129, 162767, 35.75,-0.81
KNRCON, EQ, 15-Feb-2021,221.85,225.0,227.75,216.25, 220.35,219.0,222.89,738683,1646.46,13610, 318405, 43.10,-1.28
KNRCON, EQ, 15-Feb-2022,303.85,298.15,310.0,292.1,308.0,308.95,301.56,527707,1591.37,22317, 202458, 38.37,1.68
KNRCON, EQ, 15-Feb-2023,258.15,256.2,257.6,253.0, 253.80,253.9,254.73,462428,1177.94,4557, 402107, 86.96,-1.65
KNRCON, EQ, 15-Feb-2024,270.7,271.95,274.5,268.55, 271.40,271.1,271.49,537722,1459.84,11733, 303774, 56.49,0.15
KNRCON, EQ, 15-Mar-2021,211.9,212.0,212.95,207.1, 208.90,208.65,209.05,350183,732.06,8555, 169809, 48.49,-1.53
KNRCON, EQ, 15-Mar-2022,304.3,306.7,308.8,284.3,286.95,287.6,292.89,509793,1493.15,18540, 266184, 52.21,-5.49
KNRCON, EQ, 15-Mar-2023,273.95,275.5,276.45,262.0, 263.50,264.95,271.12,481664,1305.88,5290, 391112, 81.20,-3.29
KNRCON, EQ, 15-Mar-2024,245.0,245.0,247.85,236.75, 240.00,240.4,240.92,1396092,3363.42,23967, 727845, 52.13,-1.88
KNRCON, EQ, 15-Apr-2020,185.2,186.0,200.9,185.35, 194.90,194.25,194.83,160830,313.34,3290, 67242, 41.81,4.89
KNRCON, EQ, 15-Apr-2021,204.8,203.95,209.75,200.75,209.75,206.2,203.77,332582,677.71,8426, 167953, 50.50,0.68
KNRCON, EQ, 15-Apr-2024,263.05,249.0,261.15,249.0, 256.70,255.75,256.07,550046,1408.49,20889, 250484, 45.54,-2.78
KNRCON, EQ, 15-Apr-2025,227.62,230.0,233.69,228.16,232.95,232.17,231.1,689941,1594.46,23596, 284896, 41.29,2.0
KNRCON, EQ, 15-May-2020,196.15,198.75,199.05,193.3,194.5,194.5,195.81,77873,152.49,3343, 34279, 44.02,-0.84
KNRCON, EQ, 15-May-2023,239.9,241.45,248.8,237.2, 248.60,247.95,245.83,690691,1697.92,12494, 295313, 42.76,3.36
KNRCON, EQ, 15-May-2024,254.5,255.7,256.35,252.3,253.5,252.9,253.49,139616,353.91,6720, 76961, 55.12,-0.63
KNRCON, EQ, 15-Jun-2020,196.85,201.0,220.0,201.0,217.0,216.9,213.18,1310041,2792.8,20685, 373305, 28.50,10.19
KNRCON, EQ, 15-Jun-2021,223.7,224.0,229.5,221.55, 226.00,227.0,225.96,489528,1106.15,13902, 171051, 34.94,1.48
KNRCON, EQ, 15-Jun-2022,239.65,239.2,239.75,237.0, 238.75,238.25,238.26,110765,263.91,6396, 55554, 50.15,-0.58
KNRCON, EQ, 15-Jun-2023,242.0,241.1,243.5,236.35, 240.90,240.0,241.74,250731,606.12,5639, 108256, 43.18,-0.83
KNRCON, EQ, 15-Jul-2020,203.45,205.7,208.0,203.05,204.5,204.9,206.13,57790,119.12,2287, 25093, 43.42,0.71
KNRCON, EQ, 15-Jul-2021,242.6,246.0,263.3,245.2, 261.95,260.7,256.23,7513139,19251.0,82587, 2328678, 30.99,7.46
KNRCON, EQ, 15-Jul-2022,250.05,251.35,252.75,246.5,251.0,250.4,250.13,66369,166.01,2804, 26872, 40.49,0.14
KNRCON, EQ, 15-Jul-2024,363.9,365.9,367.0,357.3,361.15,360.8,360.71,751473,2710.64,23642, 328410, 43.70,-0.85
KNRCON, EQ, 15-Sep-2020,265.5,267.05,267.7,260.0, 263.00,263.2,263.21,94056,247.57,3451, 39355, 41.84,-0.87
KNRCON, EQ, 15-Sep-2021,312.35,314.65,322.0,307.55, 312.95,312.95,315.03,2179473,6865.9,45520, 626484, 28.74,0.19
KNRCON, EQ, 15-Sep-2022,251.15,250.0,255.45,245.0,251.0,251.1,251.0,207036,519.66,5923, 83749, 40.45,-0.02
KNRCON, EQ, 15-Sep-2023,275.45,278.65,280.6,275.0, 276.00,276.15,277.31,621910,1724.64,9931, 374597, 60.23,0.25
KNRCON, EQ, 15-Oct-2020,248.65,248.1,254.3,243.85, 245.00,245.1,247.17,34169,84.45,2048, 18803, 55.03,-1.43
KNRCON, EQ, 15-Oct-2024,317.45,318.45,330.0,318.45,328.8,328.9,325.61,784565,2554.61,24471, 329606, 42.01,3.61
KNRCON, EQ, 15-Nov-2021,284.75,285.0,287.35,279.9, 285.00,282.1,283.56,355356,1007.64,9523, 139234, 39.18,-0.93
KNRCON, EQ, 15-Nov-2022,239.3,244.0,244.75,235.0, 238.80,238.75,239.31,310289,742.56,8744, 116385, 37.51,-0.23
KNRCON, EQ, 15-Nov-2023,263.0,269.05,269.2,262.2, 263.40,263.25,263.91,613322,1618.63,12471, 338830, 55.25,0.1
KNRCON, EQ, 15-Dec-2020,296.35,318.0,318.0,310.35,311.1,312.1,314.38,1646895,5177.48,35627, 519449, 31.54,5.31
KNRCON, EQ, 15-Dec-2021,293.1,294.5,299.0,287.6, 289.80,290.6,294.59,390405,1150.09,15217, 136434, 34.95,-0.85
KNRCON, EQ, 15-Dec-2022,267.0,269.55,269.55,262.6, 263.10,265.05,266.72,106651,284.46,3959, 51412, 48.21,-0.73
KNRCON, EQ, 15-Dec-2023,273.1,276.2,277.0,268.55, 269.80,269.85,271.19,1111401,3014.02,21773, 669290, 60.22,-1.19
KNRCON, EQ, 16-Jan-2020,296.0,297.0,304.15,292.5, 295.00,294.35,298.84,261544,781.61,9303, 119115, 45.54,-0.56
KNRCON, EQ, 16-Jan-2023,262.3,263.85,271.9,262.55, 268.20,268.75,267.4,1049867,2807.31,14519, 611703, 58.26,2.46
KNRCON, EQ, 16-Jan-2024,260.8,261.95,263.0,257.5, 259.45,259.75,261.09,1171006,3057.34,20942, 769951, 65.75,-0.4
KNRCON, EQ, 16-Jan-2025,317.8,322.0,326.7,319.6,321.9,320.45,322.6,355187,1145.83,17639, 160847, 45.29,0.83
KNRCON, EQ, 16-Feb-2021,219.0,221.7,224.7,216.65, 220.00,220.05,219.79,633216,1391.72,14459, 282680, 44.64,0.48
KNRCON, EQ, 16-Feb-2022,308.95,312.0,312.45,304.1,305.95,307.05,309.31,443826,1372.82,21775, 215978, 48.66,-0.61
KNRCON, EQ, 16-Feb-2023,253.9,253.9,261.4,253.4, 254.00,254.35,255.53,120297,307.4,5561, 54310, 45.15,0.18
KNRCON, EQ, 16-Feb-2024,271.1,271.95,273.55,269.6,270.4,270.15,270.94,527889,1430.27,12505, 342046, 64.80,-0.35
KNRCON, EQ, 16-Mar-2020,235.8,221.0,239.45,217.2, 235.00,234.5,229.41,126347,289.86,3970, 61921, 49.01,-0.55
KNRCON, EQ, 16-Mar-2021,208.65,209.7,210.8,206.0, 207.50,207.1,208.04,343931,715.52,8363, 179335, 52.14,-0.74
KNRCON, EQ, 16-Mar-2022,287.6,290.95,294.5,284.6,288.0,286.05,289.48,863470,2499.54,31910, 481326, 55.74,-0.54
KNRCON, EQ, 16-Mar-2023,264.95,263.0,263.15,256.1, 259.30,259.2,260.3,390710,1017.01,7100, 264384, 67.67,-2.17
KNRCON, EQ, 16-Apr-2020,194.25,195.0,217.9,194.95, 203.35,205.25,210.33,628449,1321.82,15978, 198799, 31.63,5.66
KNRCON, EQ, 16-Apr-2021,206.2,206.0,208.9,202.5,203.65,204.05,206.25,308498,636.27,11572, 180282, 58.44,-1.04
KNRCON, EQ, 16-Apr-2024,255.75,253.95,263.9,253.45, 261.95,261.3,260.62,383674,999.93,13789, 183745, 47.89,2.17
KNRCON, EQ, 16-Apr-2025,232.17,233.4,233.99,227.5,228.3,228.15,229.48,1047807,2404.46,45239, 535291, 51.09,-1.73
KNRCON, EQ, 16-May-2022,230.1,230.0,243.65,229.85,242.95,237.2,233.67,163348,381.69,9083, 87827, 53.77,3.09
KNRCON, EQ, 16-May-2023,247.95,249.3,249.7,245.0,247.4,246.0,247.61,205474,508.77,5213, 115145, 56.04,-0.79
KNRCON, EQ, 16-May-2024,252.9,253.5,256.7,253.0,255.8,255.25,254.66,188524,480.1,7053, 92050, 48.83,0.93
KNRCON, EQ, 16-Jun-2020,216.9,221.0,226.0,215.0, 216.65,216.9,220.53,545449,1202.86,9979, 209437, 38.40,0.0
KNRCON, EQ, 16-Jun-2021,227.0,229.35,229.6,219.0, 223.00,224.2,223.16,741175,1653.98,13940, 350578, 47.30,-1.23
KNRCON, EQ, 16-Jun-2022,238.25,241.3,241.4,225.7, 229.85,231.4,232.34,315969,734.11,20793, 167896, 53.14,-2.88
KNRCON, EQ, 16-Jun-2023,240.0,242.7,243.0,239.55, 241.20,241.2,241.33,203570,491.27,5175, 84789, 41.65,0.5
KNRCON, EQ, 16-Jul-2020,204.9,206.45,226.6,205.3, 209.45,209.15,209.43,175093,366.7,5060, 56078, 32.03,2.07
KNRCON, EQ, 16-Jul-2021,260.7,262.9,264.75,252.35, 256.90,255.9,257.94,1404663,3623.16,22858, 537667, 38.28,-1.84
KNRCON, EQ, 16-Jul-2024,360.8,360.9,366.0,357.7,360.0,358.65,361.87,630352,2281.06,21704, 281757, 44.70,-0.6
KNRCON, EQ, 16-Aug-2021,285.8,287.05,302.8,286.3,295.7,297.3,291.69,5670538,16540.5,53071, 3224921, 56.87,4.02
KNRCON, EQ, 16-Aug-2022,260.15,260.4,266.0,258.0,261.1,260.75,261.48,243094,635.64,7372, 171078, 70.38,0.23
KNRCON, EQ, 16-Aug-2023,251.65,253.95,255.8,242.0, 242.70,242.6,247.07,536948,1326.65,11962, 226868, 42.25,-3.6
KNRCON, EQ, 16-Aug-2024,340.7,350.0,356.4,338.2,341.0,340.2,345.14,2766454,9548.25,59386, 892731, 32.27,-0.15
KNRCON, EQ, 16-Sep-2020,263.2,264.4,269.0,257.55,264.65,265.1,263.5,82982,218.65,2634, 43807, 52.79,0.72
KNRCON, EQ, 16-Sep-2021,312.95,315.8,317.6,307.9,308.9,309.1,310.13,1130157,3505.01,27430, 610071, 53.98,-1.23
KNRCON, EQ, 16-Sep-2022,251.1,248.05,252.5,242.0, 245.00,245.2,248.33,125237,311.0,4341, 51498, 41.12,-2.35
KNRCON, EQ, 16-Sep-2024,352.95,354.25,354.9,344.4,345.05,345.55,347.04,557460,1934.64,19217, 246535, 44.22,-2.1
KNRCON, EQ, 16-Oct-2020,245.1,243.35,249.35,241.0, 244.75,245.25,244.27,42858,104.69,2394, 23715, 55.33,0.06
KNRCON, EQ, 16-Oct-2023,279.85,279.85,281.5,275.1, 277.50,276.8,276.69,664596,1838.87,21617, 410866, 61.82,-1.09
KNRCON, EQ, 16-Oct-2024,328.9,328.75,331.55,322.55,324.5,323.9,325.52,378564,1232.31,14581, 165745, 43.78,-1.52
KNRCON, EQ, 16-Nov-2021,282.1,284.95,302.3,282.6, 297.00,297.1,291.34,1446887,4215.33,55672, 715969, 49.48,5.32
KNRCON, EQ, 16-Nov-2022,238.75,238.0,246.9,235.8, 244.60,245.65,243.35,362770,882.8,11513, 188911, 52.07,2.89
KNRCON, EQ, 16-Nov-2023,263.25,264.3,284.75,264.3, 282.95,283.15,278.52,5431112,15126.51,63465, 1482308, 27.29,7.56
KNRCON, EQ, 16-Dec-2020,312.1,314.0,318.0,312.95, 315.60,315.4,315.39,330787,1043.26,7983, 129250, 39.07,1.06
KNRCON, EQ, 16-Dec-2021,290.6,291.2,293.1,280.25, 289.10,289.05,286.97,425553,1221.19,24209, 133677, 31.41,-0.53
KNRCON, EQ, 16-Dec-2022,265.05,264.0,264.2,255.05, 255.10,256.15,259.5,235472,611.06,7602, 131874, 56.00,-3.36
KNRCON, EQ, 16-Dec-2024,339.5,354.0,358.85,346.0,346.3,347.65,350.52,2872479,10068.58,59853, 938087, 32.66,2.4
KNRCON, EQ, 17-Jan-2020,294.35,294.85,301.0,294.5, 297.00,297.2,297.01,192065,570.45,6651, 95492, 49.72,0.97
KNRCON, EQ, 17-Jan-2022,314.85,315.8,319.0,313.2,314.9,314.3,315.88,404601,1278.04,9270, 208897, 51.63,-0.17
KNRCON, EQ, 17-Jan-2023,268.75,268.75,274.4,266.6,269.4,268.75,270.33,480979,1300.23,10794, 185919, 38.65,0.0
KNRCON, EQ, 17-Jan-2024,259.75,257.8,258.3,255.5, 256.00,256.6,256.69,605568,1554.44,17381, 346586, 57.23,-1.21
KNRCON, EQ, 17-Jan-2025,320.45,321.7,328.2,318.45,319.6,319.95,321.54,619528,1992.04,20807, 290166, 46.84,-0.16
KNRCON, EQ, 17-Feb-2020,276.6,283.7,285.0,279.0, 282.50,282.8,282.14,108327,305.63,3277, 57929, 53.48,2.24
KNRCON, EQ, 17-Feb-2021,220.05,220.8,222.55,217.25, 218.95,218.95,219.3,600566,1317.06,11169, 241902, 40.28,-0.5
KNRCON, EQ, 17-Feb-2022,307.05,309.95,311.9,306.35,310.85,310.85,310.66,463294,1439.27,15844, 260506, 56.23,1.24
KNRCON, EQ, 17-Feb-2023,254.35,255.8,256.6,253.45, 255.20,255.9,254.9,73693,187.84,3403, 37229, 50.52,0.61
KNRCON, EQ, 17-Feb-2025,246.6,245.0,246.0,235.9,242.85,242.1,240.73,1408706,3391.17,46372, 439847, 31.22,-1.82
KNRCON, EQ, 17-Mar-2020,234.5,230.0,234.6,223.1, 232.45,232.0,230.49,153932,354.8,4310, 70756, 45.97,-1.07
KNRCON, EQ, 17-Mar-2021,207.1,208.5,209.95,204.25,205.95,205.3,207.27,295014,611.48,6974, 168773, 57.21,-0.87
KNRCON, EQ, 17-Mar-2022,286.05,290.5,291.5,267.6, 280.45,283.2,283.49,3685319,10447.37,34006, 3013460, 81.77,-1.0
KNRCON, EQ, 17-Mar-2023,259.2,261.7,264.6,257.1, 258.90,258.35,261.49,216507,566.14,6808, 60677, 28.03,-0.33
KNRCON, EQ, 17-Mar-2025,208.53,206.5,211.0,205.2,205.77,206.22,207.55,694023,1440.43,24044, 328271, 47.30,-1.11
KNRCON, EQ, 17-Apr-2020,205.25,233.1,240.0,215.1, 221.00,221.5,227.96,910533,2075.65,19518, 178901, 19.65,7.92
KNRCON, EQ, 17-Apr-2023,243.9,243.95,244.95,241.6, 243.25,243.4,243.39,106186,258.45,4595, 48855, 46.01,-0.21
KNRCON, EQ, 17-Apr-2025,228.15,229.5,231.0,225.55,227.4,226.61,227.53,1036997,2359.48,33814, 523478, 50.48,-0.67
KNRCON, EQ, 17-May-2021,208.55,209.55,214.7,209.1,213.0,213.45,212.32,529732,1124.72,9914, 210516, 39.74,2.35
KNRCON, EQ, 17-May-2022,237.2,237.2,242.15,236.5, 238.00,238.2,239.0,125967,301.07,7114, 57979, 46.03,0.42
KNRCON, EQ, 17-May-2023,246.0,246.0,247.9,240.9, 242.10,241.45,243.31,156668,381.19,6678, 94941, 60.60,-1.85
KNRCON, EQ, 17-May-2024,255.25,256.25,258.8,255.6,257.0,257.75,257.24,256836,660.68,8781, 132337, 51.53,0.98
KNRCON, EQ, 17-Jun-2020,216.9,215.1,222.0,215.1,217.7,217.8,218.02,356143,776.46,5955, 204178, 57.33,0.41
KNRCON, EQ, 17-Jun-2021,224.2,224.65,227.7,220.1, 226.50,226.25,224.06,600730,1346.01,20600, 236972, 39.45,0.91
KNRCON, EQ, 17-Jun-2022,231.4,229.0,229.95,223.3,226.95,225.8,226.12,156692,354.32,11426, 63113, 40.28,-2.42
KNRCON, EQ, 17-Jul-2020,209.15,210.85,211.9,206.35, 209.85,208.95,210.0,90128,189.27,9194, 41399, 45.93,-0.1
KNRCON, EQ, 17-Jul-2023,249.5,251.65,252.75,244.65,247.8,247.05,248.02,378460,938.65,8051, 235643, 62.26,-0.98
KNRCON, EQ, 16-Jul-2024,360.8,360.9,366.0,357.7,360.0,358.65,361.87,630352,2281.06,21704, 281757, 44.70,-0.6
KNRCON, EQ, 17-Aug-2020,214.35,219.0,228.9,215.4, 227.85,227.35,224.9,607454,1366.19,10396, 205844, 33.89,6.06
KNRCON, EQ, 17-Aug-2021,297.3,297.0,307.9,290.5,301.85,302.75,302.71,2482739,7515.45,34377, 1094772, 44.10,1.83
KNRCON, EQ, 17-Aug-2022,260.75,262.15,263.95,258.75, 259.10,259.9,260.91,255555,666.77,9623, 139289, 54.50,-0.33
KNRCON, EQ, 17-Aug-2023,242.6,243.95,246.0,242.3, 244.50,244.9,244.43,293475,717.35,8443, 149868, 51.07,0.95
KNRCON, EQ, 17-Sep-2020,265.1,268.45,269.5,263.3, 265.95,264.7,266.43,282225,751.93,5934, 180196, 63.85,-0.15
KNRCON, EQ, 17-Sep-2021,309.1,311.0,311.95,296.0, 302.45,301.55,301.13,1328969,4001.87,29387, 555680, 41.81,-2.44
KNRCON, EQ, 17-Sep-2024,345.55,344.1,344.2,335.4,337.8,336.35,338.03,715010,2416.98,23093, 357867, 50.05,-2.66
KNRCON, EQ, 17-Oct-2022,221.75,224.35,224.4,217.6,220.0,219.95,220.0,192868,424.31,8740, 114782, 59.51,-0.81
KNRCON, EQ, 17-Oct-2023,276.8,277.95,281.5,274.25,277.5,276.2,277.19,712345,1974.53,10950, 445109, 62.49,-0.22
KNRCON, EQ, 17-Oct-2024,323.9,323.75,324.75,315.0,317.0,315.8,317.69,390607,1240.9,14314, 211277, 54.09,-2.5
KNRCON, EQ, 17-Nov-2020,256.65,260.0,267.25,258.0, 261.75,260.7,263.06,188968,497.09,6213, 85364, 45.17,1.58
KNRCON, EQ, 17-Nov-2021,297.1,299.5,302.5,288.5, 289.95,291.7,295.35,465598,1375.16,16736, 148942, 31.99,-1.82
KNRCON, EQ, 17-Nov-2022,245.65,245.0,249.35,240.25, 248.00,246.8,245.61,182137,447.34,8387, 73872, 40.56,0.47
KNRCON, EQ, 17-Nov-2023,283.15,282.85,286.0,278.7, 281.95,281.75,281.95,1212522,3418.65,29254, 561996, 46.35,-0.49
KNRCON, EQ, 17-Dec-2020,315.4,318.0,325.0,315.35, 318.00,318.2,320.87,709037,2275.09,15276, 270586, 38.16,0.89
KNRCON, EQ, 17-Dec-2021,289.05,290.4,292.65,282.1, 290.95,289.65,288.18,269890,777.76,12692, 110229, 40.84,0.21
KNRCON, EQ, 17-Dec-2024,347.65,348.0,351.5,344.05,345.0,345.75,347.32,625815,2173.57,24819, 298436, 47.69,-0.55
KNRCON, EQ, 18-Jan-2021,367.0,367.5,370.25,350.5, 355.00,354.8,357.98,444364,1590.74,19496, 224892, 50.61,-3.32
KNRCON, EQ, 18-Jan-2022,314.3,315.9,318.5,310.5, 313.50,312.1,314.56,393269,1237.05,12711, 169196, 43.02,-0.7
KNRCON, EQ, 18-Jan-2023,268.75,269.9,269.9,261.35,263.85,263.8,266.0,179349,477.07,5334, 85504, 47.67,-1.84
KNRCON, EQ, 18-Jan-2024,256.6,255.95,262.0,248.75, 257.80,257.4,253.71,2483992,6302.21,20837, 1803966, 72.62,0.31
KNRCON, EQ, 18-Feb-2020,282.8,283.05,286.55,265.8, 286.50,285.6,279.03,129961,362.63,3214, 72841, 56.05,0.99
KNRCON, EQ, 18-Feb-2021,218.95,218.95,221.1,215.2,219.0,217.15,217.8,795250,1732.07,14619, 269359, 33.87,-0.82
KNRCON, EQ, 18-Feb-2022,310.85,307.55,315.0,307.55,313.4,313.15,313.36,454959,1425.64,18433, 200463, 44.06,0.74
KNRCON, EQ, 18-Feb-2025,242.1,243.0,244.95,232.0,234.0,234.5,236.48,1066682,2522.46,29563, 495174, 46.42,-3.14
KNRCON, EQ, 18-Mar-2020,232.0,232.0,234.95,217.25, 225.00,225.1,223.3,305547,682.29,3564, 246952, 80.82,-2.97
KNRCON, EQ, 18-Mar-2021,205.3,206.1,208.9,205.4, 207.00,206.95,206.89,560660,1159.95,15121, 364593, 65.03,0.8
KNRCON, EQ, 18-Mar-2024,240.4,241.7,246.0,236.8, 238.65,238.4,240.2,701676,1685.42,17270, 344452, 49.09,-0.83
KNRCON, EQ, 18-Mar-2025,206.22,208.0,220.69,208.0,218.0,217.92,215.44,1838795,3961.54,40237, 534830, 29.09,5.67
KNRCON, EQ, 18-Apr-2022,286.55,283.7,283.7,277.0, 278.60,277.7,279.56,183809,513.85,6561, 105231, 57.25,-3.09
KNRCON, EQ, 18-Apr-2023,243.4,244.0,244.95,239.2, 240.90,240.6,240.69,319113,768.06,10801, 152720, 47.86,-1.15
KNRCON, EQ, 18-Apr-2024,261.3,263.0,265.65,259.5, 262.00,261.1,261.9,576765,1510.57,17573, 290824, 50.42,-0.08
KNRCON, EQ, 18-May-2020,194.5,205.0,206.9,191.3, 193.30,194.85,199.19,655964,1306.63,13194, 130078, 19.83,0.18
KNRCON, EQ, 18-May-2021,213.45,213.95,216.5,213.45, 215.30,215.3,215.33,398083,857.17,7516, 233904, 58.76,0.87
KNRCON, EQ, 18-May-2022,238.2,239.7,240.55,235.7,237.0,236.95,238.19,164719,392.34,8215, 73576, 44.67,-0.52
KNRCON, EQ, 18-May-2023,241.45,242.9,244.5,240.6, 240.85,241.05,242.7,104497,253.62,2583, 54109, 51.78,-0.17
KNRCON, EQ, 18-Jun-2020,217.8,220.0,224.95,218.0,218.6,219.45,220.95,649675,1435.47,8730, 291151, 44.81,0.76
KNRCON, EQ, 18-Jun-2021,226.25,229.0,229.0,216.2, 223.00,223.0,223.1,6094363,13596.53,21392, 5168847, 84.81,-1.44
KNRCON, EQ, 18-Jun-2024,388.7,392.5,394.7,370.0,373.55,372.05,377.02,2807291,10584.08,38571, 1468447, 52.31,-4.28
KNRCON, EQ, 18-Jul-2022,250.4,256.0,260.95,250.0,252.9,251.7,255.53,281606,719.59,7849, 61960, 22.00,0.52
KNRCON, EQ, 18-Jul-2023,247.05,247.55,248.2,241.6, 243.20,242.75,244.18,463276,1131.21,11544, 288436, 62.26,-1.74
KNRCON, EQ, 18-Jul-2024,358.65,359.6,368.75,351.0,353.0,351.8,356.85,1107870,3953.45,35670, 437208, 39.46,-1.91
KNRCON, EQ, 18-Aug-2020,227.35,228.9,243.45,223.05,241.5,240.05,235.28,1787663,4206.09,25989, 391808, 21.92,5.59
KNRCON, EQ, 18-Aug-2021,302.75,304.8,306.35,295.0, 301.10,302.0,301.04,865765,2606.32,24496, 293572, 33.91,-0.25
KNRCON, EQ, 18-Aug-2022,259.9,263.25,263.25,258.7,259.65,259.6,260.14,150304,391.0,5595, 110687, 73.64,-0.12
KNRCON, EQ, 18-Aug-2023,244.9,246.0,248.4,242.35, 244.75,243.55,246.05,352816,868.11,9871, 201952, 57.24,-0.55
KNRCON, EQ, 18-Sep-2020,264.7,265.2,271.8,263.45, 269.00,269.95,268.74,131191,352.57,4513, 72778, 55.47,1.98
KNRCON, EQ, 18-Sep-2023,276.15,276.35,278.6,273.9, 275.60,274.95,276.18,361854,999.36,11254, 214702, 59.33,-0.43
KNRCON, EQ, 18-Sep-2024,336.35,337.0,340.8,327.05,328.95,328.75,332.17,863363,2867.82,24781, 485204, 56.20,-2.26
KNRCON, EQ, 18-Oct-2021,306.45,308.0,311.85,306.0, 307.00,307.65,309.24,463084,1432.03,24338, 274494, 59.28,0.39
KNRCON, EQ, 18-Oct-2022,219.95,220.0,220.95,217.1,219.5,219.45,219.53,96098,210.96,7610, 50356, 52.40,-0.23
KNRCON, EQ, 18-Oct-2023,276.2,278.4,284.95,277.2, 277.60,278.3,280.06,1646159,4610.24,19197, 930172, 56.51,0.76
KNRCON, EQ, 18-Oct-2024,315.8,313.95,322.0,308.4,315.0,315.1,315.57,589517,1860.34,23757, 207084, 35.13,-0.22
KNRCON, EQ, 18-Nov-2020,260.7,262.7,286.3,261.0, 284.45,280.65,273.41,473320,1294.1,11552, 225909, 47.73,7.65
KNRCON, EQ, 18-Nov-2021,291.7,288.15,291.65,284.0,288.1,287.05,286.68,362818,1040.14,12630, 170118, 46.89,-1.59
KNRCON, EQ, 18-Nov-2022,246.8,248.05,255.0,244.4, 244.40,246.95,250.32,295544,739.8,10467, 98774, 33.42,0.06
KNRCON, EQ, 18-Nov-2024,302.45,302.1,317.6,300.7,315.0,314.0,310.05,2680150,8309.82,61762, 585469, 21.84,3.82
KNRCON, EQ, 18-Dec-2020,318.2,320.0,347.0,317.0, 324.00,326.5,333.91,3520506,11755.2,52351, 817915, 23.23,2.61
KNRCON, EQ, 18-Dec-2023,269.85,270.1,274.4,268.8, 269.80,269.95,270.64,762195,2062.81,15004, 421599, 55.31,0.04
KNRCON, EQ, 18-Dec-2024,345.75,347.3,347.35,337.1,339.55,339.45,341.35,574467,1960.95,22077, 228779, 39.82,-1.82
KNRCON, EQ, 19-Jan-2021,354.8,358.6,368.8,358.55, 361.10,361.6,363.37,146319,531.68,6311, 58589, 40.04,1.92
KNRCON, EQ, 19-Jan-2022,312.1,311.0,315.85,308.05, 308.90,309.85,311.75,366453,1142.43,9367, 176438, 48.15,-0.72
KNRCON, EQ, 19-Jan-2023,263.8,262.05,266.75,260.5, 261.50,261.3,263.26,136834,360.23,4251, 62921, 45.98,-0.95
KNRCON, EQ, 19-Jan-2024,257.4,259.05,264.65,259.0, 261.00,261.85,262.2,1675976,4394.39,26577, 1011517, 60.35,1.73
KNRCON, EQ, 19-Feb-2020,285.6,287.4,289.9,281.35, 281.35,284.7,284.8,62865,179.04,2064, 38680, 61.53,-0.32
KNRCON, EQ, 19-Feb-2021,217.15,218.4,219.65,212.0,213.0,213.25,215.25,640007,1377.63,13009, 303183, 47.37,-1.8
KNRCON, EQ, 19-Feb-2024,270.15,271.0,284.0,270.35, 276.20,275.8,276.45,1398098,3865.05,17275, 697235, 49.87,2.09
KNRCON, EQ, 19-Feb-2025,234.5,234.1,240.55,232.0,237.65,237.25,237.6,1016614,2415.43,33663, 374413, 36.83,1.17
KNRCON, EQ, 19-Mar-2020,225.1,220.0,225.0,200.0, 216.00,215.95,213.5,144441,308.38,5358, 82570, 57.17,-4.06
KNRCON, EQ, 19-Mar-2021,206.95,203.0,209.0,193.15,207.5,205.55,200.68,552094,1107.95,15054, 227490, 41.20,-0.68
KNRCON, EQ, 19-Mar-2024,238.4,239.45,241.75,237.65, 240.40,240.05,239.93,489465,1174.39,11243, 251961, 51.48,0.69
KNRCON, EQ, 19-Mar-2025,217.92,219.05,249.8,219.05,236.0,243.26,237.13,5834075,13834.43,110146, 1159433, 19.87,11.63
KNRCON, EQ, 19-Apr-2021,204.05,196.0,206.4,193.95,203.05,203.25,200.91,478763,961.88,12339, 188390, 39.35,-0.39
KNRCON, EQ, 19-Apr-2022,277.7,278.65,280.75,275.0,275.0,277.1,278.11,213750,594.46,3511, 152322, 71.26,-0.22
KNRCON, EQ, 19-Apr-2023,240.6,241.0,242.4,235.1, 235.45,235.7,237.86,291170,692.57,10474, 154500, 53.06,-2.04
KNRCON, EQ, 19-Apr-2024,261.1,256.05,259.0,253.2, 256.00,255.7,256.28,355547,911.21,10557, 145057, 40.80,-2.07
KNRCON, EQ, 19-May-2020,194.85,197.0,199.2,188.0,189.0,188.55,191.46,145397,278.38,3768, 54706, 37.63,-3.23
KNRCON, EQ, 19-May-2021,215.3,217.0,217.75,209.15, 216.10,216.35,214.32,462124,990.42,9273, 251469, 54.42,0.49
KNRCON, EQ, 19-May-2022,236.95,234.25,235.45,228.9,231.5,230.35,231.85,81994,190.1,6118, 45772, 55.82,-2.79
KNRCON, EQ, 19-May-2023,241.05,242.3,243.0,239.0,240.7,240.6,240.83,251717,606.21,3538, 168572, 66.97,-0.19
KNRCON, EQ, 19-Jun-2020,219.45,221.0,224.7,220.0, 221.90,221.75,221.57,261025,578.36,4303, 155884, 59.72,1.05
KNRCON, EQ, 19-Jun-2023,241.2,243.5,250.5,241.95, 245.30,245.9,247.26,1210381,2992.78,14933, 904079, 74.69,1.95
KNRCON, EQ, 19-Jun-2024,372.05,371.1,375.25,350.0,359.85,358.15,354.55,8589674,30454.58,35509, 5675907, 66.08,-3.74
KNRCON, EQ, 19-Jul-2021,255.9,251.0,265.0,249.25, 262.85,262.75,259.59,1526546,3962.71,59986, 565894, 37.07,2.68
KNRCON, EQ, 19-Jul-2022,251.7,249.0,254.5,246.35, 252.15,253.45,249.4,211653,527.86,5625, 125497, 59.29,0.7
KNRCON, EQ, 19-Jul-2023,242.75,242.5,246.7,242.5, 245.05,245.2,245.05,151326,370.82,4122, 77170, 51.00,1.01
KNRCON, EQ, 19-Jul-2024,351.8,350.05,353.4,342.05,344.6,343.8,346.28,929091,3217.25,31497, 342394, 36.85,-2.27
KNRCON, EQ, 19-Aug-2020,240.05,243.4,258.5,243.4,258.5,257.1,252.0,807856,2035.82,14983, 274515, 33.98,7.1
KNRCON, EQ, 18-Aug-2021,302.75,304.8,306.35,295.0, 301.10,302.0,301.04,865765,2606.32,24496, 293572, 33.91,-0.25
KNRCON, EQ, 19-Aug-2022,259.6,260.0,260.75,254.6, 255.00,255.55,257.95,81197,209.44,3484, 53014, 65.29,-1.56
KNRCON, EQ, 19-Aug-2024,340.2,343.0,349.8,338.5,342.85,342.35,342.03,1069622,3658.44,36070, 448184, 41.90,0.63
KNRCON, EQ, 19-Sep-2022,245.2,244.0,245.75,238.95, 241.70,240.3,241.38,380882,919.39,6457, 263071, 69.07,-2.0
KNRCON, EQ, 19-Sep-2024,328.75,331.0,335.55,316.95,320.0,319.8,323.99,951142,3081.62,33354, 486992, 51.20,-2.72
KNRCON, EQ, 19-Oct-2020,245.25,248.7,248.7,238.0, 242.00,239.85,242.51,58285,141.35,2952, 29630, 50.84,-2.2
KNRCON, EQ, 19-Oct-2021,307.65,307.65,312.5,297.7,298.05,301.9,305.65,607054,1855.47,15817, 304097, 50.09,-1.87
KNRCON, EQ, 19-Oct-2022,219.45,219.0,220.1,216.3, 216.50,217.45,218.47,119199,260.41,6473, 60376, 50.65,-0.91
KNRCON, EQ, 19-Oct-2023,278.3,277.95,278.1,271.5,273.4,272.75,273.46,975074,2666.46,16481, 639830, 65.62,-1.99
KNRCON, EQ, 19-Nov-2020,280.65,282.95,295.0,282.7, 292.00,289.3,290.28,740822,2150.49,14907, 327109, 44.15,3.08
KNRCON, EQ, 19-Nov-2024,314.0,316.35,321.8,308.1,309.95,311.85,316.9,1505471,4770.86,33948, 399758, 26.55,-0.68
KNRCON, EQ, 19-Dec-2022,256.15,255.0,265.0,253.65,258.5,258.45,260.59,250479,652.71,9051, 97421, 38.89,0.9
KNRCON, EQ, 19-Dec-2023,269.95,271.3,271.3,265.3, 266.95,266.7,267.67,835952,2237.58,16939, 565492, 67.65,-1.2
KNRCON, EQ, 19-Dec-2024,339.45,330.0,336.9,325.55,336.6,335.95,333.11,559489,1863.74,24376, 208035, 37.18,-1.03
KNRCON, EQ, 20-Jan-2020,297.2,298.5,303.0,295.0, 296.05,296.25,297.9,172316,513.33,4429, 102651, 59.57,-0.32
KNRCON, EQ, 20-Jan-2021,361.6,365.6,372.0,360.25, 364.90,364.9,365.5,173508,634.17,5499, 77438, 44.63,0.91
KNRCON, EQ, 20-Jan-2022,309.85,310.6,317.75,309.0, 313.50,310.85,312.78,393528,1230.88,9912, 185040, 47.02,0.32
KNRCON, EQ, 20-Jan-2023,261.3,261.4,264.9,260.6,261.0,261.7,262.8,99038,260.27,3726, 37763, 38.13,0.15
KNRCON, EQ, 20-Jan-2025,319.95,321.95,324.0,318.6,320.0,319.95,320.3,503250,1611.89,23818, 268121, 53.28,0.0
KNRCON, EQ, 20-Feb-2020,284.7,283.0,283.8,278.55, 280.75,280.05,280.86,63101,177.22,1945, 30406, 48.19,-1.63
KNRCON, EQ, 20-Feb-2023,255.9,256.85,258.4,252.65, 252.65,254.5,255.47,92032,235.11,4657, 39135, 42.52,-0.55
KNRCON, EQ, 20-Feb-2024,275.8,277.75,279.4,269.2, 271.00,270.7,273.54,511557,1399.33,15187, 263337, 51.48,-1.85
KNRCON, EQ, 20-Feb-2025,237.25,236.35,240.0,233.5,238.0,237.8,237.43,840708,1996.13,26114, 329043, 39.14,0.23
KNRCON, EQ, 20-Mar-2020,215.95,217.15,225.0,207.8, 224.50,221.85,219.26,84813,185.96,3023, 47357, 55.84,2.73
KNRCON, EQ, 20-Mar-2023,258.35,259.65,259.65,253.3,255.1,254.7,255.26,143432,366.13,4469, 102312, 71.33,-1.41
KNRCON, EQ, 20-Mar-2024,240.05,242.0,252.0,240.1, 249.75,250.65,247.24,1154754,2855.02,23220, 426827, 36.96,4.42
KNRCON, EQ, 20-Mar-2025,243.26,241.0,243.0,236.2,238.0,240.35,239.46,1801012,4312.67,42929, 565829, 31.42,-1.2
KNRCON, EQ, 20-Apr-2020,221.5,222.0,228.8,212.75, 226.75,226.0,220.81,402902,889.64,8091, 262756, 65.22,2.03
KNRCON, EQ, 20-Apr-2021,203.25,203.45,205.45,200.0,200.7,201.8,203.41,250734,510.02,7262, 126690, 50.53,-0.71
KNRCON, EQ, 20-Apr-2022,277.1,278.4,279.95,272.05, 276.00,273.85,275.04,95898,263.76,5585, 43449, 45.31,-1.17
KNRCON, EQ, 20-Apr-2023,235.7,235.75,239.25,232.4, 235.00,234.55,235.58,451449,1063.53,15865, 245519, 54.38,-0.49
KNRCON, EQ, 20-May-2020,188.55,188.55,198.0,186.3, 196.00,196.75,192.91,132420,255.45,4247, 57680, 43.56,4.35
KNRCON, EQ, 20-May-2021,216.35,218.0,222.0,210.35, 216.25,215.75,218.82,1828159,4000.36,23959, 521217, 28.51,-0.28
KNRCON, EQ, 20-May-2022,230.35,232.85,237.95,231.55, 233.00,233.45,233.48,124160,289.89,8207, 57904, 46.64,1.35
KNRCON, EQ, 18-May-2024,257.75,258.45,261.9,257.0,260.0,259.45,259.43,75063,194.74,2214, 55354, 73.74,0.66
KNRCON, EQ, 20-Jun-2022,225.8,226.0,227.25,215.0,215.4,215.8,220.09,296975,653.61,10213, 175884, 59.23,-4.43
KNRCON, EQ, 20-Jun-2023,245.9,247.0,247.4,242.5, 242.80,242.8,244.06,462650,1129.15,8546, 346897, 74.98,-1.26
KNRCON, EQ, 20-Jun-2024,358.15,361.4,366.7,355.45,360.25,359.55,360.65,1116763,4027.63,16508, 548472, 49.11,0.39
KNRCON, EQ, 20-Jul-2020,208.95,209.0,220.0,209.0, 212.15,212.5,213.2,138171,294.58,13411, 74744, 54.10,1.7
KNRCON, EQ, 20-Jul-2021,262.75,263.9,269.5,255.0, 263.00,263.1,262.61,2455758,6448.98,96280, 1274937, 51.92,0.13
KNRCON, EQ, 20-Jul-2022,253.45,254.1,255.0,250.0, 250.50,250.9,252.23,111201,280.48,2888, 51791, 46.57,-1.01
KNRCON, EQ, 20-Jul-2023,245.2,245.0,246.45,242.6,243.95,243.85,244.65,223796,547.51,5773, 124266, 55.53,-0.55
KNRCON, EQ, 20-Aug-2020,257.1,256.0,264.8,250.0,253.0,251.9,258.17,402864,1040.09,9515, 134219, 33.32,-2.02
KNRCON, EQ, 20-Aug-2021,302.0,302.0,302.0,281.0,290.95,287.45,293.04,766426,2245.9,17696, 286583, 37.39,-4.82
KNRCON, EQ, 20-Aug-2024,342.35,344.35,347.0,330.1,334.95,332.1,334.25,2055771,6871.47,53870, 977954, 47.57,-2.99
KNRCON, EQ, 20-Sep-2021,301.55,301.0,310.65,289.15, 293.50,292.2,301.22,1597632,4812.4,34816, 730329, 45.71,-3.1
KNRCON, EQ, 20-Sep-2022,240.3,242.4,246.0,241.0, 242.00,241.5,242.93,74953,182.08,2595, 36774, 49.06,0.5
KNRCON, EQ, 20-Sep-2023,274.95,274.95,282.7,273.1, 280.90,280.35,280.17,1296388,3632.11,26820, 775492, 59.82,1.96
KNRCON, EQ, 20-Sep-2024,319.8,321.0,326.45,314.75,315.0,316.05,318.7,1463134,4663.08,31184, 1003652, 68.60,-1.17
KNRCON, EQ, 20-Oct-2020,239.85,241.95,248.25,239.5, 246.50,245.9,243.47,45354,110.42,2247, 22155, 48.85,2.52
KNRCON, EQ, 20-Oct-2021,301.9,300.7,306.0,288.0, 301.00,302.55,299.95,743819,2231.09,25892, 293960, 39.52,0.22
KNRCON, EQ, 20-Oct-2022,217.45,216.05,217.9,202.7,205.7,205.15,210.81,567634,1196.63,21725, 339499, 59.81,-5.66
KNRCON, EQ, 20-Oct-2023,272.75,273.9,278.45,272.3, 274.60,274.8,275.67,503241,1387.28,12349, 216969, 43.11,0.75
KNRCON, EQ, 20-Nov-2020,289.3,294.0,297.9,290.55,292.5,292.55,293.32,256389,752.04,5965, 118617, 46.26,1.12
KNRCON, EQ, 20-Nov-2023,281.75,282.6,288.0,279.65, 281.85,281.4,283.15,944707,2674.93,23048, 524927, 55.57,-0.12
KNRCON, EQ, 19-Nov-2024,314.0,316.35,321.8,308.1,309.95,311.85,316.9,1505471,4770.86,33948, 399758, 26.55,-0.68
KNRCON, EQ, 20-Dec-2021,289.65,285.0,287.8,272.9,274.85,276.15,277.79,386888,1074.74,15677, 139213, 35.98,-4.66
KNRCON, EQ, 20-Dec-2022,258.45,261.75,270.5,258.5,267.0,266.85,266.3,680566,1812.33,15935, 256720, 37.72,3.25
KNRCON, EQ, 20-Dec-2023,266.7,268.0,268.8,256.0, 256.90,257.95,262.76,885670,2327.16,29058, 543927, 61.41,-3.28
KNRCON, EQ, 20-Dec-2024,335.95,335.95,339.4,321.1,325.8,325.2,331.25,521527,1727.58,21470, 230317, 44.16,-3.2
KNRCON, EQ, 21-Jan-2020,296.25,294.9,296.0,287.6, 296.00,295.1,291.49,172059,501.53,4624, 96133, 55.87,-0.39
KNRCON, EQ, 21-Jan-2021,364.9,366.0,371.6,360.5, 366.00,362.65,366.09,221905,812.37,6807, 97382, 43.88,-0.62
KNRCON, EQ, 21-Jan-2022,310.85,313.3,321.0,313.05, 315.00,315.05,317.15,1195049,3790.07,29650, 398553, 33.35,1.35
KNRCON, EQ, 21-Jan-2025,319.95,322.0,324.0,312.2,313.25,313.35,316.73,512678,1623.8,21302, 195147, 38.06,-2.06
KNRCON, EQ, 21-Feb-2022,313.15,313.0,319.2,305.85, 317.40,315.95,315.22,761027,2398.92,28283, 315232, 41.42,0.89
KNRCON, EQ, 21-Feb-2023,254.5,255.5,258.2,253.7, 253.70,256.05,255.94,157762,403.78,6355, 70354, 44.60,0.61
KNRCON, EQ, 21-Feb-2024,270.7,271.05,273.1,264.3, 266.70,266.45,266.55,689851,1838.77,14496, 376314, 54.55,-1.57
KNRCON, EQ, 21-Feb-2025,237.8,237.65,240.95,232.0,233.4,233.6,235.53,1003441,2363.36,29330, 412802, 41.14,-1.77
KNRCON, EQ, 21-Mar-2022,283.2,277.0,283.0,274.1,279.25,279.1,279.06,512438,1430.02,16133, 219562, 42.85,-1.45
KNRCON, EQ, 21-Mar-2023,254.7,256.35,259.6,253.1, 254.50,254.3,255.21,85755,218.86,3079, 50060, 58.38,-0.16
KNRCON, EQ, 21-Mar-2024,250.65,252.95,257.75,250.6,255.0,255.35,254.11,751239,1908.94,17228, 396433, 52.77,1.88
KNRCON, EQ, 21-Mar-2025,240.35,240.3,245.9,237.92,242.7,243.44,242.31,1368309,3315.57,37041, 521699, 38.13,1.29
KNRCON, EQ, 21-Apr-2020,226.0,221.0,245.0,213.65,216.8,217.2,230.05,2147041,4939.28,34546, 599354, 27.92,-3.89
KNRCON, EQ, 21-Apr-2022,273.85,275.5,278.8,273.9, 277.35,277.95,276.54,138939,384.23,5968, 79587, 57.28,1.5
KNRCON, EQ, 21-Apr-2023,234.55,234.35,237.6,233.2, 235.50,234.45,234.81,145332,341.26,4212, 58030, 39.93,-0.04
KNRCON, EQ, 21-Apr-2025,226.61,227.74,234.25,224.8,231.55,232.25,230.56,1421646,3277.81,48639, 625849, 44.02,2.49
KNRCON, EQ, 21-May-2020,196.75,196.75,198.7,192.0,192.9,192.6,195.32,70093,136.91,1759, 28937, 41.28,-2.11
KNRCON, EQ, 21-May-2021,215.75,223.0,230.0,218.65, 227.00,227.75,225.75,3215754,7259.46,49707, 1234756, 38.40,5.56
KNRCON, EQ, 21-May-2024,259.45,260.0,263.8,255.0,261.95,261.95,261.53,519185,1357.83,23536, 299582, 57.70,0.96
KNRCON, EQ, 21-Jun-2021,223.0,218.0,225.0,215.0, 222.30,222.45,222.52,422797,940.81,13322, 187375, 44.32,-0.25
KNRCON, EQ, 21-Jun-2022,215.8,216.9,218.6,207.5,217.5,216.95,213.29,827863,1765.74,22664, 451977, 54.60,0.53
KNRCON, EQ, 21-Jun-2023,242.8,244.75,245.2,241.05, 242.15,242.1,243.01,176645,429.26,5364, 104504, 59.16,-0.29
KNRCON, EQ, 21-Jun-2024,359.55,362.95,364.55,348.2,350.0,351.6,356.08,1349654,4805.85,18903, 860752, 63.78,-2.21
KNRCON, EQ, 21-Jul-2020,212.5,213.95,214.75,206.15, 209.50,209.25,209.78,385341,808.38,7515, 132405, 34.36,-1.53
KNRCON, EQ, 21-Jul-2022,250.9,250.95,253.9,247.75,253.0,252.95,250.75,95059,238.36,4032, 52551, 55.28,0.82
KNRCON, EQ, 21-Jul-2023,243.85,244.4,245.65,241.7, 243.00,242.3,243.58,171929,418.78,6060, 99543, 57.90,-0.64
KNRCON, EQ, 21-Aug-2020,251.9,260.0,262.5,256.2, 260.00,260.3,259.81,337477,876.81,7955, 134059, 39.72,3.33
KNRCON, EQ, 21-Aug-2023,243.55,246.3,257.9,245.0, 256.10,255.5,253.68,1128111,2861.77,21681, 472843, 41.91,4.91
KNRCON, EQ, 21-Aug-2024,332.1,329.65,333.6,329.55,332.15,331.85,331.71,1052356,3490.8,34269, 518174, 49.24,-0.08
KNRCON, EQ, 21-Sep-2020,269.95,268.85,269.95,252.4, 259.00,255.75,260.96,83966,219.12,4548, 44009, 52.41,-5.26
KNRCON, EQ, 21-Sep-2021,292.2,292.3,301.5,289.2, 289.95,289.95,293.04,882897,2587.26,20468, 369607, 41.86,-0.77
KNRCON, EQ, 21-Sep-2022,241.5,248.9,251.9,241.65, 246.00,246.0,247.06,285669,705.78,6929, 59750, 20.92,1.86
KNRCON, EQ, 21-Sep-2023,280.35,280.35,283.75,272.0, 273.50,274.15,276.61,577373,1597.08,14583, 288742, 50.01,-2.21
KNRCON, EQ, 21-Oct-2020,245.9,245.0,260.65,245.0, 257.50,258.2,253.56,112053,284.13,6681, 54729, 48.84,5.0
KNRCON, EQ, 21-Oct-2021,302.55,299.8,306.9,298.05, 306.00,305.75,304.02,640791,1948.11,21493, 348388, 54.37,1.06
KNRCON, EQ, 21-Oct-2022,205.15,206.8,219.0,206.8,215.65,214.95,213.44,942769,2012.22,21302, 233058, 24.72,4.78
KNRCON, EQ, 21-Oct-2024,315.1,315.1,316.85,305.55, 305.90,306.35,309.37,466220,1442.33,19698, 222408, 47.70,-2.78
KNRCON, EQ, 21-Nov-2022,246.95,246.85,251.45,235.0, 237.00,238.2,242.04,244933,592.83,14479, 76550, 31.25,-3.54
KNRCON, EQ, 21-Nov-2023,281.4,282.05,299.8,282.05, 299.00,298.45,295.2,6404151,18904.77,76318, 2433120, 37.99,6.06
KNRCON, EQ, 21-Nov-2024,311.85,307.0,314.15,304.0,306.0,305.25,307.97,1022952,3150.44,31321, 318489, 31.13,-2.12
KNRCON, EQ, 21-Dec-2020,326.5,326.5,347.6,311.0, 317.80,316.8,331.92,1416485,4701.54,36896, 503579, 35.55,-2.97
KNRCON, EQ, 21-Dec-2021,276.15,276.9,280.5,275.0,275.25,277.5,277.63,150833,418.76,6849, 58815, 38.99,0.49
KNRCON, EQ, 21-Dec-2022,266.85,267.85,271.05,255.0, 258.35,259.0,263.15,581563,1530.39,10694, 206815, 35.56,-2.94
KNRCON, EQ, 21-Dec-2023,257.95,257.9,260.8,251.85, 260.50,259.85,256.75,558361,1433.57,19552, 261262, 46.79,0.74
KNRCON, EQ, 22-Jan-2020,295.1,295.25,301.0,282.25, 286.95,287.85,293.79,205321,603.22,5518, 132910, 64.73,-2.46
KNRCON, EQ, 22-Jan-2021,362.65,365.0,372.0,360.6, 369.00,369.5,366.73,252426,925.73,8714, 109469, 43.37,1.89
KNRCON, EQ, 20-Jan-2024,261.85,261.95,273.65,261.95, 271.50,271.3,270.33,2982683,8063.06,33807, 1476846, 49.51,3.61
KNRCON, EQ, 22-Jan-2025,313.35,313.25,313.25,300.15,305.9,305.4,304.77,692708,2111.19,29579, 284922, 41.13,-2.54
KNRCON, EQ, 22-Feb-2021,213.25,214.8,216.0,204.0,204.3,205.6,208.07,682998,1421.1,13108, 283581, 41.52,-3.59
KNRCON, EQ, 22-Feb-2022,315.95,305.2,311.65,297.1,299.5,300.7,304.1,574629,1747.46,22969, 258477, 44.98,-4.83
KNRCON, EQ, 22-Feb-2023,256.05,255.0,257.35,248.15, 255.05,255.9,253.8,148519,376.94,5862, 76018, 51.18,-0.06
KNRCON, EQ, 22-Feb-2024,266.45,266.8,269.4,260.2, 264.95,263.45,262.67,666295,1750.18,14251, 324197, 48.66,-1.13
KNRCON, EQ, 22-Mar-2021,205.55,208.0,210.0,201.55,204.15,204.55,206.85,948542,1962.07,23490, 303473, 31.99,-0.49
KNRCON, EQ, 22-Mar-2022,279.1,279.8,283.15,278.65, 280.45,281.75,281.72,242944,684.42,12478, 122999, 50.63,0.95
KNRCON, EQ, 22-Mar-2023,254.3,254.35,257.25,250.2, 252.00,251.95,254.84,130449,332.43,2512, 88895, 68.15,-0.92
KNRCON, EQ, 22-Mar-2024,255.35,255.2,259.9,253.35,255.25,255.3,256.98,346087,889.37,9394, 179092, 51.75,-0.02
KNRCON, EQ, 22-Apr-2020,217.2,216.2,219.9,206.35,208.3,208.4,210.09,257800,541.61,7365, 99662, 38.66,-4.05
KNRCON, EQ, 22-Apr-2021,201.8,200.0,203.7,198.1,200.0,199.75,200.97,483929,972.55,10629, 342807, 70.84,-1.02
KNRCON, EQ, 22-Apr-2022,277.95,276.5,282.4,275.0, 277.95,277.75,277.47,162859,451.89,6675, 84165, 51.68,-0.07
KNRCON, EQ, 22-Apr-2024,255.7,259.0,264.9,258.15,261.8,261.5,261.71,465180,1217.44,13755, 169726, 36.49,2.27
KNRCON, EQ, 22-Apr-2025,232.25,233.4,236.59,229.5,236.5,234.28,232.88,1661259,3868.77,32091, 1003715, 60.42,0.87
KNRCON, EQ, 22-May-2020,192.6,192.2,194.5,188.3,190.15,190.35,190.55,59552,113.47,1609, 26218, 44.03,-1.17
KNRCON, EQ, 22-May-2023,240.6,240.4,241.75,238.0,239.0,238.45,239.36,114248,273.47,3059, 70888, 62.05,-0.89
KNRCON, EQ, 22-May-2024,261.95,263.25,277.55,260.6,276.0,276.0,272.78,2892377,7889.79,58329, 1184806, 40.96,5.36
KNRCON, EQ, 22-Jun-2020,221.75,223.8,223.8,216.0, 217.85,218.0,219.82,193697,425.78,10427, 93149, 48.09,-1.69
KNRCON, EQ, 22-Jun-2021,222.45,224.7,225.5,222.2, 224.00,223.65,223.36,386195,862.62,8550, 198129, 51.30,0.54
KNRCON, EQ, 22-Jun-2022,216.95,217.55,226.7,217.55,221.5,219.95,222.99,684508,1526.41,14288, 301715, 44.08,1.38
KNRCON, EQ, 22-Jun-2023,242.1,242.1,244.4,237.8,238.0,239.1,240.74,208835,502.74,4747, 120956, 57.92,-1.24
KNRCON, EQ, 22-Jul-2020,209.25,210.0,211.65,206.5, 208.60,207.6,208.91,64985,135.76,2191, 25803, 39.71,-0.79
KNRCON, EQ, 22-Jul-2021,263.1,263.35,270.4,263.15, 268.00,269.05,266.78,937022,2499.74,17091, 346903, 37.02,2.26
KNRCON, EQ, 22-Jul-2022,252.95,253.6,253.95,251.85, 252.95,252.65,252.92,140372,355.02,6192, 104445, 74.41,-0.12
KNRCON, EQ, 22-Jul-2024,343.8,338.4,364.8,334.05,363.5,363.2,355.72,1845459,6564.59,51982, 469202, 25.42,5.64
KNRCON, EQ, 22-Aug-2022,255.55,255.55,256.0,249.85, 250.20,250.65,252.4,91565,231.11,4588, 45209, 49.37,-1.92
KNRCON, EQ, 22-Aug-2023,255.5,256.95,271.95,254.55, 270.30,270.3,267.49,4269810,11421.18,69219, 1519048, 35.58,5.79
KNRCON, EQ, 22-Aug-2024,331.85,334.0,345.6,334.0,341.75,343.35,340.14,1973136,6711.43,47344, 772772, 39.16,3.47
KNRCON, EQ, 22-Sep-2020,255.75,255.75,260.0,238.0, 247.60,247.2,246.69,118647,292.69,4247, 61197, 51.58,-3.34
KNRCON, EQ, 22-Sep-2021,289.95,290.7,299.0,287.7, 289.50,288.6,293.25,849600,2491.47,14917, 350101, 41.21,-0.47
KNRCON, EQ, 22-Sep-2022,246.0,245.25,245.55,241.3, 242.50,242.35,243.5,102435,249.43,3359, 58197, 56.81,-1.48
KNRCON, EQ, 22-Sep-2023,274.15,273.0,278.55,269.5, 272.20,272.65,272.96,644920,1760.38,17799, 373413, 57.90,-0.55
KNRCON, EQ, 22-Oct-2020,258.2,257.5,257.5,249.0, 249.60,250.35,252.68,37623,95.07,1943, 20808, 55.31,-3.04
KNRCON, EQ, 22-Oct-2021,305.75,306.9,307.65,287.1, 290.10,292.45,296.09,591334,1750.89,20153, 256682, 43.41,-4.35
KNRCON, EQ, 22-Oct-2024,306.35,306.35,306.35,291.55,294.05,293.5,297.98,652975,1945.7,29614, 296419, 45.40,-4.19
KNRCON, EQ, 22-Nov-2021,287.05,287.05,289.15,271.0,272.7,273.35,279.99,368620,1032.11,21567, 131044, 35.55,-4.77
KNRCON, EQ, 22-Nov-2022,238.2,239.3,240.8,236.45, 239.00,238.75,238.88,58590,139.96,2371, 24702, 42.16,0.23
KNRCON, EQ, 22-Nov-2023,298.45,299.95,305.5,291.05, 293.00,293.45,297.34,2656452,7898.72,34478, 1007311, 37.92,-1.68
KNRCON, EQ, 22-Nov-2024,305.25,307.75,315.0,304.1,313.15,313.35,310.99,854989,2658.97,27738, 286875, 33.55,2.65
KNRCON, EQ, 22-Dec-2020,316.8,318.0,336.5,300.25, 331.80,332.65,320.38,877994,2812.94,20872, 244418, 27.84,5.0
KNRCON, EQ, 22-Dec-2021,277.5,278.0,288.0,277.0, 284.00,286.55,283.11,168222,476.25,6619, 67886, 40.36,3.26
KNRCON, EQ, 22-Dec-2022,259.0,260.0,261.95,246.1, 247.00,247.85,251.08,322460,809.63,12116, 173850, 53.91,-4.31
KNRCON, EQ, 22-Dec-2023,259.85,261.6,262.4,258.1, 260.50,260.5,260.13,473561,1231.89,15579, 246004, 51.95,0.25
KNRCON, EQ, 23-Jan-2020,287.85,287.7,294.5,287.6, 290.20,290.6,290.74,196561,571.47,3304, 147849, 75.22,0.96
KNRCON, EQ, 23-Jan-2023,261.7,262.45,263.45,258.5,260.0,259.6,260.43,189608,493.79,4891, 121828, 64.25,-0.8
KNRCON, EQ, 23-Jan-2024,271.3,274.0,275.25,258.1, 263.30,262.0,266.6,1669875,4451.93,27098, 997680, 59.75,-3.43
KNRCON, EQ, 23-Jan-2025,305.4,304.9,308.4,301.4,302.0,302.7,304.5,534228,1626.71,24421, 203983, 38.18,-0.88
KNRCON, EQ, 23-Feb-2021,205.6,205.45,216.0,201.6, 209.50,209.4,207.87,671096,1395.0,12386, 181534, 27.05,1.85
KNRCON, EQ, 23-Feb-2022,300.7,303.0,313.65,303.0,306.0,305.7,308.65,446314,1377.54,13896, 178504, 40.00,1.66
KNRCON, EQ, 23-Feb-2023,255.9,256.8,256.8,250.4,251.65,252.8,253.6,70421,178.59,4795, 33062, 46.95,-1.21
KNRCON, EQ, 23-Feb-2024,263.45,264.8,267.6,263.1, 266.00,265.6,265.08,371843,985.69,9083, 195091, 52.47,0.82
KNRCON, EQ, 23-Mar-2020,221.85,200.0,205.0,180.8, 192.95,195.05,192.53,379371,730.41,7920, 280238, 73.87,-12.08
KNRCON, EQ, 23-Mar-2021,204.55,206.0,208.75,205.55, 206.80,207.0,207.1,334951,693.7,6467, 131890, 39.38,1.2
KNRCON, EQ, 23-Mar-2022,281.75,282.7,288.8,282.05, 284.00,284.05,285.9,246172,703.81,7639, 117608, 47.77,0.82
KNRCON, EQ, 23-Mar-2023,251.95,253.25,256.0,251.05, 253.85,253.9,253.8,110863,281.37,3758, 44189, 39.86,0.77
KNRCON, EQ, 23-Apr-2020,208.4,215.0,225.0,209.0,209.95,209.9,216.86,428828,929.97,10075, 111055, 25.90,0.72
KNRCON, EQ, 23-Apr-2021,199.75,199.0,201.1,194.6,195.9,195.15,197.25,537308,1059.82,10845, 409417, 76.20,-2.3
KNRCON, EQ, 23-Apr-2024,261.5,263.0,265.65,260.5,262.0,261.5,262.84,329373,865.72,7539, 163847, 49.75,0.0
KNRCON, EQ, 23-Apr-2025,234.28,237.54,238.93,230.35,234.0,233.74,233.99,1881033,4401.38,47121, 902980, 48.00,-0.23
KNRCON, EQ, 23-May-2022,233.45,237.0,239.5,226.0,228.0,228.95,232.1,282520,655.73,8406, 162720, 57.60,-1.93
KNRCON, EQ, 23-May-2023,238.45,238.5,241.3,237.5, 238.50,238.25,239.12,186164,445.15,5121, 95115, 51.09,-0.08
KNRCON, EQ, 23-May-2024,276.0,277.0,278.5,271.55,275.7,274.7,274.71,767534,2108.52,18794, 353691, 46.08,-0.47
KNRCON, EQ, 23-Jun-2020,218.0,219.8,221.2,217.05, 218.00,217.75,218.13,131386,286.59,5378, 71129, 54.14,-0.11
KNRCON, EQ, 23-Jun-2021,223.65,225.4,225.45,221.1, 221.50,221.75,223.04,158243,352.95,5804, 92073, 58.18,-0.85
KNRCON, EQ, 23-Jun-2022,219.95,222.5,222.85,217.1,220.55,220.55,220.11,431808,950.43,8349, 271293, 62.83,0.27
KNRCON, EQ, 23-Jun-2023,239.1,240.1,240.1,235.0, 238.55,238.45,237.17,274602,651.28,7114, 135543, 49.36,-0.27
KNRCON, EQ, 23-Jul-2020,207.6,207.05,210.95,207.05, 209.00,208.75,209.01,51655,107.97,1347, 21512, 41.65,0.55
KNRCON, EQ, 23-Jul-2021,269.05,268.0,273.9,264.5,270.25,270.2,270.07,1078415,2912.51,25190, 458536, 42.52,0.43
KNRCON, EQ, 23-Jul-2024,363.2,367.75,375.15,332.9,363.5,358.45,360.21,4910410,17688.0,134331, 1267207, 25.81,-1.31
KNRCON, EQ, 23-Aug-2021,287.45,298.0,302.75,283.0, 286.50,288.1,290.31,823760,2391.45,28873, 249512, 30.29,0.23
KNRCON, EQ, 23-Aug-2022,250.65,249.7,254.0,246.1, 251.55,249.0,250.09,159214,398.18,5341, 92826, 58.30,-0.66
KNRCON, EQ, 23-Aug-2023,270.3,273.0,277.7,270.0, 272.65,272.0,274.11,1690618,4634.11,26715, 752427, 44.51,0.63
KNRCON, EQ, 23-Aug-2024,343.35,344.0,346.25,340.0,340.4,341.4,342.39,771416,2641.22,25003, 321317, 41.65,-0.57
KNRCON, EQ, 23-Sep-2020,247.2,248.4,254.0,243.35, 251.05,251.6,248.72,51753,128.72,2083, 25514, 49.30,1.78
KNRCON, EQ, 23-Sep-2021,288.6,291.0,296.9,291.0, 294.00,293.85,294.45,707316,2082.66,15321, 339202, 47.96,1.82
KNRCON, EQ, 23-Sep-2022,242.35,242.75,243.6,234.2, 236.30,236.1,239.25,126945,303.72,5758, 66679, 52.53,-2.58
KNRCON, EQ, 23-Sep-2024,316.05,317.9,329.95,317.0,329.75,328.25,323.05,1392456,4498.3,41188, 583017, 41.87,3.86
KNRCON, EQ, 23-Oct-2020,250.35,251.6,254.7,246.85, 249.00,249.0,250.34,167535,419.4,2832, 137698, 82.19,-0.54
KNRCON, EQ, 23-Oct-2023,274.8,274.85,277.55,256.0, 258.95,261.45,268.38,745017,1999.44,16127, 367779, 49.37,-4.86
KNRCON, EQ, 23-Oct-2024,293.5,292.5,300.3,284.45,296.65,296.85,294.46,480826,1415.82,24109, 106509, 22.15,1.14
KNRCON, EQ, 23-Nov-2020,292.55,291.0,293.85,285.0, 285.90,286.15,288.54,148582,428.71,5032, 62672, 42.18,-2.19
KNRCON, EQ, 23-Nov-2021,273.35,270.0,274.8,266.2,270.2,269.95,270.81,340892,923.17,16378, 119967, 35.19,-1.24
KNRCON, EQ, 23-Nov-2022,238.75,239.95,243.4,236.9,239.35,239.5,239.91,153837,369.07,2611, 114618, 74.51,0.31
KNRCON, EQ, 23-Nov-2023,293.45,295.1,297.05,287.55, 290.95,291.2,291.72,836976,2441.64,19219, 390120, 46.61,-0.77
KNRCON, EQ, 23-Dec-2020,332.65,338.4,338.8,326.0,334.0,333.1,333.74,475623,1587.36,11656, 169277, 35.59,0.14
KNRCON, EQ, 23-Dec-2021,286.55,288.0,289.0,283.1, 284.90,285.25,286.48,131421,376.5,6839, 56381, 42.90,-0.45
KNRCON, EQ, 23-Dec-2022,247.85,243.0,247.0,235.0, 245.00,244.25,241.52,294372,710.97,10186, 133916, 45.49,-1.45
KNRCON, EQ, 23-Dec-2024,325.2,325.2,327.6,318.5,320.1,319.6,321.29,518894,1667.17,23455, 208378, 40.16,-1.72
KNRCON, EQ, 24-Jan-2020,290.6,291.55,292.95,286.7,292.7,292.1,289.84,108044,313.16,3035, 55041, 50.94,0.52
KNRCON, EQ, 24-Jan-2022,315.05,315.55,319.55,291.0,296.0,296.7,305.32,717456,2190.54,24010, 247488, 34.50,-5.82
KNRCON, EQ, 24-Jan-2023,259.6,260.3,261.1,253.5,254.5,254.85,256.87,103118,264.88,3645, 47098, 45.67,-1.83
KNRCON, EQ, 24-Jan-2024,262.0,261.9,265.0,258.2, 262.60,262.8,262.62,725512,1905.35,14103, 317108, 43.71,0.31
KNRCON, EQ, 24-Jan-2025,302.7,302.7,306.85,293.0,293.5,295.1,297.81,445531,1326.83,20834, 181229, 40.68,-2.51
KNRCON, EQ, 24-Feb-2020,280.05,280.05,282.55,276.0, 280.25,278.5,279.22,258563,721.96,3306, 173766, 67.20,-0.55
KNRCON, EQ, 24-Feb-2021,209.4,210.0,212.7,202.85, 208.45,207.6,209.32,309275,647.37,8551, 147809, 47.79,-0.86
KNRCON, EQ, 24-Feb-2022,305.7,296.0,305.35,292.6, 297.50,295.9,298.15,488214,1455.6,15612, 198813, 40.72,-3.21
KNRCON, EQ, 24-Feb-2023,252.8,252.8,253.7,248.0, 249.15,249.15,250.25,75334,188.53,3991, 35590, 47.24,-1.44
KNRCON, EQ, 24-Feb-2025,233.6,232.0,233.6,226.85,229.5,229.7,230.16,642440,1478.67,22406, 258601, 40.25,-1.67
KNRCON, EQ, 24-Mar-2020,195.05,204.0,212.0,187.05, 190.50,208.25,204.98,257538,527.9,4291, 201804, 78.36,6.77
KNRCON, EQ, 24-Mar-2021,207.0,207.0,209.95,205.0, 207.00,206.4,206.96,374253,774.54,7077, 155122, 41.45,-0.29
KNRCON, EQ, 24-Mar-2022,284.05,284.05,285.3,278.25, 280.10,280.2,280.95,368857,1036.3,13340, 163680, 44.37,-1.36
KNRCON, EQ, 24-Mar-2023,253.9,255.0,256.05,251.2, 254.00,253.35,253.64,124081,314.72,4683, 64223, 51.76,-0.22
KNRCON, EQ, 24-Mar-2025,243.44,244.99,246.7,240.0,240.5,240.67,242.7,931266,2260.14,21778, 467905, 50.24,-1.14
KNRCON, EQ, 24-Apr-2020,209.9,209.0,211.4,201.0,203.9,202.8,204.94,142261,291.55,4089, 59831, 42.06,-3.38
KNRCON, EQ, 24-Apr-2023,234.45,234.5,242.05,234.5, 239.95,239.4,238.73,359101,857.28,9784, 186742, 52.00,2.11
KNRCON, EQ, 24-Apr-2024,261.5,263.65,264.45,261.0, 261.25,261.85,262.79,205422,539.84,5801, 120799, 58.81,0.13
KNRCON, EQ, 24-Apr-2025,233.74,234.04,247.8,231.95,242.0,242.23,242.13,3372962,8166.9,51227, 996470, 29.54,3.63
KNRCON, EQ, 24-May-2021,227.75,231.1,235.0,230.1, 233.90,233.45,232.62,1621137,3771.11,21812, 723657, 44.64,2.5
KNRCON, EQ, 24-May-2022,228.95,231.95,234.0,228.0,229.0,230.65,231.5,124753,288.8,7113, 51669, 41.42,0.74
KNRCON, EQ, 24-May-2023,238.25,237.9,241.3,235.6, 238.65,238.35,239.02,119811,286.37,3550, 62102, 51.83,0.04
KNRCON, EQ, 24-May-2024,274.7,274.8,276.95,270.7,273.6,272.3,272.97,598037,1632.47,15748, 344024, 57.53,-0.87
KNRCON, EQ, 24-Jun-2020,217.75,219.75,224.65,218.0,223.7,222.95,222.57,499930,1112.68,15600, 287828, 57.57,2.39
KNRCON, EQ, 24-Jun-2021,221.75,224.0,224.55,220.3, 220.40,221.15,222.23,433115,962.52,9366, 357903, 82.63,-0.27
KNRCON, EQ, 24-Jun-2022,220.55,223.85,230.75,220.25, 227.00,226.35,225.27,422002,950.65,13874, 170125, 40.31,2.63
KNRCON, EQ, 24-Jun-2024,351.6,350.9,354.75,343.05,348.0,348.15,349.11,1371713,4788.76,19669, 788461, 57.48,-0.98
KNRCON, EQ, 24-Jul-2020,208.75,207.85,211.0,205.2,209.0,208.75,208.51,60281,125.69,1629, 16624, 27.58,0.0
KNRCON, EQ, 24-Jul-2023,242.3,242.3,245.4,239.8, 239.90,240.2,241.52,401353,969.35,9536, 244566, 60.94,-0.87
KNRCON, EQ, 24-Jul-2024,358.45,368.0,386.95,365.8,377.5,375.8,379.18,7098681,26917.11,137899, 2317966, 32.65,4.84
KNRCON, EQ, 24-Aug-2020,260.3,269.95,272.85,262.2,264.85,263.9,267.6,395676,1058.82,8559, 189246, 47.83,1.38
KNRCON, EQ, 24-Aug-2021,288.1,288.1,298.95,286.25, 292.60,294.8,291.58,330153,962.65,10115, 97036, 29.39,2.33
KNRCON, EQ, 24-Aug-2022,249.0,251.55,261.0,250.0,254.5,254.35,255.5,320307,818.38,7212, 146228, 45.65,2.15
KNRCON, EQ, 24-Aug-2023,272.0,274.5,274.8,265.0, 266.15,265.75,268.22,1179820,3164.47,22265, 532571, 45.14,-2.3
KNRCON, EQ, 24-Sep-2020,251.6,244.15,253.5,242.0, 243.50,247.7,248.38,137766,342.18,6142, 57058, 41.42,-1.55
KNRCON, EQ, 24-Sep-2021,293.85,295.65,297.0,290.0, 293.00,292.1,293.17,345560,1013.09,8589, 139556, 40.39,-0.6
KNRCON, EQ, 24-Sep-2024,328.25,328.5,345.25,324.2,344.5,342.95,336.32,2210829,7435.45,49564, 945342, 42.76,4.48
KNRCON, EQ, 24-Oct-2024,296.85,294.95,299.35,288.2,289.05,288.9,291.01,545026,1586.08,21897, 249104, 45.70,-2.68
KNRCON, EQ, 24-Nov-2020,286.15,287.0,289.9,280.25, 285.00,285.0,284.11,114456,325.18,4533, 53944, 47.13,-0.4
KNRCON, EQ, 24-Nov-2021,269.95,271.7,274.95,265.7, 269.00,268.25,270.3,254707,688.47,12950, 112726, 44.26,-0.63
KNRCON, EQ, 24-Nov-2022,239.5,240.7,250.0,240.3, 246.90,245.7,245.77,213791,525.44,6659, 85210, 39.86,2.59
KNRCON, EQ, 24-Nov-2023,291.2,291.5,292.6,286.5, 288.50,288.25,288.43,623010,1796.95,12750, 310439, 49.83,-1.01
KNRCON, EQ, 24-Dec-2020,333.1,334.0,337.9,326.0, 326.70,327.65,330.26,303362,1001.87,6547, 166388, 54.85,-1.64
KNRCON, EQ, 24-Dec-2021,285.25,286.05,288.0,282.6, 287.20,285.95,285.59,114363,326.61,6039, 41120, 35.96,0.25
KNRCON, EQ, 24-Dec-2024,319.6,319.6,324.1,317.4,318.2,318.25,320.47,375727,1204.1,12931, 121349, 32.30,-0.42
KNRCON, EQ, 25-Jan-2021,369.5,384.5,385.0,363.0, 365.90,364.25,371.94,478562,1779.95,15636, 238705, 49.88,-1.42
KNRCON, EQ, 25-Jan-2022,296.7,297.0,301.2,280.0,299.5,297.95,295.05,407906,1203.51,14235, 115790, 28.39,0.42
KNRCON, EQ, 25-Jan-2023,254.85,253.0,256.7,252.55, 254.00,254.65,255.01,128226,326.98,5186, 62337, 48.61,-0.08
KNRCON, EQ, 25-Jan-2024,262.8,263.8,267.7,260.0, 265.00,263.15,263.8,596896,1574.63,13560, 286350, 47.97,0.13
KNRCON, EQ, 25-Feb-2020,278.5,277.0,278.4,265.1, 271.00,271.25,271.1,105793,286.81,2983, 50762, 47.98,-2.6
KNRCON, EQ, 25-Feb-2021,207.6,209.6,211.0,207.5, 210.00,209.05,209.33,418453,875.94,10269, 196326, 46.92,0.7
KNRCON, EQ, 25-Feb-2022,295.9,303.0,315.4,299.0,313.05,314.35,311.15,423660,1318.21,11329, 220667, 52.09,6.24
KNRCON, EQ, 25-Feb-2025,229.7,229.95,232.1,227.25,228.0,228.15,228.91,524519,1200.69,16535, 217623, 41.49,-0.67
KNRCON, EQ, 25-Mar-2020,208.25,195.4,204.4,192.15, 196.80,196.65,196.46,267429,525.4,2673, 229823, 85.94,-5.57
KNRCON, EQ, 25-Mar-2021,206.4,205.5,207.0,197.05,203.9,202.35,201.18,467557,940.62,10305, 183153, 39.17,-1.96
KNRCON, EQ, 25-Mar-2022,280.2,281.7,283.55,279.15,280.0,280.0,280.37,174289,488.65,5998, 97431, 55.90,-0.07
KNRCON, EQ, 25-Mar-2025,240.67,241.9,254.0,232.0,236.0,238.69,245.4,3808729,9346.78,69820, 733350, 19.25,-0.82
KNRCON, EQ, 25-Apr-2022,277.75,277.95,278.65,272.0,274.05,273.2,275.02,141339,388.71,7861, 64416, 45.58,-1.64
KNRCON, EQ, 25-Apr-2023,239.4,238.4,241.5,236.65,241.0,240.4,239.2,338549,809.81,4437, 242750, 71.70,0.42
KNRCON, EQ, 25-Apr-2024,261.85,261.85,264.55,259.95, 263.00,262.15,262.73,252722,663.98,7647, 137724, 54.50,0.11
KNRCON, EQ, 25-Apr-2025,242.23,242.23,243.09,229.1,231.0,231.26,233.26,1504364,3509.12,35050, 499840, 33.23,-4.53
KNRCON, EQ, 25-May-2021,233.45,237.0,239.45,226.85, 230.45,228.4,233.36,988568,2306.93,17161, 411623, 41.64,-2.16
KNRCON, EQ, 25-May-2022,230.65,231.75,232.8,220.8, 229.55,230.75,224.94,485703,1092.52,9654, 327310, 67.39,0.04
KNRCON, EQ, 25-May-2023,238.35,238.65,239.95,236.6, 238.80,238.7,238.5,99982,238.46,4405, 46982, 46.99,0.15
KNRCON, EQ, 25-Jun-2020,222.95,219.0,229.85,218.85, 221.00,220.95,225.05,546277,1229.41,10720, 360915, 66.07,-0.9
KNRCON, EQ, 25-Jun-2021,221.15,223.4,223.8,219.2, 221.00,220.25,221.76,169535,375.95,9543, 100475, 59.27,-0.41
KNRCON, EQ, 25-Jun-2024,348.15,350.0,363.0,342.55,345.35,344.35,351.84,1864847,6561.21,23944, 1032729, 55.38,-1.09
KNRCON, EQ, 25-Jul-2022,252.65,253.9,253.95,248.0, 252.25,251.95,250.77,68828,172.6,2773, 30462, 44.26,-0.28
KNRCON, EQ, 25-Jul-2023,240.2,241.2,246.4,240.35, 245.50,245.05,244.81,430486,1053.86,14444, 219488, 50.99,2.02
KNRCON, EQ, 25-Jul-2024,375.8,375.0,379.3,369.05,373.0,371.8,374.72,1627819,6099.79,35664, 720507, 44.26,-1.06
KNRCON, EQ, 25-Aug-2020,263.9,271.0,271.8,264.9, 267.90,266.2,267.4,261643,699.63,5100, 96360, 36.83,0.87
KNRCON, EQ, 25-Aug-2021,294.8,301.0,304.4,294.05, 298.55,298.8,299.42,897178,2686.35,21680, 248931, 27.75,1.36
KNRCON, EQ, 25-Aug-2022,254.35,256.5,261.0,256.05,258.05,259.35,258.8,229851,594.86,8775, 106860, 46.49,1.97
KNRCON, EQ, 25-Aug-2023,265.75,264.3,268.6,261.0, 267.00,266.25,264.08,386289,1020.12,8013, 181483, 46.98,0.19
KNRCON, EQ, 25-Sep-2020,247.7,247.0,252.3,241.3, 248.50,249.3,246.02,62494,153.75,2582, 22951, 36.73,0.65
KNRCON, EQ, 25-Sep-2023,272.65,280.0,291.0,275.05, 275.85,276.35,280.22,1759024,4929.08,20971, 723170, 41.11,1.36
KNRCON, EQ, 25-Sep-2024,342.95,343.35,349.95,339.55,343.8,345.4,344.19,1453777,5003.75,39210, 486627, 33.47,0.71
KNRCON, EQ, 25-Oct-2021,292.45,288.9,292.95,274.7, 281.00,281.7,282.44,446904,1262.25,22420, 170235, 38.09,-3.68
KNRCON, EQ, 25-Oct-2022,212.05,212.9,221.0,211.15,220.45,218.9,216.88,206285,447.4,9906, 96472, 46.77,3.23
KNRCON, EQ, 25-Oct-2023,261.45,265.0,268.0,260.5,264.5,264.5,264.27,951280,2513.98,19597, 358662, 37.70,1.17
KNRCON, EQ, 25-Oct-2024,288.9,289.6,291.85,274.3,278.5,278.0,279.49,761391,2128.04,31999, 370200, 48.62,-3.77
KNRCON, EQ, 25-Nov-2020,285.0,290.0,291.7,272.7, 288.15,281.85,281.5,201819,568.12,6508, 90297, 44.74,-1.11
KNRCON, EQ, 25-Nov-2021,268.25,269.0,271.55,264.8,271.15,270.1,268.51,282594,758.79,12732, 143552, 50.80,0.69
KNRCON, EQ, 25-Nov-2022,245.7,245.7,252.9,245.5,248.55,251.6,250.91,192826,483.82,13704, 105568, 54.75,2.4
KNRCON, EQ, 25-Nov-2024,313.35,324.0,324.0,311.75,313.3,314.7,316.4,1187179,3756.29,30558, 560158, 47.18,0.43
KNRCON, EQ, 26-Feb-2020,271.25,269.0,274.95,265.75, 274.95,272.2,269.91,140537,379.32,3329, 97833, 69.61,0.35
KNRCON, EQ, 26-Feb-2021,209.05,207.9,209.9,205.05,206.45,206.6,207.03,424357,878.54,8197, 210331, 49.56,-1.17
KNRCON, EQ, 26-Feb-2024,265.6,266.85,269.8,265.0, 267.90,267.15,267.33,384434,1027.71,10526, 201649, 52.45,0.58
KNRCON, EQ, 26-Mar-2020,196.65,204.0,208.0,171.0, 190.00,189.25,189.73,204585,388.17,6727, 96393, 47.12,-3.76
KNRCON, EQ, 26-Mar-2021,202.35,204.0,208.95,202.5,205.4,205.8,206.58,381340,787.78,7368, 170089, 44.60,1.7
KNRCON, EQ, 26-Mar-2024,255.3,253.9,256.9,249.0,253.0,251.25,253.01,494849,1252.0,14895, 245815, 49.67,-1.59
KNRCON, EQ, 26-Mar-2025,238.69,238.0,239.39,227.6,228.21,230.57,233.81,976653,2283.5,26196, 436900, 44.73,-3.4
KNRCON, EQ, 26-Apr-2021,195.15,196.85,197.3,189.25, 189.50,189.95,191.52,1044668,2000.75,19433, 642866, 61.54,-2.66
KNRCON, EQ, 26-Apr-2022,273.2,276.85,277.45,272.25, 273.00,272.75,273.59,98929,270.66,5130, 54121, 54.71,-0.16
KNRCON, EQ, 26-Apr-2023,240.4,241.0,242.5,239.0, 239.85,239.7,240.04,83500,200.43,2655, 46190, 55.32,-0.29
KNRCON, EQ, 26-Apr-2024,262.15,262.8,269.7,261.5, 267.10,266.7,266.37,1311001,3492.16,20717, 940768, 71.76,1.74
KNRCON, EQ, 26-May-2020,190.35,190.0,192.0,187.55, 190.00,189.15,189.0,59175,111.84,1610, 29337, 49.58,-0.63
KNRCON, EQ, 26-May-2021,228.4,228.9,234.4,228.9, 230.00,229.9,231.95,549636,1274.86,11864, 255924, 46.56,0.66
KNRCON, EQ, 26-May-2022,230.75,230.75,248.0,224.9,241.0,243.5,238.66,310571,741.21,11607, 120095, 38.67,5.53
KNRCON, EQ, 26-May-2023,238.7,237.65,239.9,237.1,239.0,239.25,238.69,107866,257.47,3822, 61631, 57.14,0.23
KNRCON, EQ, 26-Jun-2020,220.95,223.0,225.9,220.0, 221.00,220.65,222.2,112229,249.37,2658, 56268, 50.14,-0.14
KNRCON, EQ, 26-Jun-2023,238.45,239.95,240.2,236.9, 238.50,237.8,237.81,101138,240.51,3727, 50368, 49.80,-0.27
KNRCON, EQ, 26-Jun-2024,344.35,345.9,355.95,344.6,350.8,349.85,350.51,1648858,5779.38,20786, 740536, 44.91,1.6
KNRCON, EQ, 26-Jul-2021,270.2,268.75,272.7,266.45,270.65,270.8,269.62,657289,1772.18,15458, 374004, 56.90,0.22
KNRCON, EQ, 26-Jul-2022,251.95,250.4,256.95,248.6,255.1,254.7,252.34,91771,231.58,2723, 55423, 60.39,1.09
KNRCON, EQ, 26-Jul-2023,245.05,246.0,250.7,242.05, 242.50,243.55,246.43,680889,1677.89,14963, 372682, 54.73,-0.61
KNRCON, EQ, 26-Jul-2024,371.8,373.6,373.6,365.5, 367.00,367.4,368.24,810816,2985.78,22424, 434055, 53.53,-1.18
KNRCON, EQ, 26-Aug-2020,266.2,268.1,272.5,261.0, 263.00,264.15,267.36,1067294,2853.57,19274, 312823, 29.31,-0.77
KNRCON, EQ, 26-Aug-2021,298.8,299.8,318.65,294.0, 307.95,306.9,310.38,2423575,7522.28,52450, 470717, 19.42,2.71
KNRCON, EQ, 26-Aug-2022,259.35,260.5,265.45,259.45,261.1,261.7,262.65,301942,793.07,10800, 168549, 55.82,0.91
KNRCON, EQ, 26-Aug-2024,341.4,341.4,343.2,333.5,334.3,334.1,335.58,854014,2865.9,26945, 439849, 51.50,-2.14
KNRCON, EQ, 26-Sep-2022,236.1,230.0,234.9,227.8,231.6,231.75,231.25,123357,285.26,5128, 54123, 43.88,-1.84
KNRCON, EQ, 26-Sep-2023,276.35,276.0,279.75,274.5, 278.55,278.55,277.1,653366,1810.45,14810, 355892, 54.47,0.8
KNRCON, EQ, 26-Sep-2024,345.4,340.8,346.05,337.75,341.0,342.6,341.92,696832,2382.63,20332, 231938, 33.28,-0.81
KNRCON, EQ, 26-Oct-2020,249.0,250.9,254.0,242.6,245.0,245.15,247.3,28578,70.67,1929, 16417, 57.45,-1.55
KNRCON, EQ, 26-Oct-2021,281.7,282.0,287.9,280.1, 283.00,282.5,283.71,359315,1019.43,13876, 147680, 41.10,0.28
KNRCON, EQ, 26-Oct-2023,264.5,260.25,269.7,257.0, 264.60,262.65,263.31,1044358,2749.85,22609, 419022, 40.12,-0.7
KNRCON, EQ, 26-Nov-2020,281.85,290.0,291.95,283.8, 287.00,286.75,287.26,110231,316.65,4865, 36010, 32.67,1.74
KNRCON, EQ, 26-Nov-2021,270.1,269.0,269.7,258.65, 260.00,262.85,263.64,315241,831.09,14323, 151655, 48.11,-2.68
KNRCON, EQ, 26-Nov-2024,314.7,315.65,323.0,312.5,322.25,321.25,318.75,1100854,3508.98,31154, 386495, 35.11,2.08
KNRCON, EQ, 26-Dec-2022,244.25,243.95,250.35,241.5,248.5,247.05,246.96,243166,600.53,7764, 98274, 40.41,1.15
KNRCON, EQ, 26-Dec-2023,260.5,263.0,267.05,260.95, 266.35,265.8,263.99,330741,873.11,11144, 187556, 56.71,2.03
KNRCON, EQ, 26-Dec-2024,318.25,318.8,321.1,313.95,317.0,315.65,316.1,299949,948.13,14499, 136560, 45.53,-0.82
KNRCON, EQ, 27-Jan-2020,292.1,292.45,298.7,288.5, 291.75,293.15,291.37,227207,662.02,4945, 174676, 76.88,0.36
KNRCON, EQ, 27-Jan-2021,364.25,365.9,375.7,365.0, 370.00,370.0,369.09,398180,1469.62,11076, 230119, 57.79,1.58
KNRCON, EQ, 27-Jan-2022,297.95,298.0,306.1,288.35, 298.10,298.1,295.13,811500,2395.01,23372, 288009, 35.49,0.05
KNRCON, EQ, 27-Jan-2023,254.65,255.9,256.45,242.9, 244.00,244.45,246.86,230849,569.88,7592, 115782, 50.15,-4.01
KNRCON, EQ, 27-Jan-2025,295.1,294.05,295.1,281.0,289.55,290.3,286.79,735774,2110.11,35079, 281118, 38.21,-1.63
KNRCON, EQ, 27-Feb-2020,272.2,270.0,278.75,265.45, 271.05,271.05,270.47,136112,368.14,4859, 72979, 53.62,-0.42
KNRCON, EQ, 27-Feb-2023,249.15,250.35,252.8,243.0, 252.20,251.85,248.39,104587,259.78,6869, 51731, 49.46,1.08
KNRCON, EQ, 27-Feb-2024,267.15,267.2,282.0,265.95, 281.30,280.9,278.34,3160534,8797.02,44244, 1321680, 41.82,5.15
KNRCON, EQ, 27-Feb-2025,228.15,229.7,230.6,222.1,222.7,223.4,224.97,553717,1245.7,19571, 270514, 48.85,-2.08
KNRCON, EQ, 27-Mar-2020,189.25,191.0,197.05,188.55, 195.00,194.9,194.66,122106,237.7,3073, 92906, 76.09,2.99
KNRCON, EQ, 27-Mar-2023,253.35,253.0,254.0,246.1, 249.00,248.55,249.96,121889,304.67,6474, 65367, 53.63,-1.89
KNRCON, EQ, 27-Mar-2024,251.25,252.85,256.0,245.6, 248.15,247.6,251.13,514302,1291.56,16190, 298188, 57.98,-1.45
KNRCON, EQ, 27-Mar-2025,230.57,230.9,230.9,222.7,227.41,226.58,226.21,1908353,4316.83,63262, 900516, 47.19,-1.73
KNRCON, EQ, 27-Apr-2020,202.8,204.2,214.5,198.15, 198.90,200.25,207.65,1977211,4105.63,29519, 493634, 24.97,-1.26
KNRCON, EQ, 27-Apr-2021,189.95,188.0,193.0,188.0,191.5,192.05,191.59,393884,754.63,5649, 225940, 57.36,1.11
KNRCON, EQ, 27-Apr-2022,272.75,271.5,281.9,269.55,281.0,279.85,274.93,287165,789.49,12353, 110373, 38.44,2.6
KNRCON, EQ, 27-Apr-2023,239.7,240.9,243.6,239.15, 240.10,240.05,241.18,121290,292.52,3403, 63532, 52.38,0.15
KNRCON, EQ, 27-May-2020,189.15,190.0,191.2,187.05,187.95,188.05,189.04,64108,121.19,1574, 36019, 56.18,-0.58
KNRCON, EQ, 27-May-2021,229.9,228.8,230.0,216.0, 218.90,222.65,223.54,1994439,4458.39,21792, 1669107, 83.69,-3.15
KNRCON, EQ, 27-May-2022,243.5,245.0,245.85,234.7, 242.05,242.0,240.04,144823,347.63,6517, 52079, 35.96,-0.62
KNRCON, EQ, 27-May-2024,272.3,273.6,275.95,268.1,269.5,269.75,271.66,465471,1264.48,15668, 227639, 48.91,-0.94
KNRCON, EQ, 27-Jun-2022,226.35,230.0,234.95,230.0,232.65,233.4,231.92,365302,847.19,7358, 203796, 55.79,3.11
KNRCON, EQ, 27-Jun-2023,237.8,239.2,241.8,238.35, 241.30,241.15,240.78,212905,512.62,6317, 115267, 54.14,1.41
KNRCON, EQ, 27-Jun-2024,349.85,352.9,356.05,342.5,348.5,349.9,349.65,952449,3330.22,16096, 564560, 59.27,0.01
KNRCON, EQ, 27-Jul-2020,208.75,211.0,214.0,203.0,204.35,203.85,205.36,121009,248.5,4384, 73407, 60.66,-2.35
KNRCON, EQ, 27-Jul-2021,270.8,271.0,277.95,270.8, 273.25,273.4,273.57,797931,2182.93,20538, 388211, 48.65,0.96
KNRCON, EQ, 27-Jul-2022,254.7,256.2,260.0,250.0,250.9,251.95,254.86,190288,484.98,11742, 72887, 38.30,-1.08
KNRCON, EQ, 27-Jul-2023,243.55,244.8,247.8,242.35, 245.00,244.6,244.74,248055,607.08,5143, 114285, 46.07,0.43
KNRCON, EQ, 27-Aug-2020,264.15,266.7,273.6,264.15,270.0,270.95,269.7,645333,1740.44,11104, 370990, 57.49,2.57
KNRCON, EQ, 27-Aug-2021,306.9,308.9,323.6,302.0, 319.20,318.45,314.79,2256983,7104.65,39788, 556642, 24.66,3.76
KNRCON, EQ, 27-Aug-2024,334.1,336.7,341.9,332.55,339.95,339.4,337.81,748878,2529.81,21596, 298079, 39.80,1.59
KNRCON, EQ, 27-Sep-2021,292.1,294.7,296.0,290.25, 290.90,291.15,292.4,354160,1035.58,9463, 137398, 38.80,-0.33
KNRCON, EQ, 27-Sep-2022,231.75,231.5,238.9,228.65,232.0,234.5,232.16,160090,371.66,7220, 69887, 43.65,1.19
KNRCON, EQ, 27-Sep-2023,278.55,282.05,286.1,278.2, 279.00,279.55,281.09,1024299,2879.17,25298, 579914, 56.62,0.36
KNRCON, EQ, 27-Sep-2024,342.6,342.0,342.8,335.0,336.4,336.6,338.59,497320,1683.87,17029, 277986, 55.90,-1.75
KNRCON, EQ, 27-Oct-2020,245.15,245.0,256.8,242.85, 249.90,249.15,250.56,64041,160.46,5177, 36370, 56.79,1.63
KNRCON, EQ, 27-Oct-2021,282.5,283.0,287.05,282.05, 282.85,282.85,283.69,188621,535.1,7982, 85568, 45.37,0.12
KNRCON, EQ, 27-Oct-2022,218.9,222.0,223.4,218.0,222.05,222.4,220.29,211571,466.06,5238, 115968, 54.81,1.6
KNRCON, EQ, 27-Oct-2023,262.65,263.65,268.0,263.0,264.0,263.7,264.08,417917,1103.63,10548, 228411, 54.65,0.4
KNRCON, EQ, 27-Nov-2020,286.75,287.95,290.75,283.3,286.05,285.1,287.78,158838,457.11,5180, 75329, 47.43,-0.58
KNRCON, EQ, 27-Nov-2024,321.25,323.9,332.0,320.1,329.0,329.2,327.61,1721050,5638.39,47494, 529965, 30.79,2.47
KNRCON, EQ, 27-Dec-2021,285.95,287.0,287.0,282.1, 282.90,284.05,283.79,97499,276.7,5003, 36311, 37.24,-0.66
KNRCON, EQ, 27-Dec-2022,247.05,249.65,252.6,242.0,243.6,243.2,244.88,173497,424.86,5795, 74214, 42.78,-1.56
KNRCON, EQ, 27-Dec-2023,265.8,267.0,268.5,259.75, 260.00,260.15,264.55,1312134,3471.19,30482, 850220, 64.80,-2.13
KNRCON, EQ, 27-Dec-2024,315.65,317.25,320.2,313.1,315.5,315.25,317.02,271485,860.66,12101, 112903, 41.59,-0.13
KNRCON, EQ, 28-Jan-2020,293.15,293.25,296.05,285.0, 291.00,291.8,290.99,91694,266.82,3049, 45612, 49.74,-0.46
KNRCON, EQ, 28-Jan-2021,370.0,369.95,371.25,365.25, 368.00,367.1,367.91,308763,1135.96,9238, 184011, 59.60,-0.78
KNRCON, EQ, 28-Jan-2022,298.1,301.7,307.75,301.05, 301.05,302.05,303.65,417982,1269.21,23301, 179001, 42.83,1.33
KNRCON, EQ, 28-Jan-2025,290.3,290.85,292.75,281.4,286.45,286.35,285.88,778380,2225.19,37330, 218140, 28.02,-1.36
KNRCON, EQ, 28-Feb-2020,271.05,258.2,271.0,258.2, 266.90,265.3,266.23,173107,460.87,4510, 107221, 61.94,-2.12
KNRCON, EQ, 28-Feb-2022,314.35,314.35,314.35,304.5, 310.00,309.6,308.46,352792,1088.23,13714, 131805, 37.36,-1.51
KNRCON, EQ, 28-Feb-2023,251.85,252.0,259.0,248.25, 255.50,256.05,256.54,271259,695.88,13071, 151388, 55.81,1.67
KNRCON, EQ, 28-Feb-2024,280.9,282.0,291.2,272.2,274.0,275.35,283.82,4318400,12256.49,86218, 1479297, 34.26,-1.98
KNRCON, EQ, 28-Feb-2025,223.4,221.1,222.55,214.05,221.55,220.4,217.62,1178995,2565.74,35044, 486298, 41.25,-1.34
KNRCON, EQ, 28-Mar-2022,280.0,280.0,280.0,271.0, 271.95,271.85,274.14,236710,648.92,8543, 135562, 57.27,-2.91
KNRCON, EQ, 28-Mar-2023,248.55,250.1,251.05,245.05, 247.00,246.85,247.26,221072,546.63,6361, 129656, 58.65,-0.68
KNRCON, EQ, 28-Mar-2024,247.6,250.0,253.0,245.25,246.1,246.3,248.77,581860,1447.51,16810, 344722, 59.24,-0.53
KNRCON, EQ, 28-Mar-2025,226.58,228.0,244.41,226.0,227.49,228.13,234.0,3581774,8381.22,76932, 763623, 21.32,0.68
KNRCON, EQ, 28-Apr-2020,200.25,202.9,203.9,192.0, 201.45,200.85,198.23,335935,665.92,7673, 133683, 39.79,0.3
KNRCON, EQ, 28-Apr-2021,192.05,194.3,196.35,192.5, 194.65,194.25,194.39,587876,1142.78,5365, 284476, 48.39,1.15
KNRCON, EQ, 28-Apr-2022,279.85,281.7,281.7,273.25, 275.00,277.0,276.82,199671,552.73,8495, 101116, 50.64,-1.02
KNRCON, EQ, 28-Apr-2023,240.05,240.85,242.3,238.5, 240.20,240.2,240.36,183312,440.61,3480, 117037, 63.85,0.06
KNRCON, EQ, 28-May-2020,188.05,188.5,196.0,188.5,194.7,194.4,192.3,122056,234.72,3295, 52501, 43.01,3.38
KNRCON, EQ, 28-May-2021,222.65,221.4,223.0,216.5,217.95,217.05,219.3,581343,1274.9,12191, 350747, 60.33,-2.52
KNRCON, EQ, 28-May-2024,269.75,269.7,281.5,267.1,278.4,278.1,277.89,2684841,7461.02,52145, 910188, 33.90,3.1
KNRCON, EQ, 28-Jun-2021,220.25,221.0,223.9,218.7, 220.00,220.25,221.19,517849,1145.41,10082, 395626, 76.40,0.0
KNRCON, EQ, 28-Jun-2022,233.4,230.05,236.5,228.1, 235.05,235.15,232.69,220419,512.89,8964, 118374, 53.70,0.75
KNRCON, EQ, 28-Jun-2024,349.9,350.0,355.45,343.6,347.5,348.7,348.91,1083585,3780.74,19236, 687866, 63.48,-0.34
KNRCON, EQ, 28-Jul-2020,203.85,204.1,208.55,201.8,205.5,205.1,205.06,218787,448.65,2098, 185481, 84.78,0.61
KNRCON, EQ, 28-Jul-2021,273.4,272.5,276.9,260.65,272.0,273.6,268.17,967086,2593.41,25282, 439496, 45.45,0.07
KNRCON, EQ, 28-Jul-2022,251.95,252.85,258.85,250.8, 258.00,257.35,255.68,106427,272.12,4948, 53116, 49.91,2.14
KNRCON, EQ, 28-Jul-2023,244.6,245.4,245.85,243.25, 243.80,244.15,244.52,131022,320.38,4966, 67224, 51.31,-0.18
KNRCON, EQ, 28-Aug-2020,270.95,271.6,280.6,266.25, 267.00,270.2,274.94,484426,1331.87,7886, 162390, 33.52,-0.28
KNRCON, EQ, 28-Aug-2023,266.25,268.5,271.75,266.05, 267.15,268.1,268.58,393449,1056.71,8770, 192019, 48.80,0.69
KNRCON, EQ, 28-Aug-2024,339.4,342.05,343.0,334.9,335.1,335.45,337.6,623545,2105.07,22376, 304459, 48.83,-1.16
KNRCON, EQ, 28-Sep-2020,249.3,249.3,252.9,247.15,250.5,250.6,250.43,179906,450.53,2524,148943,82.79,0.52
KNRCON, EQ, 28-Sep-2021,291.15,292.8,294.0,286.45, 287.50,287.85,289.65,387180,1121.46,10472, 171179, 44.21,-1.13
KNRCON, EQ, 28-Sep-2022,234.5,228.8,231.5,226.4,229.0,228.2,228.79,338987,775.57,12378, 153131, 45.17,-2.69
KNRCON, EQ, 28-Sep-2023,279.55,282.0,289.7,281.05, 284.10,284.55,286.68,2238313,6416.73,36612, 1003660, 44.84,1.79
KNRCON, EQ, 28-Oct-2020,249.15,249.95,253.35,243.1, 248.10,246.0,248.68,52043,129.42,4783, 33002, 63.41,-1.26
KNRCON, EQ, 28-Oct-2021,282.85,282.85,285.9,281.2, 283.45,283.4,283.6,153466,435.22,7919, 66237, 43.16,0.19
KNRCON, EQ, 28-Oct-2022,222.4,222.4,224.75,216.85,220.0,220.75,220.86,142812,315.42,6705, 67104, 46.99,-0.74
KNRCON, EQ, 28-Oct-2024,278.0,278.3,289.45,274.4,286.95,286.75,283.07,695159,1967.8,28149, 215521, 31.00,3.15
KNRCON, EQ, 28-Nov-2022,251.6,250.0,262.95,248.8, 262.95,261.6,257.26,311286,800.82,7536, 182080, 58.49,3.97
KNRCON, EQ, 28-Nov-2023,288.25,288.25,295.1,287.6, 290.20,289.4,290.81,1012480,2944.43,32301, 590091, 58.28,0.4
KNRCON, EQ, 28-Nov-2024,329.2,328.4,331.65,324.15,327.75,325.4,327.08,623845,2040.5,23085, 263344, 42.21,-1.15
KNRCON, EQ, 28-Dec-2020,327.65,332.75,334.5,323.35,332.3,333.05,331.5,348941,1156.74,9091, 176867, 50.69,1.65
KNRCON, EQ, 28-Dec-2021,284.05,285.9,293.45,284.1,287.95,288.75,289.99,216317,627.3,5999, 110231, 50.96,1.65
KNRCON, EQ, 28-Dec-2022,243.2,244.45,253.0,241.5, 252.95,251.25,247.15,269584,666.28,8316, 148383, 55.04,3.31
KNRCON, EQ, 28-Dec-2023,260.15,260.2,263.2,256.3, 257.50,257.85,258.8,848909,2196.96,17913, 509562, 60.03,-0.88
KNRCON, EQ, 29-Jan-2020,291.8,291.75,302.5,291.6, 298.00,297.7,297.93,187729,559.31,5748, 91244, 48.60,2.02
KNRCON, EQ, 29-Jan-2021,367.1,373.7,374.95,366.55, 369.90,368.9,368.9,319393,1178.25,9316, 172684, 54.07,0.49
KNRCON, EQ, 29-Jan-2024,263.15,266.0,269.9,265.05, 265.85,267.5,267.3,726362,1941.6,16911, 396633, 54.61,1.65
KNRCON, EQ, 29-Jan-2025,286.35,285.0,293.45,283.5,289.9,290.05,290.77,593982,1727.15,24293, 279695, 47.09,1.29
KNRCON, EQ, 29-Feb-2024,275.35,276.4,276.4,266.65, 269.40,268.0,269.85,1018381,2748.11,22015, 492394, 48.35,-2.67
KNRCON, EQ, 29-Mar-2022,271.85,273.7,274.75,268.3, 270.10,272.1,271.23,443367,1202.56,12912, 267404, 60.31,0.09
KNRCON, EQ, 29-Mar-2023,246.85,247.1,251.0,246.5, 248.50,248.85,248.51,178068,442.51,4519, 117816, 66.16,0.81
KNRCON, EQ, 29-Apr-2020,200.85,198.5,212.5,198.05,210.0,209.55,207.75,621095,1290.35,10779, 240949, 38.79,4.33
KNRCON, EQ, 29-Apr-2021,194.25,198.55,202.5,198.0, 200.00,199.65,200.03,873371,1747.03,9704, 415734, 47.60,2.78
KNRCON, EQ, 29-Apr-2022,277.0,276.95,276.95,268.0,270.05,270.35,273.55,280027,766.02,6670, 198744, 70.97,-2.4
KNRCON, EQ, 29-Apr-2024,266.7,268.5,275.1,267.45, 268.20,268.95,271.81,1705816,4636.57,38890, 758418, 44.46,0.84
KNRCON, EQ, 29-May-2020,194.4,193.7,201.65,191.3, 201.00,200.7,198.72,177972,353.67,4187, 88498, 49.73,3.24
KNRCON, EQ, 29-May-2023,239.25,241.95,245.5,241.05, 244.00,243.8,243.61,302428,736.74,9956, 159814, 52.84,1.9
KNRCON, EQ, 29-May-2024,278.1,278.0,286.0,277.0,281.9,279.95,281.86,2116271,5964.82,42557, 774604, 36.60,0.67
KNRCON, EQ, 29-Jun-2020,220.65,219.6,219.6,202.55, 206.65,209.4,212.34,382433,812.05,8765, 107722, 28.17,-5.1
KNRCON, EQ, 29-Jun-2021,220.25,220.0,228.25,220.0, 225.85,226.15,225.82,771150,1741.38,16768, 311878, 40.44,2.68
KNRCON, EQ, 29-Jun-2022,235.15,232.2,235.5,225.4, 232.00,230.95,231.98,168270,390.36,8174, 83918, 49.87,-1.79
KNRCON, EQ, 28-Jun-2023,241.15,242.25,242.4,237.5, 241.30,241.0,240.03,196905,472.63,5617, 105852, 53.76,-0.06
KNRCON, EQ, 29-Jul-2020,205.1,207.0,208.0,203.05, 205.80,204.0,204.94,83344,170.8,2021, 41842, 50.20,-0.54
KNRCON, EQ, 29-Jul-2021,273.6,273.0,279.05,270.45,279.0,277.5,275.61,470820,1297.62,20185, 221839, 47.12,1.43
KNRCON, EQ, 29-Jul-2022,257.35,257.85,264.35,256.3,263.75,263.6,261.07,139016,362.92,5808, 75176, 54.08,2.43
KNRCON, EQ, 29-Jul-2024,367.4,370.0,392.5,368.6,388.7,389.1,384.98,5804611,22346.45,104580, 1750162, 30.15,5.91
KNRCON, EQ, 29-Aug-2022,261.7,251.0,264.0,250.1, 261.00,260.55,259.12,123714,320.57,6497, 49206, 39.77,-0.44
KNRCON, EQ, 29-Aug-2023,268.1,268.1,270.9,266.0, 267.00,268.05,268.57,337935,907.6,7357, 164506, 48.68,-0.02
KNRCON, EQ, 29-Aug-2024,335.45,335.5,338.4,331.9,334.0,333.95,334.05,463694,1548.97,16233, 204668, 44.14,-0.45
KNRCON, EQ, 29-Sep-2020,250.6,250.6,257.95,245.5,251.1,252.45,250.74,58312,146.21,2432, 20521, 35.19,0.74
KNRCON, EQ, 29-Sep-2021,287.85,287.0,289.5,285.0, 288.00,287.95,287.29,310102,890.9,7825, 129529, 41.77,0.03
KNRCON, EQ, 29-Sep-2022,228.2,229.9,234.95,226.5,228.25,227.8,230.43,325763,750.64,6155, 244467, 75.04,-0.18
KNRCON, EQ, 29-Sep-2023,284.55,287.0,290.0,282.15, 283.00,284.0,284.8,785267,2236.48,14985, 387142, 49.30,-0.19
KNRCON, EQ, 29-Oct-2020,246.0,243.15,248.95,241.75,245.25,245.0,244.97,178464,437.19,12998, 158991, 89.09,-0.41
KNRCON, EQ, 29-Oct-2021,283.4,284.0,284.95,278.2, 279.80,279.8,281.22,307659,865.2,12111, 83635, 27.18,-1.27
KNRCON, EQ, 29-Oct-2024,286.75,287.4,294.1,285.25,291.95,290.65,289.56,380485,1101.74,19456, 142551, 37.47,1.36
KNRCON, EQ, 29-Nov-2021,262.85,255.35,269.25,242.35, 264.00,264.55,259.67,414042,1075.13,16235, 144182, 34.82,0.65
KNRCON, EQ, 29-Nov-2022,261.6,264.65,264.65,257.4,260.0,260.65,260.19,197372,513.54,5981, 94186, 47.72,-0.36
KNRCON, EQ, 29-Nov-2023,289.4,290.85,296.9,287.75, 288.25,288.65,291.9,855193,2496.3,20275, 387953, 45.36,-0.26
KNRCON, EQ, 29-Nov-2024,325.4,326.25,333.0,324.6,326.7,326.8,327.73,1015221,3327.17,28812, 466741, 45.97,0.43
KNRCON, EQ, 29-Dec-2020,333.05,331.3,334.4,327.15,327.15,328.55,330.22,114217,377.17,4162, 51271, 44.89,-1.35
KNRCON, EQ, 29-Dec-2021,288.75,290.0,302.9,290.0, 300.80,299.7,299.5,1472877,4411.22,32225, 405747, 27.55,3.79
KNRCON, EQ, 29-Dec-2022,251.25,252.8,252.8,246.55, 248.00,247.8,249.47,271201,676.58,8047, 179266, 66.10,-1.37
KNRCON, EQ, 29-Dec-2023,257.85,255.0,259.15,254.7, 257.70,256.45,256.3,821509,2105.54,18692, 479032, 58.31,-0.54
KNRCON, EQ, 30-Jan-2020,297.7,299.25,311.8,299.25, 305.00,304.65,305.11,532697,1625.32,14562, 209963, 39.42,2.33
KNRCON, EQ, 30-Jan-2023,244.45,242.4,248.8,238.0, 239.90,239.1,240.95,198281,477.76,8970, 95007, 47.92,-2.19
KNRCON, EQ, 30-Jan-2024,267.5,270.0,273.85,267.5, 270.85,270.9,271.14,1154284,3129.68,20616, 624565, 54.11,1.27
KNRCON, EQ, 30-Jan-2025,290.05,292.95,299.0,289.0,290.2,289.95,292.82,413035,1209.43,18592, 188716, 45.69,-0.03
KNRCON, EQ, 30-Mar-2020,194.9,190.0,196.95,185.85, 190.75,189.35,189.75,203141,385.45,4800, 163930, 80.70,-2.85
KNRCON, EQ, 30-Mar-2021,205.8,208.5,209.75,204.0,208.45,206.95,206.85,319519,660.94,9431, 161396, 50.51,0.56
KNRCON, EQ, 30-Mar-2022,272.1,273.9,280.0,270.05, 278.50,276.7,275.53,1331356,3668.34,29687, 807207, 60.63,1.69
KNRCON, EQ, 30-Apr-2020,209.55,212.85,215.0,206.05,208.5,210.45,210.67,404771,852.72,7901, 116025, 28.66,0.43
KNRCON, EQ, 30-Apr-2021,199.65,200.0,202.0,198.55,200.0,200.05,200.56,295100,591.85,5083, 171202, 58.01,0.2
KNRCON, EQ, 30-Apr-2024,268.95,269.95,272.0,265.0, 266.00,265.7,267.69,298763,799.76,10918, 180864, 60.54,-1.21
KNRCON, EQ, 30-May-2022,242.0,242.0,245.95,236.45, 243.00,244.05,242.48,135224,327.89,4960, 50331, 37.22,0.85
KNRCON, EQ, 30-May-2023,243.8,244.0,248.4,242.75, 243.50,243.7,245.28,389804,956.13,7543, 233449, 59.89,-0.04
KNRCON, EQ, 30-May-2024,279.95,289.0,309.8,287.15,302.9,302.6,302.27,24832415,75060.23,256487, 3131297, 12.61,8.09
KNRCON, EQ, 30-Jun-2020,209.4,207.95,211.75,207.5, 209.40,209.3,209.4,110662,231.73,3227, 39857, 36.02,-0.05
KNRCON, EQ, 30-Jun-2021,226.15,228.0,259.9,226.8, 235.20,238.55,245.29,12305585,30184.25,154053, 2521737, 20.49,5.48
KNRCON, EQ, 30-Jun-2022,230.95,231.0,234.8,228.2,233.0,233.05,231.34,129604,299.82,7393, 61714, 47.62,0.91
KNRCON, EQ, 30-Jun-2023,241.0,244.0,244.8,241.5, 242.00,242.0,243.44,719472,1751.49,9374, 530948, 73.80,0.41
KNRCON, EQ, 30-Jul-2020,204.0,206.65,206.8,201.2, 204.80,203.15,203.79,56539,115.22,1781, 31005, 54.84,-0.42
KNRCON, EQ, 30-Jul-2021,277.5,275.05,283.9,268.2, 270.45,270.85,278.25,1367095,3803.97,31410, 712413, 52.11,-2.4
KNRCON, EQ, 30-Jul-2024,389.1,392.0,413.5,388.2,409.65,409.6,404.01,8406937,33964.66,151271, 2375762, 28.26,5.27
KNRCON, EQ, 30-Aug-2021,318.45,319.0,329.8,315.6, 321.00,321.2,322.67,1146589,3699.66,21968, 289097, 25.21,0.86
KNRCON, EQ, 30-Aug-2022,260.55,262.0,268.7,258.5, 261.50,260.8,263.08,241183,634.5,8595, 136907, 56.76,0.1
KNRCON, EQ, 30-Aug-2023,268.05,269.95,272.75,268.15, 269.80,270.05,269.85,451938,1219.57,9701, 269552, 59.64,0.75
KNRCON, EQ, 30-Aug-2024,333.95,335.45,337.35,329.55,331.5,330.95,333.66,608695,2030.94,17358, 327915, 53.87,-0.9
KNRCON, EQ, 30-Sep-2020,252.45,253.75,259.0,250.55,258.0,256.25,254.16,102457,260.41,3591, 31307, 30.56,1.51
KNRCON, EQ, 30-Sep-2021,287.95,288.0,292.15,286.05, 287.00,286.75,287.95,366895,1056.49,9091, 173648, 47.33,-0.42
KNRCON, EQ, 30-Sep-2022,227.8,226.0,230.0,222.95, 229.40,228.75,227.03,132760,301.41,6071, 55127, 41.52,0.42
KNRCON, EQ, 30-Sep-2024,336.6,338.4,346.45,334.95,343.5,343.75,341.52,852989,2913.12,27959, 359692, 42.17,2.12
KNRCON, EQ, 30-Oct-2020,245.0,243.5,251.9,243.5, 250.45,250.35,249.08,67378,167.82,7132, 39565, 58.72,2.18
KNRCON, EQ, 30-Oct-2023,263.7,263.7,264.85,257.5, 259.25,258.4,260.71,625767,1631.44,15154, 417659, 66.74,-2.01
KNRCON, EQ, 30-Oct-2024,290.65,290.65,296.95,288.0,290.0,289.5,291.1,820146,2387.48,37285, 433853, 52.90,-0.4
KNRCON, EQ, 30-Nov-2021,264.55,264.55,283.45,260.6,282.0,281.2,274.88,583954,1605.16,19808, 229760, 39.35,6.29
KNRCON, EQ, 30-Nov-2022,260.65,262.0,262.7,258.6,260.0,261.75,260.71,158660,413.64,5347, 77532, 48.87,0.42
KNRCON, EQ, 30-Nov-2023,288.65,289.4,292.8,287.75, 291.10,291.65,290.78,620660,1804.74,19817, 351738, 56.67,1.04
KNRCON, EQ, 30-Dec-2020,328.55,328.55,328.6,325.0,325.7,326.05,326.67,101132,330.37,3929, 44407, 43.91,-0.76
KNRCON, EQ, 30-Dec-2021,299.7,300.2,302.65,292.5, 293.80,295.0,298.8,269444,805.09,8211, 107111, 39.75,-1.57
KNRCON, EQ, 30-Dec-2022,247.8,255.0,263.7,252.9,256.0,254.85,258.31,1220356,3152.33,24808, 313676, 25.70,2.85
KNRCON, EQ, 30-Dec-2024,315.25,317.4,344.15,313.3,340.4,341.1,335.26,3939034,13205.95,92737, 935306, 23.74,8.2
KNRCON, EQ, 31-Jan-2020,304.65,309.4,311.75,299.35, 303.80,301.25,305.77,266694,815.48,6484, 147695, 55.38,-1.12
KNRCON, EQ, 31-Jan-2022,302.05,306.0,318.0,304.5,318.0,315.35,311.36,537160,1672.5,16592, 224139, 41.73,4.4
KNRCON, EQ, 31-Jan-2023,239.1,241.65,248.5,238.65,245.0,246.95,244.1,269491,657.81,6761, 156634, 58.12,3.28
KNRCON, EQ, 31-Jan-2024,270.9,271.8,278.0,270.9, 275.50,276.6,274.78,1415217,3888.67,21796, 878964, 62.11,2.1
KNRCON, EQ, 31-Jan-2025,289.95,290.55,299.7,285.5,299.3,296.75,291.27,1352662,3939.91,37772, 607840, 44.94,2.35
KNRCON, EQ, 31-Mar-2020,189.35,196.0,199.0,191.4,199.0,196.5,194.87,35699,69.57,1090, 25609, 71.74,3.78
KNRCON, EQ, 31-Mar-2021,206.95,214.0,216.8,211.05, 213.90,213.4,214.05,1642229,3515.23,27985, 401865, 24.47,3.12
KNRCON, EQ, 31-Mar-2022,276.7,282.0,285.0,278.5, 285.00,284.15,282.59,287790,813.27,12244, 153602, 53.37,2.69
KNRCON, EQ, 31-Mar-2023,248.85,246.6,255.25,246.6, 254.00,253.7,252.82,278373,703.77,6505, 105864, 38.03,1.95
KNRCON, EQ, 31-May-2021,217.05,218.0,224.25,217.5, 220.00,219.7,220.34,434105,956.53,8143, 136017, 31.33,1.22
KNRCON, EQ, 31-May-2022,244.05,270.0,270.0,255.0, 255.60,260.0,263.23,2564666,6751.0,49154, 296124, 11.55,6.54
KNRCON, EQ, 31-May-2023,243.7,243.9,249.5,243.4, 247.55,247.05,247.13,683793,1689.88,17329, 395823, 57.89,1.37
KNRCON, EQ, 31-May-2024,302.6,305.0,330.7,295.65,317.45,317.9,314.79,13764535,43328.74,154726, 2565829, 18.64,5.06
KNRCON, EQ, 31-Jul-2020,203.15,205.0,213.0,201.15,212.0,210.6,208.4,164312,342.42,5033, 100111, 60.93,3.67
KNRCON, EQ, 31-Jul-2023,244.15,245.0,248.0,244.8, 247.50,247.35,246.41,308623,760.48,10502, 190295, 61.66,1.31
KNRCON, EQ, 31-Jul-2024,409.6,411.0,415.4,396.75,405.55,405.0,405.05,3513268,14230.51,80050, 1153688, 32.84,-1.12
KNRCON, EQ, 31-Aug-2020,270.2,270.65,271.8,250.0, 254.40,253.05,257.64,273052,703.48,11154, 114563, 41.96,-6.35
KNRCON, EQ, 31-Aug-2021,321.2,325.0,334.85,320.55,332.0,332.4,327.35,1258725,4120.49,25099, 289776, 23.02,3.49
KNRCON, EQ, 31-Aug-2023,270.05,271.4,284.75,268.5, 276.00,275.6,279.1,3500641,9770.34,43786, 1331035, 38.02,2.06
KNRCON, EQ, 31-Oct-2022,220.75,221.1,223.5,218.45,222.0,222.6,221.17,127496,281.98,7865, 70480, 55.28,0.84
KNRCON, EQ, 31-Oct-2023,258.4,259.85,265.55,259.85, 262.65,263.95,263.75,273778,722.08,6485, 136493, 49.86,2.15
KNRCON, EQ, 31-Oct-2024,289.5,289.5,299.35,289.2,296.6,297.0,296.57,691298,2050.16,21863, 320519, 46.36,2.59
KNRCON, EQ, 31-Dec-2020,326.05,325.5,327.75,324.0,325.5,324.4,325.62,103365,336.58,3378, 45774, 44.28,-0.51
KNRCON, EQ, 31-Dec-2021,295.0,295.5,302.7,294.6,299.5,299.85,299.12,506499,1515.02,15282, 175438, 34.64,1.64
KNRCON, EQ, 31-Dec-2024,341.1,338.0,352.0,336.0,345.0,346.15,344.65,2241058,7723.72,70985, 482880, 21.55,1.48
