SYMBOL, SERIES, DATE1, PREV_CLOSE, OPEN_PRICE, HIGH_PRICE, LOW_PRICE, LAST_PRICE, CLOSE_PRICE, AVG_PRICE, TTL_TRD_QNTY, TURNOVER_LACS, NO_OF_TRADES, DELIV_QTY, DELIV_PER,PER_CHANGE
LICNFNHGP, EQ, 01-Jan-2020,127.36,127.7,130.15,126.2, 129.95,128.62,129.26,139,0.18,10, 109, 78.42,0.99
LICNFNHGP, EQ, 01-Jan-2021,140.84,139.0,141.88,137.6, 141.24,141.19,140.96,577,0.81,33, 531, 92.03,0.25
LICNFNHGP, EQ, 01-Jan-2024,235.29,235.0,239.31,233.3, 235.25,235.83,235.84,699,1.65,102, 419, 59.94,0.23
LICNFNHGP, EQ, 01-Jan-2025,264.12,260.02,267.55,260.02,266.19,265.86,265.53,300,0.8,45, 256, 85.33,0.66
LICNFNHGP, EQ, 01-Feb-2021,147.11,147.11,147.11,142.95, 145.11,145.11,144.47,1119,1.62,105, 688, 61.48,-1.36
LICNFNHGP, EQ, 01-Feb-2022,185.86,189.6,189.6,186.6,188.5,188.05,188.9,133939,253.01,142, 132699, 99.07,1.18
LICNFNHGP, EQ, 01-Feb-2023,190.25,189.8,192.1,189.0, 191.25,191.2,190.87,148,0.28,30, 64, 43.24,0.5
LICNFNHGP, EQ, 01-Feb-2024,235.02,235.49,238.45,234.84, 235.00,235.86,236.47,5273,12.47,147, 180, 3.41,0.36
LICNFNHGP, EQ, 01-Mar-2021,150.12,154.0,154.0,150.0, 150.01,150.4,151.12,141,0.21,37, 89, 63.12,0.19
LICNFNHGP, EQ, 01-Mar-2023,184.0,185.0,185.25,185.0, 185.25,185.25,185.08,3,0.01,3, 1, 33.33,0.68
LICNFNHGP, EQ, 01-Mar-2024,242.71,243.0,244.87,241.79, 244.87,243.52,243.58,391,0.95,41, 134, 34.27,0.33
LICNFNHGP, EQ, 01-Apr-2020,101.0,100.0,103.0,85.0,100.0,93.52,91.11,1007,0.92,82, 721, 71.60,-7.41
LICNFNHGP, EQ, 01-Apr-2021,148.44,150.0,152.2,148.44, 151.95,151.08,150.97,68,0.1,21, 52, 76.47,1.78
LICNFNHGP, EQ, 01-Apr-2022,186.5,185.0,188.45,185.0, 188.28,188.01,187.87,6861,12.89,84, 6008, 87.57,0.81
LICNFNHGP, EQ, 01-Apr-2024,243.81,248.7,248.7,240.08, 241.07,242.72,243.73,3338,8.14,136, 697, 20.88,-0.45
LICNFNHGP, EQ, 01-Apr-2025,262.4,261.37,262.32,256.06,258.95,257.07,258.89,1910,4.94,69, 1776, 92.98,-2.03
LICNFNHGP, EQ, 01-Jun-2020,97.25,98.11,103.15,98.11, 99.21,99.42,100.57,389,0.39,30, 335, 86.12,2.23
LICNFNHGP, EQ, 01-Jun-2021,163.92,167.9,169.88,159.95, 163.00,162.31,164.44,4258,7.0,353, 1978, 46.45,-0.98
LICNFNHGP, EQ, 01-Jun-2022,177.5,183.7,183.7,174.75,176.25,176.25,177.13,983,1.74,67, 788, 80.16,-0.7
LICNFNHGP, EQ, 01-Jun-2023,196.5,197.9,198.05,196.8, 196.80,196.8,197.55,199,0.39,14, 198, 99.50,0.15
LICNFNHGP, EQ, 01-Jul-2020,110.0,109.0,109.0,109.0, 109.00,109.0,109.0,4,0.0,2, 4, 100.00,-0.91
LICNFNHGP, EQ, 01-Jul-2021,166.08,163.1,166.48,163.0, 164.50,163.58,163.9,1047,1.72,128, 565, 53.96,-1.51
LICNFNHGP, EQ, 01-Jul-2022,168.4,170.0,171.99,166.75,168.75,167.89,167.58,569,0.95,46, 125, 21.97,-0.3
LICNFNHGP, EQ, 01-Jul-2024,265.35,270.29,270.29,262.04,266.5,266.49,266.64,519,1.38,77, 358, 68.98,0.43
LICNFNHGP, EQ, 01-Aug-2022,183.94,178.6,186.5,178.6, 186.00,186.17,185.16,2183,4.04,77, 1447, 66.28,1.21
LICNFNHGP, EQ, 01-Aug-2023,209.5,213.0,213.0,208.0, 210.00,209.96,209.22,1449,3.03,30, 1429, 98.62,0.22
LICNFNHGP, EQ, 01-Aug-2024,277.19,274.57,280.8,274.56,278.65,278.79,279.04,572,1.6,63, 352, 61.54,0.58
LICNFNHGP, EQ, 01-Sep-2020,119.0,121.9,121.9,120.0, 121.85,121.85,121.03,94,0.11,11, 67, 71.28,2.39
LICNFNHGP, EQ, 01-Sep-2021,166.61,165.1,169.95,165.1,168.76,169.59,168.9,728,1.23,89, 449, 61.68,1.79
LICNFNHGP, EQ, 01-Sep-2022,191.95,191.15,192.4,185.0,191.75,191.32,189.01,367766,695.11,146, 241364, 65.63,-0.33
LICNFNHGP, EQ, 01-Sep-2023,206.85,207.0,208.34,205.65, 208.31,208.31,207.28,171,0.35,19, 161, 94.15,0.71
LICNFNHGP, EQ, 01-Oct-2020,114.8,118.0,118.0,114.2, 117.30,117.3,115.01,57,0.07,8, 43, 75.44,2.18
LICNFNHGP, EQ, 01-Oct-2021,177.81,176.2,179.95,173.95, 174.01,174.83,174.89,965,1.69,92, 785, 81.35,-1.68
LICNFNHGP, EQ, 01-Oct-2024,285.28,285.28,288.59,282.6,284.7,284.75,284.3,2365,6.72,122, 2053, 86.81,-0.19
LICNFNHGP, EQ, 01-Nov-2021,176.56,177.0,184.49,177.0, 182.47,182.28,180.94,308,0.56,39, 247, 80.19,3.24
LICNFNHGP, EQ, 01-Nov-2022,193.59,194.0,195.6,194.0,195.13,195.33,195.31,640,1.25,51, 581, 90.78,0.9
LICNFNHGP, EQ, 01-Nov-2023,212.08,208.0,209.0,202.72, 203.72,203.76,205.27,761,1.56,96, 524, 68.86,-3.92
LICNFNHGP, EQ, 01-Dec-2020,131.74,139.5,139.5,127.0,131.49,131.45,130.83,92,0.12,23, 55, 59.78,-0.22
LICNFNHGP, EQ, 01-Dec-2021,179.84,182.9,187.0,178.2,185.0,185.0,184.9,18799,34.76,165, 18666, 99.29,2.87
LICNFNHGP, EQ, 01-Dec-2022,201.04,202.0,203.32,201.0,201.0,201.37,202.21,595,1.2,37, 270, 45.38,0.16
LICNFNHGP, EQ, 01-Dec-2023,213.73,218.01,219.37,213.36, 217.03,217.16,216.79,1731,3.75,89, 806, 46.56,1.6
LICNFNHGP, EQ, 02-Jan-2020,128.62,129.0,129.5,127.05, 127.10,127.1,127.26,741,0.94,8, 706, 95.28,-1.18
LICNFNHGP, EQ, 02-Jan-2023,195.14,192.31,198.67,192.31, 194.50,194.5,195.92,399,0.78,28, 332, 83.21,-0.33
LICNFNHGP, EQ, 02-Jan-2024,235.83,238.9,247.69,233.33, 238.70,238.26,236.0,565,1.33,83, 219, 38.76,1.03
LICNFNHGP, EQ, 02-Jan-2025,265.86,269.3,271.7,265.01,269.29,270.37,269.01,1112,2.99,71, 940, 84.53,1.7
LICNFNHGP, EQ, 02-Feb-2021,145.11,150.0,150.89,145.5, 146.10,147.18,148.34,317,0.47,54, 101, 31.86,1.43
LICNFNHGP, EQ, 02-Feb-2022,188.05,187.0,190.78,185.55, 190.00,189.97,189.84,657,1.25,69, 416, 63.32,1.02
LICNFNHGP, EQ, 02-Feb-2023,191.2,190.5,190.5,188.5, 190.25,190.25,189.64,101,0.19,38, 74, 73.27,-0.5
LICNFNHGP, EQ, 02-Feb-2024,235.86,234.99,239.7,234.99, 239.70,238.97,237.26,1706,4.05,49, 572, 33.53,1.32
LICNFNHGP, EQ, 02-Mar-2020,118.0,117.7,120.49,116.3, 118.05,117.23,119.32,89,0.11,9, 66, 74.16,-0.65
LICNFNHGP, EQ, 02-Mar-2021,150.4,151.6,153.98,150.05,152.95,152.91,152.78,397,0.61,53, 390, 98.24,1.67
LICNFNHGP, EQ, 02-Mar-2022,179.68,183.3,183.5,176.0, 178.20,178.12,177.92,2527,4.5,92, 2279, 90.19,-0.87
LICNFNHGP, EQ, 02-Mar-2023,185.25,185.25,185.25,183.5, 183.65,183.64,184.9,700,1.29,38, 587, 83.86,-0.87
LICNFNHGP, EQ, 02-Apr-2024,242.72,236.66,245.98,236.66, 245.44,245.22,244.81,424,1.04,37, 304, 71.70,1.03
LICNFNHGP, EQ, 02-Apr-2025,257.07,262.88,262.88,256.6,261.07,259.37,260.05,283,0.74,32, 273, 96.47,0.89
LICNFNHGP, EQ, 02-May-2022,185.3,186.15,186.15,181.25,184.16,183.95,183.87,1650,3.03,60, 1404, 85.09,-0.73
LICNFNHGP, EQ, 02-May-2023,190.02,191.0,192.79,191.0, 191.50,191.5,191.62,229,0.44,30, 212, 92.58,0.78
LICNFNHGP, EQ, 02-May-2024,249.56,252.86,252.87,247.01, 250.97,250.99,250.31,1614,4.04,70, 784, 48.57,0.57
LICNFNHGP, EQ, 02-Jun-2020,99.42,99.0,102.94,98.55,101.7,101.71,100.9,2329,2.35,160, 1590, 68.27,2.3
LICNFNHGP, EQ, 02-Jun-2021,162.31,164.3,167.9,163.1, 165.88,165.07,164.19,538,0.88,164, 324, 60.22,1.7
LICNFNHGP, EQ, 02-Jun-2022,176.25,179.8,179.8,176.25,177.5,177.49,177.19,626,1.11,33, 433, 69.17,0.7
LICNFNHGP, EQ, 02-Jun-2023,196.8,201.2,201.2,197.05, 197.05,197.05,200.39,178,0.36,14, 177, 99.44,0.13
LICNFNHGP, EQ, 02-Jul-2020,109.0,109.25,118.0,109.25, 115.00,114.32,114.16,907,1.04,116, 428, 47.19,4.88
LICNFNHGP, EQ, 02-Jul-2021,163.58,165.9,166.8,163.58,166.8,164.9,164.34,222,0.36,41, 150, 67.57,0.81
LICNFNHGP, EQ, 02-Jul-2024,266.49,269.81,273.8,262.49,265.32,271.4,269.27,967,2.6,105, 703, 72.70,1.84
LICNFNHGP, EQ, 02-Aug-2021,161.12,161.1,163.9,161.0,162.24,162.24,161.95,381,0.62,53, 276, 72.44,0.7
LICNFNHGP, EQ, 02-Aug-2022,186.17,193.7,193.7,185.75,187.0,188.08,186.65,646,1.21,75, 359, 55.57,1.03
LICNFNHGP, EQ, 02-Aug-2023,209.96,214.97,214.97,207.16, 208.88,208.8,210.41,1932,4.07,51, 801, 41.46,-0.55
LICNFNHGP, EQ, 02-Aug-2024,278.79,284.0,284.0,275.26,276.01,281.86,277.81,891,2.48,68, 708, 79.46,1.1
LICNFNHGP, EQ, 02-Sep-2020,121.85,120.01,122.48,117.1, 117.10,117.87,119.17,286,0.34,25, 180, 62.94,-3.27
LICNFNHGP, EQ, 02-Sep-2021,169.59,179.89,179.89,167.01, 175.00,171.42,171.15,1224,2.09,55, 799, 65.28,1.08
LICNFNHGP, EQ, 02-Sep-2022,191.32,191.75,192.07,190.25,191.25,191.17,190.91,973,1.86,45, 959, 98.56,-0.08
LICNFNHGP, EQ, 02-Sep-2024,281.15,284.66,284.66,278.25,282.92,279.22,280.61,2261,6.34,163, 1192, 52.72,-0.69
LICNFNHGP, EQ, 02-Nov-2020,118.0,121.5,121.5,118.01, 120.90,120.9,119.11,34,0.04,6, 25, 73.53,2.46
LICNFNHGP, EQ, 02-Nov-2021,182.28,184.5,184.5,178.5, 179.20,179.23,180.1,633,1.14,73, 402, 63.51,-1.67
LICNFNHGP, EQ, 02-Nov-2022,195.33,196.0,197.48,191.56,195.0,194.56,195.09,325,0.63,47, 257, 79.08,-0.39
LICNFNHGP, EQ, 02-Nov-2023,203.76,205.3,205.44,204.05, 205.44,205.44,204.81,34,0.07,13, 13, 38.24,0.82
LICNFNHGP, EQ, 02-Dec-2020,131.45,131.45,134.0,129.7, 132.00,133.27,131.76,923,1.22,44, 869, 94.15,1.38
LICNFNHGP, EQ, 02-Dec-2021,185.0,188.7,195.0,184.0, 191.80,190.79,187.46,3423,6.42,153, 3266, 95.41,3.13
LICNFNHGP, EQ, 02-Dec-2022,201.37,214.7,214.7,199.8, 200.75,200.75,201.85,1502,3.03,65, 1047, 69.71,-0.31
LICNFNHGP, EQ, 02-Dec-2024,269.53,272.69,272.7,269.5,271.92,271.03,271.19,451,1.22,62, 427, 94.68,0.56
LICNFNHGP, EQ, 03-Jan-2020,127.1,130.0,130.0,129.0, 129.00,129.0,129.17,64,0.08,5, 52, 81.25,1.49
LICNFNHGP, EQ, 03-Jan-2022,186.24,188.0,189.3,186.23, 188.92,188.75,188.83,345865,653.09,206, 314691, 90.99,1.35
LICNFNHGP, EQ, 03-Jan-2023,194.5,194.5,196.0,194.43, 195.25,195.25,195.03,228,0.44,32, 162, 71.05,0.39
LICNFNHGP, EQ, 03-Jan-2024,238.26,234.32,238.01,233.3, 236.00,234.59,234.13,858,2.01,54, 643, 74.94,-1.54
LICNFNHGP, EQ, 03-Jan-2025,270.37,269.62,274.42,268.85,268.85,268.87,269.61,1482,4.0,45, 1426, 96.22,-0.55
LICNFNHGP, EQ, 03-Feb-2020,122.99,128.0,149.99,128.0, 149.99,138.37,138.37,147,0.2,13, 142, 96.60,12.51
LICNFNHGP, EQ, 03-Feb-2021,147.18,150.0,152.97,146.05, 151.45,151.13,150.36,532,0.8,87, 298, 56.02,2.68
LICNFNHGP, EQ, 03-Feb-2022,189.97,191.5,191.5,187.75, 187.75,188.39,189.69,107570,204.05,86, 107354, 99.80,-0.83
LICNFNHGP, EQ, 03-Feb-2023,190.25,190.25,191.0,188.0, 191.00,189.3,189.1,609,1.15,76, 521, 85.55,-0.5
LICNFNHGP, EQ, 03-Feb-2025,261.56,260.8,267.7,256.32,263.93,260.18,260.8,2786,7.27,126, 2108, 75.66,-0.53
LICNFNHGP, EQ, 03-Mar-2020,117.23,117.35,119.8,117.05, 118.05,118.34,117.8,13,0.02,6, 11, 84.62,0.95
LICNFNHGP, EQ, 03-Mar-2021,152.91,154.0,154.5,150.97,153.88,153.99,153.86,157,0.24,19, 143, 91.08,0.71
LICNFNHGP, EQ, 03-Mar-2022,178.12,182.7,182.7,175.5,177.69,177.15,177.58,1409,2.5,64, 797, 56.56,-0.54
LICNFNHGP, EQ, 03-Mar-2023,183.64,184.0,185.0,183.0, 184.99,184.99,184.24,82,0.15,17, 53, 64.63,0.74
LICNFNHGP, EQ, 03-Mar-2025,258.38,257.0,265.67,253.17,264.79,261.0,257.49,763,1.96,63, 655, 85.85,1.01
LICNFNHGP, EQ, 03-Apr-2020,93.52,93.52,105.0,82.8, 86.00,89.21,91.84,1614,1.48,84, 463, 28.69,-4.61
LICNFNHGP, EQ, 03-Apr-2023,182.53,180.16,183.99,180.16, 183.00,182.88,182.02,1467,2.67,148, 124, 8.45,0.19
LICNFNHGP, EQ, 03-Apr-2024,245.22,245.44,247.0,243.95, 246.99,246.99,245.98,1129,2.78,61, 823, 72.90,0.72
LICNFNHGP, EQ, 03-Apr-2025,259.37,261.8,261.8,255.48,260.36,258.67,259.6,402,1.04,48, 335, 83.33,-0.27
LICNFNHGP, EQ, 03-May-2021,154.99,159.63,159.63,150.95,154.47,152.67,152.86,979,1.5,87, 671, 68.54,-1.5
LICNFNHGP, EQ, 03-May-2023,191.5,194.89,194.89,190.75,190.81,190.8,191.22,152,0.29,20, 137, 90.13,-0.37
LICNFNHGP, EQ, 03-May-2024,250.99,252.36,253.39,246.1, 249.33,249.41,249.07,1698,4.23,47, 1055, 62.13,-0.63
LICNFNHGP, EQ, 03-Jun-2020,101.71,101.0,107.79,101.0,107.69,107.59,104.42,2201,2.3,78, 1260, 57.25,5.78
LICNFNHGP, EQ, 03-Jun-2021,165.07,167.95,168.16,163.0, 164.00,164.06,165.32,3380,5.59,289, 1376, 40.71,-0.61
LICNFNHGP, EQ, 03-Jun-2022,177.49,175.0,179.49,173.95, 177.00,177.07,177.62,922,1.64,39, 870, 94.36,-0.24
LICNFNHGP, EQ, 03-Jun-2024,252.33,257.38,275.81,256.0,257.1,257.16,263.26,2334,6.14,185, 1150, 49.27,1.91
LICNFNHGP, EQ, 03-Jul-2020,114.32,114.0,115.97,109.32, 110.10,110.53,112.0,441,0.49,54, 336, 76.19,-3.32
LICNFNHGP, EQ, 03-Jul-2023,203.67,203.67,208.9,201.93, 205.03,204.54,205.44,199,0.41,54, 94, 47.24,0.43
LICNFNHGP, EQ, 03-Jul-2024,271.4,273.99,277.91,263.7,272.98,271.88,271.62,2706,7.35,140, 636, 23.50,0.18
LICNFNHGP, EQ, 03-Aug-2020,115.0,113.01,116.99,113.01,116.78,116.78,113.67,36,0.04,6, 35, 97.22,1.55
LICNFNHGP, EQ, 03-Aug-2021,162.24,163.9,163.9,161.25,163.0,162.03,162.11,347,0.56,34, 332, 95.68,-0.13
LICNFNHGP, EQ, 03-Aug-2022,188.08,190.5,190.5,184.35, 187.35,187.01,187.0,3620,6.77,234, 3327, 91.91,-0.57
LICNFNHGP, EQ, 03-Aug-2023,208.8,208.99,211.26,206.31, 206.31,206.31,208.85,1186,2.48,42, 476, 40.13,-1.19
LICNFNHGP, EQ, 03-Sep-2020,117.87,123.1,124.89,113.8, 116.00,115.03,116.62,824,0.96,44, 676, 82.04,-2.41
LICNFNHGP, EQ, 03-Sep-2021,171.42,174.89,174.89,167.21, 174.33,174.0,173.23,640,1.11,69, 332, 51.88,1.51
LICNFNHGP, EQ, 03-Sep-2024,279.22,284.25,284.25,276.5,280.89,280.25,279.44,1429,3.99,115, 343, 24.00,0.37
LICNFNHGP, EQ, 03-Oct-2022,185.87,186.99,186.99,182.01,183.25,183.78,185.21,668,1.24,66, 324, 48.50,-1.12
LICNFNHGP, EQ, 03-Oct-2023,211.1,215.32,218.4,208.75, 209.99,209.52,211.71,636,1.35,100, 451, 70.91,-0.75
LICNFNHGP, EQ, 03-Oct-2024,284.75,287.99,288.0,277.4,282.99,281.57,282.89,1041,2.94,103, 706, 67.82,-1.12
LICNFNHGP, EQ, 03-Nov-2020,120.9,120.9,120.98,118.1,118.18,118.18,118.39,113,0.13,28, 101, 89.38,-2.25
LICNFNHGP, EQ, 03-Nov-2021,179.23,181.97,183.95,180.0, 181.50,181.69,182.28,851,1.55,46, 517, 60.75,1.37
LICNFNHGP, EQ, 03-Nov-2022,194.56,190.16,197.5,190.16,194.3,194.36,194.38,963,1.87,37, 927, 96.26,-0.1
LICNFNHGP, EQ, 03-Nov-2023,205.44,204.35,206.91,204.35, 206.39,206.39,205.41,166,0.34,20, 101, 60.84,0.46
LICNFNHGP, EQ, 03-Dec-2020,133.27,135.95,135.95,130.0,132.91,132.0,132.57,880,1.17,32, 738, 83.86,-0.95
LICNFNHGP, EQ, 03-Dec-2021,190.79,194.65,201.4,185.25, 195.00,195.77,192.77,5756,11.1,202, 5518, 95.87,2.61
LICNFNHGP, EQ, 03-Dec-2024,271.03,272.5,273.78,272.3,273.08,273.13,273.21,1794,4.9,44, 1786, 99.55,0.77
LICNFNHGP, EQ, 04-Jan-2021,141.19,145.42,145.42,141.0,143.95,143.22,142.18,691,0.98,42, 453, 65.56,1.44
LICNFNHGP, EQ, 04-Jan-2022,188.75,190.0,190.83,188.25, 190.68,190.7,189.99,213530,405.7,127, 212111, 99.34,1.03
LICNFNHGP, EQ, 04-Jan-2023,195.25,195.25,198.4,194.0, 194.48,194.48,195.44,523,1.02,50, 262, 50.10,-0.39
LICNFNHGP, EQ, 04-Jan-2024,234.59,237.59,239.7,232.95, 235.21,235.51,235.46,2068,4.87,74, 637, 30.80,0.39
LICNFNHGP, EQ, 04-Feb-2020,138.37,149.99,164.95,115.0, 164.95,126.2,126.65,4850,6.14,151, 2146, 44.25,-8.8
LICNFNHGP, EQ, 04-Feb-2021,151.13,148.15,154.0,148.15, 150.50,150.74,150.2,868,1.3,98, 599, 69.01,-0.26
LICNFNHGP, EQ, 04-Feb-2022,188.39,191.4,191.4,185.05, 188.25,187.7,187.55,1114,2.09,67, 697, 62.57,-0.37
LICNFNHGP, EQ, 04-Feb-2025,260.18,265.7,266.96,260.2,262.02,263.4,263.36,938,2.47,95, 434, 46.27,1.24
LICNFNHGP, EQ, 04-Mar-2020,118.34,118.99,118.99,118.25, 118.25,118.25,118.67,7,0.01,2, 7, 100.00,-0.08
LICNFNHGP, EQ, 04-Mar-2021,153.99,153.99,157.0,152.26, 156.98,153.62,154.68,303,0.47,45, 235, 77.56,-0.24
LICNFNHGP, EQ, 04-Mar-2022,177.15,177.0,177.0,173.5, 174.25,174.63,174.56,3782,6.6,108, 2459, 65.02,-1.42
LICNFNHGP, EQ, 04-Mar-2024,248.08,250.1,250.1,243.09, 245.79,244.81,244.87,990,2.42,59, 503, 50.81,-1.32
LICNFNHGP, EQ, 04-Mar-2025,261.0,268.85,268.85,256.5,259.0,264.49,262.42,1095,2.87,86, 588, 53.70,1.34
LICNFNHGP, EQ, 04-Apr-2022,188.01,193.85,193.85,188.0,190.0,191.99,192.34,1348,2.59,99, 1124, 83.38,2.12
LICNFNHGP, EQ, 04-Apr-2024,246.99,246.91,248.88,242.6, 242.60,244.65,246.81,1436,3.54,69, 792, 55.15,-0.95
LICNFNHGP, EQ, 04-Apr-2025,258.67,255.78,258.44,252.26,255.92,254.68,254.67,2200,5.6,59, 2099, 95.41,-1.54
LICNFNHGP, EQ, 04-May-2020,99.52,102.0,104.9,97.1, 99.35,98.57,98.96,2778,2.75,157, 671, 24.15,-0.95
LICNFNHGP, EQ, 04-May-2021,152.67,157.25,157.25,152.75, 153.10,153.12,153.6,833,1.28,58, 534, 64.11,0.29
LICNFNHGP, EQ, 04-May-2022,183.95,181.25,187.83,180.0,180.99,180.73,183.02,6130,11.22,135, 5385, 87.85,-1.75
LICNFNHGP, EQ, 04-May-2023,190.8,190.92,192.68,190.92, 192.50,192.23,191.84,2456,4.71,29, 2437, 99.23,0.75
LICNFNHGP, EQ, 04-Jun-2020,107.59,107.8,107.87,104.05,105.0,105.0,106.93,1109,1.19,18, 1050, 94.68,-2.41
LICNFNHGP, EQ, 04-Jun-2021,164.06,164.1,167.49,164.0, 165.95,165.94,165.96,575,0.95,134, 283, 49.22,1.15
LICNFNHGP, EQ, 04-Jun-2024,257.16,268.74,268.74,249.0,255.99,250.27,258.75,5256,13.6,176, 2488, 47.34,-2.68
LICNFNHGP, EQ, 04-Jul-2022,167.89,170.3,172.92,166.5,169.5,169.26,168.83,735,1.24,44, 641, 87.21,0.82
LICNFNHGP, EQ, 04-Jul-2023,204.54,208.8,208.8,205.33, 206.47,206.47,205.97,24344,50.14,29, 215, 0.88,0.94
LICNFNHGP, EQ, 04-Jul-2024,271.88,276.77,276.77,267.8,270.49,272.05,270.82,4300,11.65,116, 2710, 63.02,0.06
LICNFNHGP, EQ, 04-Aug-2020,116.78,114.75,116.0,114.75,116.0,116.0,115.68,4,0.0,4, 2, 50.00,-0.67
LICNFNHGP, EQ, 04-Aug-2021,162.03,166.89,166.89,162.0,163.25,163.25,164.25,1259,2.07,120, 1144, 90.87,0.75
LICNFNHGP, EQ, 04-Aug-2022,187.01,189.84,190.48,184.77,187.6,187.35,186.81,1733,3.24,105, 1002, 57.82,0.18
LICNFNHGP, EQ, 04-Aug-2023,206.31,211.51,211.51,205.66, 207.27,207.55,208.74,2203,4.6,54, 144, 6.54,0.6
LICNFNHGP, EQ, 04-Sep-2020,115.03,119.9,119.9,115.25,115.35,115.35,116.79,31,0.04,6, 11, 35.48,0.28
LICNFNHGP, EQ, 04-Sep-2023,208.31,212.0,212.0,208.11, 210.00,210.0,210.39,117,0.25,30, 106, 90.60,0.81
LICNFNHGP, EQ, 04-Sep-2024,280.25,280.25,283.96,275.82,280.0,279.72,280.92,762,2.14,72, 622, 81.63,-0.19
LICNFNHGP, EQ, 04-Oct-2021,174.83,174.83,179.45,174.83, 179.00,178.91,178.28,707,1.26,62, 529, 74.82,2.33
LICNFNHGP, EQ, 04-Oct-2022,183.78,184.0,188.56,184.0, 188.00,187.5,187.61,453,0.85,38, 229, 50.55,2.02
LICNFNHGP, EQ, 04-Oct-2023,209.52,209.05,211.0,206.8, 207.50,207.5,207.9,534,1.11,43, 481, 90.07,-0.96
LICNFNHGP, EQ, 04-Oct-2024,281.57,285.01,285.01,277.21,277.25,280.28,280.15,677,1.9,98, 465, 68.69,-0.46
LICNFNHGP, EQ, 04-Nov-2020,118.18,123.79,123.79,117.75,118.0,117.95,118.44,1131,1.34,27, 664, 58.71,-0.19
LICNFNHGP, EQ, 04-Nov-2022,194.36,194.3,197.54,194.08,195.01,194.89,195.34,1260,2.46,47, 630, 50.00,0.27
LICNFNHGP, EQ, 04-Nov-2024,277.62,277.43,283.7,271.0,274.45,272.88,275.63,1013,2.79,85, 690, 68.11,-1.71
LICNFNHGP, EQ, 04-Dec-2020,132.0,135.5,138.0,128.6, 131.00,131.78,132.75,1373,1.82,73, 956, 69.63,-0.17
LICNFNHGP, EQ, 04-Dec-2023,217.16,222.0,227.16,216.0, 223.02,223.21,223.62,3877,8.67,117, 2191, 56.51,2.79
LICNFNHGP, EQ, 04-Dec-2024,273.13,273.25,283.8,273.25,275.82,280.53,274.22,20968,57.5,60, 20759, 99.00,2.71
LICNFNHGP, EQ, 05-Jan-2021,143.22,145.0,145.0,139.11, 142.50,141.47,140.31,977,1.37,74, 637, 65.20,-1.22
LICNFNHGP, EQ, 05-Jan-2022,190.7,186.98,194.65,186.98, 191.60,191.44,190.81,5554,10.6,111, 3984, 71.73,0.39
LICNFNHGP, EQ, 05-Jan-2023,194.48,194.0,194.72,192.81,192.81,192.81,193.56,138,0.27,32, 118, 85.51,-0.86
LICNFNHGP, EQ, 05-Jan-2024,235.51,234.43,234.99,233.51, 234.66,234.66,234.24,973,2.28,64, 761, 78.21,-0.36
LICNFNHGP, EQ, 05-Feb-2020,126.2,126.2,127.65,124.01, 124.83,126.23,125.38,739,0.93,92, 597, 80.78,0.02
LICNFNHGP, EQ, 05-Feb-2021,150.74,153.95,155.9,149.1, 153.45,153.15,152.28,700,1.07,92, 451, 64.43,1.6
LICNFNHGP, EQ, 05-Feb-2024,238.97,237.99,240.22,236.38, 239.55,239.16,238.51,1650,3.94,72, 279, 16.91,0.08
LICNFNHGP, EQ, 05-Feb-2025,263.4,265.46,267.9,262.6,264.19,263.67,264.53,2594,6.86,57, 2446, 94.29,0.1
LICNFNHGP, EQ, 05-Mar-2020,118.25,110.1,119.8,110.1, 119.35,119.35,118.47,573,0.68,6, 537, 93.72,0.93
LICNFNHGP, EQ, 05-Mar-2021,153.62,154.0,159.99,152.0,159.47,158.09,157.24,200,0.31,58, 127, 63.50,2.91
LICNFNHGP, EQ, 05-Mar-2024,244.81,247.19,247.2,238.73, 245.65,243.15,244.16,946,2.31,74, 334, 35.31,-0.68
LICNFNHGP, EQ, 05-Mar-2025,264.49,264.33,269.69,258.0,258.05,260.6,260.95,738,1.93,99, 507, 68.70,-1.47
LICNFNHGP, EQ, 05-Apr-2021,151.08,155.61,167.0,148.03,154.5,154.26,155.14,1366,2.12,89, 1291, 94.51,2.1
LICNFNHGP, EQ, 05-Apr-2022,191.99,191.99,193.7,190.0, 192.45,192.17,192.07,2526,4.85,75, 2251, 89.11,0.09
LICNFNHGP, EQ, 05-Apr-2023,182.88,183.0,185.0,182.35, 184.75,184.75,184.0,1550,2.85,83, 822, 53.03,1.02
LICNFNHGP, EQ, 05-Apr-2024,244.65,245.49,248.62,241.0, 248.56,248.35,245.32,1452,3.56,71, 639, 44.01,1.51
LICNFNHGP, EQ, 05-May-2020,98.57,102.0,107.8,95.0, 99.75,97.41,100.57,1570,1.58,75, 381, 24.27,-1.18
LICNFNHGP, EQ, 05-May-2021,153.12,156.9,156.9,152.02, 154.30,154.3,154.39,87,0.13,20, 62, 71.26,0.77
LICNFNHGP, EQ, 05-May-2022,180.73,180.99,185.15,180.5, 180.50,180.5,182.13,1170,2.13,63, 304, 25.98,-0.13
LICNFNHGP, EQ, 05-May-2023,192.23,191.99,193.0,190.75, 192.25,191.55,192.04,691,1.33,45, 91, 13.17,-0.35
LICNFNHGP, EQ, 05-Jun-2020,105.0,105.0,107.6,105.0, 107.00,107.0,106.98,651,0.7,19, 640, 98.31,1.9
LICNFNHGP, EQ, 05-Jun-2023,197.05,196.5,198.74,196.14, 198.39,198.39,196.6,601,1.18,28, 591, 98.34,0.68
LICNFNHGP, EQ, 05-Jun-2024,250.27,248.01,262.97,244.05,251.5,254.36,254.25,108,0.27,24, 78, 72.22,1.63
LICNFNHGP, EQ, 05-Jul-2021,164.9,167.0,167.0,160.6, 165.97,164.48,164.57,1486,2.45,124, 796, 53.57,-0.25
LICNFNHGP, EQ, 05-Jul-2022,169.26,170.0,171.5,169.25,169.25,169.49,170.69,2637,4.5,53, 2458, 93.21,0.14
LICNFNHGP, EQ, 05-Jul-2023,206.47,215.77,215.77,202.06,205.3,205.39,206.41,1690,3.49,34, 164, 9.70,-0.52
LICNFNHGP, EQ, 05-Jul-2024,272.05,272.99,272.99,271.17,271.17,271.71,271.54,123,0.33,35, 108, 87.80,-0.12
LICNFNHGP, EQ, 05-Aug-2020,116.0,115.0,116.99,115.0,116.0,116.0,116.0,641,0.74,6, 641, 100.00,0.0
LICNFNHGP, EQ, 05-Aug-2021,163.25,174.48,174.48,161.0,162.0,162.2,162.76,1622,2.64,110, 1158, 71.39,-0.64
LICNFNHGP, EQ, 05-Aug-2022,187.35,187.35,187.9,186.75,186.75,186.8,187.42,892,1.67,30, 855, 95.85,-0.29
LICNFNHGP, EQ, 05-Aug-2024,281.86,279.49,279.94,271.0,274.01,277.61,275.34,2457,6.77,196, 1158, 47.13,-1.51
LICNFNHGP, EQ, 05-Sep-2022,191.17,188.11,193.4,188.11, 191.50,191.8,191.86,767,1.47,37, 730, 95.18,0.33
LICNFNHGP, EQ, 05-Sep-2023,210.0,215.25,215.25,206.85, 209.80,209.48,208.37,358,0.75,45, 136, 37.99,-0.25
LICNFNHGP, EQ, 05-Sep-2024,279.72,279.73,282.14,277.14,279.97,279.8,279.26,183,0.51,50, 125, 68.31,0.03
LICNFNHGP, EQ, 05-Oct-2020,117.3,114.01,117.95,114.01, 117.87,117.87,117.78,1028,1.21,21, 1027, 99.90,0.49
LICNFNHGP, EQ, 05-Oct-2021,178.91,174.3,179.9,174.3, 177.94,176.54,177.7,1959,3.48,117, 907, 46.30,-1.32
LICNFNHGP, EQ, 05-Oct-2023,207.5,202.32,213.2,202.32, 209.08,209.08,208.67,1846,3.85,109, 1314, 71.18,0.76
LICNFNHGP, EQ, 05-Nov-2020,117.95,124.0,126.92,120.0, 121.20,123.29,123.53,1000,1.24,84, 842, 84.20,4.53
LICNFNHGP, EQ, 05-Nov-2024,272.88,276.87,276.88,268.61,275.5,274.7,274.15,292,0.8,56, 201, 68.84,0.67
LICNFNHGP, EQ, 05-Dec-2022,200.75,204.4,204.4,200.0, 200.50,200.5,200.84,445,0.89,39, 263, 59.10,-0.12
LICNFNHGP, EQ, 05-Dec-2023,223.21,221.91,224.0,221.72, 223.59,223.59,222.68,1929,4.3,163, 1305, 67.65,0.17
LICNFNHGP, EQ, 05-Dec-2024,280.53,273.73,280.77,272.52,278.09,277.84,276.31,21967,60.7,217, 20439, 93.04,-0.96
LICNFNHGP, EQ, 06-Jan-2020,129.0,127.8,127.8,127.8, 127.80,127.8,127.8,1,0.0,1, 1, 100.00,-0.93
LICNFNHGP, EQ, 06-Jan-2021,141.47,140.1,143.5,140.1, 141.00,141.0,141.75,487,0.69,48, 148, 30.39,-0.33
LICNFNHGP, EQ, 06-Jan-2022,191.44,191.5,191.5,187.13, 190.05,190.11,189.57,1960,3.72,103, 1204, 61.43,-0.69
LICNFNHGP, EQ, 06-Jan-2023,192.81,193.0,196.4,192.0,192.0,192.0,192.94,146,0.28,30, 106, 72.60,-0.42
LICNFNHGP, EQ, 06-Jan-2025,268.87,274.25,279.7,265.0,265.01,265.44,269.64,1278,3.45,110, 659, 51.56,-1.28
LICNFNHGP, EQ, 06-Feb-2020,126.23,126.0,127.98,125.35, 125.40,125.4,126.44,239,0.3,12, 177, 74.06,-0.66
LICNFNHGP, EQ, 06-Feb-2023,189.3,189.3,190.25,185.51, 189.25,189.25,189.41,353,0.67,35, 322, 91.22,-0.03
LICNFNHGP, EQ, 06-Feb-2024,239.16,245.1,245.1,232.66, 240.35,236.66,236.78,4791,11.34,195, 1165, 24.32,-1.05
LICNFNHGP, EQ, 06-Feb-2025,263.67,264.21,264.21,260.43,262.73,262.71,263.05,1184,3.11,25, 1179, 99.58,-0.36
LICNFNHGP, EQ, 06-Mar-2020,119.35,110.11,126.0,110.11, 115.07,115.98,117.3,486,0.57,36, 238, 48.97,-2.82
LICNFNHGP, EQ, 06-Mar-2023,184.99,181.94,188.99,181.94, 185.03,185.03,186.9,535,1.0,69, 410, 76.64,0.02
LICNFNHGP, EQ, 06-Mar-2024,243.15,247.19,247.19,239.99, 246.50,244.91,241.07,855,2.06,47, 701, 81.99,0.72
LICNFNHGP, EQ, 06-Mar-2025,260.6,260.72,267.43,258.0,258.7,260.31,260.52,209,0.54,58, 143, 68.42,-0.11
LICNFNHGP, EQ, 06-Apr-2021,154.26,158.88,158.88,151.27,152.0,152.0,153.6,793,1.22,43, 729, 91.93,-1.47
LICNFNHGP, EQ, 06-Apr-2022,192.17,192.17,196.0,188.35, 191.24,190.77,190.98,747,1.43,60, 708, 94.78,-0.73
LICNFNHGP, EQ, 06-Apr-2023,184.75,185.0,188.49,181.5, 184.50,184.36,184.31,3367,6.21,152, 1488, 44.19,-0.21
LICNFNHGP, EQ, 06-May-2020,97.41,97.45,97.45,97.45, 97.45,97.45,97.45,1,0.0,1, 1, 100.00,0.04
LICNFNHGP, EQ, 06-May-2021,154.3,156.95,156.95,153.0, 154.10,154.88,155.37,33,0.05,19, 27, 81.82,0.38
LICNFNHGP, EQ, 06-May-2022,180.5,184.15,184.15,176.9,178.0,177.98,177.76,3337,5.93,74, 2971, 89.03,-1.4
LICNFNHGP, EQ, 06-May-2024,249.41,251.45,254.46,245.21,253.21,249.48,249.77,896,2.24,64, 442, 49.33,0.03
LICNFNHGP, EQ, 06-Jun-2022,177.07,177.5,177.5,173.1,176.25,176.25,176.09,440,0.77,39, 336, 76.36,-0.46
LICNFNHGP, EQ, 06-Jun-2023,198.39,198.2,198.2,197.31,197.31,197.31,197.73,78,0.15,7, 78, 100.00,-0.54
LICNFNHGP, EQ, 06-Jun-2024,254.36,254.36,266.5,249.29,253.77,263.34,260.51,1888,4.92,128, 1198, 63.45,3.53
LICNFNHGP, EQ, 06-Jul-2020,110.53,110.61,115.0,110.61, 115.00,115.0,114.56,562,0.64,39, 466, 82.92,4.04
LICNFNHGP, EQ, 06-Jul-2021,164.48,162.5,166.0,162.5, 163.51,164.09,163.61,581,0.95,81, 298, 51.29,-0.24
LICNFNHGP, EQ, 06-Jul-2022,169.49,174.7,174.7,168.11,171.18,171.17,170.78,1022,1.75,44, 923, 90.31,0.99
LICNFNHGP, EQ, 06-Jul-2023,205.39,208.39,208.39,202.22,207.5,206.39,205.91,495,1.02,33, 88, 17.78,0.49
LICNFNHGP, EQ, 06-Aug-2020,116.0,115.61,117.07,111.8,114.11,114.9,114.23,860,0.98,93, 560, 65.12,-0.95
LICNFNHGP, EQ, 06-Aug-2021,162.2,161.01,164.89,161.01, 163.00,163.26,163.37,366,0.6,29, 323, 88.25,0.65
LICNFNHGP, EQ, 06-Aug-2024,277.61,273.01,275.84,265.96,265.96,268.35,270.93,3874,10.5,184, 2433, 62.80,-3.34
LICNFNHGP, EQ, 06-Sep-2021,174.0,174.0,178.0,169.95,175.75,175.31,172.56,1845,3.18,93, 927, 50.24,0.75
LICNFNHGP, EQ, 06-Sep-2022,191.8,188.84,193.39,188.84, 192.00,192.0,191.67,81,0.16,22, 58, 71.60,0.1
LICNFNHGP, EQ, 06-Sep-2023,209.48,208.59,210.16,208.5, 210.16,208.74,208.74,502,1.05,11, 496, 98.80,-0.35
LICNFNHGP, EQ, 06-Sep-2024,279.8,284.9,289.7,272.7,276.95,278.07,280.66,3006,8.44,121, 2328, 77.45,-0.62
LICNFNHGP, EQ, 06-Oct-2020,117.87,116.02,117.65,116.02,117.65,117.65,116.84,2,0.0,2, 1, 50.00,-0.19
LICNFNHGP, EQ, 06-Oct-2021,176.54,179.5,179.5,176.0, 176.00,176.06,176.81,302,0.53,39, 239, 79.14,-0.27
LICNFNHGP, EQ, 06-Oct-2022,187.5,182.7,190.0,182.7, 188.80,188.62,188.37,136,0.26,43, 97, 71.32,0.6
LICNFNHGP, EQ, 06-Oct-2023,209.08,210.0,211.51,207.99, 209.50,209.5,208.87,2054,4.29,51, 1449, 70.55,0.2
LICNFNHGP, EQ, 06-Nov-2020,123.29,120.5,123.15,120.31, 121.67,121.84,121.14,1520,1.84,38, 1244, 81.84,-1.18
LICNFNHGP, EQ, 06-Nov-2023,206.39,211.7,211.7,206.39, 208.00,208.0,208.08,110,0.23,19, 74, 67.27,0.78
LICNFNHGP, EQ, 06-Nov-2024,274.7,279.7,279.77,272.07,279.4,278.12,276.86,240,0.66,45, 137, 57.08,1.24
LICNFNHGP, EQ, 06-Dec-2021,195.77,186.6,223.41,181.6, 182.85,182.5,195.08,128060,249.82,1513, 76208, 59.51,-6.78
LICNFNHGP, EQ, 06-Dec-2022,200.5,200.5,200.5,199.39, 200.25,200.0,199.72,264,0.53,20, 235, 89.02,-0.25
LICNFNHGP, EQ, 06-Dec-2023,223.59,228.07,228.07,219.99, 226.10,226.1,224.35,4085,9.16,139, 1488, 36.43,1.12
LICNFNHGP, EQ, 06-Dec-2024,277.84,277.85,279.42,275.23,278.03,277.79,276.98,20385,56.46,48, 20273, 99.45,-0.02
LICNFNHGP, EQ, 07-Jan-2020,127.8,127.8,128.99,124.06, 124.06,124.73,125.62,59,0.07,12, 33, 55.93,-2.4
LICNFNHGP, EQ, 07-Jan-2021,141.0,176.0,176.0,142.12, 142.81,142.81,145.35,471,0.68,56, 369, 78.34,1.28
LICNFNHGP, EQ, 07-Jan-2022,190.11,193.95,193.95,189.0,190.97,190.54,190.53,2660,5.07,65, 1271, 47.78,0.23
LICNFNHGP, EQ, 07-Jan-2025,265.44,265.45,270.65,264.02,265.02,265.02,268.38,225,0.6,57, 138, 61.33,-0.16
LICNFNHGP, EQ, 07-Feb-2020,125.4,125.41,127.4,124.7, 125.00,125.0,125.21,363,0.45,48, 312, 85.95,-0.32
LICNFNHGP, EQ, 07-Feb-2022,187.7,187.5,189.32,184.1, 184.75,184.26,184.87,1448,2.68,65, 1032, 71.27,-1.83
LICNFNHGP, EQ, 07-Feb-2023,189.25,191.6,193.47,189.75, 190.00,190.0,190.72,93,0.18,27, 67, 72.04,0.4
LICNFNHGP, EQ, 07-Feb-2024,236.66,243.75,243.75,235.79, 239.81,239.76,238.83,8290,19.8,251, 217, 2.62,1.31
LICNFNHGP, EQ, 07-Feb-2025,262.71,262.71,266.66,262.0,262.1,263.06,263.11,88,0.23,21, 78, 88.64,0.13
LICNFNHGP, EQ, 07-Mar-2022,174.63,171.15,178.0,170.0, 175.75,175.6,174.56,1029,1.8,100,578,56.17,0.56
LICNFNHGP, EQ, 07-Mar-2024,244.91,246.98,247.25,240.42, 245.03,245.52,245.9,1233,3.03,40, 858, 69.59,0.25
LICNFNHGP, EQ, 07-Mar-2025,260.31,264.99,264.99,258.08,263.05,263.05,261.59,160,0.42,37, 143, 89.38,1.05
LICNFNHGP, EQ, 07-Apr-2020,89.21,98.0,104.0,84.25, 90.00,90.0,93.1,278,0.26,23, 110, 39.57,0.89
LICNFNHGP, EQ, 07-Apr-2021,152.0,154.0,157.97,153.0,153.0,153.01,153.62,274,0.42,30, 146, 53.28,0.66
LICNFNHGP, EQ, 07-Apr-2022,190.77,194.59,194.59,187.1,189.93,189.84,190.78,7037,13.43,79, 4692, 66.68,-0.49
LICNFNHGP, EQ, 07-Apr-2025,254.68,250.3,254.0,242.47,246.0,246.63,247.42,3184,7.88,212, 2064, 64.82,-3.16
LICNFNHGP, EQ, 07-May-2020,97.45,101.0,101.0,98.0, 99.99,100.28,99.53,86,0.09,12, 75, 87.21,2.9
LICNFNHGP, EQ, 07-May-2021,154.88,152.1,156.66,152.1, 153.00,153.0,154.71,199,0.31,29, 107, 53.77,-1.21
LICNFNHGP, EQ, 07-May-2024,249.48,253.19,253.2,245.01,246.35,246.35,246.72,1053,2.6,71, 627, 59.54,-1.25
LICNFNHGP, EQ, 07-Jun-2021,165.94,167.95,170.0,163.11, 170.00,169.6,167.3,2794,4.67,189, 1964, 70.29,2.21
LICNFNHGP, EQ, 07-Jun-2022,176.25,175.5,175.9,174.75,175.4,175.4,175.23,536,0.94,25, 494, 92.16,-0.48
LICNFNHGP, EQ, 07-Jun-2023,197.31,199.0,199.3,198.15, 198.41,198.41,198.51,71,0.14,14, 58, 81.69,0.56
LICNFNHGP, EQ, 07-Jun-2024,263.34,253.71,267.3,253.71,266.5,261.62,263.48,1154,3.04,109, 715, 61.96,-0.65
LICNFNHGP, EQ, 07-Jul-2020,115.0,129.0,129.0,115.0, 116.99,116.99,117.01,855,1.0,24, 601, 70.29,1.73
LICNFNHGP, EQ, 07-Jul-2021,164.09,165.9,166.99,161.95, 163.79,163.89,163.44,1506,2.46,70, 873, 57.97,-0.12
LICNFNHGP, EQ, 07-Jul-2022,171.17,172.04,173.0,172.0, 172.50,172.6,172.44,7240,12.48,70, 7184, 99.23,0.84
LICNFNHGP, EQ, 07-Jul-2023,206.39,207.53,210.7,204.92, 205.00,205.01,206.89,2393,4.95,56, 1257, 52.53,-0.67
LICNFNHGP, EQ, 07-Aug-2020,114.9,117.99,117.99,116.0,116.0,116.0,116.57,93,0.11,8, 78, 83.87,0.96
LICNFNHGP, EQ, 07-Aug-2023,207.55,207.0,209.59,206.99, 208.03,208.11,207.7,562,1.17,32, 395, 70.28,0.27
LICNFNHGP, EQ, 07-Aug-2024,268.35,267.33,273.15,266.98,269.74,273.0,270.65,991,2.68,65, 614, 61.96,1.73
LICNFNHGP, EQ, 07-Sep-2020,115.35,115.0,119.5,113.0, 113.30,113.3,114.5,842,0.96,77, 736, 87.41,-1.78
LICNFNHGP, EQ, 07-Sep-2021,175.31,178.0,178.0,171.33, 175.66,174.7,173.93,374,0.65,47, 279, 74.60,-0.35
LICNFNHGP, EQ, 07-Sep-2022,192.0,191.51,191.75,188.55, 191.50,191.53,191.25,5395,10.32,55, 5220, 96.76,-0.24
LICNFNHGP, EQ, 07-Sep-2023,208.74,210.6,211.6,206.8, 211.40,211.22,208.48,417,0.87,31, 207, 49.64,1.19
LICNFNHGP, EQ, 07-Oct-2020,117.65,118.0,119.0,116.0,117.87,117.87,116.2,164,0.19,11, 161, 98.17,0.19
LICNFNHGP, EQ, 07-Oct-2021,176.06,179.5,180.9,176.0, 180.00,180.01,179.68,3170,5.7,80, 2476, 78.11,2.24
LICNFNHGP, EQ, 07-Oct-2022,188.62,188.8,189.0,187.8, 187.85,187.85,188.12,310,0.58,22, 257, 82.90,-0.41
LICNFNHGP, EQ, 07-Oct-2024,280.28,281.8,285.82,275.0,285.0,284.28,281.54,1012,2.85,108, 740, 73.12,1.43
LICNFNHGP, EQ, 07-Nov-2022,194.89,192.16,196.5,192.16,195.9,195.93,195.86,1685,3.3,44, 1677, 99.53,0.53
LICNFNHGP, EQ, 07-Nov-2023,208.0,208.0,212.6,207.0, 212.60,209.37,208.26,70,0.15,14, 68, 97.14,0.66
LICNFNHGP, EQ, 07-Nov-2024,278.12,278.12,279.99,271.0,276.89,272.25,274.31,2807,7.7,123, 2166, 77.16,-2.11
LICNFNHGP, EQ, 07-Dec-2020,131.78,135.73,139.0,131.1, 134.51,135.48,134.37,151,0.2,37, 114, 75.50,2.81
LICNFNHGP, EQ, 07-Dec-2021,182.5,193.7,199.0,181.0,183.5,182.44,188.65,124066,234.05,1727, 58839, 47.43,-0.03
LICNFNHGP, EQ, 07-Dec-2022,200.0,196.3,202.0,196.3, 199.81,199.81,199.98,127,0.25,12, 124, 97.64,-0.09
LICNFNHGP, EQ, 07-Dec-2023,226.1,225.51,226.8,216.7, 223.91,224.52,224.65,1581,3.55,62, 625, 39.53,-0.7
LICNFNHGP, EQ, 08-Jan-2020,124.73,127.0,127.0,124.15, 124.40,124.4,124.55,861,1.07,16, 736, 85.48,-0.26
LICNFNHGP, EQ, 08-Jan-2021,142.81,144.49,151.7,141.0, 148.00,146.54,147.09,1959,2.88,114, 863, 44.05,2.61
LICNFNHGP, EQ, 08-Jan-2024,234.66,234.41,238.5,232.01, 236.00,236.35,234.67,9023,21.17,227, 350, 3.88,0.72
LICNFNHGP, EQ, 08-Jan-2025,265.02,271.65,271.65,261.86,264.16,263.38,264.29,1065,2.81,68, 956, 89.77,-0.62
LICNFNHGP, EQ, 08-Feb-2021,153.15,154.9,157.49,150.1, 156.99,156.66,154.36,891,1.38,105, 408, 45.79,2.29
LICNFNHGP, EQ, 08-Feb-2022,184.26,186.48,186.48,183.0,185.46,184.83,183.99,1037,1.91,71, 847, 81.68,0.31
LICNFNHGP, EQ, 08-Feb-2023,190.0,190.0,190.85,189.0, 189.00,189.53,189.67,281,0.53,38, 275, 97.86,-0.25
LICNFNHGP, EQ, 08-Feb-2024,239.76,239.76,240.99,235.04, 240.98,240.6,237.66,1971,4.68,97, 670, 33.99,0.35
LICNFNHGP, EQ, 08-Mar-2021,158.09,162.83,167.1,155.0, 158.00,157.65,160.78,2373,3.82,222, 1898, 79.98,-0.28
LICNFNHGP, EQ, 08-Mar-2022,175.6,168.25,179.15,168.25, 172.00,172.0,170.11,10021,17.05,194, 4605, 45.95,-2.05
LICNFNHGP, EQ, 08-Mar-2023,185.03,185.03,186.25,185.03, 186.00,186.0,185.97,254,0.47,12, 253, 99.61,0.52
LICNFNHGP, EQ, 08-Apr-2020,90.0,102.0,102.0,86.54, 90.25,90.25,93.54,331,0.31,45, 103, 31.12,0.28
LICNFNHGP, EQ, 08-Apr-2021,153.01,156.1,158.0,152.0, 154.00,154.45,155.09,1530,2.37,50, 404, 26.41,0.94
LICNFNHGP, EQ, 08-Apr-2022,189.84,192.25,192.25,189.25, 191.75,191.35,190.64,1146,2.18,37, 1065, 92.93,0.8
LICNFNHGP, EQ, 08-Apr-2024,248.35,248.35,252.29,245.21, 248.98,247.2,247.42,861,2.13,100, 453, 52.61,-0.46
LICNFNHGP, EQ, 08-Apr-2025,246.63,249.8,255.43,246.91,249.12,249.19,250.96,2919,7.33,101, 1297, 44.43,1.04
LICNFNHGP, EQ, 08-May-2020,100.28,96.51,99.95,96.51, 97.01,98.12,98.08,156,0.15,15, 71, 45.51,-2.15
LICNFNHGP, EQ, 08-May-2023,191.55,191.55,192.75,191.55, 192.75,192.64,192.12,448,0.86,30, 448, 100.00,0.57
LICNFNHGP, EQ, 08-May-2024,246.35,247.29,249.02,245.57,248.0,248.0,247.51,364,0.9,39, 133, 36.54,0.67
LICNFNHGP, EQ, 08-Jun-2020,107.0,104.7,108.0,104.7, 108.00,108.0,106.98,500,0.53,15, 342, 68.40,0.93
LICNFNHGP, EQ, 08-Jun-2021,169.6,169.7,179.85,164.61, 167.30,168.48,172.6,8162,14.09,403, 4313, 52.84,-0.66
LICNFNHGP, EQ, 08-Jun-2022,175.4,172.45,176.25,172.45,174.25,174.25,174.82,629,1.1,29, 312, 49.60,-0.66
LICNFNHGP, EQ, 08-Jun-2023,198.41,202.4,202.4,196.65, 196.65,198.2,199.47,174,0.35,36, 73, 41.95,-0.11
LICNFNHGP, EQ, 08-Jul-2020,116.99,109.65,116.99,109.65,116.85,116.84,116.73,351,0.41,23, 188, 53.56,-0.13
LICNFNHGP, EQ, 08-Jul-2021,163.89,162.55,165.89,162.55, 164.79,164.71,165.03,138,0.23,31, 74, 53.62,0.5
LICNFNHGP, EQ, 08-Jul-2022,172.6,171.4,173.75,171.4,173.32,173.49,173.33,704,1.22,31, 683, 97.02,0.52
LICNFNHGP, EQ, 08-Jul-2024,271.71,277.69,277.7,265.11,271.0,271.05,272.15,725,1.97,108, 379, 52.28,-0.24
LICNFNHGP, EQ, 08-Aug-2022,186.8,189.89,189.89,186.25,189.0,189.0,187.58,488,0.92,51,332,68.03,1.18
LICNFNHGP, EQ, 08-Aug-2023,208.11,208.06,209.1,207.51, 209.00,209.0,208.36,176,0.37,13, 176, 100.00,0.43
LICNFNHGP, EQ, 08-Aug-2024,273.0,272.21,275.1,269.74,269.74,274.32,272.69,763,2.08,32, 426, 55.83,0.48
LICNFNHGP, EQ, 08-Sep-2021,174.7,169.3,178.2,169.3, 173.00,172.67,173.06,791,1.37,53, 597, 75.47,-1.16
LICNFNHGP, EQ, 08-Sep-2022,191.53,191.99,193.0,191.99, 192.86,192.86,192.54,474,0.91,20, 381, 80.38,0.69
LICNFNHGP, EQ, 08-Sep-2023,211.22,212.0,212.0,208.26, 212.00,211.35,210.51,411,0.87,42, 306, 74.45,0.06
LICNFNHGP, EQ, 08-Oct-2020,117.87,116.1,120.9,114.6,114.61,115.99,115.67,1080,1.25,59, 711, 65.83,-1.59
LICNFNHGP, EQ, 08-Oct-2021,180.01,183.65,184.98,176.31, 181.00,177.83,179.45,1100,1.97,91, 724, 65.82,-1.21
LICNFNHGP, EQ, 08-Oct-2024,284.28,284.0,287.88,275.99,282.38,279.14,281.08,2468,6.94,120, 1377, 55.79,-1.81
LICNFNHGP, EQ, 08-Nov-2021,183.28,180.05,187.9,180.05, 182.80,183.62,184.45,967,1.78,93, 627, 64.84,0.19
LICNFNHGP, EQ, 08-Nov-2023,209.37,208.1,208.3,207.58, 208.30,208.3,208.13,44,0.09,19, 41, 93.18,-0.51
LICNFNHGP, EQ, 08-Nov-2024,272.25,272.26,276.29,265.54, 266.02,268.48,269.28,2338,6.3,108, 1630, 69.72,-1.38
LICNFNHGP, EQ, 08-Dec-2020,135.48,135.0,136.0,130.5,132.2,132.35,132.51,1631,2.16,87, 1108, 67.93,-2.31
LICNFNHGP, EQ, 08-Dec-2021,182.44,186.09,194.0,183.2,184.1,184.96,189.34,111431,210.98,374, 54766, 49.15,1.38
LICNFNHGP, EQ, 08-Dec-2022,199.81,196.6,201.0,196.6, 200.00,200.05,200.11,920,1.84,36, 608, 66.09,0.12
LICNFNHGP, EQ, 08-Dec-2023,224.52,222.99,228.59,221.0, 225.94,226.82,225.26,4833,10.89,113, 226, 4.68,1.02
LICNFNHGP, EQ, 09-Jan-2020,124.4,128.99,128.99,126.5, 126.50,127.98,128.43,45,0.06,4, 25, 55.56,2.88
LICNFNHGP, EQ, 09-Jan-2023,192.0,191.2,196.8,189.6,194.0,193.77,193.88,455,0.88,45, 376, 82.64,0.92
LICNFNHGP, EQ, 09-Jan-2024,236.35,234.0,239.6,233.0,239.0,233.95,235.48,5926,13.95,134, 1181, 19.93,-1.02
LICNFNHGP, EQ, 09-Jan-2025,263.38,267.94,270.76,263.17,270.0,270.0,267.73,1066,2.85,86, 752, 70.54,2.51
LICNFNHGP, EQ, 09-Feb-2021,156.66,165.0,165.0,152.66, 154.65,154.65,154.53,673,1.04,112, 349, 51.86,-1.28
LICNFNHGP, EQ, 09-Feb-2022,184.83,187.0,187.7,185.1, 187.70,186.98,186.62,940,1.75,47, 761, 80.96,1.16
LICNFNHGP, EQ, 09-Feb-2023,189.53,185.83,193.0,185.83, 189.75,189.77,190.18,102,0.19,27, 81, 79.41,0.13
LICNFNHGP, EQ, 09-Feb-2024,240.6,240.88,248.0,234.6, 242.55,239.25,237.75,7938,18.87,252, 1161, 14.63,-0.56
LICNFNHGP, EQ, 09-Mar-2020,115.98,114.7,114.7,109.1, 109.10,109.1,110.98,54,0.06,20, 35, 64.81,-5.93
LICNFNHGP, EQ, 09-Mar-2021,157.65,159.1,172.6,155.0, 158.90,158.25,161.22,1360,2.19,149, 183, 13.46,0.38
LICNFNHGP, EQ, 09-Mar-2022,172.0,171.0,175.94,171.0, 175.00,174.67,173.51,4849,8.41,70, 3045, 62.80,1.55
LICNFNHGP, EQ, 09-Mar-2023,186.0,189.89,189.89,184.82, 186.75,186.75,186.5,417,0.78,37, 284, 68.11,0.4
LICNFNHGP, EQ, 09-Apr-2020,90.25,90.5,111.0,89.25, 108.00,99.51,96.49,2906,2.8,106, 297, 10.22,10.26
LICNFNHGP, EQ, 09-Apr-2021,154.45,154.45,158.12,152.62,157.5,157.41,156.84,696,1.09,40, 377, 54.17,1.92
LICNFNHGP, EQ, 09-Apr-2024,247.2,246.99,251.61,244.7, 250.55,249.56,248.88,3329,8.29,77, 1365, 41.00,0.95
LICNFNHGP, EQ, 09-Apr-2025,249.19,250.0,254.8,248.03,254.8,251.13,250.66,282,0.71,52, 210, 74.47,0.78
LICNFNHGP, EQ, 09-May-2022,177.98,181.55,181.55,174.69, 175.90,175.92,175.54,3378,5.93,77, 3047, 90.20,-1.16
LICNFNHGP, EQ, 09-May-2023,192.64,191.56,194.08,191.56,192.75,192.75,193.72,104,0.2,15, 79, 75.96,0.06
LICNFNHGP, EQ, 09-May-2024,248.0,247.19,248.83,240.0,240.0,244.83,246.37,291,0.72,44, 185, 63.57,-1.28
LICNFNHGP, EQ, 09-Jun-2020,108.0,108.0,109.79,106.11, 106.11,106.11,108.02,94,0.1,13, 92, 97.87,-1.75
LICNFNHGP, EQ, 09-Jun-2021,168.48,173.53,173.53,164.21,168.0,166.99,167.73,910,1.53,182, 504, 55.38,-0.88
LICNFNHGP, EQ, 09-Jun-2022,174.25,174.2,175.5,173.75, 175.50,175.5,175.0,521,0.91,17, 518, 99.42,0.72
LICNFNHGP, EQ, 09-Jun-2023,198.2,199.0,199.07,197.39, 198.74,197.59,197.93,206,0.41,27, 107, 51.94,-0.31
LICNFNHGP, EQ, 09-Jul-2020,116.84,116.85,116.85,113.05, 113.05,113.05,114.8,5,0.01,4, 4, 80.00,-3.24
LICNFNHGP, EQ, 09-Jul-2021,164.71,165.85,165.85,162.5,163.45,162.97,163.2,751,1.23,110, 552, 73.50,-1.06
LICNFNHGP, EQ, 09-Jul-2024,271.05,271.53,276.1,270.05,272.1,274.59,272.6,1592,4.34,75, 1259, 79.08,1.31
LICNFNHGP, EQ, 09-Aug-2021,163.26,164.9,164.9,161.01, 162.00,162.0,162.05,535,0.87,62, 308, 57.57,-0.77
LICNFNHGP, EQ, 09-Aug-2023,209.0,214.4,214.4,205.81, 209.00,208.72,207.19,748,1.55,48, 530, 70.86,-0.13
LICNFNHGP, EQ, 09-Aug-2024,274.32,273.87,274.5,271.46,273.0,274.27,273.58,404,1.11,38, 286, 70.79,-0.02
LICNFNHGP, EQ, 09-Sep-2020,113.3,115.98,115.99,114.98, 114.98,114.98,115.35,55,0.06,6, 55, 100.00,1.48
LICNFNHGP, EQ, 09-Sep-2021,172.67,175.0,177.5,172.0, 174.66,174.66,174.0,348,0.61,53, 158, 45.40,1.15
LICNFNHGP, EQ, 09-Sep-2022,192.86,191.5,194.5,191.5, 193.02,193.34,193.62,713,1.38,46, 314, 44.04,0.25
LICNFNHGP, EQ, 09-Sep-2024,278.07,279.89,279.89,274.85,278.57,278.47,277.57,463,1.29,55, 334, 72.14,0.14
LICNFNHGP, EQ, 09-Oct-2020,115.99,115.99,116.55,115.99, 116.55,116.55,116.4,37,0.04,4, 27, 72.97,0.48
LICNFNHGP, EQ, 09-Oct-2023,209.5,214.4,214.4,206.99, 209.00,209.0,208.7,873,1.82,43, 343, 39.29,-0.24
LICNFNHGP, EQ, 09-Oct-2024,279.14,282.76,282.76,276.02,276.02,278.09,279.98,1510,4.23,92, 1326, 87.81,-0.38
LICNFNHGP, EQ, 09-Nov-2020,121.84,123.67,126.0,122.12, 124.15,124.15,123.69,1190,1.47,31, 1079, 90.67,1.9
LICNFNHGP, EQ, 09-Nov-2021,183.62,186.0,186.0,180.42,181.2,181.19,182.01,815,1.48,71, 626, 76.81,-1.32
LICNFNHGP, EQ, 09-Nov-2022,195.93,196.0,196.75,195.75, 195.75,195.75,196.11,416,0.82,40, 407, 97.84,-0.09
LICNFNHGP, EQ, 09-Nov-2023,208.3,209.04,209.04,207.8, 208.94,208.94,208.61,42,0.09,15, 28, 66.67,0.31
LICNFNHGP, EQ, 09-Dec-2020,132.35,132.7,135.5,132.0,132.0,132.35,132.81,379,0.5,53, 338, 89.18,0.0
LICNFNHGP, EQ, 09-Dec-2021,184.96,184.96,195.0,183.0, 188.50,188.28,190.04,120510,229.02,438, 60089, 49.86,1.79
LICNFNHGP, EQ, 09-Dec-2022,200.05,200.0,200.25,198.5, 198.75,198.68,199.08,87,0.17,25, 70, 80.46,-0.68
LICNFNHGP, EQ, 09-Dec-2024,277.79,283.35,283.35,270.85,277.06,276.91,276.73,1900,5.26,99, 1462, 76.95,-0.32
LICNFNHGP, EQ, 10-Jan-2020,127.98,129.5,129.5,129.25, 129.25,129.25,129.38,4,0.01,2, 2, 50.00,0.99
LICNFNHGP, EQ, 10-Jan-2022,190.54,190.54,194.89,187.25,192.25,192.12,191.21,3123,5.97,102, 1648, 52.77,0.83
LICNFNHGP, EQ, 10-Jan-2023,193.77,194.0,194.34,192.0,192.25,192.31,192.99,244,0.47,44, 158, 64.75,-0.75
LICNFNHGP, EQ, 10-Jan-2024,233.95,233.94,240.25,232.65, 232.66,234.86,234.44,2317,5.43,84, 336, 14.50,0.39
LICNFNHGP, EQ, 10-Jan-2025,270.0,267.01,279.42,261.8,268.4,270.16,268.97,1111,2.99,109, 560, 50.41,0.06
LICNFNHGP, EQ, 10-Feb-2020,125.0,124.7,124.7,124.7, 124.70,124.7,124.7,3,0.0,3, 1, 33.33,-0.24
LICNFNHGP, EQ, 10-Feb-2021,154.65,155.0,158.96,154.55,155.7,155.7,156.4,205,0.32,39, 113, 55.12,0.68
LICNFNHGP, EQ, 10-Feb-2022,186.98,192.7,192.7,184.25,188.2,188.24,187.28,786,1.47,53, 460, 58.52,0.67
LICNFNHGP, EQ, 10-Feb-2023,189.77,191.6,192.89,189.0, 189.31,189.39,190.89,144,0.27,32, 67, 46.53,-0.2
LICNFNHGP, EQ, 10-Feb-2025,263.06,266.8,266.8,258.5,258.52,259.43,259.85,1848,4.8,75, 1722, 93.18,-1.38
LICNFNHGP, EQ, 10-Mar-2021,158.25,162.99,162.99,155.0, 155.00,156.13,156.58,1163,1.82,216, 607, 52.19,-1.34
LICNFNHGP, EQ, 10-Mar-2022,174.67,176.3,180.3,175.1, 177.09,177.07,177.25,3253,5.77,64, 1933, 59.42,1.37
LICNFNHGP, EQ, 10-Mar-2023,186.75,186.9,186.9,183.0, 183.00,183.14,183.81,218,0.4,45, 137, 62.84,-1.93
LICNFNHGP, EQ, 10-Mar-2025,263.05,263.06,264.98,256.01,258.75,258.53,257.95,1196,3.09,80, 746, 62.37,-1.72
LICNFNHGP, EQ, 10-Apr-2023,184.36,187.51,188.5,182.21, 185.00,184.92,185.01,1619,3.0,60, 174, 10.75,0.3
LICNFNHGP, EQ, 10-Apr-2024,249.56,248.01,254.31,247.06, 249.63,249.74,250.15,1211,3.03,101, 428, 35.34,0.07
LICNFNHGP, EQ, 10-May-2021,153.0,157.59,161.5,153.0, 154.10,155.85,156.54,397,0.62,75, 210, 52.90,1.86
LICNFNHGP, EQ, 10-May-2022,175.92,183.7,183.7,172.76, 174.50,174.54,175.72,7753,13.62,59, 7526, 97.07,-0.78
LICNFNHGP, EQ, 10-May-2023,192.75,193.0,193.32,192.53,192.85,193.02,192.83,421,0.81,16, 417, 99.05,0.14
LICNFNHGP, EQ, 10-May-2024,244.83,249.8,249.8,242.0,247.0,244.63,247.05,210,0.52,54, 136, 64.76,-0.08
LICNFNHGP, EQ, 10-Jun-2020,106.11,107.4,107.65,105.25, 105.25,105.25,107.45,74,0.08,4, 74, 100.00,-0.81
LICNFNHGP, EQ, 10-Jun-2021,166.99,170.0,172.3,170.0, 171.40,171.34,170.79,894,1.53,99, 474, 53.02,2.6
LICNFNHGP, EQ, 10-Jun-2022,175.5,174.2,174.25,172.69,173.45,173.44,173.59,434,0.75,25, 315, 72.58,-1.17
LICNFNHGP, EQ, 10-Jun-2024,261.62,266.85,266.85,252.01,260.32,260.46,261.67,460,1.2,63, 253, 55.00,-0.44
LICNFNHGP, EQ, 10-Jul-2020,113.05,113.05,113.05,113.05,113.05,113.05,113.05,22,0.02,1, 22, 100.00,0.0
LICNFNHGP, EQ, 10-Jul-2023,205.01,209.98,209.98,203.99,206.0,207.38,206.36,1499,3.09,81, 325, 21.68,1.16
LICNFNHGP, EQ, 10-Jul-2024,274.59,273.25,277.9,270.05,271.66,271.89,273.17,1157,3.16,101, 773, 66.81,-0.98
LICNFNHGP, EQ, 10-Aug-2020,116.0,116.01,119.5,116.01, 117.50,117.5,118.42,76,0.09,14, 74, 97.37,1.29
LICNFNHGP, EQ, 10-Aug-2021,162.0,163.0,165.45,161.0, 162.47,161.04,161.24,1275,2.06,57, 707, 55.45,-0.59
LICNFNHGP, EQ, 10-Aug-2022,189.0,189.5,189.5,186.6,189.0,188.53,188.25,547,1.03,38, 300, 54.84,-0.25
LICNFNHGP, EQ, 10-Aug-2023,208.72,208.72,209.5,206.3, 208.99,207.07,208.7,143,0.3,32, 132, 92.31,-0.79
LICNFNHGP, EQ, 10-Sep-2020,114.98,118.0,118.0,113.7, 116.55,116.55,117.31,170,0.2,10, 158, 92.94,1.37
LICNFNHGP, EQ, 10-Sep-2024,278.47,279.8,280.0,276.0,276.0,277.24,277.97,554,1.54,102, 396, 71.48,-0.44
LICNFNHGP, EQ, 10-Oct-2022,187.85,182.22,189.15,182.22, 186.75,186.75,186.35,649,1.21,30, 630, 97.07,-0.59
LICNFNHGP, EQ, 10-Oct-2023,209.0,208.5,212.0,206.8, 210.52,210.52,208.33,628,1.31,63, 337, 53.66,0.73
LICNFNHGP, EQ, 10-Oct-2024,278.09,283.69,283.69,278.26,278.59,280.44,280.31,650,1.82,77, 434, 66.77,0.85
LICNFNHGP, EQ, 10-Nov-2020,124.15,121.5,127.37,121.5, 124.20,126.85,126.68,438,0.55,24, 416, 94.98,2.17
LICNFNHGP, EQ, 10-Nov-2021,181.19,230.0,230.0,179.0, 180.51,180.78,185.33,5609,10.4,233, 1701, 30.33,-0.23
LICNFNHGP, EQ, 10-Nov-2022,195.75,195.5,195.61,193.51, 194.25,194.07,194.39,161,0.31,45, 89, 55.28,-0.86
LICNFNHGP, EQ, 10-Nov-2023,208.94,208.9,208.9,207.0,207.5,207.5,208.09,255,0.53,27, 246, 96.47,-0.69
LICNFNHGP, EQ, 10-Dec-2020,132.35,135.5,137.9,132.5, 132.90,135.3,134.69,205,0.28,46, 96, 46.83,2.23
LICNFNHGP, EQ, 10-Dec-2021,188.28,188.28,192.1,184.51, 187.10,187.5,189.74,114902,218.01,471, 53879, 46.89,-0.41
LICNFNHGP, EQ, 10-Dec-2024,276.91,282.45,282.45,268.6,277.1,276.85,274.9,3091,8.5,69, 2678, 86.64,-0.02
LICNFNHGP, EQ, 11-Jan-2021,146.54,149.47,157.0,144.05, 152.60,150.08,150.36,2106,3.17,167, 1161, 55.13,2.42
LICNFNHGP, EQ, 11-Jan-2022,192.12,192.12,193.7,192.0,193.0,192.92,192.55,827,1.59,67, 520, 62.88,0.42
LICNFNHGP, EQ, 11-Jan-2023,192.31,192.3,194.0,191.66, 192.50,192.5,193.09,92,0.18,20, 54, 58.70,0.1
LICNFNHGP, EQ, 11-Jan-2024,234.86,235.19,237.52,233.34, 235.49,235.49,235.69,19765,46.58,377, 2052, 10.38,0.27
LICNFNHGP, EQ, 11-Feb-2020,124.7,124.7,125.8,123.0, 125.80,125.28,125.32,137,0.17,15, 116, 84.67,0.47
LICNFNHGP, EQ, 11-Feb-2021,155.7,154.0,156.99,153.75,153.75,153.97,154.31,123,0.19,37, 104, 84.55,-1.11
LICNFNHGP, EQ, 11-Feb-2022,188.24,192.7,192.7,185.5,185.75,185.75,185.93,562,1.04,44, 474, 84.34,-1.32
LICNFNHGP, EQ, 11-Feb-2025,259.43,258.65,262.99,253.89,254.02,255.46,257.31,1806,4.65,92, 1503, 83.22,-1.53
LICNFNHGP, EQ, 11-Mar-2020,109.1,109.1,111.7,109.1, 109.35,109.35,110.4,85,0.09,10, 47, 55.29,0.23
LICNFNHGP, EQ, 11-Mar-2022,177.07,181.0,181.0,176.82, 178.49,177.95,178.12,877,1.56,45, 698, 79.59,0.5
LICNFNHGP, EQ, 11-Mar-2024,245.52,248.91,248.91,243.41, 247.00,244.65,245.84,952,2.34,62, 707, 74.26,-0.35
LICNFNHGP, EQ, 11-Mar-2025,258.53,258.54,270.0,256.01,270.0,269.74,259.5,546,1.42,44, 471, 86.26,4.34
LICNFNHGP, EQ, 11-Apr-2022,191.35,187.55,194.0,187.55,190.15,191.62,192.54,1044,2.01,92, 820, 78.54,0.14
LICNFNHGP, EQ, 11-Apr-2023,184.92,189.54,189.54,184.8, 186.49,186.49,186.06,3134,5.83,91, 2334, 74.47,0.85
LICNFNHGP, EQ, 11-Apr-2025,251.13,252.06,259.47,252.06,259.47,258.21,256.58,778,2.0,45, 510, 65.55,2.82
LICNFNHGP, EQ, 11-May-2020,98.12,95.5,98.94,94.21, 95.00,95.22,95.17,755,0.72,37, 534, 70.73,-2.96
LICNFNHGP, EQ, 11-May-2021,155.85,159.0,159.0,153.5, 155.57,154.59,154.27,161,0.25,33, 103, 63.98,-0.81
LICNFNHGP, EQ, 11-May-2022,174.54,177.0,177.0,171.0,174.0,173.37,173.88,6463,11.24,67, 6274, 97.08,-0.67
LICNFNHGP, EQ, 11-May-2023,193.02,193.0,193.75,193.0, 193.02,193.02,193.02,5070,9.79,13, 5067, 99.94,0.0
LICNFNHGP, EQ, 11-Jun-2020,105.25,107.54,107.54,105.65, 105.65,105.65,106.38,385,0.41,9, 260, 67.53,0.38
LICNFNHGP, EQ, 11-Jun-2021,171.34,174.0,174.0,165.2, 169.00,168.33,169.66,2873,4.87,222, 1350, 46.99,-1.76
LICNFNHGP, EQ, 11-Jun-2024,260.46,265.15,271.0,257.32,265.2,266.01,262.09,1670,4.38,87, 783, 46.89,2.13
LICNFNHGP, EQ, 11-Jul-2022,173.49,170.05,175.0,170.05,173.68,173.74,173.4,823,1.43,37, 804, 97.69,0.14
LICNFNHGP, EQ, 11-Jul-2023,207.38,208.26,208.36,205.85, 206.49,206.29,207.26,761,1.58,63, 364, 47.83,-0.53
LICNFNHGP, EQ, 11-Jul-2024,271.89,274.65,275.97,269.0,272.75,272.71,272.54,1049,2.86,52, 883, 84.18,0.3
LICNFNHGP, EQ, 11-Aug-2020,117.5,117.5,118.9,117.01,117.51,117.51,117.41,41,0.05,8, 39, 95.12,0.01
LICNFNHGP, EQ, 11-Aug-2021,161.04,163.5,163.5,161.0, 162.04,162.03,161.44,536,0.87,94, 396, 73.88,0.61
LICNFNHGP, EQ, 11-Aug-2022,188.53,187.15,190.25,187.15,189.5,189.94,189.85,292,0.55,35, 256, 87.67,0.75
LICNFNHGP, EQ, 11-Aug-2023,207.07,207.07,208.99,206.0, 206.00,206.0,208.46,28,0.06,11, 28, 100.00,-0.52
LICNFNHGP, EQ, 11-Sep-2020,116.55,117.85,117.85,114.2, 116.65,116.65,114.46,56,0.06,16, 52, 92.86,0.09
LICNFNHGP, EQ, 11-Sep-2023,211.35,212.0,213.6,212.0, 213.50,213.34,212.61,474,1.01,25, 468, 98.73,0.94
LICNFNHGP, EQ, 11-Sep-2024,277.24,283.46,285.0,275.01,281.99,279.31,282.5,1570,4.44,84, 1050, 66.88,0.75
LICNFNHGP, EQ, 11-Oct-2021,177.83,184.4,186.17,178.0, 184.50,183.33,183.44,1984,3.64,179, 1537, 77.47,3.09
LICNFNHGP, EQ, 11-Oct-2022,186.75,186.3,186.74,184.0, 184.00,184.78,185.75,1018,1.89,49, 685, 67.29,-1.05
LICNFNHGP, EQ, 11-Oct-2023,210.52,208.0,212.0,207.8, 211.98,211.98,210.51,269,0.57,33, 62, 23.05,0.69
LICNFNHGP, EQ, 11-Oct-2024,280.44,282.89,282.99,278.81,281.9,279.71,281.37,514,1.45,60, 386, 75.10,-0.26
LICNFNHGP, EQ, 11-Nov-2020,126.85,125.7,128.0,124.07, 125.63,126.07,126.37,1164,1.47,57, 997, 85.65,-0.61
LICNFNHGP, EQ, 11-Nov-2021,180.78,181.0,185.99,180.05, 182.00,181.88,182.68,1042,1.9,70, 224, 21.50,0.61
LICNFNHGP, EQ, 11-Nov-2022,194.07,196.0,198.0,196.0,197.5,197.79,197.13,1149,2.26,32, 1147, 99.83,1.92
LICNFNHGP, EQ, 11-Nov-2024,268.48,272.97,272.97,266.1, 267.56,267.88,269.49,669,1.8,67, 321, 47.98,-0.22
LICNFNHGP, EQ, 11-Dec-2020,135.3,134.7,136.49,132.75, 135.00,135.0,134.98,1632,2.2,98, 1151, 70.53,-0.22
LICNFNHGP, EQ, 11-Dec-2023,226.82,226.83,226.83,222.2, 222.20,224.62,225.75,349,0.79,33, 120, 34.38,-0.97
LICNFNHGP, EQ, 11-Dec-2024,276.85,279.38,279.38,272.9,275.88,275.6,275.02,458,1.26,53, 293, 63.97,-0.45
LICNFNHGP, EQ, 12-Jan-2021,150.08,154.58,154.58,147.0, 151.34,150.31,149.86,260,0.39,49, 158, 60.77,0.15
LICNFNHGP, EQ, 12-Jan-2022,192.92,198.0,198.0,190.0,193.5,193.5,193.35,1356,2.62,66, 913, 67.33,0.3
LICNFNHGP, EQ, 12-Jan-2023,192.5,192.5,192.55,191.5, 191.75,191.75,192.09,454,0.87,23, 449, 98.90,-0.39
LICNFNHGP, EQ, 12-Jan-2024,235.49,234.87,236.93,232.65,232.65,234.13,235.23,2442,5.74,40, 2107, 86.28,-0.58
LICNFNHGP, EQ, 12-Feb-2020,125.28,126.0,127.25,126.0, 127.25,127.25,126.12,188,0.24,6, 188, 100.00,1.57
LICNFNHGP, EQ, 12-Feb-2021,153.97,156.0,156.0,154.5,154.5,154.58,155.86,60,0.09,16, 46, 76.67,0.4
LICNFNHGP, EQ, 12-Feb-2024,239.25,243.95,243.95,234.4, 236.39,236.13,237.43,1734,4.12,85, 612, 35.29,-1.3
LICNFNHGP, EQ, 12-Feb-2025,255.46,255.47,263.3,253.55,256.33,256.01,255.31,1332,3.4,61, 1194, 89.64,0.22
LICNFNHGP, EQ, 12-Mar-2020,109.35,96.0,115.0,96.0, 115.00,109.49,106.78,6,0.01,6, 1, 16.67,0.13
LICNFNHGP, EQ, 12-Mar-2021,156.13,160.81,160.81,154.02, 157.45,157.35,156.64,897,1.41,190, 408, 45.48,0.78
LICNFNHGP, EQ, 12-Mar-2024,244.65,246.79,246.8,240.98, 241.51,243.28,242.99,743,1.81,61, 401, 53.97,-0.56
LICNFNHGP, EQ, 12-Mar-2025,269.74,268.97,270.0,261.31,269.95,266.45,267.61,1007,2.69,75, 596, 59.19,-1.22
LICNFNHGP, EQ, 12-Apr-2021,157.41,168.0,168.0,154.04, 154.25,156.03,157.67,412,0.65,42, 220, 53.40,-0.88
LICNFNHGP, EQ, 12-Apr-2022,191.62,193.9,193.9,187.3, 189.25,188.74,188.82,1131,2.14,74, 810, 71.62,-1.5
LICNFNHGP, EQ, 12-Apr-2023,186.49,185.99,188.08,185.18, 187.50,187.37,186.84,3352,6.26,99, 2639, 78.73,0.47
LICNFNHGP, EQ, 12-Apr-2024,249.74,251.49,251.49,246.8, 249.55,248.62,249.27,1259,3.14,57, 174, 13.82,-0.45
LICNFNHGP, EQ, 12-May-2020,95.22,97.5,102.0,97.0, 99.85,99.85,100.23,1946,1.95,177, 1125, 57.81,4.86
LICNFNHGP, EQ, 12-May-2021,154.59,153.1,157.0,153.1,156.99,156.53,156.72,268,0.42,21, 178, 66.42,1.25
LICNFNHGP, EQ, 12-May-2022,173.37,175.1,175.1,169.25,171.25,170.59,170.84,6484,11.08,81, 6199, 95.60,-1.6
LICNFNHGP, EQ, 12-May-2023,193.02,191.27,193.87,191.0, 193.25,193.25,192.73,838,1.62,39, 182, 21.72,0.12
LICNFNHGP, EQ, 12-Jun-2020,105.65,100.5,104.0,100.5, 103.00,103.69,102.56,731,0.75,28, 569, 77.84,-1.86
LICNFNHGP, EQ, 12-Jun-2023,197.59,198.58,198.81,197.31, 197.60,197.6,198.55,62,0.12,12, 46, 74.19,0.01
LICNFNHGP, EQ, 12-Jun-2024,266.01,262.1,274.7,262.0,265.97,265.75,266.03,3083,8.2,122, 935, 30.33,-0.1
LICNFNHGP, EQ, 12-Jul-2021,162.97,166.0,166.0,161.95, 162.55,162.94,163.02,612,1.0,64, 467, 76.31,-0.02
LICNFNHGP, EQ, 12-Jul-2022,173.74,178.4,178.4,172.75,172.99,172.98,173.68,641,1.11,33, 510, 79.56,-0.44
LICNFNHGP, EQ, 12-Jul-2023,206.29,205.85,209.89,205.1, 205.11,205.78,206.61,766,1.58,45, 716, 93.47,-0.25
LICNFNHGP, EQ, 12-Jul-2024,272.71,272.91,275.84,272.91,275.0,275.0,274.96,686,1.89,44, 517, 75.36,0.84
LICNFNHGP, EQ, 12-Aug-2020,117.51,117.99,117.99,116.66,117.99,117.99,117.88,25,0.03,4, 21, 84.00,0.41
LICNFNHGP, EQ, 12-Aug-2021,162.03,163.49,163.49,161.37, 162.89,162.89,162.55,139,0.23,41, 136, 97.84,0.53
LICNFNHGP, EQ, 12-Aug-2022,189.94,189.3,190.25,188.3,190.25,190.23,189.77,233,0.44,36, 224, 96.14,0.15
LICNFNHGP, EQ, 12-Aug-2024,274.27,275.0,279.5,261.05,270.97,273.17,269.97,2796,7.55,164, 577, 20.64,-0.4
LICNFNHGP, EQ, 12-Sep-2022,193.34,190.5,195.4,190.5, 194.45,195.09,194.38,481,0.93,38, 456, 94.80,0.91
LICNFNHGP, EQ, 12-Sep-2023,213.34,213.3,214.0,207.37, 211.99,207.49,210.36,6010,12.64,59, 3304, 54.98,-2.74
LICNFNHGP, EQ, 12-Sep-2024,279.31,285.69,285.69,277.3,282.87,281.55,281.46,1608,4.53,133, 360, 22.39,0.8
LICNFNHGP, EQ, 12-Oct-2020,116.55,120.0,126.68,116.9, 117.07,124.2,123.77,1075,1.33,16, 1075, 100.00,6.56
LICNFNHGP, EQ, 12-Oct-2021,183.33,188.98,188.98,181.2, 183.85,183.84,183.92,413,0.76,54, 326, 78.93,0.28
LICNFNHGP, EQ, 12-Oct-2022,184.78,186.0,186.0,184.25, 185.25,185.19,184.77,371,0.69,44, 339, 91.37,0.22
LICNFNHGP, EQ, 12-Oct-2023,211.98,210.5,211.9,210.01, 211.90,211.9,211.42,14,0.03,10, 11, 78.57,-0.04
LICNFNHGP, EQ, 12-Nov-2020,126.07,127.95,127.95,124.0, 127.89,127.89,126.12,225,0.28,32, 119, 52.89,1.44
LICNFNHGP, EQ, 12-Nov-2021,181.88,185.0,185.0,181.05, 181.20,181.23,181.58,602,1.09,54, 491, 81.56,-0.36
LICNFNHGP, EQ, 12-Nov-2024,267.88,267.88,271.9,265.06,267.03,267.15,267.54,199,0.53,35, 181, 90.95,-0.27
LICNFNHGP, EQ, 12-Dec-2022,198.68,195.0,198.75,195.0, 198.50,198.5,197.92,5858,11.59,55, 3180, 54.28,-0.09
LICNFNHGP, EQ, 12-Dec-2023,224.62,224.62,227.41,224.62, 227.00,226.79,226.53,601,1.36,47, 347, 57.74,0.97
LICNFNHGP, EQ, 12-Dec-2024,275.6,281.7,281.7,275.11,275.11,275.34,275.41,802,2.21,31, 797, 99.38,-0.09
LICNFNHGP, EQ, 13-Jan-2020,129.25,129.2,132.0,127.35, 127.65,127.43,128.36,458,0.59,23, 241, 52.62,-1.41
LICNFNHGP, EQ, 13-Jan-2021,150.31,152.0,160.0,149.37, 151.95,151.95,151.68,1518,2.3,121, 1012, 66.67,1.09
LICNFNHGP, EQ, 13-Jan-2022,193.5,196.3,196.3,191.3, 194.50,194.3,193.99,415,0.81,49, 217, 52.29,0.41
LICNFNHGP, EQ, 13-Jan-2023,191.75,191.5,192.75,191.5,192.75,192.75,192.52,49,0.09,11, 45, 91.84,0.52
LICNFNHGP, EQ, 13-Jan-2025,270.16,275.56,275.56,255.21,269.31,258.45,266.49,2177,5.8,146, 1850, 84.98,-4.33
LICNFNHGP, EQ, 13-Feb-2020,127.25,128.0,128.0,126.45, 126.45,126.45,127.14,16,0.02,6, 6, 37.50,-0.63
LICNFNHGP, EQ, 13-Feb-2023,189.39,190.0,190.0,187.7,189.25,189.18,188.04,1111,2.09,51, 1034, 93.07,-0.11
LICNFNHGP, EQ, 13-Feb-2024,236.13,235.99,238.02,233.01, 238.02,238.02,235.22,5783,13.6,149, 1061, 18.35,0.8
LICNFNHGP, EQ, 13-Feb-2025,256.01,259.79,259.79,258.2,258.2,258.2,259.48,218,0.57,15, 217, 99.54,0.86
LICNFNHGP, EQ, 13-Mar-2020,109.49,112.0,115.0,96.5, 114.99,114.99,103.53,15,0.02,6, 13, 86.67,5.02
LICNFNHGP, EQ, 13-Mar-2023,183.14,183.14,189.0,179.0, 179.00,179.49,180.63,8136,14.7,362, 7848, 96.46,-1.99
LICNFNHGP, EQ, 13-Mar-2024,243.28,240.28,244.05,238.0, 238.00,238.3,240.62,323,0.78,50, 239, 73.99,-2.05
LICNFNHGP, EQ, 13-Mar-2025,266.45,269.85,269.85,260.55,263.98,267.29,264.84,788,2.09,97, 482, 61.17,0.32
LICNFNHGP, EQ, 13-Apr-2020,99.51,99.51,111.4,86.2, 100.50,100.3,100.3,8558,8.58,267,1005,12.56,0.79
LICNFNHGP, EQ, 13-Apr-2021,156.03,157.0,157.0,154.01, 156.99,156.99,154.75,40,0.06,13, 35, 87.50,0.62
LICNFNHGP, EQ, 13-Apr-2022,188.74,192.55,192.55,188.0,188.5,189.06,189.81,1083,2.06,61, 620, 57.25,0.17
LICNFNHGP, EQ, 13-Apr-2023,187.37,186.49,188.61,186.49, 187.75,187.59,187.13,1567,2.93,49, 1276, 81.43,0.12
LICNFNHGP, EQ, 13-May-2020,99.85,102.99,103.41,98.0,100.01,100.01,101.21,69,0.07,11, 39, 56.52,0.16
LICNFNHGP, EQ, 13-May-2022,170.59,177.7,177.7,168.35,168.91,169.63,170.47,2436,4.15,87, 1261, 51.77,-0.56
LICNFNHGP, EQ, 13-May-2024,244.63,249.8,254.1,240.96,245.0,250.83,246.44,483,1.19,72, 245, 50.72,2.53
LICNFNHGP, EQ, 13-Jun-2022,173.44,174.7,174.7,168.16,169.36,169.36,168.67,4114,6.94,74, 4076, 99.08,-2.35
LICNFNHGP, EQ, 13-Jun-2023,197.6,202.54,202.54,198.54, 198.90,198.9,199.67,192,0.38,26, 145, 75.52,0.66
LICNFNHGP, EQ, 13-Jun-2024,265.75,263.63,272.0,259.11,263.0,268.53,263.5,1602,4.22,127, 920, 57.43,1.05
LICNFNHGP, EQ, 13-Jul-2020,113.05,116.0,116.94,115.0, 115.90,115.42,115.78,91,0.11,14, 50, 54.95,2.1
LICNFNHGP, EQ, 13-Jul-2021,162.94,164.0,165.95,161.95, 163.35,163.32,163.67,867,1.42,49, 531, 61.25,0.23
LICNFNHGP, EQ, 13-Jul-2022,172.98,177.0,177.0,171.75,171.75,171.91,172.18,310,0.53,45, 69, 22.26,-0.62
LICNFNHGP, EQ, 13-Jul-2023,205.78,209.89,211.45,205.1, 211.05,211.38,207.78,38,0.08,22, 25, 65.79,2.72
LICNFNHGP, EQ, 13-Aug-2020,117.99,118.75,118.75,115.5, 118.75,118.75,117.74,74,0.09,15, 68, 91.89,0.64
LICNFNHGP, EQ, 13-Aug-2021,162.89,164.0,164.97,161.6,163.5,163.0,163.44,495,0.81,36, 266, 53.74,0.07
LICNFNHGP, EQ, 13-Aug-2024,273.17,279.4,279.4,267.6,271.99,269.16,272.82,558,1.52,65, 308, 55.20,-1.47
LICNFNHGP, EQ, 13-Sep-2021,174.66,175.6,178.69,174.67, 176.98,175.12,175.87,782,1.38,60, 536, 68.54,0.26
LICNFNHGP, EQ, 13-Sep-2022,195.09,195.09,196.25,195.0, 195.76,195.96,195.76,961,1.88,75, 933, 97.09,0.45
LICNFNHGP, EQ, 13-Sep-2023,207.49,212.67,214.4,207.5, 214.12,214.09,211.69,2509,5.31,86, 717, 28.58,3.18
LICNFNHGP, EQ, 13-Sep-2024,281.55,287.18,287.18,282.5,283.0,283.0,283.66,539,1.53,52, 378, 70.13,0.52
LICNFNHGP, EQ, 13-Oct-2020,124.2,120.99,123.0,118.0, 118.77,118.77,121.25,287,0.35,64, 215, 74.91,-4.37
LICNFNHGP, EQ, 13-Oct-2021,183.84,185.0,186.39,179.32,179.5,180.57,181.9,1741,3.17,199, 1285, 73.81,-1.78
LICNFNHGP, EQ, 13-Oct-2022,185.19,185.19,185.89,182.01,184.0,184.45,184.82,617,1.14,31, 148, 23.99,-0.4
LICNFNHGP, EQ, 13-Oct-2023,211.9,211.9,213.6,207.8, 211.30,211.3,211.5,443,0.94,64, 226, 51.02,-0.28
LICNFNHGP, EQ, 13-Nov-2020,127.89,126.0,129.87,125.95,128.2,128.19,127.36,236,0.3,10, 106, 44.92,0.23
LICNFNHGP, EQ, 13-Nov-2023,207.76,210.0,210.5,209.9, 209.90,209.9,210.08,192,0.4,11, 190, 98.96,1.03
LICNFNHGP, EQ, 13-Nov-2024,267.15,271.5,271.5,261.0,263.9,263.73,266.59,1744,4.65,80, 960, 55.05,-1.28
LICNFNHGP, EQ, 13-Dec-2021,187.5,191.7,191.7,185.25,187.18,186.53,187.34,563,1.05,95, 386, 68.56,-0.52
LICNFNHGP, EQ, 13-Dec-2022,198.5,209.7,209.7,198.72, 199.75,199.51,199.44,1495,2.98,41, 1379, 92.24,0.51
LICNFNHGP, EQ, 13-Dec-2023,226.79,225.95,226.12,224.5, 226.12,226.12,224.63,398,0.89,27, 222, 55.78,-0.3
LICNFNHGP, EQ, 13-Dec-2024,275.34,275.37,278.32,272.84,278.32,277.34,275.03,1495,4.11,45, 1075, 71.91,0.73
LICNFNHGP, EQ, 14-Jan-2021,151.95,152.0,155.89,147.11, 153.97,153.02,151.61,2390,3.62,64, 1161, 48.58,0.7
LICNFNHGP, EQ, 14-Jan-2022,194.3,196.0,196.0,193.2, 194.80,194.75,194.33,495,0.96,48, 439, 88.69,0.23
LICNFNHGP, EQ, 14-Jan-2025,258.45,256.06,268.99,255.59,263.0,259.25,259.65,508,1.32,44, 349, 68.70,0.31
LICNFNHGP, EQ, 14-Feb-2020,126.45,126.45,133.0,126.45, 129.00,132.11,128.47,175,0.22,29, 101, 57.71,4.48
LICNFNHGP, EQ, 14-Feb-2022,185.75,182.05,183.4,180.18,180.69,180.35,182.03,5833,10.62,107, 5656, 96.97,-2.91
LICNFNHGP, EQ, 14-Feb-2023,189.18,189.01,189.99,185.8,185.8,186.81,187.51,741,1.39,72, 272, 36.71,-1.25
LICNFNHGP, EQ, 14-Feb-2024,238.02,234.99,239.65,234.08, 239.55,239.47,235.62,4016,9.46,110, 31, 0.77,0.61
LICNFNHGP, EQ, 14-Feb-2025,258.2,259.49,259.49,251.23,259.4,256.56,254.93,968,2.47,76, 703, 72.62,-0.64
LICNFNHGP, EQ, 14-Mar-2022,177.95,182.0,182.0,178.0,178.52,179.81,179.49,784,1.41,52, 583, 74.36,1.05
LICNFNHGP, EQ, 14-Mar-2023,179.49,179.91,180.94,179.25, 179.25,179.26,179.95,2676,4.82,68, 2269, 84.79,-0.13
LICNFNHGP, EQ, 14-Mar-2024,238.3,240.59,248.0,238.0, 247.11,247.11,245.19,330,0.81,45, 271, 82.12,3.7
LICNFNHGP, EQ, 14-May-2020,100.01,100.0,101.45,97.05,98.0,98.0,100.22,347,0.35,17, 181, 52.16,-2.01
LICNFNHGP, EQ, 14-May-2021,156.53,159.7,159.7,151.23, 153.99,153.99,152.34,891,1.36,115, 773, 86.76,-1.62
LICNFNHGP, EQ, 14-May-2024,250.83,246.87,252.32,245.0,250.2,247.08,248.06,1033,2.56,93, 520, 50.34,-1.5
LICNFNHGP, EQ, 14-Jun-2021,168.33,166.5,172.3,166.5, 168.00,168.0,169.3,262,0.44,66, 142, 54.20,-0.2
LICNFNHGP, EQ, 14-Jun-2022,169.36,168.2,170.3,168.0, 168.25,168.25,169.34,940,1.59,38, 686, 72.98,-0.66
LICNFNHGP, EQ, 14-Jun-2023,198.9,199.0,205.0,198.3, 205.00,200.23,199.62,68,0.14,27, 32, 47.06,0.67
LICNFNHGP, EQ, 14-Jun-2024,268.53,262.15,271.69,262.15,263.6,263.55,264.54,12497,33.06,609, 8913, 71.32,-1.85
LICNFNHGP, EQ, 14-Jul-2020,115.42,116.0,116.89,114.1,116.0,115.93,116.1,126,0.15,18, 97, 76.98,0.44
LICNFNHGP, EQ, 14-Jul-2021,163.32,164.3,164.99,162.52, 164.99,164.99,164.63,99,0.16,31, 93, 93.94,1.02
LICNFNHGP, EQ, 14-Jul-2022,171.91,170.46,172.75,169.4, 171.36,171.39,171.53,1852,3.18,53, 1569, 84.72,-0.3
LICNFNHGP, EQ, 14-Jul-2023,211.38,208.08,209.6,206.55,208.31,207.87,207.25,446,0.92,44, 409, 91.70,-1.66
LICNFNHGP, EQ, 14-Aug-2020,118.75,117.01,118.74,116.0, 118.70,118.09,118.11,107,0.13,11, 88, 82.24,-0.56
LICNFNHGP, EQ, 14-Aug-2023,206.0,212.4,212.4,205.06, 206.00,206.0,206.28,3127,6.45,65, 3102, 99.20,0.0
LICNFNHGP, EQ, 14-Aug-2024,269.16,274.54,274.54,267.67,267.67,268.86,270.96,409,1.11,42, 366, 89.49,-0.11
LICNFNHGP, EQ, 14-Sep-2020,116.65,115.7,117.97,115.0,115.0,115.02,115.7,932,1.08,36, 861, 92.38,-1.4
LICNFNHGP, EQ, 14-Sep-2021,175.12,174.3,176.88,174.0, 176.20,175.64,175.81,316,0.56,45, 146, 46.20,0.3
LICNFNHGP, EQ, 14-Sep-2022,195.96,194.0,196.5,194.0,196.0,195.92,195.83,519,1.02,48, 427, 82.27,-0.02
LICNFNHGP, EQ, 14-Sep-2023,214.09,214.09,215.0,208.49, 214.94,214.76,212.26,404,0.86,22, 161, 39.85,0.31
LICNFNHGP, EQ, 14-Oct-2020,118.77,124.0,124.0,116.2, 119.10,119.1,119.24,46,0.05,13, 43, 93.48,0.28
LICNFNHGP, EQ, 14-Oct-2021,180.57,184.4,184.4,179.55,182.9,183.14,183.35,324,0.59,28, 185, 57.10,1.42
LICNFNHGP, EQ, 14-Oct-2022,184.45,186.0,187.69,186.0, 186.38,186.24,186.84,3140,5.87,51, 3101, 98.76,0.97
LICNFNHGP, EQ, 14-Oct-2024,279.71,283.79,283.8,273.0,277.7,280.46,280.86,2281,6.41,83, 1736, 76.11,0.27
LICNFNHGP, EQ, 14-Nov-2022,197.79,198.99,198.99,195.17,197.75,197.74,197.77,648,1.28,26, 502, 77.47,-0.03
LICNFNHGP, EQ, 14-Nov-2024,263.73,270.88,270.88,262.06, 263.39,266.6,267.05,637,1.7,47, 470, 73.78,1.09
LICNFNHGP, EQ, 14-Dec-2020,135.0,138.0,138.0,132.2,136.0,135.27,134.25,1617,2.17,130, 1075, 66.48,0.2
LICNFNHGP, EQ, 14-Dec-2021,186.53,184.95,187.8,182.8,183.5,183.94,184.2,557,1.03,125, 245, 43.99,-1.39
LICNFNHGP, EQ, 14-Dec-2022,199.51,200.01,201.0,200.0, 200.00,200.0,200.24,438,0.88,22, 367, 83.79,0.25
LICNFNHGP, EQ, 14-Dec-2023,226.12,227.39,228.2,227.39, 228.20,228.2,227.93,373,0.85,28, 342, 91.69,0.92
LICNFNHGP, EQ, 15-Jan-2020,127.43,130.25,131.3,127.65, 131.30,131.03,130.38,171,0.22,14, 142, 83.04,2.83
LICNFNHGP, EQ, 15-Jan-2021,153.02,155.5,157.27,149.15,151.97,151.97,152.17,219,0.33,68, 69, 31.51,-0.69
LICNFNHGP, EQ, 15-Jan-2024,234.13,238.85,240.34,235.0, 239.70,239.6,238.15,3756,8.95,129, 1192, 31.74,2.34
LICNFNHGP, EQ, 15-Jan-2025,259.25,257.86,266.8,257.45,257.45,257.84,258.6,1701,4.4,65, 1537, 90.36,-0.54
LICNFNHGP, EQ, 15-Feb-2021,154.58,154.6,155.99,154.01, 155.62,155.62,154.54,717,1.11,61, 700, 97.63,0.67
LICNFNHGP, EQ, 15-Feb-2022,180.35,182.0,185.85,180.0,185.25,184.28,183.91,402178,739.66,113, 401294, 99.78,2.18
LICNFNHGP, EQ, 15-Feb-2023,186.81,187.0,189.0,187.0, 188.90,188.51,188.76,183,0.35,23, 98, 53.55,0.91
LICNFNHGP, EQ, 15-Feb-2024,239.47,235.61,240.99,235.1, 235.10,235.75,237.61,4231,10.05,128, 785, 18.55,-1.55
LICNFNHGP, EQ, 15-Mar-2021,157.35,160.5,164.9,155.1, 158.76,158.76,159.25,170,0.27,71, 114, 67.06,0.9
LICNFNHGP, EQ, 15-Mar-2022,179.81,184.28,184.28,176.25,178.5,178.4,179.59,1794,3.22,72, 878, 48.94,-0.78
LICNFNHGP, EQ, 15-Mar-2023,179.26,180.0,180.95,178.25, 178.25,178.84,179.12,1757,3.15,79, 832, 47.35,-0.23
LICNFNHGP, EQ, 15-Mar-2024,247.11,243.4,244.0,239.48, 242.95,240.79,241.23,1637,3.95,80, 1501, 91.69,-2.56
LICNFNHGP, EQ, 15-Apr-2020,100.3,98.0,102.1,92.0, 99.00,99.0,98.97,3768,3.73,94, 939, 24.92,-1.3
LICNFNHGP, EQ, 15-Apr-2021,156.99,161.75,161.75,152.11,155.0,154.75,154.14,239,0.37,29, 128, 53.56,-1.43
LICNFNHGP, EQ, 15-Apr-2024,248.62,248.61,248.62,240.26, 247.59,246.62,244.13,503,1.23,73, 338, 67.20,-0.8
LICNFNHGP, EQ, 15-Apr-2025,258.21,263.37,263.67,256.95,260.13,260.81,262.05,234,0.61,81, 172, 73.50,1.01
LICNFNHGP, EQ, 15-May-2020,98.0,100.0,100.5,96.0,97.01,97.01,98.54,461,0.45,33, 314, 68.11,-1.01
LICNFNHGP, EQ, 15-May-2023,193.25,196.4,196.4,192.08, 194.75,194.75,194.55,362,0.7,24, 333, 91.99,0.78
LICNFNHGP, EQ, 15-May-2024,247.08,250.01,252.0,240.0,252.0,248.09,248.78,3963,9.86,153, 340, 8.58,0.41
LICNFNHGP, EQ, 15-Jun-2020,103.69,108.9,109.0,103.65,104.65,104.65,106.46,14,0.01,7, 14, 100.00,0.93
LICNFNHGP, EQ, 15-Jun-2021,168.0,168.05,169.75,167.05, 169.49,169.49,168.78,263,0.44,37, 170, 64.64,0.89
LICNFNHGP, EQ, 15-Jun-2022,168.25,169.0,169.25,168.5, 168.98,168.98,169.0,347,0.59,12, 328, 94.52,0.43
LICNFNHGP, EQ, 15-Jun-2023,200.23,199.5,203.0,197.5, 199.86,199.86,201.18,285,0.57,40, 144, 50.53,-0.18
LICNFNHGP, EQ, 15-Jul-2020,115.93,112.7,115.9,111.01,112.7,114.03,112.68,885,1.0,44, 612, 69.15,-1.64
LICNFNHGP, EQ, 15-Jul-2021,164.99,169.89,169.89,162.01, 162.52,162.52,162.93,382,0.62,34, 292, 76.44,-1.5
LICNFNHGP, EQ, 15-Jul-2022,171.39,171.9,172.75,171.8,172.75,172.53,172.38,196,0.34,19, 130, 66.33,0.67
LICNFNHGP, EQ, 15-Jul-2024,275.0,270.05,276.68,270.05,276.53,275.79,275.17,336,0.92,58, 206, 61.31,0.29
LICNFNHGP, EQ, 15-Sep-2020,115.02,118.0,118.0,115.8, 117.98,117.98,116.47,157,0.18,8, 157, 100.00,2.57
LICNFNHGP, EQ, 15-Sep-2021,175.64,177.9,179.89,172.0, 174.08,174.09,175.16,1516,2.66,96, 496, 32.72,-0.88
LICNFNHGP, EQ, 15-Sep-2022,195.92,192.88,196.25,192.88,195.25,195.52,195.52,529,1.03,40, 435, 82.23,-0.2
LICNFNHGP, EQ, 15-Sep-2023,214.76,215.0,215.0,214.42, 215.00,214.99,214.94,333,0.72,12, 332, 99.70,0.11
LICNFNHGP, EQ, 15-Oct-2020,119.1,120.99,125.0,117.8, 122.30,118.36,120.02,43,0.05,14, 28, 65.12,-0.62
LICNFNHGP, EQ, 15-Oct-2024,280.46,282.89,282.9,277.03,280.5,280.5,280.07,657,1.84,64, 486, 73.97,0.01
LICNFNHGP, EQ, 15-Nov-2021,181.23,180.05,184.97,180.05, 181.97,181.97,182.8,564,1.03,42, 387, 68.62,0.41
LICNFNHGP, EQ, 15-Nov-2022,197.74,198.0,199.0,197.08, 198.50,198.07,198.0,346,0.69,21, 231, 66.76,0.17
LICNFNHGP, EQ, 15-Nov-2023,209.9,212.6,213.2,208.1, 210.44,210.46,211.06,626,1.32,51, 220, 35.14,0.27
LICNFNHGP, EQ, 15-Dec-2020,135.27,136.0,136.0,133.52,136.0,135.97,135.23,323,0.44,36, 196, 60.68,0.52
LICNFNHGP, EQ, 15-Dec-2021,183.94,189.0,189.0,181.1, 181.10,182.09,184.14,190,0.35,78, 125, 65.79,-1.01
LICNFNHGP, EQ, 15-Dec-2022,200.0,201.0,201.25,198.5, 198.50,198.51,199.76,313,0.63,41, 184, 58.79,-0.75
LICNFNHGP, EQ, 15-Dec-2023,228.2,228.2,229.89,228.2, 229.37,229.37,229.36,465,1.07,30, 439, 94.41,0.51
LICNFNHGP, EQ, 16-Jan-2020,131.03,130.5,131.0,127.6, 127.65,130.21,130.23,49,0.06,26, 24, 48.98,-0.63
LICNFNHGP, EQ, 16-Jan-2023,192.75,196.4,196.4,191.3, 192.50,191.67,192.13,952,1.83,53, 675, 70.90,-0.56
LICNFNHGP, EQ, 16-Jan-2024,239.6,240.76,241.0,237.14, 237.14,238.03,239.38,1433,3.43,56, 867, 60.50,-0.66
LICNFNHGP, EQ, 16-Jan-2025,257.84,258.6,264.28,258.59,263.66,263.66,262.53,221,0.58,45, 151, 68.33,2.26
LICNFNHGP, EQ, 16-Feb-2021,155.62,154.4,156.9,154.2, 155.40,155.4,154.28,678,1.05,14, 665, 98.08,-0.14
LICNFNHGP, EQ, 16-Feb-2022,184.28,184.5,186.7,184.5,185.0,185.11,185.74,12521,23.26,79, 10901, 87.06,0.45
LICNFNHGP, EQ, 16-Feb-2023,188.51,189.0,191.0,188.75, 188.75,189.21,189.61,290,0.55,32, 178, 61.38,0.37
LICNFNHGP, EQ, 16-Feb-2024,235.75,239.99,241.05,236.0,241.05,240.57,240.24,764,1.84,55, 745, 97.51,2.04
LICNFNHGP, EQ, 16-Mar-2020,114.99,112.0,114.99,105.0, 110.00,110.0,114.0,25,0.03,12, 24, 96.00,-4.34
LICNFNHGP, EQ, 16-Mar-2021,158.76,160.0,160.0,151.76, 155.80,153.45,155.12,1227,1.9,130, 597, 48.66,-3.34
LICNFNHGP, EQ, 16-Mar-2022,178.4,182.0,182.0,176.54,180.8,180.86,180.47,763,1.38,49, 456, 59.76,1.38
LICNFNHGP, EQ, 16-Mar-2023,178.84,178.24,179.19,178.2, 178.97,178.39,178.46,961,1.71,56, 574, 59.73,-0.25
LICNFNHGP, EQ, 16-Apr-2020,99.0,97.5,99.27,97.5, 99.27,99.27,98.76,280,0.28,9, 212, 75.71,0.27
LICNFNHGP, EQ, 16-Apr-2021,154.75,154.5,154.5,151.04,152.16,152.26,152.87,190,0.29,39, 109, 57.37,-1.61
LICNFNHGP, EQ, 16-Apr-2024,246.62,249.8,256.62,243.22, 245.51,245.09,247.86,2053,5.09,67, 1317, 64.15,-0.62
LICNFNHGP, EQ, 16-Apr-2025,260.81,260.8,263.61,259.0,263.5,261.89,261.73,200,0.52,36, 163, 81.50,0.41
LICNFNHGP, EQ, 16-May-2022,169.63,169.0,173.05,168.25,170.99,170.9,170.47,1177,2.01,56, 535, 45.45,0.75
LICNFNHGP, EQ, 16-May-2023,194.75,191.73,195.95,191.73,194.3,194.27,193.76,108,0.21,20, 95, 87.96,-0.25
LICNFNHGP, EQ, 16-May-2024,248.09,246.5,252.0,243.97,246.14,251.68,248.26,1650,4.1,106, 334, 20.24,1.45
LICNFNHGP, EQ, 16-Jun-2020,104.65,103.1,103.51,103.1, 103.34,103.34,103.28,195,0.2,15, 195, 100.00,-1.25
LICNFNHGP, EQ, 16-Jun-2021,169.49,172.0,172.0,167.05, 170.00,169.68,170.31,541,0.92,73, 299, 55.27,0.11
LICNFNHGP, EQ, 16-Jun-2022,168.98,168.98,169.5,164.75, 164.75,165.19,166.97,3789,6.33,116, 3754, 99.08,-2.24
LICNFNHGP, EQ, 16-Jun-2023,199.86,200.91,201.02,199.84, 200.42,200.42,200.86,78,0.16,8, 75, 96.15,0.28
LICNFNHGP, EQ, 16-Jul-2020,114.03,112.7,121.0,111.01, 120.00,117.87,117.23,590,0.69,75, 539, 91.36,3.37
LICNFNHGP, EQ, 16-Jul-2021,162.52,166.0,166.0,162.0, 162.55,163.67,163.82,596,0.98,77, 391, 65.60,0.71
LICNFNHGP, EQ, 16-Jul-2024,275.79,277.0,277.0,274.35,275.0,275.0,275.43,425,1.17,44, 201, 47.29,-0.29
LICNFNHGP, EQ, 16-Aug-2021,163.0,164.9,164.9,163.0,163.93,163.93,163.67,528,0.86,64, 410, 77.65,0.57
LICNFNHGP, EQ, 16-Aug-2022,190.23,190.23,191.5,190.23,191.5,191.38,190.98,746,1.42,66, 690, 92.49,0.6
LICNFNHGP, EQ, 16-Aug-2023,206.0,206.81,207.7,204.85, 206.32,206.32,205.85,4393,9.04,62, 25, 0.57,0.16
LICNFNHGP, EQ, 16-Aug-2024,268.86,268.86,274.3,266.24,272.05,273.44,273.04,570,1.56,88, 266, 46.67,1.7
LICNFNHGP, EQ, 16-Sep-2020,117.98,115.8,121.0,113.8,119.8,118.11,117.61,1957,2.3,88, 510, 26.06,0.11
LICNFNHGP, EQ, 16-Sep-2021,174.09,177.95,177.95,173.65,173.95,174.02,174.22,1243,2.17,59, 846, 68.06,-0.04
LICNFNHGP, EQ, 16-Sep-2022,195.52,195.3,195.3,191.21, 191.90,191.6,193.34,2870,5.55,72, 2791, 97.25,-2.0
LICNFNHGP, EQ, 16-Sep-2024,283.0,288.7,325.0,275.09,325.0,295.3,291.91,1198,3.5,80, 841, 70.20,4.35
LICNFNHGP, EQ, 16-Oct-2020,118.36,120.97,122.0,118.65, 119.52,120.89,121.23,42,0.05,18, 20, 47.62,2.14
LICNFNHGP, EQ, 16-Oct-2023,211.3,215.53,215.53,208.46, 213.00,212.01,211.73,129,0.27,52, 79, 61.24,0.34
LICNFNHGP, EQ, 16-Oct-2024,280.5,284.71,284.71,278.15,281.5,281.18,281.2,528,1.48,49, 359, 67.99,0.24
LICNFNHGP, EQ, 16-Nov-2021,181.97,184.5,184.5,181.05, 181.50,182.04,182.08,258,0.47,50, 198, 76.74,0.04
LICNFNHGP, EQ, 16-Nov-2022,198.07,199.89,199.89,197.5, 198.00,197.91,198.63,460,0.91,35, 393, 85.43,-0.08
LICNFNHGP, EQ, 16-Nov-2023,210.46,210.3,213.2,210.3, 212.00,212.74,212.27,103,0.22,47, 51, 49.51,1.08
LICNFNHGP, EQ, 16-Dec-2020,135.97,138.08,145.0,136.0, 144.20,144.08,143.46,2932,4.21,113, 2756, 94.00,5.96
LICNFNHGP, EQ, 16-Dec-2021,182.09,188.7,188.7,183.0, 183.75,183.75,184.06,949,1.75,98, 695, 73.23,0.91
LICNFNHGP, EQ, 16-Dec-2022,198.51,198.8,198.8,196.25, 196.25,196.77,197.49,169,0.33,52, 148, 87.57,-0.88
LICNFNHGP, EQ, 16-Dec-2024,277.34,272.02,278.0,272.02,277.42,276.89,276.05,960,2.65,54, 925, 96.35,-0.16
LICNFNHGP, EQ, 17-Jan-2020,130.21,127.65,128.0,127.65, 128.00,128.0,127.83,2,0.0,2, 1, 50.00,-1.7
LICNFNHGP, EQ, 17-Jan-2022,194.75,198.65,198.65,192.1,196.25,196.01,195.86,21068,41.26,68, 20802, 98.74,0.65
LICNFNHGP, EQ, 17-Jan-2023,191.67,194.8,195.0,189.8,195.0,194.89,193.69,204,0.4,35, 92, 45.10,1.68
LICNFNHGP, EQ, 17-Jan-2024,238.03,235.89,247.7,231.42, 234.20,234.25,238.19,3576,8.52,74, 2460, 68.79,-1.59
LICNFNHGP, EQ, 17-Jan-2025,263.66,259.08,270.0,259.05,263.97,263.52,264.02,1487,3.93,67, 1340, 90.11,-0.05
LICNFNHGP, EQ, 17-Feb-2020,132.11,132.11,132.11,125.55, 125.55,127.37,128.52,417,0.54,29, 130, 31.18,-3.59
LICNFNHGP, EQ, 17-Feb-2021,155.4,155.84,155.84,154.16, 154.16,154.16,155.27,138,0.21,47, 91, 65.94,-0.8
LICNFNHGP, EQ, 17-Feb-2022,185.11,189.7,189.7,185.0,185.25,185.62,185.6,1795,3.33,55, 721, 40.17,0.28
LICNFNHGP, EQ, 17-Feb-2023,189.21,189.75,190.0,188.0, 189.00,189.0,189.46,188,0.36,28, 129, 68.62,-0.11
LICNFNHGP, EQ, 17-Feb-2025,256.56,259.89,259.9,250.21,256.4,255.86,253.15,1602,4.06,105, 1101, 68.73,-0.27
LICNFNHGP, EQ, 17-Mar-2020,110.0,109.7,109.7,97.05, 97.05,99.83,102.26,279,0.29,48, 200, 71.68,-9.25
LICNFNHGP, EQ, 17-Mar-2021,153.45,155.8,157.95,152.0,152.0,152.07,154.72,311,0.48,39, 166, 53.38,-0.9
LICNFNHGP, EQ, 17-Mar-2022,180.86,184.28,186.0,182.3, 184.99,184.04,184.28,1288,2.37,70, 898, 69.72,1.76
LICNFNHGP, EQ, 17-Mar-2023,178.39,179.3,180.0,179.0, 179.99,179.99,179.93,423,0.76,12, 421, 99.53,0.9
LICNFNHGP, EQ, 17-Mar-2025,267.29,269.7,272.43,261.2,263.02,269.6,268.58,698,1.87,101, 314, 44.99,0.86
LICNFNHGP, EQ, 17-Apr-2020,99.27,97.5,101.7,95.6, 96.10,97.86,98.5,309,0.3,69, 116, 37.54,-1.42
LICNFNHGP, EQ, 17-Apr-2023,187.59,187.59,190.6,184.5, 186.99,186.99,187.43,1503,2.82,99, 176, 11.71,-0.32
LICNFNHGP, EQ, 17-Apr-2025,261.89,263.5,265.99,262.19,263.31,264.79,263.49,519,1.37,26, 510, 98.27,1.11
LICNFNHGP, EQ, 17-May-2021,153.99,153.99,154.85,153.0,154.85,154.72,154.14,128,0.2,23, 111, 86.72,0.47
LICNFNHGP, EQ, 17-May-2022,170.9,172.3,175.26,171.0, 174.50,174.65,172.94,1226,2.12,60, 929, 75.77,2.19
LICNFNHGP, EQ, 17-May-2023,194.27,194.0,194.76,190.87, 192.31,191.59,192.96,1244,2.4,74, 400, 32.15,-1.38
LICNFNHGP, EQ, 17-May-2024,251.68,254.93,254.93,250.0,252.4,251.97,252.01,406,1.02,87, 256, 63.05,0.12
LICNFNHGP, EQ, 17-Jun-2020,103.34,103.0,104.0,101.1,102.0,102.0,102.07,15,0.02,9, 10, 66.67,-1.3
LICNFNHGP, EQ, 17-Jun-2021,169.68,164.59,170.3,164.59, 166.50,166.52,167.25,278,0.46,64, 167, 60.07,-1.86
LICNFNHGP, EQ, 17-Jun-2022,165.19,164.75,167.2,163.55,164.5,164.25,164.73,1756,2.89,47, 1741, 99.15,-0.57
LICNFNHGP, EQ, 17-Jul-2020,117.87,114.7,117.86,114.7, 117.86,117.86,116.69,98,0.11,13, 82, 83.67,-0.01
LICNFNHGP, EQ, 17-Jul-2023,207.87,207.92,208.5,206.91,208.5,208.5,208.41,343,0.71,25, 315, 91.84,0.3
LICNFNHGP, EQ, 16-Jul-2024,275.79,277.0,277.0,274.35,275.0,275.0,275.43,425,1.17,44, 201, 47.29,-0.29
LICNFNHGP, EQ, 17-Aug-2020,118.09,118.49,119.0,118.49, 118.49,118.7,118.53,108,0.13,8, 100, 92.59,0.52
LICNFNHGP, EQ, 17-Aug-2021,163.93,164.0,164.76,162.1,163.7,162.99,163.08,879,1.43,58, 660, 75.09,-0.57
LICNFNHGP, EQ, 17-Aug-2022,191.38,194.4,194.4,192.0, 193.48,193.48,193.1,846,1.63,44, 834, 98.58,1.1
LICNFNHGP, EQ, 17-Aug-2023,206.32,204.0,210.0,204.0, 207.04,207.04,206.73,1191,2.46,64, 569, 47.77,0.35
LICNFNHGP, EQ, 17-Sep-2020,118.11,116.0,119.5,116.0, 116.50,116.5,116.53,59,0.07,14, 55, 93.22,-1.36
LICNFNHGP, EQ, 17-Sep-2021,174.02,177.5,177.5,173.98, 173.98,174.18,175.07,594,1.04,67, 271, 45.62,0.09
LICNFNHGP, EQ, 17-Sep-2024,295.3,294.3,300.0,281.68,289.0,287.1,288.49,35286,101.79,1126, 21391, 60.62,-2.78
LICNFNHGP, EQ, 17-Oct-2022,186.24,188.85,188.85,185.0,186.5,186.5,185.7,390,0.72,50, 229, 58.72,0.14
LICNFNHGP, EQ, 17-Oct-2023,212.01,210.77,212.12,208.22,211.69,211.86,211.04,330,0.7,30, 223, 67.58,-0.07
LICNFNHGP, EQ, 17-Oct-2024,281.18,282.92,282.92,275.15,280.8,277.7,279.74,1237,3.46,72, 896, 72.43,-1.24
LICNFNHGP, EQ, 17-Nov-2020,129.79,126.0,130.9,125.62, 127.50,127.45,127.44,121,0.15,32, 111, 91.74,-1.8
LICNFNHGP, EQ, 17-Nov-2021,182.04,183.5,183.5,178.1, 180.00,180.0,180.25,536,0.97,68, 396, 73.88,-1.12
LICNFNHGP, EQ, 17-Nov-2022,197.91,197.8,197.91,197.07, 197.50,197.5,197.16,1565,3.09,27, 1525, 97.44,-0.21
LICNFNHGP, EQ, 17-Nov-2023,212.74,211.0,213.2,211.0, 212.65,212.57,212.24,286,0.61,26, 66, 23.08,-0.08
LICNFNHGP, EQ, 17-Dec-2020,144.08,143.96,143.96,138.15, 143.52,142.97,142.87,743,1.06,41, 399, 53.70,-0.77
LICNFNHGP, EQ, 17-Dec-2021,183.75,187.45,187.45,182.25, 182.50,182.62,182.93,2298,4.2,61, 2054, 89.38,-0.61
LICNFNHGP, EQ, 17-Dec-2024,276.89,275.23,275.81,272.53,273.74,273.65,273.75,237,0.65,60, 154, 64.98,-1.17
LICNFNHGP, EQ, 18-Jan-2021,151.97,155.5,155.5,149.0, 153.89,150.78,151.21,312,0.47,72, 262, 83.97,-0.78
LICNFNHGP, EQ, 18-Jan-2022,196.01,199.95,199.95,193.25, 193.97,193.47,195.03,260517,508.08,138, 257548, 98.86,-1.3
LICNFNHGP, EQ, 18-Jan-2023,194.89,194.95,194.95,194.28,194.28,194.28,194.41,77,0.15,9, 71, 92.21,-0.31
LICNFNHGP, EQ, 18-Jan-2024,234.25,230.0,236.25,229.98, 233.50,232.01,232.25,8504,19.75,215, 1667, 19.60,-0.96
LICNFNHGP, EQ, 18-Feb-2020,127.37,125.7,133.0,123.5, 132.99,132.99,128.93,110,0.14,23, 38, 34.55,4.41
LICNFNHGP, EQ, 18-Feb-2021,154.16,155.84,155.99,153.5,155.99,155.99,154.59,150,0.23,30, 134, 89.33,1.19
LICNFNHGP, EQ, 18-Feb-2022,185.62,188.8,188.8,181.05,185.24,185.12,185.52,391,0.73,36, 241, 61.64,-0.27
LICNFNHGP, EQ, 18-Feb-2025,255.86,259.88,262.6,253.28,255.14,254.09,257.34,1412,3.63,104, 622, 44.05,-0.69
LICNFNHGP, EQ, 18-Mar-2020,99.83,102.0,116.0,93.8, 116.00,113.68,105.51,309,0.33,46, 61, 19.74,13.87
LICNFNHGP, EQ, 18-Mar-2021,152.07,156.0,156.5,151.66, 155.90,155.9,154.22,277,0.43,65, 102, 36.82,2.52
LICNFNHGP, EQ, 18-Mar-2024,240.79,245.65,245.65,238.89, 238.89,241.6,240.61,249,0.6,39, 128, 51.41,0.34
LICNFNHGP, EQ, 18-Mar-2025,269.6,269.95,269.95,264.03,269.94,269.68,267.19,774,2.07,87, 464, 59.95,0.03
LICNFNHGP, EQ, 18-Apr-2022,189.06,193.0,193.0,185.0, 185.50,185.75,186.15,4346,8.09,114, 4247, 97.72,-1.75
LICNFNHGP, EQ, 18-Apr-2023,186.99,184.49,189.97,184.01, 186.25,186.5,186.85,2303,4.3,126, 767, 33.30,-0.26
LICNFNHGP, EQ, 18-Apr-2024,245.09,245.14,247.54,242.06, 244.50,243.68,244.86,1119,2.74,80, 610, 54.51,-0.58
LICNFNHGP, EQ, 18-May-2020,97.01,97.01,100.97,96.25, 97.00,97.32,97.59,801,0.78,72, 411, 51.31,0.32
LICNFNHGP, EQ, 18-May-2021,154.72,155.99,174.0,153.6, 155.25,159.54,163.4,5668,9.26,515, 3249, 57.32,3.12
LICNFNHGP, EQ, 18-May-2022,174.65,178.55,178.55,174.25,174.25,174.48,175.02,837,1.46,38, 593, 70.85,-0.1
LICNFNHGP, EQ, 18-May-2023,191.59,191.59,194.6,189.95, 189.95,191.89,192.58,836,1.61,38, 420, 50.24,0.16
LICNFNHGP, EQ, 18-Jun-2020,102.0,104.99,105.0,102.1,105.0,105.0,104.62,209,0.22,15, 208, 99.52,2.94
LICNFNHGP, EQ, 18-Jun-2021,166.52,167.0,169.97,161.0, 165.97,163.89,165.66,943,1.56,169, 410, 43.48,-1.58
LICNFNHGP, EQ, 18-Jun-2024,263.55,269.6,269.6,263.34,263.47,264.61,265.28,2146,5.69,134, 1582, 73.72,0.4
LICNFNHGP, EQ, 18-Jul-2022,172.53,172.53,177.85,172.0,175.5,175.07,175.25,1449,2.54,64, 1299, 89.65,1.47
LICNFNHGP, EQ, 18-Jul-2023,208.5,211.4,211.4,208.42, 208.67,208.67,209.25,3547,7.42,29, 3371, 95.04,0.08
LICNFNHGP, EQ, 18-Jul-2024,275.0,280.5,280.5,271.56,276.0,276.0,275.56,893,2.46,56, 520, 58.23,0.36
LICNFNHGP, EQ, 18-Aug-2020,118.7,117.65,125.0,117.36,125.0,121.09,119.99,400,0.48,25, 212, 53.00,2.01
LICNFNHGP, EQ, 18-Aug-2021,162.99,162.0,165.88,162.0, 162.99,162.48,162.74,509,0.83,92, 415, 81.53,-0.31
LICNFNHGP, EQ, 18-Aug-2022,193.48,195.5,195.5,192.75,193.36,193.36,193.1,1108,2.14,38, 996, 89.89,-0.06
LICNFNHGP, EQ, 18-Aug-2023,207.04,209.39,209.39,204.92, 205.16,205.16,205.59,317,0.65,23, 10, 3.15,-0.91
LICNFNHGP, EQ, 18-Sep-2020,116.5,118.0,120.79,116.6, 119.75,119.75,119.47,50,0.06,26, 40, 80.00,2.79
LICNFNHGP, EQ, 18-Sep-2023,214.99,215.2,215.2,214.35, 214.35,214.35,214.78,214,0.46,18, 212, 99.07,-0.3
LICNFNHGP, EQ, 18-Sep-2024,287.1,295.7,295.7,284.63,292.0,286.47,286.92,2321,6.66,123, 1525, 65.70,-0.22
LICNFNHGP, EQ, 18-Oct-2021,183.14,188.0,188.63,182.55, 184.50,183.43,183.88,887,1.63,90, 538, 60.65,0.16
LICNFNHGP, EQ, 18-Oct-2022,186.5,184.16,190.54,184.16,188.12,188.42,189.39,1372,2.6,49, 749, 54.59,1.03
LICNFNHGP, EQ, 18-Oct-2023,211.86,211.3,211.59,210.15, 210.78,210.82,210.94,43,0.09,27, 26, 60.47,-0.49
LICNFNHGP, EQ, 18-Oct-2024,277.7,282.78,282.78,274.91,280.98,277.34,280.88,796,2.24,70, 665, 83.54,-0.13
LICNFNHGP, EQ, 18-Nov-2020,127.45,127.45,140.78,127.16, 130.00,135.0,129.55,1049,1.36,26, 989, 94.28,5.92
LICNFNHGP, EQ, 18-Nov-2021,180.0,184.0,184.97,180.25,181.89,181.89,182.4,564,1.03,52, 347, 61.52,1.05
LICNFNHGP, EQ, 18-Nov-2022,197.5,197.3,197.3,195.0, 196.26,196.12,196.06,523,1.03,48, 317, 60.61,-0.7
LICNFNHGP, EQ, 18-Nov-2024,266.6,263.39,269.99,262.0,262.01,262.3,264.47,1708,4.52,110, 1248, 73.07,-1.61
LICNFNHGP, EQ, 18-Dec-2020,142.97,142.97,144.99,138.75, 142.50,142.43,141.85,233,0.33,29, 133, 57.08,-0.38
LICNFNHGP, EQ, 18-Dec-2023,229.37,234.4,234.4,229.0, 230.70,230.7,230.92,201,0.46,43, 166, 82.59,0.58
LICNFNHGP, EQ, 18-Dec-2024,273.65,272.92,272.93,270.71,272.12,271.82,271.87,696,1.89,38, 685, 98.42,-0.67
LICNFNHGP, EQ, 19-Jan-2021,150.78,154.9,154.9,148.0, 149.59,149.5,149.39,969,1.45,62, 706, 72.86,-0.85
LICNFNHGP, EQ, 19-Jan-2022,193.47,193.47,194.4,191.5, 192.10,192.11,192.1,20061,38.54,67, 19861, 99.00,-0.7
LICNFNHGP, EQ, 19-Jan-2023,194.28,194.82,194.82,194.25, 194.50,194.5,194.54,27,0.05,7, 17, 62.96,0.11
LICNFNHGP, EQ, 19-Jan-2024,232.01,231.85,235.73,230.46, 235.33,235.33,232.86,5304,12.35,148, 518, 9.77,1.43
LICNFNHGP, EQ, 19-Feb-2020,132.99,123.1,128.2,117.1, 128.20,128.08,126.37,3085,3.9,43, 1735, 56.24,-3.69
LICNFNHGP, EQ, 19-Feb-2021,155.99,159.15,159.15,152.1,153.0,153.0,154.3,17,0.03,13, 13, 76.47,-1.92
LICNFNHGP, EQ, 19-Feb-2024,240.57,240.6,243.0,235.0, 240.84,240.7,240.11,1869,4.49,73, 1007, 53.88,0.05
LICNFNHGP, EQ, 19-Feb-2025,254.09,254.21,258.99,254.0,254.0,254.09,254.34,2119,5.39,65, 2065, 97.45,0.0
LICNFNHGP, EQ, 19-Mar-2020,113.68,109.75,113.63,102.9, 112.99,111.49,109.37,46,0.05,33, 14, 30.43,-1.93
LICNFNHGP, EQ, 19-Mar-2021,155.9,156.0,156.0,151.95,152.0,152.76,153.83,240,0.37,90, 180, 75.00,-2.01
LICNFNHGP, EQ, 19-Mar-2024,241.6,239.6,239.87,234.89, 239.12,239.12,237.07,1459,3.46,53, 969, 66.42,-1.03
LICNFNHGP, EQ, 19-Mar-2025,269.68,269.5,269.94,253.1,254.5,254.8,257.95,13026,33.6,354, 10224, 78.49,-5.52
LICNFNHGP, EQ, 19-Apr-2021,152.26,157.0,157.0,152.7,155.35,154.34,154.57,280,0.43,59, 148, 52.86,1.37
LICNFNHGP, EQ, 19-Apr-2022,185.75,188.44,189.0,181.25,182.86,184.87,185.78,1939,3.6,61, 1740, 89.74,-0.47
LICNFNHGP, EQ, 19-Apr-2023,186.5,185.19,187.42,185.0, 185.50,185.5,185.94,791,1.47,45, 154, 19.47,-0.54
LICNFNHGP, EQ, 19-Apr-2024,243.68,243.55,243.8,240.08, 243.49,241.82,242.22,51,0.12,28, 36, 70.59,-0.76
LICNFNHGP, EQ, 19-May-2020,97.32,98.45,98.45,97.0,97.9,97.9,97.97,190,0.19,22, 187, 98.42,0.6
LICNFNHGP, EQ, 19-May-2021,159.54,158.1,168.0,157.0, 163.10,162.48,162.82,765,1.25,125, 512, 66.93,1.84
LICNFNHGP, EQ, 19-May-2022,174.48,174.19,174.19,167.5,168.75,169.3,169.8,4706,7.99,107, 2127, 45.20,-2.97
LICNFNHGP, EQ, 19-May-2023,191.89,188.72,193.12,188.72,192.25,192.25,191.51,3393,6.5,28, 3378, 99.56,0.19
LICNFNHGP, EQ, 19-Jun-2020,105.0,109.0,109.0,105.01, 108.00,107.99,107.55,367,0.39,21, 283, 77.11,2.85
LICNFNHGP, EQ, 19-Jun-2023,200.42,200.56,201.28,199.8, 200.90,200.9,200.58,931,1.87,13, 872, 93.66,0.24
LICNFNHGP, EQ, 19-Jun-2024,264.61,269.96,269.96,262.12,264.85,263.91,265.28,572,1.52,67, 427, 74.65,-0.26
LICNFNHGP, EQ, 19-Jul-2021,163.67,165.0,165.0,162.12, 162.15,162.65,162.99,231,0.38,62, 148, 64.07,-0.62
LICNFNHGP, EQ, 19-Jul-2022,175.07,175.07,178.89,174.67, 175.50,175.83,175.81,452,0.79,60, 273, 60.40,0.43
LICNFNHGP, EQ, 19-Jul-2023,208.67,207.49,211.19,206.05, 209.25,209.25,208.74,968,2.02,37, 225, 23.24,0.28
LICNFNHGP, EQ, 19-Jul-2024,276.0,275.45,283.7,272.0,272.0,272.0,276.76,674,1.87,61, 512, 75.96,-1.45
LICNFNHGP, EQ, 19-Aug-2020,121.09,117.51,122.0,117.5,121.5,121.5,118.97,255,0.3,14, 177, 69.41,0.34
LICNFNHGP, EQ, 18-Aug-2021,162.99,162.0,165.88,162.0, 162.99,162.48,162.74,509,0.83,92, 415, 81.53,-0.31
LICNFNHGP, EQ, 19-Aug-2022,193.36,190.94,194.25,190.94, 192.67,192.34,192.79,948,1.83,45, 815, 85.97,-0.53
LICNFNHGP, EQ, 19-Aug-2024,273.44,276.01,279.5,269.1,275.0,272.86,272.63,4718,12.86,159, 2314, 49.05,-0.21
LICNFNHGP, EQ, 19-Sep-2022,191.6,194.4,194.4,188.57, 193.00,192.69,192.04,1342,2.58,83, 668, 49.78,0.57
LICNFNHGP, EQ, 19-Sep-2024,286.47,286.05,288.8,284.11,286.75,286.04,285.68,1020,2.91,63, 711, 69.71,-0.15
LICNFNHGP, EQ, 19-Oct-2020,120.89,119.0,123.85,117.35, 123.85,122.18,120.04,72,0.09,22, 46, 63.89,1.07
LICNFNHGP, EQ, 19-Oct-2021,183.43,193.89,193.89,180.55,180.55,182.3,185.15,2318,4.29,61, 1313, 56.64,-0.62
LICNFNHGP, EQ, 19-Oct-2022,188.42,188.6,190.48,188.43, 188.51,188.52,188.93,316,0.6,26, 156, 49.37,0.05
LICNFNHGP, EQ, 19-Oct-2023,210.82,213.8,213.8,208.15,209.0,209.41,209.25,88,0.18,33, 42, 47.73,-0.67
LICNFNHGP, EQ, 19-Nov-2020,135.0,135.0,135.0,128.65, 130.00,130.16,129.95,1265,1.64,109, 962, 76.05,-3.59
LICNFNHGP, EQ, 19-Nov-2024,262.3,259.68,269.88,259.68,262.0,262.17,266.56,4321,11.52,122, 326, 7.54,-0.05
LICNFNHGP, EQ, 19-Dec-2022,196.77,197.0,199.89,196.36,197.44,197.44,197.26,279,0.55,38, 211, 75.63,0.34
LICNFNHGP, EQ, 19-Dec-2023,230.7,230.3,231.59,229.46, 231.59,231.53,231.15,48,0.11,15, 34, 70.83,0.36
LICNFNHGP, EQ, 19-Dec-2024,271.82,267.8,271.6,267.8,269.15,268.31,268.6,629,1.69,70, 352, 55.96,-1.29
LICNFNHGP, EQ, 20-Jan-2020,128.0,130.25,130.8,127.01, 127.01,127.01,128.7,102,0.13,11, 71, 69.61,-0.77
LICNFNHGP, EQ, 20-Jan-2021,149.5,151.5,151.79,148.6, 150.75,150.7,150.97,43,0.06,13, 33, 76.74,0.8
LICNFNHGP, EQ, 20-Jan-2022,192.11,192.0,192.15,189.25, 189.50,189.5,190.33,2566,4.88,79, 2287, 89.13,-1.36
LICNFNHGP, EQ, 20-Jan-2023,194.5,194.25,194.25,193.75,194.0,194.0,193.98,24,0.05,11, 18, 75.00,-0.26
LICNFNHGP, EQ, 20-Jan-2025,263.52,269.96,271.89,258.59,264.9,260.86,266.7,1315,3.51,73, 1006, 76.50,-1.01
LICNFNHGP, EQ, 20-Feb-2020,128.08,127.7,129.99,125.71, 128.00,128.0,127.76,10,0.01,9, 3, 30.00,-0.06
LICNFNHGP, EQ, 20-Feb-2023,189.0,189.0,189.75,188.75, 189.00,188.82,189.41,60,0.11,13, 52, 86.67,-0.1
LICNFNHGP, EQ, 20-Feb-2024,240.7,239.3,242.7,237.3, 240.40,240.48,239.52,886,2.12,54, 513, 57.90,-0.09
LICNFNHGP, EQ, 20-Feb-2025,254.09,254.0,257.27,254.0,256.97,255.45,255.87,83,0.21,28, 51, 61.45,0.54
LICNFNHGP, EQ, 20-Mar-2020,111.49,104.25,107.31,97.1, 106.00,106.0,102.13,99,0.1,31, 57, 57.58,-4.92
LICNFNHGP, EQ, 20-Mar-2023,179.99,179.5,179.5,178.25,178.25,178.36,178.75,175,0.31,21, 148, 84.57,-0.91
LICNFNHGP, EQ, 20-Mar-2024,239.12,239.11,239.12,236.31, 239.11,239.11,238.76,94,0.22,25, 88, 93.62,-0.0
LICNFNHGP, EQ, 20-Mar-2025,254.8,259.4,259.4,255.0,257.99,257.37,257.2,2274,5.85,122, 1880, 82.67,1.01
LICNFNHGP, EQ, 20-Apr-2020,97.86,98.0,99.45,96.25, 97.10,97.1,98.58,1450,1.43,38, 735, 50.69,-0.78
LICNFNHGP, EQ, 20-Apr-2021,154.34,158.0,158.0,154.61,157.0,157.0,156.87,230,0.36,40, 182, 79.13,1.72
LICNFNHGP, EQ, 20-Apr-2022,184.87,188.6,188.6,182.95, 185.50,185.5,184.92,345,0.64,41, 296, 85.80,0.34
LICNFNHGP, EQ, 20-Apr-2023,185.5,189.25,189.25,184.21, 185.50,185.5,186.11,518,0.96,17, 460, 88.80,0.0
LICNFNHGP, EQ, 20-May-2020,97.9,98.0,99.0,92.5, 97.80,97.8,96.13,167,0.16,25, 125, 74.85,-0.1
LICNFNHGP, EQ, 20-May-2021,162.48,160.0,162.94,158.2, 160.50,159.69,159.98,340,0.54,52, 274, 80.59,-1.72
LICNFNHGP, EQ, 20-May-2022,169.3,169.3,175.5,169.3, 173.75,173.51,172.85,1103,1.91,39, 1093, 99.09,2.49
LICNFNHGP, EQ, 18-May-2024,251.97,258.26,258.26,246.0,250.0,247.52,250.38,104,0.26,15, 91, 87.50,-1.77
LICNFNHGP, EQ, 20-Jun-2022,164.25,168.0,168.0,161.51,163.25,163.25,163.92,1247,2.04,32, 1020, 81.80,-0.61
LICNFNHGP, EQ, 20-Jun-2023,200.9,209.95,209.95,199.31, 199.77,200.8,200.36,601,1.2,16, 512, 85.19,-0.05
LICNFNHGP, EQ, 20-Jun-2024,263.91,257.09,267.0,257.09,264.26,261.85,264.61,4545,12.03,123, 1841, 40.51,-0.78
LICNFNHGP, EQ, 20-Jul-2020,117.86,120.0,124.99,112.1, 117.00,115.6,117.18,4640,5.44,161, 801, 17.26,-1.92
LICNFNHGP, EQ, 20-Jul-2021,162.65,165.0,165.0,161.07, 161.51,161.6,162.56,238,0.39,33, 158, 66.39,-0.65
LICNFNHGP, EQ, 20-Jul-2022,175.83,176.0,178.25,176.0, 177.25,177.38,177.62,983,1.75,41, 950, 96.64,0.88
LICNFNHGP, EQ, 20-Jul-2023,209.25,207.99,211.9,206.35,207.51,207.51,209.31,968,2.03,56, 221, 22.83,-0.83
LICNFNHGP, EQ, 20-Aug-2020,121.5,121.0,121.0,120.0,120.0,120.0,120.54,75,0.09,8, 53, 70.67,-1.23
LICNFNHGP, EQ, 20-Aug-2021,162.48,162.05,165.44,161.06,162.0,162.0,163.3,542,0.89,63, 329, 60.70,-0.3
LICNFNHGP, EQ, 20-Aug-2024,272.86,279.49,279.49,270.87,275.0,274.77,275.32,609,1.68,79, 392, 64.37,0.7
LICNFNHGP, EQ, 20-Sep-2021,174.18,172.16,179.89,172.16, 173.10,174.75,175.07,368,0.64,74, 267, 72.55,0.33
LICNFNHGP, EQ, 20-Sep-2022,192.69,195.0,196.4,192.7, 194.47,194.43,194.72,297,0.58,39, 134, 45.12,0.9
LICNFNHGP, EQ, 20-Sep-2023,214.35,214.35,214.35,210.08, 212.99,212.99,213.39,67,0.14,17, 67, 100.00,-0.63
LICNFNHGP, EQ, 20-Sep-2024,286.04,286.5,288.0,285.3,286.85,286.25,286.63,796,2.28,63, 722, 90.70,0.07
LICNFNHGP, EQ, 20-Oct-2020,122.18,119.05,121.9,119.05, 121.89,121.89,119.91,82,0.1,16, 75, 91.46,-0.24
LICNFNHGP, EQ, 20-Oct-2021,182.3,180.5,184.0,178.3, 178.30,179.21,180.39,1657,2.99,115, 904, 54.56,-1.7
LICNFNHGP, EQ, 20-Oct-2022,188.52,188.6,189.5,188.01,189.45,189.23,188.62,746,1.41,35, 709, 95.04,0.38
LICNFNHGP, EQ, 20-Oct-2023,209.41,214.0,214.0,208.15, 208.15,208.15,208.99,78,0.16,24, 43, 55.13,-0.6
LICNFNHGP, EQ, 20-Nov-2020,130.16,130.25,134.0,129.0,129.0,131.31,130.7,470,0.61,79, 345, 73.40,0.88
LICNFNHGP, EQ, 20-Nov-2023,212.57,217.7,217.7,210.0, 210.10,211.08,212.11,127,0.27,22, 119, 93.70,-0.7
LICNFNHGP, EQ, 19-Nov-2024,262.3,259.68,269.88,259.68,262.0,262.17,266.56,4321,11.52,122, 326, 7.54,-0.05
LICNFNHGP, EQ, 20-Dec-2021,182.62,184.75,190.0,177.1,177.75,177.74,182.56,224281,409.46,555, 131844, 58.79,-2.67
LICNFNHGP, EQ, 20-Dec-2022,197.44,197.99,197.99,196.5,197.5,197.36,197.31,113,0.22,28, 68, 60.18,-0.04
LICNFNHGP, EQ, 20-Dec-2023,231.53,232.0,233.55,226.25, 228.55,227.4,229.4,974,2.23,53, 570, 58.52,-1.78
LICNFNHGP, EQ, 20-Dec-2024,268.31,269.21,270.46,264.0,264.79,264.58,266.99,1015,2.71,61, 987, 97.24,-1.39
LICNFNHGP, EQ, 21-Jan-2021,150.7,148.6,157.5,146.6, 153.20,152.97,153.14,1506,2.31,104, 1297, 86.12,1.51
LICNFNHGP, EQ, 21-Jan-2022,189.5,193.29,193.29,186.01, 187.67,187.71,188.16,530,1.0,77, 243, 45.85,-0.94
LICNFNHGP, EQ, 21-Jan-2025,260.86,266.11,267.19,255.12,260.84,259.36,260.7,321,0.84,51, 259, 80.69,-0.58
LICNFNHGP, EQ, 21-Feb-2022,185.12,185.0,185.99,182.2, 184.31,184.26,184.69,180955,334.21,82, 100668, 55.63,-0.46
LICNFNHGP, EQ, 21-Feb-2023,188.82,188.8,189.5,188.0, 188.25,188.12,188.8,151,0.29,18, 120, 79.47,-0.37
LICNFNHGP, EQ, 21-Feb-2024,240.48,243.6,243.6,236.65, 240.90,239.59,239.96,833,2.0,86, 311, 37.33,-0.37
LICNFNHGP, EQ, 21-Feb-2025,255.45,257.88,257.88,253.12,256.95,254.92,257.23,726,1.87,61, 138, 19.01,-0.21
LICNFNHGP, EQ, 21-Mar-2022,184.04,189.9,189.9,183.4,183.78,183.76,185.66,2515,4.67,92, 1637, 65.09,-0.15
LICNFNHGP, EQ, 21-Mar-2023,178.36,178.2,180.5,178.05, 180.50,180.27,179.44,1060,1.9,30, 1034, 97.55,1.07
LICNFNHGP, EQ, 21-Mar-2024,239.11,240.22,241.56,239.8,241.56,241.56,240.33,52,0.12,15, 48, 92.31,1.02
LICNFNHGP, EQ, 21-Mar-2025,257.37,255.58,262.34,255.51,260.6,259.73,259.11,868,2.25,57, 602, 69.35,0.92
LICNFNHGP, EQ, 21-Apr-2020,97.1,100.0,105.0,90.8,96.2,95.79,96.77,1471,1.42,77, 480, 32.63,-1.35
LICNFNHGP, EQ, 21-Apr-2022,185.5,189.21,189.21,184.0, 187.25,187.25,186.43,3909,7.29,52, 3831, 98.00,0.94
LICNFNHGP, EQ, 21-Apr-2023,185.5,185.5,186.4,185.19, 185.46,185.46,185.85,385,0.72,11, 384, 99.74,-0.02
LICNFNHGP, EQ, 21-Apr-2025,264.79,266.12,268.89,265.0,268.85,266.94,266.84,1365,3.64,78, 1039, 76.12,0.81
LICNFNHGP, EQ, 21-May-2020,97.8,95.01,98.9,95.01,98.0,98.0,98.43,521,0.51,27, 487, 93.47,0.2
LICNFNHGP, EQ, 21-May-2021,159.69,164.3,170.0,159.1, 168.50,168.15,167.72,4081,6.84,213, 3658, 89.63,5.3
LICNFNHGP, EQ, 21-May-2024,247.52,250.83,252.0,248.7,252.0,252.0,250.57,687,1.72,55, 542, 78.89,1.81
LICNFNHGP, EQ, 21-Jun-2021,163.89,162.05,168.0,160.5, 164.95,164.45,164.5,505,0.83,83, 135, 26.73,0.34
LICNFNHGP, EQ, 21-Jun-2022,163.25,168.14,168.14,165.5,167.83,167.83,166.79,1378,2.3,31, 1333, 96.73,2.81
LICNFNHGP, EQ, 21-Jun-2023,200.8,200.85,201.58,200.85, 201.58,201.58,201.22,2,0.0,2, 2, 100.00,0.39
LICNFNHGP, EQ, 21-Jun-2024,261.85,265.01,265.2,259.19,263.25,263.97,261.99,1727,4.52,98, 847, 49.04,0.81
LICNFNHGP, EQ, 21-Jul-2020,115.6,115.25,117.5,115.25, 117.50,117.5,115.31,229,0.26,26, 227, 99.13,1.64
LICNFNHGP, EQ, 21-Jul-2022,177.38,178.0,179.25,177.75,178.51,178.74,178.43,1028,1.83,40, 813, 79.09,0.77
LICNFNHGP, EQ, 21-Jul-2023,207.51,205.81,212.25,205.81, 210.00,208.72,208.69,1041,2.17,46, 268, 25.74,0.58
LICNFNHGP, EQ, 21-Aug-2020,120.0,118.0,118.0,118.0, 118.00,118.0,118.0,18,0.02,1, 18, 100.00,-1.67
LICNFNHGP, EQ, 21-Aug-2023,205.16,209.4,209.4,204.85, 207.73,207.73,207.25,94,0.19,22, 79, 84.04,1.25
LICNFNHGP, EQ, 21-Aug-2024,274.77,279.95,279.95,271.82,275.92,275.17,275.18,840,2.31,69, 528, 62.86,0.15
LICNFNHGP, EQ, 21-Sep-2020,119.75,120.7,120.7,116.1, 119.40,119.4,119.36,48,0.06,8, 45, 93.75,-0.29
LICNFNHGP, EQ, 21-Sep-2021,174.75,173.1,178.48,171.0, 176.00,177.77,174.85,779,1.36,109, 533, 68.42,1.73
LICNFNHGP, EQ, 21-Sep-2022,194.43,194.3,194.5,192.25, 193.37,193.18,193.32,902,1.74,43, 870, 96.45,-0.64
LICNFNHGP, EQ, 21-Sep-2023,212.99,212.5,212.5,210.0, 210.99,210.99,210.9,176,0.37,29, 165, 93.75,-0.94
LICNFNHGP, EQ, 21-Oct-2020,121.89,120.05,124.2,120.05, 122.25,122.25,123.09,121,0.15,7, 120, 99.17,0.3
LICNFNHGP, EQ, 21-Oct-2021,179.21,182.8,184.37,178.2, 183.17,182.13,183.42,1416,2.6,46, 997, 70.41,1.63
LICNFNHGP, EQ, 21-Oct-2022,189.23,190.0,191.11,189.5,190.0,189.89,190.74,2355,4.49,46, 2290, 97.24,0.35
LICNFNHGP, EQ, 21-Oct-2024,277.34,277.34,281.5,272.02, 278.08,278.61,279.45,1053,2.94,79, 413, 39.22,0.46
LICNFNHGP, EQ, 21-Nov-2022,196.12,192.66,197.0,192.66, 196.12,196.12,195.82,762,1.49,57, 429, 56.30,0.0
LICNFNHGP, EQ, 21-Nov-2023,211.08,213.2,213.2,208.8, 211.41,211.93,211.56,856,1.81,38, 801, 93.57,0.4
LICNFNHGP, EQ, 21-Nov-2024,262.17,261.99,265.98,256.99,260.87,259.0,262.08,1485,3.89,69, 1027, 69.16,-1.21
LICNFNHGP, EQ, 21-Dec-2020,142.43,144.0,145.99,116.51, 135.49,132.87,123.58,1927,2.38,63, 1662, 86.25,-6.71
LICNFNHGP, EQ, 21-Dec-2021,177.74,180.0,182.33,179.99,181.35,181.35,181.66,184471,335.12,115, 109950, 59.60,2.03
LICNFNHGP, EQ, 21-Dec-2022,197.36,198.0,198.5,195.5, 195.50,195.75,196.33,529,1.04,49, 461, 87.15,-0.82
LICNFNHGP, EQ, 21-Dec-2023,227.4,227.73,234.0,222.0, 226.04,228.86,227.06,3088,7.01,100, 829, 26.85,0.64
LICNFNHGP, EQ, 22-Jan-2020,127.01,129.25,129.85,127.0, 127.00,127.0,128.95,154,0.2,48, 96, 62.34,-0.01
LICNFNHGP, EQ, 22-Jan-2021,152.97,154.9,154.9,150.26, 153.52,152.45,151.59,4877,7.39,67, 659, 13.51,-0.34
LICNFNHGP, EQ, 20-Jan-2024,235.33,235.49,239.69,233.0, 233.05,234.34,236.51,7415,17.54,196, 32, 0.43,-0.42
LICNFNHGP, EQ, 22-Jan-2025,259.36,260.0,260.95,258.0,260.95,260.87,259.27,636,1.65,23, 605, 95.13,0.58
LICNFNHGP, EQ, 22-Feb-2021,153.0,153.0,155.45,151.25,151.25,151.25,153.69,694,1.07,94, 642, 92.51,-1.14
LICNFNHGP, EQ, 22-Feb-2022,184.26,188.48,188.48,180.5,183.0,182.84,181.82,1963,3.57,58, 1112, 56.65,-0.77
LICNFNHGP, EQ, 22-Feb-2023,188.12,188.0,188.0,185.5, 185.50,186.23,186.12,791,1.47,41, 663, 83.82,-1.0
LICNFNHGP, EQ, 22-Feb-2024,239.59,239.59,242.13,238.55, 242.13,242.08,239.88,886,2.13,26, 658, 74.27,1.04
LICNFNHGP, EQ, 22-Mar-2021,152.76,152.95,154.2,150.1,151.0,151.01,151.58,315,0.48,65, 196, 62.22,-1.15
LICNFNHGP, EQ, 22-Mar-2022,183.76,183.76,186.0,180.1, 184.50,184.9,183.46,6765,12.41,78, 3132, 46.30,0.62
LICNFNHGP, EQ, 22-Mar-2023,180.27,179.5,181.0,179.3, 181.00,181.0,180.58,288,0.52,15, 282, 97.92,0.4
LICNFNHGP, EQ, 22-Mar-2024,241.56,241.12,242.75,240.0,242.75,242.75,241.55,448,1.08,11, 439, 97.99,0.49
LICNFNHGP, EQ, 22-Apr-2020,95.79,96.0,97.45,93.1,95.06,95.23,95.5,593,0.57,36, 72, 12.14,-0.58
LICNFNHGP, EQ, 22-Apr-2021,157.0,160.15,160.15,150.05,152.5,153.05,154.12,220,0.34,44, 106, 48.18,-2.52
LICNFNHGP, EQ, 22-Apr-2022,187.25,186.3,186.5,184.75, 185.90,185.9,185.84,1143,2.12,36, 670, 58.62,-0.72
LICNFNHGP, EQ, 22-Apr-2024,241.82,247.1,247.1,240.35,240.8,243.84,243.31,248,0.6,45, 170, 68.55,0.84
LICNFNHGP, EQ, 22-Apr-2025,266.94,264.01,268.8,264.01,268.5,268.49,267.43,755,2.02,32, 714, 94.57,0.58
LICNFNHGP, EQ, 22-May-2020,98.0,96.0,99.99,95.5,95.55,95.57,95.75,279,0.27,25, 222, 79.57,-2.48
LICNFNHGP, EQ, 22-May-2023,192.25,196.39,196.39,189.08,189.08,191.76,193.14,1107,2.14,96, 446, 40.29,-0.25
LICNFNHGP, EQ, 22-May-2024,252.0,252.0,253.93,248.0,252.91,252.65,249.72,1691,4.22,114, 872, 51.57,0.26
LICNFNHGP, EQ, 22-Jun-2020,107.99,110.0,115.0,107.75, 109.11,109.58,110.09,1383,1.52,64, 738, 53.36,1.47
LICNFNHGP, EQ, 22-Jun-2021,164.45,172.0,172.0,164.06, 166.00,166.0,167.01,571,0.95,81, 315, 55.17,0.94
LICNFNHGP, EQ, 22-Jun-2022,167.83,169.85,169.85,164.75,164.75,165.11,165.4,443,0.73,34, 428, 96.61,-1.62
LICNFNHGP, EQ, 22-Jun-2023,201.58,204.89,204.89,199.0,200.1,200.38,200.67,618,1.24,33, 212, 34.30,-0.6
LICNFNHGP, EQ, 22-Jul-2020,117.5,115.0,116.0,115.0, 116.00,116.0,115.19,148,0.17,14, 128, 86.49,-1.28
LICNFNHGP, EQ, 22-Jul-2021,161.6,165.0,165.0,161.0, 164.19,163.75,163.43,385,0.63,89, 232, 60.26,1.33
LICNFNHGP, EQ, 22-Jul-2022,178.74,175.16,180.41,175.16, 180.00,179.72,179.99,1593,2.87,37, 1366, 85.75,0.55
LICNFNHGP, EQ, 22-Jul-2024,272.0,279.5,282.7,272.14,273.09,273.16,275.01,1769,4.86,92, 857, 48.45,0.43
LICNFNHGP, EQ, 22-Aug-2022,192.34,194.89,194.9,189.25, 189.50,189.61,190.47,944,1.8,88, 877, 92.90,-1.42
LICNFNHGP, EQ, 22-Aug-2023,207.73,209.89,209.89,205.87, 207.86,207.86,206.93,142,0.29,20, 126, 88.73,0.06
LICNFNHGP, EQ, 22-Aug-2024,275.17,278.55,278.56,275.8,275.8,276.31,276.54,1934,5.35,82, 1258, 65.05,0.41
LICNFNHGP, EQ, 22-Sep-2020,119.4,115.7,118.99,114.11, 114.11,114.35,114.68,544,0.62,92, 305, 56.07,-4.23
LICNFNHGP, EQ, 22-Sep-2021,177.77,177.77,179.99,173.6, 178.45,178.01,178.24,709,1.26,79, 442, 62.34,0.14
LICNFNHGP, EQ, 22-Sep-2022,193.18,188.16,194.7,188.16, 191.81,191.92,191.77,1862,3.57,87, 908, 48.76,-0.65
LICNFNHGP, EQ, 22-Sep-2023,210.99,210.8,212.6,209.41, 210.33,210.33,210.07,271,0.57,29, 257, 94.83,-0.31
LICNFNHGP, EQ, 22-Oct-2020,122.25,119.7,119.7,118.75, 118.75,118.75,118.77,224,0.27,8, 142, 63.39,-2.86
LICNFNHGP, EQ, 22-Oct-2021,182.13,185.77,186.79,178.3, 183.55,183.55,184.56,377,0.7,58, 210, 55.70,0.78
LICNFNHGP, EQ, 22-Oct-2024,278.61,281.94,281.95,273.2,281.19,280.77,279.47,524,1.46,75, 337, 64.31,0.78
LICNFNHGP, EQ, 22-Nov-2021,181.89,184.0,184.0,177.5,181.69,179.0,179.55,797,1.43,68, 666, 83.56,-1.59
LICNFNHGP, EQ, 22-Nov-2022,196.12,196.0,196.0,195.75, 195.99,195.99,195.97,329,0.64,17, 326, 99.09,-0.07
LICNFNHGP, EQ, 22-Nov-2023,211.93,209.0,213.0,209.0, 212.75,212.75,211.78,122,0.26,14, 97, 79.51,0.39
LICNFNHGP, EQ, 22-Nov-2024,259.0,264.44,267.98,260.07,260.32,262.56,263.21,787,2.07,44, 241, 30.62,1.37
LICNFNHGP, EQ, 22-Dec-2020,132.87,137.0,138.0,130.8, 133.90,133.06,132.02,918,1.21,49, 734, 79.96,0.14
LICNFNHGP, EQ, 22-Dec-2021,181.35,181.35,182.93,180.75, 181.75,180.99,181.67,208296,378.41,110, 111562, 53.56,-0.2
LICNFNHGP, EQ, 22-Dec-2022,195.75,195.8,195.81,194.5, 194.50,194.5,195.02,357,0.7,29, 346, 96.92,-0.64
LICNFNHGP, EQ, 22-Dec-2023,228.86,227.49,232.98,225.91, 232.70,228.93,228.94,5147,11.78,184, 144, 2.80,0.03
LICNFNHGP, EQ, 23-Jan-2020,127.0,127.71,129.11,127.71, 128.00,128.0,128.4,13,0.02,5, 0, 0.00,0.79
LICNFNHGP, EQ, 23-Jan-2023,194.0,194.0,195.0,194.0,194.75,194.75,194.58,187,0.36,17, 174, 93.05,0.39
LICNFNHGP, EQ, 23-Jan-2024,234.34,235.49,237.78,230.0, 230.00,230.66,235.8,3877,9.14,114, 603, 15.55,-1.57
LICNFNHGP, EQ, 23-Jan-2025,260.87,263.78,265.7,258.07,264.38,264.31,263.41,315,0.83,27, 245, 77.78,1.32
LICNFNHGP, EQ, 23-Feb-2021,151.25,153.5,156.0,148.6, 150.00,149.13,149.52,742,1.11,73, 674, 90.84,-1.4
LICNFNHGP, EQ, 23-Feb-2022,182.84,186.5,186.5,182.75,182.75,182.99,183.78,180795,332.26,41, 100596, 55.64,0.08
LICNFNHGP, EQ, 23-Feb-2023,186.23,187.0,187.75,185.0,185.5,185.5,186.03,354,0.66,31, 284, 80.23,-0.39
LICNFNHGP, EQ, 23-Feb-2024,242.08,242.12,243.0,238.82, 243.00,242.99,242.15,657,1.59,50, 454, 69.10,0.38
LICNFNHGP, EQ, 23-Mar-2021,151.01,150.48,152.65,146.48, 149.50,148.56,148.34,833,1.24,69, 676, 81.15,-1.62
LICNFNHGP, EQ, 23-Mar-2022,184.9,190.5,190.5,181.76, 183.85,183.99,182.97,310187,567.54,129, 255225, 82.28,-0.49
LICNFNHGP, EQ, 23-Mar-2023,181.0,184.89,184.89,180.0, 180.00,180.28,181.19,126,0.23,24, 87, 69.05,-0.4
LICNFNHGP, EQ, 23-Apr-2020,95.23,93.5,97.99,93.5,97.5,97.5,96.19,305,0.29,39, 156, 51.15,2.38
LICNFNHGP, EQ, 23-Apr-2021,153.05,153.05,156.75,152.25,153.0,153.0,153.68,225,0.35,31, 147, 65.33,-0.03
LICNFNHGP, EQ, 23-Apr-2024,243.84,246.58,248.6,245.26,248.14,248.17,247.19,322,0.8,41, 159, 49.38,1.78
LICNFNHGP, EQ, 23-Apr-2025,268.49,268.6,272.97,266.83,269.9,269.08,268.86,729,1.96,185, 502, 68.86,0.22
LICNFNHGP, EQ, 23-May-2022,173.51,176.98,176.98,173.3,173.5,173.7,174.49,712,1.24,44, 342, 48.03,0.11
LICNFNHGP, EQ, 23-May-2023,191.76,192.86,196.4,192.79, 196.40,196.07,194.0,1316,2.55,59, 256, 19.45,2.25
LICNFNHGP, EQ, 23-May-2024,252.65,250.01,256.53,247.0,250.43,254.94,253.43,12149,30.79,292, 2793, 22.99,0.91
LICNFNHGP, EQ, 23-Jun-2020,109.58,107.75,111.0,107.75, 108.75,110.53,110.78,208,0.23,15, 187, 89.90,0.87
LICNFNHGP, EQ, 23-Jun-2021,166.0,164.3,169.85,164.3, 166.25,166.25,167.7,338,0.57,44, 158, 46.75,0.15
LICNFNHGP, EQ, 23-Jun-2022,165.11,165.11,166.75,164.5,166.74,166.74,166.04,788,1.31,36, 560, 71.07,0.99
LICNFNHGP, EQ, 23-Jun-2023,200.38,201.0,203.85,198.0, 198.27,198.37,199.24,250,0.5,40, 110, 44.00,-1.0
LICNFNHGP, EQ, 23-Jul-2020,116.0,112.5,118.99,112.2, 114.75,114.9,114.02,1292,1.47,71, 911, 70.51,-0.95
LICNFNHGP, EQ, 23-Jul-2021,163.75,165.0,165.0,161.1,163.2,163.24,162.2,1092,1.77,64, 960, 87.91,-0.31
LICNFNHGP, EQ, 23-Jul-2024,273.16,270.64,290.0,264.96,285.0,287.48,277.41,3047,8.45,139, 1652, 54.22,5.24
LICNFNHGP, EQ, 23-Aug-2021,162.0,165.0,165.0,161.0, 162.72,163.0,162.78,395,0.64,83, 302, 76.46,0.62
LICNFNHGP, EQ, 23-Aug-2022,189.61,189.5,190.0,188.0, 190.00,189.98,189.55,746,1.41,44, 554, 74.26,0.2
LICNFNHGP, EQ, 23-Aug-2023,207.86,208.15,212.0,207.09, 212.00,210.61,208.99,593,1.24,24, 326, 54.97,1.32
LICNFNHGP, EQ, 23-Aug-2024,276.31,279.07,281.84,273.7,274.31,276.17,277.75,1336,3.71,123, 367, 27.47,-0.05
LICNFNHGP, EQ, 23-Sep-2020,114.35,114.35,114.35,114.0, 114.00,114.2,114.21,17,0.02,2, 17, 100.00,-0.13
LICNFNHGP, EQ, 23-Sep-2021,178.01,178.0,179.9,177.21, 178.00,177.98,177.95,1098,1.95,54, 1067, 97.18,-0.02
LICNFNHGP, EQ, 23-Sep-2022,191.92,191.8,191.8,189.25, 189.64,189.38,190.24,1096,2.09,59, 927, 84.58,-1.32
LICNFNHGP, EQ, 23-Sep-2024,286.25,286.99,289.65,285.11,287.98,286.74,287.46,2321,6.67,103, 1322, 56.96,0.17
LICNFNHGP, EQ, 23-Oct-2020,118.75,120.85,127.04,119.71, 122.89,122.89,123.04,1072,1.32,33, 440, 41.04,3.49
LICNFNHGP, EQ, 23-Oct-2023,208.15,208.15,211.0,208.15, 210.65,210.65,209.48,127,0.27,22, 84, 66.14,1.2
LICNFNHGP, EQ, 23-Oct-2024,280.77,280.67,282.67,273.15,281.4,276.48,277.51,1443,4.0,126, 912, 63.20,-1.53
LICNFNHGP, EQ, 23-Nov-2020,131.31,131.0,132.0,128.12, 130.90,130.9,131.1,218,0.29,20, 205, 94.04,-0.31
LICNFNHGP, EQ, 23-Nov-2021,179.0,179.0,181.6,178.5,180.0,180.43,180.52,177,0.32,34, 92, 51.98,0.8
LICNFNHGP, EQ, 23-Nov-2022,195.99,193.66,198.0,193.66,196.02,196.02,195.92,337,0.66,15, 319, 94.66,0.02
LICNFNHGP, EQ, 23-Nov-2023,212.75,213.8,213.8,211.52, 212.71,212.71,212.25,62,0.13,19, 26, 41.94,-0.02
LICNFNHGP, EQ, 23-Dec-2020,133.06,135.75,142.97,133.87,135.38,135.38,139.5,1348,1.88,62, 1126, 83.53,1.74
LICNFNHGP, EQ, 23-Dec-2021,180.99,184.0,185.05,179.93, 182.01,182.11,181.65,452963,822.81,217, 308122, 68.02,0.62
LICNFNHGP, EQ, 23-Dec-2022,194.5,190.16,194.3,189.77, 189.93,189.91,191.2,272,0.52,52, 147, 54.04,-2.36
LICNFNHGP, EQ, 23-Dec-2024,264.58,272.7,272.7,261.28,266.28,266.07,266.07,365,0.97,50, 265, 72.60,0.56
LICNFNHGP, EQ, 24-Jan-2020,128.0,128.0,130.0,126.5,126.66,126.66,129.33,75,0.1,38, 58, 77.33,-1.05
LICNFNHGP, EQ, 24-Jan-2022,187.71,196.4,196.4,182.4,188.39,185.81,187.88,266804,501.28,139, 266427, 99.86,-1.01
LICNFNHGP, EQ, 24-Jan-2023,194.75,195.0,195.0,194.5,194.75,194.75,194.81,39,0.08,8, 30, 76.92,0.0
LICNFNHGP, EQ, 24-Jan-2024,230.66,230.11,233.75,227.68, 231.76,231.76,230.42,2926,6.74,96, 633, 21.63,0.48
LICNFNHGP, EQ, 24-Jan-2025,264.31,264.39,298.0,258.27,286.2,286.44,265.94,3874,10.3,145, 652, 16.83,8.37
LICNFNHGP, EQ, 24-Feb-2020,128.0,126.7,126.7,124.1, 125.05,125.01,125.68,640,0.8,36, 587, 91.72,-2.34
LICNFNHGP, EQ, 24-Feb-2021,149.13,155.0,155.0,149.1, 149.10,149.1,153.16,183,0.28,23, 164, 89.62,-0.02
LICNFNHGP, EQ, 24-Feb-2022,182.99,185.98,186.1,174.75, 178.50,178.07,177.56,10668,18.94,194, 9405, 88.16,-2.69
LICNFNHGP, EQ, 24-Feb-2023,185.5,185.1,186.0,183.75, 183.75,183.75,184.76,178,0.33,32, 157, 88.20,-0.94
LICNFNHGP, EQ, 24-Feb-2025,254.92,250.56,257.33,250.55,256.65,256.65,255.73,814,2.08,72, 643, 78.99,0.68
LICNFNHGP, EQ, 24-Mar-2020,106.0,103.0,104.0,77.0, 104.00,104.0,102.79,174,0.18,13, 169, 97.13,-1.89
LICNFNHGP, EQ, 24-Mar-2021,148.56,151.55,151.55,145.15, 145.95,145.62,146.14,709,1.04,55, 620, 87.45,-1.98
LICNFNHGP, EQ, 24-Mar-2022,183.99,184.8,184.8,182.97, 184.25,183.6,183.76,257118,472.47,79, 254717, 99.07,-0.21
LICNFNHGP, EQ, 24-Mar-2023,180.28,179.61,180.3,179.61, 180.00,179.98,180.05,167,0.3,13, 164, 98.20,-0.17
LICNFNHGP, EQ, 24-Mar-2025,259.73,260.2,261.79,259.83,261.16,261.13,260.57,1103,2.87,67, 942, 85.40,0.54
LICNFNHGP, EQ, 24-Apr-2020,97.5,97.39,108.0,92.2,96.0,93.48,97.1,5220,5.07,134, 1656, 31.72,-4.12
LICNFNHGP, EQ, 24-Apr-2023,185.46,189.2,189.2,184.47, 186.75,186.75,186.52,182,0.34,19, 165, 90.66,0.7
LICNFNHGP, EQ, 24-Apr-2024,248.17,246.79,250.87,246.79, 248.45,248.45,249.07,260,0.65,27, 195, 75.00,0.11
LICNFNHGP, EQ, 24-Apr-2025,269.08,268.57,274.74,267.86,268.16,268.17,268.56,566,1.52,42, 440, 77.74,-0.34
LICNFNHGP, EQ, 24-May-2021,168.15,172.9,185.0,162.51, 165.60,167.19,173.8,3582,6.23,358, 2651, 74.01,-0.57
LICNFNHGP, EQ, 24-May-2022,173.7,177.0,177.0,172.25,172.3,172.33,172.87,580,1.0,27, 566, 97.59,-0.79
LICNFNHGP, EQ, 24-May-2023,196.07,194.93,195.8,193.4, 194.44,194.09,194.45,698,1.36,54, 310, 44.41,-1.01
LICNFNHGP, EQ, 24-May-2024,254.94,256.17,258.64,250.52,250.52,252.85,255.41,2150,5.49,98, 1056, 49.12,-0.82
LICNFNHGP, EQ, 24-Jun-2020,110.53,108.8,113.3,105.0,112.0,112.0,108.7,105,0.11,22, 66, 62.86,1.33
LICNFNHGP, EQ, 24-Jun-2021,166.25,164.3,167.95,164.3, 166.89,166.47,166.22,508,0.84,55, 294, 57.87,0.13
LICNFNHGP, EQ, 24-Jun-2022,166.74,168.3,168.3,167.0, 167.75,167.75,167.51,234,0.39,19, 225, 96.15,0.61
LICNFNHGP, EQ, 24-Jun-2024,263.97,263.97,265.03,262.81,264.0,263.7,263.95,405,1.07,62, 335, 82.72,-0.1
LICNFNHGP, EQ, 24-Jul-2020,114.9,115.0,116.7,113.15,115.01,115.01,116.32,244,0.28,25, 230, 94.26,0.1
LICNFNHGP, EQ, 24-Jul-2023,208.72,211.4,211.41,205.85, 210.48,207.47,210.09,13024,27.36,234, 265, 2.03,-0.6
LICNFNHGP, EQ, 24-Jul-2024,287.48,284.7,284.7,272.14,280.0,273.73,273.83,15446,42.3,569, 11299, 73.15,-4.78
LICNFNHGP, EQ, 24-Aug-2020,118.0,121.0,122.0,118.05,118.11,118.11,119.75,46,0.06,14, 28, 60.87,0.09
LICNFNHGP, EQ, 24-Aug-2021,163.0,166.3,166.3,162.3, 162.73,162.74,163.17,768,1.25,100, 665, 86.59,-0.16
LICNFNHGP, EQ, 24-Aug-2022,189.98,189.3,190.25,187.42,189.78,189.82,189.51,584,1.11,36, 489, 83.73,-0.08
LICNFNHGP, EQ, 24-Aug-2023,210.61,209.95,209.95,205.8, 207.85,206.52,208.66,875,1.83,40, 715, 81.71,-1.94
LICNFNHGP, EQ, 24-Sep-2020,114.2,114.0,114.0,110.75, 113.99,113.99,111.69,23,0.03,7, 21, 91.30,-0.18
LICNFNHGP, EQ, 24-Sep-2021,177.98,177.98,180.0,177.0, 179.00,178.95,179.31,314,0.56,46, 261, 83.12,0.55
LICNFNHGP, EQ, 24-Sep-2024,286.74,288.19,292.0,286.81,287.99,287.98,288.91,2365,6.83,100, 1045, 44.19,0.43
LICNFNHGP, EQ, 24-Oct-2024,276.48,281.9,281.9,268.21,271.5,269.37,272.42,2084,5.68,134, 1597, 76.63,-2.57
LICNFNHGP, EQ, 24-Nov-2020,130.9,127.3,133.9,127.3, 129.05,132.53,130.0,1381,1.8,38, 1100, 79.65,1.25
LICNFNHGP, EQ, 24-Nov-2021,180.43,182.9,182.9,178.5, 180.84,179.7,180.83,401,0.73,42, 337, 84.04,-0.4
LICNFNHGP, EQ, 24-Nov-2022,196.02,199.0,199.0,194.16, 198.25,197.59,197.29,754,1.49,33, 715, 94.83,0.8
LICNFNHGP, EQ, 24-Nov-2023,212.71,212.71,212.75,211.54, 212.75,212.75,212.36,45,0.1,17, 33, 73.33,0.02
LICNFNHGP, EQ, 24-Dec-2020,135.38,133.3,137.99,133.3, 136.01,136.38,135.52,153,0.21,27, 133, 86.93,0.74
LICNFNHGP, EQ, 24-Dec-2021,182.11,184.9,185.0,181.25, 182.25,182.34,184.09,112772,207.6,112, 109993, 97.54,0.13
LICNFNHGP, EQ, 24-Dec-2024,266.07,264.83,270.0,264.6,265.5,265.17,266.13,1479,3.94,48, 698, 47.19,-0.34
LICNFNHGP, EQ, 25-Jan-2021,152.45,152.45,153.0,148.1, 150.80,150.8,149.63,280,0.42,52, 161, 57.50,-1.08
LICNFNHGP, EQ, 25-Jan-2022,185.81,191.7,191.7,179.93,185.0,184.62,182.49,3348,6.11,77, 712, 21.27,-0.64
LICNFNHGP, EQ, 25-Jan-2023,194.75,194.5,194.5,191.25, 191.94,191.67,193.05,747,1.44,46, 637, 85.27,-1.58
LICNFNHGP, EQ, 25-Jan-2024,231.76,231.99,234.0,230.02, 232.52,232.52,232.3,4292,9.97,113, 43, 1.00,0.33
LICNFNHGP, EQ, 25-Feb-2020,125.01,124.0,125.38,123.31, 123.32,123.32,124.33,80,0.1,16, 5, 6.25,-1.35
LICNFNHGP, EQ, 25-Feb-2021,149.1,151.5,153.5,149.0, 152.99,152.99,151.58,239,0.36,58, 149, 62.34,2.61
LICNFNHGP, EQ, 25-Feb-2022,178.07,181.65,186.69,175.05,182.5,182.5,181.72,885,1.61,94, 181, 20.45,2.49
LICNFNHGP, EQ, 25-Feb-2025,256.65,257.0,274.09,257.0,274.09,266.31,261.29,1521,3.97,97, 1025, 67.39,3.76
LICNFNHGP, EQ, 25-Mar-2021,145.62,146.8,149.9,142.1,143.01,143.11,145.32,576,0.84,94, 538, 93.40,-1.72
LICNFNHGP, EQ, 25-Mar-2022,183.6,187.3,187.3,182.01,184.0,183.79,182.75,309535,565.67,87, 254874, 82.34,0.1
LICNFNHGP, EQ, 25-Mar-2025,261.13,256.6,263.5,256.6,260.55,262.51,262.08,1379,3.61,48, 1080, 78.32,0.53
LICNFNHGP, EQ, 25-Apr-2022,185.9,187.15,187.15,181.25,183.49,183.0,183.45,1366,2.51,62, 1142, 83.60,-1.56
LICNFNHGP, EQ, 25-Apr-2023,186.75,186.75,187.5,186.75,187.0,187.4,187.01,167,0.31,31, 156, 93.41,0.35
LICNFNHGP, EQ, 25-Apr-2024,248.45,247.0,254.0,246.18, 254.00,254.0,248.99,445,1.11,18, 441, 99.10,2.23
LICNFNHGP, EQ, 25-Apr-2025,268.17,269.32,270.0,260.11,267.9,265.17,263.69,2804,7.39,76, 1898, 67.69,-1.12
LICNFNHGP, EQ, 25-May-2021,167.19,174.95,174.95,160.82, 163.01,164.49,164.48,4543,7.47,369, 2798, 61.59,-1.61
LICNFNHGP, EQ, 25-May-2022,172.33,174.98,174.98,171.75, 172.75,172.75,172.42,948,1.63,35, 868, 91.56,0.24
LICNFNHGP, EQ, 25-May-2023,194.09,194.44,194.49,193.01, 193.84,193.84,194.11,217,0.42,17, 192, 88.48,-0.13
LICNFNHGP, EQ, 25-Jun-2020,112.0,111.0,111.9,108.0, 111.90,111.9,110.94,5,0.01,4, 3, 60.00,-0.09
LICNFNHGP, EQ, 25-Jun-2021,166.47,164.2,166.9,163.27, 165.50,164.65,164.63,255,0.42,53, 156, 61.18,-1.09
LICNFNHGP, EQ, 25-Jun-2024,263.7,268.97,268.97,263.0,263.55,263.55,263.78,170,0.45,41, 116, 68.24,-0.06
LICNFNHGP, EQ, 25-Jul-2022,179.72,185.75,185.75,178.75, 178.92,178.92,180.47,261,0.47,26, 172, 65.90,-0.45
LICNFNHGP, EQ, 25-Jul-2023,207.47,210.0,210.01,208.5, 208.50,209.46,209.2,637,1.33,45, 138, 21.66,0.96
LICNFNHGP, EQ, 25-Jul-2024,273.73,278.65,278.65,270.0,272.32,273.03,272.74,1759,4.8,55, 1278, 72.65,-0.26
LICNFNHGP, EQ, 25-Aug-2020,118.11,118.11,120.88,116.15, 120.88,120.88,119.19,67,0.08,10, 48, 71.64,2.35
LICNFNHGP, EQ, 25-Aug-2021,162.74,162.74,164.5,161.5, 163.15,163.15,162.95,617,1.01,102, 468, 75.85,0.25
LICNFNHGP, EQ, 25-Aug-2022,189.82,191.0,192.0,189.5,189.7,190.42,190.71,750,1.43,39, 414, 55.20,0.32
LICNFNHGP, EQ, 25-Aug-2023,206.52,208.6,208.6,205.65, 206.39,206.39,206.27,40,0.08,19, 34, 85.00,-0.06
LICNFNHGP, EQ, 25-Sep-2020,113.99,113.98,115.75,113.0, 114.00,113.27,113.61,40,0.05,6, 19, 47.50,-0.63
LICNFNHGP, EQ, 25-Sep-2023,210.33,216.5,216.5,208.81, 215.35,210.59,210.65,101,0.21,42, 77, 76.24,0.12
LICNFNHGP, EQ, 25-Sep-2024,287.98,290.86,290.86,285.6,288.0,287.39,287.73,3004,8.64,92, 2214, 73.70,-0.2
LICNFNHGP, EQ, 25-Oct-2021,183.55,184.5,184.5,177.1, 180.00,178.92,180.09,332,0.6,90, 183, 55.12,-2.52
LICNFNHGP, EQ, 25-Oct-2022,192.24,194.99,194.99,189.75,189.75,190.38,191.3,793,1.52,57, 383, 48.30,-0.97
LICNFNHGP, EQ, 25-Oct-2023,210.65,208.15,210.85,204.0,204.25,204.29,205.44,1020,2.1,72, 689, 67.55,-3.02
LICNFNHGP, EQ, 25-Oct-2024,269.37,276.79,276.8,264.5,266.9,266.97,267.1,780,2.08,84, 632, 81.03,-0.89
LICNFNHGP, EQ, 25-Nov-2020,132.53,132.53,132.53,130.15, 130.15,130.15,130.64,35,0.05,7, 33, 94.29,-1.8
LICNFNHGP, EQ, 25-Nov-2021,179.7,184.0,184.0,177.2,177.9,178.12,178.07,861,1.53,58, 545, 63.30,-0.88
LICNFNHGP, EQ, 25-Nov-2022,197.59,198.0,198.25,197.75,198.0,198.12,198.1,253,0.5,15, 241, 95.26,0.27
LICNFNHGP, EQ, 25-Nov-2024,262.56,273.33,277.7,263.25,269.35,269.51,270.43,1333,3.6,99, 956, 71.72,2.65
LICNFNHGP, EQ, 26-Feb-2020,123.32,124.0,124.0,122.1, 123.40,123.4,122.12,1587,1.94,10, 1580, 99.56,0.06
LICNFNHGP, EQ, 26-Feb-2021,152.99,149.0,152.89,146.25,151.6,150.12,148.42,1177,1.75,124, 835, 70.94,-1.88
LICNFNHGP, EQ, 26-Feb-2024,242.99,244.0,247.85,238.0, 238.00,242.48,245.41,1613,3.96,49, 960, 59.52,-0.21
LICNFNHGP, EQ, 26-Mar-2020,104.0,97.7,97.7,92.7, 95.25,95.25,95.48,9,0.01,5, 6, 66.67,-8.41
LICNFNHGP, EQ, 26-Mar-2021,143.11,159.0,159.0,145.3,145.3,146.93,147.34,450,0.66,96, 66, 14.67,2.67
LICNFNHGP, EQ, 26-Mar-2024,242.75,244.94,244.94,238.82,242.87,242.87,242.9,90,0.22,18, 60, 66.67,0.05
LICNFNHGP, EQ, 26-Mar-2025,262.51,261.17,262.44,258.66,258.66,261.81,261.06,412,1.08,41, 389, 94.42,-0.27
LICNFNHGP, EQ, 26-Apr-2021,153.0,156.06,156.97,150.0, 151.10,151.17,152.69,280,0.43,32, 219, 78.21,-1.2
LICNFNHGP, EQ, 26-Apr-2022,183.0,183.0,185.5,183.0, 184.75,184.99,184.82,1419,2.62,35, 1127, 79.42,1.09
LICNFNHGP, EQ, 26-Apr-2023,187.4,187.3,187.5,187.0, 187.50,187.49,187.14,806,1.51,15, 804, 99.75,0.05
LICNFNHGP, EQ, 26-Apr-2024,254.0,249.09,252.64,249.09, 252.00,249.83,250.27,4365,10.92,152, 3751, 85.93,-1.64
LICNFNHGP, EQ, 26-May-2020,95.57,96.62,98.89,96.0, 97.56,97.84,97.57,18,0.02,11, 10, 55.56,2.38
LICNFNHGP, EQ, 26-May-2021,164.49,163.01,168.3,163.01, 164.99,164.62,164.55,552,0.91,113, 348, 63.04,0.08
LICNFNHGP, EQ, 26-May-2022,172.75,177.93,177.93,169.75,173.0,173.0,171.65,2058,3.53,62, 1517, 73.71,0.14
LICNFNHGP, EQ, 26-May-2023,193.84,194.6,196.88,194.42,196.8,196.79,195.71,125,0.24,21, 84, 67.20,1.52
LICNFNHGP, EQ, 26-Jun-2020,111.9,108.25,111.85,108.25, 111.85,111.17,109.39,52,0.06,5, 34, 65.38,-0.65
LICNFNHGP, EQ, 26-Jun-2023,198.37,202.34,202.34,198.31, 199.71,199.71,199.34,68,0.14,17, 57, 83.82,0.68
LICNFNHGP, EQ, 26-Jun-2024,263.55,265.07,265.07,263.08,263.15,263.85,264.35,204,0.54,34, 92, 45.10,0.11
LICNFNHGP, EQ, 26-Jul-2021,163.24,164.3,165.0,161.25,162.99,162.96,163.62,302,0.49,61, 183, 60.60,-0.17
LICNFNHGP, EQ, 26-Jul-2022,178.92,183.0,183.0,177.75,177.75,177.75,178.47,196,0.35,28, 145, 73.98,-0.65
LICNFNHGP, EQ, 26-Jul-2023,209.46,208.3,210.6,207.8, 210.00,210.15,209.98,765,1.61,22, 759, 99.22,0.33
LICNFNHGP, EQ, 26-Jul-2024,273.03,274.84,275.9,273.41, 275.70,274.68,274.83,3151,8.66,55, 2752, 87.34,0.6
LICNFNHGP, EQ, 26-Aug-2020,120.88,117.0,121.6,117.0, 121.59,121.59,120.46,98,0.12,27, 47, 47.96,0.59
LICNFNHGP, EQ, 26-Aug-2021,163.15,164.0,164.0,162.05, 163.00,162.99,162.97,972,1.58,114, 787, 80.97,-0.1
LICNFNHGP, EQ, 26-Aug-2022,190.42,193.4,193.4,189.71,191.0,190.5,190.99,573,1.09,46, 376, 65.62,0.04
LICNFNHGP, EQ, 26-Aug-2024,276.17,284.65,284.65,278.55,279.82,279.93,280.04,1151,3.22,110, 786, 68.29,1.36
LICNFNHGP, EQ, 26-Sep-2022,189.38,189.26,189.74,181.05,185.26,185.79,185.7,4325,8.03,95, 2211, 51.12,-1.9
LICNFNHGP, EQ, 26-Sep-2023,210.59,214.4,214.4,209.58, 210.28,210.28,210.56,523,1.1,23, 496, 94.84,-0.15
LICNFNHGP, EQ, 26-Sep-2024,287.39,285.11,290.94,285.11,288.85,286.53,288.05,1890,5.44,75, 1742, 92.17,-0.3
LICNFNHGP, EQ, 26-Oct-2020,122.89,120.7,122.39,117.0,120.88,120.06,119.12,507,0.6,97, 347, 68.44,-2.3
LICNFNHGP, EQ, 26-Oct-2021,178.92,183.0,187.9,179.1, 180.00,179.7,181.37,1621,2.94,64, 1302, 80.32,0.44
LICNFNHGP, EQ, 26-Oct-2023,204.29,208.4,208.4,200.75, 201.10,201.1,204.07,1767,3.61,58, 98, 5.55,-1.56
LICNFNHGP, EQ, 26-Nov-2020,130.15,129.07,132.94,129.05, 130.69,130.43,130.42,85,0.11,24, 72, 84.71,0.22
LICNFNHGP, EQ, 26-Nov-2021,178.12,182.78,182.78,176.25, 179.87,177.76,178.59,1235,2.21,63, 1000, 80.97,-0.2
LICNFNHGP, EQ, 26-Nov-2024,269.51,274.55,275.49,265.55,270.5,270.49,270.03,812,2.19,50, 724, 89.16,0.36
LICNFNHGP, EQ, 26-Dec-2022,189.91,190.0,194.44,190.0,192.34,193.79,192.42,142,0.27,37, 96, 67.61,2.04
LICNFNHGP, EQ, 26-Dec-2023,228.93,228.93,232.0,226.8, 232.00,231.2,228.15,1004,2.29,61, 735, 73.21,0.99
LICNFNHGP, EQ, 26-Dec-2024,265.17,265.35,269.0,263.0,265.55,265.06,265.77,2038,5.42,101, 1395, 68.45,-0.04
LICNFNHGP, EQ, 27-Jan-2020,126.66,126.7,131.0,125.9, 128.85,128.03,126.4,78,0.1,17, 67, 85.90,1.08
LICNFNHGP, EQ, 27-Jan-2021,150.8,152.0,152.5,149.0, 149.00,149.11,149.9,129,0.19,22, 126, 97.67,-1.12
LICNFNHGP, EQ, 27-Jan-2022,184.62,189.9,189.9,180.66, 188.30,183.4,183.03,238328,436.21,75, 219365, 92.04,-0.66
LICNFNHGP, EQ, 27-Jan-2023,191.67,195.5,195.5,188.75, 189.30,189.24,189.88,668,1.27,73, 490, 73.35,-1.27
LICNFNHGP, EQ, 27-Jan-2025,286.44,273.69,282.7,250.25,261.7,252.28,259.18,20445,52.99,651, 13245, 64.78,-11.93
LICNFNHGP, EQ, 27-Feb-2020,123.4,123.4,123.4,121.0, 121.00,122.8,122.73,24,0.03,6, 14, 58.33,-0.49
LICNFNHGP, EQ, 27-Feb-2023,183.75,185.0,187.8,180.08, 181.80,182.96,183.68,312,0.57,62, 199, 63.78,-0.43
LICNFNHGP, EQ, 27-Feb-2024,242.48,240.01,250.0,235.04, 250.00,241.13,241.33,1350,3.26,88, 707, 52.37,-0.56
LICNFNHGP, EQ, 27-Feb-2025,266.31,264.01,270.0,257.03,270.0,264.94,265.47,1098,2.91,94, 728, 66.30,-0.51
LICNFNHGP, EQ, 27-Mar-2020,95.25,100.0,104.0,100.0, 104.00,104.0,103.36,28,0.03,11, 17, 60.71,9.19
LICNFNHGP, EQ, 27-Mar-2023,179.98,179.5,181.43,179.0, 179.00,179.27,180.04,278,0.5,34, 207, 74.46,-0.39
LICNFNHGP, EQ, 27-Mar-2024,242.87,242.0,244.41,239.23, 242.55,242.55,242.8,370,0.9,26, 318, 85.95,-0.13
LICNFNHGP, EQ, 27-Mar-2025,261.81,262.1,270.21,260.21,263.92,263.49,263.82,2987,7.88,83, 2171, 72.68,0.64
LICNFNHGP, EQ, 27-Apr-2020,93.48,98.5,99.4,95.1, 98.98,99.17,97.12,1229,1.19,32, 486, 39.54,6.09
LICNFNHGP, EQ, 27-Apr-2021,151.17,155.7,155.9,151.03,151.75,151.75,155.14,13,0.02,8, 12, 92.31,0.38
LICNFNHGP, EQ, 27-Apr-2022,184.99,184.99,187.8,183.5,183.75,184.0,184.0,772,1.42,34, 530, 68.65,-0.54
LICNFNHGP, EQ, 27-Apr-2023,187.49,188.0,188.9,187.74, 188.75,188.75,188.41,371,0.7,27, 369, 99.46,0.67
LICNFNHGP, EQ, 27-May-2020,97.84,94.5,97.5,94.5,97.19,97.25,95.7,1029,0.98,20, 645, 62.68,-0.6
LICNFNHGP, EQ, 27-May-2021,164.62,162.1,168.99,162.1, 164.60,163.53,165.44,791,1.31,131, 534, 67.51,-0.66
LICNFNHGP, EQ, 27-May-2022,173.0,170.75,174.75,170.75, 174.00,174.0,173.97,626,1.09,26, 528, 84.35,0.58
LICNFNHGP, EQ, 27-May-2024,252.85,259.7,259.7,250.51,256.97,252.78,255.02,527,1.34,76, 215, 40.80,-0.03
LICNFNHGP, EQ, 27-Jun-2022,167.75,167.75,171.15,167.75,169.75,169.75,169.73,888,1.51,60, 850, 95.72,1.19
LICNFNHGP, EQ, 27-Jun-2023,199.71,202.89,202.89,197.5, 200.13,200.13,199.21,786,1.57,38, 703, 89.44,0.21
LICNFNHGP, EQ, 27-Jun-2024,263.85,263.85,266.62,261.02,263.5,262.97,264.66,500,1.32,64, 414, 82.80,-0.33
LICNFNHGP, EQ, 27-Jul-2020,115.01,117.9,117.9,114.11,115.0,115.0,114.95,231,0.27,20, 178, 77.06,-0.01
LICNFNHGP, EQ, 27-Jul-2021,162.96,162.0,163.79,161.0, 161.50,161.58,161.11,3155,5.08,48, 2946, 93.38,-0.85
LICNFNHGP, EQ, 27-Jul-2022,177.75,174.37,180.0,174.37,178.75,178.74,178.36,479,0.85,45, 426, 88.94,0.56
LICNFNHGP, EQ, 27-Jul-2023,210.15,210.0,211.77,209.3, 210.31,210.31,210.36,67,0.14,17, 53, 79.10,0.08
LICNFNHGP, EQ, 27-Aug-2020,121.59,121.59,123.59,118.3,123.59,123.26,123.04,204,0.25,25, 145, 71.08,1.37
LICNFNHGP, EQ, 27-Aug-2021,162.99,161.0,164.88,161.0, 164.88,164.59,163.84,396,0.65,37, 272, 68.69,0.98
LICNFNHGP, EQ, 27-Aug-2024,279.93,284.9,284.9,277.02,281.22,280.72,280.75,527,1.48,65, 394, 74.76,0.28
LICNFNHGP, EQ, 27-Sep-2021,178.95,179.8,180.0,177.25, 179.60,179.88,179.82,1705,3.07,56, 1590, 93.26,0.52
LICNFNHGP, EQ, 27-Sep-2022,185.79,181.06,186.26,181.06,185.9,185.81,185.86,1310,2.43,59, 552, 42.14,0.01
LICNFNHGP, EQ, 27-Sep-2023,210.28,209.28,210.48,208.75, 209.80,209.81,209.52,93,0.19,23, 66, 70.97,-0.22
LICNFNHGP, EQ, 27-Sep-2024,286.53,289.69,289.69,285.85,287.96,287.64,287.68,2571,7.4,93, 1148, 44.65,0.39
LICNFNHGP, EQ, 27-Oct-2020,120.06,123.0,123.0,118.12, 118.36,118.37,119.07,271,0.32,16, 174, 64.21,-1.41
LICNFNHGP, EQ, 27-Oct-2021,179.7,183.99,183.99,180.2, 180.55,180.51,182.02,179,0.33,31, 118, 65.92,0.45
LICNFNHGP, EQ, 27-Oct-2022,190.38,194.4,194.4,188.57,191.25,190.99,190.77,898,1.71,52, 775, 86.30,0.32
LICNFNHGP, EQ, 27-Oct-2023,201.1,202.38,205.51,201.56,203.6,203.6,203.51,3871,7.88,113, 87, 2.25,1.24
LICNFNHGP, EQ, 27-Nov-2020,130.43,131.0,133.0,128.35,130.99,131.74,130.56,328,0.43,29, 66, 20.12,1.0
LICNFNHGP, EQ, 27-Nov-2024,270.49,268.89,275.23,268.89,271.17,270.81,270.61,785,2.12,59, 753, 95.92,0.12
LICNFNHGP, EQ, 27-Dec-2021,182.34,182.34,184.8,180.6, 182.50,182.5,181.7,640,1.16,56, 584, 91.25,0.09
LICNFNHGP, EQ, 27-Dec-2022,193.79,193.8,194.54,192.8,194.54,194.54,193.84,53,0.1,19, 49, 92.45,0.39
LICNFNHGP, EQ, 27-Dec-2023,231.2,231.15,232.71,228.6, 230.25,230.25,231.28,675,1.56,55, 555, 82.22,-0.41
LICNFNHGP, EQ, 27-Dec-2024,265.06,265.92,269.0,264.16,266.5,266.33,266.52,366,0.98,42, 348, 95.08,0.48
LICNFNHGP, EQ, 28-Jan-2020,128.03,128.9,128.9,127.0, 127.00,127.0,128.04,42,0.05,8, 27, 64.29,-0.8
LICNFNHGP, EQ, 28-Jan-2021,149.11,151.5,152.99,147.95, 148.01,147.99,148.72,169,0.25,28, 136, 80.47,-0.75
LICNFNHGP, EQ, 28-Jan-2022,183.4,187.1,187.1,183.26, 183.50,183.5,185.92,231026,429.52,60, 215848, 93.43,0.05
LICNFNHGP, EQ, 28-Jan-2025,252.28,255.01,259.0,251.35,257.0,257.36,255.63,3683,9.41,141, 1280, 34.75,2.01
LICNFNHGP, EQ, 28-Feb-2020,122.8,122.0,122.0,118.0, 118.00,118.0,118.81,30,0.04,14, 25, 83.33,-3.91
LICNFNHGP, EQ, 28-Feb-2022,182.5,186.15,186.8,175.5, 180.00,179.68,177.03,22524,39.87,227, 2035, 9.03,-1.55
LICNFNHGP, EQ, 28-Feb-2023,182.96,184.0,185.0,183.0, 184.00,184.0,183.91,295,0.54,30, 258, 87.46,0.57
LICNFNHGP, EQ, 28-Feb-2024,241.13,246.1,246.1,239.95,240.0,240.57,242.27,1083,2.62,39, 626, 57.80,-0.23
LICNFNHGP, EQ, 28-Feb-2025,264.94,261.01,269.7,253.0,256.1,258.38,260.93,774,2.02,115, 557, 71.96,-2.48
LICNFNHGP, EQ, 28-Mar-2022,183.79,187.5,187.5,182.25, 183.88,183.91,183.21,1143,2.09,75, 364, 31.85,0.07
LICNFNHGP, EQ, 28-Mar-2023,179.27,178.01,179.79,178.01, 178.50,178.5,178.91,281,0.5,21, 257, 91.46,-0.43
LICNFNHGP, EQ, 28-Mar-2024,242.55,243.0,245.0,237.7,244.9,243.81,241.69,1210,2.92,35, 705, 58.26,0.52
LICNFNHGP, EQ, 28-Mar-2025,263.49,262.18,263.79,260.12,262.48,262.4,261.46,636,1.66,30, 602, 94.65,-0.41
LICNFNHGP, EQ, 28-Apr-2020,99.17,102.0,116.0,94.1, 96.02,98.21,100.73,14429,14.53,695, 2962, 20.53,-0.97
LICNFNHGP, EQ, 28-Apr-2021,151.75,156.3,156.3,151.55, 151.60,151.99,153.76,1394,2.14,57, 586, 42.04,0.16
LICNFNHGP, EQ, 28-Apr-2022,184.0,194.55,194.55,181.31, 186.00,186.19,184.89,1413,2.61,55, 732, 51.80,1.19
LICNFNHGP, EQ, 28-Apr-2023,188.75,188.8,190.4,188.8, 190.40,190.02,190.04,939,1.78,27, 833, 88.71,0.67
LICNFNHGP, EQ, 28-May-2020,97.25,95.5,98.4,95.5,98.35,98.35,97.75,38,0.04,6, 19, 50.00,1.13
LICNFNHGP, EQ, 28-May-2021,163.53,168.43,168.43,163.0,165.0,165.0,164.76,204,0.34,84, 100, 49.02,0.9
LICNFNHGP, EQ, 28-May-2024,252.78,256.49,258.05,253.0,254.99,253.53,255.22,159,0.41,42, 107, 67.30,0.3
LICNFNHGP, EQ, 28-Jun-2021,164.65,166.3,169.0,160.95, 164.50,164.5,162.83,1128,1.84,82, 885, 78.46,-0.09
LICNFNHGP, EQ, 28-Jun-2022,169.75,172.2,172.2,165.93, 169.00,169.0,168.41,876,1.48,39, 842, 96.12,-0.44
LICNFNHGP, EQ, 28-Jun-2024,262.97,268.46,270.63,264.4,265.05,265.35,266.84,3823,10.2,67, 3683, 96.34,0.91
LICNFNHGP, EQ, 28-Jul-2020,115.0,115.0,117.6,115.0,117.6,117.6,115.43,12,0.01,4, 12, 100.00,2.26
LICNFNHGP, EQ, 28-Jul-2021,161.58,163.75,164.49,161.05,163.97,163.97,163.6,719,1.18,61, 533, 74.13,1.48
LICNFNHGP, EQ, 28-Jul-2022,178.74,178.6,181.75,178.6, 181.49,181.59,180.76,1158,2.09,45, 1137, 98.19,1.59
LICNFNHGP, EQ, 28-Jul-2023,210.31,210.0,213.55,207.3, 209.50,209.5,211.84,757,1.6,49, 615, 81.24,-0.39
LICNFNHGP, EQ, 28-Aug-2020,123.26,124.79,124.79,119.75, 124.43,124.43,123.56,104,0.13,18, 95, 91.35,0.95
LICNFNHGP, EQ, 28-Aug-2023,206.39,201.24,207.3,201.24, 206.96,206.96,206.7,78,0.16,14, 76, 97.44,0.28
LICNFNHGP, EQ, 28-Aug-2024,280.72,283.01,283.01,279.0,280.99,280.25,280.86,1202,3.38,97, 598, 49.75,-0.17
LICNFNHGP, EQ, 28-Sep-2020,113.27,117.9,117.9,113.71,113.8,113.8,114.71,15,0.02,5,11,73.33,0.47
LICNFNHGP, EQ, 28-Sep-2021,179.88,180.0,180.0,177.05, 180.00,179.74,178.76,1003,1.79,98, 655, 65.30,-0.08
LICNFNHGP, EQ, 28-Sep-2022,185.81,188.39,188.39,183.5,184.0,183.93,184.38,1086,2.0,60, 757, 69.71,-1.01
LICNFNHGP, EQ, 28-Sep-2023,209.81,212.0,213.57,208.75, 208.75,211.77,212.2,81,0.17,36, 71, 87.65,0.93
LICNFNHGP, EQ, 28-Oct-2020,118.37,118.41,122.99,118.41, 118.55,121.36,120.94,107,0.13,13, 105, 98.13,2.53
LICNFNHGP, EQ, 28-Oct-2021,180.51,185.0,187.0,178.0, 182.00,181.98,181.6,278,0.5,45, 215, 77.34,0.81
LICNFNHGP, EQ, 28-Oct-2022,190.99,190.75,192.0,190.75,191.5,191.46,191.47,483,0.92,32, 426, 88.20,0.25
LICNFNHGP, EQ, 28-Oct-2024,266.97,273.69,273.7,266.98,271.85,271.61,270.5,327,0.88,61, 295, 90.21,1.74
LICNFNHGP, EQ, 28-Nov-2022,198.12,199.89,199.89,195.66, 199.50,199.5,198.76,587,1.17,67, 544, 92.67,0.7
LICNFNHGP, EQ, 28-Nov-2023,212.75,217.7,217.7,204.26, 208.45,209.28,211.43,2194,4.64,76, 875, 39.88,-1.63
LICNFNHGP, EQ, 28-Nov-2024,270.81,273.83,275.22,266.77,274.95,268.2,270.18,1337,3.61,79, 963, 72.03,-0.96
LICNFNHGP, EQ, 28-Dec-2020,136.38,138.5,144.9,137.0,140.97,140.7,140.91,461,0.65,63, 380, 82.43,3.17
LICNFNHGP, EQ, 28-Dec-2021,182.5,182.5,184.49,181.25,184.0,183.56,183.5,639,1.17,28, 592, 92.64,0.58
LICNFNHGP, EQ, 28-Dec-2022,194.54,194.6,195.71,194.15, 195.59,195.59,195.15,165,0.32,14, 130, 78.79,0.54
LICNFNHGP, EQ, 28-Dec-2023,230.25,233.21,234.0,228.81, 233.39,232.87,232.99,578,1.35,47, 315, 54.50,1.14
LICNFNHGP, EQ, 29-Jan-2020,127.0,127.0,127.0,125.1, 125.10,125.1,125.56,762,0.96,13, 758, 99.48,-1.5
LICNFNHGP, EQ, 29-Jan-2021,147.99,150.95,151.9,146.95, 147.11,147.11,149.54,90,0.13,38, 47, 52.22,-0.59
LICNFNHGP, EQ, 29-Jan-2024,232.52,237.8,237.8,231.08, 231.08,232.87,233.1,6350,14.8,208, 1081, 17.02,0.15
LICNFNHGP, EQ, 29-Jan-2025,257.36,257.5,260.0,254.61,256.58,257.77,257.99,1481,3.82,64, 859, 58.00,0.16
LICNFNHGP, EQ, 29-Feb-2024,240.57,238.87,243.04,237.65, 243.04,242.71,238.98,928,2.22,30, 705, 75.97,0.89
LICNFNHGP, EQ, 29-Mar-2022,183.91,180.25,187.5,180.25, 184.88,184.9,183.77,68114,125.17,90, 9940, 14.59,0.54
LICNFNHGP, EQ, 29-Mar-2023,178.5,179.0,179.25,178.75, 179.25,179.25,179.16,14,0.03,9, 10, 71.43,0.42
LICNFNHGP, EQ, 29-Apr-2020,98.21,102.0,102.3,95.6,97.15,98.02,99.9,7079,7.07,307, 1734, 24.49,-0.19
LICNFNHGP, EQ, 29-Apr-2021,151.99,156.54,156.54,151.85, 153.05,153.05,153.8,1108,1.7,41, 673, 60.74,0.7
LICNFNHGP, EQ, 29-Apr-2022,186.19,193.7,193.7,183.2,184.6,185.3,186.56,2805,5.23,96, 1102, 39.29,-0.48
LICNFNHGP, EQ, 29-Apr-2024,249.83,254.84,255.77,246.3, 251.18,251.06,250.65,1534,3.84,94, 1099, 71.64,0.49
LICNFNHGP, EQ, 29-May-2020,98.35,98.33,99.99,96.35, 97.25,97.25,98.71,1250,1.23,43, 1237, 98.96,-1.12
LICNFNHGP, EQ, 29-May-2023,196.79,199.89,199.89,196.76, 197.92,197.92,197.62,178,0.35,22, 98, 55.06,0.57
LICNFNHGP, EQ, 29-May-2024,253.53,254.18,254.93,247.17,254.21,250.96,252.36,659,1.66,69, 178, 27.01,-1.01
LICNFNHGP, EQ, 29-Jun-2020,111.17,111.9,111.9,108.11, 108.11,110.53,110.65,46,0.05,8, 40, 86.96,-0.58
LICNFNHGP, EQ, 29-Jun-2021,164.5,167.5,167.5,161.95, 164.99,164.02,164.87,1485,2.45,139, 1059, 71.31,-0.29
LICNFNHGP, EQ, 29-Jun-2022,169.0,177.7,187.15,168.02, 169.00,168.83,170.5,1919,3.27,57, 1107, 57.69,-0.1
LICNFNHGP, EQ, 28-Jun-2023,200.13,204.0,204.89,198.8, 201.55,202.11,201.69,320,0.65,53, 172, 53.75,0.99
LICNFNHGP, EQ, 29-Jul-2020,117.6,115.65,117.25,115.61, 116.00,116.0,116.55,266,0.31,14, 240, 90.23,-1.36
LICNFNHGP, EQ, 29-Jul-2021,163.97,163.9,163.9,161.5,161.75,161.75,162.26,204,0.33,40, 133, 65.20,-1.35
LICNFNHGP, EQ, 29-Jul-2022,181.59,180.3,184.25,180.3,184.01,183.94,183.81,1013,1.86,48, 972, 95.95,1.29
LICNFNHGP, EQ, 29-Jul-2024,274.68,283.55,284.7,275.45,277.25,277.25,279.08,4073,11.37,96, 2662, 65.36,0.94
LICNFNHGP, EQ, 29-Aug-2022,190.5,190.2,190.2,184.5, 188.00,188.54,187.18,911,1.71,66, 774, 84.96,-1.03
LICNFNHGP, EQ, 29-Aug-2023,206.96,212.7,212.7,206.13, 207.00,207.0,206.57,540,1.12,30, 340, 62.96,0.02
LICNFNHGP, EQ, 29-Aug-2024,280.25,281.28,281.99,279.65,281.36,281.84,281.68,445,1.25,37, 374, 84.04,0.57
LICNFNHGP, EQ, 29-Sep-2020,113.8,117.87,117.9,114.65,116.4,116.0,116.51,391,0.46,19, 242, 61.89,1.93
LICNFNHGP, EQ, 29-Sep-2021,179.74,179.74,179.74,178.01, 179.59,179.4,179.35,235,0.42,33, 168, 71.49,-0.19
LICNFNHGP, EQ, 29-Sep-2022,183.93,184.49,185.0,182.25,183.0,182.33,184.06,1136,2.09,69, 234, 20.60,-0.87
LICNFNHGP, EQ, 29-Sep-2023,211.77,216.5,216.5,209.0, 211.10,211.1,211.34,44,0.09,30, 27, 61.36,-0.32
LICNFNHGP, EQ, 29-Oct-2020,121.36,118.7,120.8,115.15,119.48,117.16,117.25,1150,1.35,42, 871, 75.74,-3.46
LICNFNHGP, EQ, 29-Oct-2021,181.98,184.9,184.9,175.21, 177.90,176.56,178.04,657,1.17,73, 415, 63.17,-2.98
LICNFNHGP, EQ, 29-Oct-2024,271.61,271.85,273.39,268.25,269.16,270.81,271.38,254,0.69,45, 165, 64.96,-0.29
LICNFNHGP, EQ, 29-Nov-2021,177.76,176.5,183.0,176.1, 177.10,177.11,178.29,1241,2.21,54, 1075, 86.62,-0.37
LICNFNHGP, EQ, 29-Nov-2022,199.5,200.0,200.0,196.66,199.58,199.58,199.57,844,1.68,24, 814, 96.45,0.04
LICNFNHGP, EQ, 29-Nov-2023,209.28,214.39,215.99,210.99, 213.00,215.15,213.54,5179,11.06,168, 762, 14.71,2.8
LICNFNHGP, EQ, 29-Nov-2024,268.2,272.64,274.55,269.02,270.41,269.53,270.09,389,1.05,38, 265, 68.12,0.5
LICNFNHGP, EQ, 29-Dec-2020,140.7,141.0,141.97,138.1,138.1,138.1,138.7,221,0.31,28, 162, 73.30,-1.85
LICNFNHGP, EQ, 29-Dec-2021,183.56,186.75,186.75,183.3, 184.40,184.4,185.8,279966,520.17,101, 269190, 96.15,0.46
LICNFNHGP, EQ, 29-Dec-2022,195.59,195.3,195.82,192.75, 195.82,195.71,193.54,100,0.19,26, 45, 45.00,0.06
LICNFNHGP, EQ, 29-Dec-2023,232.87,235.0,240.0,233.21, 235.00,235.29,234.81,653,1.53,69, 110, 16.85,1.04
LICNFNHGP, EQ, 30-Jan-2020,125.1,128.6,128.6,125.0, 125.00,125.0,127.66,136,0.17,23, 71, 52.21,-0.08
LICNFNHGP, EQ, 30-Jan-2023,189.24,189.89,192.0,185.16, 190.00,190.0,190.47,390,0.74,50, 321, 82.31,0.4
LICNFNHGP, EQ, 30-Jan-2024,232.87,231.99,236.8,231.5, 231.50,232.14,234.61,868,2.04,47, 349, 40.21,-0.31
LICNFNHGP, EQ, 30-Jan-2025,257.77,257.78,260.72,255.69,256.73,257.13,257.68,1395,3.59,87, 812, 58.21,-0.25
LICNFNHGP, EQ, 30-Mar-2020,104.0,104.0,104.0,95.0, 95.00,95.0,101.83,58,0.06,24, 51, 87.93,-8.65
LICNFNHGP, EQ, 30-Mar-2021,146.93,149.9,149.9,145.3,148.5,148.5,148.69,227,0.34,17, 226, 99.56,1.07
LICNFNHGP, EQ, 30-Mar-2022,184.9,188.6,188.6,183.21, 187.50,186.88,186.06,259680,483.17,153, 10381, 4.00,1.07
LICNFNHGP, EQ, 30-Apr-2020,98.02,100.0,119.0,94.0,100.49,99.52,102.51,25959,26.61,427, 2186, 8.42,1.53
LICNFNHGP, EQ, 30-Apr-2021,153.05,151.87,155.97,151.87,154.99,154.99,153.19,190,0.29,17, 129, 67.89,1.27
LICNFNHGP, EQ, 30-Apr-2024,251.06,250.69,255.12,247.42, 247.85,249.56,251.28,2064,5.19,89, 620, 30.04,-0.6
LICNFNHGP, EQ, 30-May-2022,174.0,179.22,179.7,173.1, 177.01,177.49,177.12,3196,5.66,59, 3189, 99.78,2.01
LICNFNHGP, EQ, 30-May-2023,197.92,198.52,199.7,196.84, 198.00,198.0,198.33,996,1.98,36, 818, 82.13,0.04
LICNFNHGP, EQ, 30-May-2024,250.96,252.88,254.8,251.43,253.92,253.19,252.58,139,0.35,32, 105, 75.54,0.89
LICNFNHGP, EQ, 30-Jun-2020,110.53,108.1,110.53,108.1, 110.00,110.0,110.06,585,0.64,8, 570, 97.44,-0.48
LICNFNHGP, EQ, 30-Jun-2021,164.02,169.0,169.0,163.25, 166.00,166.08,166.49,150,0.25,35, 82, 54.67,1.26
LICNFNHGP, EQ, 30-Jun-2022,168.83,169.0,169.54,168.0,168.05,168.4,168.26,843,1.42,32, 734, 87.07,-0.25
LICNFNHGP, EQ, 30-Jun-2023,202.11,203.0,204.6,202.6, 203.67,203.67,203.53,259,0.53,30, 201, 77.61,0.77
LICNFNHGP, EQ, 30-Jul-2020,116.0,116.21,117.0,115.01, 116.00,116.0,115.58,336,0.39,23, 238, 70.83,0.0
LICNFNHGP, EQ, 30-Jul-2021,161.75,163.9,163.9,161.1, 161.10,161.12,161.54,1722,2.78,107, 1171, 68.00,-0.39
LICNFNHGP, EQ, 30-Jul-2024,277.25,277.25,278.78,275.78,278.0,276.57,277.3,654,1.81,45, 497, 75.99,-0.25
LICNFNHGP, EQ, 30-Aug-2021,164.59,166.9,168.3,161.06, 167.09,166.26,165.49,2204,3.65,177, 1245, 56.49,1.01
LICNFNHGP, EQ, 30-Aug-2022,188.54,185.35,192.25,185.35, 191.81,191.95,191.27,1641,3.14,47, 1346, 82.02,1.81
LICNFNHGP, EQ, 30-Aug-2023,207.0,212.0,212.0,205.65, 205.65,205.65,208.01,146,0.3,16, 74, 50.68,-0.65
LICNFNHGP, EQ, 30-Aug-2024,281.84,281.49,281.5,279.85,281.0,281.15,281.16,272,0.76,50, 261, 95.96,-0.24
LICNFNHGP, EQ, 30-Sep-2020,116.0,116.0,116.0,113.5,114.0,114.8,114.33,355,0.41,30, 253, 71.27,-1.03
LICNFNHGP, EQ, 30-Sep-2021,179.4,179.9,180.0,177.63, 177.72,177.81,179.02,940,1.68,60, 595, 63.30,-0.89
LICNFNHGP, EQ, 30-Sep-2022,182.33,186.0,186.4,181.76, 184.75,185.87,184.37,1271,2.34,69, 919, 72.31,1.94
LICNFNHGP, EQ, 30-Sep-2024,287.64,288.7,291.62,282.61,283.52,285.28,286.77,4325,12.4,156, 2278, 52.67,-0.82
LICNFNHGP, EQ, 30-Oct-2020,117.16,122.99,122.99,117.0, 118.00,118.0,118.36,303,0.36,14, 76, 25.08,0.72
LICNFNHGP, EQ, 30-Oct-2023,203.6,209.7,209.7,201.8, 206.00,205.49,204.09,2504,5.11,121, 124, 4.95,0.93
LICNFNHGP, EQ, 30-Oct-2024,270.81,272.99,279.76,267.36,271.95,277.44,274.05,565,1.55,48, 432, 76.46,2.45
LICNFNHGP, EQ, 30-Nov-2021,177.11,177.1,181.9,177.1,180.0,179.84,179.15,696,1.25,39, 120, 17.24,1.54
LICNFNHGP, EQ, 30-Nov-2022,199.58,196.16,202.04,196.16,201.49,201.04,199.44,5992,11.95,26, 5969, 99.62,0.73
LICNFNHGP, EQ, 30-Nov-2023,215.15,209.99,219.4,209.99, 214.99,213.73,214.98,7148,15.37,260, 861, 12.05,-0.66
LICNFNHGP, EQ, 30-Dec-2020,138.1,133.96,139.5,133.96,138.35,138.35,138.98,25,0.03,10, 20, 80.00,0.18
LICNFNHGP, EQ, 30-Dec-2021,184.4,186.95,186.95,184.0, 184.52,184.34,184.95,270507,500.31,64, 270236, 99.90,-0.03
LICNFNHGP, EQ, 30-Dec-2022,195.71,196.0,196.6,195.06,195.22,195.14,195.48,61,0.12,22, 56, 91.80,-0.29
LICNFNHGP, EQ, 30-Dec-2024,266.33,262.87,269.96,262.87,265.35,264.89,265.85,710,1.89,57, 676, 95.21,-0.54
LICNFNHGP, EQ, 31-Jan-2020,125.0,124.7,124.7,121.01, 121.01,121.01,124.69,1288,1.61,3, 1284, 99.69,-3.19
LICNFNHGP, EQ, 31-Jan-2022,183.5,189.7,189.7,182.21,185.73,185.86,186.06,645,1.2,63, 413, 64.03,1.29
LICNFNHGP, EQ, 31-Jan-2023,190.0,190.95,190.95,187.5,190.25,190.25,190.52,703,1.34,37, 372, 52.92,0.13
LICNFNHGP, EQ, 31-Jan-2024,232.14,227.5,236.43,227.5, 235.00,235.02,233.68,3115,7.28,99, 106, 3.40,1.24
LICNFNHGP, EQ, 31-Jan-2025,257.13,257.19,260.99,257.17,260.8,260.57,259.22,531,1.38,46, 433, 81.54,1.34
LICNFNHGP, EQ, 31-Mar-2020,95.0,100.0,101.0,100.0,101.0,101.0,100.97,32,0.03,9, 30, 93.75,6.32
LICNFNHGP, EQ, 31-Mar-2021,148.5,149.75,151.8,146.4, 147.19,148.44,148.31,43,0.06,17, 35, 81.40,-0.04
LICNFNHGP, EQ, 31-Mar-2022,186.88,183.75,189.87,183.75, 186.50,186.5,186.66,530,0.99,45, 240, 45.28,-0.2
LICNFNHGP, EQ, 31-Mar-2023,179.25,180.0,182.95,180.0, 182.43,182.53,182.18,2561,4.67,86, 2544, 99.34,1.83
LICNFNHGP, EQ, 31-May-2021,165.0,162.9,168.77,162.9, 164.00,163.92,164.09,705,1.16,187, 518, 73.48,-0.65
LICNFNHGP, EQ, 31-May-2022,177.49,180.85,180.85,176.0, 177.50,177.5,177.44,804,1.43,41, 545, 67.79,0.01
LICNFNHGP, EQ, 31-May-2023,198.0,195.33,198.15,195.33, 196.50,196.5,197.12,130,0.26,25, 119, 91.54,-0.76
LICNFNHGP, EQ, 31-May-2024,253.19,257.9,257.9,248.83,249.26,252.33,251.85,386,0.97,66, 279, 72.28,-0.34
LICNFNHGP, EQ, 31-Jul-2020,116.0,114.76,115.0,114.75,115.0,115.0,114.82,138,0.16,3, 138, 100.00,-0.86
LICNFNHGP, EQ, 31-Jul-2023,209.5,214.48,214.48,209.5, 209.50,209.5,211.0,145,0.31,23, 123, 84.83,0.0
LICNFNHGP, EQ, 31-Jul-2024,276.57,277.0,282.0,273.6,279.95,277.19,277.09,1379,3.82,48, 753, 54.60,0.22
LICNFNHGP, EQ, 31-Aug-2020,124.43,126.1,128.99,118.0, 120.00,119.0,121.67,2036,2.48,79, 1295, 63.61,-4.36
LICNFNHGP, EQ, 31-Aug-2021,166.26,163.1,167.99,163.1,167.76,166.61,166.75,2090,3.49,171, 1357, 64.93,0.21
LICNFNHGP, EQ, 31-Aug-2023,205.65,207.3,212.0,205.73, 212.00,206.85,206.93,60,0.12,12, 55, 91.67,0.58
LICNFNHGP, EQ, 31-Oct-2022,191.46,188.5,199.7,188.5,193.25,193.59,193.08,3102,5.99,95, 2374, 76.53,1.11
LICNFNHGP, EQ, 31-Oct-2023,205.49,204.99,212.6,203.85, 212.60,212.08,205.52,544,1.12,43, 18, 3.31,3.21
LICNFNHGP, EQ, 31-Oct-2024,277.44,276.17,279.76,268.7,270.0,273.33,271.9,2159,5.87,135, 1871, 86.66,-1.48
LICNFNHGP, EQ, 31-Dec-2020,138.35,142.5,142.5,139.0,140.84,140.84,140.34,470,0.66,62, 214, 45.53,1.8
LICNFNHGP, EQ, 31-Dec-2021,184.34,184.14,188.09,184.14,186.42,186.24,186.8,745447,1392.46,231, 540181, 72.46,1.03
LICNFNHGP, EQ, 31-Dec-2024,264.89,265.01,268.7,263.01,263.87,264.12,264.78,804,2.13,40, 664, 82.59,-0.29
