SYMBOL, SERIES, DATE1, PREV_CLOSE, OPEN_PRICE, HIGH_PRICE, LOW_PRICE, LAST_PRICE, CLOSE_PRICE, AVG_PRICE, TTL_TRD_QNTY, TURNOVER_LACS, NO_OF_TRADES, DELIV_QTY, DELIV_PER,PER_CHANGE
MADHAV, EQ, 01-Jan-2020,30.5,32.4,32.45,30.5, 30.50,31.3,31.38,4719,1.48,73, 3886, 82.35,2.62
MADHAV, EQ, 01-Jan-2021,42.65,44.5,48.45,42.15, 43.60,43.8,45.3,110060,49.86,1189, 39784, 36.15,2.7
MADHAV, EQ, 01-Jan-2024,61.3,61.45,61.9,59.4, 59.50,60.1,60.57,47523,28.79,573, 33119, 69.69,-1.96
MADHAV, EQ, 01-Jan-2025,57.46,57.79,58.9,57.17,58.11,58.01,58.15,11695,6.8,623, 3619, 30.94,0.96
MADHAV, EQ, 01-Feb-2021,52.05,51.7,52.95,50.7, 52.15,52.45,52.03,15277,7.95,276, 10879, 71.21,0.77
MADHAV, EQ, 01-Feb-2022,53.7,55.0,55.0,52.8,53.6,53.15,53.39,5940,3.17,142, 4951, 83.35,-1.02
MADHAV, EQ, 01-Feb-2023,42.55,43.35,43.35,41.75, 41.90,41.9,42.58,1867,0.79,88, 1600, 85.70,-1.53
MADHAV, EQ, 01-Mar-2021,57.85,59.2,62.0,57.0, 59.05,60.95,60.0,92651,55.59,1044, 44576, 48.11,5.36
MADHAV, EQ, 01-Mar-2023,37.0,37.0,38.0,36.35, 37.10,37.45,37.5,4012,1.5,99, 2473, 61.64,1.22
MADHAV, EQ, 01-Apr-2020,18.8,18.5,18.75,18.0,18.0,18.0,18.01,1608,0.29,38, 1608, 100.00,-4.26
MADHAV, EQ, 01-Apr-2021,47.75,48.0,50.9,48.0, 49.30,50.0,49.58,10607,5.26,141, 5804, 54.72,4.71
MADHAV, EQ, 01-Apr-2022,51.9,52.55,54.2,52.55, 53.90,53.7,53.41,14286,7.63,392, 9156, 64.09,3.47
MADHAV, EQ, 01-Apr-2025,39.67,39.68,41.75,39.2,40.6,41.16,40.57,7233,2.93,361, 2642, 36.53,3.76
MADHAV, EQ, 01-Jun-2020,19.45,20.3,20.4,19.15, 19.85,19.8,19.85,6133,1.22,218, 4153, 67.72,1.8
MADHAV, EQ, 01-Jun-2021,56.9,57.0,57.75,54.55, 55.95,55.55,55.79,50683,28.28,1872, 19108, 37.70,-2.37
MADHAV, EQ, 01-Jun-2022,47.9,48.85,48.85,47.0,47.6,47.35,48.02,32818,15.76,314, 20309, 61.88,-1.15
MADHAV, EQ, 01-Jun-2023,42.5,42.5,42.9,41.05, 42.00,41.55,42.34,9443,4.0,123, 5051, 53.49,-2.24
MADHAV, EQ, 01-Jul-2020,23.6,22.3,25.4,22.2, 24.10,24.2,24.01,14345,3.44,98, 8003, 55.79,2.54
MADHAV, EQ, 01-Jul-2021,53.9,54.85,54.85,53.5, 54.45,54.45,54.2,20849,11.3,393, 10421, 49.98,1.02
MADHAV, EQ, 01-Jul-2022,41.15,41.15,41.5,40.0,40.5,40.2,40.62,1130,0.46,75, 665, 58.85,-2.31
MADHAV, EQ, 01-Aug-2022,46.4,47.2,47.2,46.1, 46.80,46.35,46.48,3494,1.62,72, 2113, 60.48,-0.11
MADHAV, EQ, 01-Aug-2023,43.1,42.65,43.9,42.65, 43.40,43.0,43.32,18123,7.85,330, 4708, 25.98,-0.23
MADHAV, EQ, 01-Aug-2024,48.92,50.0,50.0,48.61,48.8,48.97,49.15,9381,4.61,555, 4144, 44.17,0.1
MADHAV, EQ, 01-Sep-2020,24.2,23.7,24.75,23.05, 24.75,24.05,23.68,3376,0.8,27, 3034, 89.87,-0.62
MADHAV, EQ, 01-Sep-2021,59.45,60.2,63.65,57.5,58.05,58.35,59.73,28442,16.99,379, 16899, 59.42,-1.85
MADHAV, EQ, 01-Sep-2022,51.6,51.0,57.0,51.0,54.4,54.15,54.66,76643,41.89,769, 31845, 41.55,4.94
MADHAV, EQ, 01-Sep-2023,47.55,47.6,50.65,47.6, 49.90,49.3,49.42,65678,32.46,1235, 24833, 37.81,3.68
MADHAV, EQ, 01-Oct-2020,25.95,26.0,26.05,25.55, 26.00,26.0,25.99,2329,0.61,21, 2176, 93.43,0.19
MADHAV, EQ, 01-Oct-2021,55.7,54.6,56.3,54.2, 54.80,54.95,55.17,13093,7.22,194, 9551, 72.95,-1.35
MADHAV, EQ, 01-Oct-2024,53.54,53.5,54.98,52.81,53.5,54.17,53.76,11673,6.28,238, 6444, 55.20,1.18
MADHAV, EQ, 01-Nov-2021,54.0,54.95,55.8,54.05, 54.55,54.75,54.72,8302,4.54,154, 4276, 51.51,1.39
MADHAV, EQ, 01-Nov-2022,41.65,42.35,42.35,41.4,42.2,41.85,41.86,10462,4.38,200, 7195, 68.77,0.48
MADHAV, EQ, 01-Nov-2023,51.7,52.7,52.75,49.9, 50.10,50.1,51.15,31045,15.88,958, 13242, 42.65,-3.09
MADHAV, EQ, 01-Dec-2020,28.2,29.0,29.85,27.7,29.0,28.35,28.33,6692,1.9,88, 5426, 81.08,0.53
MADHAV, EQ, 01-Dec-2021,52.15,54.5,54.5,50.45,51.45,51.15,51.37,8867,4.56,199, 6100, 68.79,-1.92
MADHAV, EQ, 01-Dec-2022,42.2,42.0,43.45,42.0,42.75,42.8,42.89,12742,5.47,284, 6224, 48.85,1.42
MADHAV, EQ, 01-Dec-2023,50.5,51.1,52.7,50.5, 52.40,52.1,51.67,64200,33.17,1298, 26272, 40.92,3.17
MADHAV, EQ, 02-Jan-2020,31.3,31.05,31.9,30.45, 31.40,31.5,31.42,2241,0.7,33, 1360, 60.69,0.64
MADHAV, EQ, 02-Jan-2023,44.8,45.3,45.6,44.15, 44.60,44.7,44.64,2810,1.25,62, 1716, 61.07,-0.22
MADHAV, EQ, 02-Jan-2024,60.1,61.85,61.85,59.3, 60.00,60.3,60.29,32549,19.62,606, 17040, 52.35,0.33
MADHAV, EQ, 02-Jan-2025,58.01,58.44,62.03,57.39,59.9,59.75,59.83,23783,14.23,789, 7613, 32.01,3.0
MADHAV, EQ, 02-Feb-2021,52.45,52.95,54.0,52.4, 53.15,53.75,53.51,25461,13.63,267, 22914, 90.00,2.48
MADHAV, EQ, 02-Feb-2022,53.15,54.6,55.5,53.05, 55.50,55.1,54.21,8110,4.4,177, 5257, 64.82,3.67
MADHAV, EQ, 02-Feb-2023,41.9,41.95,42.55,41.3, 41.55,42.05,42.15,2298,0.97,84, 1752, 76.24,0.36
MADHAV, EQ, 02-Mar-2020,29.7,31.9,31.9,28.0, 29.50,28.9,28.88,2397,0.69,26, 596, 24.86,-2.69
MADHAV, EQ, 02-Mar-2021,60.95,61.7,61.9,59.1,59.15,60.2,60.38,44838,27.07,451, 33564, 74.86,-1.23
MADHAV, EQ, 02-Mar-2022,56.3,56.0,58.4,55.1, 55.10,55.25,56.46,26679,15.06,568, 15441, 57.88,-1.87
MADHAV, EQ, 02-Mar-2023,37.45,37.15,37.95,36.1, 36.80,36.55,37.13,12599,4.68,381, 8838, 70.15,-2.4
MADHAV, EQ, 02-Apr-2025,41.16,42.94,42.94,39.61,41.0,41.02,40.87,3815,1.56,368, 2419, 63.41,-0.34
MADHAV, EQ, 02-May-2022,55.25,57.25,57.25,52.1,52.1,52.6,53.23,19038,10.13,312, 10605, 55.70,-4.8
MADHAV, EQ, 02-May-2023,43.7,44.0,44.0,42.75, 43.05,43.1,43.34,5511,2.39,202, 3897, 70.71,-1.37
MADHAV, EQ, 02-Jun-2020,19.8,19.8,19.8,18.9,19.2,19.2,19.29,8382,1.62,109, 6529, 77.89,-3.03
MADHAV, EQ, 02-Jun-2021,55.55,56.75,57.95,55.0, 57.45,57.0,55.84,38533,21.52,808, 16723, 43.40,2.61
MADHAV, EQ, 02-Jun-2022,47.35,48.0,48.25,46.3,47.5,47.2,47.23,11682,5.52,228, 5545, 47.47,-0.32
MADHAV, EQ, 02-Jun-2023,41.55,42.35,42.35,40.8, 41.40,41.3,41.54,7285,3.03,206, 4197, 57.61,-0.6
MADHAV, EQ, 02-Jul-2020,24.2,23.6,24.65,23.5, 24.65,23.8,23.96,3779,0.91,93, 1784, 47.21,-1.65
MADHAV, EQ, 02-Jul-2021,54.45,55.3,55.95,54.15,54.75,54.85,55.13,25947,14.3,418, 13228, 50.98,0.73
MADHAV, EQ, 02-Aug-2021,66.8,67.0,68.95,65.0,66.15,66.5,66.84,49678,33.2,960, 24024, 48.36,-0.45
MADHAV, EQ, 02-Aug-2022,46.35,45.85,48.0,45.8,46.95,46.65,46.94,13241,6.21,261, 8074, 60.98,0.65
MADHAV, EQ, 02-Aug-2023,43.0,43.75,43.75,42.7, 42.70,42.75,43.02,10830,4.66,269, 4018, 37.10,-0.58
MADHAV, EQ, 02-Aug-2024,48.97,49.0,49.39,46.52,48.64,48.07,48.01,14508,6.96,289, 5918, 40.79,-1.84
MADHAV, EQ, 02-Sep-2020,24.05,24.85,25.95,23.15, 23.75,24.9,24.45,1371,0.34,15, 1325, 96.64,3.53
MADHAV, EQ, 02-Sep-2021,58.35,58.8,59.9,53.3, 57.65,57.65,57.54,36250,20.86,493, 17613, 48.59,-1.2
MADHAV, EQ, 02-Sep-2022,54.15,55.15,55.15,52.5,53.25,52.9,53.78,15590,8.38,338, 8574, 55.00,-2.31
MADHAV, EQ, 02-Sep-2024,58.44,59.98,59.98,56.82,57.35,56.95,58.05,23784,13.81,643, 8892, 37.39,-2.55
MADHAV, EQ, 02-Nov-2020,25.15,24.5,25.65,24.15, 24.35,24.35,24.83,194,0.05,22, 125, 64.43,-3.18
MADHAV, EQ, 02-Nov-2021,54.75,54.8,55.55,54.1, 54.70,54.85,54.64,7618,4.16,135, 4497, 59.03,0.18
MADHAV, EQ, 02-Nov-2022,41.85,41.6,42.1,41.5,41.65,41.95,41.79,10597,4.43,144, 7285, 68.75,0.24
MADHAV, EQ, 02-Nov-2023,50.1,50.2,51.65,50.2, 51.25,50.9,50.82,17170,8.73,656, 3622, 21.09,1.6
MADHAV, EQ, 02-Dec-2020,28.35,29.0,29.8,28.55, 29.75,29.4,29.14,16261,4.74,160, 7209, 44.33,3.7
MADHAV, EQ, 02-Dec-2021,51.15,51.35,52.7,51.2, 51.65,51.9,51.69,4284,2.21,75, 3237, 75.56,1.47
MADHAV, EQ, 02-Dec-2022,42.8,42.9,47.35,42.65, 45.75,45.85,45.22,147048,66.5,1453, 75598, 51.41,7.13
MADHAV, EQ, 02-Dec-2024,55.35,56.4,56.98,55.37,56.0,56.18,56.12,23316,13.08,580, 13662, 58.59,1.5
MADHAV, EQ, 03-Jan-2020,31.5,33.75,33.75,31.15, 31.20,31.2,32.05,1046,0.34,31, 1018, 97.32,-0.95
MADHAV, EQ, 03-Jan-2022,56.15,57.8,57.8,55.25, 57.45,57.25,56.89,25935,14.75,525, 10207, 39.36,1.96
MADHAV, EQ, 03-Jan-2023,44.7,45.0,45.9,44.3, 44.85,44.7,44.98,14662,6.6,211, 6435, 43.89,0.0
MADHAV, EQ, 03-Jan-2024,60.3,61.75,61.75,59.45, 59.65,60.15,60.39,65672,39.66,707, 16071, 24.47,-0.25
MADHAV, EQ, 03-Jan-2025,59.75,60.32,60.39,56.23,56.71,56.91,57.86,36528,21.13,1017, 23565, 64.51,-4.75
MADHAV, EQ, 03-Feb-2020,35.85,36.2,38.9,34.15, 37.90,37.65,37.09,16586,6.15,467, 13434, 81.00,5.02
MADHAV, EQ, 03-Feb-2021,53.75,53.6,54.75,52.35, 53.85,53.6,53.92,11664,6.29,190, 9239, 79.21,-0.28
MADHAV, EQ, 03-Feb-2022,55.1,54.55,55.75,54.05, 55.65,55.55,55.15,5685,3.14,120, 4352, 76.55,0.82
MADHAV, EQ, 03-Feb-2023,42.05,41.7,44.3,40.8, 44.05,43.5,42.8,9767,4.18,204, 6320, 64.71,3.45
MADHAV, EQ, 03-Feb-2025,49.89,51.2,51.2,45.65,49.65,48.57,47.64,17677,8.42,1296, 4301, 24.33,-2.65
MADHAV, EQ, 03-Mar-2020,28.9,28.5,29.8,28.05, 28.20,28.75,28.6,1699,0.49,47, 821, 48.32,-0.52
MADHAV, EQ, 03-Mar-2021,60.2,59.55,60.65,58.7,60.0,59.15,59.71,69560,41.53,409, 58196, 83.66,-1.74
MADHAV, EQ, 03-Mar-2022,55.25,55.3,57.4,44.8,51.0,51.6,52.22,61381,32.05,1239, 27812, 45.31,-6.61
MADHAV, EQ, 03-Mar-2023,36.55,37.55,37.95,37.1, 37.95,37.85,37.75,2045,0.77,69, 1500, 73.35,3.56
MADHAV, EQ, 03-Mar-2025,39.6,41.5,41.5,38.5,38.5,38.94,40.07,19245,7.71,332, 15707, 81.62,-1.67
MADHAV, EQ, 03-Apr-2020,18.0,18.05,18.5,17.1, 18.50,18.05,17.75,4973,0.88,21, 4913, 98.79,0.28
MADHAV, EQ, 03-Apr-2023,39.2,38.9,41.35,38.15, 38.15,39.45,40.11,14982,6.01,420, 8118, 54.19,0.64
MADHAV, EQ, 03-Apr-2025,41.02,41.02,42.5,39.81,41.3,40.54,40.77,11742,4.79,241, 9045, 77.03,-1.17
MADHAV, EQ, 03-May-2021,49.9,50.45,50.95,48.85,50.0,50.0,49.72,13260,6.59,250, 5026, 37.90,0.2
MADHAV, EQ, 03-May-2023,43.1,43.95,43.95,41.7,42.45,42.2,42.85,31427,13.47,478, 15394, 48.98,-2.09
MADHAV, EQ, 03-Jun-2020,19.2,19.6,20.15,18.85,20.15,20.15,19.79,4987,0.99,33, 4365, 87.53,4.95
MADHAV, EQ, 03-Jun-2021,57.0,57.45,59.2,56.55, 56.65,57.3,58.01,52787,30.62,1012, 36525, 69.19,0.53
MADHAV, EQ, 03-Jun-2022,47.2,47.75,48.0,46.2, 46.20,46.45,47.25,3993,1.89,91, 3508, 87.85,-1.59
MADHAV, EQ, 03-Jul-2020,23.8,24.75,24.75,22.05, 23.60,23.7,23.33,3532,0.82,63, 1856, 52.55,-0.42
MADHAV, EQ, 03-Jul-2023,43.7,44.0,44.45,42.6, 43.45,43.1,43.61,11992,5.23,212, 9347, 77.94,-1.37
MADHAV, EQ, 03-Aug-2020,20.9,21.45,22.5,20.0,21.9,21.85,21.4,11353,2.43,171, 3976, 35.02,4.55
MADHAV, EQ, 03-Aug-2021,66.5,66.95,72.0,65.65,71.05,70.9,69.44,192199,133.45,2465, 129740, 67.50,6.62
MADHAV, EQ, 03-Aug-2022,46.65,47.55,47.55,45.6, 46.40,46.15,46.14,8133,3.75,128, 5818, 71.54,-1.07
MADHAV, EQ, 03-Aug-2023,42.75,42.8,46.7,42.75, 45.00,45.05,44.85,89488,40.14,1158, 50366, 56.28,5.38
MADHAV, EQ, 03-Sep-2020,24.9,24.7,26.5,24.0, 26.50,26.2,25.95,14104,3.66,96, 8152, 57.80,5.22
MADHAV, EQ, 03-Sep-2021,57.65,57.65,59.45,57.05, 57.60,57.9,57.83,6592,3.81,147, 5409, 82.05,0.43
MADHAV, EQ, 03-Sep-2024,56.95,59.48,59.48,51.99,54.79,53.62,55.08,61071,33.64,1407, 30693, 50.26,-5.85
MADHAV, EQ, 03-Oct-2022,44.7,44.7,46.8,44.65,46.5,46.25,45.91,12145,5.58,178, 7486, 61.64,3.47
MADHAV, EQ, 03-Oct-2023,50.05,50.15,51.4,48.2, 49.45,48.95,49.51,34020,16.84,993, 16753, 49.24,-2.2
MADHAV, EQ, 03-Oct-2024,54.17,55.89,55.89,53.25,53.25,53.42,53.97,8212,4.43,328, 3695, 45.00,-1.38
MADHAV, EQ, 03-Nov-2020,24.35,24.55,24.8,24.05,24.3,24.05,24.33,1694,0.41,24, 1469, 86.72,-1.23
MADHAV, EQ, 03-Nov-2021,54.85,54.85,57.5,54.7, 55.70,56.1,56.84,15686,8.92,218, 9572, 61.02,2.28
MADHAV, EQ, 03-Nov-2022,41.95,41.65,43.7,41.65,43.0,43.05,42.87,28512,12.22,426, 12274, 43.05,2.62
MADHAV, EQ, 03-Nov-2023,50.9,50.8,52.75,50.55, 51.35,51.1,51.61,35676,18.41,1029, 8442, 23.66,0.39
MADHAV, EQ, 03-Dec-2020,29.4,30.75,32.1,29.6,31.15,31.65,31.12,96532,30.04,600, 38916, 40.31,7.65
MADHAV, EQ, 03-Dec-2021,51.9,53.35,53.35,50.6, 50.80,51.0,51.12,17922,9.16,299, 12197, 68.06,-1.73
MADHAV, EQ, 03-Dec-2024,56.18,56.4,57.99,53.71,55.0,55.11,55.72,101471,56.54,2521, 33349, 32.87,-1.9
MADHAV, EQ, 04-Jan-2021,43.8,43.6,45.6,42.05,43.1,43.2,43.47,52934,23.01,542, 30915, 58.40,-1.37
MADHAV, EQ, 04-Jan-2022,57.25,57.5,62.9,57.5, 60.00,60.0,60.79,114339,69.5,987, 55826, 48.82,4.8
MADHAV, EQ, 04-Jan-2023,44.7,45.05,45.05,43.65, 44.20,43.9,44.07,7569,3.34,202, 3668, 48.46,-1.79
MADHAV, EQ, 04-Jan-2024,60.15,60.0,61.55,59.55, 59.55,59.75,60.56,44729,27.09,382, 18359, 41.04,-0.67
MADHAV, EQ, 04-Feb-2020,37.65,38.9,42.0,37.1, 37.10,37.85,38.81,38413,14.91,623, 24167, 62.91,0.53
MADHAV, EQ, 04-Feb-2021,53.6,54.45,54.8,52.65, 53.50,54.05,54.08,13095,7.08,195, 9852, 75.23,0.84
MADHAV, EQ, 04-Feb-2022,55.55,55.6,56.25,54.65, 55.05,55.2,55.4,6060,3.36,81, 4770, 78.71,-0.63
MADHAV, EQ, 04-Feb-2025,48.57,49.81,50.0,46.39,46.6,46.88,47.21,12724,6.01,470, 7033, 55.27,-3.48
MADHAV, EQ, 04-Mar-2020,28.75,30.95,30.95,28.1, 29.00,29.3,29.65,4764,1.41,122, 3046, 63.94,1.91
MADHAV, EQ, 04-Mar-2021,59.15,59.95,60.8,57.65, 58.45,59.0,58.87,27408,16.13,567, 12161, 44.37,-0.25
MADHAV, EQ, 04-Mar-2022,51.6,51.55,53.35,48.25, 51.35,51.65,51.36,25714,13.21,548, 11667, 45.37,0.1
MADHAV, EQ, 04-Mar-2025,38.94,39.93,41.1,39.81,40.5,40.55,40.56,12669,5.14,73, 10722, 84.63,4.13
MADHAV, EQ, 04-Apr-2022,53.7,54.0,55.95,54.0,55.2,54.9,55.17,25434,14.03,239, 13014, 51.17,2.23
MADHAV, EQ, 04-Apr-2025,40.54,39.51,41.95,39.0,39.95,39.82,39.88,16085,6.41,536, 11838, 73.60,-1.78
MADHAV, EQ, 04-May-2020,21.45,20.6,22.3,20.4, 20.40,20.4,20.52,4991,1.02,103, 2511, 50.31,-4.9
MADHAV, EQ, 04-May-2021,50.0,50.0,50.8,49.1, 49.10,49.4,50.02,11215,5.61,189, 6900, 61.52,-1.2
MADHAV, EQ, 04-May-2022,52.6,53.65,55.5,52.3,53.55,54.1,54.05,8098,4.38,195, 4431, 54.72,2.85
MADHAV, EQ, 04-May-2023,42.2,42.95,42.95,41.1, 42.00,42.35,42.2,24568,10.37,423, 17360, 70.66,0.36
MADHAV, EQ, 04-Jun-2020,20.15,20.15,21.0,19.6,19.8,20.0,20.12,5127,1.03,58, 3726, 72.67,-0.74
MADHAV, EQ, 04-Jun-2021,57.3,57.8,57.95,55.6, 55.75,55.95,56.59,22559,12.77,529, 15613, 69.21,-2.36
MADHAV, EQ, 04-Jul-2022,40.2,40.95,42.25,40.9,41.8,41.35,41.29,1639,0.68,49, 843, 51.43,2.86
MADHAV, EQ, 04-Jul-2023,43.1,44.3,44.3,42.55, 42.55,42.55,42.79,10525,4.5,230, 6346, 60.29,-1.28
MADHAV, EQ, 04-Aug-2020,21.85,22.9,22.9,20.65,21.2,21.75,21.76,6123,1.33,70, 2952, 48.21,-0.46
MADHAV, EQ, 04-Aug-2021,70.9,71.85,71.85,64.95,65.5,65.7,68.74,121825,83.75,2003, 75554, 62.02,-7.33
MADHAV, EQ, 04-Aug-2022,46.15,47.0,48.25,45.8,46.7,46.4,46.51,8892,4.14,128, 6285, 70.68,0.54
MADHAV, EQ, 04-Aug-2023,45.05,45.1,46.5,44.35, 45.00,44.65,45.5,41603,18.93,643, 20713, 49.79,-0.89
MADHAV, EQ, 04-Sep-2020,26.2,26.3,26.3,25.55,25.75,26.0,26.04,2936,0.76,19, 1504, 51.23,-0.76
MADHAV, EQ, 04-Sep-2023,49.3,50.55,51.0,48.05, 49.35,48.7,49.42,56755,28.05,1309, 29751, 52.42,-1.22
MADHAV, EQ, 04-Sep-2024,53.62,54.79,56.78,52.98,55.17,55.66,55.05,33601,18.5,1036, 14986, 44.60,3.8
MADHAV, EQ, 04-Oct-2021,54.95,54.2,56.15,54.2, 54.50,54.55,55.03,23660,13.02,238, 14601, 61.71,-0.73
MADHAV, EQ, 04-Oct-2022,46.25,47.7,47.7,46.05, 46.80,46.55,46.87,4301,2.02,100, 2472, 57.48,0.65
MADHAV, EQ, 04-Oct-2023,48.95,50.85,50.85,47.2, 48.10,47.7,48.77,17813,8.69,391, 11446, 64.26,-2.55
MADHAV, EQ, 04-Oct-2024,53.42,52.38,54.25,52.38,53.47,53.17,53.64,3377,1.81,134, 1355, 40.12,-0.47
MADHAV, EQ, 04-Nov-2020,24.05,23.85,24.5,23.85,24.5,24.5,24.03,848,0.2,8, 648, 76.42,1.87
MADHAV, EQ, 04-Nov-2022,43.05,43.85,44.2,43.05,43.8,43.85,43.79,5511,2.41,108, 4525, 82.11,1.86
MADHAV, EQ, 04-Nov-2024,52.43,53.9,54.0,50.1,50.1,50.63,51.66,2557,1.32,175, 1242, 48.57,-3.43
MADHAV, EQ, 04-Dec-2020,31.65,31.65,32.85,30.6, 31.00,31.05,31.97,25602,8.18,298, 19142, 74.77,-1.9
MADHAV, EQ, 04-Dec-2023,52.1,52.1,52.2,50.2, 51.70,51.4,51.56,37678,19.43,484, 20011, 53.11,-1.34
MADHAV, EQ, 04-Dec-2024,55.11,55.98,57.8,54.29,56.0,56.13,56.26,26809,15.08,699, 16414, 61.23,1.85
MADHAV, EQ, 05-Jan-2021,43.2,43.0,43.7,41.4, 42.05,42.6,42.94,24441,10.5,254, 17468, 71.47,-1.39
MADHAV, EQ, 05-Jan-2022,60.0,61.7,61.7,59.0, 60.00,59.35,59.99,17066,10.24,312, 12317, 72.17,-1.08
MADHAV, EQ, 05-Jan-2023,43.9,43.9,45.75,42.65,43.15,43.7,44.2,25919,11.46,437, 16544, 63.83,-0.46
MADHAV, EQ, 05-Jan-2024,59.75,59.05,71.7,59.05, 71.70,71.65,70.45,1430532,1007.79,5575, 490417, 34.28,19.92
MADHAV, EQ, 05-Feb-2020,37.85,39.1,39.1,33.35, 34.55,34.8,35.19,13613,4.79,425, 6874, 50.50,-8.06
MADHAV, EQ, 05-Feb-2021,54.05,54.1,54.1,52.1, 52.10,52.4,52.93,20865,11.04,366, 13674, 65.54,-3.05
MADHAV, EQ, 05-Feb-2025,46.88,46.81,48.81,46.8,47.05,47.28,47.36,19174,9.08,549, 7743, 40.38,0.85
MADHAV, EQ, 05-Mar-2020,29.3,29.0,29.0,28.55, 28.55,28.8,28.93,2422,0.7,14, 1812, 74.81,-1.71
MADHAV, EQ, 05-Mar-2021,59.0,58.05,59.75,58.0,58.05,58.1,58.44,15752,9.21,399, 10950, 69.51,-1.53
MADHAV, EQ, 05-Mar-2025,40.55,40.53,42.49,40.53,42.49,41.7,41.76,4945,2.07,219, 1428, 28.88,2.84
MADHAV, EQ, 05-Apr-2021,50.0,50.0,51.85,46.4,47.05,47.6,48.51,24922,12.09,499, 12574, 50.45,-4.8
MADHAV, EQ, 05-Apr-2022,54.9,55.1,55.85,54.3, 55.45,55.35,55.3,12893,7.13,178, 9308, 72.19,0.82
MADHAV, EQ, 05-Apr-2023,39.45,39.7,42.85,39.15, 42.20,42.1,42.06,38173,16.06,495, 14058, 36.83,6.72
MADHAV, EQ, 05-May-2020,20.4,20.25,21.2,19.55, 19.70,19.75,19.95,3870,0.77,49, 3056, 78.97,-3.19
MADHAV, EQ, 05-May-2021,49.4,50.65,50.7,48.9, 49.20,49.3,49.52,8387,4.15,110, 6483, 77.30,-0.2
MADHAV, EQ, 05-May-2022,54.1,54.0,55.15,52.2, 52.20,53.15,53.61,6025,3.23,158, 3500, 58.09,-1.76
MADHAV, EQ, 05-May-2023,42.35,42.85,42.9,41.3, 42.50,42.0,42.29,15543,6.57,222, 11367, 73.13,-0.83
MADHAV, EQ, 05-Jun-2020,20.0,21.75,21.75,20.5, 21.60,21.6,21.21,2517,0.53,36, 1934, 76.84,8.0
MADHAV, EQ, 05-Jun-2023,41.3,41.05,42.95,41.05, 42.60,42.5,42.36,14153,6.0,146, 11055, 78.11,2.91
MADHAV, EQ, 05-Jul-2021,54.85,56.0,57.3,54.3, 56.55,56.0,56.0,44259,24.79,669, 28236, 63.80,2.1
MADHAV, EQ, 05-Jul-2022,41.35,42.1,49.6,42.1,49.6,49.6,48.07,216350,104.0,1461, 75142, 34.73,19.95
MADHAV, EQ, 05-Jul-2023,42.55,43.3,43.3,42.35,42.75,42.75,42.62,7333,3.13,83, 4663, 63.59,0.47
MADHAV, EQ, 05-Aug-2020,21.75,21.2,21.9,21.2,21.45,21.65,21.53,4631,1.0,42, 2815, 60.79,-0.46
MADHAV, EQ, 05-Aug-2021,65.7,65.9,66.6,59.25,61.5,61.3,61.74,78979,48.76,1708, 42593, 53.93,-6.7
MADHAV, EQ, 05-Aug-2022,46.4,46.65,47.4,45.8,46.35,46.25,46.56,4015,1.87,100, 1674, 41.69,-0.32
MADHAV, EQ, 05-Aug-2024,48.07,49.7,49.7,45.7,46.8,46.03,46.35,7669,3.55,199, 5988, 78.08,-4.24
MADHAV, EQ, 05-Sep-2022,52.9,52.2,56.45,52.2, 54.70,54.7,55.36,73241,40.54,672, 30737, 41.97,3.4
MADHAV, EQ, 05-Sep-2023,48.7,48.85,49.95,48.45, 48.50,48.85,49.05,29268,14.36,417, 15888, 54.28,0.31
MADHAV, EQ, 05-Sep-2024,55.66,57.2,59.8,54.89,58.68,58.12,58.47,97453,56.98,1633, 37804, 38.79,4.42
MADHAV, EQ, 05-Oct-2020,26.0,26.0,26.1,25.2, 25.25,25.75,25.69,11994,3.08,185, 4461, 37.19,-0.96
MADHAV, EQ, 05-Oct-2021,54.55,56.5,57.45,54.35, 57.35,56.75,56.17,85535,48.04,651, 45588, 53.30,4.03
MADHAV, EQ, 05-Oct-2023,47.7,48.75,51.5,47.4, 49.60,50.5,50.15,150422,75.43,1736, 28918, 19.22,5.87
MADHAV, EQ, 05-Nov-2020,24.5,24.0,24.95,24.0, 24.90,24.9,24.43,1616,0.39,21, 1600, 99.01,1.63
MADHAV, EQ, 05-Nov-2024,50.63,51.0,52.8,49.01,52.79,51.72,51.77,7711,3.99,349, 3973, 51.52,2.15
MADHAV, EQ, 05-Dec-2022,45.85,45.85,46.55,43.5, 44.25,44.5,45.31,29917,13.56,587, 14335, 47.92,-2.94
MADHAV, EQ, 05-Dec-2023,51.4,51.7,52.8,50.25, 51.75,51.3,51.51,17552,9.04,362, 9358, 53.32,-0.19
MADHAV, EQ, 05-Dec-2024,56.13,57.5,57.5,55.6,55.95,56.08,56.62,34083,19.3,338, 17927, 52.60,-0.09
MADHAV, EQ, 06-Jan-2020,31.2,31.2,32.8,30.0, 30.90,30.55,30.55,1322,0.4,35, 1032, 78.06,-2.08
MADHAV, EQ, 06-Jan-2021,42.6,42.5,46.0,42.5, 45.80,44.8,44.32,258592,114.61,565, 78897, 30.51,5.16
MADHAV, EQ, 06-Jan-2022,59.35,59.35,59.9,58.3, 59.00,58.95,58.81,9597,5.64,164, 7179, 74.80,-0.67
MADHAV, EQ, 06-Jan-2023,43.7,43.15,45.5,42.75,44.5,43.95,44.48,25800,11.48,356, 7781, 30.16,0.57
MADHAV, EQ, 06-Jan-2025,56.91,56.91,57.88,52.5,54.73,53.85,54.72,40219,22.01,1671, 20066, 49.89,-5.38
MADHAV, EQ, 06-Feb-2020,34.8,35.9,38.8,32.5, 32.50,32.95,34.07,20388,6.95,240, 11543, 56.62,-5.32
MADHAV, EQ, 06-Feb-2023,43.5,43.9,44.6,42.5, 42.50,43.5,43.82,10413,4.56,212, 6227, 59.80,0.0
MADHAV, EQ, 06-Feb-2025,47.28,47.0,48.08,46.31,47.45,47.11,47.47,5356,2.54,117, 3796, 70.87,-0.36
MADHAV, EQ, 06-Mar-2020,28.8,27.2,31.4,26.0, 31.40,31.0,29.73,14318,4.26,295, 7516, 52.49,7.64
MADHAV, EQ, 06-Mar-2023,37.85,39.5,39.5,37.0, 37.10,37.4,37.58,6458,2.43,180, 4599, 71.21,-1.19
MADHAV, EQ, 06-Mar-2025,41.7,42.53,43.85,41.81,43.85,43.21,42.63,5042,2.15,193, 2104, 41.73,3.62
MADHAV, EQ, 06-Apr-2021,47.6,51.8,52.5,48.1,48.1,48.6,48.93,9163,4.48,182, 5020, 54.79,2.1
MADHAV, EQ, 06-Apr-2022,55.35,55.35,59.0,53.6, 56.20,55.65,56.79,112074,63.65,994, 56068, 50.03,0.54
MADHAV, EQ, 06-Apr-2023,42.1,42.15,42.7,41.3, 41.90,41.9,41.91,12908,5.41,304, 7507, 58.16,-0.48
MADHAV, EQ, 06-May-2020,19.75,18.9,20.45,18.9, 19.25,19.45,19.38,325,0.06,16, 247, 76.00,-1.52
MADHAV, EQ, 06-May-2021,49.3,50.55,50.6,48.95, 49.30,49.15,49.54,7610,3.77,108, 6256, 82.21,-0.3
MADHAV, EQ, 06-May-2022,53.15,52.4,52.45,51.4,52.0,52.0,51.87,11854,6.15,147, 8716, 73.53,-2.16
MADHAV, EQ, 06-Jun-2022,46.45,46.5,46.7,45.05,45.25,45.25,45.68,8486,3.88,140, 6575, 77.48,-2.58
MADHAV, EQ, 06-Jun-2023,42.5,43.0,43.0,41.65,42.3,41.95,42.14,3087,1.3,91, 1920, 62.20,-1.29
MADHAV, EQ, 06-Jul-2020,23.7,24.8,24.8,23.1, 23.25,23.45,23.58,2973,0.7,70, 1640, 55.16,-1.05
MADHAV, EQ, 06-Jul-2021,56.0,57.1,57.1,55.0, 55.05,55.1,55.39,20722,11.48,418, 15317, 73.92,-1.61
MADHAV, EQ, 06-Jul-2022,49.6,54.6,54.65,48.35,48.95,49.6,51.78,315789,163.53,4527, 78184, 24.76,0.0
MADHAV, EQ, 06-Jul-2023,42.75,43.45,44.05,43.2,43.4,43.65,43.67,16558,7.23,230, 9043, 54.61,2.11
MADHAV, EQ, 06-Aug-2020,21.65,21.65,21.95,20.9,21.65,21.8,21.39,10432,2.23,68, 2692, 25.81,0.69
MADHAV, EQ, 06-Aug-2021,61.3,61.0,64.0,60.85, 62.95,62.35,62.94,27955,17.59,585, 13396, 47.92,1.71
MADHAV, EQ, 06-Aug-2024,46.03,46.8,48.33,46.8,48.32,47.38,47.97,8707,4.18,98, 5892, 67.67,2.93
MADHAV, EQ, 06-Sep-2021,57.9,58.4,58.4,55.8,56.85,57.05,56.86,17953,10.21,617, 9270, 51.63,-1.47
MADHAV, EQ, 06-Sep-2022,54.7,54.7,55.5,53.15, 54.60,54.1,54.6,22532,12.3,293, 15215, 67.53,-1.1
MADHAV, EQ, 06-Sep-2023,48.85,49.85,50.5,48.25, 49.50,49.6,49.56,66660,33.04,735, 31730, 47.60,1.54
MADHAV, EQ, 06-Sep-2024,58.12,58.7,58.98,55.61,56.99,56.51,57.0,29229,16.66,1017, 12806, 43.81,-2.77
MADHAV, EQ, 06-Oct-2020,25.75,26.9,26.9,25.1,25.15,25.3,25.27,5097,1.29,66, 4342, 85.19,-1.75
MADHAV, EQ, 06-Oct-2021,56.75,57.5,59.2,56.0, 56.40,56.65,57.73,94029,54.28,722, 39905, 42.44,-0.18
MADHAV, EQ, 06-Oct-2022,46.55,47.4,49.35,45.6, 46.00,46.15,47.26,20899,9.88,285, 14174, 67.82,-0.86
MADHAV, EQ, 06-Oct-2023,50.5,50.75,52.3,49.8, 51.35,51.5,51.26,84669,43.4,1026, 30462, 35.98,1.98
MADHAV, EQ, 06-Nov-2020,24.9,24.4,25.35,24.25, 25.05,25.05,24.66,1758,0.43,60, 1267, 72.07,0.6
MADHAV, EQ, 06-Nov-2023,51.1,51.0,52.8,50.7, 50.85,51.3,51.84,44435,23.04,873, 14323, 32.23,0.39
MADHAV, EQ, 06-Nov-2024,51.72,53.02,54.19,51.06,52.5,51.57,51.7,2553,1.32,97, 1818, 71.21,-0.29
MADHAV, EQ, 06-Dec-2021,51.0,51.0,52.75,48.35, 50.05,50.05,50.15,28059,14.07,350, 15287, 54.48,-1.86
MADHAV, EQ, 06-Dec-2022,44.5,45.3,45.35,44.3, 44.75,44.4,44.59,3191,1.42,88, 2498, 78.28,-0.22
MADHAV, EQ, 06-Dec-2023,51.3,50.7,53.95,50.7, 52.90,52.55,53.19,151032,80.34,1088, 52024, 34.45,2.44
MADHAV, EQ, 06-Dec-2024,56.08,56.99,64.0,56.47,59.17,59.55,60.62,332290,201.43,5331, 97332, 29.29,6.19
MADHAV, EQ, 07-Jan-2020,30.55,32.2,32.2,30.6, 31.00,30.85,31.41,590,0.19,20, 510, 86.44,0.98
MADHAV, EQ, 07-Jan-2021,44.8,44.8,47.4,43.5, 46.00,46.65,45.7,396392,181.15,1246, 112569, 28.40,4.13
MADHAV, EQ, 07-Jan-2022,58.95,59.85,59.9,57.05,57.15,57.4,58.16,28156,16.37,563, 12093, 42.95,-2.63
MADHAV, EQ, 07-Jan-2025,53.85,53.02,55.99,53.02,55.4,55.03,54.68,8758,4.79,327, 4646, 53.05,2.19
MADHAV, EQ, 07-Feb-2020,32.95,32.5,32.8,29.3, 29.65,29.75,30.51,31796,9.7,422, 15685, 49.33,-9.71
MADHAV, EQ, 07-Feb-2022,55.2,56.3,56.6,53.8, 54.65,54.6,55.46,7138,3.96,149, 3857, 54.03,-1.09
MADHAV, EQ, 07-Feb-2023,43.5,43.05,43.9,41.55, 41.70,41.7,42.12,12387,5.22,283, 8024, 64.78,-4.14
MADHAV, EQ, 07-Feb-2025,47.11,47.21,47.21,46.15,47.0,46.5,46.78,5790,2.71,117, 4654, 80.38,-1.29
MADHAV, EQ, 07-Mar-2022,51.65,51.4,52.4,50.05, 51.40,51.05,51.14,18165,9.29,372,9185,50.56,-1.16
MADHAV, EQ, 07-Mar-2025,43.21,43.4,44.0,43.02,43.3,43.9,43.62,2797,1.22,133, 1762, 63.00,1.6
MADHAV, EQ, 07-Apr-2020,18.05,18.5,18.7,17.6, 18.00,17.95,18.02,10399,1.87,77, 4820, 46.35,-0.55
MADHAV, EQ, 07-Apr-2021,48.6,48.0,49.9,48.0,49.05,48.95,48.93,12794,6.26,257, 5137, 40.15,0.72
MADHAV, EQ, 07-Apr-2022,55.65,56.4,56.4,54.1,54.25,54.3,55.17,25007,13.8,226, 15665, 62.64,-2.43
MADHAV, EQ, 07-Apr-2025,39.82,38.5,40.8,37.99,39.0,39.54,38.83,3096,1.2,84, 2479, 80.07,-0.7
MADHAV, EQ, 07-May-2020,19.45,19.0,20.25,19.0, 20.25,20.25,19.97,492,0.1,18, 400, 81.30,4.11
MADHAV, EQ, 07-May-2021,49.15,49.3,49.3,47.75, 48.55,48.35,48.57,22310,10.84,248, 15300, 68.58,-1.63
MADHAV, EQ, 07-Jun-2021,55.95,57.0,57.95,56.35, 57.20,56.95,57.0,46675,26.61,492, 33323, 71.39,1.79
MADHAV, EQ, 07-Jun-2022,45.25,46.15,46.15,45.5,46.1,46.0,45.84,1263,0.58,48, 1098, 86.94,1.66
MADHAV, EQ, 07-Jun-2023,41.95,42.6,43.95,41.95, 42.20,42.3,42.86,14848,6.36,241, 10756, 72.44,0.83
MADHAV, EQ, 07-Jul-2020,23.45,23.5,24.4,23.0, 23.45,23.45,23.35,2471,0.58,50, 1955, 79.12,0.0
MADHAV, EQ, 07-Jul-2021,55.1,56.0,59.4,55.0, 58.05,57.7,58.64,195666,114.73,1794, 105719, 54.03,4.72
MADHAV, EQ, 07-Jul-2022,49.6,49.0,50.0,46.05, 46.50,46.75,47.35,37440,17.73,651, 20082, 53.64,-5.75
MADHAV, EQ, 07-Jul-2023,43.65,44.0,44.0,42.15, 42.85,42.65,43.15,10856,4.68,244, 5063, 46.64,-2.29
MADHAV, EQ, 07-Aug-2020,21.8,22.1,23.25,21.55,22.9,22.8,22.2,26243,5.83,154, 17841, 67.98,4.59
MADHAV, EQ, 07-Aug-2023,44.65,44.75,46.95,44.1, 44.60,44.95,45.61,57374,26.17,812, 30167, 52.58,0.67
MADHAV, EQ, 07-Aug-2024,47.38,49.81,51.7,47.23,51.0,50.75,49.54,38522,19.08,687, 14068, 36.52,7.11
MADHAV, EQ, 07-Sep-2020,26.0,25.05,26.4,24.2, 25.20,25.2,25.22,3021,0.76,62, 2930, 96.99,-3.08
MADHAV, EQ, 07-Sep-2021,57.05,57.15,57.8,55.8, 56.00,56.45,56.54,10968,6.2,326, 6349, 57.89,-1.05
MADHAV, EQ, 07-Sep-2022,54.1,54.8,55.15,53.6, 54.00,54.2,54.43,12608,6.86,149, 5025, 39.86,0.18
MADHAV, EQ, 07-Sep-2023,49.6,49.05,50.65,48.35, 49.65,49.05,49.43,37625,18.6,650, 18169, 48.29,-1.11
MADHAV, EQ, 07-Oct-2020,25.3,25.3,26.7,24.5,25.1,25.25,25.95,6883,1.79,118, 4971, 72.22,-0.2
MADHAV, EQ, 07-Oct-2021,56.65,58.25,66.0,56.2, 62.90,62.85,62.57,368520,230.58,3750, 198152, 53.77,10.94
MADHAV, EQ, 07-Oct-2022,46.15,46.1,50.9,46.1, 47.60,47.45,48.38,48721,23.57,646, 27845, 57.15,2.82
MADHAV, EQ, 07-Oct-2024,53.17,53.95,54.29,50.71,50.75,50.86,51.45,8044,4.14,213, 5188, 64.50,-4.34
MADHAV, EQ, 07-Nov-2022,43.85,43.8,44.3,42.8,44.0,43.8,43.65,9465,4.13,169, 6730, 71.10,-0.11
MADHAV, EQ, 07-Nov-2023,51.3,50.2,51.85,48.95, 51.65,51.2,51.04,26717,13.64,608, 9350, 35.00,-0.19
MADHAV, EQ, 07-Nov-2024,51.57,53.01,53.68,49.15,50.18,51.03,51.3,2519,1.29,164, 1069, 42.44,-1.05
MADHAV, EQ, 07-Dec-2020,31.05,31.5,32.65,29.5, 32.00,32.2,31.72,27439,8.7,224, 17798, 64.86,3.7
MADHAV, EQ, 07-Dec-2021,50.05,50.55,51.5,50.4,51.5,51.25,50.94,31891,16.24,506, 22482, 70.50,2.4
MADHAV, EQ, 07-Dec-2022,44.4,45.25,45.5,43.4, 43.85,44.9,44.46,6177,2.75,193, 3437, 55.64,1.13
MADHAV, EQ, 07-Dec-2023,52.55,53.4,53.4,51.55, 52.40,51.95,52.61,41833,22.01,329, 32366, 77.37,-1.14
MADHAV, EQ, 08-Jan-2020,30.85,31.0,31.9,28.4, 30.40,30.15,29.87,6345,1.9,90, 3915, 61.70,-2.27
MADHAV, EQ, 08-Jan-2021,46.65,48.2,55.45,47.6, 52.50,53.15,51.9,672802,349.18,3228, 243812, 36.24,13.93
MADHAV, EQ, 08-Jan-2024,71.65,76.9,85.9,75.05, 82.10,82.1,80.97,1623692,1314.7,13344, 465064, 28.64,14.58
MADHAV, EQ, 08-Jan-2025,55.03,54.16,55.66,53.55,53.56,54.12,54.26,4613,2.5,273, 2457, 53.26,-1.65
MADHAV, EQ, 08-Feb-2021,52.4,52.65,54.9,52.65, 54.90,54.5,54.13,14926,8.08,189, 11940, 79.99,4.01
MADHAV, EQ, 08-Feb-2022,54.6,56.3,56.3,53.1,53.1,53.7,54.11,5716,3.09,106, 4409, 77.13,-1.65
MADHAV, EQ, 08-Feb-2023,41.7,42.8,42.95,41.35, 42.30,42.2,41.92,3824,1.6,99, 2441, 63.83,1.2
MADHAV, EQ, 08-Mar-2021,58.1,61.0,63.0,59.0, 59.00,59.2,60.51,74879,45.31,1037, 39489, 52.74,1.89
MADHAV, EQ, 08-Mar-2022,51.05,51.0,55.7,50.75, 53.05,54.05,52.93,51063,27.03,479, 15244, 29.85,5.88
MADHAV, EQ, 08-Mar-2023,37.4,37.4,37.85,36.9, 37.75,37.6,37.45,2816,1.05,54, 2473, 87.82,0.53
MADHAV, EQ, 08-Apr-2020,17.95,18.5,18.8,18.5, 18.60,18.75,18.65,2914,0.54,36, 2732, 93.75,4.46
MADHAV, EQ, 08-Apr-2021,48.95,48.9,50.85,46.4, 46.90,47.5,49.13,25734,12.64,355, 15405, 59.86,-2.96
MADHAV, EQ, 08-Apr-2022,54.3,54.35,57.3,54.2, 54.80,54.75,55.84,41615,23.24,483, 14047, 33.75,0.83
MADHAV, EQ, 08-Apr-2025,39.54,39.79,41.52,39.2,40.0,40.59,40.63,23640,9.61,350, 4086, 17.28,2.66
MADHAV, EQ, 08-May-2020,20.25,21.1,21.1,19.25, 19.30,19.35,19.44,5952,1.16,76, 3650, 61.32,-4.44
MADHAV, EQ, 08-May-2023,42.0,42.5,43.6,41.75, 42.25,42.2,42.59,18742,7.98,323, 12990, 69.31,0.48
MADHAV, EQ, 08-Jun-2020,21.6,21.0,23.3,20.1, 23.25,22.3,22.29,16610,3.7,147, 9150, 55.09,3.24
MADHAV, EQ, 08-Jun-2021,56.95,57.1,59.0,56.3, 57.30,57.4,57.37,43571,24.99,691, 18323, 42.05,0.79
MADHAV, EQ, 08-Jun-2022,46.0,46.0,47.9,45.45,47.9,46.05,46.0,1621,0.75,57, 1106, 68.23,0.11
MADHAV, EQ, 08-Jun-2023,42.3,43.05,43.05,42.05, 42.45,42.7,42.66,5693,2.43,103, 4282, 75.22,0.95
MADHAV, EQ, 08-Jul-2020,23.45,23.45,23.9,22.85,23.7,23.35,23.31,4779,1.11,106, 4114, 86.08,-0.43
MADHAV, EQ, 08-Jul-2021,57.7,59.0,60.9,57.35, 58.30,57.95,58.91,58744,34.61,715, 35752, 60.86,0.43
MADHAV, EQ, 08-Jul-2022,46.75,47.65,47.85,46.0,46.3,46.5,46.85,13531,6.34,213, 6860, 50.70,-0.53
MADHAV, EQ, 08-Aug-2022,46.25,46.05,55.5,46.0,55.5,55.5,52.92,240182,127.11,1752,96839,40.32,20.0
MADHAV, EQ, 08-Aug-2023,44.95,45.85,45.85,44.65, 44.70,45.3,45.19,26279,11.88,740, 8099, 30.82,0.78
MADHAV, EQ, 08-Aug-2024,50.75,51.77,54.02,49.1,50.5,49.98,51.56,77119,39.76,1691, 30432, 39.46,-1.52
MADHAV, EQ, 08-Sep-2020,25.2,24.5,26.0,23.4, 25.55,24.35,24.08,4026,0.97,43, 3390, 84.20,-3.37
MADHAV, EQ, 08-Sep-2021,56.45,56.5,57.5,54.6, 55.20,56.25,56.08,13904,7.8,349, 9503, 68.35,-0.35
MADHAV, EQ, 08-Sep-2022,54.2,54.05,55.15,53.05, 53.30,53.2,53.89,15699,8.46,208, 10529, 67.07,-1.85
MADHAV, EQ, 08-Sep-2023,49.05,49.2,50.05,48.0, 48.45,48.5,49.04,35012,17.17,551, 12659, 36.16,-1.12
MADHAV, EQ, 08-Oct-2020,25.25,26.25,26.25,25.2,25.55,25.45,25.76,4984,1.28,117, 2124, 42.62,0.79
MADHAV, EQ, 08-Oct-2021,62.85,64.0,64.95,60.75, 62.40,62.05,63.46,72722,46.15,1265, 49818, 68.50,-1.27
MADHAV, EQ, 08-Oct-2024,50.86,50.8,54.05,50.79,53.15,53.08,51.94,10679,5.55,131, 8455, 79.17,4.36
MADHAV, EQ, 08-Nov-2021,56.9,57.9,58.0,54.6, 55.20,55.6,55.57,15727,8.74,254, 11943, 75.94,-2.28
MADHAV, EQ, 08-Nov-2023,51.2,51.0,51.9,50.2, 50.25,50.35,50.76,18583,9.43,221, 12493, 67.23,-1.66
MADHAV, EQ, 08-Nov-2024,51.03,53.5,53.53,51.21, 52.90,52.85,52.68,3778,1.99,210, 2647, 70.06,3.57
MADHAV, EQ, 08-Dec-2020,32.2,32.0,32.0,30.65,31.35,31.4,31.43,14209,4.47,131, 10831, 76.23,-2.48
MADHAV, EQ, 08-Dec-2021,51.25,52.3,52.45,51.0,52.45,52.25,52.01,5717,2.97,167, 2844, 49.75,1.95
MADHAV, EQ, 08-Dec-2022,44.9,44.2,46.8,44.0, 44.20,44.7,45.22,8091,3.66,227, 4058, 50.15,-0.45
MADHAV, EQ, 08-Dec-2023,51.95,52.85,53.35,51.05, 52.60,52.95,52.35,48895,25.6,494, 36430, 74.51,1.92
MADHAV, EQ, 09-Jan-2020,30.15,31.9,31.9,29.6, 30.50,30.4,30.5,2203,0.67,53, 1702, 77.26,0.83
MADHAV, EQ, 09-Jan-2023,43.95,45.95,45.95,43.8,44.0,43.9,44.19,7156,3.16,152, 4694, 65.60,-0.11
MADHAV, EQ, 09-Jan-2024,82.1,83.15,91.75,82.15,88.0,86.95,86.47,917064,793.02,7895, 284282, 31.00,5.91
MADHAV, EQ, 09-Jan-2025,54.12,54.99,57.61,54.15,55.45,55.16,55.6,33523,18.64,989, 13739, 40.98,1.92
MADHAV, EQ, 09-Feb-2021,54.5,54.95,55.5,54.2, 54.60,54.45,54.9,15860,8.71,169, 12593, 79.40,-0.09
MADHAV, EQ, 09-Feb-2022,53.7,55.85,55.85,52.6, 53.00,52.95,53.87,10093,5.44,200, 8323, 82.46,-1.4
MADHAV, EQ, 09-Feb-2023,42.2,42.9,42.9,41.2, 42.65,42.5,42.42,3337,1.42,88, 2339, 70.09,0.71
MADHAV, EQ, 09-Mar-2020,31.0,29.2,29.65,27.9, 27.90,28.05,28.07,10761,3.02,103, 8107, 75.34,-9.52
MADHAV, EQ, 09-Mar-2021,59.2,59.95,63.3,55.2, 57.50,57.35,60.68,219250,133.05,2095, 111526, 50.87,-3.13
MADHAV, EQ, 09-Mar-2022,54.05,54.55,56.85,53.3, 54.05,54.75,55.05,25608,14.1,276, 11697, 45.68,1.3
MADHAV, EQ, 09-Mar-2023,37.6,38.15,39.0,37.65, 38.65,38.6,38.42,7331,2.82,294, 4305, 58.72,2.66
MADHAV, EQ, 09-Apr-2020,18.75,18.75,19.65,18.75, 19.65,19.65,19.23,1276,0.25,16, 1276, 100.00,4.8
MADHAV, EQ, 09-Apr-2021,47.5,48.0,49.0,47.9,49.0,48.6,48.3,8820,4.26,185, 5815, 65.93,2.32
MADHAV, EQ, 09-Apr-2025,40.59,41.4,41.4,39.58,40.99,40.9,40.87,456,0.19,67, 407, 89.25,0.76
MADHAV, EQ, 09-May-2022,52.0,52.0,52.5,50.55, 50.60,50.95,51.8,5353,2.77,134, 4189, 78.26,-2.02
MADHAV, EQ, 09-May-2023,42.2,42.35,42.8,42.05,42.45,42.55,42.5,15341,6.52,231, 9739, 63.48,0.83
MADHAV, EQ, 09-Jun-2020,22.3,23.85,23.85,21.55, 22.15,22.15,22.35,4384,0.98,44, 3394, 77.42,-0.67
MADHAV, EQ, 09-Jun-2021,57.4,57.15,58.75,55.1,55.45,55.45,56.79,49802,28.28,596, 31575, 63.40,-3.4
MADHAV, EQ, 09-Jun-2022,46.05,46.05,47.8,45.45, 47.25,47.45,47.23,15378,7.26,216, 9592, 62.37,3.04
MADHAV, EQ, 09-Jun-2023,42.7,43.6,43.7,42.25, 43.45,42.9,43.08,17397,7.5,275, 9458, 54.37,0.47
MADHAV, EQ, 09-Jul-2020,23.35,24.0,25.45,23.2, 24.00,24.0,24.63,8819,2.17,117, 5264, 59.69,2.78
MADHAV, EQ, 09-Jul-2021,57.95,58.7,58.95,57.25,57.9,58.7,58.31,44395,25.88,702, 27615, 62.20,1.29
MADHAV, EQ, 09-Aug-2021,62.35,64.0,64.0,58.5, 60.70,60.55,60.7,53794,32.65,1015, 34903, 64.88,-2.89
MADHAV, EQ, 09-Aug-2023,45.3,44.85,46.05,44.5, 44.65,45.2,45.25,36238,16.4,455, 21364, 58.95,-0.22
MADHAV, EQ, 09-Aug-2024,49.98,50.17,51.7,50.0,50.3,50.32,50.52,16861,8.52,501, 8847, 52.47,0.68
MADHAV, EQ, 09-Sep-2020,24.35,25.0,25.0,23.25, 24.35,23.45,23.57,5463,1.29,63, 4168, 76.30,-3.7
MADHAV, EQ, 09-Sep-2021,56.25,57.95,59.85,56.1, 56.70,56.8,57.49,23686,13.62,535, 13289, 56.10,0.98
MADHAV, EQ, 09-Sep-2022,53.2,54.25,54.65,52.2, 52.50,52.5,53.05,31172,16.54,334, 26110, 83.76,-1.32
MADHAV, EQ, 09-Sep-2024,56.51,56.99,59.9,53.87,59.9,56.86,56.09,19376,10.87,383, 12710, 65.60,0.62
MADHAV, EQ, 09-Oct-2020,25.45,25.5,26.3,25.45, 25.95,25.95,25.52,1514,0.39,17, 1513, 99.93,1.96
MADHAV, EQ, 09-Oct-2023,51.5,50.15,52.45,48.9, 49.50,49.35,50.58,56969,28.81,910, 23779, 41.74,-4.17
MADHAV, EQ, 09-Oct-2024,53.08,53.16,54.83,53.16,53.53,53.69,53.85,6671,3.59,148, 5143, 77.09,1.15
MADHAV, EQ, 09-Nov-2020,25.05,26.15,26.15,24.25, 24.85,24.9,24.72,2667,0.66,107, 1619, 60.70,-0.6
MADHAV, EQ, 09-Nov-2021,55.6,56.7,57.15,55.25,56.95,56.8,56.52,8528,4.82,111, 6879, 80.66,2.16
MADHAV, EQ, 09-Nov-2022,43.8,44.65,44.65,42.8, 42.80,42.9,43.39,19813,8.6,318, 8131, 41.04,-2.05
MADHAV, EQ, 09-Nov-2023,50.35,49.7,50.55,49.35, 49.35,49.55,49.98,19850,9.92,494, 6636, 33.43,-1.59
MADHAV, EQ, 09-Dec-2020,31.4,31.95,32.45,30.85,31.7,31.15,31.68,30947,9.8,425, 15174, 49.03,-0.8
MADHAV, EQ, 09-Dec-2021,52.25,52.5,52.9,51.6, 52.25,52.35,52.41,6174,3.24,190, 4859, 78.70,0.19
MADHAV, EQ, 09-Dec-2022,44.7,45.55,46.5,44.3, 44.80,45.05,45.68,45550,20.81,453, 28745, 63.11,0.78
MADHAV, EQ, 09-Dec-2024,59.55,61.0,66.5,60.0,62.9,61.38,63.38,257324,163.1,3047, 125509, 48.77,3.07
MADHAV, EQ, 10-Jan-2020,30.4,30.0,32.0,29.9, 32.00,31.8,31.5,2600,0.82,33, 2341, 90.04,4.61
MADHAV, EQ, 10-Jan-2022,57.4,59.7,59.9,55.5,59.6,59.3,57.61,76586,44.12,994, 27151, 35.45,3.31
MADHAV, EQ, 10-Jan-2023,43.9,44.0,44.0,43.25,43.8,43.75,43.58,2376,1.04,92, 1155, 48.61,-0.34
MADHAV, EQ, 10-Jan-2024,86.95,88.5,91.2,82.75, 83.50,83.5,85.59,197694,169.2,2640, 102189, 51.69,-3.97
MADHAV, EQ, 10-Jan-2025,55.16,55.46,55.46,51.05,51.5,51.35,52.94,48207,25.52,1226, 21951, 45.53,-6.91
MADHAV, EQ, 10-Feb-2020,29.75,30.5,30.5,27.55, 27.55,28.3,28.72,7131,2.05,124, 3236, 45.38,-4.87
MADHAV, EQ, 10-Feb-2021,54.45,54.45,55.85,54.0,55.25,54.6,54.71,11311,6.19,144, 8243, 72.88,0.28
MADHAV, EQ, 10-Feb-2022,52.95,52.95,54.25,52.55,52.65,52.8,53.11,5712,3.03,80, 2970, 52.00,-0.28
MADHAV, EQ, 10-Feb-2023,42.5,42.55,43.2,41.75, 42.45,42.45,42.49,2415,1.03,118, 1585, 65.63,-0.12
MADHAV, EQ, 10-Feb-2025,46.5,45.12,47.85,44.04,44.52,45.2,45.73,10081,4.61,598, 2713, 26.91,-2.8
MADHAV, EQ, 10-Mar-2021,57.35,59.0,59.75,54.7, 56.75,56.3,56.55,75946,42.94,1143, 46123, 60.73,-1.83
MADHAV, EQ, 10-Mar-2022,54.75,54.25,56.2,54.1, 54.10,54.35,54.71,11356,6.21,243, 4970, 43.77,-0.73
MADHAV, EQ, 10-Mar-2023,38.6,38.05,38.65,37.7, 37.75,37.75,38.11,1104,0.42,58, 675, 61.14,-2.2
MADHAV, EQ, 10-Mar-2025,43.9,44.0,48.0,42.7,45.95,46.39,45.91,10948,5.03,281, 7181, 65.59,5.67
MADHAV, EQ, 10-Apr-2023,41.9,42.65,44.95,41.5, 42.15,42.25,43.05,40929,17.62,800, 11961, 29.22,0.84
MADHAV, EQ, 10-May-2021,48.35,48.55,49.2,48.1, 48.10,48.1,48.45,17351,8.41,217, 12449, 71.75,-0.52
MADHAV, EQ, 10-May-2022,50.95,52.2,52.2,50.55, 50.55,50.8,50.97,6394,3.26,106, 3732, 58.37,-0.29
MADHAV, EQ, 10-May-2023,42.55,42.6,42.9,42.0,42.0,42.0,42.23,10457,4.42,158, 7323, 70.03,-1.29
MADHAV, EQ, 10-Jun-2020,22.15,22.25,22.5,21.15, 22.50,22.1,21.96,5095,1.12,44, 3970, 77.92,-0.23
MADHAV, EQ, 10-Jun-2021,55.45,56.65,60.8,55.65, 59.75,60.0,59.14,223182,131.98,1914, 97981, 43.90,8.21
MADHAV, EQ, 10-Jun-2022,47.45,48.3,51.7,45.65,47.0,47.0,48.55,68318,33.17,1280, 15849, 23.20,-0.95
MADHAV, EQ, 10-Jul-2020,24.0,22.4,25.7,22.4,23.25,23.25,23.36,4793,1.12,66, 3079, 64.24,-3.12
MADHAV, EQ, 10-Jul-2023,42.65,43.5,43.7,42.1,42.15,42.75,42.84,6815,2.92,194, 3834, 56.26,0.23
MADHAV, EQ, 10-Aug-2020,22.8,23.6,24.45,22.8, 23.05,23.0,23.06,5211,1.2,52, 4061, 77.93,0.88
MADHAV, EQ, 10-Aug-2021,60.55,62.5,62.5,54.9, 55.70,56.15,57.64,47400,27.32,1339, 34992, 73.82,-7.27
MADHAV, EQ, 10-Aug-2022,55.5,56.4,59.7,51.55,52.5,52.05,55.16,229893,126.81,2764, 82306, 35.80,-6.22
MADHAV, EQ, 10-Aug-2023,45.2,45.25,46.75,45.25, 45.55,45.65,46.08,28698,13.22,343, 20019, 69.76,1.0
MADHAV, EQ, 10-Sep-2020,23.45,24.35,24.35,23.65, 24.20,24.2,23.8,274,0.07,5, 271, 98.91,3.2
MADHAV, EQ, 10-Sep-2024,56.86,58.31,58.97,56.21,57.88,56.69,57.4,16600,9.53,942, 5309, 31.98,-0.3
MADHAV, EQ, 10-Oct-2022,47.45,46.05,48.9,45.5, 45.50,46.05,46.52,44025,20.48,655, 27964, 63.52,-2.95
MADHAV, EQ, 10-Oct-2023,49.35,50.7,52.8,49.5, 51.80,51.8,51.71,80879,41.82,962, 33205, 41.06,4.96
MADHAV, EQ, 10-Oct-2024,53.69,55.0,55.0,52.08,53.3,53.39,53.48,3223,1.72,382, 1196, 37.11,-0.56
MADHAV, EQ, 10-Nov-2020,24.9,24.9,25.4,24.4, 24.50,24.5,24.79,4388,1.09,100, 3667, 83.57,-1.61
MADHAV, EQ, 10-Nov-2021,56.8,56.8,56.8,55.2, 55.20,56.05,56.06,4518,2.53,105, 3211, 71.07,-1.32
MADHAV, EQ, 10-Nov-2022,42.9,43.7,43.7,42.3, 42.80,42.65,42.76,7613,3.25,139, 4440, 58.32,-0.58
MADHAV, EQ, 10-Nov-2023,49.55,49.95,50.35,48.65,49.05,49.0,49.33,18611,9.18,412, 8627, 46.35,-1.11
MADHAV, EQ, 10-Dec-2020,31.15,31.4,32.7,31.05, 31.35,31.35,31.44,12280,3.86,115, 9146, 74.48,0.64
MADHAV, EQ, 10-Dec-2021,52.35,53.35,54.55,52.3, 53.90,53.95,53.52,11012,5.89,263, 6296, 57.17,3.06
MADHAV, EQ, 10-Dec-2024,61.38,61.38,63.7,59.0,61.3,59.84,61.35,72587,44.53,2668, 18060, 24.88,-2.51
MADHAV, EQ, 11-Jan-2021,53.15,55.8,57.8,53.1, 56.40,55.55,55.8,363231,202.7,2619, 177848, 48.96,4.52
MADHAV, EQ, 11-Jan-2022,59.3,58.15,60.5,56.75,57.6,57.8,58.72,41030,24.09,694, 11805, 28.77,-2.53
MADHAV, EQ, 11-Jan-2023,43.75,43.8,44.0,43.15, 43.20,43.4,43.79,4393,1.92,78, 3587, 81.65,-0.8
MADHAV, EQ, 11-Feb-2020,28.3,28.55,29.45,26.5, 26.90,26.75,27.3,8276,2.26,179, 6713, 81.11,-5.48
MADHAV, EQ, 11-Feb-2021,54.6,55.3,55.35,53.05,54.7,54.75,54.56,21229,11.58,199, 15544, 73.22,0.27
MADHAV, EQ, 11-Feb-2022,52.8,53.8,55.0,52.0,53.35,53.05,53.58,29092,15.59,465, 13536, 46.53,0.47
MADHAV, EQ, 11-Feb-2025,45.2,45.51,45.51,41.61,42.45,42.59,43.12,22876,9.87,640, 18946, 82.82,-5.77
MADHAV, EQ, 11-Mar-2020,28.05,30.0,30.0,26.55, 27.45,26.95,27.28,7793,2.13,147, 7167, 91.97,-3.92
MADHAV, EQ, 11-Mar-2022,54.35,56.25,56.25,53.5, 53.60,53.7,54.57,13252,7.23,316, 4946, 37.32,-1.2
MADHAV, EQ, 11-Mar-2025,46.39,45.95,45.95,42.5,42.55,42.81,43.46,23273,10.12,463, 16934, 72.76,-7.72
MADHAV, EQ, 11-Apr-2022,54.75,54.65,60.4,54.65,57.35,57.45,58.72,180222,105.83,1337, 69600, 38.62,4.93
MADHAV, EQ, 11-Apr-2023,42.25,42.15,42.45,41.45, 41.50,41.55,41.9,5561,2.33,139, 4055, 72.92,-1.66
MADHAV, EQ, 11-Apr-2025,40.9,40.9,44.89,40.0,40.05,40.49,42.47,130128,55.26,3887, 29832, 22.93,-1.0
MADHAV, EQ, 11-May-2020,19.35,19.35,19.65,18.4, 18.50,18.6,18.65,7653,1.43,54, 5050, 65.99,-3.88
MADHAV, EQ, 11-May-2021,48.1,48.15,57.0,47.75, 53.95,55.0,53.27,165350,88.08,1486, 66572, 40.26,14.35
MADHAV, EQ, 11-May-2022,50.8,51.75,51.75,48.75,49.0,49.4,50.15,10112,5.07,257, 6957, 68.80,-2.76
MADHAV, EQ, 11-May-2023,42.0,43.4,43.4,42.1, 42.25,42.6,42.5,10836,4.61,138, 7443, 68.69,1.43
MADHAV, EQ, 11-Jun-2020,22.1,21.25,22.45,21.15, 21.80,21.8,21.8,1967,0.43,28, 1716, 87.24,-1.36
MADHAV, EQ, 11-Jun-2021,60.0,60.8,61.8,58.15, 58.80,59.1,60.03,68007,40.82,1025, 33951, 49.92,-1.5
MADHAV, EQ, 11-Jul-2022,46.5,46.0,46.1,44.95,45.75,45.55,45.43,21748,9.88,311, 15932, 73.26,-2.04
MADHAV, EQ, 11-Jul-2023,42.75,42.8,46.8,42.3, 44.15,44.25,44.62,95576,42.65,1189, 42544, 44.51,3.51
MADHAV, EQ, 11-Aug-2020,23.0,22.95,23.5,21.55,22.85,22.85,22.48,9033,2.03,126, 5131, 56.80,-0.65
MADHAV, EQ, 11-Aug-2021,56.15,57.4,57.6,50.4, 54.00,54.45,53.0,59287,31.42,1310, 32624, 55.03,-3.03
MADHAV, EQ, 11-Aug-2022,52.05,52.05,53.7,50.5,51.25,51.5,52.07,30744,16.01,508, 15523, 50.49,-1.06
MADHAV, EQ, 11-Aug-2023,45.65,45.65,46.25,44.1, 45.25,44.9,44.93,10285,4.62,247, 7027, 68.32,-1.64
MADHAV, EQ, 11-Sep-2020,24.2,24.2,29.0,23.6, 29.00,28.9,27.72,101620,28.17,619, 30348, 29.86,19.42
MADHAV, EQ, 11-Sep-2023,48.5,49.35,49.95,48.5, 49.40,49.3,49.28,18741,9.24,331, 13402, 71.51,1.65
MADHAV, EQ, 11-Sep-2024,56.69,57.02,57.89,55.0,55.25,55.25,56.46,25812,14.57,1096, 10599, 41.06,-2.54
MADHAV, EQ, 11-Oct-2021,62.05,63.7,64.25,60.25, 63.85,63.8,62.65,72328,45.31,1134, 38048, 52.60,2.82
MADHAV, EQ, 11-Oct-2022,46.05,46.9,47.15,43.0, 43.50,43.5,44.49,35170,15.65,542, 25516, 72.55,-5.54
MADHAV, EQ, 11-Oct-2023,51.8,51.2,55.95,50.7, 54.50,54.4,54.41,321500,174.93,4160, 119884, 37.29,5.02
MADHAV, EQ, 11-Oct-2024,53.39,54.62,54.78,52.55,52.56,52.8,53.33,4469,2.38,330, 1583, 35.42,-1.11
MADHAV, EQ, 11-Nov-2020,24.5,24.55,25.45,24.55, 25.20,25.1,25.02,1351,0.34,31, 1246, 92.23,2.45
MADHAV, EQ, 11-Nov-2021,56.05,56.05,56.9,55.2, 56.50,56.1,55.94,4097,2.29,102, 2698, 65.85,0.09
MADHAV, EQ, 11-Nov-2022,42.65,44.1,45.0,42.0,42.9,43.45,43.38,19610,8.51,276, 10046, 51.23,1.88
MADHAV, EQ, 11-Nov-2024,52.85,52.85,53.59,50.04, 50.21,50.81,51.77,3321,1.72,170, 1744, 52.51,-3.86
MADHAV, EQ, 11-Dec-2020,31.35,31.55,33.5,31.35, 32.00,32.2,32.33,36212,11.71,181, 19302, 53.30,2.71
MADHAV, EQ, 11-Dec-2023,52.95,52.95,54.0,51.55, 53.25,52.85,53.44,37353,19.96,497, 25988, 69.57,-0.19
MADHAV, EQ, 11-Dec-2024,59.84,61.25,65.89,58.61,63.8,64.73,63.96,184279,117.87,3521, 48117, 26.11,8.17
MADHAV, EQ, 12-Jan-2021,55.55,55.8,55.8,54.05, 55.20,54.8,54.89,63422,34.81,603, 43015, 67.82,-1.35
MADHAV, EQ, 12-Jan-2022,57.8,57.55,59.7,56.7,58.6,58.15,58.44,35549,20.78,506, 12696, 35.71,0.61
MADHAV, EQ, 12-Jan-2023,43.4,43.4,43.7,43.0, 43.00,43.25,43.35,7308,3.17,160, 4922, 67.35,-0.35
MADHAV, EQ, 12-Feb-2020,26.75,26.95,29.4,26.05, 29.40,29.05,28.46,13726,3.91,422, 8747, 63.73,8.6
MADHAV, EQ, 12-Feb-2021,54.75,55.8,55.8,52.3,53.95,53.7,54.41,12135,6.6,142, 9018, 74.31,-1.92
MADHAV, EQ, 12-Feb-2025,42.59,44.4,44.86,41.0,42.8,43.21,42.37,18479,7.83,392, 6616, 35.80,1.46
MADHAV, EQ, 12-Mar-2020,26.95,24.65,27.7,24.5, 24.80,24.65,25.58,18663,4.77,200, 11085, 59.40,-8.53
MADHAV, EQ, 12-Mar-2021,56.3,57.0,58.1,54.0, 54.00,54.75,55.9,37633,21.04,692, 22012, 58.49,-2.75
MADHAV, EQ, 12-Mar-2025,42.81,43.1,43.11,41.6,42.02,42.28,42.28,3824,1.62,115, 2676, 69.98,-1.24
MADHAV, EQ, 12-Apr-2021,48.6,50.0,50.0,45.75, 46.40,46.35,46.65,10020,4.67,236, 7076, 70.62,-4.63
MADHAV, EQ, 12-Apr-2022,57.45,57.45,58.8,56.7, 57.60,58.1,58.12,28460,16.54,496, 20710, 72.77,1.13
MADHAV, EQ, 12-Apr-2023,41.55,41.9,42.7,41.1, 41.60,41.45,41.9,8908,3.73,297, 5304, 59.54,-0.24
MADHAV, EQ, 12-May-2020,18.6,18.5,18.5,17.75, 18.35,17.9,18.06,6852,1.24,52, 5188, 75.72,-3.76
MADHAV, EQ, 12-May-2021,55.0,55.0,55.0,50.0,51.0,51.0,52.31,45236,23.66,591, 25633, 56.67,-7.27
MADHAV, EQ, 12-May-2022,49.4,49.4,49.4,47.0,47.0,47.25,47.64,9197,4.38,157, 7259, 78.93,-4.35
MADHAV, EQ, 12-May-2023,42.6,42.95,42.95,42.0, 42.00,42.1,42.25,6326,2.67,91, 4975, 78.64,-1.17
MADHAV, EQ, 12-Jun-2020,21.8,20.2,22.7,20.2, 21.30,21.55,21.36,6963,1.49,54, 3297, 47.35,-1.15
MADHAV, EQ, 12-Jun-2023,42.9,43.7,43.75,42.45, 43.00,42.95,42.9,4783,2.05,122, 3522, 73.64,0.12
MADHAV, EQ, 12-Jul-2021,58.7,59.5,63.2,57.85, 63.20,62.3,61.48,265281,163.1,1904, 170442, 64.25,6.13
MADHAV, EQ, 12-Jul-2022,45.55,45.55,46.45,44.5,44.5,45.25,45.64,7622,3.48,189, 5257, 68.97,-0.66
MADHAV, EQ, 12-Jul-2023,44.25,44.15,44.9,44.0, 44.40,44.15,44.32,9438,4.18,159, 6651, 70.47,-0.23
MADHAV, EQ, 12-Aug-2020,22.85,22.8,24.0,22.2,23.85,23.5,23.19,5380,1.25,103, 3807, 70.76,2.84
MADHAV, EQ, 12-Aug-2021,54.45,54.0,64.4,54.0, 62.00,61.25,61.2,140892,86.23,4231, 48652, 34.53,12.49
MADHAV, EQ, 12-Aug-2022,51.5,50.6,52.85,50.5,51.5,50.75,51.26,10358,5.31,212, 6349, 61.30,-1.46
MADHAV, EQ, 12-Aug-2024,50.32,52.0,53.01,49.82,52.8,52.23,51.66,56039,28.95,1622, 31928, 56.97,3.8
MADHAV, EQ, 12-Sep-2022,52.5,53.5,54.65,52.3, 52.90,53.0,53.2,47813,25.44,500, 33019, 69.06,0.95
MADHAV, EQ, 12-Sep-2023,49.3,49.8,49.8,45.1, 45.10,45.4,46.55,51679,24.06,737, 32196, 62.30,-7.91
MADHAV, EQ, 12-Sep-2024,55.25,55.37,57.39,55.37,56.73,56.27,56.44,47884,27.03,977, 16003, 33.42,1.85
MADHAV, EQ, 12-Oct-2020,25.95,26.25,26.25,25.05, 25.10,25.35,25.4,1786,0.45,31, 1546, 86.56,-2.31
MADHAV, EQ, 12-Oct-2021,63.8,64.5,67.65,62.0, 62.90,62.8,64.4,64927,41.81,1797, 36813, 56.70,-1.57
MADHAV, EQ, 12-Oct-2022,43.5,44.3,44.65,41.75, 42.60,42.1,42.59,75334,32.08,991, 54753, 72.68,-3.22
MADHAV, EQ, 12-Oct-2023,54.4,55.9,55.9,52.9, 52.90,53.25,53.96,59697,32.21,943, 31646, 53.01,-2.11
MADHAV, EQ, 12-Nov-2020,25.1,25.45,27.3,25.0, 27.00,26.2,25.83,9750,2.52,89, 8184, 83.94,4.38
MADHAV, EQ, 12-Nov-2021,56.1,55.65,56.8,54.3, 55.00,55.75,55.98,9281,5.2,219, 6260, 67.45,-0.62
MADHAV, EQ, 12-Nov-2024,50.81,50.99,53.69,49.16,51.0,50.04,50.82,9624,4.89,264, 5443, 56.56,-1.52
MADHAV, EQ, 12-Dec-2022,45.05,45.5,45.5,43.25, 43.40,43.45,43.84,7264,3.18,160, 4154, 57.19,-3.55
MADHAV, EQ, 12-Dec-2023,52.85,53.45,54.6,53.0, 53.10,53.45,54.0,45140,24.38,378, 30702, 68.02,1.14
MADHAV, EQ, 12-Dec-2024,64.73,64.8,65.9,61.21,62.2,62.34,64.17,130627,83.82,2998, 40959, 31.36,-3.69
MADHAV, EQ, 13-Jan-2020,31.8,32.95,35.0,32.3, 34.50,34.3,33.98,19700,6.69,190, 15544, 78.90,7.86
MADHAV, EQ, 13-Jan-2021,54.8,54.95,57.5,52.7, 56.50,56.15,56.03,227956,127.73,1370, 167104, 73.31,2.46
MADHAV, EQ, 13-Jan-2022,58.15,59.5,59.75,56.3, 57.00,57.6,58.53,44460,26.02,888, 9607, 21.61,-0.95
MADHAV, EQ, 13-Jan-2023,43.25,43.2,43.4,42.25,43.0,42.85,42.88,4667,2.0,97, 3627, 77.72,-0.92
MADHAV, EQ, 13-Jan-2025,51.35,49.95,52.88,46.2,47.95,47.04,49.16,88674,43.59,1806, 31029, 34.99,-8.39
MADHAV, EQ, 13-Feb-2020,29.05,28.0,30.95,27.3, 30.25,29.9,29.02,2865,0.83,97, 1935, 67.54,2.93
MADHAV, EQ, 13-Feb-2023,42.45,40.8,41.75,40.25,41.5,41.0,40.79,13333,5.44,238, 8323, 62.42,-3.42
MADHAV, EQ, 13-Feb-2025,43.21,45.84,45.84,41.63,42.01,42.85,43.66,30525,13.33,1714, 2261, 7.41,-0.83
MADHAV, EQ, 13-Mar-2020,24.65,22.25,27.0,22.25, 25.45,25.5,24.49,8436,2.07,54, 5876, 69.65,3.45
MADHAV, EQ, 13-Mar-2023,37.75,37.45,38.45,37.3, 38.35,38.05,38.01,8625,3.28,179, 6867, 79.62,0.79
MADHAV, EQ, 13-Mar-2025,42.28,44.49,44.5,41.5,42.97,42.19,42.89,2997,1.29,120, 2020, 67.40,-0.21
MADHAV, EQ, 13-Apr-2020,19.65,19.65,19.65,19.65, 19.65,19.65,19.65,120,0.02,3,120,100.0,0.0
MADHAV, EQ, 13-Apr-2021,46.35,49.45,51.35,46.2, 49.80,49.0,49.57,32079,15.9,391, 18099, 56.42,5.72
MADHAV, EQ, 13-Apr-2022,58.1,56.25,64.5,56.25,58.35,57.9,60.32,163325,98.52,2591, 58448, 35.79,-0.34
MADHAV, EQ, 13-Apr-2023,41.45,43.7,43.75,40.0, 40.80,40.4,41.37,7935,3.28,151, 3876, 48.85,-2.53
MADHAV, EQ, 13-May-2020,17.9,17.9,18.7,17.35,18.05,18.65,18.06,6412,1.16,46, 4790, 74.70,4.19
MADHAV, EQ, 13-May-2022,47.25,51.5,51.5,46.15,46.3,47.25,48.8,5305,2.59,186, 2748, 51.80,0.0
MADHAV, EQ, 13-Jun-2022,47.0,47.1,48.2,45.4,46.0,46.1,46.36,34774,16.12,694, 15351, 44.15,-1.91
MADHAV, EQ, 13-Jun-2023,42.95,43.75,43.75,42.35, 43.30,43.2,43.24,6890,2.98,160, 4570, 66.33,0.58
MADHAV, EQ, 13-Jul-2020,23.25,22.2,25.4,22.2, 24.30,23.7,23.53,20347,4.79,128, 2152, 10.58,1.94
MADHAV, EQ, 13-Jul-2021,62.3,63.45,72.7,63.45, 67.00,67.45,69.21,1543302,1068.13,17917, 499318, 32.35,8.27
MADHAV, EQ, 13-Jul-2022,45.25,45.8,46.1,44.2,44.2,44.7,45.06,9670,4.36,160, 7775, 80.40,-1.22
MADHAV, EQ, 13-Jul-2023,44.15,44.95,45.75,43.55, 43.85,43.7,44.63,23980,10.7,306, 16086, 67.08,-1.02
MADHAV, EQ, 13-Aug-2020,23.5,24.0,24.0,22.3, 22.65,23.1,23.13,11971,2.77,131, 7768, 64.89,-1.7
MADHAV, EQ, 13-Aug-2021,61.25,61.5,62.0,58.95,61.3,60.6,60.53,38104,23.06,971, 25031, 65.69,-1.06
MADHAV, EQ, 13-Aug-2024,52.23,52.98,55.89,50.2,50.5,52.39,53.41,216370,115.57,2688, 58994, 27.27,0.31
MADHAV, EQ, 13-Sep-2021,56.8,58.95,58.95,55.6, 56.50,56.35,57.0,12207,6.96,252, 7851, 64.32,-0.79
MADHAV, EQ, 13-Sep-2022,53.0,54.05,54.05,51.9, 51.90,52.0,52.27,33612,17.57,454, 27180, 80.86,-1.89
MADHAV, EQ, 13-Sep-2023,45.4,44.75,46.6,44.75, 46.35,46.25,46.03,10105,4.65,205, 5939, 58.77,1.87
MADHAV, EQ, 13-Sep-2024,56.27,58.02,58.02,55.41,55.89,56.06,56.53,15355,8.68,586, 7307, 47.59,-0.37
MADHAV, EQ, 13-Oct-2020,25.35,25.05,26.2,25.05, 25.05,25.15,25.27,1613,0.41,25, 933, 57.84,-0.79
MADHAV, EQ, 13-Oct-2021,62.8,64.85,64.85,60.35,61.4,60.9,61.7,47317,29.2,937, 29238, 61.79,-3.03
MADHAV, EQ, 13-Oct-2022,42.1,42.6,43.0,39.55,40.05,40.1,40.53,89284,36.19,1102, 53238, 59.63,-4.75
MADHAV, EQ, 13-Oct-2023,53.25,53.0,53.5,51.95, 52.00,52.25,52.56,30043,15.79,433, 20591, 68.54,-1.88
MADHAV, EQ, 13-Nov-2020,26.2,26.0,26.95,25.45,26.2,26.65,26.34,22003,5.8,358, 8649, 39.31,1.72
MADHAV, EQ, 13-Nov-2023,49.5,49.0,50.8,48.85, 50.35,50.2,49.62,20512,10.18,589, 6744, 32.88,1.41
MADHAV, EQ, 13-Nov-2024,50.04,51.01,51.01,47.1,47.1,47.28,48.15,11113,5.35,304, 7615, 68.52,-5.52
MADHAV, EQ, 13-Dec-2021,53.95,54.3,54.85,53.05,54.0,53.4,53.93,7808,4.21,107, 6335, 81.13,-1.02
MADHAV, EQ, 13-Dec-2022,43.45,44.25,46.9,43.7, 44.10,44.5,45.36,28592,12.97,337, 18952, 66.28,2.42
MADHAV, EQ, 13-Dec-2023,53.45,53.9,55.4,53.55, 54.40,54.3,54.45,47965,26.12,500, 30707, 64.02,1.59
MADHAV, EQ, 13-Dec-2024,62.34,61.6,63.95,60.51,63.1,63.11,62.33,56043,34.93,1947, 22400, 39.97,1.24
MADHAV, EQ, 14-Jan-2020,34.3,35.0,41.15,34.15, 38.00,38.05,39.08,111140,43.43,1378, 39539, 35.58,10.93
MADHAV, EQ, 14-Jan-2021,56.15,56.5,58.4,54.2, 54.80,55.05,55.59,90837,50.5,767, 66228, 72.91,-1.96
MADHAV, EQ, 14-Jan-2022,57.6,57.3,59.1,57.0, 57.25,57.4,57.83,38415,22.22,652, 9681, 25.20,-0.35
MADHAV, EQ, 14-Jan-2025,47.04,47.04,48.89,47.04,48.0,48.17,47.94,10969,5.26,415, 6032, 54.99,2.4
MADHAV, EQ, 14-Feb-2020,29.9,30.2,30.7,29.0, 30.65,30.05,29.55,725,0.21,31, 427, 58.90,0.5
MADHAV, EQ, 14-Feb-2022,53.05,52.5,52.5,48.65,51.55,51.5,51.1,20733,10.59,257, 15075, 72.71,-2.92
MADHAV, EQ, 14-Feb-2023,41.0,43.0,43.0,39.4,40.15,40.25,40.51,5657,2.29,130, 4042, 71.45,-1.83
MADHAV, EQ, 14-Feb-2025,42.85,43.81,44.44,41.2,42.94,42.76,42.45,25957,11.02,1478, 3105, 11.96,-0.21
MADHAV, EQ, 14-Mar-2022,53.7,56.25,56.25,50.55,51.15,51.65,52.93,60983,32.28,707, 21078, 34.56,-3.82
MADHAV, EQ, 14-Mar-2023,38.05,38.0,38.6,37.5, 38.25,38.25,38.02,5348,2.03,49, 4064, 75.99,0.53
MADHAV, EQ, 14-May-2020,18.65,18.0,18.5,17.75,17.85,17.85,17.96,13463,2.42,73, 10338, 76.79,-4.29
MADHAV, EQ, 14-May-2021,51.0,52.8,53.8,49.5, 49.50,50.15,51.31,35171,18.05,987, 21558, 61.29,-1.67
MADHAV, EQ, 14-Jun-2021,59.1,58.4,60.9,56.1, 59.90,59.65,59.63,75177,44.83,978, 32651, 43.43,0.93
MADHAV, EQ, 14-Jun-2022,46.1,45.5,47.85,45.5, 46.25,46.0,46.37,47792,22.16,560, 32985, 69.02,-0.22
MADHAV, EQ, 14-Jun-2023,43.2,43.1,45.85,42.65, 44.65,45.1,44.66,71150,31.77,846, 39870, 56.04,4.4
MADHAV, EQ, 14-Jul-2020,23.7,24.35,24.35,22.7,23.5,23.5,23.53,10371,2.44,65, 1614, 15.56,-0.84
MADHAV, EQ, 14-Jul-2021,67.45,67.5,67.5,64.55, 65.85,65.35,66.14,92797,61.38,2431, 55773, 60.10,-3.11
MADHAV, EQ, 14-Jul-2022,44.7,45.55,49.05,44.1, 46.95,46.95,47.43,74907,35.53,1031, 32715, 43.67,5.03
MADHAV, EQ, 14-Jul-2023,43.7,43.8,43.8,40.55,42.9,42.7,42.61,17717,7.55,239, 10065, 56.81,-2.29
MADHAV, EQ, 14-Aug-2020,23.1,23.2,24.0,22.85, 23.75,23.5,23.45,3996,0.94,85, 2942, 73.62,1.73
MADHAV, EQ, 14-Aug-2023,44.9,44.25,44.25,42.55, 42.90,42.95,43.16,45841,19.79,603, 21498, 46.90,-4.34
MADHAV, EQ, 14-Aug-2024,52.39,51.25,54.78,48.45,51.15,52.09,52.13,146141,76.19,2262, 50676, 34.68,-0.57
MADHAV, EQ, 14-Sep-2020,28.9,30.0,31.8,29.5,30.15,30.0,30.71,129081,39.65,1289, 54481, 42.21,3.81
MADHAV, EQ, 14-Sep-2021,56.35,57.1,57.35,56.0, 56.00,56.1,56.55,10391,5.88,242, 6620, 63.71,-0.44
MADHAV, EQ, 14-Sep-2022,52.0,52.0,53.95,52.0,52.1,52.25,52.4,25013,13.11,186, 19439, 77.72,0.48
MADHAV, EQ, 14-Sep-2023,46.25,46.9,48.25,46.15, 47.25,47.05,47.16,15623,7.37,264, 6154, 39.39,1.73
MADHAV, EQ, 14-Oct-2020,25.15,25.15,26.35,24.1, 25.00,25.0,25.19,2465,0.62,24, 2233, 90.59,-0.6
MADHAV, EQ, 14-Oct-2021,60.9,62.15,62.15,60.3,60.7,61.1,61.2,20475,12.53,415, 14111, 68.92,0.33
MADHAV, EQ, 14-Oct-2022,40.1,40.8,42.45,39.55, 40.35,39.95,40.61,60499,24.57,666, 39084, 64.60,-0.37
MADHAV, EQ, 14-Oct-2024,52.8,52.86,54.19,52.7,53.42,54.03,53.81,5664,3.05,159, 4649, 82.08,2.33
MADHAV, EQ, 14-Nov-2022,43.45,42.0,42.5,41.55,41.9,41.85,42.02,13721,5.77,247, 8659, 63.11,-3.68
MADHAV, EQ, 14-Nov-2024,47.28,49.99,49.99,42.65, 44.25,44.72,45.21,28670,12.96,771, 14996, 52.31,-5.41
MADHAV, EQ, 14-Dec-2020,32.2,32.75,33.35,32.0,32.35,32.6,32.72,36478,11.93,233, 29914, 82.01,1.24
MADHAV, EQ, 14-Dec-2021,53.4,53.4,56.2,52.5,55.0,55.35,54.46,34883,19.0,427, 22966, 65.84,3.65
MADHAV, EQ, 14-Dec-2022,44.5,45.35,45.95,44.15, 44.85,44.45,45.0,18797,8.46,278, 11548, 61.44,-0.11
MADHAV, EQ, 14-Dec-2023,54.3,55.35,56.35,52.15, 54.15,53.35,54.72,128876,70.52,1061, 59551, 46.21,-1.75
MADHAV, EQ, 15-Jan-2020,38.05,38.9,38.9,35.25, 37.40,37.0,37.13,9549,3.55,222, 4417, 46.26,-2.76
MADHAV, EQ, 15-Jan-2021,55.05,54.7,57.05,54.5,56.05,56.15,55.69,108259,60.29,959, 81057, 74.87,2.0
MADHAV, EQ, 15-Jan-2025,48.17,49.08,52.99,47.87,51.0,51.15,51.1,52971,27.07,1616, 10927, 20.63,6.19
MADHAV, EQ, 15-Feb-2021,53.7,55.0,55.05,51.45, 52.75,52.6,53.65,79708,42.77,878, 44009, 55.21,-2.05
MADHAV, EQ, 15-Feb-2022,51.5,51.7,53.55,49.3,50.6,50.95,50.45,6867,3.46,182, 3960, 57.67,-1.07
MADHAV, EQ, 15-Feb-2023,40.25,40.4,41.8,39.35, 40.00,39.8,40.26,11172,4.5,219, 7912, 70.82,-1.12
MADHAV, EQ, 15-Mar-2021,54.75,56.0,56.95,52.45, 52.85,52.85,53.64,30999,16.63,610, 18714, 60.37,-3.47
MADHAV, EQ, 15-Mar-2022,51.65,51.25,52.45,49.8,50.25,50.65,51.39,21720,11.16,493, 8874, 40.86,-1.94
MADHAV, EQ, 15-Mar-2023,38.25,38.25,45.4,37.8, 42.35,42.05,42.96,274974,118.13,3048, 74219, 26.99,9.93
MADHAV, EQ, 15-Apr-2020,19.65,19.65,20.6,19.05, 20.60,20.1,20.04,735,0.15,23, 495, 67.35,2.29
MADHAV, EQ, 15-Apr-2021,49.0,48.85,48.9,47.25,47.3,47.55,47.83,11809,5.65,341, 5405, 45.77,-2.96
MADHAV, EQ, 15-Apr-2025,40.49,41.36,42.58,40.35,42.35,41.27,41.72,9176,3.83,295, 4731, 51.56,1.93
MADHAV, EQ, 15-May-2020,17.85,18.1,18.7,18.1,18.7,18.65,18.45,2333,0.43,31, 1763, 75.57,4.48
MADHAV, EQ, 15-May-2023,42.1,42.7,42.7,41.35, 41.50,41.55,41.97,11319,4.75,227, 8670, 76.60,-1.31
MADHAV, EQ, 15-Jun-2020,21.55,20.1,22.3,20.1,21.0,22.0,21.62,2838,0.61,24, 2550, 89.85,2.09
MADHAV, EQ, 15-Jun-2021,59.65,61.0,61.0,58.0, 58.30,58.35,59.25,24020,14.23,440, 16339, 68.02,-2.18
MADHAV, EQ, 15-Jun-2022,46.0,46.25,47.95,45.7, 46.00,46.1,46.66,27553,12.86,367, 18342, 66.57,0.22
MADHAV, EQ, 15-Jun-2023,45.1,45.1,46.5,44.0, 44.45,44.2,45.34,40315,18.28,587, 22923, 56.86,-2.0
MADHAV, EQ, 15-Jul-2020,23.5,23.25,23.65,22.65,23.1,23.05,23.13,1845,0.43,28, 1528, 82.82,-1.91
MADHAV, EQ, 15-Jul-2021,65.35,66.6,70.4,63.0, 67.00,68.05,67.29,193661,130.31,3316, 106338, 54.91,4.13
MADHAV, EQ, 15-Jul-2022,46.95,47.5,48.95,45.6,46.1,46.35,46.48,8231,3.83,215, 4606, 55.96,-1.28
MADHAV, EQ, 15-Jul-2024,48.49,49.0,50.44,48.01,49.7,49.65,49.46,69898,34.57,654, 38427, 54.98,2.39
MADHAV, EQ, 15-Sep-2020,30.0,30.2,31.0,27.65, 28.00,28.9,29.37,21106,6.2,256, 11809, 55.95,-3.67
MADHAV, EQ, 15-Sep-2021,56.1,57.2,57.95,55.75, 56.20,56.6,56.59,12360,7.0,328, 7903, 63.94,0.89
MADHAV, EQ, 15-Sep-2022,52.25,53.1,53.9,50.8,51.55,51.85,52.16,95213,49.66,786, 52948, 55.61,-0.77
MADHAV, EQ, 15-Sep-2023,47.05,47.85,47.85,46.1, 46.10,46.25,46.61,10449,4.87,374, 4786, 45.80,-1.7
MADHAV, EQ, 15-Oct-2020,25.0,25.9,25.9,23.05, 24.00,23.75,24.08,4332,1.04,83, 3261, 75.28,-5.0
MADHAV, EQ, 15-Oct-2024,54.03,53.98,54.24,52.1,52.1,53.06,53.86,2906,1.57,118, 2439, 83.93,-1.8
MADHAV, EQ, 15-Nov-2021,55.75,55.1,55.7,54.2, 54.55,54.8,54.67,11926,6.52,280, 8104, 67.95,-1.7
MADHAV, EQ, 15-Nov-2022,41.85,41.6,41.9,40.25, 40.70,40.6,40.99,22006,9.02,333, 15911, 72.30,-2.99
MADHAV, EQ, 15-Nov-2023,50.2,51.5,51.5,49.1, 49.50,49.45,49.9,18377,9.17,730, 5193, 28.26,-1.49
MADHAV, EQ, 15-Dec-2020,32.6,33.0,33.55,32.1,33.0,32.5,32.87,18369,6.04,136, 12699, 69.13,-0.31
MADHAV, EQ, 15-Dec-2021,55.35,55.95,55.95,54.2, 55.00,55.0,55.12,12821,7.07,140, 8407, 65.57,-0.63
MADHAV, EQ, 15-Dec-2022,44.45,44.45,44.95,43.8, 43.80,44.05,44.26,7322,3.24,165, 2911, 39.76,-0.9
MADHAV, EQ, 15-Dec-2023,53.35,54.5,55.85,52.75, 55.00,55.15,54.82,80146,43.94,654, 35481, 44.27,3.37
MADHAV, EQ, 16-Jan-2020,37.0,38.0,38.0,36.0, 36.60,36.7,36.75,3926,1.44,101, 3075, 78.32,-0.81
MADHAV, EQ, 16-Jan-2023,42.85,42.7,47.2,41.65, 44.90,44.7,44.75,58240,26.06,921, 18223, 31.29,4.32
MADHAV, EQ, 16-Jan-2025,51.15,49.59,53.79,49.59,52.7,52.29,52.22,10902,5.69,420, 3386, 31.06,2.23
MADHAV, EQ, 16-Feb-2021,52.6,52.6,52.8,51.5, 51.80,52.0,52.08,18258,9.51,155, 16541, 90.60,-1.14
MADHAV, EQ, 16-Feb-2022,50.95,51.0,52.8,50.75,51.05,51.2,51.71,7369,3.81,189, 1832, 24.86,0.49
MADHAV, EQ, 16-Feb-2023,39.8,40.5,40.5,39.75, 40.05,40.0,40.02,2155,0.86,58, 1419, 65.85,0.5
MADHAV, EQ, 16-Mar-2020,25.5,23.55,26.5,23.55, 26.45,25.85,24.88,6882,1.71,41, 4519, 65.66,1.37
MADHAV, EQ, 16-Mar-2021,52.85,54.0,57.15,53.3, 54.55,54.75,55.22,119510,66.0,3055, 46817, 39.17,3.6
MADHAV, EQ, 16-Mar-2022,50.65,52.0,53.7,51.5,52.0,51.6,52.68,17682,9.31,389, 5868, 33.19,1.88
MADHAV, EQ, 16-Mar-2023,42.05,42.4,43.8,40.25, 40.55,41.2,41.66,76496,31.86,1100, 27869, 36.43,-2.02
MADHAV, EQ, 16-Apr-2020,20.1,20.6,21.0,19.2, 19.50,19.3,19.6,4432,0.87,160, 3856, 87.00,-3.98
MADHAV, EQ, 16-Apr-2021,47.55,49.1,49.15,46.65,46.95,47.0,47.91,4249,2.04,102, 3228, 75.97,-1.16
MADHAV, EQ, 16-Apr-2025,41.27,41.32,41.99,41.0,41.25,41.27,41.48,5156,2.14,269, 3943, 76.47,0.0
MADHAV, EQ, 16-May-2022,47.25,49.3,50.95,47.8,47.8,48.85,49.35,4603,2.27,126, 2815, 61.16,3.39
MADHAV, EQ, 16-May-2023,41.55,42.0,42.3,41.1,41.1,41.45,41.74,9944,4.15,207, 6944, 69.83,-0.24
MADHAV, EQ, 16-Jun-2020,22.0,21.15,22.65,21.15, 22.45,22.45,22.32,235,0.05,6, 170, 72.34,2.05
MADHAV, EQ, 16-Jun-2021,58.35,59.95,59.95,57.0, 57.65,57.7,57.86,24096,13.94,447, 14285, 59.28,-1.11
MADHAV, EQ, 16-Jun-2022,46.1,47.8,47.8,45.15, 45.15,45.2,46.06,12597,5.8,346, 4976, 39.50,-1.95
MADHAV, EQ, 16-Jun-2023,44.2,44.95,45.0,43.55, 44.50,44.4,44.5,26645,11.86,372, 14220, 53.37,0.45
MADHAV, EQ, 16-Jul-2020,23.05,22.3,22.95,22.2, 22.20,22.4,22.45,5026,1.13,75, 3658, 72.78,-2.82
MADHAV, EQ, 16-Jul-2021,68.05,68.9,69.8,66.8, 67.00,67.5,68.37,120462,82.35,3505, 61234, 50.83,-0.81
MADHAV, EQ, 16-Jul-2024,49.65,51.49,51.49,49.0,49.5,49.37,49.63,7091,3.52,282, 4335, 61.13,-0.56
MADHAV, EQ, 16-Aug-2021,60.6,60.2,60.95,57.45,58.0,58.3,58.37,18729,10.93,741, 11958, 63.85,-3.8
MADHAV, EQ, 16-Aug-2022,50.75,51.0,52.55,49.0,52.0,51.45,51.51,17063,8.79,331, 9728, 57.01,1.38
MADHAV, EQ, 16-Aug-2023,42.95,43.6,43.6,42.25, 42.60,42.75,42.72,21524,9.2,321, 12064, 56.05,-0.47
MADHAV, EQ, 16-Aug-2024,52.09,52.5,57.29,51.0,57.29,57.29,56.41,226801,127.94,1699, 118335, 52.18,9.98
MADHAV, EQ, 16-Sep-2020,28.9,28.05,28.95,27.35,28.0,28.1,27.92,17087,4.77,145, 8529, 49.92,-2.77
MADHAV, EQ, 16-Sep-2021,56.6,56.6,58.0,55.25,57.1,56.1,56.72,14738,8.36,253, 7905, 53.64,-0.88
MADHAV, EQ, 16-Sep-2022,51.85,52.25,52.3,49.6, 51.00,51.0,51.01,21702,11.07,265, 16459, 75.84,-1.64
MADHAV, EQ, 16-Sep-2024,56.06,57.02,57.7,55.22,56.33,55.95,56.19,15568,8.75,904, 7290, 46.83,-0.2
MADHAV, EQ, 16-Oct-2020,23.75,25.4,25.4,23.85, 24.35,24.6,24.71,1858,0.46,21, 952, 51.24,3.58
MADHAV, EQ, 16-Oct-2023,52.25,52.05,57.0,52.05, 54.30,54.3,55.25,199805,110.4,2314, 78653, 39.36,3.92
MADHAV, EQ, 16-Oct-2024,53.06,53.9,53.99,53.07,53.1,53.41,53.66,4033,2.16,139, 1798, 44.58,0.66
MADHAV, EQ, 16-Nov-2021,54.8,54.6,56.15,52.25, 52.40,53.8,54.32,16470,8.95,202, 11624, 70.58,-1.82
MADHAV, EQ, 16-Nov-2022,40.6,41.15,41.9,39.9, 40.40,40.25,40.5,24580,9.95,431, 10825, 44.04,-0.86
MADHAV, EQ, 16-Nov-2023,49.45,50.55,52.0,49.8, 51.45,51.15,51.13,54632,27.93,1030, 28314, 51.83,3.44
MADHAV, EQ, 16-Dec-2020,32.5,33.5,39.0,32.25, 39.00,39.0,37.78,250788,94.75,1441, 88331, 35.22,20.0
MADHAV, EQ, 16-Dec-2021,55.0,55.0,55.8,53.15, 53.85,54.35,54.69,17568,9.61,295, 7966, 45.34,-1.18
MADHAV, EQ, 16-Dec-2022,44.05,44.1,44.95,42.4, 43.00,43.05,43.48,12245,5.32,272, 6156, 50.27,-2.27
MADHAV, EQ, 16-Dec-2024,63.11,63.99,64.33,61.66,62.25,62.67,62.93,33115,20.84,1289, 13704, 41.38,-0.7
MADHAV, EQ, 17-Jan-2020,36.7,35.1,38.8,35.1, 36.15,36.2,36.79,9904,3.64,218, 5935, 59.93,-1.36
MADHAV, EQ, 17-Jan-2022,57.4,58.5,58.9,57.1,58.5,58.45,58.09,40994,23.81,978, 9922, 24.20,1.83
MADHAV, EQ, 17-Jan-2023,44.7,44.7,46.8,43.35,44.1,44.3,45.3,80878,36.64,1058, 21339, 26.38,-0.89
MADHAV, EQ, 17-Jan-2025,52.29,51.85,53.7,51.01,51.3,51.57,52.23,15450,8.07,937, 5507, 35.64,-1.38
MADHAV, EQ, 17-Feb-2020,30.05,27.05,32.65,27.05, 30.00,30.0,30.23,8545,2.58,109, 7146, 83.63,-0.17
MADHAV, EQ, 17-Feb-2021,52.0,51.9,52.0,51.2, 51.20,51.3,51.48,15397,7.93,136, 10276, 66.74,-1.35
MADHAV, EQ, 17-Feb-2022,51.2,51.1,51.85,50.2,51.35,50.9,50.97,5394,2.75,91, 3492, 64.74,-0.59
MADHAV, EQ, 17-Feb-2023,40.0,40.4,40.5,39.6, 40.45,40.2,40.24,2096,0.84,44, 1336, 63.74,0.5
MADHAV, EQ, 17-Feb-2025,42.76,44.98,44.98,41.05,42.16,42.97,42.44,9669,4.1,567, 4106, 42.47,0.49
MADHAV, EQ, 17-Mar-2020,25.85,27.0,27.0,23.35, 23.65,23.7,24.16,4239,1.02,91, 2071, 48.86,-8.32
MADHAV, EQ, 17-Mar-2021,54.75,55.9,56.15,52.1,53.4,52.8,54.04,25781,13.93,853, 12425, 48.19,-3.56
MADHAV, EQ, 17-Mar-2022,51.6,51.7,52.95,51.4, 52.15,51.9,51.98,17678,9.19,408, 7779, 44.00,0.58
MADHAV, EQ, 17-Mar-2023,41.2,41.0,41.95,40.05, 40.20,40.2,40.35,10919,4.41,159, 8266, 75.70,-2.43
MADHAV, EQ, 17-Mar-2025,42.19,40.46,42.19,37.62,37.62,39.44,40.22,6468,2.6,216, 3791, 58.61,-6.52
MADHAV, EQ, 17-Apr-2020,19.3,19.5,20.25,19.5, 20.25,20.25,19.97,1729,0.35,24, 1698, 98.21,4.92
MADHAV, EQ, 17-Apr-2023,40.4,41.15,41.15,38.65, 39.80,39.65,39.82,5265,2.1,153, 4207, 79.91,-1.86
MADHAV, EQ, 17-Apr-2025,41.27,41.66,42.88,41.66,42.39,42.37,42.12,6507,2.74,299, 5193, 79.81,2.67
MADHAV, EQ, 17-May-2021,50.15,49.6,51.8,49.5,50.9,50.65,50.49,34361,17.35,685, 19619, 57.10,1.0
MADHAV, EQ, 17-May-2022,48.85,49.75,55.95,48.0, 52.30,52.45,53.36,72746,38.81,999, 18355, 25.23,7.37
MADHAV, EQ, 17-May-2023,41.45,42.0,42.0,40.7, 40.70,41.1,41.55,3675,1.53,77, 2561, 69.69,-0.84
MADHAV, EQ, 17-Jun-2020,22.45,22.45,22.45,21.3,21.3,21.35,21.54,1000,0.22,22, 946, 94.60,-4.9
MADHAV, EQ, 17-Jun-2021,57.7,56.95,57.8,55.95, 57.10,57.45,57.13,33107,18.91,857, 13648, 41.22,-0.43
MADHAV, EQ, 17-Jun-2022,45.2,45.15,45.95,42.6,42.8,43.4,43.87,5653,2.48,135, 3314, 58.62,-3.98
MADHAV, EQ, 17-Jul-2020,22.4,22.5,23.2,22.5, 22.95,22.95,22.7,170,0.04,9, 110, 64.71,2.46
MADHAV, EQ, 17-Jul-2023,42.7,42.75,43.65,42.35,43.0,42.7,42.89,7084,3.04,152, 5800, 81.87,0.0
MADHAV, EQ, 16-Jul-2024,49.65,51.49,51.49,49.0,49.5,49.37,49.63,7091,3.52,282, 4335, 61.13,-0.56
MADHAV, EQ, 17-Aug-2020,23.5,23.5,23.5,22.9, 23.40,23.4,23.35,1722,0.4,30, 929, 53.95,-0.43
MADHAV, EQ, 17-Aug-2021,58.3,58.45,58.8,56.15,56.5,57.05,57.78,12974,7.5,394, 10466, 80.67,-2.14
MADHAV, EQ, 17-Aug-2022,51.45,52.0,52.25,50.75, 51.60,51.9,51.75,19991,10.35,246, 13986, 69.96,0.87
MADHAV, EQ, 17-Aug-2023,42.75,42.65,43.5,42.15, 42.70,42.55,42.68,34809,14.86,758, 7244, 20.81,-0.47
MADHAV, EQ, 17-Sep-2020,28.1,27.4,29.7,27.4, 27.90,27.95,28.28,7976,2.26,98, 5920, 74.22,-0.53
MADHAV, EQ, 17-Sep-2021,56.1,56.35,57.25,54.3, 56.85,56.0,55.91,10403,5.82,263, 6490, 62.39,-0.18
MADHAV, EQ, 17-Sep-2024,55.95,55.53,57.4,55.53,56.56,56.38,56.45,14987,8.46,515, 8580, 57.25,0.77
MADHAV, EQ, 17-Oct-2022,39.95,40.6,41.2,39.6,40.05,40.0,40.39,21962,8.87,270, 15168, 69.06,0.13
MADHAV, EQ, 17-Oct-2023,54.3,55.25,56.85,53.25,53.7,53.75,54.54,46258,25.23,482, 26243, 56.73,-1.01
MADHAV, EQ, 17-Oct-2024,53.41,53.0,54.47,51.41,51.61,51.99,52.8,7311,3.86,373, 4154, 56.82,-2.66
MADHAV, EQ, 17-Nov-2020,27.35,26.35,28.4,26.15, 27.00,27.55,27.51,8581,2.36,157, 7110, 82.86,0.73
MADHAV, EQ, 17-Nov-2021,53.8,53.0,55.5,53.0, 53.95,53.3,53.95,23994,12.94,467, 13899, 57.93,-0.93
MADHAV, EQ, 17-Nov-2022,40.25,40.0,40.8,39.8, 40.55,40.0,40.28,5975,2.41,140, 3809, 63.75,-0.62
MADHAV, EQ, 17-Nov-2023,51.15,51.9,51.9,50.4, 51.50,51.3,51.28,18652,9.56,774, 6594, 35.35,0.29
MADHAV, EQ, 17-Dec-2020,39.0,43.35,45.8,40.3, 43.35,41.75,44.2,509021,224.97,3762, 194799, 38.27,7.05
MADHAV, EQ, 17-Dec-2021,54.35,54.9,58.0,52.6, 54.20,54.4,55.89,37047,20.7,434, 12626, 34.08,0.09
MADHAV, EQ, 17-Dec-2024,62.67,62.15,65.98,62.13,63.4,63.49,64.39,141122,90.86,1992, 40971, 29.03,1.31
MADHAV, EQ, 18-Jan-2021,56.15,56.1,56.7,55.0, 55.50,55.8,55.95,61687,34.51,529, 43085, 69.84,-0.62
MADHAV, EQ, 18-Jan-2022,58.45,59.45,59.45,56.55, 56.55,57.0,58.2,38274,22.27,753, 12968, 33.88,-2.48
MADHAV, EQ, 18-Jan-2023,44.3,44.0,45.1,44.0,44.25,44.1,44.51,3558,1.58,118, 2099, 58.99,-0.45
MADHAV, EQ, 18-Feb-2020,30.0,30.0,30.95,29.6, 30.10,30.25,30.27,5797,1.75,67, 4255, 73.40,0.83
MADHAV, EQ, 18-Feb-2021,51.3,51.1,58.5,50.1,57.0,55.55,54.31,111310,60.45,795, 53651, 48.20,8.28
MADHAV, EQ, 18-Feb-2022,50.9,50.9,55.8,50.5,50.6,51.2,53.26,27190,14.48,405, 7245, 26.65,0.59
MADHAV, EQ, 18-Feb-2025,42.97,43.71,44.08,41.1,43.45,42.79,42.37,9215,3.9,398, 5066, 54.98,-0.42
MADHAV, EQ, 18-Mar-2020,23.7,23.0,23.95,22.1, 22.15,22.2,22.68,725,0.16,24, 484, 66.76,-6.33
MADHAV, EQ, 18-Mar-2021,52.8,53.1,54.6,52.15, 52.15,52.95,53.4,17848,9.53,266, 10393, 58.23,0.28
MADHAV, EQ, 18-Mar-2025,39.44,40.99,40.99,39.5,40.15,40.17,40.18,4678,1.88,170, 2902, 62.04,1.85
MADHAV, EQ, 18-Apr-2022,57.9,57.9,58.9,56.0, 58.75,58.5,57.91,25834,14.96,398, 17313, 67.02,1.04
MADHAV, EQ, 18-Apr-2023,39.65,39.65,42.85,39.65, 42.05,42.05,41.84,27432,11.48,394, 13676, 49.85,6.05
MADHAV, EQ, 18-May-2020,18.65,18.75,19.55,18.4, 19.55,19.35,19.23,7080,1.36,157, 4059, 57.33,3.75
MADHAV, EQ, 18-May-2021,50.65,51.65,52.45,50.05, 52.00,51.2,51.47,33511,17.25,650, 16861, 50.31,1.09
MADHAV, EQ, 18-May-2022,52.45,52.35,53.45,51.85,52.8,52.45,52.67,5317,2.8,115, 2953, 55.54,0.0
MADHAV, EQ, 18-May-2023,41.1,40.85,41.95,40.85, 41.35,41.6,41.56,10421,4.33,198, 6936, 66.56,1.22
MADHAV, EQ, 18-Jun-2020,21.35,21.3,22.95,20.35,22.95,22.65,22.4,3339,0.75,25, 2267, 67.89,6.09
MADHAV, EQ, 18-Jun-2021,57.45,56.45,58.8,54.0, 56.00,56.3,56.51,48694,27.52,908, 24364, 50.03,-2.0
MADHAV, EQ, 18-Jul-2022,46.35,45.6,47.2,45.6,47.0,46.9,46.32,3638,1.69,103, 2256, 62.01,1.19
MADHAV, EQ, 18-Jul-2023,42.7,42.9,42.95,41.3, 42.50,42.1,42.27,13987,5.91,241, 8634, 61.73,-1.41
MADHAV, EQ, 18-Jul-2024,49.37,50.8,50.8,47.51,47.55,47.83,48.29,9521,4.6,239, 6304, 66.21,-3.12
MADHAV, EQ, 18-Aug-2020,23.4,23.05,24.0,23.05,23.75,23.8,23.76,2942,0.7,32, 1581, 53.74,1.71
MADHAV, EQ, 18-Aug-2021,57.05,58.75,60.0,56.05, 59.10,59.3,58.77,23039,13.54,662, 13314, 57.79,3.94
MADHAV, EQ, 18-Aug-2022,51.9,51.0,52.45,51.0,51.9,51.9,51.96,17621,9.16,162, 7532, 42.74,0.0
MADHAV, EQ, 18-Aug-2023,42.55,42.55,43.4,42.4, 43.00,42.9,42.89,27433,11.77,398, 6720, 24.50,0.82
MADHAV, EQ, 18-Sep-2020,27.95,27.95,28.7,27.0, 27.75,27.65,27.6,13737,3.79,157, 7118, 51.82,-1.07
MADHAV, EQ, 18-Sep-2023,46.25,46.8,47.75,46.2, 47.70,47.6,47.09,11900,5.6,218, 9083, 76.33,2.92
MADHAV, EQ, 18-Sep-2024,56.38,56.93,57.48,54.99,55.6,55.74,56.31,11374,6.41,774, 4413, 38.80,-1.14
MADHAV, EQ, 18-Oct-2021,61.1,60.5,61.8,59.25, 60.05,60.55,60.65,26879,16.3,518, 18641, 69.35,-0.9
MADHAV, EQ, 18-Oct-2022,40.0,40.6,41.5,38.75,39.6,39.4,39.7,27428,10.89,458, 18120, 66.06,-1.5
MADHAV, EQ, 18-Oct-2023,53.75,54.95,55.3,51.1, 52.30,53.3,53.21,117411,62.47,1498, 32532, 27.71,-0.84
MADHAV, EQ, 18-Oct-2024,51.99,51.58,53.91,51.3,51.7,51.85,52.26,10303,5.38,329, 5159, 50.07,-0.27
MADHAV, EQ, 18-Nov-2020,27.55,28.2,30.45,27.0, 28.90,28.7,28.1,23546,6.62,280, 16369, 69.52,4.17
MADHAV, EQ, 18-Nov-2021,53.3,53.65,53.65,52.0,52.55,52.5,52.64,12278,6.46,181, 5962, 48.56,-1.5
MADHAV, EQ, 18-Nov-2022,40.0,40.7,41.2,39.95, 40.55,40.75,40.76,7258,2.96,119, 4684, 64.54,1.88
MADHAV, EQ, 18-Nov-2024,44.72,44.72,46.9,43.61,45.57,45.6,45.11,9396,4.24,243, 6621, 70.47,1.97
MADHAV, EQ, 18-Dec-2020,41.75,41.55,41.9,37.8, 39.80,39.65,39.46,72369,28.56,963, 31921, 44.11,-5.03
MADHAV, EQ, 18-Dec-2023,55.15,54.5,59.1,54.5, 56.10,56.45,57.45,233075,133.91,1646, 94115, 40.38,2.36
MADHAV, EQ, 18-Dec-2024,63.49,64.35,68.49,63.7,64.4,64.62,66.59,235934,157.11,6158, 70968, 30.08,1.78
MADHAV, EQ, 19-Jan-2021,55.8,55.6,58.35,55.6, 56.60,57.05,57.17,74909,42.82,739, 51779, 69.12,2.24
MADHAV, EQ, 19-Jan-2022,57.0,57.4,57.9,56.2, 57.40,57.3,57.0,11772,6.71,217, 9262, 78.68,0.53
MADHAV, EQ, 19-Jan-2023,44.1,44.95,44.95,44.05, 44.05,44.25,44.42,1959,0.87,57, 1466, 74.83,0.34
MADHAV, EQ, 19-Feb-2020,30.25,30.25,31.8,30.25, 31.80,31.65,31.05,4252,1.32,80, 2945, 69.26,4.63
MADHAV, EQ, 19-Feb-2021,55.55,57.0,65.75,56.95,61.3,61.3,61.78,1690665,1044.48,10302, 498566, 29.49,10.35
MADHAV, EQ, 19-Feb-2025,42.79,44.64,45.0,42.5,42.55,43.05,43.38,5053,2.19,120, 3982, 78.80,0.61
MADHAV, EQ, 19-Mar-2020,22.2,21.0,22.9,21.0, 21.75,21.75,22.17,1299,0.29,9, 1299, 100.00,-2.03
MADHAV, EQ, 19-Mar-2021,52.95,52.5,52.8,50.4,52.8,51.55,51.3,23009,11.8,399, 14160, 61.54,-2.64
MADHAV, EQ, 19-Mar-2025,40.17,41.17,42.98,40.35,42.0,41.22,41.05,23842,9.79,142, 21748, 91.22,2.61
MADHAV, EQ, 19-Apr-2021,47.0,46.4,47.25,43.8,43.9,44.0,44.66,32835,14.66,414, 25027, 76.22,-6.38
MADHAV, EQ, 19-Apr-2022,58.5,58.95,61.65,58.95,59.5,60.3,60.26,82040,49.44,890, 58238, 70.99,3.08
MADHAV, EQ, 19-Apr-2023,42.05,42.5,42.75,40.85, 42.00,41.5,41.73,10277,4.29,189, 7178, 69.85,-1.31
MADHAV, EQ, 19-May-2020,19.35,20.25,20.25,18.7,19.15,19.3,19.45,865,0.17,27, 543, 62.77,-0.26
MADHAV, EQ, 19-May-2021,51.2,51.3,53.7,51.3, 52.65,52.5,52.51,29299,15.38,573, 13788, 47.06,2.54
MADHAV, EQ, 19-May-2022,52.45,52.0,52.0,49.2,50.0,49.65,50.18,10465,5.25,178, 7903, 75.52,-5.34
MADHAV, EQ, 19-May-2023,41.6,41.6,41.95,40.9,41.45,41.25,41.34,5286,2.18,128, 3975, 75.20,-0.84
MADHAV, EQ, 19-Jun-2020,22.65,22.6,23.0,21.55, 22.10,22.4,22.54,6029,1.36,81, 5428, 90.03,-1.1
MADHAV, EQ, 19-Jun-2023,44.4,44.4,44.95,43.55, 44.25,43.95,44.18,5522,2.44,162, 3499, 63.36,-1.01
MADHAV, EQ, 19-Jul-2021,67.5,66.0,67.9,65.0, 66.00,65.75,66.44,47275,31.41,1344, 25600, 54.15,-2.59
MADHAV, EQ, 19-Jul-2022,46.9,46.85,48.0,45.95, 46.80,46.75,46.93,16451,7.72,237, 11837, 71.95,-0.32
MADHAV, EQ, 19-Jul-2023,42.1,42.2,42.85,41.75, 42.80,42.7,42.45,4438,1.88,113, 3033, 68.34,1.43
MADHAV, EQ, 19-Jul-2024,47.83,49.9,49.9,46.51,47.0,47.68,47.52,8128,3.86,140, 3952, 48.62,-0.31
MADHAV, EQ, 19-Aug-2020,23.8,23.75,25.0,23.35,24.3,24.5,24.36,8535,2.08,85, 6185, 72.47,2.94
MADHAV, EQ, 18-Aug-2021,57.05,58.75,60.0,56.05, 59.10,59.3,58.77,23039,13.54,662, 13314, 57.79,3.94
MADHAV, EQ, 19-Aug-2022,51.9,50.5,52.5,50.15, 50.25,51.0,51.18,13214,6.76,177, 9723, 73.58,-1.73
MADHAV, EQ, 19-Aug-2024,57.29,61.5,62.2,59.15,60.75,60.77,60.95,147558,89.93,1841, 84682, 57.39,6.07
MADHAV, EQ, 19-Sep-2022,51.0,51.0,52.0,49.65, 50.15,49.9,50.82,26254,13.34,359, 18827, 71.71,-2.16
MADHAV, EQ, 19-Sep-2024,55.74,57.02,57.38,53.3,54.25,53.94,54.17,22341,12.1,211, 17561, 78.60,-3.23
MADHAV, EQ, 19-Oct-2020,24.6,25.65,25.65,24.45, 25.40,25.4,24.93,4492,1.12,109, 868, 19.32,3.25
MADHAV, EQ, 19-Oct-2021,60.55,60.05,60.5,55.5,56.4,56.25,57.64,82933,47.8,1042, 54056, 65.18,-7.1
MADHAV, EQ, 19-Oct-2022,39.4,39.9,42.0,39.8, 41.70,41.35,40.9,18588,7.6,300, 11339, 61.00,4.95
MADHAV, EQ, 19-Oct-2023,53.3,52.9,53.85,51.55,52.0,52.15,52.86,60906,32.19,836, 24450, 40.14,-2.16
MADHAV, EQ, 19-Nov-2020,28.7,30.0,30.0,27.85, 28.75,28.75,29.09,10506,3.06,138, 6616, 62.97,0.17
MADHAV, EQ, 19-Nov-2024,45.6,49.99,49.99,47.05,48.17,48.39,48.62,20603,10.02,397, 10715, 52.01,6.12
MADHAV, EQ, 19-Dec-2022,43.05,43.85,46.0,43.1,44.55,45.4,44.89,14039,6.3,257, 10622, 75.66,5.46
MADHAV, EQ, 19-Dec-2023,56.45,57.5,57.7,55.1, 56.40,56.5,56.51,78517,44.37,763, 44261, 56.37,0.09
MADHAV, EQ, 19-Dec-2024,64.62,64.12,65.9,62.19,64.1,64.02,64.56,36803,23.76,793, 20356, 55.31,-0.93
MADHAV, EQ, 20-Jan-2020,36.2,36.0,37.45,35.0, 35.40,35.5,35.6,1005,0.36,45, 779, 77.51,-1.93
MADHAV, EQ, 20-Jan-2021,57.05,57.1,58.0,57.05, 57.60,57.8,57.61,30640,17.65,386, 22760, 74.28,1.31
MADHAV, EQ, 20-Jan-2022,57.3,58.55,58.9,56.3, 58.15,58.0,57.81,16915,9.78,257, 11829, 69.93,1.22
MADHAV, EQ, 20-Jan-2023,44.25,44.05,44.7,44.05,44.5,44.3,44.31,1523,0.67,52, 1203, 78.99,0.11
MADHAV, EQ, 20-Jan-2025,51.57,51.05,53.48,51.05,53.0,52.89,52.77,8291,4.37,140, 5390, 65.01,2.56
MADHAV, EQ, 20-Feb-2020,31.65,32.5,32.5,29.55, 31.70,31.65,31.69,11771,3.73,95, 8670, 73.66,0.0
MADHAV, EQ, 20-Feb-2023,40.2,40.05,40.4,39.3, 39.35,39.75,39.93,3207,1.28,79, 2401, 74.87,-1.12
MADHAV, EQ, 20-Feb-2025,43.05,42.05,43.99,42.05,42.91,43.33,42.99,6637,2.85,172, 4371, 65.86,0.65
MADHAV, EQ, 20-Mar-2020,21.75,20.0,23.9,20.0, 23.90,23.85,22.65,6129,1.39,104, 4832, 78.84,9.66
MADHAV, EQ, 20-Mar-2023,40.2,40.0,40.1,38.5,38.55,38.6,39.17,15456,6.05,236, 12331, 79.78,-3.98
MADHAV, EQ, 20-Mar-2025,41.22,42.22,42.52,40.96,41.45,41.24,41.52,4660,1.93,138, 3884, 83.35,0.05
MADHAV, EQ, 20-Apr-2020,20.25,20.3,21.25,20.3, 21.25,21.25,21.21,903,0.19,34, 743, 82.28,4.94
MADHAV, EQ, 20-Apr-2021,44.0,47.0,47.0,44.45,46.45,45.3,45.15,9684,4.37,196, 5313, 54.86,2.95
MADHAV, EQ, 20-Apr-2022,60.3,60.95,61.0,56.6, 58.25,58.05,58.37,21112,12.32,595, 10768, 51.00,-3.73
MADHAV, EQ, 20-Apr-2023,41.5,41.95,41.95,40.25, 41.60,41.55,41.29,6230,2.57,272, 4448, 71.40,0.12
MADHAV, EQ, 20-May-2020,19.3,19.15,19.95,18.95, 19.25,19.3,19.22,439,0.08,13, 248, 56.49,0.0
MADHAV, EQ, 20-May-2021,52.5,53.9,58.75,52.1, 58.20,58.3,57.1,248269,141.77,2337, 125589, 50.59,11.05
MADHAV, EQ, 20-May-2022,49.65,50.55,50.95,49.95, 50.80,50.5,50.26,8024,4.03,112, 4817, 60.03,1.71
MADHAV, EQ, 20-Jun-2022,43.4,45.0,45.0,41.05,41.8,42.45,42.58,2891,1.23,109, 1629, 56.35,-2.19
MADHAV, EQ, 20-Jun-2023,43.95,43.2,44.2,42.5, 43.80,43.2,43.26,10826,4.68,317, 5568, 51.43,-1.71
MADHAV, EQ, 20-Jul-2020,22.95,22.05,23.0,20.75, 22.35,21.75,21.66,20855,4.52,535, 10485, 50.28,-5.23
MADHAV, EQ, 20-Jul-2021,65.75,65.25,66.7,63.0, 65.00,64.6,64.66,55691,36.01,987, 34952, 62.76,-1.75
MADHAV, EQ, 20-Jul-2022,46.75,47.0,47.4,45.05, 46.85,46.55,46.45,6844,3.18,134, 4824, 70.49,-0.43
MADHAV, EQ, 20-Jul-2023,42.7,42.5,43.0,42.0,42.85,42.85,42.63,18010,7.68,308, 11070, 61.47,0.35
MADHAV, EQ, 20-Aug-2020,24.5,24.5,24.5,23.65,24.1,24.35,23.98,4378,1.05,65, 2902, 66.29,-0.61
MADHAV, EQ, 20-Aug-2021,59.3,58.9,58.9,54.65,56.1,56.95,56.91,18432,10.49,443, 9865, 53.52,-3.96
MADHAV, EQ, 20-Aug-2024,60.77,61.84,61.84,56.33,56.72,57.13,57.72,93258,53.83,2152, 41535, 44.54,-5.99
MADHAV, EQ, 20-Sep-2021,56.0,55.3,56.65,50.95, 53.30,53.15,53.7,26572,14.27,422, 14654, 55.15,-5.09
MADHAV, EQ, 20-Sep-2022,49.9,50.85,51.3,50.2, 50.30,50.65,50.77,11275,5.72,175, 7276, 64.53,1.5
MADHAV, EQ, 20-Sep-2023,47.6,48.0,48.0,46.25, 46.70,46.8,47.06,16859,7.93,179, 13248, 78.58,-1.68
MADHAV, EQ, 20-Sep-2024,53.94,54.9,58.0,53.99,54.94,54.43,55.45,38611,21.41,609, 16461, 42.63,0.91
MADHAV, EQ, 20-Oct-2020,25.4,25.0,25.5,24.1, 24.50,24.5,24.51,1731,0.42,27, 1637, 94.57,-3.54
MADHAV, EQ, 20-Oct-2021,56.25,56.55,58.2,54.25, 55.30,55.55,56.31,32728,18.43,402, 19271, 58.88,-1.24
MADHAV, EQ, 20-Oct-2022,41.35,41.4,41.65,39.85,41.6,41.45,40.97,12401,5.08,211, 6415, 51.73,0.24
MADHAV, EQ, 20-Oct-2023,52.15,52.1,55.95,51.7, 54.85,53.95,54.76,207759,113.78,2124, 75406, 36.29,3.45
MADHAV, EQ, 20-Nov-2020,28.75,29.45,31.5,27.55,28.25,28.3,28.88,21610,6.24,485, 9538, 44.14,-1.57
MADHAV, EQ, 20-Nov-2023,51.3,51.8,51.85,48.55, 49.10,49.5,50.07,33349,16.7,775, 17244, 51.71,-3.51
MADHAV, EQ, 19-Nov-2024,45.6,49.99,49.99,47.05,48.17,48.39,48.62,20603,10.02,397, 10715, 52.01,6.12
MADHAV, EQ, 20-Dec-2021,54.4,55.0,55.0,51.5,52.05,52.25,52.86,10912,5.77,318, 5970, 54.71,-3.95
MADHAV, EQ, 20-Dec-2022,45.4,45.0,45.95,43.05,43.95,44.5,44.5,16527,7.35,303, 7521, 45.51,-1.98
MADHAV, EQ, 20-Dec-2023,56.5,57.85,57.85,52.4, 52.60,53.1,55.63,38985,21.69,570, 24925, 63.93,-6.02
MADHAV, EQ, 20-Dec-2024,64.02,64.95,64.95,62.33,62.61,62.54,63.11,36386,22.96,923, 21196, 58.25,-2.31
MADHAV, EQ, 21-Jan-2020,35.5,38.0,38.0,34.3, 35.90,35.2,35.34,3360,1.19,98, 2381, 70.86,-0.85
MADHAV, EQ, 21-Jan-2021,57.8,57.95,58.0,55.1, 55.65,55.75,56.97,38826,22.12,409, 29136, 75.04,-3.55
MADHAV, EQ, 21-Jan-2022,58.0,57.9,58.75,56.2, 56.50,56.6,57.71,12177,7.03,312, 7490, 61.51,-2.41
MADHAV, EQ, 21-Jan-2025,52.89,53.68,54.45,51.5,53.5,52.49,52.78,11358,6.0,709, 4018, 35.38,-0.76
MADHAV, EQ, 21-Feb-2022,51.2,51.0,51.9,50.5, 51.70,51.35,50.87,15093,7.68,387, 4406, 29.19,0.29
MADHAV, EQ, 21-Feb-2023,39.75,39.75,40.35,39.75, 40.10,40.1,40.18,6440,2.59,111, 5799, 90.05,0.88
MADHAV, EQ, 21-Feb-2025,43.33,43.2,44.99,42.65,42.85,42.86,43.49,6919,3.01,189, 2883, 41.67,-1.08
MADHAV, EQ, 21-Mar-2022,51.9,51.45,53.3,51.0,52.6,52.35,52.21,13160,6.87,351, 5107, 38.81,0.87
MADHAV, EQ, 21-Mar-2023,38.6,39.25,39.7,38.6, 39.50,39.5,39.21,8665,3.4,140, 5258, 60.68,2.33
MADHAV, EQ, 21-Mar-2025,41.24,44.24,44.24,41.6,43.33,42.99,43.01,14824,6.38,308, 11890, 80.21,4.24
MADHAV, EQ, 21-Apr-2020,21.25,22.3,22.3,20.2,20.2,20.2,20.78,11815,2.46,94, 8551, 72.37,-4.94
MADHAV, EQ, 21-Apr-2022,58.05,58.4,62.9,56.5, 58.60,58.5,59.43,64333,38.23,1117, 23844, 37.06,0.78
MADHAV, EQ, 21-Apr-2023,41.55,40.8,42.0,40.25, 40.85,40.75,40.97,4538,1.86,146, 3654, 80.52,-1.93
MADHAV, EQ, 21-Apr-2025,42.37,42.3,49.2,42.0,47.8,47.73,46.75,152657,71.36,2637, 46082, 30.19,12.65
MADHAV, EQ, 21-May-2020,19.3,19.4,20.2,18.65,20.15,20.05,19.47,2644,0.51,32, 1872, 70.80,3.89
MADHAV, EQ, 21-May-2021,58.3,59.4,60.95,55.6, 56.30,57.5,58.88,261835,154.17,2605, 118499, 45.26,-1.37
MADHAV, EQ, 21-Jun-2021,56.3,55.0,57.4,55.0, 56.50,56.6,56.46,21800,12.31,327, 10436, 47.87,0.53
MADHAV, EQ, 21-Jun-2022,42.45,41.6,44.0,41.05,42.9,43.2,43.13,2512,1.08,78, 1655, 65.88,1.77
MADHAV, EQ, 21-Jun-2023,43.2,44.05,44.05,43.1, 43.70,43.4,43.45,6194,2.69,164, 4308, 69.55,0.46
MADHAV, EQ, 21-Jul-2020,21.75,22.2,22.25,21.55, 22.05,22.05,21.82,2064,0.45,50, 1222, 59.21,1.38
MADHAV, EQ, 21-Jul-2022,46.55,46.15,48.8,45.5,46.8,46.95,47.32,11412,5.4,258, 6645, 58.23,0.86
MADHAV, EQ, 21-Jul-2023,42.85,42.2,43.4,42.0, 43.40,42.85,42.67,7796,3.33,209, 5438, 69.75,0.0
MADHAV, EQ, 21-Aug-2020,24.35,26.35,26.35,24.1, 26.20,25.55,25.68,12319,3.16,136, 8165, 66.28,4.93
MADHAV, EQ, 21-Aug-2023,42.9,44.2,44.2,42.5, 42.85,42.55,43.06,9111,3.92,124, 7401, 81.23,-0.82
MADHAV, EQ, 21-Aug-2024,57.13,57.0,59.8,55.04,55.95,56.22,57.55,116126,66.83,1508, 47300, 40.73,-1.59
MADHAV, EQ, 21-Sep-2020,27.65,28.75,28.75,25.7, 27.20,27.15,26.72,18137,4.85,173, 8561, 47.20,-1.81
MADHAV, EQ, 21-Sep-2021,53.15,54.3,54.95,53.1, 54.60,54.45,53.97,8021,4.33,110, 4196, 52.31,2.45
MADHAV, EQ, 21-Sep-2022,50.65,50.85,51.0,49.65, 49.70,49.75,50.35,12074,6.08,218, 7229, 59.87,-1.78
MADHAV, EQ, 21-Sep-2023,46.8,47.35,51.4,46.6, 49.50,49.5,49.89,347076,173.17,2701, 110315, 31.78,5.77
MADHAV, EQ, 21-Oct-2020,24.5,24.8,25.0,24.5, 24.85,24.85,24.78,2360,0.58,39, 2073, 87.84,1.43
MADHAV, EQ, 21-Oct-2021,55.55,56.75,57.95,55.35, 57.25,56.75,56.61,22762,12.89,223, 12514, 54.98,2.16
MADHAV, EQ, 21-Oct-2022,41.45,41.5,42.75,40.5,40.7,41.0,41.44,30875,12.8,454, 11493, 37.22,-1.09
MADHAV, EQ, 21-Oct-2024,51.85,52.89,52.89,50.3, 51.51,51.51,51.35,4956,2.54,218, 3339, 67.37,-0.66
MADHAV, EQ, 21-Nov-2022,40.75,41.55,41.55,40.55, 40.75,40.8,41.1,3453,1.42,119, 2000, 57.92,0.12
MADHAV, EQ, 21-Nov-2023,49.5,50.0,50.5,49.1, 49.65,49.25,49.83,31741,15.82,762, 14137, 44.54,-0.51
MADHAV, EQ, 21-Nov-2024,48.39,47.6,51.85,47.6,51.8,51.22,49.87,8317,4.15,300, 5597, 67.30,5.85
MADHAV, EQ, 21-Dec-2020,39.65,39.8,42.0,36.0, 36.55,36.4,39.52,69153,27.33,990, 36970, 53.46,-8.2
MADHAV, EQ, 21-Dec-2021,52.25,53.45,59.45,51.85,54.8,54.2,54.61,31442,17.17,616, 17582, 55.92,3.73
MADHAV, EQ, 21-Dec-2022,44.5,44.25,44.6,42.05, 42.05,42.35,43.3,14606,6.32,297, 10202, 69.85,-4.83
MADHAV, EQ, 21-Dec-2023,53.1,52.6,56.5,51.6, 53.55,54.05,54.0,56520,30.52,697, 21399, 37.86,1.79
MADHAV, EQ, 22-Jan-2020,35.2,35.0,35.0,33.6, 33.60,33.95,33.82,2144,0.73,62, 1780, 83.02,-3.55
MADHAV, EQ, 22-Jan-2021,55.75,55.65,56.35,51.85, 55.20,54.95,54.42,70710,38.48,677, 47752, 67.53,-1.43
MADHAV, EQ, 22-Jan-2025,52.49,54.31,54.31,50.95,52.5,51.75,51.66,2736,1.41,182, 1580, 57.75,-1.41
MADHAV, EQ, 22-Feb-2021,61.3,63.0,66.1,57.7,58.5,58.3,61.85,534204,330.42,7769, 233909, 43.79,-4.89
MADHAV, EQ, 22-Feb-2022,51.35,50.9,51.9,49.65,49.7,50.45,50.35,14050,7.07,230, 9945, 70.78,-1.75
MADHAV, EQ, 22-Feb-2023,40.1,42.8,42.8,38.9, 38.95,39.25,39.65,11869,4.71,212, 6662, 56.13,-2.12
MADHAV, EQ, 22-Mar-2021,51.55,52.35,54.85,51.0,51.15,52.25,53.17,12982,6.9,248, 6282, 48.39,1.36
MADHAV, EQ, 22-Mar-2022,52.35,52.4,55.25,52.0, 54.55,54.3,54.39,59057,32.12,937, 25260, 42.77,3.72
MADHAV, EQ, 22-Mar-2023,39.5,39.65,41.5,39.1, 40.50,40.35,40.32,24531,9.89,291, 15695, 63.98,2.15
MADHAV, EQ, 22-Apr-2020,20.2,19.55,20.35,19.45,19.55,19.7,19.77,6015,1.19,43, 3634, 60.42,-2.48
MADHAV, EQ, 22-Apr-2021,45.3,43.15,46.75,43.15,44.9,45.1,45.23,21653,9.79,317, 12711, 58.70,-0.44
MADHAV, EQ, 22-Apr-2022,58.5,59.0,61.0,58.75, 59.55,59.4,60.07,21730,13.05,577, 12679, 58.35,1.54
MADHAV, EQ, 22-Apr-2025,47.73,48.6,48.88,46.82,47.2,47.27,47.79,33642,16.08,770, 20044, 59.58,-0.96
MADHAV, EQ, 22-May-2020,20.05,20.0,20.0,19.3,19.3,19.3,19.59,352,0.07,9, 352, 100.00,-3.74
MADHAV, EQ, 22-May-2023,41.25,40.4,41.75,40.3,40.65,40.9,40.89,5881,2.4,120, 3660, 62.23,-0.85
MADHAV, EQ, 22-Jun-2020,22.4,21.65,22.95,21.6, 22.95,22.7,22.6,952,0.22,27, 762, 80.04,1.34
MADHAV, EQ, 22-Jun-2021,56.6,56.55,60.05,56.55, 56.80,57.15,57.84,42071,24.33,389, 30209, 71.80,0.97
MADHAV, EQ, 22-Jun-2022,43.2,44.3,44.3,41.4,41.75,42.2,42.88,3238,1.39,97, 1889, 58.34,-2.31
MADHAV, EQ, 22-Jun-2023,43.4,43.7,43.9,42.8,43.35,42.95,43.17,15219,6.57,192, 7897, 51.89,-1.04
MADHAV, EQ, 22-Jul-2020,22.05,22.0,22.5,21.15, 22.30,22.3,22.01,2971,0.65,35, 1620, 54.53,1.13
MADHAV, EQ, 22-Jul-2021,64.6,63.45,75.0,63.45, 70.00,69.05,71.28,1088710,776.04,11818, 269923, 24.79,6.89
MADHAV, EQ, 22-Jul-2022,46.95,47.8,47.8,46.15, 46.50,46.5,46.71,7064,3.3,164, 4540, 64.27,-0.96
MADHAV, EQ, 22-Jul-2024,47.68,46.12,47.57,46.06,46.1,46.5,46.69,9402,4.39,190, 7246, 77.07,-2.47
MADHAV, EQ, 22-Aug-2022,51.0,51.0,54.45,50.6, 52.60,51.9,52.67,34998,18.43,556, 19884, 56.81,1.76
MADHAV, EQ, 22-Aug-2023,42.55,43.35,43.4,42.5, 42.80,42.6,43.0,18405,7.91,335, 7214, 39.20,0.12
MADHAV, EQ, 22-Aug-2024,56.22,57.34,57.73,54.21,56.95,56.31,56.26,105640,59.44,2747, 16149, 15.29,0.16
MADHAV, EQ, 22-Sep-2020,27.15,26.0,26.75,25.1, 26.45,25.75,25.84,7473,1.93,85, 5311, 71.07,-5.16
MADHAV, EQ, 22-Sep-2021,54.45,56.5,56.5,54.0, 55.40,55.2,54.55,10186,5.56,159, 6478, 63.60,1.38
MADHAV, EQ, 22-Sep-2022,49.75,50.65,50.95,49.4, 49.95,50.0,50.02,16490,8.25,229, 8862, 53.74,0.5
MADHAV, EQ, 22-Sep-2023,49.5,50.35,53.9,49.65, 52.25,52.25,51.96,454084,235.94,3026, 162477, 35.78,5.56
MADHAV, EQ, 22-Oct-2020,24.85,25.45,25.45,24.25, 25.30,25.3,24.67,1356,0.33,19, 1259, 92.85,1.81
MADHAV, EQ, 22-Oct-2021,56.75,58.5,58.5,54.65, 55.05,55.5,56.09,12549,7.04,181, 8732, 69.58,-2.2
MADHAV, EQ, 22-Oct-2024,51.51,52.9,52.9,47.25,48.3,48.27,49.09,14184,6.96,563, 9168, 64.64,-6.29
MADHAV, EQ, 22-Nov-2021,52.5,52.5,53.8,50.65,51.8,51.0,51.33,11627,5.97,287, 7342, 63.15,-2.86
MADHAV, EQ, 22-Nov-2022,40.8,40.5,41.5,40.5, 41.00,41.15,41.06,6521,2.68,98, 5753, 88.22,0.86
MADHAV, EQ, 22-Nov-2023,49.25,49.25,52.8,49.1, 50.10,50.75,51.78,107173,55.49,1323, 45656, 42.60,3.05
MADHAV, EQ, 22-Nov-2024,51.22,51.99,54.9,49.61,54.19,53.98,53.26,34879,18.58,876, 24752, 70.97,5.39
MADHAV, EQ, 22-Dec-2020,36.4,36.4,38.0,32.8, 34.50,34.25,34.15,74376,25.4,1136, 40565, 54.54,-5.91
MADHAV, EQ, 22-Dec-2021,54.2,54.15,55.65,53.55, 54.50,53.8,54.41,8055,4.38,125, 5311, 65.93,-0.74
MADHAV, EQ, 22-Dec-2022,42.35,43.0,43.15,40.15, 41.20,40.8,41.77,15837,6.62,317, 9005, 56.86,-3.66
MADHAV, EQ, 22-Dec-2023,54.05,54.05,55.15,52.55, 53.00,53.2,53.47,16308,8.72,264, 11089, 68.00,-1.57
MADHAV, EQ, 23-Jan-2020,33.95,33.95,35.6,33.95, 35.00,35.0,34.86,3081,1.07,51, 2637, 85.59,3.09
MADHAV, EQ, 23-Jan-2023,44.3,44.8,44.8,43.6,43.6,43.75,44.24,4913,2.17,111, 3528, 71.81,-1.24
MADHAV, EQ, 23-Jan-2025,51.75,51.26,52.9,51.25,51.3,51.56,51.78,3701,1.92,221, 2021, 54.61,-0.37
MADHAV, EQ, 23-Feb-2021,58.3,59.0,61.9,59.0, 60.50,60.8,60.55,105798,64.06,1475, 52203, 49.34,4.29
MADHAV, EQ, 23-Feb-2022,50.45,50.0,54.85,50.0,53.6,54.05,53.71,78097,41.95,680, 27579, 35.31,7.14
MADHAV, EQ, 23-Feb-2023,39.25,38.85,39.95,38.8,39.9,39.65,39.22,2790,1.09,79, 1918, 68.75,1.02
MADHAV, EQ, 23-Mar-2020,23.85,21.5,25.95,21.5, 21.60,21.6,21.65,2479,0.54,30, 2407, 97.10,-9.43
MADHAV, EQ, 23-Mar-2021,52.25,52.25,53.85,51.05, 51.05,52.5,52.85,5285,2.79,154, 3186, 60.28,0.48
MADHAV, EQ, 23-Mar-2022,54.3,55.95,57.8,54.3, 55.40,55.15,55.83,30234,16.88,508, 20993, 69.44,1.57
MADHAV, EQ, 23-Mar-2023,40.35,40.45,45.45,39.1, 39.40,39.55,42.01,77326,32.49,1317, 11952, 15.46,-1.98
MADHAV, EQ, 23-Apr-2020,19.7,19.7,20.65,18.9,20.65,20.55,20.5,6304,1.29,57, 3494, 55.43,4.31
MADHAV, EQ, 23-Apr-2021,45.1,45.4,46.8,44.75,46.5,46.35,46.07,9346,4.31,158, 6248, 66.85,2.77
MADHAV, EQ, 23-Apr-2025,47.27,47.2,47.95,46.86,47.3,47.24,47.21,8093,3.82,180, 4398, 54.34,-0.06
MADHAV, EQ, 23-May-2022,50.5,51.45,51.95,50.55,50.65,50.8,51.17,1595,0.82,37, 1281, 80.31,0.59
MADHAV, EQ, 23-May-2023,40.9,41.9,42.0,40.9, 41.30,41.0,41.21,2698,1.11,70, 1676, 62.12,0.24
MADHAV, EQ, 23-Jun-2020,22.7,22.95,24.95,22.3, 24.70,24.5,23.96,7424,1.78,138, 5347, 72.02,7.93
MADHAV, EQ, 23-Jun-2021,57.15,57.95,57.95,55.0, 55.20,55.55,56.16,34179,19.2,608, 16475, 48.20,-2.8
MADHAV, EQ, 23-Jun-2022,42.2,45.5,45.5,43.05,44.35,43.4,43.7,5593,2.44,130, 2684, 47.99,2.84
MADHAV, EQ, 23-Jun-2023,42.95,43.7,43.75,42.4, 43.60,43.3,43.04,8559,3.68,167, 5436, 63.51,0.81
MADHAV, EQ, 23-Jul-2020,22.3,22.55,22.55,21.5, 22.00,22.0,22.11,18863,4.17,81, 10093, 53.51,-1.35
MADHAV, EQ, 23-Jul-2021,69.05,69.7,71.3,66.1,66.4,67.05,68.72,114469,78.66,2120, 49722, 43.44,-2.9
MADHAV, EQ, 23-Jul-2024,46.5,46.0,47.9,45.49,46.01,46.81,46.46,3989,1.85,151, 2577, 64.60,0.67
MADHAV, EQ, 23-Aug-2021,56.95,57.15,58.45,50.6, 52.10,52.2,53.78,39104,21.03,816, 22362, 57.19,-8.34
MADHAV, EQ, 23-Aug-2022,51.9,52.85,53.35,51.3, 51.35,51.55,52.47,7276,3.82,179, 4744, 65.20,-0.67
MADHAV, EQ, 23-Aug-2023,42.6,43.5,44.3,42.7, 44.00,43.4,43.33,16897,7.32,166, 14640, 86.64,1.88
MADHAV, EQ, 23-Aug-2024,56.31,56.31,57.61,55.61,56.0,56.11,56.51,36894,20.85,1296, 7960, 21.58,-0.36
MADHAV, EQ, 23-Sep-2020,25.75,26.4,26.45,25.85, 26.40,26.2,26.2,3268,0.86,24, 2833, 86.69,1.75
MADHAV, EQ, 23-Sep-2021,55.2,56.2,56.55,55.4, 56.45,55.95,55.98,10581,5.92,152, 7625, 72.06,1.36
MADHAV, EQ, 23-Sep-2022,50.0,50.9,51.1,48.0, 49.50,49.2,49.34,16389,8.09,273, 11026, 67.28,-1.6
MADHAV, EQ, 23-Sep-2024,54.43,55.25,55.95,53.9,54.0,54.21,54.44,10791,5.87,938, 5226, 48.43,-0.4
MADHAV, EQ, 23-Oct-2020,25.3,24.6,25.6,24.5, 25.60,25.4,25.02,1723,0.43,20, 1472, 85.43,0.4
MADHAV, EQ, 23-Oct-2023,53.95,54.0,55.5,49.2, 49.20,50.05,52.15,75474,39.36,1206, 36276, 48.06,-7.23
MADHAV, EQ, 23-Oct-2024,48.27,48.25,52.8,48.05,48.3,48.9,50.01,16457,8.23,653, 8351, 50.74,1.31
MADHAV, EQ, 23-Nov-2020,28.3,27.65,29.4,27.3, 29.00,28.8,28.7,13859,3.98,260, 8030, 57.94,1.77
MADHAV, EQ, 23-Nov-2021,51.0,48.35,53.9,48.35,53.0,52.15,51.5,9063,4.67,156, 3847, 42.45,2.25
MADHAV, EQ, 23-Nov-2022,41.15,41.75,42.0,40.8,41.4,41.1,41.32,16699,6.9,214, 12992, 77.80,-0.12
MADHAV, EQ, 23-Nov-2023,50.75,51.0,55.0,50.65, 53.00,52.75,53.23,136021,72.4,1455, 62114, 45.67,3.94
MADHAV, EQ, 23-Dec-2020,34.25,36.0,39.9,34.05,38.3,38.3,37.76,57291,21.63,667, 32311, 56.40,11.82
MADHAV, EQ, 23-Dec-2021,53.8,55.75,55.75,53.6, 54.15,54.0,54.01,4780,2.58,49, 3960, 82.85,0.37
MADHAV, EQ, 23-Dec-2022,40.8,40.4,41.4,38.9, 39.90,39.15,39.49,13327,5.26,264, 7536, 56.55,-4.04
MADHAV, EQ, 23-Dec-2024,62.54,62.01,63.64,61.88,61.95,62.16,62.7,25289,15.86,435, 14441, 57.10,-0.61
MADHAV, EQ, 24-Jan-2020,35.0,34.9,36.0,33.15,33.9,33.65,33.8,4688,1.58,182, 3174, 67.70,-3.86
MADHAV, EQ, 24-Jan-2022,56.6,57.7,57.7,51.1,53.1,51.8,52.72,36952,19.48,515, 21530, 58.26,-8.48
MADHAV, EQ, 24-Jan-2023,43.75,43.6,44.75,42.15,43.2,43.3,43.87,12436,5.46,295, 7896, 63.49,-1.03
MADHAV, EQ, 24-Jan-2025,51.56,52.42,52.42,48.25,48.51,49.39,50.16,9196,4.61,559, 3589, 39.03,-4.21
MADHAV, EQ, 24-Feb-2020,31.65,31.7,32.0,30.1, 30.25,30.35,30.42,5844,1.78,36, 4131, 70.69,-4.11
MADHAV, EQ, 24-Feb-2021,60.8,62.0,63.25,59.05, 60.35,60.5,61.64,61865,38.13,729, 35294, 57.05,-0.49
MADHAV, EQ, 24-Feb-2022,54.05,52.9,56.25,48.75, 50.00,50.05,52.56,263399,138.44,1174, 84557, 32.10,-7.4
MADHAV, EQ, 24-Feb-2023,39.65,39.6,39.9,38.9, 39.00,39.05,39.36,4699,1.85,314, 2744, 58.40,-1.51
MADHAV, EQ, 24-Feb-2025,42.86,42.01,43.99,42.01,43.98,43.57,43.01,2055,0.88,62, 1638, 79.71,1.66
MADHAV, EQ, 24-Mar-2020,21.6,19.7,20.1,19.5, 20.00,19.75,19.77,2000,0.4,27, 1586, 79.30,-8.56
MADHAV, EQ, 24-Mar-2021,52.5,53.9,54.0,50.85, 51.00,51.2,51.5,11936,6.15,254, 6990, 58.56,-2.48
MADHAV, EQ, 24-Mar-2022,55.15,56.25,56.25,52.0, 53.30,52.65,53.55,12228,6.55,234, 7498, 61.32,-4.53
MADHAV, EQ, 24-Mar-2023,39.55,40.2,40.25,38.0, 38.00,38.15,39.17,17019,6.67,300, 9323, 54.78,-3.54
MADHAV, EQ, 24-Mar-2025,42.99,43.99,48.39,41.86,46.75,46.85,46.63,105827,49.35,1714, 32321, 30.54,8.98
MADHAV, EQ, 24-Apr-2020,20.55,19.8,21.5,19.75,21.4,21.4,20.9,7441,1.56,43, 2201, 29.58,4.14
MADHAV, EQ, 24-Apr-2023,40.75,40.5,41.3,40.0, 41.00,40.95,40.5,9533,3.86,179, 5625, 59.01,0.49
MADHAV, EQ, 24-Apr-2025,47.24,48.18,48.65,45.1,45.35,46.28,47.14,4168,1.96,199, 3244, 77.83,-2.03
MADHAV, EQ, 24-May-2021,57.5,57.6,62.8,56.0, 60.00,60.2,60.66,311509,188.97,3137, 142590, 45.77,4.7
MADHAV, EQ, 24-May-2022,50.8,51.65,57.8,48.65,51.1,51.85,53.44,74191,39.64,1164, 21711, 29.26,2.07
MADHAV, EQ, 24-May-2023,41.0,41.7,41.8,40.7, 41.70,41.7,41.64,12035,5.01,139, 9163, 76.14,1.71
MADHAV, EQ, 24-Jun-2020,24.5,24.7,26.9,24.4,26.0,25.8,25.69,12252,3.15,204, 8046, 65.67,5.31
MADHAV, EQ, 24-Jun-2021,55.55,56.85,56.85,55.55, 55.80,56.1,56.01,10691,5.99,280, 5250, 49.11,0.99
MADHAV, EQ, 24-Jun-2022,43.4,43.65,44.75,43.65, 44.25,44.3,44.21,1543,0.68,61, 729, 47.25,2.07
MADHAV, EQ, 24-Jul-2020,22.0,21.6,22.35,21.6,21.75,21.75,21.93,4041,0.89,21, 1573, 38.93,-1.14
MADHAV, EQ, 24-Jul-2023,42.85,42.85,43.65,42.5, 42.55,42.95,43.11,11768,5.07,110, 7983, 67.84,0.23
MADHAV, EQ, 24-Jul-2024,46.81,48.99,48.99,46.5,46.8,46.83,47.1,6358,2.99,117, 4937, 77.65,0.04
MADHAV, EQ, 24-Aug-2020,25.55,26.15,26.8,25.6,25.9,26.3,26.09,7249,1.89,63, 4712, 65.00,2.94
MADHAV, EQ, 24-Aug-2021,52.2,54.8,58.8,53.0, 58.00,57.2,55.42,22593,12.52,335, 15096, 66.82,9.58
MADHAV, EQ, 24-Aug-2022,51.55,52.55,52.55,51.0,51.05,51.5,51.83,16655,8.63,163, 12276, 73.71,-0.1
MADHAV, EQ, 24-Aug-2023,43.4,43.35,48.7,43.35, 46.85,47.6,46.47,361584,168.05,2330, 129691, 35.87,9.68
MADHAV, EQ, 24-Sep-2020,26.2,26.2,26.2,24.15, 24.50,24.55,24.97,4729,1.18,111, 3289, 69.55,-6.3
MADHAV, EQ, 24-Sep-2021,55.95,56.95,57.0,54.2, 54.50,54.45,55.12,9320,5.14,172, 6303, 67.63,-2.68
MADHAV, EQ, 24-Sep-2024,54.21,54.21,55.84,53.05,53.98,53.77,54.29,16713,9.07,404, 7880, 47.15,-0.81
MADHAV, EQ, 24-Oct-2024,48.9,51.75,51.75,47.99,48.15,48.42,48.81,10198,4.98,355, 4606, 45.17,-0.98
MADHAV, EQ, 24-Nov-2020,28.8,29.9,29.9,28.2, 28.60,28.45,28.84,9214,2.66,132, 5657, 61.40,-1.22
MADHAV, EQ, 24-Nov-2021,52.15,53.6,53.6,51.5, 51.50,51.65,52.04,12070,6.28,188, 8725, 72.29,-0.96
MADHAV, EQ, 24-Nov-2022,41.1,40.85,43.6,40.85, 42.90,42.85,42.54,26966,11.47,552, 10891, 40.39,4.26
MADHAV, EQ, 24-Nov-2023,52.75,53.6,53.6,50.5, 51.10,50.85,51.56,21273,10.97,437, 13578, 63.83,-3.6
MADHAV, EQ, 24-Dec-2020,38.3,40.45,40.5,36.55, 36.90,37.05,38.11,40539,15.45,494, 21484, 53.00,-3.26
MADHAV, EQ, 24-Dec-2021,54.0,56.0,57.3,54.0, 55.25,55.85,56.34,46421,26.15,460, 23267, 50.12,3.43
MADHAV, EQ, 24-Dec-2024,62.16,60.33,64.25,60.33,62.5,62.8,63.31,28882,18.29,743, 11473, 39.72,1.03
MADHAV, EQ, 25-Jan-2021,54.95,56.1,56.25,50.8, 51.80,52.85,52.79,45391,23.96,411, 29381, 64.73,-3.82
MADHAV, EQ, 25-Jan-2022,51.8,52.7,54.85,52.15,54.75,54.5,53.37,12776,6.82,288, 7720, 60.43,5.21
MADHAV, EQ, 25-Jan-2023,43.3,43.3,44.05,42.3, 43.10,42.8,43.04,6236,2.68,206, 3505, 56.21,-1.15
MADHAV, EQ, 25-Feb-2020,30.35,31.5,32.5,31.05, 31.95,32.2,31.61,8951,2.83,74, 3991, 44.59,6.1
MADHAV, EQ, 25-Feb-2021,60.5,62.4,62.45,58.8, 59.00,59.3,60.21,66386,39.97,750, 43260, 65.16,-1.98
MADHAV, EQ, 25-Feb-2022,50.05,54.0,60.05,51.5,56.0,57.65,56.83,450516,256.01,2247, 112443, 24.96,15.18
MADHAV, EQ, 25-Feb-2025,43.57,43.79,43.82,42.0,42.45,42.67,43.17,4014,1.73,65, 3737, 93.10,-2.07
MADHAV, EQ, 25-Mar-2020,19.75,20.0,20.55,17.8, 19.75,18.95,18.95,3806,0.72,117, 2430, 63.85,-4.05
MADHAV, EQ, 25-Mar-2021,51.2,51.8,51.8,46.55,47.5,48.05,48.45,36035,17.46,577, 24649, 68.40,-6.15
MADHAV, EQ, 25-Mar-2022,52.65,54.1,56.7,52.35,53.4,54.0,54.93,31152,17.11,842, 13873, 44.53,2.56
MADHAV, EQ, 25-Mar-2025,46.85,47.0,50.9,41.65,41.65,42.33,47.04,207860,97.77,2380, 54507, 26.22,-9.65
MADHAV, EQ, 25-Apr-2022,59.4,60.4,60.4,58.15,59.0,59.05,59.14,5983,3.54,189, 3457, 57.78,-0.59
MADHAV, EQ, 25-Apr-2023,40.95,40.95,44.7,40.95,43.25,43.45,43.03,59094,25.43,729, 42243, 71.48,6.11
MADHAV, EQ, 25-Apr-2025,46.28,45.22,46.54,43.0,44.0,44.14,44.5,16675,7.42,446, 10798, 64.76,-4.62
MADHAV, EQ, 25-May-2021,60.2,60.85,63.25,60.6, 61.20,60.9,61.81,124222,76.78,1885, 67435, 54.29,1.16
MADHAV, EQ, 25-May-2022,51.85,52.85,52.85,47.2, 49.30,49.2,50.18,6743,3.38,188, 4707, 69.81,-5.11
MADHAV, EQ, 25-May-2023,41.7,41.7,42.0,41.05, 41.60,41.35,41.47,5831,2.42,152, 3110, 53.34,-0.84
MADHAV, EQ, 25-Jun-2020,25.8,26.6,26.65,23.75, 24.00,24.75,25.08,5599,1.4,82, 3392, 60.58,-4.07
MADHAV, EQ, 25-Jun-2021,56.1,56.0,57.45,55.25, 55.80,56.0,56.24,18648,10.49,443, 6635, 35.58,-0.18
MADHAV, EQ, 25-Jul-2022,46.5,45.55,47.2,45.55, 46.10,46.25,46.28,7035,3.26,273, 3729, 53.01,-0.54
MADHAV, EQ, 25-Jul-2023,42.95,43.75,43.75,42.25, 42.80,42.55,42.97,15550,6.68,313, 9014, 57.97,-0.93
MADHAV, EQ, 25-Jul-2024,46.83,45.32,47.5,45.32,47.0,46.75,47.06,8871,4.17,450, 3630, 40.92,-0.17
MADHAV, EQ, 25-Aug-2020,26.3,26.5,26.5,25.3, 25.40,25.4,25.5,4823,1.23,53, 3677, 76.24,-3.42
MADHAV, EQ, 25-Aug-2021,57.2,58.8,58.8,56.55, 56.70,56.75,57.65,14779,8.52,290, 10725, 72.57,-0.79
MADHAV, EQ, 25-Aug-2022,51.5,51.5,55.2,51.1,51.1,52.2,53.66,144599,77.59,1183, 48300, 33.40,1.36
MADHAV, EQ, 25-Aug-2023,47.6,46.35,50.8,45.8, 49.10,49.6,48.87,547788,267.71,3076, 147372, 26.90,4.2
MADHAV, EQ, 25-Sep-2020,24.55,24.65,26.2,24.65, 26.00,26.15,25.99,1139,0.3,33, 1042, 91.48,6.52
MADHAV, EQ, 25-Sep-2023,52.25,52.8,53.5,50.8, 51.70,51.65,52.45,117838,61.81,1047, 59701, 50.66,-1.15
MADHAV, EQ, 25-Sep-2024,53.77,55.0,55.0,53.12,53.8,53.71,53.84,4199,2.26,182, 2248, 53.54,-0.11
MADHAV, EQ, 25-Oct-2021,55.5,56.4,56.5,54.0, 54.90,54.4,55.16,19536,10.78,226, 14562, 74.54,-1.98
MADHAV, EQ, 25-Oct-2022,41.8,42.0,42.7,40.1,40.1,41.6,41.79,7534,3.15,167, 5606, 74.41,-0.48
MADHAV, EQ, 25-Oct-2023,50.05,51.5,51.5,46.55,46.6,47.25,48.31,119814,57.89,2422, 27027, 22.56,-5.59
MADHAV, EQ, 25-Oct-2024,48.42,51.37,51.37,47.2,47.38,47.47,47.64,8770,4.18,195, 6977, 79.56,-1.96
MADHAV, EQ, 25-Nov-2020,28.45,29.55,29.55,27.1, 27.75,28.0,28.29,9220,2.61,94, 6559, 71.14,-1.58
MADHAV, EQ, 25-Nov-2021,51.65,51.0,55.85,50.5,55.4,55.25,52.85,23968,12.67,351, 14608, 60.95,6.97
MADHAV, EQ, 25-Nov-2022,42.85,43.0,43.0,41.45,42.1,42.25,42.29,8215,3.47,182, 6177, 75.19,-1.4
MADHAV, EQ, 25-Nov-2024,53.98,54.8,55.79,52.15,54.89,54.3,54.46,22118,12.04,475, 10422, 47.12,0.59
MADHAV, EQ, 26-Feb-2020,32.2,30.5,31.95,30.0, 30.55,30.7,30.52,623,0.19,27, 358, 57.46,-4.66
MADHAV, EQ, 26-Feb-2021,59.3,58.4,59.85,56.5,58.5,57.85,57.86,98374,56.92,799, 69807, 70.96,-2.45
MADHAV, EQ, 26-Mar-2020,18.95,19.75,19.85,19.0, 19.00,19.0,19.42,2889,0.56,47, 2571, 88.99,0.26
MADHAV, EQ, 26-Mar-2021,48.05,49.0,49.45,47.05,48.0,47.6,48.4,22689,10.98,313, 14408, 63.50,-0.94
MADHAV, EQ, 26-Mar-2025,42.33,42.01,44.44,41.0,41.31,41.56,42.2,17318,7.31,468, 8187, 47.27,-1.82
MADHAV, EQ, 26-Apr-2021,46.35,48.4,52.1,47.05, 49.90,49.65,50.01,105982,53.0,1493, 45029, 42.49,7.12
MADHAV, EQ, 26-Apr-2022,59.05,60.15,60.45,57.15, 58.85,57.8,58.69,39099,22.95,509, 18642, 47.68,-2.12
MADHAV, EQ, 26-Apr-2023,43.45,47.4,51.7,45.05, 45.40,45.4,48.14,459500,221.2,4162, 135088, 29.40,4.49
MADHAV, EQ, 26-May-2020,19.3,19.3,19.3,18.8, 18.80,18.85,19.29,123,0.02,5, 121, 98.37,-2.33
MADHAV, EQ, 26-May-2021,60.9,62.5,62.75,59.0, 61.00,59.65,60.33,43831,26.44,903, 25943, 59.19,-2.05
MADHAV, EQ, 26-May-2022,49.2,48.4,51.25,48.2,49.55,50.35,50.08,3242,1.62,88, 1900, 58.61,2.34
MADHAV, EQ, 26-May-2023,41.35,41.4,42.0,40.65,41.45,41.6,41.59,4701,1.96,109, 3344, 71.13,0.6
MADHAV, EQ, 26-Jun-2020,24.75,24.7,26.75,24.1, 24.80,24.9,24.92,10879,2.71,113, 5919, 54.41,0.61
MADHAV, EQ, 26-Jun-2023,43.3,44.1,44.1,42.3, 43.30,42.5,42.88,5250,2.25,130, 4592, 87.47,-1.85
MADHAV, EQ, 26-Jul-2021,67.05,66.4,68.9,64.75,65.1,65.25,66.52,71405,47.5,1623, 32208, 45.11,-2.68
MADHAV, EQ, 26-Jul-2022,46.25,46.5,46.95,46.05,46.25,46.2,46.59,7104,3.31,70, 4953, 69.72,-0.11
MADHAV, EQ, 26-Jul-2023,42.55,43.2,43.6,42.5, 43.30,42.95,43.04,7494,3.23,194, 4534, 60.50,0.94
MADHAV, EQ, 26-Jul-2024,46.75,47.96,48.5,46.52, 48.44,48.03,47.78,10930,5.22,136, 8431, 77.14,2.74
MADHAV, EQ, 26-Aug-2020,25.4,24.6,26.35,24.6, 25.60,25.6,25.14,2911,0.73,34, 2306, 79.22,0.79
MADHAV, EQ, 26-Aug-2021,56.75,58.35,59.3,56.85, 57.45,57.15,58.08,15338,8.91,295, 8587, 55.99,0.7
MADHAV, EQ, 26-Aug-2022,52.2,53.0,53.15,51.9,52.0,52.2,52.33,12960,6.78,206, 10751, 82.96,0.0
MADHAV, EQ, 26-Aug-2024,56.11,56.11,57.83,54.5,55.35,55.32,55.53,41306,22.94,1260, 12110, 29.32,-1.41
MADHAV, EQ, 26-Sep-2022,49.2,48.2,48.2,46.5,46.5,46.75,47.18,6574,3.1,150, 4418, 67.20,-4.98
MADHAV, EQ, 26-Sep-2023,51.65,52.4,52.7,51.0, 51.10,51.25,51.83,38011,19.7,537, 21562, 56.73,-0.77
MADHAV, EQ, 26-Sep-2024,53.71,54.0,55.04,52.21,54.99,54.63,53.94,22354,12.06,440, 12740, 56.99,1.71
MADHAV, EQ, 26-Oct-2020,25.4,26.0,26.0,24.0,24.6,24.45,24.64,1216,0.3,26, 612, 50.33,-3.74
MADHAV, EQ, 26-Oct-2021,54.4,55.75,57.5,54.5, 54.50,54.95,55.6,19963,11.1,201, 13135, 65.80,1.01
MADHAV, EQ, 26-Oct-2023,47.25,47.6,49.85,45.55, 49.50,49.05,47.2,66283,31.29,1840, 14041, 21.18,3.81
MADHAV, EQ, 26-Nov-2020,28.0,27.1,28.45,27.1, 28.40,28.4,27.77,2051,0.57,39, 1813, 88.40,1.43
MADHAV, EQ, 26-Nov-2021,55.25,54.9,57.0,51.55, 51.55,52.25,54.6,27450,14.99,499, 11506, 41.92,-5.43
MADHAV, EQ, 26-Nov-2024,54.3,53.92,54.89,52.54,53.99,53.63,53.8,6704,3.61,153, 4889, 72.93,-1.23
MADHAV, EQ, 26-Dec-2022,39.15,39.85,42.9,38.8,42.9,42.5,41.55,45135,18.75,823, 16655, 36.90,8.56
MADHAV, EQ, 26-Dec-2023,53.2,54.4,60.5,53.5, 60.10,59.85,58.83,283270,166.64,2606, 155446, 54.88,12.5
MADHAV, EQ, 26-Dec-2024,62.8,64.11,64.15,58.2,58.2,59.17,61.47,57359,35.26,1208, 29614, 51.63,-5.78
MADHAV, EQ, 27-Jan-2020,33.65,33.65,35.8,33.5, 33.50,33.85,34.78,1017,0.35,21, 489, 48.08,0.59
MADHAV, EQ, 27-Jan-2021,52.85,52.4,55.15,49.25, 53.90,53.0,52.69,49724,26.2,418, 24818, 49.91,0.28
MADHAV, EQ, 27-Jan-2022,54.5,54.5,54.75,50.8, 54.00,54.2,53.45,4791,2.56,190, 2583, 53.91,-0.55
MADHAV, EQ, 27-Jan-2023,42.8,42.8,42.9,41.4, 41.75,41.85,42.0,7379,3.1,201, 4637, 62.84,-2.22
MADHAV, EQ, 27-Jan-2025,49.39,49.1,49.96,43.79,46.97,46.05,46.47,28715,13.34,763, 14686, 51.14,-6.76
MADHAV, EQ, 27-Feb-2020,30.7,29.5,32.0,28.85, 30.10,30.1,29.96,5702,1.71,75, 3679, 64.52,-1.95
MADHAV, EQ, 27-Feb-2023,39.05,38.9,38.9,36.4, 37.40,37.0,37.58,21013,7.9,443, 15232, 72.49,-5.25
MADHAV, EQ, 27-Feb-2025,42.67,43.74,43.74,41.0,41.1,41.1,41.9,4866,2.04,192, 4406, 90.55,-3.68
MADHAV, EQ, 27-Mar-2020,19.0,19.95,19.95,18.2, 18.40,18.4,18.53,7058,1.31,29, 6888, 97.59,-3.16
MADHAV, EQ, 27-Mar-2023,38.15,38.0,39.25,37.15, 37.60,38.1,38.04,10486,3.99,264, 6714, 64.03,-0.13
MADHAV, EQ, 27-Mar-2025,41.56,43.9,43.9,40.49,41.6,41.01,41.03,13537,5.55,268, 10656, 78.72,-1.32
MADHAV, EQ, 27-Apr-2020,21.4,20.8,21.8,20.4, 20.45,20.85,20.99,4752,1.0,92, 2100, 44.19,-2.57
MADHAV, EQ, 27-Apr-2021,49.65,50.8,50.85,47.7,48.2,48.85,49.67,31504,15.65,258, 27063, 85.90,-1.61
MADHAV, EQ, 27-Apr-2022,57.8,58.9,59.8,57.5,59.0,58.7,58.99,32558,19.21,433, 17225, 52.91,1.56
MADHAV, EQ, 27-Apr-2023,45.4,45.9,45.9,42.55, 43.35,43.0,43.8,37034,16.22,831, 20948, 56.56,-5.29
MADHAV, EQ, 27-May-2020,18.85,18.95,18.95,18.75,18.95,18.9,18.94,2317,0.44,15, 2272, 98.06,0.27
MADHAV, EQ, 27-May-2021,59.65,59.65,60.35,57.35, 58.80,58.55,58.56,57574,33.71,1338, 28574, 49.63,-1.84
MADHAV, EQ, 27-May-2022,50.35,51.35,52.75,48.0, 50.20,51.05,50.94,10604,5.4,274, 5613, 52.93,1.39
MADHAV, EQ, 27-Jun-2022,44.3,44.9,44.9,42.7,43.0,43.05,43.38,10537,4.57,138, 9454, 89.72,-2.82
MADHAV, EQ, 27-Jun-2023,42.5,43.35,43.35,42.25, 42.90,42.55,42.64,5997,2.56,91, 4147, 69.15,0.12
MADHAV, EQ, 27-Jul-2020,21.75,21.1,22.0,21.1,21.85,21.6,21.61,9632,2.08,45, 1261, 13.09,-0.69
MADHAV, EQ, 27-Jul-2021,65.25,66.4,68.0,64.35, 66.10,66.5,66.59,75225,50.09,1395, 28735, 38.20,1.92
MADHAV, EQ, 27-Jul-2022,46.2,46.15,46.85,46.05,46.25,46.35,46.4,2336,1.08,79, 1625, 69.56,0.32
MADHAV, EQ, 27-Jul-2023,42.95,43.7,43.7,42.55, 42.95,42.7,43.03,9007,3.88,219, 4535, 50.35,-0.58
MADHAV, EQ, 27-Aug-2020,25.6,26.35,26.35,25.2,25.8,25.8,26.0,2535,0.66,48, 2380, 93.89,0.78
MADHAV, EQ, 27-Aug-2021,57.15,58.45,58.8,55.8, 55.80,56.75,57.62,22091,12.73,317, 11261, 50.98,-0.7
MADHAV, EQ, 27-Aug-2024,55.32,56.52,60.6,54.81,59.99,59.75,59.1,150062,88.68,1675, 80217, 53.46,8.01
MADHAV, EQ, 27-Sep-2021,54.45,56.3,56.3,53.6, 54.00,54.0,54.47,10428,5.68,244, 4689, 44.97,-0.83
MADHAV, EQ, 27-Sep-2022,46.75,47.65,47.65,45.15,45.55,46.1,46.43,3617,1.68,137, 2538, 70.17,-1.39
MADHAV, EQ, 27-Sep-2023,51.25,51.05,52.3,51.0, 51.10,51.05,51.66,67611,34.92,912, 30598, 45.26,-0.39
MADHAV, EQ, 27-Sep-2024,54.63,55.75,55.75,53.42,54.28,54.32,54.26,7457,4.05,579, 3049, 40.89,-0.57
MADHAV, EQ, 27-Oct-2020,24.45,25.0,25.25,22.7, 24.40,24.7,24.09,6590,1.59,105, 1472, 22.34,1.02
MADHAV, EQ, 27-Oct-2021,54.95,55.6,55.9,55.0, 55.05,55.15,55.37,6724,3.72,103, 4615, 68.63,0.36
MADHAV, EQ, 27-Oct-2022,41.6,41.05,42.0,40.5,41.75,41.15,41.24,2641,1.09,87, 2437, 92.28,-1.08
MADHAV, EQ, 27-Oct-2023,49.05,50.45,50.45,48.2,48.95,48.8,49.4,20617,10.19,530, 7768, 37.68,-0.51
MADHAV, EQ, 27-Nov-2020,28.4,28.95,28.95,27.8,28.8,28.2,28.22,4284,1.21,42, 3787, 88.40,-0.7
MADHAV, EQ, 27-Nov-2024,53.63,54.99,54.99,52.42,54.0,53.97,54.18,16092,8.72,281, 9906, 61.56,0.63
MADHAV, EQ, 27-Dec-2021,55.85,55.85,57.5,55.1, 55.60,56.55,56.16,22049,12.38,390, 12342, 55.98,1.25
MADHAV, EQ, 27-Dec-2022,42.5,43.3,43.35,41.5,42.5,42.6,42.76,18874,8.07,462, 9065, 48.03,0.24
MADHAV, EQ, 27-Dec-2023,59.85,60.9,65.2,58.6, 62.00,62.1,62.69,412112,258.37,3340, 166678, 40.44,3.76
MADHAV, EQ, 27-Dec-2024,59.17,63.97,63.97,58.96,60.0,60.0,60.74,66625,40.47,2377, 12149, 18.23,1.4
MADHAV, EQ, 28-Jan-2020,33.85,35.05,35.05,32.5, 33.00,33.0,33.36,868,0.29,34, 743, 85.60,-2.51
MADHAV, EQ, 28-Jan-2021,53.0,53.9,54.2,51.6, 52.35,52.75,53.37,12412,6.62,203, 7552, 60.84,-0.47
MADHAV, EQ, 28-Jan-2022,54.2,54.2,56.0,53.5, 53.50,53.85,55.02,7299,4.02,165, 5522, 75.65,-0.65
MADHAV, EQ, 28-Jan-2025,46.05,48.05,48.95,46.11,48.95,48.19,47.66,11713,5.58,477, 5863, 50.06,4.65
MADHAV, EQ, 28-Feb-2020,30.1,27.4,30.95,27.35, 28.75,29.7,29.29,2447,0.72,71, 1269, 51.86,-1.33
MADHAV, EQ, 28-Feb-2022,57.65,55.95,58.05,54.6, 56.00,56.3,56.21,72307,40.64,1439, 36418, 50.37,-2.34
MADHAV, EQ, 28-Feb-2023,37.0,37.05,37.9,36.8, 37.60,37.0,37.38,4561,1.71,114, 2312, 50.69,0.0
MADHAV, EQ, 28-Feb-2025,41.1,40.5,40.5,39.0,39.6,39.6,39.31,15268,6.0,270, 10312, 67.54,-3.65
MADHAV, EQ, 28-Mar-2022,54.0,55.95,55.95,52.05, 53.85,54.65,53.83,16471,8.87,231, 6259, 38.00,1.2
MADHAV, EQ, 28-Mar-2023,38.1,38.1,38.1,36.85, 37.50,37.4,37.39,11306,4.23,136, 7675, 67.88,-1.84
MADHAV, EQ, 28-Mar-2025,41.01,41.32,42.95,38.05,39.87,39.67,39.54,44601,17.63,925, 29408, 65.94,-3.27
MADHAV, EQ, 28-Apr-2020,20.85,20.85,20.9,20.25, 20.30,20.3,20.34,2654,0.54,24, 1304, 49.13,-2.64
MADHAV, EQ, 28-Apr-2021,48.85,48.9,50.1,48.2, 48.35,48.65,48.88,18379,8.98,218, 11965, 65.10,-0.41
MADHAV, EQ, 28-Apr-2022,58.7,59.1,59.1,56.5, 56.60,57.45,57.74,12023,6.94,198, 7857, 65.35,-2.13
MADHAV, EQ, 28-Apr-2023,43.0,43.7,44.8,42.6, 44.30,43.7,43.54,15265,6.65,319, 8270, 54.18,1.63
MADHAV, EQ, 28-May-2020,18.9,18.9,19.45,18.65,19.45,19.0,19.01,855,0.16,21, 491, 57.43,0.53
MADHAV, EQ, 28-May-2021,58.55,59.4,61.3,53.3,57.2,56.75,58.91,136951,80.67,1688, 43649, 31.87,-3.07
MADHAV, EQ, 28-Jun-2021,56.0,57.0,57.75,55.1, 55.40,55.45,56.12,12724,7.14,252, 7063, 55.51,-0.98
MADHAV, EQ, 28-Jun-2022,43.05,43.8,43.8,41.4, 42.50,41.75,42.27,5848,2.47,208, 3575, 61.13,-3.02
MADHAV, EQ, 28-Jul-2020,21.6,21.1,21.5,20.95,21.4,21.05,21.15,4919,1.04,51, 3135, 63.73,-2.55
MADHAV, EQ, 28-Jul-2021,66.5,66.5,68.3,64.4,65.45,65.1,65.73,32729,21.51,966, 16425, 50.18,-2.11
MADHAV, EQ, 28-Jul-2022,46.35,46.15,46.7,45.8, 46.30,46.0,46.18,6882,3.18,97, 5853, 85.05,-0.76
MADHAV, EQ, 28-Jul-2023,42.7,42.9,43.0,42.3, 43.00,42.65,42.64,8716,3.72,179, 7088, 81.32,-0.12
MADHAV, EQ, 28-Aug-2020,25.8,24.95,26.75,24.95, 25.20,25.35,25.53,5442,1.39,52, 4732, 86.95,-1.74
MADHAV, EQ, 28-Aug-2023,49.6,49.85,52.4,49.0, 49.90,50.2,51.06,305737,156.12,1774, 96588, 31.59,1.21
MADHAV, EQ, 28-Aug-2024,59.75,61.0,61.0,58.0,58.0,58.4,59.46,32179,19.13,417, 22295, 69.28,-2.26
MADHAV, EQ, 28-Sep-2020,26.15,25.9,26.95,25.9,26.85,26.75,26.48,15586,4.13,136,7545,48.41,2.29
MADHAV, EQ, 28-Sep-2021,54.0,54.1,55.35,54.05, 54.65,54.3,54.41,4690,2.55,142, 3190, 68.02,0.56
MADHAV, EQ, 28-Sep-2022,46.1,46.95,46.95,44.5,45.0,45.0,46.02,12340,5.68,185, 11271, 91.34,-2.39
MADHAV, EQ, 28-Sep-2023,51.05,52.45,53.8,49.55, 50.85,50.5,52.17,70748,36.91,1311, 24679, 34.88,-1.08
MADHAV, EQ, 28-Oct-2020,24.7,24.6,24.6,24.2, 24.30,24.3,24.31,392,0.1,11, 250, 63.78,-1.62
MADHAV, EQ, 28-Oct-2021,55.15,55.15,58.0,55.15, 55.95,55.85,56.53,19326,10.92,246, 10325, 53.43,1.27
MADHAV, EQ, 28-Oct-2022,41.15,41.85,41.95,41.1,41.25,41.4,41.56,4677,1.94,131, 3226, 68.98,0.61
MADHAV, EQ, 28-Oct-2024,47.47,47.5,48.88,46.02,47.95,47.64,47.77,5661,2.7,159, 3401, 60.08,0.36
MADHAV, EQ, 28-Nov-2022,42.25,42.95,42.95,41.8, 42.40,42.65,42.44,4207,1.79,110, 2486, 59.09,0.95
MADHAV, EQ, 28-Nov-2023,50.85,50.1,51.7,49.5, 50.80,50.2,50.29,30622,15.4,639, 15218, 49.70,-1.28
MADHAV, EQ, 28-Nov-2024,53.97,54.08,54.99,53.45,53.45,54.05,54.0,5693,3.07,455, 3786, 66.50,0.15
MADHAV, EQ, 28-Dec-2020,37.05,38.9,38.9,36.6,38.25,38.3,37.9,20430,7.74,263, 14062, 68.83,3.37
MADHAV, EQ, 28-Dec-2021,56.55,56.55,56.85,55.55,56.75,56.25,56.15,8117,4.56,152, 5952, 73.33,-0.53
MADHAV, EQ, 28-Dec-2022,42.6,43.25,45.0,41.6, 43.00,43.4,43.55,29013,12.63,484, 15421, 53.15,1.88
MADHAV, EQ, 28-Dec-2023,62.1,62.4,65.0,60.2, 61.80,61.5,61.9,222753,137.89,1950, 103401, 46.42,-0.97
MADHAV, EQ, 29-Jan-2020,33.0,32.55,35.0,31.4, 32.80,34.65,33.55,1995,0.67,48, 1628, 81.60,5.0
MADHAV, EQ, 29-Jan-2021,52.75,52.35,53.65,51.05, 51.05,52.05,52.56,6176,3.25,88, 5416, 87.69,-1.33
MADHAV, EQ, 29-Jan-2025,48.19,48.67,48.84,48.01,48.5,48.48,48.26,3555,1.72,117, 2616, 73.59,0.6
MADHAV, EQ, 29-Mar-2022,54.65,56.45,56.45,52.6, 54.00,53.2,53.22,16405,8.73,236, 13668, 83.32,-2.65
MADHAV, EQ, 29-Mar-2023,37.4,37.55,38.85,37.1, 37.95,37.6,37.85,12051,4.56,172, 8681, 72.04,0.53
MADHAV, EQ, 29-Apr-2020,20.3,21.2,21.2,19.9,21.1,20.55,20.35,1714,0.35,39, 1089, 63.54,1.23
MADHAV, EQ, 29-Apr-2021,48.65,48.7,52.4,48.15, 51.90,50.95,50.85,76413,38.86,757, 34132, 44.67,4.73
MADHAV, EQ, 29-Apr-2022,57.45,57.05,57.65,54.95,55.25,55.25,56.01,12024,6.73,335, 7882, 65.55,-3.83
MADHAV, EQ, 29-May-2020,19.0,19.1,19.6,19.0, 19.50,19.45,19.41,6459,1.25,29, 6359, 98.45,2.37
MADHAV, EQ, 29-May-2023,41.6,42.95,42.95,40.35, 40.40,40.55,40.81,21282,8.69,338, 15164, 71.25,-2.52
MADHAV, EQ, 29-Jun-2020,24.9,26.6,26.6,24.35, 24.95,24.95,25.13,2250,0.57,37, 1812, 80.53,0.2
MADHAV, EQ, 29-Jun-2021,55.45,55.5,56.7,51.95, 54.70,54.85,54.45,22719,12.37,288, 15851, 69.77,-1.08
MADHAV, EQ, 29-Jun-2022,41.75,41.05,43.1,40.1, 41.20,41.05,41.37,10987,4.54,242, 5099, 46.41,-1.68
MADHAV, EQ, 28-Jun-2023,42.55,42.9,42.9,42.2, 42.70,42.45,42.5,3189,1.36,74, 2278, 71.43,-0.24
MADHAV, EQ, 29-Jul-2020,21.05,21.55,21.95,21.15, 21.95,21.95,21.56,2242,0.48,43, 1242, 55.40,4.28
MADHAV, EQ, 29-Jul-2021,65.1,66.65,71.9,65.05,68.8,68.6,69.59,160658,111.8,2275, 67935, 42.29,5.38
MADHAV, EQ, 29-Jul-2022,46.0,46.35,46.75,46.0,46.05,46.4,46.39,4821,2.24,91, 3882, 80.52,0.87
MADHAV, EQ, 29-Jul-2024,48.03,49.98,49.98,47.13,48.3,48.01,48.22,12050,5.81,458, 6845, 56.80,-0.04
MADHAV, EQ, 29-Aug-2022,52.2,52.2,53.0,50.15, 52.30,51.75,51.57,11704,6.04,216, 7355, 62.84,-0.86
MADHAV, EQ, 29-Aug-2023,50.2,50.2,51.8,48.4, 48.55,48.8,50.31,168702,84.87,1725, 42649, 25.28,-2.79
MADHAV, EQ, 29-Aug-2024,58.4,59.71,59.99,57.27,58.1,58.15,58.58,75382,44.16,2112, 6853, 9.09,-0.43
MADHAV, EQ, 29-Sep-2020,26.75,26.0,26.75,25.55,26.0,26.3,26.05,4988,1.3,122, 1778, 35.65,-1.68
MADHAV, EQ, 29-Sep-2021,54.3,54.75,55.5,54.65, 54.75,54.85,54.97,7524,4.14,95, 5692, 75.65,1.01
MADHAV, EQ, 29-Sep-2022,45.0,47.0,47.0,44.6,44.6,45.0,45.34,8667,3.93,186, 7272, 83.90,0.0
MADHAV, EQ, 29-Sep-2023,50.5,50.1,51.5,49.7, 50.00,50.05,50.54,82344,41.62,2137, 10406, 12.64,-0.89
MADHAV, EQ, 29-Oct-2020,24.3,24.0,25.0,23.35,25.0,24.1,23.97,6959,1.67,71, 2050, 29.46,-0.82
MADHAV, EQ, 29-Oct-2021,55.85,55.6,56.95,53.5, 53.75,54.0,55.17,16222,8.95,212, 11399, 70.27,-3.31
MADHAV, EQ, 29-Oct-2024,47.64,48.73,48.75,46.11,46.7,46.35,46.68,6911,3.23,199, 4541, 65.71,-2.71
MADHAV, EQ, 29-Nov-2021,52.25,53.3,53.3,50.75, 51.65,51.8,51.99,16220,8.43,237, 13045, 80.43,-0.86
MADHAV, EQ, 29-Nov-2022,42.65,43.7,43.7,41.9,42.3,42.4,42.51,9924,4.22,231, 5643, 56.86,-0.59
MADHAV, EQ, 29-Nov-2023,50.2,50.55,52.2,50.25, 51.40,51.1,51.45,33283,17.12,467, 16982, 51.02,1.79
MADHAV, EQ, 29-Nov-2024,54.05,54.02,57.95,53.62,55.0,55.35,55.46,24843,13.78,455, 15222, 61.27,2.41
MADHAV, EQ, 29-Dec-2020,38.3,38.55,41.35,37.05,40.75,40.55,40.0,102267,40.91,636, 45659, 44.65,5.87
MADHAV, EQ, 29-Dec-2021,56.25,57.35,57.35,55.7, 55.75,55.8,55.88,4700,2.63,65, 3859, 82.11,-0.8
MADHAV, EQ, 29-Dec-2022,43.4,42.65,46.5,41.95, 43.50,43.7,44.74,72286,32.34,1093, 23020, 31.85,0.69
MADHAV, EQ, 29-Dec-2023,61.5,62.45,62.95,59.7, 61.10,61.3,61.36,94068,57.72,965, 50342, 53.52,-0.33
MADHAV, EQ, 30-Jan-2020,34.65,33.65,34.0,30.7, 32.00,30.9,31.72,2464,0.78,219, 1706, 69.24,-10.82
MADHAV, EQ, 30-Jan-2023,41.85,42.65,43.2,41.3, 42.85,42.55,42.46,1545,0.66,71, 905, 58.58,1.67
MADHAV, EQ, 30-Jan-2025,48.48,49.85,49.85,48.09,48.12,49.12,48.91,10333,5.05,405, 3810, 36.87,1.32
MADHAV, EQ, 30-Mar-2020,18.4,18.0,18.45,17.5, 18.30,18.3,17.56,1426,0.25,29, 1313, 92.08,-0.54
MADHAV, EQ, 30-Mar-2021,47.6,49.6,49.6,46.4,46.4,47.1,47.92,7966,3.82,174, 5210, 65.40,-1.05
MADHAV, EQ, 30-Mar-2022,53.2,52.95,54.9,52.05, 52.05,52.95,53.42,11699,6.25,248, 7320, 62.57,-0.47
MADHAV, EQ, 30-Apr-2020,20.55,20.6,21.55,20.2,21.15,21.45,20.74,2871,0.6,130, 1831, 63.78,4.38
MADHAV, EQ, 30-Apr-2021,50.95,49.55,51.95,49.55,49.6,49.9,50.36,18376,9.25,232, 13574, 73.87,-2.06
MADHAV, EQ, 30-May-2022,51.05,48.85,51.95,46.95, 47.70,48.0,48.04,44390,21.32,550, 26560, 59.83,-5.97
MADHAV, EQ, 30-May-2023,40.55,41.15,41.85,40.0, 41.85,41.05,40.65,13187,5.36,159, 9687, 73.46,1.23
MADHAV, EQ, 30-Jun-2020,24.95,25.2,25.25,22.5, 23.35,23.6,23.46,9780,2.29,96, 6814, 69.67,-5.41
MADHAV, EQ, 30-Jun-2021,54.85,56.95,56.95,52.3, 53.80,53.9,53.71,78585,42.2,772, 49187, 62.59,-1.73
MADHAV, EQ, 30-Jun-2022,41.05,41.8,41.85,40.85,40.9,41.15,41.47,2456,1.02,60, 1832, 74.59,0.24
MADHAV, EQ, 30-Jun-2023,42.45,43.0,44.0,41.6, 43.75,43.7,43.28,30508,13.2,562, 18361, 60.18,2.94
MADHAV, EQ, 30-Jul-2020,21.95,22.5,22.95,21.55, 22.00,21.95,22.12,3015,0.67,61, 1228, 40.73,0.0
MADHAV, EQ, 30-Jul-2021,68.6,68.6,70.0,66.1, 66.65,66.8,68.25,32602,22.25,859, 18141, 55.64,-2.62
MADHAV, EQ, 30-Jul-2024,48.01,49.72,49.92,47.99,49.72,49.65,49.36,13011,6.42,251, 8716, 66.99,3.42
MADHAV, EQ, 30-Aug-2021,56.75,56.3,62.6,56.3, 59.50,59.45,60.57,70023,42.41,1628, 30219, 43.16,4.76
MADHAV, EQ, 30-Aug-2022,51.75,52.65,52.7,51.5, 51.50,51.6,51.84,12661,6.56,173, 8809, 69.58,-0.29
MADHAV, EQ, 30-Aug-2023,48.8,48.55,50.85,47.65, 48.00,48.0,49.67,68740,34.14,849, 34961, 50.86,-1.64
MADHAV, EQ, 30-Aug-2024,58.15,56.55,60.39,56.55,57.82,58.44,58.64,83446,48.93,1517, 19925, 23.88,0.5
MADHAV, EQ, 30-Sep-2020,26.3,26.0,26.6,25.3,26.4,25.95,25.97,7217,1.87,110, 5907, 81.85,-1.33
MADHAV, EQ, 30-Sep-2021,54.85,54.4,56.05,54.0, 56.00,55.7,55.32,14712,8.14,201, 10909, 74.15,1.55
MADHAV, EQ, 30-Sep-2022,45.0,45.7,46.45,43.5, 44.85,44.7,45.28,27500,12.45,448, 18068, 65.70,-0.67
MADHAV, EQ, 30-Sep-2024,54.32,55.45,55.45,52.82,53.25,53.54,54.02,8726,4.71,155, 5786, 66.31,-1.44
MADHAV, EQ, 30-Oct-2020,24.1,24.0,25.4,23.7, 25.40,25.15,24.54,4116,1.01,38, 3093, 75.15,4.36
MADHAV, EQ, 30-Oct-2023,48.8,49.05,50.45,48.3, 49.95,49.25,49.47,25473,12.6,727, 7517, 29.51,0.92
MADHAV, EQ, 30-Oct-2024,46.35,45.99,50.98,45.99,50.98,50.8,49.59,21415,10.62,319, 18021, 84.15,9.6
MADHAV, EQ, 30-Nov-2021,51.8,53.95,54.0,52.05,52.05,52.15,52.53,8745,4.59,240, 5345, 61.12,0.68
MADHAV, EQ, 30-Nov-2022,42.4,43.65,43.65,42.05,42.35,42.2,42.26,5162,2.18,55, 3973, 76.97,-0.47
MADHAV, EQ, 30-Nov-2023,51.1,51.85,51.85,49.5, 50.90,50.5,50.42,30431,15.34,723, 14840, 48.77,-1.17
MADHAV, EQ, 30-Dec-2020,40.55,40.7,40.8,38.25,39.65,40.05,40.09,49418,19.81,311, 25826, 52.26,-1.23
MADHAV, EQ, 30-Dec-2021,55.8,55.85,56.6,54.75, 55.00,55.15,55.68,6657,3.71,192, 2658, 39.93,-1.16
MADHAV, EQ, 30-Dec-2022,43.7,43.5,45.75,43.5,44.3,44.8,44.9,15962,7.17,209, 9801, 61.40,2.52
MADHAV, EQ, 30-Dec-2024,60.0,60.0,62.84,57.65,57.8,57.98,60.33,42741,25.79,1693, 5709, 13.36,-3.37
MADHAV, EQ, 31-Jan-2020,30.9,30.0,33.95,30.0, 33.80,33.6,32.74,5831,1.91,151, 4658, 79.88,8.74
MADHAV, EQ, 31-Jan-2022,53.85,53.5,54.55,53.5,53.6,53.7,53.88,5393,2.91,152, 3844, 71.28,-0.28
MADHAV, EQ, 31-Jan-2023,42.55,42.85,44.45,41.7,42.45,42.55,43.14,18458,7.96,390, 9508, 51.51,0.0
MADHAV, EQ, 31-Jan-2025,49.12,48.91,51.0,48.33,51.0,50.26,49.65,6157,3.06,450, 1551, 25.19,2.32
MADHAV, EQ, 31-Mar-2020,18.3,17.6,19.05,17.6,18.8,18.8,18.27,1112,0.2,20, 753, 67.72,2.73
MADHAV, EQ, 31-Mar-2021,47.1,46.45,48.0,46.45, 47.85,47.75,47.67,3799,1.81,96, 3328, 87.60,1.38
MADHAV, EQ, 31-Mar-2022,52.95,52.75,53.75,51.0, 52.50,51.9,51.9,16385,8.5,412, 11368, 69.38,-1.98
MADHAV, EQ, 31-Mar-2023,37.6,38.35,40.35,37.65, 39.20,39.2,39.23,12567,4.93,309, 6676, 53.12,4.26
MADHAV, EQ, 31-May-2021,56.75,57.35,58.5,53.95, 56.05,56.9,57.08,183192,104.56,2220, 77442, 42.27,0.26
MADHAV, EQ, 31-May-2022,48.0,48.8,48.85,47.0, 48.30,47.9,47.89,12816,6.14,268, 7751, 60.48,-0.21
MADHAV, EQ, 31-May-2023,41.05,41.65,42.7,40.95, 42.15,42.5,41.99,15047,6.32,198, 13101, 87.07,3.53
MADHAV, EQ, 31-Jul-2020,21.95,23.0,23.0,20.4,21.65,20.9,21.21,4103,0.87,85, 2500, 60.93,-4.78
MADHAV, EQ, 31-Jul-2023,42.65,44.25,44.25,42.15, 43.00,43.1,43.02,19484,8.38,396, 8515, 43.70,1.06
MADHAV, EQ, 31-Jul-2024,49.65,50.0,51.0,48.62,49.0,48.92,49.37,11053,5.46,341, 6908, 62.50,-1.47
MADHAV, EQ, 31-Aug-2020,25.35,25.3,26.1,23.3, 24.25,24.2,24.15,5863,1.42,78, 3926, 66.96,-4.54
MADHAV, EQ, 31-Aug-2021,59.45,61.95,61.95,58.55,59.0,59.45,60.17,14186,8.54,259, 11123, 78.41,0.0
MADHAV, EQ, 31-Aug-2023,48.0,48.8,49.2,47.1, 47.70,47.55,48.37,20981,10.15,515, 11380, 54.24,-0.94
MADHAV, EQ, 31-Oct-2022,41.4,40.8,42.2,40.8,41.9,41.65,41.78,7870,3.29,151, 3813, 48.45,0.6
MADHAV, EQ, 31-Oct-2023,49.25,50.35,53.3,49.35, 51.50,51.7,51.71,79448,41.09,1013, 34340, 43.22,4.97
MADHAV, EQ, 31-Oct-2024,50.8,50.8,53.59,49.42,53.48,52.51,52.06,8385,4.37,254, 5501, 65.61,3.37
MADHAV, EQ, 31-Dec-2020,40.05,40.95,46.35,39.9,42.6,42.65,44.19,214783,94.91,1808, 80506, 37.48,6.49
MADHAV, EQ, 31-Dec-2021,55.15,55.1,56.45,55.0,56.05,56.15,55.94,16309,9.12,245, 11292, 69.24,1.81
MADHAV, EQ, 31-Dec-2024,57.98,57.65,62.6,56.05,56.5,57.46,58.73,70524,41.42,2539, 16184, 22.95,-0.9
