SYMBOL, SERIES, DATE1, PREV_CLOSE, OPEN_PRICE, HIGH_PRICE, LOW_PRICE, LAST_PRICE, CLOSE_PRICE, AVG_PRICE, TTL_TRD_QNTY, TURNOVER_LACS, NO_OF_TRADES, DELIV_QTY, DELIV_PER,PER_CHANGE
MARUTI, EQ, 01-Jan-2020,7368.6,7377.0,7409.95,7282.05, 7308.00,7311.7,7339.1,634725,46583.07,42182, 94094, 14.82,-0.77
MARUTI, EQ, 01-Jan-2021,7649.6,7654.0,7748.5,7650.0, 7687.00,7691.3,7704.92,767574,59140.94,55693, 93385, 12.17,0.55
MARUTI, EQ, 01-Jan-2024,10302.35,10345.0,10345.0,10214.65, 10270.00,10283.3,10274.79,411724,42303.79,58748, 255206, 61.98,-0.18
MARUTI, EQ, 01-Jan-2025,10858.4,10858.0,11273.95,10800.2,11185.0,11208.3,11106.44,383202,42560.12,60953, 108226, 28.24,3.22
MARUTI, EQ, 01-Feb-2021,7206.65,7265.2,7475.0,7152.0, 7430.00,7399.8,7315.28,1611478,117884.11,179773, 290905, 18.05,2.68
MARUTI, EQ, 01-Feb-2022,8597.3,8693.0,8790.8,8351.0,8567.95,8559.4,8574.32,819689,70282.72,95010, 255204, 31.13,-0.44
MARUTI, EQ, 01-Feb-2023,8895.3,8937.0,9030.45,8673.9, 8764.95,8768.85,8861.69,707460,62692.92,73003, 329914, 46.63,-1.42
MARUTI, EQ, 01-Feb-2024,10186.9,10210.0,10699.8,10204.0, 10603.20,10637.95,10554.38,1869594,197324.03,230650, 820758, 43.90,4.43
MARUTI, EQ, 01-Mar-2021,6866.15,6977.0,7032.85,6917.05, 7024.90,7015.0,6987.36,1417600,99052.79,133457, 637032, 44.94,2.17
MARUTI, EQ, 01-Mar-2023,8624.35,8620.0,8776.25,8620.0, 8754.95,8764.15,8732.1,333441,29116.41,43337, 156213, 46.85,1.62
MARUTI, EQ, 01-Mar-2024,11288.35,11295.0,11675.0,11295.0, 11635.15,11620.95,11524.3,487355,56164.28,79404, 284425, 58.36,2.95
MARUTI, EQ, 01-Apr-2020,4288.3,4290.0,4424.85,4190.1,4229.0,4246.35,4273.79,1323857,56578.9,147374, 325257, 24.57,-0.98
MARUTI, EQ, 01-Apr-2021,6859.2,6950.0,6991.5,6855.0, 6922.00,6923.9,6928.21,660759,45778.79,57833, 170697, 25.83,0.94
MARUTI, EQ, 01-Apr-2022,7561.3,7574.0,7729.0,7517.35, 7670.00,7700.05,7631.34,449386,34294.17,57135, 111801, 24.88,1.84
MARUTI, EQ, 01-Apr-2024,12600.35,12613.35,12689.0,12506.15, 12595.35,12569.6,12589.0,314676,39614.58,54715, 141125, 44.85,-0.24
MARUTI, EQ, 01-Apr-2025,11522.15,11480.0,11545.8,11290.0,11455.25,11481.1,11415.76,498244,56878.32,96268, 305304, 61.28,-0.36
MARUTI, EQ, 01-Jun-2020,5610.8,5690.0,5864.65,5666.9, 5758.00,5793.6,5790.13,2341043,135549.41,155689, 545309, 23.29,3.26
MARUTI, EQ, 01-Jun-2021,7086.3,7107.55,7143.0,7047.05, 7085.00,7091.15,7100.25,642841,45643.3,56757, 237134, 36.89,0.07
MARUTI, EQ, 01-Jun-2022,7966.35,7975.05,8068.9,7880.1,7930.0,7939.4,7958.64,522004,41544.4,55488, 180450, 34.57,-0.34
MARUTI, EQ, 01-Jun-2023,9367.7,9337.5,9377.55,9222.0, 9330.00,9328.3,9306.45,378706,35244.1,46443, 165855, 43.80,-0.42
MARUTI, EQ, 01-Jul-2020,5838.3,5838.3,5885.0,5775.0, 5795.00,5803.1,5815.43,1284965,74726.2,91004, 183034, 14.24,-0.6
MARUTI, EQ, 01-Jul-2021,7515.9,7500.0,7605.0,7495.05, 7584.55,7584.4,7563.96,584331,44198.58,57959, 255187, 43.67,0.91
MARUTI, EQ, 01-Jul-2022,8470.75,8440.0,8450.0,8305.6,8399.95,8402.6,8369.57,530569,44406.34,57093, 225342, 42.47,-0.8
MARUTI, EQ, 01-Jul-2024,12033.85,12045.0,12260.0,12005.55,12100.0,12108.65,12124.61,1134926,137605.39,122841, 727688, 64.12,0.62
MARUTI, EQ, 01-Aug-2022,8773.55,8850.0,9085.0,8822.6, 8994.75,9003.4,8986.93,1009408,90714.75,119678, 362043, 35.87,2.62
MARUTI, EQ, 01-Aug-2023,9820.75,9760.0,9892.0,9650.05, 9704.00,9716.75,9742.7,1394528,135864.67,132237, 608873, 43.66,-1.06
MARUTI, EQ, 01-Aug-2024,13115.8,13393.0,13680.0,13112.0,13343.05,13359.05,13394.3,2040384,273295.06,260139, 614334, 30.11,1.85
MARUTI, EQ, 01-Sep-2020,6839.95,6860.45,7018.7,6802.0, 6912.00,6905.65,6929.84,1117127,77415.13,93743, 192159, 17.20,0.96
MARUTI, EQ, 01-Sep-2021,6846.1,6799.95,6820.0,6702.35,6786.0,6784.9,6764.87,1108476,74987.01,124234, 609996, 55.03,-0.89
MARUTI, EQ, 01-Sep-2022,9082.25,8949.95,9233.65,8941.0,9026.5,9024.5,9108.8,888864,80964.84,105299, 402423, 45.27,-0.64
MARUTI, EQ, 01-Sep-2023,10003.8,9999.0,10397.95,9951.35, 10320.10,10331.25,10210.53,1193178,121829.86,126234, 591266, 49.55,3.27
MARUTI, EQ, 01-Oct-2020,6743.45,6838.2,6909.0,6775.4, 6795.00,6796.3,6842.01,1256003,85935.85,97656, 326967, 26.03,0.78
MARUTI, EQ, 01-Oct-2021,7338.05,7220.0,7220.0,7090.0, 7152.00,7162.3,7156.29,901588,64520.25,99315, 334664, 37.12,-2.4
MARUTI, EQ, 01-Oct-2024,13238.0,13238.0,13300.45,13000.05,13148.0,13166.0,13122.3,388888,51031.03,65952, 205631, 52.88,-0.54
MARUTI, EQ, 01-Nov-2021,7482.4,7401.0,7666.0,7401.0, 7602.65,7615.55,7580.31,1005690,76234.38,74955, 651868, 64.82,1.78
MARUTI, EQ, 01-Nov-2022,9527.6,9635.0,9636.9,9375.0,9435.0,9454.6,9491.95,805517,76459.23,100273, 407792, 50.62,-0.77
MARUTI, EQ, 01-Nov-2023,10392.3,10390.1,10422.2,10188.65, 10209.70,10227.75,10272.86,699116,71819.23,101963, 366444, 52.42,-1.58
MARUTI, EQ, 01-Dec-2020,7035.8,7141.8,7141.8,6975.2,7100.0,7101.7,7068.01,1076695,76100.88,89996, 366922, 34.08,0.94
MARUTI, EQ, 01-Dec-2021,7067.8,7191.0,7380.0,7130.05,7300.5,7273.25,7261.18,1669583,121231.36,147857, 543269, 32.54,2.91
MARUTI, EQ, 01-Dec-2022,8974.15,9019.05,9025.0,8930.0,8960.0,8958.15,8968.06,694489,62282.21,80117, 417569, 60.13,-0.18
MARUTI, EQ, 01-Dec-2023,10608.7,10608.0,10759.0,10533.05, 10559.00,10585.7,10654.73,591519,63024.73,71261, 235787, 39.86,-0.22
MARUTI, EQ, 02-Jan-2020,7311.7,7327.6,7368.0,7312.0, 7316.45,7329.85,7339.32,616838,45271.74,51801, 173302, 28.10,0.25
MARUTI, EQ, 02-Jan-2023,8394.6,8365.0,8454.0,8337.6, 8408.00,8403.3,8405.9,398159,33468.84,48615, 207098, 52.01,0.1
MARUTI, EQ, 02-Jan-2024,10283.3,10283.3,10294.7,10151.05, 10190.00,10197.75,10202.56,776837,79257.28,121457, 564333, 72.64,-0.83
MARUTI, EQ, 02-Jan-2025,11208.3,11285.0,11859.15,11226.0,11837.0,11841.3,11644.01,1417042,165000.46,178108, 738040, 52.08,5.65
MARUTI, EQ, 02-Feb-2021,7399.8,7534.9,7769.75,7490.15, 7661.00,7654.7,7651.32,1700845,130137.02,128518, 450748, 26.50,3.44
MARUTI, EQ, 02-Feb-2022,8559.4,8579.7,8683.0,8440.25, 8530.00,8515.25,8545.64,580433,49601.7,88013, 210042, 36.19,-0.52
MARUTI, EQ, 02-Feb-2023,8768.85,8765.0,8940.0,8751.1, 8855.00,8870.15,8863.37,456995,40505.17,59983, 251449, 55.02,1.16
MARUTI, EQ, 02-Feb-2024,10637.95,10598.0,10711.6,10540.4, 10630.00,10655.45,10645.38,814940,86753.43,122140, 479402, 58.83,0.16
MARUTI, EQ, 02-Mar-2020,6283.1,6400.95,6439.55,6250.0, 6300.00,6285.15,6332.12,1219764,77236.95,96971, 413139, 33.87,0.03
MARUTI, EQ, 02-Mar-2021,7015.0,7060.0,7235.0,7030.0,7223.0,7214.1,7138.08,1395296,99597.32,115867, 644925, 46.22,2.84
MARUTI, EQ, 02-Mar-2022,8314.15,8197.7,8199.0,7764.0, 7815.15,7814.2,7918.44,1783011,141186.69,202170, 869422, 48.76,-6.01
MARUTI, EQ, 02-Mar-2023,8764.15,8771.0,8771.0,8509.1, 8536.00,8548.75,8603.89,603893,51958.29,78005, 352405, 58.36,-2.46
MARUTI, EQ, 02-Apr-2024,12569.6,12624.95,12648.0,12462.25, 12540.90,12552.45,12537.96,333508,41815.09,46838, 144143, 43.22,-0.14
MARUTI, EQ, 02-Apr-2025,11481.1,11481.1,11732.0,11410.05,11691.0,11716.1,11663.86,452994,52836.58,80324, 270713, 59.76,2.05
MARUTI, EQ, 02-May-2022,7717.8,7665.0,7750.0,7544.3,7631.0,7634.75,7652.73,544053,41634.93,64426, 186532, 34.29,-1.08
MARUTI, EQ, 02-May-2023,8589.55,8622.7,8827.0,8606.0, 8765.20,8776.85,8736.34,865562,75618.41,74287, 520625, 60.15,2.18
MARUTI, EQ, 02-May-2024,12817.5,12750.0,12844.15,12514.8, 12771.00,12805.35,12750.93,814923,103910.3,155560, 339143, 41.62,-0.09
MARUTI, EQ, 02-Jun-2020,5793.6,5797.75,5849.0,5625.1,5685.0,5690.1,5721.99,2110720,120775.24,158952, 454994, 21.56,-1.79
MARUTI, EQ, 02-Jun-2021,7091.15,7063.45,7197.7,7063.45, 7185.50,7184.7,7141.97,598862,42770.56,65123, 289848, 48.40,1.32
MARUTI, EQ, 02-Jun-2022,7939.4,7925.0,7972.0,7855.6,7917.1,7925.4,7911.2,352848,27914.51,47573, 109618, 31.07,-0.18
MARUTI, EQ, 02-Jun-2023,9328.3,9389.0,9525.15,9312.7, 9500.25,9485.35,9428.06,445105,41964.77,44282, 248550, 55.84,1.68
MARUTI, EQ, 02-Jul-2020,5803.1,5850.0,5960.0,5762.8, 5938.00,5948.45,5866.62,1470951,86295.17,109150, 287700, 19.56,2.5
MARUTI, EQ, 02-Jul-2021,7584.4,7625.0,7634.5,7546.55,7564.0,7573.85,7577.27,434905,32953.94,48194, 238506, 54.84,-0.14
MARUTI, EQ, 02-Jul-2024,12108.65,12149.95,12149.95,11995.0,12029.9,12042.6,12051.14,687181,82813.12,67854, 483328, 70.33,-0.55
MARUTI, EQ, 02-Aug-2021,6977.7,7100.0,7107.45,7031.0,7073.0,7076.95,7063.48,433760,30638.55,50547, 189072, 43.59,1.42
MARUTI, EQ, 02-Aug-2022,9003.4,8985.0,9196.85,8954.0,9135.05,9173.05,9080.9,848311,77034.24,93578, 318047, 37.49,1.88
MARUTI, EQ, 02-Aug-2023,9716.75,9715.0,9793.45,9520.35, 9625.00,9653.8,9632.53,672815,64809.09,96094, 330737, 49.16,-0.65
MARUTI, EQ, 02-Aug-2024,13359.05,13126.0,13174.9,12673.05,12697.1,12726.4,12826.91,1333355,171028.27,156599, 748350, 56.13,-4.74
MARUTI, EQ, 02-Sep-2020,6905.65,6905.5,6980.0,6852.4, 6931.05,6920.75,6913.9,776393,53679.01,66495, 157689, 20.31,0.22
MARUTI, EQ, 02-Sep-2021,6784.9,6852.7,6858.95,6708.2, 6780.00,6792.9,6766.53,741052,50143.51,76284, 407456, 54.98,0.12
MARUTI, EQ, 02-Sep-2022,9024.5,9026.5,9149.9,8902.1,8910.0,8919.6,9028.63,632909,57143.02,64451, 266331, 42.08,-1.16
MARUTI, EQ, 02-Sep-2024,12403.0,12373.0,12525.0,12350.4,12425.0,12427.4,12426.24,331514,41194.72,52645, 175385, 52.90,0.2
MARUTI, EQ, 02-Nov-2020,6965.15,7044.9,7053.4,6850.0, 6875.45,6868.35,6919.73,1059351,73304.21,81137, 201745, 19.04,-1.39
MARUTI, EQ, 02-Nov-2021,7615.55,7647.95,7910.0,7630.8, 7790.00,7791.75,7828.89,1302733,101989.54,116675, 461267, 35.41,2.31
MARUTI, EQ, 02-Nov-2022,9454.6,9445.0,9454.6,9210.0,9224.15,9229.4,9272.54,788679,73130.58,94581, 439370, 55.71,-2.38
MARUTI, EQ, 02-Nov-2023,10227.75,10290.3,10345.0,10201.0, 10318.00,10303.6,10274.45,569194,58481.55,79562, 319372, 56.11,0.74
MARUTI, EQ, 02-Dec-2020,7101.7,7110.0,7220.0,7105.0, 7204.00,7206.5,7181.43,1106734,79479.29,92259, 383038, 34.61,1.48
MARUTI, EQ, 02-Dec-2021,7273.25,7285.0,7355.45,7245.65, 7306.45,7324.95,7292.46,618573,45109.16,66146, 198162, 32.04,0.71
MARUTI, EQ, 02-Dec-2022,8958.15,8820.0,8928.9,8754.75, 8823.00,8815.85,8825.9,971612,85753.49,111529, 446718, 45.98,-1.59
MARUTI, EQ, 02-Dec-2024,11074.2,11151.0,11330.0,11151.0,11230.0,11239.3,11264.75,446880,50339.9,81378, 162757, 36.42,1.49
MARUTI, EQ, 03-Jan-2020,7329.85,7328.95,7332.0,7226.0, 7250.35,7254.25,7275.61,571967,41614.07,42037, 152281, 26.62,-1.03
MARUTI, EQ, 03-Jan-2022,7426.45,7420.0,7605.95,7420.0, 7529.95,7523.9,7529.53,456599,34379.76,46690, 94358, 20.67,1.31
MARUTI, EQ, 03-Jan-2023,8403.3,8380.0,8402.0,8304.15, 8390.00,8382.75,8363.88,493207,41251.22,79882, 301315, 61.09,-0.24
MARUTI, EQ, 03-Jan-2024,10197.75,10200.0,10210.0,10065.0, 10068.00,10077.65,10101.72,521046,52634.61,90507, 380089, 72.95,-1.18
MARUTI, EQ, 03-Jan-2025,11841.3,11849.95,12049.8,11787.95,11900.0,11934.25,11951.54,701315,83817.97,102489, 307067, 43.78,0.78
MARUTI, EQ, 03-Feb-2020,6812.65,6780.0,7044.85,6780.0, 7010.00,7011.3,6946.13,1010531,70192.76,115802, 280991, 27.81,2.92
MARUTI, EQ, 03-Feb-2021,7654.7,7680.0,7716.45,7475.85, 7585.00,7589.2,7579.5,1491567,113053.36,123946, 350427, 23.49,-0.86
MARUTI, EQ, 03-Feb-2022,8515.25,8550.0,8798.0,8522.7, 8579.00,8593.65,8679.83,810019,70308.27,110587, 145605, 17.98,0.92
MARUTI, EQ, 03-Feb-2023,8870.15,8940.0,8963.0,8845.15, 8923.30,8942.3,8910.84,351157,31291.05,46064, 193396, 55.07,0.81
MARUTI, EQ, 03-Feb-2025,12916.5,12990.0,13461.2,12921.65,13120.0,13139.95,13164.08,926127,121916.06,204041, 567185, 61.24,1.73
MARUTI, EQ, 03-Mar-2020,6285.15,6318.0,6422.15,6280.5, 6386.10,6386.05,6344.8,849199,53880.01,90279, 272466, 32.09,1.61
MARUTI, EQ, 03-Mar-2021,7214.1,7245.6,7262.3,7101.2,7129.25,7124.7,7132.69,796258,56794.59,88189, 291539, 36.61,-1.24
MARUTI, EQ, 03-Mar-2022,7814.2,7924.0,7939.95,7558.5,7608.0,7595.55,7701.54,1050154,80878.03,132535, 359985, 34.28,-2.8
MARUTI, EQ, 03-Mar-2023,8548.75,8592.05,8629.0,8550.0, 8610.00,8601.25,8592.12,437977,37631.53,55214, 299304, 68.34,0.61
MARUTI, EQ, 03-Mar-2025,11945.85,11886.0,12059.45,11757.75,11815.5,11775.6,11880.61,186884,22202.96,46079, 66889, 35.79,-1.43
MARUTI, EQ, 03-Apr-2020,4246.35,4250.0,4267.0,4001.1, 4011.50,4011.5,4099.78,1724863,70715.62,174626, 641298, 37.18,-5.53
MARUTI, EQ, 03-Apr-2023,8292.15,8412.85,8579.0,8390.35, 8508.00,8503.05,8501.01,627265,53323.84,78760, 310383, 49.48,2.54
MARUTI, EQ, 03-Apr-2024,12552.45,12450.0,12525.5,12412.55, 12450.00,12427.85,12460.56,271935,33884.62,54532, 141592, 52.07,-0.99
MARUTI, EQ, 03-Apr-2025,11716.1,11630.5,11802.95,11611.05,11646.0,11688.1,11706.81,326624,38237.25,44000, 220597, 67.54,-0.24
MARUTI, EQ, 03-May-2021,6455.65,6430.0,6622.0,6400.0,6600.0,6597.85,6568.74,834923,54843.91,71917, 162249, 19.43,2.2
MARUTI, EQ, 03-May-2023,8776.85,8770.0,8828.0,8715.05,8804.5,8797.3,8798.66,537008,47249.53,59622, 361127, 67.25,0.23
MARUTI, EQ, 03-May-2024,12805.35,12817.95,12830.0,12411.4, 12479.00,12492.15,12574.38,834990,104994.84,169996, 436659, 52.30,-2.45
MARUTI, EQ, 03-Jun-2020,5690.1,5730.0,5832.0,5606.0,5638.9,5624.0,5700.87,1652859,94227.32,132971, 371252, 22.46,-1.16
MARUTI, EQ, 03-Jun-2021,7184.7,7200.0,7230.0,7165.05, 7202.00,7209.5,7200.92,401590,28918.18,48913, 167785, 41.78,0.35
MARUTI, EQ, 03-Jun-2022,7925.4,7950.0,7995.0,7681.0, 7704.00,7705.05,7817.47,591905,46272.0,68235, 250480, 42.32,-2.78
MARUTI, EQ, 03-Jun-2024,12399.3,12825.0,12825.0,12402.55,12490.0,12476.15,12502.27,485936,60753.05,67208, 272673, 56.11,0.62
MARUTI, EQ, 03-Jul-2020,5948.45,5948.45,5988.6,5883.05, 5916.00,5932.1,5935.57,1059779,62903.95,87711, 85535, 8.07,-0.27
MARUTI, EQ, 03-Jul-2023,9789.05,9742.05,9785.85,9656.55, 9676.25,9673.0,9697.47,398066,38602.35,52768, 225718, 56.70,-1.19
MARUTI, EQ, 03-Jul-2024,12042.6,12115.0,12150.0,11960.0,12134.0,12123.65,12065.45,467532,56409.84,53158, 289980, 62.02,0.67
MARUTI, EQ, 03-Aug-2020,6262.75,6380.0,6437.45,6125.05,6172.0,6165.2,6247.42,1836582,114738.91,142978, 381819, 20.79,-1.56
MARUTI, EQ, 03-Aug-2021,7076.95,7124.95,7221.0,7086.1,7193.0,7199.4,7142.67,470570,33611.26,45616, 197209, 41.91,1.73
MARUTI, EQ, 03-Aug-2022,9173.05,9144.75,9144.75,8855.6, 8954.65,8959.45,8963.63,753729,67561.46,90744, 271178, 35.98,-2.33
MARUTI, EQ, 03-Aug-2023,9653.8,9598.85,9659.95,9515.6, 9520.00,9543.7,9593.72,614897,58991.47,55387, 336788, 54.77,-1.14
MARUTI, EQ, 03-Sep-2020,6920.75,6925.0,7116.9,6920.75, 7075.05,7072.6,7049.13,947751,66808.21,94430, 192005, 20.26,2.19
MARUTI, EQ, 03-Sep-2021,6792.9,6770.0,6958.0,6751.6, 6869.00,6863.1,6878.17,1196077,82268.21,128742, 530274, 44.33,1.03
MARUTI, EQ, 03-Sep-2024,12427.4,12474.0,12474.3,12359.9,12390.0,12397.1,12409.04,445514,55284.0,56211, 311256, 69.86,-0.24
MARUTI, EQ, 03-Oct-2022,8828.15,8970.0,8970.0,8510.0,8569.0,8547.0,8624.96,1123076,96864.88,123632, 584513, 52.05,-3.18
MARUTI, EQ, 03-Oct-2023,10610.6,10709.8,10709.8,10303.3, 10327.00,10346.9,10381.57,623006,64677.81,91323, 378655, 60.78,-2.49
MARUTI, EQ, 03-Oct-2024,13166.0,12941.05,13148.0,12592.3,12699.0,12647.35,12779.56,863520,110354.05,151765, 566985, 65.66,-3.94
MARUTI, EQ, 03-Nov-2020,6868.35,6940.0,6963.25,6852.45,6909.5,6913.35,6911.86,926491,64037.75,77876, 251139, 27.11,0.66
MARUTI, EQ, 03-Nov-2021,7791.75,7791.75,7842.25,7711.6, 7727.00,7734.25,7782.19,656492,51089.46,52652, 388537, 59.18,-0.74
MARUTI, EQ, 03-Nov-2022,9229.4,9210.0,9310.0,9164.4,9234.95,9239.1,9225.31,616860,56907.25,74435, 247573, 40.13,0.11
MARUTI, EQ, 03-Nov-2023,10303.6,10318.0,10370.0,10241.0, 10285.05,10276.3,10297.15,517582,53296.2,65712, 347646, 67.17,-0.26
MARUTI, EQ, 03-Dec-2020,7206.5,7250.0,7782.85,7249.6,7735.0,7739.1,7574.14,3846792,291361.26,296652, 1018274, 26.47,7.39
MARUTI, EQ, 03-Dec-2021,7324.95,7305.0,7329.0,7148.75, 7200.00,7208.7,7240.2,603798,43716.2,61913, 202101, 33.47,-1.59
MARUTI, EQ, 03-Dec-2024,11239.3,11250.0,11309.0,11203.0,11260.95,11279.25,11269.46,258644,29147.78,58440, 141400, 54.67,0.36
MARUTI, EQ, 04-Jan-2021,7691.3,7739.0,7755.2,7642.6,7691.05,7702.3,7697.13,598645,46078.47,55195, 171586, 28.66,0.14
MARUTI, EQ, 04-Jan-2022,7523.9,7600.0,7649.0,7520.0, 7615.00,7630.1,7606.66,495182,37666.82,51866, 132092, 26.68,1.41
MARUTI, EQ, 04-Jan-2023,8382.75,8376.0,8537.05,8311.05, 8419.00,8422.8,8421.22,566744,47726.78,67370, 262363, 46.29,0.48
MARUTI, EQ, 04-Jan-2024,10077.65,10100.0,10120.0,9985.55, 9995.00,10015.3,10012.71,711733,71263.74,130325, 529829, 74.44,-0.62
MARUTI, EQ, 04-Feb-2020,7011.3,7020.0,7215.0,7001.0, 7196.30,7199.6,7133.75,973311,69433.62,77101, 368821, 37.89,2.69
MARUTI, EQ, 04-Feb-2021,7589.2,7600.0,7765.0,7529.05, 7635.25,7640.0,7673.2,1198036,91927.75,100546, 286052, 23.88,0.67
MARUTI, EQ, 04-Feb-2022,8593.65,8639.9,8680.0,8492.1, 8534.10,8550.55,8554.22,404421,34595.06,53568, 139754, 34.56,-0.5
MARUTI, EQ, 04-Feb-2025,13139.95,13250.0,13259.95,12971.5,13106.55,13109.95,13081.94,530749,69432.26,98004, 329990, 62.17,-0.23
MARUTI, EQ, 04-Mar-2020,6386.05,6390.0,6424.0,6209.0, 6380.00,6384.35,6334.46,904360,57286.34,82506, 331340, 36.64,-0.03
MARUTI, EQ, 04-Mar-2021,7124.7,7080.0,7175.2,7011.0, 7123.00,7131.6,7108.26,906310,64422.89,98839, 278461, 30.72,0.1
MARUTI, EQ, 04-Mar-2022,7595.55,7482.0,7519.2,7130.0, 7235.00,7247.3,7261.25,2511658,182377.73,259318, 1221039, 48.61,-4.58
MARUTI, EQ, 04-Mar-2024,11567.2,11600.0,11677.3,11544.15, 11597.00,11594.15,11593.19,369936,42887.39,56575, 259069, 70.03,0.23
MARUTI, EQ, 04-Mar-2025,11775.6,11690.0,11724.25,11591.0,11615.0,11616.25,11641.24,255726,29769.69,60537, 154029, 60.23,-1.35
MARUTI, EQ, 04-Apr-2022,7700.05,7650.0,7794.0,7631.65,7769.0,7774.8,7718.17,491029,37898.46,57286, 169247, 34.47,0.97
MARUTI, EQ, 04-Apr-2024,12427.85,12490.0,12649.0,12318.05, 12570.00,12567.25,12479.53,491166,61295.22,104953, 166440, 33.89,1.12
MARUTI, EQ, 04-Apr-2025,11688.1,11600.0,11630.0,11330.0,11482.0,11482.0,11427.18,355785,40656.18,59574, 230762, 64.86,-1.76
MARUTI, EQ, 04-May-2020,5358.8,5096.0,5130.25,4840.0, 4914.45,4886.3,4947.33,1742871,86225.61,176618, 593271, 34.04,-8.82
MARUTI, EQ, 04-May-2021,6597.85,6639.95,6648.5,6482.0, 6506.00,6508.25,6544.51,507170,33191.77,53256, 123041, 24.26,-1.36
MARUTI, EQ, 04-May-2022,7634.75,7650.0,7747.0,7356.5,7409.95,7397.9,7571.47,599211,45369.11,79168, 228360, 38.11,-3.1
MARUTI, EQ, 04-May-2023,8797.3,8796.65,8822.95,8743.0, 8795.00,8800.6,8780.97,271926,23877.75,35872, 151870, 55.85,0.04
MARUTI, EQ, 04-Jun-2020,5624.0,5658.0,5719.95,5572.0,5706.55,5690.2,5649.52,1642052,92768.07,140640, 237009, 14.43,1.18
MARUTI, EQ, 04-Jun-2021,7209.5,7200.0,7272.0,7151.1, 7219.50,7214.7,7218.27,575591,41547.74,52647, 228971, 39.78,0.07
MARUTI, EQ, 04-Jun-2024,12476.15,12596.6,12597.2,11561.45,12204.65,12176.05,12190.13,825928,100681.69,121623, 443743, 53.73,-2.41
MARUTI, EQ, 04-Jul-2022,8402.6,8402.6,8467.6,8320.0,8440.0,8443.35,8388.19,625431,52462.33,67442, 320207, 51.20,0.48
MARUTI, EQ, 04-Jul-2023,9673.0,9700.0,9716.5,9620.05, 9649.00,9647.4,9651.35,247673,23903.8,35742, 144948, 58.52,-0.26
MARUTI, EQ, 04-Jul-2024,12123.65,12135.0,12210.0,12071.8,12080.0,12089.6,12118.11,299684,36316.04,46273, 162638, 54.27,-0.28
MARUTI, EQ, 04-Aug-2020,6165.2,6199.0,6376.85,6185.0,6360.55,6358.95,6301.15,1223516,77095.53,102411, 200366, 16.38,3.14
MARUTI, EQ, 04-Aug-2021,7199.4,7220.0,7248.6,7003.5,7120.0,7102.9,7137.39,484122,34553.67,71352, 154278, 31.87,-1.34
MARUTI, EQ, 04-Aug-2022,8959.45,9024.0,9048.0,8830.0,8964.0,8966.7,8925.63,643264,57415.39,86582, 242909, 37.76,0.08
MARUTI, EQ, 04-Aug-2023,9543.7,9560.0,9616.0,9427.0, 9447.00,9470.4,9527.63,540470,51493.97,62897, 326850, 60.48,-0.77
MARUTI, EQ, 04-Sep-2020,7072.6,6985.0,7324.0,6965.05,7210.0,7190.1,7222.25,2185296,157827.64,160897, 274118, 12.54,1.66
MARUTI, EQ, 04-Sep-2023,10331.25,10401.0,10467.95,10286.3, 10365.00,10362.45,10376.66,819552,85042.13,136523, 470240, 57.38,0.3
MARUTI, EQ, 04-Sep-2024,12397.1,12325.05,12398.0,12234.1,12370.0,12336.25,12314.66,735076,90522.09,79704, 518204, 70.50,-0.49
MARUTI, EQ, 04-Oct-2021,7162.3,7180.0,7214.95,7131.8, 7154.95,7170.3,7171.65,466994,33491.16,54266, 258497, 55.35,0.11
MARUTI, EQ, 04-Oct-2022,8547.0,8699.0,8758.55,8630.0, 8690.00,8690.5,8693.37,503140,43739.8,73590, 193078, 38.37,1.68
MARUTI, EQ, 04-Oct-2023,10346.9,10283.9,10283.9,10090.0, 10144.00,10129.85,10146.41,407793,41376.36,58666, 200865, 49.26,-2.1
MARUTI, EQ, 04-Oct-2024,12647.35,12689.9,12877.85,12512.5,12603.0,12605.75,12668.27,679362,86063.41,139069, 324062, 47.70,-0.33
MARUTI, EQ, 04-Nov-2020,6913.35,6913.35,7054.0,6909.5,6952.0,6954.05,6976.6,901404,62887.39,92135, 218157, 24.20,0.59
MARUTI, EQ, 04-Nov-2022,9239.1,9257.9,9324.0,9191.05,9231.0,9229.5,9249.93,465775,43083.88,54337, 213869, 45.92,-0.1
MARUTI, EQ, 04-Nov-2024,11110.0,11295.0,11295.0,10860.0,11064.35,11052.45,10993.4,444462,48861.48,77295, 202117, 45.47,-0.52
MARUTI, EQ, 04-Dec-2020,7739.1,7798.0,7882.65,7641.25, 7800.00,7803.15,7784.46,2393536,186323.83,170701, 615814, 25.73,0.83
MARUTI, EQ, 04-Dec-2023,10585.7,10695.0,10695.1,10425.0, 10593.00,10599.45,10537.27,625235,65882.71,101101, 357310, 57.15,0.13
MARUTI, EQ, 04-Dec-2024,11279.25,11281.0,11300.0,11106.0,11125.0,11129.85,11194.43,554674,62092.57,85627, 377881, 68.13,-1.32
MARUTI, EQ, 05-Jan-2021,7702.3,7660.0,7673.0,7586.0, 7657.20,7655.45,7635.41,562668,42962.03,57426, 147432, 26.20,-0.61
MARUTI, EQ, 05-Jan-2022,7630.1,7624.85,7808.0,7605.6, 7771.90,7775.35,7730.63,710043,54890.83,75781, 320998, 45.21,1.9
MARUTI, EQ, 05-Jan-2023,8422.8,8444.95,8475.0,8390.05,8470.0,8461.1,8428.69,417716,35208.0,70713, 233382, 55.87,0.45
MARUTI, EQ, 05-Jan-2024,10015.3,10010.65,10075.0,9970.0, 10000.00,10017.0,10008.08,673131,67367.51,105880, 468881, 69.66,0.02
MARUTI, EQ, 05-Feb-2020,7199.6,7215.0,7231.6,7025.6, 7050.00,7040.9,7100.88,718489,51019.03,67964, 245611, 34.18,-2.2
MARUTI, EQ, 05-Feb-2021,7640.0,7680.0,7736.0,7461.0, 7501.00,7494.15,7541.65,1128089,85076.56,116860, 328854, 29.15,-1.91
MARUTI, EQ, 05-Feb-2024,10655.45,10602.0,10759.95,10400.0, 10429.50,10428.55,10547.46,365105,38509.31,66523, 192693, 52.78,-2.13
MARUTI, EQ, 05-Feb-2025,13109.95,13110.0,13150.0,13003.5,13070.0,13086.8,13064.26,271633,35486.85,53832, 160876, 59.23,-0.18
MARUTI, EQ, 05-Mar-2020,6384.35,6411.9,6464.0,6330.2, 6348.00,6365.95,6390.88,645853,41275.68,65335, 132462, 20.51,-0.29
MARUTI, EQ, 05-Mar-2021,7131.6,7130.0,7315.0,7070.0,7251.0,7249.0,7236.86,1821165,131795.08,136188, 802724, 44.08,1.65
MARUTI, EQ, 05-Mar-2024,11594.15,11596.05,11730.0,11561.8, 11682.00,11670.6,11652.2,320702,37368.83,53127, 180268, 56.21,0.66
MARUTI, EQ, 05-Mar-2025,11616.25,11605.0,11830.0,11568.35,11630.0,11617.35,11683.82,349730,40861.84,47747, 201632, 57.65,0.01
MARUTI, EQ, 05-Apr-2021,6923.9,6908.5,6908.5,6724.6,6773.0,6768.55,6785.21,668129,45333.93,76303, 221541, 33.16,-2.24
MARUTI, EQ, 05-Apr-2022,7774.8,7781.0,7900.0,7730.0, 7739.95,7761.85,7826.44,488132,38203.36,66985, 166619, 34.13,-0.17
MARUTI, EQ, 05-Apr-2023,8503.05,8521.95,8548.0,8430.0, 8456.00,8447.05,8455.19,272888,23073.21,37788, 146116, 53.54,-0.66
MARUTI, EQ, 05-Apr-2024,12567.25,12492.0,12557.9,12384.5, 12424.15,12421.6,12457.94,231600,28852.58,44321, 95401, 41.19,-1.16
MARUTI, EQ, 05-May-2020,4886.3,4995.0,5029.55,4800.0, 4835.00,4829.85,4879.35,1570620,76636.02,122623, 352042, 22.41,-1.16
MARUTI, EQ, 05-May-2021,6508.25,6557.7,6599.0,6483.0, 6590.00,6590.1,6551.0,499160,32699.98,52446, 117735, 23.59,1.26
MARUTI, EQ, 05-May-2022,7397.9,7450.0,7538.0,7380.15, 7393.45,7407.65,7460.57,524174,39106.35,67052, 208402, 39.76,0.13
MARUTI, EQ, 05-May-2023,8800.6,8800.6,8988.0,8790.0, 8950.00,8948.65,8926.06,951591,84939.61,59958, 652452, 68.56,1.68
MARUTI, EQ, 05-Jun-2020,5690.2,5728.3,5785.0,5671.1, 5757.00,5746.2,5741.54,1236660,71003.38,113824, 191418, 15.48,0.98
MARUTI, EQ, 05-Jun-2023,9485.35,9552.5,9640.0,9488.55, 9585.00,9582.1,9588.84,434649,41677.78,54879, 200150, 46.05,1.02
MARUTI, EQ, 05-Jun-2024,12176.05,12180.0,12614.1,12125.1,12511.55,12502.6,12464.87,447581,55790.39,90538, 246417, 55.06,2.68
MARUTI, EQ, 05-Jul-2021,7573.85,7596.3,7690.0,7583.0, 7591.95,7599.45,7629.31,484183,36939.81,47506, 181475, 37.48,0.34
MARUTI, EQ, 05-Jul-2022,8443.35,8498.5,8508.55,8335.0,8339.35,8348.7,8412.49,610290,51340.61,64720, 288668, 47.30,-1.12
MARUTI, EQ, 05-Jul-2023,9647.4,9697.0,10036.95,9675.0,9990.1,9992.3,9885.78,815044,80573.49,83869, 316643, 38.85,3.58
MARUTI, EQ, 05-Jul-2024,12089.6,12069.15,12137.45,12021.9,12100.0,12104.05,12084.74,406926,49175.96,75811, 246942, 60.68,0.12
MARUTI, EQ, 05-Aug-2020,6358.95,6388.9,6597.7,6380.0,6517.0,6526.25,6523.9,2278683,148658.89,168264, 503778, 22.11,2.63
MARUTI, EQ, 05-Aug-2021,7102.9,7072.0,7079.95,7006.0,7042.55,7027.55,7040.06,495133,34857.64,57473, 226912, 45.83,-1.06
MARUTI, EQ, 05-Aug-2022,8966.7,8966.8,8985.2,8810.0,8858.0,8841.2,8871.72,558385,49538.33,62779, 252081, 45.14,-1.4
MARUTI, EQ, 05-Aug-2024,12726.4,12490.0,12490.0,12027.65,12217.0,12200.85,12260.73,1131415,138719.77,142652, 589150, 52.07,-4.13
MARUTI, EQ, 05-Sep-2022,8919.6,8900.0,9016.8,8875.0, 8950.10,8950.05,8949.65,386455,34586.35,43621, 171463, 44.37,0.34
MARUTI, EQ, 05-Sep-2023,10362.45,10350.0,10412.7,10245.8, 10255.85,10262.1,10320.89,507107,52337.97,52341, 301060, 59.37,-0.97
MARUTI, EQ, 05-Sep-2024,12336.25,12337.0,12370.0,12230.0,12300.0,12298.6,12284.88,595865,73201.28,72135, 407473, 68.38,-0.31
MARUTI, EQ, 05-Oct-2020,6796.3,6865.0,6877.6,6745.0, 6835.00,6818.85,6814.17,833481,56794.78,67471, 212263, 25.47,0.33
MARUTI, EQ, 05-Oct-2021,7170.3,7164.8,7300.0,7155.65, 7250.00,7258.25,7255.64,546004,39616.11,67008, 214801, 39.34,1.23
MARUTI, EQ, 05-Oct-2023,10129.85,10181.95,10270.95,10109.0, 10262.10,10210.15,10178.13,377196,38391.51,78362, 171918, 45.58,0.79
MARUTI, EQ, 05-Nov-2020,6954.05,7020.0,7104.9,6979.65, 7098.00,7092.8,7057.99,843221,59514.44,75538, 292162, 34.65,2.0
MARUTI, EQ, 05-Nov-2024,11052.45,11042.0,11275.0,11011.9,11184.95,11170.1,11189.33,321159,35935.55,58838, 108423, 33.76,1.06
MARUTI, EQ, 05-Dec-2022,8815.85,8844.0,8853.2,8765.0, 8786.95,8792.05,8792.31,519621,45686.71,78677, 322614, 62.09,-0.27
MARUTI, EQ, 05-Dec-2023,10599.45,10650.9,10770.0,10563.4, 10700.00,10721.9,10692.55,580996,62123.26,84880, 348854, 60.04,1.16
MARUTI, EQ, 05-Dec-2024,11129.85,11134.95,11270.0,11031.0,11176.0,11182.25,11135.26,545501,60742.94,107290, 268927, 49.30,0.47
MARUTI, EQ, 06-Jan-2020,7254.25,7200.0,7210.0,7026.5, 7032.00,7042.4,7074.03,748516,52950.28,64186, 235356, 31.44,-2.92
MARUTI, EQ, 06-Jan-2021,7655.45,7654.0,7749.0,7555.5, 7625.25,7628.6,7670.88,840678,64487.36,66618, 204373, 24.31,-0.35
MARUTI, EQ, 06-Jan-2022,7775.35,7782.0,7899.45,7683.95, 7872.00,7882.1,7835.89,739981,57984.09,72448, 256188, 34.62,1.37
MARUTI, EQ, 06-Jan-2023,8461.1,8460.0,8483.95,8350.0,8370.0,8383.05,8397.4,368978,30984.57,53443, 206253, 55.90,-0.92
MARUTI, EQ, 06-Jan-2025,11934.25,11929.0,11979.9,11690.7,11730.3,11755.65,11793.61,383268,45201.11,67220, 187378, 48.89,-1.5
MARUTI, EQ, 06-Feb-2020,7040.9,7075.0,7120.35,6976.8, 7014.20,7021.6,7040.99,875714,61658.91,66469, 359122, 41.01,-0.27
MARUTI, EQ, 06-Feb-2023,8942.3,8926.95,8936.0,8820.0, 8890.00,8908.0,8878.82,205161,18215.88,40772, 90845, 44.28,-0.38
MARUTI, EQ, 06-Feb-2024,10428.55,10499.95,10856.75,10458.0, 10830.00,10844.85,10739.93,829040,89038.34,101664, 485430, 58.55,3.99
MARUTI, EQ, 06-Feb-2025,13086.8,13060.0,13130.0,13006.8,13068.35,13074.0,13071.28,414134,54132.62,75502, 242057, 58.45,-0.1
MARUTI, EQ, 06-Mar-2020,6365.95,6196.4,6480.0,6100.15, 6393.10,6445.95,6331.23,1140899,72232.92,98103, 436085, 38.22,1.26
MARUTI, EQ, 06-Mar-2023,8601.25,8640.0,8663.0,8590.95, 8640.00,8631.45,8629.17,275417,23766.21,55952, 166608, 60.49,0.35
MARUTI, EQ, 06-Mar-2024,11670.6,11670.6,11679.0,11518.4, 11577.85,11567.05,11581.33,639542,74067.44,59593, 494472, 77.32,-0.89
MARUTI, EQ, 06-Mar-2025,11617.35,11701.0,11729.5,11480.0,11658.0,11666.4,11611.49,315309,36612.09,70041, 125956, 39.95,0.42
MARUTI, EQ, 06-Apr-2021,6768.55,6818.25,6846.95,6720.0,6767.2,6751.3,6786.69,628262,42638.2,69291, 179244, 28.53,-0.25
MARUTI, EQ, 06-Apr-2022,7761.85,7739.0,7849.0,7675.0, 7740.00,7744.2,7755.53,393628,30527.95,49080, 111901, 28.43,-0.23
MARUTI, EQ, 06-Apr-2023,8447.05,8464.0,8535.0,8377.1, 8508.00,8516.65,8476.9,309551,26240.34,32939, 148683, 48.03,0.82
MARUTI, EQ, 06-May-2020,4829.85,4841.2,5000.0,4710.0, 4841.95,4843.25,4854.89,2214534,107513.29,144640, 640252, 28.91,0.28
MARUTI, EQ, 06-May-2021,6590.1,6590.0,6709.0,6575.7, 6657.00,6666.65,6664.2,520125,34662.16,55167, 190241, 36.58,1.16
MARUTI, EQ, 06-May-2022,7407.65,7314.0,7359.9,7156.65,7277.0,7279.25,7279.51,650559,47357.51,82648, 283655, 43.60,-1.73
MARUTI, EQ, 06-May-2024,12492.15,12550.0,12646.4,12372.5,12455.0,12439.3,12494.98,342231,42761.68,58057, 169861, 49.63,-0.42
MARUTI, EQ, 06-Jun-2022,7705.05,7690.0,7776.9,7591.45,7725.25,7710.55,7684.79,606990,46645.91,51055, 257099, 42.36,0.07
MARUTI, EQ, 06-Jun-2023,9582.1,9629.0,9770.0,9611.0,9715.0,9736.2,9718.17,542318,52703.37,72431, 243096, 44.83,1.61
MARUTI, EQ, 06-Jun-2024,12502.6,12511.55,12690.0,12468.0,12684.5,12673.5,12617.71,447536,56468.78,102493, 218029, 48.72,1.37
MARUTI, EQ, 06-Jul-2020,5932.1,5963.45,6147.7,5925.0, 6135.00,6123.6,6045.46,1385087,83734.87,105457, 183667, 13.26,3.23
MARUTI, EQ, 06-Jul-2021,7599.45,7600.0,7657.95,7487.45, 7508.50,7514.95,7567.52,425103,32169.73,41040, 118295, 27.83,-1.11
MARUTI, EQ, 06-Jul-2022,8348.7,8377.0,8652.45,8370.0,8629.55,8630.05,8547.64,976098,83433.38,138604, 505340, 51.77,3.37
MARUTI, EQ, 06-Jul-2023,9992.3,9999.95,10016.3,9815.2,9865.0,9859.4,9886.72,652120,64473.27,75764, 325813, 49.96,-1.33
MARUTI, EQ, 06-Aug-2020,6526.25,6534.95,6585.85,6434.4,6551.25,6555.75,6498.88,1233253,80147.64,103982, 148369, 12.03,0.45
MARUTI, EQ, 06-Aug-2021,7027.55,7054.8,7168.5,7042.55, 7108.00,7100.8,7117.96,517575,36840.78,59187, 180669, 34.91,1.04
MARUTI, EQ, 06-Aug-2024,12200.85,12390.0,12554.9,12110.0,12170.05,12131.1,12316.66,623565,76802.4,88224, 271895, 43.60,-0.57
MARUTI, EQ, 06-Sep-2021,6863.1,6925.0,6954.0,6838.0,6840.0,6846.9,6890.45,897444,61837.96,91930, 545747, 60.81,-0.24
MARUTI, EQ, 06-Sep-2022,8950.05,8984.3,9022.75,8870.0, 8880.95,8888.75,8942.31,397902,35581.64,36226, 174310, 43.81,-0.68
MARUTI, EQ, 06-Sep-2023,10262.1,10260.0,10260.0,10130.15, 10225.00,10178.85,10173.32,663758,67526.23,64328, 461631, 69.55,-0.81
MARUTI, EQ, 06-Sep-2024,12298.6,12250.0,12304.85,12094.7,12251.0,12186.15,12176.28,733354,89295.26,91896, 469265, 63.99,-0.91
MARUTI, EQ, 06-Oct-2020,6818.85,6858.0,6939.8,6830.0,6891.0,6892.4,6893.38,756215,52128.75,64506, 129607, 17.14,1.08
MARUTI, EQ, 06-Oct-2021,7258.25,7270.9,7281.5,7164.25, 7193.50,7199.25,7217.79,726695,52451.34,63528, 476939, 65.63,-0.81
MARUTI, EQ, 06-Oct-2022,8690.5,8734.0,8825.0,8690.5, 8710.00,8703.0,8753.55,474445,41530.77,70037, 228413, 48.14,0.14
MARUTI, EQ, 06-Oct-2023,10210.15,10283.0,10332.95,10260.0, 10300.00,10302.05,10299.91,335700,34576.8,51566, 194753, 58.01,0.9
MARUTI, EQ, 06-Nov-2020,7092.8,7092.0,7135.0,6890.0, 6900.00,6907.6,6977.64,1378439,96182.52,129824, 518949, 37.65,-2.61
MARUTI, EQ, 06-Nov-2023,10276.3,10338.95,10338.95,10252.0, 10289.00,10284.85,10286.44,490459,50450.77,64956, 352640, 71.90,0.08
MARUTI, EQ, 06-Nov-2024,11170.1,11219.0,11430.0,11172.6,11351.0,11354.25,11336.35,416027,47162.3,76183, 218922, 52.62,1.65
MARUTI, EQ, 06-Dec-2021,7208.7,7193.0,7200.0,7021.0, 7050.05,7042.85,7080.91,609507,43158.66,68413, 178862, 29.35,-2.3
MARUTI, EQ, 06-Dec-2022,8792.05,8777.2,8800.0,8694.95, 8715.00,8717.35,8736.56,551379,48171.58,75499, 313063, 56.78,-0.85
MARUTI, EQ, 06-Dec-2023,10721.9,10721.9,10748.95,10590.0, 10615.00,10625.75,10660.78,464163,49483.41,96899, 310194, 66.83,-0.9
MARUTI, EQ, 06-Dec-2024,11182.25,11200.0,11375.95,11121.0,11303.0,11317.95,11258.53,417214,46972.17,73352, 193477, 46.37,1.21
MARUTI, EQ, 07-Jan-2020,7042.4,7100.0,7165.6,7026.4, 7075.00,7073.6,7089.61,590500,41864.15,50872, 113291, 19.19,0.44
MARUTI, EQ, 07-Jan-2021,7628.6,7676.0,7704.4,7552.1, 7576.85,7566.05,7620.3,642968,48996.11,65629, 198399, 30.86,-0.82
MARUTI, EQ, 07-Jan-2022,7882.1,7882.1,7944.8,7835.5,7911.0,7906.0,7890.89,523116,41278.52,53377, 246323, 47.09,0.3
MARUTI, EQ, 07-Jan-2025,11755.65,11755.65,11825.95,11673.7,11715.15,11721.3,11746.11,308104,36190.23,66788, 161786, 52.51,-0.29
MARUTI, EQ, 07-Feb-2020,7021.6,7039.0,7050.0,6935.0, 6970.00,6971.75,6976.03,645814,45052.15,55241, 228690, 35.41,-0.71
MARUTI, EQ, 07-Feb-2022,8550.55,8545.0,8615.0,8400.0, 8505.00,8511.65,8481.5,446099,37835.91,69565, 118693, 26.61,-0.45
MARUTI, EQ, 07-Feb-2023,8908.0,8908.0,8920.0,8752.55, 8760.00,8762.45,8797.99,318669,28036.46,56430, 167657, 52.61,-1.63
MARUTI, EQ, 07-Feb-2024,10844.85,10860.0,10973.5,10786.8, 10920.00,10935.7,10881.92,560808,61026.67,85035, 334359, 59.62,0.84
MARUTI, EQ, 07-Feb-2025,13074.0,13060.0,13108.5,13012.0,13033.45,13049.5,13053.89,355223,46370.44,69645, 234142, 65.91,-0.19
MARUTI, EQ, 07-Mar-2022,7247.3,6992.0,7029.85,6730.0, 6775.95,6769.05,6821.03,2469925,168474.42,285790,1348983,54.62,-6.6
MARUTI, EQ, 07-Mar-2024,11567.05,11571.05,11633.5,11421.15, 11504.55,11510.05,11521.69,255325,29417.76,49633, 128237, 50.23,-0.49
MARUTI, EQ, 07-Mar-2025,11666.4,11650.0,11742.3,11601.0,11667.8,11664.15,11652.39,259055,30186.09,40405, 170285, 65.73,-0.02
MARUTI, EQ, 07-Apr-2020,4011.5,4150.0,4612.9,4120.0, 4525.95,4553.65,4325.97,2688425,116300.36,257463, 1196696, 44.51,13.51
MARUTI, EQ, 07-Apr-2021,6751.3,6790.0,6885.0,6775.05,6865.2,6865.0,6847.39,598115,40955.26,57449, 255548, 42.73,1.68
MARUTI, EQ, 07-Apr-2022,7744.2,7659.75,7748.0,7621.05,7647.45,7640.5,7681.01,458566,35222.5,68809, 198206, 43.22,-1.34
MARUTI, EQ, 07-Apr-2025,11482.0,11105.6,11358.5,11059.45,11352.95,11329.75,11224.77,602353,67612.71,109199, 371004, 61.59,-1.33
MARUTI, EQ, 07-May-2020,4843.25,4899.5,4935.35,4735.0, 4751.65,4749.3,4828.35,1530824,73913.55,120915, 360437, 23.55,-1.94
MARUTI, EQ, 07-May-2021,6666.65,6679.0,6754.55,6640.0, 6694.05,6703.05,6697.04,605050,40520.44,62112, 235152, 38.86,0.55
MARUTI, EQ, 07-May-2024,12439.3,12472.4,12508.5,12239.0,12392.0,12364.05,12346.13,604375,74616.92,48921, 443944, 73.46,-0.6
MARUTI, EQ, 07-Jun-2021,7214.7,7221.0,7328.85,7211.1, 7273.00,7275.65,7281.32,520482,37897.96,53602, 224477, 43.13,0.84
MARUTI, EQ, 07-Jun-2022,7710.55,7615.05,7820.0,7555.0,7815.0,7809.4,7700.49,991192,76326.61,80801, 446372, 45.03,1.28
MARUTI, EQ, 07-Jun-2023,9736.2,9788.0,9800.0,9650.5, 9673.00,9707.5,9729.88,453747,44149.06,64634, 253815, 55.94,-0.29
MARUTI, EQ, 07-Jun-2024,12673.5,12582.35,12828.0,12582.35,12790.0,12810.9,12740.77,532480,67842.08,81384, 270492, 50.80,1.08
MARUTI, EQ, 07-Jul-2020,6123.6,6140.0,6250.0,6092.65, 6212.85,6226.75,6187.36,1799721,111355.26,132528, 476086, 26.45,1.68
MARUTI, EQ, 07-Jul-2021,7514.95,7528.0,7581.0,7433.65, 7450.00,7449.4,7486.85,395336,29598.23,44726, 181681, 45.96,-0.87
MARUTI, EQ, 07-Jul-2022,8630.05,8695.0,8700.0,8576.2, 8595.00,8606.4,8633.95,547662,47284.85,60980, 270506, 49.39,-0.27
MARUTI, EQ, 07-Jul-2023,9859.4,9854.0,9945.0,9815.0, 9835.00,9850.25,9867.18,457050,45097.93,49467, 243779, 53.34,-0.09
MARUTI, EQ, 07-Aug-2020,6555.75,6498.0,6749.5,6481.85,6665.0,6679.0,6645.66,1568000,104204.0,122724, 286218, 18.25,1.88
MARUTI, EQ, 07-Aug-2023,9470.4,9490.0,9539.8,9422.0, 9525.00,9523.8,9498.87,366329,34797.13,41961, 179631, 49.04,0.56
MARUTI, EQ, 07-Aug-2024,12131.1,12399.0,12450.0,12265.9,12381.0,12371.5,12346.46,433514,53523.62,53868, 217697, 50.22,1.98
MARUTI, EQ, 07-Sep-2020,7190.1,7225.0,7300.0,7129.25, 7222.25,7209.15,7211.66,1348919,97279.45,108181, 196685, 14.58,0.26
MARUTI, EQ, 07-Sep-2021,6846.9,6879.9,6929.9,6853.7, 6878.00,6877.15,6879.83,743783,51171.02,114167, 483960, 65.07,0.44
MARUTI, EQ, 07-Sep-2022,8888.75,8864.0,8873.55,8760.0, 8778.00,8784.9,8811.9,496785,43776.19,67979, 272719, 54.90,-1.17
MARUTI, EQ, 07-Sep-2023,10178.85,10150.0,10300.9,10150.0, 10293.00,10280.75,10242.15,445805,45660.0,55113, 229976, 51.59,1.0
MARUTI, EQ, 07-Oct-2020,6892.4,6920.0,7070.0,6865.55,7052.1,7046.9,6989.94,1101957,77026.18,97040, 290600, 26.37,2.24
MARUTI, EQ, 07-Oct-2021,7199.25,7234.95,7555.0,7225.25, 7495.00,7492.5,7467.25,1646727,122965.19,150776, 664388, 40.35,4.07
MARUTI, EQ, 07-Oct-2022,8703.0,8750.0,8845.6,8711.0, 8783.85,8779.1,8784.28,428616,37650.81,55955, 126437, 29.50,0.87
MARUTI, EQ, 07-Oct-2024,12605.75,12626.05,12648.0,12378.0,12541.0,12527.5,12516.31,465500,58263.42,72300, 265801, 57.10,-0.62
MARUTI, EQ, 07-Nov-2022,9229.5,9277.0,9352.8,9254.3,9326.0,9333.3,9309.73,469017,43664.23,48554, 214736, 45.78,1.12
MARUTI, EQ, 07-Nov-2023,10284.85,10300.0,10326.0,10235.85, 10255.30,10253.3,10281.51,264935,27239.31,42546, 155458, 58.68,-0.31
MARUTI, EQ, 07-Nov-2024,11354.25,11305.15,11385.0,11186.6,11270.0,11300.15,11283.33,530194,59823.52,77768, 337003, 63.56,-0.48
MARUTI, EQ, 07-Dec-2020,7803.15,7828.8,7835.0,7690.0, 7738.05,7743.4,7766.34,1037296,80559.9,76049, 322903, 31.13,-0.77
MARUTI, EQ, 07-Dec-2021,7042.85,7129.0,7261.8,7091.2,7190.0,7186.6,7189.89,637151,45810.43,64247, 228168, 35.81,2.04
MARUTI, EQ, 07-Dec-2022,8717.35,8720.0,8747.85,8641.0, 8652.00,8659.15,8689.25,546450,47482.43,82307, 355134, 64.99,-0.67
MARUTI, EQ, 07-Dec-2023,10625.75,10790.0,10932.85,10635.0, 10690.00,10696.65,10751.25,704413,75733.2,89617, 342156, 48.57,0.67
MARUTI, EQ, 08-Jan-2020,7073.6,7060.0,7116.65,6980.45, 7035.00,7035.2,7034.09,793313,55802.33,54674, 254739, 32.11,-0.54
MARUTI, EQ, 08-Jan-2021,7566.05,7600.0,8060.0,7600.0, 8003.90,8014.9,7900.46,2557157,202027.26,206469, 628669, 24.58,5.93
MARUTI, EQ, 08-Jan-2024,10017.0,10005.0,10128.95,9911.9, 9951.00,9946.7,9984.92,600153,59924.79,103108, 416366, 69.38,-0.7
MARUTI, EQ, 08-Jan-2025,11721.3,11726.0,11859.95,11725.3,11790.55,11822.0,11803.57,303100,35776.61,74022, 109820, 36.23,0.86
MARUTI, EQ, 08-Feb-2021,7494.15,7515.0,7638.0,7474.5, 7572.90,7574.6,7574.24,912372,69105.21,84897, 174287, 19.10,1.07
MARUTI, EQ, 08-Feb-2022,8511.65,8616.7,8789.1,8436.05,8604.85,8599.45,8606.22,998182,85905.74,111099, 271811, 27.23,1.03
MARUTI, EQ, 08-Feb-2023,8762.45,8773.0,8854.5,8673.05, 8825.00,8834.7,8789.11,391645,34422.12,59543, 214176, 54.69,0.82
MARUTI, EQ, 08-Feb-2024,10935.7,10951.0,10951.0,10689.95, 10745.00,10743.9,10760.89,557082,59946.96,83365, 245010, 43.98,-1.75
MARUTI, EQ, 08-Mar-2021,7249.0,7264.9,7338.8,7216.0, 7248.10,7259.5,7277.95,977572,71147.22,95403, 372383, 38.09,0.14
MARUTI, EQ, 08-Mar-2022,6769.05,6705.0,6855.0,6536.55, 6803.00,6806.3,6646.61,2840376,188788.62,236017, 1413290, 49.76,0.55
MARUTI, EQ, 08-Mar-2023,8631.45,8625.0,8712.05,8610.05, 8694.00,8693.9,8672.58,348171,30195.39,60531, 202239, 58.09,0.72
MARUTI, EQ, 08-Apr-2020,4553.65,4406.5,4925.0,4406.5, 4700.00,4698.1,4702.68,2798838,131620.33,252470, 672515, 24.03,3.17
MARUTI, EQ, 08-Apr-2021,6865.0,6881.0,6939.3,6806.85, 6831.00,6826.85,6885.7,604553,41627.69,58345, 281504, 46.56,-0.56
MARUTI, EQ, 08-Apr-2022,7640.5,7708.8,7730.5,7515.4, 7570.90,7557.95,7586.29,849846,64471.75,95928, 473609, 55.73,-1.08
MARUTI, EQ, 08-Apr-2024,12421.6,12450.0,12927.65,12450.0, 12835.05,12865.1,12797.32,570422,72998.75,95474, 251521, 44.09,3.57
MARUTI, EQ, 08-Apr-2025,11329.75,11530.0,11550.35,11290.05,11436.0,11458.9,11447.67,629968,72116.68,93920, 399579, 63.43,1.14
MARUTI, EQ, 08-May-2020,4749.3,4874.0,4879.0,4637.5, 4660.00,4654.15,4710.0,1828146,86105.63,138370, 541728, 29.63,-2.0
MARUTI, EQ, 08-May-2023,8948.65,9046.0,9120.95,8960.0, 9062.05,9076.25,9056.62,678780,61474.5,76671, 400825, 59.05,1.43
MARUTI, EQ, 08-May-2024,12364.05,12392.0,12559.95,12325.0,12535.4,12543.55,12464.2,399669,49815.54,78910, 185016, 46.29,1.45
MARUTI, EQ, 08-Jun-2020,5746.2,5850.0,5850.0,5701.5, 5735.00,5734.8,5762.86,1176769,67815.55,127415, 134370, 11.42,-0.2
MARUTI, EQ, 08-Jun-2021,7275.65,7317.5,7366.45,7295.2, 7336.95,7336.75,7332.9,538816,39510.82,57394, 299547, 55.59,0.84
MARUTI, EQ, 08-Jun-2022,7809.4,7824.0,7921.0,7720.7,7885.05,7892.45,7832.62,813596,63725.9,106960, 365930, 44.98,1.06
MARUTI, EQ, 08-Jun-2023,9707.5,9733.0,9765.0,9625.5, 9650.25,9658.6,9680.9,273746,26501.08,36258, 158906, 58.05,-0.5
MARUTI, EQ, 08-Jul-2020,6226.75,6226.75,6235.0,6022.6,6049.8,6044.4,6124.25,1204104,73742.34,107505, 294304, 24.44,-2.93
MARUTI, EQ, 08-Jul-2021,7449.4,7455.0,7498.0,7385.0, 7400.00,7401.2,7426.17,391940,29106.13,40411, 121213, 30.93,-0.65
MARUTI, EQ, 08-Jul-2022,8606.4,8620.0,8656.95,8445.0,8463.6,8475.95,8500.21,686327,58339.23,67516, 395317, 57.60,-1.52
MARUTI, EQ, 08-Jul-2024,12104.05,12104.0,12112.0,11966.0,12045.0,12023.6,12023.51,496933,59748.78,65581, 334887, 67.39,-0.66
MARUTI, EQ, 08-Aug-2022,8841.2,8841.2,8998.0,8841.0,8914.9,8921.95,8923.54,520993,46491.01,66218,266555,51.16,0.91
MARUTI, EQ, 08-Aug-2023,9523.8,9539.95,9623.0,9505.0, 9540.05,9542.55,9569.26,430636,41208.67,64141, 255205, 59.26,0.2
MARUTI, EQ, 08-Aug-2024,12371.5,12371.0,12392.7,12152.15,12219.0,12218.85,12250.61,358577,43927.88,68340, 143129, 39.92,-1.23
MARUTI, EQ, 08-Sep-2020,7209.15,7220.0,7278.0,7137.65, 7220.00,7224.0,7224.01,1145075,82720.33,87288, 351196, 30.67,0.21
MARUTI, EQ, 08-Sep-2021,6877.15,6852.1,6858.35,6756.0, 6780.00,6781.25,6797.04,847767,57623.09,115677, 460250, 54.29,-1.39
MARUTI, EQ, 08-Sep-2022,8784.9,8829.0,8885.1,8780.0, 8796.55,8790.65,8831.11,428924,37878.74,42815, 228104, 53.18,0.07
MARUTI, EQ, 08-Sep-2023,10280.75,10399.0,10400.0,10300.0, 10345.00,10332.0,10349.04,439721,45506.9,54561, 241002, 54.81,0.5
MARUTI, EQ, 08-Oct-2020,7046.9,7090.0,7140.0,7021.0,7068.15,7079.85,7074.26,851205,60216.48,72570, 185537, 21.80,0.47
MARUTI, EQ, 08-Oct-2021,7492.5,7548.7,7571.95,7401.15, 7409.30,7430.0,7476.49,630622,47148.41,56059, 372117, 59.01,-0.83
MARUTI, EQ, 08-Oct-2024,12527.5,12502.25,12630.1,12462.05,12540.05,12531.95,12532.18,387060,48507.06,55133, 239385, 61.85,0.04
MARUTI, EQ, 08-Nov-2021,7747.4,7759.95,7882.6,7672.0, 7697.95,7684.6,7746.18,428433,33187.2,44304, 202529, 47.27,-0.81
MARUTI, EQ, 08-Nov-2023,10253.3,10320.0,10340.45,10260.6, 10321.00,10322.3,10310.09,287006,29590.57,48752, 178184, 62.08,0.67
MARUTI, EQ, 08-Nov-2024,11300.15,11260.5,11344.0,11125.6, 11302.00,11303.0,11255.77,269993,30389.8,55270, 108311, 40.12,0.03
MARUTI, EQ, 08-Dec-2020,7743.4,7748.0,8013.15,7700.0,7754.0,7762.7,7828.18,1885285,147583.58,144666, 312975, 16.60,0.25
MARUTI, EQ, 08-Dec-2021,7186.6,7225.0,7497.85,7151.1,7415.55,7434.9,7322.85,930339,68127.33,101965, 189467, 20.37,3.46
MARUTI, EQ, 08-Dec-2022,8659.15,8665.0,8711.0,8606.05, 8681.00,8682.7,8670.3,476001,41270.69,67879, 299690, 62.96,0.27
MARUTI, EQ, 08-Dec-2023,10696.65,10730.0,10748.0,10551.0, 10628.80,10618.55,10626.93,548373,58275.2,103497, 323495, 58.99,-0.73
MARUTI, EQ, 09-Jan-2020,7035.2,7140.0,7240.0,7102.0, 7240.00,7227.9,7180.72,798184,57315.37,60422, 212618, 26.64,2.74
MARUTI, EQ, 09-Jan-2023,8383.05,8424.85,8446.95,8325.1,8380.0,8377.0,8385.69,613406,51438.33,92471, 390583, 63.67,-0.07
MARUTI, EQ, 09-Jan-2024,9946.7,9975.0,10042.65,9890.0,10035.0,10024.1,9973.98,666469,66473.51,86922, 425129, 63.79,0.78
MARUTI, EQ, 09-Jan-2025,11822.0,11822.0,11850.0,11659.65,11751.15,11740.55,11751.68,266413,31308.01,57684, 132159, 49.61,-0.69
MARUTI, EQ, 09-Feb-2021,7574.6,7581.0,7680.0,7574.0, 7630.00,7627.05,7637.82,925127,70659.58,83533, 297189, 32.12,0.69
MARUTI, EQ, 09-Feb-2022,8599.45,8622.0,8989.8,8622.0, 8960.75,8949.45,8872.05,1403525,124521.47,138958, 552702, 39.38,4.07
MARUTI, EQ, 09-Feb-2023,8834.7,8802.3,8833.0,8700.0, 8798.00,8801.2,8774.33,392186,34411.71,46380, 198244, 50.55,-0.38
MARUTI, EQ, 09-Feb-2024,10743.9,10711.25,10770.0,10611.1, 10710.00,10732.85,10715.08,645489,69164.64,107179, 398713, 61.77,-0.1
MARUTI, EQ, 09-Mar-2020,6445.95,6301.0,6374.0,6079.4, 6225.00,6201.1,6240.68,1082031,67526.12,113127, 379095, 35.04,-3.8
MARUTI, EQ, 09-Mar-2021,7259.5,7329.4,7329.4,7256.0, 7300.00,7301.55,7291.37,678485,49470.88,69419, 328281, 48.38,0.58
MARUTI, EQ, 09-Mar-2022,6806.3,6874.0,7078.1,6777.0, 7021.35,7026.85,6918.36,1827539,126435.76,174151, 813220, 44.50,3.24
MARUTI, EQ, 09-Mar-2023,8693.9,8725.0,8737.0,8534.05, 8554.00,8541.95,8619.64,431466,37190.8,59282, 257944, 59.78,-1.75
MARUTI, EQ, 09-Apr-2020,4698.1,4794.45,5399.0,4736.2, 5350.00,5326.65,5116.97,3786661,193762.16,310721, 1317700, 34.80,13.38
MARUTI, EQ, 09-Apr-2021,6826.85,6850.0,6875.25,6778.0,6835.0,6827.1,6827.68,641327,43787.74,60183, 277643, 43.29,0.0
MARUTI, EQ, 09-Apr-2024,12865.1,12865.1,12985.7,12780.0, 12868.25,12888.0,12884.82,314466,40518.37,64082, 111459, 35.44,0.18
MARUTI, EQ, 09-Apr-2025,11458.9,11460.1,11538.7,11425.0,11480.0,11457.4,11475.31,255114,29275.12,50927, 128672, 50.44,-0.01
MARUTI, EQ, 09-May-2022,7279.25,7201.5,7424.5,7130.0, 7363.50,7360.3,7270.37,570578,41483.1,86351, 204396, 35.82,1.11
MARUTI, EQ, 09-May-2023,9076.25,9083.0,9140.0,9051.85,9110.0,9111.55,9102.91,415394,37812.96,45385, 254104, 61.17,0.39
MARUTI, EQ, 09-May-2024,12543.55,12540.0,12739.8,12436.75,12516.0,12504.65,12573.79,504590,63446.09,112321, 197091, 39.06,-0.31
MARUTI, EQ, 09-Jun-2020,5734.8,5754.0,5787.0,5620.0, 5663.45,5662.3,5695.32,1336815,76135.93,120413, 173218, 12.96,-1.26
MARUTI, EQ, 09-Jun-2021,7336.75,7310.2,7339.2,7200.0,7238.55,7239.0,7253.8,443778,32190.76,54241, 180247, 40.62,-1.33
MARUTI, EQ, 09-Jun-2022,7892.45,7848.0,8010.0,7830.1, 7924.00,7929.85,7935.68,687937,54592.48,80203, 254691, 37.02,0.47
MARUTI, EQ, 09-Jun-2023,9658.6,9675.5,9713.9,9611.1, 9635.00,9627.8,9656.06,161389,15583.82,27995, 103294, 64.00,-0.32
MARUTI, EQ, 09-Jul-2020,6044.4,6080.0,6096.0,5931.35, 6020.00,6002.35,5994.28,1043433,62546.31,90297, 191108, 18.32,-0.7
MARUTI, EQ, 09-Jul-2021,7401.2,7381.0,7447.9,7343.4,7423.0,7425.7,7401.23,400686,29655.68,53081, 180958, 45.16,0.33
MARUTI, EQ, 09-Jul-2024,12023.6,12325.0,12959.95,12264.05,12807.0,12827.7,12709.23,2114130,268689.57,244903, 606524, 28.69,6.69
MARUTI, EQ, 09-Aug-2021,7100.8,7135.0,7165.0,7038.0, 7092.00,7081.75,7086.34,264983,18777.58,28989, 112149, 42.32,-0.27
MARUTI, EQ, 09-Aug-2023,9542.55,9540.0,9540.05,9417.5, 9468.00,9463.1,9460.76,404602,38278.41,50469, 252813, 62.48,-0.83
MARUTI, EQ, 09-Aug-2024,12218.85,12390.0,12390.0,12195.1,12204.0,12224.2,12249.39,320211,39223.89,47795, 166422, 51.97,0.04
MARUTI, EQ, 09-Sep-2020,7224.0,7200.0,7256.35,7121.2, 7227.00,7215.25,7184.74,1273303,91483.5,102091, 467218, 36.69,-0.12
MARUTI, EQ, 09-Sep-2021,6781.25,6750.0,6818.45,6740.0, 6800.00,6802.25,6784.97,515702,34990.24,54757, 233568, 45.29,0.31
MARUTI, EQ, 09-Sep-2022,8790.65,8834.65,8989.0,8730.0, 8953.00,8946.0,8861.5,632296,56030.92,70143, 256085, 40.50,1.77
MARUTI, EQ, 09-Sep-2024,12186.15,12197.5,12219.85,12102.0,12148.0,12145.75,12146.75,415790,50504.98,52974, 264492, 63.61,-0.33
MARUTI, EQ, 09-Oct-2020,7079.85,7060.0,7159.0,7001.0, 7059.50,7062.4,7082.16,839682,59467.64,64951, 196410, 23.39,-0.25
MARUTI, EQ, 09-Oct-2023,10302.05,10250.0,10334.4,10183.95, 10226.00,10244.8,10260.09,230083,23606.73,42675, 118303, 51.42,-0.56
MARUTI, EQ, 09-Oct-2024,12531.95,12554.95,12850.0,12540.5,12741.1,12760.7,12744.49,465231,59291.33,63644, 240086, 51.61,1.83
MARUTI, EQ, 09-Nov-2020,6907.6,6989.95,7032.6,6815.0, 6862.85,6872.15,6887.51,1479540,101903.53,123273, 605879, 40.95,-0.51
MARUTI, EQ, 09-Nov-2021,7684.6,7709.0,7764.5,7538.7,7583.05,7577.55,7605.2,632879,48131.7,52807, 328438, 51.90,-1.39
MARUTI, EQ, 09-Nov-2022,9333.3,9480.35,9480.85,9220.0, 9230.15,9253.5,9300.67,617256,57408.94,64160, 349608, 56.64,-0.86
MARUTI, EQ, 09-Nov-2023,10322.3,10349.95,10449.6,10316.75, 10401.00,10400.35,10401.96,310536,32301.83,54605, 96055, 30.93,0.76
MARUTI, EQ, 09-Dec-2020,7762.7,7775.0,7799.95,7692.0,7708.0,7709.25,7726.95,822760,63574.26,79099, 251115, 30.52,-0.69
MARUTI, EQ, 09-Dec-2021,7434.9,7469.0,7469.0,7325.0, 7405.00,7421.75,7408.75,615037,45566.53,71922, 212228, 34.51,-0.18
MARUTI, EQ, 09-Dec-2022,8682.7,8707.0,8763.75,8545.45, 8610.50,8613.35,8630.5,790406,68216.01,96097, 499922, 63.25,-0.8
MARUTI, EQ, 09-Dec-2024,11317.95,11322.0,11368.9,11252.55,11260.0,11279.8,11291.51,254485,28735.19,43967, 147214, 57.85,-0.34
MARUTI, EQ, 10-Jan-2020,7227.9,7261.4,7349.9,7234.4, 7329.00,7330.5,7299.43,747847,54588.58,59339, 267982, 35.83,1.42
MARUTI, EQ, 10-Jan-2022,7906.0,7950.0,8232.0,7924.15,8118.9,8125.6,8135.69,827930,67357.8,103098, 226323, 27.34,2.78
MARUTI, EQ, 10-Jan-2023,8377.0,8380.0,8410.0,8262.9,8304.0,8293.15,8316.61,493677,41057.2,74247, 306311, 62.05,-1.0
MARUTI, EQ, 10-Jan-2024,10024.1,10049.95,10050.75,9950.0, 9994.00,10010.2,10004.8,481699,48193.02,63008, 319882, 66.41,-0.14
MARUTI, EQ, 10-Jan-2025,11740.55,11690.0,11760.0,11570.0,11640.0,11631.1,11634.03,218246,25390.8,48765, 107782, 49.39,-0.93
MARUTI, EQ, 10-Feb-2020,6971.75,6975.0,6989.1,6851.1, 6894.60,6892.9,6899.4,593773,40966.75,53020, 146478, 24.67,-1.13
MARUTI, EQ, 10-Feb-2021,7627.05,7605.2,7674.9,7506.05,7629.0,7621.7,7589.42,1015600,77078.14,97257, 233643, 23.01,-0.07
MARUTI, EQ, 10-Feb-2022,8949.45,9050.0,9050.0,8789.9,8799.0,8805.45,8863.21,811887,71959.27,96059, 341625, 42.08,-1.61
MARUTI, EQ, 10-Feb-2023,8801.2,8797.8,8875.0,8772.95, 8800.00,8811.35,8819.84,276298,24369.05,53805, 126448, 45.77,0.12
MARUTI, EQ, 10-Feb-2025,13049.5,13050.0,13060.0,12886.65,12891.65,12900.75,12939.35,294142,38060.05,56822, 198236, 67.39,-1.14
MARUTI, EQ, 10-Mar-2021,7301.55,7320.0,7387.0,7251.0, 7260.65,7272.1,7318.8,659270,48250.62,99069, 234347, 35.55,-0.4
MARUTI, EQ, 10-Mar-2022,7026.85,7255.0,7399.85,7177.3, 7195.75,7211.8,7270.31,1535070,111604.38,149607, 609171, 39.68,2.63
MARUTI, EQ, 10-Mar-2023,8541.95,8530.0,8628.0,8480.1, 8600.00,8601.55,8565.93,516128,44211.14,65591, 318464, 61.70,0.7
MARUTI, EQ, 10-Mar-2025,11664.15,11600.0,11697.9,11533.65,11571.4,11586.05,11615.35,153894,17875.33,34457, 70717, 45.95,-0.67
MARUTI, EQ, 10-Apr-2023,8516.65,8456.6,8555.8,8403.05, 8534.00,8535.15,8482.41,308275,26149.16,46590, 112417, 36.47,0.22
MARUTI, EQ, 10-Apr-2024,12888.0,12933.0,12958.0,12600.9, 12675.00,12682.75,12734.87,464239,59120.23,75887, 214024, 46.10,-1.59
MARUTI, EQ, 10-May-2021,6703.05,6675.2,6773.15,6660.1, 6765.00,6764.0,6738.56,541534,36491.58,59183, 232526, 42.94,0.91
MARUTI, EQ, 10-May-2022,7360.3,7350.15,7575.0,7350.15, 7486.35,7515.9,7503.14,663616,49792.07,86150, 232151, 34.98,2.11
MARUTI, EQ, 10-May-2023,9111.55,9128.8,9180.0,9060.0,9144.95,9168.15,9115.25,366827,33437.19,64875, 240165, 65.47,0.62
MARUTI, EQ, 10-May-2024,12504.65,12505.0,12696.95,12501.0,12644.0,12675.5,12645.8,328670,41562.95,62329, 148903, 45.30,1.37
MARUTI, EQ, 10-Jun-2020,5662.3,5655.0,5740.0,5615.0, 5685.75,5675.6,5685.19,1432292,81428.52,148469, 180964, 12.63,0.23
MARUTI, EQ, 10-Jun-2021,7239.0,7258.0,7279.45,7174.05, 7209.50,7199.9,7209.21,278027,20043.56,41656, 108735, 39.11,-0.54
MARUTI, EQ, 10-Jun-2022,7929.85,7826.0,7988.2,7826.0,7922.0,7935.1,7935.34,442921,35147.27,50733, 157881, 35.65,0.07
MARUTI, EQ, 10-Jun-2024,12810.9,12765.15,12920.0,12627.9,12741.0,12717.55,12737.36,293471,37380.45,50300, 158331, 53.95,-0.73
MARUTI, EQ, 10-Jul-2020,6002.35,5980.0,6085.1,5921.0,5964.0,5955.65,5986.88,1168905,69980.95,102190, 101731, 8.70,-0.78
MARUTI, EQ, 10-Jul-2023,9850.25,9854.0,9933.35,9719.75,9764.7,9736.3,9815.04,272008,26697.7,45115, 138392, 50.88,-1.16
MARUTI, EQ, 10-Jul-2024,12827.7,12950.05,13300.0,12732.65,12780.25,12772.8,13027.14,2070520,269729.55,252066, 548805, 26.51,-0.43
MARUTI, EQ, 10-Aug-2020,6679.0,6690.0,6728.7,6576.0, 6599.00,6608.9,6645.25,1601753,106440.46,103576, 292695, 18.27,-1.05
MARUTI, EQ, 10-Aug-2021,7081.75,7045.2,7104.9,6995.0, 7006.00,7001.95,7032.13,356726,25085.44,45106, 185930, 52.12,-1.13
MARUTI, EQ, 10-Aug-2022,8921.95,8938.6,8999.5,8826.0,8880.0,8879.7,8879.79,445375,39548.38,62150, 222077, 49.86,-0.47
MARUTI, EQ, 10-Aug-2023,9463.1,9463.1,9500.0,9342.05, 9400.00,9397.6,9412.8,523490,49275.08,69010, 309081, 59.04,-0.69
MARUTI, EQ, 10-Sep-2020,7215.25,7264.0,7299.4,7168.0, 7219.20,7231.65,7232.95,978701,70788.92,71947, 248131, 25.35,0.23
MARUTI, EQ, 10-Sep-2024,12145.75,12150.1,12288.05,12098.0,12278.9,12263.4,12185.57,285122,34743.73,47400, 161714, 56.72,0.97
MARUTI, EQ, 10-Oct-2022,8779.1,8675.0,8876.45,8658.0, 8852.00,8862.4,8804.48,411218,36205.62,56296, 152899, 37.18,0.95
MARUTI, EQ, 10-Oct-2023,10244.8,10290.0,10417.0,10270.1, 10349.95,10375.0,10375.13,348342,36140.92,45964, 189762, 54.48,1.27
MARUTI, EQ, 10-Oct-2024,12760.7,12798.9,12965.0,12711.5,12935.0,12944.1,12872.11,492698,63420.63,100100, 284525, 57.75,1.44
MARUTI, EQ, 10-Nov-2020,6872.15,6973.1,6974.0,6761.45, 6796.00,6793.45,6805.87,1695413,115387.53,178870, 862220, 50.86,-1.15
MARUTI, EQ, 10-Nov-2021,7577.55,7570.0,7580.0,7460.0, 7514.90,7511.65,7508.27,562432,42228.91,53959, 348183, 61.91,-0.87
MARUTI, EQ, 10-Nov-2022,9253.5,9201.0,9250.75,9071.0, 9109.00,9097.25,9121.0,445700,40652.31,49250, 231869, 52.02,-1.69
MARUTI, EQ, 10-Nov-2023,10400.35,10375.0,10416.4,10320.0,10395.0,10388.8,10376.76,206395,21417.12,33950, 99929, 48.42,-0.11
MARUTI, EQ, 10-Dec-2020,7709.25,7760.0,7850.0,7710.0, 7727.90,7736.0,7776.21,1186739,92283.3,88280, 166849, 14.06,0.35
MARUTI, EQ, 10-Dec-2021,7421.75,7380.0,7475.0,7357.95, 7416.00,7425.65,7429.33,431682,32071.09,40531, 140362, 32.52,0.05
MARUTI, EQ, 10-Dec-2024,11279.8,11275.0,11314.35,11170.0,11219.8,11198.2,11219.43,410569,46063.48,52912, 282287, 68.76,-0.72
MARUTI, EQ, 11-Jan-2021,8014.9,8099.0,8288.0,7882.4, 8230.00,8232.75,8134.13,2182019,177488.16,173268, 374554, 17.17,2.72
MARUTI, EQ, 11-Jan-2022,8125.6,8100.0,8162.45,8069.3,8138.0,8143.85,8114.04,688923,55899.48,79062, 414854, 60.22,0.22
MARUTI, EQ, 11-Jan-2023,8293.15,8334.65,8334.65,8249.15, 8298.45,8284.45,8289.45,327536,27150.92,56685, 172791, 52.75,-0.1
MARUTI, EQ, 11-Jan-2024,10010.2,10025.1,10124.1,10000.0, 10010.00,10011.1,10056.45,1024815,103060.01,126184, 754073, 73.58,0.01
MARUTI, EQ, 11-Feb-2020,6892.9,6950.0,7089.0,6912.3, 7026.00,7033.75,7035.67,743160,52286.27,62908, 163459, 22.00,2.04
MARUTI, EQ, 11-Feb-2021,7621.7,7600.0,7744.0,7567.65,7659.0,7667.35,7669.83,818869,62805.85,67413, 178948, 21.85,0.6
MARUTI, EQ, 11-Feb-2022,8805.45,8738.0,8865.0,8673.3,8732.0,8737.15,8776.48,671572,58940.41,77804, 229313, 34.15,-0.78
MARUTI, EQ, 11-Feb-2025,12900.75,12899.95,13017.25,12699.45,12708.3,12724.35,12821.43,354195,45412.85,65803, 201853, 56.99,-1.37
MARUTI, EQ, 11-Mar-2020,6201.1,6160.0,6310.95,6105.0, 6137.95,6146.3,6177.52,937029,57885.18,100403, 220842, 23.57,-0.88
MARUTI, EQ, 11-Mar-2022,7211.8,7200.0,7200.0,7080.0, 7099.00,7102.55,7118.54,1024452,72925.98,116914, 460164, 44.92,-1.51
MARUTI, EQ, 11-Mar-2024,11510.05,11515.15,11555.9,11350.05, 11400.00,11395.55,11419.11,525344,59989.63,73992, 384299, 73.15,-0.99
MARUTI, EQ, 11-Mar-2025,11586.05,11579.5,11692.0,11510.0,11660.0,11646.95,11604.05,245822,28525.3,57626, 106093, 43.16,0.53
MARUTI, EQ, 11-Apr-2022,7557.95,7614.85,7616.55,7485.0,7569.0,7565.4,7546.25,496254,37448.56,75935, 205266, 41.36,0.1
MARUTI, EQ, 11-Apr-2023,8535.15,8580.0,8670.95,8545.0, 8654.00,8659.55,8629.0,409240,35313.31,44336, 226661, 55.39,1.46
MARUTI, EQ, 11-Apr-2025,11457.4,11480.35,11678.75,11480.0,11609.0,11599.05,11603.45,231420,26852.7,45734, 125277, 54.13,1.24
MARUTI, EQ, 11-May-2020,4654.15,4750.0,5014.6,4730.15, 4923.00,4937.8,4915.93,3176498,156154.44,290010, 763104, 24.02,6.09
MARUTI, EQ, 11-May-2021,6764.0,6680.15,6749.0,6660.25, 6740.00,6736.65,6709.69,406046,27244.42,46189, 130971, 32.26,-0.4
MARUTI, EQ, 11-May-2022,7515.9,7519.0,7559.55,7346.6,7385.0,7396.45,7426.96,605312,44956.27,83944, 232820, 38.46,-1.59
MARUTI, EQ, 11-May-2023,9168.15,9242.95,9315.0,9142.05, 9260.00,9260.9,9245.1,644550,59589.27,65745, 413884, 64.21,1.01
MARUTI, EQ, 11-Jun-2020,5675.6,5637.0,5689.0,5400.3, 5419.00,5426.15,5542.88,1766482,97914.03,159656, 442517, 25.05,-4.4
MARUTI, EQ, 11-Jun-2021,7199.9,7244.0,7244.0,7186.4, 7215.00,7223.8,7219.08,253689,18314.0,43956, 124909, 49.24,0.33
MARUTI, EQ, 11-Jun-2024,12717.55,12743.5,12939.55,12655.2,12870.0,12863.65,12827.27,358807,46025.14,56304, 185571, 51.72,1.15
MARUTI, EQ, 11-Jul-2022,8475.95,8451.7,8525.0,8416.1,8504.85,8507.65,8478.93,536114,45456.75,47318, 308007, 57.45,0.37
MARUTI, EQ, 11-Jul-2023,9736.3,9796.0,9956.85,9736.3, 9900.00,9900.15,9896.29,568772,56287.33,55818, 330189, 58.05,1.68
MARUTI, EQ, 11-Jul-2024,12772.8,12800.0,12923.8,12695.05,12730.25,12715.2,12800.23,608983,77951.2,100891, 281891, 46.29,-0.45
MARUTI, EQ, 11-Aug-2020,6608.9,6665.0,6713.5,6611.0,6648.7,6649.2,6656.9,880811,58634.69,75125, 103962, 11.80,0.61
MARUTI, EQ, 11-Aug-2021,7001.95,7002.0,7095.0,6925.15, 7023.80,7021.5,6993.36,414311,28974.27,53559, 169439, 40.90,0.28
MARUTI, EQ, 11-Aug-2022,8879.7,8955.7,8998.0,8724.0,8800.0,8813.85,8844.12,508318,44956.23,64683, 210213, 41.35,-0.74
MARUTI, EQ, 11-Aug-2023,9397.6,9397.6,9469.0,9344.0, 9366.50,9356.85,9387.37,498504,46796.39,63453, 291621, 58.50,-0.43
MARUTI, EQ, 11-Sep-2020,7231.65,7279.95,7349.9,7175.0, 7181.20,7193.6,7248.64,1383019,100250.05,105158, 260032, 18.80,-0.53
MARUTI, EQ, 11-Sep-2023,10332.0,10345.0,10550.0,10344.0, 10540.00,10533.85,10488.38,598050,62725.77,72835, 361220, 60.40,1.95
MARUTI, EQ, 11-Sep-2024,12263.4,12260.0,12334.0,12165.0,12260.55,12242.6,12254.75,349799,42866.98,59970, 200266, 57.25,-0.17
MARUTI, EQ, 11-Oct-2021,7430.0,7420.2,7814.8,7419.8, 7680.00,7700.8,7692.98,1069536,82279.24,95503, 527841, 49.35,3.64
MARUTI, EQ, 11-Oct-2022,8862.4,8811.0,8850.0,8665.0, 8679.15,8684.15,8757.11,422610,37008.43,61935, 191963, 45.42,-2.01
MARUTI, EQ, 11-Oct-2023,10375.0,10349.95,10440.0,10340.05, 10408.25,10412.1,10407.0,193526,20140.25,33960, 95030, 49.10,0.36
MARUTI, EQ, 11-Oct-2024,12944.1,12944.1,12980.0,12725.0,12792.1,12776.65,12834.53,274243,35197.79,67576, 141961, 51.76,-1.29
MARUTI, EQ, 11-Nov-2020,6793.45,6859.0,6904.0,6753.1, 6855.00,6857.35,6849.57,1481918,101505.04,126580, 672076, 45.35,0.94
MARUTI, EQ, 11-Nov-2021,7511.65,7512.0,7567.5,7442.0, 7468.00,7453.45,7491.24,486991,36481.69,63248, 270578, 55.56,-0.77
MARUTI, EQ, 11-Nov-2022,9097.25,9200.0,9240.0,9050.0,9100.0,9087.55,9131.45,461074,42102.73,44553, 221304, 48.00,-0.11
MARUTI, EQ, 11-Nov-2024,11303.0,11331.5,11518.15,11310.0, 11390.00,11399.7,11450.26,450681,51604.13,74035, 176051, 39.06,0.86
MARUTI, EQ, 11-Dec-2020,7736.0,7779.95,7795.7,7700.0, 7715.20,7733.55,7738.7,706875,54702.95,50626, 183137, 25.91,-0.03
MARUTI, EQ, 11-Dec-2023,10618.55,10630.0,10638.0,10500.05, 10554.65,10541.75,10567.15,579749,61262.97,80626, 437521, 75.47,-0.72
MARUTI, EQ, 11-Dec-2024,11198.2,11229.9,11320.85,11220.6,11291.95,11277.75,11282.8,226584,25565.03,39648, 119947, 52.94,0.71
MARUTI, EQ, 12-Jan-2021,8232.75,8161.0,8329.0,8140.0, 8160.00,8188.05,8225.92,1514072,124546.31,121926, 338140, 22.33,-0.54
MARUTI, EQ, 12-Jan-2022,8143.85,8200.0,8200.0,8115.0,8138.0,8170.75,8160.54,288174,23516.55,40617, 128185, 44.48,0.33
MARUTI, EQ, 12-Jan-2023,8284.45,8315.0,8377.0,8260.0, 8365.00,8369.2,8332.84,283772,23646.26,57766, 128131, 45.15,1.02
MARUTI, EQ, 12-Jan-2024,10011.1,10025.0,10044.95,9935.95,9970.0,9965.65,9971.01,850190,84772.55,102727, 605716, 71.24,-0.45
MARUTI, EQ, 12-Feb-2020,7033.75,7056.1,7110.0,7007.95, 7048.00,7043.3,7061.19,599364,42322.22,42309, 177690, 29.65,0.14
MARUTI, EQ, 12-Feb-2021,7667.35,7620.1,7675.0,7525.9,7570.0,7568.5,7603.77,756833,57547.83,64775, 194262, 25.67,-1.29
MARUTI, EQ, 12-Feb-2024,10732.85,10700.0,10748.95,10650.05, 10707.00,10709.7,10706.58,190655,20412.63,39408, 101401, 53.19,-0.22
MARUTI, EQ, 12-Feb-2025,12724.35,12700.0,12765.35,12608.05,12656.0,12655.55,12682.27,425735,53992.85,72469, 262464, 61.65,-0.54
MARUTI, EQ, 12-Mar-2020,6146.3,5939.3,5939.3,5555.55, 5642.25,5643.15,5742.2,1345986,77289.17,139523, 578348, 42.97,-8.19
MARUTI, EQ, 12-Mar-2021,7272.1,7300.0,7313.0,7061.4, 7100.75,7096.2,7151.12,946720,67701.1,114353, 341569, 36.08,-2.42
MARUTI, EQ, 12-Mar-2024,11395.55,11400.0,11575.9,11381.0, 11502.00,11509.9,11504.19,283816,32650.73,57764, 133081, 46.89,1.0
MARUTI, EQ, 12-Mar-2025,11646.95,11620.8,11723.95,11522.0,11595.0,11640.1,11615.85,249361,28965.39,40536, 148407, 59.51,-0.06
MARUTI, EQ, 12-Apr-2021,6827.1,6739.85,6739.85,6502.15, 6533.00,6520.6,6565.82,1020746,67020.32,134956, 505862, 49.56,-4.49
MARUTI, EQ, 12-Apr-2022,7565.4,7540.0,7711.5,7500.0, 7605.00,7618.35,7619.12,598047,45565.91,80645, 171008, 28.59,0.7
MARUTI, EQ, 12-Apr-2023,8659.55,8672.0,8709.95,8591.0, 8624.00,8621.05,8662.87,408458,35384.2,47658, 278598, 68.21,-0.44
MARUTI, EQ, 12-Apr-2024,12682.75,12660.0,12660.0,12225.0, 12269.00,12266.55,12432.13,973366,121010.15,159549, 573411, 58.91,-3.28
MARUTI, EQ, 12-May-2020,4937.8,4914.0,4985.0,4690.05, 4951.95,4951.3,4848.14,3124772,151493.27,229570, 485975, 15.55,0.27
MARUTI, EQ, 12-May-2021,6736.65,6730.0,6840.0,6685.0,6825.0,6817.55,6771.29,770204,52152.72,73266, 311842, 40.49,1.2
MARUTI, EQ, 12-May-2022,7396.45,7221.5,7323.95,7210.8,7270.0,7253.65,7266.95,571754,41549.1,101051, 233993, 40.93,-1.93
MARUTI, EQ, 12-May-2023,9260.9,9260.95,9329.8,9232.65, 9272.00,9295.4,9275.88,403028,37384.4,57527, 236084, 58.58,0.37
MARUTI, EQ, 12-Jun-2020,5426.15,5201.0,5608.3,5201.0, 5550.00,5561.75,5383.34,2064628,111146.01,179002, 341936, 16.56,2.5
MARUTI, EQ, 12-Jun-2023,9627.8,9625.0,9700.0,9537.65, 9550.40,9550.45,9561.79,316879,30299.31,42034, 217254, 68.56,-0.8
MARUTI, EQ, 12-Jun-2024,12863.65,12863.65,12951.6,12802.0,12842.55,12849.35,12876.73,302719,38980.3,77621, 167899, 55.46,-0.11
MARUTI, EQ, 12-Jul-2021,7425.7,7500.0,7589.8,7451.05, 7467.00,7470.1,7519.78,496478,37334.07,55325, 109130, 21.98,0.6
MARUTI, EQ, 12-Jul-2022,8507.65,8495.0,8497.45,8376.25,8399.0,8419.7,8428.97,424358,35769.0,41093, 200453, 47.24,-1.03
MARUTI, EQ, 12-Jul-2023,9900.15,9895.0,9950.0,9805.0, 9833.00,9835.8,9861.81,552967,54532.54,67024, 340105, 61.51,-0.65
MARUTI, EQ, 12-Jul-2024,12715.2,12620.0,12669.9,12475.0,12599.0,12562.5,12578.58,674746,84873.5,93175, 326738, 48.42,-1.2
MARUTI, EQ, 12-Aug-2020,6649.2,6609.95,6778.05,6592.1,6730.05,6730.3,6708.04,1114994,74794.28,76689, 211836, 19.00,1.22
MARUTI, EQ, 12-Aug-2021,7021.5,7022.0,7084.8,6985.0, 7009.50,7012.0,7023.98,330283,23199.01,44040, 141166, 42.74,-0.14
MARUTI, EQ, 12-Aug-2022,8813.85,8815.0,8815.0,8675.0,8695.95,8699.2,8707.72,712782,62067.05,71377, 439273, 61.63,-1.3
MARUTI, EQ, 12-Aug-2024,12224.2,12200.0,12370.0,12100.0,12274.75,12273.25,12282.7,291212,35768.68,45531, 132651, 45.55,0.4
MARUTI, EQ, 12-Sep-2022,8946.0,8969.9,9012.3,8904.0, 8922.00,8927.65,8954.11,383641,34351.62,48059, 193731, 50.50,-0.21
MARUTI, EQ, 12-Sep-2023,10533.85,10544.0,10568.4,10405.0, 10500.00,10503.6,10483.48,568773,59627.18,67867, 346098, 60.85,-0.29
MARUTI, EQ, 12-Sep-2024,12242.6,12262.1,12427.0,12151.35,12375.0,12400.85,12292.95,547830,67344.45,78307, 315251, 57.55,1.29
MARUTI, EQ, 12-Oct-2020,7062.4,7110.0,7155.0,7005.0, 7135.00,7136.65,7092.96,799713,56723.3,63216, 201144, 25.15,1.05
MARUTI, EQ, 12-Oct-2021,7700.8,7687.9,7750.0,7630.05, 7690.00,7693.8,7693.24,406814,31297.19,61729, 179193, 44.05,-0.09
MARUTI, EQ, 12-Oct-2022,8684.15,8698.0,8720.0,8590.6, 8684.00,8686.6,8663.28,380365,32952.1,68960, 165187, 43.43,0.03
MARUTI, EQ, 12-Oct-2023,10412.1,10460.0,10624.55,10420.2, 10595.00,10580.9,10553.58,569237,60074.88,70391, 240752, 42.29,1.62
MARUTI, EQ, 12-Nov-2020,6857.35,6857.0,6930.0,6792.0, 6830.00,6836.85,6849.14,1418041,97123.62,110725, 637888, 44.98,-0.3
MARUTI, EQ, 12-Nov-2021,7453.45,7530.0,7544.0,7442.0, 7479.00,7479.85,7475.84,349666,26140.48,32755, 200436, 57.32,0.35
MARUTI, EQ, 12-Nov-2024,11399.7,11392.05,11516.9,11107.25,11125.0,11143.1,11266.67,549747,61938.16,73758, 346670, 63.06,-2.25
MARUTI, EQ, 12-Dec-2022,8613.35,8609.0,8693.3,8515.3, 8659.30,8659.75,8632.67,445039,38418.76,76726, 252741, 56.79,0.54
MARUTI, EQ, 12-Dec-2023,10541.75,10620.0,10624.0,10301.1, 10350.00,10338.4,10443.84,1088687,113700.75,147099, 812602, 74.64,-1.93
MARUTI, EQ, 12-Dec-2024,11277.75,11299.35,11299.35,11078.25,11137.5,11167.4,11161.43,396561,44261.87,58050, 183646, 46.31,-0.98
MARUTI, EQ, 13-Jan-2020,7330.5,7332.0,7370.0,7279.8, 7364.00,7352.7,7325.48,537399,39367.03,45690, 165929, 30.88,0.3
MARUTI, EQ, 13-Jan-2021,8188.05,8188.0,8250.0,8111.0, 8132.00,8139.85,8179.95,877225,71756.59,75670, 171171, 19.51,-0.59
MARUTI, EQ, 13-Jan-2022,8170.75,8175.0,8260.0,7952.0, 8066.00,8077.05,8083.0,684931,55362.95,64397, 284024, 41.47,-1.15
MARUTI, EQ, 13-Jan-2023,8369.2,8397.0,8500.05,8351.0,8454.2,8453.4,8450.1,705220,59591.82,77785, 438916, 62.24,1.01
MARUTI, EQ, 13-Jan-2025,11631.1,11468.5,11654.45,11468.0,11500.0,11497.7,11557.32,253524,29300.58,46840, 122296, 48.24,-1.15
MARUTI, EQ, 13-Feb-2020,7043.3,7050.0,7056.0,6925.0, 6995.00,7005.05,6971.87,723169,50418.44,49754, 294135, 40.67,-0.54
MARUTI, EQ, 13-Feb-2023,8811.35,8787.0,8864.4,8755.7,8807.05,8809.45,8814.49,253037,22303.92,33967, 128066, 50.61,-0.02
MARUTI, EQ, 13-Feb-2024,10709.7,10730.0,10830.0,10640.15, 10803.35,10794.5,10769.31,397979,42859.57,65269, 246260, 61.88,0.79
MARUTI, EQ, 13-Feb-2025,12655.55,12675.0,12744.95,12614.75,12673.0,12671.3,12670.66,186742,23661.44,42580, 103986, 55.68,0.12
MARUTI, EQ, 13-Mar-2020,5643.15,5325.2,6063.5,4803.05, 5900.00,5838.6,5608.16,1480275,83016.16,151656, 534850, 36.13,3.46
MARUTI, EQ, 13-Mar-2023,8601.55,8601.55,8637.3,8481.1, 8528.00,8518.4,8549.43,479314,40978.59,45181, 347704, 72.54,-0.97
MARUTI, EQ, 13-Mar-2024,11509.9,11510.0,11554.85,11267.6, 11397.35,11390.15,11381.49,385204,43841.95,74934, 226103, 58.70,-1.04
MARUTI, EQ, 13-Mar-2025,11640.1,11634.8,11685.0,11489.75,11519.6,11513.8,11576.03,260736,30182.86,42350, 154840, 59.39,-1.09
MARUTI, EQ, 13-Apr-2020,5326.65,5285.0,5343.4,5001.0, 5270.00,5283.15,5166.27,2192269,113258.59,221195,360179,17.95,-0.82
MARUTI, EQ, 13-Apr-2021,6520.6,6520.0,6845.4,6468.8, 6825.00,6815.8,6733.61,995718,67047.76,107496, 283343, 28.46,4.53
MARUTI, EQ, 13-Apr-2022,7618.35,7618.35,7704.95,7440.0,7445.0,7469.5,7551.81,527991,39872.88,76062, 203603, 38.56,-1.95
MARUTI, EQ, 13-Apr-2023,8621.05,8628.05,8704.0,8620.0, 8660.00,8670.8,8668.81,480202,41627.81,48558, 340580, 70.92,0.58
MARUTI, EQ, 13-May-2020,4951.3,5250.0,5317.45,4986.25,5000.0,5036.1,5140.21,3304851,169876.35,262911, 702054, 21.24,1.71
MARUTI, EQ, 13-May-2022,7253.65,7340.0,7340.0,7062.35,7125.0,7101.95,7225.46,703097,50801.98,102940, 280955, 39.96,-2.09
MARUTI, EQ, 13-May-2024,12675.5,12660.0,12708.4,12477.55,12695.0,12673.85,12590.17,281421,35431.38,54359, 150916, 53.63,-0.01
MARUTI, EQ, 13-Jun-2022,7935.1,7849.95,7967.35,7793.75,7901.4,7901.6,7891.94,565826,44654.65,84579, 198189, 35.03,-0.42
MARUTI, EQ, 13-Jun-2023,9550.45,9588.0,9618.05,9505.65, 9515.70,9517.5,9552.46,561014,53590.62,41757, 448518, 79.95,-0.35
MARUTI, EQ, 13-Jun-2024,12849.35,12940.0,12940.0,12739.6,12840.0,12846.85,12824.4,297240,38119.24,57819, 164586, 55.37,-0.02
MARUTI, EQ, 13-Jul-2020,5955.65,6000.0,6059.25,5927.8, 6006.20,5988.85,5988.05,1035124,61983.73,80418, 197689, 19.10,0.56
MARUTI, EQ, 13-Jul-2021,7470.1,7520.0,7529.2,7404.0, 7433.10,7430.35,7442.7,350032,26051.81,43258, 160054, 45.73,-0.53
MARUTI, EQ, 13-Jul-2022,8419.7,8454.0,8488.15,8381.0,8454.0,8440.2,8439.47,413855,34927.15,45637, 172740, 41.74,0.24
MARUTI, EQ, 13-Jul-2023,9835.8,9852.95,9898.95,9612.0, 9671.00,9647.55,9720.05,519564,50501.87,68793, 294618, 56.70,-1.91
MARUTI, EQ, 13-Aug-2020,6730.3,6729.95,6772.0,6655.0, 6732.00,6731.65,6720.91,1087096,73062.79,82991, 135660, 12.48,0.02
MARUTI, EQ, 13-Aug-2021,7012.0,7030.0,7049.9,6973.85,6997.55,7002.2,7007.1,431784,30255.55,60651, 233255, 54.02,-0.14
MARUTI, EQ, 13-Aug-2024,12273.25,12337.0,12340.05,12122.0,12143.0,12176.25,12234.96,464483,56829.32,72377, 258354, 55.62,-0.79
MARUTI, EQ, 13-Sep-2021,6802.25,6835.5,6895.45,6813.3, 6873.60,6873.7,6858.54,508397,34868.61,60477, 290602, 57.16,1.05
MARUTI, EQ, 13-Sep-2022,8927.65,8972.3,8989.05,8910.9, 8927.00,8926.5,8940.18,405093,36216.04,49211, 250321, 61.79,-0.01
MARUTI, EQ, 13-Sep-2023,10503.6,10500.0,10536.4,10440.0, 10461.00,10473.4,10468.27,301707,31583.52,55384, 190739, 63.22,-0.29
MARUTI, EQ, 13-Sep-2024,12400.85,12365.0,12395.0,12291.05,12308.55,12316.05,12326.08,361093,44508.61,55312, 222239, 61.55,-0.68
MARUTI, EQ, 13-Oct-2020,7136.65,7135.0,7185.0,7022.0, 7028.00,7032.9,7099.92,819418,58178.02,65990, 204620, 24.97,-1.45
MARUTI, EQ, 13-Oct-2021,7693.8,7740.0,7749.95,7436.55,7495.0,7482.15,7586.43,1084436,82269.98,97387, 620864, 57.25,-2.75
MARUTI, EQ, 13-Oct-2022,8686.6,8665.0,8785.45,8592.0,8664.0,8649.55,8664.43,355605,30811.15,52563, 151257, 42.54,-0.43
MARUTI, EQ, 13-Oct-2023,10580.9,10534.05,10745.05,10529.8, 10738.00,10727.55,10668.82,625954,66781.89,81089, 330609, 52.82,1.39
MARUTI, EQ, 13-Nov-2020,6836.85,6880.0,6880.0,6786.0,6812.8,6809.25,6820.16,970632,66198.69,86303, 359690, 37.06,-0.4
MARUTI, EQ, 13-Nov-2023,10431.4,10429.0,10429.0,10363.65, 10400.30,10398.4,10395.1,261891,27223.82,24477, 185797, 70.94,-0.32
MARUTI, EQ, 13-Nov-2024,11143.1,11140.0,11142.85,10864.3,11092.9,11049.6,11008.05,507710,55888.98,96997, 284558, 56.05,-0.84
MARUTI, EQ, 13-Dec-2021,7425.65,7485.0,7575.9,7425.0,7498.95,7516.4,7514.08,883009,66350.01,83445, 448035, 50.74,1.22
MARUTI, EQ, 13-Dec-2022,8659.75,8662.0,8697.35,8610.0, 8623.95,8620.7,8644.81,330236,28548.27,47499, 207854, 62.94,-0.45
MARUTI, EQ, 13-Dec-2023,10338.4,10360.0,10412.9,10260.0, 10408.00,10380.05,10335.43,603469,62371.1,88899, 396787, 65.75,0.4
MARUTI, EQ, 13-Dec-2024,11167.4,11137.4,11290.0,11033.6,11271.5,11272.55,11190.39,263579,29495.51,53494, 106831, 40.53,0.94
MARUTI, EQ, 14-Jan-2020,7352.7,7355.0,7412.4,7325.6, 7390.00,7386.8,7377.09,548522,40464.95,46069, 179085, 32.65,0.46
MARUTI, EQ, 14-Jan-2021,8139.85,8164.8,8180.0,8023.45, 8154.00,8149.45,8119.67,718274,58321.47,75675, 164673, 22.93,0.12
MARUTI, EQ, 14-Jan-2022,8077.05,7951.0,8145.0,7951.0, 8081.05,8084.2,8087.33,299536,24224.47,36320, 96620, 32.26,0.09
MARUTI, EQ, 14-Jan-2025,11497.7,11533.95,11785.55,11531.0,11745.0,11741.15,11713.39,627463,73497.16,99759, 429465, 68.44,2.12
MARUTI, EQ, 14-Feb-2020,7005.05,7000.05,7088.95,6901.0, 6915.00,6913.8,6988.3,614859,42968.19,57126, 179738, 29.23,-1.3
MARUTI, EQ, 14-Feb-2022,8737.15,8500.0,8615.05,8325.0,8361.0,8366.4,8441.82,995540,84041.71,105940, 450692, 45.27,-4.24
MARUTI, EQ, 14-Feb-2023,8809.45,8815.0,8847.0,8765.0,8779.8,8774.45,8803.32,227030,19986.18,38120, 107891, 47.52,-0.4
MARUTI, EQ, 14-Feb-2024,10794.5,10705.0,11050.0,10703.4, 11040.00,11027.95,10907.02,354676,38684.59,54121, 177113, 49.94,2.16
MARUTI, EQ, 14-Feb-2025,12671.3,12700.0,12780.0,12584.1,12660.0,12680.25,12670.98,233454,29580.9,44934, 136805, 58.60,0.07
MARUTI, EQ, 14-Mar-2022,7102.55,7050.0,7335.0,7012.0,7298.6,7316.75,7186.66,1023874,73582.37,124653, 394933, 38.57,3.02
MARUTI, EQ, 14-Mar-2023,8518.4,8544.95,8544.95,8445.0, 8515.00,8512.15,8484.81,349510,29655.27,48637, 156767, 44.85,-0.07
MARUTI, EQ, 14-Mar-2024,11390.15,11401.75,11460.0,11302.05, 11374.00,11404.6,11401.41,523058,59636.0,87175, 287384, 54.94,0.13
MARUTI, EQ, 14-May-2020,5036.1,4905.0,5145.0,4852.15,5105.0,5114.05,5044.45,2590715,130687.27,197759, 225140, 8.69,1.55
MARUTI, EQ, 14-May-2021,6817.55,6840.0,6842.15,6700.2, 6720.00,6736.4,6745.87,647029,43647.73,77290, 302500, 46.75,-1.19
MARUTI, EQ, 14-May-2024,12673.85,12673.85,12840.0,12651.4,12799.35,12814.2,12794.63,331037,42354.96,61842, 180779, 54.61,1.11
MARUTI, EQ, 14-Jun-2021,7223.8,7195.0,7212.95,7095.05, 7181.15,7177.85,7147.84,322353,23041.27,37207, 143497, 44.52,-0.64
MARUTI, EQ, 14-Jun-2022,7901.6,7805.0,7901.4,7750.0, 7802.75,7811.65,7834.51,553462,43361.05,65570, 232727, 42.05,-1.14
MARUTI, EQ, 14-Jun-2023,9517.5,9520.0,9599.0,9490.5, 9530.00,9532.5,9544.05,328167,31320.43,38303, 189274, 57.68,0.16
MARUTI, EQ, 14-Jun-2024,12846.85,12831.5,12895.0,12778.8,12832.6,12845.2,12842.82,216967,27864.68,39581, 117837, 54.31,-0.01
MARUTI, EQ, 14-Jul-2020,5988.85,5951.0,5958.75,5750.0,5778.95,5771.75,5817.51,1602939,93251.07,135530, 526489, 32.85,-3.63
MARUTI, EQ, 14-Jul-2021,7430.35,7436.0,7449.0,7310.0, 7325.00,7326.75,7343.64,460178,33793.81,60474, 186672, 40.57,-1.39
MARUTI, EQ, 14-Jul-2022,8440.2,8464.95,8587.35,8450.0, 8561.05,8567.75,8525.37,606496,51706.03,62968, 314591, 51.87,1.51
MARUTI, EQ, 14-Jul-2023,9647.55,9701.95,9727.3,9591.0,9605.0,9603.65,9633.83,498441,48018.94,50693, 299855, 60.16,-0.46
MARUTI, EQ, 14-Aug-2020,6731.65,6740.0,6745.15,6552.05, 6598.95,6588.2,6637.52,905798,60122.49,76687, 160256, 17.69,-2.13
MARUTI, EQ, 14-Aug-2023,9356.85,9360.0,9364.0,9257.9, 9300.00,9321.65,9321.87,336864,31402.03,44663, 194169, 57.64,-0.38
MARUTI, EQ, 14-Aug-2024,12176.25,12239.0,12239.0,12130.0,12211.65,12205.65,12183.45,449827,54804.46,59866, 308220, 68.52,0.24
MARUTI, EQ, 14-Sep-2020,7193.6,7219.0,7239.6,7085.0,7110.05,7128.85,7152.02,1003493,71770.01,77457, 247294, 24.64,-0.9
MARUTI, EQ, 14-Sep-2021,6873.7,6910.0,6955.0,6851.1, 6893.00,6894.45,6905.55,817280,56437.66,63253, 439314, 53.75,0.3
MARUTI, EQ, 14-Sep-2022,8926.5,8859.85,9000.0,8825.7,8980.05,8967.2,8953.07,509547,45620.08,69023, 269631, 52.92,0.46
MARUTI, EQ, 14-Sep-2023,10473.4,10465.05,10580.0,10431.05, 10478.35,10488.15,10501.76,501196,52634.4,71988, 276157, 55.10,0.14
MARUTI, EQ, 14-Oct-2020,7032.9,7040.0,7075.0,6927.45, 6990.00,7002.35,6984.67,779634,54454.85,53493, 164201, 21.06,-0.43
MARUTI, EQ, 14-Oct-2021,7482.15,7540.0,7560.0,7445.0,7498.15,7496.9,7500.84,831546,62372.89,83141, 578890, 69.62,0.2
MARUTI, EQ, 14-Oct-2022,8649.55,8760.0,8766.6,8606.3, 8625.00,8617.3,8683.38,274160,23806.35,47450, 104772, 38.22,-0.37
MARUTI, EQ, 14-Oct-2024,12776.65,12775.0,12799.0,12462.3,12551.0,12537.85,12584.76,488067,61422.04,82037, 318676, 65.29,-1.87
MARUTI, EQ, 14-Nov-2022,9087.55,9100.0,9163.05,8992.55,9155.0,9152.35,9122.51,282822,25800.46,42163, 101912, 36.03,0.71
MARUTI, EQ, 14-Nov-2024,11049.6,11055.0,11117.7,10892.1, 10992.95,11006.05,10978.75,431348,47356.61,76909, 236843, 54.91,-0.39
MARUTI, EQ, 14-Dec-2020,7733.55,7810.0,7825.0,7655.0,7684.0,7696.8,7713.84,1038032,80072.12,85812, 282168, 27.18,-0.48
MARUTI, EQ, 14-Dec-2021,7516.4,7516.8,7556.3,7457.8,7498.75,7493.15,7511.53,749704,56314.25,57755, 376246, 50.19,-0.31
MARUTI, EQ, 14-Dec-2022,8620.7,8650.0,8677.7,8596.05, 8649.00,8641.6,8630.52,343670,29660.52,40427, 206181, 59.99,0.24
MARUTI, EQ, 14-Dec-2023,10380.05,10440.0,10495.0,10312.3, 10370.65,10353.2,10360.25,635475,65836.78,125161, 445006, 70.03,-0.26
MARUTI, EQ, 15-Jan-2020,7386.8,7388.95,7505.0,7353.0, 7482.00,7482.95,7419.98,692726,51400.15,46714, 265556, 38.33,1.3
MARUTI, EQ, 15-Jan-2021,8149.45,8157.15,8219.5,8000.05,8011.0,8024.75,8083.19,751177,60719.03,66900, 116035, 15.45,-1.53
MARUTI, EQ, 15-Jan-2024,9965.65,9985.1,10098.8,9948.0, 10088.00,10086.9,10023.92,463380,46448.85,68460, 298046, 64.32,1.22
MARUTI, EQ, 15-Jan-2025,11741.15,11890.55,12192.4,11861.0,11964.95,11947.4,12007.95,692822,83193.75,119075, 348113, 50.25,1.76
MARUTI, EQ, 15-Feb-2021,7568.5,7600.0,7649.1,7580.0, 7600.00,7596.65,7611.43,470093,35780.8,48456, 78160, 16.63,0.37
MARUTI, EQ, 15-Feb-2022,8366.4,8410.0,8664.25,8356.5,8610.0,8622.7,8497.26,682766,58016.44,87718, 211964, 31.04,3.06
MARUTI, EQ, 15-Feb-2023,8774.45,8774.45,8895.7,8742.0, 8855.00,8845.35,8836.98,452568,39993.34,64188, 251438, 55.56,0.81
MARUTI, EQ, 15-Feb-2024,11027.95,11040.0,11133.0,10980.0, 11064.75,11090.25,11060.09,447248,49466.03,69002, 254694, 56.95,0.56
MARUTI, EQ, 15-Mar-2021,7096.2,7145.0,7162.95,7011.0, 7076.00,7089.3,7071.09,700309,49519.47,87619, 223307, 31.89,-0.1
MARUTI, EQ, 15-Mar-2022,7316.75,7321.0,7620.0,7318.0,7408.0,7420.1,7492.9,1586111,118845.69,164532, 515898, 32.53,1.41
MARUTI, EQ, 15-Mar-2023,8512.15,8650.0,8704.95,8440.0, 8449.65,8474.95,8575.43,509229,43668.59,66441, 192589, 37.82,-0.44
MARUTI, EQ, 15-Mar-2024,11404.6,11380.0,11521.05,11314.05, 11392.00,11476.65,11442.14,972333,111255.73,118142, 685183, 70.47,0.63
MARUTI, EQ, 15-Apr-2020,5283.15,5307.5,5350.0,5041.0, 5090.00,5094.3,5211.13,2094529,109148.73,195907, 584118, 27.89,-3.57
MARUTI, EQ, 15-Apr-2021,6815.8,6846.6,6846.85,6551.0,6643.0,6644.25,6640.08,1267365,84154.1,138313, 581577, 45.89,-2.52
MARUTI, EQ, 15-Apr-2024,12266.55,12199.5,12510.0,12032.95, 12410.00,12422.85,12308.01,831257,102311.22,130235, 369251, 44.42,1.27
MARUTI, EQ, 15-Apr-2025,11599.05,11790.0,11940.0,11680.0,11825.0,11855.0,11869.86,458593,54434.35,68741, 302369, 65.93,2.21
MARUTI, EQ, 15-May-2020,5114.05,5110.0,5123.2,4961.15,5099.0,5100.4,5046.67,2182575,110147.32,155847, 222360, 10.19,-0.27
MARUTI, EQ, 15-May-2023,9295.4,9242.0,9307.5,9185.4, 9200.05,9207.3,9233.32,259316,23943.47,45117, 137787, 53.13,-0.95
MARUTI, EQ, 15-May-2024,12814.2,12820.0,12872.4,12700.0,12758.5,12767.3,12778.57,232030,29650.12,43976, 115783, 49.90,-0.37
MARUTI, EQ, 15-Jun-2020,5561.75,5520.0,5585.0,5391.05,5486.05,5475.75,5485.02,1530606,83954.05,109610, 282448, 18.45,-1.55
MARUTI, EQ, 15-Jun-2021,7177.85,7181.15,7228.85,7156.3, 7165.00,7166.25,7177.53,207625,14902.35,36310, 89173, 42.95,-0.16
MARUTI, EQ, 15-Jun-2022,7811.65,7816.0,7929.0,7816.0, 7840.00,7853.45,7871.43,604566,47588.0,59478, 291959, 48.29,0.54
MARUTI, EQ, 15-Jun-2023,9532.5,9555.0,9697.8,9543.0, 9593.05,9594.85,9628.01,459978,44286.73,48197, 262383, 57.04,0.65
MARUTI, EQ, 15-Jul-2020,5771.75,5810.0,5879.8,5755.0,5809.1,5801.3,5817.7,1246712,72529.96,98323, 294213, 23.60,0.51
MARUTI, EQ, 15-Jul-2021,7326.75,7357.0,7358.0,7268.0, 7305.00,7307.0,7300.47,430055,31396.05,52872, 206473, 48.01,-0.27
MARUTI, EQ, 15-Jul-2022,8567.75,8596.0,8799.0,8576.2,8771.15,8778.05,8679.67,631246,54790.05,70213, 249820, 39.58,2.45
MARUTI, EQ, 15-Jul-2024,12562.5,12600.0,12768.5,12590.0,12645.0,12643.95,12673.77,697192,88360.54,79937, 420194, 60.27,0.65
MARUTI, EQ, 15-Sep-2020,7128.85,7164.0,7175.0,7005.0, 7050.00,7052.8,7071.67,894418,63250.32,62872, 203426, 22.74,-1.07
MARUTI, EQ, 15-Sep-2021,6894.45,6938.0,6938.0,6880.0, 6913.05,6909.0,6904.1,310138,21412.24,40109, 138313, 44.60,0.21
MARUTI, EQ, 15-Sep-2022,8967.2,9030.05,9325.0,9030.0,9216.0,9209.75,9228.04,1392132,128466.56,140458, 460412, 33.07,2.7
MARUTI, EQ, 15-Sep-2023,10488.15,10489.3,10550.0,10477.4, 10534.55,10525.25,10523.66,544616,57313.55,81999, 385532, 70.79,0.35
MARUTI, EQ, 15-Oct-2020,7002.35,7029.0,7049.9,6857.7, 6874.80,6892.6,6971.27,681321,47496.74,54699, 126297, 18.54,-1.57
MARUTI, EQ, 15-Oct-2024,12537.85,12709.0,12709.0,12355.0,12450.0,12446.75,12451.12,532135,66256.76,66774, 314017, 59.01,-0.73
MARUTI, EQ, 15-Nov-2021,7479.85,7452.0,7579.85,7452.0, 7503.10,7503.1,7509.68,314414,23611.5,35157, 155358, 49.41,0.31
MARUTI, EQ, 15-Nov-2022,9152.35,9190.0,9203.55,9130.0, 9155.20,9162.2,9166.35,359888,32988.61,43687, 217101, 60.32,0.11
MARUTI, EQ, 15-Nov-2023,10398.4,10497.0,10497.0,10375.05, 10463.80,10456.05,10425.13,436538,45509.67,57181, 328810, 75.32,0.55
MARUTI, EQ, 15-Dec-2020,7696.8,7696.8,7790.0,7640.55,7772.0,7765.25,7720.89,891801,68854.96,72561, 274127, 30.74,0.89
MARUTI, EQ, 15-Dec-2021,7493.15,7476.0,7640.0,7453.05, 7561.00,7567.95,7556.16,529018,39973.47,60380, 163433, 30.89,1.0
MARUTI, EQ, 15-Dec-2022,8641.6,8641.0,8673.6,8575.0, 8585.00,8584.15,8610.6,472176,40657.19,44402, 301466, 63.85,-0.66
MARUTI, EQ, 15-Dec-2023,10353.2,10459.0,10476.75,9832.6, 10297.40,10286.4,10266.04,1244681,127779.4,180830, 704622, 56.61,-0.65
MARUTI, EQ, 16-Jan-2020,7482.95,7456.5,7521.0,7421.2, 7469.90,7462.65,7466.23,640207,47799.33,45686, 220985, 34.52,-0.27
MARUTI, EQ, 16-Jan-2023,8453.4,8480.0,8514.3,8343.6, 8360.05,8380.1,8399.8,500575,42047.31,63773, 270808, 54.10,-0.87
MARUTI, EQ, 16-Jan-2024,10086.9,10086.85,10240.0,10060.0, 10195.85,10183.55,10187.24,536823,54687.47,59152, 267449, 49.82,0.96
MARUTI, EQ, 16-Jan-2025,11947.4,11981.45,12134.0,11956.2,12094.0,12092.3,12066.97,551211,66514.47,170528, 366361, 66.46,1.21
MARUTI, EQ, 16-Feb-2021,7596.65,7639.0,7799.0,7625.25, 7690.00,7697.05,7717.76,1321126,101961.38,110476, 287777, 21.78,1.32
MARUTI, EQ, 16-Feb-2022,8622.7,8720.0,8736.4,8544.0,8566.0,8582.95,8617.72,422704,36427.45,53955, 110602, 26.17,-0.46
MARUTI, EQ, 16-Feb-2023,8845.35,8880.0,8880.0,8790.0, 8796.05,8805.1,8832.95,247514,21862.79,42442, 122146, 49.35,-0.46
MARUTI, EQ, 16-Feb-2024,11090.25,11120.0,11480.0,11098.0,11298.65,11380.4,11369.57,716486,81461.41,102807, 322698, 45.04,2.62
MARUTI, EQ, 16-Mar-2020,5838.6,5638.6,5688.0,5400.0, 5460.00,5480.25,5562.31,933424,51919.96,112598, 422419, 45.25,-6.14
MARUTI, EQ, 16-Mar-2021,7089.3,7100.0,7200.0,7100.0, 7155.00,7150.3,7156.16,796357,56988.59,89199, 333378, 41.86,0.86
MARUTI, EQ, 16-Mar-2022,7420.1,7570.0,7595.75,7440.0,7479.7,7485.8,7497.48,584457,43819.55,60391, 131592, 22.52,0.89
MARUTI, EQ, 16-Mar-2023,8474.95,8460.1,8533.4,8411.0, 8455.00,8437.45,8464.67,340261,28801.97,57519, 187329, 55.05,-0.44
MARUTI, EQ, 16-Apr-2020,5094.3,5017.0,5228.0,4970.0, 5148.00,5130.8,5112.87,1752170,89586.15,161573, 334200, 19.07,0.72
MARUTI, EQ, 16-Apr-2021,6644.25,6675.0,6784.85,6606.05,6633.0,6648.1,6680.14,1000325,66823.14,81274, 342948, 34.28,0.06
MARUTI, EQ, 16-Apr-2024,12422.85,12308.0,12549.9,12275.35, 12510.00,12502.7,12458.12,579183,72155.33,100252, 290341, 50.13,0.64
MARUTI, EQ, 16-Apr-2025,11855.0,11768.0,11768.0,11615.0,11665.0,11664.0,11670.99,470494,54911.3,68073, 253253, 53.83,-1.61
MARUTI, EQ, 16-May-2022,7101.95,7157.0,7305.35,7150.0,7262.0,7247.6,7253.43,369545,26804.69,62720, 102521, 27.74,2.05
MARUTI, EQ, 16-May-2023,9207.3,9219.1,9229.3,9057.1,9074.95,9071.35,9112.41,448981,40913.0,67682, 253926, 56.56,-1.48
MARUTI, EQ, 16-May-2024,12767.3,12848.0,12848.0,12300.0,12492.45,12497.65,12468.99,914201,113991.62,170530, 448373, 49.05,-2.11
MARUTI, EQ, 16-Jun-2020,5475.75,5590.0,5612.55,5400.0, 5493.50,5502.2,5516.19,1184933,65363.16,104585, 115893, 9.78,0.48
MARUTI, EQ, 16-Jun-2021,7166.25,7166.0,7193.75,7070.0, 7108.50,7114.25,7119.34,283007,20148.23,45004, 128623, 45.45,-0.73
MARUTI, EQ, 16-Jun-2022,7853.45,7938.0,8025.0,7805.0, 7814.25,7833.6,7928.05,1319566,104615.85,103351, 560605, 42.48,-0.25
MARUTI, EQ, 16-Jun-2023,9594.85,9595.05,9643.4,9552.0, 9605.00,9603.7,9603.49,682099,65505.31,75190, 510562, 74.85,0.09
MARUTI, EQ, 16-Jul-2020,5801.3,5809.0,5920.0,5752.0, 5873.80,5875.35,5849.8,1018659,59589.55,86516, 176880, 17.36,1.28
MARUTI, EQ, 16-Jul-2021,7307.0,7333.0,7333.0,7272.8, 7296.95,7303.55,7299.47,281552,20551.79,34289, 143479, 50.96,-0.05
MARUTI, EQ, 16-Jul-2024,12643.95,12643.0,12798.0,12581.75,12640.0,12639.55,12667.6,347810,44059.19,50006, 170518, 49.03,-0.03
MARUTI, EQ, 16-Aug-2021,7002.2,6982.5,7018.0,6810.0,6820.35,6826.85,6879.64,750966,51663.73,91331, 392733, 52.30,-2.5
MARUTI, EQ, 16-Aug-2022,8699.2,8737.15,9040.0,8705.05,8992.0,9003.7,8928.52,963726,86046.51,116159, 432488, 44.88,3.5
MARUTI, EQ, 16-Aug-2023,9321.65,9334.0,9437.75,9254.15, 9402.40,9419.55,9346.2,336363,31437.16,40265, 176211, 52.39,1.05
MARUTI, EQ, 16-Aug-2024,12205.65,12314.95,12343.95,12111.0,12207.55,12213.3,12212.04,552732,67499.83,88507, 346186, 62.63,0.06
MARUTI, EQ, 16-Sep-2020,7052.8,7074.0,7169.0,7041.0,7055.0,7057.95,7092.58,920587,65293.35,70542, 207318, 22.52,0.07
MARUTI, EQ, 16-Sep-2021,6909.0,6913.3,6949.0,6870.0,6930.0,6930.95,6907.34,556648,38449.55,61217, 356173, 63.99,0.32
MARUTI, EQ, 16-Sep-2022,9209.75,9209.5,9315.9,9020.05, 9173.50,9189.65,9160.39,1056382,96768.76,92586, 437549, 41.42,-0.22
MARUTI, EQ, 16-Sep-2024,12316.05,12321.95,12364.0,12256.0,12275.0,12289.0,12299.05,170114,20922.4,26578, 105938, 62.27,-0.22
MARUTI, EQ, 16-Oct-2020,6892.6,6895.0,6980.0,6863.0, 6905.00,6894.9,6920.24,657914,45529.23,49182, 138393, 21.04,0.03
MARUTI, EQ, 16-Oct-2023,10727.55,10729.95,10810.85,10665.0, 10702.00,10704.5,10727.79,304196,32633.51,46774, 145662, 47.88,-0.21
MARUTI, EQ, 16-Oct-2024,12446.75,12414.05,12454.95,12231.0,12367.85,12383.9,12332.42,418138,51566.55,76630, 237199, 56.73,-0.5
MARUTI, EQ, 16-Nov-2021,7503.1,7545.0,8128.75,7535.05, 8049.55,8050.35,7944.21,2619355,208086.99,239335, 635851, 24.28,7.29
MARUTI, EQ, 16-Nov-2022,9162.2,9160.0,9252.5,9099.85, 9120.00,9134.95,9181.03,350737,32201.28,38035, 170264, 48.54,-0.3
MARUTI, EQ, 16-Nov-2023,10456.05,10480.0,10543.7,10409.2, 10490.00,10484.5,10482.19,488715,51228.05,78115, 298077, 60.99,0.27
MARUTI, EQ, 16-Dec-2020,7765.25,7820.0,7899.0,7770.0, 7773.00,7796.35,7820.28,963504,75348.67,78504, 219833, 22.82,0.4
MARUTI, EQ, 16-Dec-2021,7567.95,7591.5,7621.0,7406.0, 7472.00,7450.8,7467.16,595582,44473.08,60215, 276775, 46.47,-1.55
MARUTI, EQ, 16-Dec-2022,8584.15,8559.5,8588.0,8446.0, 8478.00,8485.8,8507.31,624222,53104.48,72107, 381741, 61.15,-1.15
MARUTI, EQ, 16-Dec-2024,11272.55,11255.55,11329.45,11205.0,11262.35,11277.0,11264.08,223389,25162.72,45400, 111717, 50.01,0.04
MARUTI, EQ, 17-Jan-2020,7462.65,7469.0,7569.9,7432.55, 7550.85,7520.15,7499.26,750738,56299.78,49650, 316998, 42.22,0.77
MARUTI, EQ, 17-Jan-2022,8084.2,8124.8,8368.9,8100.1,8261.0,8265.5,8289.21,862249,71473.62,94522, 297268, 34.48,2.24
MARUTI, EQ, 17-Jan-2023,8380.1,8409.85,8493.3,8342.15,8478.05,8479.35,8428.57,409248,34493.76,51540, 237566, 58.05,1.18
MARUTI, EQ, 17-Jan-2024,10183.55,10124.0,10161.8,9996.45, 10000.00,10051.7,10070.6,610250,61455.84,72635, 374562, 61.38,-1.29
MARUTI, EQ, 17-Jan-2025,12092.3,12101.9,12189.9,12004.3,12109.05,12136.35,12104.37,285370,34542.23,48730, 138311, 48.47,0.36
MARUTI, EQ, 17-Feb-2020,6913.8,6920.0,6980.0,6880.0, 6925.00,6906.75,6927.1,463548,32110.43,33826, 83770, 18.07,-0.1
MARUTI, EQ, 17-Feb-2021,7697.05,7679.95,7691.5,7471.3, 7501.00,7503.2,7564.37,1023548,77424.98,87935, 383157, 37.43,-2.52
MARUTI, EQ, 17-Feb-2022,8582.95,8575.0,8658.3,8525.0,8541.0,8552.45,8574.04,305313,26177.65,33791, 53201, 17.43,-0.36
MARUTI, EQ, 17-Feb-2023,8805.1,8787.0,8874.0,8749.75, 8820.00,8807.75,8826.87,214587,18941.31,32853, 83916, 39.11,0.03
MARUTI, EQ, 17-Feb-2025,12680.25,12601.6,12774.0,12578.1,12759.95,12762.9,12688.88,192210,24389.29,42892, 105947, 55.12,0.65
MARUTI, EQ, 17-Mar-2020,5480.25,5502.0,5746.95,5502.0, 5600.00,5603.95,5646.01,1238640,69933.71,127952, 538382, 43.47,2.26
MARUTI, EQ, 17-Mar-2021,7150.3,7160.0,7169.95,7043.5,7075.0,7064.65,7098.99,688581,48882.28,66862, 357004, 51.85,-1.2
MARUTI, EQ, 17-Mar-2022,7485.8,7574.0,7741.95,7530.0, 7686.00,7693.0,7665.99,1133271,86876.43,110232, 493430, 43.54,2.77
MARUTI, EQ, 17-Mar-2023,8437.45,8503.0,8510.95,8293.55, 8310.00,8316.85,8357.14,471602,39412.43,66513, 284745, 60.38,-1.43
MARUTI, EQ, 17-Mar-2025,11513.8,11513.8,11752.95,11456.35,11531.35,11553.7,11575.21,275581,31899.09,52144, 147309, 53.45,0.35
MARUTI, EQ, 17-Apr-2020,5130.8,5325.0,5602.95,5211.7, 5579.00,5505.0,5357.87,2192907,117493.1,188848, 623330, 28.42,7.29
MARUTI, EQ, 17-Apr-2023,8670.8,8850.0,8850.0,8650.0, 8672.45,8674.65,8693.36,489356,42541.48,64423, 302152, 61.74,0.04
MARUTI, EQ, 17-Apr-2025,11664.0,11664.0,11728.0,11525.0,11665.0,11695.0,11645.95,302146,35187.77,62794, 137435, 45.49,0.27
MARUTI, EQ, 17-May-2021,6736.4,6716.5,6838.4,6697.55,6715.0,6717.85,6764.44,995827,67362.08,85734, 630130, 63.28,-0.28
MARUTI, EQ, 17-May-2022,7247.6,7280.0,7584.65,7255.05, 7540.00,7532.8,7451.5,811448,60465.01,107701, 355213, 43.78,3.94
MARUTI, EQ, 17-May-2023,9071.35,9080.35,9132.0,9032.05, 9122.15,9119.4,9083.78,290482,26386.75,44537, 148346, 51.07,0.53
MARUTI, EQ, 17-May-2024,12497.65,12515.15,12665.9,12322.3,12620.0,12641.5,12525.57,809226,101360.13,113646, 454950, 56.22,1.15
MARUTI, EQ, 17-Jun-2020,5502.2,5445.0,5813.45,5445.0,5725.0,5726.2,5706.13,3454869,197139.49,246638, 786159, 22.76,4.07
MARUTI, EQ, 17-Jun-2021,7114.25,7060.0,7099.1,6931.1, 6955.00,6969.35,7009.75,595255,41725.87,66183, 333094, 55.96,-2.04
MARUTI, EQ, 17-Jun-2022,7833.6,7805.0,7849.7,7646.15,7684.15,7688.15,7718.53,1317656,101703.69,125851, 688174, 52.23,-1.86
MARUTI, EQ, 17-Jul-2020,5875.35,5898.0,5956.0,5851.0, 5931.50,5919.5,5909.33,810164,47875.29,68796, 117796, 14.54,0.75
MARUTI, EQ, 17-Jul-2023,9603.65,9647.0,9699.0,9555.0,9691.9,9689.55,9614.12,444583,42742.76,53157, 267774, 60.23,0.89
MARUTI, EQ, 16-Jul-2024,12643.95,12643.0,12798.0,12581.75,12640.0,12639.55,12667.6,347810,44059.19,50006, 170518, 49.03,-0.03
MARUTI, EQ, 17-Aug-2020,6588.2,6660.0,6789.95,6588.2, 6760.10,6768.4,6703.34,1028545,68946.91,80388, 151803, 14.76,2.74
MARUTI, EQ, 17-Aug-2021,6826.85,6800.0,6943.0,6746.4,6890.0,6885.4,6817.62,752517,51303.78,91340, 310735, 41.29,0.86
MARUTI, EQ, 17-Aug-2022,9003.7,9010.0,9070.0,8920.0, 8930.75,8944.35,8978.63,623749,56004.1,71616, 280693, 45.00,-0.66
MARUTI, EQ, 17-Aug-2023,9419.55,9414.9,9474.75,9350.0, 9374.40,9375.3,9398.61,402798,37857.41,61445, 244598, 60.72,-0.47
MARUTI, EQ, 17-Sep-2020,7057.95,7049.5,7112.9,6941.0, 7110.00,7085.85,7007.85,1133421,79428.43,101117, 235674, 20.79,0.4
MARUTI, EQ, 17-Sep-2021,6930.95,6955.0,7064.75,6950.0, 7014.90,7014.45,7016.13,980793,68813.72,93525, 425418, 43.37,1.2
MARUTI, EQ, 17-Sep-2024,12289.0,12285.0,12285.0,12151.65,12251.25,12245.75,12206.81,568161,69354.33,52581, 401515, 70.67,-0.35
MARUTI, EQ, 17-Oct-2022,8617.3,8610.0,8749.7,8567.05,8744.0,8723.8,8672.31,304671,26422.0,44762, 128906, 42.31,1.24
MARUTI, EQ, 17-Oct-2023,10704.5,10730.0,10797.85,10565.3,10720.05,10750.8,10720.02,474718,50889.89,58873, 221261, 46.61,0.43
MARUTI, EQ, 17-Oct-2024,12383.9,12400.0,12420.1,12070.0,12108.0,12143.75,12129.01,875937,106242.47,112510, 561563, 64.11,-1.94
MARUTI, EQ, 17-Nov-2020,6852.25,6865.0,6996.9,6863.0, 6987.00,6981.45,6945.06,1243068,86331.81,105517, 527415, 42.43,1.89
MARUTI, EQ, 17-Nov-2021,8050.35,8035.0,8350.0,8015.05, 8240.00,8274.75,8214.14,2377268,195272.09,213201, 855292, 35.98,2.79
MARUTI, EQ, 17-Nov-2022,9134.95,9101.0,9169.6,8970.0, 8982.00,8986.45,9040.93,409572,37029.13,55274, 199554, 48.72,-1.63
MARUTI, EQ, 17-Nov-2023,10484.5,10500.0,10606.8,10499.15, 10529.35,10523.5,10545.91,403772,42581.45,67287, 230322, 57.04,0.37
MARUTI, EQ, 17-Dec-2020,7796.35,7799.9,7831.9,7625.0, 7664.00,7694.0,7743.96,734075,56846.46,55091, 260899, 35.54,-1.31
MARUTI, EQ, 17-Dec-2021,7450.8,7480.0,7480.0,7241.0, 7300.90,7296.6,7283.66,1081907,78802.45,81779, 545008, 50.37,-2.07
MARUTI, EQ, 17-Dec-2024,11277.0,11263.0,11272.45,11059.7,11085.0,11108.55,11148.06,295445,32936.38,47479, 149955, 50.76,-1.49
MARUTI, EQ, 18-Jan-2021,8024.75,8011.0,8023.95,7745.0, 7768.40,7830.65,7846.21,771183,60508.64,83183, 160751, 20.84,-2.42
MARUTI, EQ, 18-Jan-2022,8265.5,8248.95,8248.95,7891.5, 7929.00,7915.15,8016.06,785199,62942.04,92055, 323818, 41.24,-4.24
MARUTI, EQ, 18-Jan-2023,8479.35,8473.0,8537.4,8464.3,8495.0,8494.05,8500.81,402883,34248.33,52978, 224069, 55.62,0.17
MARUTI, EQ, 18-Jan-2024,10051.7,9946.05,10050.0,9737.65, 9918.00,9924.5,9920.1,614860,60994.7,107833, 349965, 56.92,-1.27
MARUTI, EQ, 18-Feb-2020,6906.75,6925.0,6930.0,6735.8, 6795.00,6781.1,6786.65,830678,56375.21,72639, 369879, 44.53,-1.82
MARUTI, EQ, 18-Feb-2021,7503.2,7574.85,7579.05,7460.0,7495.0,7497.55,7516.97,821462,61749.07,79177, 200788, 24.44,-0.08
MARUTI, EQ, 18-Feb-2022,8552.45,8550.0,8645.95,8520.05,8544.05,8569.1,8592.96,385273,33106.34,52373, 138062, 35.83,0.19
MARUTI, EQ, 18-Feb-2025,12762.9,12764.95,12884.95,12735.15,12778.0,12786.2,12788.64,267936,34265.38,54786, 150317, 56.10,0.18
MARUTI, EQ, 18-Mar-2020,5603.95,5671.0,5688.8,5312.55, 5370.20,5352.65,5419.95,973406,52758.14,113820, 399010, 40.99,-4.48
MARUTI, EQ, 18-Mar-2021,7064.65,7125.0,7242.0,7060.0, 7108.00,7113.75,7159.91,984545,70492.57,111880, 327984, 33.31,0.7
MARUTI, EQ, 18-Mar-2024,11476.65,11436.65,11665.4,11366.3, 11630.00,11636.3,11518.27,311049,35827.46,49651, 182763, 58.76,1.39
MARUTI, EQ, 18-Mar-2025,11553.7,11560.05,11755.45,11501.0,11693.0,11714.55,11655.02,373219,43498.76,72754, 212556, 56.95,1.39
MARUTI, EQ, 18-Apr-2022,7469.5,7374.5,7599.0,7355.0, 7579.50,7573.5,7500.98,551783,41389.15,72417, 189590, 34.36,1.39
MARUTI, EQ, 18-Apr-2023,8674.65,8692.95,8748.8,8690.0, 8745.00,8732.65,8726.58,276111,24095.03,42864, 164710, 59.65,0.67
MARUTI, EQ, 18-Apr-2024,12502.7,12570.0,12602.0,12320.05, 12420.00,12405.0,12499.91,679117,84889.04,137181, 335326, 49.38,-0.78
MARUTI, EQ, 18-May-2020,5100.4,5080.4,5095.0,4680.55, 4736.00,4720.95,4816.74,3164147,152408.6,251987, 871183, 27.53,-7.44
MARUTI, EQ, 18-May-2021,6717.85,6788.0,6864.0,6715.45, 6812.00,6811.1,6798.4,805827,54783.38,74323, 308871, 38.33,1.39
MARUTI, EQ, 18-May-2022,7532.8,7566.0,7640.15,7509.6,7565.0,7566.55,7580.72,576970,43738.49,70181, 254996, 44.20,0.45
MARUTI, EQ, 18-May-2023,9119.4,9144.95,9150.0,9044.1, 9068.95,9053.3,9090.66,272497,24771.78,40717, 148752, 54.59,-0.72
MARUTI, EQ, 18-Jun-2020,5726.2,5695.0,5758.0,5641.0,5724.0,5714.4,5704.55,1580217,90144.23,108109, 241882, 15.31,-0.21
MARUTI, EQ, 18-Jun-2021,6969.35,6989.85,6989.85,6821.0, 6960.00,6959.35,6913.65,797389,55128.69,97087, 412856, 51.78,-0.14
MARUTI, EQ, 18-Jun-2024,12845.2,12878.4,12880.0,12542.05,12570.0,12560.95,12622.35,823306,103920.58,100425, 534932, 64.97,-2.21
MARUTI, EQ, 18-Jul-2022,8778.05,8802.0,8843.0,8684.0,8719.0,8704.8,8772.75,478682,41993.56,56063, 252205, 52.69,-0.83
MARUTI, EQ, 18-Jul-2023,9689.55,9710.2,9766.3,9601.7, 9655.00,9665.65,9670.63,320985,31041.28,41698, 146487, 45.64,-0.25
MARUTI, EQ, 18-Jul-2024,12639.55,12633.0,12680.0,12463.0,12651.45,12644.05,12593.75,391216,49268.77,80921, 148094, 37.85,0.04
MARUTI, EQ, 18-Aug-2020,6768.4,6768.4,6924.9,6760.9,6891.0,6893.1,6866.97,1322542,90818.52,94241, 253888, 19.20,1.84
MARUTI, EQ, 18-Aug-2021,6885.4,6943.75,6943.75,6820.0, 6841.60,6840.1,6869.05,434144,29821.55,46160, 179992, 41.46,-0.66
MARUTI, EQ, 18-Aug-2022,8944.35,8925.0,9012.4,8877.0,8950.0,8947.7,8935.87,442229,39517.0,49764, 215930, 48.83,0.04
MARUTI, EQ, 18-Aug-2023,9375.3,9350.0,9470.0,9336.65, 9460.90,9456.05,9430.89,400745,37793.81,50532, 226840, 56.60,0.86
MARUTI, EQ, 18-Sep-2020,7085.85,7148.0,7149.0,6931.6, 6956.75,6964.75,7018.94,1143560,80265.8,89872, 359894, 31.47,-1.71
MARUTI, EQ, 18-Sep-2023,10525.25,10500.05,10623.65,10494.05, 10501.00,10522.1,10556.6,430213,45415.89,57632, 273924, 63.67,-0.03
MARUTI, EQ, 18-Sep-2024,12245.75,12240.05,12337.95,12170.0,12170.0,12204.1,12248.61,182282,22327.02,31562, 97636, 53.56,-0.34
MARUTI, EQ, 18-Oct-2021,7496.9,7405.0,7705.3,7405.0, 7650.05,7657.0,7633.77,913963,69769.8,72232, 523569, 57.29,2.14
MARUTI, EQ, 18-Oct-2022,8723.8,8765.05,8888.25,8752.05,8800.0,8807.35,8823.9,369973,32646.03,51596, 169480, 45.81,0.96
MARUTI, EQ, 18-Oct-2023,10750.8,10755.0,10809.85,10711.05, 10775.00,10788.45,10771.47,267435,28806.68,49701, 127826, 47.80,0.35
MARUTI, EQ, 18-Oct-2024,12143.75,12070.0,12141.25,11844.45,12127.0,12105.1,12059.4,506871,61125.59,78390, 258753, 51.05,-0.32
MARUTI, EQ, 18-Nov-2020,6981.45,6979.95,7070.0,6948.0, 7057.50,7054.3,7017.14,1400300,98260.95,108676, 458370, 32.73,1.04
MARUTI, EQ, 18-Nov-2021,8274.75,8234.0,8368.0,8001.1,8099.75,8117.15,8181.17,1337493,109422.57,144331, 324076, 24.23,-1.9
MARUTI, EQ, 18-Nov-2022,8986.45,9010.0,9023.95,8836.0, 8853.75,8848.05,8888.39,515615,45829.89,64539, 261179, 50.65,-1.54
MARUTI, EQ, 18-Nov-2024,11006.05,10950.0,11182.95,10915.0,11116.6,11093.95,11068.76,333440,36907.69,72197, 174408, 52.31,0.8
MARUTI, EQ, 18-Dec-2020,7694.0,7714.0,7727.0,7541.75, 7560.00,7559.75,7601.76,1078328,81971.86,86152, 423555, 39.28,-1.74
MARUTI, EQ, 18-Dec-2023,10286.4,10295.0,10350.9,10226.2, 10310.00,10319.6,10293.03,652498,67161.8,109012, 469476, 71.95,0.32
MARUTI, EQ, 18-Dec-2024,11108.55,11085.0,11098.05,10970.1,11012.0,11002.45,11013.37,497103,54747.81,63628, 303316, 61.02,-0.96
MARUTI, EQ, 19-Jan-2021,7830.65,7900.0,7990.3,7835.0, 7905.00,7922.6,7920.93,779892,61774.73,71087, 138955, 17.82,1.17
MARUTI, EQ, 19-Jan-2022,7915.15,7929.0,8060.0,7860.0, 8055.00,8015.7,7935.61,681632,54091.64,76718, 331483, 48.63,1.27
MARUTI, EQ, 19-Jan-2023,8494.05,8479.0,8519.0,8456.5, 8490.00,8501.65,8493.36,184776,15693.69,33758, 78526, 42.50,0.09
MARUTI, EQ, 19-Jan-2024,9924.5,9960.0,10051.65,9949.05, 10050.00,10037.7,10014.13,377018,37755.08,75518, 243025, 64.46,1.14
MARUTI, EQ, 19-Feb-2020,6781.1,6850.0,6854.95,6624.6, 6763.00,6756.6,6734.72,1033939,69632.94,98165, 306845, 29.68,-0.36
MARUTI, EQ, 19-Feb-2021,7497.55,7448.0,7486.4,7285.0,7332.5,7323.0,7382.49,1013887,74850.08,105979, 275316, 27.15,-2.33
MARUTI, EQ, 19-Feb-2024,11380.4,11380.4,11613.05,11333.05, 11512.00,11483.35,11483.63,581383,66763.86,69356, 345574, 59.44,0.9
MARUTI, EQ, 19-Feb-2025,12786.2,12727.0,12769.15,12651.0,12681.2,12686.15,12700.83,288694,36666.54,61158, 203316, 70.43,-0.78
MARUTI, EQ, 19-Mar-2020,5352.65,4870.0,5096.6,4652.55, 4859.00,4819.55,4874.22,2554586,124516.21,250425, 1072273, 41.97,-9.96
MARUTI, EQ, 19-Mar-2021,7113.75,7059.95,7149.95,6905.5,7114.9,7113.55,7022.41,838756,58900.9,103254, 220746, 26.32,-0.0
MARUTI, EQ, 19-Mar-2024,11636.3,11542.1,11679.95,11456.15, 11592.45,11597.05,11570.35,409259,47352.7,64104, 250597, 61.23,-0.34
MARUTI, EQ, 19-Mar-2025,11714.55,11700.0,11714.45,11547.0,11615.0,11615.55,11618.99,476555,55370.87,63268, 323698, 67.92,-0.85
MARUTI, EQ, 19-Apr-2021,6648.1,6500.35,6530.0,6415.0,6515.0,6511.75,6477.28,772219,50018.77,94720, 323706, 41.92,-2.05
MARUTI, EQ, 19-Apr-2022,7573.5,7580.0,7678.0,7350.0,7373.65,7435.1,7565.19,425990,32226.97,61187, 170347, 39.99,-1.83
MARUTI, EQ, 19-Apr-2023,8732.65,8690.05,8741.8,8662.45, 8674.30,8679.95,8691.62,280819,24407.71,33057, 162650, 57.92,-0.6
MARUTI, EQ, 19-Apr-2024,12405.0,12399.9,12759.4,12225.0, 12690.00,12710.95,12508.19,635535,79493.93,106592, 210181, 33.07,2.47
MARUTI, EQ, 19-May-2020,4720.95,4842.0,4900.0,4755.75,4810.0,4805.3,4832.13,2108189,101870.39,167596, 320154, 15.19,1.79
MARUTI, EQ, 19-May-2021,6811.1,6799.0,6854.95,6760.0, 6771.00,6775.9,6796.41,432774,29413.08,49718, 147826, 34.16,-0.52
MARUTI, EQ, 19-May-2022,7566.55,7450.0,7525.0,7385.05,7397.0,7404.55,7433.1,363255,27001.12,48746, 111337, 30.65,-2.14
MARUTI, EQ, 19-May-2023,9053.3,9060.0,9118.2,8960.55,9108.0,9105.95,9021.45,543472,49029.04,30517, 377945, 69.54,0.58
MARUTI, EQ, 19-Jun-2020,5714.4,5751.0,5935.0,5707.0, 5895.00,5897.35,5847.98,1854591,108456.16,138228, 349016, 18.82,3.2
MARUTI, EQ, 19-Jun-2023,9603.7,9638.0,9642.15,9510.0, 9540.00,9532.0,9581.29,395006,37846.65,40835, 285275, 72.22,-0.75
MARUTI, EQ, 19-Jun-2024,12560.95,12610.0,12625.0,12200.0,12234.0,12242.1,12374.4,694871,85986.14,109806, 422294, 60.77,-2.54
MARUTI, EQ, 19-Jul-2021,7303.55,7251.7,7297.0,7151.1, 7179.00,7165.55,7205.57,386598,27856.6,62117, 150598, 38.95,-1.89
MARUTI, EQ, 19-Jul-2022,8704.8,8699.95,8798.9,8667.45, 8708.70,8715.85,8730.81,478458,41773.24,42171, 227202, 47.49,0.13
MARUTI, EQ, 19-Jul-2023,9665.65,9651.0,9666.0,9525.65, 9612.80,9607.55,9614.98,450254,43291.81,52742, 299460, 66.51,-0.6
MARUTI, EQ, 19-Jul-2024,12644.05,12650.0,12710.0,12496.45,12535.0,12524.3,12568.68,351955,44236.1,55345, 170485, 48.44,-0.95
MARUTI, EQ, 19-Aug-2020,6893.1,6924.0,7014.7,6885.05,6999.45,6990.3,6967.39,1326450,92418.99,86982, 299212, 22.56,1.41
MARUTI, EQ, 18-Aug-2021,6885.4,6943.75,6943.75,6820.0, 6841.60,6840.1,6869.05,434144,29821.55,46160, 179992, 41.46,-0.66
MARUTI, EQ, 19-Aug-2022,8947.7,8955.45,8968.0,8715.0, 8754.00,8778.95,8814.36,572597,50470.76,60462, 249038, 43.49,-1.89
MARUTI, EQ, 19-Aug-2024,12213.3,12195.0,12244.05,12126.8,12145.0,12149.8,12172.45,277319,33756.51,44336, 147408, 53.15,-0.52
MARUTI, EQ, 19-Sep-2022,9189.65,9175.3,9343.45,9070.0, 9290.00,9280.85,9216.42,727024,67005.62,76964, 277907, 38.23,0.99
MARUTI, EQ, 19-Sep-2024,12204.1,12259.95,12410.0,12206.4,12329.05,12351.5,12343.79,465608,57473.68,73078, 265761, 57.08,1.21
MARUTI, EQ, 19-Oct-2020,6894.9,6975.0,6980.0,6825.0, 6845.55,6851.95,6873.55,548472,37699.49,44043, 98893, 18.03,-0.62
MARUTI, EQ, 19-Oct-2021,7657.0,7670.2,7768.6,7585.0,7613.1,7655.65,7677.23,658869,50582.87,66791, 339649, 51.55,-0.02
MARUTI, EQ, 19-Oct-2022,8807.35,8851.4,8855.0,8695.0, 8702.00,8719.35,8773.88,385416,33815.92,65629, 209668, 54.40,-1.0
MARUTI, EQ, 19-Oct-2023,10788.45,10700.0,10798.7,10700.0,10782.2,10771.7,10763.76,286284,30814.93,58678, 131677, 46.00,-0.16
MARUTI, EQ, 19-Nov-2020,7054.3,7031.0,7130.0,6915.2, 6949.00,6963.3,7064.08,1305695,92235.3,107063, 355421, 27.22,-1.29
MARUTI, EQ, 19-Nov-2024,11093.95,11090.0,11195.25,10896.4,10958.2,10959.3,11071.95,864067,95669.09,97405, 655104, 75.82,-1.21
MARUTI, EQ, 19-Dec-2022,8485.8,8498.8,8621.45,8451.0,8618.0,8603.85,8557.67,464106,39716.67,51994, 275142, 59.28,1.39
MARUTI, EQ, 19-Dec-2023,10319.6,10319.6,10377.0,10206.2, 10238.50,10233.6,10250.8,585734,60042.4,91728, 425026, 72.56,-0.83
MARUTI, EQ, 19-Dec-2024,11002.45,10888.0,11035.4,10852.45,10955.0,10955.35,10953.92,435360,47688.97,57581, 245506, 56.39,-0.43
MARUTI, EQ, 20-Jan-2020,7520.15,7521.25,7529.5,7421.05, 7440.00,7449.6,7468.19,407828,30457.38,37148, 138592, 33.98,-0.94
MARUTI, EQ, 20-Jan-2021,7922.6,7882.0,8170.0,7860.25, 8125.00,8144.95,8057.51,999226,80512.74,88074, 155107, 15.52,2.81
MARUTI, EQ, 20-Jan-2022,8015.7,8000.0,8140.0,7997.55, 8048.00,8036.35,8070.8,522850,42198.2,86492, 188548, 36.06,0.26
MARUTI, EQ, 20-Jan-2023,8501.65,8462.05,8500.0,8412.0,8420.0,8439.8,8458.94,346337,29296.44,71153, 187939, 54.26,-0.73
MARUTI, EQ, 20-Jan-2025,12136.35,12147.05,12147.05,11984.05,12006.8,12020.05,12040.78,251731,30310.37,54390, 130022, 51.65,-0.96
MARUTI, EQ, 20-Feb-2020,6756.6,6761.0,6807.55,6720.0, 6740.10,6757.6,6772.5,682513,46223.18,57024, 293356, 42.98,0.01
MARUTI, EQ, 20-Feb-2023,8807.75,8807.75,8849.0,8675.25, 8685.00,8693.65,8748.94,298434,26109.83,46059, 162729, 54.53,-1.3
MARUTI, EQ, 20-Feb-2024,11483.35,11440.0,11479.95,11315.85, 11415.00,11446.45,11416.42,355044,40533.33,47449, 202811, 57.12,-0.32
MARUTI, EQ, 20-Feb-2025,12686.15,12650.0,12650.0,12380.0,12420.0,12440.65,12442.01,423739,52721.64,100574, 230019, 54.28,-1.94
MARUTI, EQ, 20-Mar-2020,4819.55,4869.0,5225.0,4812.6, 5094.00,5079.2,5040.51,1614608,81384.43,166562, 664312, 41.14,5.39
MARUTI, EQ, 20-Mar-2023,8316.85,8316.85,8316.85,8130.0,8230.0,8219.6,8192.41,488199,39995.26,85979, 263901, 54.06,-1.17
MARUTI, EQ, 20-Mar-2024,11597.05,11651.15,12025.0,11651.15, 11925.25,11941.15,11931.75,1031037,123020.76,149226, 520820, 50.51,2.97
MARUTI, EQ, 20-Mar-2025,11615.55,11699.9,11765.0,11588.0,11762.0,11730.2,11698.9,379421,44388.09,75811, 248938, 65.61,0.99
MARUTI, EQ, 20-Apr-2020,5505.0,5512.0,5573.95,5280.0, 5297.30,5331.35,5390.28,1555313,83835.8,133978, 274417, 17.64,-3.15
MARUTI, EQ, 20-Apr-2021,6511.75,6615.0,6678.7,6558.55,6640.0,6646.65,6616.92,914142,60488.0,69676, 401144, 43.88,2.07
MARUTI, EQ, 20-Apr-2022,7435.1,7499.0,7699.0,7472.6, 7696.10,7666.7,7630.03,542622,41402.22,66115, 137048, 25.26,3.11
MARUTI, EQ, 20-Apr-2023,8679.95,8670.0,8739.9,8665.15, 8704.00,8714.65,8717.25,369060,32171.87,50811, 269002, 72.89,0.4
MARUTI, EQ, 20-May-2020,4805.3,4754.0,4920.0,4745.5, 4902.00,4891.95,4831.92,1518297,73362.95,129952, 216913, 14.29,1.8
MARUTI, EQ, 20-May-2021,6775.9,6780.8,6814.7,6729.5, 6739.00,6737.85,6765.64,470476,31830.7,53092, 207817, 44.17,-0.56
MARUTI, EQ, 20-May-2022,7404.55,7520.55,7648.9,7450.0, 7600.00,7586.6,7588.43,742204,56321.66,76935, 326834, 44.04,2.46
MARUTI, EQ, 18-May-2024,12641.5,12647.95,12693.45,12565.4,12612.0,12600.15,12634.63,17550,2217.38,3169, 7336, 41.80,-0.33
MARUTI, EQ, 20-Jun-2022,7688.15,7699.8,7784.1,7626.0,7669.9,7660.95,7702.39,1043423,80368.49,90767, 588672, 56.42,-0.35
MARUTI, EQ, 20-Jun-2023,9532.0,9530.0,9538.9,9420.0, 9515.05,9492.1,9476.15,612713,58061.63,67707, 465931, 76.04,-0.42
MARUTI, EQ, 20-Jun-2024,12242.1,12246.0,12305.5,12135.0,12160.0,12149.5,12191.11,907751,110664.9,112661, 582325, 64.15,-0.76
MARUTI, EQ, 20-Jul-2020,5919.5,5935.0,5936.0,5812.0, 5875.00,5867.5,5864.05,912611,53515.97,85254, 151710, 16.62,-0.88
MARUTI, EQ, 20-Jul-2021,7165.55,7180.0,7265.0,7144.45, 7220.00,7232.7,7203.49,413816,29809.19,52165, 142420, 34.42,0.94
MARUTI, EQ, 20-Jul-2022,8715.85,8775.5,8865.45,8720.2, 8739.95,8749.05,8800.39,398132,35037.17,56553, 190131, 47.76,0.38
MARUTI, EQ, 20-Jul-2023,9607.55,9620.0,9785.0,9575.45,9777.0,9772.5,9696.19,466813,45263.06,50923, 207895, 44.53,1.72
MARUTI, EQ, 20-Aug-2020,6990.3,6891.1,6999.0,6880.05,6964.0,6974.7,6961.6,958233,66708.36,64977, 140623, 14.68,-0.22
MARUTI, EQ, 20-Aug-2021,6840.1,6815.0,6914.65,6780.0,6839.0,6850.9,6857.99,657982,45124.34,89530, 352694, 53.60,0.16
MARUTI, EQ, 20-Aug-2024,12149.8,12160.5,12310.0,12150.1,12208.0,12214.95,12218.85,471927,57664.07,43796, 315372, 66.83,0.54
MARUTI, EQ, 20-Sep-2021,7014.45,6979.9,7015.45,6906.2, 6942.50,6950.4,6961.98,550405,38319.1,59177, 286725, 52.09,-0.91
MARUTI, EQ, 20-Sep-2022,9280.85,9339.0,9430.0,9250.0, 9282.00,9300.85,9366.72,747257,69993.47,86603, 349522, 46.77,0.22
MARUTI, EQ, 20-Sep-2023,10522.1,10494.05,10494.05,10337.55, 10342.10,10346.75,10392.1,545106,56647.93,79042, 389006, 71.36,-1.67
MARUTI, EQ, 20-Sep-2024,12351.5,12360.4,12705.15,12360.05,12619.9,12614.5,12599.01,875654,110323.73,115129, 395305, 45.14,2.13
MARUTI, EQ, 20-Oct-2020,6851.95,6817.0,6949.0,6810.0, 6845.00,6844.6,6877.34,659864,45381.09,63746, 205553, 31.15,-0.11
MARUTI, EQ, 20-Oct-2021,7655.65,7615.0,7667.35,7515.0, 7609.20,7590.75,7579.95,488082,36996.4,45076, 276471, 56.64,-0.85
MARUTI, EQ, 20-Oct-2022,8719.35,8700.0,8739.2,8611.0,8712.05,8707.4,8688.3,328270,28521.09,44479, 171538, 52.26,-0.14
MARUTI, EQ, 20-Oct-2023,10771.7,10763.1,10799.0,10695.7, 10716.00,10725.65,10745.54,232512,24984.68,53000, 117417, 50.50,-0.43
MARUTI, EQ, 20-Nov-2020,6963.3,6959.55,7020.0,6904.0,6959.0,6965.85,6966.07,923474,64329.88,69257, 230846, 25.00,0.04
MARUTI, EQ, 20-Nov-2023,10523.5,10500.0,10593.35,10500.0, 10568.00,10566.25,10554.12,234246,24722.61,34745, 144255, 61.58,0.41
MARUTI, EQ, 19-Nov-2024,11093.95,11090.0,11195.25,10896.4,10958.2,10959.3,11071.95,864067,95669.09,97405, 655104, 75.82,-1.21
MARUTI, EQ, 20-Dec-2021,7296.6,7200.0,7321.55,7035.85,7291.85,7286.6,7161.74,867425,62122.75,87806, 452014, 52.11,-0.14
MARUTI, EQ, 20-Dec-2022,8603.85,8584.4,8584.4,8432.05,8510.95,8524.35,8504.91,694906,59101.11,85811, 451270, 64.94,-0.92
MARUTI, EQ, 20-Dec-2023,10233.6,10240.0,10309.05,9990.0, 10050.00,10081.25,10182.4,964051,98163.57,157086, 634857, 65.85,-1.49
MARUTI, EQ, 20-Dec-2024,10955.35,10940.0,11077.0,10865.95,10868.9,10901.05,10959.32,404608,44342.29,65375, 189854, 46.92,-0.5
MARUTI, EQ, 21-Jan-2020,7449.6,7411.5,7434.65,7287.8, 7297.90,7302.65,7350.84,442561,32531.96,36589, 130675, 29.53,-1.97
MARUTI, EQ, 21-Jan-2021,8144.95,8205.0,8267.0,8021.45, 8089.00,8076.75,8194.49,769494,63056.13,84321, 171412, 22.28,-0.84
MARUTI, EQ, 21-Jan-2022,8036.35,7970.0,8244.0,7856.05, 8180.00,8189.6,8149.06,1041476,84870.51,99619, 464284, 44.58,1.91
MARUTI, EQ, 21-Jan-2025,12020.05,12017.05,12139.8,11862.05,11909.0,11883.7,11984.35,300038,35957.59,86307, 97729, 32.57,-1.13
MARUTI, EQ, 21-Feb-2022,8569.1,8544.05,8724.25,8443.6, 8606.00,8612.7,8610.76,626049,53907.61,70754, 221789, 35.43,0.51
MARUTI, EQ, 21-Feb-2023,8693.65,8694.0,8720.0,8638.45, 8675.00,8669.85,8666.14,323478,28033.05,66784, 186855, 57.76,-0.27
MARUTI, EQ, 21-Feb-2024,11446.45,11456.0,11521.0,11370.0, 11450.20,11465.85,11444.25,348461,39878.75,69878, 181847, 52.19,0.17
MARUTI, EQ, 21-Feb-2025,12440.65,12420.0,12438.6,12245.0,12320.0,12323.45,12340.25,477013,58864.61,79467, 323526, 67.82,-0.94
MARUTI, EQ, 21-Mar-2022,7693.0,7844.0,7940.0,7650.0,7672.0,7705.55,7841.59,1354525,106216.25,147370, 378430, 27.94,0.16
MARUTI, EQ, 21-Mar-2023,8219.6,8245.0,8275.0,8215.0, 8224.50,8228.4,8239.45,287497,23688.18,42833, 151998, 52.87,0.11
MARUTI, EQ, 21-Mar-2024,11941.15,11999.0,12000.0,11825.35,11897.9,11908.15,11909.11,544311,64822.58,93682, 286921, 52.71,-0.28
MARUTI, EQ, 21-Mar-2025,11730.2,11780.0,11921.7,11705.8,11769.2,11732.8,11805.4,560565,66176.92,73489, 352916, 62.96,0.02
MARUTI, EQ, 21-Apr-2020,5331.35,5131.3,5131.3,4884.5,5009.95,5001.1,5001.21,1843174,92181.05,174888, 547983, 29.73,-6.19
MARUTI, EQ, 21-Apr-2022,7666.7,7709.8,7899.8,7686.05, 7871.00,7879.2,7797.04,772708,60248.38,81006, 269098, 34.83,2.77
MARUTI, EQ, 21-Apr-2023,8714.65,8679.4,8704.0,8550.0, 8566.05,8558.45,8599.82,424157,36476.72,42775, 292617, 68.99,-1.79
MARUTI, EQ, 21-Apr-2025,11695.0,11695.0,11769.0,11588.0,11769.0,11745.0,11700.58,318493,37265.51,49266, 179773, 56.44,0.43
MARUTI, EQ, 21-May-2020,4891.95,4890.0,5073.8,4851.05,5041.4,5050.1,5007.92,1868172,93556.6,139637, 374747, 20.06,3.23
MARUTI, EQ, 21-May-2021,6737.85,6780.0,6835.5,6744.25, 6811.10,6814.65,6796.16,434363,29520.02,46661, 179876, 41.41,1.14
MARUTI, EQ, 21-May-2024,12600.15,12600.15,12678.9,12441.8,12461.65,12473.3,12537.02,443136,55556.03,72811, 282642, 63.78,-1.01
MARUTI, EQ, 21-Jun-2021,6959.35,6870.0,6925.0,6842.0, 6890.10,6899.9,6886.61,443795,30562.41,60269, 249341, 56.18,-0.85
MARUTI, EQ, 21-Jun-2022,7660.95,7714.95,7840.0,7625.15,7784.95,7780.6,7778.85,954884,74278.97,97203, 577545, 60.48,1.56
MARUTI, EQ, 21-Jun-2023,9492.1,9502.0,9537.0,9396.05, 9420.15,9440.85,9446.39,356331,33660.42,50988, 245842, 68.99,-0.54
MARUTI, EQ, 21-Jun-2024,12149.5,12220.0,12366.25,12083.5,12167.0,12201.5,12193.95,947800,115574.29,169905, 502043, 52.97,0.43
MARUTI, EQ, 21-Jul-2020,5867.5,5919.5,6150.0,5900.0, 6115.30,6130.85,6080.33,1854694,112771.5,151091, 350907, 18.92,4.49
MARUTI, EQ, 21-Jul-2022,8749.05,8793.0,8831.9,8722.05,8820.0,8797.0,8773.5,421090,36944.32,49409, 216829, 51.49,0.55
MARUTI, EQ, 21-Jul-2023,9772.5,9720.0,9845.0,9703.0, 9765.10,9770.05,9774.8,328483,32108.55,39991, 100989, 30.74,-0.03
MARUTI, EQ, 21-Aug-2020,6974.7,7048.0,7065.0,6951.0, 6980.00,6973.0,6997.52,971836,68004.46,76543, 192098, 19.77,-0.02
MARUTI, EQ, 21-Aug-2023,9456.05,9455.55,9469.0,9413.25, 9434.00,9438.8,9441.38,375347,35437.95,45410, 280794, 74.81,-0.18
MARUTI, EQ, 21-Aug-2024,12214.95,12214.95,12248.95,12177.05,12218.05,12220.95,12216.72,295984,36159.54,37207, 189763, 64.11,0.05
MARUTI, EQ, 21-Sep-2020,6964.75,6964.75,6986.9,6590.0, 6631.50,6626.95,6762.1,1290483,87263.77,119484, 370840, 28.74,-4.85
MARUTI, EQ, 21-Sep-2021,6950.4,6912.5,6939.7,6741.0, 6780.00,6777.0,6788.91,1085249,73676.56,135019, 694586, 64.00,-2.49
MARUTI, EQ, 21-Sep-2022,9300.85,9300.0,9398.0,9211.45, 9255.00,9247.9,9289.54,440725,40941.34,62995, 199012, 45.16,-0.57
MARUTI, EQ, 21-Sep-2023,10346.75,10343.05,10345.0,10206.5, 10280.00,10284.3,10259.44,577252,59222.81,85501, 357117, 61.87,-0.6
MARUTI, EQ, 21-Oct-2020,6844.6,6904.0,6947.6,6764.65, 6860.00,6861.85,6876.18,911969,62708.65,83787, 238572, 26.16,0.25
MARUTI, EQ, 21-Oct-2021,7590.75,7650.0,7650.0,7485.0, 7565.60,7575.25,7570.24,563128,42630.16,46786, 313562, 55.68,-0.2
MARUTI, EQ, 21-Oct-2022,8707.4,8730.0,8794.0,8641.0,8699.9,8703.3,8718.78,356203,31056.56,58127, 203216, 57.05,-0.05
MARUTI, EQ, 21-Oct-2024,12105.1,12145.55,12250.0,11944.55, 12140.05,12175.9,12140.16,375275,45558.97,73282, 178587, 47.59,0.58
MARUTI, EQ, 21-Nov-2022,8848.05,8825.0,8929.2,8786.0, 8856.95,8865.2,8859.39,520644,46125.9,63043, 276427, 53.09,0.19
MARUTI, EQ, 21-Nov-2023,10566.25,10619.0,10619.0,10500.0, 10537.00,10535.15,10538.17,312242,32904.59,41565, 223044, 71.43,-0.29
MARUTI, EQ, 21-Nov-2024,10959.3,10921.15,10958.2,10770.0,10859.5,10861.45,10875.51,540201,58749.6,109856, 315288, 58.36,-0.89
MARUTI, EQ, 21-Dec-2020,7559.75,7560.0,7599.0,7278.1, 7340.00,7376.1,7497.25,970306,72746.23,80870, 243586, 25.10,-2.43
MARUTI, EQ, 21-Dec-2021,7286.6,7306.5,7404.95,7284.0,7295.0,7315.15,7340.52,415744,30517.79,49228, 136412, 32.81,0.39
MARUTI, EQ, 21-Dec-2022,8524.35,8524.35,8566.95,8288.3, 8339.95,8350.4,8398.76,800720,67250.52,116637, 490441, 61.25,-2.04
MARUTI, EQ, 21-Dec-2023,10081.25,10000.0,10099.25,9900.0, 10035.00,10012.85,10021.63,739806,74140.61,134363, 471003, 63.67,-0.68
MARUTI, EQ, 22-Jan-2020,7302.65,7340.0,7374.95,7107.95, 7145.00,7135.6,7165.57,1048435,75126.36,88307, 445035, 42.45,-2.29
MARUTI, EQ, 22-Jan-2021,8076.75,8085.0,8308.0,8000.0, 8024.00,8048.85,8163.61,1172914,95752.13,106358, 172071, 14.67,-0.35
MARUTI, EQ, 20-Jan-2024,10037.7,10037.7,10067.0,9938.95, 9971.00,9972.55,10000.49,92601,9260.55,18605, 27604, 29.81,-0.65
MARUTI, EQ, 22-Jan-2025,11883.7,11900.05,12078.85,11900.05,12020.0,12020.35,11998.48,396590,47584.76,84861, 239758, 60.45,1.15
MARUTI, EQ, 22-Feb-2021,7323.0,7323.0,7325.0,7056.0,7060.0,7086.45,7151.55,1502068,107421.08,174597, 606694, 40.39,-3.23
MARUTI, EQ, 22-Feb-2022,8612.7,8495.0,8659.8,8384.85,8642.0,8622.8,8522.96,620828,52912.94,96897, 255565, 41.17,0.12
MARUTI, EQ, 22-Feb-2023,8669.85,8675.5,8719.0,8585.0, 8663.45,8658.95,8655.8,363931,31501.13,58071, 202979, 55.77,-0.13
MARUTI, EQ, 22-Feb-2024,11465.85,11500.0,11695.0,11391.25, 11695.00,11657.8,11564.4,584406,67583.03,101222, 307819, 52.67,1.67
MARUTI, EQ, 22-Mar-2021,7113.55,7104.0,7142.5,7050.2,7106.0,7101.25,7088.01,533767,37833.48,72385, 174907, 32.77,-0.17
MARUTI, EQ, 22-Mar-2022,7705.55,7714.95,7809.0,7536.65, 7763.95,7766.65,7686.4,1093502,84050.93,113852, 253712, 23.20,0.79
MARUTI, EQ, 22-Mar-2023,8228.4,8236.0,8289.6,8217.0, 8263.00,8252.4,8250.59,218120,17996.19,53159, 134168, 61.51,0.29
MARUTI, EQ, 22-Mar-2024,11908.15,11890.05,12427.3,11890.05,12304.0,12337.7,12231.52,1062263,129930.9,158758, 448499, 42.22,3.61
MARUTI, EQ, 22-Apr-2020,5001.1,5009.0,5248.25,4991.0,5168.0,5180.85,5134.59,1991789,102270.15,161876, 343528, 17.25,3.59
MARUTI, EQ, 22-Apr-2021,6646.65,6625.95,6674.9,6545.0,6648.0,6650.1,6631.11,667911,44289.93,75599, 329978, 49.40,0.05
MARUTI, EQ, 22-Apr-2022,7879.2,7789.0,8016.65,7731.0, 7900.00,7904.5,7925.54,960818,76150.02,111790, 246048, 25.61,0.32
MARUTI, EQ, 22-Apr-2024,12710.95,12783.15,12879.15,12659.0,12798.95,12785.5,12781.92,342212,43741.27,54006, 143827, 42.03,0.59
MARUTI, EQ, 22-Apr-2025,11745.0,11770.0,11788.0,11615.0,11744.0,11734.0,11702.8,516753,60474.56,102717, 306685, 59.35,-0.09
MARUTI, EQ, 22-May-2020,5050.1,5010.0,5150.0,4930.75,5126.25,5134.3,5033.15,1935877,97435.64,147394, 305869, 15.80,1.67
MARUTI, EQ, 22-May-2023,9105.95,9090.0,9169.7,9073.85,9150.0,9156.65,9144.98,182115,16654.38,27045, 100962, 55.44,0.56
MARUTI, EQ, 22-May-2024,12473.3,12427.8,12563.0,12363.1,12522.35,12531.35,12495.02,280015,34987.92,43004, 133784, 47.78,0.47
MARUTI, EQ, 22-Jun-2020,5897.35,5900.0,5975.0,5806.35, 5897.00,5896.0,5884.18,1497825,88134.72,126056, 218863, 14.61,-0.02
MARUTI, EQ, 22-Jun-2021,6899.9,6940.0,7299.95,6930.0, 7257.50,7265.4,7201.24,1757310,126548.05,171579, 549897, 31.29,5.3
MARUTI, EQ, 22-Jun-2022,7780.6,7750.0,7869.0,7716.6,7780.0,7782.75,7804.31,796824,62186.6,85926, 352455, 44.23,0.03
MARUTI, EQ, 22-Jun-2023,9440.85,9439.05,9494.35,9373.8,9410.0,9403.05,9429.94,288487,27204.15,45384, 162442, 56.31,-0.4
MARUTI, EQ, 22-Jul-2020,6130.85,6117.0,6129.0,5939.7, 6013.00,6003.4,6034.25,1140094,68796.14,102729, 254649, 22.34,-2.08
MARUTI, EQ, 22-Jul-2021,7232.7,7302.0,7325.0,7246.3, 7287.00,7299.55,7297.27,439934,32103.16,54932, 259844, 59.06,0.92
MARUTI, EQ, 22-Jul-2022,8797.0,8850.0,8889.0,8791.0, 8830.00,8830.95,8842.37,415294,36721.82,62751, 202434, 48.74,0.39
MARUTI, EQ, 22-Jul-2024,12524.3,12500.0,12658.95,12400.05,12627.0,12641.25,12586.14,249631,31418.92,38556, 120804, 48.39,0.93
MARUTI, EQ, 22-Aug-2022,8778.95,8751.0,8767.45,8602.2, 8644.70,8628.0,8667.98,488485,42341.76,50814, 223838, 45.82,-1.72
MARUTI, EQ, 22-Aug-2023,9438.8,9420.2,9508.05,9409.7, 9490.00,9491.9,9474.32,435930,41301.4,53311, 293672, 67.37,0.56
MARUTI, EQ, 22-Aug-2024,12220.95,12280.0,12325.0,12181.0,12305.05,12276.35,12244.04,501316,61381.35,61928, 354068, 70.63,0.45
MARUTI, EQ, 22-Sep-2020,6626.95,6675.0,6685.95,6312.35, 6415.55,6440.55,6455.87,2666025,172115.16,229779, 858980, 32.22,-2.81
MARUTI, EQ, 22-Sep-2021,6777.0,6820.0,6846.0,6785.0, 6821.00,6831.0,6815.93,548623,37393.76,51499, 310469, 56.59,0.8
MARUTI, EQ, 22-Sep-2022,9247.9,9199.0,9435.0,9186.0, 9419.00,9401.85,9341.71,511112,47746.59,77963, 177748, 34.78,1.66
MARUTI, EQ, 22-Sep-2023,10284.3,10378.0,10566.75,10308.45, 10552.60,10535.15,10466.18,986206,103218.05,108106, 624489, 63.32,2.44
MARUTI, EQ, 22-Oct-2020,6861.85,6828.0,6860.0,6775.2, 6809.00,6811.55,6808.01,584542,39795.7,51489, 173752, 29.72,-0.73
MARUTI, EQ, 22-Oct-2021,7575.25,7600.0,7625.0,7386.55, 7410.00,7408.9,7471.64,224520,16775.32,31638, 62554, 27.86,-2.2
MARUTI, EQ, 22-Oct-2024,12175.9,12215.95,12289.8,11840.0,11955.0,11923.3,11982.45,904901,108429.29,140557, 583415, 64.47,-2.07
MARUTI, EQ, 22-Nov-2021,8117.15,8158.0,8187.85,7806.55,7880.0,7864.4,7921.33,672298,53254.91,76787, 253711, 37.74,-3.11
MARUTI, EQ, 22-Nov-2022,8865.2,8875.0,8934.95,8859.05, 8887.15,8873.75,8888.06,455948,40524.93,65505, 286561, 62.85,0.1
MARUTI, EQ, 22-Nov-2023,10535.15,10550.0,10551.25,10420.0, 10490.00,10494.55,10473.07,378891,39681.54,59972, 274404, 72.42,-0.39
MARUTI, EQ, 22-Nov-2024,10861.45,10905.0,11106.65,10827.25,11070.05,11063.6,10981.18,493678,54211.68,98447, 294731, 59.70,1.86
MARUTI, EQ, 22-Dec-2020,7376.1,7380.0,7438.0,7205.1, 7401.00,7395.4,7323.74,1138240,83361.79,104411, 395569, 34.75,0.26
MARUTI, EQ, 22-Dec-2021,7315.15,7305.5,7454.0,7305.5, 7407.00,7423.75,7402.43,368978,27313.34,53903, 131845, 35.73,1.48
MARUTI, EQ, 22-Dec-2022,8350.4,8356.65,8384.0,8288.0, 8330.00,8334.35,8330.14,580858,48386.31,93760, 318081, 54.76,-0.19
MARUTI, EQ, 22-Dec-2023,10012.85,10050.0,10318.3,10030.0, 10214.70,10217.15,10207.12,652545,66606.05,106029, 279512, 42.83,2.04
MARUTI, EQ, 23-Jan-2020,7135.6,7145.4,7220.0,7123.15, 7132.95,7147.1,7163.31,589326,42215.23,43298, 148780, 25.25,0.16
MARUTI, EQ, 23-Jan-2023,8439.8,8480.0,8482.0,8377.9,8425.0,8417.1,8423.65,410827,34606.64,79850, 274967, 66.93,-0.27
MARUTI, EQ, 23-Jan-2024,9972.55,9862.0,9973.0,9832.1, 9860.00,9860.45,9902.81,956269,94697.51,129308, 708076, 74.05,-1.12
MARUTI, EQ, 23-Jan-2025,12020.35,12005.0,12106.3,11961.3,12010.0,12045.75,12037.71,480876,57886.47,80683, 319691, 66.48,0.21
MARUTI, EQ, 23-Feb-2021,7086.45,7118.8,7122.35,6938.0, 6975.00,6970.5,7004.31,1589884,111360.36,155033, 688121, 43.28,-1.64
MARUTI, EQ, 23-Feb-2022,8622.8,8690.0,8789.95,8655.2,8690.0,8698.85,8731.99,557954,48720.48,85991, 210776, 37.78,0.88
MARUTI, EQ, 23-Feb-2023,8658.95,8693.45,8747.45,8616.0,8705.0,8696.25,8684.68,317544,27577.69,42134, 181971, 57.31,0.43
MARUTI, EQ, 23-Feb-2024,11657.8,11704.95,11720.0,11475.2, 11520.00,11535.6,11579.16,472884,54756.01,73897, 262090, 55.42,-1.05
MARUTI, EQ, 23-Mar-2020,5079.2,4575.0,4790.0,4141.0, 4178.00,4220.35,4371.69,1531989,66973.83,234867, 934064, 60.97,-16.91
MARUTI, EQ, 23-Mar-2021,7101.25,7138.0,7225.0,7130.0, 7172.00,7186.25,7189.58,757590,54467.52,85127, 253656, 33.48,1.2
MARUTI, EQ, 23-Mar-2022,7766.65,7800.0,7862.8,7611.0, 7631.00,7644.85,7683.62,808597,62129.52,94741, 215844, 26.69,-1.57
MARUTI, EQ, 23-Mar-2023,8252.4,8264.0,8375.0,8232.6, 8359.00,8353.2,8338.41,540553,45073.55,62415, 322220, 59.61,1.22
MARUTI, EQ, 23-Apr-2020,5180.85,5169.0,5244.6,5045.0,5160.0,5156.35,5172.04,1454065,75204.81,105193, 205914, 14.16,-0.47
MARUTI, EQ, 23-Apr-2021,6650.1,6560.0,6714.7,6560.0,6684.0,6676.1,6651.34,709306,47178.36,64854, 275503, 38.84,0.39
MARUTI, EQ, 23-Apr-2024,12785.5,12845.0,13024.5,12776.3,12975.0,12996.25,12919.7,397281,51327.51,56174, 178167, 44.85,1.65
MARUTI, EQ, 23-Apr-2025,11734.0,11799.0,11971.0,11729.0,11900.0,11907.0,11827.33,493839,58407.99,78908, 276132, 55.92,1.47
MARUTI, EQ, 23-May-2022,7586.6,7800.1,7954.85,7776.1,7891.15,7897.45,7887.53,1161175,91588.08,152371, 347057, 29.89,4.1
MARUTI, EQ, 23-May-2023,9156.65,9169.0,9235.0,9156.75, 9190.00,9200.7,9201.24,269008,24752.07,31647, 163527, 60.79,0.48
MARUTI, EQ, 23-May-2024,12531.35,12566.05,12975.1,12473.05,12890.0,12934.9,12821.1,768732,98559.93,133241, 377174, 49.06,3.22
MARUTI, EQ, 23-Jun-2020,5896.0,5900.0,6007.2,5862.55, 5890.00,5886.5,5924.36,1398189,82833.79,98519, 272794, 19.51,-0.16
MARUTI, EQ, 23-Jun-2021,7265.4,7266.1,7479.0,7240.05, 7432.10,7432.7,7417.45,2227399,165216.14,221087, 1032732, 46.36,2.3
MARUTI, EQ, 23-Jun-2022,7782.75,7810.0,8317.8,7803.0,8300.3,8271.0,8131.25,1676430,136314.66,165434, 546965, 32.63,6.27
MARUTI, EQ, 23-Jun-2023,9403.05,9420.0,9427.0,9305.0, 9325.00,9327.3,9351.8,309138,28909.98,42141, 186585, 60.36,-0.81
MARUTI, EQ, 23-Jul-2020,6003.4,6013.0,6090.0,5967.95, 6047.35,6065.95,6047.91,701702,42438.33,61215, 78069, 11.13,1.04
MARUTI, EQ, 23-Jul-2021,7299.55,7300.0,7375.0,7277.0,7283.5,7293.85,7334.62,436330,32003.14,55896, 207353, 47.52,-0.08
MARUTI, EQ, 23-Jul-2024,12641.25,12720.0,12734.95,12360.0,12625.4,12629.05,12617.22,332258,41921.72,55901, 134716, 40.55,-0.1
MARUTI, EQ, 23-Aug-2021,6850.9,6905.0,6918.0,6801.0, 6835.00,6825.9,6847.81,537302,36793.42,45522, 292131, 54.37,-0.36
MARUTI, EQ, 23-Aug-2022,8628.0,8607.0,8757.0,8564.0, 8720.00,8720.5,8683.21,558231,48472.38,61452, 267501, 47.92,1.07
MARUTI, EQ, 23-Aug-2023,9491.9,9519.0,9640.0,9446.0, 9595.00,9600.95,9562.25,546842,52290.39,58891, 317184, 58.00,1.15
MARUTI, EQ, 23-Aug-2024,12276.35,12300.0,12375.05,12254.4,12272.0,12302.3,12309.91,440809,54263.18,57997, 223908, 50.79,0.21
MARUTI, EQ, 23-Sep-2020,6440.55,6462.0,6549.95,6380.0, 6489.00,6501.3,6481.09,1456257,94381.29,129964, 320564, 22.01,0.94
MARUTI, EQ, 23-Sep-2021,6831.0,6868.0,6879.9,6821.0, 6843.00,6846.7,6847.94,432740,29633.79,44526, 236985, 54.76,0.23
MARUTI, EQ, 23-Sep-2022,9401.85,9397.95,9451.0,9277.35, 9320.00,9343.45,9347.35,574213,53673.67,72811, 239332, 41.68,-0.62
MARUTI, EQ, 23-Sep-2024,12614.5,12625.0,12749.0,12625.0,12667.2,12683.1,12691.05,235586,29898.34,38677, 119837, 50.87,0.54
MARUTI, EQ, 23-Oct-2020,6811.55,6858.0,7124.7,6832.0, 7102.00,7103.25,7021.17,1758999,123502.27,130909, 397760, 22.61,4.28
MARUTI, EQ, 23-Oct-2023,10725.65,10681.0,10724.65,10530.45, 10587.50,10553.65,10606.83,227925,24175.63,35941, 114015, 50.02,-1.6
MARUTI, EQ, 23-Oct-2024,11923.3,11923.3,12119.9,11753.45,11921.55,11956.2,11988.39,412638,49468.65,88463, 229806, 55.69,0.28
MARUTI, EQ, 23-Nov-2020,6965.85,7040.0,7044.0,6932.6, 6986.50,6987.75,6982.52,735755,51374.24,62356, 296127, 40.25,0.31
MARUTI, EQ, 23-Nov-2021,7864.4,7849.1,7953.95,7805.0,7844.75,7854.0,7873.82,567198,44660.12,78030, 239283, 42.19,-0.13
MARUTI, EQ, 23-Nov-2022,8873.75,8940.0,8989.0,8902.0,8945.0,8934.5,8940.34,621006,55520.07,67341, 339109, 54.61,0.68
MARUTI, EQ, 23-Nov-2023,10494.55,10487.8,10525.0,10394.05, 10490.00,10488.5,10455.13,453820,47447.47,89410, 283876, 62.55,-0.06
MARUTI, EQ, 23-Dec-2020,7395.4,7400.4,7555.6,7394.0,7450.0,7449.95,7474.9,951805,71146.46,84300, 262458, 27.57,0.74
MARUTI, EQ, 23-Dec-2021,7423.75,7481.0,7500.0,7355.0, 7369.00,7387.15,7414.01,249919,18529.02,34812, 69616, 27.86,-0.49
MARUTI, EQ, 23-Dec-2022,8334.35,8299.7,8329.95,8122.85, 8145.00,8141.6,8204.19,503012,41268.08,84614, 247830, 49.27,-2.31
MARUTI, EQ, 23-Dec-2024,10901.05,10928.0,10989.8,10755.4,10810.0,10822.0,10859.93,237165,25755.96,48860, 105167, 44.34,-0.73
MARUTI, EQ, 24-Jan-2020,7147.1,7148.8,7210.0,7111.25,7130.0,7128.45,7154.51,645723,46198.31,50530, 245191, 37.97,-0.26
MARUTI, EQ, 24-Jan-2022,8189.6,8189.0,8332.8,7952.8,8038.45,8052.3,8137.0,1153538,93863.44,147137, 537695, 46.61,-1.68
MARUTI, EQ, 24-Jan-2023,8417.1,8450.0,8718.0,8417.0,8696.0,8698.8,8604.69,1039571,89451.85,110751, 272786, 26.24,3.35
MARUTI, EQ, 24-Jan-2024,9860.45,9860.0,10000.0,9755.0, 9950.00,9988.2,9892.98,459092,45417.87,84208, 304267, 66.28,1.3
MARUTI, EQ, 24-Jan-2025,12045.75,11930.0,12093.0,11914.1,11949.35,11967.9,11990.44,310343,37211.49,53209, 170000, 54.78,-0.65
MARUTI, EQ, 24-Feb-2020,6757.6,6710.0,6710.0,6439.8, 6475.00,6470.4,6552.55,1091346,71511.0,116104, 432890, 39.67,-4.25
MARUTI, EQ, 24-Feb-2021,6970.5,6905.0,7036.0,6877.5, 6955.00,6952.95,6969.92,1225254,85399.21,117844, 540301, 44.10,-0.25
MARUTI, EQ, 24-Feb-2022,8698.85,8402.0,8587.25,8155.0, 8195.00,8210.15,8334.67,947351,78958.55,141883, 400535, 42.28,-5.62
MARUTI, EQ, 24-Feb-2023,8696.25,8711.0,8740.0,8609.3, 8630.00,8660.5,8673.9,242982,21076.02,34249, 129030, 53.10,-0.41
MARUTI, EQ, 24-Feb-2025,12323.45,12248.35,12432.5,12220.1,12360.0,12345.2,12344.16,399571,49323.69,103645, 252338, 63.15,0.18
MARUTI, EQ, 24-Mar-2020,4220.35,4341.0,4570.0,4030.0, 4545.00,4486.45,4361.25,1746713,76178.6,186957, 814032, 46.60,6.31
MARUTI, EQ, 24-Mar-2021,7186.25,7136.0,7158.4,7049.95, 7060.00,7066.2,7093.04,457147,32425.63,63062, 137921, 30.17,-1.67
MARUTI, EQ, 24-Mar-2022,7644.85,7599.3,7655.0,7526.35, 7533.00,7556.95,7592.16,565485,42932.53,68889, 185329, 32.77,-1.15
MARUTI, EQ, 24-Mar-2023,8353.2,8353.2,8386.5,8211.0, 8260.00,8242.9,8302.24,391840,32531.51,56415, 211613, 54.00,-1.32
MARUTI, EQ, 24-Mar-2025,11732.8,11779.95,11990.0,11742.05,11917.0,11922.25,11885.49,359033,42672.83,84229, 199416, 55.54,1.61
MARUTI, EQ, 24-Apr-2020,5156.35,5100.0,5140.0,5030.0,5050.0,5045.65,5082.53,1070905,54429.09,79318, 118072, 11.03,-2.15
MARUTI, EQ, 24-Apr-2023,8558.45,8577.0,8577.0,8444.75, 8472.00,8466.15,8476.39,543745,46089.95,55665, 382948, 70.43,-1.08
MARUTI, EQ, 24-Apr-2024,12996.25,13000.0,13073.95,12900.0, 12905.00,12944.05,12985.22,296364,38483.51,55824, 123947, 41.82,-0.4
MARUTI, EQ, 24-Apr-2025,11907.0,11940.0,12040.0,11858.0,11901.0,11894.0,11917.68,387863,46224.27,67998, 169785, 43.77,-0.11
MARUTI, EQ, 24-May-2021,6814.65,6802.0,6965.0,6802.0, 6882.00,6871.6,6904.36,1027484,70941.18,99839, 308603, 30.03,0.84
MARUTI, EQ, 24-May-2022,7897.45,7919.0,7941.95,7791.3,7799.6,7802.65,7846.36,581609,45635.16,58967, 260111, 44.72,-1.2
MARUTI, EQ, 24-May-2023,9200.7,9168.0,9318.2,9159.0, 9277.00,9270.75,9277.46,470365,43637.92,47175, 296241, 62.98,0.76
MARUTI, EQ, 24-May-2024,12934.9,12865.0,13034.0,12811.0,13000.05,13000.45,12966.11,624801,81012.38,90903, 391968, 62.73,0.51
MARUTI, EQ, 24-Jun-2020,5886.5,5938.0,5938.0,5730.0,5760.0,5755.35,5828.53,1268492,73934.45,102407, 343499, 27.08,-2.23
MARUTI, EQ, 24-Jun-2021,7432.7,7448.8,7550.0,7410.1, 7531.00,7527.45,7497.38,1041762,78104.9,95406, 457296, 43.90,1.27
MARUTI, EQ, 24-Jun-2022,8271.0,8310.0,8390.0,8238.3, 8360.00,8363.2,8309.16,1156788,96119.42,126098, 440274, 38.06,1.11
MARUTI, EQ, 24-Jun-2024,12201.5,12181.0,12289.0,12041.0,12239.9,12183.4,12174.02,550862,67062.04,77934, 329990, 59.90,-0.15
MARUTI, EQ, 24-Jul-2020,6065.95,6010.0,6047.35,5932.1,5990.5,6000.7,5985.18,793324,47481.87,78265, 106961, 13.48,-1.08
MARUTI, EQ, 24-Jul-2023,9770.05,9770.05,9815.0,9680.0, 9697.00,9694.8,9736.0,358506,34904.13,38060, 199272, 55.58,-0.77
MARUTI, EQ, 24-Jul-2024,12629.05,12634.0,12663.2,12458.2,12495.8,12487.25,12530.38,285860,35819.34,46134, 136469, 47.74,-1.12
MARUTI, EQ, 24-Aug-2020,6973.0,6985.0,7100.0,6955.0,7091.45,7082.5,7038.05,961178,67648.15,78921, 182906, 19.03,1.57
MARUTI, EQ, 24-Aug-2021,6825.9,6789.5,6852.0,6740.6, 6795.00,6803.2,6799.56,646993,43992.65,62582, 232782, 35.98,-0.33
MARUTI, EQ, 24-Aug-2022,8720.5,8660.0,8772.0,8594.0,8683.0,8704.0,8680.43,442582,38418.02,49238, 206233, 46.60,-0.19
MARUTI, EQ, 24-Aug-2023,9600.95,9661.65,9661.65,9555.0, 9560.00,9573.7,9606.93,385559,37040.4,56302, 253366, 65.71,-0.28
MARUTI, EQ, 24-Sep-2020,6501.3,6435.0,6486.8,6270.15, 6301.55,6297.7,6322.38,1237679,78250.72,115569, 517986, 41.85,-3.13
MARUTI, EQ, 24-Sep-2021,6846.7,6850.0,7037.8,6848.0, 6953.30,6952.25,6914.88,1649962,114092.93,94067, 802803, 48.66,1.54
MARUTI, EQ, 24-Sep-2024,12683.1,12583.1,12778.95,12583.1,12732.35,12738.6,12710.2,425916,54134.77,59143, 257432, 60.44,0.44
MARUTI, EQ, 24-Oct-2024,11956.2,11998.95,11998.95,11636.9,11789.0,11763.7,11762.76,552495,64988.64,101531, 313992, 56.83,-1.61
MARUTI, EQ, 24-Nov-2020,6987.75,7050.0,7209.0,7050.0, 7139.50,7158.4,7162.39,1910670,136849.66,150270, 634221, 33.19,2.44
MARUTI, EQ, 24-Nov-2021,7854.0,7865.5,7897.95,7636.6, 7636.60,7669.45,7717.48,571078,44072.83,73284, 258529, 45.27,-2.35
MARUTI, EQ, 24-Nov-2022,8934.5,8968.9,8994.9,8921.0, 8992.95,8967.1,8951.88,455343,40761.76,47457, 243207, 53.41,0.36
MARUTI, EQ, 24-Nov-2023,10488.5,10505.95,10566.5,10462.0, 10481.00,10515.65,10514.92,380306,39988.88,50988, 228085, 59.97,0.26
MARUTI, EQ, 24-Dec-2020,7449.95,7507.25,7532.75,7414.2, 7449.00,7446.05,7463.58,589281,43981.47,50741, 112711, 19.13,-0.05
MARUTI, EQ, 24-Dec-2021,7387.15,7441.0,7449.85,7252.15, 7287.95,7317.1,7335.79,357447,26221.57,39510, 62060, 17.36,-0.95
MARUTI, EQ, 24-Dec-2024,10822.0,10822.0,10887.45,10725.0,10745.05,10736.6,10791.53,151149,16311.29,29801, 63572, 42.06,-0.79
MARUTI, EQ, 25-Jan-2021,8048.85,8117.0,8164.7,7950.1, 8009.10,7981.5,8070.49,753043,60774.27,71327, 155311, 20.62,-0.84
MARUTI, EQ, 25-Jan-2022,8052.3,7990.0,8664.0,7887.9,8650.1,8602.6,8358.73,2162832,180785.39,229372, 712872, 32.96,6.83
MARUTI, EQ, 25-Jan-2023,8698.8,8747.9,8833.0,8680.3, 8770.00,8784.1,8773.29,1131883,99303.38,128225, 440449, 38.91,0.98
MARUTI, EQ, 25-Jan-2024,9988.2,9988.2,9999.8,9816.55, 9879.75,9881.0,9888.25,718817,71078.41,107441, 524979, 73.03,-1.07
MARUTI, EQ, 25-Feb-2020,6470.4,6505.4,6510.0,6376.55, 6411.25,6414.55,6447.27,964897,62209.56,120005, 349731, 36.25,-0.86
MARUTI, EQ, 25-Feb-2021,6952.95,7065.0,7069.0,6915.0, 6926.05,6930.35,6955.9,1740066,121037.32,135168, 904726, 51.99,-0.33
MARUTI, EQ, 25-Feb-2022,8210.15,8260.0,8466.0,8209.55,8355.4,8356.1,8333.04,1344343,112024.66,129963, 620734, 46.17,1.78
MARUTI, EQ, 25-Feb-2025,12345.2,12388.75,12507.4,12350.0,12448.65,12476.35,12448.06,363355,45230.65,75766, 176554, 48.59,1.06
MARUTI, EQ, 25-Mar-2020,4486.45,4439.0,5159.4,4310.1, 4960.00,5005.95,4785.8,1728820,82737.87,172520, 691280, 39.99,11.58
MARUTI, EQ, 25-Mar-2021,7066.2,7050.0,7059.0,6755.25,6792.0,6786.85,6842.51,1338767,91605.24,181801, 511237, 38.19,-3.95
MARUTI, EQ, 25-Mar-2022,7556.95,7515.0,7542.3,7385.0,7429.0,7415.45,7435.39,686637,51054.15,78438, 190539, 27.75,-1.87
MARUTI, EQ, 25-Mar-2025,11922.25,11951.4,12075.25,11800.0,11824.9,11868.9,11930.03,514283,61354.11,72904, 304069, 59.12,-0.45
MARUTI, EQ, 25-Apr-2022,7904.5,7810.0,7998.0,7810.0,7901.0,7912.35,7939.42,701521,55696.68,83026, 206932, 29.50,0.1
MARUTI, EQ, 25-Apr-2023,8466.15,8510.0,8525.0,8420.0,8489.0,8468.9,8454.48,906406,76631.89,54492, 728351, 80.36,0.03
MARUTI, EQ, 25-Apr-2024,12944.05,12964.0,12980.7,12740.35, 12906.85,12922.5,12864.09,640725,82423.46,109507, 271137, 42.32,-0.17
MARUTI, EQ, 25-Apr-2025,11894.0,11902.0,12046.0,11598.0,11650.0,11698.0,11767.59,906266,106645.7,130970, 421477, 46.51,-1.65
MARUTI, EQ, 25-May-2021,6871.6,6939.95,6948.0,6888.0, 6910.00,6911.8,6915.45,438736,30340.59,46895, 153247, 34.93,0.59
MARUTI, EQ, 25-May-2022,7802.65,7840.0,7859.5,7696.05, 7782.10,7787.25,7756.97,454335,35242.65,48202, 169543, 37.32,-0.2
MARUTI, EQ, 25-May-2023,9270.75,9220.75,9293.4,9216.05, 9282.05,9281.85,9262.5,218979,20282.93,28075, 103546, 47.29,0.12
MARUTI, EQ, 25-Jun-2020,5755.35,5677.0,5846.8,5651.0, 5756.00,5762.3,5778.04,1266213,73162.3,101597, 233593, 18.45,0.12
MARUTI, EQ, 25-Jun-2021,7527.45,7540.0,7665.0,7540.0, 7623.00,7649.0,7627.1,1216123,92754.93,114428, 707447, 58.17,1.61
MARUTI, EQ, 25-Jun-2024,12183.4,12201.4,12237.8,12072.05,12125.0,12116.6,12139.33,594272,72140.62,73270, 410569, 69.09,-0.55
MARUTI, EQ, 25-Jul-2022,8830.95,8828.5,8858.6,8490.0, 8610.00,8621.6,8649.55,623462,53926.66,75752, 293410, 47.06,-2.37
MARUTI, EQ, 25-Jul-2023,9694.8,9624.0,9774.95,9616.8, 9760.00,9758.6,9718.0,240998,23420.18,37586, 89343, 37.07,0.66
MARUTI, EQ, 25-Jul-2024,12487.25,12388.05,12525.0,12388.05,12490.0,12509.2,12464.52,396789,49457.83,51259, 225328, 56.79,0.18
MARUTI, EQ, 25-Aug-2020,7082.5,7100.0,7175.7,7075.65, 7111.00,7109.95,7130.69,1047628,74703.1,81427, 203871, 19.46,0.39
MARUTI, EQ, 25-Aug-2021,6803.2,6838.0,6838.0,6700.0, 6714.00,6711.45,6753.74,722194,48775.13,79601, 436133, 60.39,-1.35
MARUTI, EQ, 25-Aug-2022,8704.0,8721.0,8835.0,8680.0,8737.0,8735.9,8768.89,525721,46099.9,52586, 271760, 51.69,0.37
MARUTI, EQ, 25-Aug-2023,9573.7,9554.0,9624.75,9485.0, 9513.70,9505.7,9558.47,346449,33115.21,41180, 193128, 55.75,-0.71
MARUTI, EQ, 25-Sep-2020,6297.7,6395.0,6518.55,6331.0, 6488.00,6497.7,6433.34,1316469,84692.89,110741, 354475, 26.93,3.18
MARUTI, EQ, 25-Sep-2023,10535.15,10535.15,10720.0,10530.0, 10588.20,10588.2,10641.67,756801,80536.25,73046, 424141, 56.04,0.5
MARUTI, EQ, 25-Sep-2024,12738.6,12727.25,12816.2,12611.0,12774.75,12785.3,12725.35,341172,43415.32,47231, 176364, 51.69,0.37
MARUTI, EQ, 25-Oct-2021,7408.9,7355.0,7396.05,7219.65, 7256.00,7260.6,7285.22,248058,18071.57,39214, 76016, 30.64,-2.0
MARUTI, EQ, 25-Oct-2022,8765.45,8820.0,9017.0,8797.4,9010.1,9005.0,8944.3,727441,65064.51,90435, 389605, 53.56,2.73
MARUTI, EQ, 25-Oct-2023,10553.65,10520.0,10647.45,10501.6,10620.0,10588.85,10586.22,401105,42461.86,66487, 225465, 56.21,0.33
MARUTI, EQ, 25-Oct-2024,11763.7,11763.6,11794.3,11440.0,11490.0,11502.85,11523.43,624582,71973.28,115797, 355332, 56.89,-2.22
MARUTI, EQ, 25-Nov-2020,7158.4,7250.0,7252.35,7017.0, 7057.00,7055.7,7142.88,947742,67696.1,87048, 272695, 28.77,-1.43
MARUTI, EQ, 25-Nov-2021,7669.45,7640.0,7719.4,7435.0,7571.0,7572.5,7531.22,1007618,75885.88,61483, 650123, 64.52,-1.26
MARUTI, EQ, 25-Nov-2022,8967.1,9000.0,9080.0,8947.5,9025.0,9019.5,9030.58,545439,49256.3,55058, 270189, 49.54,0.58
MARUTI, EQ, 25-Nov-2024,11063.6,11202.0,11247.95,10990.05,11003.2,11025.15,11081.45,635726,70447.65,75150, 427294, 67.21,-0.35
MARUTI, EQ, 26-Feb-2020,6414.55,6350.0,6368.85,6186.05, 6260.00,6234.85,6285.0,1580738,99349.32,116894, 784034, 49.60,-2.8
MARUTI, EQ, 26-Feb-2021,6930.35,6900.0,7075.0,6822.2,6851.0,6866.15,6937.04,2687534,186435.37,260516, 911816, 33.93,-0.93
MARUTI, EQ, 26-Feb-2024,11535.6,11505.0,11533.95,11416.45, 11473.05,11467.0,11481.35,277700,31883.7,45051, 163163, 58.76,-0.59
MARUTI, EQ, 26-Mar-2020,5005.95,5024.45,5120.0,4750.0, 4950.00,4878.0,4926.22,1338798,65952.07,162802, 389493, 29.09,-2.56
MARUTI, EQ, 26-Mar-2021,6786.85,6889.0,6898.95,6771.0,6789.0,6784.45,6808.28,911299,62043.83,108503, 396139, 43.47,-0.04
MARUTI, EQ, 26-Mar-2024,12337.7,12285.55,12321.9,12141.2,12285.7,12250.55,12246.13,507568,62157.43,83198, 275104, 54.20,-0.71
MARUTI, EQ, 26-Mar-2025,11868.9,11807.0,11868.9,11710.0,11745.0,11734.3,11773.65,478517,56338.93,89350, 313675, 65.55,-1.13
MARUTI, EQ, 26-Apr-2021,6676.1,6690.2,6789.0,6600.0, 6645.00,6638.9,6678.34,937344,62599.03,74474, 464999, 49.61,-0.56
MARUTI, EQ, 26-Apr-2022,7912.35,8000.0,8067.5,7830.0, 7888.00,7906.75,7941.16,801963,63685.19,85041, 297027, 37.04,-0.07
MARUTI, EQ, 26-Apr-2023,8468.9,8527.0,8550.0,8434.9, 8485.00,8506.9,8495.98,959058,81481.33,83340, 431139, 44.95,0.45
MARUTI, EQ, 26-Apr-2024,12922.5,12922.0,13045.0,12660.0, 12760.00,12703.35,12806.25,704626,90236.18,122451, 295984, 42.01,-1.7
MARUTI, EQ, 26-May-2020,5134.3,5200.0,5285.8,5160.65, 5275.05,5246.15,5213.11,1508804,78655.6,143430, 292660, 19.40,2.18
MARUTI, EQ, 26-May-2021,6911.8,6926.0,7051.0,6912.0, 7024.00,7034.3,6996.06,691574,48382.91,68086, 279281, 40.38,1.77
MARUTI, EQ, 26-May-2022,7787.25,7800.0,7839.95,7620.0,7816.0,7805.0,7739.64,476799,36902.51,62657, 114559, 24.03,0.23
MARUTI, EQ, 26-May-2023,9281.85,9333.0,9415.0,9311.25,9400.0,9399.95,9385.38,346760,32544.74,49140, 195446, 56.36,1.27
MARUTI, EQ, 26-Jun-2020,5762.3,5800.0,5810.0,5695.0, 5745.00,5754.9,5736.35,1063059,60980.75,98170, 161019, 15.15,-0.13
MARUTI, EQ, 26-Jun-2023,9327.3,9327.3,9520.0,9300.0, 9470.00,9470.2,9418.77,405168,38161.83,64056, 237246, 58.55,1.53
MARUTI, EQ, 26-Jun-2024,12116.6,12117.0,12323.85,12067.7,12199.8,12198.25,12214.42,447931,54712.18,75918, 257820, 57.56,0.67
MARUTI, EQ, 26-Jul-2021,7293.85,7307.0,7360.0,7180.0,7236.0,7235.8,7241.33,431758,31265.01,60183, 207254, 48.00,-0.8
MARUTI, EQ, 26-Jul-2022,8621.6,8622.0,8625.4,8471.35,8510.0,8525.85,8552.39,429454,36728.59,59921, 210015, 48.90,-1.11
MARUTI, EQ, 26-Jul-2023,9758.6,9761.5,9810.0,9725.25, 9747.00,9756.35,9765.42,209861,20493.8,34665, 107319, 51.14,-0.02
MARUTI, EQ, 26-Jul-2024,12509.2,12470.0,12743.1,12389.2, 12670.00,12663.7,12601.17,537693,67755.63,85479, 282768, 52.59,1.24
MARUTI, EQ, 26-Aug-2020,7109.95,7110.0,7158.0,6972.0, 7017.05,7008.65,7059.2,992395,70055.15,91608, 327710, 33.02,-1.42
MARUTI, EQ, 26-Aug-2021,6711.45,6700.0,6701.35,6591.0, 6609.95,6608.6,6625.81,1199429,79471.88,93067, 796214, 66.38,-1.53
MARUTI, EQ, 26-Aug-2022,8735.9,8800.0,8832.75,8706.2,8728.0,8720.6,8760.09,398063,34870.68,59105, 206252, 51.81,-0.18
MARUTI, EQ, 26-Aug-2024,12302.3,12325.0,12334.5,12222.0,12250.05,12243.8,12278.48,232805,28584.91,41863, 130317, 55.98,-0.48
MARUTI, EQ, 26-Sep-2022,9343.45,9270.3,9270.3,8800.0,8801.0,8834.95,8956.04,865432,77508.44,98224, 455639, 52.65,-5.44
MARUTI, EQ, 26-Sep-2023,10588.2,10631.9,10633.95,10526.55, 10570.00,10556.65,10557.15,452503,47771.4,60903, 303146, 66.99,-0.3
MARUTI, EQ, 26-Sep-2024,12785.3,12835.0,13411.0,12830.0,13358.65,13383.8,13239.08,1471069,194756.07,184004, 466626, 31.72,4.68
MARUTI, EQ, 26-Oct-2020,7103.25,7100.0,7161.3,6935.05,7056.5,7054.8,7056.34,1559361,110033.87,133834, 367279, 23.55,-0.68
MARUTI, EQ, 26-Oct-2021,7260.6,7265.0,7337.95,7210.2, 7294.00,7297.35,7275.61,292203,21259.56,35450, 132268, 45.27,0.51
MARUTI, EQ, 26-Oct-2023,10588.85,10539.0,10594.0,10392.5, 10411.00,10424.15,10461.87,506129,52950.57,100714, 290069, 57.31,-1.56
MARUTI, EQ, 26-Nov-2020,7055.7,7080.0,7098.0,6903.0, 7004.00,6994.25,6961.2,1068945,74411.42,97102, 283794, 26.55,-0.87
MARUTI, EQ, 26-Nov-2021,7572.5,7520.0,7520.0,7130.0, 7150.00,7170.5,7280.55,1154876,84081.29,126991, 560500, 48.53,-5.31
MARUTI, EQ, 26-Nov-2024,11025.15,11025.15,11077.95,10891.45,10936.0,10943.95,10971.86,406586,44610.03,71327, 237748, 58.47,-0.74
MARUTI, EQ, 26-Dec-2022,8141.6,8147.0,8346.0,8076.05,8258.9,8256.8,8222.45,315102,25909.11,48585, 136800, 43.41,1.41
MARUTI, EQ, 26-Dec-2023,10217.15,10270.0,10281.2,10114.7, 10277.00,10270.65,10222.88,395273,40408.27,52448, 196875, 49.81,0.52
MARUTI, EQ, 26-Dec-2024,10736.6,10770.5,10974.8,10770.0,10911.8,10896.0,10902.71,349811,38138.89,54811, 154007, 44.03,1.48
MARUTI, EQ, 27-Jan-2020,7128.45,7101.5,7225.0,7061.0, 7125.00,7148.8,7163.25,573149,41056.11,47664, 127650, 22.27,0.29
MARUTI, EQ, 27-Jan-2021,7981.5,7992.95,8090.0,7820.5, 7861.45,7870.9,7972.54,1080785,86165.97,116041, 234241, 21.67,-1.39
MARUTI, EQ, 27-Jan-2022,8602.6,8656.0,8971.65,8400.05, 8801.00,8820.2,8669.56,2899559,251378.95,272736, 1031182, 35.56,2.53
MARUTI, EQ, 27-Jan-2023,8784.1,8828.45,8889.0,8620.1, 8754.00,8737.5,8730.17,743546,64912.85,95748, 359517, 48.35,-0.53
MARUTI, EQ, 27-Jan-2025,11967.9,11901.9,12046.9,11811.05,11990.0,11993.85,11984.4,251783,30174.69,64019, 135670, 53.88,0.22
MARUTI, EQ, 27-Feb-2020,6234.85,6230.0,6338.05,6166.8, 6291.00,6289.8,6259.71,1492657,93435.94,143056, 625297, 41.89,0.88
MARUTI, EQ, 27-Feb-2023,8660.5,8630.0,8643.05,8530.0, 8640.25,8632.2,8599.97,220225,18939.29,39742, 86177, 39.13,-0.33
MARUTI, EQ, 27-Feb-2024,11467.0,11415.0,11562.9,11384.25, 11456.15,11500.65,11475.98,307585,35298.4,49386, 172800, 56.18,0.29
MARUTI, EQ, 27-Feb-2025,12476.35,12531.7,12550.0,12312.0,12322.0,12380.6,12386.76,236805,29332.48,58991, 138012, 58.28,-0.77
MARUTI, EQ, 27-Mar-2020,4878.0,5100.0,5136.5,4555.0, 4655.00,4646.1,4753.66,1339446,63672.69,173761, 386250, 28.84,-4.75
MARUTI, EQ, 27-Mar-2023,8242.9,8250.0,8316.8,8229.55, 8315.00,8278.35,8269.77,364326,30128.93,69650, 239720, 65.80,0.43
MARUTI, EQ, 27-Mar-2024,12250.55,12290.0,12722.7,12285.7, 12560.00,12510.35,12558.32,878986,110385.84,131094, 374449, 42.60,2.12
MARUTI, EQ, 27-Mar-2025,11734.3,11773.15,11898.0,11638.0,11700.0,11721.95,11738.73,645787,75807.16,109418, 408639, 63.28,-0.11
MARUTI, EQ, 27-Apr-2020,5045.65,5150.1,5225.0,4991.55, 5056.40,5056.35,5126.94,1432342,73435.31,114838, 306046, 21.37,0.21
MARUTI, EQ, 27-Apr-2021,6638.9,6669.95,6709.0,6542.0,6552.0,6568.75,6620.68,1610651,106635.98,130986, 588617, 36.55,-1.06
MARUTI, EQ, 27-Apr-2022,7906.75,7851.0,7865.0,7720.0,7770.0,7788.4,7792.56,570519,44458.01,59020, 236803, 41.51,-1.5
MARUTI, EQ, 27-Apr-2023,8506.9,8570.0,8570.0,8471.25, 8555.00,8542.95,8512.61,536521,45671.95,53914, 327229, 60.99,0.42
MARUTI, EQ, 27-May-2020,5246.15,5270.0,5291.0,5135.4,5220.0,5244.4,5215.6,1534657,80041.6,122984, 147583, 9.62,-0.03
MARUTI, EQ, 27-May-2021,7034.3,7022.0,7069.0,6951.15, 6968.00,6968.9,6996.16,922091,64510.98,76583, 508186, 55.11,-0.93
MARUTI, EQ, 27-May-2022,7805.0,7925.0,7965.9,7833.0, 7935.00,7942.95,7909.07,431411,34120.59,53387, 115636, 26.80,1.77
MARUTI, EQ, 27-May-2024,13000.45,13023.45,13058.5,12777.0,12900.0,12906.1,12892.64,464953,59944.72,63002, 268695, 57.79,-0.73
MARUTI, EQ, 27-Jun-2022,8363.2,8444.0,8546.7,8391.25,8425.0,8448.75,8479.39,921090,78102.84,84768, 347144, 37.69,1.02
MARUTI, EQ, 27-Jun-2023,9470.2,9490.0,9500.0,9395.05, 9440.00,9461.0,9445.46,339375,32055.53,55284, 233511, 68.81,-0.1
MARUTI, EQ, 27-Jun-2024,12198.25,12200.0,12227.3,12010.0,12185.0,12178.75,12117.5,1230852,149148.46,217341, 756423, 61.46,-0.16
MARUTI, EQ, 27-Jul-2020,6000.7,6008.0,6062.85,5928.05,6056.0,6043.3,6001.19,902597,54166.57,79430, 144621, 16.02,0.71
MARUTI, EQ, 27-Jul-2021,7235.8,7241.3,7320.0,7160.85, 7243.30,7240.25,7242.97,417171,30215.59,49284, 192839, 46.23,0.06
MARUTI, EQ, 27-Jul-2022,8525.85,8555.55,8707.45,8460.0,8650.0,8658.1,8574.49,1298855,111370.22,119869, 370204, 28.50,1.55
MARUTI, EQ, 27-Jul-2023,9756.35,9770.0,9827.15,9691.65, 9751.00,9753.6,9754.92,256672,25038.15,44498, 133379, 51.96,-0.03
MARUTI, EQ, 27-Aug-2020,7008.65,7043.0,7127.7,6960.8,7114.5,7098.0,7025.05,1158982,81419.06,86504, 457423, 39.47,1.27
MARUTI, EQ, 27-Aug-2021,6608.6,6629.75,6694.6,6600.0, 6628.40,6624.85,6629.08,1428388,94688.98,76154, 998109, 69.88,0.25
MARUTI, EQ, 27-Aug-2024,12243.8,12245.0,12530.0,12225.1,12478.0,12496.9,12419.15,477609,59315.0,60523, 207442, 43.43,2.07
MARUTI, EQ, 27-Sep-2021,6952.25,6974.0,7448.0,6974.0, 7400.00,7403.45,7279.9,2646138,192636.08,252643, 938516, 35.47,6.49
MARUTI, EQ, 27-Sep-2022,8834.95,8890.0,8908.95,8670.5,8777.0,8774.05,8773.53,686285,60211.42,89908, 255491, 37.23,-0.69
MARUTI, EQ, 27-Sep-2023,10556.65,10550.0,10706.0,10525.0, 10690.00,10680.75,10603.31,458359,48601.22,62792, 280572, 61.21,1.18
MARUTI, EQ, 27-Sep-2024,13383.8,13383.0,13541.65,13274.45,13456.6,13495.6,13460.91,865698,116530.87,112769, 481296, 55.60,0.84
MARUTI, EQ, 27-Oct-2020,7054.8,7067.0,7209.75,7053.0, 7148.00,7158.4,7139.86,1461819,104371.83,167498, 541628, 37.05,1.47
MARUTI, EQ, 27-Oct-2021,7297.35,7285.0,7461.25,7244.0, 7350.00,7356.25,7353.54,1218064,89570.84,126817, 276867, 22.73,0.81
MARUTI, EQ, 27-Oct-2022,9005.0,9050.0,9076.95,8902.0,9070.0,9041.95,9006.59,849108,76475.72,105315, 521220, 61.38,0.41
MARUTI, EQ, 27-Oct-2023,10424.15,10440.05,10845.0,10440.0,10535.0,10560.7,10665.75,1116713,119105.77,135498, 486228, 43.54,1.31
MARUTI, EQ, 27-Nov-2020,6994.25,7040.3,7111.0,6930.0,6985.0,7035.8,7048.97,2123905,149713.38,108503, 1184902, 55.79,0.59
MARUTI, EQ, 27-Nov-2024,10943.95,10936.0,11116.9,10870.0,11070.0,11058.35,11035.07,343332,37886.92,58479, 179761, 52.36,1.05
MARUTI, EQ, 27-Dec-2021,7317.1,7277.1,7330.0,7186.2, 7280.00,7289.5,7279.08,190180,13843.36,24395, 31301, 16.46,-0.38
MARUTI, EQ, 27-Dec-2022,8256.8,8298.95,8315.0,8230.8,8315.0,8305.45,8279.05,423308,35045.9,39069, 266050, 62.85,0.59
MARUTI, EQ, 27-Dec-2023,10270.65,10286.0,10305.35,10230.0, 10280.05,10288.5,10266.37,397675,40826.8,66502, 267614, 67.29,0.17
MARUTI, EQ, 27-Dec-2024,10896.0,10929.5,11133.0,10912.6,10957.95,10941.05,11012.72,257973,28409.85,49503, 91694, 35.54,0.41
MARUTI, EQ, 28-Jan-2020,7148.8,7179.95,7219.95,6963.0, 6999.00,6997.05,7076.43,1614448,114245.31,151546, 334719, 20.73,-2.12
MARUTI, EQ, 28-Jan-2021,7870.9,7840.0,7984.55,7562.0, 7600.00,7588.5,7765.46,2085637,161959.27,193839, 374460, 17.95,-3.59
MARUTI, EQ, 28-Jan-2022,8820.2,8795.0,8930.0,8522.35, 8537.15,8550.95,8690.84,1045088,90826.95,124804, 346637, 33.17,-3.05
MARUTI, EQ, 28-Jan-2025,11993.85,12018.35,12164.7,11884.95,12097.0,12123.75,12050.28,533451,64282.35,108020, 325533, 61.02,1.08
MARUTI, EQ, 28-Feb-2020,6289.8,6163.05,6367.35,6103.2, 6294.05,6283.1,6235.61,1468843,91591.34,117164, 580678, 39.53,-0.11
MARUTI, EQ, 28-Feb-2022,8356.1,8300.0,8339.95,8114.1, 8304.90,8314.15,8241.6,961303,79226.73,122221, 497971, 51.80,-0.5
MARUTI, EQ, 28-Feb-2023,8632.2,8650.0,8709.0,8605.3, 8654.00,8624.35,8649.43,370998,32089.22,50494, 209456, 56.46,-0.09
MARUTI, EQ, 28-Feb-2024,11500.65,11471.0,11498.95,11130.0,11160.0,11152.8,11276.73,358812,40462.26,60022, 188173, 52.44,-3.02
MARUTI, EQ, 28-Feb-2025,12380.6,12338.5,12338.5,11811.7,11950.0,11945.85,11948.98,605149,72309.13,105179, 364853, 60.29,-3.51
MARUTI, EQ, 28-Mar-2022,7415.45,7425.0,7539.0,7413.0, 7482.00,7477.35,7470.94,599515,44789.39,59165, 186405, 31.09,0.83
MARUTI, EQ, 28-Mar-2023,8278.35,8305.9,8355.6,8140.0, 8210.00,8208.8,8220.87,360349,29623.82,51063, 192763, 53.49,-0.84
MARUTI, EQ, 28-Mar-2024,12510.35,12569.95,12726.8,12385.5,12607.0,12600.35,12581.5,860324,108241.66,140600, 391816, 45.54,0.72
MARUTI, EQ, 28-Mar-2025,11721.95,11699.05,11745.95,11400.1,11490.15,11522.15,11551.51,541795,62585.49,124522, 360361, 66.51,-1.7
MARUTI, EQ, 28-Apr-2020,5056.35,5090.0,5120.0,4990.25, 5050.10,5052.7,5039.02,1172062,59060.43,104156, 348077, 29.70,-0.07
MARUTI, EQ, 28-Apr-2021,6568.75,6568.75,6650.0,6545.0, 6581.00,6573.8,6598.62,1406270,92794.37,117843, 672435, 47.82,0.08
MARUTI, EQ, 28-Apr-2022,7788.4,7844.0,7940.0,7766.7, 7908.70,7888.15,7880.3,561932,44281.9,65937, 194516, 34.62,1.28
MARUTI, EQ, 28-Apr-2023,8542.95,8593.0,8612.45,8535.1, 8606.00,8589.55,8576.85,387567,33241.06,53686, 252718, 65.21,0.55
MARUTI, EQ, 28-May-2020,5244.4,5267.0,5495.0,5220.0,5450.0,5468.35,5402.3,2325387,125624.47,178909, 499214, 21.47,4.27
MARUTI, EQ, 28-May-2021,6968.9,6988.6,7047.0,6940.5,6965.0,6970.0,6978.71,393809,27482.77,39040, 139376, 35.39,0.02
MARUTI, EQ, 28-May-2024,12906.1,12890.0,12985.95,12800.25,12812.0,12818.6,12884.62,333806,43009.62,49739, 194333, 58.22,-0.68
MARUTI, EQ, 28-Jun-2021,7649.0,7698.0,7698.0,7571.4, 7596.00,7596.25,7608.92,433364,32974.32,50498, 163967, 37.84,-0.69
MARUTI, EQ, 28-Jun-2022,8448.75,8415.25,8539.9,8381.05, 8499.00,8489.7,8489.9,691242,58685.76,74571, 247853, 35.86,0.48
MARUTI, EQ, 28-Jun-2024,12178.75,12184.95,12201.5,12004.15,12025.0,12033.85,12102.65,1160395,140438.49,139131, 888402, 76.56,-1.19
MARUTI, EQ, 28-Jul-2020,6043.3,6050.0,6320.35,6031.15,6265.0,6282.8,6206.76,1774866,110161.76,139344, 323590, 18.23,3.96
MARUTI, EQ, 28-Jul-2021,7240.25,7280.0,7312.0,7063.0,7145.0,7165.05,7195.08,739427,53202.39,100898, 255290, 34.53,-1.04
MARUTI, EQ, 28-Jul-2022,8658.1,8700.0,8770.15,8628.8, 8718.80,8721.05,8697.66,725196,63075.06,77344, 330647, 45.59,0.73
MARUTI, EQ, 28-Jul-2023,9753.6,9739.0,9750.0,9546.4, 9660.00,9670.3,9631.72,381151,36711.4,54528, 199110, 52.24,-0.85
MARUTI, EQ, 28-Aug-2020,7098.0,7125.0,7156.0,7028.45, 7106.60,7104.1,7101.6,1019984,72435.17,88135, 167530, 16.42,0.09
MARUTI, EQ, 28-Aug-2023,9505.7,9514.95,9670.0,9510.0, 9600.00,9597.7,9612.36,325938,31330.34,35764, 153048, 46.96,0.97
MARUTI, EQ, 28-Aug-2024,12496.9,12500.0,12519.95,12330.0,12330.0,12357.5,12393.31,313227,38819.19,48109, 165685, 52.90,-1.12
MARUTI, EQ, 28-Sep-2020,6497.7,6579.0,6720.0,6542.3,6711.9,6703.0,6670.16,1099630,73347.06,100545,352259,32.03,3.16
MARUTI, EQ, 28-Sep-2021,7403.45,7448.0,7521.55,7333.5, 7400.00,7423.85,7433.52,1346961,100126.56,157632, 479556, 35.60,0.28
MARUTI, EQ, 28-Sep-2022,8774.05,8720.0,8850.0,8660.05,8702.0,8726.75,8765.21,663740,58178.2,84909, 348208, 52.46,-0.54
MARUTI, EQ, 28-Sep-2023,10680.75,10650.5,10705.0,10532.05, 10575.00,10565.35,10617.43,598144,63507.5,62570, 353654, 59.13,-1.08
MARUTI, EQ, 28-Oct-2020,7158.4,7194.95,7332.0,7110.0, 7173.00,7186.05,7240.73,1645177,119122.84,179960, 492932, 29.96,0.39
MARUTI, EQ, 28-Oct-2021,7356.25,7250.0,7529.7,7235.05, 7365.00,7369.7,7415.34,961511,71299.31,141959, 359014, 37.34,0.18
MARUTI, EQ, 28-Oct-2022,9041.95,9095.0,9549.95,9051.0,9548.0,9492.55,9303.69,1873029,174260.86,183797, 407777, 21.77,4.98
MARUTI, EQ, 28-Oct-2024,11502.85,11504.8,11632.65,11440.0,11480.0,11483.25,11516.32,613830,70690.64,65806, 413208, 67.32,-0.17
MARUTI, EQ, 28-Nov-2022,9019.5,9028.0,9104.1,8950.0, 8968.00,8985.4,9032.4,439956,39738.6,46475, 249082, 56.62,-0.38
MARUTI, EQ, 28-Nov-2023,10515.65,10539.95,10556.4,10506.0, 10535.00,10537.55,10531.85,268026,28228.09,57657, 175794, 65.59,0.21
MARUTI, EQ, 28-Nov-2024,11058.35,11060.4,11080.6,10888.0,10980.0,10949.85,10963.95,607669,66624.53,95499, 373280, 61.43,-0.98
MARUTI, EQ, 28-Dec-2020,7446.05,7465.0,7543.0,7454.0,7484.0,7483.0,7492.13,521320,39057.98,52080, 108261, 20.77,0.5
MARUTI, EQ, 28-Dec-2021,7289.5,7320.0,7359.0,7255.1,7305.0,7297.45,7307.2,214533,15676.36,25835, 61553, 28.69,0.11
MARUTI, EQ, 28-Dec-2022,8305.45,8315.0,8453.5,8287.6, 8415.00,8421.05,8405.36,538632,45273.95,58185, 231413, 42.96,1.39
MARUTI, EQ, 28-Dec-2023,10288.5,10310.95,10310.95,10187.0, 10283.00,10271.6,10253.57,584234,59904.83,170259, 395572, 67.71,-0.16
MARUTI, EQ, 29-Jan-2020,6997.05,7010.0,7116.25,6975.0, 7022.00,7010.3,7043.38,1001252,70522.01,116694, 314006, 31.36,0.19
MARUTI, EQ, 29-Jan-2021,7588.5,7685.0,7685.0,7170.0, 7222.00,7206.65,7377.31,3069968,226480.91,281099, 1065452, 34.71,-5.03
MARUTI, EQ, 29-Jan-2024,9881.0,9931.15,10035.0,9875.05, 9990.00,9991.4,9992.75,446516,44619.23,75414, 298669, 66.89,1.12
MARUTI, EQ, 29-Jan-2025,12123.75,12120.0,12320.7,11885.05,11953.0,11977.9,12120.54,817549,99091.38,150723, 299019, 36.58,-1.2
MARUTI, EQ, 29-Feb-2024,11152.8,11155.0,11349.0,11129.5, 11300.00,11288.35,11278.93,943841,106455.17,87508, 653512, 69.24,1.22
MARUTI, EQ, 29-Mar-2022,7477.35,7535.0,7563.1,7401.0, 7462.00,7439.15,7492.26,446257,33434.73,53410, 113360, 25.40,-0.51
MARUTI, EQ, 29-Mar-2023,8208.8,8249.85,8319.1,8187.5, 8275.00,8295.3,8243.35,339851,28015.1,50433, 193618, 56.97,1.05
MARUTI, EQ, 29-Apr-2020,5052.7,5100.0,5100.0,5011.05,5055.0,5068.45,5059.57,1038100,52523.41,85789, 273732, 26.37,0.31
MARUTI, EQ, 29-Apr-2021,6573.8,6635.0,6647.45,6552.0, 6562.00,6565.65,6580.77,757075,49821.35,64393, 352987, 46.63,-0.12
MARUTI, EQ, 29-Apr-2022,7888.15,7918.0,7946.5,7626.0,7681.0,7717.8,7823.78,1162749,90970.96,112350, 325903, 28.03,-2.16
MARUTI, EQ, 29-Apr-2024,12703.35,12800.05,12994.8,12603.0, 12698.05,12689.85,12727.29,613937,78137.56,97692, 229079, 37.31,-0.11
MARUTI, EQ, 29-May-2020,5468.35,5375.0,5666.75,5375.0, 5581.10,5610.8,5532.37,3386741,187367.18,199610, 1402622, 41.42,2.6
MARUTI, EQ, 29-May-2023,9399.95,9435.0,9488.8,9312.05, 9334.00,9333.5,9369.96,236834,22191.26,29993, 118304, 49.95,-0.71
MARUTI, EQ, 29-May-2024,12818.6,12818.0,12850.05,12750.0,12780.0,12788.65,12794.43,353706,45254.68,48645, 221848, 62.72,-0.23
MARUTI, EQ, 29-Jun-2020,5754.9,5730.0,5800.0,5650.0, 5701.00,5678.7,5702.69,1102655,62881.01,93831, 225779, 20.48,-1.32
MARUTI, EQ, 29-Jun-2021,7596.25,7596.0,7601.0,7452.55, 7503.00,7487.5,7502.99,480219,36030.79,52711, 205273, 42.75,-1.43
MARUTI, EQ, 29-Jun-2022,8489.7,8389.95,8530.0,8370.0, 8492.00,8508.9,8480.48,655413,55582.17,67908, 218140, 33.28,0.23
MARUTI, EQ, 28-Jun-2023,9461.0,9475.45,9575.0,9432.55, 9544.90,9540.65,9527.27,482586,45977.29,74441, 348796, 72.28,0.84
MARUTI, EQ, 29-Jul-2020,6282.8,6269.95,6295.0,6118.95, 6192.00,6185.15,6196.86,2057207,127482.14,154097, 470601, 22.88,-1.55
MARUTI, EQ, 29-Jul-2021,7165.05,7130.0,7130.0,6936.0,6999.0,6993.5,7011.57,1519226,106521.66,152249, 700971, 46.14,-2.39
MARUTI, EQ, 29-Jul-2022,8721.05,8764.7,8943.0,8730.0,8766.0,8773.55,8815.93,821432,72416.91,88258, 387229, 47.14,0.6
MARUTI, EQ, 29-Jul-2024,12663.7,12709.0,12773.7,12603.0,12755.0,12751.55,12721.15,388263,49391.52,61322, 225391, 58.05,0.69
MARUTI, EQ, 29-Aug-2022,8720.6,8602.6,8859.9,8590.0, 8835.00,8834.2,8778.41,459057,40297.92,54577, 167414, 36.47,1.3
MARUTI, EQ, 29-Aug-2023,9597.7,9600.0,9684.75,9506.0, 9634.95,9621.25,9620.76,317224,30519.37,34317, 146749, 46.26,0.25
MARUTI, EQ, 29-Aug-2024,12357.5,12343.0,12480.0,12250.0,12450.0,12453.8,12346.29,608598,75139.25,77935, 382443, 62.84,0.78
MARUTI, EQ, 29-Sep-2020,6703.0,6749.0,6813.3,6671.0,6739.0,6742.75,6745.04,1199391,80899.42,93606, 314859, 26.25,0.59
MARUTI, EQ, 29-Sep-2021,7423.85,7390.5,7465.0,7291.0, 7382.00,7384.05,7372.24,643556,47444.52,81531, 245736, 38.18,-0.54
MARUTI, EQ, 29-Sep-2022,8726.75,8770.4,8800.0,8604.1,8660.0,8624.85,8680.27,817007,70918.4,110082, 473382, 57.94,-1.17
MARUTI, EQ, 29-Sep-2023,10565.35,10541.0,10705.5,10510.55, 10586.70,10610.6,10627.03,481725,51193.08,53397, 176437, 36.63,0.43
MARUTI, EQ, 29-Oct-2020,7186.05,7114.0,7199.0,6986.7,7084.0,7117.7,7092.42,1434853,101765.82,135003, 271487, 18.92,-0.95
MARUTI, EQ, 29-Oct-2021,7369.7,7350.0,7550.0,7294.85, 7456.05,7482.4,7484.02,819875,61359.59,88409, 440283, 53.70,1.53
MARUTI, EQ, 29-Oct-2024,11483.25,11450.0,11483.0,10742.45,11005.0,11046.0,11035.75,2268683,250366.12,257624, 1061152, 46.77,-3.81
MARUTI, EQ, 29-Nov-2021,7170.5,7166.0,7210.0,6990.7, 7137.50,7149.5,7134.95,733010,52299.88,82351, 343132, 46.81,-0.29
MARUTI, EQ, 29-Nov-2022,8985.4,8985.0,9024.75,8888.0,8915.0,8910.2,8949.33,606692,54294.87,100476, 329068, 54.24,-0.84
MARUTI, EQ, 29-Nov-2023,10537.55,10570.0,10634.55,10525.7, 10580.00,10599.25,10566.92,343341,36280.56,51944, 207587, 60.46,0.59
MARUTI, EQ, 29-Nov-2024,10949.85,10949.95,11130.1,10920.0,11081.15,11074.2,11053.4,338207,37383.38,65947, 178374, 52.74,1.14
MARUTI, EQ, 29-Dec-2020,7483.0,7520.0,7545.0,7418.3,7447.5,7452.35,7469.74,538719,40240.91,50326, 143100, 26.56,-0.41
MARUTI, EQ, 29-Dec-2021,7297.45,7297.7,7365.0,7240.45, 7350.00,7350.05,7318.86,287776,21061.93,26514, 100564, 34.95,0.72
MARUTI, EQ, 29-Dec-2022,8421.05,8370.0,8449.0,8333.0, 8444.00,8435.8,8389.01,452134,37929.58,51057, 278542, 61.61,0.18
MARUTI, EQ, 29-Dec-2023,10271.6,10280.45,10396.65,10273.0, 10301.85,10302.35,10326.68,705227,72826.51,112561, 464796, 65.91,0.3
MARUTI, EQ, 30-Jan-2020,7010.3,7020.0,7049.0,6981.0, 7020.00,7020.45,7014.3,579174,40624.97,48242, 158571, 27.38,0.14
MARUTI, EQ, 30-Jan-2023,8737.5,8779.0,8865.0,8718.0, 8825.00,8817.0,8798.64,1036998,91241.75,118767, 764191, 73.69,0.91
MARUTI, EQ, 30-Jan-2024,9991.4,10010.85,10033.5,9931.5, 9950.00,9951.65,9984.28,399869,39924.03,70659, 227767, 56.96,-0.4
MARUTI, EQ, 30-Jan-2025,11977.9,12021.0,12110.85,11923.1,12005.0,12000.0,12007.85,418442,50245.9,68845, 179797, 42.97,0.18
MARUTI, EQ, 30-Mar-2020,4646.1,4587.45,4639.95,4270.0, 4360.00,4328.45,4423.18,1528083,67589.83,157181, 627863, 41.09,-6.84
MARUTI, EQ, 30-Mar-2021,6784.45,6811.0,6875.0,6740.0,6854.45,6851.8,6805.37,1088917,74104.85,105581, 518822, 47.65,0.99
MARUTI, EQ, 30-Mar-2022,7439.15,7521.0,7629.95,7490.0, 7587.80,7598.6,7587.36,589206,44705.18,66368, 180901, 30.70,2.14
MARUTI, EQ, 30-Apr-2020,5068.45,5122.0,5425.0,5122.0,5343.0,5358.8,5331.09,2341400,124822.15,239910, 685598, 29.28,5.73
MARUTI, EQ, 30-Apr-2021,6565.65,6537.1,6559.6,6421.0,6438.35,6455.65,6500.51,849997,55254.18,95248, 382594, 45.01,-1.68
MARUTI, EQ, 30-Apr-2024,12689.85,12786.0,12996.0,12740.2, 12800.00,12817.5,12868.49,528776,68045.48,82164, 238097, 45.03,1.01
MARUTI, EQ, 30-May-2022,7942.95,7980.2,8060.0,7951.0, 8008.00,8013.9,8018.9,389517,31234.96,53232, 115223, 29.58,0.89
MARUTI, EQ, 30-May-2023,9333.5,9380.0,9402.9,9300.0, 9400.00,9383.35,9367.82,372004,34848.66,44620, 261349, 70.25,0.53
MARUTI, EQ, 30-May-2024,12788.65,12721.0,12810.0,12550.0,12570.0,12598.0,12642.41,524559,66316.9,80385, 325306, 62.02,-1.49
MARUTI, EQ, 30-Jun-2020,5678.7,5750.0,5874.5,5681.45, 5830.00,5838.3,5806.09,2015839,117041.49,140161, 435446, 21.60,2.81
MARUTI, EQ, 30-Jun-2021,7487.5,7505.5,7646.6,7492.6, 7539.90,7515.9,7557.97,729267,55117.76,94722, 332638, 45.61,0.38
MARUTI, EQ, 30-Jun-2022,8508.9,8500.0,8634.6,8435.6,8438.1,8470.75,8550.58,1130302,96647.41,123481, 528488, 46.76,-0.45
MARUTI, EQ, 30-Jun-2023,9540.65,9569.0,9853.5,9541.0, 9779.00,9789.05,9750.92,845006,82395.86,90932, 442936, 52.42,2.6
MARUTI, EQ, 30-Jul-2020,6185.15,6184.05,6393.65,6170.05, 6260.00,6265.4,6318.7,2217867,140140.46,156205, 490512, 22.12,1.3
MARUTI, EQ, 30-Jul-2021,6993.5,7000.0,7095.0,6964.9, 6994.00,6977.7,7019.44,715546,50227.34,81523, 342335, 47.84,-0.23
MARUTI, EQ, 30-Jul-2024,12751.55,12760.0,12968.8,12709.9,12890.0,12873.65,12859.85,526539,67712.13,65332, 248429, 47.18,0.96
MARUTI, EQ, 30-Aug-2021,6624.85,6690.0,6810.0,6653.85, 6802.00,6796.9,6752.74,819447,55335.12,72020, 399510, 48.75,2.6
MARUTI, EQ, 30-Aug-2022,8834.2,8884.8,9164.0,8870.0, 9051.00,9082.25,9067.49,1016312,92154.04,96862, 437441, 43.04,2.81
MARUTI, EQ, 30-Aug-2023,9621.25,9660.0,9817.95,9610.0, 9790.00,9796.4,9729.82,543634,52894.63,50125, 315030, 57.95,1.82
MARUTI, EQ, 30-Aug-2024,12453.8,12460.0,12570.0,12316.2,12461.8,12403.0,12413.42,2271179,281931.06,113338, 1670252, 73.54,-0.41
MARUTI, EQ, 30-Sep-2020,6742.75,6710.0,6779.95,6671.0,6733.0,6743.45,6728.28,812841,54690.19,77755, 165269, 20.33,0.01
MARUTI, EQ, 30-Sep-2021,7384.05,7384.75,7408.05,7301.05, 7320.05,7338.05,7347.22,625717,45972.82,82903, 386633, 61.79,-0.62
MARUTI, EQ, 30-Sep-2022,8624.85,8668.0,8872.0,8558.2, 8836.00,8828.15,8738.9,658982,57587.78,81947, 313919, 47.64,2.36
MARUTI, EQ, 30-Sep-2024,13495.6,13343.55,13500.0,13208.7,13246.7,13238.0,13348.67,415743,55496.16,67884, 210713, 50.68,-1.91
MARUTI, EQ, 30-Oct-2020,7117.7,7079.05,7110.0,6881.0, 6938.00,6965.15,6979.63,1360249,94940.32,104074, 270369, 19.88,-2.14
MARUTI, EQ, 30-Oct-2023,10560.7,10700.0,10700.0,10245.0, 10399.00,10397.7,10427.57,991168,103354.7,131977, 476045, 48.03,-1.54
MARUTI, EQ, 30-Oct-2024,11046.0,10979.0,11520.0,10945.0,11264.7,11256.45,11313.49,1672966,189270.87,217046, 786705, 47.02,1.91
MARUTI, EQ, 30-Nov-2021,7149.5,7149.5,7250.0,7015.55,7055.0,7067.8,7146.03,1287938,92036.38,105865, 769059, 59.71,-1.14
MARUTI, EQ, 30-Nov-2022,8910.2,8924.0,9020.0,8870.0,8990.0,8974.15,8935.52,1087650,97187.17,114796, 728552, 66.98,0.72
MARUTI, EQ, 30-Nov-2023,10599.25,10581.0,10649.0,10546.1, 10625.00,10608.7,10595.76,665660,70531.74,70689, 476437, 71.57,0.09
MARUTI, EQ, 30-Dec-2020,7452.35,7497.0,7635.0,7430.0,7610.0,7612.9,7546.9,1029800,77717.96,81204, 201109, 19.53,2.15
MARUTI, EQ, 30-Dec-2021,7350.05,7350.0,7395.15,7255.4, 7273.00,7282.25,7314.25,296041,21653.19,31764, 123559, 41.74,-0.92
MARUTI, EQ, 30-Dec-2022,8435.8,8470.0,8490.0,8362.25,8413.0,8394.6,8423.45,433976,36555.73,50883, 235384, 54.24,-0.49
MARUTI, EQ, 30-Dec-2024,10941.05,10941.05,10950.0,10750.1,10804.25,10798.95,10841.52,335481,36371.25,53845, 212091, 63.22,-1.3
MARUTI, EQ, 31-Jan-2020,7020.45,7035.0,7064.0,6895.55, 6927.00,6913.5,6966.75,868935,60536.51,87940, 337744, 38.87,-1.52
MARUTI, EQ, 31-Jan-2022,8550.95,8625.0,8720.0,8552.8,8584.95,8597.3,8649.14,561419,48557.93,71011, 193611, 34.49,0.54
MARUTI, EQ, 31-Jan-2023,8817.0,8856.9,8943.85,8830.2,8900.0,8895.3,8897.6,643670,57271.16,86665, 408423, 63.45,0.89
MARUTI, EQ, 31-Jan-2024,9951.65,9959.3,10235.6,9913.0, 10161.05,10186.9,10118.24,997024,100881.26,130672, 487329, 48.88,2.36
MARUTI, EQ, 31-Jan-2025,12000.0,12000.0,12390.0,12000.0,12308.25,12310.65,12267.08,709009,86974.7,106204, 370247, 52.22,2.59
MARUTI, EQ, 31-Mar-2020,4328.45,4450.0,4468.05,4210.0,4288.3,4288.3,4288.74,2140288,91791.36,200296, 1036284, 48.42,-0.93
MARUTI, EQ, 31-Mar-2021,6851.8,6852.3,6939.9,6795.2, 6864.75,6859.2,6874.85,735382,50556.37,84020, 242359, 32.96,0.11
MARUTI, EQ, 31-Mar-2022,7598.6,7598.55,7652.75,7528.0, 7563.25,7561.3,7576.32,434317,32905.26,55841, 163798, 37.71,-0.49
MARUTI, EQ, 31-Mar-2023,8295.3,8325.95,8370.0,8257.05, 8302.00,8292.15,8298.89,478757,39731.52,60862, 343580, 71.77,-0.04
MARUTI, EQ, 31-May-2021,6970.0,6955.0,7100.0,6924.05, 7075.05,7086.3,7046.96,718277,50616.72,63467, 322432, 44.89,1.67
MARUTI, EQ, 31-May-2022,8013.9,8013.9,8100.0,7900.0, 7999.70,7966.35,7973.65,2494005,198863.18,114303, 1445488, 57.96,-0.59
MARUTI, EQ, 31-May-2023,9383.35,9449.95,9449.95,9267.6, 9325.00,9367.7,9357.38,1614766,151099.84,82790, 1306888, 80.93,-0.17
MARUTI, EQ, 31-May-2024,12598.0,12598.0,12633.35,12330.0,12425.0,12399.3,12458.05,908304,113156.99,107729, 457010, 50.31,-1.58
MARUTI, EQ, 31-Jul-2020,6265.4,6265.0,6379.85,6209.0,6260.0,6262.75,6287.71,1613555,101455.61,118083, 387927, 24.04,-0.04
MARUTI, EQ, 31-Jul-2023,9670.3,9670.3,9837.7,9606.0, 9813.00,9820.75,9766.65,600060,58605.75,83802, 274088, 45.68,1.56
MARUTI, EQ, 31-Jul-2024,12873.65,12980.0,13375.0,12895.15,13375.0,13115.8,13029.53,836405,108979.67,89369, 361247, 43.19,1.88
MARUTI, EQ, 31-Aug-2020,7104.1,7138.0,7160.0,6790.45, 6815.45,6839.95,6927.38,1580778,109506.43,130089, 529677, 33.51,-3.72
MARUTI, EQ, 31-Aug-2021,6796.9,6820.0,6872.0,6763.55,6836.3,6846.1,6839.16,938326,64173.61,68746, 583067, 62.14,0.72
MARUTI, EQ, 31-Aug-2023,9796.4,9770.1,10065.0,9770.1, 10000.00,10003.8,9989.32,1581818,158012.93,149957, 867226, 54.82,2.12
MARUTI, EQ, 31-Oct-2022,9492.55,9650.0,9769.0,9451.1,9535.0,9527.6,9621.59,1932020,185891.07,192682, 687839, 35.60,0.37
MARUTI, EQ, 31-Oct-2023,10397.7,10490.0,10490.0,10321.0, 10390.00,10392.3,10411.82,439996,45811.58,66003, 221270, 50.29,-0.05
MARUTI, EQ, 31-Oct-2024,11256.45,11225.0,11247.55,11050.0,11110.85,11076.45,11107.61,838211,93105.25,105127, 532340, 63.51,-1.6
MARUTI, EQ, 31-Dec-2020,7612.9,7614.65,7697.0,7580.0,7654.0,7649.6,7646.68,908515,69471.2,76829, 239335, 26.34,0.48
MARUTI, EQ, 31-Dec-2021,7282.25,7290.05,7449.5,7290.05,7420.0,7426.45,7412.34,313398,23230.14,36924, 95572, 30.50,1.98
MARUTI, EQ, 31-Dec-2024,10798.95,10765.0,10893.7,10750.6,10860.0,10858.4,10832.98,198997,21557.31,31049, 98672, 49.58,0.55
