SYMBOL, SERIES, DATE1, PREV_CLOSE, OPEN_PRICE, HIGH_PRICE, LOW_PRICE, LAST_PRICE, CLOSE_PRICE, AVG_PRICE, TTL_TRD_QNTY, TURNOVER_LACS, NO_OF_TRADES, DELIV_QTY, DELIV_PER,PER_CHANGE
NECLIFE, EQ, 01-Jan-2020,12.15,12.0,12.55,12.0, 12.35,12.35,12.36,96014,11.87,461, 47320, 49.28,1.65
NECLIFE, EQ, 01-Jan-2021,23.9,23.6,24.0,23.1, 23.15,23.25,23.45,740031,173.51,2295, 369988, 50.00,-2.72
NECLIFE, EQ, 01-Jan-2024,32.15,32.25,33.3,31.9, 32.60,32.5,32.57,1101293,358.65,4402, 470347, 42.71,1.09
NECLIFE, EQ, 01-Feb-2021,20.5,21.15,21.15,20.15, 20.70,20.4,20.5,157865,32.36,730, 79865, 50.59,-0.49
NECLIFE, EQ, 01-Feb-2022,32.45,32.75,32.75,29.75,31.45,31.6,31.75,438092,139.08,3039, 223259, 50.96,-2.62
NECLIFE, EQ, 01-Feb-2023,20.25,20.4,20.9,19.7, 19.90,19.95,20.29,179597,36.43,907, 100142, 55.76,-1.48
NECLIFE, EQ, 01-Feb-2024,36.5,36.75,37.15,35.75, 36.70,36.55,36.35,1795324,652.66,5929, 612955, 34.14,0.14
NECLIFE, EQ, 01-Mar-2021,20.1,20.3,20.95,20.2, 20.50,20.35,20.55,576121,118.38,1575, 212640, 36.91,1.24
NECLIFE, EQ, 01-Mar-2023,17.25,17.3,17.8,17.1, 17.40,17.45,17.47,184347,32.2,679, 75744, 41.09,1.16
NECLIFE, EQ, 01-Mar-2024,38.25,38.55,39.35,37.1, 37.45,37.25,37.95,561807,213.2,2283, 346492, 61.67,-2.61
NECLIFE, EQ, 01-Apr-2020,9.8,9.8,10.7,9.8,10.15,10.15,10.21,152690,15.59,689, 92122, 60.33,3.57
NECLIFE, EQ, 01-Apr-2021,18.6,18.75,19.65,18.75, 19.30,19.25,19.26,329328,63.44,1040, 179755, 54.58,3.49
NECLIFE, EQ, 01-Apr-2022,24.05,24.5,26.95,24.1, 26.35,26.4,25.98,802048,208.4,3194, 346903, 43.25,9.77
NECLIFE, EQ, 01-Apr-2024,30.15,30.3,34.95,30.3, 34.90,34.25,33.49,1373369,459.99,4930, 578901, 42.15,13.6
NECLIFE, EQ, 01-Apr-2025,22.95,22.74,24.09,22.6,24.09,24.09,23.91,1710463,408.9,914, 1453952, 85.00,4.97
NECLIFE, EQ, 01-Jun-2020,13.2,13.4,13.65,13.1, 13.50,13.4,13.36,166214,22.21,650, 104202, 62.69,1.52
NECLIFE, EQ, 01-Jun-2021,31.05,31.3,31.5,29.55, 30.00,29.9,30.11,780587,235.02,3649, 449630, 57.60,-3.7
NECLIFE, EQ, 01-Jun-2022,26.2,26.6,26.7,25.95,26.05,26.0,26.24,171128,44.9,1109, 75538, 44.14,-0.76
NECLIFE, EQ, 01-Jun-2023,16.85,16.9,17.2,16.75, 17.10,17.0,17.0,139592,23.74,453, 86683, 62.10,0.89
NECLIFE, EQ, 01-Jul-2020,21.55,21.85,23.7,21.1, 23.70,23.7,23.02,1316251,303.01,3618, 723146, 54.94,9.98
NECLIFE, EQ, 01-Jul-2021,40.3,40.05,41.3,39.9, 40.30,40.15,40.44,703414,284.44,3294, 330312, 46.96,-0.37
NECLIFE, EQ, 01-Jul-2022,23.25,23.1,23.5,22.8,23.4,23.2,23.09,35240,8.14,369, 18805, 53.36,-0.22
NECLIFE, EQ, 01-Jul-2024,31.34,31.35,31.99,31.24,31.79,31.75,31.79,513085,163.12,3850, 317997, 61.98,1.31
NECLIFE, EQ, 01-Aug-2022,23.85,23.85,24.3,23.7, 24.05,24.1,24.05,163249,39.26,746, 104916, 64.27,1.05
NECLIFE, EQ, 01-Aug-2023,24.75,24.55,25.65,24.45, 24.70,24.6,24.92,439805,109.62,1931, 261963, 59.56,-0.61
NECLIFE, EQ, 01-Aug-2024,31.74,31.84,32.44,30.53,30.81,30.84,31.61,595163,188.11,6856, 249165, 41.87,-2.84
NECLIFE, EQ, 01-Sep-2020,21.55,20.7,21.9,20.7, 21.40,21.35,21.18,236350,50.06,1176, 152684, 64.60,-0.93
NECLIFE, EQ, 01-Sep-2021,30.55,30.75,31.2,30.0,30.05,30.1,30.35,219526,66.63,1610, 138140, 62.93,-1.47
NECLIFE, EQ, 01-Sep-2022,22.9,22.9,23.15,22.65,22.75,22.8,22.85,200759,45.87,789, 130054, 64.78,-0.44
NECLIFE, EQ, 01-Sep-2023,26.4,26.35,26.95,25.8, 26.50,26.45,26.42,764274,201.91,2260, 398586, 52.15,0.19
NECLIFE, EQ, 01-Oct-2020,22.75,22.8,23.2,21.8, 22.00,22.0,22.43,408932,91.74,1593, 246073, 60.17,-3.3
NECLIFE, EQ, 01-Oct-2021,29.4,29.4,29.85,29.0, 29.70,29.65,29.53,255876,75.55,1431, 128238, 50.12,0.85
NECLIFE, EQ, 01-Nov-2021,26.4,26.65,26.7,26.25, 26.55,26.4,26.41,184379,48.7,1301, 106719, 57.88,0.0
NECLIFE, EQ, 01-Nov-2022,21.35,21.2,21.5,21.2,21.45,21.4,21.4,106343,22.76,352, 73358, 68.98,0.23
NECLIFE, EQ, 01-Nov-2023,22.85,23.15,23.25,22.75, 23.15,23.05,23.01,97948,22.54,412, 56354, 57.53,0.88
NECLIFE, EQ, 01-Dec-2020,18.3,18.3,18.6,18.3,18.4,18.4,18.46,155628,28.73,516, 112733, 72.44,0.55
NECLIFE, EQ, 01-Dec-2021,23.6,24.1,24.55,23.15,23.6,23.45,23.62,372988,88.1,2364, 171553, 45.99,-0.64
NECLIFE, EQ, 01-Dec-2022,21.0,21.0,21.45,21.0,21.1,21.1,21.16,160655,34.0,631, 90465, 56.31,0.48
NECLIFE, EQ, 01-Dec-2023,29.3,29.45,30.8,29.2, 29.30,29.6,29.93,1348222,403.48,3809, 426857, 31.66,1.02
NECLIFE, EQ, 02-Jan-2020,12.35,12.3,13.1,12.3, 12.70,12.7,12.71,137457,17.47,853, 66414, 48.32,2.83
NECLIFE, EQ, 02-Jan-2023,24.55,24.75,24.8,23.55, 24.00,23.8,24.07,562124,135.31,2188, 351168, 62.47,-3.05
NECLIFE, EQ, 02-Jan-2024,32.5,32.5,34.95,32.5, 34.80,34.6,34.09,3577551,1219.57,11462, 1371981, 38.35,6.46
NECLIFE, EQ, 02-Feb-2021,20.4,20.9,21.3,20.6, 21.00,20.8,20.93,178946,37.45,730, 95218, 53.21,1.96
NECLIFE, EQ, 02-Feb-2022,31.6,32.6,33.5,32.05, 32.40,32.5,32.71,626664,204.98,3410, 255154, 40.72,2.85
NECLIFE, EQ, 02-Feb-2023,19.95,19.9,20.25,19.65, 20.05,19.85,19.95,184233,36.75,868, 94496, 51.29,-0.5
NECLIFE, EQ, 02-Feb-2024,36.55,36.9,38.55,36.35, 37.45,37.15,37.41,3616094,1352.93,11408, 1667051, 46.10,1.64
NECLIFE, EQ, 02-Mar-2020,11.05,11.5,11.5,10.8, 10.80,10.85,11.03,130655,14.41,458, 75577, 57.84,-1.81
NECLIFE, EQ, 02-Mar-2021,20.35,20.8,20.8,19.9,20.3,20.1,20.19,445381,89.91,962, 295199, 66.28,-1.23
NECLIFE, EQ, 02-Mar-2022,26.85,26.55,27.55,26.35, 26.85,26.75,26.9,247679,66.61,1898, 129816, 52.41,-0.37
NECLIFE, EQ, 02-Mar-2023,17.45,17.4,17.85,17.35, 17.50,17.45,17.5,79795,13.96,442, 50397, 63.16,0.0
NECLIFE, EQ, 02-Apr-2024,34.25,34.5,37.0,34.5, 36.55,36.3,35.48,1129500,400.69,3974, 581370, 51.47,5.99
NECLIFE, EQ, 02-Apr-2025,24.09,24.4,25.29,23.86,24.97,24.94,24.47,2421486,592.52,3002, 1764035, 72.85,3.53
NECLIFE, EQ, 02-May-2022,28.45,28.1,28.5,27.5,28.0,27.8,28.03,237655,66.61,1832, 122829, 51.68,-2.28
NECLIFE, EQ, 02-May-2023,18.3,18.3,18.5,17.1, 18.00,17.95,17.92,184835,33.11,921, 121971, 65.99,-1.91
NECLIFE, EQ, 02-May-2024,34.45,34.45,35.8,33.9, 35.10,35.2,35.15,673593,236.77,1850, 342414, 50.83,2.18
NECLIFE, EQ, 02-Jun-2020,13.4,13.45,13.9,13.25,13.6,13.6,13.64,199318,27.18,661, 110554, 55.47,1.49
NECLIFE, EQ, 02-Jun-2021,29.9,29.6,31.4,29.4, 30.40,30.4,30.61,1030364,315.43,3703, 480331, 46.62,1.67
NECLIFE, EQ, 02-Jun-2022,26.0,26.05,26.4,25.65,26.0,25.9,26.05,132588,34.54,809, 73121, 55.15,-0.38
NECLIFE, EQ, 02-Jun-2023,17.0,17.2,17.4,17.0, 17.30,17.3,17.2,217963,37.48,658, 118722, 54.47,1.76
NECLIFE, EQ, 02-Jul-2020,23.7,25.5,25.5,23.15, 24.00,23.9,24.15,1675921,404.68,5603, 845360, 50.44,0.84
NECLIFE, EQ, 02-Jul-2021,40.15,40.35,40.9,39.9,40.3,40.35,40.43,765416,309.44,3384, 362354, 47.34,0.5
NECLIFE, EQ, 02-Jul-2024,31.75,31.51,31.8,31.25,31.4,31.31,31.51,227138,71.57,2531, 124322, 54.73,-1.39
NECLIFE, EQ, 02-Aug-2021,35.2,35.7,35.9,34.45,35.1,35.05,34.98,745869,260.88,3536, 417034, 55.91,-0.43
NECLIFE, EQ, 02-Aug-2022,24.1,24.15,24.8,23.6,24.6,24.55,24.35,236145,57.5,886, 151702, 64.24,1.87
NECLIFE, EQ, 02-Aug-2023,24.6,24.8,25.4,23.6, 23.95,24.0,24.62,830884,204.6,2916, 432942, 52.11,-2.44
NECLIFE, EQ, 02-Aug-2024,30.84,30.3,32.35,30.3,31.85,31.64,31.37,680743,213.53,7284, 275500, 40.47,2.59
NECLIFE, EQ, 02-Sep-2020,21.35,21.65,22.1,20.65, 21.80,21.75,21.64,214067,46.32,1092, 98271, 45.91,1.87
NECLIFE, EQ, 02-Sep-2021,30.1,30.15,31.4,29.9, 30.20,30.35,30.57,505276,154.48,2264, 209771, 41.52,0.83
NECLIFE, EQ, 02-Sep-2022,22.8,22.8,24.65,22.8,23.9,23.95,23.9,1229937,293.92,3055, 603525, 49.07,5.04
NECLIFE, EQ, 02-Sep-2024,39.1,39.79,39.99,38.71,38.9,39.2,39.31,899410,353.58,7897, 324165, 36.04,0.26
NECLIFE, EQ, 02-Nov-2020,19.4,19.1,19.2,18.0, 18.25,18.2,18.31,488887,89.51,1716, 279460, 57.16,-6.19
NECLIFE, EQ, 02-Nov-2021,26.4,26.55,27.5,26.4, 27.40,27.25,26.98,256704,69.27,1599, 120580, 46.97,3.22
NECLIFE, EQ, 02-Nov-2022,21.4,21.5,21.5,21.15,21.3,21.25,21.33,177761,37.91,578, 136465, 76.77,-0.7
NECLIFE, EQ, 02-Nov-2023,23.05,23.05,23.45,22.8, 22.90,23.1,23.03,101461,23.36,506, 64887, 63.95,0.22
NECLIFE, EQ, 02-Dec-2020,18.4,18.4,21.95,18.4, 21.60,21.25,20.52,2127067,436.39,5104, 1019744, 47.94,15.49
NECLIFE, EQ, 02-Dec-2021,23.45,23.6,24.3,23.25, 23.70,23.7,23.84,211873,50.5,1424, 100675, 47.52,1.07
NECLIFE, EQ, 02-Dec-2022,21.1,21.0,21.55,20.95, 21.30,21.2,21.21,243818,51.72,893, 150444, 61.70,0.47
NECLIFE, EQ, 03-Jan-2020,12.7,12.7,14.55,12.6, 13.70,13.65,13.82,885532,122.37,2618, 290152, 32.77,7.48
NECLIFE, EQ, 03-Jan-2022,26.8,26.95,28.95,26.9, 28.55,28.45,28.26,1330740,376.06,5301, 696777, 52.36,6.16
NECLIFE, EQ, 03-Jan-2023,23.8,23.95,24.5,23.1, 23.90,23.8,24.05,733490,176.39,1676, 227106, 30.96,0.0
NECLIFE, EQ, 03-Jan-2024,34.6,34.9,35.2,33.75, 34.10,34.25,34.56,2163257,747.58,9501, 823352, 38.06,-1.01
NECLIFE, EQ, 03-Feb-2020,13.2,13.5,13.5,12.65, 12.80,12.85,12.97,61121,7.93,396, 41462, 67.84,-2.65
NECLIFE, EQ, 03-Feb-2021,20.8,21.1,21.6,20.7, 20.95,20.9,21.11,348665,73.61,1142, 152125, 43.63,0.48
NECLIFE, EQ, 03-Feb-2022,32.5,32.6,33.45,32.2, 33.05,32.95,32.87,440512,144.78,2279, 241004, 54.71,1.38
NECLIFE, EQ, 03-Feb-2023,19.85,19.95,20.1,19.0, 19.45,19.4,19.45,221730,43.13,1197, 128226, 57.83,-2.27
NECLIFE, EQ, 03-Mar-2020,10.85,11.0,11.45,10.85, 10.95,10.95,11.02,62886,6.93,278, 42365, 67.37,0.92
NECLIFE, EQ, 03-Mar-2021,20.1,20.45,21.4,20.05,21.0,20.75,20.79,855151,177.79,2222, 376003, 43.97,3.23
NECLIFE, EQ, 03-Mar-2022,26.75,26.85,27.7,26.6,26.7,26.8,27.09,257443,69.75,1907, 116514, 45.26,0.19
NECLIFE, EQ, 03-Mar-2023,17.45,17.6,17.8,17.1, 17.25,17.3,17.33,173007,29.98,743, 113979, 65.88,-0.86
NECLIFE, EQ, 03-Mar-2025,26.33,26.4,27.61,25.01,25.4,25.51,25.55,2763974,706.21,4219, 1865238, 67.48,-3.11
NECLIFE, EQ, 03-Apr-2020,10.15,10.25,11.3,9.05, 10.75,10.8,10.77,328889,35.43,1286, 95426, 29.01,6.4
NECLIFE, EQ, 03-Apr-2023,15.95,16.4,16.55,15.5, 16.50,16.4,16.19,381297,61.72,1237, 162825, 42.70,2.82
NECLIFE, EQ, 03-Apr-2024,36.3,36.25,37.4,34.8, 35.45,35.25,35.73,726498,259.55,3072, 364334, 50.15,-2.89
NECLIFE, EQ, 03-Apr-2025,24.94,24.94,26.18,24.8,25.8,25.72,25.92,2226273,577.16,2659, 1176640, 52.85,3.13
NECLIFE, EQ, 03-May-2021,24.95,24.95,26.9,24.5,26.25,26.35,25.98,1955152,507.92,5464, 899554, 46.01,5.61
NECLIFE, EQ, 03-May-2023,17.95,17.95,18.3,17.75,18.05,18.0,18.04,132612,23.92,502, 68547, 51.69,0.28
NECLIFE, EQ, 03-May-2024,35.2,35.4,35.9,34.2, 34.65,34.45,34.98,212262,74.25,1052, 123727, 58.29,-2.13
NECLIFE, EQ, 03-Jun-2020,13.6,13.75,13.95,13.55,13.65,13.6,13.76,243486,33.51,717, 166013, 68.18,0.0
NECLIFE, EQ, 03-Jun-2021,30.4,30.55,33.4,30.5, 32.35,32.45,32.34,2233753,722.29,6085, 1257232, 56.28,6.74
NECLIFE, EQ, 03-Jun-2022,25.9,26.1,26.55,25.2, 25.70,25.55,25.9,283451,73.41,1366, 154205, 54.40,-1.35
NECLIFE, EQ, 03-Jun-2024,31.85,32.95,33.35,31.9,32.3,32.3,32.36,182770,59.14,993, 108430, 59.33,1.41
NECLIFE, EQ, 03-Jul-2020,23.9,24.45,24.45,22.55, 23.05,22.95,23.04,900045,207.37,3111, 562527, 62.50,-3.97
NECLIFE, EQ, 03-Jul-2023,20.5,20.75,20.75,20.0, 20.40,20.25,20.31,227908,46.29,1027, 147215, 64.59,-1.22
NECLIFE, EQ, 03-Jul-2024,31.31,31.4,32.05,31.31,31.4,31.42,31.67,428967,135.87,3736, 226807, 52.87,0.35
NECLIFE, EQ, 03-Aug-2020,20.8,21.3,22.45,20.85,22.2,22.2,21.92,1486299,325.74,4161, 647942, 43.59,6.73
NECLIFE, EQ, 03-Aug-2021,35.05,34.55,35.25,33.6,33.9,33.9,34.24,732896,250.95,3670, 501160, 68.38,-3.28
NECLIFE, EQ, 03-Aug-2022,24.55,24.6,24.85,23.6, 24.15,24.3,24.45,177197,43.32,782, 106304, 59.99,-1.02
NECLIFE, EQ, 03-Aug-2023,24.0,24.2,25.75,24.1, 25.00,25.15,25.17,767385,193.14,3111, 375273, 48.90,4.79
NECLIFE, EQ, 03-Sep-2020,21.75,22.05,22.05,21.2, 21.45,21.5,21.58,212073,45.77,1084, 114054, 53.78,-1.15
NECLIFE, EQ, 03-Sep-2021,30.35,30.45,30.8,29.75, 30.10,29.95,30.23,339731,102.69,1729, 220100, 64.79,-1.32
NECLIFE, EQ, 03-Sep-2024,39.2,38.8,39.2,38.1,38.21,38.25,38.61,628182,242.57,6740, 260805, 41.52,-2.42
NECLIFE, EQ, 03-Oct-2022,21.0,21.05,21.85,21.05,21.35,21.3,21.43,252305,54.06,1185, 101361, 40.17,1.43
NECLIFE, EQ, 03-Oct-2023,24.4,24.65,25.3,24.25, 24.40,24.6,24.6,432005,106.29,1153, 150084, 34.74,0.82
NECLIFE, EQ, 03-Nov-2020,18.2,18.5,18.7,18.05,18.35,18.3,18.3,215676,39.47,1198, 141168, 65.45,0.55
NECLIFE, EQ, 03-Nov-2021,27.25,27.55,27.55,26.4, 26.55,26.6,26.87,172377,46.31,1244, 98829, 57.33,-2.39
NECLIFE, EQ, 03-Nov-2022,21.25,21.45,21.55,21.15,21.25,21.2,21.27,102722,21.85,347, 71301, 69.41,-0.24
NECLIFE, EQ, 03-Nov-2023,23.1,23.15,23.65,23.05, 23.30,23.2,23.35,173759,40.57,583, 113330, 65.22,0.43
NECLIFE, EQ, 03-Dec-2020,21.25,22.0,22.0,20.0,20.55,20.45,20.89,1225849,256.13,3457, 620041, 50.58,-3.76
NECLIFE, EQ, 03-Dec-2021,23.7,24.0,25.8,23.7, 25.15,25.3,24.71,480981,118.83,2669, 229655, 47.75,6.75
NECLIFE, EQ, 04-Jan-2021,23.25,23.25,24.35,23.25,23.6,23.55,23.76,811059,192.68,2609, 395951, 48.82,1.29
NECLIFE, EQ, 04-Jan-2022,28.45,28.7,29.25,27.7, 28.20,28.2,28.35,613018,173.82,2913, 280373, 45.74,-0.88
NECLIFE, EQ, 04-Jan-2023,23.8,23.95,24.45,23.75, 24.00,23.95,24.08,461219,111.07,1577, 153411, 33.26,0.63
NECLIFE, EQ, 04-Jan-2024,34.25,34.15,34.55,33.55, 33.70,33.7,33.99,861924,292.96,3573, 415179, 48.17,-1.61
NECLIFE, EQ, 04-Feb-2020,12.85,13.1,13.3,12.9, 13.05,13.1,13.12,57680,7.57,244, 44093, 76.44,1.95
NECLIFE, EQ, 04-Feb-2021,20.9,21.05,21.4,20.8, 21.00,21.0,21.1,226245,47.75,731, 116125, 51.33,0.48
NECLIFE, EQ, 04-Feb-2022,32.95,32.95,35.9,32.65, 34.90,34.8,34.77,1552709,539.95,7705, 758548, 48.85,5.61
NECLIFE, EQ, 04-Mar-2020,10.95,11.15,11.15,10.7, 10.80,10.9,10.92,64688,7.07,329, 42747, 66.08,-0.46
NECLIFE, EQ, 04-Mar-2021,20.75,20.35,20.7,20.0, 20.40,20.3,20.45,281759,57.63,861, 183680, 65.19,-2.17
NECLIFE, EQ, 04-Mar-2022,26.8,26.8,26.95,26.0, 26.65,26.5,26.59,224078,59.59,1619, 111772, 49.88,-1.12
NECLIFE, EQ, 04-Mar-2024,38.3,38.35,38.35,36.2, 36.50,36.6,37.22,556702,207.21,3478, 347032, 62.34,-4.44
NECLIFE, EQ, 04-Mar-2025,25.51,25.0,26.78,24.77,26.2,26.22,26.09,2034498,530.89,2741, 1571813, 77.26,2.78
NECLIFE, EQ, 04-Apr-2022,26.4,26.95,27.05,26.3,26.7,26.65,26.62,467230,124.39,2032, 287205, 61.47,0.95
NECLIFE, EQ, 04-Apr-2024,35.25,36.2,36.95,34.75, 35.80,35.6,35.88,964415,346.04,3054, 326569, 33.86,0.99
NECLIFE, EQ, 04-Apr-2025,25.72,26.09,26.09,24.43,24.43,24.43,24.62,2289382,563.71,1957, 904720, 39.52,-5.02
NECLIFE, EQ, 04-May-2020,14.2,14.0,14.5,13.65, 13.80,13.75,14.0,276572,38.72,981, 158341, 57.25,-3.17
NECLIFE, EQ, 04-May-2021,26.35,26.65,27.3,24.85, 25.10,25.05,26.12,1332898,348.11,4736, 669673, 50.24,-4.93
NECLIFE, EQ, 04-May-2022,27.8,27.8,28.75,26.8,27.1,27.45,27.77,285344,79.24,1631, 140167, 49.12,-1.26
NECLIFE, EQ, 04-May-2023,18.0,18.0,18.4,18.0, 18.25,18.2,18.18,155821,28.32,465, 88105, 56.54,1.11
NECLIFE, EQ, 04-Jun-2020,13.6,13.6,14.75,13.2,14.25,14.35,14.34,667705,95.74,1814, 316475, 47.40,5.51
NECLIFE, EQ, 04-Jun-2021,32.45,32.85,34.5,31.7, 33.45,33.6,33.4,2509316,838.19,7447, 1236263, 49.27,3.54
NECLIFE, EQ, 04-Jun-2024,32.3,32.4,32.4,26.15,29.35,29.1,29.37,620924,182.37,3027, 343011, 55.24,-9.91
NECLIFE, EQ, 04-Jul-2022,23.2,22.9,23.45,22.65,22.95,23.0,23.08,30373,7.01,395, 18458, 60.77,-0.86
NECLIFE, EQ, 04-Jul-2023,20.25,20.5,20.5,19.85, 19.90,19.95,20.0,174385,34.87,785, 119714, 68.65,-1.48
NECLIFE, EQ, 04-Jul-2024,31.42,31.45,31.8,30.73,31.4,30.93,31.25,365729,114.3,4049, 178864, 48.91,-1.56
NECLIFE, EQ, 04-Aug-2020,22.2,22.4,22.75,21.3,22.4,22.25,22.15,874663,193.71,2882, 473652, 54.15,0.23
NECLIFE, EQ, 04-Aug-2021,33.9,33.9,34.8,31.2,31.9,32.2,32.75,1185387,388.25,5538, 648096, 54.67,-5.01
NECLIFE, EQ, 04-Aug-2022,24.3,24.3,24.8,23.85,24.5,24.45,24.35,170281,41.47,1037, 84285, 49.50,0.62
NECLIFE, EQ, 04-Aug-2023,25.15,25.45,25.45,24.55, 24.55,24.75,24.93,264413,65.92,1682, 166081, 62.81,-1.59
NECLIFE, EQ, 04-Sep-2020,21.5,20.9,21.35,20.75,20.95,20.85,21.03,268691,56.51,1114, 178158, 66.31,-3.02
NECLIFE, EQ, 04-Sep-2023,26.45,26.95,27.6,26.75, 27.00,26.85,27.14,795916,216.05,2666, 425489, 53.46,1.51
NECLIFE, EQ, 04-Sep-2024,38.25,37.89,40.67,37.0,40.5,40.06,39.58,2575139,1019.25,16843, 799019, 31.03,4.73
NECLIFE, EQ, 04-Oct-2021,29.65,29.8,30.75,29.5, 29.90,29.85,30.08,506976,152.49,2322, 275148, 54.27,0.67
NECLIFE, EQ, 04-Oct-2022,21.3,21.65,21.85,21.45, 21.70,21.65,21.61,177316,38.31,655, 96121, 54.21,1.64
NECLIFE, EQ, 04-Oct-2023,24.6,24.6,24.6,23.65, 23.85,23.75,24.04,276104,66.37,907, 181064, 65.58,-3.46
NECLIFE, EQ, 04-Nov-2020,18.3,18.3,18.4,17.6,17.65,17.65,17.86,240245,42.92,1052, 164506, 68.47,-3.55
NECLIFE, EQ, 04-Nov-2022,21.2,21.35,21.35,20.9,21.05,21.1,21.12,303233,64.04,707, 204442, 67.42,-0.47
NECLIFE, EQ, 04-Dec-2020,20.45,20.4,20.85,19.35, 20.20,19.9,20.1,781893,157.17,2419, 445284, 56.95,-2.69
NECLIFE, EQ, 04-Dec-2023,29.6,29.9,30.5,29.6, 29.80,29.75,29.93,720291,215.6,2660, 368562, 51.17,0.51
NECLIFE, EQ, 05-Jan-2021,23.55,23.55,23.7,23.0, 23.20,23.15,23.2,549115,127.42,1749, 307974, 56.09,-1.7
NECLIFE, EQ, 05-Jan-2022,28.2,28.2,31.95,27.85, 30.80,30.75,30.75,2828849,869.86,10611, 1217042, 43.02,9.04
NECLIFE, EQ, 05-Jan-2023,23.95,24.1,24.1,23.4,23.65,23.55,23.71,240323,56.98,1112, 122176, 50.84,-1.67
NECLIFE, EQ, 05-Jan-2024,33.7,33.65,35.3,32.8, 33.85,34.0,34.27,2328308,797.84,7067, 859344, 36.91,0.89
NECLIFE, EQ, 05-Feb-2020,13.1,13.15,14.4,13.1, 13.95,13.9,13.77,248681,34.25,836, 107990, 43.43,6.11
NECLIFE, EQ, 05-Feb-2021,21.0,20.9,21.35,20.65, 20.75,20.75,20.87,234647,48.98,742, 132400, 56.43,-1.19
NECLIFE, EQ, 05-Feb-2024,37.15,37.5,37.85,36.1, 36.60,36.75,37.0,1500632,555.29,5689, 782337, 52.13,-1.08
NECLIFE, EQ, 05-Mar-2020,10.9,10.95,11.3,10.9, 11.25,11.1,11.11,65932,7.32,323, 45514, 69.03,1.83
NECLIFE, EQ, 05-Mar-2021,20.3,20.25,20.5,19.9,20.0,19.95,20.16,379093,76.43,936, 255592, 67.42,-1.72
NECLIFE, EQ, 05-Mar-2024,36.6,36.7,37.1,34.8, 35.00,35.1,35.85,653801,234.39,2702, 364313, 55.72,-4.1
NECLIFE, EQ, 05-Mar-2025,26.22,26.04,27.53,26.04,27.19,27.23,27.23,1547653,421.38,2640, 1094505, 70.72,3.85
NECLIFE, EQ, 05-Apr-2021,19.25,19.0,19.25,18.7,18.9,18.9,18.93,168638,31.92,823, 98972, 58.69,-1.82
NECLIFE, EQ, 05-Apr-2022,26.65,26.9,28.75,26.8, 28.25,28.1,28.07,818733,229.81,3811, 382779, 46.75,5.44
NECLIFE, EQ, 05-Apr-2023,16.4,17.1,17.1,16.25, 16.85,16.7,16.65,240072,39.97,1090, 103206, 42.99,1.83
NECLIFE, EQ, 05-Apr-2024,35.6,38.8,38.8,34.3, 36.00,36.0,36.62,1468719,537.81,4164, 461834, 31.44,1.12
NECLIFE, EQ, 05-May-2020,13.75,14.1,14.1,13.05, 13.15,13.15,13.4,186824,25.03,746, 113675, 60.85,-4.36
NECLIFE, EQ, 05-May-2021,25.05,25.35,26.9,25.05, 25.90,26.0,26.07,1594005,415.62,5227, 658620, 41.32,3.79
NECLIFE, EQ, 05-May-2022,27.45,28.0,28.05,27.05, 27.45,27.45,27.56,168849,46.54,1196, 73211, 43.36,0.0
NECLIFE, EQ, 05-May-2023,18.2,18.2,18.3,17.8, 17.85,17.85,18.03,155927,28.12,618, 95710, 61.38,-1.92
NECLIFE, EQ, 05-Jun-2020,14.35,14.7,15.0,14.25, 14.65,14.5,14.58,454921,66.31,1297, 275061, 60.46,1.05
NECLIFE, EQ, 05-Jun-2023,17.3,17.2,17.55,17.1, 17.35,17.35,17.35,156154,27.1,446, 91765, 58.77,0.29
NECLIFE, EQ, 05-Jun-2024,29.1,29.5,30.25,28.55,29.8,29.65,29.51,314304,92.76,1983, 163035, 51.87,1.89
NECLIFE, EQ, 05-Jul-2021,40.35,40.75,44.25,40.1, 42.95,42.95,42.68,3576417,1526.52,12405, 1568028, 43.84,6.44
NECLIFE, EQ, 05-Jul-2022,23.0,23.0,23.5,23.0,23.0,23.05,23.24,80357,18.67,538, 46441, 57.79,0.22
NECLIFE, EQ, 05-Jul-2023,19.95,20.0,21.25,19.8,20.45,20.45,20.75,622286,129.11,1828, 355224, 57.08,2.51
NECLIFE, EQ, 05-Jul-2024,30.93,31.01,32.39,31.01,31.4,31.5,31.77,2473097,785.73,14892, 1376354, 55.65,1.84
NECLIFE, EQ, 05-Aug-2020,22.25,22.25,22.5,21.55,21.95,21.7,22.0,452837,99.62,1773, 275305, 60.80,-2.47
NECLIFE, EQ, 05-Aug-2021,32.2,31.8,32.65,30.0,31.7,31.65,31.1,1224081,380.67,5316, 586536, 47.92,-1.71
NECLIFE, EQ, 05-Aug-2022,24.45,24.85,24.85,24.0,24.1,24.1,24.27,90630,21.99,703, 59315, 65.45,-1.43
NECLIFE, EQ, 05-Aug-2024,31.64,30.36,30.98,29.62,30.05,29.93,30.19,525248,158.56,5575, 230509, 43.89,-5.4
NECLIFE, EQ, 05-Sep-2022,23.95,24.1,24.45,23.1, 23.25,23.2,23.64,510863,120.79,1603, 354391, 69.37,-3.13
NECLIFE, EQ, 05-Sep-2023,26.85,27.1,28.6,27.1, 27.90,27.95,27.95,1356634,379.22,3948, 676811, 49.89,4.1
NECLIFE, EQ, 05-Sep-2024,40.06,40.38,47.95,40.33,46.93,47.25,45.66,19565875,8932.97,71260, 4406739, 22.52,17.95
NECLIFE, EQ, 05-Oct-2020,22.0,20.95,21.6,20.55, 20.85,20.8,20.85,836145,174.36,2501, 488800, 58.46,-5.45
NECLIFE, EQ, 05-Oct-2021,29.85,29.4,30.45,29.4, 30.00,30.0,30.12,425772,128.23,1953, 235326, 55.27,0.5
NECLIFE, EQ, 05-Oct-2023,23.75,24.2,24.3,23.95, 24.10,24.05,24.1,106088,25.56,539, 65322, 61.57,1.26
NECLIFE, EQ, 05-Nov-2020,17.65,17.65,18.0,17.05, 17.30,17.15,17.38,466501,81.09,1777, 315918, 67.72,-2.83
NECLIFE, EQ, 05-Dec-2022,21.2,21.2,23.8,21.05, 22.95,22.95,22.69,1059371,240.32,4198, 578802, 54.64,8.25
NECLIFE, EQ, 05-Dec-2023,29.75,29.85,30.9,27.35, 29.40,29.0,29.91,1323674,395.87,4489, 525119, 39.67,-2.52
NECLIFE, EQ, 06-Jan-2020,13.65,13.1,13.65,12.6, 12.90,12.75,12.97,218233,28.3,919, 109480, 50.17,-6.59
NECLIFE, EQ, 06-Jan-2021,23.15,22.65,23.45,22.35, 22.50,22.6,22.88,528751,121.0,1746, 324796, 61.43,-2.38
NECLIFE, EQ, 06-Jan-2022,30.75,30.4,31.7,29.45, 30.70,30.9,30.79,1934305,595.6,7044, 974677, 50.39,0.49
NECLIFE, EQ, 06-Jan-2023,23.55,23.5,23.8,22.6,23.25,23.0,23.2,318384,73.87,1483, 195256, 61.33,-2.34
NECLIFE, EQ, 06-Feb-2020,13.9,14.4,14.4,13.5, 13.80,13.85,13.87,106843,14.81,475, 70387, 65.88,-0.36
NECLIFE, EQ, 06-Feb-2023,19.4,19.35,19.6,19.1, 19.20,19.25,19.36,289035,55.94,986, 159560, 55.20,-0.77
NECLIFE, EQ, 06-Feb-2024,36.75,36.8,38.2,36.35, 37.60,37.65,37.42,1734951,649.3,6045, 880474, 50.75,2.45
NECLIFE, EQ, 06-Mar-2020,11.1,10.55,10.95,10.35, 10.70,10.75,10.64,83605,8.89,517, 53781, 64.33,-3.15
NECLIFE, EQ, 06-Mar-2023,17.3,17.45,17.95,17.35, 17.70,17.65,17.71,117585,20.82,523, 62851, 53.45,2.02
NECLIFE, EQ, 06-Mar-2024,35.1,35.1,35.75,33.75, 34.90,34.95,34.89,1065954,371.88,6532, 492376, 46.19,-0.43
NECLIFE, EQ, 06-Mar-2025,27.23,27.52,28.59,26.92,28.59,28.59,28.04,1538471,431.36,3571, 1076106, 69.95,4.99
NECLIFE, EQ, 06-Apr-2021,18.9,19.0,19.55,18.8,19.05,19.05,19.22,265791,51.08,973, 94967, 35.73,0.79
NECLIFE, EQ, 06-Apr-2022,28.1,28.0,29.5,27.85, 29.00,28.75,28.76,610808,175.67,3081, 281478, 46.08,2.31
NECLIFE, EQ, 06-Apr-2023,16.7,17.0,17.0,16.5, 16.70,16.65,16.73,129124,21.6,664, 62537, 48.43,-0.3
NECLIFE, EQ, 06-May-2020,13.15,13.15,13.15,12.6, 12.75,12.85,12.88,206735,26.62,772, 95630, 46.26,-2.28
NECLIFE, EQ, 06-May-2021,26.0,26.25,26.45,25.6, 25.70,25.85,26.08,877243,228.79,3146, 464255, 52.92,-0.58
NECLIFE, EQ, 06-May-2022,27.45,27.05,27.3,26.3,27.2,26.8,26.71,320138,85.52,2459, 100424, 31.37,-2.37
NECLIFE, EQ, 06-May-2024,34.45,34.75,36.0,33.9,35.0,35.2,34.7,311616,108.14,1222, 178911, 57.41,2.18
NECLIFE, EQ, 06-Jun-2022,25.55,25.55,25.75,25.15,25.3,25.3,25.38,104389,26.49,621, 48982, 46.92,-0.98
NECLIFE, EQ, 06-Jun-2023,17.35,17.4,17.55,17.15,17.35,17.3,17.39,149683,26.03,389, 82899, 55.38,-0.29
NECLIFE, EQ, 06-Jun-2024,29.65,29.8,31.7,29.8,30.9,30.75,30.92,292044,90.29,1614, 138702, 47.49,3.71
NECLIFE, EQ, 06-Jul-2020,22.95,22.25,23.75,22.25, 22.90,22.8,22.9,713540,163.41,2710, 373080, 52.29,-0.65
NECLIFE, EQ, 06-Jul-2021,42.95,43.0,46.25,43.0, 44.60,45.15,45.02,4863118,2189.33,14076, 2538109, 52.19,5.12
NECLIFE, EQ, 06-Jul-2022,23.05,23.15,23.45,22.8,23.05,23.05,23.19,96324,22.34,532, 43495, 45.15,0.0
NECLIFE, EQ, 06-Jul-2023,20.45,20.5,21.15,20.45,20.8,20.65,20.75,305143,63.33,966, 214834, 70.40,0.98
NECLIFE, EQ, 06-Aug-2020,21.7,21.65,22.35,21.5,22.0,21.85,21.92,530439,116.29,1453, 294911, 55.60,0.69
NECLIFE, EQ, 06-Aug-2021,31.65,31.3,34.3,31.3, 34.10,34.0,33.76,1152879,389.2,4938, 533706, 46.29,7.42
NECLIFE, EQ, 06-Aug-2024,29.93,29.99,30.78,29.47,29.71,29.72,30.2,369191,111.48,4368, 144879, 39.24,-0.7
NECLIFE, EQ, 06-Sep-2021,29.95,30.2,30.5,29.3,29.75,29.55,29.85,202316,60.4,1282, 135658, 67.05,-1.34
NECLIFE, EQ, 06-Sep-2022,23.2,23.45,23.5,22.9, 22.90,22.95,23.11,379073,87.59,986, 274809, 72.50,-1.08
NECLIFE, EQ, 06-Sep-2023,27.95,27.85,28.8,27.25, 27.70,27.4,28.1,1075079,302.13,2833, 452725, 42.11,-1.97
NECLIFE, EQ, 06-Sep-2024,47.25,46.7,53.8,44.25,51.12,51.67,50.73,29114212,14768.38,122134, 5061549, 17.39,9.35
NECLIFE, EQ, 06-Oct-2020,20.8,20.5,21.45,20.5,21.0,20.95,21.07,295929,62.34,1040, 169888, 57.41,0.72
NECLIFE, EQ, 06-Oct-2021,30.0,30.2,34.15,29.9, 32.95,32.9,32.56,3604591,1173.68,12349, 1335749, 37.06,9.67
NECLIFE, EQ, 06-Oct-2022,21.65,21.95,22.05,21.7, 21.80,21.75,21.81,140564,30.66,495, 87936, 62.56,0.46
NECLIFE, EQ, 06-Oct-2023,24.05,24.1,24.35,24.0, 24.25,24.1,24.13,96172,23.21,499, 61557, 64.01,0.21
NECLIFE, EQ, 06-Nov-2020,17.15,17.05,17.25,16.5, 16.70,16.65,16.74,454127,76.0,1894, 302329, 66.57,-2.92
NECLIFE, EQ, 06-Nov-2023,23.2,23.4,24.55,23.25, 24.25,24.15,24.05,295804,71.15,1189, 162031, 54.78,4.09
NECLIFE, EQ, 06-Dec-2021,25.3,25.2,25.75,24.45, 24.55,24.6,25.23,501681,126.56,3367, 243985, 48.63,-2.77
NECLIFE, EQ, 06-Dec-2022,22.95,23.25,23.95,22.9, 23.15,23.25,23.39,661811,154.77,2108, 413548, 62.49,1.31
NECLIFE, EQ, 06-Dec-2023,29.0,29.3,30.2,28.6, 28.85,28.95,29.2,727102,212.33,3101, 245501, 33.76,-0.17
NECLIFE, EQ, 07-Jan-2020,12.75,13.2,13.65,12.8, 12.85,12.95,13.15,165823,21.81,778, 83231, 50.19,1.57
NECLIFE, EQ, 07-Jan-2021,22.6,22.95,24.2,22.5, 23.50,23.55,23.64,1127860,266.61,3436, 482491, 42.78,4.2
NECLIFE, EQ, 07-Jan-2022,30.9,31.8,33.65,31.1,32.9,33.0,32.76,3469242,1136.57,14171, 2025651, 58.39,6.8
NECLIFE, EQ, 07-Feb-2020,13.85,13.95,13.95,13.5, 13.60,13.55,13.67,58243,7.96,276, 34435, 59.12,-2.17
NECLIFE, EQ, 07-Feb-2022,34.8,35.5,35.95,33.2, 34.10,33.8,34.63,725627,251.28,4605, 380949, 52.50,-2.87
NECLIFE, EQ, 07-Feb-2023,19.25,19.35,19.5,19.05, 19.15,19.1,19.23,162823,31.32,569, 112215, 68.92,-0.78
NECLIFE, EQ, 07-Feb-2024,37.65,38.0,38.45,36.95, 36.95,37.1,37.73,1539016,580.62,5165, 615856, 40.02,-1.46
NECLIFE, EQ, 07-Mar-2022,26.5,26.25,26.25,25.0, 25.50,25.4,25.46,285067,72.59,1916,175227,61.47,-4.15
NECLIFE, EQ, 07-Mar-2024,34.95,35.45,36.25,35.45, 35.70,35.75,35.74,780713,279.01,1957, 567981, 72.75,2.29
NECLIFE, EQ, 07-Mar-2025,28.59,28.52,30.0,28.52,29.3,29.23,29.37,867210,254.66,2208, 611798, 70.55,2.24
NECLIFE, EQ, 07-Apr-2020,10.8,11.5,12.95,11.0, 12.95,12.95,12.29,775568,95.28,2256, 416095, 53.65,19.91
NECLIFE, EQ, 07-Apr-2021,19.05,19.15,19.5,18.9,18.95,18.95,19.09,405368,77.4,1021, 208728, 51.49,-0.52
NECLIFE, EQ, 07-Apr-2022,28.75,29.0,29.9,28.2,28.65,28.5,29.18,592813,172.96,3279, 292609, 49.36,-0.87
NECLIFE, EQ, 07-Apr-2025,24.43,21.98,22.77,21.98,22.44,22.25,22.06,3342814,737.4,2500, 1348041, 40.33,-8.92
NECLIFE, EQ, 07-May-2020,12.85,12.75,13.6,12.75, 13.60,13.5,13.21,117737,15.55,555, 69508, 59.04,5.06
NECLIFE, EQ, 07-May-2021,25.85,26.1,26.35,25.3, 25.45,25.5,25.82,651927,168.32,2952, 342406, 52.52,-1.35
NECLIFE, EQ, 07-May-2024,35.2,35.35,35.7,33.7,33.9,33.8,34.27,168251,57.66,947, 116142, 69.03,-3.98
NECLIFE, EQ, 07-Jun-2021,33.6,35.2,36.6,34.15, 35.80,35.5,35.29,3639940,1284.38,11482, 1737424, 47.73,5.65
NECLIFE, EQ, 07-Jun-2022,25.3,25.05,25.3,24.45,24.8,24.55,24.74,215015,53.19,1345, 140491, 65.34,-2.96
NECLIFE, EQ, 07-Jun-2023,17.3,17.3,17.85,17.2, 17.70,17.6,17.63,249943,44.06,662, 146372, 58.56,1.73
NECLIFE, EQ, 07-Jun-2024,30.75,31.3,32.1,30.65,31.5,31.45,31.47,230013,72.39,1284, 117693, 51.17,2.28
NECLIFE, EQ, 07-Jul-2020,22.8,23.2,23.25,22.2, 22.35,22.3,22.51,434913,97.91,1835, 265451, 61.04,-2.19
NECLIFE, EQ, 07-Jul-2021,45.15,44.8,46.0,44.2, 44.50,44.65,45.13,1407620,635.24,6127, 783593, 55.67,-1.11
NECLIFE, EQ, 07-Jul-2022,23.05,23.4,24.6,23.35, 24.10,24.2,24.07,274572,66.08,1289, 159040, 57.92,4.99
NECLIFE, EQ, 07-Jul-2023,20.65,20.6,22.15,20.6, 21.30,21.45,21.48,1045320,224.51,2836, 587715, 56.22,3.87
NECLIFE, EQ, 07-Aug-2020,21.85,22.0,22.2,21.6,21.7,21.75,21.86,499421,109.18,1763, 335009, 67.08,-0.46
NECLIFE, EQ, 07-Aug-2023,24.75,24.95,26.3,24.75, 26.10,26.05,25.76,1010281,260.28,4006, 523307, 51.80,5.25
NECLIFE, EQ, 07-Aug-2024,29.72,30.37,30.6,29.81,30.45,30.35,30.16,357508,107.84,2942, 164787, 46.09,2.12
NECLIFE, EQ, 07-Sep-2020,20.85,21.0,21.3,20.65, 21.05,20.75,20.89,155176,32.41,840, 91743, 59.12,-0.48
NECLIFE, EQ, 07-Sep-2021,29.55,29.8,30.45,29.1, 29.40,29.65,29.86,265485,79.27,1592, 97602, 36.76,0.34
NECLIFE, EQ, 07-Sep-2022,22.95,23.0,23.95,22.75, 22.90,22.85,23.13,629603,145.63,1605, 440965, 70.04,-0.44
NECLIFE, EQ, 07-Sep-2023,27.4,27.5,28.45,27.4, 28.05,28.05,28.04,791302,221.91,2233, 412298, 52.10,2.37
NECLIFE, EQ, 07-Oct-2020,20.95,21.0,22.0,20.7,21.15,21.05,21.22,205603,43.63,640, 128123, 62.32,0.48
NECLIFE, EQ, 07-Oct-2021,32.9,33.1,33.65,31.55, 31.95,31.7,32.68,1196716,391.14,4792, 663629, 55.45,-3.65
NECLIFE, EQ, 07-Oct-2022,21.75,21.65,22.65,21.65, 22.45,22.4,22.29,180624,40.26,893, 136406, 75.52,2.99
NECLIFE, EQ, 07-Nov-2022,21.1,21.35,21.35,20.95,21.1,21.1,21.2,231164,49.0,615, 171063, 74.00,0.0
NECLIFE, EQ, 07-Nov-2023,24.15,24.05,24.6,23.9, 24.30,24.25,24.25,225040,54.56,764, 127251, 56.55,0.41
NECLIFE, EQ, 07-Dec-2020,19.9,20.15,21.4,20.0, 20.80,20.8,20.81,628693,130.82,2147, 325968, 51.85,4.52
NECLIFE, EQ, 07-Dec-2021,24.6,24.85,25.35,24.65,24.75,24.8,24.94,276152,68.88,1668, 133474, 48.33,0.81
NECLIFE, EQ, 07-Dec-2022,23.25,23.3,23.4,22.6, 22.85,22.85,22.93,214101,49.09,916, 159429, 74.46,-1.72
NECLIFE, EQ, 07-Dec-2023,28.95,28.9,29.7,28.7, 29.10,28.85,29.07,560035,162.83,2499, 266213, 47.54,-0.35
NECLIFE, EQ, 08-Jan-2020,12.95,12.6,13.45,12.6, 12.95,12.95,13.11,132890,17.42,682, 64111, 48.24,0.0
NECLIFE, EQ, 08-Jan-2021,23.55,24.15,24.9,23.05, 23.50,23.45,24.11,1340642,323.21,4212, 686346, 51.20,-0.42
NECLIFE, EQ, 08-Jan-2024,34.0,33.9,34.25,32.6, 33.25,32.8,33.18,1233963,409.42,4314, 600929, 48.70,-3.53
NECLIFE, EQ, 08-Feb-2021,20.75,21.0,21.25,20.55, 20.80,20.7,20.88,280064,58.47,784, 128710, 45.96,-0.24
NECLIFE, EQ, 08-Feb-2022,33.8,33.9,34.0,31.5,32.45,32.35,32.68,586131,191.53,4903, 304901, 52.02,-4.29
NECLIFE, EQ, 08-Feb-2023,19.1,19.35,19.35,18.9, 19.10,19.05,19.03,192902,36.71,805, 136511, 70.77,-0.26
NECLIFE, EQ, 08-Feb-2024,37.1,37.2,39.2,36.65, 37.90,37.8,37.97,3434829,1304.37,11514, 1457529, 42.43,1.89
NECLIFE, EQ, 08-Mar-2021,19.95,20.2,22.65,19.9, 22.55,22.2,21.54,2549251,549.19,5122, 1145118, 44.92,11.28
NECLIFE, EQ, 08-Mar-2022,25.4,25.05,26.45,25.05, 26.30,26.05,25.92,202626,52.52,1530, 111280, 54.92,2.56
NECLIFE, EQ, 08-Mar-2023,17.65,17.6,17.8,17.35, 17.70,17.65,17.57,199024,34.98,742, 140270, 70.48,0.0
NECLIFE, EQ, 08-Apr-2020,12.95,14.7,15.5,14.0, 15.50,15.5,14.98,1591431,238.41,4000, 811664, 51.00,19.69
NECLIFE, EQ, 08-Apr-2021,18.95,19.1,19.3,18.9, 19.05,18.95,19.07,301848,57.57,838, 171571, 56.84,0.0
NECLIFE, EQ, 08-Apr-2022,28.5,28.4,34.2,28.4, 32.40,32.35,32.89,7129454,2344.89,21995, 1874547, 26.29,13.51
NECLIFE, EQ, 08-Apr-2024,36.0,36.25,36.45,35.3, 35.35,35.45,35.68,237737,84.84,1067, 132109, 55.57,-1.53
NECLIFE, EQ, 08-Apr-2025,22.25,22.95,23.36,22.16,23.28,23.27,22.98,1900435,436.64,3200, 847844, 44.61,4.58
NECLIFE, EQ, 08-May-2020,13.5,13.3,13.95,13.3, 13.45,13.45,13.65,96772,13.21,491, 51523, 53.24,-0.37
NECLIFE, EQ, 08-May-2023,17.85,18.25,18.25,17.6, 17.90,17.85,17.86,82821,14.79,454, 58826, 71.03,0.0
NECLIFE, EQ, 08-May-2024,33.8,33.95,35.9,33.45,34.7,34.85,35.01,874698,306.27,1875, 279173, 31.92,3.11
NECLIFE, EQ, 08-Jun-2020,14.5,14.85,15.2,14.1, 14.70,14.65,14.64,657550,96.26,1761, 349943, 53.22,1.03
NECLIFE, EQ, 08-Jun-2021,35.5,36.45,37.75,34.5, 36.65,36.75,36.5,3792013,1383.97,12772, 1393985, 36.76,3.52
NECLIFE, EQ, 08-Jun-2022,24.55,24.8,25.3,24.6,24.95,24.75,24.94,99322,24.77,758, 46738, 47.06,0.81
NECLIFE, EQ, 08-Jun-2023,17.6,17.8,18.05,17.65, 17.80,17.75,17.83,270788,48.29,877, 151374, 55.90,0.85
NECLIFE, EQ, 08-Jul-2020,22.3,22.4,23.15,22.25,22.65,22.5,22.75,808066,183.83,2271, 393884, 48.74,0.9
NECLIFE, EQ, 08-Jul-2021,44.65,44.75,46.0,43.25, 45.65,45.45,44.82,2177253,975.85,7127, 1163643, 53.45,1.79
NECLIFE, EQ, 08-Jul-2022,24.2,24.3,24.55,23.6,23.6,23.75,23.93,109982,26.32,726, 67311, 61.20,-1.86
NECLIFE, EQ, 08-Jul-2024,31.5,31.68,31.88,30.81,31.05,31.08,31.28,731463,228.82,5309, 383092, 52.37,-1.33
NECLIFE, EQ, 08-Aug-2022,24.1,23.85,24.9,23.85,24.3,24.4,24.53,176707,43.35,907,108597,61.46,1.24
NECLIFE, EQ, 08-Aug-2023,26.05,26.2,26.55,25.55, 25.85,25.8,26.19,686665,179.81,2254, 356233, 51.88,-0.96
NECLIFE, EQ, 08-Aug-2024,30.35,30.11,32.48,30.11,31.28,31.16,31.76,1181450,375.27,9538, 469891, 39.77,2.67
NECLIFE, EQ, 08-Sep-2020,20.75,20.75,21.1,19.9, 20.25,20.1,20.54,339736,69.8,1229, 235595, 69.35,-3.13
NECLIFE, EQ, 08-Sep-2021,29.65,29.75,30.15,29.2, 29.70,29.45,29.66,216849,64.32,1466, 133104, 61.38,-0.67
NECLIFE, EQ, 08-Sep-2022,22.85,23.15,23.45,23.05, 23.20,23.15,23.24,257041,59.74,1272, 131674, 51.23,1.31
NECLIFE, EQ, 08-Sep-2023,28.05,28.2,28.5,26.75, 27.15,27.2,27.23,1459622,397.41,2917, 798311, 54.69,-3.03
NECLIFE, EQ, 08-Oct-2020,21.05,22.0,23.0,21.4,22.0,22.0,22.12,1944268,429.98,5720, 525447, 27.03,4.51
NECLIFE, EQ, 08-Oct-2021,31.7,32.05,32.75,31.8, 32.00,32.0,32.25,540247,174.25,2516, 277135, 51.30,0.95
NECLIFE, EQ, 08-Nov-2021,27.05,27.1,27.45,26.7, 26.90,26.8,26.88,190326,51.15,1215, 117025, 61.49,-0.92
NECLIFE, EQ, 08-Nov-2023,24.25,24.35,24.95,24.35, 24.65,24.5,24.64,300514,74.04,1320, 137544, 45.77,1.03
NECLIFE, EQ, 08-Dec-2020,20.8,20.95,21.0,20.0,20.3,20.3,20.43,381651,77.98,1366, 233355, 61.14,-2.4
NECLIFE, EQ, 08-Dec-2021,24.8,25.1,25.45,24.75,25.05,24.95,25.12,214090,53.77,1786, 125270, 58.51,0.6
NECLIFE, EQ, 08-Dec-2022,22.85,22.6,22.95,22.3, 22.75,22.45,22.54,113496,25.58,656, 81220, 71.56,-1.75
NECLIFE, EQ, 08-Dec-2023,28.85,29.05,29.8,28.8, 29.00,29.1,29.26,616657,180.42,2104, 248728, 40.33,0.87
NECLIFE, EQ, 09-Jan-2020,12.95,13.05,13.5,12.6, 12.95,12.95,13.04,259163,33.8,907, 155161, 59.87,0.0
NECLIFE, EQ, 09-Jan-2023,23.0,23.2,23.65,22.7,22.85,22.85,23.07,311901,71.96,1620, 171277, 54.91,-0.65
NECLIFE, EQ, 09-Jan-2024,32.8,33.2,34.6,32.85,33.5,33.55,33.92,1382525,468.96,5049, 567756, 41.07,2.29
NECLIFE, EQ, 09-Feb-2021,20.7,20.6,20.9,20.2, 20.40,20.3,20.6,246865,50.85,722, 136280, 55.20,-1.93
NECLIFE, EQ, 09-Feb-2022,32.35,32.5,33.3,32.15, 32.70,32.7,32.62,346238,112.95,2345, 188306, 54.39,1.08
NECLIFE, EQ, 09-Feb-2023,19.05,19.15,19.7,19.0, 19.40,19.45,19.41,298513,57.93,890, 161890, 54.23,2.1
NECLIFE, EQ, 09-Feb-2024,37.8,38.1,38.2,35.5, 36.40,36.3,36.36,2353964,855.85,6925, 1029436, 43.73,-3.97
NECLIFE, EQ, 09-Mar-2020,10.75,10.75,10.75,9.9, 10.20,10.3,10.24,89271,9.14,482, 59942, 67.15,-4.19
NECLIFE, EQ, 09-Mar-2021,22.2,22.55,23.4,21.0, 21.20,21.25,22.41,1955014,438.09,5204, 936144, 47.88,-4.28
NECLIFE, EQ, 09-Mar-2022,26.05,26.3,28.4,26.3, 27.95,27.9,27.73,789400,218.9,3626, 347245, 43.99,7.1
NECLIFE, EQ, 09-Mar-2023,17.65,17.8,18.85,17.65, 18.20,18.05,18.26,371041,67.75,1402, 135047, 36.40,2.27
NECLIFE, EQ, 09-Apr-2020,15.5,17.0,17.05,15.2, 15.85,15.85,16.31,1912388,311.83,6874, 1143449, 59.79,2.26
NECLIFE, EQ, 09-Apr-2021,18.95,19.1,20.2,18.9,19.8,19.75,19.66,683268,134.3,1946, 277257, 40.58,4.22
NECLIFE, EQ, 09-Apr-2024,35.45,35.45,35.75,34.5, 35.05,34.85,34.96,220171,76.97,1135, 124269, 56.44,-1.69
NECLIFE, EQ, 09-Apr-2025,23.27,23.0,23.0,21.8,22.53,22.67,22.35,897580,200.58,2089, 445929, 49.68,-2.58
NECLIFE, EQ, 09-May-2022,26.8,26.3,26.8,26.0, 26.25,26.35,26.33,354915,93.43,2658, 90788, 25.58,-1.68
NECLIFE, EQ, 09-May-2023,17.85,17.95,18.15,17.3,17.6,17.5,17.69,99837,17.66,591, 56772, 56.86,-1.96
NECLIFE, EQ, 09-May-2024,34.85,34.95,35.45,33.2,33.2,33.35,33.95,237813,80.74,1351, 143853, 60.49,-4.3
NECLIFE, EQ, 09-Jun-2020,14.65,14.7,15.0,13.9, 14.35,14.35,14.53,317394,46.12,904, 181341, 57.13,-2.05
NECLIFE, EQ, 09-Jun-2021,36.75,36.95,39.7,36.05,37.2,37.15,38.03,4412537,1678.27,14976, 1887918, 42.79,1.09
NECLIFE, EQ, 09-Jun-2022,24.75,24.5,25.4,24.5, 24.95,25.0,25.03,94746,23.72,671, 48850, 51.56,1.01
NECLIFE, EQ, 09-Jun-2023,17.75,18.0,18.0,17.5, 17.55,17.55,17.68,119352,21.11,515, 56756, 47.55,-1.13
NECLIFE, EQ, 09-Jul-2020,22.5,22.85,22.95,20.3, 22.00,22.0,21.92,623859,136.76,2263, 288855, 46.30,-2.22
NECLIFE, EQ, 09-Jul-2021,45.45,45.4,46.9,44.15,46.0,46.5,45.88,2721708,1248.84,8123, 1274640, 46.83,2.31
NECLIFE, EQ, 09-Jul-2024,31.08,31.19,31.45,30.66,31.08,31.02,31.18,952509,296.95,4644, 599934, 62.98,-0.19
NECLIFE, EQ, 09-Aug-2021,34.0,34.05,34.2,32.1, 32.15,32.35,32.83,407300,133.71,2485, 247306, 60.72,-4.85
NECLIFE, EQ, 09-Aug-2023,25.8,26.05,26.55,25.85, 26.15,26.3,26.3,632768,166.41,2120, 345124, 54.54,1.94
NECLIFE, EQ, 09-Aug-2024,31.16,31.5,31.7,30.66,31.2,31.08,31.15,514320,160.19,4851, 258707, 50.30,-0.26
NECLIFE, EQ, 09-Sep-2020,20.1,20.1,20.35,19.45, 19.95,19.9,19.76,268204,53.0,1176, 128228, 47.81,-1.0
NECLIFE, EQ, 09-Sep-2021,29.45,29.6,30.0,29.5, 29.55,29.55,29.66,164293,48.73,1026, 103377, 62.92,0.34
NECLIFE, EQ, 09-Sep-2022,23.15,23.4,24.3,23.05, 24.20,24.15,23.8,676303,160.98,1959, 488948, 72.30,4.32
NECLIFE, EQ, 09-Sep-2024,51.67,51.94,53.4,48.98,51.3,51.49,51.28,7733869,3966.03,27612, 2360221, 30.52,-0.35
NECLIFE, EQ, 09-Oct-2020,22.0,21.75,22.5,21.6, 21.60,21.75,22.04,521547,114.93,1464, 222423, 42.65,-1.14
NECLIFE, EQ, 09-Oct-2023,24.1,23.55,23.85,23.0, 23.20,23.15,23.44,231584,54.28,959, 124716, 53.85,-3.94
NECLIFE, EQ, 09-Nov-2020,16.65,16.85,16.9,16.3, 16.30,16.35,16.53,373615,61.76,1479, 223554, 59.84,-1.8
NECLIFE, EQ, 09-Nov-2021,26.8,27.0,27.35,26.75,26.9,26.85,26.94,257810,69.45,1207, 162903, 63.19,0.19
NECLIFE, EQ, 09-Nov-2022,21.1,21.3,21.4,21.15, 21.20,21.25,21.31,266024,56.7,603, 166349, 62.53,0.71
NECLIFE, EQ, 09-Nov-2023,24.5,24.7,24.85,23.8, 24.15,23.9,24.23,170426,41.29,920, 92162, 54.08,-2.45
NECLIFE, EQ, 09-Dec-2020,20.3,20.45,20.8,20.25,20.35,20.4,20.51,271774,55.75,930, 152114, 55.97,0.49
NECLIFE, EQ, 09-Dec-2021,24.95,25.15,26.45,25.0, 26.10,26.1,25.97,533064,138.44,2467, 316440, 59.36,4.61
NECLIFE, EQ, 09-Dec-2022,22.45,22.65,23.25,21.35, 21.85,21.8,22.33,288695,64.45,1188, 152046, 52.67,-2.9
NECLIFE, EQ, 10-Jan-2020,12.95,12.9,13.35,12.9, 13.15,13.0,13.08,114043,14.91,434, 68016, 59.64,0.39
NECLIFE, EQ, 10-Jan-2022,33.0,33.75,34.1,33.0,33.7,33.75,33.59,1771777,595.2,6830, 1099900, 62.08,2.27
NECLIFE, EQ, 10-Jan-2023,22.85,23.05,23.15,22.6,23.1,22.9,22.91,270686,62.02,888, 107665, 39.77,0.22
NECLIFE, EQ, 10-Jan-2024,33.55,33.65,34.9,33.3, 33.95,33.85,34.15,1251842,427.52,4850, 468132, 37.40,0.89
NECLIFE, EQ, 10-Feb-2020,13.55,13.6,13.8,13.0, 13.45,13.3,13.33,227797,30.37,797, 96002, 42.14,-1.85
NECLIFE, EQ, 10-Feb-2021,20.3,20.65,20.8,20.35,20.45,20.4,20.51,140055,28.73,552, 61609, 43.99,0.49
NECLIFE, EQ, 10-Feb-2022,32.7,32.7,33.2,32.0,32.45,32.4,32.55,324114,105.49,2215, 183809, 56.71,-0.92
NECLIFE, EQ, 10-Feb-2023,19.45,19.35,19.55,18.95, 19.00,19.0,19.19,291167,55.88,853, 182919, 62.82,-2.31
NECLIFE, EQ, 10-Feb-2025,37.94,38.5,38.9,35.0,35.7,35.76,36.2,651658,235.93,2641, 487838, 74.86,-5.75
NECLIFE, EQ, 10-Mar-2021,21.25,21.65,23.1,21.5, 22.35,22.0,22.38,2353423,526.75,5556, 761137, 32.34,3.53
NECLIFE, EQ, 10-Mar-2022,27.9,28.65,29.1,28.15, 28.15,28.3,28.6,230811,66.02,1524, 141936, 61.49,1.43
NECLIFE, EQ, 10-Mar-2023,18.05,17.95,18.45,17.65, 17.80,17.7,17.83,182849,32.6,558, 104490, 57.15,-1.94
NECLIFE, EQ, 10-Mar-2025,29.23,29.0,29.5,27.76,27.76,27.76,28.21,756452,213.37,1763, 427872, 56.56,-5.03
NECLIFE, EQ, 10-Apr-2023,16.65,16.85,17.3,16.65, 17.05,16.95,16.99,280503,47.65,898, 124523, 44.39,1.8
NECLIFE, EQ, 10-Apr-2024,34.85,34.8,35.15,34.5, 34.85,34.75,34.7,175946,61.06,835, 111051, 63.12,-0.29
NECLIFE, EQ, 10-May-2021,25.5,26.0,26.75,25.75, 26.00,26.15,26.24,1258989,330.37,3997, 560467, 44.52,2.55
NECLIFE, EQ, 10-May-2022,26.35,26.0,26.95,25.7, 25.80,25.85,26.29,281383,73.98,2283, 95198, 33.83,-1.9
NECLIFE, EQ, 10-May-2023,17.5,17.8,17.9,17.05,17.1,17.1,17.2,205983,35.44,683, 128266, 62.27,-2.29
NECLIFE, EQ, 10-May-2024,33.35,33.5,34.25,33.1,33.45,33.4,33.58,178999,60.11,974, 103161, 57.63,0.15
NECLIFE, EQ, 10-Jun-2020,14.35,15.8,17.2,15.5, 17.20,17.2,16.64,2176540,362.11,4958, 1269073, 58.31,19.86
NECLIFE, EQ, 10-Jun-2021,37.15,37.8,38.6,37.0, 37.85,37.85,37.8,1991828,752.98,7733, 821758, 41.26,1.88
NECLIFE, EQ, 10-Jun-2022,25.0,24.65,25.5,24.5,24.9,24.8,24.92,121599,30.3,689, 62792, 51.64,-0.8
NECLIFE, EQ, 10-Jun-2024,31.45,31.85,32.7,31.45,31.9,31.86,32.17,256592,82.55,1570, 134683, 52.49,1.3
NECLIFE, EQ, 10-Jul-2020,22.0,22.4,23.45,21.6,22.75,22.65,22.87,995752,227.74,3154, 431113, 43.30,2.95
NECLIFE, EQ, 10-Jul-2023,21.45,21.6,21.75,21.35,21.5,21.55,21.52,330376,71.09,983, 226814, 68.65,0.47
NECLIFE, EQ, 10-Jul-2024,31.02,30.85,31.25,29.45,29.9,29.87,30.07,1131365,340.24,6627, 550979, 48.70,-3.71
NECLIFE, EQ, 10-Aug-2020,21.75,21.7,23.45,21.7, 23.10,23.0,22.63,1098699,248.63,2775, 591230, 53.81,5.75
NECLIFE, EQ, 10-Aug-2021,32.35,32.35,32.95,28.0, 30.10,29.85,30.25,1491432,451.19,7310, 678194, 45.47,-7.73
NECLIFE, EQ, 10-Aug-2022,24.4,24.35,24.6,24.1,24.3,24.35,24.41,60318,14.72,500, 36722, 60.88,-0.2
NECLIFE, EQ, 10-Aug-2023,26.3,26.25,28.25,26.15, 27.15,27.05,27.48,1992236,547.44,5633, 894192, 44.88,2.85
NECLIFE, EQ, 10-Sep-2020,19.9,20.25,21.1,19.9, 20.35,20.35,20.55,168045,34.53,723, 97015, 57.73,2.26
NECLIFE, EQ, 10-Sep-2024,51.49,51.94,53.5,51.21,51.95,51.89,52.46,4193732,2200.2,15503, 1346594, 32.11,0.78
NECLIFE, EQ, 10-Oct-2022,22.4,22.25,22.4,21.9, 22.25,22.15,22.2,144531,32.09,598, 101249, 70.05,-1.12
NECLIFE, EQ, 10-Oct-2023,23.15,23.3,23.6,23.2, 23.35,23.4,23.42,117084,27.43,680, 63710, 54.41,1.08
NECLIFE, EQ, 10-Nov-2020,16.35,16.35,18.15,16.15, 17.50,17.5,17.19,671157,115.39,2085, 305759, 45.56,7.03
NECLIFE, EQ, 10-Nov-2021,26.85,26.6,27.1,26.6, 26.70,26.75,26.83,195852,52.55,1200, 108047, 55.17,-0.37
NECLIFE, EQ, 10-Nov-2022,21.25,21.35,21.35,21.05, 21.15,21.1,21.17,115521,24.46,420, 69086, 59.80,-0.71
NECLIFE, EQ, 10-Nov-2023,23.9,23.9,26.3,23.8,25.65,25.6,25.44,3668349,933.4,7460, 1152683, 31.42,7.11
NECLIFE, EQ, 10-Dec-2020,20.4,20.4,20.7,20.05, 20.25,20.2,20.19,203389,41.06,658, 135754, 66.75,-0.98
NECLIFE, EQ, 10-Dec-2021,26.1,26.5,27.9,26.15, 27.55,27.7,27.47,1098321,301.7,3997, 578076, 52.63,6.13
NECLIFE, EQ, 11-Jan-2021,23.45,23.55,23.75,22.55, 22.75,22.7,23.04,527186,121.46,1737, 235999, 44.77,-3.2
NECLIFE, EQ, 11-Jan-2022,33.75,33.9,34.1,32.2,32.55,32.45,32.82,898192,294.77,4687, 506988, 56.45,-3.85
NECLIFE, EQ, 11-Jan-2023,22.9,22.95,23.5,22.75, 23.10,22.95,23.15,331006,76.62,1201, 120142, 36.30,0.22
NECLIFE, EQ, 11-Jan-2024,33.85,33.85,34.65,33.5, 33.95,33.8,33.94,871824,295.9,3905, 314002, 36.02,-0.15
NECLIFE, EQ, 11-Feb-2020,13.3,13.45,13.75,13.25, 13.25,13.35,13.46,152752,20.55,604, 84710, 55.46,0.38
NECLIFE, EQ, 11-Feb-2021,20.4,20.7,21.1,20.4,20.55,20.6,20.72,271826,56.33,731, 110546, 40.67,0.98
NECLIFE, EQ, 11-Feb-2022,32.4,31.9,32.9,31.5,31.5,31.75,32.01,363229,116.28,1929, 200680, 55.25,-2.01
NECLIFE, EQ, 11-Feb-2025,35.76,35.76,35.86,32.18,32.6,32.55,33.09,1787810,591.5,3394, 1039087, 58.12,-8.98
NECLIFE, EQ, 11-Mar-2020,10.3,10.0,10.45,9.9, 10.00,10.0,10.1,86029,8.69,447, 57687, 67.06,-2.91
NECLIFE, EQ, 11-Mar-2022,28.3,28.85,28.85,27.8, 28.00,28.0,28.09,230297,64.7,1320, 143742, 62.42,-1.06
NECLIFE, EQ, 11-Mar-2024,35.75,35.7,35.85,33.8, 33.85,33.9,34.34,659238,226.41,2719, 464720, 70.49,-5.17
NECLIFE, EQ, 11-Mar-2025,27.76,26.37,26.37,26.37,26.37,26.37,26.37,109377,28.84,355, 109377, 100.00,-5.01
NECLIFE, EQ, 11-Apr-2022,32.35,32.5,33.0,30.75,31.4,31.05,32.03,1172986,375.71,5152, 606412, 51.70,-4.02
NECLIFE, EQ, 11-Apr-2023,16.95,16.9,17.25,16.85, 16.95,16.95,17.02,138793,23.62,529, 60032, 43.25,0.0
NECLIFE, EQ, 11-Apr-2025,22.67,23.3,23.3,20.99,21.95,21.88,22.3,1425017,317.76,2652, 797603, 55.97,-3.48
NECLIFE, EQ, 11-May-2020,13.45,13.85,13.85,12.9, 13.25,13.15,13.27,117485,15.59,647, 57419, 48.87,-2.23
NECLIFE, EQ, 11-May-2021,26.15,25.95,31.35,25.75, 31.35,31.35,29.55,9702632,2867.33,24772, 4318255, 44.51,19.89
NECLIFE, EQ, 11-May-2022,25.85,26.3,26.5,24.05,24.4,24.6,25.14,341556,85.85,2447, 140029, 41.00,-4.84
NECLIFE, EQ, 11-May-2023,17.1,17.25,17.35,17.05, 17.10,17.05,17.15,108896,18.67,427, 71023, 65.22,-0.29
NECLIFE, EQ, 11-Jun-2020,17.2,18.05,18.05,15.3, 15.45,15.45,16.18,2600394,420.64,7704, 1311790, 50.45,-10.17
NECLIFE, EQ, 11-Jun-2021,37.85,38.5,43.15,38.35, 40.20,40.45,40.98,9079052,3720.94,27039, 3247590, 35.77,6.87
NECLIFE, EQ, 11-Jun-2024,31.86,31.91,33.37,31.77,33.0,32.99,32.76,400993,131.36,2203, 227113, 56.64,3.55
NECLIFE, EQ, 11-Jul-2022,23.75,23.8,24.45,23.45,23.95,24.05,24.0,102410,24.58,779, 46105, 45.02,1.26
NECLIFE, EQ, 11-Jul-2023,21.55,21.6,21.8,21.15, 21.20,21.25,21.48,161102,34.61,776, 121627, 75.50,-1.39
NECLIFE, EQ, 11-Jul-2024,29.87,30.35,30.61,28.99,30.0,29.96,30.04,550786,165.46,3785, 208978, 37.94,0.3
NECLIFE, EQ, 11-Aug-2020,23.0,23.3,23.9,22.4,22.55,22.65,22.9,634411,145.28,2156, 372949, 58.79,-1.52
NECLIFE, EQ, 11-Aug-2021,29.85,29.8,29.8,26.75, 29.40,29.55,28.04,1958156,549.02,9252, 934005, 47.70,-1.01
NECLIFE, EQ, 11-Aug-2022,24.35,24.3,24.5,23.95,24.25,24.2,24.23,78604,19.04,516, 53616, 68.21,-0.62
NECLIFE, EQ, 11-Aug-2023,27.05,27.2,27.9,26.5, 26.70,26.7,27.22,688122,187.31,2405, 411564, 59.81,-1.29
NECLIFE, EQ, 11-Sep-2020,20.35,20.35,21.2,20.3, 21.00,20.85,20.66,165799,34.26,730, 100750, 60.77,2.46
NECLIFE, EQ, 11-Sep-2023,27.2,27.3,27.35,26.15, 26.35,26.4,26.67,720724,192.25,2358, 449860, 62.42,-2.94
NECLIFE, EQ, 11-Sep-2024,51.89,52.25,56.5,51.43,53.2,53.03,54.55,7595694,4143.08,26404, 2882514, 37.95,2.2
NECLIFE, EQ, 11-Oct-2021,32.0,32.5,32.55,31.3, 31.45,31.45,31.78,462409,146.96,2458, 315769, 68.29,-1.72
NECLIFE, EQ, 11-Oct-2022,22.15,22.25,22.3,21.7, 21.75,21.8,22.0,154794,34.06,785, 103632, 66.95,-1.58
NECLIFE, EQ, 11-Oct-2023,23.4,23.7,23.95,23.1, 23.55,23.5,23.63,179830,42.49,672, 100902, 56.11,0.43
NECLIFE, EQ, 11-Nov-2020,17.5,17.5,18.3,17.4, 17.80,17.65,17.78,315466,56.09,1195, 142854, 45.28,0.86
NECLIFE, EQ, 11-Nov-2021,26.75,26.7,26.85,26.4, 26.55,26.5,26.58,141088,37.49,1025, 84089, 59.60,-0.93
NECLIFE, EQ, 11-Nov-2022,21.1,21.35,21.75,21.15,21.45,21.4,21.4,245866,52.61,739, 151517, 61.63,1.42
NECLIFE, EQ, 11-Dec-2020,20.2,20.7,20.8,20.0, 20.05,20.2,20.44,448239,91.62,1247, 213039, 47.53,0.0
NECLIFE, EQ, 11-Dec-2023,29.1,29.15,29.55,28.8, 28.90,28.9,28.98,417223,120.93,1824, 204214, 48.95,-0.69
NECLIFE, EQ, 12-Jan-2021,22.7,23.2,23.45,22.75, 22.90,22.95,23.04,371553,85.61,1374, 184146, 49.56,1.1
NECLIFE, EQ, 12-Jan-2022,32.45,32.95,33.25,31.25,31.4,31.35,31.97,761621,243.48,3891, 421053, 55.28,-3.39
NECLIFE, EQ, 12-Jan-2023,22.95,23.1,23.4,22.5, 22.50,22.6,22.75,318563,72.48,1164, 188016, 59.02,-1.53
NECLIFE, EQ, 12-Jan-2024,33.8,33.95,36.55,33.95,34.3,34.3,35.1,3238155,1136.46,11397, 1275799, 39.40,1.48
NECLIFE, EQ, 12-Feb-2020,13.35,13.45,13.85,12.95, 13.05,13.05,13.32,111646,14.87,467, 72692, 65.11,-2.25
NECLIFE, EQ, 12-Feb-2021,20.6,20.7,20.95,20.25,20.4,20.35,20.57,160957,33.11,626, 95322, 59.22,-1.21
NECLIFE, EQ, 12-Feb-2024,36.3,36.6,37.1,34.35, 34.70,34.65,35.48,1537860,545.67,5500, 563561, 36.65,-4.55
NECLIFE, EQ, 12-Feb-2025,32.55,31.25,33.22,30.0,32.1,32.16,31.68,2179338,690.46,5283, 1021996, 46.89,-1.2
NECLIFE, EQ, 12-Mar-2020,10.0,9.35,9.45,8.65, 8.80,8.85,9.09,170456,15.49,791, 119610, 70.17,-11.5
NECLIFE, EQ, 12-Mar-2021,22.0,22.35,22.75,21.1, 21.35,21.4,21.98,1019032,223.97,3482, 358952, 35.22,-2.73
NECLIFE, EQ, 12-Mar-2024,33.9,33.75,34.1,32.5, 32.60,33.2,33.24,1114869,370.58,3645, 702485, 63.01,-2.06
NECLIFE, EQ, 12-Mar-2025,26.37,25.05,25.05,25.05,25.05,25.05,25.05,191799,48.05,427, 191799, 100.00,-5.01
NECLIFE, EQ, 12-Apr-2021,19.75,19.3,20.3,18.8, 18.80,18.95,19.41,698378,135.58,2070, 270723, 38.76,-4.05
NECLIFE, EQ, 12-Apr-2022,31.05,31.0,31.5,28.8, 30.30,30.3,30.12,1888415,568.76,9380, 673270, 35.65,-2.42
NECLIFE, EQ, 12-Apr-2023,16.95,17.2,18.1,16.9, 17.90,17.8,17.56,463124,81.34,1309, 212075, 45.79,5.01
NECLIFE, EQ, 12-Apr-2024,34.75,34.7,35.05,33.7, 34.40,33.85,34.31,322162,110.54,1516, 194079, 60.24,-2.59
NECLIFE, EQ, 12-May-2020,13.15,13.2,13.35,12.8, 13.10,13.05,13.02,61388,7.99,304, 32280, 52.58,-0.76
NECLIFE, EQ, 12-May-2021,31.35,32.65,33.25,29.65,30.9,30.9,31.43,7971559,2505.44,21876, 3455030, 43.34,-1.44
NECLIFE, EQ, 12-May-2022,24.6,24.55,27.3,23.55,23.9,23.9,24.31,342548,83.27,2585, 190652, 55.66,-2.85
NECLIFE, EQ, 12-May-2023,17.05,17.25,17.25,16.9, 16.95,16.95,17.04,130735,22.28,567, 81969, 62.70,-0.59
NECLIFE, EQ, 12-Jun-2020,15.45,14.0,16.3,14.0, 15.80,15.9,15.54,1487865,231.22,4799, 548966, 36.90,2.91
NECLIFE, EQ, 12-Jun-2023,17.55,17.85,17.85,17.5, 17.75,17.6,17.71,116287,20.6,537, 74565, 64.12,0.28
NECLIFE, EQ, 12-Jun-2024,32.99,33.0,34.74,33.0,33.8,33.7,34.07,699132,238.16,3998, 417009, 59.65,2.15
NECLIFE, EQ, 12-Jul-2021,46.5,47.8,47.9,43.45, 43.80,43.95,45.33,4352179,1972.86,15614, 2390557, 54.93,-5.48
NECLIFE, EQ, 12-Jul-2022,24.05,24.05,24.7,23.8,24.1,24.2,24.31,77682,18.89,613, 38852, 50.01,0.62
NECLIFE, EQ, 12-Jul-2023,21.25,21.35,21.9,20.6, 21.20,21.25,21.23,403290,85.61,1348, 207079, 51.35,0.0
NECLIFE, EQ, 12-Jul-2024,29.96,30.09,30.22,29.6,29.7,29.7,29.89,323695,96.74,2958, 150969, 46.64,-0.87
NECLIFE, EQ, 12-Aug-2020,22.65,22.85,22.85,22.1,22.25,22.25,22.31,365338,81.5,1186, 227102, 62.16,-1.77
NECLIFE, EQ, 12-Aug-2021,29.55,30.0,32.65,30.0, 32.10,32.15,31.75,839106,266.39,4723, 444719, 53.00,8.8
NECLIFE, EQ, 12-Aug-2022,24.2,24.25,24.9,24.05,24.6,24.5,24.58,196227,48.23,844, 138937, 70.80,1.24
NECLIFE, EQ, 12-Aug-2024,31.08,31.1,31.29,30.35,30.4,30.44,30.68,796843,244.48,5902, 382947, 48.06,-2.06
NECLIFE, EQ, 12-Sep-2022,24.15,24.35,24.95,24.0, 24.25,24.3,24.45,477722,116.79,1632, 306079, 64.07,0.62
NECLIFE, EQ, 12-Sep-2023,26.4,26.55,26.7,24.85, 25.20,25.1,25.63,1018177,260.92,2622, 518618, 50.94,-4.92
NECLIFE, EQ, 12-Sep-2024,53.03,53.8,54.78,53.2,53.87,53.92,53.86,3176677,1710.83,9558, 1074036, 33.81,1.68
NECLIFE, EQ, 12-Oct-2020,21.75,21.65,21.95,21.15, 21.25,21.25,21.54,166867,35.95,718, 103854, 62.24,-2.3
NECLIFE, EQ, 12-Oct-2021,31.45,31.3,31.75,30.4, 30.65,30.65,30.86,399767,123.37,2418, 256907, 64.26,-2.54
NECLIFE, EQ, 12-Oct-2022,21.8,22.05,22.05,21.5, 21.60,21.6,21.63,163294,35.33,955, 120006, 73.49,-0.92
NECLIFE, EQ, 12-Oct-2023,23.5,23.5,24.1,23.5, 24.00,23.85,23.86,188508,44.97,670, 96237, 51.05,1.49
NECLIFE, EQ, 12-Nov-2020,17.65,18.25,18.25,17.55, 17.90,17.85,17.76,180362,32.02,591, 92829, 51.47,1.13
NECLIFE, EQ, 12-Nov-2021,26.5,26.75,26.75,25.1, 25.90,25.75,26.15,343715,89.87,2068, 192666, 56.05,-2.83
NECLIFE, EQ, 12-Dec-2022,21.8,21.8,24.4,21.35, 23.10,23.35,23.59,1116086,263.29,3977, 569068, 50.99,7.11
NECLIFE, EQ, 12-Dec-2023,28.9,29.0,29.75,28.55, 29.20,28.9,29.08,719198,209.14,2794, 287763, 40.01,0.0
NECLIFE, EQ, 13-Jan-2020,13.0,13.05,13.35,12.75, 13.10,13.1,13.07,120050,15.69,439, 68199, 56.81,0.77
NECLIFE, EQ, 13-Jan-2021,22.95,23.0,23.3,22.5, 22.85,22.85,22.91,373357,85.52,1423, 209324, 56.07,-0.44
NECLIFE, EQ, 13-Jan-2022,31.35,31.5,32.15,31.1, 31.15,31.25,31.56,444345,140.25,2462, 252491, 56.82,-0.32
NECLIFE, EQ, 13-Jan-2023,22.6,22.45,22.9,21.9,22.2,22.2,22.42,488215,109.46,1833, 239006, 48.96,-1.77
NECLIFE, EQ, 13-Feb-2020,13.05,13.45,13.45,12.9, 12.90,13.0,13.07,84368,11.02,282, 57874, 68.60,-0.38
NECLIFE, EQ, 13-Feb-2023,19.0,19.05,19.1,18.3,18.75,18.65,18.65,323749,60.39,1009, 224205, 69.25,-1.84
NECLIFE, EQ, 13-Feb-2024,34.65,35.0,35.8,33.85, 34.85,35.05,34.54,1327372,458.44,5610, 429954, 32.39,1.15
NECLIFE, EQ, 13-Feb-2025,32.16,32.55,33.18,31.8,32.65,32.55,32.52,695158,226.05,2043, 380136, 54.68,1.21
NECLIFE, EQ, 13-Mar-2020,8.85,8.75,9.4,7.1, 9.20,9.05,8.28,269080,22.28,1065, 161496, 60.02,2.26
NECLIFE, EQ, 13-Mar-2023,17.7,18.0,18.0,17.05, 17.10,17.15,17.36,173765,30.17,746, 124244, 71.50,-3.11
NECLIFE, EQ, 13-Mar-2024,33.2,32.7,33.0,30.15, 30.20,30.4,31.32,993083,310.99,3698, 624612, 62.90,-8.43
NECLIFE, EQ, 13-Mar-2025,25.05,23.79,23.79,23.79,23.79,23.79,23.79,228742,54.42,411, 228742, 100.00,-5.03
NECLIFE, EQ, 13-Apr-2020,15.85,17.4,17.4,14.4, 15.20,15.3,15.55,829346,129.0,2567,417596,54.77,-3.47
NECLIFE, EQ, 13-Apr-2021,18.95,19.0,19.8,18.9, 19.40,19.45,19.35,318651,61.65,941, 121546, 38.14,2.64
NECLIFE, EQ, 13-Apr-2022,30.3,30.55,31.65,30.2,30.6,30.65,30.84,587327,181.11,2712, 223995, 38.14,1.16
NECLIFE, EQ, 13-Apr-2023,17.8,17.8,18.05,17.45, 17.55,17.55,17.63,215901,38.06,733, 121083, 56.08,-1.4
NECLIFE, EQ, 13-May-2020,13.05,13.45,13.55,12.85,12.95,13.0,13.15,141294,18.58,651, 77323, 54.72,-0.38
NECLIFE, EQ, 13-May-2022,23.9,24.35,25.5,24.3,24.5,24.55,24.88,260704,64.87,1983, 101842, 39.06,2.72
NECLIFE, EQ, 13-May-2024,33.4,33.35,33.35,32.9,33.15,33.1,33.08,188208,62.26,1102, 126993, 67.47,-0.9
NECLIFE, EQ, 13-Jun-2022,24.8,24.6,24.8,23.9,24.1,24.0,24.16,151774,36.67,1239, 98692, 65.03,-3.23
NECLIFE, EQ, 13-Jun-2023,17.6,17.85,18.0,17.65, 17.85,17.8,17.83,221541,39.5,657, 130272, 58.80,1.14
NECLIFE, EQ, 13-Jun-2024,33.7,34.4,34.5,33.05,33.34,33.22,33.48,240092,80.39,2189, 139659, 58.17,-1.42
NECLIFE, EQ, 13-Jul-2020,22.65,22.9,23.15,21.85, 22.00,22.0,22.44,474369,106.45,1917, 276551, 58.30,-2.87
NECLIFE, EQ, 13-Jul-2021,43.95,45.4,45.4,43.8, 44.15,44.2,44.56,1122823,500.27,4594, 638691, 56.88,0.57
NECLIFE, EQ, 13-Jul-2022,24.2,24.45,25.1,24.25,24.3,24.4,24.66,141335,34.86,879, 69058, 48.86,0.83
NECLIFE, EQ, 13-Jul-2023,21.25,21.65,21.65,21.2, 21.45,21.45,21.42,391009,83.74,834, 284255, 72.70,0.94
NECLIFE, EQ, 13-Aug-2020,22.25,22.45,22.9,21.7, 21.95,22.0,22.26,554085,123.36,1589, 302596, 54.61,-1.12
NECLIFE, EQ, 13-Aug-2021,32.15,32.35,32.55,30.8,31.25,31.0,31.6,411681,130.1,2846, 244507, 59.39,-3.58
NECLIFE, EQ, 13-Aug-2024,30.44,30.95,31.83,30.05,30.26,30.27,30.9,564007,174.28,4856, 303306, 53.78,-0.56
NECLIFE, EQ, 13-Sep-2021,29.55,29.6,29.95,28.7, 29.10,29.1,29.11,366685,106.74,1912, 215533, 58.78,-1.52
NECLIFE, EQ, 13-Sep-2022,24.3,24.55,24.55,24.0, 24.10,24.05,24.19,172086,41.63,819, 116582, 67.75,-1.03
NECLIFE, EQ, 13-Sep-2023,25.1,25.1,25.85,24.65, 25.55,25.5,25.27,635320,160.51,1985, 262321, 41.29,1.59
NECLIFE, EQ, 13-Sep-2024,53.92,53.99,54.99,51.81,52.8,52.42,53.48,2742603,1466.76,9514, 1218087, 44.41,-2.78
NECLIFE, EQ, 13-Oct-2020,21.25,21.1,21.75,20.8, 20.85,20.9,21.14,231932,49.04,852, 110648, 47.71,-1.65
NECLIFE, EQ, 13-Oct-2021,30.65,30.65,31.75,30.55,30.95,30.75,30.9,452460,139.8,1923, 243410, 53.80,0.33
NECLIFE, EQ, 13-Oct-2022,21.6,21.6,21.75,21.2,21.4,21.4,21.46,78084,16.76,615, 37874, 48.50,-0.93
NECLIFE, EQ, 13-Oct-2023,23.85,23.95,25.2,23.85, 24.95,24.85,24.59,615547,151.38,1827, 303543, 49.31,4.19
NECLIFE, EQ, 13-Nov-2020,17.85,17.9,17.9,17.6,17.65,17.65,17.73,116849,20.72,514, 66249, 56.70,-1.12
NECLIFE, EQ, 13-Nov-2023,26.5,26.7,26.7,25.2, 25.70,25.6,25.85,508820,131.51,1855, 299509, 58.86,-3.4
NECLIFE, EQ, 13-Dec-2021,27.7,28.4,28.4,26.6,26.95,26.85,27.45,471779,129.48,2293, 276752, 58.66,-3.07
NECLIFE, EQ, 13-Dec-2022,23.35,23.5,24.0,22.5, 23.25,23.35,23.47,385807,90.53,2046, 178091, 46.16,0.0
NECLIFE, EQ, 13-Dec-2023,28.9,29.15,31.0,28.9, 30.40,30.25,30.08,2083613,626.7,6259, 894985, 42.95,4.67
NECLIFE, EQ, 14-Jan-2020,13.1,13.7,14.45,13.6, 13.80,13.85,13.97,808500,112.96,3046, 296189, 36.63,5.73
NECLIFE, EQ, 14-Jan-2021,22.85,23.0,23.15,22.6, 22.70,22.7,22.8,254036,57.92,927, 123366, 48.56,-0.66
NECLIFE, EQ, 14-Jan-2022,31.25,31.25,31.25,30.2, 30.80,30.55,30.55,600343,183.41,2906, 399967, 66.62,-2.24
NECLIFE, EQ, 14-Feb-2020,13.0,13.2,13.2,12.7, 12.75,12.75,12.86,73441,9.45,313, 58544, 79.72,-1.92
NECLIFE, EQ, 14-Feb-2022,31.75,30.9,31.2,29.65,29.7,30.0,30.48,378040,115.24,3025, 230644, 61.01,-5.51
NECLIFE, EQ, 14-Feb-2023,18.65,18.75,18.9,18.15,18.7,18.55,18.48,154866,28.62,769, 85429, 55.16,-0.54
NECLIFE, EQ, 14-Feb-2024,35.05,34.7,40.0,34.4, 36.65,36.55,37.38,4993809,1866.56,12689, 1131066, 22.65,4.28
NECLIFE, EQ, 14-Feb-2025,32.55,33.18,33.18,29.29,29.9,30.09,30.0,2099079,629.68,3792, 1094143, 52.12,-7.56
NECLIFE, EQ, 14-Mar-2022,28.0,27.0,27.8,26.5,27.25,27.0,27.2,599882,163.2,3072, 272496, 45.42,-3.57
NECLIFE, EQ, 14-Mar-2023,17.15,17.05,17.35,16.8, 17.00,16.9,17.04,197166,33.6,768, 118320, 60.01,-1.46
NECLIFE, EQ, 14-Mar-2024,30.4,30.05,32.75,29.5, 31.40,31.65,31.35,522119,163.69,2405, 287200, 55.01,4.11
NECLIFE, EQ, 14-May-2020,13.0,13.2,14.3,13.05,14.3,14.3,14.09,842374,118.7,1954, 380022, 45.11,10.0
NECLIFE, EQ, 14-May-2021,30.9,31.25,31.75,28.25, 29.30,29.35,29.96,2284903,684.63,8167, 1177230, 51.52,-5.02
NECLIFE, EQ, 14-May-2024,33.1,32.8,33.25,32.6,32.8,32.75,32.97,290356,95.73,970, 184148, 63.42,-1.06
NECLIFE, EQ, 14-Jun-2021,40.45,40.95,43.2,37.5, 41.75,41.9,41.16,5215654,2146.87,17852, 1759710, 33.74,3.58
NECLIFE, EQ, 14-Jun-2022,24.0,23.65,24.3,23.65, 23.85,23.75,23.9,157951,37.76,932, 74175, 46.96,-1.04
NECLIFE, EQ, 14-Jun-2023,17.8,17.8,18.0,17.75, 18.00,17.95,17.87,156644,28.0,587, 106490, 67.98,0.84
NECLIFE, EQ, 14-Jun-2024,33.22,33.99,33.99,33.27,33.75,33.75,33.69,216750,73.03,1803, 113192, 52.22,1.6
NECLIFE, EQ, 14-Jul-2020,22.0,21.9,21.95,21.1,21.45,21.4,21.5,363590,78.18,1431, 210057, 57.77,-2.73
NECLIFE, EQ, 14-Jul-2021,44.2,45.05,45.1,42.55, 42.55,42.85,43.42,942002,409.01,4265, 620260, 65.84,-3.05
NECLIFE, EQ, 14-Jul-2022,24.4,24.8,25.35,24.2, 24.45,24.45,24.72,200214,49.5,1115, 99163, 49.53,0.2
NECLIFE, EQ, 14-Jul-2023,21.45,21.45,21.9,21.25,21.5,21.55,21.53,230330,49.59,708, 155274, 67.41,0.47
NECLIFE, EQ, 14-Aug-2020,22.0,22.25,22.65,20.75, 21.60,21.5,21.91,639029,140.0,1748, 275962, 43.18,-2.27
NECLIFE, EQ, 14-Aug-2023,26.7,26.5,26.85,24.5, 24.90,24.7,25.24,1059498,267.37,3769, 471679, 44.52,-7.49
NECLIFE, EQ, 14-Aug-2024,30.27,30.41,32.8,29.26,30.4,30.24,30.68,1337714,410.35,8638, 340452, 25.45,-0.1
NECLIFE, EQ, 14-Sep-2020,20.85,21.0,21.4,20.35,20.8,20.75,21.03,216245,45.47,890, 122482, 56.64,-0.48
NECLIFE, EQ, 14-Sep-2021,29.1,29.2,30.2,29.15, 29.70,29.6,29.68,277093,82.24,1155, 173987, 62.79,1.72
NECLIFE, EQ, 14-Sep-2022,24.05,23.55,25.75,23.5,25.4,25.2,25.05,1316711,329.8,3897, 551902, 41.92,4.78
NECLIFE, EQ, 14-Sep-2023,25.5,25.3,26.1,25.3, 25.60,25.6,25.78,204489,52.72,841, 93788, 45.86,0.39
NECLIFE, EQ, 14-Oct-2020,20.9,20.85,21.65,20.75, 20.90,20.9,21.01,142767,30.0,728, 73391, 51.41,0.0
NECLIFE, EQ, 14-Oct-2021,30.75,30.75,31.25,30.3,30.35,30.4,30.62,404841,123.96,2354, 263113, 64.99,-1.14
NECLIFE, EQ, 14-Oct-2022,21.4,21.75,21.8,20.85, 21.20,21.2,21.4,137554,29.44,644, 88719, 64.50,-0.93
NECLIFE, EQ, 14-Nov-2022,21.4,21.65,21.65,21.1,21.5,21.4,21.36,213473,45.6,720, 108696, 50.92,0.0
NECLIFE, EQ, 14-Dec-2020,20.2,20.4,20.6,20.0,20.2,20.1,20.19,234273,47.3,839, 136968, 58.47,-0.5
NECLIFE, EQ, 14-Dec-2021,26.85,26.45,27.8,26.3,27.2,27.05,27.06,387471,104.86,2480, 192055, 49.57,0.74
NECLIFE, EQ, 14-Dec-2022,23.35,23.35,23.7,22.6, 23.15,22.9,23.08,217831,50.27,1244, 105450, 48.41,-1.93
NECLIFE, EQ, 14-Dec-2023,30.25,30.65,30.7,29.45, 29.60,29.65,29.91,634039,189.64,2458, 408601, 64.44,-1.98
NECLIFE, EQ, 15-Jan-2020,13.85,13.85,14.25,13.55, 13.90,14.0,13.95,169959,23.72,622, 102383, 60.24,1.08
NECLIFE, EQ, 15-Jan-2021,22.7,22.8,22.95,22.15,22.45,22.4,22.52,283082,63.75,1083, 164712, 58.19,-1.32
NECLIFE, EQ, 15-Jan-2024,34.3,34.5,34.9,33.55, 34.30,34.3,34.2,1260551,431.11,4972, 552456, 43.83,0.0
NECLIFE, EQ, 15-Feb-2021,20.35,20.0,20.2,19.3, 19.45,19.4,19.65,644811,126.72,1740, 394803, 61.23,-4.67
NECLIFE, EQ, 15-Feb-2022,30.0,31.0,32.35,30.1,31.3,31.2,31.15,687387,214.14,3599, 244272, 35.54,4.0
NECLIFE, EQ, 15-Feb-2023,18.55,18.55,18.65,18.2, 18.50,18.45,18.43,114338,21.07,558, 68665, 60.05,-0.54
NECLIFE, EQ, 15-Feb-2024,36.55,37.0,37.6,36.3, 36.90,36.75,36.88,1487351,548.57,4782, 587615, 39.51,0.55
NECLIFE, EQ, 15-Mar-2021,21.4,21.45,21.65,20.4, 20.55,20.7,20.82,518668,107.99,1553, 298761, 57.60,-3.27
NECLIFE, EQ, 15-Mar-2022,27.0,27.25,27.95,26.85,27.0,27.1,27.32,309109,84.46,1627, 182297, 58.97,0.37
NECLIFE, EQ, 15-Mar-2023,16.9,16.95,17.45,16.2, 16.40,16.45,16.89,330034,55.74,1555, 152380, 46.17,-2.66
NECLIFE, EQ, 15-Mar-2024,31.65,31.8,32.4,30.5, 31.10,30.75,30.93,381182,117.92,1933, 196583, 51.57,-2.84
NECLIFE, EQ, 15-Apr-2020,15.3,16.25,16.4,15.25, 15.45,15.5,15.82,702464,111.14,2494, 396207, 56.40,1.31
NECLIFE, EQ, 15-Apr-2021,19.45,19.3,19.8,19.05,19.25,19.25,19.32,195570,37.78,891, 88936, 45.48,-1.03
NECLIFE, EQ, 15-Apr-2024,33.85,33.5,33.5,31.95, 32.70,32.6,32.73,333537,109.18,1756, 174106, 52.20,-3.69
NECLIFE, EQ, 15-Apr-2025,21.88,22.47,23.19,21.55,22.7,22.72,22.39,2008750,449.85,3981, 820927, 40.87,3.84
NECLIFE, EQ, 15-May-2020,14.3,14.95,14.95,13.7,13.95,13.85,14.21,352382,50.08,1164, 193295, 54.85,-3.15
NECLIFE, EQ, 15-May-2023,16.95,17.2,17.4,16.7, 17.20,17.25,17.03,173937,29.63,626, 110879, 63.75,1.77
NECLIFE, EQ, 15-May-2024,32.75,32.75,36.6,32.75,35.35,35.75,35.21,3019534,1063.07,7738, 734783, 24.33,9.16
NECLIFE, EQ, 15-Jun-2020,15.9,16.2,16.25,15.6,15.9,15.95,16.01,545831,87.36,1516, 287117, 52.60,0.31
NECLIFE, EQ, 15-Jun-2021,41.9,42.25,43.4,41.05, 41.55,41.7,42.19,2265398,955.79,9413, 919099, 40.57,-0.48
NECLIFE, EQ, 15-Jun-2022,23.75,23.8,24.25,23.6, 24.00,23.9,23.97,120575,28.9,717, 76563, 63.50,0.63
NECLIFE, EQ, 15-Jun-2023,17.95,18.0,21.5,17.95, 21.20,21.4,20.94,8171444,1711.26,15647, 2081882, 25.48,19.22
NECLIFE, EQ, 15-Jul-2020,21.4,21.85,21.85,19.3,20.25,19.9,20.59,632484,130.22,2051, 356841, 56.42,-7.01
NECLIFE, EQ, 15-Jul-2021,42.85,42.7,43.25,40.8, 41.00,41.15,41.61,1177083,489.82,5768, 784448, 66.64,-3.97
NECLIFE, EQ, 15-Jul-2022,24.45,24.8,24.8,24.05,24.2,24.1,24.23,52930,12.83,487, 25527, 48.23,-1.43
NECLIFE, EQ, 15-Jul-2024,29.7,29.85,31.0,29.02,29.35,29.31,29.44,590229,173.74,3583, 330482, 55.99,-1.31
NECLIFE, EQ, 15-Sep-2020,20.75,20.55,21.75,20.55, 21.50,21.55,21.41,425617,91.11,1509, 265906, 62.48,3.86
NECLIFE, EQ, 15-Sep-2021,29.6,29.8,31.65,29.7, 30.95,30.85,30.92,822512,254.31,3247, 493214, 59.96,4.22
NECLIFE, EQ, 15-Sep-2022,25.2,25.45,25.45,24.8,25.1,24.95,25.09,359231,90.13,1131, 240949, 67.07,-0.99
NECLIFE, EQ, 15-Sep-2023,25.6,25.7,26.15,25.6, 25.75,25.75,25.81,251541,64.91,976, 150583, 59.86,0.59
NECLIFE, EQ, 15-Oct-2020,20.9,20.9,21.35,20.5, 20.65,20.6,20.88,161883,33.8,751, 102617, 63.39,-1.44
NECLIFE, EQ, 15-Nov-2021,25.75,26.6,26.6,25.2, 25.25,25.25,25.49,272568,69.47,1506, 198593, 72.86,-1.94
NECLIFE, EQ, 15-Nov-2022,21.4,21.4,21.4,20.0, 20.75,20.7,20.79,318140,66.14,1383, 198560, 62.41,-3.27
NECLIFE, EQ, 15-Nov-2023,25.6,25.6,26.5,25.0, 25.25,25.25,25.76,667361,171.89,2376, 333599, 49.99,-1.37
NECLIFE, EQ, 15-Dec-2020,20.1,20.1,22.0,20.05,21.1,21.15,21.24,1098906,233.38,3320, 514950, 46.86,5.22
NECLIFE, EQ, 15-Dec-2021,27.05,27.05,31.0,26.7, 29.00,29.1,29.54,3429380,1013.07,11960, 1240021, 36.16,7.58
NECLIFE, EQ, 15-Dec-2022,22.9,23.0,24.35,22.95, 23.10,23.15,23.63,594571,140.49,2166, 293289, 49.33,1.09
NECLIFE, EQ, 15-Dec-2023,29.65,29.75,31.3,29.75, 30.10,30.05,30.52,1408826,429.98,5593, 657564, 46.67,1.35
NECLIFE, EQ, 16-Jan-2020,14.0,14.0,14.55,14.0, 14.25,14.15,14.33,168215,24.1,686, 105294, 62.59,1.07
NECLIFE, EQ, 16-Jan-2023,22.2,22.15,22.45,22.1, 22.20,22.1,22.22,131026,29.12,613, 76174, 58.14,-0.45
NECLIFE, EQ, 16-Jan-2024,34.3,34.3,34.8,32.85, 33.85,33.65,33.82,1031255,348.82,4102, 443812, 43.04,-1.9
NECLIFE, EQ, 16-Feb-2021,19.4,19.5,19.6,18.95, 19.05,19.15,19.2,429482,82.46,1141, 252579, 58.81,-1.29
NECLIFE, EQ, 16-Feb-2022,31.2,32.0,32.15,31.1,31.3,31.3,31.6,294625,93.11,1864, 159470, 54.13,0.32
NECLIFE, EQ, 16-Feb-2023,18.45,18.5,18.55,18.3, 18.45,18.4,18.41,156706,28.86,442, 94496, 60.30,-0.27
NECLIFE, EQ, 16-Feb-2024,36.75,37.0,44.1,37.0,43.1,43.15,42.19,21109358,8906.95,48590, 5429637, 25.72,17.41
NECLIFE, EQ, 16-Mar-2020,9.05,9.05,9.75,8.6, 9.00,9.15,9.27,179932,16.68,1090, 92944, 51.66,1.1
NECLIFE, EQ, 16-Mar-2021,20.7,20.9,21.15,20.25, 20.50,20.35,20.67,343559,71.0,926, 194407, 56.59,-1.69
NECLIFE, EQ, 16-Mar-2022,27.1,27.35,27.7,26.95,27.15,27.05,27.18,265247,72.1,1302, 162115, 61.12,-0.18
NECLIFE, EQ, 16-Mar-2023,16.45,16.45,16.65,16.05, 16.20,16.25,16.24,158476,25.74,887, 94169, 59.42,-1.22
NECLIFE, EQ, 16-Apr-2020,15.5,15.55,15.55,14.7, 15.20,15.1,15.11,427062,64.53,1341, 224979, 52.68,-2.58
NECLIFE, EQ, 16-Apr-2021,19.25,19.45,19.8,19.15,19.5,19.5,19.52,284246,55.49,913, 171738, 60.42,1.3
NECLIFE, EQ, 16-Apr-2024,32.6,32.25,34.65,32.15, 34.35,34.15,33.73,324676,109.52,1718, 151100, 46.54,4.75
NECLIFE, EQ, 16-Apr-2025,22.72,22.72,23.07,22.38,22.79,22.86,22.75,1795201,408.45,2811, 837110, 46.63,0.62
NECLIFE, EQ, 16-May-2022,24.55,24.55,26.05,24.55,25.5,25.15,25.35,207279,52.55,2102, 61562, 29.70,2.44
NECLIFE, EQ, 16-May-2023,17.25,17.25,17.5,17.0,17.1,17.1,17.28,139296,24.07,519, 85183, 61.15,-0.87
NECLIFE, EQ, 16-May-2024,35.75,35.65,35.75,33.95,34.15,34.2,34.44,465933,160.47,2273, 261018, 56.02,-4.34
NECLIFE, EQ, 16-Jun-2020,15.95,16.15,19.1,16.05, 19.10,19.05,18.59,11697523,2174.06,19163, 2463759, 21.06,19.44
NECLIFE, EQ, 16-Jun-2021,41.7,41.55,41.95,39.5, 39.75,39.7,40.21,1614811,649.32,8294, 783378, 48.51,-4.8
NECLIFE, EQ, 16-Jun-2022,23.9,24.4,24.5,22.25, 23.00,22.8,23.16,203705,47.19,1370, 138206, 67.85,-4.6
NECLIFE, EQ, 16-Jun-2023,21.4,21.35,21.35,19.9, 20.05,20.0,20.36,1187160,241.76,3480, 701013, 59.05,-6.54
NECLIFE, EQ, 16-Jul-2020,19.9,20.45,20.45,18.65, 19.15,19.15,19.19,534612,102.62,2243, 292291, 54.67,-3.77
NECLIFE, EQ, 16-Jul-2021,41.15,41.2,42.35,40.55, 40.70,40.75,41.15,926638,381.29,4274, 456842, 49.30,-0.97
NECLIFE, EQ, 16-Jul-2024,29.31,29.48,29.88,29.02,29.07,29.1,29.41,589356,173.33,3411, 325889, 55.30,-0.72
NECLIFE, EQ, 16-Aug-2021,31.0,32.4,32.7,29.35,30.2,30.0,30.66,911330,279.39,5532, 481901, 52.88,-3.23
NECLIFE, EQ, 16-Aug-2022,24.5,24.4,24.4,23.8,24.0,24.0,24.03,182417,43.83,1014, 130710, 71.65,-2.04
NECLIFE, EQ, 16-Aug-2023,24.7,24.75,25.3,24.1, 24.65,24.75,24.86,482996,120.09,1510, 250800, 51.93,0.2
NECLIFE, EQ, 16-Aug-2024,30.24,30.55,30.85,29.83,30.0,29.93,30.09,469398,141.22,3502, 239383, 51.00,-1.03
NECLIFE, EQ, 16-Sep-2020,21.55,21.4,21.7,20.85,21.35,21.2,21.24,148869,31.63,772, 81445, 54.71,-1.62
NECLIFE, EQ, 16-Sep-2021,30.85,31.1,31.4,30.35,30.4,30.4,30.79,314076,96.71,1742, 177679, 56.57,-1.46
NECLIFE, EQ, 16-Sep-2022,24.95,25.15,25.2,23.5, 23.90,23.75,24.25,328211,79.59,1638, 210606, 64.17,-4.81
NECLIFE, EQ, 16-Sep-2024,52.42,52.89,52.9,47.6,49.19,48.88,49.0,4574203,2241.48,15899, 2116660, 46.27,-6.75
NECLIFE, EQ, 16-Oct-2020,20.6,20.55,20.95,20.55, 20.75,20.7,20.68,105861,21.89,467, 63324, 59.82,0.49
NECLIFE, EQ, 16-Oct-2023,24.85,24.9,25.25,24.4, 24.50,24.5,24.73,218965,54.16,1016, 123537, 56.42,-1.41
NECLIFE, EQ, 16-Nov-2021,25.25,25.5,25.85,25.0, 25.20,25.1,25.32,458389,116.06,1468, 355598, 77.58,-0.59
NECLIFE, EQ, 16-Nov-2022,20.7,20.7,21.0,20.55, 20.70,20.65,20.69,222236,45.98,801, 127458, 57.35,-0.24
NECLIFE, EQ, 16-Nov-2023,25.25,25.4,26.3,25.3, 25.75,25.7,25.76,538323,138.68,2237, 177792, 33.03,1.78
NECLIFE, EQ, 16-Dec-2020,21.15,21.25,21.3,20.6, 20.80,20.8,20.92,407442,85.22,1279, 240709, 59.08,-1.65
NECLIFE, EQ, 16-Dec-2021,29.1,29.6,29.65,25.4, 26.35,26.3,27.06,2064479,558.58,9026, 890884, 43.15,-9.62
NECLIFE, EQ, 16-Dec-2022,23.15,23.3,23.5,22.65, 22.75,22.85,23.03,174216,40.12,1042, 83307, 47.82,-1.3
NECLIFE, EQ, 17-Jan-2020,14.15,14.1,14.5,14.1, 14.20,14.2,14.31,129790,18.57,572, 93347, 71.92,0.35
NECLIFE, EQ, 17-Jan-2022,30.55,30.7,36.65,30.6,36.65,36.65,35.29,4689057,1654.98,12760, 2442489, 52.09,19.97
NECLIFE, EQ, 17-Jan-2023,22.1,22.2,22.25,21.15,21.8,21.75,21.72,264067,57.36,1138, 165032, 62.50,-1.58
NECLIFE, EQ, 17-Jan-2024,33.65,33.45,33.7,32.6, 33.45,33.35,33.22,873664,290.24,3121, 397412, 45.49,-0.89
NECLIFE, EQ, 17-Feb-2020,12.75,12.8,12.95,12.2, 12.20,12.3,12.52,94455,11.83,483, 64073, 67.83,-3.53
NECLIFE, EQ, 17-Feb-2021,19.15,19.05,19.8,19.05, 19.35,19.3,19.43,303711,59.02,914, 145868, 48.03,0.78
NECLIFE, EQ, 17-Feb-2022,31.3,31.6,31.85,30.5,31.2,30.9,31.26,247952,77.5,1657, 123952, 49.99,-1.28
NECLIFE, EQ, 17-Feb-2023,18.4,18.45,18.55,18.35, 18.55,18.5,18.46,133110,24.57,422, 84188, 63.25,0.54
NECLIFE, EQ, 17-Feb-2025,30.09,29.01,31.5,29.01,29.8,29.48,30.11,1178349,354.81,4007, 629549, 53.43,-2.03
NECLIFE, EQ, 17-Mar-2020,9.15,9.25,9.5,8.1, 8.65,8.65,8.96,197260,17.68,878, 112542, 57.05,-5.46
NECLIFE, EQ, 17-Mar-2021,20.35,20.35,20.45,19.8,20.05,19.9,20.11,277154,55.72,944, 192996, 69.63,-2.21
NECLIFE, EQ, 17-Mar-2022,27.05,27.35,27.9,27.35, 27.50,27.5,27.6,301012,83.08,1285, 220521, 73.26,1.66
NECLIFE, EQ, 17-Mar-2023,16.25,16.3,16.6,16.2, 16.25,16.3,16.35,165184,27.0,628, 88912, 53.83,0.31
NECLIFE, EQ, 17-Mar-2025,23.79,22.64,23.43,22.6,22.6,22.6,22.78,5309404,1209.51,2879, 3362184, 63.33,-5.0
NECLIFE, EQ, 17-Apr-2020,15.1,15.25,15.5,14.5, 14.75,14.9,14.98,266734,39.95,1020, 196785, 73.78,-1.32
NECLIFE, EQ, 17-Apr-2023,17.55,17.55,17.75,17.15, 17.45,17.4,17.48,119728,20.93,626, 57441, 47.98,-0.85
NECLIFE, EQ, 17-Apr-2025,22.86,22.85,23.0,22.35,22.84,22.81,22.79,744493,169.66,1557, 459181, 61.68,-0.22
NECLIFE, EQ, 17-May-2021,29.35,30.0,30.6,28.95,29.1,29.05,29.5,918512,270.97,3991, 526207, 57.29,-1.02
NECLIFE, EQ, 17-May-2022,25.15,25.5,26.25,25.1, 26.10,26.1,25.65,309384,79.36,2898, 119024, 38.47,3.78
NECLIFE, EQ, 17-May-2023,17.1,17.3,17.45,17.1, 17.20,17.2,17.25,67068,11.57,286, 36539, 54.48,0.58
NECLIFE, EQ, 17-May-2024,34.2,34.15,34.8,33.6,34.15,33.75,34.08,232487,79.24,1227, 117153, 50.39,-1.32
NECLIFE, EQ, 17-Jun-2020,19.05,20.0,22.85,18.4,22.85,22.8,21.55,11310612,2437.59,21070, 2281984, 20.18,19.69
NECLIFE, EQ, 17-Jun-2021,39.7,39.4,42.6,38.75, 42.50,41.3,40.52,2854720,1156.87,11306, 1389784, 48.68,4.03
NECLIFE, EQ, 17-Jun-2022,22.8,22.75,23.0,22.0,22.45,22.45,22.51,130406,29.35,1112, 71478, 54.81,-1.54
NECLIFE, EQ, 17-Jul-2020,19.15,19.15,21.05,19.1, 21.05,20.9,20.55,1011647,207.86,3066, 535028, 52.89,9.14
NECLIFE, EQ, 17-Jul-2023,21.55,21.25,21.85,21.25,21.6,21.5,21.58,209938,45.3,625, 126319, 60.17,-0.23
NECLIFE, EQ, 16-Jul-2024,29.31,29.48,29.88,29.02,29.07,29.1,29.41,589356,173.33,3411, 325889, 55.30,-0.72
NECLIFE, EQ, 17-Aug-2020,21.5,22.2,22.2,21.55, 21.85,21.9,21.83,333868,72.9,951, 206755, 61.93,1.86
NECLIFE, EQ, 17-Aug-2021,30.0,30.2,33.0,30.0,32.1,32.0,32.13,1338080,429.86,7325, 604614, 45.19,6.67
NECLIFE, EQ, 17-Aug-2022,24.0,24.1,24.65,22.7, 23.05,23.0,23.5,805840,189.35,2823, 473360, 58.74,-4.17
NECLIFE, EQ, 17-Aug-2023,24.75,24.85,25.35,24.15, 24.60,24.35,24.78,417237,103.37,1516, 237807, 57.00,-1.62
NECLIFE, EQ, 17-Sep-2020,21.2,21.2,21.2,20.25, 20.55,20.45,20.68,291945,60.38,1010, 190827, 65.36,-3.54
NECLIFE, EQ, 17-Sep-2021,30.4,30.6,30.6,29.2, 29.60,29.45,29.73,270464,80.41,1585, 178982, 66.18,-3.12
NECLIFE, EQ, 17-Sep-2024,48.88,48.01,50.09,47.11,47.87,47.86,48.4,2007549,971.57,8293, 704302, 35.08,-2.09
NECLIFE, EQ, 17-Oct-2022,21.2,21.55,21.65,21.2,21.4,21.3,21.34,76152,16.25,334, 46316, 60.82,0.47
NECLIFE, EQ, 17-Oct-2023,24.5,24.7,24.9,24.1,24.4,24.3,24.51,222245,54.46,764, 123441, 55.54,-0.82
NECLIFE, EQ, 17-Nov-2020,17.7,18.0,18.0,17.65, 17.70,17.7,17.8,160676,28.6,612, 93396, 58.13,0.0
NECLIFE, EQ, 17-Nov-2021,25.1,25.25,25.75,24.9, 25.00,25.0,25.21,295021,74.37,1174, 192094, 65.11,-0.4
NECLIFE, EQ, 17-Nov-2022,20.65,20.6,20.75,20.05, 20.50,20.35,20.46,189268,38.72,735, 149667, 79.08,-1.45
NECLIFE, EQ, 17-Nov-2023,25.7,25.85,26.1,25.4, 25.55,25.6,25.67,333277,85.56,987, 183797, 55.15,-0.39
NECLIFE, EQ, 17-Dec-2020,20.8,20.8,21.8,20.6, 20.80,20.85,21.19,511615,108.39,1308, 261977, 51.21,0.24
NECLIFE, EQ, 17-Dec-2021,26.3,26.4,29.1,25.8, 28.20,27.95,27.5,1701196,467.87,7448, 669103, 39.33,6.27
NECLIFE, EQ, 18-Jan-2021,22.4,22.2,22.5,21.65, 21.65,21.75,21.91,213555,46.79,964, 135067, 63.25,-2.9
NECLIFE, EQ, 18-Jan-2022,36.65,37.85,39.0,35.4, 35.80,36.0,37.51,7550135,2832.14,25751, 3267666, 43.28,-1.77
NECLIFE, EQ, 18-Jan-2023,21.75,21.8,22.4,21.35,22.15,22.0,22.0,278380,61.24,1111, 98830, 35.50,1.15
NECLIFE, EQ, 18-Jan-2024,33.35,33.3,35.5,32.15, 35.00,34.6,34.27,2548114,873.29,8972, 1011593, 39.70,3.75
NECLIFE, EQ, 18-Feb-2020,12.3,12.5,12.5,12.05, 12.20,12.3,12.23,75177,9.2,273, 56644, 75.35,0.0
NECLIFE, EQ, 18-Feb-2021,19.3,19.1,19.55,19.0,19.15,19.1,19.19,296760,56.96,938, 174132, 58.68,-1.04
NECLIFE, EQ, 18-Feb-2022,30.9,30.55,31.25,30.0,30.1,30.15,30.48,231255,70.48,1832, 132792, 57.42,-2.43
NECLIFE, EQ, 18-Feb-2025,29.48,29.6,30.22,26.71,27.23,27.36,27.61,1616592,446.34,4616, 1166792, 72.18,-7.19
NECLIFE, EQ, 18-Mar-2020,8.65,8.6,9.0,7.95, 8.05,8.05,8.32,114952,9.56,600, 77146, 67.11,-6.94
NECLIFE, EQ, 18-Mar-2021,19.9,20.3,20.3,19.1, 19.25,19.4,19.75,324353,64.05,1073, 152117, 46.90,-2.51
NECLIFE, EQ, 18-Mar-2024,30.75,31.0,32.15,30.9, 31.20,31.4,31.42,353947,111.23,1861, 188886, 53.37,2.11
NECLIFE, EQ, 18-Mar-2025,22.6,22.6,23.63,22.1,22.86,22.8,23.12,7109294,1643.5,5466, 5499452, 77.36,0.88
NECLIFE, EQ, 18-Apr-2022,30.65,30.65,32.2,30.3, 31.65,31.55,31.33,1094008,342.77,4341, 502567, 45.94,2.94
NECLIFE, EQ, 18-Apr-2023,17.4,17.55,17.9,17.45, 17.60,17.6,17.6,187776,33.05,610, 86155, 45.88,1.15
NECLIFE, EQ, 18-Apr-2024,34.15,34.15,35.3,33.05, 33.35,33.15,33.94,250937,85.17,1376, 165932, 66.12,-2.93
NECLIFE, EQ, 18-May-2020,13.85,13.7,14.15,12.9, 12.95,13.0,13.2,203545,26.86,712, 143964, 70.73,-6.14
NECLIFE, EQ, 18-May-2021,29.05,29.25,29.7,27.5, 27.90,28.1,28.47,998074,284.14,4420, 635653, 63.69,-3.27
NECLIFE, EQ, 18-May-2022,26.1,26.15,27.0,25.85,26.4,26.4,26.39,308087,81.3,1810, 152118, 49.38,1.15
NECLIFE, EQ, 18-May-2023,17.2,17.35,17.35,16.95, 17.00,17.0,17.05,102344,17.45,480, 71483, 69.85,-1.16
NECLIFE, EQ, 18-Jun-2020,22.8,23.7,27.35,23.6,27.35,27.35,26.13,8648601,2259.89,18207, 2778954, 32.13,19.96
NECLIFE, EQ, 18-Jun-2021,41.3,43.3,44.0,39.1, 41.50,41.95,42.16,6564008,2767.16,25436, 2336179, 35.59,1.57
NECLIFE, EQ, 18-Jun-2024,33.75,34.3,34.33,33.85,34.28,34.15,34.11,371737,126.82,2741, 241601, 64.99,1.19
NECLIFE, EQ, 18-Jul-2022,24.1,24.25,24.55,24.1,24.4,24.2,24.25,73156,17.74,528, 38313, 52.37,0.41
NECLIFE, EQ, 18-Jul-2023,21.5,21.5,21.95,21.35, 21.60,21.55,21.62,216936,46.91,717, 139538, 64.32,0.23
NECLIFE, EQ, 18-Jul-2024,29.1,28.8,29.35,28.49,28.72,28.59,28.8,538465,155.05,3646, 291607, 54.16,-1.75
NECLIFE, EQ, 18-Aug-2020,21.9,22.05,22.3,21.75,21.9,21.8,21.96,291683,64.04,1059, 159313, 54.62,-0.46
NECLIFE, EQ, 18-Aug-2021,32.0,32.0,32.6,30.7, 31.05,31.0,31.74,494481,156.97,2830, 247935, 50.14,-3.12
NECLIFE, EQ, 18-Aug-2022,23.0,23.1,23.45,22.0,23.05,23.15,22.91,328330,75.22,1318, 178533, 54.38,0.65
NECLIFE, EQ, 18-Aug-2023,24.35,24.15,24.65,23.75, 24.20,24.05,24.19,268862,65.04,1119, 127083, 47.27,-1.23
NECLIFE, EQ, 18-Sep-2020,20.45,20.8,22.45,20.55, 22.20,22.35,22.13,1634590,361.65,4187, 641220, 39.23,9.29
NECLIFE, EQ, 18-Sep-2023,25.75,25.85,26.2,25.5, 25.65,25.6,25.78,299041,77.1,1226, 159918, 53.48,-0.58
NECLIFE, EQ, 18-Sep-2024,47.86,48.15,48.79,45.74,46.75,46.62,47.17,1435748,677.18,6936, 540576, 37.65,-2.59
NECLIFE, EQ, 18-Oct-2021,30.4,30.4,31.0,30.25, 30.50,30.35,30.58,371197,113.51,1710, 248449, 66.93,-0.16
NECLIFE, EQ, 18-Oct-2022,21.3,21.5,21.6,21.4,21.4,21.45,21.46,86460,18.55,248, 64026, 74.05,0.7
NECLIFE, EQ, 18-Oct-2023,24.3,24.5,24.5,23.7, 23.90,23.8,24.05,199586,48.01,869, 132473, 66.37,-2.06
NECLIFE, EQ, 18-Nov-2020,17.7,17.55,19.0,17.55, 18.20,18.1,18.25,779883,142.33,1858, 251924, 32.30,2.26
NECLIFE, EQ, 18-Nov-2021,25.0,25.0,25.25,24.0,24.35,24.4,24.38,319868,77.99,1612, 226435, 70.79,-2.4
NECLIFE, EQ, 18-Nov-2022,20.35,20.55,20.55,20.15, 20.30,20.2,20.31,123172,25.01,479, 77504, 62.92,-0.74
NECLIFE, EQ, 18-Dec-2020,20.85,21.0,21.1,20.1, 20.30,20.25,20.43,315636,64.5,951, 213747, 67.72,-2.88
NECLIFE, EQ, 18-Dec-2023,30.05,30.1,31.1,29.8, 30.00,29.95,30.39,1014202,308.19,3429, 470335, 46.37,-0.33
NECLIFE, EQ, 19-Jan-2021,21.75,22.1,22.5,21.85, 22.20,22.15,22.17,257073,56.98,935, 138720, 53.96,1.84
NECLIFE, EQ, 19-Jan-2022,36.0,36.1,36.25,34.3, 34.75,34.65,35.18,1365073,480.17,6129, 655884, 48.05,-3.75
NECLIFE, EQ, 19-Jan-2023,22.0,22.1,22.9,22.05, 22.20,22.2,22.46,254326,57.11,1078, 112331, 44.17,0.91
NECLIFE, EQ, 19-Jan-2024,34.6,35.1,35.3,33.8, 34.10,34.0,34.41,880039,302.8,3227, 362359, 41.18,-1.73
NECLIFE, EQ, 19-Feb-2020,12.3,12.7,12.7,12.4, 12.55,12.6,12.57,41263,5.19,330, 25961, 62.92,2.44
NECLIFE, EQ, 19-Feb-2021,19.1,19.3,21.6,19.1,20.6,20.55,20.77,1733924,360.14,4510, 736863, 42.50,7.59
NECLIFE, EQ, 19-Feb-2024,43.15,43.4,45.45,42.4, 44.30,43.9,43.75,8155378,3567.82,21916, 2269073, 27.82,1.74
NECLIFE, EQ, 19-Feb-2025,27.36,27.36,30.09,27.25,29.3,29.32,29.25,3391167,992.03,4552, 2342558, 69.08,7.16
NECLIFE, EQ, 19-Mar-2020,8.05,8.0,8.35,7.5, 7.90,7.95,7.91,78510,6.21,511, 36495, 46.48,-1.24
NECLIFE, EQ, 19-Mar-2021,19.4,19.5,19.75,18.6,19.5,19.4,19.19,388890,74.61,1213, 201594, 51.84,0.0
NECLIFE, EQ, 19-Mar-2024,31.4,31.0,32.2,31.0, 31.50,31.85,31.53,441413,139.17,1756, 277946, 62.97,1.43
NECLIFE, EQ, 19-Mar-2025,22.8,23.0,23.94,22.99,23.94,23.94,23.75,4693081,1114.71,2310, 3013915, 64.22,5.0
NECLIFE, EQ, 19-Apr-2021,19.5,19.45,19.9,19.0,19.3,19.3,19.44,442433,85.99,1513, 193979, 43.84,-1.03
NECLIFE, EQ, 19-Apr-2022,31.55,32.1,32.35,27.65,29.8,30.1,31.16,718893,224.02,3641, 351482, 48.89,-4.6
NECLIFE, EQ, 19-Apr-2023,17.6,17.6,18.05,17.55, 17.70,17.7,17.79,282913,50.34,936, 166540, 58.87,0.57
NECLIFE, EQ, 19-Apr-2024,33.15,32.45,34.35,32.25, 33.80,33.3,32.92,172310,56.73,1049, 112736, 65.43,0.45
NECLIFE, EQ, 19-May-2020,13.0,13.35,13.45,12.9,13.0,13.0,13.1,148672,19.47,518, 84250, 56.67,0.0
NECLIFE, EQ, 19-May-2021,28.1,28.5,30.9,28.3, 30.35,30.35,30.32,3119081,945.86,8551, 1344086, 43.09,8.01
NECLIFE, EQ, 19-May-2022,26.4,26.0,26.0,25.1,25.35,25.3,25.59,218315,55.88,2004, 96717, 44.30,-4.17
NECLIFE, EQ, 19-May-2023,17.0,17.15,17.15,16.5,16.75,16.8,16.77,118969,19.95,570, 82792, 69.59,-1.18
NECLIFE, EQ, 19-Jun-2020,27.35,30.05,30.05,25.15, 25.95,25.8,27.11,8030954,2177.58,21203, 3129414, 38.97,-5.67
NECLIFE, EQ, 19-Jun-2023,20.0,20.1,20.45,19.25, 19.60,19.55,19.73,633296,124.95,1927, 338704, 53.48,-2.25
NECLIFE, EQ, 19-Jun-2024,34.15,34.22,34.4,32.95,33.23,33.35,33.42,385505,128.84,3396, 209644, 54.38,-2.34
NECLIFE, EQ, 19-Jul-2021,40.75,39.9,40.95,39.65, 39.85,39.85,40.31,721979,291.06,3813, 409966, 56.78,-2.21
NECLIFE, EQ, 19-Jul-2022,24.2,24.05,25.15,23.8, 24.85,24.95,24.69,162423,40.1,742, 111937, 68.92,3.1
NECLIFE, EQ, 19-Jul-2023,21.55,21.9,22.6,21.45, 21.65,21.65,21.85,492152,107.52,1220, 279489, 56.79,0.46
NECLIFE, EQ, 19-Jul-2024,28.59,28.77,28.77,27.92,28.0,28.06,28.11,321540,90.4,2845, 182268, 56.69,-1.85
NECLIFE, EQ, 19-Aug-2020,21.8,22.1,22.5,21.65,21.95,21.95,22.07,397899,87.84,1155, 239426, 60.17,0.69
NECLIFE, EQ, 18-Aug-2021,32.0,32.0,32.6,30.7, 31.05,31.0,31.74,494481,156.97,2830, 247935, 50.14,-3.12
NECLIFE, EQ, 19-Aug-2022,23.15,23.0,23.75,23.0, 23.15,23.25,23.38,190261,44.48,1004, 108361, 56.95,0.43
NECLIFE, EQ, 19-Aug-2024,29.93,30.17,32.9,29.32,32.39,32.29,31.87,2348780,748.47,12119, 984451, 41.91,7.89
NECLIFE, EQ, 19-Sep-2022,23.75,23.55,24.2,23.5, 23.60,23.6,23.78,149613,35.58,913, 91482, 61.15,-0.63
NECLIFE, EQ, 19-Sep-2024,46.62,47.19,47.8,43.65,43.95,44.08,45.45,2747741,1248.88,9395, 1394178, 50.74,-5.45
NECLIFE, EQ, 19-Oct-2020,20.7,21.1,21.1,20.4, 20.60,20.5,20.66,95374,19.7,498, 65006, 68.16,-0.97
NECLIFE, EQ, 19-Oct-2021,30.35,30.45,30.6,29.25,29.35,29.3,29.78,465763,138.72,2603, 322088, 69.15,-3.46
NECLIFE, EQ, 19-Oct-2022,21.45,21.5,22.25,21.45, 21.85,21.7,21.87,169311,37.03,682, 93901, 55.46,1.17
NECLIFE, EQ, 19-Oct-2023,23.8,23.8,24.85,23.7,24.35,24.45,24.4,330546,80.65,1390, 161984, 49.00,2.73
NECLIFE, EQ, 19-Nov-2020,18.1,18.4,18.55,17.85, 17.90,17.9,18.23,308685,56.26,1015, 174034, 56.38,-1.1
NECLIFE, EQ, 19-Dec-2022,22.85,23.2,23.65,22.75,23.25,23.2,23.07,194566,44.88,1282, 91764, 47.16,1.53
NECLIFE, EQ, 19-Dec-2023,29.95,30.05,30.65,29.75, 30.05,29.9,30.1,595242,179.15,2528, 268203, 45.06,-0.17
NECLIFE, EQ, 20-Jan-2020,14.2,15.15,15.2,14.55, 14.60,14.65,14.85,448892,66.68,1577, 212401, 47.32,3.17
NECLIFE, EQ, 20-Jan-2021,22.15,22.35,22.95,22.0, 22.35,22.15,22.47,376913,84.69,1272, 177482, 47.09,0.0
NECLIFE, EQ, 20-Jan-2022,34.65,34.8,38.3,34.65, 36.75,36.7,36.88,2533723,934.4,10653, 1003758, 39.62,5.92
NECLIFE, EQ, 20-Jan-2023,22.2,22.7,22.7,21.75,21.85,21.85,21.98,161933,35.59,753, 89127, 55.04,-1.58
NECLIFE, EQ, 20-Feb-2020,12.6,12.5,12.7,12.15, 12.30,12.3,12.41,65456,8.13,322, 42622, 65.12,-2.38
NECLIFE, EQ, 20-Feb-2023,18.5,18.8,18.8,17.7, 17.85,17.75,18.13,263526,47.78,1032, 180180, 68.37,-4.05
NECLIFE, EQ, 20-Feb-2024,43.9,44.0,45.7,43.05, 44.05,44.2,44.29,4833511,2140.68,16247, 1901742, 39.34,0.68
NECLIFE, EQ, 20-Feb-2025,29.32,28.56,31.0,28.56,29.77,29.93,30.09,884510,266.15,2812, 542751, 61.36,2.08
NECLIFE, EQ, 20-Mar-2020,7.95,8.0,8.6,7.85, 8.30,8.2,8.19,157174,12.87,615, 98715, 62.81,3.14
NECLIFE, EQ, 20-Mar-2023,16.3,16.2,16.5,16.05,16.25,16.25,16.21,98740,16.01,530, 51025, 51.68,-0.31
NECLIFE, EQ, 20-Mar-2024,31.85,31.55,32.0,30.15, 30.95,30.7,30.9,328792,101.61,1701, 175808, 53.47,-3.61
NECLIFE, EQ, 20-Mar-2025,23.94,24.8,25.13,23.4,23.55,23.56,24.34,4620249,1124.45,4222, 3378677, 73.13,-1.59
NECLIFE, EQ, 20-Apr-2020,14.9,14.95,14.95,13.55, 13.95,14.0,14.05,305991,42.99,1087, 210322, 68.73,-6.04
NECLIFE, EQ, 20-Apr-2021,19.3,19.7,22.65,19.55,21.8,21.75,21.51,5699467,1225.85,13718, 1839587, 32.28,12.69
NECLIFE, EQ, 20-Apr-2022,30.1,31.0,31.5,30.0, 30.80,30.55,30.7,399541,122.66,2336, 154046, 38.56,1.5
NECLIFE, EQ, 20-Apr-2023,17.7,17.9,18.0,17.55, 17.65,17.65,17.78,169503,30.14,612, 74263, 43.81,-0.28
NECLIFE, EQ, 20-May-2020,13.0,13.25,13.3,12.85, 13.25,13.2,13.15,103528,13.61,377, 74286, 71.75,1.54
NECLIFE, EQ, 20-May-2021,30.35,30.45,30.45,29.1, 29.25,29.2,29.61,967606,286.51,4208, 563218, 58.21,-3.79
NECLIFE, EQ, 20-May-2022,25.3,25.9,26.4,25.75, 25.90,26.0,26.08,188053,49.04,1394, 91054, 48.42,2.77
NECLIFE, EQ, 18-May-2024,33.75,33.9,35.0,33.45,34.2,34.65,34.76,311454,108.26,644, 246568, 79.17,2.67
NECLIFE, EQ, 20-Jun-2022,22.45,22.6,22.95,20.75,21.15,20.95,21.49,173494,37.28,1313, 111827, 64.46,-6.68
NECLIFE, EQ, 20-Jun-2023,19.55,19.85,20.45,19.55, 19.90,19.9,20.05,830577,166.55,2654, 376073, 45.28,1.79
NECLIFE, EQ, 20-Jun-2024,33.35,33.69,34.39,32.95,33.05,33.12,33.55,372273,124.88,3319, 188634, 50.67,-0.69
NECLIFE, EQ, 20-Jul-2020,20.9,21.0,21.2,20.1, 20.50,20.55,20.62,696341,143.62,1977, 349169, 50.14,-1.67
NECLIFE, EQ, 20-Jul-2021,39.85,40.2,40.2,37.35, 38.25,38.05,38.51,1143467,440.39,6176, 579868, 50.71,-4.52
NECLIFE, EQ, 20-Jul-2022,24.95,25.25,25.5,24.2, 24.65,24.75,25.0,192559,48.14,1061, 101713, 52.82,-0.8
NECLIFE, EQ, 20-Jul-2023,21.65,21.8,21.8,21.45,21.55,21.5,21.58,191029,41.22,532, 136724, 71.57,-0.69
NECLIFE, EQ, 20-Aug-2020,21.95,21.75,22.95,21.65,22.25,22.25,22.43,526331,118.06,1647, 320340, 60.86,1.37
NECLIFE, EQ, 20-Aug-2021,31.0,30.75,31.25,28.95,29.25,29.15,29.89,539248,161.18,3215, 349857, 64.88,-5.97
NECLIFE, EQ, 20-Aug-2024,32.29,32.5,32.85,31.86,32.16,32.52,32.45,983376,319.12,8448, 455411, 46.31,0.71
NECLIFE, EQ, 20-Sep-2021,29.45,29.25,29.85,28.9, 29.10,29.1,29.41,220138,64.73,1270, 139886, 63.54,-1.19
NECLIFE, EQ, 20-Sep-2022,23.6,23.7,24.0,23.5, 23.75,23.6,23.7,120589,28.57,592, 76295, 63.27,0.0
NECLIFE, EQ, 20-Sep-2023,25.6,25.55,25.6,24.75, 25.15,25.05,25.16,281877,70.91,945, 186139, 66.04,-2.15
NECLIFE, EQ, 20-Sep-2024,44.08,44.35,48.24,41.67,42.18,42.25,43.54,3636822,1583.56,14671, 1642772, 45.17,-4.15
NECLIFE, EQ, 20-Oct-2020,20.5,20.4,21.2,20.35, 20.60,20.5,20.61,137867,28.41,496, 79698, 57.81,0.0
NECLIFE, EQ, 20-Oct-2021,29.3,29.45,29.45,28.4, 28.85,28.75,28.77,399414,114.91,2245, 246563, 61.73,-1.88
NECLIFE, EQ, 20-Oct-2022,21.7,21.9,21.95,21.4,21.5,21.5,21.7,58520,12.7,360, 42409, 72.47,-0.92
NECLIFE, EQ, 20-Oct-2023,24.45,24.45,24.75,22.5, 23.70,23.5,23.69,247878,58.72,993, 135162, 54.53,-3.89
NECLIFE, EQ, 20-Nov-2020,17.9,17.95,18.3,17.8,17.95,17.9,18.04,179737,32.42,591, 90912, 50.58,0.0
NECLIFE, EQ, 20-Nov-2023,25.6,25.65,28.65,25.4, 28.30,28.25,27.57,5074836,1399.17,12054, 2235524, 44.05,10.35
NECLIFE, EQ, 20-Dec-2021,27.95,27.9,27.95,26.0,26.2,26.35,26.75,633803,169.53,3027, 367778, 58.03,-5.72
NECLIFE, EQ, 20-Dec-2022,23.2,23.0,23.4,22.75,23.0,22.9,23.0,142807,32.85,723, 87987, 61.61,-1.29
NECLIFE, EQ, 20-Dec-2023,29.9,30.05,34.4,30.05, 31.70,31.75,32.75,12845532,4206.56,31322, 4070107, 31.69,6.19
NECLIFE, EQ, 21-Jan-2020,14.65,14.8,15.15,14.4, 14.45,14.45,14.56,119294,17.37,421, 81188, 68.06,-1.37
NECLIFE, EQ, 21-Jan-2021,22.15,22.1,22.35,21.5, 21.70,21.6,21.9,236543,51.8,944, 136689, 57.79,-2.48
NECLIFE, EQ, 21-Jan-2022,36.7,36.7,36.9,33.65, 34.30,34.2,35.28,1067149,376.47,5567, 503658, 47.20,-6.81
NECLIFE, EQ, 21-Feb-2022,30.15,30.0,30.35,28.75, 29.70,29.05,29.32,374957,109.92,2424, 170830, 45.56,-3.65
NECLIFE, EQ, 21-Feb-2023,17.75,17.85,17.95,17.5, 17.55,17.5,17.65,185480,32.75,761, 113049, 60.95,-1.41
NECLIFE, EQ, 21-Feb-2024,44.2,44.6,44.6,40.95, 41.50,41.55,42.29,2299278,972.44,7423, 1267821, 55.14,-6.0
NECLIFE, EQ, 21-Feb-2025,29.93,29.76,30.74,28.5,28.91,28.84,29.25,797882,233.4,6192, 481761, 60.38,-3.64
NECLIFE, EQ, 21-Mar-2022,27.5,27.75,28.5,27.5,27.9,27.85,27.94,352745,98.57,1808, 172250, 48.83,1.27
NECLIFE, EQ, 21-Mar-2023,16.25,16.25,16.6,16.05, 16.20,16.2,16.3,141266,23.03,832, 51187, 36.23,-0.31
NECLIFE, EQ, 21-Mar-2024,30.7,31.0,31.5,30.75,31.1,31.0,31.0,451708,140.02,1595, 323961, 71.72,0.98
NECLIFE, EQ, 21-Mar-2025,23.56,23.64,24.73,23.45,24.73,24.73,24.48,918856,224.95,767, 788014, 85.76,4.97
NECLIFE, EQ, 21-Apr-2020,14.0,13.8,14.9,13.35,14.5,14.35,14.3,518284,74.13,1643, 184429, 35.58,2.5
NECLIFE, EQ, 21-Apr-2022,30.55,30.85,32.25,30.75, 31.30,31.15,31.46,788767,248.12,3317, 414372, 52.53,1.96
NECLIFE, EQ, 21-Apr-2023,17.65,17.8,17.9,17.15, 17.45,17.4,17.51,170584,29.87,669, 87557, 51.33,-1.42
NECLIFE, EQ, 21-Apr-2025,22.81,23.2,23.6,22.75,23.35,23.17,23.25,1097951,255.26,2432, 557992, 50.82,1.58
NECLIFE, EQ, 21-May-2020,13.2,13.2,13.4,13.05,13.3,13.2,13.21,63238,8.35,304, 39466, 62.41,0.0
NECLIFE, EQ, 21-May-2021,29.2,29.95,30.35,29.3, 29.40,29.55,29.85,756057,225.68,3293, 437883, 57.92,1.2
NECLIFE, EQ, 21-May-2024,34.65,34.9,34.9,33.0,33.35,33.35,33.74,401567,135.5,1923, 258070, 64.27,-3.75
NECLIFE, EQ, 21-Jun-2021,41.95,40.35,45.0,40.35, 44.70,44.15,43.15,4430582,1911.87,15955, 2054956, 46.38,5.24
NECLIFE, EQ, 21-Jun-2022,20.95,21.45,22.7,21.25,22.3,22.25,22.09,149833,33.1,1419, 82455, 55.03,6.21
NECLIFE, EQ, 21-Jun-2023,19.9,20.0,20.2,19.8, 19.90,19.8,19.99,410988,82.14,972, 208941, 50.84,-0.5
NECLIFE, EQ, 21-Jun-2024,33.12,33.4,33.95,32.75,32.9,32.92,33.24,236540,78.64,2950, 113662, 48.05,-0.6
NECLIFE, EQ, 21-Jul-2020,20.55,20.85,20.9,20.2, 20.35,20.35,20.47,276175,56.52,1182, 154544, 55.96,-0.97
NECLIFE, EQ, 21-Jul-2022,24.75,24.9,24.9,24.5,24.8,24.75,24.76,96866,23.98,578, 49717, 51.33,0.0
NECLIFE, EQ, 21-Jul-2023,21.5,21.45,21.7,21.3, 21.60,21.55,21.53,266980,57.48,538, 205914, 77.13,0.23
NECLIFE, EQ, 21-Aug-2020,22.25,22.75,22.8,22.25, 22.45,22.5,22.53,500458,112.74,1505, 335245, 66.99,1.12
NECLIFE, EQ, 21-Aug-2023,24.05,24.2,24.8,24.0, 24.80,24.6,24.42,279027,68.13,905, 183911, 65.91,2.29
NECLIFE, EQ, 21-Aug-2024,32.52,32.38,39.02,32.22,37.48,37.37,37.34,21952641,8196.78,58023, 5363006, 24.43,14.91
NECLIFE, EQ, 21-Sep-2020,22.35,22.65,23.9,20.4, 21.30,20.85,22.22,1216162,270.26,4629, 560939, 46.12,-6.71
NECLIFE, EQ, 21-Sep-2021,29.1,29.1,29.45,28.25, 28.90,28.6,28.63,381451,109.22,2138, 248507, 65.15,-1.72
NECLIFE, EQ, 21-Sep-2022,23.6,23.75,23.75,23.15, 23.25,23.2,23.39,117319,27.44,558, 90890, 77.47,-1.69
NECLIFE, EQ, 21-Sep-2023,25.05,24.85,25.4,24.75, 24.90,24.8,25.0,223396,55.85,841, 118392, 53.00,-1.0
NECLIFE, EQ, 21-Oct-2020,20.5,20.55,20.75,20.25, 20.45,20.35,20.47,147707,30.24,594, 90163, 61.04,-0.73
NECLIFE, EQ, 21-Oct-2021,28.75,29.0,29.2,26.6, 28.25,27.95,28.33,364130,103.16,2315, 212044, 58.23,-2.78
NECLIFE, EQ, 21-Oct-2022,21.5,21.5,21.85,21.1,21.4,21.25,21.5,105529,22.69,575, 76424, 72.42,-1.16
NECLIFE, EQ, 21-Nov-2022,20.2,20.3,20.3,19.7, 20.05,20.0,19.91,349739,69.62,1145, 217340, 62.14,-0.99
NECLIFE, EQ, 21-Nov-2023,28.25,28.9,29.9,28.4, 29.40,29.55,29.19,4573028,1334.7,9979, 2125727, 46.48,4.6
NECLIFE, EQ, 21-Dec-2020,20.25,20.3,23.8,20.1, 20.25,20.5,22.43,4182304,937.88,12302, 1300395, 31.09,1.23
NECLIFE, EQ, 21-Dec-2021,26.35,26.9,27.0,26.0,26.2,26.15,26.59,427626,113.72,2272, 238267, 55.72,-0.76
NECLIFE, EQ, 21-Dec-2022,22.9,22.9,23.9,20.35, 22.05,22.15,22.89,1397005,319.8,4270, 550073, 39.38,-3.28
NECLIFE, EQ, 21-Dec-2023,31.75,31.15,35.4,31.0, 34.10,34.15,33.48,7170435,2400.81,17065, 2339152, 32.62,7.56
NECLIFE, EQ, 22-Jan-2020,14.45,14.5,14.75,14.0, 14.20,14.15,14.27,94170,13.44,383, 68012, 72.22,-2.08
NECLIFE, EQ, 22-Jan-2021,21.6,21.6,22.0,20.9, 21.10,21.0,21.13,308484,65.19,1131, 191745, 62.16,-2.78
NECLIFE, EQ, 20-Jan-2024,34.0,34.0,35.25,33.65, 34.00,33.75,34.29,964821,330.87,3561, 480044, 49.75,-0.74
NECLIFE, EQ, 22-Feb-2021,20.55,20.6,20.9,19.6,19.75,19.75,20.15,244782,49.33,1013, 153091, 62.54,-3.89
NECLIFE, EQ, 22-Feb-2022,29.05,28.0,28.05,26.75,27.4,27.3,27.45,479517,131.61,3032, 247003, 51.51,-6.02
NECLIFE, EQ, 22-Feb-2023,17.5,17.55,17.6,17.2, 17.30,17.25,17.35,146057,25.34,595, 99241, 67.95,-1.43
NECLIFE, EQ, 22-Feb-2024,41.55,41.95,42.2,39.65, 41.70,41.3,40.76,1641608,669.07,5253, 673371, 41.02,-0.6
NECLIFE, EQ, 22-Mar-2021,19.4,19.8,20.2,19.45,19.8,19.65,19.89,279876,55.68,930, 134672, 48.12,1.29
NECLIFE, EQ, 22-Mar-2022,27.85,27.6,28.25,27.3, 27.55,27.55,27.64,229612,63.47,949, 147431, 64.21,-1.08
NECLIFE, EQ, 22-Mar-2023,16.2,16.2,16.45,16.2, 16.45,16.35,16.32,63077,10.29,430, 40349, 63.97,0.93
NECLIFE, EQ, 22-Mar-2024,31.0,31.05,32.0,30.85,31.5,31.45,31.45,346491,108.97,1759, 194077, 56.01,1.45
NECLIFE, EQ, 22-Apr-2020,14.35,14.85,14.85,13.8,14.15,14.1,14.21,270062,38.38,877, 152194, 56.36,-1.74
NECLIFE, EQ, 22-Apr-2021,21.75,22.5,26.1,22.2,26.1,26.1,25.31,11238566,2844.05,21564, 3782871, 33.66,20.0
NECLIFE, EQ, 22-Apr-2022,31.15,30.75,32.25,30.75, 30.95,30.95,31.42,579608,182.1,2480, 279078, 48.15,-0.64
NECLIFE, EQ, 22-Apr-2024,33.3,34.3,34.95,33.55,34.45,34.25,34.23,291903,99.92,1472, 177534, 60.82,2.85
NECLIFE, EQ, 22-Apr-2025,23.17,23.49,23.6,23.0,23.2,23.18,23.32,996397,232.41,2126, 552265, 55.43,0.04
NECLIFE, EQ, 22-May-2020,13.2,13.05,13.2,12.8,13.2,12.95,12.91,84296,10.89,337, 52719, 62.54,-1.89
NECLIFE, EQ, 22-May-2023,16.8,16.85,17.0,16.6,16.7,16.7,16.75,84860,14.21,484, 48971, 57.71,-0.6
NECLIFE, EQ, 22-May-2024,33.35,33.55,33.75,33.1,33.3,33.35,33.33,145870,48.62,747, 88373, 60.58,0.0
NECLIFE, EQ, 22-Jun-2020,25.8,26.5,27.7,24.25, 25.40,25.05,25.54,2614837,667.86,9068, 1337524, 51.15,-2.91
NECLIFE, EQ, 22-Jun-2021,44.15,45.65,46.4,43.3, 43.85,43.95,45.01,6604655,2973.01,22303, 2616077, 39.61,-0.45
NECLIFE, EQ, 22-Jun-2022,22.25,22.3,22.55,21.8,21.8,21.9,22.16,89249,19.78,739, 47019, 52.68,-1.57
NECLIFE, EQ, 22-Jun-2023,19.8,20.05,20.05,19.4,19.55,19.5,19.71,186686,36.8,707, 93901, 50.30,-1.52
NECLIFE, EQ, 22-Jul-2020,20.35,20.4,20.65,19.1, 20.00,19.8,19.84,485186,96.28,1668, 310071, 63.91,-2.7
NECLIFE, EQ, 22-Jul-2021,38.05,38.95,43.8,38.55, 42.45,42.55,41.86,2681424,1122.45,11925, 1195535, 44.59,11.83
NECLIFE, EQ, 22-Jul-2022,24.75,24.85,25.0,23.7, 24.45,24.4,24.43,148398,36.25,739, 80660, 54.35,-1.41
NECLIFE, EQ, 22-Jul-2024,28.06,27.9,29.02,27.5,28.5,28.46,28.44,344126,97.88,3434, 148257, 43.08,1.43
NECLIFE, EQ, 22-Aug-2022,23.25,23.25,23.55,22.5, 23.05,22.9,23.08,147029,33.94,948, 78879, 53.65,-1.51
NECLIFE, EQ, 22-Aug-2023,24.6,24.85,25.65,24.8, 25.00,25.05,25.1,547826,137.5,1366, 323207, 59.00,1.83
NECLIFE, EQ, 22-Aug-2024,37.37,37.88,37.91,36.55,37.16,37.24,37.3,4047820,1509.64,21137, 1427681, 35.27,-0.35
NECLIFE, EQ, 22-Sep-2020,20.85,21.0,22.9,19.6, 22.85,22.75,21.83,1070038,233.63,3359, 550726, 51.47,9.11
NECLIFE, EQ, 22-Sep-2021,28.6,28.6,30.0,28.5, 29.10,29.15,29.2,400205,116.87,2016, 191004, 47.73,1.92
NECLIFE, EQ, 22-Sep-2022,23.2,23.2,23.4,23.0, 23.35,23.25,23.25,94049,21.86,553, 55158, 58.65,0.22
NECLIFE, EQ, 22-Sep-2023,24.8,24.75,25.95,24.75, 25.60,25.65,25.55,503517,128.67,1760, 250020, 49.65,3.43
NECLIFE, EQ, 22-Oct-2020,20.35,20.6,20.6,20.0, 20.20,20.15,20.15,200836,40.47,816, 138183, 68.80,-0.98
NECLIFE, EQ, 22-Oct-2021,27.95,28.25,28.85,27.55, 28.00,27.9,28.27,322770,91.26,1773, 167941, 52.03,-0.18
NECLIFE, EQ, 22-Nov-2021,24.4,24.35,24.4,23.25,23.7,23.55,23.62,368665,87.07,1676, 282040, 76.50,-3.48
NECLIFE, EQ, 22-Nov-2022,20.0,20.0,20.1,19.8, 20.05,19.95,19.98,207886,41.54,647, 116208, 55.90,-0.25
NECLIFE, EQ, 22-Nov-2023,29.55,29.4,30.8,28.8, 29.00,29.0,29.85,2732181,815.58,6583, 1223841, 44.79,-1.86
NECLIFE, EQ, 22-Dec-2020,20.5,20.45,22.0,19.25, 20.85,20.8,20.46,749094,153.26,2753, 320166, 42.74,1.46
NECLIFE, EQ, 22-Dec-2021,26.15,26.3,27.6,25.95, 26.65,26.75,26.79,437940,117.32,2355, 201264, 45.96,2.29
NECLIFE, EQ, 22-Dec-2022,22.15,22.5,25.3,22.5, 24.35,23.95,24.44,5424464,1325.9,12263, 1438021, 26.51,8.13
NECLIFE, EQ, 22-Dec-2023,34.15,34.65,34.85,32.95, 33.45,33.65,33.94,3227810,1095.62,8036, 1195723, 37.04,-1.46
NECLIFE, EQ, 23-Jan-2020,14.15,14.35,14.35,13.7, 14.00,14.0,14.08,157856,22.22,403, 128280, 81.26,-1.06
NECLIFE, EQ, 23-Jan-2023,21.85,22.1,22.1,21.0,21.45,21.35,21.48,275288,59.12,1484, 143438, 52.10,-2.29
NECLIFE, EQ, 23-Jan-2024,33.75,34.1,35.5,33.3, 34.15,33.8,34.17,1709920,584.23,6184, 601525, 35.18,0.15
NECLIFE, EQ, 23-Feb-2021,19.75,20.1,20.25,19.3, 19.50,19.5,19.69,322209,63.43,983, 178477, 55.39,-1.27
NECLIFE, EQ, 23-Feb-2022,27.3,27.35,29.8,27.35,28.35,28.5,28.61,443864,126.98,2831, 155436, 35.02,4.4
NECLIFE, EQ, 23-Feb-2023,17.25,17.4,17.45,17.1,17.45,17.35,17.31,83840,14.51,356, 41171, 49.11,0.58
NECLIFE, EQ, 23-Feb-2024,41.3,41.6,42.2,40.2, 40.45,40.45,41.12,803294,330.35,3687, 435334, 54.19,-2.06
NECLIFE, EQ, 23-Mar-2020,8.2,8.35,8.35,7.25, 7.70,7.45,7.6,94451,7.18,666, 51585, 54.62,-9.15
NECLIFE, EQ, 23-Mar-2021,19.65,20.0,20.0,18.65, 19.35,19.0,19.22,398940,76.66,1044, 213677, 53.56,-3.31
NECLIFE, EQ, 23-Mar-2022,27.55,27.8,27.95,27.5, 27.55,27.55,27.67,195103,53.98,874, 148493, 76.11,0.0
NECLIFE, EQ, 23-Mar-2023,16.35,16.35,17.0,16.2, 16.75,16.5,16.63,491051,81.68,1245, 132520, 26.99,0.92
NECLIFE, EQ, 23-Apr-2020,14.1,14.25,15.1,14.0,14.85,14.8,14.69,464479,68.23,1484, 206304, 44.42,4.96
NECLIFE, EQ, 23-Apr-2021,26.1,27.7,29.5,25.0,25.55,25.7,27.58,12380296,3414.66,30056, 3850890, 31.10,-1.53
NECLIFE, EQ, 23-Apr-2024,34.25,34.45,34.8,33.75,34.1,34.0,34.1,157876,53.83,874, 110852, 70.21,-0.73
NECLIFE, EQ, 23-Apr-2025,23.18,23.49,23.61,22.4,22.8,22.76,22.88,823465,188.37,1886, 460638, 55.94,-1.81
NECLIFE, EQ, 23-May-2022,26.0,25.5,26.2,25.45,25.45,25.55,25.76,190030,48.94,1255, 99398, 52.31,-1.73
NECLIFE, EQ, 23-May-2023,16.7,16.75,17.1,16.65, 16.75,16.75,16.85,160299,27.01,578, 94269, 58.81,0.3
NECLIFE, EQ, 23-May-2024,33.35,33.3,34.15,33.1,33.35,33.35,33.52,190249,63.77,1066, 95826, 50.37,0.0
NECLIFE, EQ, 23-Jun-2020,25.05,26.4,26.45,24.1, 25.15,25.1,25.35,1901141,481.94,5856, 922940, 48.55,0.2
NECLIFE, EQ, 23-Jun-2021,43.95,44.4,44.5,42.0, 42.30,42.25,42.98,1160655,498.83,4809, 639971, 55.14,-3.87
NECLIFE, EQ, 23-Jun-2022,21.9,22.1,23.9,22.1,23.05,22.95,23.06,235317,54.27,1813, 99540, 42.30,4.79
NECLIFE, EQ, 23-Jun-2023,19.5,19.5,19.55,18.95, 18.95,19.05,19.23,205619,39.53,729, 140445, 68.30,-2.31
NECLIFE, EQ, 23-Jul-2020,19.8,20.1,20.6,19.85, 20.25,20.15,20.23,341679,69.13,1294, 169156, 49.51,1.77
NECLIFE, EQ, 23-Jul-2021,42.55,42.95,43.25,39.1,40.2,40.1,40.72,2458584,1001.11,13541, 984414, 40.04,-5.76
NECLIFE, EQ, 23-Jul-2024,28.46,28.85,29.65,27.62,28.66,28.54,28.45,454509,129.32,3912, 111243, 24.48,0.28
NECLIFE, EQ, 23-Aug-2021,29.15,30.6,30.6,27.55, 28.10,28.05,28.44,425947,121.14,2800, 235395, 55.26,-3.77
NECLIFE, EQ, 23-Aug-2022,22.9,22.85,23.2,22.1, 22.75,22.7,22.79,189601,43.21,997, 111077, 58.58,-0.87
NECLIFE, EQ, 23-Aug-2023,25.05,25.2,25.65,25.1, 25.55,25.5,25.46,360232,91.72,983, 255133, 70.82,1.8
NECLIFE, EQ, 23-Aug-2024,37.24,37.4,37.82,36.31,36.4,36.51,37.03,1521813,563.51,9099, 658474, 43.27,-1.96
NECLIFE, EQ, 23-Sep-2020,22.75,23.4,23.75,21.6, 22.05,21.9,22.37,635535,142.2,2312, 318847, 50.17,-3.74
NECLIFE, EQ, 23-Sep-2021,29.15,29.3,30.05,28.8, 29.10,29.1,29.25,399597,116.88,1579, 272795, 68.27,-0.17
NECLIFE, EQ, 23-Sep-2022,23.25,23.25,23.4,22.65, 22.85,22.85,23.02,146303,33.68,670, 118900, 81.27,-1.72
NECLIFE, EQ, 23-Sep-2024,42.25,41.95,43.0,38.02,40.75,41.57,39.76,28081813,11164.32,32673, 14443335, 51.43,-1.61
NECLIFE, EQ, 23-Oct-2020,20.15,20.7,20.7,20.2, 20.40,20.3,20.37,194237,39.57,682, 117507, 60.50,0.74
NECLIFE, EQ, 23-Oct-2023,23.5,23.65,23.8,22.2, 22.75,22.5,22.85,235547,53.83,972, 158781, 67.41,-4.26
NECLIFE, EQ, 23-Nov-2020,17.9,17.35,18.25,17.35, 18.05,18.15,18.03,167433,30.18,628, 89141, 53.24,1.4
NECLIFE, EQ, 23-Nov-2021,23.55,23.7,24.8,23.1,24.6,24.6,24.24,260457,63.13,1816, 168827, 64.82,4.46
NECLIFE, EQ, 23-Nov-2022,19.95,20.2,20.25,19.7,19.95,19.9,20.02,258926,51.84,669, 161145, 62.24,-0.25
NECLIFE, EQ, 23-Nov-2023,29.0,29.25,32.0,28.15, 30.85,30.95,30.37,3096153,940.41,8445, 1311613, 42.36,6.72
NECLIFE, EQ, 23-Dec-2020,20.8,21.1,22.35,20.9,22.0,22.05,21.75,983306,213.87,3223, 459345, 46.71,6.01
NECLIFE, EQ, 23-Dec-2021,26.75,27.2,27.2,26.3, 26.40,26.45,26.63,483290,128.69,2075, 261762, 54.16,-1.12
NECLIFE, EQ, 23-Dec-2022,23.95,24.2,28.5,24.2, 27.65,27.5,26.88,9218236,2478.29,17748, 2420077, 26.25,14.82
NECLIFE, EQ, 24-Jan-2020,14.0,14.0,14.3,14.0,14.2,14.2,14.16,125133,17.72,391, 76126, 60.84,1.43
NECLIFE, EQ, 24-Jan-2022,34.2,34.2,34.2,31.15,32.0,32.4,32.26,1282645,413.74,6471, 623414, 48.60,-5.26
NECLIFE, EQ, 24-Jan-2023,21.35,21.4,21.85,21.1,21.2,21.25,21.41,185966,39.82,664, 81096, 43.61,-0.47
NECLIFE, EQ, 24-Jan-2024,33.8,34.25,36.3,33.9, 35.55,35.55,35.45,4098172,1452.78,12421, 1616107, 39.43,5.18
NECLIFE, EQ, 24-Feb-2020,12.3,12.1,12.5,12.0, 12.40,12.3,12.26,91192,11.18,264, 56086, 61.50,0.0
NECLIFE, EQ, 24-Feb-2021,19.5,19.75,21.0,19.1, 19.90,19.8,19.8,184867,36.6,649, 110182, 59.60,1.54
NECLIFE, EQ, 24-Feb-2022,28.5,27.2,28.3,25.0, 25.50,25.25,26.16,858070,224.44,5475, 468593, 54.61,-11.4
NECLIFE, EQ, 24-Feb-2023,17.35,17.45,17.8,17.2, 17.45,17.3,17.41,102273,17.81,635, 49754, 48.65,-0.29
NECLIFE, EQ, 24-Feb-2025,28.84,28.8,29.15,27.86,28.19,28.23,28.52,699383,199.5,3653, 391326, 55.95,-2.12
NECLIFE, EQ, 24-Mar-2020,7.45,8.25,8.25,7.45, 7.55,7.8,7.77,120050,9.32,501, 67346, 56.10,4.7
NECLIFE, EQ, 24-Mar-2021,19.0,19.35,20.0,19.1, 19.25,19.25,19.44,327556,63.68,995, 156591, 47.81,1.32
NECLIFE, EQ, 24-Mar-2022,27.55,27.55,27.9,27.0, 27.10,27.15,27.55,335172,92.34,1801, 203164, 60.61,-1.45
NECLIFE, EQ, 24-Mar-2023,16.5,16.85,16.85,16.15, 16.15,16.2,16.47,227533,37.48,802, 140050, 61.55,-1.82
NECLIFE, EQ, 24-Mar-2025,24.73,25.96,25.96,24.05,24.5,24.28,25.22,3957021,998.15,4077, 2863170, 72.36,-1.82
NECLIFE, EQ, 24-Apr-2020,14.8,14.55,15.65,14.3,15.0,15.0,15.07,432438,65.19,1425, 234434, 54.21,1.35
NECLIFE, EQ, 24-Apr-2023,17.4,17.65,17.65,17.05, 17.25,17.15,17.24,143161,24.68,467, 94987, 66.35,-1.44
NECLIFE, EQ, 24-Apr-2024,34.0,34.2,35.9,33.75, 34.80,34.6,34.7,387965,134.63,1903, 221915, 57.20,1.76
NECLIFE, EQ, 24-Apr-2025,22.76,22.76,24.78,22.75,23.9,23.9,23.79,1822621,433.63,4080, 679959, 37.31,5.01
NECLIFE, EQ, 24-May-2021,29.55,30.0,30.2,29.0, 29.10,29.1,29.48,779959,229.9,2971, 512539, 65.71,-1.52
NECLIFE, EQ, 24-May-2022,25.55,25.7,26.25,25.35,25.55,25.5,25.68,142794,36.67,1094, 54609, 38.24,-0.2
NECLIFE, EQ, 24-May-2023,16.75,16.85,16.9,16.6, 16.70,16.7,16.74,79752,13.35,387, 43309, 54.30,-0.3
NECLIFE, EQ, 24-May-2024,33.35,33.35,33.75,32.5,33.75,33.35,33.33,229799,76.59,1056, 126625, 55.10,0.0
NECLIFE, EQ, 24-Jun-2020,25.1,25.3,25.3,23.0,23.35,23.3,23.88,1439805,343.87,5111, 801828, 55.69,-7.17
NECLIFE, EQ, 24-Jun-2021,42.25,42.25,42.75,39.55, 39.85,40.35,41.03,1361493,558.63,5056, 795023, 58.39,-4.5
NECLIFE, EQ, 24-Jun-2022,22.95,23.7,23.95,22.75, 23.10,23.05,23.19,142398,33.03,1070, 73784, 51.82,0.44
NECLIFE, EQ, 24-Jun-2024,32.92,32.92,33.3,32.37,32.51,32.6,32.7,253713,82.97,3254, 134207, 52.90,-0.97
NECLIFE, EQ, 24-Jul-2020,20.15,20.15,20.2,19.2,19.7,19.75,19.7,324974,64.03,1269, 216577, 66.64,-1.99
NECLIFE, EQ, 24-Jul-2023,21.55,21.55,21.85,21.3, 21.35,21.4,21.63,165261,35.75,558, 108992, 65.95,-0.7
NECLIFE, EQ, 24-Jul-2024,28.54,28.54,29.8,28.47,29.55,29.41,29.33,484049,141.96,4641, 207530, 42.87,3.05
NECLIFE, EQ, 24-Aug-2020,22.5,22.95,22.95,22.5,22.85,22.65,22.68,324763,73.67,1060, 227573, 70.07,0.67
NECLIFE, EQ, 24-Aug-2021,28.05,28.05,29.4,28.0, 29.10,29.1,28.86,330571,95.4,2186, 164378, 49.73,3.74
NECLIFE, EQ, 24-Aug-2022,22.7,22.7,23.1,22.7,22.95,22.85,22.93,190719,43.73,776, 116253, 60.96,0.66
NECLIFE, EQ, 24-Aug-2023,25.5,25.7,27.4,25.5, 25.80,25.8,26.51,1126389,298.6,3441, 424453, 37.68,1.18
NECLIFE, EQ, 24-Sep-2020,21.9,21.6,21.65,20.35, 20.65,20.65,20.86,417582,87.12,1614, 245335, 58.75,-5.71
NECLIFE, EQ, 24-Sep-2021,29.1,30.2,30.8,29.5, 29.65,29.65,30.05,910173,273.5,3849, 377480, 41.47,1.89
NECLIFE, EQ, 24-Nov-2020,18.15,18.45,18.8,18.05, 18.40,18.35,18.41,213061,39.21,712, 118165, 55.46,1.1
NECLIFE, EQ, 24-Nov-2021,24.6,24.9,25.5,24.65, 24.80,24.85,25.11,186980,46.95,1290, 101336, 54.20,1.02
NECLIFE, EQ, 24-Nov-2022,19.9,20.1,20.15,19.95, 20.10,20.1,20.07,102534,20.58,376, 58750, 57.30,1.01
NECLIFE, EQ, 24-Nov-2023,30.95,30.95,31.5,29.95, 30.35,30.3,30.79,1440580,443.6,3917, 672390, 46.67,-2.1
NECLIFE, EQ, 24-Dec-2020,22.05,22.25,22.6,21.2, 21.45,21.55,21.83,562850,122.87,1639, 314413, 55.86,-2.27
NECLIFE, EQ, 24-Dec-2021,26.45,26.7,26.7,25.9, 26.20,26.2,26.26,290054,76.18,1312, 141988, 48.95,-0.95
NECLIFE, EQ, 25-Jan-2021,21.0,21.7,21.7,20.2, 20.55,20.4,20.49,272783,55.89,909, 113445, 41.59,-2.86
NECLIFE, EQ, 25-Jan-2022,32.4,32.1,33.0,30.55,32.4,32.2,32.09,768567,246.63,4173, 351349, 45.71,-0.62
NECLIFE, EQ, 25-Jan-2023,21.25,21.2,21.35,20.7, 21.10,20.95,20.92,250253,52.35,962, 109144, 43.61,-1.41
NECLIFE, EQ, 25-Jan-2024,35.55,36.0,36.7,35.4, 36.25,36.1,36.03,2203594,794.04,7382, 891874, 40.47,1.55
NECLIFE, EQ, 25-Feb-2020,12.3,12.7,12.7,12.15, 12.50,12.35,12.27,40925,5.02,174, 27336, 66.80,0.41
NECLIFE, EQ, 25-Feb-2021,19.8,19.95,20.95,19.75, 20.10,20.1,20.31,384656,78.13,1375, 149016, 38.74,1.52
NECLIFE, EQ, 25-Feb-2022,25.25,26.85,27.4,26.15,27.0,27.05,26.95,443605,119.54,3132, 186543, 42.05,7.13
NECLIFE, EQ, 25-Feb-2025,28.23,28.3,28.91,28.0,28.06,28.16,28.23,725321,204.79,2431, 383774, 52.91,-0.25
NECLIFE, EQ, 25-Mar-2020,7.8,7.65,9.3,7.2, 8.90,8.85,8.52,203297,17.33,1005, 117420, 57.76,13.46
NECLIFE, EQ, 25-Mar-2021,19.25,19.25,19.8,18.5,18.95,18.9,18.98,294214,55.84,1300, 134934, 45.86,-1.82
NECLIFE, EQ, 25-Mar-2022,27.15,27.45,27.45,26.5,26.65,26.7,26.94,246681,66.45,1600, 179548, 72.79,-1.66
NECLIFE, EQ, 25-Mar-2025,24.28,24.49,25.39,23.21,23.88,23.96,24.79,4272673,1059.14,3772, 3099865, 72.55,-1.32
NECLIFE, EQ, 25-Apr-2022,30.95,30.8,30.8,29.5,29.7,29.65,30.09,443146,133.35,2300, 172824, 39.00,-4.2
NECLIFE, EQ, 25-Apr-2023,17.15,17.45,17.45,17.1,17.2,17.15,17.19,131303,22.58,566, 77290, 58.86,0.0
NECLIFE, EQ, 25-Apr-2024,34.6,34.0,34.6,33.95, 34.10,34.25,34.3,182158,62.47,790, 114572, 62.90,-1.01
NECLIFE, EQ, 25-Apr-2025,23.9,23.91,24.05,22.26,22.96,22.83,22.93,1033144,236.92,2783, 510481, 49.41,-4.48
NECLIFE, EQ, 25-May-2021,29.1,29.5,29.65,28.45, 28.60,28.55,28.85,635476,183.31,3194, 418386, 65.84,-1.89
NECLIFE, EQ, 25-May-2022,25.5,25.55,25.9,24.5, 24.70,24.55,24.94,155024,38.67,1230, 79919, 51.55,-3.73
NECLIFE, EQ, 25-May-2023,16.7,16.7,17.0,16.6, 16.90,16.8,16.75,131795,22.08,364, 88766, 67.35,0.6
NECLIFE, EQ, 25-Jun-2020,23.3,23.0,24.9,21.6, 24.20,24.25,23.13,2575469,595.8,7281, 895489, 34.77,4.08
NECLIFE, EQ, 25-Jun-2021,40.35,39.9,41.7,39.15, 40.50,40.15,40.34,1276896,515.11,5385, 503652, 39.44,-0.5
NECLIFE, EQ, 25-Jun-2024,32.6,32.95,33.14,32.25,32.27,32.36,32.63,506926,165.43,4010, 243255, 47.99,-0.74
NECLIFE, EQ, 25-Jul-2022,24.4,24.8,24.8,23.9, 24.10,24.1,24.24,101587,24.62,877, 39350, 38.74,-1.23
NECLIFE, EQ, 25-Jul-2023,21.4,21.45,21.75,21.3, 21.50,21.5,21.49,202862,43.6,432, 145962, 71.95,0.47
NECLIFE, EQ, 25-Jul-2024,29.41,29.19,30.6,29.15,30.38,30.33,30.13,679891,204.83,6256, 327303, 48.14,3.13
NECLIFE, EQ, 25-Aug-2020,22.65,22.65,23.8,22.65, 23.50,23.5,23.29,1291869,300.91,3065, 713944, 55.26,3.75
NECLIFE, EQ, 25-Aug-2021,29.1,29.4,31.5,29.4, 30.95,30.85,30.75,646775,198.89,3432, 305047, 47.16,6.01
NECLIFE, EQ, 25-Aug-2022,22.85,23.1,23.4,23.0,23.15,23.15,23.21,229886,53.35,881, 139806, 60.82,1.31
NECLIFE, EQ, 25-Aug-2023,25.8,25.5,26.3,25.15, 26.00,25.9,25.81,589764,152.2,1403, 288282, 48.88,0.39
NECLIFE, EQ, 25-Sep-2020,20.65,21.25,22.7,20.7, 21.95,21.95,22.05,1736827,383.04,5031, 527666, 30.38,6.3
NECLIFE, EQ, 25-Sep-2023,25.65,25.65,26.1,25.2, 25.35,25.35,25.56,228642,58.43,943, 136428, 59.67,-1.17
NECLIFE, EQ, 25-Oct-2021,27.9,27.9,28.15,26.3, 26.80,26.8,27.02,602547,162.79,2833, 343851, 57.07,-3.94
NECLIFE, EQ, 25-Oct-2022,21.7,21.4,21.75,21.3,21.45,21.4,21.45,130860,28.07,445, 76279, 58.29,-1.38
NECLIFE, EQ, 25-Oct-2023,22.5,22.6,23.45,22.0,22.1,22.2,22.46,217365,48.83,1027, 90898, 41.82,-1.33
NECLIFE, EQ, 25-Nov-2020,18.35,18.7,18.9,18.05, 18.05,18.2,18.45,257804,47.57,853, 122727, 47.60,-0.82
NECLIFE, EQ, 25-Nov-2021,24.85,24.85,25.75,24.0,25.15,25.3,24.97,214072,53.46,1493, 98445, 45.99,1.81
NECLIFE, EQ, 25-Nov-2022,20.1,20.35,21.75,20.05,21.2,21.1,21.08,526166,110.93,1911, 268200, 50.97,4.98
NECLIFE, EQ, 26-Feb-2020,12.35,12.35,12.4,11.2, 11.80,11.75,11.93,106243,12.68,507, 73847, 69.51,-4.86
NECLIFE, EQ, 26-Feb-2021,20.1,20.25,20.75,19.8,20.1,20.1,20.33,471935,95.94,1453, 223252, 47.31,0.0
NECLIFE, EQ, 26-Feb-2024,40.45,40.6,40.95,39.2, 39.75,39.55,39.75,865905,344.23,4787, 516196, 59.61,-2.22
NECLIFE, EQ, 26-Mar-2020,8.85,9.35,10.1,9.05, 9.75,9.9,9.73,215748,20.99,1166, 126996, 58.86,11.86
NECLIFE, EQ, 26-Mar-2021,18.9,19.0,19.5,18.55,18.7,18.7,18.95,283560,53.74,840, 193956, 68.40,-1.06
NECLIFE, EQ, 26-Mar-2024,31.45,31.45,31.65,30.75,30.75,30.75,30.98,426121,132.02,1124, 312414, 73.32,-2.23
NECLIFE, EQ, 26-Mar-2025,23.96,24.35,24.74,22.9,23.15,22.99,23.41,3710398,868.54,3854, 2651425, 71.46,-4.05
NECLIFE, EQ, 26-Apr-2021,25.7,25.7,26.95,24.25, 24.60,24.7,25.1,2145497,538.6,7342, 1031737, 48.09,-3.89
NECLIFE, EQ, 26-Apr-2022,29.65,29.7,30.6,29.45, 29.80,29.7,30.01,337892,101.42,1984, 156015, 46.17,0.17
NECLIFE, EQ, 26-Apr-2023,17.15,17.2,17.75,17.1, 17.60,17.55,17.47,178158,31.12,478, 104014, 58.38,2.33
NECLIFE, EQ, 26-Apr-2024,34.25,34.4,35.65,34.1, 35.00,35.15,35.17,538130,189.25,2207, 273775, 50.88,2.63
NECLIFE, EQ, 26-May-2020,12.95,12.95,13.3,12.8, 13.10,12.95,13.04,109232,14.24,369, 55460, 50.77,0.0
NECLIFE, EQ, 26-May-2021,28.55,28.9,31.4,28.65, 31.40,31.4,30.52,1868316,570.18,4137, 1345550, 72.02,9.98
NECLIFE, EQ, 26-May-2022,24.55,24.7,24.95,23.55,24.3,24.25,24.13,165099,39.85,1403, 64130, 38.84,-1.22
NECLIFE, EQ, 26-May-2023,16.8,17.05,17.35,16.5,17.3,17.25,17.06,354549,60.49,1044, 118985, 33.56,2.68
NECLIFE, EQ, 26-Jun-2020,24.25,24.85,24.85,23.15, 23.45,23.5,23.76,736808,175.08,3035, 393581, 53.42,-3.09
NECLIFE, EQ, 26-Jun-2023,19.05,19.0,19.15,18.65, 18.85,18.8,18.84,186587,35.16,645, 110501, 59.22,-1.31
NECLIFE, EQ, 26-Jun-2024,32.36,32.12,32.58,31.8,32.2,31.96,32.06,222641,71.37,2377, 119039, 53.47,-1.24
NECLIFE, EQ, 26-Jul-2021,40.1,39.7,39.7,38.0,38.45,38.3,38.77,1422713,551.61,6127, 744763, 52.35,-4.49
NECLIFE, EQ, 26-Jul-2022,24.1,24.1,24.35,23.6,23.75,23.8,23.89,73980,17.67,534, 48667, 65.78,-1.24
NECLIFE, EQ, 26-Jul-2023,21.5,21.75,23.65,21.5, 23.00,22.95,22.85,1409404,321.99,3229, 755461, 53.60,6.74
NECLIFE, EQ, 26-Jul-2024,30.33,30.5,33.09,30.5, 32.28,32.19,32.19,2222401,715.43,20378, 1005074, 45.22,6.13
NECLIFE, EQ, 26-Aug-2020,23.5,23.6,24.9,23.6, 24.20,24.2,24.34,1399175,340.5,4159, 748985, 53.53,2.98
NECLIFE, EQ, 26-Aug-2021,30.85,30.8,32.5,30.4, 31.65,31.75,31.82,686199,218.38,3896, 351972, 51.29,2.92
NECLIFE, EQ, 26-Aug-2022,23.15,23.25,23.4,22.85,22.85,22.95,23.07,145785,33.63,698, 108857, 74.67,-0.86
NECLIFE, EQ, 26-Aug-2024,36.51,36.69,41.15,36.58,39.25,38.92,39.31,7804158,3067.53,41169, 2658313, 34.06,6.6
NECLIFE, EQ, 26-Sep-2022,22.85,22.55,23.25,20.5,21.3,21.15,21.57,467515,100.83,2368, 260653, 55.75,-7.44
NECLIFE, EQ, 26-Sep-2023,25.35,25.4,25.6,24.55, 24.65,24.75,25.02,188733,47.23,871, 118203, 62.63,-2.37
NECLIFE, EQ, 26-Oct-2020,20.3,20.35,20.7,20.0,20.15,20.05,20.21,101072,20.43,522, 60789, 60.14,-1.23
NECLIFE, EQ, 26-Oct-2021,26.8,26.7,27.5,26.55, 27.05,26.9,26.95,445733,120.1,2409, 237984, 53.39,0.37
NECLIFE, EQ, 26-Oct-2023,22.2,22.05,22.5,21.5, 22.30,22.25,21.97,263876,57.97,1062, 137524, 52.12,0.23
NECLIFE, EQ, 26-Nov-2020,18.2,18.4,18.45,18.15, 18.30,18.2,18.25,127404,23.25,405, 81119, 63.67,0.0
NECLIFE, EQ, 26-Nov-2021,25.3,25.4,26.4,24.6, 24.85,25.0,25.63,584839,149.9,3481, 252582, 43.19,-1.19
NECLIFE, EQ, 26-Dec-2022,27.5,28.4,30.9,25.0,25.5,25.45,27.16,6279837,1705.89,16073, 1795211, 28.59,-7.45
NECLIFE, EQ, 26-Dec-2023,33.65,33.8,35.3,33.5, 33.80,33.95,34.53,2577713,890.1,7378, 1290027, 50.05,0.89
NECLIFE, EQ, 27-Jan-2020,14.2,14.15,14.85,14.0, 14.60,14.5,14.33,142152,20.37,499, 73438, 51.66,2.11
NECLIFE, EQ, 27-Jan-2021,20.4,20.4,20.5,19.65, 19.90,19.85,19.99,236425,47.26,1010, 159320, 67.39,-2.7
NECLIFE, EQ, 27-Jan-2022,32.2,32.2,33.8,32.15, 32.75,32.75,32.96,820011,270.25,5092, 363174, 44.29,1.71
NECLIFE, EQ, 27-Jan-2023,20.95,21.05,21.2,20.2, 20.45,20.55,20.58,222886,45.88,1154, 138560, 62.17,-1.91
NECLIFE, EQ, 27-Feb-2020,11.75,12.0,12.0,11.5, 11.65,11.65,11.68,82354,9.62,288, 62103, 75.41,-0.85
NECLIFE, EQ, 27-Feb-2023,17.3,17.05,17.3,16.7, 17.25,17.15,17.02,109926,18.71,623, 58720, 53.42,-0.87
NECLIFE, EQ, 27-Feb-2024,39.55,39.75,40.7,38.15, 38.55,38.75,39.44,1196293,471.82,5350, 522063, 43.64,-2.02
NECLIFE, EQ, 27-Feb-2025,28.16,28.3,28.3,27.07,27.24,27.2,27.47,717304,197.06,2942, 539241, 75.18,-3.41
NECLIFE, EQ, 27-Mar-2020,9.9,10.35,10.4,9.5, 9.70,9.65,9.77,130449,12.75,597, 71733, 54.99,-2.53
NECLIFE, EQ, 27-Mar-2023,16.2,16.2,16.3,15.4, 15.50,15.5,15.83,291909,46.2,1157, 174595, 59.81,-4.32
NECLIFE, EQ, 27-Mar-2024,30.75,30.7,31.15,30.05, 30.10,30.1,30.42,1022553,311.02,1843, 856520, 83.76,-2.11
NECLIFE, EQ, 27-Mar-2025,22.99,22.99,24.02,22.51,23.84,23.61,23.35,4582394,1069.96,4383, 3568171, 77.87,2.7
NECLIFE, EQ, 27-Apr-2020,15.0,15.5,15.75,15.1, 15.20,15.25,15.43,351179,54.2,1166, 209036, 59.52,1.67
NECLIFE, EQ, 27-Apr-2021,24.7,24.4,25.7,24.3,24.75,24.6,24.95,1069183,266.78,3780, 495136, 46.31,-0.4
NECLIFE, EQ, 27-Apr-2022,29.7,29.7,30.05,28.7,29.1,29.1,29.13,332681,96.91,1941, 139627, 41.97,-2.02
NECLIFE, EQ, 27-Apr-2023,17.55,17.75,17.85,17.55, 17.65,17.7,17.67,97360,17.2,382, 59667, 61.28,0.85
NECLIFE, EQ, 27-May-2020,12.95,13.0,13.15,12.8,12.95,12.95,13.01,68522,8.92,273, 55648, 81.21,0.0
NECLIFE, EQ, 27-May-2021,31.4,32.9,34.15,31.05, 32.80,33.2,32.98,4451277,1467.96,12577, 2228548, 50.07,5.73
NECLIFE, EQ, 27-May-2022,24.25,24.45,25.5,24.1, 25.40,25.35,25.07,191539,48.03,1480, 90983, 47.50,4.54
NECLIFE, EQ, 27-May-2024,33.35,33.55,33.55,32.85,33.05,33.0,33.13,177801,58.9,1067, 94728, 53.28,-1.05
NECLIFE, EQ, 27-Jun-2022,23.05,23.45,23.85,22.6,23.1,23.0,23.28,118047,27.48,806, 67490, 57.17,-0.22
NECLIFE, EQ, 27-Jun-2023,18.8,18.75,19.75,18.75, 19.45,19.4,19.46,272771,53.09,1013, 156318, 57.31,3.19
NECLIFE, EQ, 27-Jun-2024,31.96,31.57,32.25,30.5,31.1,30.93,31.34,333987,104.68,3554, 179709, 53.81,-3.22
NECLIFE, EQ, 27-Jul-2020,19.75,19.95,20.15,19.3,19.35,19.4,19.6,220805,43.27,903, 140223, 63.51,-1.77
NECLIFE, EQ, 27-Jul-2021,38.3,38.7,40.4,37.8, 38.75,38.55,39.09,1076720,420.86,4828, 561209, 52.12,0.65
NECLIFE, EQ, 27-Jul-2022,23.8,23.8,24.1,23.6,23.65,23.7,23.76,68877,16.36,437, 45989, 66.77,-0.42
NECLIFE, EQ, 27-Jul-2023,22.95,23.1,27.15,22.9, 26.20,26.4,25.78,6026953,1553.51,14161, 2282776, 37.88,15.03
NECLIFE, EQ, 27-Aug-2020,24.2,24.65,24.7,23.3,23.55,23.45,23.7,543273,128.73,2002, 336627, 61.96,-3.1
NECLIFE, EQ, 27-Aug-2021,31.75,32.05,32.35,31.2, 31.55,31.7,31.75,288063,91.45,2054, 142307, 49.40,-0.16
NECLIFE, EQ, 27-Aug-2024,38.92,39.2,42.48,38.92,41.0,40.71,41.33,8070359,3335.3,38653, 2667101, 33.05,4.6
NECLIFE, EQ, 27-Sep-2021,29.65,30.1,30.4,29.05, 29.25,29.3,29.56,292333,86.42,1920, 167476, 57.29,-1.18
NECLIFE, EQ, 27-Sep-2022,21.15,21.55,21.8,20.8,20.95,21.0,21.06,303147,63.85,1474, 205157, 67.68,-0.71
NECLIFE, EQ, 27-Sep-2023,24.75,24.85,25.15,24.8, 24.95,24.9,24.94,219842,54.82,843, 133747, 60.84,0.61
NECLIFE, EQ, 27-Oct-2020,20.05,20.15,20.35,19.85, 19.85,19.95,19.96,167856,33.5,611, 99988, 59.57,-0.5
NECLIFE, EQ, 27-Oct-2021,26.9,27.45,28.3,26.8, 27.40,27.35,27.47,515133,141.52,2788, 232746, 45.18,1.67
NECLIFE, EQ, 27-Oct-2022,21.4,21.4,21.7,21.4,21.6,21.55,21.59,108570,23.44,447, 59742, 55.03,0.7
NECLIFE, EQ, 27-Oct-2023,22.25,22.55,22.95,22.35,22.65,22.6,22.66,109794,24.87,594, 59541, 54.23,1.57
NECLIFE, EQ, 27-Nov-2020,18.2,18.45,18.6,18.2,18.35,18.3,18.39,168680,31.02,602, 105852, 62.75,0.55
NECLIFE, EQ, 27-Dec-2021,26.2,26.5,27.2,26.0, 26.25,26.3,26.54,651473,172.88,2600, 343566, 52.74,0.38
NECLIFE, EQ, 27-Dec-2022,25.45,25.5,25.65,23.85,24.0,24.05,24.57,2081581,511.52,4943, 797988, 38.34,-5.5
NECLIFE, EQ, 27-Dec-2023,33.95,34.2,34.65,32.55, 34.00,33.15,33.54,1464688,491.21,4944, 590609, 40.32,-2.36
NECLIFE, EQ, 28-Jan-2020,14.5,14.65,14.8,14.25, 14.40,14.35,14.56,120113,17.49,422, 91264, 75.98,-1.03
NECLIFE, EQ, 28-Jan-2021,19.85,19.7,21.35,19.25, 21.10,21.0,20.79,378076,78.6,1303, 144120, 38.12,5.79
NECLIFE, EQ, 28-Jan-2022,32.75,32.95,34.1,32.55, 33.15,32.75,33.5,541423,181.39,3963, 274913, 50.78,0.0
NECLIFE, EQ, 28-Feb-2020,11.65,11.65,11.9,11.0, 11.10,11.05,11.23,134976,15.16,540, 79566, 58.95,-5.15
NECLIFE, EQ, 28-Feb-2022,27.05,27.0,27.2,26.2, 26.95,26.85,26.73,373304,99.77,2496, 184288, 49.37,-0.74
NECLIFE, EQ, 28-Feb-2023,17.15,17.4,18.95,17.1, 17.35,17.25,17.47,242012,42.27,973, 76974, 31.81,0.58
NECLIFE, EQ, 28-Feb-2024,38.75,38.9,39.6,36.7,37.0,37.3,37.91,850692,322.53,3830, 414817, 48.76,-3.74
NECLIFE, EQ, 28-Feb-2025,27.2,27.19,27.33,25.8,26.45,26.33,26.56,1866869,495.87,5062, 1442718, 77.28,-3.2
NECLIFE, EQ, 28-Mar-2022,26.7,26.95,26.95,25.25, 25.50,25.45,25.85,408216,105.53,2045, 278053, 68.11,-4.68
NECLIFE, EQ, 28-Mar-2023,15.5,15.7,15.85,14.5, 14.70,14.65,14.99,387793,58.12,1706, 237329, 61.20,-5.48
NECLIFE, EQ, 28-Mar-2024,30.1,30.15,30.75,30.05,30.05,30.15,30.42,541696,164.76,1316, 429139, 79.22,0.17
NECLIFE, EQ, 28-Mar-2025,23.61,24.0,24.54,22.75,22.88,22.95,23.49,2340881,549.91,2629, 1702425, 72.73,-2.8
NECLIFE, EQ, 28-Apr-2020,15.25,15.45,15.75,14.8, 14.90,14.85,14.99,153950,23.07,777, 101431, 65.89,-2.62
NECLIFE, EQ, 28-Apr-2021,24.6,24.75,27.2,23.0, 26.60,26.75,25.85,4691441,1212.8,12002, 1691382, 36.05,8.74
NECLIFE, EQ, 28-Apr-2022,29.1,29.15,30.2,28.0, 28.65,28.55,29.08,387053,112.54,2073, 170313, 44.00,-1.89
NECLIFE, EQ, 28-Apr-2023,17.7,17.6,18.45,17.6, 18.25,18.3,18.1,326543,59.09,988, 173347, 53.09,3.39
NECLIFE, EQ, 28-May-2020,12.95,13.15,13.2,12.9,13.0,13.05,13.01,64129,8.35,311, 44352, 69.16,0.77
NECLIFE, EQ, 28-May-2021,33.2,34.2,34.2,31.35,31.7,31.7,32.56,2184049,711.17,8586, 1221086, 55.91,-4.52
NECLIFE, EQ, 28-May-2024,33.0,33.2,33.2,32.0,32.35,32.2,32.39,213125,69.03,1085, 125002, 58.65,-2.42
NECLIFE, EQ, 28-Jun-2021,40.15,40.5,40.6,39.25, 39.70,39.8,39.82,740529,294.86,3574, 375422, 50.70,-0.87
NECLIFE, EQ, 28-Jun-2022,23.0,23.1,23.4,22.8, 23.30,23.15,23.06,67079,15.47,535, 34851, 51.96,0.65
NECLIFE, EQ, 28-Jun-2024,30.93,31.34,32.33,31.04,31.42,31.34,31.71,377518,119.7,3909, 144489, 38.27,1.33
NECLIFE, EQ, 28-Jul-2020,19.4,19.4,21.2,19.0,21.15,20.45,19.9,561964,111.84,1674, 313302, 55.75,5.41
NECLIFE, EQ, 28-Jul-2021,38.55,38.7,39.35,36.1,36.65,36.95,37.68,957329,360.73,4799, 513759, 53.67,-4.15
NECLIFE, EQ, 28-Jul-2022,23.7,23.9,24.0,23.55, 23.55,23.65,23.77,87718,20.85,496, 54471, 62.10,-0.21
NECLIFE, EQ, 28-Jul-2023,26.4,26.4,26.45,25.3, 25.40,25.55,25.87,1095948,283.56,3860, 565499, 51.60,-3.22
NECLIFE, EQ, 28-Aug-2020,23.45,23.6,23.75,22.55, 23.15,22.95,23.0,535910,123.26,1688, 338237, 63.11,-2.13
NECLIFE, EQ, 28-Aug-2023,25.9,26.2,28.05,26.1, 27.20,27.15,27.03,1112550,300.68,2645, 685424, 61.61,4.83
NECLIFE, EQ, 28-Aug-2024,40.71,41.05,42.4,40.75,40.79,40.96,41.5,2957894,1227.39,16320, 1141037, 38.58,0.61
NECLIFE, EQ, 28-Sep-2020,21.95,22.15,22.95,22.0,22.2,22.1,22.42,619162,138.81,1904,338796,54.72,0.68
NECLIFE, EQ, 28-Sep-2021,29.3,29.55,30.8,29.05, 29.45,29.4,29.78,783437,233.27,4652, 276429, 35.28,0.34
NECLIFE, EQ, 28-Sep-2022,21.0,20.95,22.0,20.65,22.0,20.85,21.01,142188,29.88,855, 81803, 57.53,-0.71
NECLIFE, EQ, 28-Sep-2023,24.9,25.0,25.9,24.8, 24.90,25.1,25.08,236794,59.38,684, 132964, 56.15,0.8
NECLIFE, EQ, 28-Oct-2020,19.95,20.25,20.25,19.65, 19.90,19.8,19.83,137093,27.19,519, 84738, 61.81,-0.75
NECLIFE, EQ, 28-Oct-2021,27.35,27.4,27.4,26.7, 26.80,26.75,26.91,206070,55.45,1400, 125249, 60.78,-2.19
NECLIFE, EQ, 28-Oct-2022,21.55,21.6,21.65,21.5,21.6,21.55,21.57,77968,16.82,339, 49601, 63.62,0.0
NECLIFE, EQ, 28-Nov-2022,21.1,21.6,21.65,21.15, 21.15,21.2,21.31,189076,40.29,717, 105178, 55.63,0.47
NECLIFE, EQ, 28-Nov-2023,30.3,30.6,31.4,29.7, 30.55,30.5,30.48,1208895,368.47,4606, 519290, 42.96,0.66
NECLIFE, EQ, 28-Dec-2020,21.55,21.55,22.1,21.3,21.45,21.5,21.65,332436,71.99,1195, 212376, 63.88,-0.23
NECLIFE, EQ, 28-Dec-2021,26.3,26.4,26.85,26.35,26.55,26.45,26.56,491094,130.43,2055, 296605, 60.40,0.57
NECLIFE, EQ, 28-Dec-2022,24.05,24.0,25.6,24.0, 24.75,24.65,25.05,1557315,390.18,3881, 396379, 25.45,2.49
NECLIFE, EQ, 28-Dec-2023,33.15,33.4,34.65,32.35, 32.70,32.7,33.56,1785215,599.13,6185, 800160, 44.82,-1.36
NECLIFE, EQ, 29-Jan-2020,14.35,14.6,14.8,14.1, 14.45,14.45,14.4,82385,11.87,362, 53925, 65.45,0.7
NECLIFE, EQ, 29-Jan-2021,21.0,21.5,21.5,20.4, 20.75,20.5,20.87,185041,38.62,690, 96218, 52.00,-2.38
NECLIFE, EQ, 29-Jan-2024,36.1,36.4,36.95,35.15, 35.60,35.35,36.31,1815335,659.21,5751, 846193, 46.61,-2.08
NECLIFE, EQ, 29-Feb-2024,37.3,37.6,38.55,37.0, 38.45,38.25,37.76,671900,253.74,3071, 336982, 50.15,2.55
NECLIFE, EQ, 29-Mar-2022,25.45,26.0,26.0,24.15, 24.30,24.35,24.94,603400,150.51,2516, 418606, 69.37,-4.32
NECLIFE, EQ, 29-Mar-2023,14.65,14.65,15.25,14.65, 15.00,15.0,14.93,409104,61.07,1243, 250076, 61.13,2.39
NECLIFE, EQ, 29-Apr-2020,14.85,15.3,15.3,14.7,14.85,14.95,14.88,197004,29.32,679, 107911, 54.78,0.67
NECLIFE, EQ, 29-Apr-2021,26.75,26.85,27.3,25.55, 25.85,25.85,26.14,1894279,495.11,4992, 820939, 43.34,-3.36
NECLIFE, EQ, 29-Apr-2022,28.55,29.0,29.4,28.2,28.3,28.45,28.76,336121,96.67,1947, 129035, 38.39,-0.35
NECLIFE, EQ, 29-Apr-2024,35.15,35.1,35.6,34.55, 34.85,34.6,35.06,140932,49.4,844, 95688, 67.90,-1.56
NECLIFE, EQ, 29-May-2020,13.05,12.9,14.1,11.85, 13.25,13.2,13.25,488916,64.81,1472, 175461, 35.89,1.15
NECLIFE, EQ, 29-May-2023,17.25,17.25,17.4,16.5, 16.85,16.95,16.93,147909,25.05,558, 93579, 63.27,-1.74
NECLIFE, EQ, 29-May-2024,32.2,32.2,32.75,32.0,32.2,32.15,32.26,109978,35.47,658, 63634, 57.86,-0.16
NECLIFE, EQ, 29-Jun-2020,23.5,23.05,23.25,21.75, 22.20,22.25,22.28,759803,169.31,3308, 386631, 50.89,-5.32
NECLIFE, EQ, 29-Jun-2021,39.8,39.45,42.0,39.25, 40.90,40.85,41.19,1747013,719.55,7426, 756890, 43.32,2.64
NECLIFE, EQ, 29-Jun-2022,23.15,22.7,23.3,22.6, 23.05,23.1,23.04,43627,10.05,438, 25181, 57.72,-0.22
NECLIFE, EQ, 28-Jun-2023,19.4,19.45,19.8,19.1, 19.20,19.3,19.3,129171,24.93,642, 65069, 50.37,-0.52
NECLIFE, EQ, 29-Jul-2020,20.45,21.5,22.45,21.45, 22.45,22.35,22.19,2148697,476.77,6030, 974576, 45.36,9.29
NECLIFE, EQ, 29-Jul-2021,36.95,37.15,37.5,34.65,36.0,35.35,36.1,1178415,425.46,4282, 731619, 62.09,-4.33
NECLIFE, EQ, 29-Jul-2022,23.65,24.15,24.15,23.7,23.75,23.85,23.9,130820,31.26,680, 77710, 59.40,0.85
NECLIFE, EQ, 29-Jul-2024,32.19,32.25,32.87,31.01,31.23,31.21,31.68,595784,188.76,4438, 348536, 58.50,-3.04
NECLIFE, EQ, 29-Aug-2022,22.95,22.5,23.0,22.45, 22.95,22.9,22.78,118753,27.05,617, 66621, 56.10,-0.22
NECLIFE, EQ, 29-Aug-2023,27.15,27.35,28.95,27.35, 27.80,27.85,28.25,1483150,418.93,3735, 639772, 43.14,2.58
NECLIFE, EQ, 29-Aug-2024,40.96,41.0,41.99,38.65,39.8,39.51,40.04,1787705,715.81,12342, 646301, 36.15,-3.54
NECLIFE, EQ, 29-Sep-2020,22.1,22.1,22.55,21.65,21.85,21.85,22.06,257866,56.9,936, 132207, 51.27,-1.13
NECLIFE, EQ, 29-Sep-2021,29.4,29.6,29.8,29.25, 29.45,29.4,29.5,234158,69.08,1699, 126474, 54.01,0.0
NECLIFE, EQ, 29-Sep-2022,20.85,20.8,21.3,20.7,21.0,20.9,20.91,181032,37.85,719, 104037, 57.47,0.24
NECLIFE, EQ, 29-Sep-2023,25.1,25.4,25.4,24.3, 24.40,24.4,24.63,363069,89.44,1272, 216257, 59.56,-2.79
NECLIFE, EQ, 29-Oct-2020,19.8,19.8,19.8,19.6,19.7,19.65,19.68,86690,17.06,363, 44229, 51.02,-0.76
NECLIFE, EQ, 29-Oct-2021,26.75,26.75,26.8,26.15, 26.40,26.4,26.42,228308,60.33,1526, 114900, 50.33,-1.31
NECLIFE, EQ, 29-Nov-2021,25.0,25.4,25.65,23.7, 23.90,23.8,24.28,382616,92.91,2231, 170761, 44.63,-4.8
NECLIFE, EQ, 29-Nov-2022,21.2,21.45,21.45,20.9,21.0,21.05,21.09,134365,28.34,642, 103433, 76.98,-0.71
NECLIFE, EQ, 29-Nov-2023,30.5,30.8,31.4,30.1, 30.50,30.45,30.66,1019100,312.46,3384, 389501, 38.22,-0.16
NECLIFE, EQ, 29-Dec-2020,21.5,21.75,22.55,21.25,21.95,22.15,21.93,687791,150.84,1845, 313639, 45.60,3.02
NECLIFE, EQ, 29-Dec-2021,26.45,26.5,27.5,26.5, 26.85,26.9,27.01,732416,197.84,2917, 343423, 46.89,1.7
NECLIFE, EQ, 29-Dec-2022,24.65,24.95,26.2,24.7, 25.30,25.45,25.55,1284932,328.34,2910, 401251, 31.23,3.25
NECLIFE, EQ, 29-Dec-2023,32.7,32.75,33.1,31.9, 32.10,32.15,32.41,730570,236.74,3603, 331242, 45.34,-1.68
NECLIFE, EQ, 30-Jan-2020,14.45,14.3,14.75,14.25, 14.40,14.35,14.37,67610,9.71,280, 43507, 64.35,-0.69
NECLIFE, EQ, 30-Jan-2023,20.55,20.5,20.85,20.15, 20.35,20.3,20.43,136343,27.85,820, 71236, 52.25,-1.22
NECLIFE, EQ, 30-Jan-2024,35.35,35.4,35.85,34.2, 34.60,34.45,34.98,1432949,501.19,4595, 720229, 50.26,-2.55
NECLIFE, EQ, 30-Mar-2020,9.65,9.55,10.2,9.1, 9.35,9.5,9.57,201472,19.27,773, 81577, 40.49,-1.55
NECLIFE, EQ, 30-Mar-2021,18.7,18.8,19.25,18.6,19.1,19.1,19.02,258896,49.24,797, 170219, 65.75,2.14
NECLIFE, EQ, 30-Mar-2022,24.35,25.4,25.5,24.2, 24.65,24.6,24.64,507818,125.13,2119, 305347, 60.13,1.03
NECLIFE, EQ, 30-Apr-2020,14.95,15.2,15.25,14.0,14.25,14.2,14.48,305426,44.22,1031, 220612, 72.23,-5.02
NECLIFE, EQ, 30-Apr-2021,25.85,25.5,25.8,24.6,25.0,24.95,25.19,1153143,290.45,3754, 563807, 48.89,-3.48
NECLIFE, EQ, 30-Apr-2024,34.6,34.8,34.8,34.45, 34.45,34.45,34.57,100365,34.69,573, 73898, 73.63,-0.43
NECLIFE, EQ, 30-May-2022,25.35,25.4,25.9,24.7, 25.45,25.4,25.37,214374,54.38,1419, 106658, 49.75,0.2
NECLIFE, EQ, 30-May-2023,16.95,16.9,17.1,16.85, 17.10,17.0,16.98,95049,16.14,327, 59334, 62.42,0.29
NECLIFE, EQ, 30-May-2024,32.15,31.9,32.15,31.5,31.6,31.6,31.7,85793,27.2,723, 46927, 54.70,-1.71
NECLIFE, EQ, 30-Jun-2020,22.25,22.75,22.75,21.3, 21.70,21.55,21.82,601069,131.18,2468, 355753, 59.19,-3.15
NECLIFE, EQ, 30-Jun-2021,40.85,41.2,41.75,39.8, 40.20,40.3,40.5,1013628,410.53,4655, 603233, 59.51,-1.35
NECLIFE, EQ, 30-Jun-2022,23.1,22.75,24.2,22.6,23.1,23.25,23.47,189531,44.49,1249, 69230, 36.53,0.65
NECLIFE, EQ, 30-Jun-2023,19.3,19.15,21.3,19.0, 20.35,20.5,20.46,935723,191.41,2713, 537060, 57.40,6.22
NECLIFE, EQ, 30-Jul-2020,22.35,21.75,21.75,20.15, 20.15,20.15,20.76,1230102,255.33,3514, 593215, 48.22,-9.84
NECLIFE, EQ, 30-Jul-2021,35.35,35.65,36.5,35.0, 35.50,35.2,35.66,811777,289.5,3840, 494534, 60.92,-0.42
NECLIFE, EQ, 30-Jul-2024,31.21,31.21,31.79,30.99,31.02,31.1,31.43,401240,126.12,4700, 180728, 45.04,-0.35
NECLIFE, EQ, 30-Aug-2021,31.7,31.6,32.2,31.0, 31.20,31.15,31.48,269906,84.98,1768, 168721, 62.51,-1.74
NECLIFE, EQ, 30-Aug-2022,22.9,23.05,23.3,22.8, 22.80,22.9,23.08,242817,56.05,795, 158136, 65.13,0.0
NECLIFE, EQ, 30-Aug-2023,27.85,28.3,28.3,26.4, 26.50,26.5,27.01,1163374,314.24,2784, 720678, 61.95,-4.85
NECLIFE, EQ, 30-Aug-2024,39.51,39.82,40.78,38.63,39.52,39.1,39.42,1311933,517.22,9676, 414934, 31.63,-1.04
NECLIFE, EQ, 30-Sep-2020,21.85,22.2,23.0,22.0,22.95,22.75,22.62,623293,141.0,1746, 383657, 61.55,4.12
NECLIFE, EQ, 30-Sep-2021,29.4,29.5,30.2,29.3, 29.40,29.4,29.66,341421,101.27,1934, 173814, 50.91,0.0
NECLIFE, EQ, 30-Sep-2022,20.9,20.75,21.35,20.75, 21.15,21.0,21.01,164809,34.63,610, 102380, 62.12,0.48
NECLIFE, EQ, 30-Oct-2020,19.65,19.8,20.75,19.05, 19.15,19.4,19.86,490433,97.39,1910, 250869, 51.15,-1.27
NECLIFE, EQ, 30-Oct-2023,22.6,22.65,23.7,22.4, 23.20,23.05,23.12,189006,43.69,816, 63591, 33.64,1.99
NECLIFE, EQ, 30-Nov-2021,23.8,23.85,24.55,23.5,23.9,23.6,23.99,208899,50.11,1768, 111995, 53.61,-0.84
NECLIFE, EQ, 30-Nov-2022,21.05,21.1,21.2,20.8,21.1,21.0,21.03,92354,19.42,509, 61483, 66.57,-0.24
NECLIFE, EQ, 30-Nov-2023,30.45,30.5,30.7,29.0, 29.40,29.3,29.63,776919,230.18,3039, 403545, 51.94,-3.78
NECLIFE, EQ, 30-Dec-2020,22.15,22.15,22.35,21.5,21.65,21.6,21.77,318785,69.39,1033, 178214, 55.90,-2.48
NECLIFE, EQ, 30-Dec-2021,26.9,27.1,27.9,26.75, 27.00,27.05,27.31,796622,217.56,3213, 377179, 47.35,0.56
NECLIFE, EQ, 30-Dec-2022,25.45,25.45,25.6,24.35,24.75,24.55,24.94,583228,145.48,1977, 299255, 51.31,-3.54
NECLIFE, EQ, 31-Jan-2020,14.35,14.35,14.5,13.5, 13.60,13.65,13.88,104130,14.45,459, 69622, 66.86,-4.88
NECLIFE, EQ, 31-Jan-2022,32.75,33.45,33.75,32.1,32.25,32.45,32.74,399577,130.82,2952, 209374, 52.40,-0.92
NECLIFE, EQ, 31-Jan-2023,20.3,20.45,20.45,19.65,20.4,20.25,20.08,536509,107.71,1897, 272028, 50.70,-0.25
NECLIFE, EQ, 31-Jan-2024,34.45,34.6,37.4,34.6, 36.45,36.5,36.37,3098130,1126.9,10105, 1145746, 36.98,5.95
NECLIFE, EQ, 31-Mar-2020,9.5,9.8,10.0,9.45,9.85,9.8,9.81,94915,9.31,472, 52465, 55.28,3.16
NECLIFE, EQ, 31-Mar-2021,19.1,19.35,19.35,18.45, 18.60,18.6,18.87,333249,62.89,1025, 227207, 68.18,-2.62
NECLIFE, EQ, 31-Mar-2022,24.6,24.5,25.0,23.85, 24.05,24.05,24.35,578232,140.81,2103, 430377, 74.43,-2.24
NECLIFE, EQ, 31-Mar-2023,15.0,15.45,16.3,15.2, 15.95,15.95,15.72,387727,60.93,1486, 220033, 56.75,6.33
NECLIFE, EQ, 31-May-2021,31.7,32.0,32.8,30.7, 31.20,31.05,31.42,919106,288.76,3754, 485406, 52.81,-2.05
NECLIFE, EQ, 31-May-2022,25.4,27.2,27.5,26.0, 26.35,26.2,26.63,350809,93.42,1834, 165260, 47.11,3.15
NECLIFE, EQ, 31-May-2023,17.0,17.0,17.1,16.7, 16.90,16.85,16.89,125256,21.16,407, 80351, 64.15,-0.88
NECLIFE, EQ, 31-May-2024,31.6,31.7,32.1,31.6,31.75,31.85,31.82,89792,28.57,525, 53874, 60.00,0.79
NECLIFE, EQ, 31-Jul-2020,20.15,19.85,21.4,18.8,20.85,20.8,20.18,1654924,333.91,4830, 580415, 35.07,3.23
NECLIFE, EQ, 31-Jul-2023,25.55,25.6,25.8,24.05, 24.20,24.75,24.9,510518,127.14,2303, 311825, 61.08,-3.13
NECLIFE, EQ, 31-Jul-2024,31.1,31.29,32.7,31.23,31.6,31.74,31.97,867289,277.3,7877, 389034, 44.86,2.06
NECLIFE, EQ, 31-Aug-2020,22.95,23.4,23.4,20.7, 21.55,21.55,21.64,681005,147.39,2502, 395427, 58.07,-6.1
NECLIFE, EQ, 31-Aug-2021,31.15,30.85,31.4,30.4,30.5,30.55,30.73,223140,68.58,1451, 126792, 56.82,-1.93
NECLIFE, EQ, 31-Aug-2023,26.5,26.65,26.9,26.1, 26.40,26.4,26.44,704233,186.2,1618, 351278, 49.88,-0.38
NECLIFE, EQ, 31-Oct-2022,21.55,21.7,21.7,21.3,21.4,21.35,21.49,159051,34.18,490, 108424, 68.17,-0.93
NECLIFE, EQ, 31-Oct-2023,23.05,23.1,23.4,22.8, 22.80,22.85,23.05,115714,26.67,644, 67319, 58.18,-0.87
NECLIFE, EQ, 31-Dec-2020,21.6,21.65,24.8,21.45,23.8,23.9,24.03,5206410,1251.04,12491, 1775893, 34.11,10.65
NECLIFE, EQ, 31-Dec-2021,27.05,27.25,27.5,26.55,26.75,26.8,26.96,461823,124.5,2213, 232675, 50.38,-0.92
