SYMBOL, SERIES, DATE1, PREV_CLOSE, OPEN_PRICE, HIGH_PRICE, LOW_PRICE, LAST_PRICE, CLOSE_PRICE, AVG_PRICE, TTL_TRD_QNTY, TURNOVER_LACS, NO_OF_TRADES, DELIV_QTY, DELIV_PER,PER_CHANGE
NEWGEN, EQ, 01-Jan-2020,194.95,198.75,198.75,191.55, 194.25,194.95,194.65,2026,3.94,81, 1463, 72.21,0.0
NEWGEN, EQ, 01-Jan-2021,268.4,268.5,275.9,268.5, 272.40,272.75,273.92,47412,129.87,1719, 26267, 55.40,1.62
NEWGEN, EQ, 01-Jan-2025,1701.8,1725.0,1754.0,1682.0,1706.05,1699.7,1713.98,680001,11655.05,52444, 184031, 27.06,-0.12
NEWGEN, EQ, 01-Feb-2021,291.6,291.6,302.35,288.15, 299.00,297.6,296.58,96267,285.51,3983, 45587, 47.35,2.06
NEWGEN, EQ, 01-Feb-2022,573.35,580.0,584.5,570.0,580.0,575.85,578.89,67528,390.92,4160, 34757, 51.47,0.44
NEWGEN, EQ, 01-Feb-2023,427.1,428.3,434.4,412.5, 420.60,418.2,426.53,116478,496.82,7566, 61736, 53.00,-2.08
NEWGEN, EQ, 01-Mar-2021,292.25,305.0,305.0,295.85, 300.00,300.1,299.49,69130,207.04,2542, 33171, 47.98,2.69
NEWGEN, EQ, 01-Mar-2023,438.05,449.0,468.0,441.95, 464.00,461.1,459.03,235988,1083.26,12986, 100351, 42.52,5.26
NEWGEN, EQ, 01-Mar-2024,849.15,861.85,870.0,823.05, 838.00,833.7,840.56,189695,1594.51,12796, 131760, 69.46,-1.82
NEWGEN, EQ, 01-Apr-2020,105.95,107.5,107.5,102.95,105.0,105.1,104.74,23311,24.42,754, 21729, 93.21,-0.8
NEWGEN, EQ, 01-Apr-2021,283.05,284.5,299.2,284.5, 298.50,297.85,295.12,76429,225.56,4154, 41703, 54.56,5.23
NEWGEN, EQ, 01-Apr-2022,465.65,467.0,485.0,467.0, 481.90,481.9,480.78,142171,683.54,11466, 83764, 58.92,3.49
NEWGEN, EQ, 01-Apr-2024,795.2,812.0,815.0,787.65, 795.00,794.45,797.32,152827,1218.52,12757, 102171, 66.85,-0.09
NEWGEN, EQ, 01-Apr-2025,996.3,1010.0,1011.0,972.0,989.4,992.0,988.8,438975,4340.58,37783, 230539, 52.52,-0.43
NEWGEN, EQ, 01-Jun-2020,138.6,149.0,152.0,143.25, 144.95,145.3,146.6,86102,126.23,2714, 46999, 54.59,4.83
NEWGEN, EQ, 01-Jun-2021,412.55,414.95,415.0,401.6, 404.90,403.55,406.21,128006,519.98,5629, 45442, 35.50,-2.18
NEWGEN, EQ, 01-Jun-2022,388.55,390.0,393.0,385.1,389.9,388.35,389.27,57896,225.37,5555, 32418, 55.99,-0.05
NEWGEN, EQ, 01-Jun-2023,637.8,639.95,670.0,639.15, 655.35,657.85,660.67,530614,3505.63,20710, 210806, 39.73,3.14
NEWGEN, EQ, 01-Jul-2020,149.25,150.25,150.25,148.3, 149.80,149.0,149.29,13919,20.78,477, 9753, 70.07,-0.17
NEWGEN, EQ, 01-Jul-2021,637.6,647.0,647.0,621.0, 628.00,627.45,629.89,465524,2932.31,25600, 268132, 57.60,-1.59
NEWGEN, EQ, 01-Jul-2022,357.6,358.9,361.8,348.0,350.0,349.35,353.68,67837,239.92,5749, 38833, 57.24,-2.31
NEWGEN, EQ, 01-Jul-2024,971.75,973.3,1011.0,972.5,1001.9,1004.95,997.98,129452,1291.9,13001, 68459, 52.88,3.42
NEWGEN, EQ, 01-Aug-2022,370.1,374.6,379.0,371.55, 374.50,373.85,375.37,74591,279.99,5741, 41322, 55.40,1.01
NEWGEN, EQ, 01-Aug-2023,852.6,852.6,859.8,840.1, 847.20,846.8,847.4,188413,1596.62,11601, 86235, 45.77,-0.68
NEWGEN, EQ, 01-Aug-2024,1029.2,1034.95,1082.5,1034.95,1060.0,1055.5,1060.45,213071,2259.5,20865, 111175, 52.18,2.56
NEWGEN, EQ, 01-Sep-2020,200.35,201.4,206.1,198.0, 201.05,201.7,201.63,42162,85.01,1968, 22722, 53.89,0.67
NEWGEN, EQ, 01-Sep-2022,394.4,398.0,400.0,389.25,394.8,392.8,396.22,64238,254.52,6018, 23625, 36.78,-0.41
NEWGEN, EQ, 01-Sep-2023,858.95,842.85,858.4,817.0, 834.80,824.95,830.22,348372,2892.26,27404, 196932, 56.53,-3.96
NEWGEN, EQ, 01-Oct-2020,216.75,218.0,223.0,216.9, 219.10,219.55,221.18,30638,67.76,1955, 17806, 58.12,1.29
NEWGEN, EQ, 01-Oct-2024,1341.35,1349.9,1366.6,1307.05,1319.0,1318.7,1323.27,258851,3425.29,25269, 71726, 27.71,-1.69
NEWGEN, EQ, 01-Nov-2021,566.65,584.0,585.0,567.0, 582.00,579.65,574.82,104344,599.79,3149, 88879, 85.18,2.29
NEWGEN, EQ, 01-Nov-2022,343.75,346.8,348.2,340.0,342.8,342.5,343.29,71039,243.87,5092, 46751, 65.81,-0.36
NEWGEN, EQ, 01-Nov-2023,1125.75,1159.7,1167.0,1131.0, 1140.00,1144.0,1153.66,92917,1071.94,11285, 49042, 52.78,1.62
NEWGEN, EQ, 01-Dec-2020,271.15,269.15,273.65,266.65,267.45,267.4,269.7,68292,184.18,2666, 40220, 58.89,-1.38
NEWGEN, EQ, 01-Dec-2021,544.85,554.0,570.0,545.0,565.9,563.85,554.13,85224,472.25,5640, 53841, 63.18,3.49
NEWGEN, EQ, 01-Dec-2022,356.45,359.3,367.3,359.3,363.5,363.2,362.27,126823,459.45,6538, 57649, 45.46,1.89
NEWGEN, EQ, 02-Jan-2020,194.95,195.05,199.0,193.2, 195.05,195.15,195.69,10002,19.57,319, 7298, 72.97,0.1
NEWGEN, EQ, 02-Jan-2023,360.2,360.0,364.45,358.8, 360.90,362.15,361.75,39064,141.31,3031, 26440, 67.68,0.54
NEWGEN, EQ, 02-Jan-2025,1699.7,1708.0,1750.0,1684.8,1705.0,1718.8,1712.91,300849,5153.29,26172, 110169, 36.62,1.12
NEWGEN, EQ, 02-Feb-2021,297.6,297.6,304.9,294.25, 295.00,296.55,300.57,74790,224.8,3355, 40231, 53.79,-0.35
NEWGEN, EQ, 02-Feb-2022,575.85,584.0,589.0,576.0, 582.00,580.4,583.54,67759,395.4,3838, 34331, 50.67,0.79
NEWGEN, EQ, 02-Feb-2023,418.2,420.5,439.4,420.2, 435.00,436.3,432.19,118283,511.21,7249, 56100, 47.43,4.33
NEWGEN, EQ, 02-Mar-2020,196.7,198.0,204.35,190.0, 193.00,194.3,202.19,12427,25.13,298, 10858, 87.37,-1.22
NEWGEN, EQ, 02-Mar-2021,300.1,301.65,304.95,298.05,298.8,298.9,300.98,38759,116.66,2251, 18901, 48.77,-0.4
NEWGEN, EQ, 02-Mar-2022,499.4,503.0,521.55,491.4, 505.60,502.2,509.76,174473,889.39,28586, 54763, 31.39,0.56
NEWGEN, EQ, 02-Mar-2023,461.1,467.45,467.45,456.1, 460.00,460.25,462.21,91582,423.3,6303, 43339, 47.32,-0.18
NEWGEN, EQ, 02-Apr-2024,794.45,800.0,831.95,790.2, 792.45,794.65,804.92,682908,5496.85,37086, 505576, 74.03,0.03
NEWGEN, EQ, 02-Apr-2025,992.0,989.4,1009.4,978.1,1001.0,1003.75,990.46,188041,1862.47,22509, 77160, 41.03,1.18
NEWGEN, EQ, 02-May-2022,467.9,455.4,467.0,454.0,459.0,458.05,457.87,72528,332.09,6165, 43862, 60.48,-2.11
NEWGEN, EQ, 02-May-2023,502.15,509.9,595.0,495.95, 568.50,566.0,570.9,3940634,22496.98,83411, 523532, 13.29,12.72
NEWGEN, EQ, 02-May-2024,929.05,936.0,997.4,918.0, 986.00,982.55,970.19,1043259,10121.58,81010, 480309, 46.04,5.76
NEWGEN, EQ, 02-Jun-2020,145.3,147.2,147.2,143.0,147.0,146.6,146.18,39518,57.77,1779, 26858, 67.96,0.89
NEWGEN, EQ, 02-Jun-2021,403.55,405.8,415.5,403.15, 415.50,414.6,411.84,122743,505.5,4561, 63605, 51.82,2.74
NEWGEN, EQ, 02-Jun-2022,388.35,390.0,393.2,386.0,389.25,389.8,390.24,46031,179.63,5921, 22887, 49.72,0.37
NEWGEN, EQ, 02-Jun-2023,657.85,659.95,686.0,659.95, 674.70,672.35,675.27,549040,3707.51,27250, 207179, 37.73,2.2
NEWGEN, EQ, 02-Jul-2020,149.0,149.05,150.5,147.05, 147.65,147.7,148.32,19006,28.19,676, 11462, 60.31,-0.87
NEWGEN, EQ, 02-Jul-2021,627.45,633.9,664.0,626.5,663.45,657.9,648.89,850557,5519.19,34007, 441766, 51.94,4.85
NEWGEN, EQ, 02-Jul-2024,1004.95,1020.0,1028.0,983.35,991.0,989.6,1003.61,103787,1041.61,12617, 66480, 64.05,-1.53
NEWGEN, EQ, 02-Aug-2022,373.85,374.25,376.15,370.05,373.0,372.15,373.43,56306,210.26,5270, 29766, 52.86,-0.45
NEWGEN, EQ, 02-Aug-2023,846.8,830.0,851.1,830.0, 841.15,846.05,841.06,193124,1624.29,11508, 95978, 49.70,-0.09
NEWGEN, EQ, 02-Aug-2024,1055.5,1044.1,1051.35,1012.0,1024.2,1021.25,1027.6,120512,1238.38,16213, 64496, 53.52,-3.24
NEWGEN, EQ, 02-Sep-2020,201.7,202.75,209.5,202.35, 209.50,207.75,207.71,40773,84.69,1673, 26954, 66.11,3.0
NEWGEN, EQ, 02-Sep-2022,392.8,394.0,399.2,391.2,393.0,394.55,394.07,37163,146.45,3364, 17153, 46.16,0.45
NEWGEN, EQ, 02-Sep-2024,1114.5,1121.9,1121.9,1065.05,1083.9,1080.0,1085.35,171837,1865.04,19537, 88761, 51.65,-3.1
NEWGEN, EQ, 02-Nov-2020,259.65,261.4,262.0,252.0, 253.65,255.6,258.32,158154,408.54,12695, 81340, 51.43,-1.56
NEWGEN, EQ, 02-Nov-2021,579.65,587.0,590.75,575.0, 576.90,576.3,580.97,34973,203.18,2087, 24355, 69.64,-0.58
NEWGEN, EQ, 02-Nov-2022,342.5,345.9,345.9,340.3,342.95,341.8,342.15,53184,181.97,2678, 37424, 70.37,-0.2
NEWGEN, EQ, 02-Dec-2020,267.4,268.75,270.0,265.45, 268.90,267.4,267.63,44395,118.81,1917, 21721, 48.93,0.0
NEWGEN, EQ, 02-Dec-2021,563.85,573.0,573.0,550.0, 562.00,559.2,558.43,57629,321.82,5530, 30417, 52.78,-0.82
NEWGEN, EQ, 02-Dec-2022,363.2,364.95,374.0,362.6, 370.25,370.2,369.12,107161,395.56,6195, 54324, 50.69,1.93
NEWGEN, EQ, 02-Dec-2024,1180.5,1175.05,1182.45,1150.55,1175.0,1176.6,1165.96,173538,2023.39,20448, 69386, 39.98,-0.33
NEWGEN, EQ, 03-Jan-2020,195.15,198.8,199.0,195.05, 199.00,198.6,197.64,8849,17.49,258, 6560, 74.13,1.77
NEWGEN, EQ, 03-Jan-2022,589.15,595.0,596.65,575.0, 585.00,585.75,581.84,134976,785.34,13056, 73035, 54.11,-0.58
NEWGEN, EQ, 03-Jan-2023,362.15,360.25,382.1,356.7, 374.15,375.75,373.27,207739,775.43,10138, 82571, 39.75,3.76
NEWGEN, EQ, 03-Jan-2025,1718.8,1708.0,1711.95,1685.5,1688.05,1690.15,1697.02,174558,2962.28,15358, 67998, 38.95,-1.67
NEWGEN, EQ, 03-Feb-2020,221.4,219.0,225.95,211.0, 222.50,221.65,219.6,17642,38.74,1105, 12472, 70.69,0.11
NEWGEN, EQ, 03-Feb-2021,296.55,298.55,303.9,293.9, 295.00,296.0,299.3,45245,135.42,2123, 21938, 48.49,-0.19
NEWGEN, EQ, 03-Feb-2022,580.4,584.95,584.95,576.15, 579.95,579.45,580.04,45923,266.37,3288, 23202, 50.52,-0.16
NEWGEN, EQ, 03-Feb-2023,436.3,437.35,444.2,425.75, 435.20,435.1,434.99,91674,398.78,5710, 47108, 51.39,-0.28
NEWGEN, EQ, 03-Feb-2025,1095.35,1070.0,1105.95,1055.55,1079.0,1077.55,1078.57,389845,4204.75,28545, 174674, 44.81,-1.63
NEWGEN, EQ, 03-Mar-2020,194.3,202.0,207.0,197.0, 200.00,199.2,201.3,14494,29.18,849, 4994, 34.46,2.52
NEWGEN, EQ, 03-Mar-2021,298.9,304.4,304.4,293.35,297.3,297.35,297.29,64738,192.46,2781, 29964, 46.29,-0.52
NEWGEN, EQ, 03-Mar-2022,502.2,519.0,519.0,503.0,506.35,506.25,508.15,74956,380.89,7517, 40141, 53.55,0.81
NEWGEN, EQ, 03-Mar-2023,460.25,466.5,466.5,449.0, 463.00,462.7,458.72,120023,550.57,7034, 59779, 49.81,0.53
NEWGEN, EQ, 03-Mar-2025,936.25,932.0,969.0,925.0,945.9,945.15,945.68,405665,3836.31,51916, 169674, 41.83,0.95
NEWGEN, EQ, 03-Apr-2020,105.1,108.0,108.0,101.5, 102.00,102.0,102.5,18740,19.21,444, 16593, 88.54,-2.95
NEWGEN, EQ, 03-Apr-2023,450.7,453.0,457.2,444.5, 445.00,446.0,448.72,112597,505.24,7103, 73210, 65.02,-1.04
NEWGEN, EQ, 03-Apr-2024,794.65,792.45,806.25,782.8, 793.50,793.25,792.84,128789,1021.09,13320, 80998, 62.89,-0.18
NEWGEN, EQ, 03-Apr-2025,1003.75,982.0,1009.0,980.0,990.0,992.25,994.96,265940,2646.0,19039, 158203, 59.49,-1.15
NEWGEN, EQ, 03-May-2021,315.0,311.25,335.0,311.25,328.1,328.7,327.63,159004,520.95,8443, 58673, 36.90,4.35
NEWGEN, EQ, 03-May-2023,566.0,570.0,578.8,545.2,548.0,550.15,567.35,951487,5398.29,28412, 275151, 28.92,-2.8
NEWGEN, EQ, 03-May-2024,982.55,989.9,1050.0,975.0, 1030.00,1022.25,1007.11,830716,8366.22,72322, 346783, 41.75,4.04
NEWGEN, EQ, 03-Jun-2020,146.6,152.0,152.0,143.0,146.9,146.8,147.3,70085,103.24,2223, 51167, 73.01,0.14
NEWGEN, EQ, 03-Jun-2021,414.6,400.0,431.0,399.0, 417.95,421.95,417.49,384050,1603.35,20925, 138057, 35.95,1.77
NEWGEN, EQ, 03-Jun-2022,389.8,394.3,396.9,383.4, 385.00,386.1,390.45,80413,313.97,8610, 41846, 52.04,-0.95
NEWGEN, EQ, 03-Jun-2024,913.7,959.35,968.0,886.0,893.5,904.65,903.84,213168,1926.69,19904, 111643, 52.37,-0.99
NEWGEN, EQ, 03-Jul-2020,147.7,148.15,151.8,147.0, 148.00,148.0,148.16,25674,38.04,1092, 16879, 65.74,0.2
NEWGEN, EQ, 03-Jul-2023,678.7,687.0,691.3,657.1, 667.00,663.3,671.23,230606,1547.9,12733, 121294, 52.60,-2.27
NEWGEN, EQ, 03-Jul-2024,989.6,999.0,1014.0,997.0,1000.0,1000.25,1002.53,85700,859.17,11914, 51039, 59.56,1.08
NEWGEN, EQ, 03-Aug-2020,174.35,175.95,179.35,173.0,177.5,177.8,177.22,34818,61.7,1401, 20389, 58.56,1.98
NEWGEN, EQ, 03-Aug-2022,372.15,371.1,376.2,370.1, 373.20,371.75,372.17,42460,158.02,4367, 19746, 46.50,-0.11
NEWGEN, EQ, 03-Aug-2023,846.05,840.0,843.9,813.1, 816.00,815.85,821.87,233575,1919.68,16155, 96989, 41.52,-3.57
NEWGEN, EQ, 03-Sep-2020,207.75,207.75,212.0,207.75, 209.00,210.05,210.06,31918,67.05,1797, 23876, 74.80,1.11
NEWGEN, EQ, 03-Sep-2024,1080.0,1085.0,1100.0,1075.0,1080.0,1079.9,1087.58,108198,1176.74,9238, 67712, 62.58,-0.01
NEWGEN, EQ, 03-Oct-2022,356.6,354.5,367.4,354.5,363.0,363.8,360.35,53472,192.69,4752, 26379, 49.33,2.02
NEWGEN, EQ, 03-Oct-2023,900.55,904.7,904.7,871.0, 881.50,881.35,882.35,143925,1269.92,9043, 105308, 73.17,-2.13
NEWGEN, EQ, 03-Oct-2024,1318.7,1295.0,1353.4,1267.4,1311.95,1308.6,1296.3,216803,2810.42,23356, 80415, 37.09,-0.77
NEWGEN, EQ, 03-Nov-2020,255.6,257.5,257.5,248.0,248.0,251.05,251.54,85949,216.19,4418, 36817, 42.84,-1.78
NEWGEN, EQ, 03-Nov-2021,576.3,585.95,585.95,570.0, 572.50,571.85,574.16,33426,191.92,2697, 22438, 67.13,-0.77
NEWGEN, EQ, 03-Nov-2022,341.8,336.3,343.0,336.3,341.9,341.5,340.84,49830,169.84,2424, 32611, 65.44,-0.09
NEWGEN, EQ, 03-Dec-2020,267.4,268.75,280.0,268.0,272.5,273.8,274.46,139262,382.22,4815, 44560, 32.00,2.39
NEWGEN, EQ, 03-Dec-2021,559.2,555.0,584.25,555.0, 575.00,577.3,574.39,113712,653.15,7110, 68602, 60.33,3.24
NEWGEN, EQ, 03-Dec-2024,1176.6,1174.9,1235.9,1165.0,1217.0,1211.5,1198.73,242624,2908.4,18790, 91893, 37.87,2.97
NEWGEN, EQ, 04-Jan-2021,272.75,277.7,277.75,266.65,274.95,273.3,273.16,51144,139.71,2753, 26020, 50.88,0.2
NEWGEN, EQ, 04-Jan-2022,585.75,590.0,590.0,576.1, 577.70,578.8,582.0,98381,572.58,10480, 69484, 70.63,-1.19
NEWGEN, EQ, 04-Jan-2023,375.75,378.6,378.6,365.05, 368.35,368.25,370.11,64935,240.33,3962, 35874, 55.25,-2.0
NEWGEN, EQ, 04-Feb-2020,221.65,223.0,227.45,220.55, 225.50,224.75,224.85,6848,15.4,431, 5041, 73.61,1.4
NEWGEN, EQ, 04-Feb-2021,296.0,301.4,301.4,289.75, 291.00,291.05,294.58,69627,205.11,3526, 32073, 46.06,-1.67
NEWGEN, EQ, 04-Feb-2022,579.45,580.0,583.0,571.2, 572.50,572.4,574.93,46329,266.36,3701, 24046, 51.90,-1.22
NEWGEN, EQ, 04-Feb-2025,1077.55,1084.9,1103.45,1066.0,1087.7,1085.0,1082.66,306079,3313.8,23828, 133220, 43.52,0.69
NEWGEN, EQ, 04-Mar-2020,199.2,202.0,206.0,193.15, 194.00,195.25,201.88,29173,58.9,1053, 13027, 44.65,-1.98
NEWGEN, EQ, 04-Mar-2021,297.35,293.1,306.9,293.1, 299.20,300.55,301.51,68488,206.5,3255, 35141, 51.31,1.08
NEWGEN, EQ, 04-Mar-2022,506.25,506.0,508.65,496.4, 501.95,500.45,500.66,69205,346.48,6979, 34678, 50.11,-1.15
NEWGEN, EQ, 04-Mar-2024,850.25,862.95,868.0,844.0, 854.80,853.4,855.7,200292,1713.9,12108, 131194, 65.50,0.37
NEWGEN, EQ, 04-Mar-2025,945.15,938.0,953.9,930.0,941.6,948.65,943.59,256276,2418.2,28661, 106997, 41.75,0.37
NEWGEN, EQ, 04-Apr-2022,481.9,496.0,508.25,487.45,499.9,500.1,498.73,122131,609.11,7411, 72249, 59.16,3.78
NEWGEN, EQ, 04-Apr-2024,793.25,798.65,803.9,786.1, 796.90,790.9,791.49,121292,960.01,8117, 90915, 74.96,-0.3
NEWGEN, EQ, 04-Apr-2025,992.25,981.0,987.95,906.7,934.0,921.8,936.5,318100,2979.02,33447, 136584, 42.94,-7.1
NEWGEN, EQ, 04-May-2020,135.4,135.0,135.8,124.75, 130.55,130.05,130.02,36152,47.01,905, 24941, 68.99,-3.95
NEWGEN, EQ, 04-May-2021,328.7,330.0,330.45,321.0, 322.65,321.95,326.39,50852,165.98,3871, 30153, 59.30,-2.05
NEWGEN, EQ, 04-May-2022,458.05,488.0,530.0,451.15,458.85,457.9,473.7,317790,1505.36,24135, 106395, 33.48,-0.03
NEWGEN, EQ, 04-May-2023,550.15,553.0,558.9,540.95, 550.70,550.2,550.4,276506,1521.88,12643, 108161, 39.12,0.01
NEWGEN, EQ, 04-Jun-2020,146.8,149.4,152.5,149.0,150.3,149.65,150.54,49667,74.77,1589, 34361, 69.18,1.94
NEWGEN, EQ, 04-Jun-2021,421.95,424.7,426.0,413.25, 422.15,422.65,420.08,146097,613.72,7859, 56587, 38.73,0.17
NEWGEN, EQ, 04-Jun-2024,904.65,902.0,910.0,780.0,888.8,870.35,848.4,428653,3636.69,37312, 231147, 53.92,-3.79
NEWGEN, EQ, 04-Jul-2022,349.35,354.0,354.0,343.7,346.25,345.35,348.9,54190,189.07,4364, 30091, 55.53,-1.14
NEWGEN, EQ, 04-Jul-2023,663.3,667.0,669.0,651.0, 654.00,653.35,658.56,141866,934.27,9459, 77010, 54.28,-1.5
NEWGEN, EQ, 04-Jul-2024,1000.25,1030.0,1035.0,953.65,976.0,969.7,988.18,239437,2366.06,19818, 144070, 60.17,-3.05
NEWGEN, EQ, 04-Aug-2020,177.8,179.0,181.95,176.3,176.3,176.7,179.37,51297,92.01,1408, 32366, 63.10,-0.62
NEWGEN, EQ, 04-Aug-2022,371.75,375.45,377.9,368.0,370.5,369.65,371.94,83570,310.83,9028, 33418, 39.99,-0.56
NEWGEN, EQ, 04-Aug-2023,815.85,823.9,854.0,820.0, 842.00,841.6,843.55,266569,2248.63,14767, 87939, 32.99,3.16
NEWGEN, EQ, 04-Sep-2020,210.05,205.0,209.0,201.2,203.7,202.65,204.16,19879,40.58,1157, 10494, 52.79,-3.52
NEWGEN, EQ, 04-Sep-2023,824.95,829.85,846.6,806.05, 843.00,842.45,825.13,298784,2465.35,20812, 146786, 49.13,2.12
NEWGEN, EQ, 04-Sep-2024,1079.9,1055.2,1084.75,1035.25,1058.0,1053.7,1064.12,101487,1079.95,10468, 56663, 55.83,-2.43
NEWGEN, EQ, 04-Oct-2022,363.8,365.65,373.1,360.0, 361.95,360.75,362.77,88558,321.26,6445, 50383, 56.89,-0.84
NEWGEN, EQ, 04-Oct-2023,881.35,881.35,885.7,870.1, 874.00,872.0,878.3,87152,765.45,7488, 60980, 69.97,-1.06
NEWGEN, EQ, 04-Oct-2024,1308.6,1319.95,1324.6,1270.05,1294.55,1294.3,1298.71,177008,2298.82,19434, 54341, 30.70,-1.09
NEWGEN, EQ, 04-Nov-2020,251.05,247.55,256.6,245.0,247.0,246.8,249.75,60099,150.1,2540, 23695, 39.43,-1.69
NEWGEN, EQ, 04-Nov-2022,341.5,343.0,343.0,338.0,339.65,338.9,339.36,73612,249.81,2854, 57266, 77.79,-0.76
NEWGEN, EQ, 04-Nov-2024,1291.45,1297.0,1310.95,1270.15,1285.0,1285.15,1293.88,227092,2938.31,20274, 104865, 46.18,-0.49
NEWGEN, EQ, 04-Dec-2020,273.8,273.8,278.7,270.0, 271.05,271.15,273.83,80970,221.72,3253, 44125, 54.50,-0.97
NEWGEN, EQ, 04-Dec-2024,1211.5,1217.0,1320.0,1215.05,1306.0,1301.5,1294.61,1633782,21151.03,80559, 371904, 22.76,7.43
NEWGEN, EQ, 05-Jan-2021,273.3,273.45,281.05,270.0, 277.75,276.95,276.15,136865,377.96,6908, 60885, 44.49,1.34
NEWGEN, EQ, 05-Jan-2022,578.8,594.0,594.0,576.0, 589.50,587.4,586.4,139574,818.46,18544, 81516, 58.40,1.49
NEWGEN, EQ, 05-Jan-2023,368.25,369.3,371.9,363.0,364.0,363.8,366.42,52627,192.84,4291, 29570, 56.19,-1.21
NEWGEN, EQ, 05-Feb-2020,224.75,218.0,223.95,218.0, 218.55,219.75,220.04,8978,19.76,378, 7053, 78.56,-2.22
NEWGEN, EQ, 05-Feb-2021,291.05,292.5,293.75,285.35, 286.00,286.2,289.91,35421,102.69,1674, 19134, 54.02,-1.67
NEWGEN, EQ, 05-Feb-2025,1085.0,1100.0,1176.0,1098.0,1128.0,1121.4,1137.86,840446,9563.12,44646, 304157, 36.19,3.35
NEWGEN, EQ, 05-Mar-2020,195.25,195.25,197.3,180.0, 194.00,191.75,193.29,6790,13.12,443, 4616, 67.98,-1.79
NEWGEN, EQ, 05-Mar-2021,300.55,297.0,305.75,294.25,299.9,296.6,299.75,52272,156.68,1784, 27879, 53.33,-1.31
NEWGEN, EQ, 05-Mar-2024,853.4,859.4,894.9,835.0, 848.00,852.35,861.96,363912,3136.76,13934, 216903, 59.60,-0.12
NEWGEN, EQ, 05-Mar-2025,948.65,954.95,995.0,948.65,991.25,992.1,977.41,198727,1942.37,25224, 84915, 42.73,4.58
NEWGEN, EQ, 05-Apr-2021,297.85,301.0,316.95,298.9,311.0,310.55,309.95,306927,951.32,11672, 139602, 45.48,4.26
NEWGEN, EQ, 05-Apr-2022,500.1,507.0,508.8,498.2, 506.50,505.6,504.16,101228,510.36,5919, 62831, 62.07,1.1
NEWGEN, EQ, 05-Apr-2023,446.0,450.0,452.1,441.1, 445.00,442.45,443.14,253817,1124.77,10696, 175314, 69.07,-0.8
NEWGEN, EQ, 05-Apr-2024,790.9,789.0,818.95,788.0, 799.00,799.05,804.1,129627,1042.33,11430, 69528, 53.64,1.03
NEWGEN, EQ, 05-May-2020,130.05,134.3,143.0,130.1, 143.00,137.05,135.23,35118,47.49,820, 19584, 55.77,5.38
NEWGEN, EQ, 05-May-2021,321.95,320.55,329.05,320.55, 326.80,327.2,326.2,35511,115.84,2858, 20471, 57.65,1.63
NEWGEN, EQ, 05-May-2022,457.9,468.4,475.0,460.0, 468.90,469.4,467.18,168277,786.16,13409, 52996, 31.49,2.51
NEWGEN, EQ, 05-May-2023,550.2,550.6,572.0,550.6, 556.50,557.45,562.94,415782,2340.62,16926, 121217, 29.15,1.32
NEWGEN, EQ, 05-Jun-2020,149.65,152.0,156.0,149.1, 150.00,151.35,152.58,51897,79.18,1741, 26100, 50.29,1.14
NEWGEN, EQ, 05-Jun-2023,672.35,680.0,693.9,660.4, 669.90,666.65,678.93,311772,2116.72,12629, 113045, 36.26,-0.85
NEWGEN, EQ, 05-Jun-2024,870.35,880.05,887.0,850.0,877.0,877.8,869.45,105715,919.14,10137, 54748, 51.79,0.86
NEWGEN, EQ, 05-Jul-2021,657.9,679.0,755.0,660.0, 734.85,734.85,725.33,1872843,13584.35,116875, 589573, 31.48,11.7
NEWGEN, EQ, 05-Jul-2022,345.35,350.0,354.75,347.1,349.9,348.5,350.49,87599,307.03,2640, 70416, 80.38,0.91
NEWGEN, EQ, 05-Jul-2023,653.35,654.15,658.0,648.05,653.0,652.75,653.53,99589,650.84,10915, 42591, 42.77,-0.09
NEWGEN, EQ, 05-Jul-2024,969.7,976.1,990.9,950.0,959.0,954.85,963.06,153070,1474.16,15748, 86738, 56.67,-1.53
NEWGEN, EQ, 05-Aug-2020,176.7,178.9,179.6,175.15,178.2,177.2,178.03,26725,47.58,945, 15655, 58.58,0.28
NEWGEN, EQ, 05-Aug-2022,369.65,371.5,378.85,369.95,371.7,372.05,373.39,79870,298.23,8202, 33239, 41.62,0.65
NEWGEN, EQ, 05-Aug-2024,1021.25,976.0,994.0,940.05,958.5,955.7,961.44,299516,2879.67,35174, 170105, 56.79,-6.42
NEWGEN, EQ, 05-Sep-2022,394.55,397.0,397.45,388.1, 390.05,390.1,393.26,58551,230.26,6500, 30040, 51.31,-1.13
NEWGEN, EQ, 05-Sep-2023,842.45,846.5,865.0,845.0, 861.00,859.7,857.84,175308,1503.86,11853, 101853, 58.10,2.05
NEWGEN, EQ, 05-Sep-2024,1053.7,1062.75,1096.35,1051.05,1084.9,1082.6,1073.15,345698,3709.86,14130, 263921, 76.34,2.74
NEWGEN, EQ, 05-Oct-2020,219.55,225.0,225.0,220.15, 223.45,222.5,222.44,26904,59.85,1092, 12983, 48.26,1.34
NEWGEN, EQ, 05-Oct-2023,872.0,883.0,905.0,870.1, 902.00,893.45,885.78,187012,1656.52,10434, 137440, 73.49,2.46
NEWGEN, EQ, 05-Nov-2020,246.8,248.05,256.5,248.05, 256.00,255.4,254.15,101080,256.89,4775, 53391, 52.82,3.48
NEWGEN, EQ, 05-Nov-2024,1285.15,1280.0,1294.3,1271.05,1279.5,1279.85,1279.22,61440,785.95,7658, 25298, 41.18,-0.41
NEWGEN, EQ, 05-Dec-2022,370.2,371.45,384.75,371.4, 384.60,382.65,378.71,199915,757.1,10067, 104888, 52.47,3.36
NEWGEN, EQ, 05-Dec-2024,1301.5,1310.0,1334.2,1295.75,1310.0,1309.45,1313.34,374517,4918.69,29787, 132074, 35.27,0.61
NEWGEN, EQ, 06-Jan-2020,198.6,195.0,203.0,195.0, 198.50,197.5,198.6,13784,27.37,682, 6323, 45.87,-0.55
NEWGEN, EQ, 06-Jan-2021,276.95,276.95,293.8,276.95, 286.95,288.3,287.0,363110,1042.11,17102, 162033, 44.62,4.1
NEWGEN, EQ, 06-Jan-2022,587.4,588.0,603.0,576.3, 598.00,597.85,589.94,143168,844.6,15201, 89255, 62.34,1.78
NEWGEN, EQ, 06-Jan-2023,363.8,365.65,365.65,358.85,362.8,362.0,362.12,94638,342.71,7572, 74076, 78.27,-0.49
NEWGEN, EQ, 06-Jan-2025,1690.15,1700.0,1701.15,1620.0,1649.55,1644.0,1651.42,328610,5426.75,36884, 126766, 38.58,-2.73
NEWGEN, EQ, 06-Feb-2020,219.75,219.75,222.0,213.6, 214.00,216.0,216.45,8798,19.04,477, 6169, 70.12,-1.71
NEWGEN, EQ, 06-Feb-2023,435.1,446.0,454.75,440.85, 448.95,446.9,448.53,252190,1131.14,12057, 122265, 48.48,2.71
NEWGEN, EQ, 06-Feb-2025,1121.4,1135.45,1144.0,1066.0,1073.1,1072.25,1088.25,466207,5073.52,62968, 213877, 45.88,-4.38
NEWGEN, EQ, 06-Mar-2020,191.75,185.25,199.45,180.1, 196.00,197.3,188.42,14349,27.04,709, 8336, 58.09,2.89
NEWGEN, EQ, 06-Mar-2023,462.7,468.65,480.3,465.35, 480.00,478.95,473.39,235704,1115.8,12155, 125935, 53.43,3.51
NEWGEN, EQ, 06-Mar-2024,852.35,852.35,856.85,790.0, 801.00,803.85,809.54,335124,2712.95,20483, 228992, 68.33,-5.69
NEWGEN, EQ, 06-Mar-2025,992.1,996.05,1022.2,993.0,1000.0,997.75,1008.45,166513,1679.19,22791, 63057, 37.87,0.57
NEWGEN, EQ, 06-Apr-2021,310.55,319.9,319.9,313.55,318.0,317.4,317.23,142606,452.39,7474, 83694, 58.69,2.21
NEWGEN, EQ, 06-Apr-2022,505.6,505.45,513.0,499.0, 501.75,501.6,502.5,91158,458.07,5804, 54986, 60.32,-0.79
NEWGEN, EQ, 06-Apr-2023,442.45,445.05,448.9,441.6, 446.00,445.95,444.2,51591,229.17,3208, 28664, 55.56,0.79
NEWGEN, EQ, 06-May-2020,137.05,143.0,143.0,133.45, 138.65,136.9,136.64,34064,46.55,1047, 22422, 65.82,-0.11
NEWGEN, EQ, 06-May-2021,327.2,332.0,350.0,326.4, 340.00,339.2,339.71,448198,1522.56,15748, 152132, 33.94,3.67
NEWGEN, EQ, 06-May-2022,469.4,460.0,464.7,453.6,459.95,458.1,457.15,95326,435.78,11147, 50466, 52.94,-2.41
NEWGEN, EQ, 06-May-2024,1022.25,1034.4,1058.1,981.0,997.0,990.35,1020.01,354413,3615.05,26054, 180886, 51.04,-3.12
NEWGEN, EQ, 06-Jun-2022,386.1,387.95,387.95,373.7,374.4,375.55,377.85,90219,340.89,5806, 50184, 55.62,-2.73
NEWGEN, EQ, 06-Jun-2023,666.65,669.75,688.25,659.0,683.1,683.75,677.94,380383,2578.79,19148, 160498, 42.19,2.57
NEWGEN, EQ, 06-Jun-2024,877.8,879.0,914.0,875.65,885.0,885.55,894.78,160481,1435.96,14556, 90935, 56.66,0.88
NEWGEN, EQ, 06-Jul-2020,148.0,148.0,151.8,147.85, 149.75,149.8,149.59,27155,40.62,767, 17886, 65.87,1.22
NEWGEN, EQ, 06-Jul-2021,734.85,748.9,748.9,700.0, 724.90,721.55,720.86,710728,5123.36,60129, 329855, 46.41,-1.81
NEWGEN, EQ, 06-Jul-2022,348.5,350.25,356.65,349.6,352.5,351.65,352.44,31514,111.07,2008, 18014, 57.16,0.9
NEWGEN, EQ, 06-Jul-2023,652.75,654.0,664.7,643.65,649.0,647.85,652.3,111571,727.77,10073, 48532, 43.50,-0.75
NEWGEN, EQ, 06-Aug-2020,177.2,176.05,184.95,176.05,178.0,178.15,180.33,62787,113.22,1825, 34557, 55.04,0.54
NEWGEN, EQ, 06-Aug-2024,955.7,967.5,1000.0,950.0,960.0,958.25,973.51,294060,2862.7,26357, 181880, 61.85,0.27
NEWGEN, EQ, 06-Sep-2022,390.1,397.0,397.0,385.65, 388.30,388.2,389.28,44583,173.55,3920, 22003, 49.35,-0.49
NEWGEN, EQ, 06-Sep-2023,859.7,854.5,910.0,851.0, 886.00,891.35,886.5,264601,2345.7,21271, 136214, 51.48,3.68
NEWGEN, EQ, 06-Sep-2024,1082.6,1080.0,1109.0,1076.1,1085.0,1096.05,1091.38,298364,3256.28,19029, 193864, 64.98,1.24
NEWGEN, EQ, 06-Oct-2020,222.5,221.0,238.0,221.0,228.5,228.65,232.2,171441,398.09,10083, 73094, 42.64,2.76
NEWGEN, EQ, 06-Oct-2022,360.75,360.75,372.0,357.55, 362.20,362.05,364.17,81330,296.18,5123, 40129, 49.34,0.36
NEWGEN, EQ, 06-Oct-2023,893.45,900.0,918.0,893.55, 904.00,904.7,907.07,80646,731.52,7763, 40943, 50.77,1.26
NEWGEN, EQ, 06-Nov-2020,255.4,256.0,257.7,251.0, 254.75,255.75,254.74,54341,138.43,2813, 26915, 49.53,0.14
NEWGEN, EQ, 06-Nov-2024,1279.85,1287.1,1319.7,1272.25,1314.95,1313.4,1299.41,286762,3726.22,22687, 151397, 52.80,2.62
NEWGEN, EQ, 06-Dec-2021,577.3,592.7,592.7,557.0, 559.40,558.6,566.83,34924,197.96,3149, 21144, 60.54,-3.24
NEWGEN, EQ, 06-Dec-2022,382.65,381.5,381.5,370.1, 376.00,374.65,374.3,185853,695.65,8891, 114475, 61.59,-2.09
NEWGEN, EQ, 06-Dec-2024,1309.45,1316.0,1364.0,1316.0,1350.0,1352.9,1346.67,533618,7186.06,36714, 190320, 35.67,3.32
NEWGEN, EQ, 07-Jan-2020,197.5,197.0,199.15,196.0, 196.10,196.8,197.41,9283,18.33,153, 6696, 72.13,-0.35
NEWGEN, EQ, 07-Jan-2021,288.3,290.1,300.0,290.1, 293.05,293.3,295.12,196754,580.67,17444, 122086, 62.05,1.73
NEWGEN, EQ, 07-Jan-2022,597.85,610.0,620.0,601.0,619.0,611.1,610.67,797559,4870.44,28626, 494265, 61.97,2.22
NEWGEN, EQ, 07-Jan-2025,1644.0,1645.0,1689.0,1644.0,1680.0,1680.7,1667.58,138656,2312.2,14442, 54236, 39.12,2.23
NEWGEN, EQ, 07-Feb-2020,216.0,215.0,223.7,215.0, 223.00,222.05,220.87,18997,41.96,917, 14155, 74.51,2.8
NEWGEN, EQ, 07-Feb-2022,572.4,581.9,583.95,561.3, 564.60,565.4,570.16,70961,404.59,5741, 33803, 47.64,-1.22
NEWGEN, EQ, 07-Feb-2023,446.9,448.95,448.95,426.55, 431.70,430.2,437.21,78775,344.41,6751, 43863, 55.68,-3.74
NEWGEN, EQ, 07-Feb-2025,1072.25,1081.1,1081.1,1043.8,1059.05,1057.7,1060.62,246598,2615.48,22118, 94187, 38.19,-1.36
NEWGEN, EQ, 07-Mar-2022,500.45,499.0,507.5,485.95, 492.70,489.9,494.35,113007,558.65,9627,50538,44.72,-2.11
NEWGEN, EQ, 07-Mar-2024,803.85,803.8,815.0,778.0, 789.95,787.05,796.43,171881,1368.92,11247, 120092, 69.87,-2.09
NEWGEN, EQ, 07-Mar-2025,997.75,1000.0,1023.2,987.4,994.0,992.1,999.9,184696,1846.78,23479, 79454, 43.02,-0.57
NEWGEN, EQ, 07-Apr-2020,102.0,105.3,108.9,103.0, 107.65,105.3,105.49,27736,29.26,1006, 22656, 81.68,3.24
NEWGEN, EQ, 07-Apr-2021,317.4,318.0,319.9,308.75,312.15,312.5,313.25,78713,246.57,3831, 36769, 46.71,-1.54
NEWGEN, EQ, 07-Apr-2022,501.6,502.0,504.85,496.5,498.3,497.45,500.42,73160,366.11,3352, 50169, 68.57,-0.83
NEWGEN, EQ, 07-Apr-2025,921.8,758.3,855.0,758.2,855.0,842.4,830.18,620614,5152.18,66064, 188319, 30.34,-8.61
NEWGEN, EQ, 07-May-2020,136.9,138.35,144.25,134.45, 142.80,141.75,140.53,29386,41.29,1556, 20515, 69.81,3.54
NEWGEN, EQ, 07-May-2021,339.2,340.0,346.05,327.55, 330.80,329.05,335.18,133001,445.79,6344, 66763, 50.20,-2.99
NEWGEN, EQ, 07-May-2024,990.35,1005.0,1017.0,968.85,997.5,995.5,991.33,206761,2049.69,15056, 111663, 54.01,0.52
NEWGEN, EQ, 07-Jun-2021,422.65,423.0,429.0,414.85, 421.50,421.35,420.95,113096,476.08,5046, 51980, 45.96,-0.31
NEWGEN, EQ, 07-Jun-2022,375.55,376.2,382.4,373.0,381.95,380.45,377.0,62574,235.9,3723, 31112, 49.72,1.3
NEWGEN, EQ, 07-Jun-2023,683.75,688.4,692.1,669.55, 677.00,675.05,677.58,201767,1367.13,10341, 88176, 43.70,-1.27
NEWGEN, EQ, 07-Jun-2024,885.55,888.4,954.35,885.65,949.0,949.15,935.39,268712,2513.52,18188, 163366, 60.80,7.18
NEWGEN, EQ, 07-Jul-2020,149.8,150.0,152.1,148.85, 150.50,150.9,150.81,23002,34.69,1134, 12690, 55.17,0.73
NEWGEN, EQ, 07-Jul-2021,721.55,720.0,721.55,681.05, 694.00,693.6,695.37,524887,3649.91,43617, 304110, 57.94,-3.87
NEWGEN, EQ, 07-Jul-2022,351.65,355.3,363.8,353.5, 359.00,360.05,359.37,48262,173.44,4003, 28896, 59.87,2.39
NEWGEN, EQ, 07-Jul-2023,647.85,643.8,658.0,634.7, 638.00,639.35,646.77,149245,965.28,11754, 58609, 39.27,-1.31
NEWGEN, EQ, 07-Aug-2020,178.15,180.3,182.0,176.0,176.0,177.05,178.36,30248,53.95,955, 20697, 68.42,-0.62
NEWGEN, EQ, 07-Aug-2023,841.6,845.85,853.95,834.1, 835.90,836.3,843.1,138173,1164.94,9694, 64867, 46.95,-0.63
NEWGEN, EQ, 07-Aug-2024,958.25,970.0,990.0,960.35,979.0,976.7,979.41,90752,888.83,14868, 44383, 48.91,1.93
NEWGEN, EQ, 07-Sep-2020,202.65,203.7,209.65,198.8, 208.05,205.75,202.47,23613,47.81,1228, 13314, 56.38,1.53
NEWGEN, EQ, 07-Sep-2022,388.2,388.7,407.0,385.5, 404.90,404.35,397.39,208902,830.15,9560, 57628, 27.59,4.16
NEWGEN, EQ, 07-Sep-2023,891.35,894.95,900.0,885.0, 892.95,893.4,891.85,90755,809.4,8056, 55244, 60.87,0.23
NEWGEN, EQ, 07-Oct-2020,228.65,236.4,240.0,225.0,226.9,227.7,233.99,153973,360.28,10237, 61758, 40.11,-0.42
NEWGEN, EQ, 07-Oct-2022,362.05,362.05,365.8,360.7, 365.00,363.75,362.98,397104,1441.4,4960, 360368, 90.75,0.47
NEWGEN, EQ, 07-Oct-2024,1294.3,1298.0,1368.0,1248.0,1260.0,1256.4,1312.46,534628,7016.77,48096, 144990, 27.12,-2.93
NEWGEN, EQ, 07-Nov-2022,338.9,340.6,342.45,338.7,339.4,339.05,340.2,55308,188.16,2345, 38441, 69.50,0.04
NEWGEN, EQ, 07-Nov-2024,1313.4,1320.0,1327.25,1282.45,1286.9,1290.6,1300.65,208741,2714.98,18215, 109677, 52.54,-1.74
NEWGEN, EQ, 07-Dec-2020,271.15,272.0,277.45,270.5, 273.90,273.2,274.49,36176,99.3,1987, 19185, 53.03,0.76
NEWGEN, EQ, 07-Dec-2021,558.6,564.8,582.0,558.6,579.1,578.75,574.08,83441,479.02,5462, 31477, 37.72,3.61
NEWGEN, EQ, 07-Dec-2022,374.65,376.35,376.5,365.5, 368.95,367.3,370.22,96851,358.56,5540, 47817, 49.37,-1.96
NEWGEN, EQ, 08-Jan-2020,196.8,196.0,197.0,195.0, 195.00,195.05,195.54,14910,29.16,365, 13023, 87.34,-0.89
NEWGEN, EQ, 08-Jan-2021,293.3,297.0,316.2,293.95, 306.00,306.4,307.81,512693,1578.12,24621, 170570, 33.27,4.47
NEWGEN, EQ, 08-Jan-2025,1680.7,1668.0,1676.9,1626.6,1646.5,1642.65,1646.73,229565,3780.32,23296, 91443, 39.83,-2.26
NEWGEN, EQ, 08-Feb-2021,286.2,289.95,289.95,285.1, 285.25,286.15,286.72,49816,142.83,1994, 28513, 57.24,-0.02
NEWGEN, EQ, 08-Feb-2022,565.4,569.95,576.2,554.2,564.25,561.95,562.39,61172,344.02,4641, 26655, 43.57,-0.61
NEWGEN, EQ, 08-Feb-2023,430.2,433.25,449.9,433.25, 443.95,444.15,444.05,131947,585.91,7969, 57443, 43.53,3.24
NEWGEN, EQ, 08-Mar-2021,296.6,291.0,298.1,290.0, 291.40,292.1,293.95,56274,165.42,3914, 24443, 43.44,-1.52
NEWGEN, EQ, 08-Mar-2022,489.9,485.1,500.5,485.1, 495.00,494.95,493.93,77781,384.19,4930, 36717, 47.21,1.03
NEWGEN, EQ, 08-Mar-2023,478.95,478.5,484.05,470.0, 476.00,474.45,476.21,153589,731.41,11811, 60906, 39.66,-0.94
NEWGEN, EQ, 08-Apr-2020,105.3,109.0,112.0,105.9, 112.00,110.75,109.14,38432,41.95,3958, 36316, 94.49,5.18
NEWGEN, EQ, 08-Apr-2021,312.5,312.25,315.95,309.0, 311.00,311.05,312.06,72490,226.21,3382, 39394, 54.34,-0.46
NEWGEN, EQ, 08-Apr-2022,497.45,499.5,524.9,496.85, 509.70,511.65,513.94,285166,1465.57,11089, 121846, 42.73,2.85
NEWGEN, EQ, 08-Apr-2024,799.05,816.0,826.9,801.85, 817.70,818.15,815.33,143175,1167.34,13485, 91916, 64.20,2.39
NEWGEN, EQ, 08-Apr-2025,842.4,883.9,923.75,850.2,893.0,907.35,886.87,749078,6643.37,61037, 135986, 18.15,7.71
NEWGEN, EQ, 08-May-2020,141.75,143.25,155.2,143.0, 151.00,150.45,149.93,51999,77.96,1320, 32518, 62.54,6.14
NEWGEN, EQ, 08-May-2023,557.45,555.2,575.5,555.2, 569.00,567.4,569.7,305943,1742.94,12149, 143259, 46.83,1.78
NEWGEN, EQ, 08-May-2024,995.5,995.5,1010.0,982.05,1002.0,995.55,998.45,89767,896.28,8904, 55018, 61.29,0.01
NEWGEN, EQ, 08-Jun-2020,151.35,154.9,154.9,150.05, 152.45,151.65,152.39,31854,48.54,1055, 19925, 62.55,0.2
NEWGEN, EQ, 08-Jun-2021,421.35,422.0,450.0,418.2, 448.00,445.4,440.84,352174,1552.52,19119, 165337, 46.95,5.71
NEWGEN, EQ, 08-Jun-2022,380.45,385.0,386.0,376.3,376.6,378.6,379.83,54214,205.92,4172, 24201, 44.64,-0.49
NEWGEN, EQ, 08-Jun-2023,675.05,678.0,679.0,639.5, 646.00,642.8,661.79,397675,2631.75,14248, 257400, 64.73,-4.78
NEWGEN, EQ, 08-Jul-2020,150.9,151.0,179.45,151.0,174.35,174.15,168.03,353539,594.05,9448, 125955, 35.63,15.41
NEWGEN, EQ, 08-Jul-2021,693.6,707.45,730.0,690.0, 715.55,706.2,710.71,324541,2306.54,15201, 158922, 48.97,1.82
NEWGEN, EQ, 08-Jul-2022,360.05,376.0,380.0,365.95,367.5,367.9,370.03,162056,599.65,11756, 66114, 40.80,2.18
NEWGEN, EQ, 08-Jul-2024,954.85,934.4,954.85,931.0,949.0,944.5,942.22,146961,1384.69,16689, 89549, 60.93,-1.08
NEWGEN, EQ, 08-Aug-2022,372.05,375.0,409.0,372.5,384.75,385.0,390.76,463911,1812.79,23371,171974,37.07,3.48
NEWGEN, EQ, 08-Aug-2023,836.3,844.5,890.0,836.35, 879.50,874.5,861.53,465254,4008.31,21697, 174386, 37.48,4.57
NEWGEN, EQ, 08-Aug-2024,976.7,962.1,1024.75,962.1,1020.0,1014.45,1006.99,172345,1735.5,17857, 97445, 56.54,3.87
NEWGEN, EQ, 08-Sep-2020,205.75,206.8,215.95,203.65, 209.05,208.65,211.72,81223,171.97,4010, 35477, 43.68,1.41
NEWGEN, EQ, 08-Sep-2022,404.35,408.0,411.3,398.0, 399.00,399.3,403.75,93130,376.01,6182, 50912, 54.67,-1.25
NEWGEN, EQ, 08-Sep-2023,893.4,899.0,905.0,885.0, 890.00,889.7,892.12,63922,570.26,6869, 35866, 56.11,-0.41
NEWGEN, EQ, 08-Oct-2020,227.7,229.55,236.9,227.95,228.0,229.45,230.89,87658,202.39,5938, 46951, 53.56,0.77
NEWGEN, EQ, 08-Oct-2024,1256.4,1245.0,1300.0,1232.1,1249.0,1249.3,1260.88,387958,4891.7,44814, 189038, 48.73,-0.57
NEWGEN, EQ, 08-Nov-2021,582.0,589.7,589.7,567.15, 570.40,569.95,571.29,103162,589.35,3177, 82236, 79.72,-2.07
NEWGEN, EQ, 08-Nov-2024,1290.6,1290.6,1292.8,1251.3, 1253.35,1263.5,1270.7,82365,1046.61,7512, 35742, 43.39,-2.1
NEWGEN, EQ, 08-Dec-2020,273.2,274.6,275.15,268.2,271.0,270.85,272.01,45148,122.81,2749, 23407, 51.85,-0.86
NEWGEN, EQ, 08-Dec-2021,578.75,583.0,592.7,571.6,574.0,574.65,581.2,92939,540.16,7768, 53496, 57.56,-0.71
NEWGEN, EQ, 08-Dec-2022,367.3,368.8,374.2,363.6, 365.05,365.2,369.56,48160,177.98,4609, 27387, 56.87,-0.57
NEWGEN, EQ, 09-Jan-2020,195.05,196.0,201.0,196.0, 198.80,197.75,197.82,13125,25.96,616, 7809, 59.50,1.38
NEWGEN, EQ, 09-Jan-2023,362.0,362.55,375.95,362.55,365.0,366.55,369.81,75919,280.76,5687, 39917, 52.58,1.26
NEWGEN, EQ, 09-Jan-2025,1642.65,1640.0,1667.4,1596.1,1609.0,1606.25,1619.31,251330,4069.81,23729, 87745, 34.91,-2.22
NEWGEN, EQ, 09-Feb-2021,286.15,286.15,290.6,285.55, 289.00,287.75,288.08,66074,190.35,2500, 41408, 62.67,0.56
NEWGEN, EQ, 09-Feb-2022,561.95,569.0,569.7,554.9, 565.00,559.9,560.49,54348,304.61,4615, 28014, 51.55,-0.36
NEWGEN, EQ, 09-Feb-2023,444.15,446.95,447.0,438.85, 444.00,441.1,442.28,43542,192.58,3701, 24133, 55.42,-0.69
NEWGEN, EQ, 09-Mar-2020,197.3,191.05,191.05,171.1, 183.00,180.55,180.48,31503,56.86,2567, 21391, 67.90,-8.49
NEWGEN, EQ, 09-Mar-2021,292.1,292.55,296.0,290.05, 290.80,290.6,292.45,36423,106.52,2290, 14437, 39.64,-0.51
NEWGEN, EQ, 09-Mar-2022,494.95,506.85,510.7,501.4, 504.00,504.15,504.96,90707,458.03,7155, 54062, 59.60,1.86
NEWGEN, EQ, 09-Mar-2023,474.45,479.0,479.45,461.6, 466.00,464.8,468.08,66488,311.22,6067, 30702, 46.18,-2.03
NEWGEN, EQ, 09-Apr-2020,110.75,117.9,121.5,105.0, 120.00,117.3,113.95,238941,272.27,2394, 226947, 94.98,5.91
NEWGEN, EQ, 09-Apr-2021,311.05,314.8,315.2,311.15,315.0,313.9,313.67,51139,160.41,1974, 27685, 54.14,0.92
NEWGEN, EQ, 09-Apr-2024,818.15,825.0,854.0,818.25, 832.00,831.1,833.54,381891,3183.21,17724, 271983, 71.22,1.58
NEWGEN, EQ, 09-Apr-2025,907.35,899.0,902.65,866.2,873.05,876.25,879.9,373164,3283.48,36544, 126263, 33.84,-3.43
NEWGEN, EQ, 09-May-2022,458.1,458.0,462.95,440.0, 441.50,440.95,446.17,82288,367.15,7987, 42138, 51.21,-3.74
NEWGEN, EQ, 09-May-2023,567.4,571.9,574.0,560.0,570.0,569.8,568.53,203168,1155.06,8566, 92188, 45.38,0.42
NEWGEN, EQ, 09-May-2024,995.55,1005.5,1008.55,940.0,948.0,945.8,969.08,135461,1312.73,11806, 91575, 67.60,-5.0
NEWGEN, EQ, 09-Jun-2020,151.65,154.85,155.5,150.65, 151.40,152.15,152.23,372675,567.33,1439, 350152, 93.96,0.33
NEWGEN, EQ, 09-Jun-2021,445.4,447.9,453.9,424.0,427.0,436.05,444.8,229412,1020.41,14982, 153723, 67.01,-2.1
NEWGEN, EQ, 09-Jun-2022,378.6,376.6,380.25,371.9, 375.15,374.45,375.55,54766,205.67,10242, 20639, 37.69,-1.1
NEWGEN, EQ, 09-Jun-2023,642.8,642.85,656.95,634.5, 650.60,646.6,646.64,187331,1211.35,10335, 70081, 37.41,0.59
NEWGEN, EQ, 09-Jul-2020,174.15,176.0,188.9,165.0, 172.00,172.75,177.12,231818,410.59,5853, 69813, 30.12,-0.8
NEWGEN, EQ, 09-Jul-2024,944.5,950.5,959.0,938.35,951.0,951.4,950.38,67911,645.41,7837, 36998, 54.48,0.73
NEWGEN, EQ, 09-Aug-2023,874.5,900.0,900.0,871.05, 882.30,883.75,886.5,352619,3125.95,22808, 140560, 39.86,1.06
NEWGEN, EQ, 09-Aug-2024,1014.45,1025.25,1054.55,1021.55,1032.0,1030.75,1036.2,131277,1360.29,13074, 75768, 57.72,1.61
NEWGEN, EQ, 09-Sep-2020,208.65,211.95,213.1,202.0, 213.00,211.6,209.21,92151,192.79,3686, 31751, 34.46,1.41
NEWGEN, EQ, 09-Sep-2022,399.3,402.4,414.5,395.6, 406.10,407.65,405.02,168615,682.92,8539, 62450, 37.04,2.09
NEWGEN, EQ, 09-Sep-2024,1096.05,1096.05,1107.45,1070.1,1076.0,1080.6,1083.03,580855,6290.82,13827, 498694, 85.86,-1.41
NEWGEN, EQ, 09-Oct-2020,229.45,230.0,231.5,223.0, 224.55,224.75,225.6,51176,115.45,2255, 23427, 45.78,-2.05
NEWGEN, EQ, 09-Oct-2023,904.7,893.0,924.0,875.55, 877.90,889.05,903.99,133635,1208.05,12279, 66246, 49.57,-1.73
NEWGEN, EQ, 09-Oct-2024,1249.3,1257.0,1314.9,1244.05,1277.0,1269.5,1275.82,295215,3766.42,27163, 108300, 36.69,1.62
NEWGEN, EQ, 09-Nov-2020,255.75,259.0,280.1,255.6, 273.40,271.9,269.68,546530,1473.88,16620, 164848, 30.16,6.31
NEWGEN, EQ, 09-Nov-2021,569.95,578.8,578.8,572.0,576.95,575.65,575.77,32954,189.74,2547, 21370, 64.85,1.0
NEWGEN, EQ, 09-Nov-2022,339.05,340.5,343.2,330.6, 333.00,333.75,337.7,81919,276.64,3907, 57542, 70.24,-1.56
NEWGEN, EQ, 09-Dec-2020,270.85,272.25,274.0,269.35,272.05,272.3,271.9,59476,161.71,2620, 43780, 73.61,0.54
NEWGEN, EQ, 09-Dec-2021,574.65,575.0,608.0,575.0, 592.25,590.5,594.09,151527,900.21,12752, 66157, 43.66,2.76
NEWGEN, EQ, 09-Dec-2022,365.2,367.0,370.95,354.0, 357.90,357.45,359.57,74169,266.69,5788, 31849, 42.94,-2.12
NEWGEN, EQ, 09-Dec-2024,1352.9,1360.75,1443.3,1356.0,1421.0,1429.15,1398.56,643043,8993.31,44426, 252027, 39.19,5.64
NEWGEN, EQ, 10-Jan-2020,197.75,198.05,203.25,198.0, 202.50,200.1,200.7,23912,47.99,1100, 12314, 51.50,1.19
NEWGEN, EQ, 10-Jan-2022,611.1,633.0,666.3,626.65,654.9,652.2,648.66,1019216,6611.23,62135, 493700, 48.44,6.73
NEWGEN, EQ, 10-Jan-2023,366.55,370.0,370.0,361.05,364.0,364.8,364.37,29277,106.68,2360, 15537, 53.07,-0.48
NEWGEN, EQ, 10-Jan-2025,1606.25,1637.5,1638.0,1566.25,1625.0,1626.6,1601.65,340805,5458.5,29400, 116977, 34.32,1.27
NEWGEN, EQ, 10-Feb-2020,222.05,222.1,222.1,213.95, 214.95,215.75,217.27,208266,452.5,519, 205004, 98.43,-2.84
NEWGEN, EQ, 10-Feb-2021,287.75,288.0,290.0,285.3,288.65,287.9,287.54,29874,85.9,941, 17291, 57.88,0.05
NEWGEN, EQ, 10-Feb-2022,559.9,568.0,575.85,557.0,568.0,569.4,564.16,59521,335.79,4123, 28344, 47.62,1.7
NEWGEN, EQ, 10-Feb-2023,441.1,441.05,453.6,435.5, 448.00,448.1,446.42,115193,514.24,6029, 63987, 55.55,1.59
NEWGEN, EQ, 10-Feb-2025,1057.7,1036.55,1050.3,1002.5,1019.0,1020.3,1013.31,339043,3435.55,36307, 163189, 48.13,-3.54
NEWGEN, EQ, 10-Mar-2021,290.6,295.5,295.95,289.55, 290.05,290.6,291.94,35756,104.39,1471, 19165, 53.60,0.0
NEWGEN, EQ, 10-Mar-2022,504.15,514.5,522.0,505.1, 508.75,508.75,514.36,91853,472.45,9961, 46640, 50.78,0.91
NEWGEN, EQ, 10-Mar-2023,464.8,464.95,467.0,455.75, 457.45,457.45,459.98,70173,322.78,5419, 34055, 48.53,-1.58
NEWGEN, EQ, 10-Mar-2025,992.1,992.1,1004.0,934.1,947.95,940.2,958.5,238509,2286.12,23907, 128153, 53.73,-5.23
NEWGEN, EQ, 10-Apr-2023,445.95,449.9,449.9,442.0, 444.90,444.15,444.9,46092,205.06,4084, 22136, 48.03,-0.4
NEWGEN, EQ, 10-Apr-2024,831.1,842.0,842.6,800.0, 807.60,806.05,810.29,130028,1053.6,13234, 81139, 62.40,-3.01
NEWGEN, EQ, 10-May-2021,329.05,329.05,335.5,323.05, 326.00,325.8,327.38,64563,211.37,3324, 35393, 54.82,-0.99
NEWGEN, EQ, 10-May-2022,440.95,440.15,446.35,404.25, 420.00,423.65,430.9,122755,528.95,11244, 62269, 50.73,-3.92
NEWGEN, EQ, 10-May-2023,569.8,575.0,576.95,556.6,562.5,561.4,567.01,158469,898.53,7354, 70959, 44.78,-1.47
NEWGEN, EQ, 10-May-2024,945.8,949.25,994.4,946.75,977.95,979.95,978.43,192299,1881.52,18324, 112605, 58.56,3.61
NEWGEN, EQ, 10-Jun-2020,152.15,154.85,154.85,149.0, 149.15,149.65,151.03,25301,38.21,1101, 17370, 68.65,-1.64
NEWGEN, EQ, 10-Jun-2021,436.05,431.85,446.5,427.95, 443.00,445.3,440.82,80421,354.51,4186, 44523, 55.36,2.12
NEWGEN, EQ, 10-Jun-2022,374.45,378.0,378.0,367.0,370.45,369.8,369.62,66441,245.58,10018, 28319, 42.62,-1.24
NEWGEN, EQ, 10-Jun-2024,949.15,955.0,969.7,934.7,951.0,954.85,955.45,193506,1848.84,14169, 88172, 45.57,0.6
NEWGEN, EQ, 10-Jul-2020,172.75,172.0,172.9,162.0,166.85,166.45,166.16,44579,74.07,2111, 23828, 53.45,-3.65
NEWGEN, EQ, 10-Jul-2023,639.35,639.4,655.55,622.9,626.0,625.7,631.97,159075,1005.3,15157, 84348, 53.02,-2.13
NEWGEN, EQ, 10-Jul-2024,951.4,952.65,985.0,930.0,981.5,975.1,955.47,139241,1330.41,12936, 86592, 62.19,2.49
NEWGEN, EQ, 10-Aug-2020,177.05,180.0,182.0,176.0, 177.00,176.6,178.28,66624,118.78,3693, 47576, 71.41,-0.25
NEWGEN, EQ, 10-Aug-2022,385.0,387.65,388.5,377.0,378.9,378.25,381.53,63732,243.16,6428, 34202, 53.67,-1.75
NEWGEN, EQ, 10-Aug-2023,883.75,884.8,892.55,872.3, 881.00,883.1,884.03,175522,1551.66,12193, 58786, 33.49,-0.07
NEWGEN, EQ, 10-Sep-2020,211.6,212.65,216.25,208.05, 209.20,209.2,212.93,25171,53.6,1318, 13205, 52.46,-1.13
NEWGEN, EQ, 10-Sep-2024,1080.6,1083.0,1088.9,1060.0,1074.1,1070.4,1072.04,61747,661.95,7133, 34217, 55.41,-0.94
NEWGEN, EQ, 10-Oct-2022,363.75,362.0,366.0,361.1, 363.60,363.75,363.96,62479,227.4,7013, 33088, 52.96,0.0
NEWGEN, EQ, 10-Oct-2023,889.05,891.9,919.8,891.9, 911.00,915.4,909.9,90064,819.49,6919, 51768, 57.48,2.96
NEWGEN, EQ, 10-Oct-2024,1269.5,1281.15,1336.95,1281.15,1311.9,1314.05,1313.82,301956,3967.15,25411, 80757, 26.74,3.51
NEWGEN, EQ, 10-Nov-2020,271.9,273.3,276.25,258.0, 258.50,260.3,267.89,236807,634.39,8732, 71003, 29.98,-4.27
NEWGEN, EQ, 10-Nov-2021,575.65,578.9,598.0,569.0, 575.95,573.5,579.63,55033,318.99,2707, 35937, 65.30,-0.37
NEWGEN, EQ, 10-Nov-2022,333.75,330.0,336.75,328.0, 334.00,331.95,330.23,78087,257.86,4491, 48784, 62.47,-0.54
NEWGEN, EQ, 10-Dec-2020,272.3,272.3,272.3,267.3, 270.00,269.3,268.89,27760,74.64,1336, 14742, 53.11,-1.1
NEWGEN, EQ, 10-Dec-2021,590.5,596.6,630.0,588.1, 617.00,620.95,610.76,266459,1627.44,15062, 77416, 29.05,5.16
NEWGEN, EQ, 10-Dec-2024,1429.15,1435.0,1474.0,1390.35,1423.0,1417.55,1422.67,576664,8204.05,39130, 222185, 38.53,-0.81
NEWGEN, EQ, 11-Jan-2021,306.4,308.9,313.0,291.15, 299.00,297.6,300.08,212496,637.66,9927, 115207, 54.22,-2.87
NEWGEN, EQ, 11-Jan-2022,652.2,659.0,663.0,635.9,645.2,644.0,649.1,378677,2458.0,19102, 204729, 54.06,-1.26
NEWGEN, EQ, 11-Jan-2023,364.8,364.8,367.9,362.25, 362.60,363.05,364.46,26364,96.09,3099, 12862, 48.79,-0.48
NEWGEN, EQ, 11-Feb-2020,215.75,218.9,219.95,211.2, 211.30,213.25,215.81,5202,11.23,272, 2970, 57.09,-1.16
NEWGEN, EQ, 11-Feb-2021,287.9,287.0,289.55,285.4,286.0,286.2,286.75,38344,109.95,1784, 21243, 55.40,-0.59
NEWGEN, EQ, 11-Feb-2022,569.4,568.5,568.5,546.6,560.0,558.4,558.75,56963,318.28,3794, 25961, 45.58,-1.93
NEWGEN, EQ, 11-Feb-2025,1020.3,1010.1,1015.2,970.0,979.0,979.85,985.49,335491,3306.23,30983, 159879, 47.66,-3.96
NEWGEN, EQ, 11-Mar-2020,180.55,180.85,182.2,178.05, 178.05,178.55,179.31,13805,24.75,862, 12428, 90.03,-1.11
NEWGEN, EQ, 11-Mar-2022,508.75,516.0,520.0,506.9, 519.45,519.05,516.65,60749,313.86,3921, 30261, 49.81,2.02
NEWGEN, EQ, 11-Mar-2024,787.05,804.95,804.95,735.0, 750.00,745.75,757.02,333510,2524.73,27087, 207834, 62.32,-5.25
NEWGEN, EQ, 11-Mar-2025,940.2,932.0,951.0,927.55,947.0,944.5,942.52,268697,2532.52,28565, 155228, 57.77,0.46
NEWGEN, EQ, 11-Apr-2022,511.65,508.6,509.8,502.35,503.55,503.5,504.86,79187,399.78,5238, 53603, 67.69,-1.59
NEWGEN, EQ, 11-Apr-2023,444.15,446.8,469.85,443.15, 469.85,465.95,459.49,310851,1428.33,13634, 216544, 69.66,4.91
NEWGEN, EQ, 11-Apr-2025,876.25,936.8,936.8,896.0,905.0,905.3,905.58,326482,2956.56,25392, 94234, 28.86,3.32
NEWGEN, EQ, 11-May-2020,150.45,158.0,159.75,150.0, 151.25,150.25,154.12,29460,45.41,1156, 16764, 56.90,-0.13
NEWGEN, EQ, 11-May-2021,325.8,324.5,326.0,320.55, 324.35,324.55,324.03,37180,120.48,1876, 17935, 48.24,-0.38
NEWGEN, EQ, 11-May-2022,423.65,421.5,427.85,396.65,401.65,401.3,406.93,146665,596.82,11284, 75746, 51.65,-5.28
NEWGEN, EQ, 11-May-2023,561.4,562.0,583.9,562.0, 571.00,571.3,574.17,314635,1806.54,16087, 130587, 41.50,1.76
NEWGEN, EQ, 11-Jun-2020,149.65,149.65,152.3,145.5, 146.45,146.5,148.9,74937,111.58,1556, 33503, 44.71,-2.1
NEWGEN, EQ, 11-Jun-2021,445.3,441.0,460.0,441.0, 447.50,449.25,451.45,120029,541.87,7287, 63330, 52.76,0.89
NEWGEN, EQ, 11-Jun-2024,954.85,959.7,959.9,930.05,938.35,933.3,937.42,105687,990.73,11396, 67306, 63.68,-2.26
NEWGEN, EQ, 11-Jul-2022,367.9,365.0,374.9,360.65,371.0,370.95,366.32,59819,219.13,4618, 32466, 54.27,0.83
NEWGEN, EQ, 11-Jul-2023,625.7,629.8,631.35,605.05, 619.00,619.1,617.9,213720,1320.57,16201, 102704, 48.06,-1.05
NEWGEN, EQ, 11-Jul-2024,975.1,987.25,993.75,955.0,961.5,959.2,972.05,136932,1331.04,11158, 96242, 70.28,-1.63
NEWGEN, EQ, 11-Aug-2020,176.6,176.1,182.0,176.1,179.2,179.85,180.11,57927,104.33,1722, 35233, 60.82,1.84
NEWGEN, EQ, 11-Aug-2022,378.25,381.0,385.0,366.65,372.5,370.8,370.09,1335995,4944.4,7117, 1288387, 96.44,-1.97
NEWGEN, EQ, 11-Aug-2023,883.1,885.9,916.0,885.9, 903.00,909.35,904.21,331194,2994.68,24326, 123650, 37.33,2.97
NEWGEN, EQ, 11-Sep-2020,209.2,211.95,211.95,204.3, 209.90,209.3,208.6,21240,44.31,1149, 12290, 57.86,0.05
NEWGEN, EQ, 11-Sep-2023,889.7,889.7,896.45,860.05, 870.00,867.2,870.4,106586,927.73,9842, 62332, 58.48,-2.53
NEWGEN, EQ, 11-Sep-2024,1070.4,1072.9,1091.8,1050.0,1060.0,1060.25,1067.91,101052,1079.14,8292, 56512, 55.92,-0.95
NEWGEN, EQ, 11-Oct-2021,598.3,622.0,627.7,601.0, 606.00,606.5,613.92,120969,742.65,5919, 80853, 66.84,1.37
NEWGEN, EQ, 11-Oct-2022,363.75,365.6,366.4,361.6, 362.05,362.95,363.6,107235,389.9,8788, 50178, 46.79,-0.22
NEWGEN, EQ, 11-Oct-2023,915.4,925.45,947.95,900.05, 911.00,911.2,920.52,136491,1256.43,12028, 60166, 44.08,-0.46
NEWGEN, EQ, 11-Oct-2024,1314.05,1318.9,1401.95,1315.05,1370.0,1373.3,1363.16,535295,7296.91,32273, 190873, 35.66,4.51
NEWGEN, EQ, 11-Nov-2020,260.3,261.65,268.95,260.05, 268.05,267.95,266.12,119157,317.1,3940, 49185, 41.28,2.94
NEWGEN, EQ, 11-Nov-2021,573.5,584.0,584.0,570.0, 573.50,572.9,575.27,45225,260.17,2163, 29782, 65.85,-0.1
NEWGEN, EQ, 11-Nov-2022,331.95,339.75,345.15,338.35,342.0,342.2,341.27,165731,565.58,5538, 103781, 62.62,3.09
NEWGEN, EQ, 11-Nov-2024,1263.5,1250.0,1291.45,1240.0, 1280.00,1280.15,1275.96,112913,1440.72,13998, 53730, 47.59,1.32
NEWGEN, EQ, 11-Dec-2020,269.3,270.65,273.75,265.0, 266.65,266.2,268.74,40985,110.14,2127, 21932, 53.51,-1.15
NEWGEN, EQ, 11-Dec-2024,1417.55,1425.0,1435.0,1393.95,1421.35,1420.75,1415.14,224325,3174.51,15347, 106860, 47.64,0.23
NEWGEN, EQ, 12-Jan-2021,297.6,297.0,297.7,292.0, 295.50,295.05,294.46,69130,203.56,3657, 39499, 57.14,-0.86
NEWGEN, EQ, 12-Jan-2022,644.0,645.0,655.0,631.3,638.0,637.45,641.74,166990,1071.64,10005, 89668, 53.70,-1.02
NEWGEN, EQ, 12-Jan-2023,363.05,365.0,366.85,357.4, 366.85,362.4,361.02,43565,157.28,3329, 23515, 53.98,-0.18
NEWGEN, EQ, 12-Feb-2020,213.25,214.0,215.0,202.0, 204.50,203.9,207.44,14121,29.29,598, 10692, 75.72,-4.38
NEWGEN, EQ, 12-Feb-2021,286.2,284.0,292.1,282.5,284.2,283.9,287.15,62877,180.55,2260, 35299, 56.14,-0.8
NEWGEN, EQ, 12-Feb-2024,797.05,797.05,797.05,757.2, 757.20,757.2,763.34,120389,918.98,6175, 108655, 90.25,-5.0
NEWGEN, EQ, 12-Feb-2025,979.85,960.05,1009.6,940.4,986.1,986.35,975.88,569724,5559.83,51506, 177204, 31.10,0.66
NEWGEN, EQ, 12-Mar-2020,178.55,179.95,180.0,151.8, 155.90,157.7,162.87,31001,50.49,2960, 22863, 73.75,-11.68
NEWGEN, EQ, 12-Mar-2021,290.6,297.0,299.35,293.0, 293.00,294.9,295.93,205249,607.4,3385, 171621, 83.62,1.48
NEWGEN, EQ, 12-Mar-2024,745.75,755.0,774.0,714.1, 765.00,763.5,741.73,390191,2894.16,44748, 241930, 62.00,2.38
NEWGEN, EQ, 12-Mar-2025,944.5,944.5,959.0,927.45,942.8,946.5,939.93,245082,2303.61,36378, 123239, 50.28,0.21
NEWGEN, EQ, 12-Apr-2021,313.9,313.9,314.85,296.3, 305.00,300.4,302.71,86376,261.47,3894, 41645, 48.21,-4.3
NEWGEN, EQ, 12-Apr-2022,503.5,503.5,506.0,488.2, 491.50,490.35,492.63,97820,481.89,5261, 60422, 61.77,-2.61
NEWGEN, EQ, 12-Apr-2023,465.95,470.0,481.0,463.65, 468.50,465.9,474.84,147153,698.74,8939, 67302, 45.74,-0.01
NEWGEN, EQ, 12-Apr-2024,806.05,814.1,814.1,768.4, 783.00,774.15,784.51,146641,1150.41,14501, 101835, 69.45,-3.96
NEWGEN, EQ, 12-May-2020,150.25,150.0,153.0,136.0, 149.00,147.5,143.7,21384,30.73,767, 10356, 48.43,-1.83
NEWGEN, EQ, 12-May-2021,324.55,324.55,334.75,320.3,322.95,321.7,324.7,94701,307.5,4372, 46626, 49.23,-0.88
NEWGEN, EQ, 12-May-2022,401.3,400.0,415.0,396.3,407.75,408.9,407.26,106331,433.05,9997, 42260, 39.74,1.89
NEWGEN, EQ, 12-May-2023,571.3,583.0,616.0,572.0, 606.60,608.4,599.1,1363871,8170.94,57321, 430026, 31.53,6.49
NEWGEN, EQ, 12-Jun-2020,146.5,137.0,149.5,136.95, 146.95,145.85,144.23,24910,35.93,740, 14819, 59.49,-0.44
NEWGEN, EQ, 12-Jun-2023,646.6,649.85,669.0,646.75, 654.90,654.5,661.26,163229,1079.36,9575, 63732, 39.04,1.22
NEWGEN, EQ, 12-Jun-2024,933.3,926.0,947.0,926.0,932.0,930.75,935.64,94320,882.49,10901, 58899, 62.45,-0.27
NEWGEN, EQ, 12-Jul-2022,370.95,370.5,374.5,367.0,368.0,367.35,370.83,57627,213.7,4061, 32353, 56.14,-0.97
NEWGEN, EQ, 12-Jul-2023,619.1,623.45,630.0,612.6, 629.00,627.05,624.84,178317,1114.2,11550, 91518, 51.32,1.28
NEWGEN, EQ, 12-Jul-2024,959.2,969.95,1044.9,956.05,1009.9,1015.0,1017.01,965261,9816.81,58567, 530387, 54.95,5.82
NEWGEN, EQ, 12-Aug-2020,179.85,179.85,181.4,177.3,178.95,178.95,179.12,24863,44.53,1204, 14301, 57.52,-0.5
NEWGEN, EQ, 12-Aug-2022,370.8,376.45,423.4,376.45,407.0,411.15,408.93,1447856,5920.69,45310, 296443, 20.47,10.88
NEWGEN, EQ, 12-Aug-2024,1030.75,1015.75,1079.5,1015.75,1049.8,1046.75,1060.63,228336,2421.81,22242, 105503, 46.21,1.55
NEWGEN, EQ, 12-Sep-2022,407.65,409.0,416.0,393.1, 400.00,400.0,407.64,120893,492.81,6229, 50709, 41.95,-1.88
NEWGEN, EQ, 12-Sep-2023,867.2,870.0,880.45,820.0, 843.00,838.7,846.13,187463,1586.17,12855, 111347, 59.40,-3.29
NEWGEN, EQ, 12-Sep-2024,1060.25,1060.3,1104.0,1060.3,1090.5,1090.7,1088.5,102094,1111.29,11678, 49112, 48.10,2.87
NEWGEN, EQ, 12-Oct-2020,224.75,226.9,227.15,204.3, 211.90,210.9,213.58,107702,230.03,4065, 51032, 47.38,-6.16
NEWGEN, EQ, 12-Oct-2021,606.5,608.0,611.4,590.0, 595.00,595.7,596.3,53341,318.07,4386, 39091, 73.29,-1.78
NEWGEN, EQ, 12-Oct-2022,362.95,362.95,365.0,358.0, 363.00,361.9,360.41,71693,258.39,6037, 41298, 57.60,-0.29
NEWGEN, EQ, 12-Oct-2023,911.2,915.7,928.8,910.0, 917.75,914.0,917.73,63270,580.65,6121, 33456, 52.88,0.31
NEWGEN, EQ, 12-Nov-2020,267.95,267.0,273.85,263.55, 268.50,269.3,269.15,116549,313.69,3420, 34660, 29.74,0.5
NEWGEN, EQ, 12-Nov-2021,572.9,575.2,583.85,570.0, 576.00,576.4,576.13,44202,254.66,4526, 30251, 68.44,0.61
NEWGEN, EQ, 12-Nov-2024,1280.15,1276.0,1320.0,1260.0,1263.55,1269.3,1294.42,243258,3148.79,14429, 142710, 58.67,-0.85
NEWGEN, EQ, 12-Dec-2022,357.45,358.9,361.3,299.95, 352.50,351.65,351.42,72704,255.5,4868, 35256, 48.49,-1.62
NEWGEN, EQ, 12-Dec-2024,1420.75,1426.0,1441.05,1392.0,1403.0,1404.45,1409.46,134652,1897.87,10925, 56217, 41.75,-1.15
NEWGEN, EQ, 13-Jan-2020,200.1,201.0,201.0,199.0, 199.45,199.35,200.72,8346,16.75,173, 7432, 89.05,-0.37
NEWGEN, EQ, 13-Jan-2021,295.05,295.0,316.0,293.0, 303.00,301.85,307.99,388843,1197.62,19204, 152832, 39.30,2.3
NEWGEN, EQ, 13-Jan-2022,637.45,644.8,644.8,625.0, 627.00,627.15,632.4,146524,926.61,7951, 84482, 57.66,-1.62
NEWGEN, EQ, 13-Jan-2023,362.4,365.8,393.6,363.45,381.9,382.55,384.19,438471,1684.55,21387, 133441, 30.43,5.56
NEWGEN, EQ, 13-Jan-2025,1626.6,1614.9,1617.15,1554.05,1574.0,1579.1,1572.94,533999,8399.5,35674, 367554, 68.83,-2.92
NEWGEN, EQ, 13-Feb-2020,203.9,204.5,209.95,204.5, 207.00,207.05,207.36,11836,24.54,1163, 7221, 61.01,1.54
NEWGEN, EQ, 13-Feb-2023,448.1,448.1,450.35,430.0,432.6,433.45,434.33,96768,420.29,7820, 51609, 53.33,-3.27
NEWGEN, EQ, 13-Feb-2024,757.2,757.0,757.0,719.35, 719.35,719.35,721.31,150138,1082.97,7827, 107481, 71.59,-5.0
NEWGEN, EQ, 13-Feb-2025,986.35,980.1,991.4,951.0,980.0,980.1,972.82,419643,4082.37,41026, 174978, 41.70,-0.63
NEWGEN, EQ, 13-Mar-2020,157.7,142.85,184.7,126.2, 143.80,143.5,131.4,539103,708.4,4306, 439384, 81.50,-9.0
NEWGEN, EQ, 13-Mar-2023,457.45,452.0,461.7,441.1, 444.55,445.0,447.64,121283,542.91,7112, 60206, 49.64,-2.72
NEWGEN, EQ, 13-Mar-2024,763.5,785.0,785.0,710.0, 720.00,715.35,728.43,289285,2107.25,36813, 178060, 61.55,-6.31
NEWGEN, EQ, 13-Mar-2025,946.5,946.55,955.0,933.0,949.9,949.3,941.78,198040,1865.11,20389, 105879, 53.46,0.3
NEWGEN, EQ, 13-Apr-2020,117.3,127.95,128.0,111.55, 119.95,119.6,121.74,42156,51.32,1517,24157,59.97,1.96
NEWGEN, EQ, 13-Apr-2021,300.4,305.0,307.8,300.5, 306.25,304.65,304.14,53958,164.11,2200, 29748, 55.13,1.41
NEWGEN, EQ, 13-Apr-2022,490.35,494.9,499.0,490.7,493.9,494.05,495.08,51414,254.54,5546, 24027, 46.73,0.75
NEWGEN, EQ, 13-Apr-2023,465.9,469.1,471.65,455.05, 460.00,457.25,457.8,334150,1529.73,5133, 291823, 87.33,-1.86
NEWGEN, EQ, 13-May-2020,147.5,160.0,160.0,151.0,154.0,154.2,153.0,15670,23.98,486, 11414, 72.84,4.54
NEWGEN, EQ, 13-May-2022,408.9,426.85,426.85,393.05,397.0,396.15,400.01,168759,675.05,21214, 89873, 53.26,-3.12
NEWGEN, EQ, 13-May-2024,979.95,986.8,986.8,921.0,945.0,944.25,941.66,157162,1479.93,10511, 90363, 57.50,-3.64
NEWGEN, EQ, 13-Jun-2022,369.8,368.6,368.6,335.6,361.95,361.3,358.08,64911,232.43,5560, 37798, 58.23,-2.3
NEWGEN, EQ, 13-Jun-2023,654.5,660.0,664.95,650.0, 657.00,654.8,658.16,134513,885.32,9031, 56314, 41.87,0.05
NEWGEN, EQ, 13-Jun-2024,930.75,945.0,946.0,921.2,921.6,924.95,929.85,97976,911.03,10476, 61645, 62.92,-0.62
NEWGEN, EQ, 13-Jul-2020,166.45,169.5,177.7,167.35, 170.00,169.2,171.76,53544,91.97,1555, 27005, 50.44,1.65
NEWGEN, EQ, 13-Jul-2022,367.35,374.65,374.65,360.0,363.0,364.5,367.18,48308,177.38,5352, 20470, 42.37,-0.78
NEWGEN, EQ, 13-Jul-2023,627.05,634.75,653.55,630.2, 647.95,645.65,643.62,334064,2150.09,19398, 139408, 41.73,2.97
NEWGEN, EQ, 13-Aug-2020,178.95,179.4,185.0,179.4, 181.10,182.2,182.86,66841,122.22,2152, 37203, 55.66,1.82
NEWGEN, EQ, 13-Aug-2024,1046.75,1046.8,1067.2,1025.3,1035.0,1036.6,1048.09,129111,1353.2,15569, 68977, 53.42,-0.97
NEWGEN, EQ, 13-Sep-2022,400.0,403.7,404.95,395.0, 397.85,397.55,398.62,82851,330.26,3764, 49221, 59.41,-0.61
NEWGEN, EQ, 13-Sep-2023,838.7,830.7,868.6,825.0, 847.20,852.35,842.92,78305,660.05,6902, 40727, 52.01,1.63
NEWGEN, EQ, 13-Sep-2024,1090.7,1090.7,1220.95,1090.0,1194.0,1191.5,1179.69,862988,10180.58,63991, 229768, 26.62,9.24
NEWGEN, EQ, 13-Oct-2020,210.9,211.0,234.8,209.6, 229.95,229.2,227.55,324886,739.28,9389, 82161, 25.29,8.68
NEWGEN, EQ, 13-Oct-2021,595.7,595.5,603.95,586.0,591.0,591.25,591.72,41797,247.32,2600, 29809, 71.32,-0.75
NEWGEN, EQ, 13-Oct-2022,361.9,362.0,363.35,356.0,357.0,359.5,359.7,49793,179.11,5092, 27612, 55.45,-0.66
NEWGEN, EQ, 13-Oct-2023,914.0,917.5,923.45,909.1, 911.00,912.55,912.58,121119,1105.31,7195, 84088, 69.43,-0.16
NEWGEN, EQ, 13-Nov-2020,269.3,268.5,268.7,262.0,264.4,263.55,265.33,46411,123.14,1815, 23635, 50.93,-2.14
NEWGEN, EQ, 13-Nov-2024,1269.3,1251.0,1262.6,1196.0,1212.0,1199.2,1217.1,153041,1862.66,16701, 69909, 45.68,-5.52
NEWGEN, EQ, 13-Dec-2021,620.95,628.0,634.0,601.35,610.0,605.4,615.08,168626,1037.18,13542, 93251, 55.30,-2.5
NEWGEN, EQ, 13-Dec-2022,351.65,358.7,359.0,350.0, 350.50,350.7,352.27,52378,184.51,4169, 32019, 61.13,-0.27
NEWGEN, EQ, 13-Dec-2024,1404.45,1399.05,1402.45,1370.5,1389.4,1390.35,1385.99,169799,2353.39,15690, 76300, 44.94,-1.0
NEWGEN, EQ, 14-Jan-2020,199.35,200.05,203.0,198.0, 200.00,199.9,200.58,11674,23.42,389, 8252, 70.69,0.28
NEWGEN, EQ, 14-Jan-2021,301.85,307.95,309.95,299.35, 303.10,305.4,305.23,93112,284.21,3988, 47062, 50.54,1.18
NEWGEN, EQ, 14-Jan-2022,627.15,632.0,645.55,618.05, 638.00,637.1,639.21,165965,1060.87,8194, 81838, 49.31,1.59
NEWGEN, EQ, 14-Jan-2025,1579.1,1555.0,1588.0,1534.15,1582.9,1575.35,1570.65,180447,2834.19,20490, 57965, 32.12,-0.24
NEWGEN, EQ, 14-Feb-2020,207.05,201.6,208.55,201.0, 201.10,203.35,203.82,63844,130.13,661, 58216, 91.18,-1.79
NEWGEN, EQ, 14-Feb-2022,558.4,539.0,545.0,520.0,530.0,527.35,535.16,115517,618.2,11548, 57978, 50.19,-5.56
NEWGEN, EQ, 14-Feb-2023,433.45,434.95,437.5,422.55,433.5,430.2,432.0,118133,510.33,7816, 38478, 32.57,-0.75
NEWGEN, EQ, 14-Feb-2024,719.35,699.85,744.0,685.15, 739.00,735.4,721.75,213379,1540.07,16724, 128732, 60.33,2.23
NEWGEN, EQ, 14-Feb-2025,980.1,990.25,993.45,946.6,957.95,959.55,961.91,277362,2667.97,26145, 141857, 51.15,-2.1
NEWGEN, EQ, 14-Mar-2022,519.05,522.0,527.0,519.3,521.0,521.4,521.99,43129,225.13,2709, 28225, 65.44,0.45
NEWGEN, EQ, 14-Mar-2023,445.0,445.0,454.0,436.85, 444.00,439.85,444.28,121471,539.67,9390, 48078, 39.58,-1.16
NEWGEN, EQ, 14-Mar-2024,715.35,676.05,747.95,676.05, 738.00,731.7,731.06,165179,1207.56,23844, 93824, 56.80,2.29
NEWGEN, EQ, 14-May-2020,154.2,154.0,158.0,148.0,153.9,151.0,154.58,376892,582.61,1204, 357493, 94.85,-2.08
NEWGEN, EQ, 14-May-2021,321.7,324.55,332.75,314.7, 328.70,328.65,327.83,79825,261.69,4346, 36921, 46.25,2.16
NEWGEN, EQ, 14-May-2024,944.25,935.0,974.0,935.0,959.0,957.15,954.04,117941,1125.2,8373, 61191, 51.88,1.37
NEWGEN, EQ, 14-Jun-2021,449.25,450.0,465.0,430.0, 462.75,458.3,448.54,184719,828.54,8712, 104558, 56.60,2.01
NEWGEN, EQ, 14-Jun-2022,361.3,355.05,368.0,349.0, 362.35,363.75,359.81,171531,617.19,29722, 57502, 33.52,0.68
NEWGEN, EQ, 14-Jun-2023,654.8,654.85,664.05,646.5, 649.90,648.9,652.44,89217,582.09,5151, 46550, 52.18,-0.9
NEWGEN, EQ, 14-Jun-2024,924.95,925.0,931.35,913.05,916.0,917.7,919.49,122181,1123.44,14528, 76654, 62.74,-0.78
NEWGEN, EQ, 14-Jul-2020,169.2,167.0,173.0,163.5,166.0,165.15,168.71,43240,72.95,1610, 24485, 56.63,-2.39
NEWGEN, EQ, 14-Jul-2022,364.5,362.2,369.4,357.7, 359.40,359.65,364.0,37615,136.92,4147, 17948, 47.72,-1.33
NEWGEN, EQ, 14-Jul-2023,645.65,653.45,674.3,647.3,669.8,670.55,663.87,665619,4418.84,27293, 231776, 34.82,3.86
NEWGEN, EQ, 14-Aug-2020,182.2,184.7,184.85,177.2, 179.00,178.7,180.42,29928,54.0,1240, 20936, 69.95,-1.92
NEWGEN, EQ, 14-Aug-2023,909.35,915.0,915.0,865.85, 886.00,886.4,883.93,225930,1997.07,18230, 76140, 33.70,-2.52
NEWGEN, EQ, 14-Aug-2024,1036.6,1040.0,1041.3,1015.55,1023.0,1026.6,1028.54,107184,1102.43,11863, 57383, 53.54,-0.96
NEWGEN, EQ, 14-Sep-2020,209.3,210.35,228.7,208.4,223.0,222.6,221.91,169453,376.04,5494, 86801, 51.22,6.35
NEWGEN, EQ, 14-Sep-2022,397.55,386.55,399.3,386.55,395.2,395.65,394.34,54056,213.17,4262, 21597, 39.95,-0.48
NEWGEN, EQ, 14-Sep-2023,852.35,852.95,889.95,852.95, 880.00,879.35,877.56,82501,724.0,6943, 47813, 57.95,3.17
NEWGEN, EQ, 14-Oct-2020,229.2,230.9,230.9,221.05, 224.40,225.15,224.8,102316,230.01,4675, 47390, 46.32,-1.77
NEWGEN, EQ, 14-Oct-2021,591.25,601.95,612.0,587.0,601.05,602.7,602.66,85626,516.03,6112, 55573, 64.90,1.94
NEWGEN, EQ, 14-Oct-2022,359.5,363.0,363.85,350.5, 353.50,352.8,357.22,152965,546.42,21428, 85121, 55.65,-1.86
NEWGEN, EQ, 14-Oct-2024,1373.3,1383.0,1409.5,1341.7,1348.7,1350.85,1368.69,505918,6924.47,29125, 283391, 56.02,-1.63
NEWGEN, EQ, 14-Nov-2022,342.2,345.0,345.0,334.3,339.9,338.65,340.3,86037,292.79,4516, 54225, 63.03,-1.04
NEWGEN, EQ, 14-Nov-2024,1199.2,1200.05,1248.45,1185.65, 1231.00,1235.1,1222.25,167512,2047.42,14340, 60992, 36.41,2.99
NEWGEN, EQ, 14-Dec-2020,266.2,270.35,270.35,266.35,268.9,267.85,268.32,36994,99.26,2117, 20931, 56.58,0.62
NEWGEN, EQ, 14-Dec-2021,605.4,602.0,615.0,594.9,601.8,603.0,605.18,87107,527.16,7435, 45267, 51.97,-0.4
NEWGEN, EQ, 14-Dec-2022,350.7,354.85,357.95,350.75, 352.05,352.25,354.53,42461,150.54,3153, 21195, 49.92,0.44
NEWGEN, EQ, 15-Jan-2020,199.9,202.9,211.0,198.35, 203.10,203.9,205.19,34777,71.36,1343, 17671, 50.81,2.0
NEWGEN, EQ, 15-Jan-2021,305.4,306.95,308.75,302.05,306.75,305.8,305.68,103142,315.28,4385, 60898, 59.04,0.13
NEWGEN, EQ, 15-Jan-2025,1575.35,1596.95,1798.9,1581.05,1715.9,1755.9,1719.16,1497621,25746.46,97421, 202376, 13.51,11.46
NEWGEN, EQ, 15-Feb-2021,283.9,288.9,288.9,280.25, 281.95,281.2,283.66,44669,126.71,2394, 25979, 58.16,-0.95
NEWGEN, EQ, 15-Feb-2022,527.35,545.0,545.0,514.0,537.1,540.15,529.58,98243,520.28,7275, 40783, 41.51,2.43
NEWGEN, EQ, 15-Feb-2023,430.2,430.0,444.7,430.0, 439.40,438.1,438.26,108879,477.18,7205, 31198, 28.65,1.84
NEWGEN, EQ, 15-Feb-2024,735.4,758.0,772.15,746.85, 772.15,770.85,763.73,246623,1883.54,16747, 154872, 62.80,4.82
NEWGEN, EQ, 15-Mar-2021,294.9,300.0,300.0,294.1, 294.70,295.9,296.67,77967,231.31,4150, 48168, 61.78,0.34
NEWGEN, EQ, 15-Mar-2022,521.4,526.75,526.75,500.0,507.0,504.35,508.28,124155,631.05,11122, 61232, 49.32,-3.27
NEWGEN, EQ, 15-Mar-2023,439.85,448.0,452.2,437.05, 439.20,438.3,444.49,50277,223.48,3201, 24622, 48.97,-0.35
NEWGEN, EQ, 15-Mar-2024,731.7,742.0,769.1,688.0, 760.00,736.6,735.95,2075683,15275.89,68923, 1361000, 65.57,0.67
NEWGEN, EQ, 15-Apr-2020,119.6,120.1,127.0,116.0, 116.25,116.85,118.05,66880,78.95,2530, 48136, 71.97,-2.3
NEWGEN, EQ, 15-Apr-2021,304.65,290.1,299.9,290.1,298.4,298.7,296.41,54839,162.55,2604, 18968, 34.59,-1.95
NEWGEN, EQ, 15-Apr-2024,774.15,761.0,773.1,740.15, 751.00,752.0,755.78,161378,1219.66,12710, 87808, 54.41,-2.86
NEWGEN, EQ, 15-Apr-2025,905.3,924.9,949.0,913.15,944.0,941.85,929.53,226318,2103.7,23797, 95354, 42.13,4.04
NEWGEN, EQ, 15-May-2020,151.0,151.0,154.9,145.3,151.0,148.1,149.68,15175,22.71,572, 7334, 48.33,-1.92
NEWGEN, EQ, 15-May-2023,608.4,608.0,608.0,586.0, 591.00,591.25,592.4,511341,3029.16,21622, 244809, 47.88,-2.82
NEWGEN, EQ, 15-May-2024,957.15,959.0,1000.0,949.3,987.0,982.15,983.14,141275,1388.94,8341, 81007, 57.34,2.61
NEWGEN, EQ, 15-Jun-2020,145.85,145.85,155.1,144.25,149.0,150.85,146.78,1604000,2354.39,3035, 47894, 2.99,3.43
NEWGEN, EQ, 15-Jun-2021,458.3,489.9,511.95,475.1, 499.50,499.25,495.89,1620946,8038.16,94153, 555189, 34.25,8.94
NEWGEN, EQ, 15-Jun-2022,363.75,361.0,365.3,353.0, 358.00,358.85,359.83,89303,321.34,17499, 27487, 30.78,-1.35
NEWGEN, EQ, 15-Jun-2023,648.9,647.95,651.5,627.05, 635.00,633.7,635.87,299215,1902.62,14159, 183515, 61.33,-2.34
NEWGEN, EQ, 15-Jul-2020,165.15,167.05,173.85,167.05,169.65,169.35,170.63,46621,79.55,2485, 17731, 38.03,2.54
NEWGEN, EQ, 15-Jul-2022,359.65,366.0,368.9,359.05,360.0,360.2,363.0,34415,124.92,4267, 14985, 43.54,0.15
NEWGEN, EQ, 15-Jul-2024,1015.0,1033.0,1092.0,1015.1,1038.05,1038.75,1047.59,506152,5302.41,40827, 220234, 43.51,2.34
NEWGEN, EQ, 15-Sep-2020,222.6,224.85,225.3,215.0, 220.10,219.6,219.15,69749,152.85,4036, 40569, 58.16,-1.35
NEWGEN, EQ, 15-Sep-2022,395.65,392.3,397.6,387.25,390.0,388.95,390.19,63052,246.02,4688, 33399, 52.97,-1.69
NEWGEN, EQ, 15-Sep-2023,879.35,883.8,887.9,865.0, 880.00,872.25,875.73,61598,539.43,5358, 40771, 66.19,-0.81
NEWGEN, EQ, 15-Oct-2020,225.15,225.15,227.55,212.0, 218.90,215.7,221.12,55966,123.75,2426, 27786, 49.65,-4.2
NEWGEN, EQ, 15-Oct-2024,1350.85,1359.9,1397.7,1243.0,1294.5,1296.0,1312.02,2530465,33200.1,108136, 643544, 25.43,-4.06
NEWGEN, EQ, 15-Nov-2021,576.4,576.4,586.4,569.65, 578.25,579.15,578.75,69649,403.09,3569, 43075, 61.85,0.48
NEWGEN, EQ, 15-Nov-2022,338.65,339.95,347.0,339.4, 342.00,343.85,341.83,61276,209.46,3314, 37099, 60.54,1.54
NEWGEN, EQ, 15-Dec-2020,267.85,269.2,272.7,260.1,269.0,269.45,267.05,79792,213.08,3463, 24987, 31.32,0.6
NEWGEN, EQ, 15-Dec-2021,603.0,601.0,609.95,598.0, 605.00,603.9,603.2,50155,302.53,4706, 31174, 62.16,0.15
NEWGEN, EQ, 15-Dec-2022,352.25,350.65,379.35,348.0, 372.00,371.55,369.88,233011,861.86,13110, 98540, 42.29,5.48
NEWGEN, EQ, 16-Jan-2020,203.9,205.0,206.0,200.6, 201.10,201.55,202.73,11289,22.89,507, 7545, 66.83,-1.15
NEWGEN, EQ, 16-Jan-2023,382.55,380.0,406.5,380.0, 405.85,404.6,401.54,576316,2314.11,24101, 206985, 35.92,5.76
NEWGEN, EQ, 16-Jan-2025,1755.9,1710.0,1715.9,1619.95,1626.0,1628.7,1664.2,557245,9273.66,37386, 172411, 30.94,-7.24
NEWGEN, EQ, 16-Feb-2021,281.2,284.85,284.85,279.25, 280.30,280.3,281.29,32876,92.48,1198, 16981, 51.65,-0.32
NEWGEN, EQ, 16-Feb-2022,540.15,550.0,573.0,541.2,556.5,559.4,556.02,113667,632.01,5905, 58062, 51.08,3.56
NEWGEN, EQ, 16-Feb-2023,438.1,445.0,448.95,440.0, 442.50,442.3,444.85,87317,388.43,5144, 45470, 52.07,0.96
NEWGEN, EQ, 16-Feb-2024,770.85,804.9,804.9,774.4,788.0,788.15,791.0,263399,2083.49,13287, 182787, 69.40,2.24
NEWGEN, EQ, 16-Mar-2020,143.5,133.0,140.0,125.3, 139.90,137.9,133.48,40794,54.45,3636, 27373, 67.10,-3.9
NEWGEN, EQ, 16-Mar-2021,295.9,301.0,301.0,293.0, 295.00,296.45,298.19,93361,278.39,4352, 45236, 48.45,0.19
NEWGEN, EQ, 16-Mar-2022,504.35,507.0,513.95,503.5,509.0,508.25,508.03,70590,358.62,6089, 34655, 49.09,0.77
NEWGEN, EQ, 16-Mar-2023,438.3,435.0,450.95,433.85, 442.80,444.65,444.99,116067,516.48,7661, 59255, 51.05,1.45
NEWGEN, EQ, 16-Apr-2020,116.85,115.0,120.0,114.0, 119.50,118.85,116.3,78803,91.65,1836, 53355, 67.71,1.71
NEWGEN, EQ, 16-Apr-2021,298.7,298.4,311.0,298.4,310.0,309.65,307.54,83938,258.14,3972, 46553, 55.46,3.67
NEWGEN, EQ, 16-Apr-2024,752.0,747.6,773.95,747.0, 769.00,768.0,762.12,137888,1050.87,10285, 67245, 48.77,2.13
NEWGEN, EQ, 16-Apr-2025,941.85,954.0,963.95,930.95,941.95,942.55,942.13,266529,2511.06,24321, 90430, 33.93,0.07
NEWGEN, EQ, 16-May-2022,396.15,402.1,404.45,385.5,389.0,390.7,389.03,117929,458.78,12973, 63917, 54.20,-1.38
NEWGEN, EQ, 16-May-2023,591.25,595.0,598.4,574.0,579.0,580.0,583.18,295215,1721.64,13848, 141457, 47.92,-1.9
NEWGEN, EQ, 16-May-2024,982.15,994.45,1019.8,976.5,981.0,983.8,999.52,113590,1135.35,9932, 58360, 51.38,0.17
NEWGEN, EQ, 16-Jun-2020,150.85,151.0,159.0,142.5, 146.50,146.75,152.52,173166,264.11,5935, 67511, 38.99,-2.72
NEWGEN, EQ, 16-Jun-2021,499.25,505.0,524.0,495.0, 500.00,503.15,513.02,1425022,7310.65,98709, 603996, 42.39,0.78
NEWGEN, EQ, 16-Jun-2022,358.85,358.85,387.95,345.35, 347.00,349.6,357.96,112633,403.18,17344, 51042, 45.32,-2.58
NEWGEN, EQ, 16-Jun-2023,633.7,639.8,659.9,637.15, 654.80,653.15,654.36,283475,1854.96,17031, 145832, 51.44,3.07
NEWGEN, EQ, 16-Jul-2020,169.35,170.0,179.15,169.4, 172.00,172.7,174.58,109215,190.67,3469, 46732, 42.79,1.98
NEWGEN, EQ, 16-Jul-2024,1038.75,1044.75,1056.8,1025.05,1051.0,1049.05,1042.54,172609,1799.53,16784, 96281, 55.78,0.99
NEWGEN, EQ, 16-Aug-2022,411.15,415.3,425.0,412.65,421.0,420.75,417.65,277030,1157.03,12522, 94491, 34.11,2.33
NEWGEN, EQ, 16-Aug-2023,886.4,886.3,929.95,878.9, 928.05,926.05,915.55,255502,2339.25,19862, 93233, 36.49,4.47
NEWGEN, EQ, 16-Aug-2024,1026.6,1026.6,1098.0,1026.6,1089.0,1085.85,1073.66,369790,3970.28,26451, 201431, 54.47,5.77
NEWGEN, EQ, 16-Sep-2020,219.6,221.6,225.0,215.0,225.0,220.3,218.79,37628,82.32,1749, 27115, 72.06,0.32
NEWGEN, EQ, 16-Sep-2022,388.95,392.8,393.65,376.0, 381.05,388.2,384.69,122125,469.8,8521, 71941, 58.91,-0.19
NEWGEN, EQ, 16-Sep-2024,1191.5,1225.0,1232.0,1157.05,1175.0,1170.65,1177.59,371798,4378.25,31614, 152099, 40.91,-1.75
NEWGEN, EQ, 16-Oct-2020,215.7,216.8,226.0,215.0, 218.30,217.3,219.73,51581,113.34,2036, 20158, 39.08,0.74
NEWGEN, EQ, 16-Oct-2023,912.55,920.8,947.0,917.55, 925.05,935.05,938.24,207513,1946.96,15141, 106059, 51.11,2.47
NEWGEN, EQ, 16-Oct-2024,1296.0,1320.0,1344.0,1260.95,1266.95,1269.55,1299.28,1125596,14624.67,52043, 509822, 45.29,-2.04
NEWGEN, EQ, 16-Nov-2021,579.15,581.0,614.8,576.8, 614.80,611.85,602.17,280936,1691.72,12198, 139088, 49.51,5.65
NEWGEN, EQ, 16-Nov-2022,343.85,341.2,344.2,341.0, 341.00,342.4,342.58,29900,102.43,2096, 17983, 60.14,-0.42
NEWGEN, EQ, 16-Dec-2020,269.45,270.0,273.5,261.95, 265.00,265.05,267.57,70881,189.66,2380, 36959, 52.14,-1.63
NEWGEN, EQ, 16-Dec-2021,603.9,608.9,612.9,601.5, 604.10,605.2,605.3,51810,313.61,6492, 30894, 59.63,0.22
NEWGEN, EQ, 16-Dec-2022,371.55,365.2,373.0,362.05, 371.70,371.65,367.95,102579,377.44,5966, 56479, 55.06,0.03
NEWGEN, EQ, 16-Dec-2024,1390.35,1400.0,1434.95,1390.55,1426.2,1428.9,1418.99,163753,2323.65,16912, 73666, 44.99,2.77
NEWGEN, EQ, 17-Jan-2020,201.55,204.45,207.55,200.0, 203.60,205.75,205.01,29058,59.57,904, 10796, 37.15,2.08
NEWGEN, EQ, 17-Jan-2022,637.1,644.9,650.0,641.5,643.0,643.3,644.23,139713,900.07,7390, 94757, 67.82,0.97
NEWGEN, EQ, 17-Jan-2023,404.6,406.9,412.0,389.2,395.0,397.8,401.76,862977,3467.13,27746, 184965, 21.43,-1.68
NEWGEN, EQ, 17-Jan-2025,1628.7,1628.0,1628.15,1566.65,1594.7,1586.1,1586.62,343604,5451.68,27686, 86569, 25.19,-2.62
NEWGEN, EQ, 17-Feb-2020,203.35,206.85,206.9,192.95, 194.95,194.95,198.25,30252,59.98,927, 21463, 70.95,-4.13
NEWGEN, EQ, 17-Feb-2021,280.3,280.0,280.0,273.6, 277.40,277.05,276.37,49976,138.12,1906, 26077, 52.18,-1.16
NEWGEN, EQ, 17-Feb-2022,559.4,569.0,569.0,550.0,555.0,551.45,552.78,49828,275.44,4379, 29398, 59.00,-1.42
NEWGEN, EQ, 17-Feb-2023,442.3,442.95,445.9,440.2, 445.00,444.9,444.52,51941,230.89,3278, 34413, 66.25,0.59
NEWGEN, EQ, 17-Feb-2025,959.55,959.55,971.05,935.05,969.0,967.75,956.84,259507,2483.08,34041, 100589, 38.76,0.85
NEWGEN, EQ, 17-Mar-2020,137.9,135.6,165.0,132.0, 135.00,134.55,138.8,23351,32.41,1520, 15406, 65.98,-2.43
NEWGEN, EQ, 17-Mar-2021,296.45,299.85,300.0,284.65,286.05,286.4,293.65,81228,238.53,5467, 32112, 39.53,-3.39
NEWGEN, EQ, 17-Mar-2022,508.25,517.95,534.5,510.95, 518.00,519.3,518.73,112798,585.12,12842, 50083, 44.40,2.17
NEWGEN, EQ, 17-Mar-2023,444.65,447.95,449.8,440.0, 444.50,443.55,443.73,71127,315.61,5707, 28784, 40.47,-0.25
NEWGEN, EQ, 17-Mar-2025,949.3,945.0,948.6,917.0,943.0,936.9,938.42,252090,2365.66,22817, 132441, 52.54,-1.31
NEWGEN, EQ, 17-Apr-2020,118.85,120.0,125.8,119.0, 120.50,121.9,121.44,48821,59.29,886, 36061, 73.86,2.57
NEWGEN, EQ, 17-Apr-2023,457.25,455.0,468.05,446.3, 459.90,457.0,457.12,104920,479.61,8053, 53114, 50.62,-0.05
NEWGEN, EQ, 17-Apr-2025,942.55,936.0,936.0,922.7,924.0,926.1,927.71,166029,1540.27,15037, 64010, 38.55,-1.75
NEWGEN, EQ, 17-May-2021,328.65,332.0,334.3,325.75,328.45,327.85,329.52,47330,155.96,2212, 26299, 55.57,-0.24
NEWGEN, EQ, 17-May-2022,390.7,392.0,402.0,386.15, 400.40,400.3,394.54,145364,573.53,17751, 89660, 61.68,2.46
NEWGEN, EQ, 17-May-2023,580.0,579.85,603.0,576.0, 589.95,590.4,594.34,300057,1783.35,14642, 107396, 35.79,1.79
NEWGEN, EQ, 17-May-2024,983.8,981.1,1000.0,977.7,996.0,996.15,991.4,80779,800.84,6304, 54480, 67.44,1.26
NEWGEN, EQ, 17-Jun-2020,146.75,148.0,150.0,136.5,148.0,147.7,147.63,285585,421.62,1920, 260994, 91.39,0.65
NEWGEN, EQ, 17-Jun-2021,503.15,504.4,538.45,501.6, 532.75,526.15,517.03,794295,4106.76,42020, 388710, 48.94,4.57
NEWGEN, EQ, 17-Jun-2022,349.6,349.6,354.9,336.35,342.0,339.5,341.47,81281,277.55,8960, 36579, 45.00,-2.89
NEWGEN, EQ, 17-Jul-2020,172.7,174.0,176.0,171.5, 173.70,172.65,173.3,38197,66.2,1311, 21012, 55.01,-0.03
NEWGEN, EQ, 17-Jul-2023,670.55,675.8,714.7,670.55,690.0,688.7,693.62,841137,5834.32,34972, 305611, 36.33,2.71
NEWGEN, EQ, 16-Jul-2024,1038.75,1044.75,1056.8,1025.05,1051.0,1049.05,1042.54,172609,1799.53,16784, 96281, 55.78,0.99
NEWGEN, EQ, 17-Aug-2020,178.7,180.9,181.0,177.85, 178.15,178.8,178.94,23744,42.49,957, 14368, 60.51,0.06
NEWGEN, EQ, 17-Aug-2022,420.75,420.5,421.4,411.05, 418.00,417.35,417.18,201266,839.64,9014, 92687, 46.05,-0.81
NEWGEN, EQ, 17-Aug-2023,926.05,930.0,930.6,908.3, 918.20,926.35,921.16,151603,1396.5,16791, 58414, 38.53,0.03
NEWGEN, EQ, 17-Sep-2020,220.3,224.95,229.0,220.0, 220.05,222.9,224.91,103640,233.1,2966, 49414, 47.68,1.18
NEWGEN, EQ, 17-Sep-2024,1170.65,1182.4,1250.0,1160.0,1227.85,1227.85,1215.78,456932,5555.3,44581, 134663, 29.47,4.89
NEWGEN, EQ, 17-Oct-2022,352.8,359.4,363.8,350.85,363.1,362.05,357.25,97265,347.48,8258, 52455, 53.93,2.62
NEWGEN, EQ, 17-Oct-2023,935.05,935.05,1060.0,926.0,1047.0,1041.4,1012.11,1573909,15929.64,74356, 362060, 23.00,11.37
NEWGEN, EQ, 17-Oct-2024,1269.55,1277.65,1291.35,1237.25,1239.0,1244.4,1255.18,286146,3591.64,17084, 113469, 39.65,-1.98
NEWGEN, EQ, 17-Nov-2020,269.0,265.1,274.5,264.9, 271.50,271.7,270.88,119572,323.9,5594, 55217, 46.18,1.0
NEWGEN, EQ, 17-Nov-2021,611.85,617.4,634.8,600.0, 605.00,607.4,619.78,174511,1081.58,11054, 96401, 55.24,-0.73
NEWGEN, EQ, 17-Nov-2022,342.4,342.4,343.9,339.95, 340.00,340.9,341.42,50757,173.3,2687, 31997, 63.04,-0.44
NEWGEN, EQ, 17-Dec-2020,265.05,266.35,269.1,261.0, 263.00,263.15,265.02,45040,119.36,1606, 24695, 54.83,-0.72
NEWGEN, EQ, 17-Dec-2021,605.2,605.2,617.95,600.6, 604.10,604.85,608.64,176729,1075.65,13146, 99151, 56.10,-0.06
NEWGEN, EQ, 17-Dec-2024,1428.9,1434.6,1508.95,1432.45,1499.0,1498.4,1482.54,699594,10371.79,46919, 210986, 30.16,4.86
NEWGEN, EQ, 18-Jan-2021,305.8,305.8,308.85,278.4, 299.90,299.45,293.89,179301,526.95,7769, 77430, 43.18,-2.08
NEWGEN, EQ, 18-Jan-2022,643.3,655.8,671.7,611.0, 626.00,623.9,648.66,1096719,7114.02,47354, 347186, 31.66,-3.02
NEWGEN, EQ, 18-Jan-2023,397.8,399.85,416.2,390.75,408.6,408.3,405.93,477421,1937.99,17409, 193372, 40.50,2.64
NEWGEN, EQ, 18-Feb-2020,194.95,195.05,200.15,195.0, 200.00,199.9,199.36,20654,41.18,499, 17567, 85.05,2.54
NEWGEN, EQ, 18-Feb-2021,277.05,275.25,280.0,274.05,277.75,277.35,276.2,34809,96.14,1670, 19699, 56.59,0.11
NEWGEN, EQ, 18-Feb-2022,551.45,551.5,558.0,545.15,552.0,548.9,550.94,33948,187.03,3098, 16142, 47.55,-0.46
NEWGEN, EQ, 18-Feb-2025,967.75,977.6,995.95,943.3,966.1,978.6,969.2,339471,3290.16,44018, 170403, 50.20,1.12
NEWGEN, EQ, 18-Mar-2020,134.55,137.5,144.85,120.0, 122.50,121.8,125.19,35003,43.82,1465, 25050, 71.57,-9.48
NEWGEN, EQ, 18-Mar-2021,286.4,289.9,292.1,280.0, 282.60,281.1,285.03,51050,145.51,3355, 28669, 56.16,-1.85
NEWGEN, EQ, 18-Mar-2024,736.6,728.1,748.25,715.0, 722.00,719.25,724.03,127291,921.62,20716, 78283, 61.50,-2.36
NEWGEN, EQ, 18-Mar-2025,936.9,937.25,948.0,932.0,938.6,935.45,940.09,202633,1904.93,23158, 109559, 54.07,-0.15
NEWGEN, EQ, 18-Apr-2022,494.05,492.4,492.4,470.1, 485.55,481.75,482.06,116477,561.49,7537, 61836, 53.09,-2.49
NEWGEN, EQ, 18-Apr-2023,457.0,452.55,471.9,452.55, 468.00,468.65,464.47,85697,398.03,5489, 39874, 46.53,2.55
NEWGEN, EQ, 18-Apr-2024,768.0,752.0,774.0,735.0, 741.70,737.75,745.94,241358,1800.39,17703, 162014, 67.13,-3.94
NEWGEN, EQ, 18-May-2020,148.1,148.1,154.0,142.1, 153.50,152.1,148.88,25188,37.5,1082, 11774, 46.74,2.7
NEWGEN, EQ, 18-May-2021,327.85,328.45,340.0,328.45, 335.50,335.55,335.12,86685,290.5,3264, 50709, 58.50,2.35
NEWGEN, EQ, 18-May-2022,400.3,407.0,408.55,393.0,393.1,394.45,400.34,186086,744.98,13328, 109586, 58.89,-1.46
NEWGEN, EQ, 18-May-2023,590.4,592.4,602.4,581.3, 587.50,584.95,593.64,199729,1185.68,11959, 84916, 42.52,-0.92
NEWGEN, EQ, 18-Jun-2020,147.7,150.0,154.9,147.25,149.7,149.5,150.73,41877,63.12,1228, 16048, 38.32,1.22
NEWGEN, EQ, 18-Jun-2021,526.15,535.8,540.9,463.55, 503.50,505.95,503.32,960517,4834.5,29580, 437232, 45.52,-3.84
NEWGEN, EQ, 18-Jun-2024,917.7,917.7,931.0,900.6,930.0,924.7,917.16,143067,1312.15,13624, 86846, 60.70,0.76
NEWGEN, EQ, 18-Jul-2022,360.2,364.95,375.0,361.55,373.95,373.1,370.46,57955,214.7,4535, 27621, 47.66,3.58
NEWGEN, EQ, 18-Jul-2023,688.7,693.5,702.9,673.15, 683.00,683.3,684.8,291761,1997.98,17304, 121350, 41.59,-0.78
NEWGEN, EQ, 18-Jul-2024,1049.05,1054.9,1054.9,976.0,1032.0,1026.0,1014.64,908363,9216.59,63649, 329340, 36.26,-2.2
NEWGEN, EQ, 18-Aug-2020,178.8,178.8,185.9,178.8,184.5,183.8,183.86,85586,157.36,2299, 46199, 53.98,2.8
NEWGEN, EQ, 18-Aug-2022,417.35,416.95,429.95,414.0,415.05,416.85,420.52,170083,715.23,8775, 63395, 37.27,-0.12
NEWGEN, EQ, 18-Aug-2023,926.35,928.0,929.9,892.4, 909.90,910.9,906.38,198963,1803.36,20172, 81986, 41.21,-1.67
NEWGEN, EQ, 18-Sep-2020,222.9,223.95,227.0,216.6, 218.00,220.7,221.07,71268,157.55,2979, 32584, 45.72,-0.99
NEWGEN, EQ, 18-Sep-2023,872.25,873.0,881.7,848.3, 854.00,853.1,868.06,142596,1237.82,10305, 114916, 80.59,-2.2
NEWGEN, EQ, 18-Sep-2024,1227.85,1232.8,1233.25,1190.15,1211.0,1209.85,1208.13,186319,2250.98,20244, 83256, 44.68,-1.47
NEWGEN, EQ, 18-Oct-2021,602.7,614.45,620.0,595.0, 615.55,616.3,609.71,129776,791.26,5823, 98413, 75.83,2.26
NEWGEN, EQ, 18-Oct-2022,362.05,363.9,386.0,363.15,373.0,370.6,376.59,737334,2776.69,45881, 163015, 22.11,2.36
NEWGEN, EQ, 18-Oct-2023,1041.4,1090.0,1175.0,1062.2, 1113.00,1117.3,1127.01,1356880,15292.14,69853, 394096, 29.04,7.29
NEWGEN, EQ, 18-Oct-2024,1244.4,1240.0,1269.85,1213.5,1261.9,1257.65,1248.99,242517,3029.01,19753, 81637, 33.66,1.06
NEWGEN, EQ, 18-Nov-2020,271.7,271.0,278.75,266.0, 266.85,267.65,273.83,160022,438.19,5988, 54930, 34.33,-1.49
NEWGEN, EQ, 18-Nov-2021,607.4,607.4,617.7,590.1,596.55,594.75,602.24,69425,418.11,5095, 36180, 52.11,-2.08
NEWGEN, EQ, 18-Nov-2022,340.9,340.0,344.45,338.4, 341.95,340.8,340.31,43583,148.32,2580, 23008, 52.79,-0.03
NEWGEN, EQ, 18-Nov-2024,1235.1,1215.0,1225.15,1031.0,1055.0,1044.35,1095.9,1151178,12615.79,84030, 399700, 34.72,-15.44
NEWGEN, EQ, 18-Dec-2020,263.15,264.5,273.0,260.1, 267.50,269.5,268.49,106120,284.92,4015, 38963, 36.72,2.41
NEWGEN, EQ, 18-Dec-2024,1498.4,1500.0,1514.95,1470.75,1491.5,1498.45,1498.99,257353,3857.7,18800, 112992, 43.91,0.0
NEWGEN, EQ, 19-Jan-2021,299.45,302.35,311.1,302.0, 307.90,306.7,307.39,108247,332.74,5556, 49292, 45.54,2.42
NEWGEN, EQ, 19-Jan-2022,623.9,602.1,623.8,602.05, 610.00,606.95,611.52,298329,1824.33,15515, 139273, 46.68,-2.72
NEWGEN, EQ, 19-Jan-2023,408.3,412.0,414.6,407.35, 412.00,410.9,410.7,208065,854.52,8608, 123681, 59.44,0.64
NEWGEN, EQ, 19-Feb-2020,199.9,200.0,201.25,196.2, 198.00,198.05,199.87,115352,230.55,1247, 107409, 93.11,-0.93
NEWGEN, EQ, 19-Feb-2021,277.35,276.2,293.3,274.5,292.2,290.3,288.57,118913,343.15,4817, 57990, 48.77,4.67
NEWGEN, EQ, 19-Feb-2024,788.15,774.4,785.0,748.75, 748.75,754.45,762.71,198700,1515.51,15122, 130597, 65.73,-4.28
NEWGEN, EQ, 19-Feb-2025,978.6,970.0,1035.5,959.0,1019.0,1027.7,1018.2,346998,3533.14,34249, 120804, 34.81,5.02
NEWGEN, EQ, 19-Mar-2020,121.8,108.0,126.8,101.0, 105.00,106.2,106.01,64606,68.49,4276, 45559, 70.52,-12.81
NEWGEN, EQ, 19-Mar-2021,281.1,284.9,285.7,276.4,283.0,282.85,282.33,40286,113.74,2121, 15346, 38.09,0.62
NEWGEN, EQ, 19-Mar-2024,719.25,719.25,730.0,704.7, 715.95,711.2,715.89,93235,667.46,13472, 57104, 61.25,-1.12
NEWGEN, EQ, 19-Mar-2025,935.45,937.8,939.0,915.1,918.0,918.45,923.43,313703,2896.83,26727, 163583, 52.15,-1.82
NEWGEN, EQ, 19-Apr-2021,309.65,310.0,339.0,292.75,323.0,319.25,325.23,479570,1559.7,15657, 141975, 29.60,3.1
NEWGEN, EQ, 19-Apr-2022,481.75,481.1,498.9,468.0,470.0,472.05,481.84,82152,395.84,6175, 34806, 42.37,-2.01
NEWGEN, EQ, 19-Apr-2023,468.65,466.0,472.85,457.1, 462.95,460.7,465.55,44885,208.96,4262, 22798, 50.79,-1.7
NEWGEN, EQ, 19-Apr-2024,737.75,737.75,744.0,724.1, 738.10,733.0,732.02,73480,537.89,10850, 42926, 58.42,-0.64
NEWGEN, EQ, 19-May-2020,152.1,151.15,154.0,148.0,153.45,151.8,150.15,26869,40.34,501, 18133, 67.49,-0.2
NEWGEN, EQ, 19-May-2021,335.55,336.1,357.95,336.1, 345.00,344.95,346.39,488815,1693.21,19623, 185505, 37.95,2.8
NEWGEN, EQ, 19-May-2022,394.45,385.0,391.95,383.05,386.85,387.15,387.44,62064,240.46,5800, 29137, 46.95,-1.85
NEWGEN, EQ, 19-May-2023,584.95,589.65,623.9,588.0,619.7,617.4,612.09,962677,5892.47,31540, 298515, 31.01,5.55
NEWGEN, EQ, 19-Jun-2020,149.5,150.5,153.9,147.7, 148.45,149.15,149.31,21200,31.65,826, 12870, 60.71,-0.23
NEWGEN, EQ, 19-Jun-2023,653.15,656.85,660.95,645.1, 649.55,647.35,651.97,122959,801.65,6623, 59224, 48.17,-0.89
NEWGEN, EQ, 19-Jun-2024,924.7,931.65,990.0,880.05,961.4,928.5,936.85,849223,7955.93,28181, 520031, 61.24,0.41
NEWGEN, EQ, 19-Jul-2022,373.1,373.1,384.4,373.0, 383.10,383.1,379.87,69615,264.45,4246, 31364, 45.05,2.68
NEWGEN, EQ, 19-Jul-2023,683.3,690.0,757.6,680.05, 721.00,717.1,721.24,4556203,32861.38,134578, 801389, 17.59,4.95
NEWGEN, EQ, 19-Jul-2024,1026.0,1026.0,1026.0,1000.0,1000.0,1004.35,1009.55,231409,2336.2,20110, 154452, 66.74,-2.11
NEWGEN, EQ, 19-Aug-2020,183.8,184.0,209.3,184.0,201.0,199.05,200.02,559931,1119.97,16330, 182486, 32.59,8.3
NEWGEN, EQ, 19-Aug-2022,416.85,420.0,420.0,407.0, 412.00,411.95,413.02,109633,452.8,6753, 58597, 53.45,-1.18
NEWGEN, EQ, 19-Aug-2024,1085.85,1093.65,1093.95,1057.55,1075.0,1072.4,1073.91,99107,1064.32,10716, 48135, 48.57,-1.24
NEWGEN, EQ, 19-Sep-2022,388.2,387.75,387.75,378.0, 382.80,381.8,381.68,46513,177.53,3744, 25242, 54.27,-1.65
NEWGEN, EQ, 19-Sep-2024,1209.85,1200.0,1288.35,1190.05,1277.0,1277.35,1249.83,697433,8716.74,63869, 283539, 40.65,5.58
NEWGEN, EQ, 19-Oct-2020,217.3,218.4,224.4,218.4, 224.00,223.1,221.7,33781,74.89,1363, 20182, 59.74,2.67
NEWGEN, EQ, 19-Oct-2021,616.3,616.0,645.0,610.45,632.0,630.55,634.19,316545,2007.5,12968, 208272, 65.80,2.31
NEWGEN, EQ, 19-Oct-2022,370.6,374.9,379.8,363.0, 366.70,366.75,371.09,144842,537.49,13092, 55715, 38.47,-1.04
NEWGEN, EQ, 19-Oct-2023,1117.3,1104.0,1185.0,1092.0,1180.0,1169.3,1151.09,635405,7314.07,40829, 214869, 33.82,4.65
NEWGEN, EQ, 19-Nov-2020,267.65,269.5,282.7,266.95, 279.50,278.3,276.45,208594,576.66,6255, 75322, 36.11,3.98
NEWGEN, EQ, 19-Nov-2024,1044.35,1058.0,1148.45,1048.5,1098.85,1109.85,1102.95,1071311,11815.97,64424, 239619, 22.37,6.27
NEWGEN, EQ, 19-Dec-2022,371.65,370.0,371.3,363.85,371.25,369.9,368.68,36964,136.28,2995, 17873, 48.35,-0.47
NEWGEN, EQ, 19-Dec-2024,1498.45,1466.0,1528.9,1465.0,1525.0,1522.25,1504.88,497461,7486.18,38125, 211500, 42.52,1.59
NEWGEN, EQ, 20-Jan-2020,205.75,206.0,209.0,201.5, 204.95,204.5,204.61,16777,34.33,495, 5062, 30.17,-0.61
NEWGEN, EQ, 20-Jan-2021,306.7,306.1,333.15,306.1, 316.60,317.7,321.49,1114036,3581.56,28783, 293566, 26.35,3.59
NEWGEN, EQ, 20-Jan-2022,606.95,623.0,624.5,600.0, 604.50,603.2,609.71,235927,1438.46,14803, 125078, 53.02,-0.62
NEWGEN, EQ, 20-Jan-2023,410.9,415.7,422.3,410.55,416.5,415.45,417.81,463016,1934.51,13054, 232661, 50.25,1.11
NEWGEN, EQ, 20-Jan-2025,1586.1,1594.0,1696.7,1553.0,1574.0,1564.75,1611.92,1295593,20883.88,84238, 223851, 17.28,-1.35
NEWGEN, EQ, 20-Feb-2020,198.05,196.3,219.0,196.3, 212.00,211.9,202.36,213494,432.04,2317, 181401, 84.97,6.99
NEWGEN, EQ, 20-Feb-2023,444.9,442.05,466.0,442.05, 453.05,453.6,457.8,213234,976.18,13400, 89723, 42.08,1.96
NEWGEN, EQ, 20-Feb-2024,754.45,751.0,782.7,740.0, 740.00,749.95,760.09,205986,1565.68,12347, 109297, 53.06,-0.6
NEWGEN, EQ, 20-Feb-2025,1027.7,1019.05,1026.5,986.0,993.0,991.55,998.08,233903,2334.53,23281, 91494, 39.12,-3.52
NEWGEN, EQ, 20-Mar-2020,106.2,106.0,115.0,105.0, 107.00,106.55,107.8,320683,345.69,3531, 306323, 95.52,0.33
NEWGEN, EQ, 20-Mar-2023,443.55,433.3,459.55,433.3,440.0,444.2,443.39,93760,415.72,6824, 31531, 33.63,0.15
NEWGEN, EQ, 20-Mar-2024,711.2,715.0,732.0,710.0, 718.00,722.25,720.94,130304,939.41,16888, 79448, 60.97,1.55
NEWGEN, EQ, 20-Mar-2025,918.45,920.05,968.95,918.45,959.85,962.1,940.55,621925,5849.52,50616, 334323, 53.76,4.75
NEWGEN, EQ, 20-Apr-2020,121.9,126.0,126.0,119.0, 119.50,119.45,121.15,50838,61.59,1162, 35934, 70.68,-2.01
NEWGEN, EQ, 20-Apr-2021,319.25,330.0,342.0,315.4,322.35,319.7,330.05,234542,774.12,11748, 103349, 44.06,0.14
NEWGEN, EQ, 20-Apr-2022,472.05,474.0,481.75,466.0, 469.80,468.85,472.66,89356,422.35,7235, 43585, 48.78,-0.68
NEWGEN, EQ, 20-Apr-2023,460.7,462.95,475.0,459.95, 471.50,471.9,470.51,74217,349.2,5962, 37795, 50.92,2.43
NEWGEN, EQ, 20-May-2020,151.8,150.0,153.0,149.95, 151.00,151.6,151.36,4802,7.27,241, 3039, 63.29,-0.13
NEWGEN, EQ, 20-May-2021,344.95,345.25,348.35,340.1, 342.00,341.75,344.57,95142,327.83,5414, 57541, 60.48,-0.93
NEWGEN, EQ, 20-May-2022,387.15,396.8,396.8,386.0, 389.95,388.45,389.11,54138,210.66,5658, 24726, 45.67,0.34
NEWGEN, EQ, 18-May-2024,996.15,996.15,1008.85,981.0,985.5,986.5,988.68,17937,177.34,1506, 12150, 67.74,-0.97
NEWGEN, EQ, 20-Jun-2022,339.5,344.0,348.9,324.0,329.0,328.7,330.4,66002,218.07,6691, 36870, 55.86,-3.18
NEWGEN, EQ, 20-Jun-2023,647.35,644.05,653.55,640.0, 642.30,642.65,644.05,140475,904.73,8773, 64024, 45.58,-0.73
NEWGEN, EQ, 20-Jun-2024,928.5,939.85,971.9,936.35,953.45,950.25,955.6,165528,1581.79,11747, 88422, 53.42,2.34
NEWGEN, EQ, 20-Jul-2020,172.65,176.8,177.5,173.05, 174.90,174.8,174.97,62748,109.79,1289, 44457, 70.85,1.25
NEWGEN, EQ, 20-Jul-2022,383.1,388.05,420.7,358.0, 362.00,362.35,380.42,897247,3413.29,38511, 187511, 20.90,-5.42
NEWGEN, EQ, 20-Jul-2023,717.1,728.5,814.0,728.05,806.0,802.65,789.3,6296737,49700.32,161174, 825934, 13.12,11.93
NEWGEN, EQ, 20-Aug-2020,199.05,197.9,208.5,195.8,202.5,202.25,202.43,158013,319.87,5795, 66819, 42.29,1.61
NEWGEN, EQ, 20-Aug-2024,1072.4,1083.8,1130.0,1080.25,1109.0,1113.4,1108.13,273488,3030.59,22058, 101590, 37.15,3.82
NEWGEN, EQ, 20-Sep-2022,381.8,385.0,389.85,380.95, 383.00,382.2,384.87,52790,203.17,3941, 24845, 47.06,0.1
NEWGEN, EQ, 20-Sep-2023,853.1,860.0,870.0,848.5, 850.50,856.55,860.26,46920,403.63,4999, 25689, 54.75,0.4
NEWGEN, EQ, 20-Sep-2024,1277.35,1288.95,1350.05,1267.1,1318.55,1323.05,1318.52,475155,6265.0,44431, 167212, 35.19,3.58
NEWGEN, EQ, 20-Oct-2020,223.1,223.4,227.95,221.95, 226.40,225.5,225.57,46610,105.14,1935, 23021, 49.39,1.08
NEWGEN, EQ, 20-Oct-2021,630.55,630.55,637.9,601.0, 606.15,603.5,613.85,101216,621.32,4591, 67991, 67.17,-4.29
NEWGEN, EQ, 20-Oct-2022,366.75,366.5,366.5,357.8,359.05,359.15,360.46,66354,239.18,6886, 35191, 53.04,-2.07
NEWGEN, EQ, 20-Oct-2023,1169.3,1169.3,1169.3,1115.0, 1135.00,1129.25,1130.76,260990,2951.18,18480, 129187, 49.50,-3.43
NEWGEN, EQ, 20-Nov-2020,278.3,285.0,289.3,270.0,271.0,272.05,279.1,224887,627.67,10357, 88277, 39.25,-2.25
NEWGEN, EQ, 19-Nov-2024,1044.35,1058.0,1148.45,1048.5,1098.85,1109.85,1102.95,1071311,11815.97,64424, 239619, 22.37,6.27
NEWGEN, EQ, 20-Dec-2021,604.85,600.0,604.85,566.0,587.0,583.85,586.3,174565,1023.48,10350, 104734, 60.00,-3.47
NEWGEN, EQ, 20-Dec-2022,369.9,369.5,380.0,365.0,370.0,372.65,372.94,55267,206.11,5412, 26147, 47.31,0.74
NEWGEN, EQ, 20-Dec-2024,1522.25,1534.9,1629.0,1525.65,1574.0,1574.05,1591.62,1472241,23432.49,79071, 252457, 17.15,3.4
NEWGEN, EQ, 21-Jan-2020,204.5,202.15,243.7,196.6, 236.20,239.3,232.96,494692,1152.43,14310, 61479, 12.43,17.02
NEWGEN, EQ, 21-Jan-2021,317.7,324.95,324.95,293.55, 299.90,299.3,307.7,316058,972.51,14418, 160136, 50.67,-5.79
NEWGEN, EQ, 21-Jan-2022,603.2,606.9,609.75,585.1, 591.00,591.3,596.95,165431,987.54,14451, 90477, 54.69,-1.97
NEWGEN, EQ, 21-Jan-2025,1564.75,1570.0,1570.0,1294.0,1305.0,1311.35,1367.33,3114164,42581.03,170364, 833738, 26.77,-16.19
NEWGEN, EQ, 21-Feb-2022,548.9,540.0,545.0,529.7, 529.75,531.7,536.53,70227,376.79,4573, 37083, 52.80,-3.13
NEWGEN, EQ, 21-Feb-2023,453.6,457.85,458.6,448.05, 458.00,455.05,453.2,80344,364.12,5675, 37471, 46.64,0.32
NEWGEN, EQ, 21-Feb-2024,749.95,747.95,765.0,742.0, 760.00,760.0,757.38,96645,731.97,7055, 60966, 63.08,1.34
NEWGEN, EQ, 21-Feb-2025,991.55,988.0,1007.9,963.8,970.15,975.7,980.54,243962,2392.15,25465, 83282, 34.14,-1.6
NEWGEN, EQ, 21-Mar-2022,519.3,528.0,528.0,511.75,515.0,516.5,522.02,95061,496.24,7308, 56854, 59.81,-0.54
NEWGEN, EQ, 21-Mar-2023,444.2,449.9,457.9,444.0, 452.75,452.0,451.22,82909,374.1,6608, 34401, 41.49,1.76
NEWGEN, EQ, 21-Mar-2024,722.25,725.0,746.0,725.0,735.0,738.6,740.17,96005,710.6,13004, 60753, 63.28,2.26
NEWGEN, EQ, 21-Mar-2025,962.1,957.05,1094.85,951.25,1030.0,1034.15,1047.03,1944383,20358.35,115773, 334462, 17.20,7.49
NEWGEN, EQ, 21-Apr-2020,119.45,117.5,119.5,115.4,116.2,117.65,117.22,12189,14.29,283, 8400, 68.91,-1.51
NEWGEN, EQ, 21-Apr-2022,468.85,468.85,475.0,467.05, 470.00,469.3,471.13,80355,378.57,8254, 49915, 62.12,0.1
NEWGEN, EQ, 21-Apr-2023,471.9,474.95,474.95,464.0, 472.90,470.5,468.72,48589,227.75,3434, 23554, 48.48,-0.3
NEWGEN, EQ, 21-Apr-2025,926.1,926.2,955.4,926.2,946.15,949.85,942.21,276022,2600.71,22833, 143646, 52.04,2.56
NEWGEN, EQ, 21-May-2020,151.6,151.35,154.05,151.0,152.9,151.6,152.59,11381,17.37,298, 8726, 76.67,0.0
NEWGEN, EQ, 21-May-2021,341.75,345.0,360.0,342.0, 358.10,357.9,353.65,362417,1281.68,14142, 209250, 57.74,4.73
NEWGEN, EQ, 21-May-2024,986.5,958.0,989.95,940.0,950.0,948.35,960.94,126360,1214.25,15942, 83081, 65.75,-3.87
NEWGEN, EQ, 21-Jun-2021,505.95,503.5,548.5,493.5, 539.85,537.55,530.65,803416,4263.31,32577, 359994, 44.81,6.25
NEWGEN, EQ, 21-Jun-2022,328.7,323.75,350.0,323.75,337.5,343.5,342.01,128340,438.93,8829, 55078, 42.92,4.5
NEWGEN, EQ, 21-Jun-2023,642.65,645.0,667.45,638.95, 645.00,644.9,655.44,243101,1593.39,11785, 83353, 34.29,0.35
NEWGEN, EQ, 21-Jun-2024,950.25,964.0,1017.95,963.8,1002.0,1004.9,1000.21,504310,5044.16,34276, 264369, 52.42,5.75
NEWGEN, EQ, 21-Jul-2020,174.8,180.0,186.0,176.95, 182.10,181.55,181.91,122617,223.06,6124, 61312, 50.00,3.86
NEWGEN, EQ, 21-Jul-2022,362.35,362.0,362.0,349.95,353.9,353.15,354.15,285832,1012.27,15376, 109434, 38.29,-2.54
NEWGEN, EQ, 21-Jul-2023,802.65,808.9,844.9,782.2, 829.50,831.35,821.16,2597229,21327.34,81220, 519863, 20.02,3.58
NEWGEN, EQ, 21-Aug-2020,202.25,202.25,204.75,194.45, 197.00,196.6,197.59,109533,216.43,4833, 51203, 46.75,-2.79
NEWGEN, EQ, 21-Aug-2023,910.9,915.5,920.5,899.9, 917.00,915.1,913.44,128413,1172.97,12791, 49765, 38.75,0.46
NEWGEN, EQ, 21-Aug-2024,1113.4,1116.0,1118.15,1057.95,1093.0,1086.5,1086.08,147080,1597.41,10563, 62383, 42.41,-2.42
NEWGEN, EQ, 21-Sep-2020,220.7,220.7,247.4,208.3, 218.00,219.7,232.84,417211,971.44,12875, 97370, 23.34,-0.45
NEWGEN, EQ, 21-Sep-2022,382.2,386.4,387.8,365.0, 366.00,367.6,371.32,372597,1383.52,9924, 275828, 74.03,-3.82
NEWGEN, EQ, 21-Sep-2023,856.55,851.95,876.6,845.1, 851.10,854.95,860.43,119639,1029.41,5709, 92326, 77.17,-0.19
NEWGEN, EQ, 21-Oct-2020,225.5,227.45,269.5,227.0, 245.95,246.05,254.31,2239359,5694.88,66740, 459006, 20.50,9.11
NEWGEN, EQ, 21-Oct-2021,603.5,615.6,617.0,584.2, 589.20,588.25,594.81,69478,413.26,4463, 44898, 64.62,-2.53
NEWGEN, EQ, 21-Oct-2022,359.15,360.0,361.55,353.05,357.05,358.3,356.9,93745,334.57,9503, 43291, 46.18,-0.24
NEWGEN, EQ, 21-Oct-2024,1257.65,1267.85,1291.95,1249.05, 1267.00,1263.85,1272.5,229754,2923.62,18721, 102107, 44.44,0.49
NEWGEN, EQ, 21-Nov-2022,340.8,340.0,342.3,338.0, 339.00,338.65,339.68,23607,80.19,2115, 14802, 62.70,-0.63
NEWGEN, EQ, 21-Nov-2024,1109.85,1109.4,1113.1,1078.4,1098.0,1101.8,1098.42,240636,2643.2,19303, 87667, 36.43,-0.73
NEWGEN, EQ, 21-Dec-2020,269.5,267.5,282.0,241.4, 259.00,254.65,271.62,233020,632.92,8027, 72981, 31.32,-5.51
NEWGEN, EQ, 21-Dec-2021,583.85,581.0,595.9,570.0,576.0,572.15,588.87,144701,852.1,9423, 70005, 48.38,-2.0
NEWGEN, EQ, 21-Dec-2022,372.65,376.35,376.35,356.0, 363.00,361.6,365.07,63168,230.61,4873, 37907, 60.01,-2.97
NEWGEN, EQ, 22-Jan-2020,239.3,237.7,245.0,224.0, 226.00,231.7,231.23,125568,290.35,5149, 39129, 31.16,-3.18
NEWGEN, EQ, 22-Jan-2021,299.3,299.5,308.3,294.0, 295.50,298.65,302.03,104495,315.61,4681, 45181, 43.24,-0.22
NEWGEN, EQ, 22-Jan-2025,1311.35,1317.05,1317.95,1161.15,1226.8,1234.05,1212.39,4601491,55788.15,271662, 731696, 15.90,-5.89
NEWGEN, EQ, 22-Feb-2021,290.3,295.0,296.85,285.0,286.1,286.95,289.81,71148,206.19,2997, 37649, 52.92,-1.15
NEWGEN, EQ, 22-Feb-2022,531.7,504.5,521.6,495.0,513.0,512.25,512.93,98008,502.71,6831, 54452, 55.56,-3.66
NEWGEN, EQ, 22-Feb-2023,455.05,454.65,454.65,444.25, 447.00,448.2,447.47,64714,289.57,5106, 32271, 49.87,-1.51
NEWGEN, EQ, 22-Feb-2024,760.0,742.35,764.25,742.35, 763.20,763.1,759.68,102565,779.17,10215, 57908, 56.46,0.41
NEWGEN, EQ, 22-Mar-2021,282.85,282.5,285.35,282.0,284.1,284.15,284.19,31130,88.47,1315, 15315, 49.20,0.46
NEWGEN, EQ, 22-Mar-2022,516.5,520.0,520.9,506.95, 513.85,512.4,511.64,70050,358.4,4476, 35186, 50.23,-0.79
NEWGEN, EQ, 22-Mar-2023,452.0,454.95,455.7,443.2, 446.00,444.6,446.89,39434,176.23,3473, 24462, 62.03,-1.64
NEWGEN, EQ, 22-Mar-2024,738.6,742.15,765.0,731.1,763.0,762.95,755.13,87307,659.28,8131, 53932, 61.77,3.3
NEWGEN, EQ, 22-Apr-2020,117.65,119.0,119.0,114.5,114.9,115.1,115.02,317960,365.73,428, 311727, 98.04,-2.17
NEWGEN, EQ, 22-Apr-2021,319.7,320.1,325.95,310.7,312.8,312.4,316.41,84901,268.63,4478, 38490, 45.34,-2.28
NEWGEN, EQ, 22-Apr-2022,469.3,464.05,488.35,464.05, 478.65,480.25,478.83,113323,542.63,14447, 55170, 48.68,2.33
NEWGEN, EQ, 22-Apr-2024,733.0,739.95,749.95,734.7,736.4,736.15,740.46,82391,610.07,9682, 53474, 64.90,0.43
NEWGEN, EQ, 22-Apr-2025,949.85,948.5,961.0,936.0,941.0,941.0,947.9,198807,1884.49,16462, 100149, 50.37,-0.93
NEWGEN, EQ, 22-May-2020,151.6,155.0,156.0,150.7,151.4,152.25,152.26,19490,29.68,767, 11979, 61.46,0.43
NEWGEN, EQ, 22-May-2023,617.4,617.4,617.4,590.0,603.0,603.3,603.37,337364,2035.54,13598, 102510, 30.39,-2.28
NEWGEN, EQ, 22-May-2024,948.35,954.2,961.3,922.05,936.0,932.4,934.43,124194,1160.51,16546, 74080, 59.65,-1.68
NEWGEN, EQ, 22-Jun-2020,149.15,151.5,152.35,146.85, 147.80,147.5,148.18,23055,34.16,926, 13197, 57.24,-1.11
NEWGEN, EQ, 22-Jun-2021,537.55,539.0,545.0,527.1, 532.95,529.85,536.09,241716,1295.82,11819, 124794, 51.63,-1.43
NEWGEN, EQ, 22-Jun-2022,343.5,343.0,360.9,337.55,360.8,358.45,348.04,87372,304.09,8091, 47725, 54.62,4.35
NEWGEN, EQ, 22-Jun-2023,644.9,648.5,650.0,631.25,636.0,634.4,640.21,115777,741.22,7188, 54711, 47.26,-1.63
NEWGEN, EQ, 22-Jul-2020,181.55,180.0,217.0,177.5, 194.80,195.7,202.16,1575881,3185.86,38063, 318653, 20.22,7.79
NEWGEN, EQ, 22-Jul-2022,353.15,355.95,363.5,355.0, 361.00,361.3,360.16,147830,532.42,9580, 72713, 49.19,2.31
NEWGEN, EQ, 22-Jul-2024,1004.35,1000.0,1028.15,986.6,1025.0,1021.65,1009.45,134421,1356.92,12704, 92724, 68.98,1.72
NEWGEN, EQ, 22-Aug-2022,411.95,407.0,407.35,391.0, 392.00,393.9,399.51,132368,528.83,8519, 68479, 51.73,-4.38
NEWGEN, EQ, 22-Aug-2023,915.1,917.85,999.95,915.1, 972.90,968.05,971.81,1108409,10771.59,53398, 222884, 20.11,5.79
NEWGEN, EQ, 22-Aug-2024,1086.5,1093.95,1119.95,1071.3,1075.0,1075.1,1088.24,78522,854.51,8354, 37316, 47.52,-1.05
NEWGEN, EQ, 22-Sep-2020,219.7,221.0,225.0,202.05, 215.00,215.45,213.94,129648,277.37,5566, 34925, 26.94,-1.93
NEWGEN, EQ, 22-Sep-2022,367.6,361.0,372.0,361.0, 369.60,365.15,368.97,285603,1053.79,5686, 248439, 86.99,-0.67
NEWGEN, EQ, 22-Sep-2023,854.95,860.95,885.0,841.95, 869.80,862.95,868.61,139474,1211.49,10776, 49245, 35.31,0.94
NEWGEN, EQ, 22-Oct-2020,246.05,247.75,264.95,247.0, 254.00,254.85,257.17,1165743,2997.89,41739, 330470, 28.35,3.58
NEWGEN, EQ, 22-Oct-2021,588.25,589.6,597.95,575.45, 591.80,589.6,585.49,70739,414.17,6969, 45319, 64.07,0.23
NEWGEN, EQ, 22-Oct-2024,1263.85,1251.25,1262.75,1175.05,1193.85,1188.1,1203.35,399259,4804.48,38526, 156633, 39.23,-5.99
NEWGEN, EQ, 22-Nov-2021,594.75,595.0,595.0,547.35,563.8,562.05,568.98,108536,617.55,8194, 71041, 65.45,-5.5
NEWGEN, EQ, 22-Nov-2022,338.65,340.35,340.95,337.15, 339.55,338.75,339.14,21403,72.59,1867, 12255, 57.26,0.03
NEWGEN, EQ, 22-Nov-2024,1101.8,1099.85,1109.55,1078.0,1080.0,1081.7,1088.34,192737,2097.63,15901, 82215, 42.66,-1.82
NEWGEN, EQ, 22-Dec-2020,254.65,255.95,265.0,241.75, 258.85,259.05,255.42,131182,335.07,4951, 39551, 30.15,1.73
NEWGEN, EQ, 22-Dec-2021,572.15,586.5,590.85,576.2, 584.00,583.3,584.57,69423,405.83,8256, 42901, 61.80,1.95
NEWGEN, EQ, 22-Dec-2022,361.6,362.0,366.15,311.55, 362.50,360.75,354.74,91554,324.78,6216, 45704, 49.92,-0.24
NEWGEN, EQ, 23-Jan-2020,231.7,231.9,249.85,228.0, 241.10,240.25,242.73,138498,336.18,5935, 33951, 24.51,3.69
NEWGEN, EQ, 23-Jan-2023,415.45,416.95,422.0,405.0,417.5,412.45,411.86,164622,678.01,7762, 83109, 50.48,-0.72
NEWGEN, EQ, 23-Jan-2025,1234.05,1201.15,1269.9,1201.15,1229.1,1223.55,1242.84,1360796,16912.53,59182, 416074, 30.58,-0.85
NEWGEN, EQ, 23-Feb-2021,286.95,288.0,328.0,288.0, 306.05,306.4,314.01,882999,2772.71,25939, 245146, 27.76,6.78
NEWGEN, EQ, 23-Feb-2022,512.25,520.0,524.6,514.0,514.95,516.95,518.19,94797,491.23,7255, 47961, 50.59,0.92
NEWGEN, EQ, 23-Feb-2023,448.2,450.0,457.0,444.75,446.0,446.25,449.36,51828,232.89,4470, 24971, 48.18,-0.44
NEWGEN, EQ, 23-Feb-2024,763.1,775.0,801.25,769.0, 801.25,801.25,788.75,295815,2333.24,8728, 227824, 77.02,5.0
NEWGEN, EQ, 23-Mar-2020,106.55,100.0,109.95,96.0, 98.00,98.4,100.68,18523,18.65,1208, 14844, 80.14,-7.65
NEWGEN, EQ, 23-Mar-2021,284.15,285.25,286.7,284.0, 285.05,285.25,285.03,35103,100.05,1113, 21331, 60.77,0.39
NEWGEN, EQ, 23-Mar-2022,512.4,515.0,523.0,509.4, 510.90,511.2,515.55,91019,469.25,8747, 50213, 55.17,-0.23
NEWGEN, EQ, 23-Mar-2023,444.6,441.0,445.0,440.85, 442.00,442.05,442.09,68290,301.9,4679, 50334, 73.71,-0.57
NEWGEN, EQ, 23-Apr-2020,115.1,119.5,119.5,115.0,115.0,115.95,116.49,68691,80.02,4068, 64084, 93.29,0.74
NEWGEN, EQ, 23-Apr-2021,312.4,313.9,319.35,310.1,311.35,311.1,314.24,48289,151.74,2884, 19828, 41.06,-0.42
NEWGEN, EQ, 23-Apr-2024,736.15,738.95,749.85,734.55,743.0,745.3,741.51,106681,791.05,9775, 61402, 57.56,1.24
NEWGEN, EQ, 23-Apr-2025,941.0,954.1,1003.0,952.0,995.25,993.15,984.99,1399751,13787.43,75352, 210273, 15.02,5.54
NEWGEN, EQ, 23-May-2022,388.45,394.0,394.0,381.25,387.7,387.4,387.57,41026,159.0,3149, 19761, 48.17,-0.27
NEWGEN, EQ, 23-May-2023,603.3,606.35,633.95,603.4, 622.00,621.25,623.43,675693,4212.47,23444, 209382, 30.99,2.98
NEWGEN, EQ, 23-May-2024,932.4,930.0,939.95,912.55,918.5,918.1,919.84,106066,975.64,8062, 76355, 71.99,-1.53
NEWGEN, EQ, 23-Jun-2020,147.5,149.7,151.95,147.0, 149.00,149.0,149.25,40413,60.32,1278, 30376, 75.16,1.02
NEWGEN, EQ, 23-Jun-2021,529.85,532.9,538.0,522.2, 530.00,526.2,527.44,172511,909.89,8103, 89234, 51.73,-0.69
NEWGEN, EQ, 23-Jun-2022,358.45,360.0,378.0,359.0,368.0,366.6,368.46,233110,858.92,21350, 78576, 33.71,2.27
NEWGEN, EQ, 23-Jun-2023,634.4,634.95,650.5,621.2, 642.60,642.45,640.16,173884,1113.13,10875, 70459, 40.52,1.27
NEWGEN, EQ, 23-Jul-2020,195.7,192.0,192.15,183.15, 184.10,184.25,186.54,202071,376.95,5341, 86181, 42.65,-5.85
NEWGEN, EQ, 23-Jul-2024,1021.65,1021.7,1096.8,1005.05,1075.0,1057.85,1052.51,525517,5531.12,40954, 277331, 52.77,3.54
NEWGEN, EQ, 23-Aug-2022,393.9,390.0,400.9,388.0, 397.35,395.35,394.83,84302,332.85,6220, 24699, 29.30,0.37
NEWGEN, EQ, 23-Aug-2023,968.05,968.2,974.85,938.65, 949.95,944.7,957.36,202213,1935.91,14932, 84268, 41.67,-2.41
NEWGEN, EQ, 23-Aug-2024,1075.1,1076.0,1079.4,1060.0,1077.9,1074.2,1068.82,128084,1368.99,10552, 86750, 67.73,-0.08
NEWGEN, EQ, 23-Sep-2020,215.45,216.55,232.5,214.9, 218.00,216.95,223.64,123194,275.51,6767, 33594, 27.27,0.7
NEWGEN, EQ, 23-Sep-2022,365.15,370.0,377.95,365.0, 368.00,368.25,371.28,117093,434.74,7045, 42066, 35.93,0.85
NEWGEN, EQ, 23-Sep-2024,1323.05,1325.0,1352.0,1313.45,1325.75,1330.45,1337.0,215072,2875.51,25910, 86278, 40.12,0.56
NEWGEN, EQ, 23-Oct-2020,254.85,258.7,259.9,245.0, 247.35,246.85,250.94,217235,545.12,7870, 88312, 40.65,-3.14
NEWGEN, EQ, 23-Oct-2023,1129.25,1142.0,1142.0,1029.45, 1057.80,1049.6,1091.06,212775,2321.5,14533, 131550, 61.83,-7.05
NEWGEN, EQ, 23-Oct-2024,1188.1,1187.0,1270.0,1180.1,1232.05,1234.0,1242.09,375862,4668.56,42874, 105473, 28.06,3.86
NEWGEN, EQ, 23-Nov-2020,272.05,273.0,275.0,267.1, 270.00,270.65,270.66,65467,177.19,2646, 26904, 41.10,-0.51
NEWGEN, EQ, 23-Nov-2021,562.05,559.0,578.0,548.0,565.25,565.8,560.41,83878,470.06,7274, 47808, 57.00,0.67
NEWGEN, EQ, 23-Nov-2022,338.75,342.15,342.15,339.15,340.2,339.75,340.42,20425,69.53,1521, 11561, 56.60,0.3
NEWGEN, EQ, 23-Dec-2020,259.05,265.5,275.0,265.5,271.5,272.8,271.24,101593,275.56,5128, 42671, 42.00,5.31
NEWGEN, EQ, 23-Dec-2021,583.3,583.5,589.9,577.4, 580.05,579.95,580.42,163172,947.08,7044, 135500, 83.04,-0.57
NEWGEN, EQ, 23-Dec-2022,360.75,352.0,355.5,346.7, 352.00,350.25,351.36,88646,311.46,6020, 48830, 55.08,-2.91
NEWGEN, EQ, 23-Dec-2024,1574.05,1589.0,1612.5,1571.1,1595.0,1585.35,1590.92,480037,7636.98,34948, 137707, 28.69,0.72
NEWGEN, EQ, 24-Jan-2020,240.25,241.0,246.5,237.5,237.5,240.4,242.43,30798,74.66,1585, 14707, 47.75,0.06
NEWGEN, EQ, 24-Jan-2022,591.3,585.2,591.3,545.0,553.4,552.7,560.36,327835,1837.04,21625, 175306, 53.47,-6.53
NEWGEN, EQ, 24-Jan-2023,412.45,411.9,446.0,411.45,422.5,423.05,434.45,773770,3361.65,28468, 191497, 24.75,2.57
NEWGEN, EQ, 24-Jan-2025,1223.55,1235.0,1255.9,1162.5,1171.0,1174.6,1211.21,549969,6661.3,27528, 251131, 45.66,-4.0
NEWGEN, EQ, 24-Feb-2020,211.9,210.8,220.15,205.95, 205.95,206.65,211.71,18534,39.24,824, 10511, 56.71,-2.48
NEWGEN, EQ, 24-Feb-2021,306.4,308.8,319.95,304.9, 312.40,311.95,311.85,124294,387.61,4880, 70162, 56.45,1.81
NEWGEN, EQ, 24-Feb-2022,516.95,501.05,509.95,435.65, 460.00,466.25,484.09,186620,903.41,17399, 92934, 49.80,-9.81
NEWGEN, EQ, 24-Feb-2023,446.25,448.0,469.75,447.1, 450.70,451.55,460.99,210688,971.26,12553, 71378, 33.88,1.19
NEWGEN, EQ, 24-Feb-2025,975.7,961.1,978.45,931.1,960.0,959.4,955.3,192209,1836.18,23167, 53997, 28.09,-1.67
NEWGEN, EQ, 24-Mar-2020,98.4,97.0,102.9,97.0, 100.25,100.1,100.28,27080,27.16,1526, 23961, 88.48,1.73
NEWGEN, EQ, 24-Mar-2021,285.25,290.0,290.0,278.1, 279.75,280.5,284.47,47677,135.63,2562, 21530, 45.16,-1.67
NEWGEN, EQ, 24-Mar-2022,511.2,515.0,515.0,506.1, 508.50,508.1,510.38,59445,303.39,4967, 27516, 46.29,-0.61
NEWGEN, EQ, 24-Mar-2023,442.05,453.0,455.65,439.25, 442.50,442.0,443.84,82800,367.5,6689, 41874, 50.57,-0.01
NEWGEN, EQ, 24-Mar-2025,1034.15,1043.3,1084.0,1015.3,1022.75,1022.35,1035.2,319435,3306.78,30826, 129557, 40.56,-1.14
NEWGEN, EQ, 24-Apr-2020,115.95,116.95,116.95,114.4,116.0,115.2,115.1,99937,115.03,2079, 85455, 85.51,-0.65
NEWGEN, EQ, 24-Apr-2023,470.5,475.2,475.2,464.05, 468.00,469.65,469.86,66540,312.64,4331, 39752, 59.74,-0.18
NEWGEN, EQ, 24-Apr-2024,745.3,749.95,758.75,746.0, 750.50,752.15,752.58,66597,501.2,6684, 36435, 54.71,0.92
NEWGEN, EQ, 24-Apr-2025,993.15,995.0,1183.4,989.4,1088.0,1101.4,1116.08,13076873,145948.11,351638, 985871, 7.54,10.9
NEWGEN, EQ, 24-May-2021,357.9,360.0,392.0,358.0, 383.90,380.9,375.36,882002,3310.71,45983, 289900, 32.87,6.43
NEWGEN, EQ, 24-May-2022,387.4,387.7,391.35,378.0,380.0,380.1,382.78,41724,159.71,3704, 23032, 55.20,-1.88
NEWGEN, EQ, 24-May-2023,621.25,619.85,629.05,608.35, 616.70,616.8,619.0,208435,1290.21,8837, 76690, 36.79,-0.72
NEWGEN, EQ, 24-May-2024,918.1,918.3,930.7,873.0,887.95,886.65,894.34,167724,1500.03,15392, 105786, 63.07,-3.43
NEWGEN, EQ, 24-Jun-2020,149.0,150.0,151.85,147.35,148.0,147.75,149.7,29741,44.52,1122, 15782, 53.06,-0.84
NEWGEN, EQ, 24-Jun-2021,526.2,530.95,537.65,517.3, 533.00,532.95,528.9,234203,1238.71,10523, 115747, 49.42,1.28
NEWGEN, EQ, 24-Jun-2022,366.6,370.95,376.7,352.0, 355.50,355.3,363.59,92945,337.94,7979, 45184, 48.61,-3.08
NEWGEN, EQ, 24-Jun-2024,1004.9,1020.0,1029.0,977.95,1007.0,1000.3,1002.5,252220,2528.52,18106, 157946, 62.62,-0.46
NEWGEN, EQ, 24-Jul-2020,184.25,184.25,191.85,184.05,188.5,187.85,188.12,80299,151.06,2891, 28108, 35.00,1.95
NEWGEN, EQ, 24-Jul-2023,831.35,831.35,831.35,793.0, 813.95,807.85,805.81,601800,4849.35,23037, 217469, 36.14,-2.83
NEWGEN, EQ, 24-Jul-2024,1057.85,1070.0,1156.95,1061.7,1078.8,1087.55,1100.69,603374,6641.27,47168, 322693, 53.48,2.81
NEWGEN, EQ, 24-Aug-2020,196.6,196.05,202.0,194.0,196.0,195.55,197.0,62736,123.59,2549, 29531, 47.07,-0.53
NEWGEN, EQ, 24-Aug-2022,395.35,397.35,403.9,385.0,389.6,388.3,395.94,151198,598.65,10856, 56594, 37.43,-1.78
NEWGEN, EQ, 24-Aug-2023,944.7,954.9,960.75,916.2, 925.95,923.8,929.65,283212,2632.88,18004, 175912, 62.11,-2.21
NEWGEN, EQ, 24-Sep-2020,216.95,216.85,218.0,206.2, 209.05,210.0,211.21,63613,134.36,2488, 29560, 46.47,-3.2
NEWGEN, EQ, 24-Sep-2024,1330.45,1328.95,1340.0,1295.45,1310.05,1316.95,1319.78,341557,4507.82,15359, 266708, 78.09,-1.01
NEWGEN, EQ, 24-Oct-2024,1234.0,1240.05,1284.8,1240.05,1265.0,1268.3,1266.28,263037,3330.8,28854, 108684, 41.32,2.78
NEWGEN, EQ, 24-Nov-2020,270.65,272.05,274.5,267.35, 269.70,268.55,269.78,65847,177.64,2248, 31528, 47.88,-0.78
NEWGEN, EQ, 24-Nov-2021,565.8,573.6,581.05,563.05, 570.75,572.25,572.47,66538,380.91,4953, 37849, 56.88,1.14
NEWGEN, EQ, 24-Nov-2022,339.75,339.75,344.0,339.4, 343.80,342.95,341.84,48668,166.37,2168, 31452, 64.63,0.94
NEWGEN, EQ, 24-Dec-2020,272.8,275.4,277.0,266.75, 269.70,269.9,271.94,52484,142.73,2283, 21018, 40.05,-1.06
NEWGEN, EQ, 24-Dec-2021,579.95,580.0,585.8,571.9, 573.00,573.0,575.59,27428,157.87,2673, 15376, 56.06,-1.2
NEWGEN, EQ, 24-Dec-2024,1585.35,1595.0,1621.9,1570.55,1600.0,1602.65,1597.12,323133,5160.82,29825, 84647, 26.20,1.09
NEWGEN, EQ, 25-Jan-2021,298.65,298.2,301.05,282.5, 289.00,288.8,291.81,80298,234.32,3776, 34442, 42.89,-3.3
NEWGEN, EQ, 25-Jan-2022,552.7,551.9,580.0,528.05,578.6,577.3,565.27,158968,898.61,11486, 85526, 53.80,4.45
NEWGEN, EQ, 25-Jan-2023,423.05,424.0,429.95,420.8, 420.80,422.95,424.73,163694,695.25,12624, 75966, 46.41,-0.02
NEWGEN, EQ, 25-Feb-2020,206.65,207.7,210.55,200.25, 205.90,204.05,202.61,7810,15.82,300, 5960, 76.31,-1.26
NEWGEN, EQ, 25-Feb-2021,311.95,313.5,315.75,300.6, 301.95,301.3,304.51,115534,351.81,3728, 67520, 58.44,-3.41
NEWGEN, EQ, 25-Feb-2022,466.25,471.0,500.0,470.0,475.0,475.05,484.72,148602,720.31,7989, 83370, 56.10,1.89
NEWGEN, EQ, 25-Feb-2025,959.4,956.15,970.0,948.7,962.1,959.95,958.63,171492,1643.98,20878, 70837, 41.31,0.06
NEWGEN, EQ, 25-Mar-2020,100.1,97.0,105.1,97.0, 105.10,103.0,102.79,31489,32.37,2242, 30397, 96.53,2.9
NEWGEN, EQ, 25-Mar-2021,280.5,281.0,283.95,271.55,275.0,273.2,275.67,37384,103.06,2487, 18722, 50.08,-2.6
NEWGEN, EQ, 25-Mar-2022,508.1,511.0,516.55,500.65,504.9,502.55,507.63,80303,407.64,7022, 43403, 54.05,-1.09
NEWGEN, EQ, 25-Mar-2025,1022.35,1037.8,1040.0,985.0,989.0,993.35,1007.77,242927,2448.14,27548, 113789, 46.84,-2.84
NEWGEN, EQ, 25-Apr-2022,480.25,465.9,475.0,465.05,472.7,470.3,469.33,64580,303.09,8584, 36361, 56.30,-2.07
NEWGEN, EQ, 25-Apr-2023,469.65,475.0,479.45,469.1,470.9,471.5,474.39,56523,268.14,4006, 29446, 52.10,0.39
NEWGEN, EQ, 25-Apr-2024,752.15,757.0,808.4,752.7, 805.50,803.95,792.55,292876,2321.2,25138, 157317, 53.71,6.89
NEWGEN, EQ, 25-Apr-2025,1101.4,1100.0,1100.0,1031.0,1055.0,1055.65,1054.72,1979295,20875.97,101073, 195171, 9.86,-4.15
NEWGEN, EQ, 25-May-2021,380.9,385.4,394.0,346.25, 365.00,365.85,374.08,1263139,4725.17,52083, 375592, 29.73,-3.95
NEWGEN, EQ, 25-May-2022,380.1,375.55,383.35,373.0, 377.55,376.25,377.2,86097,324.76,5268, 46622, 54.15,-1.01
NEWGEN, EQ, 25-May-2023,616.8,618.0,633.6,608.9, 619.00,616.1,624.02,254761,1589.77,10860, 109486, 42.98,-0.11
NEWGEN, EQ, 25-Jun-2020,147.75,149.4,149.4,145.3, 148.50,147.35,148.0,11649,17.24,523, 6217, 53.37,-0.27
NEWGEN, EQ, 25-Jun-2021,532.95,530.0,539.0,525.15, 534.55,529.85,533.46,147228,785.4,7193, 74767, 50.78,-0.58
NEWGEN, EQ, 25-Jun-2024,1000.3,1010.0,1029.0,982.8,1011.0,1012.65,1011.75,244677,2475.53,20525, 147225, 60.17,1.23
NEWGEN, EQ, 25-Jul-2022,361.3,362.5,366.95,357.1, 361.50,359.25,360.19,92459,333.03,5786, 53595, 57.97,-0.57
NEWGEN, EQ, 25-Jul-2023,807.85,813.9,849.95,811.2, 838.00,833.45,834.25,670686,5595.17,30545, 199622, 29.76,3.17
NEWGEN, EQ, 25-Jul-2024,1087.55,1074.0,1087.55,1037.1,1061.0,1060.35,1058.66,136806,1448.32,13767, 69747, 50.98,-2.5
NEWGEN, EQ, 25-Aug-2020,195.55,197.5,209.0,197.0, 208.90,207.4,204.89,191415,392.19,5001, 104946, 54.83,6.06
NEWGEN, EQ, 25-Aug-2022,388.3,390.25,396.85,388.35,392.0,393.6,394.0,69191,272.61,7162, 23946, 34.61,1.36
NEWGEN, EQ, 25-Aug-2023,923.8,925.95,934.0,863.0, 928.00,921.05,901.05,265488,2392.19,23544, 101996, 38.42,-0.3
NEWGEN, EQ, 25-Sep-2020,210.0,218.0,226.0,213.0, 224.00,222.9,221.57,77136,170.91,2657, 35306, 45.77,6.14
NEWGEN, EQ, 25-Sep-2023,862.95,865.0,886.95,856.55, 861.00,860.15,867.49,73660,638.99,8528, 31389, 42.61,-0.32
NEWGEN, EQ, 25-Sep-2024,1316.95,1316.4,1316.4,1276.05,1302.15,1304.25,1296.47,106162,1376.36,15333, 54594, 51.43,-0.96
NEWGEN, EQ, 25-Oct-2021,589.6,593.0,619.05,562.0, 596.35,596.55,600.96,235786,1416.97,11017, 102725, 43.57,1.18
NEWGEN, EQ, 25-Oct-2022,365.4,364.0,367.25,360.3,360.3,360.9,362.36,25732,93.24,2689, 17041, 66.22,-1.23
NEWGEN, EQ, 25-Oct-2023,1049.6,1070.0,1154.55,1055.0,1131.0,1125.75,1116.79,466001,5204.26,19475, 235330, 50.50,7.26
NEWGEN, EQ, 25-Oct-2024,1268.3,1246.0,1284.0,1215.45,1238.45,1225.95,1242.21,196591,2442.08,26678, 79898, 40.64,-3.34
NEWGEN, EQ, 25-Nov-2020,268.55,269.9,272.8,267.3, 270.00,269.85,269.92,46473,125.44,2022, 23064, 49.63,0.48
NEWGEN, EQ, 25-Nov-2021,572.25,567.2,585.7,567.2,584.8,582.25,577.61,48864,282.24,3210, 30785, 63.00,1.75
NEWGEN, EQ, 25-Nov-2022,342.95,344.65,349.95,343.5,348.0,348.25,347.4,98671,342.78,6533, 42248, 42.82,1.55
NEWGEN, EQ, 25-Nov-2024,1081.7,1081.0,1128.3,1073.0,1120.0,1119.8,1104.62,419404,4632.8,35589, 167387, 39.91,3.52
NEWGEN, EQ, 26-Feb-2020,204.05,205.0,215.0,196.75, 203.00,198.05,204.81,17513,35.87,634, 4638, 26.48,-2.94
NEWGEN, EQ, 26-Feb-2021,301.3,300.0,302.85,291.1,293.0,292.25,294.61,90461,266.51,3848, 54457, 60.20,-3.0
NEWGEN, EQ, 26-Feb-2024,801.25,830.0,845.0,812.0, 832.55,829.95,826.07,325879,2691.99,15086, 240773, 73.88,3.58
NEWGEN, EQ, 26-Mar-2020,103.0,103.1,113.3,103.1, 105.80,107.4,110.2,45100,49.7,4814, 35220, 78.09,4.27
NEWGEN, EQ, 26-Mar-2021,273.2,279.0,290.45,276.0,289.95,287.4,282.94,128387,363.25,2897, 91792, 71.50,5.2
NEWGEN, EQ, 26-Mar-2024,762.95,770.0,770.0,754.95,768.8,764.55,762.74,113140,862.96,14162, 83181, 73.52,0.21
NEWGEN, EQ, 26-Mar-2025,993.35,993.5,1007.1,965.0,967.9,968.9,987.73,243210,2402.27,39459, 122198, 50.24,-2.46
NEWGEN, EQ, 26-Apr-2021,311.1,312.0,320.8,311.85, 317.00,318.9,317.94,92889,295.33,4685, 45024, 48.47,2.51
NEWGEN, EQ, 26-Apr-2022,470.3,480.0,487.75,474.0, 484.15,484.65,481.4,76535,368.44,7846, 42123, 55.04,3.05
NEWGEN, EQ, 26-Apr-2023,471.5,473.5,499.5,471.55, 499.40,494.85,490.55,258250,1266.85,13224, 136881, 53.00,4.95
NEWGEN, EQ, 26-Apr-2024,803.95,807.95,832.0,796.1, 798.35,805.6,817.34,200710,1640.48,19035, 109772, 54.69,0.21
NEWGEN, EQ, 26-May-2020,152.25,153.25,163.95,147.0, 149.40,149.05,156.78,275986,432.7,7281, 62626, 22.69,-2.1
NEWGEN, EQ, 26-May-2021,365.85,378.6,437.0,366.0, 407.00,406.4,406.16,1310758,5323.81,63400, 451873, 34.47,11.08
NEWGEN, EQ, 26-May-2022,376.25,376.25,380.0,353.75,361.4,358.65,358.99,161373,579.32,12688, 94168, 58.35,-4.68
NEWGEN, EQ, 26-May-2023,616.1,618.85,635.2,616.0,626.05,627.85,628.46,265392,1667.89,13228, 116303, 43.82,1.91
NEWGEN, EQ, 26-Jun-2020,147.35,149.0,154.0,148.5, 149.15,150.0,151.56,70519,106.88,2405, 37668, 53.42,1.8
NEWGEN, EQ, 26-Jun-2023,642.45,644.95,648.0,620.7, 625.00,627.45,633.67,111234,704.85,6954, 57320, 51.53,-2.33
NEWGEN, EQ, 26-Jun-2024,1012.65,1020.0,1024.3,945.05,957.0,974.65,990.75,147712,1463.45,13571, 97205, 65.81,-3.75
NEWGEN, EQ, 26-Jul-2022,359.25,360.5,372.6,357.8,367.5,368.3,367.25,214627,788.21,7880, 63844, 29.75,2.52
NEWGEN, EQ, 26-Jul-2023,833.45,838.0,841.4,822.1, 830.00,830.3,829.88,229873,1907.66,16467, 89123, 38.77,-0.38
NEWGEN, EQ, 26-Jul-2024,1060.35,1060.35,1084.0,1054.75, 1070.00,1077.65,1073.04,120967,1298.02,11045, 68668, 56.77,1.63
NEWGEN, EQ, 26-Aug-2020,207.4,209.0,221.8,205.0, 214.45,213.8,215.28,282852,608.93,18938, 156961, 55.49,3.09
NEWGEN, EQ, 26-Aug-2022,393.6,395.5,409.8,395.1,398.5,397.85,400.3,100624,402.79,7345, 40131, 39.88,1.08
NEWGEN, EQ, 26-Aug-2024,1074.2,1074.2,1090.15,1042.05,1059.0,1047.75,1059.29,115332,1221.7,11528, 62334, 54.05,-2.46
NEWGEN, EQ, 26-Sep-2022,368.25,365.0,365.0,352.95,358.0,356.9,358.03,67405,241.33,4863, 32758, 48.60,-3.08
NEWGEN, EQ, 26-Sep-2023,860.15,862.0,882.0,853.45, 873.60,873.05,864.58,183633,1587.65,9552, 145444, 79.20,1.5
NEWGEN, EQ, 26-Sep-2024,1304.25,1302.15,1548.0,1302.15,1334.8,1332.0,1427.93,3874237,55321.54,170066, 536935, 13.86,2.13
NEWGEN, EQ, 26-Oct-2020,246.85,248.1,261.8,197.5,255.0,254.2,252.54,310835,784.97,10489, 92511, 29.76,2.98
NEWGEN, EQ, 26-Oct-2021,596.55,616.0,616.0,585.3, 590.00,588.7,594.92,97835,582.04,9786, 60004, 61.33,-1.32
NEWGEN, EQ, 26-Oct-2023,1125.75,1124.95,1195.0,1083.0, 1180.00,1166.5,1142.88,328478,3754.11,19083, 143051, 43.55,3.62
NEWGEN, EQ, 26-Nov-2020,269.85,268.55,272.0,265.05, 267.85,267.6,268.37,39647,106.4,1561, 15587, 39.31,-0.83
NEWGEN, EQ, 26-Nov-2021,582.25,582.7,583.9,559.05, 560.00,563.15,569.68,64316,366.39,5215, 37854, 58.86,-3.28
NEWGEN, EQ, 26-Nov-2024,1119.8,1120.0,1158.0,1120.0,1139.85,1142.95,1143.65,301317,3446.02,22632, 157984, 52.43,2.07
NEWGEN, EQ, 26-Dec-2022,350.25,345.0,359.9,345.0,359.25,357.85,356.91,42503,151.7,3623, 25804, 60.71,2.17
NEWGEN, EQ, 26-Dec-2024,1602.65,1610.0,1725.0,1592.0,1687.45,1686.2,1675.58,1585989,26574.53,91447, 225134, 14.20,5.21
NEWGEN, EQ, 27-Jan-2020,240.4,232.5,244.7,232.0, 239.75,234.45,236.75,18054,42.74,865, 9555, 52.92,-2.48
NEWGEN, EQ, 27-Jan-2021,288.8,289.5,297.9,285.45, 291.25,289.45,291.07,88218,256.78,7331, 36608, 41.50,0.23
NEWGEN, EQ, 27-Jan-2022,577.3,577.0,587.15,564.65, 579.95,578.0,576.82,115985,669.03,7524, 59721, 51.49,0.12
NEWGEN, EQ, 27-Jan-2023,422.95,430.0,431.4,412.95, 418.00,418.8,419.14,176687,740.56,12864, 86365, 48.88,-0.98
NEWGEN, EQ, 27-Jan-2025,1174.6,1082.45,1114.95,1057.15,1057.15,1057.15,1065.58,636861,6786.27,19397, 319144, 50.11,-10.0
NEWGEN, EQ, 27-Feb-2020,198.05,198.0,203.9,196.25, 202.05,202.25,199.82,9814,19.61,515, 7190, 73.26,2.12
NEWGEN, EQ, 27-Feb-2023,451.55,452.1,454.75,432.2, 440.00,436.15,445.95,157786,703.65,9029, 85230, 54.02,-3.41
NEWGEN, EQ, 27-Feb-2024,829.95,830.0,846.0,820.55, 830.00,829.85,832.78,165696,1379.88,10451, 113083, 68.25,-0.01
NEWGEN, EQ, 27-Feb-2025,959.95,971.65,993.15,955.75,984.0,989.95,981.08,326022,3198.52,28234, 134244, 41.18,3.13
NEWGEN, EQ, 27-Mar-2020,107.4,115.0,115.0,106.1, 108.50,109.3,110.13,16814,18.52,853, 12635, 75.15,1.77
NEWGEN, EQ, 27-Mar-2023,442.0,445.0,445.0,438.35, 442.00,441.4,441.81,60703,268.19,7145, 44001, 72.49,-0.14
NEWGEN, EQ, 27-Mar-2024,764.55,760.1,796.45,760.1, 787.50,788.0,784.32,151060,1184.79,21098, 105246, 69.67,3.07
NEWGEN, EQ, 27-Mar-2025,968.9,975.05,1038.9,975.0,1016.0,1009.9,1016.28,2315862,23535.56,132011, 186871, 8.07,4.23
NEWGEN, EQ, 27-Apr-2020,115.2,115.5,119.6,113.05, 119.35,119.1,117.73,31430,37.0,598, 23571, 75.00,3.39
NEWGEN, EQ, 27-Apr-2021,318.9,320.85,331.0,319.55,327.05,325.9,326.82,100554,328.63,4136, 60443, 60.11,2.2
NEWGEN, EQ, 27-Apr-2022,484.65,483.85,483.85,470.0,474.6,476.25,474.75,55766,264.75,7568, 26158, 46.91,-1.73
NEWGEN, EQ, 27-Apr-2023,494.85,504.0,515.7,490.1, 494.00,497.5,505.62,333477,1686.11,17103, 119087, 35.71,0.54
NEWGEN, EQ, 27-May-2020,149.05,153.0,153.8,140.1,141.45,141.35,143.33,65401,93.74,2009, 33463, 51.17,-5.17
NEWGEN, EQ, 27-May-2021,406.4,416.9,426.45,411.5, 416.00,414.25,417.97,754717,3154.5,28981, 247861, 32.84,1.93
NEWGEN, EQ, 27-May-2022,358.65,366.4,388.65,361.6, 380.00,378.55,378.71,242552,918.57,11814, 61734, 25.45,5.55
NEWGEN, EQ, 27-May-2024,886.65,885.0,917.15,876.0,894.0,884.95,894.27,134467,1202.5,15586, 76840, 57.14,-0.19
NEWGEN, EQ, 27-Jun-2022,355.3,362.8,365.05,352.35,358.9,356.7,358.66,83499,299.48,7781, 40050, 47.96,0.39
NEWGEN, EQ, 27-Jun-2023,627.45,629.75,639.85,626.0, 630.00,630.0,632.42,93454,591.02,7747, 41120, 44.00,0.41
NEWGEN, EQ, 27-Jun-2024,974.65,962.6,983.7,955.05,966.3,965.3,969.74,116341,1128.21,15118, 68708, 59.06,-0.96
NEWGEN, EQ, 27-Jul-2020,187.85,190.0,191.95,183.05,183.1,183.3,184.58,105572,194.86,2756, 84734, 80.26,-2.42
NEWGEN, EQ, 27-Jul-2022,368.3,368.0,371.9,361.0,363.7,363.45,365.36,62093,226.86,3808, 30182, 48.61,-1.32
NEWGEN, EQ, 27-Jul-2023,830.3,830.8,834.45,820.3, 825.00,826.15,825.74,153959,1271.29,9541, 64012, 41.58,-0.5
NEWGEN, EQ, 27-Aug-2020,213.8,214.5,217.9,209.05,212.5,211.6,212.97,109082,232.31,10136, 70368, 64.51,-1.03
NEWGEN, EQ, 27-Aug-2024,1047.75,1047.8,1060.95,1013.1,1030.6,1033.15,1030.47,154849,1595.67,17303, 90472, 58.43,-1.39
NEWGEN, EQ, 27-Sep-2022,356.9,361.5,368.9,353.65,360.0,358.75,358.46,46686,167.35,4292, 22643, 48.50,0.52
NEWGEN, EQ, 27-Sep-2023,873.05,878.0,925.0,874.05, 924.95,921.1,903.51,432181,3904.78,22586, 253534, 58.66,5.5
NEWGEN, EQ, 27-Sep-2024,1332.0,1358.3,1450.0,1350.05,1428.65,1414.75,1394.45,1112107,15507.78,59917, 286843, 25.79,6.21
NEWGEN, EQ, 27-Oct-2020,254.2,256.7,262.95,253.3, 258.90,256.5,258.4,248997,643.4,9461, 110994, 44.58,0.9
NEWGEN, EQ, 27-Oct-2021,588.7,588.7,594.0,560.0, 579.95,577.7,579.53,61539,356.64,3541, 37517, 60.96,-1.87
NEWGEN, EQ, 27-Oct-2022,360.9,365.0,365.0,334.45,341.95,343.45,345.13,2823887,9746.13,21068, 2348783, 83.18,-4.84
NEWGEN, EQ, 27-Oct-2023,1166.5,1180.0,1234.0,1116.05,1201.2,1209.8,1193.65,411975,4917.54,23629, 173563, 42.13,3.71
NEWGEN, EQ, 27-Nov-2020,267.6,268.65,274.5,267.1,268.05,271.15,271.64,52166,141.71,2094, 28731, 55.08,1.33
NEWGEN, EQ, 27-Nov-2024,1142.95,1149.8,1174.55,1133.1,1145.0,1142.6,1147.69,140381,1611.14,15623, 56104, 39.97,-0.03
NEWGEN, EQ, 27-Dec-2021,573.0,574.95,582.25,568.0, 571.90,572.95,575.22,40126,230.81,3733, 23783, 59.27,-0.01
NEWGEN, EQ, 27-Dec-2022,357.85,359.65,366.45,359.55,364.25,363.2,363.28,38500,139.86,2960, 18953, 49.23,1.5
NEWGEN, EQ, 27-Dec-2024,1686.2,1690.0,1704.75,1612.0,1617.0,1621.65,1645.34,532071,8754.39,37257, 121006, 22.74,-3.83
NEWGEN, EQ, 28-Jan-2020,234.45,234.55,236.9,222.3, 227.00,229.65,229.75,12850,29.52,640, 7869, 61.24,-2.05
NEWGEN, EQ, 28-Jan-2021,289.45,286.05,292.3,282.25, 287.30,288.6,288.7,52238,150.81,2669, 21084, 40.36,-0.29
NEWGEN, EQ, 28-Jan-2022,578.0,579.0,594.4,579.0, 584.85,585.75,587.95,88237,518.79,5378, 50170, 56.86,1.34
NEWGEN, EQ, 28-Jan-2025,1057.15,1030.0,1050.0,951.45,992.1,986.95,985.06,1347805,13276.72,51576, 575190, 42.68,-6.64
NEWGEN, EQ, 28-Feb-2020,202.25,199.0,199.45,192.0, 197.25,196.7,196.09,12910,25.32,719, 9672, 74.92,-2.74
NEWGEN, EQ, 28-Feb-2022,475.05,488.7,506.85,450.0, 500.50,499.4,490.33,154389,757.01,13452, 60194, 38.99,5.13
NEWGEN, EQ, 28-Feb-2023,436.15,443.0,446.45,436.1, 438.25,438.05,438.96,121230,532.15,5277, 79432, 65.52,0.44
NEWGEN, EQ, 28-Feb-2024,829.85,830.0,834.0,776.25,796.75,788.95,802.59,162207,1301.85,9398, 103583, 63.86,-4.93
NEWGEN, EQ, 28-Feb-2025,989.95,982.95,983.0,910.7,940.25,936.25,935.55,489119,4575.96,42042, 164477, 33.63,-5.42
NEWGEN, EQ, 28-Mar-2022,502.55,497.5,509.0,480.0, 483.80,482.5,488.04,166776,813.93,9402, 104670, 62.76,-3.99
NEWGEN, EQ, 28-Mar-2023,441.4,438.0,445.0,438.0, 443.15,442.4,441.9,187132,826.93,10915, 149323, 79.80,0.23
NEWGEN, EQ, 28-Mar-2024,788.0,809.95,809.95,785.05,796.0,795.2,794.69,139704,1110.21,16055, 89527, 64.08,0.91
NEWGEN, EQ, 28-Mar-2025,1009.9,1022.8,1032.45,985.0,988.0,996.3,1006.02,275100,2767.57,27121, 133432, 48.50,-1.35
NEWGEN, EQ, 28-Apr-2020,119.1,122.9,126.9,118.5, 125.00,122.75,120.9,19087,23.08,439, 12665, 66.35,3.06
NEWGEN, EQ, 28-Apr-2021,325.9,331.0,332.45,321.1, 325.60,325.55,327.88,129341,424.09,3578, 97333, 75.25,-0.11
NEWGEN, EQ, 28-Apr-2022,476.25,482.35,482.35,468.6, 471.00,470.35,472.01,43032,203.11,5940, 29193, 67.84,-1.24
NEWGEN, EQ, 28-Apr-2023,497.5,498.45,505.0,495.05, 504.00,502.15,499.84,86749,433.61,4523, 51468, 59.33,0.93
NEWGEN, EQ, 28-May-2020,141.35,141.0,142.0,134.0,134.95,136.05,136.38,247872,338.05,2912, 217009, 87.55,-3.75
NEWGEN, EQ, 28-May-2021,414.25,416.5,423.5,400.0,412.85,413.6,410.75,360364,1480.18,10957, 154727, 42.94,-0.16
NEWGEN, EQ, 28-May-2024,884.95,891.7,893.4,864.1,870.05,872.3,872.98,137484,1200.21,12553, 90962, 66.16,-1.43
NEWGEN, EQ, 28-Jun-2021,529.85,540.0,589.0,537.2, 577.50,574.15,565.91,1372465,7766.91,91166, 543842, 39.63,8.36
NEWGEN, EQ, 28-Jun-2022,356.7,357.5,359.2,350.55, 359.15,358.1,355.94,49827,177.35,4494, 24887, 49.95,0.39
NEWGEN, EQ, 28-Jun-2024,965.3,974.0,988.4,968.05,972.5,971.75,977.12,72130,704.79,10409, 40242, 55.79,0.67
NEWGEN, EQ, 28-Jul-2020,183.3,184.0,185.5,176.0,177.7,177.15,179.94,69344,124.78,2761, 42102, 60.71,-3.36
NEWGEN, EQ, 28-Jul-2022,363.45,368.9,372.9,362.1, 363.30,363.9,367.23,66201,243.11,4510, 33996, 51.35,0.12
NEWGEN, EQ, 28-Jul-2023,826.15,827.0,853.1,788.65, 809.90,808.85,821.98,374314,3076.8,24954, 143764, 38.41,-2.09
NEWGEN, EQ, 28-Aug-2020,211.6,210.0,217.75,208.7, 213.10,212.0,213.42,101694,217.04,7042, 66578, 65.47,0.19
NEWGEN, EQ, 28-Aug-2023,921.05,921.05,934.8,832.5, 858.00,851.1,878.08,316216,2776.61,27781, 161202, 50.98,-7.59
NEWGEN, EQ, 28-Aug-2024,1033.15,1041.45,1076.0,1034.6,1061.5,1063.6,1059.23,109973,1164.87,13394, 50557, 45.97,2.95
NEWGEN, EQ, 28-Sep-2020,222.9,226.0,226.0,218.95,222.2,222.25,222.69,37224,82.9,1472,16857,45.29,-0.29
NEWGEN, EQ, 28-Sep-2022,358.75,358.75,360.7,353.0,353.1,354.65,357.02,52480,187.37,4353, 24567, 46.81,-1.14
NEWGEN, EQ, 28-Sep-2023,921.1,929.4,932.95,877.05, 882.00,884.45,905.42,122153,1105.99,10339, 69008, 56.49,-3.98
NEWGEN, EQ, 28-Oct-2020,256.5,258.4,258.4,250.05, 254.00,254.6,254.12,87469,222.28,4198, 44951, 51.39,-0.74
NEWGEN, EQ, 28-Oct-2021,577.7,582.0,592.15,566.9, 572.00,570.55,574.43,49095,282.02,3864, 33984, 69.22,-1.24
NEWGEN, EQ, 28-Oct-2022,343.45,349.8,349.85,333.0,341.45,341.65,339.79,275123,934.84,14588, 105885, 38.49,-0.52
NEWGEN, EQ, 28-Oct-2024,1225.95,1225.0,1238.7,1202.65,1228.0,1230.5,1223.78,118450,1449.57,14245, 44944, 37.94,0.37
NEWGEN, EQ, 28-Nov-2022,348.25,350.0,359.0,349.95, 357.45,357.4,355.62,105042,373.55,4783, 56363, 53.66,2.63
NEWGEN, EQ, 28-Nov-2024,1142.6,1153.7,1153.7,1108.2,1134.0,1130.05,1125.42,291757,3283.49,26362, 135008, 46.27,-1.1
NEWGEN, EQ, 28-Dec-2020,269.9,271.25,280.0,270.7,273.7,273.75,275.62,78487,216.32,2278, 40095, 51.08,1.43
NEWGEN, EQ, 28-Dec-2021,572.95,579.9,583.0,574.1,576.5,577.85,578.29,44583,257.82,4049, 29118, 65.31,0.86
NEWGEN, EQ, 28-Dec-2022,363.2,363.2,363.2,358.05, 360.00,360.1,359.94,39437,141.95,3237, 24480, 62.07,-0.85
NEWGEN, EQ, 29-Jan-2020,229.65,234.8,241.55,228.1, 233.10,234.5,236.1,21704,51.24,1305, 11480, 52.89,2.11
NEWGEN, EQ, 29-Jan-2021,288.6,290.05,294.85,290.0, 291.15,291.6,292.3,55310,161.67,2138, 23749, 42.94,1.04
NEWGEN, EQ, 29-Jan-2025,986.95,996.95,1085.6,996.0,1085.6,1081.75,1056.62,751155,7936.82,36845, 334567, 44.54,9.61
NEWGEN, EQ, 29-Feb-2024,788.95,788.9,861.9,788.85, 854.00,849.15,834.84,593788,4957.17,19326, 475861, 80.14,7.63
NEWGEN, EQ, 29-Mar-2022,482.5,494.7,497.75,480.0, 483.50,481.9,484.62,273414,1325.02,11246, 175839, 64.31,-0.12
NEWGEN, EQ, 29-Mar-2023,442.4,437.1,447.0,437.1, 443.80,443.35,443.63,87026,386.07,4070, 60231, 69.21,0.21
NEWGEN, EQ, 29-Apr-2020,122.75,124.5,131.8,121.0,129.0,129.0,125.51,42314,53.11,1172, 28138, 66.50,5.09
NEWGEN, EQ, 29-Apr-2021,325.55,327.0,331.0,321.55, 323.00,323.5,324.83,86675,281.54,3951, 48224, 55.64,-0.63
NEWGEN, EQ, 29-Apr-2022,470.35,475.0,478.7,465.0,468.7,467.9,469.8,42703,200.62,5399, 25356, 59.38,-0.52
NEWGEN, EQ, 29-Apr-2024,805.6,808.9,880.0,799.95, 869.00,866.45,850.97,530757,4516.57,27493, 247795, 46.69,7.55
NEWGEN, EQ, 29-May-2020,136.05,133.1,142.8,133.1, 138.00,138.6,138.96,435405,605.04,1237, 416658, 95.69,1.87
NEWGEN, EQ, 29-May-2023,627.85,630.0,637.75,613.9, 623.50,619.95,623.34,189545,1181.52,9833, 90938, 47.98,-1.26
NEWGEN, EQ, 29-May-2024,872.3,870.3,886.55,860.0,865.0,864.35,871.77,98550,859.13,11187, 57932, 58.78,-0.91
NEWGEN, EQ, 29-Jun-2020,150.0,149.95,150.9,145.8, 150.00,148.35,148.36,36200,53.71,978, 24094, 66.56,-1.1
NEWGEN, EQ, 29-Jun-2021,574.15,588.45,634.0,581.0, 618.00,617.25,613.28,1550299,9507.71,118987, 583722, 37.65,7.51
NEWGEN, EQ, 29-Jun-2022,358.1,355.5,355.6,350.1, 350.95,351.45,353.24,46939,165.81,3874, 27055, 57.64,-1.86
NEWGEN, EQ, 28-Jun-2023,630.0,631.0,652.4,630.8, 641.00,640.8,642.48,161470,1037.41,8348, 71856, 44.50,1.71
NEWGEN, EQ, 29-Jul-2020,177.15,177.2,183.0,177.2, 177.80,178.25,180.28,61871,111.54,2474, 34260, 55.37,0.62
NEWGEN, EQ, 29-Jul-2022,363.9,368.8,376.1,366.05,371.0,370.1,370.31,412418,1527.22,5179, 357453, 86.67,1.7
NEWGEN, EQ, 29-Jul-2024,1077.65,1077.0,1125.0,1062.05,1066.05,1070.0,1092.66,332669,3634.96,35001, 168162, 50.55,-0.71
NEWGEN, EQ, 29-Aug-2022,397.85,384.0,393.0,378.6, 392.90,391.35,388.4,96729,375.69,7328, 35837, 37.05,-1.63
NEWGEN, EQ, 29-Aug-2023,851.1,850.0,888.6,843.1, 865.00,863.35,872.96,191578,1672.4,16908, 82902, 43.27,1.44
NEWGEN, EQ, 29-Aug-2024,1063.6,1068.95,1076.4,1053.05,1066.35,1064.4,1064.61,64124,682.67,10589, 34204, 53.34,0.08
NEWGEN, EQ, 29-Sep-2020,222.25,223.4,225.0,215.3,218.0,218.9,219.48,33936,74.48,1404, 15003, 44.21,-1.51
NEWGEN, EQ, 29-Sep-2022,354.65,360.0,361.55,348.05,350.0,349.9,354.52,47477,168.32,3649, 25016, 52.69,-1.34
NEWGEN, EQ, 29-Sep-2023,884.45,891.95,911.0,864.05, 902.00,900.55,894.17,102163,913.52,9842, 46626, 45.64,1.82
NEWGEN, EQ, 29-Oct-2020,254.6,250.55,252.2,241.0,243.0,244.55,246.0,113442,279.07,4677, 59735, 52.66,-3.95
NEWGEN, EQ, 29-Oct-2021,570.55,570.55,585.0,562.0, 565.15,566.65,571.32,52549,300.22,4632, 31232, 59.43,-0.68
NEWGEN, EQ, 29-Oct-2024,1230.5,1231.0,1237.95,1188.65,1208.1,1203.85,1205.98,121283,1462.64,15722, 47040, 38.79,-2.17
NEWGEN, EQ, 29-Nov-2021,563.15,540.0,551.75,506.85, 519.95,519.45,530.54,273242,1449.67,9946, 216287, 79.16,-7.76
NEWGEN, EQ, 29-Nov-2022,357.4,360.0,360.7,355.5,357.3,358.4,358.22,55162,197.6,3459, 33471, 60.68,0.28
NEWGEN, EQ, 29-Nov-2024,1130.05,1153.0,1187.05,1150.0,1185.0,1180.5,1169.42,423226,4949.31,32797, 111369, 26.31,4.46
NEWGEN, EQ, 29-Dec-2020,273.75,273.9,278.45,271.95,273.0,273.05,274.18,46005,126.14,1961, 23957, 52.07,-0.26
NEWGEN, EQ, 29-Dec-2021,577.85,577.0,581.75,571.95, 575.00,573.75,576.31,51678,297.82,6260, 33042, 63.94,-0.71
NEWGEN, EQ, 29-Dec-2022,360.1,361.95,361.95,351.85, 355.00,355.2,356.07,38130,135.77,3908, 20627, 54.10,-1.36
NEWGEN, EQ, 30-Jan-2020,234.5,238.0,238.0,230.0, 231.00,231.2,232.54,12459,28.97,478, 7222, 57.97,-1.41
NEWGEN, EQ, 30-Jan-2023,418.8,417.0,429.45,412.3, 426.90,426.4,424.81,107499,456.67,8184, 56262, 52.34,1.81
NEWGEN, EQ, 30-Jan-2025,1081.75,1099.7,1129.2,1029.05,1053.9,1050.2,1081.77,597617,6464.87,29932, 226552, 37.91,-2.92
NEWGEN, EQ, 30-Mar-2020,109.3,101.0,115.0,101.0, 103.40,103.0,105.65,25049,26.46,733, 20576, 82.14,-5.76
NEWGEN, EQ, 30-Mar-2021,287.4,289.0,293.0,285.05,286.0,287.2,289.57,41826,121.12,2547, 19365, 46.30,-0.07
NEWGEN, EQ, 30-Mar-2022,481.9,494.9,494.9,479.9, 480.10,481.75,485.24,258169,1252.74,12208, 172412, 66.78,-0.03
NEWGEN, EQ, 30-Apr-2020,129.0,141.9,141.9,132.7,135.75,135.4,135.89,97069,131.91,2509, 71400, 73.56,4.96
NEWGEN, EQ, 30-Apr-2021,323.5,322.5,322.5,314.15,315.5,315.0,317.28,62297,197.65,3322, 36694, 58.90,-2.63
NEWGEN, EQ, 30-Apr-2024,866.45,872.0,995.0,856.0, 931.00,929.05,933.27,2856099,26655.05,110372, 748338, 26.20,7.22
NEWGEN, EQ, 30-May-2022,378.55,386.95,387.9,382.05, 384.80,384.95,384.64,80330,308.98,3642, 47523, 59.16,1.69
NEWGEN, EQ, 30-May-2023,619.95,623.4,634.9,621.05, 629.00,631.05,628.2,163274,1025.7,11127, 75445, 46.21,1.79
NEWGEN, EQ, 30-May-2024,864.35,864.35,870.45,850.0,852.0,851.3,855.49,70049,599.27,9832, 48378, 69.06,-1.51
NEWGEN, EQ, 30-Jun-2020,148.35,150.95,150.95,146.0, 150.00,149.25,148.35,21899,32.49,749, 13459, 61.46,0.61
NEWGEN, EQ, 30-Jun-2021,617.25,623.9,658.0,622.4, 641.05,637.6,642.26,952439,6117.15,58292, 399149, 41.91,3.3
NEWGEN, EQ, 30-Jun-2022,351.45,351.55,364.2,351.55,357.0,357.6,357.93,41385,148.13,3828, 19590, 47.34,1.75
NEWGEN, EQ, 30-Jun-2023,640.8,646.7,686.9,641.75, 681.00,678.7,673.95,610634,4115.36,24460, 261656, 42.85,5.91
NEWGEN, EQ, 30-Jul-2020,178.25,179.9,184.7,174.9, 176.50,175.9,180.06,82860,149.2,2952, 38428, 46.38,-1.32
NEWGEN, EQ, 30-Jul-2024,1070.0,1070.0,1080.5,1018.3,1026.7,1024.8,1039.83,191402,1990.25,17569, 111292, 58.15,-4.22
NEWGEN, EQ, 30-Aug-2022,391.35,394.4,399.5,389.8, 395.90,394.4,396.02,75480,298.92,6537, 29504, 39.09,0.78
NEWGEN, EQ, 30-Aug-2023,863.35,863.35,886.95,862.65, 872.00,870.95,875.61,99912,874.84,8783, 47888, 47.93,0.88
NEWGEN, EQ, 30-Aug-2024,1064.4,1072.95,1134.9,1047.5,1110.0,1114.5,1097.5,259554,2848.6,19830, 132730, 51.14,4.71
NEWGEN, EQ, 30-Sep-2020,218.9,219.85,220.8,216.0,217.9,216.75,218.0,14310,31.2,703, 5737, 40.09,-0.98
NEWGEN, EQ, 30-Sep-2022,349.9,351.65,362.0,347.45, 357.05,356.6,355.56,91707,326.07,4701, 58169, 63.43,1.91
NEWGEN, EQ, 30-Sep-2024,1414.75,1427.2,1440.95,1335.0,1347.5,1341.35,1367.41,343340,4694.87,26046, 116598, 33.96,-5.19
NEWGEN, EQ, 30-Oct-2020,244.55,245.5,262.0,243.05, 258.00,259.65,256.09,182887,468.36,7843, 75668, 41.37,6.17
NEWGEN, EQ, 30-Oct-2023,1209.8,1172.0,1217.0,1144.5, 1167.00,1173.05,1181.04,211554,2498.54,13357, 116086, 54.87,-3.04
NEWGEN, EQ, 30-Oct-2024,1203.85,1204.5,1252.0,1203.85,1226.0,1232.85,1231.93,132753,1635.43,12601, 55503, 41.81,2.41
NEWGEN, EQ, 30-Nov-2021,519.45,515.0,547.45,515.0,545.0,544.85,538.06,68851,370.46,5687, 35328, 51.31,4.89
NEWGEN, EQ, 30-Nov-2022,358.4,358.4,359.5,353.35,357.0,356.45,356.28,42154,150.18,3094, 23534, 55.83,-0.54
NEWGEN, EQ, 30-Dec-2020,273.05,272.0,275.95,270.2,271.0,271.75,272.75,32823,89.53,2542, 13937, 42.46,-0.48
NEWGEN, EQ, 30-Dec-2021,573.75,573.0,595.9,573.0, 590.00,585.35,587.43,190167,1117.1,17192, 99848, 52.51,2.02
NEWGEN, EQ, 30-Dec-2022,355.2,355.2,362.55,355.2,359.5,360.2,359.33,57036,204.95,3588, 35554, 62.34,1.41
NEWGEN, EQ, 30-Dec-2024,1621.65,1617.0,1730.0,1590.25,1725.0,1705.85,1679.52,1093904,18372.35,64684, 361214, 33.02,5.19
NEWGEN, EQ, 31-Jan-2020,231.2,231.5,234.0,222.0, 223.00,224.95,226.98,11351,25.76,657, 8712, 76.75,-2.7
NEWGEN, EQ, 31-Jan-2022,585.75,614.95,614.95,571.1,572.0,573.35,582.93,161400,940.85,10195, 91830, 56.90,-2.12
NEWGEN, EQ, 31-Jan-2023,426.4,429.65,433.0,416.5,428.0,427.1,425.15,87890,373.66,6106, 41194, 46.87,0.16
NEWGEN, EQ, 31-Jan-2025,1050.2,1060.0,1069.0,1037.9,1053.8,1048.15,1053.35,306429,3227.77,19506, 167634, 54.71,-0.2
NEWGEN, EQ, 31-Mar-2020,103.0,102.1,111.0,102.1,106.0,105.95,105.38,240499,253.43,1404, 235815, 98.05,2.86
NEWGEN, EQ, 31-Mar-2021,287.2,287.0,287.6,282.5, 283.90,283.05,284.28,31943,90.81,1706, 17387, 54.43,-1.44
NEWGEN, EQ, 31-Mar-2022,481.75,489.95,489.95,464.0, 467.50,465.65,471.32,341141,1607.87,17639, 225955, 66.24,-3.34
NEWGEN, EQ, 31-Mar-2023,443.35,443.4,463.95,443.4, 449.90,450.7,455.01,100193,455.89,8231, 52514, 52.41,1.66
NEWGEN, EQ, 31-May-2021,413.6,414.95,421.6,408.6, 412.45,412.55,414.34,160689,665.8,5775, 88332, 54.97,-0.25
NEWGEN, EQ, 31-May-2022,384.95,384.95,394.05,381.25, 385.00,388.55,387.93,97929,379.9,6541, 42827, 43.73,0.94
NEWGEN, EQ, 31-May-2023,631.05,630.0,648.9,627.1, 637.30,637.8,639.15,284724,1819.83,15169, 124792, 43.83,1.07
NEWGEN, EQ, 31-May-2024,851.3,858.0,925.0,842.3,920.0,913.7,892.88,287303,2565.27,25394, 179580, 62.51,7.33
NEWGEN, EQ, 31-Jul-2020,175.9,179.0,180.9,173.2,173.5,174.35,175.8,34130,60.0,1432, 19264, 56.44,-0.88
NEWGEN, EQ, 31-Jul-2023,808.85,812.0,869.5,812.0, 852.00,852.6,854.27,954066,8150.29,56434, 315510, 33.07,5.41
NEWGEN, EQ, 31-Jul-2024,1024.8,1024.8,1048.6,1010.0,1034.0,1029.2,1030.34,149198,1537.24,15066, 76688, 51.40,0.43
NEWGEN, EQ, 31-Aug-2020,212.0,210.05,212.55,198.5, 200.00,200.35,202.28,88078,178.16,3074, 59667, 67.74,-5.5
NEWGEN, EQ, 31-Aug-2023,870.95,879.6,894.8,825.25, 835.00,858.95,864.17,631567,5457.79,21326, 498141, 78.87,-1.38
NEWGEN, EQ, 31-Oct-2022,341.65,343.4,348.0,341.3,344.5,343.75,344.25,90960,313.13,6098, 56001, 61.57,0.61
NEWGEN, EQ, 31-Oct-2023,1173.05,1184.9,1193.75,1079.1, 1134.70,1125.75,1138.14,250310,2848.88,16597, 148882, 59.48,-4.03
NEWGEN, EQ, 31-Oct-2024,1232.85,1230.95,1290.0,1214.7,1285.0,1283.75,1265.55,245524,3107.24,17955, 103343, 42.09,4.13
NEWGEN, EQ, 31-Dec-2020,271.75,270.7,276.0,268.0,268.0,268.4,271.77,41064,111.6,1989, 23939, 58.30,-1.23
NEWGEN, EQ, 31-Dec-2021,585.35,591.0,609.0,586.25,590.0,589.15,595.36,123904,737.67,16550, 62989, 50.84,0.65
NEWGEN, EQ, 31-Dec-2024,1705.85,1710.0,1755.0,1640.1,1700.0,1701.8,1699.52,899090,15280.19,53240, 244491, 27.19,-0.24
