SYMBOL, SERIES, DATE1, PREV_CLOSE, OPEN_PRICE, HIGH_PRICE, LOW_PRICE, LAST_PRICE, CLOSE_PRICE, AVG_PRICE, TTL_TRD_QNTY, TURNOVER_LACS, NO_OF_TRADES, DELIV_QTY, DELIV_PER,PER_CHANGE
TEAMLEASE, EQ, 01-Jan-2020,2479.85,2482.45,2510.0,2475.0, 2490.00,2478.5,2490.6,7482,186.35,1953, 5003, 66.87,-0.05
TEAMLEASE, EQ, 01-Jan-2021,2626.3,2640.0,2698.0,2553.9, 2665.90,2666.65,2650.77,23540,623.99,1979, 15873, 67.43,1.54
TEAMLEASE, EQ, 01-Jan-2024,3198.05,3218.25,3300.5,3140.2, 3205.00,3258.55,3217.43,32085,1032.31,7675, 8942, 27.87,1.89
TEAMLEASE, EQ, 01-Jan-2025,2931.0,2904.4,3015.9,2904.4,2983.2,3002.5,2996.09,9410,281.93,2390, 4036, 42.89,2.44
TEAMLEASE, EQ, 01-Feb-2021,2850.9,2890.0,2890.0,2770.0, 2770.00,2784.0,2808.46,16694,468.84,4395, 8388, 50.25,-2.35
TEAMLEASE, EQ, 01-Feb-2022,4322.35,4358.0,4497.0,4299.05,4424.0,4408.0,4389.56,37026,1625.28,9522, 14209, 38.38,1.98
TEAMLEASE, EQ, 01-Feb-2023,2304.0,2290.05,2439.9,2216.0, 2235.00,2250.0,2358.18,34131,804.87,6435, 7826, 22.93,-2.34
TEAMLEASE, EQ, 01-Feb-2024,2866.6,2893.1,2973.0,2780.1, 2960.75,2960.95,2866.67,41452,1188.29,8490, 17078, 41.20,3.29
TEAMLEASE, EQ, 01-Mar-2021,3404.2,3440.0,3839.0,3402.8, 3600.00,3591.25,3614.7,93699,3386.94,18756, 26720, 28.52,5.49
TEAMLEASE, EQ, 01-Mar-2023,2512.6,2525.8,2560.0,2519.1, 2550.00,2543.35,2540.73,5450,138.47,2009, 1602, 29.39,1.22
TEAMLEASE, EQ, 01-Mar-2024,3012.6,3027.7,3030.4,2925.0, 2945.00,2955.45,2968.63,15815,469.49,3193, 4282, 27.08,-1.9
TEAMLEASE, EQ, 01-Apr-2020,1627.1,1627.0,1639.95,1492.5,1520.0,1549.45,1552.23,9340,144.98,2033, 3785, 40.52,-4.77
TEAMLEASE, EQ, 01-Apr-2021,3771.65,3800.0,3859.95,3710.0, 3774.00,3772.6,3792.24,33458,1268.81,4532, 14571, 43.55,0.03
TEAMLEASE, EQ, 01-Apr-2022,4338.9,4300.0,4300.0,4220.0, 4230.00,4247.55,4241.84,10882,461.6,3942, 4181, 38.42,-2.11
TEAMLEASE, EQ, 01-Apr-2024,2740.6,2785.0,2866.15,2746.6, 2835.00,2813.65,2797.68,52115,1458.01,8123, 37663, 72.27,2.67
TEAMLEASE, EQ, 01-Apr-2025,1810.25,1810.25,1879.7,1798.0,1845.95,1855.8,1849.84,29515,545.98,9051, 12606, 42.71,2.52
TEAMLEASE, EQ, 01-Jun-2020,1483.45,1486.0,1633.9,1472.65, 1490.00,1498.7,1527.46,51711,789.87,7866, 29449, 56.95,1.03
TEAMLEASE, EQ, 01-Jun-2021,3463.9,3465.0,3520.0,3416.0, 3417.30,3422.6,3456.52,5554,191.98,1754, 2726, 49.08,-1.19
TEAMLEASE, EQ, 01-Jun-2022,3301.75,3318.3,3400.8,3234.0,3392.3,3374.85,3341.06,12964,433.13,3915, 4913, 37.90,2.21
TEAMLEASE, EQ, 01-Jun-2023,2221.5,2214.9,2285.95,2214.9, 2245.00,2248.55,2248.06,41396,930.61,2873, 33072, 79.89,1.22
TEAMLEASE, EQ, 01-Jul-2020,1680.5,1692.4,1710.9,1640.0, 1665.95,1650.2,1677.73,58846,987.28,5615, 49664, 84.40,-1.8
TEAMLEASE, EQ, 01-Jul-2021,3617.35,3635.45,3666.35,3589.85, 3620.00,3603.95,3616.82,10887,393.76,1761, 7819, 71.82,-0.37
TEAMLEASE, EQ, 01-Jul-2022,3236.15,3252.0,3358.0,3203.6,3300.0,3301.1,3310.08,17375,575.13,5219, 6628, 38.15,2.01
TEAMLEASE, EQ, 01-Jul-2024,2957.25,2978.0,3028.8,2959.6,3015.0,2998.55,2990.5,25017,748.13,3579, 17967, 71.82,1.4
TEAMLEASE, EQ, 01-Aug-2022,3500.25,3517.8,3552.8,3244.0, 3263.00,3255.25,3310.61,90588,2999.02,17068, 39893, 44.04,-7.0
TEAMLEASE, EQ, 01-Aug-2023,2357.85,2358.15,2366.1,2308.0, 2320.00,2317.05,2345.41,14624,342.99,2897, 10675, 73.00,-1.73
TEAMLEASE, EQ, 01-Aug-2024,3516.95,3405.0,3456.0,3240.0,3277.0,3275.55,3368.47,110022,3706.06,23550, 57518, 52.28,-6.86
TEAMLEASE, EQ, 01-Sep-2020,2369.8,2369.8,2400.0,2302.95, 2366.85,2362.35,2354.26,15061,354.57,2158, 4526, 30.05,-0.31
TEAMLEASE, EQ, 01-Sep-2021,4116.05,4120.0,4444.55,4115.0,4245.0,4257.1,4286.45,87676,3758.19,16817, 31934, 36.42,3.43
TEAMLEASE, EQ, 01-Sep-2022,3386.0,3402.95,3454.75,3332.8,3365.0,3375.05,3411.71,17002,580.06,6270, 9684, 56.96,-0.32
TEAMLEASE, EQ, 01-Sep-2023,2420.0,2414.1,2482.95,2377.95, 2455.00,2453.45,2429.49,20800,505.33,4353, 10490, 50.43,1.38
TEAMLEASE, EQ, 01-Oct-2020,2195.05,2233.0,2300.0,2152.8, 2265.00,2268.45,2238.85,7502,167.96,1238, 3782, 50.41,3.34
TEAMLEASE, EQ, 01-Oct-2021,4488.65,4416.0,4580.0,4400.0, 4570.00,4567.7,4532.81,9054,410.4,3267, 4472, 49.39,1.76
TEAMLEASE, EQ, 01-Oct-2024,3129.3,3125.0,3140.0,3065.25,3130.0,3130.85,3106.69,12280,381.5,3045, 4561, 37.14,0.05
TEAMLEASE, EQ, 01-Nov-2021,4478.75,4595.0,4939.95,4480.3, 4650.10,4747.3,4655.83,38900,1811.12,8492, 27091, 69.64,6.0
TEAMLEASE, EQ, 01-Nov-2022,2911.25,2911.25,2940.0,2891.0,2891.0,2904.1,2904.69,70653,2052.25,3609, 66230, 93.74,-0.25
TEAMLEASE, EQ, 01-Nov-2023,2346.2,2350.0,2367.9,2300.0, 2325.05,2325.7,2326.85,19168,446.01,5681, 8078, 42.14,-0.87
TEAMLEASE, EQ, 01-Dec-2020,2499.9,2499.0,2710.0,2421.0,2661.0,2671.95,2643.53,64868,1714.8,11771, 29015, 44.73,6.88
TEAMLEASE, EQ, 01-Dec-2021,4278.5,4262.1,4343.9,4123.55,4152.0,4175.15,4257.26,28126,1197.4,9996, 9999, 35.55,-2.42
TEAMLEASE, EQ, 01-Dec-2022,2494.4,2500.0,2518.85,2482.05,2513.5,2510.2,2495.96,61225,1528.15,3166, 55612, 90.83,0.63
TEAMLEASE, EQ, 01-Dec-2023,2524.0,2525.1,2648.95,2525.1, 2579.75,2575.75,2587.76,89650,2319.92,14583, 59284, 66.13,2.05
TEAMLEASE, EQ, 02-Jan-2020,2478.5,2475.0,2543.9,2475.0, 2499.25,2503.55,2504.36,11553,289.33,1119, 7854, 67.98,1.01
TEAMLEASE, EQ, 02-Jan-2023,2522.65,2530.0,2559.55,2512.35, 2520.50,2525.7,2536.21,4126,104.64,1435, 1975, 47.87,0.12
TEAMLEASE, EQ, 02-Jan-2024,3258.55,3258.55,3274.3,3115.0, 3154.00,3144.95,3149.55,90503,2850.44,18402, 34271, 37.87,-3.49
TEAMLEASE, EQ, 02-Jan-2025,3002.5,3018.3,3096.25,2988.85,3090.0,3066.6,3058.5,99994,3058.32,13673, 76223, 76.23,2.13
TEAMLEASE, EQ, 02-Feb-2021,2784.0,2797.95,2823.8,2675.05, 2680.00,2688.95,2745.57,25014,686.78,3058, 16745, 66.94,-3.41
TEAMLEASE, EQ, 02-Feb-2022,4408.0,4450.5,4516.15,4380.0, 4515.00,4485.35,4447.86,14231,632.97,3868, 6174, 43.38,1.75
TEAMLEASE, EQ, 02-Feb-2023,2250.0,2257.0,2340.0,2240.1, 2255.00,2248.65,2286.72,7594,173.65,2606, 2918, 38.43,-0.06
TEAMLEASE, EQ, 02-Feb-2024,2960.95,2974.3,3045.0,2947.55, 2970.00,2971.35,2977.51,34023,1013.04,8757, 19249, 56.58,0.35
TEAMLEASE, EQ, 02-Mar-2020,2321.95,2354.65,2420.0,2284.4, 2289.00,2316.65,2372.14,19124,453.65,2939, 15247, 79.73,-0.23
TEAMLEASE, EQ, 02-Mar-2021,3591.25,3627.0,3669.65,3501.25,3511.6,3560.7,3585.7,16393,587.8,5168, 6871, 41.91,-0.85
TEAMLEASE, EQ, 02-Mar-2022,4105.45,4070.0,4163.8,4070.0, 4150.00,4141.3,4139.42,6359,263.23,1837, 3018, 47.46,0.87
TEAMLEASE, EQ, 02-Mar-2023,2543.35,2553.95,2599.95,2534.1, 2550.00,2556.9,2560.38,10758,275.45,4189, 3161, 29.38,0.53
TEAMLEASE, EQ, 02-Apr-2024,2813.65,2827.0,3022.25,2792.2, 2989.10,2987.65,2951.56,47676,1407.18,12679, 17540, 36.79,6.18
TEAMLEASE, EQ, 02-Apr-2025,1855.8,1855.8,1892.0,1822.0,1841.6,1843.65,1866.52,21533,401.92,5319, 8385, 38.94,-0.65
TEAMLEASE, EQ, 02-May-2022,3879.05,3880.0,3880.0,3760.0,3804.0,3789.2,3821.6,9256,353.73,2516, 4767, 51.50,-2.32
TEAMLEASE, EQ, 02-May-2023,2129.8,2148.05,2157.95,2066.1, 2080.00,2080.5,2108.11,30537,643.76,5069, 21095, 69.08,-2.31
TEAMLEASE, EQ, 02-May-2024,3319.3,3319.3,3319.3,3170.0, 3184.00,3185.85,3223.78,41157,1326.81,5965, 28479, 69.20,-4.02
TEAMLEASE, EQ, 02-Jun-2020,1498.7,1524.0,1610.0,1518.0,1610.0,1594.65,1574.15,16557,260.63,1819, 7515, 45.39,6.4
TEAMLEASE, EQ, 02-Jun-2021,3422.6,3428.0,3550.0,3404.5, 3434.15,3455.55,3466.81,7057,244.65,1880, 2348, 33.27,0.96
TEAMLEASE, EQ, 02-Jun-2022,3374.85,3375.0,3389.9,3261.05,3299.0,3296.9,3343.03,17259,576.97,2457, 14114, 81.78,-2.31
TEAMLEASE, EQ, 02-Jun-2023,2248.55,2251.9,2264.6,2176.85, 2198.00,2188.35,2213.88,24302,538.02,4083, 15446, 63.56,-2.68
TEAMLEASE, EQ, 02-Jul-2020,1650.2,1668.95,1680.55,1630.0, 1660.00,1659.7,1654.05,20967,346.8,2173, 16171, 77.13,0.58
TEAMLEASE, EQ, 02-Jul-2021,3603.95,3603.95,3648.95,3590.0,3600.0,3599.95,3618.56,14599,528.27,1302, 11951, 81.86,-0.11
TEAMLEASE, EQ, 02-Jul-2024,2998.55,2998.6,3037.7,2948.1,2960.0,2956.0,2978.3,11026,328.39,3237, 5347, 48.49,-1.42
TEAMLEASE, EQ, 02-Aug-2021,4260.3,4270.1,4290.55,4106.05,4165.0,4143.4,4169.39,33661,1403.46,7235, 14534, 43.18,-2.74
TEAMLEASE, EQ, 02-Aug-2022,3255.25,3258.0,3299.85,3237.1,3284.0,3285.35,3273.47,27020,884.49,6233, 6833, 25.29,0.92
TEAMLEASE, EQ, 02-Aug-2023,2317.05,2317.15,2361.95,2277.25, 2299.40,2299.75,2310.29,22172,512.24,4761, 14258, 64.31,-0.75
TEAMLEASE, EQ, 02-Aug-2024,3275.55,3275.55,3275.55,3131.0,3160.0,3149.25,3195.73,87107,2783.71,8217, 69570, 79.87,-3.86
TEAMLEASE, EQ, 02-Sep-2020,2362.35,2382.9,2399.65,2323.6, 2333.00,2355.9,2368.45,14175,335.73,1879, 10173, 71.77,-0.27
TEAMLEASE, EQ, 02-Sep-2021,4257.1,4325.0,4351.45,4085.7, 4150.00,4141.55,4169.62,40233,1677.56,10542, 21045, 52.31,-2.71
TEAMLEASE, EQ, 02-Sep-2022,3375.05,3380.0,3443.95,3324.75,3339.0,3338.9,3378.5,6827,230.65,2112, 2825, 41.38,-1.07
TEAMLEASE, EQ, 02-Sep-2024,3147.95,3159.9,3216.35,3128.55,3179.9,3187.9,3183.05,26625,847.49,5957, 13548, 50.88,1.27
TEAMLEASE, EQ, 02-Nov-2020,2227.1,2255.0,2255.0,2185.55, 2200.00,2200.35,2204.81,2712,59.79,952, 1800, 66.37,-1.2
TEAMLEASE, EQ, 02-Nov-2021,4747.3,4700.0,4730.0,4591.05, 4638.05,4637.2,4621.17,46969,2170.52,4430, 34643, 73.76,-2.32
TEAMLEASE, EQ, 02-Nov-2022,2904.1,2910.0,2920.0,2843.05,2868.0,2862.8,2866.59,6649,190.6,2306, 3667, 55.15,-1.42
TEAMLEASE, EQ, 02-Nov-2023,2325.7,2344.55,2395.0,2340.05, 2395.00,2383.5,2379.2,8090,192.48,2084, 3098, 38.29,2.49
TEAMLEASE, EQ, 02-Dec-2020,2671.95,2651.0,2669.8,2602.5, 2633.70,2647.0,2646.59,23156,612.84,3224, 7090, 30.62,-0.93
TEAMLEASE, EQ, 02-Dec-2021,4175.15,4140.5,4278.65,4140.5, 4210.00,4194.75,4209.45,8152,343.15,3386, 3174, 38.94,0.47
TEAMLEASE, EQ, 02-Dec-2022,2510.2,2520.0,2580.0,2510.2, 2512.10,2528.45,2536.53,27133,688.24,5427, 18632, 68.67,0.73
TEAMLEASE, EQ, 02-Dec-2024,2898.25,2900.0,2905.95,2850.0,2870.0,2862.25,2875.09,6049,173.91,2517, 2479, 40.98,-1.24
TEAMLEASE, EQ, 03-Jan-2020,2503.55,2539.0,2539.0,2480.0, 2488.00,2487.05,2488.57,6459,160.74,717, 4500, 69.67,-0.66
TEAMLEASE, EQ, 03-Jan-2022,4164.3,4170.0,4239.4,4111.25, 4200.00,4186.75,4199.6,46015,1932.45,6294, 33877, 73.62,0.54
TEAMLEASE, EQ, 03-Jan-2023,2525.7,2515.0,2545.7,2502.85, 2512.00,2527.15,2515.47,72268,1817.88,1311, 69616, 96.33,0.06
TEAMLEASE, EQ, 03-Jan-2024,3144.95,3120.0,3216.25,3116.95, 3193.00,3183.95,3172.45,17334,549.91,4727, 5316, 30.67,1.24
TEAMLEASE, EQ, 03-Jan-2025,3066.6,3066.6,3088.85,3041.0,3054.25,3051.05,3060.34,20468,626.39,3924, 14556, 71.12,-0.51
TEAMLEASE, EQ, 03-Feb-2020,2522.8,2480.45,2542.95,2451.0, 2472.00,2473.75,2495.45,71642,1787.79,3300, 6075, 8.48,-1.94
TEAMLEASE, EQ, 03-Feb-2021,2688.95,2702.4,2748.0,2682.6, 2722.90,2719.5,2722.59,36748,1000.5,4945, 20519, 55.84,1.14
TEAMLEASE, EQ, 03-Feb-2022,4485.35,4507.8,4680.0,4453.35, 4615.00,4627.65,4521.86,128873,5827.46,6359, 110631, 85.84,3.17
TEAMLEASE, EQ, 03-Feb-2023,2248.65,2299.0,2372.45,2255.0, 2329.45,2324.35,2332.29,65274,1522.38,14496, 12156, 18.62,3.37
TEAMLEASE, EQ, 03-Feb-2025,2502.7,2515.9,2539.95,2369.5,2405.0,2398.5,2417.35,199523,4823.17,17075, 141388, 70.86,-4.16
TEAMLEASE, EQ, 03-Mar-2020,2316.65,2344.95,2405.0,2327.55, 2405.00,2387.6,2368.55,3313,78.47,733, 2017, 60.88,3.06
TEAMLEASE, EQ, 03-Mar-2021,3560.7,3588.85,3624.9,3470.0,3497.9,3484.15,3529.02,21475,757.86,5480, 8252, 38.43,-2.15
TEAMLEASE, EQ, 03-Mar-2022,4141.3,4200.0,4261.95,4125.05,4162.0,4219.05,4210.22,18379,773.8,3659, 8199, 44.61,1.88
TEAMLEASE, EQ, 03-Mar-2023,2556.9,2569.7,2597.75,2538.75, 2557.00,2566.35,2564.38,17089,438.23,2405, 12495, 73.12,0.37
TEAMLEASE, EQ, 03-Mar-2025,1949.0,1991.95,1991.95,1842.8,1940.0,1949.0,1902.79,46740,889.37,15996, 19095, 40.85,0.0
TEAMLEASE, EQ, 03-Apr-2020,1549.45,1549.0,1571.7,1506.7, 1530.00,1535.35,1530.71,9596,146.89,2852, 5038, 52.50,-0.91
TEAMLEASE, EQ, 03-Apr-2023,2239.45,2126.05,2225.35,2126.05, 2203.00,2203.1,2193.3,64968,1424.94,8103, 39533, 60.85,-1.62
TEAMLEASE, EQ, 03-Apr-2024,2987.65,2989.1,3014.6,2952.0, 2952.00,2989.05,2990.48,9858,294.8,3260, 4716, 47.84,0.05
TEAMLEASE, EQ, 03-Apr-2025,1843.65,1843.65,1866.4,1815.05,1817.9,1828.7,1836.42,25960,476.74,6237, 12814, 49.36,-0.81
TEAMLEASE, EQ, 03-May-2021,3257.45,3227.8,3348.85,3200.0,3300.5,3305.65,3286.24,9714,319.23,2070, 3196, 32.90,1.48
TEAMLEASE, EQ, 03-May-2023,2080.5,2087.0,2115.95,2085.0,2097.0,2090.3,2092.1,37968,794.33,2901, 32446, 85.46,0.47
TEAMLEASE, EQ, 03-May-2024,3185.85,3201.8,3226.5,3150.0, 3210.00,3173.85,3203.54,35452,1135.72,4901, 25946, 73.19,-0.38
TEAMLEASE, EQ, 03-Jun-2020,1594.65,1660.0,1913.55,1611.7,1778.0,1789.3,1814.86,105537,1915.35,15773, 32795, 31.07,12.21
TEAMLEASE, EQ, 03-Jun-2021,3455.55,3435.0,3489.9,3435.0, 3435.00,3450.1,3462.67,4209,145.74,1359, 2336, 55.50,-0.16
TEAMLEASE, EQ, 03-Jun-2022,3296.9,3270.0,3448.95,3206.6, 3368.95,3404.7,3347.39,45575,1525.57,7843, 28851, 63.30,3.27
TEAMLEASE, EQ, 03-Jun-2024,2914.9,2950.0,2980.0,2835.0,2856.0,2850.5,2861.34,30661,877.31,4920, 20676, 67.43,-2.21
TEAMLEASE, EQ, 03-Jul-2020,1659.7,1669.8,1757.6,1669.75, 1705.00,1710.65,1726.93,37049,639.81,4294, 8743, 23.60,3.07
TEAMLEASE, EQ, 03-Jul-2023,2493.15,2519.85,2538.7,2448.0, 2474.75,2459.7,2479.25,18194,451.07,3956, 9461, 52.00,-1.34
TEAMLEASE, EQ, 03-Jul-2024,2956.0,2926.5,2998.25,2863.55,2897.0,2887.95,2931.03,26571,778.8,4359, 16142, 60.75,-2.3
TEAMLEASE, EQ, 03-Aug-2020,1849.8,1860.0,1918.0,1856.25,1909.0,1908.2,1896.79,122123,2316.42,10382, 92842, 76.02,3.16
TEAMLEASE, EQ, 03-Aug-2021,4143.4,4177.0,4240.0,4019.0,4028.9,4046.3,4044.5,120409,4869.95,5061, 93786, 77.89,-2.34
TEAMLEASE, EQ, 03-Aug-2022,3285.35,3295.5,3298.95,3218.0, 3222.00,3230.6,3238.47,13396,433.82,2806, 6091, 45.47,-1.67
TEAMLEASE, EQ, 03-Aug-2023,2299.75,2292.0,2350.0,2287.0, 2345.00,2341.25,2322.69,9067,210.6,2828, 3857, 42.54,1.8
TEAMLEASE, EQ, 03-Sep-2020,2355.9,2357.0,2415.0,2220.0, 2350.00,2367.1,2321.84,14583,338.59,2241, 3579, 24.54,0.48
TEAMLEASE, EQ, 03-Sep-2021,4141.55,4187.15,4329.95,4100.05, 4250.00,4251.4,4216.46,25083,1057.62,4306, 11625, 46.35,2.65
TEAMLEASE, EQ, 03-Sep-2024,3187.9,3190.0,3213.6,3162.55,3179.0,3183.15,3187.87,56283,1794.23,4596, 49342, 87.67,-0.15
TEAMLEASE, EQ, 03-Oct-2022,3003.35,3019.2,3175.4,2991.0,3100.0,3089.7,3049.57,10842,330.63,4396, 3174, 29.28,2.88
TEAMLEASE, EQ, 03-Oct-2023,2598.05,2611.7,2649.0,2599.65, 2640.00,2642.55,2618.7,73945,1936.4,3197, 66888, 90.46,1.71
TEAMLEASE, EQ, 03-Oct-2024,3130.85,3070.0,3126.25,3031.0,3066.0,3063.55,3067.91,32409,994.28,4140, 23908, 73.77,-2.15
TEAMLEASE, EQ, 03-Nov-2020,2200.35,2222.6,2228.9,2176.0,2180.0,2181.1,2194.76,2753,60.42,553, 1892, 68.73,-0.87
TEAMLEASE, EQ, 03-Nov-2021,4637.2,4660.0,4785.0,4590.05, 4711.00,4720.6,4693.7,16077,754.61,4616, 7144, 44.44,1.8
TEAMLEASE, EQ, 03-Nov-2022,2862.8,2868.0,2868.0,2837.25,2848.0,2855.45,2852.68,12441,354.9,3867, 8833, 71.00,-0.26
TEAMLEASE, EQ, 03-Nov-2023,2383.5,2383.65,2407.55,2374.7, 2385.00,2386.8,2388.55,5644,134.81,1268, 3370, 59.71,0.14
TEAMLEASE, EQ, 03-Dec-2020,2647.0,2650.0,2838.8,2626.05,2811.0,2804.45,2745.0,42780,1174.31,8610, 19376, 45.29,5.95
TEAMLEASE, EQ, 03-Dec-2021,4194.75,4225.6,4257.95,4102.5, 4111.00,4124.35,4198.95,6706,281.58,2603, 2986, 44.53,-1.68
TEAMLEASE, EQ, 03-Dec-2024,2862.25,2867.75,2916.9,2852.5,2880.0,2886.35,2892.87,29772,861.26,9569, 20010, 67.21,0.84
TEAMLEASE, EQ, 04-Jan-2021,2666.65,2683.0,2727.0,2629.6,2701.0,2718.25,2697.54,13515,364.57,2663, 6525, 48.28,1.94
TEAMLEASE, EQ, 04-Jan-2022,4186.75,4199.0,4303.75,4160.0, 4191.00,4200.5,4214.34,58463,2463.83,8768, 41715, 71.35,0.33
TEAMLEASE, EQ, 04-Jan-2023,2527.15,2526.75,2585.0,2470.0, 2499.90,2485.05,2529.66,13808,349.3,4207, 3854, 27.91,-1.67
TEAMLEASE, EQ, 04-Jan-2024,3183.95,3196.5,3236.65,3155.8, 3182.60,3184.3,3204.88,14360,460.22,3560, 5993, 41.73,0.01
TEAMLEASE, EQ, 04-Feb-2020,2473.75,2498.95,2510.8,2451.1, 2500.00,2485.0,2479.89,13836,343.12,2065, 7939, 57.38,0.45
TEAMLEASE, EQ, 04-Feb-2021,2719.5,2762.0,3199.0,2753.75, 3149.70,3141.8,2983.03,184452,5502.25,28839, 61683, 33.44,15.53
TEAMLEASE, EQ, 04-Feb-2022,4627.65,4688.0,4688.0,4342.55, 4380.10,4365.05,4424.9,36404,1610.84,11544, 16858, 46.31,-5.67
TEAMLEASE, EQ, 04-Feb-2025,2398.5,2411.1,2425.15,2350.35,2405.0,2397.55,2393.26,84417,2020.32,11133, 71258, 84.41,-0.04
TEAMLEASE, EQ, 04-Mar-2020,2387.6,2388.7,2404.95,2349.65, 2374.00,2369.6,2360.49,33006,779.1,2728, 29004, 87.87,-0.75
TEAMLEASE, EQ, 04-Mar-2021,3484.15,3500.0,3541.0,3460.0, 3495.00,3479.2,3499.65,6905,241.65,1915, 3156, 45.71,-0.14
TEAMLEASE, EQ, 04-Mar-2022,4219.05,4188.7,4197.95,3980.0, 4014.30,4009.15,4068.37,19054,775.19,7947, 11161, 58.58,-4.98
TEAMLEASE, EQ, 04-Mar-2024,2971.75,2985.45,2985.5,2861.1, 2890.00,2887.85,2906.96,14387,418.22,3147, 5101, 35.46,-2.82
TEAMLEASE, EQ, 04-Mar-2025,1949.0,1919.75,1940.0,1875.0,1885.5,1887.8,1900.6,20135,382.69,4875, 8619, 42.81,-3.14
TEAMLEASE, EQ, 04-Apr-2022,4247.55,4202.0,4249.8,4020.0,4040.0,4033.8,4093.08,29236,1196.65,7991, 15184, 51.94,-5.03
TEAMLEASE, EQ, 04-Apr-2024,2989.05,2959.2,3050.0,2930.0, 3040.00,3031.5,3003.43,26913,808.31,7577, 15531, 57.71,1.42
TEAMLEASE, EQ, 04-Apr-2025,1828.7,1838.3,1838.3,1752.3,1767.0,1765.4,1779.34,24938,443.73,5945, 15066, 60.41,-3.46
TEAMLEASE, EQ, 04-May-2020,1599.5,1565.0,1623.95,1530.0, 1590.00,1602.7,1575.14,10201,160.68,2554, 6364, 62.39,0.2
TEAMLEASE, EQ, 04-May-2021,3305.65,3344.0,3349.95,3250.0, 3260.50,3261.6,3305.33,7137,235.9,1346, 4597, 64.41,-1.33
TEAMLEASE, EQ, 04-May-2022,3789.2,3808.0,3950.0,3790.0,3848.0,3821.25,3853.56,6682,257.5,1971, 2833, 42.40,0.85
TEAMLEASE, EQ, 04-May-2023,2090.3,2090.0,2098.2,2078.0, 2081.00,2086.75,2091.23,16867,352.73,2704, 13107, 77.71,-0.17
TEAMLEASE, EQ, 04-Jun-2020,1789.3,1834.9,1885.0,1749.05,1795.0,1786.55,1821.86,28654,522.04,4727, 8487, 29.62,-0.15
TEAMLEASE, EQ, 04-Jun-2021,3450.1,3495.0,3495.0,3378.5, 3400.00,3400.5,3411.32,14612,498.46,3516, 9405, 64.36,-1.44
TEAMLEASE, EQ, 04-Jun-2024,2850.5,2879.0,2899.5,2775.0,2828.0,2822.65,2817.96,17118,482.38,5363, 8340, 48.72,-0.98
TEAMLEASE, EQ, 04-Jul-2022,3301.1,3298.0,3335.25,3240.0,3243.35,3253.55,3265.62,5073,165.67,1660, 2669, 52.61,-1.44
TEAMLEASE, EQ, 04-Jul-2023,2459.7,2488.0,2490.9,2446.25, 2455.35,2452.75,2466.47,11694,288.43,2790, 5308, 45.39,-0.28
TEAMLEASE, EQ, 04-Jul-2024,2887.95,2895.0,2970.0,2881.45,2951.0,2945.85,2932.17,22301,653.9,8370, 13212, 59.24,2.0
TEAMLEASE, EQ, 04-Aug-2020,1908.2,1920.0,1939.25,1872.0,1874.9,1879.95,1899.04,8748,166.13,1682, 4465, 51.04,-1.48
TEAMLEASE, EQ, 04-Aug-2021,4046.3,4090.95,4090.95,3901.35,3999.0,3951.1,4010.82,16636,667.24,4450, 5948, 35.75,-2.35
TEAMLEASE, EQ, 04-Aug-2022,3230.6,3265.0,3299.0,3230.9,3285.0,3286.45,3275.09,15961,522.74,3536, 7924, 49.65,1.73
TEAMLEASE, EQ, 04-Aug-2023,2341.25,2350.0,2381.85,2336.15, 2370.05,2372.5,2368.49,27675,655.48,3557, 22256, 80.42,1.33
TEAMLEASE, EQ, 04-Sep-2020,2367.1,2349.95,2450.0,2250.0,2276.0,2271.2,2313.08,10294,238.11,1659, 5188, 50.40,-4.05
TEAMLEASE, EQ, 04-Sep-2023,2453.45,2467.0,2561.0,2459.45, 2552.05,2552.3,2528.21,77542,1960.43,11223, 45892, 59.18,4.03
TEAMLEASE, EQ, 04-Sep-2024,3183.15,3155.0,3196.8,3123.0,3135.0,3137.6,3150.25,26052,820.7,4882, 18232, 69.98,-1.43
TEAMLEASE, EQ, 04-Oct-2021,4567.7,4580.0,4689.95,4545.0, 4645.05,4663.45,4641.01,10432,484.15,3654, 5214, 49.98,2.1
TEAMLEASE, EQ, 04-Oct-2022,3089.7,3040.0,3137.95,3021.95, 3080.00,3085.7,3054.25,17663,539.47,3783, 5806, 32.87,-0.13
TEAMLEASE, EQ, 04-Oct-2023,2642.55,2618.5,2678.7,2598.0, 2631.00,2628.35,2632.19,15897,418.44,4132, 6900, 43.40,-0.54
TEAMLEASE, EQ, 04-Oct-2024,3063.55,3073.75,3078.9,2951.1,3026.25,3041.35,3035.31,22274,676.08,5147, 8001, 35.92,-0.72
TEAMLEASE, EQ, 04-Nov-2020,2181.1,2191.9,2245.0,2191.85,2216.0,2213.2,2226.09,2847,63.38,1416, 1822, 64.00,1.47
TEAMLEASE, EQ, 04-Nov-2022,2855.45,2869.75,2885.0,2828.45,2845.0,2845.05,2858.56,31689,905.85,6308, 26020, 82.11,-0.36
TEAMLEASE, EQ, 04-Nov-2024,2774.65,2801.2,2806.3,2614.65,2690.0,2699.65,2688.87,28949,778.4,8061, 17546, 60.61,-2.7
TEAMLEASE, EQ, 04-Dec-2020,2804.45,2828.0,2899.0,2711.3, 2789.00,2755.1,2787.14,32083,894.2,6593, 14703, 45.83,-1.76
TEAMLEASE, EQ, 04-Dec-2023,2575.75,2580.0,2635.95,2560.6, 2597.80,2584.05,2589.22,12921,334.55,5161, 6313, 48.86,0.32
TEAMLEASE, EQ, 04-Dec-2024,2886.35,2894.85,2911.65,2870.0,2876.0,2898.1,2896.94,13302,385.35,3592, 8403, 63.17,0.41
TEAMLEASE, EQ, 05-Jan-2021,2718.25,2662.0,2784.9,2662.0, 2760.00,2761.75,2745.28,19379,532.01,3710, 10378, 53.55,1.6
TEAMLEASE, EQ, 05-Jan-2022,4200.5,4160.05,4300.0,4055.55, 4114.00,4104.95,4177.05,14565,608.39,4245, 5255, 36.08,-2.27
TEAMLEASE, EQ, 05-Jan-2023,2485.05,2485.05,2560.0,2455.5,2499.0,2488.45,2478.82,24229,600.59,3282, 18151, 74.91,0.14
TEAMLEASE, EQ, 05-Jan-2024,3184.3,3184.8,3295.9,3175.05, 3267.90,3265.3,3255.07,31392,1021.83,7304, 11825, 37.67,2.54
TEAMLEASE, EQ, 05-Feb-2020,2485.0,2510.0,2510.0,2437.05, 2437.15,2450.95,2470.96,43277,1069.36,4456, 36606, 84.59,-1.37
TEAMLEASE, EQ, 05-Feb-2021,3141.8,3195.0,3484.9,3165.05, 3214.00,3239.65,3316.6,120879,4009.07,21394, 31005, 25.65,3.11
TEAMLEASE, EQ, 05-Feb-2024,2971.35,2974.3,2997.65,2880.1, 2930.00,2947.1,2948.55,9471,279.26,3376, 3661, 38.65,-0.82
TEAMLEASE, EQ, 05-Feb-2025,2397.55,2419.95,2419.95,2315.0,2343.3,2342.9,2352.15,23755,558.75,8537, 12823, 53.98,-2.28
TEAMLEASE, EQ, 05-Mar-2020,2369.6,2359.95,2397.95,2350.0, 2368.00,2367.35,2380.55,5606,133.45,2353, 3664, 65.36,-0.09
TEAMLEASE, EQ, 05-Mar-2021,3479.2,3530.0,3535.0,3380.0,3400.0,3414.95,3469.64,7528,261.19,2449, 3917, 52.03,-1.85
TEAMLEASE, EQ, 05-Mar-2024,2887.85,2900.0,2900.0,2820.0, 2851.20,2837.6,2845.94,15333,436.37,4852, 7827, 51.05,-1.74
TEAMLEASE, EQ, 05-Mar-2025,1887.8,1897.7,1950.0,1897.7,1925.0,1926.55,1931.61,15584,301.02,4491, 7145, 45.85,2.05
TEAMLEASE, EQ, 05-Apr-2021,3772.6,3800.0,3824.95,3625.15,3669.15,3680.4,3714.89,12623,468.93,4166, 6694, 53.03,-2.44
TEAMLEASE, EQ, 05-Apr-2022,4033.8,4075.0,4121.6,4021.1, 4070.05,4070.25,4085.46,13887,567.35,3403, 4371, 31.48,0.9
TEAMLEASE, EQ, 05-Apr-2023,2203.1,2200.0,2213.95,2150.0, 2153.00,2156.15,2170.52,14701,319.09,4380, 8151, 55.45,-2.13
TEAMLEASE, EQ, 05-Apr-2024,3031.5,3031.35,3091.0,2967.0, 3049.40,3046.65,3021.44,14347,433.49,3469, 6695, 46.66,0.5
TEAMLEASE, EQ, 05-May-2020,1602.7,1602.0,1624.25,1562.0, 1580.00,1588.8,1595.65,24275,387.34,1144, 19646, 80.93,-0.87
TEAMLEASE, EQ, 05-May-2021,3261.6,3277.95,3426.3,3277.05, 3355.00,3364.0,3353.15,7931,265.94,1737, 2424, 30.56,3.14
TEAMLEASE, EQ, 05-May-2022,3821.25,3821.25,3834.0,3690.0, 3700.00,3708.35,3753.0,16660,625.25,4047, 12038, 72.26,-2.95
TEAMLEASE, EQ, 05-May-2023,2086.75,2082.45,2093.95,2020.2, 2038.00,2028.5,2047.91,31053,635.94,5899, 16228, 52.26,-2.79
TEAMLEASE, EQ, 05-Jun-2020,1786.55,1809.9,1830.0,1745.75, 1757.10,1756.15,1773.14,12157,215.56,2891, 4768, 39.22,-1.7
TEAMLEASE, EQ, 05-Jun-2023,2188.35,2188.4,2214.4,2185.0, 2195.05,2198.6,2202.94,17442,384.24,3666, 11063, 63.43,0.47
TEAMLEASE, EQ, 05-Jun-2024,2822.65,2786.2,2919.9,2780.35,2915.0,2910.35,2893.1,16760,484.88,8457, 8697, 51.89,3.11
TEAMLEASE, EQ, 05-Jul-2021,3599.95,3648.7,3648.7,3560.0, 3600.00,3590.15,3598.94,31940,1149.5,1677, 28587, 89.50,-0.27
TEAMLEASE, EQ, 05-Jul-2022,3253.55,3257.15,3450.0,3247.3,3395.0,3394.65,3381.39,19153,647.64,6038, 7916, 41.33,4.34
TEAMLEASE, EQ, 05-Jul-2023,2452.75,2452.75,2465.0,2390.0,2420.5,2409.5,2431.3,11194,272.16,2104, 5294, 47.29,-1.76
TEAMLEASE, EQ, 05-Jul-2024,2945.85,2969.75,3036.0,2902.35,3020.05,3006.85,2990.23,16559,495.15,3538, 11187, 67.56,2.07
TEAMLEASE, EQ, 05-Aug-2020,1879.95,1882.0,2025.0,1882.0,1955.0,1944.05,1960.4,56405,1105.76,5486, 20189, 35.79,3.41
TEAMLEASE, EQ, 05-Aug-2021,3951.1,3993.45,4098.15,3905.1,3973.15,3972.05,3989.47,14855,592.64,3617, 4879, 32.84,0.53
TEAMLEASE, EQ, 05-Aug-2022,3286.45,3300.0,3300.0,3219.95,3239.95,3232.6,3257.78,6602,215.08,1855, 2906, 44.02,-1.64
TEAMLEASE, EQ, 05-Aug-2024,3149.25,3149.0,3149.0,3004.85,3029.95,3031.15,3063.11,21301,652.47,5735, 8086, 37.96,-3.75
TEAMLEASE, EQ, 05-Sep-2022,3338.9,3350.0,3399.0,3320.3, 3325.00,3339.75,3353.32,95547,3203.99,3330, 89428, 93.60,0.03
TEAMLEASE, EQ, 05-Sep-2023,2552.3,2557.0,2686.55,2557.0, 2640.00,2649.55,2645.59,136187,3602.95,22884, 73956, 54.30,3.81
TEAMLEASE, EQ, 05-Sep-2024,3137.6,3140.0,3240.0,3140.0,3157.0,3156.6,3181.19,76593,2436.57,5892, 63601, 83.04,0.61
TEAMLEASE, EQ, 05-Oct-2020,2268.45,2250.0,2299.0,2250.0, 2250.00,2257.5,2268.51,6499,147.43,1408, 1676, 25.79,-0.48
TEAMLEASE, EQ, 05-Oct-2021,4663.45,4663.45,4770.0,4658.6, 4749.00,4741.65,4732.38,34973,1655.06,6456, 23666, 67.67,1.68
TEAMLEASE, EQ, 05-Oct-2023,2628.35,2639.95,2700.95,2620.0, 2628.35,2644.8,2667.2,72376,1930.41,14691, 32650, 45.11,0.63
TEAMLEASE, EQ, 05-Nov-2020,2213.2,2224.1,2250.0,2211.15, 2220.05,2234.5,2231.15,19913,444.29,2599, 8721, 43.80,0.96
TEAMLEASE, EQ, 05-Nov-2024,2699.65,2690.0,2712.65,2665.75,2675.25,2688.7,2689.66,14773,397.34,5580, 7542, 51.05,-0.41
TEAMLEASE, EQ, 05-Dec-2022,2528.45,2535.0,2541.1,2505.6, 2515.55,2520.7,2520.49,3788,95.48,1105, 1839, 48.55,-0.31
TEAMLEASE, EQ, 05-Dec-2023,2584.05,2597.0,2605.0,2490.0, 2525.00,2524.25,2540.04,26949,684.52,9473, 12926, 47.96,-2.31
TEAMLEASE, EQ, 05-Dec-2024,2898.1,2916.35,2924.95,2865.0,2865.1,2876.1,2891.74,23796,688.12,8378, 15256, 64.11,-0.76
TEAMLEASE, EQ, 06-Jan-2020,2487.05,2490.0,2497.9,2455.0, 2475.00,2476.6,2476.44,7977,197.55,1209, 5348, 67.04,-0.42
TEAMLEASE, EQ, 06-Jan-2021,2761.75,2770.0,2799.0,2715.0, 2740.00,2778.65,2753.61,142943,3936.09,4947, 122503, 85.70,0.61
TEAMLEASE, EQ, 06-Jan-2022,4104.95,4027.1,4086.4,3980.0, 3982.15,4016.4,4007.02,74776,2996.29,4357, 62862, 84.07,-2.16
TEAMLEASE, EQ, 06-Jan-2023,2488.45,2499.0,2509.7,2450.0,2478.0,2459.8,2482.13,14567,361.57,1452, 11822, 81.16,-1.15
TEAMLEASE, EQ, 06-Jan-2025,3051.05,3051.05,3103.0,2832.5,3000.0,2939.7,2955.38,126415,3736.04,23621, 61142, 48.37,-3.65
TEAMLEASE, EQ, 06-Feb-2020,2450.95,2470.0,2470.0,2425.0, 2441.80,2439.65,2449.29,12463,305.26,4476, 10333, 82.91,-0.46
TEAMLEASE, EQ, 06-Feb-2023,2324.35,2332.0,2419.95,2332.0, 2370.00,2380.6,2377.63,20168,479.52,6777, 5684, 28.18,2.42
TEAMLEASE, EQ, 06-Feb-2024,2947.1,2961.0,3146.3,2960.65, 3022.50,3042.6,3067.01,55499,1702.16,10714, 23810, 42.90,3.24
TEAMLEASE, EQ, 06-Feb-2025,2342.9,2355.15,2369.9,2291.2,2310.15,2317.8,2324.34,108598,2524.18,10430, 91246, 84.02,-1.07
TEAMLEASE, EQ, 06-Mar-2020,2367.35,2280.0,2379.1,2168.3, 2340.00,2350.8,2314.91,20673,478.56,6054, 12295, 59.47,-0.7
TEAMLEASE, EQ, 06-Mar-2023,2566.35,2579.85,2590.0,2525.4, 2530.05,2536.3,2550.52,7217,184.07,2795, 3740, 51.82,-1.17
TEAMLEASE, EQ, 06-Mar-2024,2837.6,2830.0,2991.0,2803.9, 2977.00,2950.9,2924.31,84161,2461.13,14899, 24642, 29.28,3.99
TEAMLEASE, EQ, 06-Mar-2025,1926.55,1944.95,1965.0,1916.35,1945.0,1941.0,1934.51,23844,461.26,5860, 12464, 52.27,0.75
TEAMLEASE, EQ, 06-Apr-2021,3680.4,3720.0,3892.0,3681.0,3718.9,3710.0,3785.53,19473,737.16,5144, 6657, 34.19,0.8
TEAMLEASE, EQ, 06-Apr-2022,4070.25,4021.0,4109.25,4021.0, 4062.00,4051.3,4062.34,5630,228.71,2043, 2361, 41.94,-0.47
TEAMLEASE, EQ, 06-Apr-2023,2156.15,2156.15,2210.0,2153.0, 2160.00,2159.6,2194.19,42890,941.09,4818, 31840, 74.24,0.16
TEAMLEASE, EQ, 06-May-2020,1588.8,1552.0,1581.0,1550.0, 1560.00,1559.5,1566.48,1587,24.86,340, 598, 37.68,-1.84
TEAMLEASE, EQ, 06-May-2021,3364.0,3418.0,3426.4,3325.0, 3347.00,3346.6,3362.34,8322,279.81,1444, 5331, 64.06,-0.52
TEAMLEASE, EQ, 06-May-2022,3708.35,3708.0,3711.95,3551.15,3551.55,3573.8,3625.16,8032,291.17,2028, 4441, 55.29,-3.63
TEAMLEASE, EQ, 06-May-2024,3173.85,3189.75,3192.05,3109.05,3155.0,3141.0,3146.37,7950,250.14,3050, 4389, 55.21,-1.04
TEAMLEASE, EQ, 06-Jun-2022,3404.7,3350.1,3399.95,3251.55,3285.0,3286.25,3291.45,11777,387.63,2409, 7513, 63.79,-3.48
TEAMLEASE, EQ, 06-Jun-2023,2198.6,2165.3,2175.0,2140.15,2154.0,2149.95,2151.15,31251,672.26,7394, 17855, 57.13,-2.21
TEAMLEASE, EQ, 06-Jun-2024,2910.35,2970.0,2970.0,2893.0,2899.0,2899.55,2901.83,32571,945.16,2321, 28774, 88.34,-0.37
TEAMLEASE, EQ, 06-Jul-2020,1710.65,1726.85,1765.0,1715.0, 1742.05,1746.05,1737.89,17794,309.24,2593, 11277, 63.38,2.07
TEAMLEASE, EQ, 06-Jul-2021,3590.15,3600.05,3637.65,3585.0, 3633.00,3603.85,3602.82,12560,452.51,3581, 8843, 70.41,0.38
TEAMLEASE, EQ, 06-Jul-2022,3394.65,3350.0,3424.95,3340.55,3415.0,3408.25,3395.69,4559,154.81,1590, 1655, 36.30,0.4
TEAMLEASE, EQ, 06-Jul-2023,2409.5,2419.95,2449.0,2400.0,2433.3,2423.9,2433.81,7944,193.34,1828, 4235, 53.31,0.6
TEAMLEASE, EQ, 06-Aug-2020,1944.05,1953.05,2172.95,1953.05,2087.0,2102.35,2060.0,296247,6102.7,13864, 205175, 69.26,8.14
TEAMLEASE, EQ, 06-Aug-2021,3972.05,4003.75,4062.75,3940.0, 3961.00,3953.5,3992.55,9243,369.03,2504, 3147, 34.05,-0.47
TEAMLEASE, EQ, 06-Aug-2024,3031.15,3040.5,3114.35,2955.55,3042.15,3021.65,3059.63,90372,2765.05,5368, 80971, 89.60,-0.31
TEAMLEASE, EQ, 06-Sep-2021,4251.4,4230.0,4394.95,4230.0,4333.0,4286.75,4306.49,19338,832.79,3858, 7072, 36.57,0.83
TEAMLEASE, EQ, 06-Sep-2022,3339.75,3370.0,3370.45,3260.9, 3288.75,3286.05,3340.94,66444,2219.85,2638, 60164, 90.55,-1.61
TEAMLEASE, EQ, 06-Sep-2023,2649.55,2649.55,2720.0,2592.2, 2679.70,2670.75,2654.62,27222,722.64,5742, 13811, 50.73,0.8
TEAMLEASE, EQ, 06-Sep-2024,3156.6,3175.05,3234.65,3080.0,3080.0,3092.35,3162.37,36583,1156.89,7082, 14698, 40.18,-2.04
TEAMLEASE, EQ, 06-Oct-2020,2257.5,2261.0,2298.0,2235.0,2250.0,2254.0,2273.71,4272,97.13,762, 1831, 42.86,-0.16
TEAMLEASE, EQ, 06-Oct-2021,4741.65,4764.0,4933.0,4713.85, 4850.00,4839.2,4840.25,48086,2327.48,7689, 26073, 54.22,2.06
TEAMLEASE, EQ, 06-Oct-2022,3085.7,3101.0,3145.0,3064.85, 3123.00,3102.55,3109.61,15826,492.13,2947, 12019, 75.94,0.55
TEAMLEASE, EQ, 06-Oct-2023,2644.8,2651.4,2669.95,2630.0, 2643.00,2641.9,2645.36,7739,204.72,2327, 3069, 39.66,-0.11
TEAMLEASE, EQ, 06-Nov-2020,2234.5,2254.2,2339.0,2225.0, 2329.95,2325.6,2308.52,12439,287.16,2311, 6000, 48.24,4.08
TEAMLEASE, EQ, 06-Nov-2023,2386.8,2397.0,2423.8,2351.2, 2399.00,2371.05,2391.92,7726,184.8,2080, 2713, 35.12,-0.66
TEAMLEASE, EQ, 06-Nov-2024,2688.7,2696.5,2880.0,2691.2,2854.95,2846.65,2794.13,47529,1328.02,11457, 25442, 53.53,5.87
TEAMLEASE, EQ, 06-Dec-2021,4124.35,4168.6,4300.0,4107.8, 4122.55,4168.1,4228.46,27974,1182.87,6112, 15438, 55.19,1.06
TEAMLEASE, EQ, 06-Dec-2022,2520.7,2513.15,2539.0,2471.9, 2500.00,2500.9,2500.0,65591,1639.78,5377, 52526, 80.08,-0.79
TEAMLEASE, EQ, 06-Dec-2023,2524.25,2532.0,2532.85,2475.55, 2511.55,2495.3,2505.62,12217,306.11,3994, 5677, 46.47,-1.15
TEAMLEASE, EQ, 06-Dec-2024,2876.1,2851.0,2884.45,2798.35,2818.9,2811.55,2836.55,18495,524.62,4487, 12486, 67.51,-2.24
TEAMLEASE, EQ, 07-Jan-2020,2476.6,2477.0,2550.0,2477.0, 2530.00,2537.15,2496.87,68249,1704.09,1424, 49753, 72.90,2.44
TEAMLEASE, EQ, 07-Jan-2021,2778.65,2780.0,2872.0,2710.2, 2720.05,2738.25,2761.22,48498,1339.13,4051, 39165, 80.76,-1.45
TEAMLEASE, EQ, 07-Jan-2022,4016.4,4020.0,4227.4,3991.25,4199.0,4183.6,4046.63,62222,2517.9,7774, 45493, 73.11,4.16
TEAMLEASE, EQ, 07-Jan-2025,2939.7,2970.0,2988.6,2784.8,2853.15,2856.15,2848.68,78701,2241.94,15397, 34236, 43.50,-2.84
TEAMLEASE, EQ, 07-Feb-2020,2439.65,2470.0,2470.0,2375.0, 2380.00,2379.15,2385.3,53631,1279.26,7918, 47115, 87.85,-2.48
TEAMLEASE, EQ, 07-Feb-2022,4365.05,4388.0,4550.0,4350.0, 4437.00,4417.1,4431.86,18998,841.96,5574, 8227, 43.30,1.19
TEAMLEASE, EQ, 07-Feb-2023,2380.6,2399.0,2467.75,2370.05, 2455.00,2459.4,2424.16,18339,444.57,4765, 8600, 46.89,3.31
TEAMLEASE, EQ, 07-Feb-2024,3042.6,3080.0,3165.9,3018.0, 3100.00,3117.6,3121.73,75954,2371.08,9004, 57140, 75.23,2.46
TEAMLEASE, EQ, 07-Feb-2025,2317.8,2317.8,2337.25,2286.9,2321.0,2316.4,2311.0,9915,229.14,3656, 4456, 44.94,-0.06
TEAMLEASE, EQ, 07-Mar-2022,4009.15,3980.0,4049.15,3843.15, 3960.00,4000.8,3980.0,7992,318.08,2307,4083,51.09,-0.21
TEAMLEASE, EQ, 07-Mar-2024,2950.9,2985.0,2999.0,2851.1, 2985.00,2961.25,2915.05,27753,809.01,7203, 7785, 28.05,0.35
TEAMLEASE, EQ, 07-Mar-2025,1941.0,1951.2,2044.95,1939.55,2025.0,2029.3,2031.63,94937,1928.77,8779, 79256, 83.48,4.55
TEAMLEASE, EQ, 07-Apr-2020,1535.35,1535.0,1579.95,1501.0, 1530.00,1544.55,1548.44,19228,297.73,2280, 13625, 70.86,0.6
TEAMLEASE, EQ, 07-Apr-2021,3710.0,3734.9,3773.95,3666.95,3674.25,3686.3,3699.14,29030,1073.86,3838, 24531, 84.50,-0.64
TEAMLEASE, EQ, 07-Apr-2022,4051.3,4039.7,4184.0,3925.0,3936.0,3937.3,4028.35,38801,1563.04,7187, 19965, 51.45,-2.81
TEAMLEASE, EQ, 07-Apr-2025,1765.4,1700.65,1705.0,1641.2,1700.85,1695.05,1683.48,49617,835.29,14852, 26211, 52.83,-3.98
TEAMLEASE, EQ, 07-May-2020,1559.5,1560.0,1595.0,1560.0, 1561.40,1564.3,1568.22,1173,18.4,308, 564, 48.08,0.31
TEAMLEASE, EQ, 07-May-2021,3346.6,3370.0,3390.0,3275.0, 3339.25,3290.45,3323.81,4366,145.12,1066, 2674, 61.25,-1.68
TEAMLEASE, EQ, 07-May-2024,3141.0,3120.05,3180.0,3120.0,3150.0,3139.95,3156.29,26593,839.35,5113, 21361, 80.33,-0.03
TEAMLEASE, EQ, 07-Jun-2021,3400.5,3465.0,3485.15,3413.15, 3445.00,3436.0,3442.03,12092,416.21,3585, 7259, 60.03,1.04
TEAMLEASE, EQ, 07-Jun-2022,3286.25,3355.0,3355.0,3192.95,3240.0,3220.7,3235.21,6737,217.96,2004, 2648, 39.31,-1.99
TEAMLEASE, EQ, 07-Jun-2023,2149.95,2219.0,2264.75,2202.1, 2215.00,2215.45,2229.79,131538,2933.02,14489, 57677, 43.85,3.05
TEAMLEASE, EQ, 07-Jun-2024,2899.55,2923.95,2993.75,2890.05,2910.0,2908.2,2918.22,43011,1255.16,7919, 24845, 57.76,0.3
TEAMLEASE, EQ, 07-Jul-2020,1746.05,1759.9,1774.05,1737.3, 1757.00,1755.35,1755.02,55858,980.32,2981, 46280, 82.85,0.53
TEAMLEASE, EQ, 07-Jul-2021,3603.85,3639.0,3850.0,3603.85, 3783.00,3783.25,3769.62,123429,4652.81,14043, 66122, 53.57,4.98
TEAMLEASE, EQ, 07-Jul-2022,3408.25,3414.0,3644.4,3414.0, 3606.10,3621.15,3578.8,30855,1104.24,7325, 9919, 32.15,6.25
TEAMLEASE, EQ, 07-Jul-2023,2423.9,2439.0,2449.15,2355.0, 2384.00,2375.9,2386.14,17989,429.24,4448, 9091, 50.54,-1.98
TEAMLEASE, EQ, 07-Aug-2020,2102.35,2101.0,2102.35,2040.0,2064.0,2072.85,2075.43,29694,616.28,3423, 13208, 44.48,-1.4
TEAMLEASE, EQ, 07-Aug-2023,2372.5,2372.55,2421.0,2364.6, 2400.00,2407.6,2403.81,25704,617.87,5250, 17577, 68.38,1.48
TEAMLEASE, EQ, 07-Aug-2024,3021.65,3036.8,3222.0,3016.6,3111.75,3122.05,3117.82,88216,2750.41,16946, 47031, 53.31,3.32
TEAMLEASE, EQ, 07-Sep-2020,2271.2,2300.0,2370.05,2250.65, 2327.10,2339.35,2321.63,9569,222.16,2126, 3267, 34.14,3.0
TEAMLEASE, EQ, 07-Sep-2021,4286.75,4333.0,4425.0,4266.55, 4400.00,4406.75,4372.23,26160,1143.78,5241, 12054, 46.08,2.8
TEAMLEASE, EQ, 07-Sep-2022,3286.05,3296.0,3340.0,3251.0, 3297.15,3302.0,3303.46,11130,367.67,2519, 5995, 53.86,0.49
TEAMLEASE, EQ, 07-Sep-2023,2670.75,2679.7,2684.8,2599.0, 2645.00,2637.45,2628.59,24131,634.3,5814, 11491, 47.62,-1.25
TEAMLEASE, EQ, 07-Oct-2020,2254.0,2254.0,2338.75,2248.35,2291.0,2289.85,2299.24,51471,1183.44,1691, 46381, 90.11,1.59
TEAMLEASE, EQ, 07-Oct-2021,4839.2,4920.0,4925.05,4840.0, 4882.00,4886.15,4867.11,32061,1560.44,5087, 24927, 77.75,0.97
TEAMLEASE, EQ, 07-Oct-2022,3102.55,3118.1,3138.3,2994.1, 3098.00,3082.7,3065.64,10769,330.14,3546, 4358, 40.47,-0.64
TEAMLEASE, EQ, 07-Oct-2024,3041.35,3041.35,3066.95,2916.65,2930.0,2943.55,2966.06,74121,2198.47,5779, 59482, 80.25,-3.22
TEAMLEASE, EQ, 07-Nov-2022,2845.05,2850.0,2864.95,2818.6,2864.0,2847.15,2844.63,32588,927.01,4925, 26839, 82.36,0.07
TEAMLEASE, EQ, 07-Nov-2023,2371.05,2371.05,2503.0,2371.05, 2459.20,2468.75,2464.07,29196,719.41,6133, 11866, 40.64,4.12
TEAMLEASE, EQ, 07-Nov-2024,2846.65,2845.0,2845.0,2539.7,2725.0,2738.1,2717.99,393741,10701.86,39859, 232146, 58.96,-3.81
TEAMLEASE, EQ, 07-Dec-2020,2755.1,2797.0,2880.0,2722.25, 2730.00,2730.2,2776.42,14780,410.36,3884, 5647, 38.21,-0.9
TEAMLEASE, EQ, 07-Dec-2021,4168.1,4196.6,4250.0,4115.25,4146.0,4147.15,4193.55,10364,434.62,3336, 3751, 36.19,-0.5
TEAMLEASE, EQ, 07-Dec-2022,2500.9,2509.0,2509.95,2467.0, 2467.00,2482.1,2490.82,73328,1826.47,1226, 70849, 96.62,-0.75
TEAMLEASE, EQ, 07-Dec-2023,2495.3,2495.0,2510.9,2458.55, 2464.05,2475.85,2484.06,12684,315.08,3968, 6554, 51.67,-0.78
TEAMLEASE, EQ, 08-Jan-2020,2537.15,2485.05,2664.2,2485.05, 2575.00,2598.8,2590.83,24087,624.05,5753, 12401, 51.48,2.43
TEAMLEASE, EQ, 08-Jan-2021,2738.25,2751.95,2787.35,2703.0, 2705.50,2722.15,2745.01,5230,143.56,1508, 2613, 49.96,-0.59
TEAMLEASE, EQ, 08-Jan-2024,3265.3,3156.0,3304.3,3156.0, 3177.95,3223.8,3245.58,18794,609.97,4845, 6887, 36.64,-1.27
TEAMLEASE, EQ, 08-Jan-2025,2856.15,2870.05,2870.05,2817.5,2835.1,2833.9,2837.81,18696,530.56,5352, 12580, 67.29,-0.78
TEAMLEASE, EQ, 08-Feb-2021,3239.65,3343.95,3769.9,3289.35, 3485.00,3505.8,3548.82,200969,7132.02,35385, 43145, 21.47,8.22
TEAMLEASE, EQ, 08-Feb-2022,4417.1,4437.1,4510.0,4300.0,4313.7,4333.1,4353.65,9290,404.45,3443, 4304, 46.33,-1.9
TEAMLEASE, EQ, 08-Feb-2023,2459.4,2480.0,2510.0,2430.05, 2447.00,2448.35,2476.59,13610,337.06,4489, 7581, 55.70,-0.45
TEAMLEASE, EQ, 08-Feb-2024,3117.6,3117.6,3139.25,3020.0, 3080.00,3070.75,3078.93,40833,1257.22,10164, 34261, 83.91,-1.5
TEAMLEASE, EQ, 08-Mar-2021,3414.95,3457.65,3559.95,3400.0, 3407.00,3415.05,3487.26,20558,716.91,3537, 13511, 65.72,0.0
TEAMLEASE, EQ, 08-Mar-2022,4000.8,3979.9,3994.8,3863.05, 3890.00,3907.3,3903.78,23689,924.77,5404, 18042, 76.16,-2.34
TEAMLEASE, EQ, 08-Mar-2023,2536.3,2523.0,2545.85,2521.95, 2525.00,2525.75,2528.32,4622,116.86,1346, 3581, 77.48,-0.42
TEAMLEASE, EQ, 08-Apr-2020,1544.55,1554.95,1639.05,1520.1, 1521.50,1539.5,1570.12,5294,83.12,1162, 2295, 43.35,-0.33
TEAMLEASE, EQ, 08-Apr-2021,3686.3,3686.3,3750.0,3672.0, 3681.15,3684.85,3704.06,6475,239.84,2298, 3613, 55.80,-0.04
TEAMLEASE, EQ, 08-Apr-2022,3937.3,3956.05,4001.55,3900.0, 3900.20,3915.9,3949.0,10777,425.58,3457, 4493, 41.69,-0.54
TEAMLEASE, EQ, 08-Apr-2024,3046.65,3054.95,3069.75,2962.35, 3050.00,3036.8,3042.28,10615,322.94,3156, 5268, 49.63,-0.32
TEAMLEASE, EQ, 08-Apr-2025,1695.05,1750.0,1750.0,1686.05,1744.95,1738.65,1711.56,27168,465.0,6011, 12184, 44.85,2.57
TEAMLEASE, EQ, 08-May-2020,1564.3,1579.95,1582.65,1551.0, 1552.20,1559.6,1566.14,1043,16.33,236, 511, 48.99,-0.3
TEAMLEASE, EQ, 08-May-2023,2028.5,2038.65,2065.0,2031.85, 2065.00,2052.2,2050.24,11507,235.92,1828, 7108, 61.77,1.17
TEAMLEASE, EQ, 08-May-2024,3139.95,3155.65,3270.0,3105.0,3215.1,3192.05,3200.59,10234,327.55,3044, 3743, 36.57,1.66
TEAMLEASE, EQ, 08-Jun-2020,1756.15,1798.95,1800.0,1717.95, 1722.00,1731.2,1739.48,14888,258.97,2837, 8365, 56.19,-1.42
TEAMLEASE, EQ, 08-Jun-2021,3436.0,3475.0,3529.95,3442.35, 3475.00,3460.5,3481.3,9023,314.12,2391, 4241, 47.00,0.71
TEAMLEASE, EQ, 08-Jun-2022,3220.7,3252.9,3352.7,3209.5,3289.0,3297.3,3270.12,19407,634.63,4658, 9287, 47.85,2.38
TEAMLEASE, EQ, 08-Jun-2023,2215.45,2231.95,2240.0,2185.0, 2220.00,2218.45,2210.57,122287,2703.24,7249, 104785, 85.69,0.14
TEAMLEASE, EQ, 08-Jul-2020,1755.35,1765.0,1835.0,1755.05,1805.0,1809.6,1810.3,48478,877.6,3376, 31080, 64.11,3.09
TEAMLEASE, EQ, 08-Jul-2021,3783.25,3797.6,3845.0,3752.05, 3755.25,3768.1,3792.58,34313,1301.35,3548, 22617, 65.91,-0.4
TEAMLEASE, EQ, 08-Jul-2022,3621.15,3625.0,3657.3,3506.2,3534.0,3541.7,3550.82,20921,742.87,3626, 13561, 64.82,-2.19
TEAMLEASE, EQ, 08-Jul-2024,3006.85,3029.75,3034.75,2940.1,2940.1,2953.9,2967.42,21571,640.1,7223, 12421, 57.58,-1.76
TEAMLEASE, EQ, 08-Aug-2022,3232.6,3221.1,3248.75,3201.0,3201.05,3212.15,3220.92,8207,264.34,2982,3017,36.76,-0.63
TEAMLEASE, EQ, 08-Aug-2023,2407.6,2420.3,2420.3,2350.15, 2357.50,2359.4,2369.85,7387,175.06,2776, 3802, 51.47,-2.0
TEAMLEASE, EQ, 08-Aug-2024,3122.05,3118.05,3134.35,3041.05,3075.0,3073.75,3080.9,24733,762.0,5378, 16035, 64.83,-1.55
TEAMLEASE, EQ, 08-Sep-2020,2339.35,2370.0,2370.0,2270.25, 2281.00,2289.9,2306.76,5040,116.26,1101, 2819, 55.93,-2.11
TEAMLEASE, EQ, 08-Sep-2021,4406.75,4428.8,4540.0,4368.35, 4421.00,4444.3,4467.62,29847,1333.45,8024, 7608, 25.49,0.85
TEAMLEASE, EQ, 08-Sep-2022,3302.0,3310.0,3330.5,3256.0, 3275.00,3273.05,3290.92,5194,170.93,1691, 1966, 37.85,-0.88
TEAMLEASE, EQ, 08-Sep-2023,2637.45,2650.0,2688.0,2647.25, 2660.00,2663.85,2664.86,23098,615.53,3701, 16210, 70.18,1.0
TEAMLEASE, EQ, 08-Oct-2020,2289.85,2301.15,2385.8,2301.15,2364.75,2362.6,2364.54,51392,1215.18,3142, 42188, 82.09,3.18
TEAMLEASE, EQ, 08-Oct-2021,4886.15,4925.0,5033.55,4871.5, 5022.00,5008.05,4988.22,30003,1496.62,6184, 16722, 55.73,2.49
TEAMLEASE, EQ, 08-Oct-2024,2943.55,2922.0,3005.6,2902.3,2977.5,2985.15,2958.5,30643,906.57,3985, 23532, 76.79,1.41
TEAMLEASE, EQ, 08-Nov-2021,4813.95,4838.1,5022.55,4641.0, 4740.00,4802.35,4753.7,49076,2332.92,11887, 27572, 56.18,-0.24
TEAMLEASE, EQ, 08-Nov-2023,2468.75,2468.0,2533.95,2446.0, 2500.00,2503.05,2498.04,13333,333.06,2919, 4269, 32.02,1.39
TEAMLEASE, EQ, 08-Nov-2024,2738.1,2738.1,2765.15,2713.05, 2725.00,2734.1,2731.03,84414,2305.37,9647, 58160, 68.90,-0.15
TEAMLEASE, EQ, 08-Dec-2020,2730.2,2763.0,2776.2,2585.0,2620.0,2640.1,2682.89,27586,740.1,4265, 19025, 68.97,-3.3
TEAMLEASE, EQ, 08-Dec-2021,4147.15,4166.6,4271.15,4166.6,4190.0,4197.5,4210.38,38459,1619.27,4345, 27311, 71.01,1.21
TEAMLEASE, EQ, 08-Dec-2022,2482.1,2500.0,2520.0,2430.0, 2443.00,2442.35,2462.98,31502,775.89,7561, 13693, 43.47,-1.6
TEAMLEASE, EQ, 08-Dec-2023,2475.85,2488.25,2488.25,2435.1, 2440.00,2442.2,2455.97,24220,594.84,2191, 20354, 84.04,-1.36
TEAMLEASE, EQ, 09-Jan-2020,2598.8,2645.6,2666.0,2585.0, 2590.00,2601.4,2630.42,21931,576.88,6261, 14952, 68.18,0.1
TEAMLEASE, EQ, 09-Jan-2023,2459.8,2472.1,2517.2,2465.55,2502.0,2500.2,2493.51,4592,114.5,1904, 1700, 37.02,1.64
TEAMLEASE, EQ, 09-Jan-2024,3223.8,3202.0,3281.4,3202.0,3210.0,3222.6,3246.78,68294,2217.36,4710, 59383, 86.95,-0.04
TEAMLEASE, EQ, 09-Jan-2025,2833.9,2845.75,2850.35,2759.3,2799.0,2771.45,2804.94,9093,255.05,3458, 5410, 59.50,-2.2
TEAMLEASE, EQ, 09-Feb-2021,3505.8,3570.0,3714.75,3446.6, 3598.50,3577.15,3585.36,134303,4815.24,18979, 48671, 36.24,2.04
TEAMLEASE, EQ, 09-Feb-2022,4333.1,4360.0,4438.0,4243.3, 4315.00,4351.1,4339.32,89637,3889.64,6132, 76718, 85.59,0.42
TEAMLEASE, EQ, 09-Feb-2023,2448.35,2460.6,2519.15,2447.45, 2517.00,2511.0,2493.18,10442,260.34,3749, 3498, 33.50,2.56
TEAMLEASE, EQ, 09-Feb-2024,3070.75,3104.45,3125.0,2952.0, 2952.00,2993.65,3011.39,13060,393.29,5022, 5905, 45.21,-2.51
TEAMLEASE, EQ, 09-Mar-2020,2350.8,2306.0,2361.3,2272.05, 2330.00,2332.65,2312.84,10995,254.3,3236, 6720, 61.12,-0.77
TEAMLEASE, EQ, 09-Mar-2021,3415.05,3445.0,3510.0,3440.0, 3497.00,3491.05,3488.79,10016,349.44,4042, 5348, 53.39,2.23
TEAMLEASE, EQ, 09-Mar-2022,3907.3,3913.0,3950.5,3889.25, 3920.00,3919.15,3920.71,8684,340.47,1724, 5910, 68.06,0.3
TEAMLEASE, EQ, 09-Mar-2023,2525.75,2529.95,2536.0,2504.5, 2519.45,2510.4,2518.74,3531,88.94,1878, 2141, 60.63,-0.61
TEAMLEASE, EQ, 09-Apr-2020,1539.5,1550.0,1585.0,1520.0, 1537.00,1529.5,1554.32,28369,440.95,1746, 24704, 87.08,-0.65
TEAMLEASE, EQ, 09-Apr-2021,3684.85,3696.0,3701.4,3505.0,3551.0,3554.15,3561.41,21797,776.28,5658, 10814, 49.61,-3.55
TEAMLEASE, EQ, 09-Apr-2024,3036.8,3052.0,3210.0,3046.65, 3205.00,3194.55,3131.35,68695,2151.08,11843, 41759, 60.79,5.19
TEAMLEASE, EQ, 09-Apr-2025,1738.65,1738.65,1815.5,1720.05,1799.9,1790.25,1772.21,13918,246.66,4418, 5743, 41.26,2.97
TEAMLEASE, EQ, 09-May-2022,3573.8,3591.7,3591.7,3399.9, 3500.00,3526.0,3466.8,14802,513.16,4491, 6027, 40.72,-1.34
TEAMLEASE, EQ, 09-May-2023,2052.2,2052.45,2085.0,2007.25,2020.55,2038.0,2064.46,80092,1653.47,6684, 65650, 81.97,-0.69
TEAMLEASE, EQ, 09-May-2024,3192.05,3190.0,3299.0,3187.65,3267.3,3263.25,3245.82,29666,962.9,5734, 21062, 71.00,2.23
TEAMLEASE, EQ, 09-Jun-2020,1731.2,1731.2,1849.4,1725.0, 1770.00,1790.15,1800.96,45924,827.07,7445, 12326, 26.84,3.41
TEAMLEASE, EQ, 09-Jun-2021,3460.5,3492.0,4097.7,3425.0,3650.0,3657.95,3736.43,371663,13886.92,44754, 44502, 11.97,5.71
TEAMLEASE, EQ, 09-Jun-2022,3297.3,3313.8,3313.8,3225.2, 3256.00,3260.0,3260.61,54575,1779.48,1974, 50097, 91.79,-1.13
TEAMLEASE, EQ, 09-Jun-2023,2218.45,2238.0,2334.4,2214.75, 2302.00,2314.05,2272.05,114234,2595.46,11230, 66118, 57.88,4.31
TEAMLEASE, EQ, 09-Jul-2020,1809.6,1834.0,1844.8,1770.0, 1770.00,1787.3,1805.93,13973,252.34,1883, 6863, 49.12,-1.23
TEAMLEASE, EQ, 09-Jul-2021,3768.1,3847.0,3847.0,3749.15,3780.0,3798.3,3794.55,44804,1700.11,5495, 33253, 74.22,0.8
TEAMLEASE, EQ, 09-Jul-2024,2953.9,2968.7,2996.8,2940.8,2967.85,2961.15,2960.78,43597,1290.81,3087, 39097, 89.68,0.25
TEAMLEASE, EQ, 09-Aug-2021,3953.5,3989.7,3989.7,3851.55, 3880.00,3874.8,3883.98,17129,665.29,2133, 13297, 77.63,-1.99
TEAMLEASE, EQ, 09-Aug-2023,2359.4,2371.2,2380.05,2324.0, 2350.00,2354.6,2350.16,5841,137.27,2069, 2469, 42.27,-0.2
TEAMLEASE, EQ, 09-Aug-2024,3073.75,3089.15,3118.25,3011.0,3031.0,3038.6,3062.87,32892,1007.44,6823, 26436, 80.37,-1.14
TEAMLEASE, EQ, 09-Sep-2020,2289.9,2339.4,2339.4,2140.0, 2177.00,2174.1,2186.48,25698,561.88,6671, 10934, 42.55,-5.06
TEAMLEASE, EQ, 09-Sep-2021,4444.3,4452.6,4530.0,4351.35, 4480.00,4501.1,4467.77,14310,639.34,4129, 5532, 38.66,1.28
TEAMLEASE, EQ, 09-Sep-2022,3273.05,3268.0,3323.75,3255.0, 3262.05,3268.55,3289.87,7091,233.28,2807, 2537, 35.78,-0.14
TEAMLEASE, EQ, 09-Sep-2024,3092.35,3092.9,3178.1,3025.0,3164.0,3140.05,3128.23,60684,1898.34,8115, 25731, 42.40,1.54
TEAMLEASE, EQ, 09-Oct-2020,2362.6,2374.35,2381.0,2301.15, 2329.00,2312.15,2334.38,5191,121.18,1069, 1910, 36.79,-2.14
TEAMLEASE, EQ, 09-Oct-2023,2641.9,2641.9,2641.9,2572.2, 2590.00,2590.45,2597.68,14114,366.64,3599, 8595, 60.90,-1.95
TEAMLEASE, EQ, 09-Oct-2024,2985.15,3000.1,3050.4,2974.05,3049.95,3041.5,3025.93,11844,358.39,2833, 6389, 53.94,1.89
TEAMLEASE, EQ, 09-Nov-2020,2325.6,2350.0,2380.0,2304.0, 2360.90,2348.2,2340.41,4171,97.62,954, 2144, 51.40,0.97
TEAMLEASE, EQ, 09-Nov-2021,4802.35,4775.0,4798.55,4664.0,4676.0,4699.95,4720.07,12269,579.11,2764, 6900, 56.24,-2.13
TEAMLEASE, EQ, 09-Nov-2022,2847.15,2851.9,2868.95,2828.05, 2857.00,2843.35,2838.8,31770,901.89,3305, 26580, 83.66,-0.13
TEAMLEASE, EQ, 09-Nov-2023,2503.05,2520.0,2521.25,2460.1, 2491.30,2490.85,2495.52,51193,1277.53,3486, 43513, 85.00,-0.49
TEAMLEASE, EQ, 09-Dec-2020,2640.1,2645.0,2669.95,2570.0,2594.0,2594.3,2601.88,25540,664.52,7778, 13975, 54.72,-1.73
TEAMLEASE, EQ, 09-Dec-2021,4197.5,4218.5,4228.15,4079.3, 4092.00,4094.7,4178.27,62163,2597.34,2182, 57799, 92.98,-2.45
TEAMLEASE, EQ, 09-Dec-2022,2442.35,2444.0,2494.0,2444.0, 2483.00,2475.65,2471.18,18430,455.44,2648, 12227, 66.34,1.36
TEAMLEASE, EQ, 09-Dec-2024,2811.55,2815.0,2848.65,2740.3,2762.95,2752.5,2789.56,36123,1007.67,6596, 23490, 65.03,-2.1
TEAMLEASE, EQ, 10-Jan-2020,2601.4,2615.75,2720.0,2592.85, 2654.00,2641.95,2652.76,29217,775.06,3875, 19659, 67.29,1.56
TEAMLEASE, EQ, 10-Jan-2022,4183.6,4210.0,4246.45,4075.55,4119.35,4123.25,4150.87,28877,1198.65,2952, 23359, 80.89,-1.44
TEAMLEASE, EQ, 10-Jan-2023,2500.2,2500.2,2530.0,2480.0,2493.0,2495.65,2503.92,4644,116.28,1951, 1766, 38.03,-0.18
TEAMLEASE, EQ, 10-Jan-2024,3222.6,3222.6,3255.95,3147.2, 3188.00,3174.6,3200.74,155024,4961.91,8367, 136008, 87.73,-1.49
TEAMLEASE, EQ, 10-Jan-2025,2771.45,2775.0,2793.2,2715.0,2717.1,2733.05,2752.54,12454,342.8,3724, 6677, 53.61,-1.39
TEAMLEASE, EQ, 10-Feb-2020,2379.15,2387.7,2387.7,2256.05, 2375.00,2354.15,2301.78,42900,987.46,6104, 30130, 70.23,-1.05
TEAMLEASE, EQ, 10-Feb-2021,3577.15,3595.0,3595.0,3350.0,3399.75,3418.7,3484.96,68590,2390.33,7273, 50191, 73.18,-4.43
TEAMLEASE, EQ, 10-Feb-2022,4351.1,4354.9,4354.9,4112.1,4128.0,4168.1,4222.57,10066,425.04,3155, 5041, 50.08,-4.21
TEAMLEASE, EQ, 10-Feb-2023,2511.0,2523.55,2574.0,2475.0, 2488.00,2490.3,2530.66,9432,238.69,3066, 3529, 37.42,-0.82
TEAMLEASE, EQ, 10-Feb-2025,2316.4,2330.4,2330.4,2233.8,2235.1,2248.55,2266.72,10702,242.58,3928, 4886, 45.66,-2.93
TEAMLEASE, EQ, 10-Mar-2021,3491.05,3508.55,3540.0,3490.0, 3520.00,3521.4,3511.54,20653,725.24,6013, 16675, 80.74,0.87
TEAMLEASE, EQ, 10-Mar-2022,3919.15,3989.95,3989.95,3723.85, 3725.05,3740.45,3833.79,65349,2505.34,12690, 44499, 68.09,-4.56
TEAMLEASE, EQ, 10-Mar-2023,2510.4,2510.4,2524.0,2484.3, 2509.00,2505.25,2501.92,3335,83.44,1676, 1740, 52.17,-0.21
TEAMLEASE, EQ, 10-Mar-2025,2029.3,2036.0,2039.4,1950.3,1991.0,2011.55,1995.99,20379,406.76,4845, 9480, 46.52,-0.87
TEAMLEASE, EQ, 10-Apr-2023,2159.6,2159.95,2210.0,2154.05, 2190.00,2193.0,2179.79,19785,431.27,2673, 13618, 68.83,1.55
TEAMLEASE, EQ, 10-Apr-2024,3194.55,3210.55,3475.7,3170.0, 3370.00,3350.95,3330.05,148036,4929.68,17627, 96156, 64.95,4.9
TEAMLEASE, EQ, 10-May-2021,3290.45,3345.0,3345.0,3220.0, 3245.00,3231.4,3257.64,7090,230.97,1593, 4610, 65.02,-1.79
TEAMLEASE, EQ, 10-May-2022,3526.0,3543.0,3586.95,3418.0, 3530.00,3538.85,3484.34,9830,342.51,3111, 3826, 38.92,0.36
TEAMLEASE, EQ, 10-May-2023,2038.0,2048.7,2092.25,2039.75,2075.0,2074.6,2064.65,24720,510.38,6381, 11888, 48.09,1.8
TEAMLEASE, EQ, 10-May-2024,3263.25,3263.25,3350.0,3202.6,3254.75,3236.95,3235.57,70979,2296.57,6093, 55290, 77.90,-0.81
TEAMLEASE, EQ, 10-Jun-2020,1790.15,1780.0,1782.0,1673.85, 1722.00,1725.95,1726.03,51298,885.42,4469, 27399, 53.41,-3.59
TEAMLEASE, EQ, 10-Jun-2021,3657.95,3797.0,3844.95,3603.0, 3670.00,3635.25,3743.15,82271,3079.52,11795, 18248, 22.18,-0.62
TEAMLEASE, EQ, 10-Jun-2022,3260.0,3240.0,3289.9,3168.0,3235.0,3234.75,3231.94,22630,731.39,4988, 14695, 64.94,-0.77
TEAMLEASE, EQ, 10-Jun-2024,2908.2,2951.8,2977.0,2884.2,2958.85,2941.4,2951.49,10311,304.33,2447, 5375, 52.13,1.14
TEAMLEASE, EQ, 10-Jul-2020,1787.3,1788.7,1830.0,1782.3,1785.1,1809.35,1808.86,50481,913.13,3048, 25768, 51.04,1.23
TEAMLEASE, EQ, 10-Jul-2023,2375.9,2375.9,2423.0,2373.45,2409.95,2414.15,2403.03,9134,219.49,2898, 4402, 48.19,1.61
TEAMLEASE, EQ, 10-Jul-2024,2961.15,2975.0,3081.7,2961.0,2970.0,2979.95,3027.88,68189,2064.68,11566, 29807, 43.71,0.63
TEAMLEASE, EQ, 10-Aug-2020,2072.85,2098.95,2127.3,2070.0, 2088.00,2092.25,2084.73,83265,1735.85,3803, 73535, 88.31,0.94
TEAMLEASE, EQ, 10-Aug-2021,3874.8,3918.0,3918.0,3680.0, 3789.45,3781.65,3798.48,16933,643.2,3264, 10244, 60.50,-2.4
TEAMLEASE, EQ, 10-Aug-2022,3212.15,3202.0,3358.9,3200.0,3245.0,3263.2,3288.12,28722,944.42,8171, 10558, 36.76,1.59
TEAMLEASE, EQ, 10-Aug-2023,2354.6,2331.0,2356.05,2320.0, 2320.00,2324.15,2331.52,9242,215.48,3072, 5416, 58.60,-1.29
TEAMLEASE, EQ, 10-Sep-2020,2174.1,2200.0,2241.7,2170.4, 2180.00,2180.35,2199.01,13042,286.8,2219, 6277, 48.13,0.29
TEAMLEASE, EQ, 10-Sep-2024,3140.05,3155.8,3213.0,3140.3,3197.45,3206.3,3196.95,23989,766.92,6653, 16433, 68.50,2.11
TEAMLEASE, EQ, 10-Oct-2022,3082.7,3082.7,3140.0,3020.1, 3055.05,3065.6,3081.08,6789,209.17,2876, 2360, 34.76,-0.55
TEAMLEASE, EQ, 10-Oct-2023,2590.45,2593.15,2620.0,2512.45, 2559.00,2564.1,2582.06,5764,148.83,1681, 2767, 48.00,-1.02
TEAMLEASE, EQ, 10-Oct-2024,3041.5,3056.75,3087.0,3010.0,3050.0,3060.7,3056.11,9240,282.38,3032, 4512, 48.83,0.63
TEAMLEASE, EQ, 10-Nov-2020,2348.2,2359.8,2494.5,2326.5, 2350.00,2411.5,2412.58,46495,1121.73,3669, 34113, 73.37,2.7
TEAMLEASE, EQ, 10-Nov-2021,4699.95,4650.0,4770.0,4650.0, 4658.00,4670.3,4729.5,23728,1122.22,5891, 14505, 61.13,-0.63
TEAMLEASE, EQ, 10-Nov-2022,2843.35,2820.0,2846.35,2322.8, 2497.00,2490.75,2472.39,426816,10552.58,46118, 191004, 44.75,-12.4
TEAMLEASE, EQ, 10-Nov-2023,2490.85,2475.0,2494.05,2444.0,2486.0,2457.6,2454.08,92203,2262.74,4306, 84734, 91.90,-1.33
TEAMLEASE, EQ, 10-Dec-2020,2594.3,2605.0,2634.0,2546.85, 2600.45,2594.85,2583.76,21284,549.93,5778, 12432, 58.41,0.02
TEAMLEASE, EQ, 10-Dec-2021,4094.7,4128.6,4199.0,4098.2, 4180.00,4165.9,4163.32,39812,1657.5,2160, 36198, 90.92,1.74
TEAMLEASE, EQ, 10-Dec-2024,2752.5,2771.0,2903.05,2771.0,2850.0,2848.2,2850.49,47993,1368.04,13267, 25167, 52.44,3.48
TEAMLEASE, EQ, 11-Jan-2021,2722.15,2701.0,2809.0,2701.0, 2765.00,2756.65,2757.53,7843,216.27,1940, 3507, 44.72,1.27
TEAMLEASE, EQ, 11-Jan-2022,4123.25,4100.0,4179.4,4021.05,4058.9,4065.3,4071.24,24407,993.67,2813, 20039, 82.10,-1.41
TEAMLEASE, EQ, 11-Jan-2023,2495.65,2494.45,2502.05,2480.15, 2484.00,2490.2,2488.68,2032,50.57,819, 922, 45.37,-0.22
TEAMLEASE, EQ, 11-Jan-2024,3174.6,3177.95,3226.5,3120.35, 3150.25,3147.7,3178.97,16881,536.64,5422, 6943, 41.13,-0.85
TEAMLEASE, EQ, 11-Feb-2020,2354.15,2390.0,2414.8,2305.0, 2330.00,2345.1,2331.31,19752,460.48,2887, 11920, 60.35,-0.38
TEAMLEASE, EQ, 11-Feb-2021,3418.7,3449.75,3482.45,3320.0,3395.0,3381.6,3397.56,16260,552.44,4001, 8808, 54.17,-1.09
TEAMLEASE, EQ, 11-Feb-2022,4168.1,4196.0,4211.0,4093.35,4200.0,4165.45,4141.94,24795,1026.99,4162, 18366, 74.07,-0.06
TEAMLEASE, EQ, 11-Feb-2025,2248.55,2275.0,2275.05,2125.7,2181.7,2198.2,2172.79,39817,865.14,14351, 15547, 39.05,-2.24
TEAMLEASE, EQ, 11-Mar-2020,2332.65,2331.9,2400.8,2305.3, 2350.00,2391.55,2374.4,13464,319.69,3655, 10050, 74.64,2.53
TEAMLEASE, EQ, 11-Mar-2022,3740.45,3744.75,3780.0,3663.3, 3767.00,3733.15,3700.93,25109,929.27,6886, 14252, 56.76,-0.2
TEAMLEASE, EQ, 11-Mar-2024,2961.25,2976.1,2990.85,2900.0, 2944.00,2914.7,2916.72,26173,763.39,9930, 14541, 55.56,-1.57
TEAMLEASE, EQ, 11-Mar-2025,2011.55,1995.0,2070.25,1962.05,2000.0,2003.55,2009.68,28008,562.87,6843, 14705, 52.50,-0.4
TEAMLEASE, EQ, 11-Apr-2022,3915.9,3995.0,4010.0,3880.0,3910.0,3920.15,3958.44,8889,351.87,2767, 3716, 41.80,0.11
TEAMLEASE, EQ, 11-Apr-2023,2193.0,2204.0,2204.0,2112.0, 2164.00,2166.9,2166.92,67699,1466.98,5793, 51517, 76.10,-1.19
TEAMLEASE, EQ, 11-Apr-2025,1790.25,1817.3,1817.3,1772.05,1800.35,1808.0,1796.23,15939,286.3,4545, 6539, 41.03,0.99
TEAMLEASE, EQ, 11-May-2020,1559.6,1580.0,1580.0,1535.05, 1536.00,1539.15,1548.03,1713,26.52,397, 952, 55.58,-1.31
TEAMLEASE, EQ, 11-May-2021,3231.4,3280.0,3291.85,3200.0, 3250.00,3234.6,3242.73,7730,250.66,1707, 4357, 56.36,0.1
TEAMLEASE, EQ, 11-May-2022,3538.85,3556.55,3755.0,3400.75,3428.6,3456.75,3607.48,42779,1543.24,12317, 9318, 21.78,-2.32
TEAMLEASE, EQ, 11-May-2023,2074.6,2100.0,2310.0,2090.0, 2260.00,2273.55,2213.06,322490,7136.9,34521, 107606, 33.37,9.59
TEAMLEASE, EQ, 11-Jun-2020,1725.95,1728.0,1749.95,1697.0, 1702.00,1703.35,1714.78,23934,410.42,3388, 13734, 57.38,-1.31
TEAMLEASE, EQ, 11-Jun-2021,3635.25,3700.0,3750.0,3675.0, 3690.00,3697.25,3711.29,27307,1013.44,6100, 9431, 34.54,1.71
TEAMLEASE, EQ, 11-Jun-2024,2941.4,2950.0,2968.85,2842.35,2860.5,2856.5,2895.39,63437,1836.75,9600, 42864, 67.57,-2.89
TEAMLEASE, EQ, 11-Jul-2022,3541.7,3505.0,3650.0,3473.25,3620.0,3597.75,3586.79,12144,435.58,3403, 6286, 51.76,1.58
TEAMLEASE, EQ, 11-Jul-2023,2414.15,2424.1,2427.0,2376.15, 2411.00,2407.4,2409.0,9841,237.07,2451, 3549, 36.06,-0.28
TEAMLEASE, EQ, 11-Jul-2024,2979.95,3000.0,3000.0,2837.0,2851.1,2856.85,2881.95,148435,4277.82,8438, 123882, 83.46,-4.13
TEAMLEASE, EQ, 11-Aug-2020,2092.25,2137.0,2137.0,2050.7,2053.5,2069.6,2076.46,63374,1315.94,1946, 57952, 91.44,-1.08
TEAMLEASE, EQ, 11-Aug-2021,3781.65,3760.0,3940.0,3691.15, 3781.05,3791.5,3842.88,24168,928.75,5676, 6598, 27.30,0.26
TEAMLEASE, EQ, 11-Aug-2022,3263.2,3282.0,3319.0,3240.0,3251.05,3259.6,3277.14,8585,281.34,3273, 3470, 40.42,-0.11
TEAMLEASE, EQ, 11-Aug-2023,2324.15,2336.4,2339.0,2290.0, 2299.30,2297.6,2306.82,8754,201.94,1925, 5118, 58.46,-1.14
TEAMLEASE, EQ, 11-Sep-2020,2180.35,2166.0,2195.1,2166.0, 2185.00,2180.9,2181.45,2709,59.1,673, 1433, 52.90,0.03
TEAMLEASE, EQ, 11-Sep-2023,2663.85,2670.0,2699.0,2665.0, 2690.95,2690.6,2689.05,32383,870.8,6987, 21776, 67.25,1.0
TEAMLEASE, EQ, 11-Sep-2024,3206.3,3222.5,3259.95,3111.5,3131.25,3128.8,3185.86,16345,520.73,4265, 7635, 46.71,-2.42
TEAMLEASE, EQ, 11-Oct-2021,5008.05,5030.0,5550.0,4950.0, 5290.00,5280.75,5237.91,75207,3939.27,14702, 31034, 41.26,5.45
TEAMLEASE, EQ, 11-Oct-2022,3065.6,3080.95,3103.95,2998.9, 3060.00,3054.3,3047.01,8632,263.02,2728, 4226, 48.96,-0.37
TEAMLEASE, EQ, 11-Oct-2023,2564.1,2564.1,2601.95,2564.1, 2595.00,2586.35,2586.69,6752,174.65,1924, 4222, 62.53,0.87
TEAMLEASE, EQ, 11-Oct-2024,3060.7,3060.7,3060.7,2993.35,3003.7,3013.8,3012.33,25578,770.49,3517, 17983, 70.31,-1.53
TEAMLEASE, EQ, 11-Nov-2020,2411.5,2426.0,2492.0,2337.0, 2390.00,2382.45,2420.31,64654,1564.83,2012, 58482, 90.45,-1.2
TEAMLEASE, EQ, 11-Nov-2021,4670.3,4630.0,4729.95,4625.1, 4660.00,4664.4,4690.81,31828,1492.99,6253, 26404, 82.96,-0.13
TEAMLEASE, EQ, 11-Nov-2022,2490.75,2600.0,2600.0,2333.45,2350.0,2353.95,2404.7,159586,3837.57,24451, 75813, 47.51,-5.49
TEAMLEASE, EQ, 11-Nov-2024,2734.1,2700.75,2760.4,2697.0, 2757.00,2751.4,2748.12,12066,331.59,3950, 5470, 45.33,0.63
TEAMLEASE, EQ, 11-Dec-2020,2594.85,2594.85,2732.0,2555.0, 2680.00,2704.8,2665.09,39192,1044.5,7952, 20727, 52.89,4.24
TEAMLEASE, EQ, 11-Dec-2023,2442.2,2442.2,2455.45,2425.95, 2440.00,2436.3,2439.54,64281,1568.16,3302, 53715, 83.56,-0.24
TEAMLEASE, EQ, 11-Dec-2024,2848.2,2848.2,2890.0,2801.0,2803.0,2813.5,2838.53,10247,290.86,3499, 6408, 62.54,-1.22
TEAMLEASE, EQ, 12-Jan-2021,2756.65,2770.0,2825.0,2737.55, 2771.00,2774.05,2789.78,10678,297.89,1905, 4111, 38.50,0.63
TEAMLEASE, EQ, 12-Jan-2022,4065.3,4109.35,4194.75,4021.0,4140.0,4127.45,4111.57,15996,657.69,4864, 6611, 41.33,1.53
TEAMLEASE, EQ, 12-Jan-2023,2490.2,2479.9,2515.0,2479.9, 2500.00,2510.75,2497.71,4709,117.62,1176, 2621, 55.66,0.83
TEAMLEASE, EQ, 12-Jan-2024,3147.7,3145.9,3325.3,3145.9,3203.25,3197.6,3244.86,202824,6581.36,15934, 149252, 73.59,1.59
TEAMLEASE, EQ, 12-Feb-2020,2345.1,2390.0,2400.0,2331.9, 2365.00,2371.55,2374.01,5092,120.88,1101, 2784, 54.67,1.13
TEAMLEASE, EQ, 12-Feb-2021,3381.6,3399.0,3404.0,3130.05,3150.0,3200.55,3279.32,16857,552.8,3238, 11115, 65.94,-5.35
TEAMLEASE, EQ, 12-Feb-2024,2993.65,3008.6,3085.0,2915.55, 3050.00,3048.3,3016.19,24386,735.53,7235, 11596, 47.55,1.83
TEAMLEASE, EQ, 12-Feb-2025,2198.2,2198.2,2198.2,2114.0,2120.0,2122.4,2138.27,13364,285.76,5476, 4887, 36.57,-3.45
TEAMLEASE, EQ, 12-Mar-2020,2391.55,2340.0,2350.0,2193.05, 2329.00,2331.65,2284.09,16410,374.82,5144, 10297, 62.75,-2.5
TEAMLEASE, EQ, 12-Mar-2021,3521.4,3532.1,3650.0,3532.1, 3600.00,3603.95,3590.81,28740,1032.0,7590, 17612, 61.28,2.34
TEAMLEASE, EQ, 12-Mar-2024,2914.7,2914.15,2941.45,2883.05, 2901.30,2901.4,2910.7,30215,879.47,6581, 20605, 68.19,-0.46
TEAMLEASE, EQ, 12-Mar-2025,2003.55,2003.55,2018.0,1965.05,1973.4,1977.65,1979.68,37652,745.39,3600, 29458, 78.24,-1.29
TEAMLEASE, EQ, 12-Apr-2021,3554.15,3600.0,3600.0,3289.05, 3350.00,3349.8,3362.96,30284,1018.44,9279, 17465, 57.67,-5.75
TEAMLEASE, EQ, 12-Apr-2022,3920.15,3938.0,3965.95,3850.0, 3895.00,3891.55,3915.23,48148,1885.1,9310, 36137, 75.05,-0.73
TEAMLEASE, EQ, 12-Apr-2023,2166.9,2166.9,2200.0,2160.05, 2199.00,2190.0,2186.95,10445,228.43,3891, 5530, 52.94,1.07
TEAMLEASE, EQ, 12-Apr-2024,3350.95,3340.0,3423.0,3290.0, 3375.00,3367.05,3360.65,94676,3181.73,13478, 65656, 69.35,0.48
TEAMLEASE, EQ, 12-May-2020,1539.15,1551.0,1551.0,1501.6, 1502.20,1507.1,1515.78,2841,43.06,626, 1418, 49.91,-2.08
TEAMLEASE, EQ, 12-May-2021,3234.6,3250.8,3265.15,3170.0,3170.0,3196.55,3202.15,6814,218.19,1268, 4754, 69.77,-1.18
TEAMLEASE, EQ, 12-May-2022,3456.75,3402.55,3511.0,3400.0,3499.6,3445.2,3443.68,17347,597.37,4009, 7893, 45.50,-0.33
TEAMLEASE, EQ, 12-May-2023,2273.55,2250.0,2330.0,2152.35, 2225.00,2215.4,2261.71,57894,1309.4,9412, 15076, 26.04,-2.56
TEAMLEASE, EQ, 12-Jun-2020,1703.35,1675.0,1717.25,1652.35, 1679.00,1682.1,1679.89,23526,395.21,1945, 17132, 72.82,-1.25
TEAMLEASE, EQ, 12-Jun-2023,2314.05,2320.0,2391.1,2319.95, 2362.00,2354.6,2361.21,126734,2992.46,10028, 100902, 79.62,1.75
TEAMLEASE, EQ, 12-Jun-2024,2856.5,2888.0,2890.0,2855.0,2866.4,2860.65,2863.63,39239,1123.66,4772, 31546, 80.39,0.15
TEAMLEASE, EQ, 12-Jul-2021,3798.3,3798.5,3846.9,3746.0, 3760.00,3788.9,3789.49,22711,860.63,3478, 11416, 50.27,-0.25
TEAMLEASE, EQ, 12-Jul-2022,3597.75,3597.7,3597.7,3489.8,3510.0,3511.85,3517.34,10293,362.04,3563, 4649, 45.17,-2.39
TEAMLEASE, EQ, 12-Jul-2023,2407.4,2408.8,2418.9,2392.0, 2410.00,2407.2,2405.93,50548,1216.15,2043, 46083, 91.17,-0.01
TEAMLEASE, EQ, 12-Jul-2024,2856.85,2833.05,2980.8,2833.05,2905.0,2902.7,2921.28,68933,2013.73,13131, 31040, 45.03,1.6
TEAMLEASE, EQ, 12-Aug-2020,2069.6,2089.5,2089.8,2040.0,2064.0,2062.35,2052.79,52586,1079.48,2188, 41702, 79.30,-0.35
TEAMLEASE, EQ, 12-Aug-2021,3791.5,3825.0,3977.0,3810.5, 3915.00,3893.0,3870.19,13502,522.55,3740, 5143, 38.09,2.68
TEAMLEASE, EQ, 12-Aug-2022,3259.6,3227.0,3325.0,3227.0,3270.0,3279.2,3297.43,20286,668.92,4009, 13291, 65.52,0.6
TEAMLEASE, EQ, 12-Aug-2024,3038.6,3095.0,3131.9,3048.05,3099.85,3094.4,3089.18,33403,1031.88,7652, 17617, 52.74,1.84
TEAMLEASE, EQ, 12-Sep-2022,3268.55,3268.55,3350.0,3265.6, 3285.00,3295.35,3300.81,28249,932.44,2674, 24940, 88.29,0.82
TEAMLEASE, EQ, 12-Sep-2023,2690.6,2695.0,2739.95,2539.95, 2570.00,2559.1,2607.56,80135,2089.56,18437, 46279, 57.75,-4.89
TEAMLEASE, EQ, 12-Sep-2024,3128.8,3160.1,3160.1,3069.0,3098.8,3091.95,3095.64,22250,688.78,3843, 14064, 63.21,-1.18
TEAMLEASE, EQ, 12-Oct-2020,2312.15,2301.0,2350.0,2280.0, 2304.70,2320.2,2330.4,4906,114.33,1141, 2768, 56.42,0.35
TEAMLEASE, EQ, 12-Oct-2021,5280.75,5299.0,5375.5,5180.0, 5233.00,5221.1,5242.07,31552,1653.98,3568, 23924, 75.82,-1.13
TEAMLEASE, EQ, 12-Oct-2022,3054.3,3061.0,3098.0,3027.1, 3040.00,3040.9,3063.17,4120,126.2,1121, 2662, 64.61,-0.44
TEAMLEASE, EQ, 12-Oct-2023,2586.35,2586.5,2640.0,2575.55, 2638.00,2617.9,2598.04,21267,552.52,2898, 17511, 82.34,1.22
TEAMLEASE, EQ, 12-Nov-2020,2382.45,2351.55,2379.4,2341.75, 2361.00,2358.6,2359.18,4900,115.6,1668, 2029, 41.41,-1.0
TEAMLEASE, EQ, 12-Nov-2021,4664.4,4699.95,4745.0,4655.0, 4655.00,4667.8,4681.68,9679,453.14,2102, 3710, 38.33,0.07
TEAMLEASE, EQ, 12-Nov-2024,2751.4,2751.0,2839.4,2745.2,2811.5,2765.7,2788.24,22291,621.53,6684, 10416, 46.73,0.52
TEAMLEASE, EQ, 12-Dec-2022,2475.65,2482.0,2550.0,2464.95, 2510.05,2529.05,2508.47,49087,1231.33,4274, 36192, 73.73,2.16
TEAMLEASE, EQ, 12-Dec-2023,2436.3,2448.5,2497.45,2430.1, 2466.00,2476.65,2475.78,21933,543.01,5113, 11505, 52.46,1.66
TEAMLEASE, EQ, 12-Dec-2024,2813.5,2827.65,2878.4,2816.4,2846.2,2849.6,2851.17,73402,2092.82,4809, 61128, 83.28,1.28
TEAMLEASE, EQ, 13-Jan-2020,2641.95,2690.0,2690.0,2649.4, 2679.75,2676.5,2673.38,5016,134.1,1044, 3257, 64.93,1.31
TEAMLEASE, EQ, 13-Jan-2021,2774.05,2795.0,2824.55,2770.05, 2822.00,2811.2,2804.95,39718,1114.07,6444, 23134, 58.25,1.34
TEAMLEASE, EQ, 13-Jan-2022,4127.45,4180.0,4180.0,4109.0, 4130.00,4134.5,4132.4,27997,1156.95,3141, 22987, 82.11,0.17
TEAMLEASE, EQ, 13-Jan-2023,2510.75,2523.0,2523.0,2481.1,2481.1,2498.45,2500.11,31499,787.51,599, 30791, 97.75,-0.49
TEAMLEASE, EQ, 13-Jan-2025,2733.05,2733.05,2787.45,2643.75,2658.6,2667.65,2668.68,12469,332.76,3658, 6706, 53.78,-2.39
TEAMLEASE, EQ, 13-Feb-2020,2371.55,2380.0,2422.0,2365.95, 2402.00,2400.85,2386.48,20947,499.9,1077, 3689, 17.61,1.24
TEAMLEASE, EQ, 13-Feb-2023,2490.3,2490.3,2529.95,2451.0,2460.0,2461.75,2483.71,5983,148.6,2572, 3315, 55.41,-1.15
TEAMLEASE, EQ, 13-Feb-2024,3048.3,3094.0,3094.0,2921.0, 3034.00,3015.2,2989.16,13999,418.45,4277, 4324, 30.89,-1.09
TEAMLEASE, EQ, 13-Feb-2025,2122.4,2122.4,2179.5,2090.0,2090.0,2107.55,2108.36,68562,1445.54,12023, 51142, 74.59,-0.7
TEAMLEASE, EQ, 13-Mar-2020,2331.65,2202.0,2643.4,2100.0, 2300.00,2314.4,2320.59,25664,595.56,6831, 18100, 70.53,-0.74
TEAMLEASE, EQ, 13-Mar-2023,2505.25,2500.0,2516.95,2482.8, 2505.00,2503.75,2497.5,10598,264.68,3597, 7263, 68.53,-0.06
TEAMLEASE, EQ, 13-Mar-2024,2901.4,2903.7,2924.1,2785.6, 2849.00,2846.45,2888.54,65607,1895.08,6248, 54516, 83.09,-1.89
TEAMLEASE, EQ, 13-Mar-2025,1977.65,1992.15,2033.25,1952.7,2000.0,2005.4,2002.06,26578,532.11,5510, 13399, 50.41,1.4
TEAMLEASE, EQ, 13-Apr-2020,1529.5,1555.0,1635.0,1530.0, 1533.00,1546.75,1573.96,18872,297.04,3404,10453,59.1,1.13
TEAMLEASE, EQ, 13-Apr-2021,3349.8,3312.1,3416.35,3250.0, 3336.05,3370.75,3337.43,16977,566.59,5994, 7105, 41.85,0.63
TEAMLEASE, EQ, 13-Apr-2022,3891.55,3925.0,3943.45,3765.2,3790.0,3785.2,3811.12,25037,954.19,5919, 15832, 63.23,-2.73
TEAMLEASE, EQ, 13-Apr-2023,2190.0,2199.6,2200.15,2178.05, 2199.00,2190.95,2190.89,9163,200.75,2999, 4096, 44.70,0.04
TEAMLEASE, EQ, 13-May-2020,1507.1,1550.0,1588.0,1490.0,1498.0,1495.75,1530.28,28367,434.09,2680, 20724, 73.06,-0.75
TEAMLEASE, EQ, 13-May-2022,3445.2,3475.0,3503.95,3412.7,3460.0,3452.7,3448.94,7867,271.33,3462, 3333, 42.37,0.22
TEAMLEASE, EQ, 13-May-2024,3236.95,3269.0,3269.0,3178.0,3242.5,3234.5,3216.83,14832,477.12,5492, 7637, 51.49,-0.08
TEAMLEASE, EQ, 13-Jun-2022,3234.75,3231.0,3231.0,3036.05,3060.5,3067.0,3085.87,10016,309.08,3425, 4922, 49.14,-5.19
TEAMLEASE, EQ, 13-Jun-2023,2354.6,2376.55,2376.55,2319.35, 2350.00,2349.85,2344.98,31029,727.62,7411, 18679, 60.20,-0.2
TEAMLEASE, EQ, 13-Jun-2024,2860.65,2862.0,2945.0,2854.75,2930.0,2913.9,2900.54,51368,1489.95,10419, 30385, 59.15,1.86
TEAMLEASE, EQ, 13-Jul-2020,1809.35,1829.8,1829.8,1798.15, 1800.00,1800.5,1808.37,7220,130.56,881, 1941, 26.88,-0.49
TEAMLEASE, EQ, 13-Jul-2021,3788.9,3812.9,3843.0,3700.0, 3744.95,3762.25,3773.77,15808,596.56,3861, 5644, 35.70,-0.7
TEAMLEASE, EQ, 13-Jul-2022,3511.85,3519.0,3567.55,3436.15,3520.0,3520.9,3497.33,14334,501.31,6416, 6440, 44.93,0.26
TEAMLEASE, EQ, 13-Jul-2023,2407.2,2419.9,2429.0,2367.05, 2400.00,2393.6,2409.57,10781,259.78,3490, 5102, 47.32,-0.56
TEAMLEASE, EQ, 13-Aug-2020,2062.35,2088.0,2206.7,2072.65, 2160.00,2159.05,2149.85,52315,1124.7,6954, 25808, 49.33,4.69
TEAMLEASE, EQ, 13-Aug-2021,3893.0,3945.0,4056.7,3912.75,4002.0,4013.5,4009.71,45986,1843.9,4773, 30919, 67.24,3.1
TEAMLEASE, EQ, 13-Aug-2024,3094.4,3100.0,3171.1,3075.35,3130.0,3144.2,3139.24,56243,1765.6,18028, 35911, 63.85,1.61
TEAMLEASE, EQ, 13-Sep-2021,4501.1,4488.0,4530.0,4453.3, 4500.00,4509.9,4498.17,8824,396.92,2822, 3147, 35.66,0.2
TEAMLEASE, EQ, 13-Sep-2022,3295.35,3272.1,3340.0,3258.0, 3280.00,3275.6,3291.74,7731,254.48,2442, 4040, 52.26,-0.6
TEAMLEASE, EQ, 13-Sep-2023,2559.1,2540.15,2611.05,2478.75, 2570.00,2564.65,2548.52,21614,550.84,4792, 9194, 42.54,0.22
TEAMLEASE, EQ, 13-Sep-2024,3091.95,3107.45,3171.65,3077.0,3110.0,3136.5,3127.19,28428,889.0,4616, 12654, 44.51,1.44
TEAMLEASE, EQ, 13-Oct-2020,2320.2,2304.7,2390.0,2276.45, 2380.00,2349.9,2330.0,10965,255.48,1830, 5320, 48.52,1.28
TEAMLEASE, EQ, 13-Oct-2021,5221.1,5247.25,5275.45,5067.8,5120.0,5127.05,5190.33,28540,1481.32,7174, 16265, 56.99,-1.8
TEAMLEASE, EQ, 13-Oct-2022,3040.9,3056.15,3056.15,2990.0,3030.0,3011.25,3009.79,21808,656.38,3652, 15345, 70.36,-0.98
TEAMLEASE, EQ, 13-Oct-2023,2617.9,2609.0,2669.7,2597.0, 2615.00,2613.3,2626.84,25768,676.88,3223, 20191, 78.36,-0.18
TEAMLEASE, EQ, 13-Nov-2020,2358.6,2370.2,2374.35,2310.0,2315.0,2331.85,2351.61,2021,47.53,937, 1171, 57.94,-1.13
TEAMLEASE, EQ, 13-Nov-2023,2478.75,2476.75,2498.95,2450.0, 2482.05,2488.05,2479.81,85012,2108.13,2456, 79375, 93.37,0.38
TEAMLEASE, EQ, 13-Nov-2024,2765.7,2775.0,2800.7,2694.3,2753.8,2716.1,2743.54,12153,333.42,4703, 3986, 32.80,-1.79
TEAMLEASE, EQ, 13-Dec-2021,4165.9,4199.9,4234.8,4140.85,4190.0,4184.35,4188.89,83666,3504.67,2590, 79369, 94.86,0.44
TEAMLEASE, EQ, 13-Dec-2022,2529.05,2512.15,2569.0,2512.15, 2563.00,2559.1,2549.53,17658,450.2,2771, 10661, 60.37,1.19
TEAMLEASE, EQ, 13-Dec-2023,2476.65,2489.05,2526.2,2422.85, 2480.00,2477.3,2460.94,38040,936.14,7305, 20635, 54.25,0.03
TEAMLEASE, EQ, 13-Dec-2024,2849.6,2840.0,2879.95,2798.25,2805.05,2811.0,2849.16,135890,3871.72,6852, 117920, 86.78,-1.35
TEAMLEASE, EQ, 14-Jan-2020,2676.5,2680.05,2780.0,2668.05, 2745.00,2743.2,2745.37,13271,364.34,2975, 8320, 62.69,2.49
TEAMLEASE, EQ, 14-Jan-2021,2811.2,2825.0,2850.0,2717.05, 2820.00,2769.45,2758.36,15414,425.17,3689, 6816, 44.22,-1.49
TEAMLEASE, EQ, 14-Jan-2022,4134.5,4130.0,4275.0,4060.15, 4265.00,4260.05,4210.48,51569,2171.3,4504, 34958, 67.79,3.04
TEAMLEASE, EQ, 14-Jan-2025,2667.65,2645.1,2733.3,2613.1,2668.55,2707.75,2680.14,18643,499.66,7057, 8468, 45.42,1.5
TEAMLEASE, EQ, 14-Feb-2020,2400.85,2413.0,2437.0,2350.0, 2361.35,2365.7,2407.98,35758,861.04,2314, 32060, 89.66,-1.46
TEAMLEASE, EQ, 14-Feb-2022,4165.45,4175.0,4175.0,3880.0,4032.15,4003.75,4019.72,31562,1268.7,6505, 20010, 63.40,-3.88
TEAMLEASE, EQ, 14-Feb-2023,2461.75,2474.0,2487.9,2446.1,2461.0,2473.8,2454.01,12430,305.03,3235, 8924, 71.79,0.49
TEAMLEASE, EQ, 14-Feb-2024,3015.2,2985.0,3069.15,2965.65, 3050.20,3061.3,3037.92,7140,216.91,2175, 2922, 40.92,1.53
TEAMLEASE, EQ, 14-Feb-2025,2107.55,2102.6,2104.5,2025.05,2045.1,2049.95,2049.91,105690,2166.55,6792, 94790, 89.69,-2.73
TEAMLEASE, EQ, 14-Mar-2022,3733.15,3774.0,3810.0,3655.05,3770.0,3785.15,3713.15,15844,588.31,4800, 7699, 48.59,1.39
TEAMLEASE, EQ, 14-Mar-2023,2503.75,2516.3,2516.3,2350.0, 2429.00,2424.9,2426.5,17323,420.34,5604, 9762, 56.35,-3.15
TEAMLEASE, EQ, 14-Mar-2024,2846.45,2805.0,2890.95,2805.0, 2813.00,2842.6,2848.21,75742,2157.29,5754, 65754, 86.81,-0.14
TEAMLEASE, EQ, 14-May-2020,1495.75,1490.0,1549.95,1459.4,1490.1,1486.6,1479.38,6726,99.5,1176, 2844, 42.28,-0.61
TEAMLEASE, EQ, 14-May-2021,3196.55,3200.0,3230.0,3149.45, 3180.00,3164.2,3164.42,18607,588.8,2066, 15773, 84.77,-1.01
TEAMLEASE, EQ, 14-May-2024,3234.5,3240.0,3339.0,3225.1,3250.3,3267.75,3280.58,7035,230.79,2845, 3098, 44.04,1.03
TEAMLEASE, EQ, 14-Jun-2021,3697.25,3779.8,3779.8,3580.0, 3612.00,3610.55,3641.86,15744,573.38,3464, 6096, 38.72,-2.34
TEAMLEASE, EQ, 14-Jun-2022,3067.0,3021.1,3064.0,2938.05, 2990.00,3006.15,3004.76,22290,669.76,7051, 9741, 43.70,-1.98
TEAMLEASE, EQ, 14-Jun-2023,2349.85,2362.0,2380.0,2332.0, 2342.00,2356.8,2357.07,81378,1918.14,3554, 70465, 86.59,0.3
TEAMLEASE, EQ, 14-Jun-2024,2913.9,2943.05,2943.75,2859.95,2888.0,2877.35,2899.12,17401,504.48,3507, 10418, 59.87,-1.25
TEAMLEASE, EQ, 14-Jul-2020,1800.5,1790.1,1833.4,1737.0,1812.5,1800.8,1796.11,14848,266.69,1547, 10253, 69.05,0.02
TEAMLEASE, EQ, 14-Jul-2021,3762.25,3780.0,3967.9,3753.65, 3812.00,3851.2,3855.27,30563,1178.29,5594, 10885, 35.61,2.36
TEAMLEASE, EQ, 14-Jul-2022,3520.9,3520.9,3573.55,3483.5, 3526.00,3519.3,3520.18,7339,258.35,2733, 3125, 42.58,-0.05
TEAMLEASE, EQ, 14-Jul-2023,2393.6,2406.2,2459.9,2390.0,2434.05,2434.65,2419.58,19547,472.95,2776, 13244, 67.75,1.71
TEAMLEASE, EQ, 14-Aug-2020,2159.05,2178.0,2225.0,2085.0, 2120.00,2118.2,2162.68,27069,585.42,4728, 10097, 37.30,-1.89
TEAMLEASE, EQ, 14-Aug-2023,2297.6,2297.6,2309.1,2270.8, 2296.55,2293.65,2287.73,8938,204.48,2173, 5280, 59.07,-0.17
TEAMLEASE, EQ, 14-Aug-2024,3144.2,3150.0,3154.5,3040.05,3080.25,3080.2,3077.81,16273,500.85,3491, 9615, 59.09,-2.04
TEAMLEASE, EQ, 14-Sep-2020,2180.9,2190.0,2478.0,2190.0,2430.6,2423.75,2316.93,205956,4771.86,12967, 167298, 81.23,11.14
TEAMLEASE, EQ, 14-Sep-2021,4509.9,4530.0,4573.55,4489.15, 4573.55,4545.65,4539.32,9239,419.39,2904, 3436, 37.19,0.79
TEAMLEASE, EQ, 14-Sep-2022,3275.6,3275.0,3308.15,3236.0,3255.0,3256.85,3271.38,26614,870.65,1748, 23019, 86.49,-0.57
TEAMLEASE, EQ, 14-Sep-2023,2564.65,2570.0,2645.05,2545.5, 2550.45,2567.55,2594.78,17602,456.73,5908, 7536, 42.81,0.11
TEAMLEASE, EQ, 14-Oct-2020,2349.9,2361.0,2377.4,2325.0, 2360.00,2350.8,2365.01,112278,2655.39,1374, 108613, 96.74,0.04
TEAMLEASE, EQ, 14-Oct-2021,5127.05,5170.0,5176.3,4934.2,4963.35,4982.45,5005.39,34369,1720.3,7895, 22892, 66.61,-2.82
TEAMLEASE, EQ, 14-Oct-2022,3011.25,3027.1,3060.0,2970.0, 2984.00,2979.5,3012.22,9124,274.83,2704, 4793, 52.53,-1.05
TEAMLEASE, EQ, 14-Oct-2024,3013.8,2989.85,3074.1,2951.0,2994.0,3004.55,2990.09,17199,514.27,4919, 7185, 41.78,-0.31
TEAMLEASE, EQ, 14-Nov-2022,2353.95,2365.75,2394.0,2236.0,2295.0,2304.1,2304.25,181218,4175.72,14300, 91049, 50.24,-2.12
TEAMLEASE, EQ, 14-Nov-2024,2716.1,2722.85,2764.8,2714.1, 2739.00,2732.95,2738.06,12203,334.13,5421, 6178, 50.63,0.62
TEAMLEASE, EQ, 14-Dec-2020,2704.8,2704.8,2724.65,2650.0,2672.0,2662.65,2675.03,11168,298.75,3208, 4875, 43.65,-1.56
TEAMLEASE, EQ, 14-Dec-2021,4184.35,4184.0,4212.05,4141.7,4170.0,4168.25,4176.82,3330,139.09,1147, 1431, 42.97,-0.38
TEAMLEASE, EQ, 14-Dec-2022,2559.1,2559.1,2580.25,2525.3, 2557.50,2549.0,2550.51,10251,261.45,2874, 5319, 51.89,-0.39
TEAMLEASE, EQ, 14-Dec-2023,2477.3,2488.6,2595.2,2451.1, 2582.00,2580.7,2524.24,104056,2626.62,9097, 82288, 79.08,4.17
TEAMLEASE, EQ, 15-Jan-2020,2743.2,2744.25,2793.6,2744.25, 2763.95,2759.9,2781.03,9210,256.13,1077, 5037, 54.69,0.61
TEAMLEASE, EQ, 15-Jan-2021,2769.45,2809.45,2809.45,2651.25,2700.0,2706.5,2698.03,16281,439.27,4341, 7535, 46.28,-2.27
TEAMLEASE, EQ, 15-Jan-2024,3197.6,3207.75,3247.9,3172.1, 3210.00,3191.5,3206.19,35857,1149.64,3195, 27448, 76.55,-0.19
TEAMLEASE, EQ, 15-Jan-2025,2707.75,2722.0,2722.0,2662.75,2664.5,2681.35,2684.44,6612,177.5,2945, 2899, 43.84,-0.97
TEAMLEASE, EQ, 15-Feb-2021,3200.55,3200.0,3218.4,3056.0, 3075.50,3077.05,3134.94,26522,831.45,4757, 18319, 69.07,-3.86
TEAMLEASE, EQ, 15-Feb-2022,4003.75,4015.0,4159.9,3981.05,4092.0,4035.8,4099.74,12249,502.18,4733, 4445, 36.29,0.8
TEAMLEASE, EQ, 15-Feb-2023,2473.8,2486.75,2559.95,2465.05, 2540.00,2534.3,2508.81,5594,140.34,2142, 2562, 45.80,2.45
TEAMLEASE, EQ, 15-Feb-2024,3061.3,3016.0,3160.0,3016.0, 3146.00,3144.45,3111.47,10549,328.23,2468, 5196, 49.26,2.72
TEAMLEASE, EQ, 15-Mar-2021,3603.95,3610.0,3650.0,3525.2, 3610.00,3599.3,3593.13,24791,890.77,4481, 20596, 83.08,-0.13
TEAMLEASE, EQ, 15-Mar-2022,3785.15,3784.5,3925.0,3778.55,3872.0,3874.35,3870.17,14952,578.67,3798, 6832, 45.69,2.36
TEAMLEASE, EQ, 15-Mar-2023,2424.9,2437.05,2444.7,2401.5, 2420.00,2428.65,2425.85,4625,112.2,1900, 2455, 53.08,0.15
TEAMLEASE, EQ, 15-Mar-2024,2842.6,2865.7,2876.2,2797.2, 2817.95,2817.85,2815.04,29781,838.35,4217, 20763, 69.72,-0.87
TEAMLEASE, EQ, 15-Apr-2020,1546.75,1589.0,1698.0,1555.15, 1613.00,1637.5,1613.55,24077,388.49,4476, 11669, 48.47,5.87
TEAMLEASE, EQ, 15-Apr-2021,3370.75,3375.75,3444.85,3295.5,3314.95,3321.65,3362.7,17990,604.95,6051, 10457, 58.13,-1.46
TEAMLEASE, EQ, 15-Apr-2024,3367.05,3320.0,3526.15,3233.3, 3300.00,3333.55,3387.23,107283,3633.93,18089, 33745, 31.45,-0.99
TEAMLEASE, EQ, 15-Apr-2025,1808.0,1821.5,1863.9,1813.4,1839.5,1825.1,1835.83,23956,439.79,5848, 12872, 53.73,0.95
TEAMLEASE, EQ, 15-May-2020,1486.6,1486.6,1504.7,1474.55,1490.95,1480.6,1488.05,2642,39.31,490, 1161, 43.94,-0.4
TEAMLEASE, EQ, 15-May-2023,2215.4,2230.05,2269.0,2172.4, 2252.00,2245.9,2210.91,26459,584.98,7027, 8273, 31.27,1.38
TEAMLEASE, EQ, 15-May-2024,3267.75,3298.75,3299.3,3209.95,3285.0,3285.15,3273.94,3915,128.17,1818, 1845, 47.13,0.53
TEAMLEASE, EQ, 15-Jun-2020,1682.1,1712.0,1727.0,1670.0,1673.0,1681.15,1698.43,5069,86.09,1047, 2928, 57.76,-0.06
TEAMLEASE, EQ, 15-Jun-2021,3610.55,3660.0,3700.0,3581.0, 3589.95,3594.05,3634.23,20490,744.65,3856, 9691, 47.30,-0.46
TEAMLEASE, EQ, 15-Jun-2022,3006.15,2969.0,3130.0,2952.0, 3049.90,3085.05,3022.59,18680,564.62,5479, 9656, 51.69,2.62
TEAMLEASE, EQ, 15-Jun-2023,2356.8,2353.9,2353.9,2310.7, 2330.00,2339.15,2334.9,142969,3338.18,4678, 129047, 90.26,-0.75
TEAMLEASE, EQ, 15-Jul-2020,1800.8,1824.8,1888.9,1801.0,1815.0,1821.9,1853.1,28480,527.76,3801, 9411, 33.04,1.17
TEAMLEASE, EQ, 15-Jul-2021,3851.2,3860.0,3889.5,3809.85, 3815.00,3832.6,3859.28,10742,414.56,2674, 5865, 54.60,-0.48
TEAMLEASE, EQ, 15-Jul-2022,3519.3,3536.9,3589.95,3536.9,3575.0,3571.55,3570.29,5637,201.26,2131, 3175, 56.32,1.48
TEAMLEASE, EQ, 15-Jul-2024,2902.7,2905.0,2915.95,2850.75,2868.0,2862.2,2884.96,26995,778.79,4198, 19624, 72.69,-1.4
TEAMLEASE, EQ, 15-Sep-2020,2423.75,2478.0,2549.8,2343.0, 2361.95,2382.45,2466.87,48548,1197.62,6275, 14323, 29.50,-1.7
TEAMLEASE, EQ, 15-Sep-2021,4545.65,4550.0,4766.0,4526.85, 4630.05,4641.65,4624.22,39087,1807.47,9292, 14838, 37.96,2.11
TEAMLEASE, EQ, 15-Sep-2022,3256.85,3258.0,3281.3,3200.2,3202.0,3212.05,3235.37,21558,697.48,1659, 18209, 84.47,-1.38
TEAMLEASE, EQ, 15-Sep-2023,2567.55,2580.4,2643.75,2564.95, 2624.00,2621.05,2606.22,17483,455.65,3648, 9963, 56.99,2.08
TEAMLEASE, EQ, 15-Oct-2020,2350.8,2375.0,2375.0,2284.3, 2291.00,2295.0,2345.07,21092,494.62,1483, 17913, 84.93,-2.37
TEAMLEASE, EQ, 15-Oct-2024,3004.55,3000.5,3040.0,2980.0,3035.0,3032.1,3017.16,10832,326.82,3960, 5523, 50.99,0.92
TEAMLEASE, EQ, 15-Nov-2021,4667.8,4600.0,4600.0,4276.0, 4329.00,4335.5,4354.7,112149,4883.75,18107, 73140, 65.22,-7.12
TEAMLEASE, EQ, 15-Nov-2022,2304.1,2301.0,2420.0,2291.55, 2410.00,2403.35,2392.22,103720,2481.22,8371, 64898, 62.57,4.31
TEAMLEASE, EQ, 15-Nov-2023,2488.05,2500.0,2529.55,2490.3, 2517.00,2519.25,2519.76,44833,1129.68,6034, 36506, 81.43,1.25
TEAMLEASE, EQ, 15-Dec-2020,2662.65,2650.5,2658.45,2605.0,2610.0,2616.85,2625.03,7725,202.78,2045, 3193, 41.33,-1.72
TEAMLEASE, EQ, 15-Dec-2021,4168.25,4185.6,4209.0,4105.0, 4181.65,4179.65,4157.53,12339,513.0,3521, 6464, 52.39,0.27
TEAMLEASE, EQ, 15-Dec-2022,2549.0,2531.0,2570.95,2521.0, 2562.00,2557.75,2548.95,12937,329.76,3196, 6773, 52.35,0.34
TEAMLEASE, EQ, 15-Dec-2023,2580.7,2581.0,2797.0,2581.0, 2700.00,2708.55,2698.55,192471,5193.93,29554, 73878, 38.38,4.95
TEAMLEASE, EQ, 16-Jan-2020,2759.9,2712.0,2769.7,2705.2, 2720.00,2725.0,2720.89,38575,1049.58,2064, 35677, 92.49,-1.26
TEAMLEASE, EQ, 16-Jan-2023,2498.45,2510.95,2547.6,2456.3, 2500.00,2481.55,2515.85,4853,122.09,1870, 1889, 38.92,-0.68
TEAMLEASE, EQ, 16-Jan-2024,3191.5,3207.5,3284.9,3137.7, 3187.50,3177.45,3201.11,26812,858.28,8160, 8506, 31.72,-0.44
TEAMLEASE, EQ, 16-Jan-2025,2681.35,2695.5,2717.5,2681.95,2700.0,2701.85,2706.17,15380,416.21,8030, 9603, 62.44,0.76
TEAMLEASE, EQ, 16-Feb-2021,3077.05,3105.0,3207.95,3054.0, 3080.00,3094.0,3156.71,51360,1621.28,6334, 35846, 69.79,0.55
TEAMLEASE, EQ, 16-Feb-2022,4035.8,4056.0,4173.85,4010.0,4011.1,4080.05,4120.69,8961,369.26,3147, 3853, 43.00,1.1
TEAMLEASE, EQ, 16-Feb-2023,2534.3,2547.0,2551.2,2500.1, 2525.00,2514.15,2530.42,3727,94.31,1507, 1709, 45.85,-0.8
TEAMLEASE, EQ, 16-Feb-2024,3144.45,3166.0,3214.0,3114.3,3179.95,3178.25,3162.88,12216,386.38,3159, 6243, 51.11,1.07
TEAMLEASE, EQ, 16-Mar-2020,2314.4,2300.0,2300.0,2126.05, 2200.00,2199.25,2208.86,19621,433.4,6707, 14709, 74.97,-4.98
TEAMLEASE, EQ, 16-Mar-2021,3599.3,3650.0,3650.0,3351.2, 3395.00,3419.55,3491.9,15794,551.51,4875, 10721, 67.88,-4.99
TEAMLEASE, EQ, 16-Mar-2022,3874.35,3893.75,4010.0,3850.0,3939.0,3974.85,3949.62,17015,672.03,4181, 6874, 40.40,2.59
TEAMLEASE, EQ, 16-Mar-2023,2428.65,2440.0,2449.0,2391.85, 2424.95,2429.55,2420.12,8494,205.56,2768, 5089, 59.91,0.04
TEAMLEASE, EQ, 16-Apr-2020,1637.5,1635.0,1635.0,1571.25, 1585.00,1584.35,1602.86,19486,312.33,4284, 15693, 80.53,-3.25
TEAMLEASE, EQ, 16-Apr-2021,3321.65,3315.1,3365.0,3250.0,3265.0,3257.6,3302.15,9653,318.76,2123, 5722, 59.28,-1.93
TEAMLEASE, EQ, 16-Apr-2024,3333.55,3308.75,3384.5,3252.55, 3252.55,3298.35,3333.53,49745,1658.27,7853, 30515, 61.34,-1.06
TEAMLEASE, EQ, 16-Apr-2025,1825.1,1838.8,1844.9,1810.9,1828.0,1832.2,1827.75,38661,706.63,6530, 28420, 73.51,0.39
TEAMLEASE, EQ, 16-May-2022,3452.7,3460.0,3501.95,3364.55,3410.0,3416.55,3431.8,5684,195.06,1855, 1707, 30.03,-1.05
TEAMLEASE, EQ, 16-May-2023,2245.9,2277.0,2280.0,2212.7,2254.0,2256.05,2255.58,27002,609.05,6148, 11037, 40.87,0.45
TEAMLEASE, EQ, 16-May-2024,3285.15,3301.6,3416.0,3300.0,3365.0,3356.95,3355.69,19866,666.64,5627, 10782, 54.27,2.19
TEAMLEASE, EQ, 16-Jun-2020,1681.15,1682.0,1726.0,1657.75, 1670.00,1664.95,1689.3,6359,107.42,966, 3326, 52.30,-0.96
TEAMLEASE, EQ, 16-Jun-2021,3594.05,3594.05,3598.0,3531.05, 3536.00,3550.05,3548.9,29932,1062.26,3313, 23692, 79.15,-1.22
TEAMLEASE, EQ, 16-Jun-2022,3085.05,3095.6,3232.0,2970.0, 3166.20,3161.8,3096.82,29413,910.87,5412, 18236, 62.00,2.49
TEAMLEASE, EQ, 16-Jun-2023,2339.15,2351.5,2496.7,2320.0, 2377.00,2387.1,2413.01,92481,2231.57,13955, 34699, 37.52,2.05
TEAMLEASE, EQ, 16-Jul-2020,1821.9,1801.0,1880.0,1799.1, 1811.00,1823.55,1824.97,14573,265.95,1724, 6014, 41.27,0.09
TEAMLEASE, EQ, 16-Jul-2021,3832.6,3875.0,3876.0,3812.3, 3859.95,3856.95,3853.62,5631,217.0,1733, 3040, 53.99,0.64
TEAMLEASE, EQ, 16-Jul-2024,2862.2,2876.55,2876.6,2823.55,2831.0,2834.4,2846.38,23578,671.12,4469, 15905, 67.46,-0.97
TEAMLEASE, EQ, 16-Aug-2021,4013.5,4013.0,4200.0,3903.35,4098.0,4126.95,4122.94,37590,1549.81,5102, 17535, 46.65,2.83
TEAMLEASE, EQ, 16-Aug-2022,3279.2,3270.0,3325.0,3270.0,3298.0,3297.8,3304.57,78309,2587.77,8730, 69223, 88.40,0.57
TEAMLEASE, EQ, 16-Aug-2023,2293.65,2291.0,2321.65,2246.9, 2259.95,2253.1,2265.24,19314,437.51,4235, 12892, 66.75,-1.77
TEAMLEASE, EQ, 16-Aug-2024,3080.2,3080.2,3151.0,3080.2,3100.0,3095.15,3117.23,12200,380.3,4108, 3480, 28.52,0.49
TEAMLEASE, EQ, 16-Sep-2020,2382.45,2398.95,2414.95,2365.85,2380.0,2384.6,2391.3,12264,293.27,2719, 5106, 41.63,0.09
TEAMLEASE, EQ, 16-Sep-2021,4641.65,4680.0,4850.0,4650.1,4699.0,4691.65,4760.08,29203,1390.09,8615, 8251, 28.25,1.08
TEAMLEASE, EQ, 16-Sep-2022,3212.05,3212.1,3233.65,3050.0, 3090.00,3101.6,3157.03,8044,253.95,2568, 3970, 49.35,-3.44
TEAMLEASE, EQ, 16-Sep-2024,3136.5,3109.1,3133.45,3063.7,3100.0,3090.75,3089.9,43543,1345.44,5297, 27577, 63.33,-1.46
TEAMLEASE, EQ, 16-Oct-2020,2295.0,2281.0,2385.0,2265.0, 2366.00,2364.85,2318.4,7268,168.5,1774, 2694, 37.07,3.04
TEAMLEASE, EQ, 16-Oct-2023,2613.3,2613.3,2653.4,2560.0, 2571.25,2578.5,2629.6,22334,587.29,3397, 16232, 72.68,-1.33
TEAMLEASE, EQ, 16-Oct-2024,3032.1,3032.15,3055.0,3009.6,3021.3,3045.85,3030.71,8938,270.88,4182, 4627, 51.77,0.45
TEAMLEASE, EQ, 16-Nov-2021,4335.5,4350.0,4382.2,4211.0, 4250.00,4240.65,4296.17,11487,493.5,3604, 6319, 55.01,-2.19
TEAMLEASE, EQ, 16-Nov-2022,2403.35,2403.35,2444.35,2376.0, 2420.00,2437.1,2400.19,159994,3840.16,8433, 140654, 87.91,1.4
TEAMLEASE, EQ, 16-Nov-2023,2519.25,2531.85,2536.45,2453.05, 2490.00,2482.8,2495.66,55633,1388.41,7853, 14628, 26.29,-1.45
TEAMLEASE, EQ, 16-Dec-2020,2616.85,2605.0,2657.85,2605.0, 2605.00,2611.1,2623.66,10082,264.52,2333, 4559, 45.22,-0.22
TEAMLEASE, EQ, 16-Dec-2021,4179.65,4198.6,4198.9,4155.0, 4160.00,4170.1,4171.77,3095,129.12,1248, 1403, 45.33,-0.23
TEAMLEASE, EQ, 16-Dec-2022,2557.75,2562.0,2586.5,2515.0, 2546.00,2559.3,2549.66,11434,291.53,3280, 5713, 49.97,0.06
TEAMLEASE, EQ, 16-Dec-2024,2811.0,2811.0,2860.0,2795.3,2850.0,2851.35,2835.18,8557,242.61,2623, 5108, 59.69,1.44
TEAMLEASE, EQ, 17-Jan-2020,2725.0,2750.0,2813.95,2721.0, 2781.10,2802.1,2773.28,43559,1208.01,2149, 37070, 85.10,2.83
TEAMLEASE, EQ, 17-Jan-2022,4260.05,4205.0,4301.2,4200.0,4229.0,4214.05,4237.74,10015,424.41,3029, 3412, 34.07,-1.08
TEAMLEASE, EQ, 17-Jan-2023,2481.55,2475.05,2496.3,2445.0,2451.5,2455.15,2464.84,3986,98.25,1320, 2021, 50.70,-1.06
TEAMLEASE, EQ, 17-Jan-2024,3177.45,3209.2,3244.75,3124.05, 3128.00,3158.75,3176.51,18477,586.92,5584, 5795, 31.36,-0.59
TEAMLEASE, EQ, 17-Jan-2025,2701.85,2690.0,2716.0,2665.15,2714.9,2699.85,2697.08,15261,411.6,3231, 10726, 70.28,-0.07
TEAMLEASE, EQ, 17-Feb-2020,2365.7,2352.75,2378.0,2283.2, 2367.00,2359.65,2331.98,14495,338.02,4778, 9830, 67.82,-0.26
TEAMLEASE, EQ, 17-Feb-2021,3094.0,3120.0,3186.0,3100.15, 3160.05,3165.5,3142.25,22293,700.5,3966, 17313, 77.66,2.31
TEAMLEASE, EQ, 17-Feb-2022,4080.05,4100.0,4119.95,3953.05,4037.75,4051.4,4026.81,66461,2676.26,6043, 57283, 86.19,-0.7
TEAMLEASE, EQ, 17-Feb-2023,2514.15,2514.2,2549.95,2497.55, 2510.00,2517.65,2523.99,7353,185.59,2863, 2271, 30.89,0.14
TEAMLEASE, EQ, 17-Feb-2025,2049.95,2049.95,2053.1,1971.0,2048.0,2049.6,2035.09,41657,847.76,8147, 27707, 66.51,-0.02
TEAMLEASE, EQ, 17-Mar-2020,2199.25,2135.05,2207.3,2105.0, 2111.05,2143.8,2134.5,47028,1003.81,9846, 39693, 84.40,-2.52
TEAMLEASE, EQ, 17-Mar-2021,3419.55,3415.0,3418.0,3294.4,3373.0,3367.75,3359.52,12824,430.83,3072, 7555, 58.91,-1.51
TEAMLEASE, EQ, 17-Mar-2022,3974.85,3992.0,3994.75,3880.1, 3940.00,3900.9,3922.89,26353,1033.8,3931, 19462, 73.85,-1.86
TEAMLEASE, EQ, 17-Mar-2023,2429.55,2441.7,2441.95,2358.0, 2378.00,2371.15,2389.29,9882,236.11,3268, 4690, 47.46,-2.4
TEAMLEASE, EQ, 17-Mar-2025,2005.4,2011.4,2070.0,2011.25,2051.0,2049.75,2047.53,22256,455.7,3040, 13281, 59.67,2.21
TEAMLEASE, EQ, 17-Apr-2020,1584.35,1625.0,1654.35,1602.0, 1615.00,1623.45,1632.58,14675,239.58,2682, 9407, 64.10,2.47
TEAMLEASE, EQ, 17-Apr-2023,2190.95,2185.05,2198.0,2150.0, 2169.00,2180.95,2179.25,5431,118.36,2360, 2769, 50.99,-0.46
TEAMLEASE, EQ, 17-Apr-2025,1832.2,1832.2,1904.4,1820.5,1855.0,1857.8,1861.7,64469,1200.22,16145, 42989, 66.68,1.4
TEAMLEASE, EQ, 17-May-2021,3164.2,3214.0,3284.4,3166.75,3250.0,3253.9,3254.45,6586,214.34,1810, 2691, 40.86,2.83
TEAMLEASE, EQ, 17-May-2022,3416.55,3433.65,3497.55,3407.75, 3480.00,3483.0,3453.52,3218,111.13,1222, 1297, 40.30,1.94
TEAMLEASE, EQ, 17-May-2023,2256.05,2256.2,2435.0,2255.2, 2314.00,2316.5,2364.83,170325,4027.9,17351, 33528, 19.68,2.68
TEAMLEASE, EQ, 17-May-2024,3356.95,3356.0,3465.0,3330.0,3464.0,3444.3,3413.75,17424,594.81,5361, 9822, 56.37,2.6
TEAMLEASE, EQ, 17-Jun-2020,1664.95,1665.0,1825.0,1660.05,1755.2,1786.5,1753.03,82425,1444.94,8997, 34146, 41.43,7.3
TEAMLEASE, EQ, 17-Jun-2021,3550.05,3531.0,3572.2,3503.35, 3525.00,3533.6,3540.6,17185,608.45,3418, 12269, 71.39,-0.46
TEAMLEASE, EQ, 17-Jun-2022,3161.8,3114.35,3160.3,2910.0,3080.0,3094.65,2997.53,63834,1913.44,14411, 13997, 21.93,-2.12
TEAMLEASE, EQ, 17-Jul-2020,1823.55,1840.0,1850.0,1817.05, 1833.00,1827.0,1835.81,6666,122.38,908, 2502, 37.53,0.19
TEAMLEASE, EQ, 17-Jul-2023,2434.65,2430.0,2497.75,2430.0,2468.0,2451.55,2465.35,14136,348.5,3473, 7164, 50.68,0.69
TEAMLEASE, EQ, 16-Jul-2024,2862.2,2876.55,2876.6,2823.55,2831.0,2834.4,2846.38,23578,671.12,4469, 15905, 67.46,-0.97
TEAMLEASE, EQ, 17-Aug-2020,2118.2,2149.85,2165.0,2061.9, 2099.00,2106.7,2114.42,10306,217.91,2060, 3889, 37.74,-0.54
TEAMLEASE, EQ, 17-Aug-2021,4126.95,4188.0,4228.9,4076.15,4181.0,4176.25,4134.57,35864,1482.82,6500, 20428, 56.96,1.19
TEAMLEASE, EQ, 17-Aug-2022,3297.8,3330.0,3330.5,3225.0, 3245.00,3241.8,3278.55,10976,359.85,3690, 6101, 55.58,-1.7
TEAMLEASE, EQ, 17-Aug-2023,2253.1,2265.0,2276.65,2233.1, 2241.00,2238.65,2251.04,19852,446.88,4254, 13016, 65.57,-0.64
TEAMLEASE, EQ, 17-Sep-2020,2384.6,2415.0,2440.0,2391.65, 2416.00,2421.5,2415.27,6625,160.01,1606, 2522, 38.07,1.55
TEAMLEASE, EQ, 17-Sep-2021,4691.65,4740.0,4772.35,4610.1, 4625.00,4650.9,4667.28,20349,949.74,5836, 12177, 59.84,-0.87
TEAMLEASE, EQ, 17-Sep-2024,3090.75,3076.0,3179.95,3076.0,3160.0,3158.0,3144.18,20531,645.53,4625, 12927, 62.96,2.18
TEAMLEASE, EQ, 17-Oct-2022,2979.5,2994.35,3013.85,2931.05,2980.0,2978.4,2999.83,95941,2878.07,2815, 6317, 6.58,-0.04
TEAMLEASE, EQ, 17-Oct-2023,2578.5,2592.1,2611.25,2552.4,2566.95,2568.8,2582.97,8674,224.05,3222, 4345, 50.09,-0.38
TEAMLEASE, EQ, 17-Oct-2024,3045.85,3011.0,3044.0,2950.05,2990.0,2990.25,2988.4,13138,392.62,3499, 6459, 49.16,-1.83
TEAMLEASE, EQ, 17-Nov-2020,2357.65,2378.6,2424.9,2309.95, 2410.00,2408.5,2386.16,12078,288.2,2983, 7572, 62.69,2.16
TEAMLEASE, EQ, 17-Nov-2021,4240.65,4270.0,4286.4,4100.0, 4130.00,4129.9,4149.62,36307,1506.6,4149, 31217, 85.98,-2.61
TEAMLEASE, EQ, 17-Nov-2022,2437.1,2428.0,2689.95,2415.05, 2560.00,2575.55,2592.43,267276,6928.95,28509, 61341, 22.95,5.68
TEAMLEASE, EQ, 17-Nov-2023,2482.8,2482.8,2569.45,2475.0, 2508.30,2513.2,2536.08,24838,629.91,5766, 11015, 44.35,1.22
TEAMLEASE, EQ, 17-Dec-2020,2611.1,2620.3,2626.45,2551.0, 2552.00,2562.0,2593.27,26548,688.46,3772, 22001, 82.87,-1.88
TEAMLEASE, EQ, 17-Dec-2021,4170.1,4180.6,4185.4,4110.1, 4175.00,4172.15,4171.43,10520,438.83,1752, 7820, 74.33,0.05
TEAMLEASE, EQ, 17-Dec-2024,2851.35,2850.0,2939.9,2835.4,2904.45,2901.8,2901.55,42725,1239.69,11595, 26305, 61.57,1.77
TEAMLEASE, EQ, 18-Jan-2021,2706.5,2711.05,2788.45,2651.0, 2682.00,2697.3,2706.11,8283,224.15,1923, 3440, 41.53,-0.34
TEAMLEASE, EQ, 18-Jan-2022,4214.05,4200.0,4270.0,4128.95, 4200.00,4192.95,4205.38,8327,350.18,2280, 3441, 41.32,-0.5
TEAMLEASE, EQ, 18-Jan-2023,2455.15,2460.0,2499.95,2452.8,2460.0,2467.55,2464.84,2198,54.18,856, 829, 37.72,0.51
TEAMLEASE, EQ, 18-Jan-2024,3158.75,3192.0,3192.0,3026.75, 3116.00,3163.1,3128.23,22953,718.02,8653, 7144, 31.12,0.14
TEAMLEASE, EQ, 18-Feb-2020,2359.65,2363.6,2498.0,2338.15, 2480.55,2438.7,2351.9,77715,1827.78,2165, 74239, 95.53,3.35
TEAMLEASE, EQ, 18-Feb-2021,3165.5,3110.0,3177.95,3050.0,3125.0,3114.95,3134.79,11397,357.27,1964, 8668, 76.06,-1.6
TEAMLEASE, EQ, 18-Feb-2022,4051.4,4025.0,4049.75,3935.0,3979.0,3971.75,4020.28,49387,1985.49,2011, 46614, 94.39,-1.97
TEAMLEASE, EQ, 18-Feb-2025,2049.6,2031.0,2063.85,1966.55,1990.0,1995.15,1993.26,84212,1678.57,7827, 71762, 85.22,-2.66
TEAMLEASE, EQ, 18-Mar-2020,2143.8,2149.35,2264.95,1853.45, 1957.00,1925.8,1981.96,10552,209.14,2622, 6158, 58.36,-10.17
TEAMLEASE, EQ, 18-Mar-2021,3367.75,3399.0,3520.0,3311.25, 3479.95,3398.1,3415.17,22701,775.28,4924, 12883, 56.75,0.9
TEAMLEASE, EQ, 18-Mar-2024,2817.85,2839.65,2848.1,2735.35, 2848.10,2821.15,2789.95,34979,975.9,4929, 26254, 75.06,0.12
TEAMLEASE, EQ, 18-Mar-2025,2049.75,2051.2,2069.2,2030.15,2043.0,2048.45,2051.49,21462,440.29,3871, 15386, 71.69,-0.06
TEAMLEASE, EQ, 18-Apr-2022,3785.2,3750.0,4079.95,3728.0, 3992.20,3956.55,3906.66,47465,1854.29,11425, 15859, 33.41,4.53
TEAMLEASE, EQ, 18-Apr-2023,2180.95,2192.4,2192.4,2159.0, 2165.00,2164.95,2168.38,5880,127.5,2227, 3728, 63.40,-0.73
TEAMLEASE, EQ, 18-Apr-2024,3298.35,3262.3,3355.0,3246.15, 3342.00,3339.0,3315.43,21019,696.87,5896, 9521, 45.30,1.23
TEAMLEASE, EQ, 18-May-2020,1480.6,1515.0,1515.0,1420.0, 1480.00,1484.8,1468.46,6859,100.72,2240, 2973, 43.34,0.28
TEAMLEASE, EQ, 18-May-2021,3253.9,3270.2,3329.95,3270.2, 3293.00,3306.75,3305.59,3609,119.3,1257, 1970, 54.59,1.62
TEAMLEASE, EQ, 18-May-2022,3483.0,3500.45,4000.0,3326.95,3405.0,3407.45,3495.51,63824,2230.97,13002, 24725, 38.74,-2.17
TEAMLEASE, EQ, 18-May-2023,2316.5,2294.05,2294.05,2229.95, 2268.10,2269.85,2263.28,64785,1466.27,9261, 33703, 52.02,-2.01
TEAMLEASE, EQ, 18-Jun-2020,1786.5,1776.75,1874.0,1750.0,1770.0,1767.9,1812.58,34779,630.4,4552, 13363, 38.42,-1.04
TEAMLEASE, EQ, 18-Jun-2021,3533.6,3545.0,3563.0,3501.0, 3530.00,3525.1,3528.22,10790,380.7,2644, 5076, 47.04,-0.24
TEAMLEASE, EQ, 18-Jun-2024,2877.35,2893.5,2899.95,2850.65,2871.5,2871.55,2865.36,20569,589.38,6438, 11365, 55.25,-0.2
TEAMLEASE, EQ, 18-Jul-2022,3571.55,3607.25,3737.5,3560.0,3635.75,3625.5,3646.35,20375,742.94,5609, 11213, 55.03,1.51
TEAMLEASE, EQ, 18-Jul-2023,2451.55,2463.85,2483.95,2446.6, 2465.00,2465.65,2462.61,12011,295.78,3929, 6853, 57.06,0.58
TEAMLEASE, EQ, 18-Jul-2024,2834.4,2869.0,2925.0,2811.4,2840.0,2845.75,2857.09,50447,1441.32,7932, 32682, 64.78,0.4
TEAMLEASE, EQ, 18-Aug-2020,2106.7,2129.9,2191.1,2115.65,2163.4,2168.95,2157.8,95558,2061.95,3164, 82943, 86.80,2.95
TEAMLEASE, EQ, 18-Aug-2021,4176.25,4225.0,4240.0,4111.05, 4112.00,4152.3,4182.02,18946,792.33,2407, 11479, 60.59,-0.57
TEAMLEASE, EQ, 18-Aug-2022,3241.8,3258.0,3315.0,3252.3,3294.05,3297.35,3294.4,11933,393.12,3788, 6019, 50.44,1.71
TEAMLEASE, EQ, 18-Aug-2023,2238.65,2248.8,2248.8,2180.1, 2193.50,2192.7,2202.78,20662,455.14,4695, 12230, 59.19,-2.05
TEAMLEASE, EQ, 18-Sep-2020,2421.5,2433.0,2450.5,2311.55, 2350.00,2375.65,2414.59,24905,601.35,2237, 18609, 74.72,-1.89
TEAMLEASE, EQ, 18-Sep-2023,2621.05,2645.0,2664.75,2587.05, 2613.00,2612.5,2624.81,18402,483.02,3892, 9166, 49.81,-0.33
TEAMLEASE, EQ, 18-Sep-2024,3158.0,3158.0,3183.0,3084.5,3145.0,3149.65,3146.49,93020,2926.87,4876, 85660, 92.09,-0.26
TEAMLEASE, EQ, 18-Oct-2021,4982.45,5020.5,5035.35,4900.0, 4910.00,4925.2,4947.03,18173,899.02,7459, 12405, 68.26,-1.15
TEAMLEASE, EQ, 18-Oct-2022,2978.4,2993.3,3088.8,2930.35,2960.0,2953.5,3011.87,108108,3256.08,6109, 11727, 10.85,-0.84
TEAMLEASE, EQ, 18-Oct-2023,2568.8,2580.9,2609.65,2561.35, 2580.00,2590.1,2583.74,8752,226.13,3222, 4286, 48.97,0.83
TEAMLEASE, EQ, 18-Oct-2024,2990.25,2982.0,3020.0,2932.05,3000.0,3012.85,2986.94,28380,847.69,5692, 20224, 71.26,0.76
TEAMLEASE, EQ, 18-Nov-2020,2408.5,2410.0,2439.0,2385.05, 2427.85,2425.3,2402.82,48558,1166.76,2460, 45993, 94.72,0.7
TEAMLEASE, EQ, 18-Nov-2021,4129.9,4162.2,4165.0,3980.0,4000.0,4001.6,4034.73,76821,3099.52,7024, 63118, 82.16,-3.11
TEAMLEASE, EQ, 18-Nov-2022,2575.55,2552.1,2588.7,2490.0, 2540.00,2538.6,2556.25,60361,1542.98,5980, 40590, 67.25,-1.43
TEAMLEASE, EQ, 18-Nov-2024,2732.95,2739.8,2739.8,2650.0,2666.0,2664.45,2689.42,25073,674.32,5921, 17623, 70.29,-2.51
TEAMLEASE, EQ, 18-Dec-2020,2562.0,2574.85,2595.0,2512.0, 2536.40,2533.65,2544.82,5972,151.98,1804, 3192, 53.45,-1.11
TEAMLEASE, EQ, 18-Dec-2023,2708.55,2708.55,3239.0,2642.0, 2935.00,2925.95,2969.47,626210,18595.1,64434, 158469, 25.31,8.03
TEAMLEASE, EQ, 18-Dec-2024,2901.8,2875.4,2915.0,2846.0,2903.0,2902.75,2887.49,13194,380.98,5164, 6045, 45.82,0.03
TEAMLEASE, EQ, 19-Jan-2021,2697.3,2710.8,2780.0,2689.45, 2750.00,2749.0,2740.08,4102,112.4,1172, 1835, 44.73,1.92
TEAMLEASE, EQ, 19-Jan-2022,4192.95,4144.0,4270.0,4063.85, 4106.00,4181.35,4163.12,12768,531.55,3440, 4657, 36.47,-0.28
TEAMLEASE, EQ, 19-Jan-2023,2467.55,2445.1,2499.0,2435.35, 2452.00,2471.55,2474.7,19668,486.72,2276, 15614, 79.39,0.16
TEAMLEASE, EQ, 19-Jan-2024,3163.1,3178.95,3178.95,3108.75, 3134.95,3119.7,3140.69,6395,200.85,2506, 3233, 50.56,-1.37
TEAMLEASE, EQ, 19-Feb-2020,2438.7,2480.0,2480.0,2395.15, 2443.95,2443.7,2435.66,9290,226.27,2625, 5025, 54.09,0.21
TEAMLEASE, EQ, 19-Feb-2021,3114.95,3140.0,3159.0,3001.0,3031.0,3033.45,3100.33,16173,501.42,3383, 9972, 61.66,-2.62
TEAMLEASE, EQ, 19-Feb-2024,3178.25,3226.95,3232.9,3122.35, 3178.00,3178.4,3179.41,156819,4985.92,6334, 129186, 82.38,0.0
TEAMLEASE, EQ, 19-Feb-2025,1995.15,1977.0,2049.35,1975.25,2024.0,2024.6,2026.29,19184,388.72,5224, 8817, 45.96,1.48
TEAMLEASE, EQ, 19-Mar-2020,1925.8,1801.1,1985.45,1708.5, 1840.00,1902.45,1864.95,17424,324.95,3942, 10430, 59.86,-1.21
TEAMLEASE, EQ, 19-Mar-2021,3398.1,3390.0,3511.45,3311.3,3401.0,3423.75,3437.06,23464,806.47,4200, 17037, 72.61,0.75
TEAMLEASE, EQ, 19-Mar-2024,2821.15,2840.0,2857.45,2740.0, 2774.85,2763.0,2782.24,12909,359.16,3008, 3786, 29.33,-2.06
TEAMLEASE, EQ, 19-Mar-2025,2048.45,2044.0,2107.25,2040.1,2075.0,2071.95,2073.64,27884,578.21,5694, 14359, 51.50,1.15
TEAMLEASE, EQ, 19-Apr-2021,3257.6,3000.0,3180.0,2764.65,3130.0,3078.6,2950.94,268577,7925.54,33902, 117715, 43.83,-5.49
TEAMLEASE, EQ, 19-Apr-2022,3956.55,3952.1,3975.95,3890.0,3900.0,3906.65,3922.98,8706,341.53,3559, 3217, 36.95,-1.26
TEAMLEASE, EQ, 19-Apr-2023,2164.95,2156.0,2183.0,2156.0, 2170.55,2171.65,2173.27,4266,92.71,1604, 2429, 56.94,0.31
TEAMLEASE, EQ, 19-Apr-2024,3339.0,3339.0,3339.0,3250.0, 3269.50,3286.55,3283.09,13564,445.32,3523, 6808, 50.19,-1.57
TEAMLEASE, EQ, 19-May-2020,1484.8,1488.0,1494.25,1466.6,1480.0,1480.0,1480.32,11257,166.64,451, 10338, 91.84,-0.32
TEAMLEASE, EQ, 19-May-2021,3306.75,3325.0,3415.45,3261.25, 3294.00,3282.7,3327.13,8987,299.01,2374, 4032, 44.86,-0.73
TEAMLEASE, EQ, 19-May-2022,3407.45,3405.0,3436.45,3310.0,3320.2,3334.75,3376.16,9193,310.37,3199, 2840, 30.89,-2.13
TEAMLEASE, EQ, 19-May-2023,2269.85,2263.45,2293.45,2213.35,2264.9,2263.15,2255.7,30143,679.94,7255, 13549, 44.95,-0.3
TEAMLEASE, EQ, 19-Jun-2020,1767.9,1775.0,1824.8,1735.2, 1741.75,1744.2,1770.48,25577,452.83,5449, 16041, 62.72,-1.34
TEAMLEASE, EQ, 19-Jun-2023,2387.1,2395.0,2433.0,2385.0, 2403.00,2407.6,2411.53,32244,777.57,7823, 16135, 50.04,0.86
TEAMLEASE, EQ, 19-Jun-2024,2871.55,2900.45,2900.45,2810.0,2839.85,2821.7,2839.7,22686,644.21,3206, 11718, 51.65,-1.74
TEAMLEASE, EQ, 19-Jul-2021,3856.95,3860.0,3945.5,3814.3, 3851.15,3884.5,3892.7,13020,506.83,4304, 5327, 40.91,0.71
TEAMLEASE, EQ, 19-Jul-2022,3625.5,3629.0,3690.0,3540.0, 3562.60,3559.55,3607.29,17659,637.01,6960, 8978, 50.84,-1.82
TEAMLEASE, EQ, 19-Jul-2023,2465.65,2478.6,2484.0,2448.0, 2470.15,2467.9,2466.26,14561,359.11,4002, 8984, 61.70,0.09
TEAMLEASE, EQ, 19-Jul-2024,2845.75,2845.0,3019.0,2837.1,2949.0,2930.25,2905.26,320232,9303.59,32766, 182377, 56.95,2.97
TEAMLEASE, EQ, 19-Aug-2020,2168.95,2189.95,2225.0,2150.0,2174.8,2193.9,2196.03,19157,420.69,4138, 10754, 56.14,1.15
TEAMLEASE, EQ, 18-Aug-2021,4176.25,4225.0,4240.0,4111.05, 4112.00,4152.3,4182.02,18946,792.33,2407, 11479, 60.59,-0.57
TEAMLEASE, EQ, 19-Aug-2022,3297.35,3286.0,3329.95,3272.35, 3310.05,3300.1,3302.36,19716,651.09,5917, 10897, 55.27,0.08
TEAMLEASE, EQ, 19-Aug-2024,3095.15,3110.65,3147.9,3080.05,3110.4,3105.45,3105.34,8505,264.11,2803, 4048, 47.60,0.33
TEAMLEASE, EQ, 19-Sep-2022,3101.6,3101.6,3199.0,3063.15, 3090.00,3109.7,3141.69,9484,297.96,3161, 3085, 32.53,0.26
TEAMLEASE, EQ, 19-Sep-2024,3149.65,3150.0,3157.25,3070.0,3093.85,3097.4,3096.6,67557,2091.97,14662, 45324, 67.09,-1.66
TEAMLEASE, EQ, 19-Oct-2020,2364.85,2359.95,2360.0,2275.25, 2280.00,2293.65,2314.37,4352,100.72,1085, 1816, 41.73,-3.01
TEAMLEASE, EQ, 19-Oct-2021,4925.2,4905.0,4993.8,4800.0,4842.25,4855.6,4899.07,20901,1023.96,6499, 14539, 69.56,-1.41
TEAMLEASE, EQ, 19-Oct-2022,2953.5,2953.5,3000.0,2926.6, 2957.45,2940.65,2979.22,70630,2104.23,4249, 5831, 8.26,-0.44
TEAMLEASE, EQ, 19-Oct-2023,2590.1,2577.85,2630.0,2555.0,2600.0,2600.35,2608.11,25626,668.35,4599, 16931, 66.07,0.4
TEAMLEASE, EQ, 19-Nov-2020,2425.3,2460.0,2488.6,2370.15, 2395.00,2387.05,2431.53,11781,286.46,2193, 6168, 52.36,-1.58
TEAMLEASE, EQ, 19-Nov-2024,2664.45,2666.05,2762.1,2664.75,2729.0,2729.7,2720.97,64009,1741.66,7020, 52468, 81.97,2.45
TEAMLEASE, EQ, 19-Dec-2022,2559.3,2540.0,2569.6,2501.0,2508.0,2527.05,2541.61,4374,111.17,1354, 1763, 40.31,-1.26
TEAMLEASE, EQ, 19-Dec-2023,2925.95,2925.95,2969.6,2840.35, 2872.10,2873.25,2901.84,109495,3177.37,20867, 28702, 26.21,-1.8
TEAMLEASE, EQ, 19-Dec-2024,2902.75,2859.2,3024.3,2859.2,2962.0,2965.5,2959.45,54322,1607.63,12451, 24322, 44.77,2.16
TEAMLEASE, EQ, 20-Jan-2020,2802.1,2815.0,2820.0,2750.0, 2758.00,2799.55,2803.87,7936,222.52,1139, 5057, 63.72,-0.09
TEAMLEASE, EQ, 20-Jan-2021,2749.0,2713.0,2798.0,2713.0, 2785.00,2780.9,2780.87,11556,321.36,3138, 7448, 64.45,1.16
TEAMLEASE, EQ, 20-Jan-2022,4181.35,4194.9,4194.9,4001.0, 4022.00,4051.65,4083.09,8302,338.98,2171, 3976, 47.89,-3.1
TEAMLEASE, EQ, 20-Jan-2023,2471.55,2481.0,2492.1,2454.25,2485.0,2471.9,2477.78,16453,407.67,1269, 14016, 85.19,0.01
TEAMLEASE, EQ, 20-Jan-2025,2699.85,2690.0,2753.85,2680.0,2740.0,2728.05,2702.13,34942,944.18,2095, 32168, 92.06,1.04
TEAMLEASE, EQ, 20-Feb-2020,2443.7,2475.0,2507.0,2430.05, 2460.25,2469.7,2467.28,13034,321.59,2902, 8801, 67.52,1.06
TEAMLEASE, EQ, 20-Feb-2023,2517.65,2530.9,2533.45,2501.1, 2502.00,2518.3,2521.86,4702,118.58,1268, 2762, 58.74,0.03
TEAMLEASE, EQ, 20-Feb-2024,3178.4,3194.3,3194.3,3146.9, 3180.00,3179.75,3179.3,63536,2020.0,2736, 59632, 93.86,0.04
TEAMLEASE, EQ, 20-Feb-2025,2024.6,2026.0,2044.95,1975.0,1996.65,1985.5,1989.51,274113,5453.5,10418, 242361, 88.42,-1.93
TEAMLEASE, EQ, 20-Mar-2020,1902.45,1852.45,1994.0,1840.1, 1954.55,1962.0,1882.42,10324,194.34,4166, 6052, 58.62,3.13
TEAMLEASE, EQ, 20-Mar-2023,2371.15,2419.95,2419.95,2361.05,2370.0,2370.35,2377.25,7267,172.75,3501, 4128, 56.80,-0.03
TEAMLEASE, EQ, 20-Mar-2024,2763.0,2790.65,2790.65,2693.4, 2739.00,2714.2,2713.92,25872,702.15,6026, 13635, 52.70,-1.77
TEAMLEASE, EQ, 20-Mar-2025,2071.95,2082.9,2113.5,1992.0,2010.0,2016.95,2032.86,61462,1249.44,20573, 33896, 55.15,-2.65
TEAMLEASE, EQ, 20-Apr-2020,1623.45,1649.95,1700.0,1636.1, 1690.00,1681.95,1685.57,21584,363.81,2282, 16099, 74.59,3.6
TEAMLEASE, EQ, 20-Apr-2021,3078.6,3138.7,3250.0,3131.35,3160.0,3178.05,3182.38,37409,1190.5,8752, 12414, 33.18,3.23
TEAMLEASE, EQ, 20-Apr-2022,3906.65,3918.0,4047.75,3861.25, 3893.00,3897.1,3962.33,17473,692.34,5490, 6103, 34.93,-0.24
TEAMLEASE, EQ, 20-Apr-2023,2171.65,2178.35,2196.0,2160.05, 2180.00,2180.35,2182.02,19931,434.9,5611, 15045, 75.49,0.4
TEAMLEASE, EQ, 20-May-2020,1480.0,1480.05,1565.95,1476.85, 1525.00,1533.7,1522.5,14927,227.26,2181, 10376, 69.51,3.63
TEAMLEASE, EQ, 20-May-2021,3282.7,3282.7,3298.95,3202.65, 3267.95,3257.45,3251.44,24001,780.38,5285, 17100, 71.25,-0.77
TEAMLEASE, EQ, 20-May-2022,3334.75,3330.1,3389.95,3300.0, 3314.00,3336.45,3352.32,69721,2337.27,4600, 63523, 91.11,0.05
TEAMLEASE, EQ, 18-May-2024,3444.3,3470.0,3499.9,3360.3,3394.8,3384.55,3394.98,2242,76.12,450, 1412, 62.98,-1.73
TEAMLEASE, EQ, 20-Jun-2022,3094.65,3048.25,3119.9,2970.25,3100.0,3089.35,3043.68,9840,299.5,3293, 3635, 36.94,-0.17
TEAMLEASE, EQ, 20-Jun-2023,2407.6,2404.0,2430.0,2373.6, 2410.00,2416.85,2412.22,17987,433.89,3577, 8523, 47.38,0.38
TEAMLEASE, EQ, 20-Jun-2024,2821.7,2840.0,2847.25,2732.35,2821.55,2823.1,2778.98,140211,3896.43,28660, 77664, 55.39,0.05
TEAMLEASE, EQ, 20-Jul-2020,1827.0,1825.0,1967.95,1820.4, 1910.00,1912.65,1907.49,62917,1200.13,6860, 24899, 39.57,4.69
TEAMLEASE, EQ, 20-Jul-2021,3884.5,3922.0,3948.0,3810.0, 3868.75,3893.05,3866.91,16361,632.67,4109, 7945, 48.56,0.22
TEAMLEASE, EQ, 20-Jul-2022,3559.55,3577.35,3800.0,3575.05, 3600.00,3600.9,3631.33,20992,762.29,6341, 11186, 53.29,1.16
TEAMLEASE, EQ, 20-Jul-2023,2467.9,2470.0,2515.0,2457.05,2500.0,2488.75,2486.81,12235,304.26,3457, 5912, 48.32,0.84
TEAMLEASE, EQ, 20-Aug-2020,2193.9,2220.0,2250.0,2190.0,2235.2,2232.45,2228.59,16663,371.35,2963, 8689, 52.15,1.76
TEAMLEASE, EQ, 20-Aug-2021,4152.3,4075.0,4185.0,3950.0,3960.0,3980.2,4095.61,49687,2034.98,6329, 37832, 76.14,-4.14
TEAMLEASE, EQ, 20-Aug-2024,3105.45,3105.45,3156.0,3094.05,3149.95,3144.2,3137.83,17843,559.88,4480, 11000, 61.65,1.25
TEAMLEASE, EQ, 20-Sep-2021,4650.9,4691.65,4700.05,4341.0, 4360.00,4397.5,4478.89,39014,1747.39,6954, 20017, 51.31,-5.45
TEAMLEASE, EQ, 20-Sep-2022,3109.7,3131.0,3233.45,3130.95, 3206.80,3200.25,3192.7,68589,2189.84,3421, 62472, 91.08,2.91
TEAMLEASE, EQ, 20-Sep-2023,2612.5,2600.0,2625.6,2522.45, 2541.95,2537.25,2569.35,80223,2061.21,8839, 68724, 85.67,-2.88
TEAMLEASE, EQ, 20-Sep-2024,3097.4,3110.0,3140.0,3045.1,3104.0,3131.05,3100.83,21125,655.05,4529, 9736, 46.09,1.09
TEAMLEASE, EQ, 20-Oct-2020,2293.65,2300.0,2300.0,2242.45, 2250.95,2258.0,2266.63,5559,126.0,1267, 2543, 45.75,-1.55
TEAMLEASE, EQ, 20-Oct-2021,4855.6,4860.0,4969.05,4802.0, 4822.00,4823.6,4875.87,9759,475.84,3202, 5568, 57.06,-0.66
TEAMLEASE, EQ, 20-Oct-2022,2940.65,2929.0,2959.55,2917.4,2934.0,2925.85,2934.08,3683,108.06,1385, 1791, 48.63,-0.5
TEAMLEASE, EQ, 20-Oct-2023,2600.35,2604.7,2612.0,2585.0, 2603.00,2603.8,2600.32,21649,562.94,1726, 15689, 72.47,0.13
TEAMLEASE, EQ, 20-Nov-2020,2387.05,2423.0,2439.95,2369.8,2418.0,2412.1,2414.28,6715,162.12,1494, 4394, 65.44,1.05
TEAMLEASE, EQ, 20-Nov-2023,2513.2,2525.8,2577.65,2482.0, 2527.00,2517.9,2513.4,54896,1379.75,4176, 41442, 75.49,0.19
TEAMLEASE, EQ, 19-Nov-2024,2664.45,2666.05,2762.1,2664.75,2729.0,2729.7,2720.97,64009,1741.66,7020, 52468, 81.97,2.45
TEAMLEASE, EQ, 20-Dec-2021,4172.15,4110.0,4169.95,3896.0,3897.0,3914.45,3972.77,36313,1442.63,9621, 28197, 77.65,-6.18
TEAMLEASE, EQ, 20-Dec-2022,2527.05,2508.0,2533.45,2456.0,2510.0,2505.35,2490.24,9387,233.76,3567, 3537, 37.68,-0.86
TEAMLEASE, EQ, 20-Dec-2023,2873.25,2824.05,2998.8,2779.55, 2788.00,2844.65,2918.34,138393,4038.78,26679, 40884, 29.54,-1.0
TEAMLEASE, EQ, 20-Dec-2024,2965.5,3010.95,3012.8,2875.8,2875.8,2935.7,2946.87,24591,724.66,7257, 13038, 53.02,-1.0
TEAMLEASE, EQ, 21-Jan-2020,2799.55,2783.25,2790.95,2717.0, 2730.00,2731.0,2772.42,38354,1063.33,1425, 35382, 92.25,-2.45
TEAMLEASE, EQ, 21-Jan-2021,2780.9,2794.65,2826.95,2720.85, 2724.00,2764.1,2802.35,9738,272.89,3168, 5557, 57.07,-0.6
TEAMLEASE, EQ, 21-Jan-2022,4051.65,4002.0,4011.2,3933.0, 3947.10,3954.5,3972.15,11875,471.69,3996, 6864, 57.80,-2.4
TEAMLEASE, EQ, 21-Jan-2025,2728.05,2742.4,2764.8,2670.0,2672.0,2677.85,2709.66,5552,150.44,2017, 2325, 41.88,-1.84
TEAMLEASE, EQ, 21-Feb-2022,3971.75,3995.0,3995.0,3877.35, 3912.00,3915.5,3935.67,5450,214.49,2188, 1472, 27.01,-1.42
TEAMLEASE, EQ, 21-Feb-2023,2518.3,2530.9,2549.95,2500.0, 2512.00,2516.9,2520.79,39285,990.29,7155, 32138, 81.81,-0.06
TEAMLEASE, EQ, 21-Feb-2024,3179.75,3194.0,3240.0,3126.1, 3145.10,3179.95,3198.82,32939,1053.66,7092, 16843, 51.13,0.01
TEAMLEASE, EQ, 21-Feb-2025,1985.5,1996.0,2061.95,1981.5,2009.0,2008.5,1990.23,233579,4648.75,6538, 214022, 91.63,1.16
TEAMLEASE, EQ, 21-Mar-2022,3900.9,4000.0,4000.0,3880.0,3890.0,3918.3,3922.48,10659,418.1,5048, 4929, 46.24,0.45
TEAMLEASE, EQ, 21-Mar-2023,2370.35,2385.0,2390.0,2242.0, 2277.85,2270.1,2302.29,26839,617.91,7705, 14739, 54.92,-4.23
TEAMLEASE, EQ, 21-Mar-2024,2714.2,2760.0,2847.85,2714.0,2800.0,2797.6,2806.4,24854,697.5,7647, 12756, 51.32,3.07
TEAMLEASE, EQ, 21-Mar-2025,2016.95,2016.95,2032.1,1898.05,1934.8,1931.15,1960.79,89412,1753.18,15967, 52625, 58.86,-4.25
TEAMLEASE, EQ, 21-Apr-2020,1681.95,1680.95,1694.4,1615.0,1656.0,1670.35,1627.19,33339,542.49,3665, 26755, 80.25,-0.69
TEAMLEASE, EQ, 21-Apr-2022,3897.1,3916.6,4005.0,3840.0, 3997.00,3996.1,3961.69,22520,892.17,7284, 9552, 42.42,2.54
TEAMLEASE, EQ, 21-Apr-2023,2180.35,2191.8,2197.8,2160.05, 2160.50,2165.45,2170.3,7575,164.4,2270, 4848, 64.00,-0.68
TEAMLEASE, EQ, 21-Apr-2025,1857.8,1860.0,1902.0,1836.1,1872.0,1865.2,1871.1,23323,436.4,7774, 11577, 49.64,0.4
TEAMLEASE, EQ, 21-May-2020,1533.7,1530.0,1560.0,1505.0,1510.0,1514.85,1530.12,8099,123.92,1688, 4792, 59.17,-1.23
TEAMLEASE, EQ, 21-May-2021,3257.45,3200.0,3383.95,3200.0, 3300.00,3317.4,3272.91,11590,379.33,2994, 4561, 39.35,1.84
TEAMLEASE, EQ, 21-May-2024,3384.55,3423.95,3438.0,3348.05,3425.0,3423.7,3406.92,7762,264.44,2158, 3898, 50.22,1.16
TEAMLEASE, EQ, 21-Jun-2021,3525.1,3490.1,3564.9,3457.2, 3540.00,3534.65,3540.37,10952,387.74,2518, 6662, 60.83,0.27
TEAMLEASE, EQ, 21-Jun-2022,3089.35,3075.0,3089.0,2985.0,3000.0,3000.25,3012.24,23348,703.3,6514, 10433, 44.68,-2.88
TEAMLEASE, EQ, 21-Jun-2023,2416.85,2429.6,2441.95,2376.4, 2419.00,2419.1,2416.17,15947,385.31,3321, 7378, 46.27,0.09
TEAMLEASE, EQ, 21-Jun-2024,2823.1,2843.0,2923.65,2835.0,2835.0,2847.8,2863.97,39324,1126.23,6927, 22712, 57.76,0.87
TEAMLEASE, EQ, 21-Jul-2020,1912.65,1913.0,1966.2,1874.55, 1925.00,1908.45,1939.53,108348,2101.45,5155, 90810, 83.81,-0.22
TEAMLEASE, EQ, 21-Jul-2022,3600.9,3600.0,3654.0,3589.15,3623.0,3647.8,3631.85,5616,203.96,1764, 3033, 54.01,1.3
TEAMLEASE, EQ, 21-Jul-2023,2488.75,2466.1,2477.5,2424.0, 2460.00,2454.6,2443.64,20132,491.95,5446, 9512, 47.25,-1.37
TEAMLEASE, EQ, 21-Aug-2020,2232.45,2250.0,2358.75,2232.0, 2290.15,2300.15,2269.81,92728,2104.75,8453, 71879, 77.52,3.03
TEAMLEASE, EQ, 21-Aug-2023,2192.7,2224.95,2325.0,2200.0, 2233.50,2212.85,2215.67,74249,1645.11,5797, 62281, 83.88,0.92
TEAMLEASE, EQ, 21-Aug-2024,3144.2,3163.1,3180.0,3102.35,3120.0,3118.4,3131.93,7416,232.26,2154, 3794, 51.16,-0.82
TEAMLEASE, EQ, 21-Sep-2020,2375.65,2370.0,2409.95,2213.9, 2232.70,2273.55,2339.36,6864,160.57,1829, 2887, 42.06,-4.3
TEAMLEASE, EQ, 21-Sep-2021,4397.5,4445.0,4445.0,4242.9, 4350.10,4359.6,4358.94,21331,929.8,5345, 9693, 45.44,-0.86
TEAMLEASE, EQ, 21-Sep-2022,3200.25,3232.25,3300.0,3173.8, 3239.95,3224.0,3247.42,20369,661.47,5327, 6002, 29.47,0.74
TEAMLEASE, EQ, 21-Sep-2023,2537.25,2526.0,2579.95,2512.45, 2530.00,2532.5,2538.56,10894,276.55,3650, 4797, 44.03,-0.19
TEAMLEASE, EQ, 21-Oct-2020,2258.0,2294.95,2294.95,2250.0, 2258.00,2260.15,2270.37,2312,52.49,765, 651, 28.16,0.1
TEAMLEASE, EQ, 21-Oct-2021,4823.6,4825.0,4988.0,4705.15, 4720.00,4728.4,4806.18,25327,1217.26,6497, 16884, 66.66,-1.97
TEAMLEASE, EQ, 21-Oct-2022,2925.85,2935.0,2951.15,2895.2,2905.0,2902.6,2924.53,8611,251.83,1773, 4672, 54.26,-0.79
TEAMLEASE, EQ, 21-Oct-2024,3012.85,3025.8,3025.8,2943.6, 2986.00,2987.0,2985.46,37024,1105.34,3489, 30244, 81.69,-0.86
TEAMLEASE, EQ, 21-Nov-2022,2538.6,2549.5,2583.8,2510.05, 2530.00,2530.2,2538.95,16234,412.17,2953, 8040, 49.53,-0.33
TEAMLEASE, EQ, 21-Nov-2023,2517.9,2530.5,2550.0,2496.5, 2548.00,2516.3,2530.94,7987,202.15,2439, 4149, 51.95,-0.06
TEAMLEASE, EQ, 21-Nov-2024,2729.7,2729.7,2740.15,2670.7,2714.75,2725.5,2718.04,14304,388.79,4027, 8020, 56.07,-0.15
TEAMLEASE, EQ, 21-Dec-2020,2533.65,2549.8,2567.8,2440.0, 2440.05,2463.8,2525.22,12257,309.52,3287, 7531, 61.44,-2.76
TEAMLEASE, EQ, 21-Dec-2021,3914.45,3934.05,4024.05,3812.05,3840.0,3853.05,3921.27,10908,427.73,3558, 5284, 48.44,-1.57
TEAMLEASE, EQ, 21-Dec-2022,2505.35,2517.0,2568.0,2490.05, 2507.00,2514.45,2517.02,32998,830.56,4552, 10229, 31.00,0.36
TEAMLEASE, EQ, 21-Dec-2023,2844.65,2799.35,2925.0,2773.45, 2915.00,2885.65,2868.78,38908,1116.19,9252, 12382, 31.82,1.44
TEAMLEASE, EQ, 22-Jan-2020,2731.0,2780.0,2780.0,2639.1, 2690.00,2693.15,2701.65,20719,559.76,2884, 13858, 66.89,-1.39
TEAMLEASE, EQ, 22-Jan-2021,2764.1,2740.05,2835.0,2730.7, 2750.00,2761.0,2806.22,28077,787.9,2533, 20159, 71.80,-0.11
TEAMLEASE, EQ, 20-Jan-2024,3119.7,3134.95,3175.0,3088.0, 3125.00,3112.6,3138.36,3797,119.16,1038, 1612, 42.45,-0.23
TEAMLEASE, EQ, 22-Jan-2025,2677.85,2690.65,2690.65,2575.0,2615.0,2612.05,2611.76,11429,298.5,5589, 5818, 50.91,-2.46
TEAMLEASE, EQ, 22-Feb-2021,3033.45,3050.0,3095.0,2956.45,3036.0,3003.75,3007.1,14756,443.73,3186, 9573, 64.88,-0.98
TEAMLEASE, EQ, 22-Feb-2022,3915.5,3860.0,3929.75,3829.0,3860.0,3874.8,3885.69,7736,300.6,2945, 3285, 42.46,-1.04
TEAMLEASE, EQ, 22-Feb-2023,2516.9,2529.5,2594.9,2501.5, 2510.00,2536.5,2522.75,12461,314.36,2805, 5067, 40.66,0.78
TEAMLEASE, EQ, 22-Feb-2024,3179.95,3167.05,3207.0,3082.35, 3100.05,3130.1,3155.39,35477,1119.44,2997, 29855, 84.15,-1.57
TEAMLEASE, EQ, 22-Mar-2021,3423.75,3500.0,3548.95,3416.35,3490.0,3498.3,3464.43,19162,663.85,3089, 14040, 73.27,2.18
TEAMLEASE, EQ, 22-Mar-2022,3918.3,3852.0,4015.0,3852.0, 3975.00,3990.15,3952.97,5544,219.15,1827, 2679, 48.32,1.83
TEAMLEASE, EQ, 22-Mar-2023,2270.1,2270.1,2310.0,2269.65, 2304.50,2299.25,2295.2,62481,1434.06,12779, 50133, 80.24,1.28
TEAMLEASE, EQ, 22-Mar-2024,2797.6,2797.6,2862.95,2759.2,2850.0,2848.1,2830.46,12688,359.13,3735, 7731, 60.93,1.81
TEAMLEASE, EQ, 22-Apr-2020,1670.35,1650.9,1678.1,1590.0,1601.45,1612.25,1618.78,29691,480.63,2702, 20957, 70.58,-3.48
TEAMLEASE, EQ, 22-Apr-2021,3178.05,3125.0,3192.0,3067.85,3078.25,3093.75,3130.71,18311,573.26,4252, 7589, 41.45,-2.65
TEAMLEASE, EQ, 22-Apr-2022,3996.1,3980.0,4004.0,3931.95, 3968.00,3952.7,3958.13,8944,354.01,3456, 4722, 52.80,-1.09
TEAMLEASE, EQ, 22-Apr-2024,3286.55,3286.55,3355.0,3272.05,3355.0,3351.0,3302.21,36567,1207.52,8637, 22758, 62.24,1.96
TEAMLEASE, EQ, 22-Apr-2025,1865.2,1884.0,1916.7,1850.1,1910.0,1907.5,1901.95,20075,381.82,3959, 11371, 56.64,2.27
TEAMLEASE, EQ, 22-May-2020,1514.85,1537.0,1537.0,1515.0,1515.0,1521.7,1523.57,1439,21.92,308, 945, 65.67,0.45
TEAMLEASE, EQ, 22-May-2023,2263.15,2256.0,2263.15,2223.3,2230.0,2234.55,2236.97,7184,160.7,1857, 3877, 53.97,-1.26
TEAMLEASE, EQ, 22-May-2024,3423.7,3434.0,3700.0,3336.55,3512.7,3534.2,3530.85,160493,5666.77,15361, 103980, 64.79,3.23
TEAMLEASE, EQ, 22-Jun-2020,1744.2,1772.0,1784.95,1720.0, 1740.00,1737.45,1747.52,9664,168.88,1694, 4275, 44.24,-0.39
TEAMLEASE, EQ, 22-Jun-2021,3534.65,3590.0,3634.45,3558.85, 3610.00,3614.5,3609.99,23781,858.49,2946, 16444, 69.15,2.26
TEAMLEASE, EQ, 22-Jun-2022,3000.25,2950.0,3014.95,2915.0,2940.0,2956.85,2971.7,16832,500.2,3710, 8593, 51.05,-1.45
TEAMLEASE, EQ, 22-Jun-2023,2419.1,2431.0,2436.0,2393.5,2420.0,2421.6,2419.35,22676,548.61,4863, 13814, 60.92,0.1
TEAMLEASE, EQ, 22-Jul-2020,1908.45,1924.0,1924.0,1813.95, 1860.00,1837.05,1850.87,24167,447.3,2727, 13635, 56.42,-3.74
TEAMLEASE, EQ, 22-Jul-2021,3893.05,3912.55,3942.5,3830.55, 3868.00,3871.15,3896.83,8478,330.37,3004, 4791, 56.51,-0.56
TEAMLEASE, EQ, 22-Jul-2022,3647.8,3647.8,3724.95,3620.75, 3660.00,3647.0,3657.76,6552,239.66,2422, 2264, 34.55,-0.02
TEAMLEASE, EQ, 22-Jul-2024,2930.25,2919.95,2987.5,2893.0,2905.75,2909.5,2931.63,27301,800.37,6702, 12359, 45.27,-0.71
TEAMLEASE, EQ, 22-Aug-2022,3300.1,3281.2,3390.0,3258.25, 3345.00,3339.25,3341.17,28088,938.47,7571, 12442, 44.30,1.19
TEAMLEASE, EQ, 22-Aug-2023,2212.85,2224.5,2319.0,2205.05, 2315.00,2310.1,2241.29,202701,4543.11,7976, 177180, 87.41,4.39
TEAMLEASE, EQ, 22-Aug-2024,3118.4,3140.8,3195.25,3120.0,3171.0,3172.1,3146.45,42130,1325.6,4012, 31633, 75.08,1.72
TEAMLEASE, EQ, 22-Sep-2020,2273.55,2249.0,2250.5,2072.55, 2120.00,2136.75,2166.03,28348,614.03,3185, 18416, 64.96,-6.02
TEAMLEASE, EQ, 22-Sep-2021,4359.6,4383.0,4520.0,4267.95, 4271.10,4320.2,4392.56,22330,980.86,4768, 10704, 47.94,-0.9
TEAMLEASE, EQ, 22-Sep-2022,3224.0,3239.0,3260.0,3160.0, 3201.85,3187.5,3191.57,51754,1651.77,2118, 46836, 90.50,-1.13
TEAMLEASE, EQ, 22-Sep-2023,2532.5,2530.0,2542.25,2495.05, 2502.00,2510.2,2514.53,12706,319.5,3619, 5414, 42.61,-0.88
TEAMLEASE, EQ, 22-Oct-2020,2260.15,2263.2,2314.75,2246.8, 2285.00,2293.3,2278.53,1659,37.8,385, 567, 34.18,1.47
TEAMLEASE, EQ, 22-Oct-2021,4728.4,4752.05,4843.2,4625.05, 4680.00,4721.85,4768.87,35389,1687.65,8581, 26993, 76.28,-0.14
TEAMLEASE, EQ, 22-Oct-2024,2987.0,2986.15,2989.3,2900.0,2940.0,2934.2,2926.15,20790,608.35,4289, 12458, 59.92,-1.77
TEAMLEASE, EQ, 22-Nov-2021,4001.6,4000.0,4006.7,3726.3,3849.0,3827.7,3893.4,25890,1008.0,5966, 17121, 66.13,-4.35
TEAMLEASE, EQ, 22-Nov-2022,2530.2,2545.95,2582.8,2534.05, 2578.00,2572.55,2563.0,15843,406.06,2776, 8990, 56.74,1.67
TEAMLEASE, EQ, 22-Nov-2023,2516.3,2528.9,2698.0,2518.05, 2600.00,2594.75,2626.62,69121,1815.55,14145, 19308, 27.93,3.12
TEAMLEASE, EQ, 22-Nov-2024,2725.5,2733.4,2735.75,2685.55,2730.0,2728.2,2726.4,11753,320.43,2103, 7125, 60.62,0.1
TEAMLEASE, EQ, 22-Dec-2020,2463.8,2450.0,2450.0,2365.1, 2433.95,2420.05,2421.69,15976,386.89,5749, 10220, 63.97,-1.78
TEAMLEASE, EQ, 22-Dec-2021,3853.05,3897.0,3920.85,3786.8, 3842.00,3833.45,3861.71,7622,294.34,2513, 3755, 49.27,-0.51
TEAMLEASE, EQ, 22-Dec-2022,2514.45,2520.0,2540.0,2470.0, 2489.90,2490.05,2493.56,5723,142.71,1520, 3182, 55.60,-0.97
TEAMLEASE, EQ, 22-Dec-2023,2885.65,2920.0,2940.0,2875.0, 2895.00,2906.0,2908.69,31097,904.51,8498, 13986, 44.98,0.71
TEAMLEASE, EQ, 23-Jan-2020,2693.15,2650.0,2750.0,2605.15, 2701.05,2733.9,2691.31,21760,585.63,2723, 18875, 86.74,1.51
TEAMLEASE, EQ, 23-Jan-2023,2471.9,2474.0,2481.1,2385.0,2390.25,2401.05,2432.98,3857,93.84,1559, 2088, 54.14,-2.87
TEAMLEASE, EQ, 23-Jan-2024,3112.6,3144.0,3151.1,2952.35, 3017.95,3036.2,3060.26,17955,549.47,6185, 6343, 35.33,-2.45
TEAMLEASE, EQ, 23-Jan-2025,2612.05,2600.0,2710.0,2599.2,2710.0,2682.65,2661.08,6501,173.0,2654, 3995, 61.45,2.7
TEAMLEASE, EQ, 23-Feb-2021,3003.75,3055.0,3164.0,3017.75, 3115.00,3099.35,3086.04,16249,501.45,2991, 8188, 50.39,3.18
TEAMLEASE, EQ, 23-Feb-2022,3874.8,3905.1,4001.0,3900.0,3970.0,3956.75,3956.16,26149,1034.5,5068, 19748, 75.52,2.11
TEAMLEASE, EQ, 23-Feb-2023,2536.5,2513.4,2573.95,2504.05,2530.0,2538.85,2527.28,35665,901.36,2546, 27926, 78.30,0.09
TEAMLEASE, EQ, 23-Feb-2024,3130.1,3112.0,3127.85,3005.4, 3025.00,3020.8,3048.52,36318,1107.16,4971, 25912, 71.35,-3.49
TEAMLEASE, EQ, 23-Mar-2020,1962.0,1740.0,1884.1,1572.0, 1605.00,1618.9,1758.65,47515,835.62,905, 45364, 95.47,-17.49
TEAMLEASE, EQ, 23-Mar-2021,3498.3,3520.0,3575.0,3501.2, 3516.00,3543.3,3541.63,4350,154.06,1470, 2268, 52.14,1.29
TEAMLEASE, EQ, 23-Mar-2022,3990.15,4010.0,4036.2,3810.1, 3818.20,3845.35,3901.66,91488,3569.55,4849, 70226, 76.76,-3.63
TEAMLEASE, EQ, 23-Mar-2023,2299.25,2311.0,2340.15,2275.0, 2285.00,2290.75,2305.45,45867,1057.44,9423, 34361, 74.91,-0.37
TEAMLEASE, EQ, 23-Apr-2020,1612.25,1640.0,1730.0,1602.1,1641.0,1650.3,1640.68,21550,353.57,2179, 14322, 66.46,2.36
TEAMLEASE, EQ, 23-Apr-2021,3093.75,3099.0,3103.3,3046.65,3062.15,3083.4,3076.36,18072,555.96,2488, 12848, 71.09,-0.33
TEAMLEASE, EQ, 23-Apr-2024,3351.0,3351.0,3467.95,3241.05,3285.0,3281.8,3287.26,26829,881.94,6136, 12096, 45.09,-2.07
TEAMLEASE, EQ, 23-Apr-2025,1907.5,1916.7,1931.7,1871.2,1925.8,1917.7,1910.3,32276,616.57,7661, 15144, 46.92,0.53
TEAMLEASE, EQ, 23-May-2022,3336.45,3401.0,3401.0,3220.0,3223.1,3250.6,3314.79,6373,211.25,1994, 2651, 41.60,-2.57
TEAMLEASE, EQ, 23-May-2023,2234.55,2230.0,2265.0,2220.0, 2239.80,2231.35,2246.15,21350,479.55,3475, 10505, 49.20,-0.14
TEAMLEASE, EQ, 23-May-2024,3534.2,3523.9,3525.0,3152.6,3181.0,3185.35,3247.3,89083,2892.79,16351, 35255, 39.58,-9.87
TEAMLEASE, EQ, 23-Jun-2020,1737.45,1765.0,1765.0,1716.9, 1720.95,1726.75,1733.95,35665,618.41,3652, 27453, 76.97,-0.62
TEAMLEASE, EQ, 23-Jun-2021,3614.5,3633.95,3634.0,3575.0, 3590.00,3601.1,3602.29,16942,610.3,8003, 11922, 70.37,-0.37
TEAMLEASE, EQ, 23-Jun-2022,2956.85,2950.0,3025.0,2945.0,3000.0,2994.7,2981.65,22457,669.59,2899, 18724, 83.38,1.28
TEAMLEASE, EQ, 23-Jun-2023,2421.6,2423.0,2423.0,2348.25, 2385.00,2386.25,2376.43,22350,531.13,4617, 12092, 54.10,-1.46
TEAMLEASE, EQ, 23-Jul-2020,1837.05,1854.4,1919.45,1854.35, 1879.15,1883.85,1892.22,14965,283.17,2173, 5789, 38.68,2.55
TEAMLEASE, EQ, 23-Jul-2021,3871.15,3888.0,4000.0,3840.0,3940.0,3960.05,3935.34,13603,535.32,3090, 4455, 32.75,2.3
TEAMLEASE, EQ, 23-Jul-2024,2909.5,2916.0,3430.0,2854.65,3265.0,3243.65,3167.18,632452,20030.91,86718, 196065, 31.00,11.48
TEAMLEASE, EQ, 23-Aug-2021,3980.2,4069.0,4097.0,3900.0, 3950.00,3957.75,3965.23,6204,246.0,2023, 2063, 33.25,-0.56
TEAMLEASE, EQ, 23-Aug-2022,3339.25,3333.5,3462.0,3308.75, 3450.00,3450.9,3404.55,22499,765.99,4944, 12657, 56.26,3.34
TEAMLEASE, EQ, 23-Aug-2023,2310.1,2325.0,2350.0,2290.0, 2300.00,2313.55,2311.92,37635,870.09,7171, 19578, 52.02,0.15
TEAMLEASE, EQ, 23-Aug-2024,3172.1,3181.0,3270.75,3155.5,3250.0,3239.8,3221.91,113401,3653.68,6757, 98857, 87.17,2.13
TEAMLEASE, EQ, 23-Sep-2020,2136.75,2150.0,2248.9,2121.0, 2139.95,2150.25,2187.86,13236,289.59,3110, 4766, 36.01,0.63
TEAMLEASE, EQ, 23-Sep-2021,4320.2,4289.9,4488.0,4261.6, 4381.00,4391.15,4343.84,21561,936.57,4796, 12876, 59.72,1.64
TEAMLEASE, EQ, 23-Sep-2022,3187.5,3204.3,3224.7,3091.0, 3217.95,3203.35,3168.65,11414,361.67,3917, 3690, 32.33,0.5
TEAMLEASE, EQ, 23-Sep-2024,3131.05,3131.05,3149.9,3107.0,3134.4,3136.45,3129.14,11910,372.68,3088, 6438, 54.06,0.17
TEAMLEASE, EQ, 23-Oct-2020,2293.3,2276.65,2312.6,2251.0, 2251.00,2258.4,2271.76,2445,55.54,594, 1378, 56.36,-1.52
TEAMLEASE, EQ, 23-Oct-2023,2603.8,2616.85,2669.95,2525.0, 2540.00,2587.7,2587.54,50858,1315.97,5679, 28242, 55.53,-0.62
TEAMLEASE, EQ, 23-Oct-2024,2934.2,2905.0,2955.6,2872.0,2893.0,2897.45,2901.94,34500,1001.17,3375, 28420, 82.38,-1.25
TEAMLEASE, EQ, 23-Nov-2020,2412.1,2429.0,2429.0,2376.15, 2410.00,2411.55,2398.03,4822,115.63,1503, 3071, 63.69,-0.02
TEAMLEASE, EQ, 23-Nov-2021,3827.7,3847.0,4149.6,3838.05,4092.8,4095.15,3995.34,39441,1575.8,9847, 21945, 55.64,6.99
TEAMLEASE, EQ, 23-Nov-2022,2572.55,2572.5,2579.85,2520.6,2547.0,2540.4,2556.88,27944,714.5,1953, 24048, 86.06,-1.25
TEAMLEASE, EQ, 23-Nov-2023,2594.75,2600.0,2674.95,2599.0, 2630.00,2633.1,2630.22,36957,972.05,9451, 13772, 37.26,1.48
TEAMLEASE, EQ, 23-Dec-2020,2420.05,2445.0,2525.0,2443.1,2473.05,2510.55,2492.51,12964,323.13,2549, 8448, 65.17,3.74
TEAMLEASE, EQ, 23-Dec-2021,3833.45,3852.65,3928.0,3701.25, 3740.00,3752.8,3817.94,13687,522.56,4688, 7362, 53.79,-2.1
TEAMLEASE, EQ, 23-Dec-2022,2490.05,2467.4,2500.0,2467.4, 2492.00,2491.8,2489.73,12988,323.37,2640, 7989, 61.51,0.07
TEAMLEASE, EQ, 23-Dec-2024,2935.7,2941.0,2966.05,2825.7,2900.0,2899.55,2883.7,37096,1069.74,8815, 16370, 44.13,-1.23
TEAMLEASE, EQ, 24-Jan-2020,2733.9,2750.0,2750.0,2676.5,2738.0,2736.15,2727.68,27661,754.5,4011, 21975, 79.44,0.08
TEAMLEASE, EQ, 24-Jan-2022,3954.5,3925.0,3998.5,3850.05,3855.0,3866.75,3924.39,13415,526.46,3851, 6235, 46.48,-2.22
TEAMLEASE, EQ, 24-Jan-2023,2401.05,2413.1,2494.5,2401.1,2446.0,2438.5,2447.32,6278,153.64,2410, 2858, 45.52,1.56
TEAMLEASE, EQ, 24-Jan-2024,3036.2,3028.4,3081.6,2922.35, 2947.25,2994.7,3001.51,36083,1083.04,10228, 21564, 59.76,-1.37
TEAMLEASE, EQ, 24-Jan-2025,2682.65,2682.65,2726.05,2611.0,2710.0,2637.4,2662.57,7626,203.05,3138, 2955, 38.75,-1.69
TEAMLEASE, EQ, 24-Feb-2020,2469.7,2450.0,2472.0,2410.05, 2449.00,2430.45,2453.57,9986,245.01,1866, 7944, 79.55,-1.59
TEAMLEASE, EQ, 24-Feb-2021,3099.35,3120.0,3390.0,3109.4, 3350.00,3321.7,3213.83,36742,1180.83,5251, 22092, 60.13,7.17
TEAMLEASE, EQ, 24-Feb-2022,3956.75,3905.4,3976.5,3805.0, 3809.05,3889.4,3893.77,47833,1862.51,14024, 31135, 65.09,-1.7
TEAMLEASE, EQ, 24-Feb-2023,2538.85,2538.85,2563.45,2505.8, 2514.80,2519.0,2537.62,7432,188.6,3021, 3181, 42.80,-0.78
TEAMLEASE, EQ, 24-Feb-2025,2008.5,2009.0,2019.05,1950.25,1956.85,1957.3,1962.96,23918,469.5,3825, 15800, 66.06,-2.55
TEAMLEASE, EQ, 24-Mar-2020,1618.9,1591.0,1751.0,1499.85, 1499.85,1661.95,1675.83,46948,786.77,6600, 36275, 77.27,2.66
TEAMLEASE, EQ, 24-Mar-2021,3543.3,3545.0,3589.9,3455.0, 3487.90,3502.7,3531.32,8321,293.84,2023, 3576, 42.98,-1.15
TEAMLEASE, EQ, 24-Mar-2022,3845.35,3864.6,3875.0,3722.3, 3851.00,3841.45,3829.26,7326,280.53,2418, 2990, 40.81,-0.1
TEAMLEASE, EQ, 24-Mar-2023,2290.75,2295.0,2316.2,2285.0, 2301.00,2293.4,2296.88,39179,899.89,7603, 32473, 82.88,0.12
TEAMLEASE, EQ, 24-Mar-2025,1931.15,1944.85,1968.1,1913.6,1929.0,1926.0,1938.82,47493,920.8,12954, 23669, 49.84,-0.27
TEAMLEASE, EQ, 24-Apr-2020,1650.3,1650.0,1650.0,1590.0,1599.95,1601.0,1613.5,3424,55.25,735, 1368, 39.95,-2.99
TEAMLEASE, EQ, 24-Apr-2023,2165.45,2176.85,2176.85,2150.0, 2160.05,2161.4,2164.83,66916,1448.62,8048, 61855, 92.44,-0.19
TEAMLEASE, EQ, 24-Apr-2024,3281.8,3285.0,3315.0,3241.1, 3250.00,3251.2,3269.72,23380,764.46,4053, 16625, 71.11,-0.93
TEAMLEASE, EQ, 24-Apr-2025,1917.7,1919.0,1997.0,1912.1,1985.0,1985.0,1976.31,26762,528.9,5691, 14520, 54.26,3.51
TEAMLEASE, EQ, 24-May-2021,3317.4,3320.0,3378.7,3280.8, 3364.90,3342.95,3325.53,8718,289.92,2806, 4556, 52.26,0.77
TEAMLEASE, EQ, 24-May-2022,3250.6,3259.0,3293.95,3177.55,3250.0,3254.45,3238.56,34984,1132.98,2203, 30594, 87.45,0.12
TEAMLEASE, EQ, 24-May-2023,2231.35,2236.55,2260.0,2226.7, 2234.05,2238.6,2245.14,20269,455.07,3614, 11204, 55.28,0.32
TEAMLEASE, EQ, 24-May-2024,3185.35,3202.0,3202.0,2990.2,3035.0,3013.8,3057.99,61085,1867.97,12159, 32184, 52.69,-5.39
TEAMLEASE, EQ, 24-Jun-2020,1726.75,1725.1,1743.0,1710.0,1711.0,1714.6,1720.24,25487,438.44,5320, 17127, 67.20,-0.7
TEAMLEASE, EQ, 24-Jun-2021,3601.1,3591.0,3612.0,3521.65, 3590.00,3547.4,3576.77,7089,253.56,1212, 4653, 65.64,-1.49
TEAMLEASE, EQ, 24-Jun-2022,2994.7,2999.0,3071.85,2920.0, 3030.00,3043.3,3013.66,5403,162.83,2103, 2682, 49.64,1.62
TEAMLEASE, EQ, 24-Jun-2024,2847.8,2870.05,2908.4,2853.05,2899.2,2894.05,2886.56,16498,476.22,3352, 7238, 43.87,1.62
TEAMLEASE, EQ, 24-Jul-2020,1883.85,1883.85,1932.3,1852.2,1889.0,1879.8,1874.25,8495,159.22,1637, 2585, 30.43,-0.21
TEAMLEASE, EQ, 24-Jul-2023,2454.6,2456.8,2490.6,2332.35, 2374.65,2391.2,2434.29,10961,266.82,2877, 5867, 53.53,-2.58
TEAMLEASE, EQ, 24-Jul-2024,3243.65,3280.0,3396.4,3250.85,3310.0,3328.35,3306.0,177014,5852.09,22828, 84053, 47.48,2.61
TEAMLEASE, EQ, 24-Aug-2020,2300.15,2328.4,2339.95,2300.0,2309.6,2305.15,2319.78,12321,285.82,2643, 7896, 64.09,0.22
TEAMLEASE, EQ, 24-Aug-2021,3957.75,3997.9,4059.0,3918.55, 4000.00,4020.55,4005.91,9072,363.42,2586, 4552, 50.18,1.59
TEAMLEASE, EQ, 24-Aug-2022,3450.9,3475.0,3489.0,3368.25,3400.0,3399.35,3411.29,23872,814.34,4525, 15718, 65.84,-1.49
TEAMLEASE, EQ, 24-Aug-2023,2313.55,2304.9,2346.0,2296.45, 2320.00,2314.85,2316.01,13134,304.19,3930, 5909, 44.99,0.06
TEAMLEASE, EQ, 24-Sep-2020,2150.25,2111.0,2207.95,2099.95, 2170.00,2177.15,2155.48,12780,275.47,2509, 6950, 54.38,1.25
TEAMLEASE, EQ, 24-Sep-2021,4391.15,4400.0,4595.0,4383.4, 4560.00,4483.55,4503.88,37533,1690.44,10075, 9177, 24.45,2.1
TEAMLEASE, EQ, 24-Sep-2024,3136.45,3150.0,3150.0,3067.95,3082.0,3085.75,3088.5,34470,1064.61,7722, 19961, 57.91,-1.62
TEAMLEASE, EQ, 24-Oct-2024,2897.45,2898.8,2909.9,2821.0,2830.7,2840.35,2856.5,10007,285.85,3980, 5089, 50.85,-1.97
TEAMLEASE, EQ, 24-Nov-2020,2411.55,2428.0,2430.0,2387.95, 2421.15,2419.8,2415.02,7797,188.3,1786, 5071, 65.04,0.34
TEAMLEASE, EQ, 24-Nov-2021,4095.15,4134.95,4134.95,4020.0, 4020.00,4043.8,4072.81,17342,706.31,5129, 11740, 67.70,-1.25
TEAMLEASE, EQ, 24-Nov-2022,2540.4,2540.4,2550.0,2522.4, 2535.05,2535.0,2534.18,36854,933.95,1982, 33004, 89.55,-0.21
TEAMLEASE, EQ, 24-Nov-2023,2633.1,2646.3,2685.0,2620.0, 2635.00,2634.6,2637.18,19762,521.16,4236, 12549, 63.50,0.06
TEAMLEASE, EQ, 24-Dec-2020,2510.55,2539.0,2595.95,2525.0, 2564.00,2563.15,2559.32,12363,316.41,4298, 6520, 52.74,2.1
TEAMLEASE, EQ, 24-Dec-2021,3752.8,3775.05,3827.55,3630.0, 3650.15,3677.5,3745.08,23561,882.38,3057, 17412, 73.90,-2.01
TEAMLEASE, EQ, 24-Dec-2024,2899.55,2899.65,2930.65,2873.55,2900.0,2906.75,2901.5,11836,343.42,4658, 6993, 59.08,0.25
TEAMLEASE, EQ, 25-Jan-2021,2761.0,2830.0,2870.0,2680.0, 2773.00,2779.85,2806.47,18946,531.71,4226, 6929, 36.57,0.68
TEAMLEASE, EQ, 25-Jan-2022,3866.75,3866.0,3866.0,3708.0,3800.0,3800.85,3812.69,26194,998.7,3949, 17091, 65.25,-1.7
TEAMLEASE, EQ, 25-Jan-2023,2438.5,2430.0,2495.0,2362.0, 2365.00,2421.15,2411.09,43410,1046.65,5084, 4391, 10.12,-0.71
TEAMLEASE, EQ, 25-Jan-2024,2994.7,2977.4,3073.95,2939.05, 3039.00,3031.35,3043.37,29784,906.44,7135, 17341, 58.22,1.22
TEAMLEASE, EQ, 25-Feb-2020,2430.45,2425.0,2440.05,2396.55, 2412.00,2405.5,2405.53,51576,1240.68,854, 49912, 96.77,-1.03
TEAMLEASE, EQ, 25-Feb-2021,3321.7,3439.7,3518.0,3251.85, 3380.00,3435.45,3378.31,60646,2048.81,9653, 22424, 36.98,3.42
TEAMLEASE, EQ, 25-Feb-2022,3889.4,3890.0,3984.85,3846.0,3901.65,3939.6,3941.35,10601,417.82,3470, 4241, 40.01,1.29
TEAMLEASE, EQ, 25-Feb-2025,1957.3,1955.0,2025.55,1933.95,2025.5,1980.05,1962.76,185298,3636.96,9212, 168154, 90.75,1.16
TEAMLEASE, EQ, 25-Mar-2020,1661.95,1415.35,1734.55,1415.35, 1676.00,1672.55,1585.4,14968,237.3,3492, 6658, 44.48,0.64
TEAMLEASE, EQ, 25-Mar-2021,3502.7,3502.0,3552.25,3450.05,3490.0,3493.65,3505.67,25681,900.29,3624, 19022, 74.07,-0.26
TEAMLEASE, EQ, 25-Mar-2022,3841.45,3860.7,3907.6,3800.0,3840.0,3854.15,3874.25,13746,532.55,3110, 7600, 55.29,0.33
TEAMLEASE, EQ, 25-Mar-2025,1926.0,1963.0,1963.0,1874.0,1885.1,1899.5,1897.18,41074,779.25,10681, 22776, 55.45,-1.38
TEAMLEASE, EQ, 25-Apr-2022,3952.7,3948.2,3996.0,3892.2,3950.0,3936.85,3929.9,11074,435.2,4550, 5924, 53.49,-0.4
TEAMLEASE, EQ, 25-Apr-2023,2161.4,2161.4,2174.9,2143.8,2150.0,2150.65,2151.44,26639,573.12,3347, 22975, 86.25,-0.5
TEAMLEASE, EQ, 25-Apr-2024,3251.2,3271.9,3299.95,3240.25, 3280.05,3277.4,3270.76,9277,303.43,2587, 4455, 48.02,0.81
TEAMLEASE, EQ, 25-Apr-2025,1985.0,2000.0,2000.0,1895.0,1949.0,1954.0,1943.1,42503,825.88,15647, 22889, 53.85,-1.56
TEAMLEASE, EQ, 25-May-2021,3342.95,3359.7,3380.0,3300.0, 3350.95,3335.05,3341.71,8934,298.55,3120, 5752, 64.38,-0.24
TEAMLEASE, EQ, 25-May-2022,3254.45,3241.95,3277.7,3175.0, 3246.55,3228.0,3233.23,11106,359.08,2311, 7577, 68.22,-0.81
TEAMLEASE, EQ, 25-May-2023,2238.6,2249.0,2250.0,2223.7, 2229.00,2228.9,2236.91,8824,197.38,1668, 5044, 57.16,-0.43
TEAMLEASE, EQ, 25-Jun-2020,1714.6,1681.0,1739.95,1681.0, 1723.80,1721.9,1708.85,20766,354.86,3422, 7021, 33.81,0.43
TEAMLEASE, EQ, 25-Jun-2021,3547.4,3598.0,3611.85,3541.85, 3550.00,3554.45,3578.07,6600,236.15,1841, 3034, 45.97,0.2
TEAMLEASE, EQ, 25-Jun-2024,2894.05,2912.45,3005.15,2912.45,2931.75,2940.15,2969.04,60294,1790.15,8426, 26551, 44.04,1.59
TEAMLEASE, EQ, 25-Jul-2022,3647.0,3630.0,3690.0,3630.0, 3669.70,3663.45,3659.34,3177,116.26,1434, 1339, 42.15,0.45
TEAMLEASE, EQ, 25-Jul-2023,2391.2,2402.0,2459.95,2391.5, 2391.50,2413.2,2427.58,12464,302.57,3334, 6000, 48.14,0.92
TEAMLEASE, EQ, 25-Jul-2024,3328.35,3265.0,3315.0,3230.25,3306.1,3295.85,3281.74,30781,1010.15,7737, 12932, 42.01,-0.98
TEAMLEASE, EQ, 25-Aug-2020,2305.15,2301.0,2349.0,2266.85, 2339.90,2334.1,2309.6,47234,1090.92,5065, 39082, 82.74,1.26
TEAMLEASE, EQ, 25-Aug-2021,4020.55,4087.9,4087.9,3901.35, 3912.00,3946.55,3972.34,25799,1024.82,1928, 22840, 88.53,-1.84
TEAMLEASE, EQ, 25-Aug-2022,3399.35,3416.35,3488.0,3382.5,3447.0,3439.75,3439.47,9487,326.3,2421, 4116, 43.39,1.19
TEAMLEASE, EQ, 25-Aug-2023,2314.85,2310.0,2344.0,2280.15, 2305.00,2327.9,2312.63,14949,345.72,4362, 6392, 42.76,0.56
TEAMLEASE, EQ, 25-Sep-2020,2177.15,2180.0,2237.95,2132.0, 2160.00,2161.75,2171.07,12042,261.44,2792, 7639, 63.44,-0.71
TEAMLEASE, EQ, 25-Sep-2023,2510.2,2510.2,2538.0,2493.1, 2538.00,2521.3,2516.23,9165,230.61,3851, 3966, 43.27,0.44
TEAMLEASE, EQ, 25-Sep-2024,3085.75,3085.75,3100.0,3065.0,3065.0,3082.0,3080.71,10647,328.0,2718, 5994, 56.30,-0.12
TEAMLEASE, EQ, 25-Oct-2021,4721.85,4750.0,4857.3,4545.0, 4597.40,4604.3,4758.33,42518,2023.15,5905, 35516, 83.53,-2.49
TEAMLEASE, EQ, 25-Oct-2022,2915.1,2900.0,2937.15,2852.35,2863.5,2862.8,2904.38,12792,371.53,4192, 7976, 62.35,-1.79
TEAMLEASE, EQ, 25-Oct-2023,2587.7,2587.7,2590.5,2385.55,2415.0,2429.4,2482.24,84006,2085.23,8832, 61614, 73.34,-6.12
TEAMLEASE, EQ, 25-Oct-2024,2840.35,2854.6,2854.6,2754.95,2824.75,2809.6,2802.99,25001,700.78,7042, 14785, 59.14,-1.08
TEAMLEASE, EQ, 25-Nov-2020,2419.8,2371.0,2450.0,2371.0, 2410.05,2395.05,2393.87,81593,1953.23,4048, 77361, 94.81,-1.02
TEAMLEASE, EQ, 25-Nov-2021,4043.8,4025.0,4118.85,4000.0,4000.0,4018.5,4066.51,13812,561.67,3499, 9747, 70.57,-0.63
TEAMLEASE, EQ, 25-Nov-2022,2535.0,2547.7,2559.95,2470.95,2479.9,2486.95,2527.03,17195,434.52,1501, 14039, 81.65,-1.9
TEAMLEASE, EQ, 25-Nov-2024,2728.2,2745.45,2762.95,2703.75,2710.0,2712.0,2720.35,16542,450.0,6546, 11737, 70.95,-0.59
TEAMLEASE, EQ, 26-Feb-2020,2405.5,2394.25,2407.15,2331.0, 2390.00,2370.7,2395.05,19148,458.6,892, 16922, 88.37,-1.45
TEAMLEASE, EQ, 26-Feb-2021,3435.45,3400.0,3499.0,3307.0,3342.85,3404.2,3406.42,25051,853.34,5495, 9603, 38.33,-0.91
TEAMLEASE, EQ, 26-Feb-2024,3020.8,2990.0,3106.1,2985.15, 2995.00,3007.2,3038.92,127454,3873.22,12829, 104115, 81.69,-0.45
TEAMLEASE, EQ, 26-Mar-2020,1672.55,1696.5,1797.55,1659.2, 1688.10,1690.25,1734.11,7087,122.9,1314, 3086, 43.54,1.06
TEAMLEASE, EQ, 26-Mar-2021,3493.65,3511.15,3585.0,3471.3,3536.05,3523.95,3516.59,18093,636.26,2091, 15331, 84.73,0.87
TEAMLEASE, EQ, 26-Mar-2024,2848.1,2848.0,2899.0,2808.05,2841.25,2841.8,2853.24,15076,430.15,5130, 7223, 47.91,-0.22
TEAMLEASE, EQ, 26-Mar-2025,1899.5,1909.5,1910.2,1852.6,1862.0,1873.25,1871.41,44879,839.87,11008, 21716, 48.39,-1.38
TEAMLEASE, EQ, 26-Apr-2021,3083.4,3120.0,3127.0,3026.05, 3069.00,3074.8,3082.75,33733,1039.9,6290, 26151, 77.52,-0.28
TEAMLEASE, EQ, 26-Apr-2022,3936.85,3916.1,4050.0,3916.1, 4000.00,3994.15,3981.98,13951,555.53,3707, 9253, 66.32,1.46
TEAMLEASE, EQ, 26-Apr-2023,2150.65,2148.0,2158.55,2111.1, 2150.00,2147.5,2136.06,34645,740.04,7091, 25443, 73.44,-0.15
TEAMLEASE, EQ, 26-Apr-2024,3277.4,3293.8,3293.8,3240.0, 3250.00,3249.75,3262.64,7079,230.96,1688, 4606, 65.07,-0.84
TEAMLEASE, EQ, 26-May-2020,1521.7,1501.0,1518.95,1490.15, 1500.00,1497.35,1509.98,12903,194.83,1055, 12004, 93.03,-1.6
TEAMLEASE, EQ, 26-May-2021,3335.05,3350.0,3675.0,3341.5, 3560.00,3593.45,3550.89,49632,1762.38,9724, 17967, 36.20,7.75
TEAMLEASE, EQ, 26-May-2022,3228.0,3206.1,3279.95,3100.7,3250.0,3249.65,3174.82,23101,733.41,5565, 14597, 63.19,0.67
TEAMLEASE, EQ, 26-May-2023,2228.9,2222.0,2248.95,2208.05,2239.0,2241.0,2224.79,8839,196.65,2202, 3577, 40.47,0.54
TEAMLEASE, EQ, 26-Jun-2020,1721.9,1720.0,1744.95,1698.95, 1701.05,1702.75,1717.52,5488,94.26,844, 3529, 64.30,-1.11
TEAMLEASE, EQ, 26-Jun-2023,2386.25,2386.25,2433.0,2376.1, 2425.00,2414.55,2412.33,13187,318.11,4517, 6261, 47.48,1.19
TEAMLEASE, EQ, 26-Jun-2024,2940.15,2949.0,2955.0,2923.0,2953.0,2949.75,2937.85,9929,291.7,2343, 6059, 61.02,0.33
TEAMLEASE, EQ, 26-Jul-2021,3960.05,3960.05,4049.5,3943.6,4008.0,4005.8,3997.18,14663,586.11,2931, 7500, 51.15,1.16
TEAMLEASE, EQ, 26-Jul-2022,3663.45,3715.0,3725.0,3542.7,3632.2,3684.75,3646.15,20998,765.62,3647, 12895, 61.41,0.58
TEAMLEASE, EQ, 26-Jul-2023,2413.2,2410.0,2470.0,2310.0, 2390.10,2379.3,2432.27,60077,1461.24,8740, 13174, 21.93,-1.4
TEAMLEASE, EQ, 26-Jul-2024,3295.85,3300.0,3437.7,3260.65, 3405.00,3414.15,3368.96,63789,2149.03,10348, 39980, 62.68,3.59
TEAMLEASE, EQ, 26-Aug-2020,2334.1,2355.0,2380.0,2301.65, 2320.00,2326.65,2337.48,85362,1995.32,2919, 75255, 88.16,-0.32
TEAMLEASE, EQ, 26-Aug-2021,3946.55,3979.0,3979.0,3873.0, 3918.05,3919.15,3911.14,6481,253.48,2091, 2168, 33.45,-0.69
TEAMLEASE, EQ, 26-Aug-2022,3439.75,3488.0,3488.0,3410.6,3478.0,3473.75,3450.9,6942,239.56,2640, 2513, 36.20,0.99
TEAMLEASE, EQ, 26-Aug-2024,3239.8,3272.45,3302.95,3211.05,3236.15,3228.5,3262.57,20977,684.39,5254, 11247, 53.62,-0.35
TEAMLEASE, EQ, 26-Sep-2022,3203.35,3199.0,3210.0,3115.0,3132.25,3141.35,3157.03,5333,168.36,1826, 2002, 37.54,-1.94
TEAMLEASE, EQ, 26-Sep-2023,2521.3,2511.0,2551.3,2505.05, 2546.50,2546.6,2536.35,12407,314.68,4267, 6804, 54.84,1.0
TEAMLEASE, EQ, 26-Sep-2024,3082.0,3070.3,3079.55,3035.0,3035.0,3045.15,3050.57,9234,281.69,2866, 4754, 51.48,-1.2
TEAMLEASE, EQ, 26-Oct-2020,2258.4,2270.0,2270.0,2243.55,2251.0,2251.15,2252.65,1310,29.51,342, 666, 50.84,-0.32
TEAMLEASE, EQ, 26-Oct-2021,4604.3,4689.95,4823.4,4643.3, 4760.00,4750.6,4760.19,37429,1781.69,4143, 32530, 86.91,3.18
TEAMLEASE, EQ, 26-Oct-2023,2429.4,2405.0,2452.35,2373.6, 2445.00,2441.55,2419.48,15221,368.27,4440, 7734, 50.81,0.5
TEAMLEASE, EQ, 26-Nov-2020,2395.05,2427.95,2440.2,2320.5, 2360.00,2341.15,2360.71,15873,374.72,2743, 10734, 67.62,-2.25
TEAMLEASE, EQ, 26-Nov-2021,4018.5,4038.6,4239.45,3838.0, 3930.00,3910.9,3962.52,50426,1998.14,10900, 29278, 58.06,-2.68
TEAMLEASE, EQ, 26-Nov-2024,2712.0,2727.95,2733.45,2715.0,2715.85,2729.95,2726.61,20440,557.32,2671, 16477, 80.61,0.66
TEAMLEASE, EQ, 26-Dec-2022,2491.8,2490.05,2549.0,2477.3,2520.15,2527.3,2502.24,58309,1459.03,2173, 53630, 91.98,1.42
TEAMLEASE, EQ, 26-Dec-2023,2906.0,2949.6,2989.45,2875.0, 2980.00,2971.0,2948.85,42444,1251.61,8691, 19407, 45.72,2.24
TEAMLEASE, EQ, 26-Dec-2024,2906.75,2924.1,2924.15,2846.65,2885.0,2887.4,2880.86,7145,205.84,3095, 4061, 56.84,-0.67
TEAMLEASE, EQ, 27-Jan-2020,2736.15,2789.85,2880.0,2651.05, 2668.00,2680.95,2757.3,42320,1166.89,8753, 18289, 43.22,-2.02
TEAMLEASE, EQ, 27-Jan-2021,2779.85,2844.0,2844.0,2756.1, 2764.60,2774.05,2783.31,5484,152.64,1228, 3082, 56.20,-0.21
TEAMLEASE, EQ, 27-Jan-2022,3800.85,3875.0,4247.35,3874.95, 4100.00,4099.25,4094.87,331869,13589.6,44127, 172774, 52.06,7.85
TEAMLEASE, EQ, 27-Jan-2023,2421.15,2395.0,2395.95,2172.3, 2216.00,2244.3,2222.96,102622,2281.24,15264, 61897, 60.32,-7.3
TEAMLEASE, EQ, 27-Jan-2025,2637.4,2651.3,2669.65,2523.9,2550.0,2578.25,2565.6,89795,2303.78,11405, 68967, 76.80,-2.24
TEAMLEASE, EQ, 27-Feb-2020,2370.7,2368.65,2400.0,2312.9, 2385.00,2385.85,2373.21,3970,94.22,1012, 2123, 53.48,0.64
TEAMLEASE, EQ, 27-Feb-2023,2519.0,2531.6,2539.85,2500.2, 2501.00,2507.0,2516.42,5640,141.93,2099, 2073, 36.76,-0.48
TEAMLEASE, EQ, 27-Feb-2024,3007.2,3018.7,3108.35,2983.1, 3050.35,3064.4,3011.55,86215,2596.4,8460, 70307, 81.55,1.9
TEAMLEASE, EQ, 27-Feb-2025,1980.05,1980.0,1989.8,1881.65,1900.0,1895.25,1932.37,34459,665.87,12994, 17854, 51.81,-4.28
TEAMLEASE, EQ, 27-Mar-2020,1690.25,1748.0,1798.8,1502.0, 1530.00,1537.8,1625.03,8244,133.97,2746, 4523, 54.86,-9.02
TEAMLEASE, EQ, 27-Mar-2023,2293.4,2314.4,2314.4,2275.75, 2286.00,2289.6,2292.82,35940,824.04,11968, 27604, 76.81,-0.17
TEAMLEASE, EQ, 27-Mar-2024,2841.8,2867.2,2970.05,2785.5, 2793.00,2831.45,2851.82,118988,3393.32,24476, 87617, 73.64,-0.36
TEAMLEASE, EQ, 27-Mar-2025,1873.25,1855.05,1871.8,1822.65,1831.1,1833.85,1835.82,62391,1145.39,11833, 40518, 64.94,-2.1
TEAMLEASE, EQ, 27-Apr-2020,1601.0,1620.05,1640.25,1521.9, 1529.85,1530.5,1573.49,21069,331.52,3397, 13924, 66.09,-4.4
TEAMLEASE, EQ, 27-Apr-2021,3074.8,3099.0,3173.45,3060.15,3153.0,3153.2,3127.5,22391,700.28,3070, 15884, 70.94,2.55
TEAMLEASE, EQ, 27-Apr-2022,3994.15,4020.0,4087.6,3919.9,3956.0,3963.9,4020.92,15620,628.07,4048, 6561, 42.00,-0.76
TEAMLEASE, EQ, 27-Apr-2023,2147.5,2158.75,2179.9,2130.05, 2140.00,2148.7,2153.21,41804,900.13,3528, 35049, 83.84,0.06
TEAMLEASE, EQ, 27-May-2020,1497.35,1523.0,1523.0,1461.1,1476.5,1480.15,1476.15,16380,241.79,1993, 12660, 77.29,-1.15
TEAMLEASE, EQ, 27-May-2021,3593.45,3585.0,3669.1,3515.0, 3554.95,3599.6,3598.55,17500,629.75,5808, 7363, 42.07,0.17
TEAMLEASE, EQ, 27-May-2022,3249.65,3252.0,3276.6,3127.15, 3180.00,3181.05,3189.23,21822,695.95,3203, 16249, 74.46,-2.11
TEAMLEASE, EQ, 27-May-2024,3013.8,3039.0,3043.9,2941.0,2945.0,2956.45,2987.1,39129,1168.82,5439, 24527, 62.68,-1.9
TEAMLEASE, EQ, 27-Jun-2022,3043.3,3050.0,3146.9,3049.95,3100.8,3111.2,3091.86,7884,243.76,3251, 3212, 40.74,2.23
TEAMLEASE, EQ, 27-Jun-2023,2414.55,2414.55,2431.6,2389.0, 2397.00,2396.85,2413.09,8729,210.64,2066, 4496, 51.51,-0.73
TEAMLEASE, EQ, 27-Jun-2024,2949.75,2976.85,2976.85,2897.9,2953.0,2941.85,2922.85,29299,856.36,4205, 19802, 67.59,-0.27
TEAMLEASE, EQ, 27-Jul-2020,1879.8,1899.0,1899.0,1795.0,1827.9,1818.4,1844.7,16204,298.92,1045, 12366, 76.31,-3.27
TEAMLEASE, EQ, 27-Jul-2021,4005.8,4049.0,4049.0,3838.0, 3881.00,3871.2,3950.94,9879,390.31,2985, 5283, 53.48,-3.36
TEAMLEASE, EQ, 27-Jul-2022,3684.75,3684.75,3812.05,3626.3,3761.0,3762.95,3713.49,62419,2317.92,14449, 6565, 10.52,2.12
TEAMLEASE, EQ, 27-Jul-2023,2379.3,2385.05,2391.2,2263.65, 2345.00,2339.4,2315.36,58187,1347.24,10037, 31175, 53.58,-1.68
TEAMLEASE, EQ, 27-Aug-2020,2326.65,2336.65,2413.0,2314.85,2370.35,2368.9,2358.42,14436,340.46,3773, 7945, 55.04,1.82
TEAMLEASE, EQ, 27-Aug-2021,3919.15,3950.0,3960.0,3901.55, 3960.00,3928.2,3922.99,4112,161.31,1731, 1761, 42.83,0.23
TEAMLEASE, EQ, 27-Aug-2024,3228.5,3230.0,3264.65,3122.35,3175.0,3164.2,3187.35,18831,600.21,5347, 7824, 41.55,-1.99
TEAMLEASE, EQ, 27-Sep-2021,4483.55,4570.0,4640.0,4432.45, 4458.00,4484.85,4551.26,17095,778.04,4368, 5675, 33.20,0.03
TEAMLEASE, EQ, 27-Sep-2022,3141.35,3135.1,3171.4,3105.0,3144.0,3128.65,3134.83,5359,168.0,1841, 2671, 49.84,-0.4
TEAMLEASE, EQ, 27-Sep-2023,2546.6,2546.5,2624.5,2546.5, 2602.00,2593.35,2580.05,26129,674.14,3929, 16133, 61.74,1.84
TEAMLEASE, EQ, 27-Sep-2024,3045.15,3045.15,3149.25,3007.1,3090.7,3087.3,3070.46,130438,4005.04,9672, 79292, 60.79,1.38
TEAMLEASE, EQ, 27-Oct-2020,2251.15,2252.0,2262.2,2180.1, 2248.00,2215.75,2213.37,16033,354.87,1859, 2190, 13.66,-1.57
TEAMLEASE, EQ, 27-Oct-2021,4750.6,4774.4,4777.85,4642.0, 4660.00,4661.75,4702.47,13768,647.44,1877, 11737, 85.25,-1.87
TEAMLEASE, EQ, 27-Oct-2022,2862.8,2877.15,2887.4,2772.0,2780.0,2801.1,2845.68,26085,742.3,2601, 20391, 78.17,-2.16
TEAMLEASE, EQ, 27-Oct-2023,2441.55,2448.7,2484.3,2448.7,2471.0,2472.3,2470.56,16518,408.09,1925, 12559, 76.03,1.26
TEAMLEASE, EQ, 27-Nov-2020,2341.15,2380.0,2715.45,2305.1,2489.0,2499.9,2492.21,85159,2122.34,8585, 54125, 63.56,6.78
TEAMLEASE, EQ, 27-Nov-2024,2729.95,2745.0,2865.0,2726.15,2857.0,2850.4,2801.18,26258,735.53,5907, 14516, 55.28,4.41
TEAMLEASE, EQ, 27-Dec-2021,3677.5,3699.0,3890.15,3621.85, 3730.00,3767.9,3697.3,76794,2839.31,5820, 58494, 76.17,2.46
TEAMLEASE, EQ, 27-Dec-2022,2527.3,2540.6,2548.2,2509.2,2515.0,2517.15,2516.57,18489,465.29,1401, 16092, 87.04,-0.4
TEAMLEASE, EQ, 27-Dec-2023,2971.0,3029.0,3150.0,3005.55, 3130.00,3100.0,3086.39,265006,8179.11,32862, 117237, 44.24,4.34
TEAMLEASE, EQ, 27-Dec-2024,2887.4,2872.3,2902.0,2860.5,2892.0,2879.4,2892.0,4298,124.3,1500, 2162, 50.30,-0.28
TEAMLEASE, EQ, 28-Jan-2020,2680.95,2702.4,2745.0,2531.3, 2582.00,2598.45,2628.71,125304,3293.88,11247, 65283, 52.10,-3.08
TEAMLEASE, EQ, 28-Jan-2021,2774.05,2787.95,2865.0,2689.05, 2830.00,2819.25,2804.6,35998,1009.6,4855, 9414, 26.15,1.63
TEAMLEASE, EQ, 28-Jan-2022,4099.25,4079.95,4379.55,4063.0, 4150.50,4202.7,4274.39,43162,1844.91,10590, 14351, 33.25,2.52
TEAMLEASE, EQ, 28-Jan-2025,2578.25,2578.95,2593.0,2469.65,2523.0,2521.75,2505.68,11799,295.64,3442, 5861, 49.67,-2.19
TEAMLEASE, EQ, 28-Feb-2020,2385.85,2322.0,2424.8,2301.25, 2302.00,2321.95,2374.61,22581,536.21,3069, 17774, 78.71,-2.68
TEAMLEASE, EQ, 28-Feb-2022,3939.6,3900.0,4215.05,3862.1, 4110.00,4105.45,4085.93,53812,2198.72,7492, 40644, 75.53,4.21
TEAMLEASE, EQ, 28-Feb-2023,2507.0,2507.0,2550.0,2505.05, 2507.90,2512.6,2536.83,15311,388.41,2642, 10680, 69.75,0.22
TEAMLEASE, EQ, 28-Feb-2024,3064.4,3063.05,3083.8,2966.0,2966.0,2985.45,3018.16,8438,254.67,2934, 3839, 45.50,-2.58
TEAMLEASE, EQ, 28-Feb-2025,1895.25,1878.0,1966.9,1826.0,1966.9,1949.0,1871.8,323309,6051.7,12507, 294659, 91.14,2.84
TEAMLEASE, EQ, 28-Mar-2022,3854.15,3847.0,4035.0,3803.15, 4025.00,3998.55,3929.43,19541,767.85,4951, 10425, 53.35,3.75
TEAMLEASE, EQ, 28-Mar-2023,2289.6,2285.0,2299.7,2190.1, 2205.00,2204.75,2209.94,53999,1193.34,7611, 43261, 80.11,-3.71
TEAMLEASE, EQ, 28-Mar-2024,2831.45,2812.0,2885.8,2732.4,2744.95,2740.6,2762.9,130649,3609.71,20889, 87824, 67.22,-3.21
TEAMLEASE, EQ, 28-Mar-2025,1833.85,1833.9,1878.85,1793.05,1809.0,1810.25,1825.89,39681,724.53,11169, 18830, 47.45,-1.29
TEAMLEASE, EQ, 28-Apr-2020,1530.5,1567.0,1567.0,1517.05, 1552.00,1550.1,1546.21,13777,213.02,1588, 8266, 60.00,1.28
TEAMLEASE, EQ, 28-Apr-2021,3153.2,3165.0,3250.0,3150.0, 3230.00,3240.9,3212.15,12881,413.76,3536, 4725, 36.68,2.78
TEAMLEASE, EQ, 28-Apr-2022,3963.9,3910.0,3949.8,3885.05, 3900.00,3902.45,3903.46,7660,299.01,3064, 4009, 52.34,-1.55
TEAMLEASE, EQ, 28-Apr-2023,2148.7,2147.35,2160.95,2126.1, 2129.80,2129.8,2131.05,46552,992.05,5072, 37779, 81.15,-0.88
TEAMLEASE, EQ, 28-May-2020,1480.15,1499.95,1504.9,1478.0,1482.25,1486.75,1487.0,4679,69.58,1966, 2513, 53.71,0.45
TEAMLEASE, EQ, 28-May-2021,3599.6,3599.0,3660.0,3536.6,3555.0,3554.4,3574.66,4311,154.1,1152, 1711, 39.69,-1.26
TEAMLEASE, EQ, 28-May-2024,2956.45,2956.65,3002.35,2911.0,2939.0,2923.85,2938.32,45223,1328.8,9587, 33783, 74.70,-1.1
TEAMLEASE, EQ, 28-Jun-2021,3554.45,3572.25,3755.0,3551.1, 3630.00,3607.7,3664.79,40851,1497.11,7006, 15690, 38.41,1.5
TEAMLEASE, EQ, 28-Jun-2022,3111.2,3064.55,3203.95,3064.55, 3159.90,3149.7,3169.95,11962,379.19,3348, 5286, 44.19,1.24
TEAMLEASE, EQ, 28-Jun-2024,2941.85,2955.55,2978.0,2940.75,2965.0,2957.25,2961.98,11835,350.55,2210, 7654, 64.67,0.52
TEAMLEASE, EQ, 28-Jul-2020,1818.4,1847.0,1855.95,1798.0,1830.0,1848.3,1823.31,13132,239.44,2191, 4241, 32.30,1.64
TEAMLEASE, EQ, 28-Jul-2021,3871.2,3890.6,4035.0,3712.55,3731.0,3771.95,3906.42,87458,3416.47,13726, 20795, 23.78,-2.56
TEAMLEASE, EQ, 28-Jul-2022,3762.95,3769.95,3769.95,3585.0, 3609.35,3617.3,3637.94,24407,887.91,8089, 12956, 53.08,-3.87
TEAMLEASE, EQ, 28-Jul-2023,2339.4,2333.9,2338.35,2303.3, 2306.00,2315.1,2321.11,24124,559.94,3620, 17933, 74.34,-1.04
TEAMLEASE, EQ, 28-Aug-2020,2368.9,2370.0,2404.75,2351.0, 2366.00,2365.9,2368.08,77064,1824.94,4778, 70904, 92.01,-0.13
TEAMLEASE, EQ, 28-Aug-2023,2327.9,2321.0,2359.55,2289.1, 2335.00,2328.55,2321.89,21987,510.51,2680, 16374, 74.47,0.03
TEAMLEASE, EQ, 28-Aug-2024,3164.2,3176.0,3245.0,3136.5,3150.0,3150.25,3158.93,119790,3784.08,3799, 110889, 92.57,-0.44
TEAMLEASE, EQ, 28-Sep-2020,2161.75,2189.9,2248.0,2178.0,2190.0,2201.45,2198.88,9073,199.5,1218,5685,62.66,1.84
TEAMLEASE, EQ, 28-Sep-2021,4484.85,4508.0,4545.0,4365.2, 4399.00,4408.7,4444.68,11172,496.56,3665, 5454, 48.82,-1.7
TEAMLEASE, EQ, 28-Sep-2022,3128.65,3120.25,3164.4,3050.1,3064.0,3067.55,3110.55,7322,227.75,2227, 2950, 40.29,-1.95
TEAMLEASE, EQ, 28-Sep-2023,2593.35,2607.0,2650.35,2586.25, 2593.80,2601.1,2597.58,201298,5228.87,6372, 185239, 92.02,0.3
TEAMLEASE, EQ, 28-Oct-2020,2215.75,2226.75,2318.0,2226.75, 2268.25,2277.15,2249.75,34324,772.21,5382, 27172, 79.16,2.77
TEAMLEASE, EQ, 28-Oct-2021,4661.75,4685.1,4720.6,4580.0, 4640.00,4633.05,4667.45,10444,487.47,2192, 7969, 76.30,-0.62
TEAMLEASE, EQ, 28-Oct-2022,2801.1,2801.1,2915.0,2801.1,2908.0,2901.55,2877.18,10722,308.49,3248, 3667, 34.20,3.59
TEAMLEASE, EQ, 28-Oct-2024,2809.6,2825.1,2825.15,2767.25,2779.0,2783.4,2794.56,28596,799.13,5669, 19126, 66.88,-0.93
TEAMLEASE, EQ, 28-Nov-2022,2486.95,2499.0,2499.0,2430.35, 2480.00,2467.55,2454.81,56281,1381.59,4277, 46938, 83.40,-0.78
TEAMLEASE, EQ, 28-Nov-2023,2634.6,2647.8,2650.0,2567.0, 2596.05,2602.3,2606.33,13566,353.57,5080, 7741, 57.06,-1.23
TEAMLEASE, EQ, 28-Nov-2024,2850.4,2856.05,2940.0,2852.55,2909.85,2909.2,2913.37,21761,633.98,4902, 12330, 56.66,2.06
TEAMLEASE, EQ, 28-Dec-2020,2563.15,2550.1,2609.95,2534.3,2584.0,2580.65,2580.84,10283,265.39,4132, 5632, 54.77,0.68
TEAMLEASE, EQ, 28-Dec-2021,3767.9,3770.15,3948.95,3763.05,3855.0,3876.05,3882.9,47129,1829.97,4856, 29591, 62.79,2.87
TEAMLEASE, EQ, 28-Dec-2022,2517.15,2502.0,2550.0,2495.25, 2500.00,2521.2,2509.33,9026,226.49,2152, 4666, 51.70,0.16
TEAMLEASE, EQ, 28-Dec-2023,3100.0,3147.0,3247.0,3088.0, 3200.00,3202.5,3159.31,187893,5936.12,23885, 105471, 56.13,3.31
TEAMLEASE, EQ, 29-Jan-2020,2598.45,2606.0,2607.2,2501.0, 2529.90,2526.8,2531.8,31560,799.04,9046, 19180, 60.77,-2.76
TEAMLEASE, EQ, 29-Jan-2021,2819.25,2846.6,2928.0,2804.35, 2867.00,2850.9,2863.27,24796,709.98,3951, 8459, 34.11,1.12
TEAMLEASE, EQ, 29-Jan-2024,3031.35,3061.0,3061.1,2951.1, 2961.50,2962.7,2979.21,14596,434.85,5017, 8550, 58.58,-2.26
TEAMLEASE, EQ, 29-Jan-2025,2521.75,2525.0,2552.5,2460.0,2496.0,2497.65,2503.07,54735,1370.05,10318, 29763, 54.38,-0.96
TEAMLEASE, EQ, 29-Feb-2024,2985.45,3018.0,3058.0,2985.0, 2991.60,3012.6,3007.01,94340,2836.82,9522, 74899, 79.39,0.91
TEAMLEASE, EQ, 29-Mar-2022,3998.55,4035.0,4330.55,3967.8, 4191.50,4264.2,4177.08,38776,1619.71,9531, 11095, 28.61,6.64
TEAMLEASE, EQ, 29-Mar-2023,2204.75,2200.0,2225.0,2200.0, 2221.00,2210.85,2214.76,55360,1226.09,15424, 47101, 85.08,0.28
TEAMLEASE, EQ, 29-Apr-2020,1550.1,1564.95,1578.4,1550.0,1555.0,1553.7,1559.45,4554,71.02,801, 2429, 53.34,0.23
TEAMLEASE, EQ, 29-Apr-2021,3240.9,3275.0,3345.95,3213.3, 3300.00,3310.1,3292.23,14357,472.67,3248, 7360, 51.26,2.14
TEAMLEASE, EQ, 29-Apr-2022,3902.45,3911.05,3937.3,3815.4,3863.05,3879.05,3883.78,17865,693.84,5309, 11160, 62.47,-0.6
TEAMLEASE, EQ, 29-Apr-2024,3249.75,3266.0,3299.95,3242.35, 3260.55,3283.7,3273.62,7345,240.45,2798, 3390, 46.15,1.04
TEAMLEASE, EQ, 29-May-2020,1486.75,1480.0,1498.9,1475.0, 1480.00,1483.45,1486.67,8317,123.65,679, 7110, 85.49,-0.22
TEAMLEASE, EQ, 29-May-2023,2241.0,2270.0,2271.0,2244.0, 2255.05,2252.95,2257.96,15535,350.77,2754, 8929, 57.48,0.53
TEAMLEASE, EQ, 29-May-2024,2923.85,2937.95,2984.9,2911.0,2952.0,2971.6,2937.22,25732,755.81,4298, 16792, 65.26,1.63
TEAMLEASE, EQ, 29-Jun-2020,1702.75,1726.0,1740.0,1680.0, 1686.55,1684.7,1713.54,5892,100.96,939, 2609, 44.28,-1.06
TEAMLEASE, EQ, 29-Jun-2021,3607.7,3649.5,3649.5,3575.1, 3598.00,3602.9,3608.76,6560,236.73,1386, 3539, 53.95,-0.13
TEAMLEASE, EQ, 29-Jun-2022,3149.7,3125.0,3289.2,3109.25, 3236.00,3230.25,3231.73,13102,423.42,3757, 4350, 33.20,2.56
TEAMLEASE, EQ, 28-Jun-2023,2396.85,2398.0,2473.45,2398.0, 2471.00,2459.45,2449.5,26756,655.39,6410, 14372, 53.72,2.61
TEAMLEASE, EQ, 29-Jul-2020,1848.3,1845.5,1850.0,1783.0, 1790.00,1795.15,1812.06,8382,151.89,1270, 4780, 57.03,-2.88
TEAMLEASE, EQ, 29-Jul-2021,3771.95,3800.0,3980.0,3794.1,3934.35,3929.25,3898.6,36533,1424.28,5887, 15954, 43.67,4.17
TEAMLEASE, EQ, 29-Jul-2022,3617.3,3620.0,3699.9,3460.1,3498.65,3500.25,3525.82,51815,1826.9,14765, 30372, 58.62,-3.24
TEAMLEASE, EQ, 29-Jul-2024,3414.15,3416.6,3478.0,3350.0,3451.0,3444.55,3414.39,61054,2084.62,13903, 33029, 54.10,0.89
TEAMLEASE, EQ, 29-Aug-2022,3473.75,3382.5,3447.05,3345.7, 3400.00,3385.45,3403.26,12728,433.17,3431, 6516, 51.19,-2.54
TEAMLEASE, EQ, 29-Aug-2023,2328.55,2340.0,2346.0,2310.05, 2346.00,2337.0,2333.48,9168,213.93,3006, 5568, 60.73,0.36
TEAMLEASE, EQ, 29-Aug-2024,3150.25,3166.05,3240.0,3132.5,3176.0,3172.5,3180.89,23310,741.47,7719, 10542, 45.23,0.71
TEAMLEASE, EQ, 29-Sep-2020,2201.45,2245.0,2245.0,2200.0,2235.0,2215.65,2217.99,12806,284.04,1206, 1414, 11.04,0.65
TEAMLEASE, EQ, 29-Sep-2021,4408.7,4442.0,4554.0,4355.0, 4460.00,4464.2,4446.3,23057,1025.18,5775, 13725, 59.53,1.26
TEAMLEASE, EQ, 29-Sep-2022,3067.55,3083.7,3131.0,3050.1,3098.0,3077.1,3091.62,5522,170.72,2145, 2782, 50.38,0.31
TEAMLEASE, EQ, 29-Sep-2023,2601.1,2619.3,2637.1,2560.05, 2625.95,2598.05,2591.31,19220,498.05,3087, 5944, 30.93,-0.12
TEAMLEASE, EQ, 29-Oct-2020,2277.15,2284.0,2284.0,2205.0,2230.0,2224.2,2225.01,9788,217.78,1469, 5610, 57.32,-2.33
TEAMLEASE, EQ, 29-Oct-2021,4633.05,4545.1,4612.65,4456.8, 4499.00,4478.75,4492.56,11169,501.77,4797, 5632, 50.43,-3.33
TEAMLEASE, EQ, 29-Oct-2024,2783.4,2790.0,2798.45,2730.0,2732.05,2748.4,2752.41,22617,622.51,4046, 16870, 74.59,-1.26
TEAMLEASE, EQ, 29-Nov-2021,3910.9,3910.9,4077.9,3745.0, 3993.20,3917.85,3947.57,13082,516.42,4798, 5035, 38.49,0.18
TEAMLEASE, EQ, 29-Nov-2022,2467.55,2525.0,2961.0,2435.0,2455.0,2476.2,2540.89,86819,2205.97,13142, 10720, 12.35,0.35
TEAMLEASE, EQ, 29-Nov-2023,2602.3,2625.95,2627.0,2571.1, 2580.70,2590.95,2602.49,13174,342.85,6145, 7677, 58.27,-0.44
TEAMLEASE, EQ, 29-Nov-2024,2909.2,2903.25,2919.95,2836.45,2889.15,2898.25,2894.25,13253,383.58,4855, 6918, 52.20,-0.38
TEAMLEASE, EQ, 29-Dec-2020,2580.65,2593.6,2599.9,2545.1,2550.0,2558.7,2568.03,11934,306.47,2277, 4557, 38.19,-0.85
TEAMLEASE, EQ, 29-Dec-2021,3876.05,3898.85,4035.0,3844.4, 3980.00,4003.8,3975.15,30435,1209.84,7311, 11897, 39.09,3.3
TEAMLEASE, EQ, 29-Dec-2022,2521.2,2521.25,2527.9,2496.15, 2525.00,2518.0,2511.12,4145,104.09,1387, 1875, 45.24,-0.13
TEAMLEASE, EQ, 29-Dec-2023,3202.5,3200.0,3208.25,3150.1, 3178.10,3198.05,3191.67,79029,2522.34,15498, 49649, 62.82,-0.14
TEAMLEASE, EQ, 30-Jan-2020,2526.8,2530.0,2530.25,2477.05, 2525.00,2525.05,2507.92,10183,255.38,2271, 5202, 51.09,-0.07
TEAMLEASE, EQ, 30-Jan-2023,2244.3,2248.0,2270.0,2209.5, 2268.00,2251.2,2240.12,8531,191.1,3268, 4022, 47.15,0.31
TEAMLEASE, EQ, 30-Jan-2024,2962.7,2969.15,2982.9,2751.05, 2760.00,2791.75,2853.7,45928,1310.65,11831, 22419, 48.81,-5.77
TEAMLEASE, EQ, 30-Jan-2025,2497.65,2497.65,2510.8,2420.0,2425.1,2431.9,2436.83,81524,1986.6,25072, 57018, 69.94,-2.63
TEAMLEASE, EQ, 30-Mar-2020,1537.8,1521.5,1585.25,1460.05, 1480.00,1502.35,1506.13,12722,191.61,2392, 7406, 58.21,-2.31
TEAMLEASE, EQ, 30-Mar-2021,3523.95,3600.0,3771.0,3559.25,3745.0,3681.5,3660.44,35909,1314.43,3887, 27945, 77.82,4.47
TEAMLEASE, EQ, 30-Mar-2022,4264.2,4260.0,4295.0,4138.7, 4230.00,4234.15,4225.44,23280,983.68,5559, 11293, 48.51,-0.7
TEAMLEASE, EQ, 30-Apr-2020,1553.7,1600.0,1628.0,1557.05,1594.85,1599.5,1594.23,9187,146.46,1699, 4444, 48.37,2.95
TEAMLEASE, EQ, 30-Apr-2021,3310.1,3306.0,3374.75,3200.0,3200.0,3257.45,3302.18,17545,579.37,3506, 7511, 42.81,-1.59
TEAMLEASE, EQ, 30-Apr-2024,3283.7,3298.25,3337.45,3270.0, 3308.00,3319.3,3308.94,14973,495.45,4435, 8610, 57.50,1.08
TEAMLEASE, EQ, 30-May-2022,3181.05,3210.0,3274.8,3137.0, 3170.00,3162.45,3171.25,80456,2551.46,8419, 67648, 84.08,-0.58
TEAMLEASE, EQ, 30-May-2023,2252.95,2252.95,2252.95,2220.0, 2240.00,2236.0,2241.57,10685,239.51,2089, 7091, 66.36,-0.75
TEAMLEASE, EQ, 30-May-2024,2971.6,2981.6,3005.95,2911.0,2913.0,2933.6,2959.25,55485,1641.94,11255, 42611, 76.80,-1.28
TEAMLEASE, EQ, 30-Jun-2020,1684.7,1699.8,1720.65,1665.0, 1678.35,1680.5,1691.8,33893,573.4,9262, 26009, 76.74,-0.25
TEAMLEASE, EQ, 30-Jun-2021,3602.9,3648.0,3670.0,3577.75, 3610.00,3617.35,3616.1,10260,371.01,1279, 7696, 75.01,0.4
TEAMLEASE, EQ, 30-Jun-2022,3230.25,3246.45,3260.0,3181.65,3240.0,3236.15,3214.97,13804,443.79,2499, 10439, 75.62,0.18
TEAMLEASE, EQ, 30-Jun-2023,2459.45,2471.75,2507.85,2442.0, 2500.00,2493.15,2479.34,29350,727.69,5363, 16782, 57.18,1.37
TEAMLEASE, EQ, 30-Jul-2020,1795.15,1800.0,1808.0,1758.35, 1790.00,1786.0,1794.64,7536,135.24,863, 3418, 45.36,-0.51
TEAMLEASE, EQ, 30-Jul-2021,3929.25,3940.0,4505.65,3940.0, 4271.00,4260.3,4293.65,229721,9863.4,35380, 36032, 15.69,8.43
TEAMLEASE, EQ, 30-Jul-2024,3444.55,3500.0,3525.45,3403.8,3469.0,3481.3,3475.85,74073,2574.67,13684, 44848, 60.55,1.07
TEAMLEASE, EQ, 30-Aug-2021,3928.2,3980.0,4054.95,3926.0, 4020.00,4019.6,3987.97,5646,225.16,1954, 2580, 45.70,2.33
TEAMLEASE, EQ, 30-Aug-2022,3385.45,3385.45,3424.9,3360.0, 3362.50,3386.0,3393.08,8440,286.38,3657, 4101, 48.59,0.02
TEAMLEASE, EQ, 30-Aug-2023,2337.0,2342.0,2528.25,2340.1, 2420.00,2434.1,2458.7,133536,3283.25,19179, 49208, 36.85,4.15
TEAMLEASE, EQ, 30-Aug-2024,3172.5,3188.4,3213.0,3087.35,3149.75,3147.95,3117.96,127801,3984.79,11853, 100733, 78.82,-0.77
TEAMLEASE, EQ, 30-Sep-2020,2215.65,2226.35,2259.55,2182.65,2190.0,2195.05,2213.55,5041,111.59,1041, 1807, 35.85,-0.93
TEAMLEASE, EQ, 30-Sep-2021,4464.2,4498.0,4558.0,4463.15, 4483.00,4488.65,4485.61,16860,756.27,2863, 3115, 18.48,0.55
TEAMLEASE, EQ, 30-Sep-2022,3077.1,3077.15,3082.05,2990.7, 3004.00,3003.35,3016.3,11502,346.94,4657, 5670, 49.30,-2.4
TEAMLEASE, EQ, 30-Sep-2024,3087.3,3104.9,3146.05,3051.1,3111.0,3129.3,3117.75,48900,1524.58,9579, 27747, 56.74,1.36
TEAMLEASE, EQ, 30-Oct-2020,2224.2,2235.25,2257.0,2220.0, 2231.00,2227.1,2235.17,1330,29.73,496, 736, 55.34,0.13
TEAMLEASE, EQ, 30-Oct-2023,2472.3,2473.0,2484.7,2429.15, 2429.15,2436.65,2445.96,14137,345.79,3271, 9147, 64.70,-1.44
TEAMLEASE, EQ, 30-Oct-2024,2748.4,2748.4,2808.0,2733.25,2799.95,2802.7,2795.65,19939,557.43,4381, 12591, 63.15,1.98
TEAMLEASE, EQ, 30-Nov-2021,3917.85,4036.0,4362.7,3993.25,4300.0,4278.5,4279.78,164206,7027.65,27153, 45970, 28.00,9.21
TEAMLEASE, EQ, 30-Nov-2022,2476.2,2488.6,2529.25,2470.5,2489.0,2494.4,2490.59,11359,282.91,1979, 5658, 49.81,0.73
TEAMLEASE, EQ, 30-Nov-2023,2590.95,2590.1,2590.1,2510.0, 2521.00,2524.0,2540.83,14641,372.0,4739, 7997, 54.62,-2.58
TEAMLEASE, EQ, 30-Dec-2020,2558.7,2558.0,2558.0,2502.0,2540.0,2541.05,2535.53,13396,339.66,2295, 10278, 76.72,-0.69
TEAMLEASE, EQ, 30-Dec-2021,4003.8,4040.0,4326.0,4000.0, 4015.00,4024.4,4031.26,45109,1818.46,5986, 29780, 66.02,0.51
TEAMLEASE, EQ, 30-Dec-2022,2518.0,2530.6,2565.0,2501.0,2520.0,2522.65,2534.16,6316,160.06,1870, 1608, 25.46,0.18
TEAMLEASE, EQ, 30-Dec-2024,2879.4,2859.0,2905.45,2853.65,2900.0,2898.95,2896.47,23331,675.78,6949, 16689, 71.53,0.68
TEAMLEASE, EQ, 31-Jan-2020,2525.05,2510.0,2599.0,2510.0, 2584.00,2585.25,2579.42,36640,945.1,2367, 30102, 82.16,2.38
TEAMLEASE, EQ, 31-Jan-2022,4202.7,4202.7,4400.0,4081.35,4276.0,4322.35,4255.26,78570,3343.36,8519, 57738, 73.49,2.85
TEAMLEASE, EQ, 31-Jan-2023,2251.2,2252.0,2319.9,2213.1,2304.25,2304.0,2286.27,17130,391.64,4620, 9986, 58.30,2.35
TEAMLEASE, EQ, 31-Jan-2024,2791.75,2846.1,2913.0,2816.95, 2855.00,2866.6,2863.11,100064,2864.94,21956, 59265, 59.23,2.68
TEAMLEASE, EQ, 31-Jan-2025,2431.9,2431.0,2450.0,2372.75,2446.9,2442.15,2424.91,34549,837.78,11342, 15158, 43.87,0.42
TEAMLEASE, EQ, 31-Mar-2020,1502.35,1511.2,1802.8,1426.0,1538.85,1627.1,1531.17,40573,621.24,7190, 25689, 63.32,8.3
TEAMLEASE, EQ, 31-Mar-2021,3681.5,3730.0,3800.0,3676.0, 3778.00,3771.65,3766.06,63092,2376.08,7588, 38347, 60.78,2.45
TEAMLEASE, EQ, 31-Mar-2022,4234.15,4165.0,4388.05,4084.0, 4310.05,4338.9,4317.23,77050,3326.42,20415, 44208, 57.38,2.47
TEAMLEASE, EQ, 31-Mar-2023,2210.85,2235.0,2257.2,2235.0, 2240.00,2239.45,2242.5,21631,485.08,5195, 14827, 68.55,1.29
TEAMLEASE, EQ, 31-May-2021,3554.4,3590.0,3590.0,3450.0, 3457.00,3463.9,3492.62,8366,292.19,2579, 4126, 49.32,-2.55
TEAMLEASE, EQ, 31-May-2022,3162.45,3195.0,3325.0,3178.35, 3289.55,3301.75,3228.63,144650,4670.21,10567, 124723, 86.22,4.4
TEAMLEASE, EQ, 31-May-2023,2236.0,2226.5,2235.0,2203.5, 2220.00,2221.5,2221.72,10510,233.5,1928, 6861, 65.28,-0.65
TEAMLEASE, EQ, 31-May-2024,2933.6,2913.0,2960.5,2911.0,2920.0,2914.9,2924.75,6844,200.17,1734, 3834, 56.02,-0.64
TEAMLEASE, EQ, 31-Jul-2020,1786.0,1786.0,1863.0,1782.05,1850.0,1849.8,1841.19,214312,3945.89,11173, 128339, 59.88,3.57
TEAMLEASE, EQ, 31-Jul-2023,2315.1,2330.0,2377.9,2316.55, 2352.10,2357.85,2357.18,21935,517.05,4877, 13151, 59.95,1.85
TEAMLEASE, EQ, 31-Jul-2024,3481.3,3472.0,3586.0,3439.55,3523.0,3516.95,3528.97,56728,2001.91,12447, 26385, 46.51,1.02
TEAMLEASE, EQ, 31-Aug-2020,2365.9,2380.0,2588.15,2350.0, 2364.00,2369.8,2459.15,81331,2000.05,17971, 37141, 45.67,0.16
TEAMLEASE, EQ, 31-Aug-2021,4019.6,4075.0,4159.0,4028.0,4120.0,4116.05,4115.85,38267,1575.01,4218, 28209, 73.72,2.4
TEAMLEASE, EQ, 31-Aug-2023,2434.1,2474.4,2474.4,2370.7, 2438.95,2420.0,2410.88,41709,1005.55,8473, 17117, 41.04,-0.58
TEAMLEASE, EQ, 31-Oct-2022,2901.55,2930.55,2942.2,2873.3,2910.0,2911.25,2909.92,12427,361.62,3696, 8310, 66.87,0.33
TEAMLEASE, EQ, 31-Oct-2023,2436.65,2439.95,2442.35,2303.35, 2330.00,2346.2,2363.35,28742,679.27,8661, 13815, 48.07,-3.71
TEAMLEASE, EQ, 31-Oct-2024,2802.7,2750.0,2804.8,2750.0,2795.0,2792.3,2793.59,25549,713.73,8836, 16885, 66.09,-0.37
TEAMLEASE, EQ, 31-Dec-2020,2541.05,2535.15,2643.0,2516.05,2615.0,2626.3,2601.24,15511,403.48,3883, 5615, 36.20,3.35
TEAMLEASE, EQ, 31-Dec-2021,4024.4,4025.0,4298.0,4025.0,4169.85,4164.3,4182.11,67574,2826.02,11662, 30429, 45.03,3.48
TEAMLEASE, EQ, 31-Dec-2024,2898.95,2872.6,2960.6,2867.25,2938.5,2931.0,2905.55,28453,826.72,6033, 21711, 76.30,1.11
