SYMBOL, SERIES, DATE1, PREV_CLOSE, OPEN_PRICE, HIGH_PRICE, LOW_PRICE, LAST_PRICE, CLOSE_PRICE, AVG_PRICE, TTL_TRD_QNTY, TURNOVER_LACS, NO_OF_TRADES, DELIV_QTY, DELIV_PER,PER_CHANGE
TTKPRESTIG, EQ, 01-Jan-2020,5713.05,5718.3,5770.0,5710.05, 5749.95,5743.55,5748.67,1434,82.44,676, 931, 64.92,0.53
TTKPRESTIG, EQ, 01-Jan-2021,6180.6,6185.0,6270.0,6185.0, 6205.00,6218.95,6221.65,3243,201.77,1057, 1495, 46.10,0.62
TTKPRESTIG, EQ, 01-Jan-2024,741.3,741.3,749.6,740.05, 746.90,746.9,744.95,53318,397.19,6758, 29908, 56.09,0.76
TTKPRESTIG, EQ, 01-Jan-2025,809.9,812.0,816.65,803.1,805.1,805.9,806.5,9714,78.34,2525, 4417, 45.47,-0.49
TTKPRESTIG, EQ, 01-Feb-2021,5961.95,5999.9,6034.95,5864.9, 5955.20,5920.9,5918.97,3497,206.99,1875, 1958, 55.99,-0.69
TTKPRESTIG, EQ, 01-Feb-2022,958.55,978.0,983.7,937.0,943.0,941.65,955.71,137583,1314.9,13342, 59229, 43.05,-1.76
TTKPRESTIG, EQ, 01-Feb-2023,783.7,771.0,787.45,752.0, 754.90,755.65,763.48,1086367,8294.15,12801, 1031283, 94.93,-3.58
TTKPRESTIG, EQ, 01-Feb-2024,787.05,789.95,789.95,766.0, 768.30,770.1,773.76,33652,260.38,4978, 16693, 49.60,-2.15
TTKPRESTIG, EQ, 01-Mar-2021,7258.5,7265.0,7420.05,7061.15, 7140.00,7111.35,7239.63,7237,523.93,2719, 3636, 50.24,-2.03
TTKPRESTIG, EQ, 01-Mar-2023,756.8,760.8,775.9,752.05, 768.10,769.65,766.77,24369,186.85,5089, 11430, 46.90,1.7
TTKPRESTIG, EQ, 01-Mar-2024,747.95,745.0,749.9,738.1, 748.90,745.05,743.76,49723,369.82,13418, 22575, 45.40,-0.39
TTKPRESTIG, EQ, 01-Apr-2020,4864.55,5066.0,5099.4,4601.1,4601.1,4662.75,4738.43,4090,193.8,1820, 1829, 44.72,-4.15
TTKPRESTIG, EQ, 01-Apr-2021,7249.9,7258.3,7336.0,7152.0, 7299.00,7282.7,7274.44,6130,445.92,2219, 3611, 58.91,0.45
TTKPRESTIG, EQ, 01-Apr-2022,826.75,824.0,839.65,824.0, 832.00,831.05,831.82,45549,378.88,6134, 24495, 53.78,0.52
TTKPRESTIG, EQ, 01-Apr-2024,671.3,676.95,696.2,675.35, 694.00,692.45,685.26,51290,351.47,8430, 27617, 53.84,3.15
TTKPRESTIG, EQ, 01-Apr-2025,594.4,592.0,617.95,590.65,612.0,612.65,603.99,32045,193.55,4727, 13947, 43.52,3.07
TTKPRESTIG, EQ, 01-Jun-2020,4672.35,4695.75,4944.95,4695.75, 4870.00,4898.7,4849.82,31708,1537.78,3217, 28333, 89.36,4.84
TTKPRESTIG, EQ, 01-Jun-2021,8668.45,8840.0,8840.0,8650.0, 8740.65,8775.6,8740.99,22818,1994.52,5926, 4972, 21.79,1.24
TTKPRESTIG, EQ, 01-Jun-2022,831.95,838.5,889.0,836.2,880.0,882.3,874.75,365611,3198.17,22608, 89054, 24.36,6.05
TTKPRESTIG, EQ, 01-Jun-2023,687.2,690.0,690.65,674.8, 678.00,676.1,678.16,416596,2825.19,32997, 357358, 85.78,-1.62
TTKPRESTIG, EQ, 01-Jul-2020,5414.4,5414.1,5473.95,5399.95, 5425.00,5404.3,5413.92,2827,153.05,1009, 1499, 53.02,-0.19
TTKPRESTIG, EQ, 01-Jul-2021,9373.9,9375.0,9424.45,9250.0, 9311.00,9326.55,9357.46,10464,979.16,4090, 3867, 36.96,-0.51
TTKPRESTIG, EQ, 01-Jul-2022,830.75,828.0,833.4,816.95,830.0,822.2,825.23,17948,148.11,2909, 7913, 44.09,-1.03
TTKPRESTIG, EQ, 01-Jul-2024,786.8,792.0,834.9,783.3,823.95,825.3,822.28,427551,3515.65,32661, 172645, 40.38,4.89
TTKPRESTIG, EQ, 01-Aug-2022,887.65,892.3,910.5,884.15, 898.00,901.45,899.59,83177,748.25,5213, 54723, 65.79,1.55
TTKPRESTIG, EQ, 01-Aug-2023,788.45,791.05,796.2,780.7, 787.00,785.75,788.49,41673,328.59,5935, 22302, 53.52,-0.34
TTKPRESTIG, EQ, 01-Aug-2024,964.5,968.45,969.5,944.15,957.0,955.6,953.95,59898,571.4,6867, 31331, 52.31,-0.92
TTKPRESTIG, EQ, 01-Sep-2020,5692.05,5752.15,5920.0,5682.25, 5863.00,5853.35,5847.98,6414,375.09,2220, 2172, 33.86,2.83
TTKPRESTIG, EQ, 01-Sep-2021,8826.3,8811.0,8900.0,8780.0,8810.0,8824.2,8842.91,3935,347.97,1589, 1941, 49.33,-0.02
TTKPRESTIG, EQ, 01-Sep-2022,961.9,963.0,966.15,942.1,948.0,946.0,952.52,67649,644.37,6297, 33810, 49.98,-1.65
TTKPRESTIG, EQ, 01-Sep-2023,784.3,787.0,812.05,785.85, 802.00,802.0,800.08,298153,2385.47,15590, 190474, 63.88,2.26
TTKPRESTIG, EQ, 01-Oct-2020,6104.75,6148.6,6298.0,6148.6, 6181.30,6197.05,6253.36,7590,474.63,1540, 3204, 42.21,1.51
TTKPRESTIG, EQ, 01-Oct-2021,8883.4,8884.0,8949.45,8829.05, 8880.05,8878.4,8857.16,8849,783.77,1155, 7885, 89.11,-0.06
TTKPRESTIG, EQ, 01-Oct-2024,875.35,880.0,888.8,864.95,884.5,885.3,880.28,96033,845.36,16209, 51792, 53.93,1.14
TTKPRESTIG, EQ, 01-Nov-2021,10937.05,11040.0,11272.5,10860.35, 10997.00,11073.65,11151.36,42382,4726.17,11822, 12392, 29.24,1.25
TTKPRESTIG, EQ, 01-Nov-2022,931.3,936.0,951.0,920.0,944.0,944.05,934.83,36485,341.07,5956, 20237, 55.47,1.37
TTKPRESTIG, EQ, 01-Nov-2023,800.7,789.9,800.0,781.5, 788.00,788.75,786.25,58379,459.0,6781, 26343, 45.12,-1.49
TTKPRESTIG, EQ, 01-Dec-2020,5745.8,5798.8,5849.75,5729.0,5807.0,5823.65,5783.15,5727,331.2,1743, 3385, 59.11,1.35
TTKPRESTIG, EQ, 01-Dec-2021,9973.95,10000.0,10079.25,9885.25,9972.0,9951.7,9963.11,6752,672.71,2664, 3087, 45.72,-0.22
TTKPRESTIG, EQ, 01-Dec-2022,884.25,895.0,895.0,882.0,884.0,883.3,885.98,19797,175.4,1727, 11687, 59.03,-0.11
TTKPRESTIG, EQ, 01-Dec-2023,771.3,776.75,777.95,767.0, 770.00,770.1,770.94,39016,300.79,4776, 23410, 60.00,-0.16
TTKPRESTIG, EQ, 02-Jan-2020,5743.55,5745.0,5948.0,5710.0, 5788.00,5805.2,5815.72,3638,211.58,1319, 1555, 42.74,1.07
TTKPRESTIG, EQ, 02-Jan-2023,802.05,801.0,806.25,791.95, 800.00,798.75,798.91,317075,2533.15,4596, 290216, 91.53,-0.41
TTKPRESTIG, EQ, 02-Jan-2024,746.9,752.95,752.95,739.3, 746.00,744.9,743.87,54578,405.99,7719, 32908, 60.30,-0.27
TTKPRESTIG, EQ, 02-Jan-2025,805.9,814.0,821.95,806.0,812.0,814.2,811.54,10964,88.98,2506, 4642, 42.34,1.03
TTKPRESTIG, EQ, 02-Feb-2021,5920.9,5960.0,6174.95,5953.25, 6101.00,6127.85,6104.02,7650,466.96,2286, 4868, 63.63,3.5
TTKPRESTIG, EQ, 02-Feb-2022,941.65,945.0,958.6,936.0, 948.00,941.35,945.86,59662,564.32,6353, 33057, 55.41,-0.03
TTKPRESTIG, EQ, 02-Feb-2023,755.65,755.65,777.55,749.65, 755.05,757.6,763.46,38789,296.14,4745, 17796, 45.88,0.26
TTKPRESTIG, EQ, 02-Feb-2024,770.1,774.0,785.0,765.1, 775.00,777.65,774.82,52675,408.13,6881, 28989, 55.03,0.98
TTKPRESTIG, EQ, 02-Mar-2020,5696.65,5685.0,5835.0,5681.75, 5767.60,5769.4,5733.06,8611,493.67,1446, 7147, 83.00,1.28
TTKPRESTIG, EQ, 02-Mar-2021,7111.35,7310.0,8080.0,7137.5,7845.0,7921.9,7642.29,64896,4959.54,14721, 21294, 32.81,11.4
TTKPRESTIG, EQ, 02-Mar-2022,791.25,786.5,797.4,782.9, 795.00,792.45,790.82,47465,375.36,6099, 25813, 54.38,0.15
TTKPRESTIG, EQ, 02-Mar-2023,769.65,773.5,789.0,757.15, 771.30,772.75,770.05,39049,300.7,5311, 10641, 27.25,0.4
TTKPRESTIG, EQ, 02-Apr-2024,692.45,690.0,705.0,689.95, 705.00,702.5,698.66,36639,255.98,5464, 19137, 52.23,1.45
TTKPRESTIG, EQ, 02-Apr-2025,612.65,614.9,635.0,597.6,631.0,631.65,620.66,51379,318.89,6976, 27431, 53.39,3.1
TTKPRESTIG, EQ, 02-May-2022,848.85,841.0,871.5,838.85,850.3,851.65,855.92,154918,1325.98,10489, 36429, 23.52,0.33
TTKPRESTIG, EQ, 02-May-2023,731.6,736.05,744.25,718.9, 721.85,721.35,724.34,67545,489.26,7662, 42158, 62.41,-1.4
TTKPRESTIG, EQ, 02-May-2024,702.5,709.0,712.65,700.45, 707.95,707.4,708.03,66781,472.83,5641, 42377, 63.46,0.7
TTKPRESTIG, EQ, 02-Jun-2020,4898.7,4918.8,4950.0,4817.55,4862.5,4862.85,4860.97,10203,495.96,1397, 8361, 81.95,-0.73
TTKPRESTIG, EQ, 02-Jun-2021,8775.6,8706.0,9285.9,8675.0, 8800.00,8920.0,8999.18,48878,4398.62,10752, 10964, 22.43,1.65
TTKPRESTIG, EQ, 02-Jun-2022,882.3,886.0,898.75,845.15,856.6,854.45,875.62,129222,1131.5,11453, 48177, 37.28,-3.16
TTKPRESTIG, EQ, 02-Jun-2023,676.1,679.7,680.55,672.0, 673.50,673.8,674.35,179490,1210.39,13094, 139981, 77.99,-0.34
TTKPRESTIG, EQ, 02-Jul-2020,5404.3,5410.0,5560.0,5410.0, 5500.00,5521.95,5492.99,6415,352.38,2390, 4623, 72.07,2.18
TTKPRESTIG, EQ, 02-Jul-2021,9326.55,9255.05,9430.0,9255.05,9425.0,9425.65,9395.36,10611,996.94,2985, 5604, 52.81,1.06
TTKPRESTIG, EQ, 02-Jul-2024,825.3,829.0,854.7,819.05,837.0,834.6,838.53,275091,2306.73,22421, 124249, 45.17,1.13
TTKPRESTIG, EQ, 02-Aug-2021,8743.9,8853.1,8865.0,8650.0,8700.0,8686.5,8774.53,8053,706.61,2550, 5127, 63.67,-0.66
TTKPRESTIG, EQ, 02-Aug-2022,901.45,901.0,901.2,885.05,889.95,892.75,894.47,41380,370.13,3548, 23386, 56.52,-0.97
TTKPRESTIG, EQ, 02-Aug-2023,785.75,789.7,794.25,775.1, 781.55,779.75,784.21,47021,368.75,8249, 25235, 53.67,-0.76
TTKPRESTIG, EQ, 02-Aug-2024,955.6,953.5,1013.5,947.0,971.0,979.15,990.46,651009,6447.98,44574, 136128, 20.91,2.46
TTKPRESTIG, EQ, 02-Sep-2020,5853.35,5849.0,5874.95,5751.7, 5849.80,5818.95,5795.71,7929,459.54,939, 6926, 87.35,-0.59
TTKPRESTIG, EQ, 02-Sep-2021,8824.2,8824.0,8949.1,8701.0, 8717.50,8711.35,8770.89,7527,660.18,2803, 4343, 57.70,-1.28
TTKPRESTIG, EQ, 02-Sep-2022,946.0,950.75,965.7,942.35,955.0,956.45,956.72,81913,783.68,6847, 39445, 48.15,1.1
TTKPRESTIG, EQ, 02-Sep-2024,938.35,930.0,943.3,928.1,940.0,940.7,934.47,21675,202.55,3346, 11361, 52.42,0.25
TTKPRESTIG, EQ, 02-Nov-2020,5704.7,5710.05,5715.85,5624.5, 5700.00,5699.75,5680.05,1456,82.7,585, 847, 58.17,-0.09
TTKPRESTIG, EQ, 02-Nov-2021,11073.65,11060.0,11209.95,10970.05, 11079.85,11069.75,11063.8,12415,1373.57,5187, 4411, 35.53,-0.04
TTKPRESTIG, EQ, 02-Nov-2022,944.05,944.05,948.2,931.0,935.5,936.2,939.15,35378,332.25,8633, 19837, 56.07,-0.83
TTKPRESTIG, EQ, 02-Nov-2023,788.75,791.95,794.5,783.0, 785.00,786.45,786.86,22029,173.34,4512, 9292, 42.18,-0.29
TTKPRESTIG, EQ, 02-Dec-2020,5823.65,5791.15,5824.8,5750.5, 5769.00,5761.7,5780.68,10507,607.38,1621, 6433, 61.23,-1.06
TTKPRESTIG, EQ, 02-Dec-2021,9951.7,9951.7,10431.15,9951.7, 10429.00,10374.2,10266.76,13356,1371.23,5085, 4741, 35.50,4.25
TTKPRESTIG, EQ, 02-Dec-2022,883.3,881.2,886.0,875.0, 880.00,879.05,879.12,21556,189.5,2203, 15457, 71.71,-0.48
TTKPRESTIG, EQ, 02-Dec-2024,844.4,840.05,854.95,840.05,849.0,847.5,848.69,14520,123.23,3861, 6501, 44.77,0.37
TTKPRESTIG, EQ, 03-Jan-2020,5805.2,5820.6,5850.0,5780.15, 5810.00,5833.75,5822.05,2433,141.65,1155, 1505, 61.86,0.49
TTKPRESTIG, EQ, 03-Jan-2022,986.7,996.9,1050.0,990.0, 1016.50,1018.45,1020.98,165536,1690.08,13854, 45859, 27.70,3.22
TTKPRESTIG, EQ, 03-Jan-2023,798.75,799.5,806.0,796.15, 802.90,802.15,801.11,26064,208.8,3337, 12179, 46.73,0.43
TTKPRESTIG, EQ, 03-Jan-2024,744.9,744.9,750.2,741.0, 746.00,747.15,745.99,37200,277.51,5861, 22963, 61.73,0.3
TTKPRESTIG, EQ, 03-Jan-2025,814.2,814.2,827.4,812.1,825.3,822.1,820.94,24785,203.47,3765, 13869, 55.96,0.97
TTKPRESTIG, EQ, 03-Feb-2020,5775.85,5780.0,5944.0,5705.15, 5853.00,5900.3,5824.37,6666,388.25,1959, 4085, 61.28,2.15
TTKPRESTIG, EQ, 03-Feb-2021,6127.85,6172.0,6172.0,5970.0, 6000.00,6006.1,6070.04,8139,494.04,2967, 3955, 48.59,-1.99
TTKPRESTIG, EQ, 03-Feb-2022,941.35,957.0,957.0,930.0, 935.80,933.95,938.52,45838,430.2,6110, 26002, 56.73,-0.79
TTKPRESTIG, EQ, 03-Feb-2023,757.6,761.6,770.85,744.0, 753.95,750.0,749.1,44622,334.26,6606, 26478, 59.34,-1.0
TTKPRESTIG, EQ, 03-Feb-2025,746.0,743.4,764.45,720.05,725.0,725.35,738.49,28859,213.12,4178, 15297, 53.01,-2.77
TTKPRESTIG, EQ, 03-Mar-2020,5769.4,5788.8,5790.0,5651.1, 5652.00,5672.4,5704.22,5860,334.27,1076, 5055, 86.26,-1.68
TTKPRESTIG, EQ, 03-Mar-2021,7921.9,7894.0,7910.5,7601.1,7671.55,7661.85,7721.64,15002,1158.4,5220, 6414, 42.75,-3.28
TTKPRESTIG, EQ, 03-Mar-2022,792.45,800.0,808.05,791.0,808.0,802.15,799.73,33716,269.64,4678, 19020, 56.41,1.22
TTKPRESTIG, EQ, 03-Mar-2023,772.75,773.25,786.0,761.9, 777.00,782.05,777.55,40970,318.56,3332, 25816, 63.01,1.2
TTKPRESTIG, EQ, 03-Mar-2025,624.8,625.05,631.15,605.0,616.9,613.45,614.63,27673,170.09,3818, 13915, 50.28,-1.82
TTKPRESTIG, EQ, 03-Apr-2020,4662.75,4796.95,4796.95,4450.0, 4510.00,4471.75,4511.76,3121,140.81,1838, 1769, 56.68,-4.1
TTKPRESTIG, EQ, 03-Apr-2023,699.15,704.0,719.7,699.15, 711.90,713.8,714.07,131409,938.35,7726, 84194, 64.07,2.1
TTKPRESTIG, EQ, 03-Apr-2024,702.5,703.0,715.65,702.0, 712.50,710.15,708.19,60995,431.96,6083, 29701, 48.69,1.09
TTKPRESTIG, EQ, 03-Apr-2025,631.65,630.0,650.0,623.5,630.15,626.55,636.7,69803,444.44,6255, 43359, 62.12,-0.81
TTKPRESTIG, EQ, 03-May-2021,7401.25,7400.0,7650.0,7389.0,7486.2,7499.95,7556.18,7301,551.68,3052, 2183, 29.90,1.33
TTKPRESTIG, EQ, 03-May-2023,721.35,721.35,727.85,717.0,717.3,720.1,722.25,41355,298.69,6026, 24155, 58.41,-0.17
TTKPRESTIG, EQ, 03-May-2024,707.4,711.0,711.0,693.5, 702.25,700.6,695.75,487699,3393.14,6533, 421597, 86.45,-0.96
TTKPRESTIG, EQ, 03-Jun-2020,4862.85,4865.1,5270.0,4865.1,5159.95,5155.7,5060.48,29237,1479.53,5264, 13256, 45.34,6.02
TTKPRESTIG, EQ, 03-Jun-2021,8920.0,8890.0,9050.0,8802.0, 8831.00,8847.7,8909.54,19570,1743.6,5524, 4649, 23.76,-0.81
TTKPRESTIG, EQ, 03-Jun-2022,854.45,857.0,869.85,835.0, 836.85,837.45,847.64,51008,432.37,6854, 19991, 39.19,-1.99
TTKPRESTIG, EQ, 03-Jun-2024,678.2,686.0,696.8,669.0,670.0,671.8,679.53,102024,693.28,8177, 68170, 66.82,-0.94
TTKPRESTIG, EQ, 03-Jul-2020,5521.95,5534.9,5578.35,5450.0, 5488.15,5484.2,5503.18,4549,250.34,1545, 3019, 66.37,-0.68
TTKPRESTIG, EQ, 03-Jul-2023,750.0,756.0,757.95,743.75, 747.20,749.35,749.15,61980,464.33,7106, 31431, 50.71,-0.09
TTKPRESTIG, EQ, 03-Jul-2024,834.6,834.35,838.95,809.75,837.0,834.95,830.82,105054,872.81,8163, 53618, 51.04,0.04
TTKPRESTIG, EQ, 03-Aug-2020,5783.35,5750.0,5800.0,5550.1,5584.6,5594.9,5671.42,9468,536.97,2993, 3152, 33.29,-3.26
TTKPRESTIG, EQ, 03-Aug-2021,8686.5,8770.0,8800.0,8575.05,8605.0,8607.55,8633.99,13071,1128.55,2779, 9162, 70.09,-0.91
TTKPRESTIG, EQ, 03-Aug-2022,892.75,894.95,898.3,883.85, 892.35,891.2,889.75,33987,302.4,3050, 17636, 51.89,-0.17
TTKPRESTIG, EQ, 03-Aug-2023,779.75,777.05,785.85,770.0, 780.00,783.5,778.66,32845,255.75,3534, 18100, 55.11,0.48
TTKPRESTIG, EQ, 03-Sep-2020,5818.95,5859.0,6233.25,5802.0, 6100.00,6145.3,6066.29,12443,754.83,2393, 5994, 48.17,5.61
TTKPRESTIG, EQ, 03-Sep-2021,8711.35,8785.0,8900.0,8712.0, 8715.00,8731.1,8792.53,6407,563.34,1842, 1653, 25.80,0.23
TTKPRESTIG, EQ, 03-Sep-2024,940.7,935.0,964.0,933.55,946.0,943.55,949.19,122361,1161.44,11760, 52724, 43.09,0.3
TTKPRESTIG, EQ, 03-Oct-2022,959.15,960.25,992.0,959.15,965.0,986.65,978.83,49098,480.58,5993, 16551, 33.71,2.87
TTKPRESTIG, EQ, 03-Oct-2023,783.2,783.2,801.85,778.1, 798.00,797.35,794.17,120718,958.7,8725, 89678, 74.29,1.81
TTKPRESTIG, EQ, 03-Oct-2024,885.3,885.0,909.9,878.55,894.0,895.95,898.08,103328,927.97,13091, 59769, 57.84,1.2
TTKPRESTIG, EQ, 03-Nov-2020,5699.75,5699.8,5745.7,5552.8,5697.0,5700.3,5667.45,3349,189.8,951, 1774, 52.97,0.01
TTKPRESTIG, EQ, 03-Nov-2021,11069.75,11120.0,11316.0,11001.0, 11316.00,11230.2,11176.56,17478,1953.44,6653, 7284, 41.68,1.45
TTKPRESTIG, EQ, 03-Nov-2022,936.2,940.0,940.0,907.3,915.0,910.5,915.1,70898,648.78,8723, 44724, 63.08,-2.75
TTKPRESTIG, EQ, 03-Nov-2023,786.45,787.15,798.0,782.05, 790.10,787.95,788.88,29003,228.8,3570, 11609, 40.03,0.19
TTKPRESTIG, EQ, 03-Dec-2020,5761.7,5818.8,5820.0,5734.0,5762.0,5737.8,5756.77,6795,391.17,1993, 3927, 57.79,-0.41
TTKPRESTIG, EQ, 03-Dec-2021,10374.2,10500.0,10599.85,10106.3, 10185.10,10144.05,10309.35,12464,1284.96,4144, 6349, 50.94,-2.22
TTKPRESTIG, EQ, 03-Dec-2024,847.5,847.0,884.0,847.0,879.0,877.8,863.9,348506,3010.73,10891, 312506, 89.67,3.58
TTKPRESTIG, EQ, 04-Jan-2021,6218.95,6247.0,6350.0,6221.65,6293.0,6322.6,6294.04,8456,532.22,2312, 4533, 53.61,1.67
TTKPRESTIG, EQ, 04-Jan-2022,1018.45,1024.0,1048.8,1022.65, 1030.00,1031.6,1035.49,134830,1396.15,13742, 60165, 44.62,1.29
TTKPRESTIG, EQ, 04-Jan-2023,802.15,806.4,806.4,792.35, 794.00,794.9,796.63,21906,174.51,3085, 14242, 65.01,-0.9
TTKPRESTIG, EQ, 04-Jan-2024,747.15,747.15,750.2,737.1, 741.00,738.6,740.74,89786,665.08,9560, 58493, 65.15,-1.14
TTKPRESTIG, EQ, 04-Feb-2020,5900.3,5911.6,5950.1,5830.0, 5874.00,5891.2,5910.51,2852,168.57,961, 1728, 60.59,-0.15
TTKPRESTIG, EQ, 04-Feb-2021,6006.1,6044.0,6162.0,6007.0, 6150.00,6150.0,6131.24,158419,9713.05,3008, 152481, 96.25,2.4
TTKPRESTIG, EQ, 04-Feb-2022,933.95,945.0,945.0,912.8, 917.50,916.95,920.15,113799,1047.12,9349, 57159, 50.23,-1.82
TTKPRESTIG, EQ, 04-Feb-2025,725.35,725.35,738.35,721.95,725.5,726.25,729.51,14898,108.68,2889, 7461, 50.08,0.12
TTKPRESTIG, EQ, 04-Mar-2020,5672.4,5714.95,5714.95,5629.95, 5650.05,5652.55,5654.11,2583,146.05,998, 1913, 74.06,-0.35
TTKPRESTIG, EQ, 04-Mar-2021,7661.85,7625.0,7659.9,7410.0, 7477.00,7456.55,7528.35,11706,881.27,4219, 5062, 43.24,-2.68
TTKPRESTIG, EQ, 04-Mar-2022,802.15,808.0,808.0,784.0, 784.00,786.8,791.1,51661,408.69,5415, 32117, 62.17,-1.91
TTKPRESTIG, EQ, 04-Mar-2024,742.75,740.0,748.0,736.0, 741.00,737.15,740.15,34790,257.5,7116, 17446, 50.15,-0.75
TTKPRESTIG, EQ, 04-Mar-2025,613.45,610.0,620.45,602.55,615.0,614.9,614.68,28868,177.45,4310, 15412, 53.39,0.24
TTKPRESTIG, EQ, 04-Apr-2022,831.05,840.0,850.8,832.1,841.0,845.3,842.16,64617,544.18,6595, 33051, 51.15,1.71
TTKPRESTIG, EQ, 04-Apr-2024,710.15,710.95,720.0,698.2, 699.95,699.6,705.68,68053,480.24,9787, 41731, 61.32,-1.49
TTKPRESTIG, EQ, 04-Apr-2025,626.55,625.0,633.9,610.5,625.9,626.6,619.71,41683,258.31,4329, 22157, 53.16,0.01
TTKPRESTIG, EQ, 04-May-2020,4825.05,4785.0,4785.0,4570.0, 4622.00,4645.65,4653.08,8199,381.51,2430, 6590, 80.38,-3.72
TTKPRESTIG, EQ, 04-May-2021,7499.95,7550.6,7557.5,7400.0, 7490.00,7425.8,7466.1,5081,379.35,1527, 2885, 56.78,-0.99
TTKPRESTIG, EQ, 04-May-2022,851.65,846.0,867.2,842.0,852.9,847.25,856.21,134333,1150.17,11563, 61056, 45.45,-0.52
TTKPRESTIG, EQ, 04-May-2023,720.1,720.1,734.2,697.6, 700.00,702.05,708.82,150051,1063.59,12061, 103229, 68.80,-2.51
TTKPRESTIG, EQ, 04-Jun-2020,5155.7,5140.1,5300.0,5082.25,5217.5,5206.35,5163.16,9633,497.37,2195, 6556, 68.06,0.98
TTKPRESTIG, EQ, 04-Jun-2021,8847.7,8790.0,8991.0,8790.0, 8900.00,8903.4,8897.05,16715,1487.14,3480, 5666, 33.90,0.63
TTKPRESTIG, EQ, 04-Jun-2024,671.8,678.0,679.45,647.15,668.0,668.55,666.22,93414,622.34,11403, 51798, 55.45,-0.48
TTKPRESTIG, EQ, 04-Jul-2022,822.2,830.4,861.0,827.85,851.55,854.25,849.47,104065,884.0,10554, 38740, 37.23,3.9
TTKPRESTIG, EQ, 04-Jul-2023,749.35,754.0,754.0,740.75, 742.80,745.65,744.35,31158,231.92,2986, 16599, 53.27,-0.49
TTKPRESTIG, EQ, 04-Jul-2024,834.95,834.95,864.0,830.75,862.0,861.05,854.42,200958,1717.03,15338, 96545, 48.04,3.13
TTKPRESTIG, EQ, 04-Aug-2020,5594.9,5599.1,5700.0,5560.0,5589.8,5587.0,5625.4,3350,188.45,1205, 1496, 44.66,-0.14
TTKPRESTIG, EQ, 04-Aug-2021,8607.55,8649.0,8720.0,8556.0,8691.0,8652.65,8617.62,11311,974.74,3423, 6198, 54.80,0.52
TTKPRESTIG, EQ, 04-Aug-2022,891.2,895.0,899.35,882.5,886.6,887.25,890.98,27668,246.52,2318, 17039, 61.58,-0.44
TTKPRESTIG, EQ, 04-Aug-2023,783.5,787.45,794.8,779.85, 791.00,790.2,787.55,37374,294.34,5249, 19904, 53.26,0.86
TTKPRESTIG, EQ, 04-Sep-2020,6145.3,6088.8,6088.8,5850.0,6056.4,6034.2,6011.35,3583,215.39,1303, 1799, 50.21,-1.81
TTKPRESTIG, EQ, 04-Sep-2023,802.0,808.85,820.0,801.15, 814.65,811.75,808.79,156855,1268.63,12000, 82477, 52.58,1.22
TTKPRESTIG, EQ, 04-Sep-2024,943.55,915.0,939.5,900.05,925.0,924.5,927.52,121623,1128.07,18079, 70412, 57.89,-2.02
TTKPRESTIG, EQ, 04-Oct-2021,8878.4,8950.0,8950.0,8831.0, 8864.65,8867.9,8880.24,6846,607.94,1142, 5969, 87.19,-0.12
TTKPRESTIG, EQ, 04-Oct-2022,986.65,994.8,998.35,984.85, 991.00,989.65,991.14,58021,575.07,5569, 19327, 33.31,0.3
TTKPRESTIG, EQ, 04-Oct-2023,797.35,798.0,801.2,782.05, 783.05,787.05,790.63,75072,593.54,8012, 45313, 60.36,-1.29
TTKPRESTIG, EQ, 04-Oct-2024,895.95,895.95,914.95,885.2,901.0,903.2,902.78,63223,570.76,10446, 28096, 44.44,0.81
TTKPRESTIG, EQ, 04-Nov-2020,5700.3,5719.95,5810.0,5700.4,5750.15,5756.6,5741.73,2575,147.85,781, 1653, 64.19,0.99
TTKPRESTIG, EQ, 04-Nov-2022,910.5,910.95,933.0,890.05,897.0,901.9,909.33,262799,2389.71,19177, 63992, 24.35,-0.94
TTKPRESTIG, EQ, 04-Nov-2024,894.8,903.15,903.15,862.0,868.0,871.95,872.94,38298,334.32,6321, 12465, 32.55,-2.55
TTKPRESTIG, EQ, 04-Dec-2020,5737.8,5778.8,5825.0,5750.0, 5818.00,5806.65,5791.51,5323,308.28,1598, 3401, 63.89,1.2
TTKPRESTIG, EQ, 04-Dec-2023,770.1,773.05,776.6,765.0, 767.80,773.3,770.14,56716,436.79,8068, 31819, 56.10,0.42
TTKPRESTIG, EQ, 04-Dec-2024,877.8,881.45,922.5,875.05,917.55,918.8,906.45,103698,939.97,14403, 53709, 51.79,4.67
TTKPRESTIG, EQ, 05-Jan-2021,6322.6,6320.05,6327.6,6179.0, 6238.00,6242.05,6250.69,8700,543.81,2742, 4390, 50.46,-1.27
TTKPRESTIG, EQ, 05-Jan-2022,1031.6,1040.9,1040.9,1002.0, 1009.90,1008.0,1012.67,125560,1271.5,12286, 59151, 47.11,-2.29
TTKPRESTIG, EQ, 05-Jan-2023,794.9,809.0,809.0,789.35,795.0,792.55,796.46,64463,513.42,4323, 22898, 35.52,-0.3
TTKPRESTIG, EQ, 05-Jan-2024,738.6,742.0,753.95,740.2, 752.00,751.8,746.88,94804,708.07,10535, 50167, 52.92,1.79
TTKPRESTIG, EQ, 05-Feb-2020,5891.2,5890.6,5970.15,5790.0, 5902.00,5876.45,5870.19,12404,728.14,1357, 10300, 83.04,-0.25
TTKPRESTIG, EQ, 05-Feb-2021,6150.0,6194.65,6200.0,6035.05, 6055.00,6064.6,6104.49,9701,592.2,3268, 6359, 65.55,-1.39
TTKPRESTIG, EQ, 05-Feb-2024,777.65,777.75,784.9,770.1, 773.00,783.35,782.47,75333,589.46,10811, 51360, 68.18,0.73
TTKPRESTIG, EQ, 05-Feb-2025,726.25,735.0,735.0,713.0,716.35,714.6,716.93,27905,200.06,2571, 17376, 62.27,-1.6
TTKPRESTIG, EQ, 05-Mar-2020,5652.55,5661.15,5680.65,5640.0, 5665.00,5653.05,5656.04,1535,86.82,863, 1105, 71.99,0.01
TTKPRESTIG, EQ, 05-Mar-2021,7456.55,7479.8,7744.4,7300.0,7350.2,7342.2,7552.35,15179,1146.37,5631, 4145, 27.31,-1.53
TTKPRESTIG, EQ, 05-Mar-2024,737.15,740.85,744.0,732.05, 739.35,737.3,736.75,32488,239.36,5635, 12400, 38.17,0.02
TTKPRESTIG, EQ, 05-Mar-2025,614.9,620.0,624.9,610.0,617.0,614.8,614.65,41763,256.7,3443, 24955, 59.75,-0.02
TTKPRESTIG, EQ, 05-Apr-2021,7282.7,7282.0,7348.8,7115.0,7272.1,7294.15,7245.29,5054,366.18,1799, 2302, 45.55,0.16
TTKPRESTIG, EQ, 05-Apr-2022,845.3,855.0,855.0,841.0, 843.70,844.0,846.35,157130,1329.86,7694, 106745, 67.93,-0.15
TTKPRESTIG, EQ, 05-Apr-2023,713.8,724.15,732.0,714.05, 729.80,730.55,725.41,50087,363.33,7949, 25682, 51.27,2.35
TTKPRESTIG, EQ, 05-Apr-2024,699.6,700.05,701.2,689.0, 690.00,690.1,691.95,120627,834.68,12760, 79706, 66.08,-1.36
TTKPRESTIG, EQ, 05-May-2020,4645.65,4650.15,4705.6,4640.0, 4650.00,4661.35,4655.74,2557,119.05,974, 1962, 76.73,0.34
TTKPRESTIG, EQ, 05-May-2021,7425.8,7475.6,7484.3,7400.0, 7425.00,7426.95,7424.4,2613,194.0,761, 1305, 49.94,0.02
TTKPRESTIG, EQ, 05-May-2022,847.25,874.25,874.25,847.25, 851.20,851.8,852.64,76531,652.53,4869, 41209, 53.85,0.54
TTKPRESTIG, EQ, 05-May-2023,702.05,705.5,706.95,689.05, 694.30,695.3,694.01,107412,745.45,11686, 66480, 61.89,-0.96
TTKPRESTIG, EQ, 05-Jun-2020,5206.35,5220.25,5293.5,5125.0, 5157.35,5164.9,5143.64,52997,2725.98,1176, 51441, 97.06,-0.8
TTKPRESTIG, EQ, 05-Jun-2023,673.8,679.8,680.0,673.85, 677.45,675.05,675.49,219349,1481.67,8213, 177816, 81.07,0.19
TTKPRESTIG, EQ, 05-Jun-2024,668.55,676.0,710.0,665.0,705.1,707.15,685.34,207789,1424.06,14770, 120973, 58.22,5.77
TTKPRESTIG, EQ, 05-Jul-2021,9425.65,9551.0,9589.15,9325.0, 9356.85,9416.3,9502.64,7643,726.29,2459, 3676, 48.10,-0.1
TTKPRESTIG, EQ, 05-Jul-2022,854.25,851.9,863.0,835.5,835.5,840.45,849.86,30294,257.46,3304, 12588, 41.55,-1.62
TTKPRESTIG, EQ, 05-Jul-2023,745.65,746.0,753.0,740.5,747.2,746.0,746.97,50165,374.72,5980, 21831, 43.52,0.05
TTKPRESTIG, EQ, 05-Jul-2024,861.05,874.0,900.95,861.05,890.05,890.85,887.41,377425,3349.32,22148, 117213, 31.06,3.46
TTKPRESTIG, EQ, 05-Aug-2020,5587.0,5599.0,5673.95,5511.1,5553.0,5534.35,5577.89,2728,152.16,1173, 1476, 54.11,-0.94
TTKPRESTIG, EQ, 05-Aug-2021,8652.65,8601.0,8667.95,8576.0,8640.95,8639.8,8610.35,12382,1066.13,3645, 6849, 55.31,-0.15
TTKPRESTIG, EQ, 05-Aug-2022,887.25,897.0,899.85,875.05,880.0,877.8,883.03,27082,239.14,2859, 15521, 57.31,-1.07
TTKPRESTIG, EQ, 05-Aug-2024,979.15,970.95,1021.0,960.5,968.45,971.25,993.53,638053,6339.27,54200, 167555, 26.26,-0.81
TTKPRESTIG, EQ, 05-Sep-2022,956.45,961.25,991.0,945.1, 990.00,983.3,973.61,235066,2288.62,15082, 102885, 43.77,2.81
TTKPRESTIG, EQ, 05-Sep-2023,811.75,817.0,820.0,808.0, 815.70,813.95,813.88,59599,485.07,6208, 32172, 53.98,0.27
TTKPRESTIG, EQ, 05-Sep-2024,924.5,925.0,935.0,915.05,926.0,925.85,924.59,55189,510.27,6301, 32259, 58.45,0.15
TTKPRESTIG, EQ, 05-Oct-2020,6197.05,6220.0,6275.0,6213.5, 6220.00,6225.25,6238.96,2707,168.89,1057, 1748, 64.57,0.46
TTKPRESTIG, EQ, 05-Oct-2021,8867.9,8888.8,9040.0,8851.6, 8970.30,8973.35,8985.13,10213,917.65,3331, 6953, 68.08,1.19
TTKPRESTIG, EQ, 05-Oct-2023,787.05,791.2,791.35,777.0, 778.00,778.4,782.65,37792,295.78,6299, 23228, 61.46,-1.1
TTKPRESTIG, EQ, 05-Nov-2020,5756.6,5800.0,5980.0,5800.0, 5974.80,5957.75,5895.65,8506,501.48,3337, 4943, 58.11,3.49
TTKPRESTIG, EQ, 05-Nov-2024,871.95,871.95,884.0,865.0,869.5,869.35,872.05,21543,187.87,5520, 8839, 41.03,-0.3
TTKPRESTIG, EQ, 05-Dec-2022,879.05,879.05,885.45,873.1, 874.15,874.8,878.13,26767,235.05,4266, 14025, 52.40,-0.48
TTKPRESTIG, EQ, 05-Dec-2023,773.3,781.05,781.8,764.35, 765.25,767.2,770.14,81322,626.3,9531, 50114, 61.62,-0.79
TTKPRESTIG, EQ, 05-Dec-2024,918.8,920.0,920.0,893.0,896.5,900.25,900.46,39520,355.86,6413, 13240, 33.50,-2.02
TTKPRESTIG, EQ, 06-Jan-2020,5833.75,5820.0,5820.0,5652.0, 5690.00,5680.55,5717.52,3548,202.86,1303, 1889, 53.24,-2.63
TTKPRESTIG, EQ, 06-Jan-2021,6242.05,6245.1,6323.55,6150.0, 6195.00,6169.85,6213.78,3953,245.63,1370, 2089, 52.85,-1.16
TTKPRESTIG, EQ, 06-Jan-2022,1008.0,992.0,1014.25,992.0, 1000.00,1000.35,1002.36,98114,983.45,12124, 48677, 49.61,-0.76
TTKPRESTIG, EQ, 06-Jan-2023,792.55,796.5,813.0,790.55,800.0,800.05,802.12,50232,402.92,4451, 18416, 36.66,0.95
TTKPRESTIG, EQ, 06-Jan-2025,822.1,822.15,824.0,795.5,815.0,809.75,809.13,25614,207.25,8514, 11957, 46.68,-1.5
TTKPRESTIG, EQ, 06-Feb-2020,5876.45,5984.7,5984.7,5810.0, 5831.05,5845.6,5862.98,2102,123.24,1186, 1159, 55.14,-0.52
TTKPRESTIG, EQ, 06-Feb-2023,750.0,751.3,755.0,727.65, 729.50,730.65,735.27,101080,743.21,10458, 75997, 75.19,-2.58
TTKPRESTIG, EQ, 06-Feb-2024,783.35,786.0,807.0,776.3, 789.00,788.6,792.42,319176,2529.21,27795, 97665, 30.60,0.67
TTKPRESTIG, EQ, 06-Feb-2025,714.6,734.6,760.65,715.05,747.0,751.5,740.63,238840,1768.92,11143, 91147, 38.16,5.16
TTKPRESTIG, EQ, 06-Mar-2020,5653.05,5623.05,5639.0,5555.0, 5591.00,5596.4,5593.49,2430,135.92,945, 1824, 75.06,-1.0
TTKPRESTIG, EQ, 06-Mar-2023,782.05,786.0,786.0,752.0, 755.00,755.45,763.75,81409,621.76,8664, 44943, 55.21,-3.4
TTKPRESTIG, EQ, 06-Mar-2024,737.3,737.3,737.3,711.1, 715.00,715.65,719.12,50720,364.74,8057, 32805, 64.68,-2.94
TTKPRESTIG, EQ, 06-Mar-2025,614.8,618.05,627.0,615.1,622.4,622.0,622.23,35403,220.29,2891, 19008, 53.69,1.17
TTKPRESTIG, EQ, 06-Apr-2021,7294.15,7319.95,7344.6,7250.05,7301.3,7292.1,7295.01,4782,348.85,2352, 3361, 70.28,-0.03
TTKPRESTIG, EQ, 06-Apr-2022,844.0,843.7,857.8,832.05, 855.00,849.75,848.02,157562,1336.16,6463, 115792, 73.49,0.68
TTKPRESTIG, EQ, 06-Apr-2023,730.55,739.0,739.9,722.65, 732.60,729.1,728.5,52092,379.49,5358, 23222, 44.58,-0.2
TTKPRESTIG, EQ, 06-May-2020,4661.35,4769.95,4769.95,4601.2, 4647.00,4665.15,4652.74,8216,382.27,2443, 6319, 76.91,0.08
TTKPRESTIG, EQ, 06-May-2021,7426.95,7400.05,7575.6,7354.0, 7400.00,7418.7,7459.08,9032,673.7,1123, 7174, 79.43,-0.11
TTKPRESTIG, EQ, 06-May-2022,851.8,834.0,855.2,828.35,855.2,848.1,846.28,100546,850.9,11996, 51409, 51.13,-0.43
TTKPRESTIG, EQ, 06-May-2024,700.6,710.0,713.0,705.05,708.95,708.05,708.4,60145,426.07,4886, 32695, 54.36,1.06
TTKPRESTIG, EQ, 06-Jun-2022,837.45,845.0,846.85,819.1,830.0,834.5,829.76,45657,378.84,7008, 14187, 31.07,-0.35
TTKPRESTIG, EQ, 06-Jun-2023,675.05,680.0,697.0,677.55,697.0,692.05,689.97,174994,1207.4,7333, 115912, 66.24,2.52
TTKPRESTIG, EQ, 06-Jun-2024,707.15,708.1,723.0,706.9,716.8,716.8,715.65,310618,2222.93,9352, 279534, 89.99,1.36
TTKPRESTIG, EQ, 06-Jul-2020,5484.2,5525.0,5570.0,5461.15, 5505.10,5537.65,5530.56,17289,956.18,4047, 13237, 76.56,0.97
TTKPRESTIG, EQ, 06-Jul-2021,9416.3,9425.0,9500.0,9255.05, 9300.00,9302.7,9397.65,3306,310.69,1479, 1340, 40.53,-1.21
TTKPRESTIG, EQ, 06-Jul-2022,840.45,846.0,856.0,831.0,850.55,853.0,843.01,36809,310.3,4579, 11631, 31.60,1.49
TTKPRESTIG, EQ, 06-Jul-2023,746.0,749.9,760.0,745.05,757.0,756.9,754.2,67976,512.67,7577, 38265, 56.29,1.46
TTKPRESTIG, EQ, 06-Aug-2020,5534.35,5549.9,5649.9,5466.5,5540.0,5526.75,5557.81,2461,136.78,876, 1614, 65.58,-0.14
TTKPRESTIG, EQ, 06-Aug-2021,8639.8,8650.0,8725.0,8600.0, 8683.95,8664.6,8667.62,5500,476.72,2590, 2934, 53.35,0.29
TTKPRESTIG, EQ, 06-Aug-2024,971.25,978.75,1009.9,977.0,980.0,980.15,993.07,185575,1842.89,22232, 68874, 37.11,0.92
TTKPRESTIG, EQ, 06-Sep-2021,8731.1,8731.1,8873.95,8725.0,8765.55,8752.6,8793.46,3910,343.82,1319, 1270, 32.48,0.25
TTKPRESTIG, EQ, 06-Sep-2022,983.3,992.0,1000.0,974.0, 985.00,992.85,990.25,135811,1344.86,8123, 53099, 39.10,0.97
TTKPRESTIG, EQ, 06-Sep-2023,813.95,813.95,832.7,805.0, 807.00,808.15,817.36,120107,981.71,12996, 63027, 52.48,-0.71
TTKPRESTIG, EQ, 06-Sep-2024,925.85,929.0,937.85,912.8,918.0,915.3,924.01,48969,452.48,5078, 31377, 64.08,-1.14
TTKPRESTIG, EQ, 06-Oct-2020,6225.25,6220.0,6279.9,6090.0,6124.9,6130.05,6201.95,4250,263.58,1134, 2703, 63.60,-1.53
TTKPRESTIG, EQ, 06-Oct-2021,8973.35,9000.6,9028.75,8782.05, 8790.00,8799.3,8850.49,8061,713.44,2686, 4731, 58.69,-1.94
TTKPRESTIG, EQ, 06-Oct-2022,989.65,1008.0,1008.0,984.3, 984.30,992.4,993.35,41983,417.04,5307, 23285, 55.46,0.28
TTKPRESTIG, EQ, 06-Oct-2023,778.4,782.5,790.0,772.95, 778.50,778.5,782.19,111801,874.5,11906, 69891, 62.51,0.01
TTKPRESTIG, EQ, 06-Nov-2020,5957.75,5998.6,6028.8,5959.9, 6000.00,5999.7,5998.45,4956,297.28,1311, 3304, 66.67,0.7
TTKPRESTIG, EQ, 06-Nov-2023,787.95,791.9,800.0,777.4, 790.00,782.6,785.08,36431,286.01,4843, 18915, 51.92,-0.68
TTKPRESTIG, EQ, 06-Nov-2024,869.35,874.0,889.95,866.0,879.65,881.4,877.29,30593,268.39,3662, 13618, 44.51,1.39
TTKPRESTIG, EQ, 06-Dec-2021,10144.05,10254.05,10550.85,10042.65, 10096.00,10096.0,10237.41,26407,2703.39,10013, 9456, 35.81,-0.47
TTKPRESTIG, EQ, 06-Dec-2022,874.8,879.0,888.0,874.8, 887.00,884.05,881.53,56580,498.77,4142, 38830, 68.63,1.06
TTKPRESTIG, EQ, 06-Dec-2023,767.2,767.25,771.05,764.0, 765.10,767.1,766.03,48489,371.44,7393, 29531, 60.90,-0.01
TTKPRESTIG, EQ, 06-Dec-2024,900.25,900.0,900.25,870.9,879.65,879.3,886.42,26686,236.55,4670, 12580, 47.14,-2.33
TTKPRESTIG, EQ, 07-Jan-2020,5680.55,5662.3,5774.95,5662.3, 5687.20,5711.8,5711.67,1559,89.04,852, 867, 55.61,0.55
TTKPRESTIG, EQ, 07-Jan-2021,6169.85,6298.8,6298.95,6100.0, 6150.00,6159.05,6161.74,5189,319.73,1559, 3047, 58.72,-0.18
TTKPRESTIG, EQ, 07-Jan-2022,1000.35,992.0,1014.0,992.0,1000.0,1002.2,1005.82,56220,565.47,5305, 21544, 38.32,0.18
TTKPRESTIG, EQ, 07-Jan-2025,809.75,801.0,821.95,801.0,821.95,817.6,811.31,16393,133.0,4198, 6115, 37.30,0.97
TTKPRESTIG, EQ, 07-Feb-2020,5845.6,5830.0,5861.95,5752.0, 5825.00,5785.3,5817.09,12682,737.72,1422, 11519, 90.83,-1.03
TTKPRESTIG, EQ, 07-Feb-2022,916.95,912.1,924.75,893.0, 902.00,901.55,903.06,67270,607.49,7864, 42238, 62.79,-1.68
TTKPRESTIG, EQ, 07-Feb-2023,730.65,730.65,764.5,730.65, 753.95,754.8,751.7,56480,424.56,6818, 15222, 26.95,3.31
TTKPRESTIG, EQ, 07-Feb-2024,788.6,792.45,800.5,780.15, 783.00,791.3,792.15,70715,560.17,9616, 36937, 52.23,0.34
TTKPRESTIG, EQ, 07-Feb-2025,751.5,732.1,741.8,724.4,730.75,730.4,729.73,33509,244.52,4346, 11736, 35.02,-2.81
TTKPRESTIG, EQ, 07-Mar-2022,786.8,786.0,786.0,766.05, 776.90,776.35,776.34,57269,444.6,7104,39609,69.16,-1.33
TTKPRESTIG, EQ, 07-Mar-2024,715.65,720.0,730.5,710.8, 721.25,720.05,719.98,58500,421.19,10396, 26174, 44.74,0.61
TTKPRESTIG, EQ, 07-Mar-2025,622.0,630.95,633.2,616.55,625.0,626.45,625.04,55937,349.63,5068, 34545, 61.76,0.72
TTKPRESTIG, EQ, 07-Apr-2020,4471.75,4550.0,4939.45,4550.0, 4752.00,4805.25,4728.24,4439,209.89,1771, 2351, 52.96,7.46
TTKPRESTIG, EQ, 07-Apr-2021,7292.1,7306.4,7373.0,7295.0,7357.25,7358.35,7348.75,2033,149.4,995, 1277, 62.81,0.91
TTKPRESTIG, EQ, 07-Apr-2022,849.75,854.0,857.05,837.2,841.2,840.45,845.85,150075,1269.41,6704, 108220, 72.11,-1.09
TTKPRESTIG, EQ, 07-Apr-2025,626.6,585.05,630.8,585.05,621.7,622.05,610.78,46765,285.63,7190, 20792, 44.46,-0.73
TTKPRESTIG, EQ, 07-May-2020,4665.15,4612.0,4700.0,4612.0, 4622.00,4635.4,4644.12,1043,48.44,709, 537, 51.49,-0.64
TTKPRESTIG, EQ, 07-May-2021,7418.7,7400.0,7475.6,7350.05, 7394.00,7374.9,7398.22,2303,170.38,1025, 1320, 57.32,-0.59
TTKPRESTIG, EQ, 07-May-2024,708.05,710.0,710.0,697.9,703.2,703.1,703.34,37090,260.87,5291, 20083, 54.15,-0.7
TTKPRESTIG, EQ, 07-Jun-2021,8903.4,8910.0,8975.6,8800.0, 8830.10,8854.25,8894.35,6940,617.27,2101, 2721, 39.21,-0.55
TTKPRESTIG, EQ, 07-Jun-2022,834.5,836.6,836.6,809.45,817.0,817.05,817.62,38971,318.63,5001, 17750, 45.55,-2.09
TTKPRESTIG, EQ, 07-Jun-2023,692.05,696.85,715.95,695.0, 712.30,711.35,709.71,128571,912.48,10168, 63312, 49.24,2.79
TTKPRESTIG, EQ, 07-Jun-2024,716.8,715.95,729.5,711.55,725.0,725.1,724.49,74491,539.68,6724, 42743, 57.38,1.16
TTKPRESTIG, EQ, 07-Jul-2020,5537.65,5520.1,5548.1,5451.15, 5495.30,5500.25,5503.53,20053,1103.62,6718, 15416, 76.88,-0.68
TTKPRESTIG, EQ, 07-Jul-2021,9302.7,9349.95,9400.0,8980.0, 9050.00,9039.95,9119.83,9420,859.09,3525, 4096, 43.48,-2.82
TTKPRESTIG, EQ, 07-Jul-2022,853.0,867.9,867.9,850.0, 857.00,859.5,859.32,28747,247.03,3152, 16095, 55.99,0.76
TTKPRESTIG, EQ, 07-Jul-2023,756.9,760.5,761.1,738.2, 739.80,739.95,751.84,156716,1178.25,10591, 103832, 66.25,-2.24
TTKPRESTIG, EQ, 07-Aug-2020,5526.75,5598.8,5698.0,5530.1,5542.0,5548.65,5588.23,3505,195.87,1176, 1945, 55.49,0.4
TTKPRESTIG, EQ, 07-Aug-2023,790.2,790.5,793.45,782.0, 786.45,785.35,785.58,24512,192.56,4120, 15514, 63.29,-0.61
TTKPRESTIG, EQ, 07-Aug-2024,980.15,984.75,995.15,982.55,989.0,991.05,990.85,65627,650.27,11764, 31808, 48.47,1.11
TTKPRESTIG, EQ, 07-Sep-2020,6034.2,5950.05,6120.0,5760.0, 5980.00,6038.4,5958.11,4590,273.48,1784, 2086, 45.45,0.07
TTKPRESTIG, EQ, 07-Sep-2021,8752.6,8850.0,8867.45,8690.0, 8715.00,8725.5,8755.6,4281,374.83,1567, 2298, 53.68,-0.31
TTKPRESTIG, EQ, 07-Sep-2022,992.85,991.0,995.0,972.0, 988.00,991.3,986.3,79922,788.27,8277, 27657, 34.60,-0.16
TTKPRESTIG, EQ, 07-Sep-2023,808.15,809.95,819.45,807.0, 810.00,814.65,811.91,66630,540.98,7841, 37491, 56.27,0.8
TTKPRESTIG, EQ, 07-Oct-2020,6130.05,6148.6,6173.0,6040.1,6076.0,6083.9,6147.03,8799,540.88,756, 7925, 90.07,-0.75
TTKPRESTIG, EQ, 07-Oct-2021,8799.3,8900.0,8944.0,8805.05, 8915.00,8910.0,8857.42,12924,1144.73,1551, 11414, 88.32,1.26
TTKPRESTIG, EQ, 07-Oct-2022,992.4,997.0,999.0,982.0, 989.10,996.75,991.79,26989,267.68,3427, 13764, 51.00,0.44
TTKPRESTIG, EQ, 07-Oct-2024,903.2,907.0,949.0,875.6,894.5,893.75,914.02,199956,1827.63,21966, 61268, 30.64,-1.05
TTKPRESTIG, EQ, 07-Nov-2022,901.9,906.45,913.15,897.75,900.0,901.5,902.66,103640,935.52,5087, 86671, 83.63,-0.04
TTKPRESTIG, EQ, 07-Nov-2023,782.6,786.5,799.95,776.0, 798.45,792.0,784.75,40090,314.61,6058, 18369, 45.82,1.2
TTKPRESTIG, EQ, 07-Nov-2024,881.4,880.0,883.05,870.85,877.0,876.2,876.24,11725,102.74,2843, 5693, 48.55,-0.59
TTKPRESTIG, EQ, 07-Dec-2020,5806.65,5807.05,5897.0,5799.0, 5844.45,5840.45,5847.39,8034,469.78,2230, 3875, 48.23,0.58
TTKPRESTIG, EQ, 07-Dec-2021,10096.0,10185.0,10470.05,10090.0,10285.0,10301.2,10289.93,18781,1932.55,5230, 7276, 38.74,2.03
TTKPRESTIG, EQ, 07-Dec-2022,884.05,888.5,889.9,860.25, 871.20,870.1,875.06,29590,258.93,3990, 17502, 59.15,-1.58
TTKPRESTIG, EQ, 07-Dec-2023,767.1,764.0,767.0,762.0, 765.00,764.6,764.33,38771,296.34,5583, 21973, 56.67,-0.33
TTKPRESTIG, EQ, 08-Jan-2020,5711.8,5661.1,5704.1,5601.0, 5602.50,5612.85,5643.6,2322,131.04,858, 1645, 70.84,-1.73
TTKPRESTIG, EQ, 08-Jan-2021,6159.05,6190.0,6330.0,6105.0, 6150.00,6190.4,6218.28,10594,658.76,3333, 4087, 38.58,0.51
TTKPRESTIG, EQ, 08-Jan-2024,751.8,752.0,762.8,745.1, 746.05,750.0,754.57,105002,792.31,12477, 51724, 49.26,-0.24
TTKPRESTIG, EQ, 08-Jan-2025,817.6,820.0,820.0,796.2,804.0,799.95,805.57,11766,94.78,3033, 5932, 50.42,-2.16
TTKPRESTIG, EQ, 08-Feb-2021,6064.6,6079.9,6116.2,5908.85, 6029.70,6008.0,6013.23,18163,1092.18,2299, 15563, 85.69,-0.93
TTKPRESTIG, EQ, 08-Feb-2022,901.55,914.9,914.9,881.05,885.0,887.75,891.08,56139,500.24,8773, 33251, 59.23,-1.53
TTKPRESTIG, EQ, 08-Feb-2023,754.8,758.75,770.0,746.05, 769.95,764.5,755.97,21860,165.26,4042, 8491, 38.84,1.29
TTKPRESTIG, EQ, 08-Feb-2024,791.3,788.05,790.5,776.0, 779.00,778.8,781.15,40753,318.34,6044, 22046, 54.10,-1.58
TTKPRESTIG, EQ, 08-Mar-2021,7342.2,7480.0,7715.35,7415.0, 7462.00,7454.5,7565.67,13996,1058.89,6052, 4892, 34.95,1.53
TTKPRESTIG, EQ, 08-Mar-2022,776.35,780.0,794.25,755.0, 759.10,762.4,765.6,2192884,16788.61,13241, 2057320, 93.82,-1.8
TTKPRESTIG, EQ, 08-Mar-2023,755.45,755.45,762.15,740.05, 760.95,760.45,756.6,48390,366.12,6314, 17933, 37.06,0.66
TTKPRESTIG, EQ, 08-Apr-2020,4805.25,4780.0,4990.0,4705.05, 4800.00,4771.5,4867.61,3255,158.44,2347, 1404, 43.13,-0.7
TTKPRESTIG, EQ, 08-Apr-2021,7358.35,7397.1,7437.0,7322.0, 7395.00,7375.9,7388.81,5296,391.31,2796, 3410, 64.39,0.24
TTKPRESTIG, EQ, 08-Apr-2022,840.45,845.9,849.9,828.85, 839.00,835.3,837.83,60333,505.49,4362, 36218, 60.03,-0.61
TTKPRESTIG, EQ, 08-Apr-2024,690.1,700.0,718.95,691.75, 715.00,714.3,704.64,152117,1071.88,17875, 74075, 48.70,3.51
TTKPRESTIG, EQ, 08-Apr-2025,622.05,623.95,648.0,616.0,637.0,639.35,634.97,60985,387.24,8021, 18875, 30.95,2.78
TTKPRESTIG, EQ, 08-May-2020,4635.4,4698.8,4698.8,4610.0, 4635.10,4638.5,4643.02,1614,74.94,939, 1115, 69.08,0.07
TTKPRESTIG, EQ, 08-May-2023,695.3,702.25,714.9,695.0, 710.95,709.95,706.95,56947,402.59,7477, 27841, 48.89,2.11
TTKPRESTIG, EQ, 08-May-2024,703.1,700.1,723.0,697.2,710.0,709.5,713.32,84449,602.4,8993, 38422, 45.50,0.91
TTKPRESTIG, EQ, 08-Jun-2020,5164.9,5190.05,5320.0,5165.0, 5201.15,5210.1,5220.18,4864,253.91,1319, 2627, 54.01,0.88
TTKPRESTIG, EQ, 08-Jun-2021,8854.25,8949.1,9125.35,8822.95, 8919.95,8929.1,8981.91,21758,1954.28,6659, 4923, 22.63,0.85
TTKPRESTIG, EQ, 08-Jun-2022,817.05,820.0,823.65,810.4,815.0,814.7,816.04,13597,110.96,2485, 4895, 36.00,-0.29
TTKPRESTIG, EQ, 08-Jun-2023,711.35,716.95,723.55,711.5, 718.00,717.95,717.75,86284,619.3,4826, 58951, 68.32,0.93
TTKPRESTIG, EQ, 08-Jul-2020,5500.25,5521.0,5525.0,5450.0,5450.5,5454.7,5467.98,1988,108.7,828, 1214, 61.07,-0.83
TTKPRESTIG, EQ, 08-Jul-2021,9039.95,9039.0,9559.0,9039.0, 9290.00,9295.65,9323.81,18778,1750.82,5844, 6044, 32.19,2.83
TTKPRESTIG, EQ, 08-Jul-2022,859.5,865.0,867.45,840.2,840.5,841.65,847.92,21046,178.45,2381, 11530, 54.78,-2.08
TTKPRESTIG, EQ, 08-Jul-2024,890.85,891.1,896.85,872.35,882.0,881.35,881.95,92642,817.05,10563, 52303, 56.46,-1.07
TTKPRESTIG, EQ, 08-Aug-2022,877.8,894.0,894.0,871.65,882.0,881.2,879.1,28390,249.58,3668,13896,48.95,0.39
TTKPRESTIG, EQ, 08-Aug-2023,785.35,789.3,789.3,772.5, 774.00,774.05,778.07,31237,243.05,4289, 17657, 56.53,-1.44
TTKPRESTIG, EQ, 08-Aug-2024,991.05,991.75,1002.05,986.95,992.8,992.65,995.63,142731,1421.08,24899, 84361, 59.10,0.16
TTKPRESTIG, EQ, 08-Sep-2020,6038.4,6038.0,6040.0,5925.0, 5950.00,5951.05,5965.81,1536,91.63,655, 998, 64.97,-1.45
TTKPRESTIG, EQ, 08-Sep-2021,8725.5,8798.0,8798.0,8641.0, 8720.00,8669.05,8699.22,3439,299.17,1442, 1651, 48.01,-0.65
TTKPRESTIG, EQ, 08-Sep-2022,991.3,996.3,1007.9,985.6, 998.00,994.75,997.39,76926,767.25,5936, 37530, 48.79,0.35
TTKPRESTIG, EQ, 08-Sep-2023,814.65,818.75,820.45,808.35, 815.95,815.35,814.42,74297,605.09,8328, 33551, 45.16,0.09
TTKPRESTIG, EQ, 08-Oct-2020,6083.9,6098.6,6180.55,5921.0,5970.0,5979.95,6023.92,2800,168.67,985, 1723, 61.54,-1.71
TTKPRESTIG, EQ, 08-Oct-2021,8910.0,9000.0,9050.0,8558.3, 8770.00,8767.05,8844.95,22142,1958.45,4181, 13273, 59.94,-1.6
TTKPRESTIG, EQ, 08-Oct-2024,893.75,897.8,907.55,875.65,880.35,878.7,886.95,69786,618.96,7212, 34603, 49.58,-1.68
TTKPRESTIG, EQ, 08-Nov-2021,11414.4,11451.0,11517.4,11251.0, 11368.00,11359.8,11362.69,17227,1957.45,5725, 9535, 55.35,-0.48
TTKPRESTIG, EQ, 08-Nov-2023,792.0,797.4,802.0,787.65, 797.00,796.25,796.55,51950,413.81,4741, 31231, 60.12,0.54
TTKPRESTIG, EQ, 08-Nov-2024,876.2,870.9,874.95,860.0, 860.10,861.4,865.97,13359,115.68,2971, 6812, 50.99,-1.69
TTKPRESTIG, EQ, 08-Dec-2020,5840.45,5844.45,5869.0,5770.0,5835.0,5839.2,5820.22,6318,367.72,1458, 3038, 48.08,-0.02
TTKPRESTIG, EQ, 08-Dec-2021,10301.2,10365.0,10429.95,10193.05,10249.05,10242.05,10302.42,12341,1271.42,4242, 6114, 49.54,-0.57
TTKPRESTIG, EQ, 08-Dec-2022,870.1,880.0,880.0,851.0, 855.00,857.45,863.27,32576,281.22,5199, 23192, 71.19,-1.45
TTKPRESTIG, EQ, 08-Dec-2023,764.6,763.2,775.5,758.95, 760.05,761.1,766.74,50853,389.91,5693, 28365, 55.78,-0.46
TTKPRESTIG, EQ, 09-Jan-2020,5612.85,5670.0,5717.0,5602.0, 5672.50,5657.4,5690.39,12808,728.83,1148, 11161, 87.14,0.79
TTKPRESTIG, EQ, 09-Jan-2023,800.05,811.9,812.0,782.0,792.0,794.65,798.85,46131,368.52,6531, 24967, 54.12,-0.67
TTKPRESTIG, EQ, 09-Jan-2024,750.0,755.0,761.05,744.3,758.7,749.15,754.8,63094,476.23,6578, 31043, 49.20,-0.11
TTKPRESTIG, EQ, 09-Jan-2025,799.95,801.25,814.0,788.0,799.95,798.5,798.35,14023,111.95,3328, 6047, 43.12,-0.18
TTKPRESTIG, EQ, 09-Feb-2021,6008.0,6010.3,6054.95,5900.0, 5920.00,5914.8,5957.74,6844,407.75,2447, 4557, 66.58,-1.55
TTKPRESTIG, EQ, 09-Feb-2022,887.75,885.0,916.95,884.5, 905.90,907.25,897.79,71228,639.47,9164, 33540, 47.09,2.2
TTKPRESTIG, EQ, 09-Feb-2023,764.5,770.0,779.6,760.0, 775.00,777.15,768.61,36007,276.75,3739, 17401, 48.33,1.65
TTKPRESTIG, EQ, 09-Feb-2024,778.8,779.9,779.9,755.0, 764.75,763.0,765.13,54165,414.43,8708, 28558, 52.72,-2.03
TTKPRESTIG, EQ, 09-Mar-2020,5596.4,5535.15,5939.8,5525.05, 5725.00,5797.25,5660.49,6716,380.16,1825, 4783, 71.22,3.59
TTKPRESTIG, EQ, 09-Mar-2021,7454.5,7533.9,7750.0,7467.05, 7623.85,7638.35,7630.59,18856,1438.82,6200, 7484, 39.69,2.47
TTKPRESTIG, EQ, 09-Mar-2022,762.4,770.0,780.0,761.05, 775.20,771.7,769.07,116784,898.15,6798, 65215, 55.84,1.22
TTKPRESTIG, EQ, 09-Mar-2023,760.45,760.45,768.15,751.0, 755.50,755.7,757.92,36245,274.71,5044, 12006, 33.12,-0.62
TTKPRESTIG, EQ, 09-Apr-2020,4771.5,4812.6,5299.0,4812.6, 5200.00,5198.8,5105.43,6664,340.23,2675, 3550, 53.27,8.96
TTKPRESTIG, EQ, 09-Apr-2021,7375.9,7375.9,7619.95,7237.8,7500.0,7476.25,7335.28,12173,892.92,6583, 8750, 71.88,1.36
TTKPRESTIG, EQ, 09-Apr-2024,714.3,718.9,719.95,702.05, 709.80,706.45,708.56,58281,412.95,8832, 26664, 45.75,-1.1
TTKPRESTIG, EQ, 09-Apr-2025,639.35,639.35,639.4,622.2,623.8,623.85,627.4,23261,145.94,3242, 9560, 41.10,-2.42
TTKPRESTIG, EQ, 09-May-2022,848.1,847.0,852.25,832.9, 845.00,844.7,843.4,100229,845.33,12995, 43064, 42.97,-0.4
TTKPRESTIG, EQ, 09-May-2023,709.95,713.5,713.5,700.0,704.0,704.2,705.11,303868,2142.6,4622, 291180, 95.82,-0.81
TTKPRESTIG, EQ, 09-May-2024,709.5,709.05,713.0,687.05,698.95,693.35,701.47,29939,210.01,4195, 16761, 55.98,-2.28
TTKPRESTIG, EQ, 09-Jun-2020,5210.1,5211.1,5277.95,5210.1, 5270.00,5262.45,5245.99,3154,165.46,788, 2002, 63.47,1.0
TTKPRESTIG, EQ, 09-Jun-2021,8929.1,9020.0,9085.0,8850.1,8895.5,8896.75,8972.74,15348,1377.14,3945, 6530, 42.55,-0.36
TTKPRESTIG, EQ, 09-Jun-2022,814.7,815.95,820.0,809.0, 809.00,811.55,814.27,30088,245.0,4484, 14385, 47.81,-0.39
TTKPRESTIG, EQ, 09-Jun-2023,717.95,720.05,728.35,709.25, 725.00,725.05,721.88,98580,711.63,6464, 57400, 58.23,0.99
TTKPRESTIG, EQ, 09-Jul-2020,5454.7,5471.2,5498.0,5380.0, 5415.00,5402.95,5433.43,2307,125.35,960, 1749, 75.81,-0.95
TTKPRESTIG, EQ, 09-Jul-2021,9295.65,9340.0,9340.0,9211.0,9235.0,9245.75,9255.07,2490,230.45,1147, 885, 35.54,-0.54
TTKPRESTIG, EQ, 09-Jul-2024,881.35,881.35,888.4,862.75,878.0,878.1,874.32,82558,721.82,7876, 47415, 57.43,-0.37
TTKPRESTIG, EQ, 09-Aug-2021,8664.6,8725.6,8942.65,8635.8, 8870.00,8861.8,8810.9,9829,866.02,2857, 3075, 31.28,2.28
TTKPRESTIG, EQ, 09-Aug-2023,774.05,775.95,795.0,766.2, 787.00,787.65,784.04,63590,498.57,7659, 33314, 52.39,1.76
TTKPRESTIG, EQ, 09-Aug-2024,992.65,1004.95,1005.0,995.1,1000.8,1000.3,999.45,96313,962.6,16332, 61657, 64.02,0.77
TTKPRESTIG, EQ, 09-Sep-2020,5951.05,5900.0,5938.35,5806.1, 5879.00,5841.3,5852.06,1353,79.18,647, 718, 53.07,-1.84
TTKPRESTIG, EQ, 09-Sep-2021,8669.05,8625.0,9530.0,8600.0, 9296.00,9358.35,9242.17,77850,7195.03,16167, 15483, 19.89,7.95
TTKPRESTIG, EQ, 09-Sep-2022,994.75,1003.95,1003.95,984.6, 985.15,990.35,993.12,55496,551.14,5045, 25209, 45.42,-0.44
TTKPRESTIG, EQ, 09-Sep-2024,915.3,905.0,915.0,890.1,900.0,899.4,899.49,98775,888.47,8335, 69330, 70.19,-1.74
TTKPRESTIG, EQ, 09-Oct-2020,5979.95,6047.0,6294.8,5950.0, 5959.95,5971.0,6048.16,4164,251.85,1460, 1850, 44.43,-0.15
TTKPRESTIG, EQ, 09-Oct-2023,778.5,769.0,783.65,758.65, 770.00,771.35,772.8,105676,816.67,10558, 65192, 61.69,-0.92
TTKPRESTIG, EQ, 09-Oct-2024,878.7,883.1,887.35,871.0,873.0,874.7,878.77,73937,649.73,7777, 21031, 28.44,-0.46
TTKPRESTIG, EQ, 09-Nov-2020,5999.7,6027.8,6028.9,5920.0, 5958.80,5949.75,5969.44,2725,162.67,1016, 1405, 51.56,-0.83
TTKPRESTIG, EQ, 09-Nov-2021,11359.8,11433.2,11436.15,11181.0,11200.0,11271.6,11271.34,14768,1664.55,4500, 6457, 43.72,-0.78
TTKPRESTIG, EQ, 09-Nov-2022,901.5,914.0,914.0,892.15, 897.05,899.7,899.64,46710,420.22,7918, 30781, 65.90,-0.2
TTKPRESTIG, EQ, 09-Nov-2023,796.25,796.35,798.0,786.85, 797.00,796.3,792.87,33941,269.11,3286, 19518, 57.51,0.01
TTKPRESTIG, EQ, 09-Dec-2020,5839.2,5845.25,5974.9,5799.0,5912.1,5931.35,5878.64,8306,488.28,1674, 5081, 61.17,1.58
TTKPRESTIG, EQ, 09-Dec-2021,10242.05,10331.0,10680.0,10201.4, 10669.60,10608.45,10489.26,18733,1964.95,6038, 6085, 32.48,3.58
TTKPRESTIG, EQ, 09-Dec-2022,857.45,862.0,865.0,851.0, 852.00,853.85,855.03,30578,261.45,3922, 16911, 55.30,-0.42
TTKPRESTIG, EQ, 09-Dec-2024,879.3,879.95,905.0,878.2,896.55,894.35,894.76,37351,334.2,6494, 9692, 25.95,1.71
TTKPRESTIG, EQ, 10-Jan-2020,5657.4,5729.0,5729.0,5665.25, 5691.50,5702.25,5700.04,2104,119.93,1187, 1347, 64.02,0.79
TTKPRESTIG, EQ, 10-Jan-2022,1002.2,1009.4,1016.75,997.0,1000.0,999.9,1006.24,46419,467.09,5529, 25011, 53.88,-0.23
TTKPRESTIG, EQ, 10-Jan-2023,794.65,795.1,798.35,787.4,789.85,789.45,791.37,16836,133.24,3379, 9784, 58.11,-0.65
TTKPRESTIG, EQ, 10-Jan-2024,749.15,752.85,760.0,749.1, 754.10,757.9,755.97,52581,397.5,4544, 29478, 56.06,1.17
TTKPRESTIG, EQ, 10-Jan-2025,798.5,781.0,793.8,777.0,786.95,785.65,786.3,9567,75.23,2609, 4686, 48.98,-1.61
TTKPRESTIG, EQ, 10-Feb-2020,5785.3,5847.8,5847.8,5676.0, 5719.00,5706.25,5741.31,4538,260.54,2451, 3038, 66.95,-1.37
TTKPRESTIG, EQ, 10-Feb-2021,5914.8,5921.1,7097.75,5851.25,6939.0,6933.25,6621.77,331037,21920.52,41990, 59889, 18.09,17.22
TTKPRESTIG, EQ, 10-Feb-2022,907.25,916.0,920.0,883.0,889.0,886.4,894.13,79455,710.43,10412, 38042, 47.88,-2.3
TTKPRESTIG, EQ, 10-Feb-2023,777.15,780.0,780.0,770.6, 778.90,776.95,774.92,18769,145.44,2683, 8308, 44.26,-0.03
TTKPRESTIG, EQ, 10-Feb-2025,730.4,730.4,730.4,707.0,708.0,711.35,712.39,26168,186.42,4282, 12679, 48.45,-2.61
TTKPRESTIG, EQ, 10-Mar-2021,7638.35,7601.35,7699.95,7525.0, 7621.55,7635.0,7624.16,8246,628.69,3112, 4380, 53.12,-0.04
TTKPRESTIG, EQ, 10-Mar-2022,771.7,789.0,919.0,781.85, 856.60,860.15,860.73,668777,5756.34,39416, 119055, 17.80,11.46
TTKPRESTIG, EQ, 10-Mar-2023,755.7,755.7,765.0,750.05, 765.00,759.45,755.34,25544,192.94,4024, 12480, 48.86,0.5
TTKPRESTIG, EQ, 10-Mar-2025,626.45,626.2,626.2,606.0,611.0,610.9,611.89,51184,313.19,4785, 26493, 51.76,-2.48
TTKPRESTIG, EQ, 10-Apr-2023,729.1,736.0,739.1,709.9, 715.00,714.55,719.76,63005,453.48,5819, 37073, 58.84,-2.0
TTKPRESTIG, EQ, 10-Apr-2024,706.45,710.0,712.8,702.0, 707.00,709.2,708.21,44897,317.97,6325, 20103, 44.78,0.39
TTKPRESTIG, EQ, 10-May-2021,7374.9,7354.05,7405.0,7210.1, 7229.00,7257.5,7325.28,6993,512.26,2940, 4178, 59.75,-1.59
TTKPRESTIG, EQ, 10-May-2022,844.7,850.25,851.0,796.25, 810.00,812.45,832.08,72996,607.38,10437, 38101, 52.20,-3.82
TTKPRESTIG, EQ, 10-May-2023,704.2,707.95,714.0,704.25,710.1,713.35,710.87,32006,227.52,2781, 18568, 58.01,1.3
TTKPRESTIG, EQ, 10-May-2024,693.35,696.85,703.1,691.15,699.0,700.9,699.5,24195,169.24,4675, 12687, 52.44,1.09
TTKPRESTIG, EQ, 10-Jun-2020,5262.45,5270.0,5327.95,5201.0, 5250.00,5253.25,5240.79,1595,83.59,637, 661, 41.44,-0.17
TTKPRESTIG, EQ, 10-Jun-2021,8896.75,8897.0,8984.7,8860.05, 8890.00,8920.0,8930.81,4528,404.39,1581, 1637, 36.15,0.26
TTKPRESTIG, EQ, 10-Jun-2022,811.55,803.0,808.6,788.0,792.85,792.25,801.24,155650,1247.13,4953, 137943, 88.62,-2.38
TTKPRESTIG, EQ, 10-Jun-2024,725.1,725.1,751.0,725.1,734.8,737.55,740.98,181637,1345.89,11684, 79618, 43.83,1.72
TTKPRESTIG, EQ, 10-Jul-2020,5402.95,5390.0,5409.0,5310.0,5375.0,5352.25,5352.65,2618,140.13,1065, 1848, 70.59,-0.94
TTKPRESTIG, EQ, 10-Jul-2023,739.95,744.5,755.0,741.3,754.0,753.7,749.7,50499,378.59,4703, 26909, 53.29,1.86
TTKPRESTIG, EQ, 10-Jul-2024,878.1,873.9,885.5,869.95,880.0,878.45,877.64,96001,842.54,10963, 48010, 50.01,0.04
TTKPRESTIG, EQ, 10-Aug-2020,5548.65,5656.95,5665.0,5321.0, 5350.00,5457.95,5569.24,12982,723.0,3362, 3416, 26.31,-1.63
TTKPRESTIG, EQ, 10-Aug-2021,8861.8,8791.0,8855.9,8688.25, 8700.00,8719.9,8739.27,3240,283.15,1496, 1707, 52.69,-1.6
TTKPRESTIG, EQ, 10-Aug-2022,881.2,872.0,879.7,866.0,870.0,868.45,870.84,23875,207.91,3155, 16275, 68.17,-1.45
TTKPRESTIG, EQ, 10-Aug-2023,787.65,790.0,790.0,777.95, 778.50,782.55,783.28,26582,208.21,3449, 13788, 51.87,-0.65
TTKPRESTIG, EQ, 10-Sep-2020,5841.3,5965.0,5965.0,5800.15, 5850.00,5831.9,5861.15,1887,110.6,691, 918, 48.65,-0.16
TTKPRESTIG, EQ, 10-Sep-2024,899.4,899.5,915.0,895.05,910.0,912.3,904.3,108031,976.92,10833, 76244, 70.58,1.43
TTKPRESTIG, EQ, 10-Oct-2022,996.75,996.75,1008.0,982.0, 984.90,984.25,986.47,28989,285.97,3991, 14865, 51.28,-1.25
TTKPRESTIG, EQ, 10-Oct-2023,771.35,775.25,788.25,770.05, 772.30,774.25,777.93,55697,433.28,8101, 21856, 39.24,0.38
TTKPRESTIG, EQ, 10-Oct-2024,874.7,877.7,889.45,871.4,875.8,874.25,877.74,22685,199.12,4595, 11610, 51.18,-0.05
TTKPRESTIG, EQ, 10-Nov-2020,5949.75,5997.95,6134.0,5875.0, 5885.10,5943.8,5964.12,8171,487.33,2308, 3927, 48.06,-0.1
TTKPRESTIG, EQ, 10-Nov-2021,11271.6,11200.0,11385.0,11012.5, 11302.50,11253.15,11296.4,12096,1366.41,3187, 3336, 27.58,-0.16
TTKPRESTIG, EQ, 10-Nov-2022,899.7,899.0,899.0,872.0, 879.95,880.0,881.04,77049,678.83,9647, 57136, 74.16,-2.19
TTKPRESTIG, EQ, 10-Nov-2023,796.3,790.0,799.7,776.9,798.95,797.95,792.79,103968,824.25,6929, 68596, 65.98,0.21
TTKPRESTIG, EQ, 10-Dec-2020,5931.35,5950.0,5993.6,5766.0, 5848.00,5811.35,5854.91,6748,395.09,1980, 4349, 64.45,-2.02
TTKPRESTIG, EQ, 10-Dec-2021,10608.45,10744.0,11384.4,10653.45, 10985.30,10992.3,11073.05,77461,8577.3,20370, 21231, 27.41,3.62
TTKPRESTIG, EQ, 10-Dec-2024,894.35,899.0,901.85,883.05,884.2,886.1,891.27,13086,116.63,3673, 7484, 57.19,-0.92
TTKPRESTIG, EQ, 11-Jan-2021,6190.4,6279.8,6279.8,6115.5, 6139.05,6157.5,6177.45,6054,373.98,2299, 4297, 70.98,-0.53
TTKPRESTIG, EQ, 11-Jan-2022,999.9,1003.5,1014.7,993.0,995.0,994.9,1000.17,56904,569.13,7110, 31318, 55.04,-0.5
TTKPRESTIG, EQ, 11-Jan-2023,789.45,793.6,797.1,792.0, 794.00,793.75,794.83,56943,452.6,2318, 49102, 86.23,0.54
TTKPRESTIG, EQ, 11-Jan-2024,757.9,759.1,769.95,753.9, 765.00,765.75,764.53,95118,727.21,8062, 48544, 51.04,1.04
TTKPRESTIG, EQ, 11-Feb-2020,5706.25,5740.0,5849.5,5711.15, 5848.45,5817.75,5769.76,3483,200.96,1484, 2388, 68.56,1.95
TTKPRESTIG, EQ, 11-Feb-2021,6933.25,6899.9,7400.0,6644.05,7301.0,7237.8,7005.43,240700,16862.06,34385, 30198, 12.55,4.39
TTKPRESTIG, EQ, 11-Feb-2022,886.4,886.4,889.8,850.0,855.0,855.25,862.93,167919,1449.02,15209, 105045, 62.56,-3.51
TTKPRESTIG, EQ, 11-Feb-2025,711.35,717.85,717.85,686.0,690.0,689.1,694.45,25819,179.3,3888, 15293, 59.23,-3.13
TTKPRESTIG, EQ, 11-Mar-2020,5797.25,5780.0,5790.0,5609.95, 5650.00,5656.25,5673.95,5081,288.29,2289, 2353, 46.31,-2.43
TTKPRESTIG, EQ, 11-Mar-2022,860.15,870.0,907.0,830.0, 836.00,839.15,861.73,551057,4748.61,37180, 112801, 20.47,-2.44
TTKPRESTIG, EQ, 11-Mar-2024,720.05,729.95,729.95,702.0, 711.00,707.35,712.65,41856,298.28,6433, 23867, 57.02,-1.76
TTKPRESTIG, EQ, 11-Mar-2025,610.9,603.0,620.9,594.95,614.0,610.55,609.24,65411,398.51,5545, 33174, 50.72,-0.06
TTKPRESTIG, EQ, 11-Apr-2022,835.3,844.5,849.0,833.05,847.0,844.65,840.55,56197,472.36,6804, 27979, 49.79,1.12
TTKPRESTIG, EQ, 11-Apr-2023,714.55,718.3,724.0,712.0, 718.80,718.0,717.4,44882,321.98,4964, 22989, 51.22,0.48
TTKPRESTIG, EQ, 11-Apr-2025,623.85,623.9,650.55,623.9,650.0,646.8,641.66,37304,239.37,4413, 21978, 58.92,3.68
TTKPRESTIG, EQ, 11-May-2020,4638.5,4661.7,4888.8,4650.1, 4720.00,4763.6,4794.78,5224,250.48,2083, 1933, 37.00,2.7
TTKPRESTIG, EQ, 11-May-2021,7257.5,7289.35,7369.95,7210.55, 7297.00,7255.15,7259.85,3266,237.11,1323, 1603, 49.08,-0.03
TTKPRESTIG, EQ, 11-May-2022,812.45,824.0,824.0,763.15,781.0,779.15,798.19,99998,798.18,8907, 27367, 27.37,-4.1
TTKPRESTIG, EQ, 11-May-2023,713.35,716.0,724.0,712.25, 720.00,720.05,717.4,34932,250.6,3621, 20796, 59.53,0.94
TTKPRESTIG, EQ, 11-Jun-2020,5253.25,5277.8,5277.8,5180.0, 5221.15,5238.0,5219.44,2547,132.94,777, 1512, 59.36,-0.29
TTKPRESTIG, EQ, 11-Jun-2021,8920.0,8979.0,8996.35,8821.65, 8900.60,8895.3,8901.0,6167,548.92,2099, 2416, 39.18,-0.28
TTKPRESTIG, EQ, 11-Jun-2024,737.55,737.55,748.0,737.55,743.0,743.95,742.88,47762,354.81,4401, 25861, 54.15,0.87
TTKPRESTIG, EQ, 11-Jul-2022,841.65,841.5,850.0,838.0,844.6,846.1,842.65,13634,114.89,1870, 6385, 46.83,0.53
TTKPRESTIG, EQ, 11-Jul-2023,753.7,757.7,763.15,748.05, 763.00,761.25,756.34,64250,485.95,5120, 41049, 63.89,1.0
TTKPRESTIG, EQ, 11-Jul-2024,878.45,880.3,891.5,869.7,880.0,882.15,884.01,56224,497.02,5787, 28793, 51.21,0.42
TTKPRESTIG, EQ, 11-Aug-2020,5457.95,5437.45,5595.0,5020.0,5473.8,5465.7,5492.4,25343,1391.94,1889, 21452, 84.65,0.14
TTKPRESTIG, EQ, 11-Aug-2021,8719.9,8769.0,8822.25,8675.05, 8809.95,8789.65,8744.6,4935,431.55,2069, 2263, 45.86,0.8
TTKPRESTIG, EQ, 11-Aug-2022,868.45,870.0,873.05,866.0,869.1,868.2,869.35,24645,214.25,1936, 17416, 70.67,-0.03
TTKPRESTIG, EQ, 11-Aug-2023,782.55,782.55,788.0,751.0, 774.50,778.95,771.41,128367,990.24,12278, 26739, 20.83,-0.46
TTKPRESTIG, EQ, 11-Sep-2020,5831.9,5848.6,5929.9,5800.0, 5850.00,5835.15,5850.33,2402,140.52,981, 859, 35.76,0.06
TTKPRESTIG, EQ, 11-Sep-2023,815.35,813.1,819.2,805.1, 813.75,812.75,811.32,155035,1257.83,6238, 121123, 78.13,-0.32
TTKPRESTIG, EQ, 11-Sep-2024,912.3,903.2,924.95,895.0,898.0,899.0,903.47,43161,389.95,5648, 24708, 57.25,-1.46
TTKPRESTIG, EQ, 11-Oct-2021,8767.05,8896.0,8896.0,8768.0, 8820.00,8832.8,8830.86,1457,128.67,787, 697, 47.84,0.75
TTKPRESTIG, EQ, 11-Oct-2022,984.25,984.9,994.1,976.0, 977.00,981.85,984.56,35613,350.63,4572, 20142, 56.56,-0.24
TTKPRESTIG, EQ, 11-Oct-2023,774.25,774.3,783.45,771.9, 781.90,777.85,777.14,50614,393.34,5379, 28989, 57.27,0.46
TTKPRESTIG, EQ, 11-Oct-2024,874.25,873.0,888.05,872.45,874.0,873.6,878.64,29255,257.04,3528, 13042, 44.58,-0.07
TTKPRESTIG, EQ, 11-Nov-2020,5943.8,5950.0,6088.0,5685.0, 5750.00,5715.25,5790.41,11995,694.56,3691, 6272, 52.29,-3.85
TTKPRESTIG, EQ, 11-Nov-2021,11253.15,11253.15,11598.0,10970.0, 11073.70,11075.8,11243.09,25307,2845.29,6665, 10612, 41.93,-1.58
TTKPRESTIG, EQ, 11-Nov-2022,880.0,884.4,949.0,883.05,890.0,891.95,899.15,56402,507.14,5628, 24886, 44.12,1.36
TTKPRESTIG, EQ, 11-Nov-2024,861.4,848.0,880.4,848.0, 860.00,860.95,868.22,37636,326.76,5150, 17347, 46.09,-0.05
TTKPRESTIG, EQ, 11-Dec-2020,5811.35,5840.1,5867.2,5701.85, 5768.65,5757.35,5772.14,5741,331.38,1665, 3050, 53.13,-0.93
TTKPRESTIG, EQ, 11-Dec-2023,761.1,765.0,779.7,761.2, 767.00,773.5,770.17,69970,538.89,8426, 42931, 61.36,1.63
TTKPRESTIG, EQ, 11-Dec-2024,886.1,886.1,897.95,880.05,885.8,883.55,886.66,18047,160.02,4808, 8513, 47.17,-0.29
TTKPRESTIG, EQ, 12-Jan-2021,6157.5,6157.55,6340.0,6100.0, 6162.00,6153.3,6165.71,6130,377.96,2039, 2613, 42.63,-0.07
TTKPRESTIG, EQ, 12-Jan-2022,994.9,997.0,1009.0,960.0,973.5,968.6,978.41,142306,1392.34,12852, 80082, 56.27,-2.64
TTKPRESTIG, EQ, 12-Jan-2023,793.75,797.0,808.2,789.9, 795.00,794.05,798.26,48829,389.78,5496, 20434, 41.85,0.04
TTKPRESTIG, EQ, 12-Jan-2024,765.75,769.05,774.0,763.0,769.45,769.75,767.52,54456,417.96,3730, 35677, 65.52,0.52
TTKPRESTIG, EQ, 12-Feb-2020,5817.75,5820.6,5961.55,5756.8, 5871.60,5858.25,5814.43,16200,941.94,1610, 14132, 87.23,0.7
TTKPRESTIG, EQ, 12-Feb-2021,7237.8,7237.0,7499.45,6905.0,7312.0,7389.85,7362.26,104641,7703.94,18362, 21520, 20.57,2.1
TTKPRESTIG, EQ, 12-Feb-2024,763.0,763.95,779.25,758.75, 769.60,769.7,772.21,69238,534.66,8907, 28224, 40.76,0.88
TTKPRESTIG, EQ, 12-Feb-2025,689.1,689.1,696.65,663.95,672.4,675.85,674.02,35107,236.63,7441, 17016, 48.47,-1.92
TTKPRESTIG, EQ, 12-Mar-2020,5656.25,5542.0,5542.0,5310.05, 5420.00,5399.95,5376.12,4954,266.33,1795, 3667, 74.02,-4.53
TTKPRESTIG, EQ, 12-Mar-2021,7635.0,7732.0,7732.0,7525.0, 7570.00,7593.35,7599.87,10296,782.48,3636, 6999, 67.98,-0.55
TTKPRESTIG, EQ, 12-Mar-2024,707.35,710.9,714.95,703.0, 710.00,705.95,707.86,40264,285.01,6209, 25726, 63.89,-0.2
TTKPRESTIG, EQ, 12-Mar-2025,610.55,610.55,610.55,598.55,604.0,602.05,602.71,31996,192.84,3117, 20125, 62.90,-1.39
TTKPRESTIG, EQ, 12-Apr-2021,7476.25,7438.9,7438.9,7273.55, 7309.85,7314.05,7306.81,33554,2451.73,2270, 31146, 92.82,-2.17
TTKPRESTIG, EQ, 12-Apr-2022,844.65,836.0,849.9,830.0, 833.00,835.6,839.88,70881,595.31,6569, 25076, 35.38,-1.07
TTKPRESTIG, EQ, 12-Apr-2023,718.0,718.8,725.5,704.7, 709.45,711.55,718.03,43516,312.46,3866, 28146, 64.68,-0.9
TTKPRESTIG, EQ, 12-Apr-2024,709.2,713.05,713.05,699.95, 700.20,704.15,705.18,43810,308.94,7767, 20108, 45.90,-0.71
TTKPRESTIG, EQ, 12-May-2020,4763.6,4790.0,4800.0,4702.55, 4725.15,4734.35,4748.47,2307,109.55,935, 945, 40.96,-0.61
TTKPRESTIG, EQ, 12-May-2021,7255.15,7289.0,7350.65,7238.0,7250.0,7262.55,7296.71,6529,476.4,1010, 5397, 82.66,0.1
TTKPRESTIG, EQ, 12-May-2022,779.15,779.15,803.4,763.55,778.55,771.25,778.51,683812,5323.54,12845, 564226, 82.51,-1.01
TTKPRESTIG, EQ, 12-May-2023,720.05,723.0,723.0,713.15, 715.95,714.95,717.39,38461,275.92,2515, 29883, 77.70,-0.71
TTKPRESTIG, EQ, 12-Jun-2020,5238.0,5111.1,5221.55,5001.05, 5150.05,5189.05,5153.73,2398,123.59,733, 1333, 55.59,-0.93
TTKPRESTIG, EQ, 12-Jun-2023,725.05,729.05,732.1,719.2, 721.00,724.65,725.0,143497,1040.35,5450, 110846, 77.25,-0.06
TTKPRESTIG, EQ, 12-Jun-2024,743.95,743.95,754.0,737.0,747.0,743.9,742.99,74944,556.83,7879, 34639, 46.22,-0.01
TTKPRESTIG, EQ, 12-Jul-2021,9245.75,9000.0,9414.45,9000.0, 9380.05,9343.95,9337.74,6041,564.09,2425, 2222, 36.78,1.06
TTKPRESTIG, EQ, 12-Jul-2022,846.1,849.0,849.95,835.0,835.0,837.5,841.96,10704,90.12,1523, 5356, 50.04,-1.02
TTKPRESTIG, EQ, 12-Jul-2023,761.25,763.0,764.05,748.15, 750.50,752.6,756.09,88774,671.21,4840, 61857, 69.68,-1.14
TTKPRESTIG, EQ, 12-Jul-2024,882.15,889.9,890.45,870.85,879.95,878.4,878.17,47932,420.92,5187, 27839, 58.08,-0.43
TTKPRESTIG, EQ, 12-Aug-2020,5465.7,5489.95,5506.6,5410.0,5421.1,5427.2,5450.73,1682,91.68,740, 898, 53.39,-0.7
TTKPRESTIG, EQ, 12-Aug-2021,8789.65,8790.0,9150.0,8750.0, 9128.00,9107.5,9024.59,11295,1019.33,4319, 4814, 42.62,3.62
TTKPRESTIG, EQ, 12-Aug-2022,868.2,878.0,878.0,865.05,869.0,866.45,868.43,22978,199.55,1663, 15832, 68.90,-0.2
TTKPRESTIG, EQ, 12-Aug-2024,1000.3,1000.5,1019.4,995.0,1000.0,1000.1,1002.23,470746,4717.97,37959, 149252, 31.71,-0.02
TTKPRESTIG, EQ, 12-Sep-2022,990.35,1025.0,1040.0,991.0, 1037.00,1036.85,1027.56,264177,2714.57,16996, 123558, 46.77,4.7
TTKPRESTIG, EQ, 12-Sep-2023,812.75,812.9,814.2,789.85, 806.50,805.25,801.18,222459,1782.3,7268, 178265, 80.13,-0.92
TTKPRESTIG, EQ, 12-Sep-2024,899.0,893.0,905.95,890.05,902.0,902.4,897.47,21470,192.69,3448, 10151, 47.28,0.38
TTKPRESTIG, EQ, 12-Oct-2020,5971.0,6089.7,6200.1,5952.0, 6000.05,5996.25,5987.04,2356,141.05,606, 1541, 65.41,0.42
TTKPRESTIG, EQ, 12-Oct-2021,8832.8,8818.0,8884.65,8800.0, 8830.65,8806.1,8815.42,2628,231.67,1234, 1832, 69.71,-0.3
TTKPRESTIG, EQ, 12-Oct-2022,981.85,975.0,985.0,963.55, 975.25,980.85,974.21,20023,195.07,2971, 8785, 43.87,-0.1
TTKPRESTIG, EQ, 12-Oct-2023,777.85,777.85,794.95,777.8, 787.95,787.6,787.99,60738,478.61,4910, 38385, 63.20,1.25
TTKPRESTIG, EQ, 12-Nov-2020,5715.25,5847.95,5847.95,5600.0, 5681.05,5670.65,5688.93,6633,377.35,3423, 3263, 49.19,-0.78
TTKPRESTIG, EQ, 12-Nov-2021,11075.8,11250.0,11250.0,11106.1, 11224.80,11199.85,11174.55,5598,625.55,1794, 2347, 41.93,1.12
TTKPRESTIG, EQ, 12-Nov-2024,860.95,856.0,864.4,848.0,856.0,853.55,857.4,12678,108.7,2849, 6214, 49.01,-0.86
TTKPRESTIG, EQ, 12-Dec-2022,853.85,858.0,858.0,835.0, 842.50,839.65,844.56,38032,321.2,3994, 27029, 71.07,-1.66
TTKPRESTIG, EQ, 12-Dec-2023,773.5,777.4,779.15,766.0, 766.00,770.8,773.94,57586,445.68,12104, 36659, 63.66,-0.35
TTKPRESTIG, EQ, 12-Dec-2024,883.55,880.45,885.5,867.0,875.5,871.8,874.37,16745,146.41,3714, 7793, 46.54,-1.33
TTKPRESTIG, EQ, 13-Jan-2020,5702.25,5715.05,5817.95,5715.05, 5755.00,5768.9,5772.85,7685,443.64,1134, 6335, 82.43,1.17
TTKPRESTIG, EQ, 13-Jan-2021,6153.3,6179.9,6205.95,6069.4, 6125.00,6130.1,6120.75,6641,406.48,1729, 4268, 64.27,-0.38
TTKPRESTIG, EQ, 13-Jan-2022,968.6,979.6,990.0,974.75, 987.80,986.8,983.78,59174,582.14,7045, 28029, 47.37,1.88
TTKPRESTIG, EQ, 13-Jan-2023,794.05,795.0,798.7,788.0,789.5,790.65,790.74,28886,228.41,3141, 19449, 67.33,-0.43
TTKPRESTIG, EQ, 13-Jan-2025,785.65,777.0,782.75,740.15,747.5,747.1,758.86,23268,176.57,5471, 11726, 50.40,-4.91
TTKPRESTIG, EQ, 13-Feb-2020,5858.25,5862.1,5958.0,5850.0, 5898.95,5884.4,5887.56,2423,142.66,1099, 1453, 59.97,0.45
TTKPRESTIG, EQ, 13-Feb-2023,776.95,778.0,779.05,766.8,768.0,769.55,771.22,14989,115.6,2311, 7261, 48.44,-0.95
TTKPRESTIG, EQ, 13-Feb-2024,769.7,774.9,779.65,761.35, 776.05,777.35,771.92,38934,300.54,5007, 22010, 56.53,0.99
TTKPRESTIG, EQ, 13-Feb-2025,675.85,675.85,699.0,662.2,699.0,676.7,675.57,29610,200.04,4895, 14419, 48.70,0.13
TTKPRESTIG, EQ, 13-Mar-2020,5399.95,5210.0,5488.0,5181.0, 5290.00,5300.1,5296.9,61540,3259.72,2021, 59307, 96.37,-1.85
TTKPRESTIG, EQ, 13-Mar-2023,759.45,755.0,761.45,737.0, 744.00,742.55,747.93,42974,321.42,4920, 25096, 58.40,-2.23
TTKPRESTIG, EQ, 13-Mar-2024,705.95,709.45,709.45,695.05, 700.00,699.3,701.65,62778,440.48,12313, 39190, 62.43,-0.94
TTKPRESTIG, EQ, 13-Mar-2025,602.05,605.1,605.1,596.3,602.85,599.95,599.05,22729,136.16,2547, 13385, 58.89,-0.35
TTKPRESTIG, EQ, 13-Apr-2020,5198.8,5259.85,5259.85,4810.0, 4860.00,4903.9,4994.29,5946,296.96,3054,2862,59.8,-5.67
TTKPRESTIG, EQ, 13-Apr-2021,7314.05,7314.05,7647.95,7300.0, 7485.00,7517.25,7521.49,19522,1468.35,4307, 13158, 67.40,2.78
TTKPRESTIG, EQ, 13-Apr-2022,835.6,845.0,845.0,824.45,828.0,826.85,833.8,133119,1109.95,6910, 103485, 77.74,-1.05
TTKPRESTIG, EQ, 13-Apr-2023,711.55,713.5,718.0,706.95, 715.50,712.75,713.18,43214,308.2,3293, 25981, 60.12,0.17
TTKPRESTIG, EQ, 13-May-2020,4734.35,4879.0,4879.0,4753.1,4800.0,4810.5,4818.16,6326,304.8,1854, 3367, 53.22,1.61
TTKPRESTIG, EQ, 13-May-2022,771.25,787.75,812.0,776.55,803.0,801.8,795.74,94362,750.87,7283, 24533, 26.00,3.96
TTKPRESTIG, EQ, 13-May-2024,700.9,703.55,704.35,690.05,692.25,696.0,696.71,36532,254.52,4301, 20851, 57.08,-0.7
TTKPRESTIG, EQ, 13-Jun-2022,792.25,784.0,795.65,775.0,780.0,781.3,781.94,37743,295.13,5301, 18449, 48.88,-1.38
TTKPRESTIG, EQ, 13-Jun-2023,724.65,724.95,729.55,715.0, 719.90,720.25,722.55,74851,540.84,4212, 51653, 69.01,-0.61
TTKPRESTIG, EQ, 13-Jun-2024,743.9,747.65,757.0,740.2,750.0,752.25,749.67,62985,472.18,5786, 32455, 51.53,1.12
TTKPRESTIG, EQ, 13-Jul-2020,5352.25,5424.8,5428.8,5335.2, 5401.55,5405.95,5358.91,7054,378.02,1162, 5928, 84.04,1.0
TTKPRESTIG, EQ, 13-Jul-2021,9343.95,9271.0,9356.3,9200.1, 9299.00,9284.15,9286.56,2670,247.95,1434, 1092, 40.90,-0.64
TTKPRESTIG, EQ, 13-Jul-2022,837.5,835.0,848.9,835.0,843.0,843.7,844.39,10612,89.61,1541, 5108, 48.13,0.74
TTKPRESTIG, EQ, 13-Jul-2023,752.6,756.6,769.9,750.1, 761.00,761.05,761.36,1063836,8099.61,8145, 989412, 93.00,1.12
TTKPRESTIG, EQ, 13-Aug-2020,5427.2,5426.05,5499.0,5380.0, 5407.05,5399.65,5402.79,21312,1151.44,2157, 19480, 91.40,-0.51
TTKPRESTIG, EQ, 13-Aug-2021,9107.5,9110.0,9110.0,8859.75,8892.0,8915.4,8958.87,3580,320.73,1776, 1683, 47.01,-2.11
TTKPRESTIG, EQ, 13-Aug-2024,1000.1,1025.0,1025.0,1001.05,1015.0,1013.9,1010.73,342107,3457.78,28694, 197169, 57.63,1.38
TTKPRESTIG, EQ, 13-Sep-2021,9358.35,9296.0,9440.0,9172.85, 9202.30,9241.3,9281.91,16363,1518.8,4864, 4820, 29.46,-1.25
TTKPRESTIG, EQ, 13-Sep-2022,1036.85,1040.9,1049.9,1020.0, 1033.00,1030.15,1034.82,125936,1303.21,11882, 73551, 58.40,-0.65
TTKPRESTIG, EQ, 13-Sep-2023,805.25,809.0,811.0,788.05, 790.00,791.85,794.83,171464,1362.85,6206, 149488, 87.18,-1.66
TTKPRESTIG, EQ, 13-Sep-2024,902.4,911.4,915.0,894.05,911.75,912.45,904.93,44091,398.99,4801, 20864, 47.32,1.11
TTKPRESTIG, EQ, 13-Oct-2020,5996.25,6024.8,6024.8,5829.4, 5887.00,5860.65,5906.92,5487,324.11,1841, 3238, 59.01,-2.26
TTKPRESTIG, EQ, 13-Oct-2021,8806.1,8825.0,9020.0,8806.1,8920.0,8908.9,8943.24,9496,849.25,3170, 5265, 55.44,1.17
TTKPRESTIG, EQ, 13-Oct-2022,980.85,980.85,1008.0,963.6,975.95,969.35,980.67,52301,512.9,6251, 31099, 59.46,-1.17
TTKPRESTIG, EQ, 13-Oct-2023,787.6,783.2,795.95,781.0, 794.95,794.1,790.74,44635,352.95,3638, 30030, 67.28,0.83
TTKPRESTIG, EQ, 13-Nov-2020,5670.65,5780.0,5780.0,5670.1,5741.5,5758.05,5738.42,2508,143.92,1109, 1291, 51.48,1.54
TTKPRESTIG, EQ, 13-Nov-2023,805.0,803.0,805.0,782.0, 783.00,783.7,788.11,33434,263.5,5774, 20180, 60.36,-2.65
TTKPRESTIG, EQ, 13-Nov-2024,853.55,856.0,860.0,839.95,850.8,850.0,849.28,38354,325.73,5429, 22021, 57.42,-0.42
TTKPRESTIG, EQ, 13-Dec-2021,10992.3,11160.3,11859.0,10996.0,11850.0,11725.9,11452.97,91069,10430.11,23145, 27923, 30.66,6.67
TTKPRESTIG, EQ, 13-Dec-2022,839.65,843.85,844.1,824.2, 833.50,828.7,830.57,60728,504.39,7547, 31691, 52.19,-1.3
TTKPRESTIG, EQ, 13-Dec-2023,770.8,766.05,770.2,758.75, 759.75,759.85,761.06,50297,382.79,5503, 38393, 76.33,-1.42
TTKPRESTIG, EQ, 13-Dec-2024,871.8,872.1,876.45,856.35,874.0,870.9,866.52,17148,148.59,4360, 6963, 40.61,-0.1
TTKPRESTIG, EQ, 14-Jan-2020,5768.9,5771.1,5931.0,5771.1, 5842.10,5844.55,5863.71,4295,251.85,1468, 2973, 69.22,1.31
TTKPRESTIG, EQ, 14-Jan-2021,6130.1,6180.0,6325.0,6150.0, 6255.15,6262.6,6267.53,11077,694.25,2717, 4980, 44.96,2.16
TTKPRESTIG, EQ, 14-Jan-2022,986.8,987.8,998.3,981.55, 995.75,995.65,992.17,46552,461.87,4349, 21523, 46.23,0.9
TTKPRESTIG, EQ, 14-Jan-2025,747.1,758.3,774.0,751.15,766.0,767.85,761.22,14253,108.5,3897, 5762, 40.43,2.78
TTKPRESTIG, EQ, 14-Feb-2020,5884.4,5919.9,5990.0,5850.05, 5910.00,5907.15,5929.95,3514,208.38,1538, 2308, 65.68,0.39
TTKPRESTIG, EQ, 14-Feb-2022,855.25,835.15,860.9,821.6,853.0,847.9,837.68,103958,870.84,10270, 60199, 57.91,-0.86
TTKPRESTIG, EQ, 14-Feb-2023,769.55,773.6,773.6,760.0,766.0,762.75,763.9,17109,130.7,3474, 7708, 45.05,-0.88
TTKPRESTIG, EQ, 14-Feb-2024,777.35,767.95,777.35,759.85, 763.85,763.25,765.91,25420,194.69,4022, 12291, 48.35,-1.81
TTKPRESTIG, EQ, 14-Feb-2025,676.7,682.1,694.95,667.0,686.2,678.8,676.34,30682,207.52,4097, 14291, 46.58,0.31
TTKPRESTIG, EQ, 14-Mar-2022,839.15,840.0,859.0,820.45,837.15,848.85,837.33,117546,984.24,8805, 51559, 43.86,1.16
TTKPRESTIG, EQ, 14-Mar-2023,742.55,746.0,746.0,721.95, 730.00,728.4,729.46,40787,297.52,5154, 20892, 51.22,-1.91
TTKPRESTIG, EQ, 14-Mar-2024,699.3,699.3,714.0,692.75, 700.40,700.8,701.89,37475,263.03,7722, 17153, 45.77,0.21
TTKPRESTIG, EQ, 14-May-2020,4810.5,4801.1,4842.95,4762.85,4820.0,4807.7,4786.27,3351,160.39,1145, 2404, 71.74,-0.06
TTKPRESTIG, EQ, 14-May-2021,7262.55,7262.55,7349.0,7095.0, 7140.60,7115.15,7141.51,5132,366.5,1637, 3414, 66.52,-2.03
TTKPRESTIG, EQ, 14-May-2024,696.0,696.55,724.45,695.0,713.0,714.0,711.42,86912,618.31,7743, 40488, 46.59,2.59
TTKPRESTIG, EQ, 14-Jun-2021,8895.3,8890.0,8972.2,8815.0, 8850.00,8855.7,8861.12,35702,3163.6,1797, 33000, 92.43,-0.45
TTKPRESTIG, EQ, 14-Jun-2022,781.3,784.0,789.25,777.0, 778.50,777.95,779.6,22834,178.01,2978, 11680, 51.15,-0.43
TTKPRESTIG, EQ, 14-Jun-2023,720.25,721.55,727.05,720.05, 723.95,723.45,723.42,33528,242.55,2943, 21599, 64.42,0.44
TTKPRESTIG, EQ, 14-Jun-2024,752.25,755.0,755.0,744.95,751.7,752.15,749.68,54410,407.9,6431, 31176, 57.30,-0.01
TTKPRESTIG, EQ, 14-Jul-2020,5405.95,5424.9,5499.0,5284.9,5499.0,5431.4,5382.38,4321,232.57,1366, 3137, 72.60,0.47
TTKPRESTIG, EQ, 14-Jul-2021,9284.15,9291.75,9325.0,9100.1, 9173.00,9157.1,9189.69,9459,869.25,3394, 4985, 52.70,-1.37
TTKPRESTIG, EQ, 14-Jul-2022,843.7,849.0,849.0,829.5, 835.00,837.4,833.06,47437,395.18,3121, 35457, 74.75,-0.75
TTKPRESTIG, EQ, 14-Jul-2023,761.05,769.9,780.1,755.2,775.45,777.0,773.72,146784,1135.7,11159, 80629, 54.93,2.1
TTKPRESTIG, EQ, 14-Aug-2020,5399.65,5410.0,5467.3,5351.25, 5390.00,5384.25,5418.51,3398,184.12,974, 1753, 51.59,-0.29
TTKPRESTIG, EQ, 14-Aug-2023,778.95,770.0,785.0,753.0, 770.80,777.1,771.28,86351,666.01,13971, 35037, 40.58,-0.24
TTKPRESTIG, EQ, 14-Aug-2024,1013.9,983.0,993.0,963.3,968.95,972.65,974.21,119960,1168.66,15105, 48509, 40.44,-4.07
TTKPRESTIG, EQ, 14-Sep-2020,5835.15,5904.8,6100.0,5901.0,6059.55,6065.25,6049.73,6273,379.5,1606, 3887, 61.96,3.94
TTKPRESTIG, EQ, 14-Sep-2021,9241.3,9320.0,9325.0,9107.0, 9170.00,9150.05,9226.78,3670,338.62,1501, 1919, 52.29,-0.99
TTKPRESTIG, EQ, 14-Sep-2022,1030.15,1019.9,1038.3,1015.9,1031.1,1031.2,1030.83,66387,684.34,5455, 37638, 56.69,0.1
TTKPRESTIG, EQ, 14-Sep-2023,791.85,791.8,799.4,787.05, 789.50,789.5,792.72,530380,4204.42,7922, 479728, 90.45,-0.3
TTKPRESTIG, EQ, 14-Oct-2020,5860.65,5941.85,5941.85,5710.0, 5769.00,5759.6,5782.08,5219,301.77,2462, 2694, 51.62,-1.72
TTKPRESTIG, EQ, 14-Oct-2021,8908.9,8989.0,9050.0,8753.9,8814.0,8805.4,8873.58,7237,642.18,2509, 3999, 55.26,-1.16
TTKPRESTIG, EQ, 14-Oct-2022,969.35,988.5,1003.95,975.0, 980.00,983.55,986.34,50046,493.63,5354, 19108, 38.18,1.46
TTKPRESTIG, EQ, 14-Oct-2024,873.6,874.0,891.0,873.0,888.0,885.9,883.29,33617,296.94,5139, 16072, 47.81,1.41
TTKPRESTIG, EQ, 14-Nov-2022,891.95,892.6,909.7,878.2,885.0,881.6,883.8,39753,351.34,5528, 22502, 56.60,-1.16
TTKPRESTIG, EQ, 14-Nov-2024,850.0,849.0,859.0,842.05, 855.05,854.95,853.93,13369,114.16,2370, 7592, 56.79,0.58
TTKPRESTIG, EQ, 14-Dec-2020,5757.35,5818.8,5818.8,5702.0,5720.0,5719.2,5753.42,5714,328.75,1486, 4079, 71.39,-0.66
TTKPRESTIG, EQ, 14-Dec-2021,11725.9,1225.0,1264.65,1142.0,1149.0,1152.8,1196.14,960686,11491.19,79695, 323279, 33.65,-90.17
TTKPRESTIG, EQ, 14-Dec-2022,828.7,832.85,878.4,830.05, 855.00,850.8,843.12,61664,519.9,7405, 32638, 52.93,2.67
TTKPRESTIG, EQ, 14-Dec-2023,759.85,759.9,764.0,757.0, 758.30,758.4,759.77,61458,466.94,6182, 46360, 75.43,-0.19
TTKPRESTIG, EQ, 15-Jan-2020,5844.55,5844.55,5955.0,5811.05, 5910.05,5913.8,5898.31,25909,1528.19,1491, 23744, 91.64,1.18
TTKPRESTIG, EQ, 15-Jan-2021,6262.6,6289.95,6325.0,6075.0,6079.75,6115.55,6194.27,5819,360.44,1917, 3244, 55.75,-2.35
TTKPRESTIG, EQ, 15-Jan-2024,769.75,770.0,776.0,758.6, 772.00,773.65,765.21,124414,952.03,7191, 90019, 72.35,0.51
TTKPRESTIG, EQ, 15-Jan-2025,767.85,762.0,779.0,762.0,763.75,765.75,769.76,15929,122.61,4180, 8165, 51.26,-0.27
TTKPRESTIG, EQ, 15-Feb-2021,7389.85,7365.3,7445.0,7211.1, 7301.00,7294.2,7328.5,36983,2710.3,8463, 11844, 32.03,-1.29
TTKPRESTIG, EQ, 15-Feb-2022,847.9,853.05,874.5,834.7,861.55,859.35,851.02,55409,471.54,7563, 29503, 53.25,1.35
TTKPRESTIG, EQ, 15-Feb-2023,762.75,766.6,774.35,761.05, 766.60,769.75,766.31,10862,83.24,2294, 5406, 49.77,0.92
TTKPRESTIG, EQ, 15-Feb-2024,763.25,763.25,774.6,757.9, 764.95,764.3,764.68,25278,193.29,4443, 11142, 44.08,0.14
TTKPRESTIG, EQ, 15-Mar-2021,7593.35,7678.0,7688.7,7485.5, 7503.00,7544.65,7538.0,3713,279.89,1732, 1720, 46.32,-0.64
TTKPRESTIG, EQ, 15-Mar-2022,848.85,850.0,855.0,820.0,823.8,823.0,834.85,60315,503.54,6073, 27944, 46.33,-3.05
TTKPRESTIG, EQ, 15-Mar-2023,728.4,734.0,739.85,713.0, 721.85,719.85,720.35,180693,1301.63,9952, 112882, 62.47,-1.17
TTKPRESTIG, EQ, 15-Mar-2024,700.8,701.0,710.7,695.0, 697.30,697.0,699.66,57831,404.62,9375, 36064, 62.36,-0.54
TTKPRESTIG, EQ, 15-Apr-2020,4903.9,4970.0,5200.0,4800.0, 4845.00,4843.15,4947.13,4931,243.94,2448, 3005, 60.94,-1.24
TTKPRESTIG, EQ, 15-Apr-2021,7517.25,7510.0,7510.0,7355.3,7438.5,7437.15,7405.28,23886,1768.83,2736, 21161, 88.59,-1.07
TTKPRESTIG, EQ, 15-Apr-2024,704.15,695.0,703.95,690.0, 699.00,697.65,697.0,33278,231.95,4952, 17359, 52.16,-0.92
TTKPRESTIG, EQ, 15-Apr-2025,646.8,651.05,673.1,651.05,666.0,666.45,663.81,98247,652.18,9024, 68696, 69.92,3.04
TTKPRESTIG, EQ, 15-May-2020,4807.7,4824.85,4840.6,4776.65,4809.0,4804.55,4809.2,1714,82.43,578, 1095, 63.89,-0.07
TTKPRESTIG, EQ, 15-May-2023,714.95,715.0,726.0,714.95, 722.00,720.25,720.95,28036,202.12,2904, 16194, 57.76,0.74
TTKPRESTIG, EQ, 15-May-2024,714.0,714.0,714.95,702.2,704.2,704.35,707.25,18467,130.61,2827, 10286, 55.70,-1.35
TTKPRESTIG, EQ, 15-Jun-2020,5189.05,5201.1,5269.8,5013.0,5066.0,5062.35,5156.21,3327,171.55,1453, 1905, 57.26,-2.44
TTKPRESTIG, EQ, 15-Jun-2021,8855.7,8860.0,8972.0,8700.05, 8700.05,8765.3,8848.38,9201,814.14,2714, 3082, 33.50,-1.02
TTKPRESTIG, EQ, 15-Jun-2022,777.95,778.5,792.7,778.5, 780.00,780.75,784.58,45048,353.44,4435, 20425, 45.34,0.36
TTKPRESTIG, EQ, 15-Jun-2023,723.45,727.1,730.0,721.85, 728.00,726.5,726.14,50631,367.65,3849, 29964, 59.18,0.42
TTKPRESTIG, EQ, 15-Jul-2020,5431.4,5436.1,5541.6,5436.1,5525.0,5498.8,5501.13,8289,455.99,1860, 6829, 82.39,1.24
TTKPRESTIG, EQ, 15-Jul-2021,9157.1,9219.95,9394.85,9208.45, 9340.00,9327.75,9306.29,11039,1027.32,3819, 4612, 41.78,1.86
TTKPRESTIG, EQ, 15-Jul-2022,837.4,834.0,840.5,828.35,835.0,835.55,833.17,23456,195.43,4065, 13940, 59.43,-0.22
TTKPRESTIG, EQ, 15-Jul-2024,878.4,879.95,907.7,860.0,887.65,886.05,890.22,112145,998.33,11274, 52407, 46.73,0.87
TTKPRESTIG, EQ, 15-Sep-2020,6065.25,6093.8,6575.0,6017.1, 6261.00,6308.2,6336.52,28269,1791.27,7486, 9325, 32.99,4.01
TTKPRESTIG, EQ, 15-Sep-2021,9150.05,9200.6,9329.0,9101.0, 9170.00,9189.8,9246.01,8038,743.19,3304, 2480, 30.85,0.43
TTKPRESTIG, EQ, 15-Sep-2022,1031.2,1040.0,1045.0,1024.15,1042.0,1039.3,1036.61,67659,701.36,5729, 29816, 44.07,0.79
TTKPRESTIG, EQ, 15-Sep-2023,789.5,799.0,813.2,782.6, 785.05,786.5,789.36,142206,1122.52,15867, 88778, 62.43,-0.38
TTKPRESTIG, EQ, 15-Oct-2020,5759.6,5810.0,5810.0,5701.0, 5701.00,5721.25,5737.45,3647,209.24,1226, 2010, 55.11,-0.67
TTKPRESTIG, EQ, 15-Oct-2024,885.9,888.0,889.1,871.95,875.05,874.8,878.0,31215,274.07,3676, 17593, 56.36,-1.25
TTKPRESTIG, EQ, 15-Nov-2021,11199.85,11199.85,11399.0,11129.2, 11249.00,11238.85,11280.15,10565,1191.75,3928, 5359, 50.72,0.35
TTKPRESTIG, EQ, 15-Nov-2022,881.6,880.0,885.35,878.0, 879.00,879.7,879.75,22172,195.06,3030, 14702, 66.31,-0.22
TTKPRESTIG, EQ, 15-Nov-2023,783.7,794.0,794.0,781.15, 792.00,791.55,789.78,27708,218.83,3682, 14338, 51.75,1.0
TTKPRESTIG, EQ, 15-Dec-2020,5719.2,5733.05,5768.8,5651.0,5700.0,5709.2,5689.06,9982,567.88,3379, 5748, 57.58,-0.17
TTKPRESTIG, EQ, 15-Dec-2021,1152.8,1152.8,1164.0,1101.55, 1107.25,1113.45,1131.01,201346,2277.24,14698, 69117, 34.33,-3.41
TTKPRESTIG, EQ, 15-Dec-2022,850.8,855.0,863.4,840.0, 849.00,845.25,850.55,28311,240.8,4405, 14512, 51.26,-0.65
TTKPRESTIG, EQ, 15-Dec-2023,758.4,760.0,760.0,747.0, 750.25,751.0,753.98,81630,615.48,8227, 50983, 62.46,-0.98
TTKPRESTIG, EQ, 16-Jan-2020,5913.8,5910.1,6072.2,5910.1, 5960.05,5974.95,6004.92,4867,292.26,1692, 2114, 43.44,1.03
TTKPRESTIG, EQ, 16-Jan-2023,790.65,800.0,801.0,784.9, 788.00,788.4,791.92,36565,289.56,3750, 19371, 52.98,-0.28
TTKPRESTIG, EQ, 16-Jan-2024,773.65,774.0,785.8,765.45, 782.10,782.95,778.17,118332,920.82,9356, 77462, 65.46,1.2
TTKPRESTIG, EQ, 16-Jan-2025,765.75,765.0,777.95,761.05,770.0,770.8,770.76,23931,184.45,6754, 13455, 56.22,0.66
TTKPRESTIG, EQ, 16-Feb-2021,7294.2,7206.0,7400.0,7206.0, 7370.00,7353.2,7340.73,16425,1205.71,3433, 8172, 49.75,0.81
TTKPRESTIG, EQ, 16-Feb-2022,859.35,875.0,875.0,850.15,870.6,871.0,865.98,46474,402.46,6669, 21124, 45.45,1.36
TTKPRESTIG, EQ, 16-Feb-2023,769.75,766.75,771.45,761.0, 767.15,766.5,765.03,18776,143.64,3029, 9301, 49.54,-0.42
TTKPRESTIG, EQ, 16-Feb-2024,764.3,761.1,770.45,758.2,758.4,763.7,764.37,26242,200.59,3616, 13259, 50.53,-0.08
TTKPRESTIG, EQ, 16-Mar-2020,5300.1,5309.9,5425.0,5200.0, 5275.00,5304.25,5303.36,16920,897.33,2429, 13847, 81.84,0.08
TTKPRESTIG, EQ, 16-Mar-2021,7544.65,7618.95,7620.0,7420.0, 7599.00,7571.1,7579.13,24482,1855.52,2993, 21202, 86.60,0.35
TTKPRESTIG, EQ, 16-Mar-2022,823.0,845.0,845.0,821.0,824.15,824.9,828.39,177242,1468.25,7706, 136198, 76.84,0.23
TTKPRESTIG, EQ, 16-Mar-2023,719.85,720.0,722.85,697.0, 703.00,699.85,703.07,67573,475.09,7450, 37971, 56.19,-2.78
TTKPRESTIG, EQ, 16-Apr-2020,4843.15,4850.0,4894.45,4713.5, 4780.00,4751.95,4808.54,3933,189.12,2381, 2371, 60.28,-1.88
TTKPRESTIG, EQ, 16-Apr-2021,7437.15,7437.0,7495.0,7319.8,7321.0,7348.7,7405.8,2457,181.96,1042, 1215, 49.45,-1.19
TTKPRESTIG, EQ, 16-Apr-2024,697.65,691.55,710.0,691.3, 695.00,693.0,693.23,550906,3819.06,9131, 527037, 95.67,-0.67
TTKPRESTIG, EQ, 16-Apr-2025,666.45,666.45,672.25,652.3,656.15,658.9,662.0,96228,637.03,5174, 70296, 73.05,-1.13
TTKPRESTIG, EQ, 16-May-2022,801.8,808.6,814.6,790.25,793.95,793.85,803.01,32308,259.44,7112, 12751, 39.47,-0.99
TTKPRESTIG, EQ, 16-May-2023,720.25,724.0,724.0,718.0,724.0,723.2,721.66,21848,157.67,2604, 13219, 60.50,0.41
TTKPRESTIG, EQ, 16-May-2024,704.35,709.1,709.1,695.5,699.0,699.0,699.59,40117,280.66,5484, 22339, 55.68,-0.76
TTKPRESTIG, EQ, 16-Jun-2020,5062.35,5126.6,5200.0,5010.0, 5065.05,5085.5,5124.32,2575,131.95,1089, 1174, 45.59,0.46
TTKPRESTIG, EQ, 16-Jun-2021,8765.3,8850.0,8850.0,8675.0, 8719.00,8707.35,8776.01,4369,383.42,2186, 1309, 29.96,-0.66
TTKPRESTIG, EQ, 16-Jun-2022,780.75,790.0,790.55,772.0, 776.00,776.85,779.68,291667,2274.07,9202, 249898, 85.68,-0.5
TTKPRESTIG, EQ, 16-Jun-2023,726.5,730.1,752.8,726.55, 739.00,740.05,740.91,123050,911.69,8255, 66510, 54.05,1.87
TTKPRESTIG, EQ, 16-Jul-2020,5498.8,5550.0,5588.0,5511.15, 5550.00,5547.25,5541.77,1930,106.96,815, 1106, 57.31,0.88
TTKPRESTIG, EQ, 16-Jul-2021,9327.75,9390.0,9390.0,9220.85, 9230.10,9244.0,9267.23,1995,184.88,860, 851, 42.66,-0.9
TTKPRESTIG, EQ, 16-Jul-2024,886.05,885.0,895.0,880.0,889.5,888.0,888.1,53225,472.69,7798, 31745, 59.64,0.22
TTKPRESTIG, EQ, 16-Aug-2021,8915.4,8925.6,8950.0,8795.0,8865.95,8815.8,8847.86,3740,330.91,1535, 1393, 37.25,-1.12
TTKPRESTIG, EQ, 16-Aug-2022,866.45,870.0,871.15,860.1,867.95,867.0,864.46,39455,341.07,3644, 25875, 65.58,0.06
TTKPRESTIG, EQ, 16-Aug-2023,777.1,776.0,789.05,756.0, 789.00,782.65,774.47,75412,584.05,8281, 42188, 55.94,0.71
TTKPRESTIG, EQ, 16-Aug-2024,972.65,967.75,972.15,926.6,950.0,950.2,943.64,108233,1021.33,15009, 37096, 34.27,-2.31
TTKPRESTIG, EQ, 16-Sep-2020,6308.2,6390.0,6457.95,6125.0,6246.05,6233.6,6285.81,7067,444.22,2311, 3216, 45.51,-1.18
TTKPRESTIG, EQ, 16-Sep-2021,9189.8,9250.6,9250.6,9120.15,9133.3,9150.45,9169.01,2858,262.05,1489, 1427, 49.93,-0.43
TTKPRESTIG, EQ, 16-Sep-2022,1039.3,1040.0,1043.75,1000.0, 1019.90,1006.95,1019.17,76500,779.67,8385, 40460, 52.89,-3.11
TTKPRESTIG, EQ, 16-Sep-2024,912.45,906.15,914.8,895.75,899.5,898.65,902.01,20648,186.25,3076, 12086, 58.53,-1.51
TTKPRESTIG, EQ, 16-Oct-2020,5721.25,5735.6,5746.0,5625.0, 5700.00,5683.3,5662.52,5555,314.55,1670, 2358, 42.45,-0.66
TTKPRESTIG, EQ, 16-Oct-2023,794.1,794.0,803.85,786.95, 790.20,799.95,798.65,115437,921.94,8221, 76391, 66.18,0.74
TTKPRESTIG, EQ, 16-Oct-2024,874.8,876.0,881.15,870.0,875.15,875.25,874.93,25757,225.36,3308, 14464, 56.16,0.05
TTKPRESTIG, EQ, 16-Nov-2021,11238.85,11241.0,11289.85,11100.0, 11100.00,11120.9,11156.07,6993,780.14,2795, 3984, 56.97,-1.05
TTKPRESTIG, EQ, 16-Nov-2022,879.7,885.0,887.9,873.0, 874.00,875.2,880.62,30306,266.88,3309, 19864, 65.54,-0.51
TTKPRESTIG, EQ, 16-Nov-2023,791.55,784.5,798.9,784.5, 794.75,793.65,794.54,38820,308.44,5368, 23523, 60.60,0.27
TTKPRESTIG, EQ, 16-Dec-2020,5709.2,5676.0,5790.0,5676.0, 5750.00,5765.05,5752.87,4554,261.99,1003, 3048, 66.93,0.98
TTKPRESTIG, EQ, 16-Dec-2021,1113.45,1110.0,1119.0,1053.0, 1059.00,1061.7,1074.21,200526,2154.08,15889, 74660, 37.23,-4.65
TTKPRESTIG, EQ, 16-Dec-2022,845.25,847.6,848.65,835.0, 845.95,843.2,841.25,17346,145.92,2888, 9128, 52.62,-0.24
TTKPRESTIG, EQ, 16-Dec-2024,870.9,862.2,877.8,858.55,869.0,866.5,866.11,40298,349.02,4558, 24278, 60.25,-0.51
TTKPRESTIG, EQ, 17-Jan-2020,5974.95,6004.85,6115.0,5980.05, 6065.00,6077.6,6010.01,71053,4270.29,1494, 68889, 96.95,1.72
TTKPRESTIG, EQ, 17-Jan-2022,995.65,998.0,1027.0,993.0,1020.0,1020.3,1010.15,76930,777.1,6964, 44510, 57.86,2.48
TTKPRESTIG, EQ, 17-Jan-2023,788.4,795.0,795.0,785.45,790.0,787.8,787.17,297119,2338.83,5487, 277316, 93.33,-0.08
TTKPRESTIG, EQ, 17-Jan-2024,782.95,781.05,797.8,771.55, 788.95,787.85,788.11,201249,1586.06,16766, 76525, 38.03,0.63
TTKPRESTIG, EQ, 17-Jan-2025,770.8,772.8,772.8,755.0,764.5,761.2,762.44,14488,110.46,3517, 5563, 38.40,-1.25
TTKPRESTIG, EQ, 17-Feb-2020,5907.15,5939.9,5960.0,5844.0, 5940.00,5923.35,5888.28,4623,272.22,1130, 3654, 79.04,0.27
TTKPRESTIG, EQ, 17-Feb-2021,7353.2,7374.95,7400.0,7201.3, 7248.00,7266.3,7314.88,8588,628.2,3343, 3941, 45.89,-1.18
TTKPRESTIG, EQ, 17-Feb-2022,871.0,877.7,877.7,856.0,858.55,862.3,863.15,37215,321.22,5075, 23685, 63.64,-1.0
TTKPRESTIG, EQ, 17-Feb-2023,766.5,766.5,777.65,763.8, 772.00,771.5,771.11,16294,125.64,2166, 6557, 40.24,0.65
TTKPRESTIG, EQ, 17-Feb-2025,678.8,668.6,696.7,658.05,689.25,689.0,685.0,34689,237.62,6360, 14466, 41.70,1.5
TTKPRESTIG, EQ, 17-Mar-2020,5304.25,5280.0,5301.0,4578.2, 4725.00,4722.25,4972.11,8335,414.43,3801, 5147, 61.75,-10.97
TTKPRESTIG, EQ, 17-Mar-2021,7571.1,7649.7,7649.7,7456.0,7501.15,7513.9,7522.0,3791,285.16,2137, 1992, 52.55,-0.76
TTKPRESTIG, EQ, 17-Mar-2022,824.9,839.0,863.15,834.65, 859.95,860.0,857.79,176535,1514.29,12191, 82952, 46.99,4.26
TTKPRESTIG, EQ, 17-Mar-2023,699.85,703.35,714.05,696.4, 711.80,710.4,706.51,68327,482.74,6211, 25780, 37.73,1.51
TTKPRESTIG, EQ, 17-Mar-2025,599.95,599.95,606.0,582.45,584.0,586.6,591.32,42503,251.33,4037, 24431, 57.48,-2.23
TTKPRESTIG, EQ, 17-Apr-2020,4751.95,4950.0,5049.5,4780.0, 4961.90,5023.2,4956.51,12056,597.56,3187, 9086, 75.36,5.71
TTKPRESTIG, EQ, 17-Apr-2023,712.75,717.9,717.9,708.1, 712.85,715.15,713.13,23794,169.68,2825, 11343, 47.67,0.34
TTKPRESTIG, EQ, 17-Apr-2025,658.9,665.0,670.25,651.0,658.75,656.35,656.28,56743,372.39,4456, 40411, 71.22,-0.39
TTKPRESTIG, EQ, 17-May-2021,7115.15,7130.0,7300.0,6815.0,6979.95,6964.15,7030.47,35622,2504.39,13036, 20541, 57.66,-2.12
TTKPRESTIG, EQ, 17-May-2022,793.85,808.95,858.65,791.95, 822.05,837.85,817.66,74940,612.76,6775, 36545, 48.77,5.54
TTKPRESTIG, EQ, 17-May-2023,723.2,732.0,732.0,709.05, 716.80,715.15,719.82,42064,302.78,3746, 20916, 49.72,-1.11
TTKPRESTIG, EQ, 17-May-2024,699.0,695.15,722.0,694.1,721.0,720.35,714.24,76424,545.85,6301, 43888, 57.43,3.05
TTKPRESTIG, EQ, 17-Jun-2020,5085.5,5134.8,5150.0,5062.85,5070.0,5080.3,5115.46,2245,114.84,770, 1352, 60.22,-0.1
TTKPRESTIG, EQ, 17-Jun-2021,8707.35,8707.35,8808.7,8562.95, 8600.00,8598.9,8683.48,4644,403.26,2018, 2107, 45.37,-1.25
TTKPRESTIG, EQ, 17-Jun-2022,776.85,777.55,779.45,744.7,771.0,770.35,763.35,46143,352.23,7447, 16734, 36.27,-0.84
TTKPRESTIG, EQ, 17-Jul-2020,5547.25,5558.0,5626.6,5541.3, 5593.00,5604.15,5576.28,4276,238.44,1097, 2691, 62.93,1.03
TTKPRESTIG, EQ, 17-Jul-2023,777.0,788.0,788.0,775.65,778.05,779.35,779.41,95596,745.09,11467, 58868, 61.58,0.3
TTKPRESTIG, EQ, 16-Jul-2024,886.05,885.0,895.0,880.0,889.5,888.0,888.1,53225,472.69,7798, 31745, 59.64,0.22
TTKPRESTIG, EQ, 17-Aug-2020,5384.25,5439.0,5448.65,5340.0, 5380.00,5366.65,5364.88,2026,108.69,904, 1310, 64.66,-0.33
TTKPRESTIG, EQ, 17-Aug-2021,8815.8,8780.0,8841.0,8690.0,8754.45,8772.55,8718.9,7052,614.86,806, 6032, 85.54,-0.49
TTKPRESTIG, EQ, 17-Aug-2022,867.0,872.0,914.95,870.2, 907.00,908.6,897.37,99849,896.01,6721, 54329, 54.41,4.8
TTKPRESTIG, EQ, 17-Aug-2023,782.65,785.5,785.5,765.0, 765.00,768.55,774.64,28634,221.81,3935, 17036, 59.50,-1.8
TTKPRESTIG, EQ, 17-Sep-2020,6233.6,6200.05,6333.6,6120.0, 6188.00,6162.6,6196.64,2280,141.28,884, 915, 40.13,-1.14
TTKPRESTIG, EQ, 17-Sep-2021,9150.45,9199.9,9250.6,9029.95, 9164.95,9168.55,9129.82,4719,430.84,1848, 2610, 55.31,0.2
TTKPRESTIG, EQ, 17-Sep-2024,898.65,898.0,912.0,881.8,899.15,899.5,898.85,75216,676.08,9047, 47469, 63.11,0.09
TTKPRESTIG, EQ, 17-Oct-2022,983.55,980.0,987.7,970.0,981.9,979.45,979.96,24112,236.29,4059, 12819, 53.16,-0.42
TTKPRESTIG, EQ, 17-Oct-2023,799.95,805.0,805.0,790.5,803.0,803.1,796.56,108150,861.48,4935, 85693, 79.24,0.39
TTKPRESTIG, EQ, 17-Oct-2024,875.25,876.3,930.95,867.0,900.0,898.3,903.73,163333,1476.1,17256, 43794, 26.81,2.63
TTKPRESTIG, EQ, 17-Nov-2020,5819.15,5819.0,5885.0,5800.0, 5814.00,5827.8,5835.4,2909,169.75,938, 1725, 59.30,0.15
TTKPRESTIG, EQ, 17-Nov-2021,11120.9,11120.0,11150.0,10964.0, 11000.00,11006.5,11049.99,6751,745.98,2412, 3358, 49.74,-1.03
TTKPRESTIG, EQ, 17-Nov-2022,875.2,879.6,882.25,870.0, 876.00,873.2,875.02,29215,255.64,2564, 15553, 53.24,-0.23
TTKPRESTIG, EQ, 17-Nov-2023,793.65,793.65,796.0,780.15, 781.05,786.25,788.0,37823,298.05,4213, 14608, 38.62,-0.93
TTKPRESTIG, EQ, 17-Dec-2020,5765.05,5750.1,5825.0,5715.25, 5810.25,5817.05,5787.29,5220,302.1,1133, 3653, 69.98,0.9
TTKPRESTIG, EQ, 17-Dec-2021,1061.7,1042.1,1055.0,1000.0, 1008.00,1004.4,1013.1,237963,2410.79,21011, 95175, 40.00,-5.4
TTKPRESTIG, EQ, 17-Dec-2024,866.5,866.5,871.45,853.0,855.5,855.8,859.3,12181,104.67,2994, 7290, 59.85,-1.23
TTKPRESTIG, EQ, 18-Jan-2021,6115.55,6112.3,6175.0,5921.0, 5958.00,5981.05,6052.52,5851,354.13,2037, 3324, 56.81,-2.2
TTKPRESTIG, EQ, 18-Jan-2022,1020.3,1030.0,1038.65,990.0, 993.10,993.6,1005.66,66764,671.42,7501, 36474, 54.63,-2.62
TTKPRESTIG, EQ, 18-Jan-2023,787.8,788.1,797.0,781.0,783.0,783.15,787.67,36141,284.67,4200, 18828, 52.10,-0.59
TTKPRESTIG, EQ, 18-Jan-2024,787.85,786.85,788.45,761.9, 770.00,773.0,773.34,81268,628.47,8967, 40131, 49.38,-1.88
TTKPRESTIG, EQ, 18-Feb-2020,5923.35,5969.0,5969.0,5811.0, 5847.90,5844.1,5870.36,1851,108.66,913, 1121, 60.56,-1.34
TTKPRESTIG, EQ, 18-Feb-2021,7266.3,7269.8,7298.9,7100.0,7100.0,7158.1,7186.55,10715,770.04,3199, 5172, 48.27,-1.49
TTKPRESTIG, EQ, 18-Feb-2022,862.3,862.3,865.1,843.1,850.0,850.55,849.65,37983,322.72,3923, 18536, 48.80,-1.36
TTKPRESTIG, EQ, 18-Feb-2025,689.0,684.95,686.2,671.1,680.0,678.3,677.93,11233,76.15,2261, 5989, 53.32,-1.55
TTKPRESTIG, EQ, 18-Mar-2020,4722.25,4830.0,4913.05,4675.0, 4700.00,4726.3,4822.95,6978,336.55,2744, 4192, 60.07,0.09
TTKPRESTIG, EQ, 18-Mar-2021,7513.9,7550.0,7588.25,7325.25, 7347.90,7367.4,7418.92,6576,487.87,3393, 3499, 53.21,-1.95
TTKPRESTIG, EQ, 18-Mar-2024,697.0,707.45,708.7,692.75, 700.00,700.0,699.32,38092,266.39,7034, 21623, 56.77,0.43
TTKPRESTIG, EQ, 18-Mar-2025,586.6,586.7,598.95,584.05,590.0,589.95,591.21,58317,344.78,3951, 36910, 63.29,0.57
TTKPRESTIG, EQ, 18-Apr-2022,826.85,830.0,830.0,810.5, 814.00,812.8,818.65,51092,418.26,4516, 24158, 47.28,-1.7
TTKPRESTIG, EQ, 18-Apr-2023,715.15,718.9,719.0,708.6, 709.00,710.6,712.6,23975,170.85,3163, 13855, 57.79,-0.64
TTKPRESTIG, EQ, 18-Apr-2024,693.0,702.0,702.0,684.0, 690.80,686.15,689.74,86935,599.63,9003, 60917, 70.07,-0.99
TTKPRESTIG, EQ, 18-May-2020,4804.55,4839.95,4839.95,4705.1, 4724.85,4717.5,4724.31,2657,125.52,779, 1985, 74.71,-1.81
TTKPRESTIG, EQ, 18-May-2021,6964.15,7197.95,7197.95,7001.05, 7091.00,7095.5,7095.33,5864,416.07,1930, 3497, 59.64,1.89
TTKPRESTIG, EQ, 18-May-2022,837.85,838.8,838.8,819.5,823.8,822.35,824.16,23121,190.55,2862, 8991, 38.89,-1.85
TTKPRESTIG, EQ, 18-May-2023,715.15,718.75,730.0,714.6, 720.60,719.65,720.5,37928,273.27,3955, 19001, 50.10,0.63
TTKPRESTIG, EQ, 18-Jun-2020,5080.3,5098.0,5111.0,5025.0,5025.0,5032.2,5053.32,1789,90.4,774, 1085, 60.65,-0.95
TTKPRESTIG, EQ, 18-Jun-2021,8598.9,8675.6,8820.05,8477.0, 8550.00,8585.3,8596.31,12005,1031.99,3488, 5684, 47.35,-0.16
TTKPRESTIG, EQ, 18-Jun-2024,752.15,755.0,763.05,743.6,757.95,757.85,756.15,105370,796.75,12791, 55067, 52.26,0.76
TTKPRESTIG, EQ, 18-Jul-2022,835.55,833.0,848.0,831.2,843.0,843.7,842.79,42187,355.55,4189, 24672, 58.48,0.98
TTKPRESTIG, EQ, 18-Jul-2023,779.35,783.2,785.0,775.0, 778.55,779.0,778.34,50920,396.33,7656, 31448, 61.76,-0.04
TTKPRESTIG, EQ, 18-Jul-2024,888.0,890.5,892.8,874.7,892.0,890.0,884.47,78486,694.18,11659, 50756, 64.67,0.23
TTKPRESTIG, EQ, 18-Aug-2020,5366.65,5381.35,5410.0,5351.15,5408.0,5389.8,5382.06,2226,119.8,858, 1331, 59.79,0.43
TTKPRESTIG, EQ, 18-Aug-2021,8772.55,8800.6,8975.0,8775.15, 8900.00,8895.9,8888.42,4788,425.58,2292, 2566, 53.59,1.41
TTKPRESTIG, EQ, 18-Aug-2022,908.6,910.0,918.0,891.15,903.0,895.75,903.05,52420,473.38,5105, 24814, 47.34,-1.41
TTKPRESTIG, EQ, 18-Aug-2023,768.55,769.0,772.0,760.0, 762.50,764.8,765.75,35745,273.72,4643, 17429, 48.76,-0.49
TTKPRESTIG, EQ, 18-Sep-2020,6162.6,6180.0,6350.0,6155.0, 6258.45,6305.45,6266.02,6125,383.79,2766, 4155, 67.84,2.32
TTKPRESTIG, EQ, 18-Sep-2023,786.5,789.35,797.95,783.05, 789.50,789.65,789.19,152545,1203.87,6118, 115566, 75.76,0.4
TTKPRESTIG, EQ, 18-Sep-2024,899.5,899.5,904.95,877.0,891.0,891.9,887.92,33229,295.05,3847, 19302, 58.09,-0.84
TTKPRESTIG, EQ, 18-Oct-2021,8805.4,8897.0,8897.0,8805.4, 8843.95,8822.65,8828.74,6450,569.45,2043, 3942, 61.12,0.2
TTKPRESTIG, EQ, 18-Oct-2022,979.45,984.35,986.0,975.4,977.15,979.6,981.39,20142,197.67,2840, 10440, 51.83,0.02
TTKPRESTIG, EQ, 18-Oct-2023,803.1,803.0,805.95,788.6, 805.00,802.75,799.01,150649,1203.7,7746, 112876, 74.93,-0.04
TTKPRESTIG, EQ, 18-Oct-2024,898.3,898.8,903.0,876.55,892.0,894.8,888.7,34895,310.11,6735, 14076, 40.34,-0.39
TTKPRESTIG, EQ, 18-Nov-2020,5827.8,5827.0,5944.0,5750.0, 5882.10,5900.8,5826.58,10481,610.68,2730, 2891, 27.58,1.25
TTKPRESTIG, EQ, 18-Nov-2021,11006.5,10980.0,11100.0,10811.0,10828.0,10830.25,10900.14,7738,843.45,3008, 3662, 47.32,-1.6
TTKPRESTIG, EQ, 18-Nov-2022,873.2,877.6,877.6,865.0, 868.05,868.1,867.97,34632,300.59,3873, 23018, 66.46,-0.58
TTKPRESTIG, EQ, 18-Nov-2024,854.95,850.0,853.0,834.45,850.0,841.5,841.94,20643,173.8,4327, 10671, 51.69,-1.57
TTKPRESTIG, EQ, 18-Dec-2020,5817.05,5840.0,5840.0,5750.1, 5813.75,5806.95,5786.83,6855,396.69,2713, 3645, 53.17,-0.17
TTKPRESTIG, EQ, 18-Dec-2023,751.0,748.25,754.9,740.0, 748.00,748.2,741.39,723046,5360.58,8940, 665753, 92.08,-0.37
TTKPRESTIG, EQ, 18-Dec-2024,855.8,858.0,867.85,846.0,851.7,850.35,852.73,19433,165.71,4064, 11307, 58.18,-0.64
TTKPRESTIG, EQ, 19-Jan-2021,5981.05,5982.0,6173.15,5978.05, 6030.00,6067.95,6084.92,6488,394.79,1988, 3595, 55.41,1.45
TTKPRESTIG, EQ, 19-Jan-2022,993.6,993.6,1027.1,980.4, 983.00,997.1,991.37,75210,745.61,8505, 37367, 49.68,0.35
TTKPRESTIG, EQ, 19-Jan-2023,783.15,785.0,788.95,772.55, 779.00,776.5,783.61,69411,543.91,4445, 59354, 85.51,-0.85
TTKPRESTIG, EQ, 19-Jan-2024,773.0,774.95,788.0,765.3, 780.45,780.1,777.13,71947,559.12,7253, 35145, 48.85,0.92
TTKPRESTIG, EQ, 19-Feb-2020,5844.1,5871.6,5900.0,5811.4, 5862.00,5850.75,5844.9,4232,247.36,1964, 2985, 70.53,0.11
TTKPRESTIG, EQ, 19-Feb-2021,7158.1,7149.9,7339.9,7051.0,7255.55,7303.05,7237.96,36389,2633.82,6771, 15387, 42.28,2.02
TTKPRESTIG, EQ, 19-Feb-2024,763.7,763.7,767.4,760.05, 763.00,763.4,763.86,19537,149.23,2419, 9780, 50.06,-0.04
TTKPRESTIG, EQ, 19-Feb-2025,678.3,684.95,703.35,678.0,691.0,693.65,689.2,446091,3074.46,5270, 414835, 92.99,2.26
TTKPRESTIG, EQ, 19-Mar-2020,4726.3,4501.15,4690.25,4163.8, 4615.10,4623.7,4504.04,11944,537.96,3993, 8095, 67.77,-2.17
TTKPRESTIG, EQ, 19-Mar-2021,7367.4,7409.7,7435.0,7200.0,7229.55,7222.1,7245.68,6924,501.69,2340, 4123, 59.55,-1.97
TTKPRESTIG, EQ, 19-Mar-2024,700.0,700.05,700.75,692.85, 698.00,695.9,696.12,34056,237.07,6473, 21597, 63.42,-0.59
TTKPRESTIG, EQ, 19-Mar-2025,589.95,590.0,599.95,590.0,597.0,595.0,593.11,74216,440.19,5982, 41302, 55.65,0.86
TTKPRESTIG, EQ, 19-Apr-2021,7348.7,7320.0,7490.0,7255.35,7468.95,7448.55,7334.29,23408,1716.81,1320, 21925, 93.66,1.36
TTKPRESTIG, EQ, 19-Apr-2022,812.8,820.0,825.1,800.0,800.9,802.45,810.55,60108,487.21,6184, 31976, 53.20,-1.27
TTKPRESTIG, EQ, 19-Apr-2023,710.6,714.3,719.0,711.0, 712.35,717.85,715.65,23253,166.41,2640, 11646, 50.08,1.02
TTKPRESTIG, EQ, 19-Apr-2024,686.15,687.0,702.0,680.55, 690.20,694.85,693.1,667689,4627.78,8067, 633396, 94.86,1.27
TTKPRESTIG, EQ, 19-May-2020,4717.5,4730.05,4839.0,4715.0,4839.0,4822.6,4769.57,1467,69.97,675, 844, 57.53,2.23
TTKPRESTIG, EQ, 19-May-2021,7095.5,7125.0,7125.0,7049.95, 7050.00,7087.8,7095.71,6306,447.46,1341, 4730, 75.01,-0.11
TTKPRESTIG, EQ, 19-May-2022,822.35,802.0,826.35,801.2,820.0,815.55,818.2,28476,232.99,3522, 11915, 41.84,-0.83
TTKPRESTIG, EQ, 19-May-2023,719.65,723.4,725.45,714.05,715.25,716.15,717.21,18478,132.53,3054, 10534, 57.01,-0.49
TTKPRESTIG, EQ, 19-Jun-2020,5032.2,5057.4,5116.3,4981.05, 5079.55,5043.7,5055.73,4374,221.14,1702, 2882, 65.89,0.23
TTKPRESTIG, EQ, 19-Jun-2023,740.05,747.6,750.0,738.1, 743.75,745.3,743.85,56070,417.07,5045, 33162, 59.14,0.71
TTKPRESTIG, EQ, 19-Jun-2024,757.85,765.0,765.1,754.4,757.4,757.85,759.06,55538,421.57,8089, 27871, 50.18,0.0
TTKPRESTIG, EQ, 19-Jul-2021,9244.0,9250.0,9329.5,9110.0, 9190.00,9159.15,9207.81,2700,248.61,1366, 898, 33.26,-0.92
TTKPRESTIG, EQ, 19-Jul-2022,843.7,850.0,901.0,850.0, 899.00,895.0,883.83,296396,2619.62,17091, 95484, 32.22,6.08
TTKPRESTIG, EQ, 19-Jul-2023,779.0,788.0,791.9,778.0, 784.90,785.05,784.25,113577,890.73,11014, 68386, 60.21,0.78
TTKPRESTIG, EQ, 19-Jul-2024,890.0,890.0,899.4,867.55,875.0,889.35,883.51,106409,940.13,15885, 57163, 53.72,-0.07
TTKPRESTIG, EQ, 19-Aug-2020,5389.8,5409.9,5450.0,5380.05,5400.0,5420.9,5422.2,2415,130.95,659, 1299, 53.79,0.58
TTKPRESTIG, EQ, 18-Aug-2021,8772.55,8800.6,8975.0,8775.15, 8900.00,8895.9,8888.42,4788,425.58,2292, 2566, 53.59,1.41
TTKPRESTIG, EQ, 19-Aug-2022,895.75,910.0,910.05,881.0, 889.00,888.7,892.05,34829,310.69,4186, 14890, 42.75,-0.79
TTKPRESTIG, EQ, 19-Aug-2024,950.2,944.25,958.7,934.1,949.35,951.55,948.38,54606,517.87,5455, 16881, 30.91,0.14
TTKPRESTIG, EQ, 19-Sep-2022,1006.95,1019.65,1029.6,997.0, 1002.00,999.35,1008.35,51677,521.09,6184, 26423, 51.13,-0.75
TTKPRESTIG, EQ, 19-Sep-2024,891.9,899.9,939.0,874.9,904.65,918.6,913.43,203865,1862.16,16081, 82643, 40.54,2.99
TTKPRESTIG, EQ, 19-Oct-2020,5683.3,5748.0,5750.9,5500.0, 5582.05,5586.35,5620.2,14510,815.49,1842, 11967, 82.47,-1.71
TTKPRESTIG, EQ, 19-Oct-2021,8822.65,10399.0,10587.15,9769.3,9930.0,9888.9,10161.96,210278,21368.37,44290, 64307, 30.58,12.09
TTKPRESTIG, EQ, 19-Oct-2022,979.6,979.6,996.6,970.0, 971.90,973.55,976.61,25816,252.12,3578, 11712, 45.37,-0.62
TTKPRESTIG, EQ, 19-Oct-2023,802.75,801.0,804.45,792.3,803.0,802.95,798.72,34456,275.21,3462, 16640, 48.29,0.02
TTKPRESTIG, EQ, 19-Nov-2020,5900.8,5855.1,5882.05,5800.0, 5825.00,5824.9,5844.66,4342,253.78,1074, 3002, 69.14,-1.29
TTKPRESTIG, EQ, 19-Nov-2024,841.5,843.95,874.0,842.8,861.1,862.85,859.85,40728,350.2,6323, 15380, 37.76,2.54
TTKPRESTIG, EQ, 19-Dec-2022,843.2,849.0,849.0,828.0,832.0,829.95,834.85,24287,202.76,4310, 15613, 64.29,-1.57
TTKPRESTIG, EQ, 19-Dec-2023,748.2,752.85,762.9,748.05, 758.50,759.6,757.35,163778,1240.37,11944, 98357, 60.06,1.52
TTKPRESTIG, EQ, 19-Dec-2024,850.35,844.85,855.0,833.25,847.0,841.65,842.18,35530,299.23,4203, 17300, 48.69,-1.02
TTKPRESTIG, EQ, 20-Jan-2020,6077.6,6100.05,6192.0,6100.0, 6114.00,6122.35,6138.78,4256,261.27,1647, 2373, 55.76,0.74
TTKPRESTIG, EQ, 20-Jan-2021,6067.95,6079.05,6168.5,6008.0, 6078.85,6083.3,6084.92,5368,326.64,1497, 3206, 59.72,0.25
TTKPRESTIG, EQ, 20-Jan-2022,997.1,993.0,993.0,975.85, 980.00,978.2,980.11,57019,558.85,5417, 31620, 55.46,-1.9
TTKPRESTIG, EQ, 20-Jan-2023,776.5,781.0,796.0,777.6,795.0,795.0,790.91,38376,303.52,4311, 17206, 44.84,2.38
TTKPRESTIG, EQ, 20-Jan-2025,761.2,761.2,769.8,756.25,761.05,764.45,763.35,14920,113.89,4491, 4829, 32.37,0.43
TTKPRESTIG, EQ, 20-Feb-2020,5850.75,5850.75,5880.0,5840.0, 5874.95,5865.9,5857.76,1578,92.44,743, 1149, 72.81,0.26
TTKPRESTIG, EQ, 20-Feb-2023,771.5,771.0,773.95,750.75, 756.00,755.75,762.0,29881,227.69,3746, 16178, 54.14,-2.04
TTKPRESTIG, EQ, 20-Feb-2024,763.4,765.0,765.0,756.1, 758.00,757.5,760.51,24068,183.04,3304, 11905, 49.46,-0.77
TTKPRESTIG, EQ, 20-Feb-2025,693.65,698.0,698.0,675.0,681.6,680.0,680.31,31773,216.15,4174, 14814, 46.62,-1.97
TTKPRESTIG, EQ, 20-Mar-2020,4623.7,4621.85,4975.0,4610.0, 4610.00,4628.75,4764.1,5599,266.74,2481, 3030, 54.12,0.11
TTKPRESTIG, EQ, 20-Mar-2023,710.4,696.0,713.45,684.0,692.0,690.5,694.71,62238,432.37,6022, 34482, 55.40,-2.8
TTKPRESTIG, EQ, 20-Mar-2024,695.9,699.35,700.95,687.5, 694.00,695.8,694.07,29308,203.42,5792, 14461, 49.34,-0.01
TTKPRESTIG, EQ, 20-Mar-2025,595.0,602.0,620.0,599.75,617.5,616.65,611.22,100829,616.29,9324, 43946, 43.58,3.64
TTKPRESTIG, EQ, 20-Apr-2020,5023.2,4956.0,5102.6,4850.0, 4885.40,4888.4,4946.75,2648,130.99,1674, 1481, 55.93,-2.68
TTKPRESTIG, EQ, 20-Apr-2021,7448.55,7500.0,7777.0,7417.4,7525.0,7523.65,7523.14,6703,504.28,1802, 3274, 48.84,1.01
TTKPRESTIG, EQ, 20-Apr-2022,802.45,809.0,818.95,794.55, 799.00,797.1,806.61,62364,503.03,7208, 27419, 43.97,-0.67
TTKPRESTIG, EQ, 20-Apr-2023,717.85,723.85,729.0,718.05, 724.90,721.95,724.78,33947,246.04,4084, 18671, 55.00,0.57
TTKPRESTIG, EQ, 20-May-2020,4822.6,4800.05,4980.6,4791.1, 4854.00,4864.5,4884.02,4769,232.92,1350, 2555, 53.58,0.87
TTKPRESTIG, EQ, 20-May-2021,7087.8,7098.95,7277.45,7048.35, 7219.00,7202.75,7146.73,6059,433.02,2614, 3270, 53.97,1.62
TTKPRESTIG, EQ, 20-May-2022,815.55,828.6,829.0,812.0, 825.15,825.25,821.7,29007,238.35,4653, 13518, 46.60,1.19
TTKPRESTIG, EQ, 18-May-2024,720.35,713.25,729.0,713.25,718.0,718.1,718.43,8697,62.48,900, 4800, 55.19,-0.31
TTKPRESTIG, EQ, 20-Jun-2022,770.35,770.35,775.3,760.15,770.0,770.1,770.81,45217,348.54,5194, 23989, 53.05,-0.03
TTKPRESTIG, EQ, 20-Jun-2023,745.3,749.2,752.0,739.5, 749.00,749.7,747.54,75551,564.78,6100, 41780, 55.30,0.59
TTKPRESTIG, EQ, 20-Jun-2024,757.85,763.05,776.5,757.35,770.5,770.75,770.27,156925,1208.75,12078, 66441, 42.34,1.7
TTKPRESTIG, EQ, 20-Jul-2020,5604.15,5595.1,5644.0,5558.9, 5598.80,5584.75,5580.23,24330,1357.67,884, 23419, 96.26,-0.35
TTKPRESTIG, EQ, 20-Jul-2021,9159.15,9200.6,9229.95,8913.85, 9000.00,9000.45,9038.52,5119,462.68,1745, 2244, 43.84,-1.73
TTKPRESTIG, EQ, 20-Jul-2022,895.0,910.0,919.0,900.0, 905.00,903.95,906.26,168551,1527.5,9561, 80645, 47.85,1.0
TTKPRESTIG, EQ, 20-Jul-2023,785.05,789.9,800.35,774.0,800.0,798.9,795.78,198826,1582.22,12061, 116187, 58.44,1.76
TTKPRESTIG, EQ, 20-Aug-2020,5420.9,5409.95,5724.65,5380.0,5600.0,5656.35,5598.75,11399,638.2,2900, 4533, 39.77,4.34
TTKPRESTIG, EQ, 20-Aug-2021,8895.9,8790.9,9049.95,8790.9,8944.0,8956.45,8905.19,11279,1004.42,3308, 7675, 68.05,0.68
TTKPRESTIG, EQ, 20-Aug-2024,951.55,945.0,958.95,932.3,947.0,946.8,944.89,91861,867.99,11775, 47662, 51.88,-0.5
TTKPRESTIG, EQ, 20-Sep-2021,9168.55,9199.0,9199.0,9000.0, 9034.00,9045.25,9073.81,1803,163.6,908, 977, 54.19,-1.34
TTKPRESTIG, EQ, 20-Sep-2022,999.35,1012.6,1020.0,993.0, 999.00,998.6,1009.25,37957,383.08,4346, 22535, 59.37,-0.08
TTKPRESTIG, EQ, 20-Sep-2023,789.65,793.8,797.4,783.65, 797.00,794.25,789.97,63152,498.88,5212, 27186, 43.05,0.58
TTKPRESTIG, EQ, 20-Sep-2024,918.6,909.5,914.95,890.55,905.05,902.45,902.55,63961,577.28,7788, 29922, 46.78,-1.76
TTKPRESTIG, EQ, 20-Oct-2020,5586.35,5637.35,5648.2,5484.95, 5515.00,5509.45,5552.44,6516,361.8,1855, 4103, 62.97,-1.38
TTKPRESTIG, EQ, 20-Oct-2021,9888.9,9999.0,10345.55,9650.0, 9723.95,9730.4,9982.84,69133,6901.44,20401, 18548, 26.83,-1.6
TTKPRESTIG, EQ, 20-Oct-2022,973.55,976.0,1002.0,962.55,990.0,995.95,989.52,160561,1588.78,11543, 99944, 62.25,2.3
TTKPRESTIG, EQ, 20-Oct-2023,802.95,802.95,814.65,798.7, 812.15,812.15,810.92,96817,785.1,7747, 59342, 61.29,1.15
TTKPRESTIG, EQ, 20-Nov-2020,5824.9,5835.0,5900.0,5653.9,5855.0,5853.05,5809.78,6529,379.32,2955, 2904, 44.48,0.48
TTKPRESTIG, EQ, 20-Nov-2023,786.25,787.5,791.6,780.1, 790.95,790.05,786.8,25898,203.77,3711, 13657, 52.73,0.48
TTKPRESTIG, EQ, 19-Nov-2024,841.5,843.95,874.0,842.8,861.1,862.85,859.85,40728,350.2,6323, 15380, 37.76,2.54
TTKPRESTIG, EQ, 20-Dec-2021,1004.4,990.0,990.0,942.95,951.0,951.75,958.82,212636,2038.79,16565, 98044, 46.11,-5.24
TTKPRESTIG, EQ, 20-Dec-2022,829.95,830.0,834.9,821.9,824.0,824.65,826.99,27281,225.61,3380, 20095, 73.66,-0.64
TTKPRESTIG, EQ, 20-Dec-2023,759.6,763.4,765.0,744.45, 745.00,752.8,755.25,138048,1042.6,11543, 90027, 65.21,-0.9
TTKPRESTIG, EQ, 20-Dec-2024,841.65,850.05,852.45,821.0,826.95,830.65,836.08,31044,259.55,5612, 13327, 42.93,-1.31
TTKPRESTIG, EQ, 21-Jan-2020,6122.35,6139.9,6140.6,5981.05, 6050.00,6016.65,6002.91,35875,2153.54,1976, 33420, 93.16,-1.73
TTKPRESTIG, EQ, 21-Jan-2021,6083.3,6128.8,6192.3,6021.15, 6060.00,6063.95,6140.24,61537,3778.52,3222, 54196, 88.07,-0.32
TTKPRESTIG, EQ, 21-Jan-2022,978.2,977.0,991.0,958.2, 972.80,971.1,964.39,73454,708.39,7406, 42191, 57.44,-0.73
TTKPRESTIG, EQ, 21-Jan-2025,764.45,761.05,767.65,745.55,750.55,752.0,755.5,12653,95.59,3293, 5084, 40.18,-1.63
TTKPRESTIG, EQ, 21-Feb-2022,850.55,850.6,851.0,817.5, 820.00,822.0,829.02,61565,510.38,6489, 34685, 56.34,-3.36
TTKPRESTIG, EQ, 21-Feb-2023,755.75,755.75,759.55,743.4, 745.00,745.4,748.68,42813,320.53,5864, 30905, 72.19,-1.37
TTKPRESTIG, EQ, 21-Feb-2024,757.5,757.5,762.0,749.05, 751.95,752.0,756.25,26998,204.17,3236, 14646, 54.25,-0.73
TTKPRESTIG, EQ, 21-Feb-2025,680.0,680.0,692.8,671.0,682.3,687.4,684.06,32270,220.75,4021, 13141, 40.72,1.09
TTKPRESTIG, EQ, 21-Mar-2022,860.0,860.0,862.4,838.0,849.6,848.75,849.69,70104,595.66,7057, 27339, 39.00,-1.31
TTKPRESTIG, EQ, 21-Mar-2023,690.5,692.0,703.15,666.0, 691.00,696.55,684.99,177577,1216.38,16956, 72694, 40.94,0.88
TTKPRESTIG, EQ, 21-Mar-2024,695.8,696.95,707.0,693.1,703.95,702.95,701.59,26639,186.9,4683, 13646, 51.23,1.03
TTKPRESTIG, EQ, 21-Mar-2025,616.65,623.5,623.95,615.0,618.0,617.6,618.25,52437,324.19,4992, 32174, 61.36,0.15
TTKPRESTIG, EQ, 21-Apr-2020,4888.4,4884.9,4884.9,4701.2,4731.0,4731.15,4730.93,4332,204.94,2079, 2730, 63.02,-3.22
TTKPRESTIG, EQ, 21-Apr-2022,797.1,809.0,828.5,800.0, 801.90,801.5,808.09,77010,622.31,12620, 45114, 58.58,0.55
TTKPRESTIG, EQ, 21-Apr-2023,721.95,721.85,728.85,719.95, 726.60,726.5,724.34,22148,160.43,2520, 10052, 45.39,0.63
TTKPRESTIG, EQ, 21-Apr-2025,656.35,656.4,665.55,649.6,654.2,652.9,654.85,34719,227.36,3792, 20562, 59.22,-0.53
TTKPRESTIG, EQ, 21-May-2020,4864.5,4865.1,4920.0,4865.1,4900.0,4899.5,4891.24,4011,196.19,1376, 3541, 88.28,0.72
TTKPRESTIG, EQ, 21-May-2021,7202.75,7200.0,7272.75,7150.65, 7235.00,7225.1,7211.85,2315,166.95,940, 1351, 58.36,0.31
TTKPRESTIG, EQ, 21-May-2024,718.1,707.35,718.0,704.05,710.05,712.4,710.07,32974,234.14,4540, 14912, 45.22,-0.79
TTKPRESTIG, EQ, 21-Jun-2021,8585.3,8720.0,8773.0,8588.0, 8730.00,8718.15,8684.82,5248,455.78,2284, 1604, 30.56,1.55
TTKPRESTIG, EQ, 21-Jun-2022,770.1,775.0,793.95,772.1,787.3,788.8,784.53,30890,242.34,3913, 15504, 50.19,2.43
TTKPRESTIG, EQ, 21-Jun-2023,749.7,749.7,759.45,749.7, 757.80,757.65,755.77,66139,499.86,5311, 34538, 52.22,1.06
TTKPRESTIG, EQ, 21-Jun-2024,770.75,779.05,794.95,773.05,782.1,786.65,783.19,157316,1232.08,16554, 92711, 58.93,2.06
TTKPRESTIG, EQ, 21-Jul-2020,5584.75,5600.1,5616.05,5500.0, 5533.00,5532.1,5545.57,2879,159.66,1161, 1834, 63.70,-0.94
TTKPRESTIG, EQ, 21-Jul-2022,903.95,912.0,913.0,888.05,900.0,900.7,901.27,65332,588.82,5936, 31219, 47.79,-0.36
TTKPRESTIG, EQ, 21-Jul-2023,798.9,797.0,797.0,777.7, 783.85,784.35,784.69,85996,674.8,8232, 52101, 60.59,-1.82
TTKPRESTIG, EQ, 21-Aug-2020,5656.35,5644.8,5974.0,5550.15, 5832.70,5856.5,5797.2,18378,1065.41,4363, 8328, 45.32,3.54
TTKPRESTIG, EQ, 21-Aug-2023,764.8,768.75,777.5,758.15, 775.00,775.4,766.69,44972,344.79,5910, 25119, 55.85,1.39
TTKPRESTIG, EQ, 21-Aug-2024,946.8,950.0,989.0,946.15,988.0,982.85,966.62,72703,702.76,7415, 32506, 44.71,3.81
TTKPRESTIG, EQ, 21-Sep-2020,6305.45,6354.95,6354.95,5851.2, 5900.00,5929.9,6105.37,5932,362.17,1941, 3831, 64.58,-5.96
TTKPRESTIG, EQ, 21-Sep-2021,9045.25,9065.0,9122.05,8950.0, 8997.30,8983.85,9022.15,3543,319.65,1544, 1202, 33.93,-0.68
TTKPRESTIG, EQ, 21-Sep-2022,998.6,1004.0,1008.1,989.6, 994.50,992.5,996.69,47399,472.42,4685, 26677, 56.28,-0.61
TTKPRESTIG, EQ, 21-Sep-2023,794.25,796.35,800.1,777.0, 778.00,781.2,788.22,133971,1055.98,5206, 113603, 84.80,-1.64
TTKPRESTIG, EQ, 21-Oct-2020,5509.45,5555.0,5649.95,5350.0, 5470.00,5471.95,5562.82,22509,1252.14,3574, 16800, 74.64,-0.68
TTKPRESTIG, EQ, 21-Oct-2021,9730.4,9749.9,9876.4,9554.85, 9749.05,9651.25,9667.86,20576,1989.26,6895, 7625, 37.06,-0.81
TTKPRESTIG, EQ, 21-Oct-2022,995.95,991.1,996.05,973.0,975.1,976.3,983.12,28548,280.66,3463, 15538, 54.43,-1.97
TTKPRESTIG, EQ, 21-Oct-2024,894.8,898.45,898.45,872.3, 878.85,877.65,878.26,25714,225.84,4504, 12785, 49.72,-1.92
TTKPRESTIG, EQ, 21-Nov-2022,868.1,868.1,872.35,850.4, 854.55,855.2,858.25,29701,254.91,3683, 21634, 72.84,-1.49
TTKPRESTIG, EQ, 21-Nov-2023,790.05,786.0,794.9,781.05, 783.80,783.95,787.52,28264,222.59,3957, 12531, 44.34,-0.77
TTKPRESTIG, EQ, 21-Nov-2024,862.85,865.35,866.0,836.2,850.05,850.35,847.78,25375,215.13,5955, 15728, 61.98,-1.45
TTKPRESTIG, EQ, 21-Dec-2020,5806.95,5794.95,5815.0,5650.0, 5705.00,5696.0,5720.26,7879,450.7,1753, 4869, 61.80,-1.91
TTKPRESTIG, EQ, 21-Dec-2021,951.75,960.0,990.0,960.0,979.4,979.0,979.11,119924,1174.18,9025, 46397, 38.69,2.86
TTKPRESTIG, EQ, 21-Dec-2022,824.65,826.0,832.95,804.0, 809.00,807.65,815.31,52174,425.38,5975, 34092, 65.34,-2.06
TTKPRESTIG, EQ, 21-Dec-2023,752.8,745.0,751.35,738.0, 745.95,747.4,745.78,51498,384.06,7496, 25545, 49.60,-0.72
TTKPRESTIG, EQ, 22-Jan-2020,6016.65,6020.6,6085.0,5984.0, 5984.00,6002.5,6019.8,1475,88.79,795, 874, 59.25,-0.24
TTKPRESTIG, EQ, 22-Jan-2021,6063.95,6055.3,6188.0,5965.0, 6004.95,5991.45,6043.71,5001,302.25,1848, 2447, 48.93,-1.2
TTKPRESTIG, EQ, 20-Jan-2024,780.1,780.1,783.85,765.2, 768.50,767.45,769.27,30368,233.61,2933, 19818, 65.26,-1.62
TTKPRESTIG, EQ, 22-Jan-2025,752.0,752.0,752.3,735.9,740.2,746.75,742.71,14101,104.73,4326, 6321, 44.83,-0.7
TTKPRESTIG, EQ, 22-Feb-2021,7303.05,7250.55,7289.95,7015.5,7102.0,7146.05,7167.79,7618,546.04,2901, 3257, 42.75,-2.15
TTKPRESTIG, EQ, 22-Feb-2022,822.0,793.0,814.95,793.0,806.0,805.1,805.53,48111,387.55,6828, 27733, 57.64,-2.06
TTKPRESTIG, EQ, 22-Feb-2023,745.4,740.0,749.2,737.0, 745.00,742.7,743.71,21323,158.58,3723, 9792, 45.92,-0.36
TTKPRESTIG, EQ, 22-Feb-2024,752.0,751.25,753.95,740.5, 746.90,746.0,746.51,32069,239.4,5571, 15609, 48.67,-0.8
TTKPRESTIG, EQ, 22-Mar-2021,7222.1,7225.15,7365.0,7175.0,7175.15,7223.55,7254.67,5088,369.12,2370, 2325, 45.70,0.02
TTKPRESTIG, EQ, 22-Mar-2022,848.75,850.0,850.05,826.75, 829.95,828.9,833.51,181902,1516.17,5205, 150409, 82.69,-2.34
TTKPRESTIG, EQ, 22-Mar-2023,696.55,699.0,719.35,689.75, 700.00,697.6,708.15,114012,807.38,15791, 47739, 41.87,0.15
TTKPRESTIG, EQ, 22-Mar-2024,702.95,700.0,712.0,695.0,697.0,700.15,700.65,44187,309.6,7302, 23316, 52.77,-0.4
TTKPRESTIG, EQ, 22-Apr-2020,4731.15,4800.0,4937.0,4732.1,4751.0,4780.3,4817.9,2495,120.21,1476, 1312, 52.59,1.04
TTKPRESTIG, EQ, 22-Apr-2021,7523.65,7417.2,7550.0,7417.0,7500.0,7509.05,7501.56,16792,1259.66,1711, 15158, 90.27,-0.19
TTKPRESTIG, EQ, 22-Apr-2022,801.5,808.0,815.0,798.5, 799.65,802.85,807.36,86886,701.48,13144, 49384, 56.84,0.17
TTKPRESTIG, EQ, 22-Apr-2024,694.85,697.3,708.95,695.6,704.9,703.65,702.81,58502,411.16,8688, 28002, 47.87,1.27
TTKPRESTIG, EQ, 22-Apr-2025,652.9,655.0,662.95,643.3,650.0,650.45,651.89,75623,492.98,7197, 49956, 66.06,-0.38
TTKPRESTIG, EQ, 22-May-2020,4899.5,4924.0,4949.55,4760.0,4775.0,4773.15,4820.28,1779,85.75,972, 970, 54.53,-2.58
TTKPRESTIG, EQ, 22-May-2023,716.15,719.75,720.4,712.3,718.9,716.25,716.75,26068,186.84,2907, 17324, 66.46,0.01
TTKPRESTIG, EQ, 22-May-2024,712.4,716.0,716.0,705.25,712.35,711.25,710.26,24395,173.27,3443, 13957, 57.21,-0.16
TTKPRESTIG, EQ, 22-Jun-2020,5043.7,5050.1,5125.1,5025.2, 5110.10,5093.5,5096.18,2303,117.37,683, 1551, 67.35,0.99
TTKPRESTIG, EQ, 22-Jun-2021,8718.15,8750.0,8824.5,8631.0, 8769.80,8730.55,8752.09,10688,935.42,3232, 7159, 66.98,0.14
TTKPRESTIG, EQ, 22-Jun-2022,788.8,795.0,803.35,787.0,790.5,791.0,793.61,40713,323.1,5270, 16967, 41.67,0.28
TTKPRESTIG, EQ, 22-Jun-2023,757.65,768.95,768.95,745.0,748.0,747.55,755.43,65241,492.85,6069, 34028, 52.16,-1.33
TTKPRESTIG, EQ, 22-Jul-2020,5532.1,5616.6,5736.0,5500.0, 5500.00,5507.5,5557.69,4337,241.04,1269, 1793, 41.34,-0.44
TTKPRESTIG, EQ, 22-Jul-2021,9000.45,9050.6,9199.0,9010.05, 9189.00,9165.3,9147.44,5195,475.21,2710, 1771, 34.09,1.83
TTKPRESTIG, EQ, 22-Jul-2022,900.7,910.0,913.15,897.65, 908.00,909.5,907.79,106946,970.84,4675, 59763, 55.88,0.98
TTKPRESTIG, EQ, 22-Jul-2024,889.35,884.1,889.85,875.25,883.1,882.9,882.42,54298,479.14,5846, 32698, 60.22,-0.73
TTKPRESTIG, EQ, 22-Aug-2022,888.7,882.0,910.5,875.5, 884.00,883.25,893.99,51480,460.23,6044, 16303, 31.67,-0.61
TTKPRESTIG, EQ, 22-Aug-2023,775.4,779.0,779.0,763.55, 764.00,764.8,766.64,46695,357.98,5817, 26473, 56.69,-1.37
TTKPRESTIG, EQ, 22-Aug-2024,982.85,989.9,994.7,958.1,964.9,963.7,975.25,46923,457.62,6204, 22499, 47.95,-1.95
TTKPRESTIG, EQ, 22-Sep-2020,5929.9,5750.0,6299.95,5701.0, 6109.80,6101.95,5966.69,12159,725.49,2894, 3892, 32.01,2.9
TTKPRESTIG, EQ, 22-Sep-2021,8983.85,8986.0,9092.25,8942.0, 9050.00,9010.45,9034.38,1598,144.37,910, 778, 48.69,0.3
TTKPRESTIG, EQ, 22-Sep-2022,992.5,990.0,1007.4,990.0, 1004.60,1002.5,1002.06,24078,241.28,3225, 11346, 47.12,1.01
TTKPRESTIG, EQ, 22-Sep-2023,781.2,788.45,788.5,771.85, 784.15,778.5,778.97,30563,238.08,4628, 13091, 42.83,-0.35
TTKPRESTIG, EQ, 22-Oct-2020,5471.95,5523.0,5600.0,5415.05, 5600.00,5594.95,5504.79,8233,453.21,2688, 4131, 50.18,2.25
TTKPRESTIG, EQ, 22-Oct-2021,9651.25,9793.0,10000.0,9378.1, 9476.80,9461.6,9690.57,31826,3084.12,12592, 15098, 47.44,-1.97
TTKPRESTIG, EQ, 22-Oct-2024,877.65,873.0,879.95,849.05,860.0,854.1,861.3,27082,233.26,5147, 12008, 44.34,-2.68
TTKPRESTIG, EQ, 22-Nov-2021,10830.25,10876.0,10878.0,10420.0,10488.0,10491.1,10610.39,10946,1161.41,5066, 5186, 47.38,-3.13
TTKPRESTIG, EQ, 22-Nov-2022,855.2,859.5,859.5,846.7, 855.00,855.0,852.8,16914,144.24,3243, 10645, 62.94,-0.02
TTKPRESTIG, EQ, 22-Nov-2023,783.95,782.0,787.9,772.7, 779.55,781.1,782.7,51896,406.19,5960, 32343, 62.32,-0.36
TTKPRESTIG, EQ, 22-Nov-2024,850.35,852.85,860.5,845.7,851.0,850.3,851.59,15161,129.11,3382, 7787, 51.36,-0.01
TTKPRESTIG, EQ, 22-Dec-2020,5696.0,5759.95,5761.9,5560.0, 5710.00,5678.25,5632.39,8060,453.97,2161, 3619, 44.90,-0.31
TTKPRESTIG, EQ, 22-Dec-2021,979.0,990.55,998.9,981.05, 984.95,985.45,987.31,70377,694.84,6094, 31095, 44.18,0.66
TTKPRESTIG, EQ, 22-Dec-2022,807.65,811.7,815.0,796.0, 798.30,799.9,803.12,52786,423.93,5943, 37641, 71.31,-0.96
TTKPRESTIG, EQ, 22-Dec-2023,747.4,747.5,751.4,738.0, 739.05,739.7,742.29,80713,599.13,9235, 49041, 60.76,-1.03
TTKPRESTIG, EQ, 23-Jan-2020,6002.5,6011.6,6046.6,5930.0, 5951.60,5949.85,5983.64,1085,64.92,583, 620, 57.14,-0.88
TTKPRESTIG, EQ, 23-Jan-2023,795.0,795.0,798.3,780.1,781.0,784.65,786.97,278524,2191.9,3662, 265668, 95.38,-1.3
TTKPRESTIG, EQ, 23-Jan-2024,767.45,767.45,771.25,748.1, 766.00,765.95,757.91,70578,534.92,7483, 37575, 53.24,-0.2
TTKPRESTIG, EQ, 23-Jan-2025,746.75,737.0,767.95,730.55,742.0,747.65,746.16,18782,140.14,4630, 8388, 44.66,0.12
TTKPRESTIG, EQ, 23-Feb-2021,7146.05,7105.2,7191.8,7000.0, 7050.00,7026.0,7081.96,4965,351.62,1791, 2404, 48.42,-1.68
TTKPRESTIG, EQ, 23-Feb-2022,805.1,815.0,821.45,800.0,810.0,804.35,808.13,54007,436.45,6927, 28352, 52.50,-0.09
TTKPRESTIG, EQ, 23-Feb-2023,742.7,746.4,758.0,735.1,754.7,755.85,747.5,21627,161.66,3905, 10872, 50.27,1.77
TTKPRESTIG, EQ, 23-Feb-2024,746.0,745.25,765.45,745.0, 754.00,759.2,754.08,34403,259.43,5647, 18388, 53.45,1.77
TTKPRESTIG, EQ, 23-Mar-2020,4628.75,4600.0,4600.0,4050.0, 4105.00,4109.7,4170.13,5900,246.04,2196, 4119, 69.81,-11.21
TTKPRESTIG, EQ, 23-Mar-2021,7223.55,7249.3,7346.95,7148.65, 7195.00,7194.9,7212.68,3876,279.56,1897, 1868, 48.19,-0.4
TTKPRESTIG, EQ, 23-Mar-2022,828.9,830.7,855.75,830.7, 845.00,843.85,844.38,106520,899.43,9230, 41478, 38.94,1.8
TTKPRESTIG, EQ, 23-Mar-2023,697.6,699.0,718.0,688.55, 695.00,692.9,700.29,80717,565.25,6889, 28103, 34.82,-0.67
TTKPRESTIG, EQ, 23-Apr-2020,4780.3,4793.8,4926.55,4691.35,4713.0,4722.75,4775.82,2625,125.37,1183, 1406, 53.56,-1.2
TTKPRESTIG, EQ, 23-Apr-2021,7509.05,7509.0,7897.45,7500.0,7700.0,7671.45,7735.35,18078,1398.4,6371, 5872, 32.48,2.16
TTKPRESTIG, EQ, 23-Apr-2024,703.65,707.2,710.95,697.0,699.0,699.8,701.28,35729,250.56,6224, 20268, 56.73,-0.55
TTKPRESTIG, EQ, 23-Apr-2025,650.45,650.45,661.95,642.0,645.0,645.25,647.54,69897,452.61,6122, 44183, 63.21,-0.8
TTKPRESTIG, EQ, 23-May-2022,825.25,825.15,843.95,809.8,832.0,834.45,827.4,45643,377.65,5240, 20637, 45.21,1.11
TTKPRESTIG, EQ, 23-May-2023,716.25,719.85,728.5,716.1, 716.10,718.65,724.14,72305,523.59,3649, 55391, 76.61,0.34
TTKPRESTIG, EQ, 23-May-2024,711.25,707.8,715.5,705.0,707.45,708.0,709.5,30265,214.73,4274, 14099, 46.59,-0.46
TTKPRESTIG, EQ, 23-Jun-2020,5093.5,5106.55,5185.05,5085.05, 5100.00,5104.3,5132.71,3938,202.13,1136, 2585, 65.64,0.21
TTKPRESTIG, EQ, 23-Jun-2021,8730.55,8700.0,9035.0,8683.25, 8994.00,8984.95,8961.25,38072,3411.73,9707, 20139, 52.90,2.91
TTKPRESTIG, EQ, 23-Jun-2022,791.0,791.0,803.1,786.0,801.0,795.95,794.17,23030,182.9,4559, 14217, 61.73,0.63
TTKPRESTIG, EQ, 23-Jun-2023,747.55,747.6,751.3,726.3, 735.00,735.1,734.98,167427,1230.55,4775, 146071, 87.24,-1.67
TTKPRESTIG, EQ, 23-Jul-2020,5507.5,5519.95,5591.6,5500.0, 5500.00,5512.05,5518.33,2235,123.33,634, 1154, 51.63,0.08
TTKPRESTIG, EQ, 23-Jul-2021,9165.3,9200.0,9349.0,9170.0,9282.0,9241.65,9271.54,6143,569.55,2523, 2993, 48.72,0.83
TTKPRESTIG, EQ, 23-Jul-2024,882.9,893.5,918.1,880.0,916.0,914.8,904.93,209635,1897.05,23214, 107903, 51.47,3.61
TTKPRESTIG, EQ, 23-Aug-2021,8956.45,9085.0,9190.0,8844.05, 8940.00,8964.55,9015.63,9222,831.42,4334, 4557, 49.41,0.09
TTKPRESTIG, EQ, 23-Aug-2022,883.25,890.0,897.65,881.75, 883.90,884.9,887.92,19061,169.25,2564, 8667, 45.47,0.19
TTKPRESTIG, EQ, 23-Aug-2023,764.8,760.15,775.95,760.15, 763.40,765.8,768.82,39869,306.52,4580, 16639, 41.73,0.13
TTKPRESTIG, EQ, 23-Aug-2024,963.7,968.25,968.4,931.05,939.0,936.05,943.98,49376,466.1,4961, 32174, 65.16,-2.87
TTKPRESTIG, EQ, 23-Sep-2020,6101.95,6179.95,6224.0,5706.0, 6200.00,6182.05,6010.73,8115,487.77,3551, 2777, 34.22,1.31
TTKPRESTIG, EQ, 23-Sep-2021,9010.45,9010.45,9080.0,8910.0, 8950.00,8954.75,8993.41,2604,234.19,1178, 1544, 59.29,-0.62
TTKPRESTIG, EQ, 23-Sep-2022,1002.5,1008.0,1025.0,965.0, 1000.00,975.45,991.75,62277,617.63,6888, 27479, 44.12,-2.7
TTKPRESTIG, EQ, 23-Sep-2024,902.45,896.0,903.05,880.55,890.0,890.2,887.76,56563,502.14,6037, 29660, 52.44,-1.36
TTKPRESTIG, EQ, 23-Oct-2020,5594.95,5619.7,5825.0,5600.0, 5800.00,5787.0,5720.19,10761,615.55,2775, 4266, 39.64,3.43
TTKPRESTIG, EQ, 23-Oct-2023,812.15,813.0,818.75,771.25, 772.50,774.3,789.81,64703,511.03,6612, 32493, 50.22,-4.66
TTKPRESTIG, EQ, 23-Oct-2024,854.1,854.0,864.6,832.05,848.5,849.25,846.48,39370,333.26,7053, 12242, 31.09,-0.57
TTKPRESTIG, EQ, 23-Nov-2020,5853.05,5864.85,5880.85,5741.0, 5772.00,5772.0,5801.83,4371,253.6,1955, 2562, 58.61,-1.38
TTKPRESTIG, EQ, 23-Nov-2021,10491.1,10420.0,10754.0,10111.05,10490.0,10565.35,10548.39,7735,815.92,2958, 3241, 41.90,0.71
TTKPRESTIG, EQ, 23-Nov-2022,855.0,859.2,898.45,855.1,887.0,886.7,887.64,179606,1594.26,12687, 82007, 45.66,3.71
TTKPRESTIG, EQ, 23-Nov-2023,781.1,781.1,781.75,766.25, 770.00,769.65,773.17,85464,660.78,9248, 46952, 54.94,-1.47
TTKPRESTIG, EQ, 23-Dec-2020,5678.25,5718.05,5775.0,5677.7,5729.0,5722.95,5741.39,12760,732.6,1217, 10923, 85.60,0.79
TTKPRESTIG, EQ, 23-Dec-2021,985.45,1010.0,1010.0,960.0, 962.50,962.65,974.45,163798,1596.13,10798, 78572, 47.97,-2.31
TTKPRESTIG, EQ, 23-Dec-2022,799.9,799.0,799.95,774.05, 779.95,778.55,781.89,54598,426.9,8679, 34763, 63.67,-2.67
TTKPRESTIG, EQ, 23-Dec-2024,830.65,832.0,838.95,805.0,805.85,811.0,816.44,21974,179.4,4752, 12166, 55.37,-2.37
TTKPRESTIG, EQ, 24-Jan-2020,5949.85,5966.6,6060.6,5915.55,6025.0,6022.25,6011.25,2072,124.55,1167, 1128, 54.44,1.22
TTKPRESTIG, EQ, 24-Jan-2022,971.1,971.0,971.0,925.0,929.95,929.75,937.82,96357,903.66,8703, 54298, 56.35,-4.26
TTKPRESTIG, EQ, 24-Jan-2023,784.65,788.0,793.1,782.75,787.2,787.75,788.84,19702,155.42,2210, 8871, 45.03,0.4
TTKPRESTIG, EQ, 24-Jan-2024,765.95,755.0,778.0,752.1, 775.00,773.2,768.26,41410,318.14,5463, 20402, 49.27,0.95
TTKPRESTIG, EQ, 24-Jan-2025,747.65,751.35,785.0,737.55,778.0,776.95,768.61,73771,567.01,17994, 20832, 28.24,3.92
TTKPRESTIG, EQ, 24-Feb-2020,5865.9,5888.5,5888.5,5716.8, 5838.70,5814.0,5827.28,6504,379.01,1466, 4972, 76.45,-0.88
TTKPRESTIG, EQ, 24-Feb-2021,7026.0,7168.7,7168.7,6901.0, 7045.00,7029.85,7062.04,5706,402.96,2015, 3194, 55.98,0.05
TTKPRESTIG, EQ, 24-Feb-2022,804.35,768.0,800.0,764.8, 777.00,779.55,788.9,111277,877.86,10373, 53229, 47.83,-3.08
TTKPRESTIG, EQ, 24-Feb-2023,755.85,759.5,788.95,753.0, 772.40,775.45,777.34,95752,744.32,10442, 27510, 28.73,2.59
TTKPRESTIG, EQ, 24-Feb-2025,687.4,684.6,686.4,663.0,670.0,670.45,674.12,27854,187.77,4473, 13478, 48.39,-2.47
TTKPRESTIG, EQ, 24-Mar-2020,4109.7,4202.5,4409.95,3901.1, 4044.55,3978.05,4090.84,5774,236.21,2553, 3480, 60.27,-3.2
TTKPRESTIG, EQ, 24-Mar-2021,7194.9,7250.0,7340.0,7198.1, 7250.00,7234.25,7259.98,4745,344.49,1738, 2370, 49.95,0.55
TTKPRESTIG, EQ, 24-Mar-2022,843.85,848.0,851.1,839.8, 848.00,848.35,849.06,98204,833.81,5121, 73555, 74.90,0.53
TTKPRESTIG, EQ, 24-Mar-2023,692.9,695.0,697.55,678.1, 680.00,683.7,689.04,109022,751.2,5744, 76956, 70.59,-1.33
TTKPRESTIG, EQ, 24-Mar-2025,617.6,620.0,628.4,614.2,621.0,621.4,622.04,61109,380.12,7731, 30295, 49.58,0.62
TTKPRESTIG, EQ, 24-Apr-2020,4722.75,4729.95,4748.8,4624.0,4703.5,4700.2,4698.52,82096,3857.29,4037, 79471, 96.80,-0.48
TTKPRESTIG, EQ, 24-Apr-2023,726.5,726.5,734.0,722.75, 731.00,730.0,727.6,18445,134.21,2000, 10756, 58.31,0.48
TTKPRESTIG, EQ, 24-Apr-2024,699.8,700.0,712.0,697.9, 707.00,705.55,705.62,33479,236.24,4886, 17006, 50.80,0.82
TTKPRESTIG, EQ, 24-Apr-2025,645.25,647.9,657.0,644.6,655.2,653.15,651.98,76198,496.8,7252, 55641, 73.02,1.22
TTKPRESTIG, EQ, 24-May-2021,7225.1,7325.0,7450.0,7235.0, 7385.00,7379.25,7367.92,8171,602.03,2446, 3814, 46.68,2.13
TTKPRESTIG, EQ, 24-May-2022,834.45,830.0,843.0,801.45,816.8,821.85,826.92,28059,232.03,3585, 12941, 46.12,-1.51
TTKPRESTIG, EQ, 24-May-2023,718.65,726.5,726.7,716.05, 724.00,724.55,723.36,90478,654.48,4800, 70246, 77.64,0.82
TTKPRESTIG, EQ, 24-May-2024,708.0,708.05,711.5,696.3,704.5,701.75,705.37,38801,273.69,3357, 14675, 37.82,-0.88
TTKPRESTIG, EQ, 24-Jun-2020,5104.3,5144.8,5355.0,5104.3,5305.15,5317.7,5228.59,8175,427.44,1820, 5338, 65.30,4.18
TTKPRESTIG, EQ, 24-Jun-2021,8984.95,8994.0,9050.0,8950.15, 8966.05,8989.4,8995.76,12957,1165.58,5533, 7131, 55.04,0.05
TTKPRESTIG, EQ, 24-Jun-2022,795.95,795.6,817.0,795.6, 814.00,812.7,811.0,25784,209.11,3308, 14190, 55.03,2.1
TTKPRESTIG, EQ, 24-Jun-2024,786.65,787.0,790.0,766.95,770.1,770.95,774.16,54717,423.59,6023, 28694, 52.44,-2.0
TTKPRESTIG, EQ, 24-Jul-2020,5512.05,5524.8,5590.0,5440.0,5509.45,5521.15,5520.14,15419,851.15,1655, 12811, 83.09,0.17
TTKPRESTIG, EQ, 24-Jul-2023,784.35,780.0,793.25,767.8, 781.70,784.45,782.9,123344,965.66,12293, 70027, 56.77,0.01
TTKPRESTIG, EQ, 24-Jul-2024,914.8,925.95,935.95,916.05,925.0,925.25,925.63,152222,1409.01,12003, 68165, 44.78,1.14
TTKPRESTIG, EQ, 24-Aug-2020,5856.5,5958.7,6145.0,5817.0,6030.0,6057.15,6016.85,22377,1346.39,5253, 10878, 48.61,3.43
TTKPRESTIG, EQ, 24-Aug-2021,8964.55,9089.95,9089.95,8798.0, 8810.05,8814.9,8857.06,3700,327.71,1754, 1304, 35.24,-1.67
TTKPRESTIG, EQ, 24-Aug-2022,884.9,894.6,894.6,866.0,880.0,879.2,876.16,74287,650.87,5291, 41165, 55.41,-0.64
TTKPRESTIG, EQ, 24-Aug-2023,765.8,769.65,774.95,764.1, 773.00,773.1,769.84,35407,272.58,3641, 19345, 54.64,0.95
TTKPRESTIG, EQ, 24-Sep-2020,6182.05,6144.1,6144.1,5855.15, 6014.00,6008.95,5988.47,3627,217.2,1667, 1449, 39.95,-2.8
TTKPRESTIG, EQ, 24-Sep-2021,8954.75,9045.0,9045.0,8865.15, 8865.25,8889.9,8934.45,2012,179.76,1165, 1127, 56.01,-0.72
TTKPRESTIG, EQ, 24-Sep-2024,890.2,890.1,893.45,872.05,880.0,879.25,879.61,64969,571.47,6857, 33261, 51.20,-1.23
TTKPRESTIG, EQ, 24-Oct-2024,849.25,853.5,856.0,836.95,842.95,843.3,845.53,25475,215.4,4904, 11758, 46.16,-0.7
TTKPRESTIG, EQ, 24-Nov-2020,5772.0,5780.0,5887.95,5780.0, 5791.05,5861.85,5849.56,3962,231.76,1378, 2126, 53.66,1.56
TTKPRESTIG, EQ, 24-Nov-2021,10565.35,10572.0,10843.7,10572.0, 10630.00,10673.65,10736.58,8345,895.97,3547, 3258, 39.04,1.03
TTKPRESTIG, EQ, 24-Nov-2022,886.7,890.5,898.0,883.05, 885.00,885.1,889.38,67786,602.87,2739, 50984, 75.21,-0.18
TTKPRESTIG, EQ, 24-Nov-2023,769.65,770.0,777.45,759.5, 760.95,761.6,764.25,43962,335.98,4134, 27012, 61.44,-1.05
TTKPRESTIG, EQ, 24-Dec-2020,5722.95,5747.0,6047.9,5747.0, 5915.00,5990.15,5925.46,26092,1546.07,5020, 10584, 40.56,4.67
TTKPRESTIG, EQ, 24-Dec-2021,962.65,972.8,973.0,945.0, 950.10,947.6,952.91,91245,869.48,7425, 42324, 46.39,-1.56
TTKPRESTIG, EQ, 24-Dec-2024,811.0,808.05,832.8,808.0,815.0,814.75,820.45,35507,291.32,5031, 13825, 38.94,0.46
TTKPRESTIG, EQ, 25-Jan-2021,5991.45,6069.95,6069.95,5900.1, 5915.00,5936.7,5952.66,3514,209.18,1385, 1673, 47.61,-0.91
TTKPRESTIG, EQ, 25-Jan-2022,929.75,920.0,976.0,905.25,964.85,951.35,943.27,64611,609.46,6444, 38940, 60.27,2.32
TTKPRESTIG, EQ, 25-Jan-2023,787.75,788.6,790.0,777.0, 781.85,780.9,781.98,25438,198.92,3423, 12591, 49.50,-0.87
TTKPRESTIG, EQ, 25-Jan-2024,773.2,771.2,782.0,759.55, 779.80,778.55,774.86,116111,899.7,6767, 87089, 75.00,0.69
TTKPRESTIG, EQ, 25-Feb-2020,5814.0,5814.05,5880.0,5801.0, 5835.45,5843.1,5838.24,2607,152.2,1052, 1979, 75.91,0.5
TTKPRESTIG, EQ, 25-Feb-2021,7029.85,7149.8,7662.5,7030.0, 7416.00,7416.95,7345.15,43242,3176.19,14334, 12780, 29.55,5.51
TTKPRESTIG, EQ, 25-Feb-2022,779.55,798.0,805.0,780.0,783.0,784.3,788.22,102591,808.64,10288, 55986, 54.57,0.61
TTKPRESTIG, EQ, 25-Feb-2025,670.45,666.1,675.0,654.6,662.0,660.45,664.23,37022,245.91,4566, 27491, 74.26,-1.49
TTKPRESTIG, EQ, 25-Mar-2020,3978.05,4045.0,4163.6,4010.0, 4016.20,4048.6,4055.36,2642,107.14,1109, 1642, 62.15,1.77
TTKPRESTIG, EQ, 25-Mar-2021,7234.25,7183.75,7338.75,7100.15,7100.15,7176.15,7239.08,4300,311.28,1592, 1650, 38.37,-0.8
TTKPRESTIG, EQ, 25-Mar-2022,848.35,846.0,859.0,837.0,855.0,854.5,849.6,73055,620.68,6138, 46715, 63.94,0.72
TTKPRESTIG, EQ, 25-Mar-2025,621.4,627.0,629.5,609.0,612.95,611.85,616.13,53646,330.53,7350, 28575, 53.27,-1.54
TTKPRESTIG, EQ, 25-Apr-2022,802.85,802.6,803.0,782.0,786.5,786.45,792.07,97133,769.36,7089, 63305, 65.17,-2.04
TTKPRESTIG, EQ, 25-Apr-2023,730.0,730.95,734.95,720.9,721.95,723.75,726.84,36757,267.17,3563, 25686, 69.88,-0.86
TTKPRESTIG, EQ, 25-Apr-2024,705.55,702.95,707.0,698.0, 699.00,699.4,701.13,45063,315.95,6326, 25484, 56.55,-0.87
TTKPRESTIG, EQ, 25-Apr-2025,653.15,649.0,658.6,634.0,634.0,637.0,640.94,33831,216.84,4892, 13869, 40.99,-2.47
TTKPRESTIG, EQ, 25-May-2021,7379.25,7385.0,8666.6,7365.05, 8388.00,8417.7,8091.95,452811,36641.26,66605, 74249, 16.40,14.07
TTKPRESTIG, EQ, 25-May-2022,821.85,829.9,829.9,790.3, 800.00,800.3,807.84,56651,457.65,5415, 25239, 44.55,-2.62
TTKPRESTIG, EQ, 25-May-2023,724.55,724.6,733.5,690.0, 699.65,699.65,713.53,540369,3855.69,15728, 352255, 65.19,-3.44
TTKPRESTIG, EQ, 25-Jun-2020,5317.7,5319.0,5319.0,5130.0, 5152.00,5147.75,5189.03,13674,709.55,3361, 4218, 30.85,-3.2
TTKPRESTIG, EQ, 25-Jun-2021,8989.4,9000.0,9040.0,8748.05, 8840.00,8803.85,8871.15,6811,604.21,3110, 3092, 45.40,-2.06
TTKPRESTIG, EQ, 25-Jun-2024,770.95,770.1,780.5,766.05,778.0,777.75,773.29,42157,326.0,5077, 20401, 48.39,0.88
TTKPRESTIG, EQ, 25-Jul-2022,909.5,914.0,915.0,889.85, 898.90,900.5,902.12,36956,333.39,4421, 18579, 50.27,-0.99
TTKPRESTIG, EQ, 25-Jul-2023,784.45,787.35,796.45,778.0, 787.30,785.75,788.97,73836,582.54,8428, 40351, 54.65,0.17
TTKPRESTIG, EQ, 25-Jul-2024,925.25,919.45,919.85,906.0,910.0,910.3,912.13,70067,639.1,4730, 41705, 59.52,-1.62
TTKPRESTIG, EQ, 25-Aug-2020,6057.15,6080.0,6099.0,5850.0, 5893.00,5894.3,5953.9,4666,277.81,1682, 2222, 47.62,-2.69
TTKPRESTIG, EQ, 25-Aug-2021,8814.9,8867.4,8924.1,8856.0, 8894.05,8877.5,8875.48,1306,115.91,550, 625, 47.86,0.71
TTKPRESTIG, EQ, 25-Aug-2022,879.2,874.85,914.0,874.85,910.0,907.6,902.9,97992,884.77,7836, 51270, 52.32,3.23
TTKPRESTIG, EQ, 25-Aug-2023,773.1,774.0,784.0,763.05, 779.00,778.1,773.26,92510,715.35,6611, 55744, 60.26,0.65
TTKPRESTIG, EQ, 25-Sep-2020,6008.95,6064.0,6225.0,6000.0, 6070.00,6064.1,6079.56,3444,209.38,1042, 1440, 41.81,0.92
TTKPRESTIG, EQ, 25-Sep-2023,778.5,783.45,793.0,778.0, 783.50,786.2,784.47,78222,613.63,5272, 61898, 79.13,0.99
TTKPRESTIG, EQ, 25-Sep-2024,879.25,888.05,888.05,860.0,875.0,867.15,868.67,38463,334.12,6376, 20721, 53.87,-1.38
TTKPRESTIG, EQ, 25-Oct-2021,9461.6,9508.95,9584.65,9161.1, 9285.00,9236.75,9303.64,10908,1014.84,4262, 4444, 40.74,-2.38
TTKPRESTIG, EQ, 25-Oct-2022,980.1,980.1,981.7,948.0,951.4,952.0,957.3,43083,412.43,6337, 26208, 60.83,-2.87
TTKPRESTIG, EQ, 25-Oct-2023,774.3,776.65,796.75,765.05,787.0,792.85,784.3,83953,658.44,10357, 35518, 42.31,2.4
TTKPRESTIG, EQ, 25-Oct-2024,843.3,842.95,851.95,830.0,844.0,835.35,833.87,30646,255.55,5663, 14685, 47.92,-0.94
TTKPRESTIG, EQ, 25-Nov-2020,5861.85,5884.8,5884.8,5805.0, 5852.00,5850.6,5838.9,2322,135.58,1052, 1324, 57.02,-0.19
TTKPRESTIG, EQ, 25-Nov-2021,10673.65,10599.0,10799.0,10482.0,10525.0,10511.9,10613.73,20002,2122.96,4202, 12743, 63.71,-1.52
TTKPRESTIG, EQ, 25-Nov-2022,885.1,878.0,895.25,875.05,888.0,888.85,886.94,43532,386.1,4867, 27302, 62.72,0.42
TTKPRESTIG, EQ, 25-Nov-2024,850.3,860.0,870.0,853.0,863.7,861.5,860.82,18907,162.75,3063, 11549, 61.08,1.32
TTKPRESTIG, EQ, 26-Feb-2020,5843.1,5861.6,5888.6,5830.0, 5862.00,5865.95,5863.79,2051,120.27,578, 1378, 67.19,0.39
TTKPRESTIG, EQ, 26-Feb-2021,7416.95,7416.95,7416.95,7175.0,7229.0,7258.5,7271.37,9137,664.38,3325, 4908, 53.72,-2.14
TTKPRESTIG, EQ, 26-Feb-2024,759.2,761.65,770.75,747.1, 768.50,768.05,757.0,76204,576.87,9435, 18700, 24.54,1.17
TTKPRESTIG, EQ, 26-Mar-2020,4048.6,4000.0,4450.0,3950.0, 4342.00,4301.1,4198.54,6215,260.94,2271, 3052, 49.11,6.24
TTKPRESTIG, EQ, 26-Mar-2021,7176.15,7215.0,7254.6,7105.0,7135.0,7129.8,7167.12,2070,148.36,705, 1146, 55.36,-0.65
TTKPRESTIG, EQ, 26-Mar-2024,700.15,699.8,699.8,682.35,682.35,683.1,686.25,75437,517.68,13385, 51188, 67.86,-2.44
TTKPRESTIG, EQ, 26-Mar-2025,611.85,611.85,615.95,604.1,604.1,607.75,609.23,67106,408.83,11600, 46236, 68.90,-0.67
TTKPRESTIG, EQ, 26-Apr-2021,7671.45,7671.45,7745.8,7515.0, 7635.10,7687.8,7643.19,6566,501.85,2401, 3181, 48.45,0.21
TTKPRESTIG, EQ, 26-Apr-2022,786.45,794.0,797.3,781.0, 783.00,784.35,788.09,48372,381.21,4952, 30396, 62.84,-0.27
TTKPRESTIG, EQ, 26-Apr-2023,723.75,723.75,732.0,718.2, 730.00,724.9,723.1,68420,494.75,5359, 59163, 86.47,0.16
TTKPRESTIG, EQ, 26-Apr-2024,699.4,700.75,701.95,694.05, 700.00,696.6,696.91,35753,249.17,5252, 24497, 68.52,-0.4
TTKPRESTIG, EQ, 26-May-2020,4773.15,4797.05,4850.0,4693.0, 4693.00,4775.35,4797.68,1841,88.33,849, 827, 44.92,0.05
TTKPRESTIG, EQ, 26-May-2021,8417.7,8498.0,8786.05,8122.0, 8200.00,8263.25,8445.59,216348,18271.87,38918, 34509, 15.95,-1.83
TTKPRESTIG, EQ, 26-May-2022,800.3,795.0,815.0,793.0,805.4,806.45,803.2,46960,377.18,4846, 21184, 45.11,0.77
TTKPRESTIG, EQ, 26-May-2023,699.65,690.0,698.0,682.85,688.0,687.75,690.23,382820,2642.36,15750, 296918, 77.56,-1.7
TTKPRESTIG, EQ, 26-Jun-2020,5147.75,5151.15,5699.0,5130.5, 5670.00,5652.85,5537.6,46133,2554.66,9681, 18633, 40.39,9.81
TTKPRESTIG, EQ, 26-Jun-2023,735.1,739.0,746.05,735.0, 740.00,743.6,743.15,50136,372.59,3790, 31559, 62.95,1.16
TTKPRESTIG, EQ, 26-Jun-2024,777.75,777.75,803.0,771.25,786.0,789.1,791.73,158587,1255.59,9803, 68648, 43.29,1.46
TTKPRESTIG, EQ, 26-Jul-2021,9241.65,9340.0,9446.75,9200.0,9248.0,9230.9,9318.47,9321,868.57,3442, 3673, 39.41,-0.12
TTKPRESTIG, EQ, 26-Jul-2022,900.5,901.0,907.15,882.1,888.0,887.8,893.55,26585,237.55,2865, 11807, 44.41,-1.41
TTKPRESTIG, EQ, 26-Jul-2023,785.75,785.75,792.0,777.0, 779.90,779.35,782.58,29718,232.57,4213, 15954, 53.68,-0.81
TTKPRESTIG, EQ, 26-Jul-2024,910.3,911.55,933.95,900.05, 922.00,921.85,920.25,231779,2132.94,18997, 62295, 26.88,1.27
TTKPRESTIG, EQ, 26-Aug-2020,5894.3,5892.95,5960.5,5820.0, 5826.15,5842.75,5876.61,2444,143.62,879, 1460, 59.74,-0.87
TTKPRESTIG, EQ, 26-Aug-2021,8877.5,8885.0,8920.15,8825.0, 8898.00,8894.4,8898.19,8238,733.03,2074, 7154, 86.84,0.19
TTKPRESTIG, EQ, 26-Aug-2022,907.6,916.7,925.0,907.0,919.9,916.15,915.42,73393,671.86,5050, 37406, 50.97,0.94
TTKPRESTIG, EQ, 26-Aug-2024,936.05,946.7,959.85,929.0,935.5,940.5,940.93,68918,648.47,6835, 32684, 47.42,0.48
TTKPRESTIG, EQ, 26-Sep-2022,975.45,966.0,980.0,923.5,946.05,941.45,942.72,87217,822.21,10193, 44750, 51.31,-3.49
TTKPRESTIG, EQ, 26-Sep-2023,786.2,789.75,789.75,771.0, 771.00,772.35,777.33,47249,367.28,5915, 29274, 61.96,-1.76
TTKPRESTIG, EQ, 26-Sep-2024,867.15,867.25,882.95,867.25,876.0,879.45,876.69,24421,214.1,3890, 13739, 56.26,1.42
TTKPRESTIG, EQ, 26-Oct-2020,5787.0,5760.05,5878.65,5711.0,5713.0,5725.05,5765.5,2109,121.59,738, 904, 42.86,-1.07
TTKPRESTIG, EQ, 26-Oct-2021,9236.75,9310.0,9869.95,9310.0, 9650.00,9648.15,9662.03,22896,2212.22,7339, 7665, 33.48,4.45
TTKPRESTIG, EQ, 26-Oct-2023,792.85,792.0,792.0,763.15, 780.00,781.35,773.49,37594,290.79,5928, 14509, 38.59,-1.45
TTKPRESTIG, EQ, 26-Nov-2020,5850.6,5874.7,5886.0,5777.85, 5850.00,5842.75,5829.16,5790,337.51,1938, 2543, 43.92,-0.13
TTKPRESTIG, EQ, 26-Nov-2021,10511.9,10491.9,10560.1,9756.35, 10006.65,9873.15,10092.22,24923,2515.28,9453, 13085, 52.50,-6.08
TTKPRESTIG, EQ, 26-Nov-2024,861.5,864.0,865.3,845.3,850.0,848.8,853.45,13842,118.13,4444, 7734, 55.87,-1.47
TTKPRESTIG, EQ, 26-Dec-2022,778.55,772.0,799.0,754.6,780.0,767.0,774.95,79183,613.63,6856, 48457, 61.20,-1.48
TTKPRESTIG, EQ, 26-Dec-2023,739.7,743.4,749.0,739.0, 742.40,742.25,741.99,40472,300.3,5622, 20729, 51.22,0.34
TTKPRESTIG, EQ, 26-Dec-2024,814.75,814.0,820.0,805.0,808.0,807.45,809.95,10375,84.03,2809, 5504, 53.05,-0.9
TTKPRESTIG, EQ, 27-Jan-2020,6022.25,6023.0,6098.0,6001.2, 6008.05,6020.35,6064.61,62998,3820.58,1315, 61654, 97.87,-0.03
TTKPRESTIG, EQ, 27-Jan-2021,5936.7,5999.95,5999.95,5856.8, 5870.00,5919.05,5918.1,8263,489.01,2169, 1700, 20.57,-0.3
TTKPRESTIG, EQ, 27-Jan-2022,951.35,951.35,970.0,930.0, 949.85,945.9,948.77,218607,2074.08,7317, 188093, 86.04,-0.57
TTKPRESTIG, EQ, 27-Jan-2023,780.9,784.45,823.85,694.0, 810.00,802.8,784.41,1439137,11288.77,15971, 825048, 57.33,2.8
TTKPRESTIG, EQ, 27-Jan-2025,776.95,760.05,810.6,757.6,803.0,800.65,794.48,138452,1099.97,21674, 50574, 36.53,3.05
TTKPRESTIG, EQ, 27-Feb-2020,5865.95,5840.05,5908.8,5820.05, 5900.05,5892.05,5872.9,3447,202.44,1335, 2629, 76.27,0.44
TTKPRESTIG, EQ, 27-Feb-2023,775.45,775.45,775.45,759.0, 769.00,765.8,764.23,15386,117.58,3696, 7030, 45.69,-1.24
TTKPRESTIG, EQ, 27-Feb-2024,768.05,768.05,768.05,750.5, 751.70,751.75,756.84,40554,306.93,4392, 22548, 55.60,-2.12
TTKPRESTIG, EQ, 27-Feb-2025,660.45,656.15,664.0,647.45,659.0,657.2,654.31,33633,220.07,4362, 19965, 59.36,-0.49
TTKPRESTIG, EQ, 27-Mar-2020,4301.1,4402.0,4679.9,4386.0, 4610.00,4574.45,4538.99,7142,324.17,3552, 3133, 43.87,6.36
TTKPRESTIG, EQ, 27-Mar-2023,683.7,688.85,693.0,672.2, 675.00,676.05,680.81,113859,775.17,6869, 77785, 68.32,-1.12
TTKPRESTIG, EQ, 27-Mar-2024,683.1,684.0,689.05,666.0, 673.00,671.25,673.76,421018,2836.65,23990, 305885, 72.65,-1.73
TTKPRESTIG, EQ, 27-Mar-2025,607.75,605.0,620.0,596.0,602.0,601.7,604.48,60265,364.29,6777, 29441, 48.85,-1.0
TTKPRESTIG, EQ, 27-Apr-2020,4700.2,4710.0,4800.0,4575.0, 4620.00,4617.2,4683.29,4490,210.28,2449, 2478, 55.19,-1.77
TTKPRESTIG, EQ, 27-Apr-2021,7687.8,7627.3,7688.0,7550.0,7595.0,7640.15,7654.21,4372,334.64,1877, 1953, 44.67,-0.62
TTKPRESTIG, EQ, 27-Apr-2022,784.35,782.0,787.85,759.0,774.95,777.55,770.05,850851,6552.0,18150, 686243, 80.65,-0.87
TTKPRESTIG, EQ, 27-Apr-2023,724.9,729.4,732.9,721.0, 725.00,726.55,724.17,38532,279.04,4293, 26740, 69.40,0.23
TTKPRESTIG, EQ, 27-May-2020,4775.35,4716.0,4777.3,4700.0,4707.7,4725.25,4735.29,2282,108.06,1492, 1299, 56.92,-1.05
TTKPRESTIG, EQ, 27-May-2021,8263.25,8348.0,8927.5,8135.35, 8800.00,8869.95,8615.87,116727,10057.04,24634, 22549, 19.32,7.34
TTKPRESTIG, EQ, 27-May-2022,806.45,815.0,832.95,812.0, 826.00,827.3,824.79,36943,304.7,3907, 20797, 56.29,2.59
TTKPRESTIG, EQ, 27-May-2024,701.75,696.55,709.85,696.55,703.55,704.5,704.62,38240,269.45,3829, 21803, 57.02,0.39
TTKPRESTIG, EQ, 27-Jun-2022,812.7,812.7,835.15,812.45,820.0,822.7,822.23,69563,571.97,6995, 26257, 37.75,1.23
TTKPRESTIG, EQ, 27-Jun-2023,743.6,750.0,750.8,737.45, 740.00,738.65,744.38,41580,309.51,4146, 27350, 65.78,-0.67
TTKPRESTIG, EQ, 27-Jun-2024,789.1,789.15,795.2,764.8,787.0,785.1,787.27,54100,425.91,4809, 31964, 59.08,-0.51
TTKPRESTIG, EQ, 27-Jul-2020,5521.15,5522.0,5529.8,5440.0,5450.0,5456.6,5478.52,1863,102.06,1012, 969, 52.01,-1.17
TTKPRESTIG, EQ, 27-Jul-2021,9230.9,9349.0,9533.0,7911.1, 9100.00,9202.35,9280.44,127886,11868.39,22272, 15982, 12.50,-0.31
TTKPRESTIG, EQ, 27-Jul-2022,887.8,898.9,904.8,881.0,889.0,893.65,893.97,37520,335.42,3235, 19875, 52.97,0.66
TTKPRESTIG, EQ, 27-Jul-2023,779.35,780.55,783.4,766.8, 772.00,770.95,776.77,30313,235.46,4135, 16275, 53.69,-1.08
TTKPRESTIG, EQ, 27-Aug-2020,5842.75,5842.75,5900.0,5801.2,5861.0,5846.3,5851.24,2983,174.54,958, 1095, 36.71,0.06
TTKPRESTIG, EQ, 27-Aug-2021,8894.4,8942.0,8942.0,8775.3, 8790.00,8795.25,8833.27,1878,165.89,842, 883, 47.02,-1.11
TTKPRESTIG, EQ, 27-Aug-2024,940.5,936.15,949.45,936.15,941.25,944.5,944.07,25472,240.47,2948, 13855, 54.39,0.43
TTKPRESTIG, EQ, 27-Sep-2021,8889.9,8907.2,8952.55,8829.7, 8899.00,8873.0,8889.9,1817,161.53,976, 1046, 57.57,-0.19
TTKPRESTIG, EQ, 27-Sep-2022,941.45,950.0,972.0,940.15,965.0,962.2,956.24,26450,252.92,4410, 13292, 50.25,2.2
TTKPRESTIG, EQ, 27-Sep-2023,772.35,773.0,780.7,772.4, 779.95,779.7,778.41,21780,169.54,3040, 13180, 60.51,0.95
TTKPRESTIG, EQ, 27-Sep-2024,879.45,879.55,916.5,830.0,854.9,858.55,870.74,219834,1914.18,16828, 110266, 50.16,-2.38
TTKPRESTIG, EQ, 27-Oct-2020,5725.05,5714.2,5859.2,5650.0, 5805.00,5803.65,5795.48,6213,360.07,1759, 1244, 20.02,1.37
TTKPRESTIG, EQ, 27-Oct-2021,9648.15,9793.0,11499.25,9661.75, 11355.00,11132.65,10552.1,361737,38170.84,71017, 72704, 20.10,15.39
TTKPRESTIG, EQ, 27-Oct-2022,952.0,951.4,959.7,927.0,942.0,936.15,945.04,34021,321.51,5658, 18767, 55.16,-1.66
TTKPRESTIG, EQ, 27-Oct-2023,781.35,782.05,799.75,733.0,798.95,791.7,770.78,247151,1904.99,17208, 37797, 15.29,1.32
TTKPRESTIG, EQ, 27-Nov-2020,5842.75,5841.95,5842.0,5699.5,5742.0,5745.8,5762.27,9606,553.52,2094, 5995, 62.41,-1.66
TTKPRESTIG, EQ, 27-Nov-2024,848.8,848.1,889.4,845.0,871.95,872.85,871.8,40522,353.27,8442, 14511, 35.81,2.83
TTKPRESTIG, EQ, 27-Dec-2021,947.6,949.9,951.0,926.3, 944.00,939.9,938.04,75774,710.79,6335, 26674, 35.20,-0.81
TTKPRESTIG, EQ, 27-Dec-2022,767.0,779.0,854.7,779.0,817.0,817.3,836.09,1403616,11735.45,56418, 73116, 5.21,6.56
TTKPRESTIG, EQ, 27-Dec-2023,742.25,742.4,746.0,735.0, 738.30,741.05,740.0,74465,551.04,10045, 43760, 58.77,-0.16
TTKPRESTIG, EQ, 27-Dec-2024,807.45,807.45,821.0,801.8,810.0,809.75,812.96,6790,55.2,2014, 2464, 36.29,0.28
TTKPRESTIG, EQ, 28-Jan-2020,6020.35,6031.6,6111.5,6005.05, 6050.00,6037.2,6053.3,3897,235.9,1246, 2322, 59.58,0.28
TTKPRESTIG, EQ, 28-Jan-2021,5919.05,5919.05,6018.0,5822.25, 5899.00,5883.1,5896.64,4126,243.3,1888, 2166, 52.50,-0.61
TTKPRESTIG, EQ, 28-Jan-2022,945.9,952.75,973.15,944.15, 950.00,951.8,957.28,72930,698.15,8510, 43637, 59.83,0.62
TTKPRESTIG, EQ, 28-Jan-2025,800.65,799.0,799.85,704.2,721.5,736.45,754.88,62131,469.02,9808, 17796, 28.64,-8.02
TTKPRESTIG, EQ, 28-Feb-2020,5892.05,5879.2,5879.2,5606.0, 5725.00,5696.65,5805.56,4856,281.92,1509, 3554, 73.19,-3.32
TTKPRESTIG, EQ, 28-Feb-2022,784.3,783.0,800.0,773.0, 800.00,791.25,781.14,50574,395.05,7477, 23735, 46.93,0.89
TTKPRESTIG, EQ, 28-Feb-2023,765.8,769.65,769.65,752.0, 752.00,756.8,759.68,15033,114.2,2882, 9386, 62.44,-1.18
TTKPRESTIG, EQ, 28-Feb-2024,751.75,752.95,754.95,734.3,740.0,739.55,741.64,46409,344.19,8445, 27381, 59.00,-1.62
TTKPRESTIG, EQ, 28-Feb-2025,657.2,649.7,649.7,619.0,628.0,624.8,631.03,66937,422.39,7498, 44847, 67.00,-4.93
TTKPRESTIG, EQ, 28-Mar-2022,854.5,849.0,854.05,797.95, 821.90,819.2,828.96,74676,619.03,8630, 39048, 52.29,-4.13
TTKPRESTIG, EQ, 28-Mar-2023,676.05,676.0,676.05,652.35, 654.40,656.0,662.15,123829,819.94,11383, 68201, 55.08,-2.97
TTKPRESTIG, EQ, 28-Mar-2024,671.25,671.35,679.0,667.0,672.0,671.3,672.35,81871,550.46,13263, 51502, 62.91,0.01
TTKPRESTIG, EQ, 28-Mar-2025,601.7,601.7,615.0,590.0,591.05,594.4,600.55,63771,382.98,7115, 34322, 53.82,-1.21
TTKPRESTIG, EQ, 28-Apr-2020,4617.2,4675.6,4709.0,4501.0, 4585.60,4582.6,4589.72,3807,174.73,1587, 1907, 50.09,-0.75
TTKPRESTIG, EQ, 28-Apr-2021,7640.15,7848.85,7848.85,7603.95, 7622.00,7684.45,7694.92,4949,380.82,2143, 2411, 48.72,0.58
TTKPRESTIG, EQ, 28-Apr-2022,777.55,785.0,868.0,781.35, 857.00,853.2,847.74,1772161,15023.4,66433, 139678, 7.88,9.73
TTKPRESTIG, EQ, 28-Apr-2023,726.55,729.95,734.05,721.55, 734.00,731.6,729.08,24277,177.0,2934, 13803, 56.86,0.7
TTKPRESTIG, EQ, 28-May-2020,4725.25,4748.55,4799.0,4741.1,4790.0,4778.4,4766.59,1586,75.6,688, 825, 52.02,1.12
TTKPRESTIG, EQ, 28-May-2021,8869.95,8869.95,8960.0,8500.55,8570.0,8609.2,8707.11,30689,2672.12,8469, 5314, 17.32,-2.94
TTKPRESTIG, EQ, 28-May-2024,704.5,704.5,717.75,699.5,708.0,712.15,706.92,139701,987.57,10285, 24752, 17.72,1.09
TTKPRESTIG, EQ, 28-Jun-2021,8803.85,8850.6,9190.0,8850.6, 9149.70,9048.75,8985.95,6992,628.3,2302, 2951, 42.21,2.78
TTKPRESTIG, EQ, 28-Jun-2022,822.7,817.0,835.0,817.0, 828.40,829.25,828.82,37177,308.13,4543, 14505, 39.02,0.8
TTKPRESTIG, EQ, 28-Jun-2024,785.1,784.1,794.0,775.15,785.0,786.8,785.58,73370,576.38,8852, 37056, 50.51,0.22
TTKPRESTIG, EQ, 28-Jul-2020,5456.6,5498.8,5560.0,5464.0,5523.0,5506.95,5512.02,1742,96.02,816, 1117, 64.12,0.92
TTKPRESTIG, EQ, 28-Jul-2021,9202.35,9201.0,9284.75,8650.55,8805.0,8833.75,8976.34,24277,2179.19,8240, 8585, 35.36,-4.01
TTKPRESTIG, EQ, 28-Jul-2022,893.65,904.75,930.0,878.0, 890.95,894.75,909.34,272046,2473.83,16610, 52853, 19.43,0.12
TTKPRESTIG, EQ, 28-Jul-2023,770.95,770.0,780.45,755.0, 772.00,776.8,763.5,295314,2254.71,10683, 238286, 80.69,0.76
TTKPRESTIG, EQ, 28-Aug-2020,5846.3,5874.95,6048.0,5840.2, 5900.00,5946.95,5889.01,8927,525.71,2962, 5830, 65.31,1.72
TTKPRESTIG, EQ, 28-Aug-2023,778.1,778.1,789.95,772.2, 773.00,775.85,781.85,148912,1164.27,5042, 116307, 78.10,-0.29
TTKPRESTIG, EQ, 28-Aug-2024,944.5,945.0,949.85,933.1,944.0,946.15,942.31,34192,322.2,4799, 19257, 56.32,0.17
TTKPRESTIG, EQ, 28-Sep-2020,6064.1,6098.6,6298.0,5990.05,6296.0,6268.7,6194.32,6746,417.87,1732,2974,44.09,3.37
TTKPRESTIG, EQ, 28-Sep-2021,8873.0,8917.4,9008.95,8810.0, 8860.00,8847.25,8942.51,22648,2025.3,1481, 21100, 93.16,-0.29
TTKPRESTIG, EQ, 28-Sep-2022,962.2,967.05,971.5,945.35,971.4,970.15,956.51,46826,447.9,5398, 31393, 67.04,0.83
TTKPRESTIG, EQ, 28-Sep-2023,779.7,779.7,787.1,773.1, 779.80,780.5,779.21,33875,263.96,3886, 16917, 49.94,0.1
TTKPRESTIG, EQ, 28-Oct-2020,5803.65,5803.65,5845.9,5703.0, 5750.05,5744.8,5752.73,2723,156.65,971, 1276, 46.86,-1.01
TTKPRESTIG, EQ, 28-Oct-2021,11132.65,11399.9,11619.9,10580.0, 11030.00,11103.7,11115.34,179537,19956.15,51129, 24031, 13.38,-0.26
TTKPRESTIG, EQ, 28-Oct-2022,936.15,931.25,942.3,908.95,924.5,916.75,924.25,36549,337.8,4859, 16618, 45.47,-2.07
TTKPRESTIG, EQ, 28-Oct-2024,835.35,835.35,863.35,830.0,860.0,860.2,844.1,43608,368.09,6521, 22842, 52.38,2.97
TTKPRESTIG, EQ, 28-Nov-2022,888.85,881.0,900.4,881.0, 894.75,894.55,892.42,48508,432.9,5033, 24754, 51.03,0.64
TTKPRESTIG, EQ, 28-Nov-2023,761.6,762.25,768.4,759.0, 765.00,763.6,763.07,28728,219.21,3941, 16748, 58.30,0.26
TTKPRESTIG, EQ, 28-Nov-2024,872.85,871.05,871.05,847.0,853.4,850.55,856.59,22298,191.0,4411, 12843, 57.60,-2.55
TTKPRESTIG, EQ, 28-Dec-2020,5990.15,6030.0,6244.0,5925.0,6170.0,6119.9,6094.52,27702,1688.3,6294, 9462, 34.16,2.17
TTKPRESTIG, EQ, 28-Dec-2021,939.9,947.0,976.4,944.15,972.5,970.4,965.6,168644,1628.42,8638, 79432, 47.10,3.25
TTKPRESTIG, EQ, 28-Dec-2022,817.3,815.0,832.75,803.25, 804.00,805.2,816.18,144943,1183.0,9911, 28238, 19.48,-1.48
TTKPRESTIG, EQ, 28-Dec-2023,741.05,748.0,748.95,737.0, 740.00,740.95,741.58,113830,844.14,15803, 92165, 80.97,-0.01
TTKPRESTIG, EQ, 29-Jan-2020,6037.2,6020.1,6061.45,5964.6, 5979.00,5978.25,6000.62,7371,442.31,1896, 6284, 85.25,-0.98
TTKPRESTIG, EQ, 29-Jan-2021,5883.1,6010.0,6010.0,5901.0, 5968.80,5961.95,5938.68,2514,149.3,856, 1644, 65.39,1.34
TTKPRESTIG, EQ, 29-Jan-2024,778.55,778.55,785.95,764.05, 785.00,782.9,776.76,53837,418.19,5883, 32737, 60.81,0.56
TTKPRESTIG, EQ, 29-Jan-2025,736.45,735.9,741.95,712.15,718.5,715.8,723.27,60447,437.2,12747, 18096, 29.94,-2.8
TTKPRESTIG, EQ, 29-Feb-2024,739.55,739.55,762.0,736.75, 740.10,747.95,750.81,76803,576.65,9767, 29437, 38.33,1.14
TTKPRESTIG, EQ, 29-Mar-2022,819.2,827.4,839.0,800.0, 802.00,803.5,811.7,94159,764.29,9957, 47684, 50.64,-1.92
TTKPRESTIG, EQ, 29-Mar-2023,656.0,663.0,680.2,656.8, 674.30,670.95,669.28,120123,803.95,9401, 53531, 44.56,2.28
TTKPRESTIG, EQ, 29-Apr-2020,4582.6,4659.9,4870.0,4586.9,4795.0,4827.4,4747.28,5413,256.97,1991, 2709, 50.05,5.34
TTKPRESTIG, EQ, 29-Apr-2021,7684.45,7679.0,7684.6,7500.0, 7650.00,7550.7,7575.39,4561,345.51,1527, 2561, 56.15,-1.74
TTKPRESTIG, EQ, 29-Apr-2022,853.2,855.8,859.0,830.0,846.15,848.85,846.76,242860,2056.43,12734, 50630, 20.85,-0.51
TTKPRESTIG, EQ, 29-Apr-2024,696.6,708.0,717.75,697.5, 699.00,700.55,700.97,35611,249.62,5011, 17461, 49.03,0.57
TTKPRESTIG, EQ, 29-May-2020,4778.4,4777.7,4897.9,4610.7, 4670.00,4672.35,4717.77,7443,351.14,1944, 4068, 54.66,-2.22
TTKPRESTIG, EQ, 29-May-2023,687.75,698.0,699.0,686.65, 697.00,697.2,692.83,95280,660.13,7831, 60457, 63.45,1.37
TTKPRESTIG, EQ, 29-May-2024,712.15,703.35,707.95,699.0,704.85,704.3,703.42,32513,228.7,4388, 16161, 49.71,-1.1
TTKPRESTIG, EQ, 29-Jun-2020,5652.85,5602.25,5652.0,5413.25, 5420.00,5445.2,5487.82,16963,930.9,5125, 4958, 29.23,-3.67
TTKPRESTIG, EQ, 29-Jun-2021,9048.75,9190.0,9466.6,9109.05, 9240.00,9306.45,9298.45,59213,5505.89,9405, 22389, 37.81,2.85
TTKPRESTIG, EQ, 29-Jun-2022,829.25,820.0,839.8,800.0, 807.95,807.0,817.22,50003,408.64,7207, 27046, 54.09,-2.68
TTKPRESTIG, EQ, 28-Jun-2023,738.65,742.5,744.5,722.1, 725.00,725.5,731.24,81951,599.26,6396, 52869, 64.51,-1.78
TTKPRESTIG, EQ, 29-Jul-2020,5506.95,5523.45,5523.45,5400.0, 5400.00,5409.7,5439.52,2384,129.68,999, 1756, 73.66,-1.77
TTKPRESTIG, EQ, 29-Jul-2021,8833.75,8800.0,8990.75,8750.0,8801.0,8788.6,8868.41,6619,587.0,2413, 3476, 52.52,-0.51
TTKPRESTIG, EQ, 29-Jul-2022,894.75,890.0,903.95,880.0,892.0,887.65,889.93,82104,730.67,7060, 34599, 42.14,-0.79
TTKPRESTIG, EQ, 29-Jul-2024,921.85,920.35,921.85,896.0,905.0,905.1,903.59,96672,873.52,9231, 61663, 63.79,-1.82
TTKPRESTIG, EQ, 29-Aug-2022,916.15,896.2,975.0,892.0, 950.00,946.35,948.32,359163,3406.02,20070, 144049, 40.11,3.3
TTKPRESTIG, EQ, 29-Aug-2023,775.85,774.0,790.0,774.0, 787.70,788.6,782.67,119785,937.53,7772, 79333, 66.23,1.64
TTKPRESTIG, EQ, 29-Aug-2024,946.15,950.9,950.9,931.35,945.0,946.4,943.35,44025,415.31,6789, 23019, 52.29,0.03
TTKPRESTIG, EQ, 29-Sep-2020,6268.7,6266.1,6269.0,6119.0,6122.3,6151.2,6158.14,4610,283.89,1063, 618, 13.41,-1.87
TTKPRESTIG, EQ, 29-Sep-2021,8847.25,8860.0,9000.0,8765.0, 8845.00,8827.25,8853.96,3120,276.24,1775, 1128, 36.15,-0.23
TTKPRESTIG, EQ, 29-Sep-2022,970.15,983.7,987.25,959.3,969.9,962.85,975.19,120097,1171.17,4826, 97954, 81.56,-0.75
TTKPRESTIG, EQ, 29-Sep-2023,780.5,782.15,789.35,779.1, 782.00,783.2,783.92,23113,181.19,3573, 11961, 51.75,0.35
TTKPRESTIG, EQ, 29-Oct-2020,5744.8,5691.3,5748.05,5674.0,5733.25,5720.55,5708.52,1858,106.06,917, 854, 45.96,-0.42
TTKPRESTIG, EQ, 29-Oct-2021,11103.7,11090.0,11100.0,10600.05, 10931.00,10937.05,10887.25,43059,4687.94,11907, 6792, 15.77,-1.5
TTKPRESTIG, EQ, 29-Oct-2024,860.2,860.2,878.65,852.0,867.95,869.7,867.59,35870,311.2,7271, 12887, 35.93,1.1
TTKPRESTIG, EQ, 29-Nov-2021,9873.15,9865.0,9910.0,9529.55, 9780.00,9803.15,9746.42,16843,1641.59,6361, 8126, 48.25,-0.71
TTKPRESTIG, EQ, 29-Nov-2022,894.55,894.55,898.65,880.0,884.0,882.35,885.2,24065,213.02,2695, 14314, 59.48,-1.36
TTKPRESTIG, EQ, 29-Nov-2023,763.6,767.45,767.45,755.15, 757.00,760.9,760.48,111029,844.35,5678, 93992, 84.66,-0.35
TTKPRESTIG, EQ, 29-Nov-2024,850.55,857.55,857.55,843.0,845.1,844.4,847.37,12514,106.04,2519, 7446, 59.50,-0.72
TTKPRESTIG, EQ, 29-Dec-2020,6119.9,6274.8,6288.0,6175.0,6200.0,6204.6,6221.61,18450,1147.89,3757, 7814, 42.35,1.38
TTKPRESTIG, EQ, 29-Dec-2021,970.4,976.5,989.9,966.1, 975.00,974.25,981.45,62747,615.83,5896, 23970, 38.20,0.4
TTKPRESTIG, EQ, 29-Dec-2022,805.2,805.2,813.15,796.9, 799.00,799.4,803.29,44211,355.14,5096, 19597, 44.33,-0.72
TTKPRESTIG, EQ, 29-Dec-2023,740.95,740.95,747.8,736.1, 740.30,741.3,742.17,61821,458.81,6877, 33424, 54.07,0.05
TTKPRESTIG, EQ, 30-Jan-2020,5978.25,5981.6,6122.0,5830.0, 5845.00,5860.3,5930.5,12809,759.64,4045, 2200, 17.18,-1.97
TTKPRESTIG, EQ, 30-Jan-2023,802.8,809.9,809.9,785.0, 789.00,787.2,790.49,39893,315.35,4310, 22342, 56.00,-1.94
TTKPRESTIG, EQ, 30-Jan-2024,782.9,789.0,789.0,771.2, 785.00,784.75,780.54,56391,440.16,5906, 31632, 56.09,0.24
TTKPRESTIG, EQ, 30-Jan-2025,715.8,724.0,741.45,713.3,717.1,718.7,723.83,32088,232.26,6402, 8687, 27.07,0.41
TTKPRESTIG, EQ, 30-Mar-2020,4574.45,4451.55,4500.0,4222.85, 4325.00,4303.2,4308.75,6836,294.55,3354, 4091, 59.84,-5.93
TTKPRESTIG, EQ, 30-Mar-2021,7129.8,7169.95,7380.0,7140.45,7304.9,7346.25,7301.98,4570,333.7,1693, 2598, 56.85,3.04
TTKPRESTIG, EQ, 30-Mar-2022,803.5,810.0,832.7,807.3, 823.35,818.7,816.72,234395,1914.36,16053, 166030, 70.83,1.89
TTKPRESTIG, EQ, 30-Apr-2020,4827.4,4830.0,4900.0,4789.95,4835.2,4825.05,4825.89,7402,357.21,4139, 4450, 60.12,-0.05
TTKPRESTIG, EQ, 30-Apr-2021,7550.7,7560.05,7760.05,7368.0,7389.0,7401.25,7581.8,11224,850.98,3045, 5977, 53.25,-1.98
TTKPRESTIG, EQ, 30-Apr-2024,700.55,704.1,715.0,698.45, 705.00,702.5,707.91,253227,1792.63,19984, 106429, 42.03,0.28
TTKPRESTIG, EQ, 30-May-2022,827.3,850.0,854.95,823.0, 834.00,833.95,834.77,568421,4745.03,8830, 24216, 4.26,0.8
TTKPRESTIG, EQ, 30-May-2023,697.2,695.0,702.25,691.0, 691.65,692.35,696.05,161017,1120.76,5407, 135262, 84.00,-0.7
TTKPRESTIG, EQ, 30-May-2024,704.3,705.0,705.0,694.0,695.9,698.3,697.86,33101,231.0,4131, 20152, 60.88,-0.85
TTKPRESTIG, EQ, 30-Jun-2020,5445.2,5465.0,5579.0,5380.0, 5434.00,5414.4,5449.51,5582,304.19,1706, 1966, 35.22,-0.57
TTKPRESTIG, EQ, 30-Jun-2021,9306.45,9306.45,9430.0,9190.0, 9366.95,9373.9,9295.92,15252,1417.81,5614, 6414, 42.05,0.72
TTKPRESTIG, EQ, 30-Jun-2022,807.0,813.0,834.8,810.05,820.55,830.75,828.1,60284,499.21,6589, 20880, 34.64,2.94
TTKPRESTIG, EQ, 30-Jun-2023,725.5,729.65,754.8,722.55, 748.90,750.0,737.39,140091,1033.02,11914, 66905, 47.76,3.38
TTKPRESTIG, EQ, 30-Jul-2020,5409.7,5400.0,5450.0,5220.05, 5350.10,5341.75,5326.09,4924,262.26,2079, 3070, 62.35,-1.26
TTKPRESTIG, EQ, 30-Jul-2021,8788.6,8801.0,8924.4,8700.0, 8717.00,8743.9,8796.5,5941,522.6,2497, 3244, 54.60,-0.51
TTKPRESTIG, EQ, 30-Jul-2024,905.1,908.0,946.9,900.0,935.95,936.65,930.37,401345,3734.0,23988, 90369, 22.52,3.49
TTKPRESTIG, EQ, 30-Aug-2021,8795.25,8879.0,8901.05,8775.0, 8800.00,8805.15,8817.71,2556,225.38,947, 1463, 57.24,0.11
TTKPRESTIG, EQ, 30-Aug-2022,946.35,965.0,968.0,935.05, 962.00,961.9,954.15,193110,1842.56,9403, 133836, 69.31,1.64
TTKPRESTIG, EQ, 30-Aug-2023,788.6,794.95,797.45,775.05, 775.05,777.7,784.54,323951,2541.53,11633, 268557, 82.90,-1.38
TTKPRESTIG, EQ, 30-Aug-2024,946.4,949.9,953.9,931.3,940.0,938.35,941.83,42885,403.9,8975, 20932, 48.81,-0.85
TTKPRESTIG, EQ, 30-Sep-2020,6151.2,6200.0,6242.95,6062.05,6075.1,6104.75,6160.13,4361,268.64,2181, 2311, 52.99,-0.76
TTKPRESTIG, EQ, 30-Sep-2021,8827.25,8850.0,8954.95,8805.0, 8893.00,8883.4,8883.54,22815,2026.78,837, 912, 4.00,0.64
TTKPRESTIG, EQ, 30-Sep-2022,962.85,967.7,980.0,953.95, 957.60,959.15,966.77,24474,236.61,2976, 10880, 44.46,-0.38
TTKPRESTIG, EQ, 30-Sep-2024,858.55,859.9,878.0,846.05,877.0,875.35,864.88,67332,582.34,12763, 31743, 47.14,1.96
TTKPRESTIG, EQ, 30-Oct-2020,5720.55,5724.7,5759.6,5570.1, 5700.00,5704.7,5669.14,2554,144.79,1005, 1127, 44.13,-0.28
TTKPRESTIG, EQ, 30-Oct-2023,791.7,784.5,789.3,773.05, 782.00,783.05,780.6,43863,342.39,4606, 19122, 43.59,-1.09
TTKPRESTIG, EQ, 30-Oct-2024,869.7,869.0,900.0,854.4,894.7,874.0,872.48,172704,1506.81,26387, 22789, 13.20,0.49
TTKPRESTIG, EQ, 30-Nov-2021,9803.15,10000.0,10268.95,9837.2,10020.0,9973.95,10015.9,21845,2187.97,8779, 10837, 49.61,1.74
TTKPRESTIG, EQ, 30-Nov-2022,882.35,880.0,894.9,880.0,886.0,884.25,886.22,27243,241.43,3521, 16891, 62.00,0.22
TTKPRESTIG, EQ, 30-Nov-2023,760.9,764.75,774.0,757.05, 772.30,771.3,766.73,58157,445.91,7141, 40643, 69.88,1.37
TTKPRESTIG, EQ, 30-Dec-2020,6204.6,6249.0,6249.0,6145.0,6166.0,6177.25,6197.89,7350,455.55,2056, 3011, 40.97,-0.44
TTKPRESTIG, EQ, 30-Dec-2021,974.25,975.0,987.4,965.0, 967.00,966.25,973.79,51802,504.44,6065, 24433, 47.17,-0.82
TTKPRESTIG, EQ, 30-Dec-2022,799.4,803.6,808.0,792.1,804.0,802.05,803.05,28888,231.99,3139, 13627, 47.17,0.33
TTKPRESTIG, EQ, 30-Dec-2024,809.75,815.0,826.0,801.1,809.1,806.15,811.33,12478,101.24,3369, 5189, 41.59,-0.44
TTKPRESTIG, EQ, 31-Jan-2020,5860.3,5880.0,5880.0,5760.0, 5762.10,5786.95,5797.67,3689,213.88,1426, 1886, 51.12,-1.25
TTKPRESTIG, EQ, 31-Jan-2022,951.8,967.0,969.3,946.5,960.0,958.55,957.9,72960,698.88,6693, 47692, 65.37,0.71
TTKPRESTIG, EQ, 31-Jan-2023,787.2,789.0,818.7,765.0,780.0,783.7,788.59,255551,2015.25,15618, 148379, 58.06,-0.44
TTKPRESTIG, EQ, 31-Jan-2024,784.75,784.0,792.0,777.0, 779.00,787.05,788.09,75532,595.26,8746, 42881, 56.77,0.29
TTKPRESTIG, EQ, 31-Jan-2025,718.7,720.0,741.25,712.65,735.0,739.0,726.24,27995,203.31,5465, 12194, 43.56,2.82
TTKPRESTIG, EQ, 31-Mar-2020,4303.2,4349.15,5163.8,4344.0,5163.8,4864.55,4643.2,6235,289.5,2400, 3634, 58.28,13.04
TTKPRESTIG, EQ, 31-Mar-2021,7346.25,7377.8,7377.8,7205.1, 7211.10,7249.9,7278.38,5771,420.04,2851, 3604, 62.45,-1.31
TTKPRESTIG, EQ, 31-Mar-2022,818.7,823.35,859.8,814.4, 820.00,826.75,841.43,139208,1171.34,9895, 50226, 36.08,0.98
TTKPRESTIG, EQ, 31-Mar-2023,670.95,675.0,704.95,675.0, 701.15,699.15,692.67,148136,1026.1,10381, 99290, 67.03,4.2
TTKPRESTIG, EQ, 31-May-2021,8609.2,8670.0,8988.0,8460.3, 8531.10,8668.45,8755.59,51590,4517.01,13686, 8346, 16.18,0.69
TTKPRESTIG, EQ, 31-May-2022,833.95,839.0,840.0,825.15, 833.00,831.95,832.55,90016,749.43,11241, 46612, 51.78,-0.24
TTKPRESTIG, EQ, 31-May-2023,692.35,690.3,694.45,683.0, 687.00,687.2,688.99,144978,998.88,15665, 114424, 78.93,-0.74
TTKPRESTIG, EQ, 31-May-2024,698.3,695.05,697.3,675.5,681.0,678.2,683.43,129290,883.6,14165, 76288, 59.01,-2.88
TTKPRESTIG, EQ, 31-Jul-2020,5341.75,5350.6,5974.9,5320.0,5885.0,5783.35,5746.2,38479,2211.08,6574, 6862, 17.83,8.27
TTKPRESTIG, EQ, 31-Jul-2023,776.8,780.85,798.0,778.75, 790.95,788.45,791.29,81788,647.18,9330, 42633, 52.13,1.5
TTKPRESTIG, EQ, 31-Jul-2024,936.65,948.5,984.0,934.75,964.5,964.5,966.7,274898,2657.45,19441, 110874, 40.33,2.97
TTKPRESTIG, EQ, 31-Aug-2020,5946.95,5960.0,6025.95,5655.55, 5688.00,5692.05,5848.82,10730,627.58,4587, 6493, 60.51,-4.29
TTKPRESTIG, EQ, 31-Aug-2021,8805.15,8880.0,8880.0,8766.35,8875.0,8826.3,8810.89,6115,538.79,997, 4689, 76.68,0.24
TTKPRESTIG, EQ, 31-Aug-2023,777.7,778.35,786.3,772.1, 786.30,784.3,778.31,161913,1260.19,8724, 115043, 71.05,0.85
TTKPRESTIG, EQ, 31-Oct-2022,916.75,916.0,945.0,916.0,930.0,931.3,934.46,46869,437.97,10481, 18453, 39.37,1.59
TTKPRESTIG, EQ, 31-Oct-2023,783.05,785.05,803.9,780.65, 798.00,800.7,794.66,62213,494.38,6026, 33767, 54.28,2.25
TTKPRESTIG, EQ, 31-Oct-2024,874.0,860.0,930.0,860.0,863.6,863.9,890.34,167443,1490.81,26184, 56312, 33.63,-1.16
TTKPRESTIG, EQ, 31-Dec-2020,6177.25,6178.05,6283.95,6121.05,6126.45,6180.6,6217.42,8112,504.36,2296, 3823, 47.13,0.05
TTKPRESTIG, EQ, 31-Dec-2021,966.25,966.25,989.9,965.0,986.0,986.7,977.3,83032,811.47,6826, 39721, 47.84,2.12
TTKPRESTIG, EQ, 31-Dec-2024,806.15,804.95,823.45,785.6,813.9,809.9,809.04,61550,497.96,7566, 15142, 24.60,0.47
