SYMBOL, SERIES, DATE1, PREV_CLOSE, OPEN_PRICE, HIGH_PRICE, LOW_PRICE, LAST_PRICE, CLOSE_PRICE, AVG_PRICE, TTL_TRD_QNTY, TURNOVER_LACS, NO_OF_TRADES, DELIV_QTY, DELIV_PER,PER_CHANGE
UBL, EQ, 01-Jan-2020,1270.05,1271.7,1285.45,1263.5, 1272.80,1273.75,1275.04,170248,2170.73,7179, 14934, 8.77,0.29
UBL, EQ, 01-Jan-2021,1186.35,1185.0,1201.35,1179.8, 1184.10,1183.15,1190.66,535763,6379.11,12052, 64024, 11.95,-0.27
UBL, EQ, 01-Jan-2024,1785.15,1793.2,1807.95,1772.1, 1787.90,1792.7,1795.65,364690,6548.56,28897, 172365, 47.26,0.42
UBL, EQ, 01-Jan-2025,2037.0,2047.0,2097.25,2038.55,2090.0,2092.4,2074.23,164563,3413.42,15836, 51018, 31.00,2.72
UBL, EQ, 01-Feb-2021,1299.7,1298.25,1304.2,1256.2, 1283.15,1283.3,1284.29,524202,6732.27,17682, 157849, 30.11,-1.26
UBL, EQ, 01-Feb-2022,1619.2,1621.0,1655.1,1617.2,1655.0,1650.4,1637.99,200962,3291.74,15168, 55023, 27.38,1.93
UBL, EQ, 01-Feb-2023,1592.15,1604.8,1604.8,1560.0, 1572.10,1575.8,1586.68,116942,1855.5,13088, 38994, 33.34,-1.03
UBL, EQ, 01-Feb-2024,1808.1,1808.1,1816.15,1789.05, 1807.00,1803.15,1799.52,147381,2652.16,9318, 93125, 63.19,-0.27
UBL, EQ, 01-Mar-2021,1161.35,1167.5,1194.2,1160.1, 1188.55,1188.75,1182.55,227878,2694.78,7694, 44243, 19.42,2.36
UBL, EQ, 01-Mar-2023,1446.9,1448.55,1474.95,1448.05, 1473.45,1464.2,1464.79,228944,3353.55,27450, 121077, 52.88,1.2
UBL, EQ, 01-Mar-2024,1697.2,1697.15,1713.05,1692.95, 1700.00,1698.9,1699.16,62449,1061.11,6600, 25803, 41.32,0.1
UBL, EQ, 01-Apr-2020,918.85,927.5,938.1,882.7,895.0,889.7,897.95,357548,3210.59,26246, 130307, 36.44,-3.17
UBL, EQ, 01-Apr-2021,1241.45,1242.0,1250.05,1230.15, 1238.00,1242.15,1240.08,106441,1319.95,6514, 21897, 20.57,0.06
UBL, EQ, 01-Apr-2022,1489.55,1489.55,1518.0,1471.6, 1501.00,1500.75,1502.4,374389,5624.8,23207, 161128, 43.04,0.75
UBL, EQ, 01-Apr-2024,1735.95,1760.0,1788.25,1736.0, 1781.85,1779.55,1764.3,245203,4326.11,22049, 93811, 38.26,2.51
UBL, EQ, 01-Apr-2025,1999.25,1999.25,2008.6,1943.1,1953.2,1951.7,1971.12,94303,1858.82,16491, 49014, 51.98,-2.38
UBL, EQ, 01-Jun-2020,957.0,967.0,986.45,960.65, 970.05,965.2,972.56,989672,9625.13,35119, 276397, 27.93,0.86
UBL, EQ, 01-Jun-2021,1253.35,1255.0,1280.0,1240.0, 1253.95,1250.65,1259.15,562359,7080.92,30737, 135147, 24.03,-0.22
UBL, EQ, 01-Jun-2022,1542.4,1541.65,1561.0,1526.05,1533.15,1533.9,1540.34,182194,2806.42,7677, 97830, 53.70,-0.55
UBL, EQ, 01-Jun-2023,1454.7,1460.0,1474.5,1455.8, 1461.00,1463.1,1466.51,245109,3594.55,18349, 106684, 43.53,0.58
UBL, EQ, 01-Jul-2020,1037.75,1035.0,1048.7,1018.05, 1027.50,1023.6,1030.71,361851,3729.63,15491, 139768, 38.63,-1.36
UBL, EQ, 01-Jul-2021,1446.3,1435.0,1447.0,1431.45, 1440.00,1437.45,1438.69,257933,3710.85,10273, 49616, 19.24,-0.61
UBL, EQ, 01-Jul-2022,1452.8,1453.8,1509.0,1440.0,1501.95,1495.5,1475.32,174055,2567.87,16238, 64571, 37.10,2.94
UBL, EQ, 01-Jul-2024,1986.05,1997.95,2022.0,1972.8,2009.6,2009.6,2001.0,132347,2648.26,11838, 54658, 41.30,1.19
UBL, EQ, 01-Aug-2022,1622.45,1630.0,1644.3,1611.0, 1622.65,1617.5,1627.05,323535,5264.06,8064, 203892, 63.02,-0.31
UBL, EQ, 01-Aug-2023,1540.25,1549.95,1604.85,1542.05, 1592.00,1591.35,1589.88,1438430,22869.3,53401, 520114, 36.16,3.32
UBL, EQ, 01-Aug-2024,2015.0,2014.9,2042.95,1998.95,2008.55,2001.4,2023.43,532595,10776.71,30833, 338950, 63.64,-0.67
UBL, EQ, 01-Sep-2020,1010.65,1012.0,1016.7,992.9, 1014.00,1002.95,1004.69,546913,5494.8,16471, 101364, 18.53,-0.76
UBL, EQ, 01-Sep-2021,1475.0,1475.0,1559.0,1469.55,1553.95,1543.3,1517.22,1175823,17839.76,53619, 237779, 20.22,4.63
UBL, EQ, 01-Sep-2022,1641.65,1638.0,1668.4,1628.0,1660.05,1662.95,1656.04,181735,3009.61,11147, 93330, 51.35,1.3
UBL, EQ, 01-Sep-2023,1516.6,1516.05,1555.0,1510.55, 1550.05,1546.45,1537.0,168419,2588.61,7447, 83652, 49.67,1.97
UBL, EQ, 01-Oct-2020,956.3,970.0,976.8,955.05, 961.55,962.15,965.11,727591,7022.05,16945, 118998, 16.36,0.61
UBL, EQ, 01-Oct-2021,1571.5,1570.0,1583.9,1558.2, 1573.00,1577.45,1570.89,321261,5046.65,9623, 162814, 50.68,0.38
UBL, EQ, 01-Oct-2024,2175.45,2181.0,2186.4,2149.7,2165.0,2163.35,2160.44,138743,2997.45,18266, 78544, 56.61,-0.56
UBL, EQ, 01-Nov-2021,1658.55,1657.8,1702.95,1646.3, 1665.70,1672.1,1676.5,556178,9324.33,26571, 273605, 49.19,0.82
UBL, EQ, 01-Nov-2022,1652.85,1653.15,1697.0,1649.2,1684.05,1690.2,1677.58,207318,3477.94,14384, 70654, 34.08,2.26
UBL, EQ, 01-Nov-2023,1615.15,1625.0,1625.1,1603.65, 1610.00,1606.5,1614.95,274912,4439.68,11638, 157118, 57.15,-0.54
UBL, EQ, 01-Dec-2020,1038.95,1040.0,1091.0,1035.1,1087.0,1088.4,1066.24,727712,7759.14,19250, 171662, 23.59,4.76
UBL, EQ, 01-Dec-2021,1504.35,1512.5,1514.85,1484.05,1509.95,1504.95,1500.25,254115,3812.37,19563, 124176, 48.87,0.04
UBL, EQ, 01-Dec-2022,1686.1,1698.0,1705.95,1685.95,1700.9,1698.85,1695.06,172339,2921.24,11761, 80982, 46.99,0.76
UBL, EQ, 01-Dec-2023,1646.8,1650.0,1679.9,1643.15, 1665.20,1672.0,1664.34,198248,3299.51,13862, 81072, 40.89,1.53
UBL, EQ, 02-Jan-2020,1273.75,1275.0,1284.6,1265.1, 1283.00,1281.4,1276.72,347781,4440.19,14928, 156443, 44.98,0.6
UBL, EQ, 02-Jan-2023,1699.8,1698.0,1709.2,1677.1, 1690.00,1686.7,1686.26,130102,2193.86,11582, 58741, 45.15,-0.77
UBL, EQ, 02-Jan-2024,1792.7,1791.3,1822.65,1785.0, 1812.90,1812.6,1807.31,286287,5174.08,18136, 112921, 39.44,1.11
UBL, EQ, 02-Jan-2025,2092.4,2093.0,2142.45,2069.8,2129.0,2136.65,2119.35,256463,5435.34,24010, 139819, 54.52,2.11
UBL, EQ, 02-Feb-2021,1283.3,1270.55,1309.8,1270.55, 1287.40,1289.05,1287.64,510092,6568.17,24347, 197747, 38.77,0.45
UBL, EQ, 02-Feb-2022,1650.4,1662.5,1678.25,1651.45, 1670.90,1670.85,1667.32,279976,4668.09,15814, 110399, 39.43,1.24
UBL, EQ, 02-Feb-2023,1575.8,1568.05,1603.2,1566.9, 1595.00,1589.45,1592.37,92432,1471.86,11411, 46457, 50.26,0.87
UBL, EQ, 02-Feb-2024,1803.15,1807.0,1849.9,1800.3, 1844.00,1846.55,1830.96,120945,2214.45,10901, 52373, 43.30,2.41
UBL, EQ, 02-Mar-2020,1245.65,1255.2,1272.0,1201.0, 1220.00,1217.05,1246.9,677021,8441.74,14727, 371130, 54.82,-2.3
UBL, EQ, 02-Mar-2021,1188.75,1197.9,1212.9,1180.0,1205.1,1208.3,1191.61,320796,3822.65,8650, 128225, 39.97,1.64
UBL, EQ, 02-Mar-2022,1500.95,1490.0,1503.8,1468.0, 1502.60,1498.25,1480.15,628359,9300.67,33860, 369414, 58.79,-0.18
UBL, EQ, 02-Mar-2023,1464.2,1470.0,1477.0,1453.0, 1455.15,1457.7,1463.6,168287,2463.05,17360, 69229, 41.14,-0.44
UBL, EQ, 02-Apr-2024,1779.55,1774.0,1824.9,1773.35, 1803.00,1804.75,1805.3,345100,6230.07,41399, 127948, 37.08,1.42
UBL, EQ, 02-Apr-2025,1951.7,1972.0,1985.0,1940.0,1975.0,1970.4,1969.09,95346,1877.45,12364, 60586, 63.54,0.96
UBL, EQ, 02-May-2022,1585.9,1585.0,1593.75,1537.9,1559.0,1553.4,1560.88,201256,3141.36,11263, 52904, 26.29,-2.05
UBL, EQ, 02-May-2023,1479.5,1479.85,1487.3,1436.4, 1448.00,1445.75,1448.02,532129,7705.36,26532, 191238, 35.94,-2.28
UBL, EQ, 02-May-2024,2037.9,2037.9,2073.45,2027.75, 2057.90,2053.7,2054.81,304045,6247.56,26818, 118756, 39.06,0.78
UBL, EQ, 02-Jun-2020,965.2,984.5,989.3,961.05,966.0,965.9,973.49,555929,5411.92,19934, 121618, 21.88,0.07
UBL, EQ, 02-Jun-2021,1250.65,1254.75,1266.0,1238.45, 1240.00,1243.3,1248.59,289540,3615.16,9681, 163702, 56.54,-0.59
UBL, EQ, 02-Jun-2022,1533.9,1523.1,1546.25,1515.1,1536.0,1539.65,1532.86,131574,2016.84,5121, 61902, 47.05,0.37
UBL, EQ, 02-Jun-2023,1463.1,1469.3,1472.1,1445.05, 1450.00,1448.8,1450.79,195312,2833.57,12036, 130575, 66.85,-0.98
UBL, EQ, 02-Jul-2020,1023.6,1035.0,1060.95,1029.1, 1055.00,1055.7,1051.96,625689,6581.97,28380, 206049, 32.93,3.14
UBL, EQ, 02-Jul-2021,1437.45,1437.5,1453.85,1434.75,1439.2,1446.6,1447.1,247857,3586.73,10849, 74315, 29.98,0.64
UBL, EQ, 02-Jul-2024,2009.6,2022.0,2044.0,2001.3,2024.0,2031.5,2025.09,192997,3908.36,16436, 105803, 54.82,1.09
UBL, EQ, 02-Aug-2021,1428.6,1438.25,1450.0,1430.25,1438.5,1440.7,1440.95,245708,3540.52,20435, 92667, 37.71,0.85
UBL, EQ, 02-Aug-2022,1617.5,1617.0,1627.2,1598.3,1600.25,1607.8,1606.44,277200,4453.05,11793, 179148, 64.63,-0.6
UBL, EQ, 02-Aug-2023,1591.35,1599.95,1600.0,1538.7, 1563.00,1559.8,1567.04,403720,6326.46,23858, 179853, 44.55,-1.98
UBL, EQ, 02-Aug-2024,2001.4,1998.0,2032.7,1981.35,1999.0,1997.65,2010.82,258639,5200.77,24587, 84087, 32.51,-0.19
UBL, EQ, 02-Sep-2020,1002.95,1003.0,1098.15,1002.9, 1085.00,1084.5,1071.85,3099043,33217.22,88308, 389905, 12.58,8.13
UBL, EQ, 02-Sep-2021,1543.3,1562.0,1608.25,1549.55, 1558.00,1563.25,1580.42,2587964,40900.71,117351, 353982, 13.68,1.29
UBL, EQ, 02-Sep-2022,1662.95,1663.1,1719.0,1663.1,1707.8,1705.15,1701.09,402636,6849.18,18652, 98992, 24.59,2.54
UBL, EQ, 02-Sep-2024,2050.45,2060.9,2060.9,2016.3,2030.0,2030.5,2030.32,212638,4317.23,12519, 132930, 62.51,-0.97
UBL, EQ, 02-Nov-2020,926.2,930.0,930.0,914.0, 925.00,926.2,922.23,205094,1891.45,5804, 59686, 29.10,0.0
UBL, EQ, 02-Nov-2021,1672.1,1660.0,1723.95,1660.0, 1684.00,1685.9,1694.71,469344,7954.01,28571, 103468, 22.05,0.83
UBL, EQ, 02-Nov-2022,1690.2,1680.0,1698.4,1666.0,1672.8,1671.4,1676.57,178552,2993.54,17581, 86698, 48.56,-1.11
UBL, EQ, 02-Nov-2023,1606.5,1609.75,1619.35,1601.15, 1612.15,1611.95,1610.2,63190,1017.49,4127, 25297, 40.03,0.34
UBL, EQ, 02-Dec-2020,1088.4,1083.5,1095.2,1061.0, 1067.65,1068.8,1076.85,850673,9160.45,30071, 296332, 34.84,-1.8
UBL, EQ, 02-Dec-2021,1504.95,1504.95,1520.3,1501.05, 1519.00,1515.05,1510.71,111147,1679.11,11605, 24888, 22.39,0.67
UBL, EQ, 02-Dec-2022,1698.85,1704.2,1757.5,1690.2, 1734.50,1735.8,1732.16,705911,12227.5,30507, 187055, 26.50,2.18
UBL, EQ, 02-Dec-2024,1950.5,1961.9,1964.15,1937.65,1960.0,1960.65,1956.34,99312,1942.88,12280, 42270, 42.56,0.52
UBL, EQ, 03-Jan-2020,1281.4,1283.95,1293.95,1278.5, 1280.00,1280.85,1284.9,234725,3015.99,9800, 56431, 24.04,-0.04
UBL, EQ, 03-Jan-2022,1586.05,1585.1,1588.65,1556.25, 1560.90,1562.3,1573.11,168373,2648.7,9110, 76127, 45.21,-1.5
UBL, EQ, 03-Jan-2023,1686.7,1689.5,1694.55,1665.15, 1666.25,1669.8,1674.61,225635,3778.52,14911, 134038, 59.40,-1.0
UBL, EQ, 03-Jan-2024,1812.6,1815.0,1841.65,1803.6, 1822.40,1824.95,1828.3,289694,5296.48,23100, 121309, 41.87,0.68
UBL, EQ, 03-Jan-2025,2136.65,2130.0,2147.55,2116.8,2128.0,2128.1,2132.74,149472,3187.85,11506, 65396, 43.75,-0.4
UBL, EQ, 03-Feb-2020,1279.75,1279.0,1286.1,1249.0, 1271.80,1264.1,1262.13,479563,6052.71,33821, 230950, 48.16,-1.22
UBL, EQ, 03-Feb-2021,1289.05,1289.95,1302.7,1277.0, 1292.95,1292.8,1291.19,459582,5934.08,16202, 126335, 27.49,0.29
UBL, EQ, 03-Feb-2022,1670.85,1652.0,1672.95,1627.5, 1650.80,1656.9,1649.79,281009,4636.05,17934, 110365, 39.27,-0.83
UBL, EQ, 03-Feb-2023,1589.45,1592.2,1595.0,1572.25, 1574.40,1583.8,1587.92,124306,1973.88,15017, 66499, 53.50,-0.36
UBL, EQ, 03-Feb-2025,2235.8,2235.95,2299.7,2166.5,2190.0,2192.7,2250.06,816037,18361.36,75588, 289933, 35.53,-1.93
UBL, EQ, 03-Mar-2020,1217.05,1229.5,1245.0,1205.0, 1236.00,1233.55,1225.71,291160,3568.77,8620, 89971, 30.90,1.36
UBL, EQ, 03-Mar-2021,1208.3,1212.0,1235.7,1193.05,1230.0,1223.45,1223.49,716046,8760.74,18825, 175663, 24.53,1.25
UBL, EQ, 03-Mar-2022,1498.25,1510.0,1510.0,1381.5,1396.0,1395.2,1421.46,1186103,16859.96,90197, 492409, 41.51,-6.88
UBL, EQ, 03-Mar-2023,1457.7,1461.95,1472.45,1451.05, 1464.45,1464.85,1462.73,77162,1128.67,6722, 26032, 33.74,0.49
UBL, EQ, 03-Mar-2025,1946.15,1949.9,1949.9,1868.0,1910.05,1912.85,1902.55,135894,2585.45,24093, 52720, 38.79,-1.71
UBL, EQ, 03-Apr-2020,889.7,895.0,899.25,860.0, 882.10,886.95,877.94,490414,4305.53,36090, 256903, 52.38,-0.31
UBL, EQ, 03-Apr-2023,1424.45,1425.05,1450.45,1423.7, 1432.95,1433.05,1437.29,264766,3805.47,15150, 121903, 46.04,0.6
UBL, EQ, 03-Apr-2024,1804.75,1811.45,1826.8,1773.05, 1803.10,1801.75,1808.04,344673,6231.81,32538, 182713, 53.01,-0.17
UBL, EQ, 03-Apr-2025,1970.4,1956.0,2004.0,1947.05,1972.55,1983.05,1977.68,55497,1097.55,12657, 22344, 40.26,0.64
UBL, EQ, 03-May-2021,1211.9,1196.75,1220.0,1196.7,1205.8,1210.1,1208.55,231219,2794.39,12850, 51613, 22.32,-0.15
UBL, EQ, 03-May-2023,1445.75,1432.5,1461.0,1424.7,1438.0,1434.7,1442.02,214135,3087.87,15943, 69762, 32.58,-0.76
UBL, EQ, 03-May-2024,2053.7,2065.0,2070.55,1992.3, 2025.00,2039.1,2040.14,428648,8745.01,26619, 185566, 43.29,-0.71
UBL, EQ, 03-Jun-2020,965.9,970.0,984.0,931.3,938.4,935.65,959.69,1725234,16556.98,70224, 573278, 33.23,-3.13
UBL, EQ, 03-Jun-2021,1243.3,1245.1,1271.9,1242.75, 1265.30,1267.25,1258.68,257682,3243.4,9017, 105424, 40.91,1.93
UBL, EQ, 03-Jun-2022,1539.65,1540.9,1559.25,1513.85, 1516.85,1519.1,1536.91,62460,959.95,4354, 7982, 12.78,-1.33
UBL, EQ, 03-Jun-2024,1860.4,1890.5,1894.0,1857.35,1876.0,1876.3,1873.43,163910,3070.74,17322, 65459, 39.94,0.85
UBL, EQ, 03-Jul-2020,1055.7,1060.0,1066.85,1031.0, 1039.00,1037.25,1048.19,394042,4130.29,15392, 82546, 20.95,-1.75
UBL, EQ, 03-Jul-2023,1511.95,1520.9,1520.9,1506.0, 1509.75,1510.1,1512.16,137379,2077.4,10139, 72623, 52.86,-0.12
UBL, EQ, 03-Jul-2024,2031.5,2050.0,2052.9,2029.0,2029.7,2035.8,2037.46,139825,2848.88,13364, 71940, 51.45,0.21
UBL, EQ, 03-Aug-2020,951.65,960.0,966.9,943.0,944.45,946.2,952.85,217982,2077.03,7556, 53312, 24.46,-0.57
UBL, EQ, 03-Aug-2021,1440.7,1440.75,1538.0,1440.75,1453.3,1455.95,1497.18,3314857,49629.43,127548, 543687, 16.40,1.06
UBL, EQ, 03-Aug-2022,1607.8,1605.0,1605.0,1575.0, 1582.00,1577.9,1582.86,281088,4449.22,33366, 102307, 36.40,-1.86
UBL, EQ, 03-Aug-2023,1559.8,1562.1,1562.1,1540.0, 1562.00,1555.55,1549.27,354962,5499.31,14339, 235325, 66.30,-0.27
UBL, EQ, 03-Sep-2020,1084.5,1085.0,1166.9,1078.8, 1153.05,1155.25,1130.59,3561355,40264.33,99604, 863279, 24.24,6.52
UBL, EQ, 03-Sep-2021,1563.25,1563.75,1597.7,1561.05, 1567.00,1571.7,1578.98,741655,11710.6,35803, 103718, 13.98,0.54
UBL, EQ, 03-Sep-2024,2030.5,2043.95,2047.5,2009.7,2028.05,2015.6,2024.45,151614,3069.35,12567, 82940, 54.70,-0.73
UBL, EQ, 03-Oct-2022,1706.9,1688.8,1714.45,1653.0,1670.0,1670.55,1690.14,130673,2208.55,10596, 29520, 22.59,-2.13
UBL, EQ, 03-Oct-2023,1557.0,1563.0,1579.6,1555.2, 1555.20,1557.95,1566.03,171144,2680.17,10677, 63081, 36.86,0.06
UBL, EQ, 03-Oct-2024,2163.35,2140.05,2172.45,2118.5,2138.15,2147.35,2142.69,217965,4670.31,22887, 133561, 61.28,-0.74
UBL, EQ, 03-Nov-2020,926.2,929.45,937.05,916.85,933.5,932.7,930.09,331347,3081.84,9955, 105275, 31.77,0.7
UBL, EQ, 03-Nov-2021,1685.9,1685.9,1717.95,1661.6, 1675.00,1667.55,1698.29,799989,13586.11,44940, 331018, 41.38,-1.09
UBL, EQ, 03-Nov-2022,1671.4,1663.15,1674.8,1623.5,1660.0,1657.75,1651.58,301220,4974.89,26406, 135685, 45.05,-0.82
UBL, EQ, 03-Nov-2023,1611.95,1620.0,1626.0,1606.15, 1610.00,1613.15,1614.68,206266,3330.54,8614, 128667, 62.38,0.07
UBL, EQ, 03-Dec-2020,1068.8,1077.25,1081.95,1060.35,1070.55,1070.0,1070.7,369850,3959.99,13484, 87786, 23.74,0.11
UBL, EQ, 03-Dec-2021,1515.05,1516.0,1540.45,1507.1, 1508.10,1512.5,1524.86,180681,2755.13,11861, 52656, 29.14,-0.17
UBL, EQ, 03-Dec-2024,1960.65,1958.0,1961.25,1941.95,1954.0,1955.85,1952.59,84649,1652.84,10791, 46591, 55.04,-0.24
UBL, EQ, 04-Jan-2021,1183.15,1186.0,1195.0,1174.7,1183.15,1184.65,1185.41,270999,3212.44,8904, 49725, 18.35,0.13
UBL, EQ, 04-Jan-2022,1562.3,1567.0,1585.0,1549.15, 1572.40,1572.15,1568.92,203075,3186.07,15215, 58109, 28.61,0.63
UBL, EQ, 04-Jan-2023,1669.8,1667.8,1687.45,1654.6, 1667.00,1679.55,1675.0,171819,2877.97,7896, 85222, 49.60,0.58
UBL, EQ, 04-Jan-2024,1824.95,1829.3,1898.1,1829.25, 1894.00,1892.4,1872.38,490520,9184.38,29544, 111046, 22.64,3.7
UBL, EQ, 04-Feb-2020,1264.1,1270.4,1314.9,1266.9, 1285.50,1287.9,1295.85,645445,8364.0,24073, 324703, 50.31,1.88
UBL, EQ, 04-Feb-2021,1292.8,1292.8,1300.0,1275.35, 1289.25,1289.35,1289.8,281745,3633.94,8270, 101775, 36.12,-0.27
UBL, EQ, 04-Feb-2022,1656.9,1656.75,1672.6,1647.05, 1652.60,1659.55,1661.98,105058,1746.04,10034, 29942, 28.50,0.16
UBL, EQ, 04-Feb-2025,2192.7,2192.05,2192.05,2113.05,2129.0,2130.0,2140.99,268221,5742.58,34322, 77579, 28.92,-2.86
UBL, EQ, 04-Mar-2020,1233.55,1233.0,1252.95,1181.9, 1235.00,1227.45,1218.82,708151,8631.07,20837, 313356, 44.25,-0.49
UBL, EQ, 04-Mar-2021,1223.45,1213.5,1241.0,1207.65, 1227.45,1234.4,1231.81,232245,2860.83,7425, 55252, 23.79,0.9
UBL, EQ, 04-Mar-2022,1395.2,1395.2,1395.25,1309.8, 1336.45,1339.25,1338.92,1650856,22103.66,78979, 989792, 59.96,-4.01
UBL, EQ, 04-Mar-2024,1707.7,1707.7,1717.35,1693.0, 1716.00,1713.15,1705.4,135506,2310.92,5903, 91763, 67.72,0.32
UBL, EQ, 04-Mar-2025,1912.85,1908.0,1927.0,1876.0,1910.0,1912.8,1911.96,146370,2798.54,23439, 97087, 66.33,-0.0
UBL, EQ, 04-Apr-2022,1500.75,1507.0,1532.15,1490.05,1523.15,1523.5,1523.42,290827,4430.52,12001, 127724, 43.92,1.52
UBL, EQ, 04-Apr-2024,1801.75,1812.0,1812.0,1774.15, 1781.55,1781.0,1787.59,574579,10271.11,41626, 324874, 56.54,-1.15
UBL, EQ, 04-Apr-2025,1983.05,1990.0,2014.95,1961.5,1989.0,1989.35,1991.61,136763,2723.79,22938, 43598, 31.88,0.32
UBL, EQ, 04-May-2020,938.6,975.0,1008.15,950.85, 969.10,969.75,977.43,2816883,27532.95,121760, 334191, 11.86,3.32
UBL, EQ, 04-May-2021,1210.1,1212.3,1227.85,1195.65, 1202.95,1201.7,1212.59,213559,2589.59,8238, 24367, 11.41,-0.69
UBL, EQ, 04-May-2022,1553.4,1565.0,1588.45,1490.3,1508.0,1499.5,1510.83,485552,7335.85,23377, 255884, 52.70,-3.47
UBL, EQ, 04-May-2023,1434.7,1438.0,1440.85,1422.15, 1428.00,1430.15,1429.76,196126,2804.14,23119, 46947, 23.94,-0.32
UBL, EQ, 04-Jun-2020,935.65,934.0,951.85,923.1,945.25,947.65,942.1,569009,5360.66,21774, 90091, 15.83,1.28
UBL, EQ, 04-Jun-2021,1267.25,1272.95,1378.0,1264.5, 1340.65,1337.1,1347.28,5523161,74412.54,187498, 501346, 9.08,5.51
UBL, EQ, 04-Jun-2024,1876.3,1888.95,1979.1,1830.6,1900.0,1925.75,1911.08,910113,17393.01,78278, 366014, 40.22,2.64
UBL, EQ, 04-Jul-2022,1495.5,1495.6,1555.0,1495.6,1546.0,1545.55,1524.69,258850,3946.65,14096, 118470, 45.77,3.35
UBL, EQ, 04-Jul-2023,1510.1,1519.65,1539.35,1512.35, 1517.00,1515.25,1525.4,563560,8596.53,27788, 217370, 38.57,0.34
UBL, EQ, 04-Jul-2024,2035.8,2038.0,2045.85,2005.4,2015.45,2012.0,2024.37,90734,1836.79,12174, 45624, 50.28,-1.17
UBL, EQ, 04-Aug-2020,946.2,953.3,957.5,937.5,944.0,940.25,944.8,643880,6083.4,19358, 215172, 33.42,-0.63
UBL, EQ, 04-Aug-2021,1455.95,1463.6,1477.7,1442.35,1446.4,1445.4,1457.08,379126,5524.16,23512, 81394, 21.47,-0.72
UBL, EQ, 04-Aug-2022,1577.9,1572.0,1627.0,1572.0,1619.95,1612.1,1598.92,210593,3367.22,10400, 40085, 19.03,2.17
UBL, EQ, 04-Aug-2023,1555.55,1565.2,1583.9,1564.0, 1580.00,1580.0,1576.01,320229,5046.84,11559, 204442, 63.84,1.57
UBL, EQ, 04-Sep-2020,1155.25,1132.5,1150.75,1100.0,1128.8,1120.05,1134.63,967623,10978.98,26526, 104909, 10.84,-3.05
UBL, EQ, 04-Sep-2023,1546.45,1547.2,1567.0,1540.0, 1556.15,1559.25,1555.87,237525,3695.57,11623, 143522, 60.42,0.83
UBL, EQ, 04-Sep-2024,2015.6,2020.0,2043.7,2006.15,2037.85,2026.8,2023.11,450358,9111.24,22279, 308631, 68.53,0.56
UBL, EQ, 04-Oct-2021,1577.45,1584.5,1608.6,1578.95, 1608.50,1602.2,1593.29,295047,4700.94,13291, 100161, 33.95,1.57
UBL, EQ, 04-Oct-2022,1670.55,1677.0,1703.45,1674.9, 1694.00,1695.8,1690.29,96740,1635.19,11944, 26693, 27.59,1.51
UBL, EQ, 04-Oct-2023,1557.95,1557.05,1572.05,1539.8, 1549.00,1549.4,1553.31,67521,1048.81,6678, 17036, 25.23,-0.55
UBL, EQ, 04-Oct-2024,2147.35,2133.2,2163.95,2099.25,2110.6,2105.1,2127.46,94440,2009.17,15255, 31816, 33.69,-1.97
UBL, EQ, 04-Nov-2020,932.7,934.0,945.0,922.2,927.8,926.3,932.17,321142,2993.59,9200, 44752, 13.94,-0.69
UBL, EQ, 04-Nov-2022,1657.75,1664.4,1668.0,1652.0,1653.0,1658.25,1659.57,88522,1469.08,7914, 32510, 36.73,0.03
UBL, EQ, 04-Nov-2024,1936.3,1930.0,1930.0,1903.3,1924.9,1921.0,1917.03,198985,3814.6,17572, 141076, 70.90,-0.79
UBL, EQ, 04-Dec-2020,1070.0,1076.5,1105.0,1072.2, 1089.65,1091.65,1090.04,750848,8184.55,23997, 103293, 13.76,2.02
UBL, EQ, 04-Dec-2023,1672.0,1683.0,1708.9,1673.1, 1704.00,1702.0,1695.61,252596,4283.04,16708, 130469, 51.65,1.79
UBL, EQ, 04-Dec-2024,1955.85,1964.0,1973.0,1931.15,1950.25,1953.1,1953.1,63446,1239.17,9675, 19416, 30.60,-0.14
UBL, EQ, 05-Jan-2021,1184.65,1188.0,1193.0,1175.0, 1183.00,1183.05,1182.87,371768,4397.52,11895, 64620, 17.38,-0.14
UBL, EQ, 05-Jan-2022,1572.15,1575.0,1584.35,1557.0, 1575.50,1577.55,1573.34,166495,2619.53,12410, 53382, 32.06,0.34
UBL, EQ, 05-Jan-2023,1679.55,1686.85,1688.4,1664.9,1675.0,1680.75,1678.94,85550,1436.34,7190, 23801, 27.82,0.07
UBL, EQ, 05-Jan-2024,1892.4,1906.2,1906.65,1877.4, 1881.20,1888.25,1893.18,324201,6137.69,23145, 157947, 48.72,-0.22
UBL, EQ, 05-Feb-2020,1287.9,1287.5,1317.2,1287.5, 1314.60,1313.05,1307.13,360080,4706.71,11213, 116812, 32.44,1.95
UBL, EQ, 05-Feb-2021,1289.35,1294.0,1329.65,1272.55, 1276.35,1278.65,1296.79,1150845,14924.01,37427, 221901, 19.28,-0.83
UBL, EQ, 05-Feb-2024,1846.55,1855.0,1862.8,1770.75, 1774.60,1776.7,1796.03,292810,5258.96,19711, 91533, 31.26,-3.78
UBL, EQ, 05-Feb-2025,2130.0,2129.0,2137.5,2049.0,2059.15,2058.45,2087.02,398342,8313.49,43187, 125330, 31.46,-3.36
UBL, EQ, 05-Mar-2020,1227.45,1234.5,1255.4,1225.1, 1238.50,1248.0,1241.67,301633,3745.29,9121, 72194, 23.93,1.67
UBL, EQ, 05-Mar-2021,1234.4,1230.0,1242.0,1190.45,1205.0,1203.9,1220.03,256050,3123.9,7534, 40512, 15.82,-2.47
UBL, EQ, 05-Mar-2024,1713.15,1713.1,1716.5,1693.35, 1699.70,1703.2,1705.24,115089,1962.55,12007, 55030, 47.82,-0.58
UBL, EQ, 05-Mar-2025,1912.8,1910.0,1910.0,1877.4,1888.15,1890.95,1890.13,193727,3661.69,25446, 118812, 61.33,-1.14
UBL, EQ, 05-Apr-2021,1242.15,1235.0,1238.0,1136.65,1152.0,1150.05,1157.61,1385265,16036.01,53575, 387807, 28.00,-7.41
UBL, EQ, 05-Apr-2022,1523.5,1526.55,1564.5,1526.5, 1553.00,1559.35,1548.49,205798,3186.77,13141, 53714, 26.10,2.35
UBL, EQ, 05-Apr-2023,1433.05,1433.0,1433.3,1420.0, 1424.40,1422.3,1427.09,136056,1941.64,10831, 75008, 55.13,-0.75
UBL, EQ, 05-Apr-2024,1781.0,1786.1,1820.45,1769.0, 1810.00,1806.85,1806.68,547860,9898.05,32339, 319568, 58.33,1.45
UBL, EQ, 05-May-2020,969.75,974.7,979.9,898.75, 910.00,908.35,936.44,1635602,15316.41,69124, 333500, 20.39,-6.33
UBL, EQ, 05-May-2021,1201.7,1207.5,1215.2,1191.0, 1210.00,1205.4,1201.24,191292,2297.87,7273, 59376, 31.04,0.31
UBL, EQ, 05-May-2022,1499.5,1526.8,1531.35,1476.35, 1490.00,1483.8,1496.3,344683,5157.51,12002, 204259, 59.26,-1.05
UBL, EQ, 05-May-2023,1430.15,1380.0,1420.0,1372.3, 1395.20,1398.65,1397.48,1294282,18087.28,69956, 418967, 32.37,-2.2
UBL, EQ, 05-Jun-2020,947.65,953.3,1026.5,948.05, 1022.00,1017.05,998.95,2282758,22803.7,68479, 595863, 26.10,7.32
UBL, EQ, 05-Jun-2023,1448.8,1448.95,1454.95,1445.0, 1448.00,1448.7,1449.1,172989,2506.78,9172, 114674, 66.29,-0.01
UBL, EQ, 05-Jun-2024,1925.75,1930.0,2070.0,1925.5,2029.0,2016.65,2016.93,852233,17188.98,73860, 268146, 31.46,4.72
UBL, EQ, 05-Jul-2021,1446.6,1447.0,1461.35,1444.05, 1449.90,1448.45,1452.03,239832,3482.44,11872, 69124, 28.82,0.13
UBL, EQ, 05-Jul-2022,1545.55,1546.0,1580.0,1534.85,1576.65,1568.5,1557.54,224137,3491.01,14011, 66977, 29.88,1.48
UBL, EQ, 05-Jul-2023,1515.25,1515.25,1535.0,1510.45,1522.05,1521.65,1522.45,569220,8666.07,15839, 316776, 55.65,0.42
UBL, EQ, 05-Jul-2024,2012.0,2020.0,2123.4,2016.5,2087.4,2072.6,2081.75,907664,18895.27,50002, 358030, 39.45,3.01
UBL, EQ, 05-Aug-2020,940.25,947.9,964.0,935.85,957.0,956.45,948.57,683239,6481.01,22232, 227885, 33.35,1.72
UBL, EQ, 05-Aug-2021,1445.4,1456.9,1456.9,1414.05,1436.45,1434.3,1434.47,213009,3055.55,13867, 30462, 14.30,-0.77
UBL, EQ, 05-Aug-2022,1612.1,1626.25,1630.95,1603.9,1603.9,1617.25,1619.48,141440,2290.59,10257, 39750, 28.10,0.32
UBL, EQ, 05-Aug-2024,1997.65,1964.7,1988.0,1935.75,1947.2,1952.9,1958.32,230467,4513.27,17031, 102502, 44.48,-2.24
UBL, EQ, 05-Sep-2022,1705.15,1719.7,1733.6,1691.0, 1703.00,1696.6,1711.89,308529,5281.67,17278, 93802, 30.40,-0.5
UBL, EQ, 05-Sep-2023,1559.25,1559.95,1579.0,1559.0, 1579.00,1575.3,1571.88,251640,3955.47,7238, 190556, 75.73,1.03
UBL, EQ, 05-Sep-2024,2026.8,2039.0,2053.7,2026.55,2030.4,2030.2,2032.22,503253,10227.19,8999, 420163, 83.49,0.17
UBL, EQ, 05-Oct-2020,962.15,965.0,983.0,952.05, 958.95,958.5,966.97,679533,6570.85,17452, 162258, 23.88,-0.38
UBL, EQ, 05-Oct-2021,1602.2,1602.75,1617.0,1589.55, 1609.85,1613.35,1607.47,418207,6722.53,19635, 164331, 39.29,0.7
UBL, EQ, 05-Oct-2023,1549.4,1555.95,1565.55,1546.3, 1553.90,1553.2,1554.74,69872,1086.33,8243, 20913, 29.93,0.25
UBL, EQ, 05-Nov-2020,926.3,934.0,956.3,931.5, 952.00,953.35,946.58,480120,4544.73,17592, 117839, 24.54,2.92
UBL, EQ, 05-Nov-2024,1921.0,1921.0,1962.0,1912.65,1950.4,1951.0,1937.68,121442,2353.16,12632, 46683, 38.44,1.56
UBL, EQ, 05-Dec-2022,1735.8,1740.55,1763.55,1728.55, 1744.00,1748.4,1749.69,406142,7106.21,24681, 131277, 32.32,0.73
UBL, EQ, 05-Dec-2023,1702.0,1701.05,1727.4,1687.6, 1701.00,1703.35,1704.45,286917,4890.36,16265, 132790, 46.28,0.08
UBL, EQ, 05-Dec-2024,1953.1,1950.3,1972.9,1945.0,1954.9,1965.8,1961.63,102767,2015.91,13156, 37427, 36.42,0.65
UBL, EQ, 06-Jan-2020,1280.85,1277.05,1289.5,1265.1, 1274.20,1277.1,1278.65,261928,3349.13,9960, 71385, 27.25,-0.29
UBL, EQ, 06-Jan-2021,1183.05,1193.0,1237.45,1180.95, 1221.10,1221.05,1214.17,1205283,14634.21,32964, 246662, 20.47,3.21
UBL, EQ, 06-Jan-2022,1577.55,1574.8,1595.0,1563.0, 1580.85,1583.55,1583.16,336787,5331.89,18462, 130433, 38.73,0.38
UBL, EQ, 06-Jan-2023,1680.75,1680.55,1686.15,1651.0,1654.2,1657.55,1666.57,54852,914.15,4075, 18272, 33.31,-1.38
UBL, EQ, 06-Jan-2025,2128.1,2101.0,2134.0,2040.0,2075.0,2075.75,2089.66,117565,2456.71,15979, 38435, 32.69,-2.46
UBL, EQ, 06-Feb-2020,1313.05,1318.7,1356.0,1318.7, 1353.00,1343.0,1341.16,740992,9937.92,22654, 167442, 22.60,2.28
UBL, EQ, 06-Feb-2023,1583.8,1583.8,1596.4,1573.75, 1583.65,1586.9,1586.69,114897,1823.06,8993, 20552, 17.89,0.2
UBL, EQ, 06-Feb-2024,1776.7,1781.0,1802.95,1759.3, 1799.70,1797.95,1791.56,111679,2000.79,8626, 33714, 30.19,1.2
UBL, EQ, 06-Feb-2025,2058.45,2078.0,2088.0,2035.35,2070.9,2073.0,2063.65,265739,5483.92,23995, 114598, 43.12,0.71
UBL, EQ, 06-Mar-2020,1248.0,1204.7,1241.0,1204.7, 1220.00,1226.75,1227.82,287133,3525.49,8074, 134745, 46.93,-1.7
UBL, EQ, 06-Mar-2023,1464.85,1472.2,1475.0,1456.1, 1460.70,1462.55,1464.68,104191,1526.07,8115, 45547, 43.71,-0.16
UBL, EQ, 06-Mar-2024,1703.2,1705.95,1719.75,1673.9, 1711.65,1714.05,1701.66,142810,2430.14,8864, 72485, 50.76,0.64
UBL, EQ, 06-Mar-2025,1890.95,1904.1,1933.6,1886.65,1900.0,1899.65,1899.17,248614,4721.6,19283, 187392, 75.37,0.46
UBL, EQ, 06-Apr-2021,1150.05,1155.0,1170.0,1104.15,1114.0,1109.95,1129.08,1298479,14660.83,51622, 411182, 31.67,-3.49
UBL, EQ, 06-Apr-2022,1559.35,1557.95,1568.2,1544.05, 1561.40,1554.75,1553.56,182928,2841.9,7403, 94821, 51.84,-0.29
UBL, EQ, 06-Apr-2023,1422.3,1428.0,1428.0,1404.0, 1407.35,1407.05,1411.15,122942,1734.9,10939, 54798, 44.57,-1.07
UBL, EQ, 06-May-2020,908.35,902.0,917.55,865.55, 899.25,896.65,897.45,1025587,9204.16,43536, 144520, 14.09,-1.29
UBL, EQ, 06-May-2021,1205.4,1205.4,1233.0,1191.3, 1217.60,1204.85,1206.37,393929,4752.23,13563, 177352, 45.02,-0.05
UBL, EQ, 06-May-2022,1483.8,1465.0,1493.95,1450.9,1471.25,1481.65,1477.03,244683,3614.04,14680, 91907, 37.56,-0.14
UBL, EQ, 06-May-2024,2039.1,2046.4,2046.4,1961.0,2000.0,1984.7,1991.32,500431,9965.21,33073, 248779, 49.71,-2.67
UBL, EQ, 06-Jun-2022,1519.1,1519.1,1536.95,1497.25,1513.05,1520.2,1520.57,127990,1946.17,6589, 20806, 16.26,0.07
UBL, EQ, 06-Jun-2023,1448.7,1452.0,1454.0,1432.55,1446.0,1441.4,1440.06,211169,3040.96,8083, 150259, 71.16,-0.5
UBL, EQ, 06-Jun-2024,2016.65,2019.95,2046.0,1965.65,2029.95,2035.6,2020.17,261573,5284.23,30990, 77969, 29.81,0.94
UBL, EQ, 06-Jul-2020,1037.25,1040.0,1068.95,1036.3, 1057.00,1060.35,1057.85,626080,6623.0,14479, 251552, 40.18,2.23
UBL, EQ, 06-Jul-2021,1448.45,1444.5,1463.65,1427.1, 1432.10,1429.9,1444.73,248369,3588.25,12824, 83452, 33.60,-1.28
UBL, EQ, 06-Jul-2022,1568.5,1573.0,1623.0,1560.15,1620.0,1617.0,1593.15,565038,9001.89,24651, 307197, 54.37,3.09
UBL, EQ, 06-Jul-2023,1521.65,1530.8,1548.45,1529.7,1541.25,1543.65,1541.37,559707,8627.13,25006, 305695, 54.62,1.45
UBL, EQ, 06-Aug-2020,956.45,963.9,970.95,951.05,958.35,957.9,959.35,423623,4064.03,15311, 95805, 22.62,0.15
UBL, EQ, 06-Aug-2021,1434.3,1435.0,1448.4,1427.35, 1430.80,1429.75,1435.7,239867,3443.76,9834, 96931, 40.41,-0.32
UBL, EQ, 06-Aug-2024,1952.9,1972.0,2010.0,1953.6,1978.95,1983.8,1981.12,331470,6566.83,16661, 183606, 55.39,1.58
UBL, EQ, 06-Sep-2021,1571.7,1578.0,1598.1,1567.75,1584.0,1581.1,1581.77,415559,6573.18,26249, 137714, 33.14,0.6
UBL, EQ, 06-Sep-2022,1696.6,1702.2,1710.65,1672.4, 1683.15,1690.75,1690.62,275422,4656.35,14976, 159043, 57.75,-0.34
UBL, EQ, 06-Sep-2023,1575.3,1586.45,1605.0,1577.0, 1582.00,1581.55,1587.16,266215,4225.27,14232, 90825, 34.12,0.4
UBL, EQ, 06-Sep-2024,2030.2,2038.0,2047.05,2005.3,2014.8,2009.8,2021.53,96860,1958.06,13406, 43666, 45.08,-1.0
UBL, EQ, 06-Oct-2020,958.5,961.6,978.3,950.55,975.0,975.4,968.15,530825,5139.18,23057, 168772, 31.79,1.76
UBL, EQ, 06-Oct-2021,1613.35,1613.0,1617.9,1570.9, 1570.90,1589.15,1597.56,365949,5846.26,15611, 179897, 49.16,-1.5
UBL, EQ, 06-Oct-2022,1695.8,1705.45,1754.3,1689.8, 1740.00,1737.95,1730.48,328927,5692.03,17502, 121659, 36.99,2.49
UBL, EQ, 06-Oct-2023,1553.2,1561.0,1569.95,1551.0, 1561.95,1560.75,1559.51,79148,1234.32,6441, 29378, 37.12,0.49
UBL, EQ, 06-Nov-2020,953.35,955.0,961.25,938.7, 946.50,950.6,948.75,432315,4101.59,15069, 98329, 22.74,-0.29
UBL, EQ, 06-Nov-2023,1613.15,1616.5,1621.9,1580.75, 1592.60,1589.2,1599.46,153446,2454.31,8064, 83699, 54.55,-1.48
UBL, EQ, 06-Nov-2024,1951.0,1957.55,1986.15,1941.85,1971.0,1975.25,1967.36,261150,5137.76,21096, 140444, 53.78,1.24
UBL, EQ, 06-Dec-2021,1512.5,1514.0,1517.85,1493.2, 1495.05,1499.65,1501.67,182545,2741.22,9711, 94934, 52.01,-0.85
UBL, EQ, 06-Dec-2022,1748.4,1755.45,1757.5,1723.2, 1728.00,1732.25,1735.03,221758,3847.57,12628, 87500, 39.46,-0.92
UBL, EQ, 06-Dec-2023,1703.35,1705.25,1724.0,1700.6, 1705.00,1713.7,1713.36,196620,3368.81,18358, 81128, 41.26,0.61
UBL, EQ, 06-Dec-2024,1965.8,1966.0,1981.0,1960.0,1960.0,1968.55,1968.18,87133,1714.94,8293, 42224, 48.46,0.14
UBL, EQ, 07-Jan-2020,1277.1,1277.1,1287.9,1265.2, 1270.00,1267.5,1270.63,446897,5678.43,8968, 286658, 64.14,-0.75
UBL, EQ, 07-Jan-2021,1221.05,1229.95,1256.0,1213.15, 1252.00,1247.5,1234.66,828650,10231.03,21480, 105786, 12.77,2.17
UBL, EQ, 07-Jan-2022,1583.55,1578.0,1595.0,1578.0,1586.1,1585.85,1585.69,200253,3175.39,10804, 85168, 42.53,0.15
UBL, EQ, 07-Jan-2025,2075.75,2055.0,2100.0,2055.0,2074.8,2075.35,2079.62,73329,1524.96,7835, 26844, 36.61,-0.02
UBL, EQ, 07-Feb-2020,1343.0,1338.0,1349.0,1298.5, 1315.95,1320.85,1327.36,894963,11879.42,25959, 190435, 21.28,-1.65
UBL, EQ, 07-Feb-2022,1659.55,1662.85,1667.9,1597.0, 1600.35,1607.4,1626.38,128297,2086.59,11995, 34886, 27.19,-3.14
UBL, EQ, 07-Feb-2023,1586.9,1578.85,1595.95,1578.0, 1586.00,1588.1,1588.65,172886,2746.56,15785, 85111, 49.23,0.08
UBL, EQ, 07-Feb-2024,1797.95,1813.0,1823.0,1777.8, 1786.00,1791.65,1795.49,95380,1712.54,7945, 29858, 31.30,-0.35
UBL, EQ, 07-Feb-2025,2073.0,2074.0,2076.1,2035.0,2046.0,2048.65,2050.57,164882,3381.02,17005, 64249, 38.97,-1.17
UBL, EQ, 07-Mar-2022,1339.25,1300.0,1318.1,1274.5, 1297.10,1301.3,1299.56,759895,9875.31,31657,515292,67.81,-2.83
UBL, EQ, 07-Mar-2024,1714.05,1721.0,1725.0,1695.0, 1695.90,1699.35,1706.57,83909,1431.96,6422, 39089, 46.58,-0.86
UBL, EQ, 07-Mar-2025,1899.65,1914.4,1931.65,1848.0,1923.95,1922.3,1886.15,176597,3330.89,26097, 69946, 39.61,1.19
UBL, EQ, 07-Apr-2020,886.95,910.0,937.2,890.7, 911.05,927.2,919.1,441557,4058.33,28297, 203503, 46.09,4.54
UBL, EQ, 07-Apr-2021,1109.95,1118.0,1144.7,1110.15,1129.9,1131.95,1128.83,650283,7340.58,21573, 177662, 27.32,1.98
UBL, EQ, 07-Apr-2022,1554.75,1554.75,1587.0,1550.95,1574.5,1572.2,1571.77,475514,7473.98,9775, 322607, 67.84,1.12
UBL, EQ, 07-Apr-2025,1989.35,1935.0,1965.0,1873.05,1965.0,1945.6,1925.59,109801,2114.32,24430, 52366, 47.69,-2.2
UBL, EQ, 07-May-2020,896.65,905.65,922.0,870.5, 873.45,874.2,894.48,942994,8434.88,49051, 186149, 19.74,-2.5
UBL, EQ, 07-May-2021,1204.85,1218.35,1222.7,1203.25, 1217.40,1215.5,1211.4,264349,3202.33,8287, 147175, 55.67,0.88
UBL, EQ, 07-May-2024,1984.7,2000.0,2024.65,1965.75,2020.0,2005.25,1995.31,383461,7651.23,31940, 140866, 36.74,1.04
UBL, EQ, 07-Jun-2021,1337.1,1349.95,1381.95,1322.0, 1351.00,1346.05,1356.58,1499139,20337.05,60753, 122540, 8.17,0.67
UBL, EQ, 07-Jun-2022,1520.2,1495.1,1514.85,1485.85,1486.05,1493.05,1497.61,93351,1398.04,5164, 25366, 27.17,-1.79
UBL, EQ, 07-Jun-2023,1441.4,1444.95,1509.0,1444.95, 1502.40,1501.6,1495.34,1200650,17953.85,45849, 498295, 41.50,4.18
UBL, EQ, 07-Jun-2024,2035.6,2045.0,2100.0,2042.1,2068.1,2071.1,2073.41,279780,5800.97,23425, 92538, 33.08,1.74
UBL, EQ, 07-Jul-2020,1060.35,1059.9,1077.0,1045.15, 1048.15,1049.8,1061.54,706015,7494.62,14930, 308450, 43.69,-0.99
UBL, EQ, 07-Jul-2021,1429.9,1429.9,1437.55,1420.0, 1427.00,1432.45,1429.51,131250,1876.24,7456, 32477, 24.74,0.18
UBL, EQ, 07-Jul-2022,1617.0,1624.9,1632.0,1612.4, 1626.00,1624.6,1621.07,188839,3061.21,7881, 69840, 36.98,0.47
UBL, EQ, 07-Jul-2023,1543.65,1545.0,1553.7,1493.1, 1497.00,1504.4,1525.38,590646,9009.58,29693, 174265, 29.50,-2.54
UBL, EQ, 07-Aug-2020,957.9,960.0,974.9,954.3,966.6,965.5,963.62,1089507,10498.73,26823, 230048, 21.11,0.79
UBL, EQ, 07-Aug-2023,1580.0,1584.9,1607.7,1576.3, 1581.05,1583.3,1588.11,455309,7230.79,13118, 313235, 68.80,0.21
UBL, EQ, 07-Aug-2024,1983.8,2010.0,2010.0,1959.0,1959.0,1965.4,1975.08,356103,7033.33,15223, 240759, 67.61,-0.93
UBL, EQ, 07-Sep-2020,1120.05,1124.0,1139.4,1101.7, 1109.00,1111.65,1120.91,667328,7480.14,20483, 144057, 21.59,-0.75
UBL, EQ, 07-Sep-2021,1581.1,1584.0,1607.5,1571.05, 1575.30,1575.35,1585.04,650561,10311.67,53595, 202697, 31.16,-0.36
UBL, EQ, 07-Sep-2022,1690.75,1687.9,1691.0,1672.9, 1682.90,1682.3,1681.66,94283,1585.52,8580, 44222, 46.90,-0.5
UBL, EQ, 07-Sep-2023,1581.55,1583.0,1672.25,1560.0, 1661.40,1662.35,1639.85,1405902,23054.65,60737, 312075, 22.20,5.11
UBL, EQ, 07-Oct-2020,975.4,976.85,988.6,954.45,957.0,957.95,966.52,599032,5789.79,17277, 158070, 26.39,-1.79
UBL, EQ, 07-Oct-2021,1589.15,1585.0,1658.1,1585.0, 1639.45,1643.7,1640.4,1166939,19142.49,47772, 477557, 40.92,3.43
UBL, EQ, 07-Oct-2022,1737.95,1748.0,1750.95,1695.65, 1732.00,1726.8,1729.79,356499,6166.69,25537, 101974, 28.60,-0.64
UBL, EQ, 07-Oct-2024,2105.1,2105.85,2119.5,2054.55,2060.0,2068.1,2071.64,295547,6122.68,22900, 207450, 70.19,-1.76
UBL, EQ, 07-Nov-2022,1658.25,1663.95,1671.9,1641.05,1655.0,1651.55,1653.04,61918,1023.53,6505, 20169, 32.57,-0.4
UBL, EQ, 07-Nov-2023,1589.2,1599.95,1601.0,1583.05, 1600.00,1597.4,1595.78,71852,1146.6,5586, 28661, 39.89,0.52
UBL, EQ, 07-Nov-2024,1975.25,1980.0,1980.0,1925.0,1930.0,1935.0,1940.84,246231,4778.94,15897, 131469, 53.39,-2.04
UBL, EQ, 07-Dec-2020,1091.65,1090.5,1112.9,1088.05, 1098.55,1094.75,1101.28,603584,6647.17,25214, 164528, 27.26,0.28
UBL, EQ, 07-Dec-2021,1499.65,1501.1,1539.85,1501.1,1527.0,1530.75,1527.31,247219,3775.81,15448, 43455, 17.58,2.07
UBL, EQ, 07-Dec-2022,1732.25,1735.0,1748.0,1728.7, 1746.50,1745.95,1740.96,194766,3390.8,14159, 109915, 56.43,0.79
UBL, EQ, 07-Dec-2023,1713.7,1716.5,1733.7,1700.0, 1722.10,1725.0,1719.34,176678,3037.7,14349, 88753, 50.23,0.66
UBL, EQ, 08-Jan-2020,1267.5,1265.1,1267.0,1240.15, 1250.00,1248.3,1256.62,1193566,14998.6,14126, 884137, 74.08,-1.51
UBL, EQ, 08-Jan-2021,1247.5,1253.0,1267.15,1240.15, 1248.70,1249.95,1253.29,547218,6858.23,22425, 186476, 34.08,0.2
UBL, EQ, 08-Jan-2024,1888.25,1908.0,1908.0,1854.2, 1858.55,1862.8,1869.56,155055,2898.84,14120, 57923, 37.36,-1.35
UBL, EQ, 08-Jan-2025,2075.35,2080.0,2084.25,1919.2,1990.5,2000.8,1999.3,1198258,23956.83,86986, 344928, 28.79,-3.59
UBL, EQ, 08-Feb-2021,1278.65,1280.9,1298.0,1262.0, 1269.75,1269.7,1274.49,654865,8346.22,27161, 289427, 44.20,-0.7
UBL, EQ, 08-Feb-2022,1607.4,1605.75,1618.8,1580.0,1594.85,1597.45,1596.18,162883,2599.9,23752, 21168, 13.00,-0.62
UBL, EQ, 08-Feb-2023,1588.1,1583.05,1597.9,1578.0, 1582.00,1582.0,1588.58,81664,1297.3,8052, 31084, 38.06,-0.38
UBL, EQ, 08-Feb-2024,1791.65,1799.95,1802.45,1739.85, 1769.20,1756.15,1772.73,115705,2051.13,9442, 32755, 28.31,-1.98
UBL, EQ, 08-Mar-2021,1203.9,1210.2,1223.7,1205.0, 1210.00,1212.95,1214.9,115826,1407.18,3984, 21050, 18.17,0.75
UBL, EQ, 08-Mar-2022,1301.3,1300.0,1358.0,1287.6, 1350.00,1347.6,1318.18,481107,6341.87,22679, 294490, 61.21,3.56
UBL, EQ, 08-Mar-2023,1462.55,1460.0,1462.0,1446.65, 1455.00,1454.8,1451.47,178208,2586.64,15104, 105166, 59.01,-0.53
UBL, EQ, 08-Apr-2020,927.2,921.9,931.0,897.15, 915.05,917.25,912.06,504423,4600.66,30823, 165093, 32.73,-1.07
UBL, EQ, 08-Apr-2021,1131.95,1130.0,1147.0,1121.7, 1126.10,1129.95,1131.71,471133,5331.87,16334, 163485, 34.70,-0.18
UBL, EQ, 08-Apr-2022,1572.2,1575.1,1595.0,1574.0, 1589.00,1590.8,1588.78,231642,3680.29,13732, 123218, 53.19,1.18
UBL, EQ, 08-Apr-2024,1806.85,1812.35,1848.9,1793.85, 1835.00,1836.75,1833.38,418716,7676.67,27570, 164194, 39.21,1.65
UBL, EQ, 08-Apr-2025,1945.6,1975.0,2016.0,1947.95,1992.2,1996.5,1993.09,195943,3905.32,31746, 100608, 51.35,2.62
UBL, EQ, 08-May-2020,874.2,876.0,902.45,867.1, 890.50,890.1,884.96,953405,8437.23,34507, 106775, 11.20,1.82
UBL, EQ, 08-May-2023,1398.65,1398.2,1402.85,1380.6, 1391.00,1395.9,1392.91,558912,7785.15,42325, 348763, 62.40,-0.2
UBL, EQ, 08-May-2024,2005.25,1960.0,2039.4,1938.55,2000.0,2015.75,1988.74,1343822,26725.09,78339, 372783, 27.74,0.52
UBL, EQ, 08-Jun-2020,1017.05,1058.0,1058.0,1002.95, 1022.20,1018.6,1028.98,1534840,15793.14,52117, 324873, 21.17,0.15
UBL, EQ, 08-Jun-2021,1346.05,1350.95,1433.95,1332.05, 1373.00,1379.25,1383.97,2468021,34156.63,87530, 159341, 6.46,2.47
UBL, EQ, 08-Jun-2022,1493.05,1495.0,1500.75,1476.45,1483.0,1482.2,1486.91,130710,1943.55,5326, 73391, 56.15,-0.73
UBL, EQ, 08-Jun-2023,1501.6,1511.85,1512.0,1475.9, 1480.30,1480.6,1493.26,244663,3653.46,13860, 100769, 41.19,-1.4
UBL, EQ, 08-Jul-2020,1049.8,1048.15,1080.0,1048.15,1065.0,1062.6,1066.3,511733,5456.59,18325, 125199, 24.47,1.22
UBL, EQ, 08-Jul-2021,1432.45,1427.0,1437.9,1412.15, 1419.95,1420.2,1426.73,170995,2439.64,8465, 54767, 32.03,-0.86
UBL, EQ, 08-Jul-2022,1624.6,1631.3,1635.85,1603.0,1617.4,1618.75,1613.43,360734,5820.2,10204, 255999, 70.97,-0.36
UBL, EQ, 08-Jul-2024,2072.6,2087.4,2133.7,2070.0,2115.95,2110.95,2101.09,443325,9314.66,52930, 132831, 29.96,1.85
UBL, EQ, 08-Aug-2022,1617.25,1617.0,1619.95,1597.0,1604.3,1606.65,1609.6,86752,1396.36,7533,51172,58.99,-0.66
UBL, EQ, 08-Aug-2023,1583.3,1585.75,1595.95,1556.05, 1558.00,1559.2,1566.51,127221,1992.93,8647, 61538, 48.37,-1.52
UBL, EQ, 08-Aug-2024,1965.4,1972.0,1975.35,1935.0,1947.0,1945.35,1944.54,210198,4087.39,17077, 127798, 60.80,-1.02
UBL, EQ, 08-Sep-2020,1111.65,1111.65,1119.85,1081.0, 1082.00,1084.9,1096.78,410232,4499.35,14455, 85075, 20.74,-2.41
UBL, EQ, 08-Sep-2021,1575.35,1575.0,1616.8,1571.8, 1590.05,1592.6,1593.08,727287,11586.25,45841, 182139, 25.04,1.09
UBL, EQ, 08-Sep-2022,1682.3,1687.0,1705.0,1677.9, 1686.95,1689.55,1686.24,97093,1637.22,13922, 40561, 41.78,0.43
UBL, EQ, 08-Sep-2023,1662.35,1675.0,1687.0,1662.35, 1680.50,1680.05,1677.44,557692,9354.97,21971, 278966, 50.02,1.06
UBL, EQ, 08-Oct-2020,957.95,961.1,975.0,938.2,965.0,960.75,954.64,668327,6380.13,16914, 246740, 36.92,0.29
UBL, EQ, 08-Oct-2021,1643.7,1641.0,1670.85,1639.1, 1651.50,1650.05,1653.39,709788,11735.55,23835, 350864, 49.43,0.39
UBL, EQ, 08-Oct-2024,2068.1,2062.0,2125.0,2050.0,2125.0,2117.15,2095.57,145649,3052.17,18562, 65806, 45.18,2.37
UBL, EQ, 08-Nov-2021,1675.2,1680.0,1749.9,1668.9, 1732.00,1732.05,1722.11,748961,12897.95,38112, 230976, 30.84,3.39
UBL, EQ, 08-Nov-2023,1597.4,1597.4,1600.0,1577.55, 1591.75,1593.85,1586.51,107255,1701.61,5638, 43469, 40.53,-0.22
UBL, EQ, 08-Nov-2024,1935.0,1937.0,1943.0,1916.4, 1932.00,1925.5,1928.11,207680,4004.3,22317, 143346, 69.02,-0.49
UBL, EQ, 08-Dec-2020,1094.75,1107.9,1139.65,1095.25,1110.55,1112.65,1119.73,1865812,20892.08,78658, 460903, 24.70,1.64
UBL, EQ, 08-Dec-2021,1530.75,1531.1,1558.0,1531.1,1555.0,1552.3,1549.01,216783,3357.99,14824, 67047, 30.93,1.41
UBL, EQ, 08-Dec-2022,1745.95,1752.75,1782.95,1741.35, 1766.00,1765.8,1765.83,505335,8923.37,27196, 199884, 39.55,1.14
UBL, EQ, 08-Dec-2023,1725.0,1737.8,1743.45,1711.0, 1723.80,1724.65,1723.39,159813,2754.2,10370, 62765, 39.27,-0.02
UBL, EQ, 09-Jan-2020,1248.3,1252.0,1282.15,1252.0, 1265.15,1263.6,1267.52,366442,4644.71,12500, 158221, 43.18,1.23
UBL, EQ, 09-Jan-2023,1657.55,1650.5,1673.2,1646.1,1659.0,1661.75,1659.76,75493,1253.0,11156, 30554, 40.47,0.25
UBL, EQ, 09-Jan-2024,1862.8,1865.45,1879.2,1811.95,1814.0,1814.85,1830.54,444379,8134.52,32954, 189640, 42.68,-2.57
UBL, EQ, 09-Jan-2025,2000.8,1991.1,2035.65,1979.95,2002.0,2023.45,2015.98,344496,6944.96,40558, 129480, 37.59,1.13
UBL, EQ, 09-Feb-2021,1269.7,1275.9,1290.4,1264.0, 1279.50,1276.9,1278.79,526398,6731.5,16832, 238868, 45.38,0.57
UBL, EQ, 09-Feb-2022,1597.45,1597.5,1607.4,1590.0, 1600.05,1598.8,1598.33,147262,2353.73,12382, 82106, 55.76,0.08
UBL, EQ, 09-Feb-2023,1582.0,1586.4,1588.0,1539.9, 1550.00,1549.75,1558.93,189109,2948.07,16580, 50491, 26.70,-2.04
UBL, EQ, 09-Feb-2024,1756.15,1770.0,1825.15,1745.65, 1766.30,1776.75,1781.51,691104,12312.11,40492, 219395, 31.75,1.17
UBL, EQ, 09-Mar-2020,1226.75,1210.5,1220.0,1180.15, 1195.00,1188.25,1195.27,595110,7113.18,26875, 334095, 56.14,-3.14
UBL, EQ, 09-Mar-2021,1212.95,1218.0,1252.75,1217.95, 1227.00,1228.4,1235.54,808906,9994.32,28907, 180251, 22.28,1.27
UBL, EQ, 09-Mar-2022,1347.6,1352.0,1414.25,1324.0, 1398.50,1399.65,1373.59,414597,5694.85,16491, 56970, 13.74,3.86
UBL, EQ, 09-Mar-2023,1454.8,1456.5,1462.9,1434.15, 1435.00,1440.0,1450.27,248788,3608.1,19029, 124744, 50.14,-1.02
UBL, EQ, 09-Apr-2020,917.25,925.0,983.7,922.1, 944.45,944.55,950.81,1118001,10630.08,59019, 356521, 31.89,2.98
UBL, EQ, 09-Apr-2021,1129.95,1120.25,1124.9,1098.0,1107.0,1107.4,1108.82,767918,8514.82,41874, 296837, 38.65,-2.0
UBL, EQ, 09-Apr-2024,1836.75,1845.5,1853.8,1796.3, 1830.00,1824.7,1826.58,634094,11582.22,39153, 324908, 51.24,-0.66
UBL, EQ, 09-Apr-2025,1996.5,1992.05,2035.0,1974.05,2009.0,2001.75,2012.12,120007,2414.68,21716, 45062, 37.55,0.26
UBL, EQ, 09-May-2022,1481.65,1462.0,1485.45,1423.5, 1477.95,1466.75,1457.13,458962,6687.68,22807, 175437, 38.22,-1.01
UBL, EQ, 09-May-2023,1395.9,1400.0,1400.95,1373.0,1384.0,1385.9,1390.03,405763,5640.22,16910, 277006, 68.27,-0.72
UBL, EQ, 09-May-2024,2015.75,2010.0,2010.0,1902.35,1913.0,1910.7,1934.42,691969,13385.58,49224, 292861, 42.32,-5.21
UBL, EQ, 09-Jun-2020,1018.6,1027.0,1041.0,1004.0, 1005.00,1010.2,1025.41,657259,6739.61,25432, 155157, 23.61,-0.82
UBL, EQ, 09-Jun-2021,1379.25,1389.75,1400.0,1362.0,1380.8,1376.3,1382.16,898386,12417.16,35628, 109684, 12.21,-0.21
UBL, EQ, 09-Jun-2022,1482.2,1500.0,1509.95,1476.8, 1505.00,1499.1,1494.04,432337,6459.28,17472, 269171, 62.26,1.14
UBL, EQ, 09-Jun-2023,1480.6,1494.15,1494.15,1471.9, 1479.00,1477.3,1480.48,206743,3060.79,21417, 120733, 58.40,-0.22
UBL, EQ, 09-Jul-2020,1062.6,1070.0,1089.0,1055.0, 1065.45,1070.15,1074.75,740889,7962.72,27650, 158557, 21.40,0.71
UBL, EQ, 09-Jul-2021,1420.2,1415.0,1442.65,1409.95,1428.2,1431.35,1424.84,223003,3177.44,9734, 54466, 24.42,0.79
UBL, EQ, 09-Jul-2024,2110.95,2112.95,2125.9,2092.5,2104.95,2102.05,2109.47,226023,4767.89,24730, 75059, 33.21,-0.42
UBL, EQ, 09-Aug-2021,1429.75,1430.0,1447.35,1403.3, 1417.95,1414.35,1422.83,194490,2767.26,9844, 55166, 28.36,-1.08
UBL, EQ, 09-Aug-2023,1559.2,1559.0,1565.7,1543.25, 1550.00,1549.2,1552.49,147074,2283.3,8027, 34438, 23.42,-0.64
UBL, EQ, 09-Aug-2024,1945.35,1960.5,1961.5,1921.0,1946.0,1945.45,1945.07,303629,5905.8,25440, 212567, 70.01,0.01
UBL, EQ, 09-Sep-2020,1084.9,1084.8,1093.5,1061.0, 1088.15,1079.45,1076.24,707861,7618.26,23358, 149234, 21.08,-0.5
UBL, EQ, 09-Sep-2021,1592.6,1592.45,1620.0,1583.65, 1598.00,1599.95,1605.89,596741,9583.01,29098, 153508, 25.72,0.46
UBL, EQ, 09-Sep-2022,1689.55,1691.3,1701.95,1670.0, 1677.85,1675.85,1686.29,61815,1042.38,5285, 18740, 30.32,-0.81
UBL, EQ, 09-Sep-2024,2009.8,2017.0,2076.7,2003.05,2070.0,2066.7,2059.78,333356,6866.4,24685, 89952, 26.98,2.83
UBL, EQ, 09-Oct-2020,960.75,965.3,1004.15,965.3, 991.00,990.55,984.74,1278367,12588.63,34470, 244757, 19.15,3.1
UBL, EQ, 09-Oct-2023,1560.75,1554.0,1595.0,1553.95, 1561.40,1564.0,1576.52,564001,8891.6,34046, 158374, 28.08,0.21
UBL, EQ, 09-Oct-2024,2117.15,2130.15,2141.15,2092.85,2104.0,2099.4,2105.22,179172,3771.96,17879, 94887, 52.96,-0.84
UBL, EQ, 09-Nov-2020,950.6,950.6,979.75,936.0, 978.00,975.5,963.19,908378,8749.44,24453, 220903, 24.32,2.62
UBL, EQ, 09-Nov-2021,1732.05,1735.45,1785.8,1716.3,1776.0,1778.6,1760.98,999742,17605.27,49853, 262164, 26.22,2.69
UBL, EQ, 09-Nov-2022,1651.55,1656.6,1704.9,1655.0, 1676.25,1676.9,1681.69,329340,5538.47,23940, 110538, 33.56,1.53
UBL, EQ, 09-Nov-2023,1593.85,1603.0,1603.0,1581.0, 1587.90,1586.05,1590.23,70691,1124.15,5563, 21500, 30.41,-0.49
UBL, EQ, 09-Dec-2020,1112.65,1120.0,1144.95,1112.3,1143.5,1139.95,1129.77,972229,10983.97,70220, 349363, 35.93,2.45
UBL, EQ, 09-Dec-2021,1552.3,1585.5,1587.8,1537.6, 1563.35,1568.7,1561.3,473075,7386.13,29676, 49589, 10.48,1.06
UBL, EQ, 09-Dec-2022,1765.8,1770.0,1787.8,1755.0, 1776.00,1776.3,1772.74,329161,5835.15,17945, 139699, 42.44,0.59
UBL, EQ, 09-Dec-2024,1968.55,1968.55,1971.35,1948.05,1955.0,1958.35,1957.07,54347,1063.61,7626, 18623, 34.27,-0.52
UBL, EQ, 10-Jan-2020,1263.6,1267.0,1285.45,1262.35, 1265.90,1269.4,1275.1,169874,2166.07,5966, 23968, 14.11,0.46
UBL, EQ, 10-Jan-2022,1585.85,1594.2,1613.8,1579.05,1603.0,1599.45,1595.77,209156,3337.65,10738, 53412, 25.54,0.86
UBL, EQ, 10-Jan-2023,1661.75,1657.1,1673.95,1650.5,1663.95,1669.6,1662.58,152223,2530.82,16219, 85798, 56.36,0.47
UBL, EQ, 10-Jan-2024,1814.85,1814.8,1835.0,1799.9, 1811.00,1812.95,1813.68,168705,3059.77,17506, 72513, 42.98,-0.1
UBL, EQ, 10-Jan-2025,2023.45,2013.35,2045.0,1980.75,2025.0,2029.5,2006.34,123973,2487.32,14538, 49468, 39.90,0.3
UBL, EQ, 10-Feb-2020,1320.85,1322.4,1322.4,1290.25, 1291.00,1295.6,1301.9,389914,5076.3,10428, 183131, 46.97,-1.91
UBL, EQ, 10-Feb-2021,1276.9,1276.9,1281.0,1226.1,1255.8,1255.95,1246.64,981419,12234.79,64495, 314965, 32.09,-1.64
UBL, EQ, 10-Feb-2022,1598.8,1605.0,1636.5,1580.8,1628.0,1625.1,1613.46,214598,3462.46,13186, 86059, 40.10,1.64
UBL, EQ, 10-Feb-2023,1549.75,1495.0,1509.0,1455.75, 1480.65,1480.75,1483.3,1203132,17846.04,71100, 483261, 40.17,-4.45
UBL, EQ, 10-Feb-2025,2048.65,2045.05,2076.8,2041.8,2057.75,2055.45,2058.09,74532,1533.93,10156, 15448, 20.73,0.33
UBL, EQ, 10-Mar-2021,1228.4,1236.0,1243.4,1217.3, 1232.00,1230.55,1229.58,229428,2821.0,8561, 68516, 29.86,0.18
UBL, EQ, 10-Mar-2022,1399.65,1437.0,1437.0,1398.8, 1405.05,1405.95,1414.44,213781,3023.8,13439, 82146, 38.43,0.45
UBL, EQ, 10-Mar-2023,1440.0,1434.95,1455.0,1427.85, 1440.90,1441.2,1443.21,344566,4972.82,27584, 174366, 50.60,0.08
UBL, EQ, 10-Mar-2025,1922.3,1946.95,1949.95,1882.45,1890.1,1900.55,1906.08,170472,3249.33,23239, 84706, 49.69,-1.13
UBL, EQ, 10-Apr-2023,1407.05,1407.9,1410.35,1388.7, 1398.00,1398.0,1399.57,147030,2057.79,17496, 89334, 60.76,-0.64
UBL, EQ, 10-Apr-2024,1824.7,1825.0,1852.0,1801.0, 1838.00,1840.85,1829.64,288958,5286.89,35818, 91799, 31.77,0.89
UBL, EQ, 10-May-2021,1215.5,1222.8,1238.55,1205.35, 1209.50,1207.6,1219.05,310657,3787.07,9031, 105348, 33.91,-0.65
UBL, EQ, 10-May-2022,1466.75,1462.0,1485.75,1450.75, 1452.00,1458.0,1470.65,224359,3299.54,13121, 96422, 42.98,-0.6
UBL, EQ, 10-May-2023,1385.9,1385.5,1393.5,1377.0,1386.0,1384.85,1382.98,135821,1878.38,14664, 67799, 49.92,-0.08
UBL, EQ, 10-May-2024,1910.7,1912.7,1947.6,1901.1,1915.0,1919.3,1926.0,180121,3469.13,19760, 39540, 21.95,0.45
UBL, EQ, 10-Jun-2020,1010.2,1015.25,1027.45,997.55, 1013.75,1009.65,1008.11,475760,4796.16,21340, 101441, 21.32,-0.05
UBL, EQ, 10-Jun-2021,1376.3,1387.5,1396.95,1381.5, 1388.20,1391.05,1390.18,297244,4132.22,11505, 50508, 16.99,1.07
UBL, EQ, 10-Jun-2022,1499.1,1494.9,1519.35,1487.05,1498.0,1499.55,1502.01,613610,9216.47,14003, 351867, 57.34,0.03
UBL, EQ, 10-Jun-2024,2071.1,2075.0,2152.95,2075.0,2148.5,2146.3,2127.53,348493,7414.28,23893, 75913, 21.78,3.63
UBL, EQ, 10-Jul-2020,1070.15,1070.0,1070.0,1027.0,1027.0,1031.4,1038.23,729355,7572.37,39985, 322756, 44.25,-3.62
UBL, EQ, 10-Jul-2023,1504.4,1505.0,1508.75,1470.05,1483.1,1483.25,1479.92,266082,3937.8,15184, 152468, 57.30,-1.41
UBL, EQ, 10-Jul-2024,2102.05,2104.9,2120.35,2068.45,2110.0,2090.45,2095.16,110845,2322.39,15135, 36922, 33.31,-0.55
UBL, EQ, 10-Aug-2020,965.5,970.0,972.45,961.45, 965.90,968.25,968.42,293365,2841.0,13207, 117121, 39.92,0.28
UBL, EQ, 10-Aug-2021,1414.35,1417.2,1424.3,1379.0, 1392.00,1393.65,1402.16,203674,2855.83,9701, 44761, 21.98,-1.46
UBL, EQ, 10-Aug-2022,1606.65,1606.65,1644.8,1606.65,1638.35,1639.65,1633.13,202801,3312.0,10012, 68709, 33.88,2.05
UBL, EQ, 10-Aug-2023,1549.2,1551.25,1555.9,1528.35, 1537.90,1537.15,1539.05,74891,1152.61,5576, 25125, 33.55,-0.78
UBL, EQ, 10-Sep-2020,1079.45,1079.6,1101.3,1050.2, 1063.40,1066.3,1075.65,949451,10212.75,31024, 94651, 9.97,-1.22
UBL, EQ, 10-Sep-2024,2066.7,2069.0,2091.2,2061.7,2077.65,2079.15,2078.49,159048,3305.8,12650, 75425, 47.42,0.6
UBL, EQ, 10-Oct-2022,1726.8,1726.0,1737.45,1682.55, 1705.40,1709.7,1704.92,208097,3547.88,12704, 65161, 31.31,-0.99
UBL, EQ, 10-Oct-2023,1564.0,1578.0,1591.95,1556.0, 1580.00,1581.95,1577.28,316817,4997.1,14625, 183774, 58.01,1.15
UBL, EQ, 10-Oct-2024,2099.4,2112.0,2114.55,2056.75,2085.0,2084.85,2080.98,147981,3079.45,17082, 74143, 50.10,-0.69
UBL, EQ, 10-Nov-2020,975.5,985.0,1066.55,982.0, 1055.00,1053.95,1037.36,2611412,27089.68,77847, 603639, 23.12,8.04
UBL, EQ, 10-Nov-2021,1778.6,1774.65,1779.0,1735.15, 1744.00,1741.35,1757.04,246893,4338.0,16442, 51268, 20.77,-2.09
UBL, EQ, 10-Nov-2022,1676.9,1677.0,1685.95,1644.4, 1650.00,1652.4,1663.57,150701,2507.02,15139, 42647, 28.30,-1.46
UBL, EQ, 10-Nov-2023,1586.05,1589.9,1589.9,1560.05,1578.7,1575.25,1572.86,103919,1634.5,6770, 37007, 35.61,-0.68
UBL, EQ, 10-Dec-2020,1139.95,1137.0,1148.0,1124.45, 1138.75,1137.8,1136.65,413888,4704.45,12622, 92949, 22.46,-0.19
UBL, EQ, 10-Dec-2021,1568.7,1565.3,1608.0,1562.2, 1592.90,1595.85,1590.85,356245,5667.33,16332, 97962, 27.50,1.73
UBL, EQ, 10-Dec-2024,1958.35,1958.35,2007.5,1955.15,1994.15,1994.55,1995.03,230065,4589.87,20584, 73644, 32.01,1.85
UBL, EQ, 11-Jan-2021,1249.95,1253.4,1262.35,1229.25, 1246.00,1239.8,1244.48,333389,4148.96,10369, 53165, 15.95,-0.81
UBL, EQ, 11-Jan-2022,1599.45,1599.45,1638.95,1591.0,1606.7,1605.1,1623.56,548306,8902.07,32024, 185798, 33.89,0.35
UBL, EQ, 11-Jan-2023,1669.6,1666.8,1679.3,1664.0, 1674.00,1674.2,1674.25,202406,3388.79,15390, 132836, 65.63,0.28
UBL, EQ, 11-Jan-2024,1812.95,1813.0,1824.0,1790.0, 1792.70,1797.95,1802.31,98554,1776.25,11227, 33939, 34.44,-0.83
UBL, EQ, 11-Feb-2020,1295.6,1300.35,1306.95,1270.0, 1288.95,1289.9,1283.96,547482,7029.43,25808, 259248, 47.35,-0.44
UBL, EQ, 11-Feb-2021,1255.95,1258.0,1268.5,1237.5,1265.0,1265.15,1251.45,451978,5656.27,25275, 147940, 32.73,0.73
UBL, EQ, 11-Feb-2022,1625.1,1618.0,1619.9,1584.2,1601.0,1593.35,1596.5,90806,1449.72,6768, 26927, 29.65,-1.95
UBL, EQ, 11-Feb-2025,2055.45,2057.95,2090.9,2014.55,2024.5,2023.3,2040.92,420130,8574.52,40244, 173580, 41.32,-1.56
UBL, EQ, 11-Mar-2020,1188.25,1194.0,1196.2,1132.0, 1167.00,1172.95,1158.66,759433,8799.27,28630, 255925, 33.70,-1.29
UBL, EQ, 11-Mar-2022,1405.95,1405.0,1433.6,1396.3, 1431.00,1429.1,1421.68,227150,3229.35,13608, 27754, 12.22,1.65
UBL, EQ, 11-Mar-2024,1699.35,1715.3,1715.3,1678.4, 1700.50,1699.25,1696.34,139865,2372.59,10384, 77096, 55.12,-0.01
UBL, EQ, 11-Mar-2025,1900.55,1880.0,1895.0,1852.35,1879.7,1878.3,1870.18,157995,2954.79,25998, 92366, 58.46,-1.17
UBL, EQ, 11-Apr-2022,1590.8,1590.75,1597.8,1571.05,1575.0,1574.75,1587.7,150728,2393.1,6645, 85806, 56.93,-1.01
UBL, EQ, 11-Apr-2023,1398.0,1397.0,1401.6,1353.5, 1371.25,1369.55,1368.77,608120,8323.79,41267, 429939, 70.70,-2.04
UBL, EQ, 11-Apr-2025,2001.75,2023.0,2033.0,1997.55,2020.0,2019.5,2018.64,171626,3464.5,28169, 108962, 63.49,0.89
UBL, EQ, 11-May-2020,890.1,890.5,901.7,880.25, 884.00,885.6,889.94,576485,5130.4,17530, 139374, 24.18,-0.51
UBL, EQ, 11-May-2021,1207.6,1204.55,1220.45,1194.85, 1211.35,1206.5,1202.62,508849,6119.5,16288, 276536, 54.35,-0.09
UBL, EQ, 11-May-2022,1458.0,1456.0,1477.05,1432.6,1464.0,1464.05,1453.5,175637,2552.89,12425, 58992, 33.59,0.41
UBL, EQ, 11-May-2023,1384.85,1390.0,1429.0,1386.8, 1420.70,1425.45,1415.55,377799,5347.95,22982, 155323, 41.11,2.93
UBL, EQ, 11-Jun-2020,1009.65,1010.7,1027.0,992.2, 995.00,999.15,1012.26,1061102,10741.16,60104, 410685, 38.70,-1.04
UBL, EQ, 11-Jun-2021,1391.05,1390.15,1404.55,1363.3, 1373.50,1373.3,1380.55,672310,9281.55,19614, 241682, 35.95,-1.28
UBL, EQ, 11-Jun-2024,2146.3,2158.75,2173.5,2135.1,2138.0,2139.95,2152.11,180921,3893.62,13880, 58408, 32.28,-0.3
UBL, EQ, 11-Jul-2022,1618.75,1600.15,1650.0,1600.15,1620.0,1616.05,1621.31,570574,9250.79,23325, 337389, 59.13,-0.17
UBL, EQ, 11-Jul-2023,1483.25,1483.3,1498.0,1480.6, 1484.70,1484.45,1487.9,93601,1392.69,6037, 31117, 33.24,0.08
UBL, EQ, 11-Jul-2024,2090.45,2110.0,2110.0,2043.1,2068.0,2079.35,2067.69,240933,4981.75,25390, 111504, 46.28,-0.53
UBL, EQ, 11-Aug-2020,968.25,970.0,981.0,965.25,969.0,969.15,972.25,336784,3274.38,11429, 83394, 24.76,0.09
UBL, EQ, 11-Aug-2021,1393.65,1393.65,1399.0,1365.15, 1389.50,1389.3,1380.59,204233,2819.63,15651, 49591, 24.28,-0.31
UBL, EQ, 11-Aug-2022,1639.65,1644.6,1654.55,1620.15,1636.7,1635.05,1637.06,168640,2760.74,8759, 67314, 39.92,-0.28
UBL, EQ, 11-Aug-2023,1537.15,1538.0,1547.45,1525.0, 1532.45,1533.8,1539.5,97256,1497.25,10284, 39152, 40.26,-0.22
UBL, EQ, 11-Sep-2020,1066.3,1066.0,1073.55,1046.5, 1058.20,1059.65,1059.11,374470,3966.05,13369, 83932, 22.41,-0.62
UBL, EQ, 11-Sep-2023,1680.05,1684.05,1685.55,1652.4, 1658.00,1659.9,1662.03,295153,4905.53,12950, 181637, 61.54,-1.2
UBL, EQ, 11-Sep-2024,2079.15,2067.15,2095.45,2063.1,2077.2,2081.05,2082.43,173083,3604.33,9878, 76959, 44.46,0.09
UBL, EQ, 11-Oct-2021,1650.05,1650.2,1716.4,1646.75, 1700.00,1700.3,1695.48,683591,11590.16,34488, 252530, 36.94,3.05
UBL, EQ, 11-Oct-2022,1709.7,1700.0,1707.1,1636.15, 1643.75,1650.95,1667.51,369343,6158.82,17392, 176189, 47.70,-3.44
UBL, EQ, 11-Oct-2023,1581.95,1593.65,1601.9,1571.95, 1582.00,1580.0,1583.92,147625,2338.27,9436, 81515, 55.22,-0.12
UBL, EQ, 11-Oct-2024,2084.85,2085.55,2105.0,2074.9,2086.8,2085.95,2090.95,76300,1595.4,17957, 28794, 37.74,0.05
UBL, EQ, 11-Nov-2020,1053.95,1053.95,1055.95,1035.0, 1041.00,1039.3,1045.44,473006,4945.01,25677, 139543, 29.50,-1.39
UBL, EQ, 11-Nov-2021,1741.35,1741.35,1747.4,1701.95, 1719.75,1714.15,1720.54,259120,4458.26,26438, 105513, 40.72,-1.56
UBL, EQ, 11-Nov-2022,1652.4,1655.1,1683.2,1650.2,1678.95,1679.2,1668.38,202603,3380.19,12781, 135095, 66.68,1.62
UBL, EQ, 11-Nov-2024,1925.5,1924.05,1934.5,1900.25, 1905.00,1911.8,1915.61,111000,2126.33,15852, 31302, 28.20,-0.71
UBL, EQ, 11-Dec-2020,1137.8,1141.0,1176.0,1110.65, 1158.00,1157.4,1153.53,1814495,20930.72,53315, 353844, 19.50,1.72
UBL, EQ, 11-Dec-2023,1724.65,1725.0,1755.0,1715.0, 1755.00,1749.8,1745.2,234356,4089.99,15208, 104062, 44.40,1.46
UBL, EQ, 11-Dec-2024,1994.55,2004.0,2020.95,1976.45,1980.5,1985.45,2002.15,176044,3524.66,14382, 62243, 35.36,-0.46
UBL, EQ, 12-Jan-2021,1239.8,1238.0,1266.8,1238.0, 1258.00,1255.85,1256.13,523444,6575.15,16474, 146195, 27.93,1.29
UBL, EQ, 12-Jan-2022,1605.1,1610.45,1660.7,1589.8,1650.0,1646.7,1637.39,479657,7853.87,25053, 172340, 35.93,2.59
UBL, EQ, 12-Jan-2023,1674.2,1679.3,1680.4,1636.45, 1641.10,1644.15,1655.07,138474,2291.84,23576, 47080, 34.00,-1.79
UBL, EQ, 12-Jan-2024,1797.95,1790.1,1802.2,1778.95,1799.0,1795.35,1792.06,209080,3746.85,18297, 114688, 54.85,-0.14
UBL, EQ, 12-Feb-2020,1289.9,1293.0,1301.8,1272.1, 1276.00,1283.35,1285.05,297642,3824.85,11075, 81694, 27.45,-0.51
UBL, EQ, 12-Feb-2021,1265.15,1265.0,1266.85,1244.1,1251.25,1253.3,1252.16,316099,3958.05,9642, 98304, 31.10,-0.94
UBL, EQ, 12-Feb-2024,1776.75,1767.0,1772.3,1710.05, 1726.10,1726.9,1745.38,301746,5266.6,15314, 133057, 44.10,-2.81
UBL, EQ, 12-Feb-2025,2023.3,2046.8,2098.5,2032.05,2048.5,2057.3,2056.65,1175662,24179.26,63525, 517941, 44.06,1.68
UBL, EQ, 12-Mar-2020,1172.95,1140.05,1150.0,1017.45, 1090.00,1081.95,1097.58,857366,9410.27,31399, 404681, 47.20,-7.76
UBL, EQ, 12-Mar-2021,1230.55,1234.0,1242.65,1203.65, 1211.10,1214.0,1225.25,209421,2565.92,7812, 35097, 16.76,-1.34
UBL, EQ, 12-Mar-2024,1699.25,1715.0,1750.0,1692.55, 1714.50,1718.25,1729.65,688104,11901.8,36295, 249496, 36.26,1.12
UBL, EQ, 12-Mar-2025,1878.3,1878.95,1955.0,1878.95,1910.65,1904.95,1900.88,130849,2487.28,20800, 72530, 55.43,1.42
UBL, EQ, 12-Apr-2021,1107.4,1094.0,1096.4,1051.4, 1082.00,1084.15,1083.53,846907,9176.45,23594, 400308, 47.27,-2.1
UBL, EQ, 12-Apr-2022,1574.75,1574.75,1582.0,1523.7, 1541.10,1542.2,1550.29,295966,4588.34,9773, 152302, 51.46,-2.07
UBL, EQ, 12-Apr-2023,1369.55,1369.0,1393.85,1367.05, 1385.65,1383.75,1381.9,304139,4202.89,15692, 166244, 54.66,1.04
UBL, EQ, 12-Apr-2024,1840.85,1838.9,1864.05,1824.25, 1845.00,1850.4,1850.86,385699,7138.74,23088, 199333, 51.68,0.52
UBL, EQ, 12-May-2020,885.6,884.0,906.0,871.0, 905.00,894.55,885.46,439496,3891.56,18264, 86781, 19.75,1.01
UBL, EQ, 12-May-2021,1206.5,1217.0,1217.0,1193.0,1209.9,1207.0,1207.03,142901,1724.85,5716, 12801, 8.96,0.04
UBL, EQ, 12-May-2022,1464.05,1451.75,1462.95,1416.35,1453.0,1456.3,1446.49,256947,3716.7,18764, 115777, 45.06,-0.53
UBL, EQ, 12-May-2023,1425.45,1430.6,1431.5,1408.0, 1412.10,1412.05,1420.56,204290,2902.07,11347, 107667, 52.70,-0.94
UBL, EQ, 12-Jun-2020,999.15,941.0,1019.85,941.0, 1017.00,1013.6,1001.39,704188,7051.66,24382, 151985, 21.58,1.45
UBL, EQ, 12-Jun-2023,1477.3,1480.0,1488.5,1460.05, 1483.15,1482.4,1476.34,167651,2475.11,16040, 91628, 54.65,0.35
UBL, EQ, 12-Jun-2024,2139.95,2139.95,2182.45,2111.6,2129.4,2129.5,2136.03,234585,5010.8,15255, 128771, 54.89,-0.49
UBL, EQ, 12-Jul-2021,1431.35,1432.0,1445.85,1432.0, 1436.45,1437.05,1440.81,212673,3064.21,7612, 113231, 53.24,0.4
UBL, EQ, 12-Jul-2022,1616.05,1610.0,1628.5,1602.55,1608.75,1620.25,1617.48,200819,3248.21,12002, 109001, 54.28,0.26
UBL, EQ, 12-Jul-2023,1484.45,1485.0,1499.3,1473.15, 1488.00,1485.7,1485.48,152345,2263.05,12200, 53632, 35.20,0.08
UBL, EQ, 12-Jul-2024,2079.35,2086.0,2087.55,2058.05,2059.05,2065.1,2066.78,72203,1492.28,6536, 40946, 56.71,-0.69
UBL, EQ, 12-Aug-2020,969.15,969.2,971.9,950.0,961.5,964.15,957.86,520385,4984.56,21096, 135107, 25.96,-0.52
UBL, EQ, 12-Aug-2021,1389.3,1389.3,1415.25,1381.0, 1390.00,1389.65,1397.33,271644,3795.77,13217, 58476, 21.53,0.03
UBL, EQ, 12-Aug-2022,1635.05,1637.0,1649.65,1624.25,1638.0,1644.3,1642.21,131955,2166.98,8590, 50819, 38.51,0.57
UBL, EQ, 12-Aug-2024,1945.45,1945.45,1945.45,1901.8,1923.0,1922.1,1920.95,147990,2842.81,15753, 62794, 42.43,-1.2
UBL, EQ, 12-Sep-2022,1675.85,1684.6,1703.0,1683.65, 1687.05,1697.35,1696.43,83806,1421.71,8419, 29605, 35.33,1.28
UBL, EQ, 12-Sep-2023,1659.9,1659.9,1659.9,1605.2, 1611.00,1609.35,1628.14,151328,2463.83,8770, 67782, 44.79,-3.05
UBL, EQ, 12-Sep-2024,2081.05,2088.7,2094.9,2064.05,2084.95,2083.1,2078.98,102426,2129.42,7078, 42399, 41.39,0.1
UBL, EQ, 12-Oct-2020,990.55,994.2,996.0,966.3, 968.50,970.9,979.6,552382,5411.15,30385, 164235, 29.73,-1.98
UBL, EQ, 12-Oct-2021,1700.3,1699.0,1736.45,1684.8, 1720.40,1718.15,1711.03,857395,14670.28,44945, 283768, 33.10,1.05
UBL, EQ, 12-Oct-2022,1650.95,1644.0,1677.95,1624.15, 1674.00,1669.4,1652.76,238158,3936.17,15038, 70415, 29.57,1.12
UBL, EQ, 12-Oct-2023,1580.0,1597.95,1607.0,1582.0, 1598.60,1599.55,1596.3,352524,5627.34,18290, 173559, 49.23,1.24
UBL, EQ, 12-Nov-2020,1039.3,1031.0,1050.0,1002.65, 1025.00,1023.5,1033.08,592737,6123.45,17428, 68113, 11.49,-1.52
UBL, EQ, 12-Nov-2021,1714.15,1722.0,1744.2,1715.0, 1730.60,1734.8,1729.3,186206,3220.06,16432, 48233, 25.90,1.2
UBL, EQ, 12-Nov-2024,1911.8,1905.8,1924.0,1873.0,1886.0,1882.45,1894.24,285470,5407.49,21966, 143105, 50.13,-1.54
UBL, EQ, 12-Dec-2022,1776.3,1777.75,1799.5,1770.45, 1777.00,1781.7,1785.5,429097,7661.54,18395, 188565, 43.94,0.3
UBL, EQ, 12-Dec-2023,1749.8,1751.8,1769.85,1710.1, 1716.80,1716.35,1740.15,210867,3669.41,14738, 90449, 42.89,-1.91
UBL, EQ, 12-Dec-2024,1985.45,1983.0,1992.9,1967.6,1968.05,1970.25,1980.61,81524,1614.68,9745, 25003, 30.67,-0.77
UBL, EQ, 13-Jan-2020,1269.4,1269.15,1296.3,1269.0, 1293.15,1293.4,1286.67,376452,4843.7,15600, 184702, 49.06,1.89
UBL, EQ, 13-Jan-2021,1255.85,1264.0,1300.05,1247.0, 1295.00,1291.45,1276.77,1074206,13715.11,30855, 312514, 29.09,2.83
UBL, EQ, 13-Jan-2022,1646.7,1646.4,1670.4,1625.0, 1647.45,1653.9,1653.25,302898,5007.65,22759, 62686, 20.70,0.44
UBL, EQ, 13-Jan-2023,1644.15,1645.1,1645.1,1609.5,1625.0,1620.0,1623.27,401576,6518.67,19372, 295727, 73.64,-1.47
UBL, EQ, 13-Jan-2025,2029.5,2012.0,2018.45,1935.45,1945.0,1944.45,1967.61,165906,3264.38,15029, 75151, 45.30,-4.19
UBL, EQ, 13-Feb-2020,1283.35,1276.0,1293.05,1270.1, 1291.90,1288.95,1280.36,446947,5722.54,17338, 181456, 40.60,0.44
UBL, EQ, 13-Feb-2023,1480.75,1480.0,1487.8,1451.65,1470.0,1459.75,1468.2,224987,3303.25,23462, 85632, 38.06,-1.42
UBL, EQ, 13-Feb-2024,1726.9,1724.7,1746.25,1708.0, 1733.00,1737.75,1731.95,186072,3222.67,9101, 114303, 61.43,0.63
UBL, EQ, 13-Feb-2025,2057.3,2058.05,2064.55,2007.0,2030.0,2030.25,2041.05,322310,6578.5,21413, 167305, 51.91,-1.31
UBL, EQ, 13-Mar-2020,1081.95,1001.0,1182.95,925.0, 1050.00,1048.7,1053.73,855802,9017.86,32872, 427925, 50.00,-3.07
UBL, EQ, 13-Mar-2023,1441.2,1438.2,1448.95,1429.75, 1432.00,1434.2,1435.72,121402,1742.99,12703, 24568, 20.24,-0.49
UBL, EQ, 13-Mar-2024,1718.25,1719.85,1745.3,1680.1, 1685.00,1687.85,1718.18,380387,6535.72,26427, 140899, 37.04,-1.77
UBL, EQ, 13-Mar-2025,1904.95,1927.75,1935.0,1895.6,1911.0,1911.65,1910.56,95875,1831.75,16884, 55177, 57.55,0.35
UBL, EQ, 13-Apr-2020,944.55,954.0,969.0,941.25, 946.00,949.85,955.77,808372,7726.17,51794,301065,41.89,0.56
UBL, EQ, 13-Apr-2021,1084.15,1084.15,1110.65,1082.0, 1101.70,1101.0,1099.44,378097,4156.96,13476, 147787, 39.09,1.55
UBL, EQ, 13-Apr-2022,1542.2,1557.7,1557.7,1517.1,1522.05,1526.5,1538.02,188706,2902.33,14627, 97061, 51.44,-1.02
UBL, EQ, 13-Apr-2023,1383.75,1388.0,1396.15,1380.15, 1390.40,1387.75,1386.3,95326,1321.51,10396, 45177, 47.39,0.29
UBL, EQ, 13-May-2020,894.55,935.0,935.0,900.0,920.0,915.25,914.29,949743,8683.42,49450, 309700, 32.61,2.31
UBL, EQ, 13-May-2022,1456.3,1458.0,1516.0,1419.05,1428.9,1427.65,1467.35,370150,5431.38,14561, 139217, 37.61,-1.97
UBL, EQ, 13-May-2024,1919.3,1919.05,1951.45,1885.55,1945.0,1946.35,1919.98,149030,2861.34,13371, 50521, 33.90,1.41
UBL, EQ, 13-Jun-2022,1499.55,1470.0,1510.25,1449.6,1493.35,1493.05,1474.15,464185,6842.76,11233, 336893, 72.58,-0.43
UBL, EQ, 13-Jun-2023,1482.4,1490.0,1495.0,1463.55, 1468.00,1465.85,1474.78,226190,3335.79,14934, 137557, 60.81,-1.12
UBL, EQ, 13-Jun-2024,2129.5,2129.6,2142.35,2115.0,2120.0,2118.3,2123.24,84849,1801.55,7911, 41873, 49.35,-0.53
UBL, EQ, 13-Jul-2020,1031.4,1033.2,1045.0,1002.8, 1009.65,1007.95,1013.97,731056,7412.66,30967, 217925, 29.81,-2.27
UBL, EQ, 13-Jul-2021,1437.05,1438.0,1444.2,1425.0, 1426.00,1428.7,1433.44,122280,1752.81,10575, 42987, 35.15,-0.58
UBL, EQ, 13-Jul-2022,1620.25,1621.0,1626.7,1605.2,1615.0,1614.4,1611.81,187767,3026.45,11024, 115564, 61.55,-0.36
UBL, EQ, 13-Jul-2023,1485.7,1489.0,1508.5,1486.7, 1500.05,1501.25,1498.12,175494,2629.11,12578, 78043, 44.47,1.05
UBL, EQ, 13-Aug-2020,964.15,964.0,996.95,961.35, 988.00,986.0,986.66,887692,8758.48,23914, 204498, 23.04,2.27
UBL, EQ, 13-Aug-2021,1389.65,1390.0,1408.85,1384.5,1391.0,1396.55,1390.52,843743,11732.45,13722, 595981, 70.64,0.5
UBL, EQ, 13-Aug-2024,1922.1,1924.0,1932.3,1901.0,1909.85,1904.75,1919.48,207720,3987.15,8771, 164670, 79.27,-0.9
UBL, EQ, 13-Sep-2021,1599.95,1595.0,1608.15,1581.2, 1592.45,1599.1,1598.25,320705,5125.66,21798, 133948, 41.77,-0.05
UBL, EQ, 13-Sep-2022,1697.35,1703.5,1718.0,1691.25, 1695.00,1695.7,1703.25,72801,1239.98,3901, 20338, 27.94,-0.1
UBL, EQ, 13-Sep-2023,1609.35,1614.8,1639.85,1595.15, 1606.25,1601.1,1605.95,188561,3028.2,9934, 85771, 45.49,-0.51
UBL, EQ, 13-Sep-2024,2083.1,2090.0,2090.0,2061.05,2077.65,2080.15,2075.53,120973,2510.83,18777, 61063, 50.48,-0.14
UBL, EQ, 13-Oct-2020,970.9,974.6,975.0,952.2, 972.50,970.75,965.82,679250,6560.36,28307, 260007, 38.28,-0.02
UBL, EQ, 13-Oct-2021,1718.15,1721.95,1735.0,1710.0,1720.8,1723.4,1726.99,573343,9901.57,22714, 315207, 54.98,0.31
UBL, EQ, 13-Oct-2022,1669.4,1669.4,1680.0,1643.95,1658.95,1654.9,1657.44,96499,1599.41,6978, 23191, 24.03,-0.87
UBL, EQ, 13-Oct-2023,1599.55,1575.0,1601.95,1571.1, 1577.90,1582.65,1585.57,458958,7277.12,12499, 304031, 66.24,-1.06
UBL, EQ, 13-Nov-2020,1023.5,1023.5,1031.2,1015.55,1021.45,1023.4,1022.44,305732,3125.94,10910, 80553, 26.35,-0.01
UBL, EQ, 13-Nov-2023,1604.2,1610.5,1610.5,1570.0, 1572.00,1573.35,1581.65,140684,2225.13,9985, 60466, 42.98,-1.92
UBL, EQ, 13-Nov-2024,1882.45,1881.0,1888.95,1850.1,1860.0,1856.4,1866.77,67083,1252.29,9791, 25248, 37.64,-1.38
UBL, EQ, 13-Dec-2021,1595.85,1605.65,1627.3,1586.0,1617.1,1616.75,1606.46,295457,4746.38,11732, 130786, 44.27,1.31
UBL, EQ, 13-Dec-2022,1781.7,1777.0,1806.45,1763.6, 1786.00,1783.5,1786.22,341408,6098.31,14761, 150501, 44.08,0.1
UBL, EQ, 13-Dec-2023,1716.35,1716.35,1723.35,1681.45, 1705.20,1710.0,1697.83,329778,5599.07,19216, 180662, 54.78,-0.37
UBL, EQ, 13-Dec-2024,1970.25,1955.6,2005.0,1955.6,1995.45,1992.4,1983.85,294410,5840.66,25820, 151117, 51.33,1.12
UBL, EQ, 14-Jan-2020,1293.4,1299.65,1309.05,1285.7, 1304.00,1303.7,1301.81,424847,5530.7,11709, 177392, 41.75,0.8
UBL, EQ, 14-Jan-2021,1291.45,1308.0,1308.75,1262.0, 1286.00,1280.8,1289.69,955090,12317.71,23105, 95711, 10.02,-0.82
UBL, EQ, 14-Jan-2022,1653.9,1643.9,1673.65,1635.0, 1647.05,1656.05,1659.61,329389,5466.58,22035, 41468, 12.59,0.13
UBL, EQ, 14-Jan-2025,1944.45,1931.0,1983.8,1930.0,1983.65,1965.3,1954.43,210753,4119.02,18673, 99558, 47.24,1.07
UBL, EQ, 14-Feb-2020,1288.95,1289.9,1306.95,1281.45, 1282.30,1286.4,1294.79,282225,3654.23,7910, 73776, 26.14,-0.2
UBL, EQ, 14-Feb-2022,1593.35,1568.4,1571.9,1517.95,1525.7,1527.2,1551.66,143686,2229.52,14025, 34403, 23.94,-4.15
UBL, EQ, 14-Feb-2023,1459.75,1467.0,1469.95,1440.0,1462.0,1460.15,1453.25,181846,2642.67,22494, 51724, 28.44,0.03
UBL, EQ, 14-Feb-2024,1737.75,1726.0,1743.15,1718.1, 1734.00,1731.5,1730.14,78139,1351.92,9626, 35619, 45.58,-0.36
UBL, EQ, 14-Feb-2025,2030.25,2040.0,2166.0,2013.05,2040.4,2040.6,2071.68,2023122,41912.51,138707, 641323, 31.70,0.51
UBL, EQ, 14-Mar-2022,1429.1,1441.5,1459.45,1416.3,1444.95,1444.75,1443.86,337769,4876.92,21444, 167025, 49.45,1.1
UBL, EQ, 14-Mar-2023,1434.2,1430.0,1453.0,1422.65, 1440.15,1445.3,1444.83,207466,2997.54,21019, 46734, 22.53,0.77
UBL, EQ, 14-Mar-2024,1687.85,1687.85,1735.0,1666.6, 1725.15,1722.55,1715.3,170937,2932.08,19679, 56937, 33.31,2.06
UBL, EQ, 14-May-2020,915.25,905.1,966.5,897.1,939.0,939.1,936.43,1356119,12699.04,45165, 305292, 22.51,2.61
UBL, EQ, 14-May-2021,1207.0,1214.9,1221.1,1195.15, 1206.60,1209.75,1213.94,313423,3804.77,9885, 51571, 16.45,0.23
UBL, EQ, 14-May-2024,1946.35,1946.35,1958.9,1902.35,1915.0,1915.2,1919.29,184543,3541.92,16082, 115006, 62.32,-1.6
UBL, EQ, 14-Jun-2021,1373.3,1379.85,1384.9,1352.5, 1370.00,1368.95,1369.83,240926,3300.28,10179, 35860, 14.88,-0.32
UBL, EQ, 14-Jun-2022,1493.05,1490.0,1503.95,1431.65, 1459.05,1459.35,1464.85,472442,6920.55,43900, 228831, 48.44,-2.26
UBL, EQ, 14-Jun-2023,1465.85,1468.0,1495.0,1467.0, 1484.50,1483.9,1487.53,306469,4558.82,20718, 140930, 45.99,1.23
UBL, EQ, 14-Jun-2024,2118.3,2131.05,2134.6,2097.35,2108.0,2109.1,2109.52,148313,3128.69,11650, 102327, 68.99,-0.43
UBL, EQ, 14-Jul-2020,1007.95,1011.7,1019.9,1001.1,1003.5,1004.55,1009.59,282332,2850.38,9526, 66180, 23.44,-0.34
UBL, EQ, 14-Jul-2021,1428.7,1427.75,1431.75,1416.3, 1418.60,1420.9,1424.16,178406,2540.79,8207, 90419, 50.68,-0.55
UBL, EQ, 14-Jul-2022,1614.4,1617.8,1652.7,1615.05, 1650.00,1649.05,1640.54,319738,5245.42,16841, 131591, 41.16,2.15
UBL, EQ, 14-Jul-2023,1501.25,1501.2,1514.8,1495.1,1510.95,1510.35,1502.36,151252,2272.35,8576, 83512, 55.21,0.61
UBL, EQ, 14-Aug-2020,986.0,988.0,1003.9,956.0, 963.35,963.6,983.64,1059943,10426.05,25731, 213015, 20.10,-2.27
UBL, EQ, 14-Aug-2023,1533.8,1533.0,1542.3,1500.2, 1540.80,1539.1,1526.36,95855,1463.1,5935, 39765, 41.48,0.35
UBL, EQ, 14-Aug-2024,1904.75,1914.8,1919.25,1888.0,1901.0,1891.5,1893.94,117154,2218.82,12042, 75968, 64.84,-0.7
UBL, EQ, 14-Sep-2020,1059.65,1059.75,1080.95,1044.05,1052.5,1052.4,1061.03,756233,8023.82,23170, 201796, 26.68,-0.68
UBL, EQ, 14-Sep-2021,1599.1,1598.0,1622.95,1581.15, 1582.10,1586.6,1605.76,738094,11851.99,29606, 254325, 34.46,-0.78
UBL, EQ, 14-Sep-2022,1695.7,1680.0,1708.6,1675.6,1680.8,1680.95,1689.64,88694,1498.61,6505, 31295, 35.28,-0.87
UBL, EQ, 14-Sep-2023,1601.1,1606.95,1628.0,1606.0, 1625.25,1624.05,1617.2,315861,5108.09,9033, 199125, 63.04,1.43
UBL, EQ, 14-Oct-2020,970.75,974.4,978.2,958.05, 972.00,971.1,968.87,553280,5360.59,17813, 175425, 31.71,0.04
UBL, EQ, 14-Oct-2021,1723.4,1724.0,1741.4,1700.1,1708.45,1709.35,1721.27,240169,4133.96,14211, 60475, 25.18,-0.82
UBL, EQ, 14-Oct-2022,1654.9,1665.0,1680.3,1645.1, 1663.00,1661.75,1665.5,164841,2745.43,13880, 72656, 44.08,0.41
UBL, EQ, 14-Oct-2024,2085.95,2096.85,2096.85,2064.1,2096.0,2083.6,2075.18,159922,3318.67,21672, 88671, 55.45,-0.11
UBL, EQ, 14-Nov-2022,1679.2,1685.0,1728.0,1675.25,1685.3,1690.1,1707.62,380847,6503.44,17915, 80035, 21.02,0.65
UBL, EQ, 14-Nov-2024,1856.4,1855.0,1890.55,1852.15, 1883.00,1883.55,1882.17,294046,5534.44,26300, 184323, 62.69,1.46
UBL, EQ, 14-Dec-2020,1157.4,1149.9,1171.8,1145.2,1157.0,1158.1,1161.82,394487,4583.24,14913, 106089, 26.89,0.06
UBL, EQ, 14-Dec-2021,1616.75,1625.0,1625.0,1580.0,1588.05,1591.95,1599.78,283420,4534.1,18305, 54193, 19.12,-1.53
UBL, EQ, 14-Dec-2022,1783.5,1797.9,1797.95,1778.25, 1780.00,1783.55,1785.52,141231,2521.71,11892, 55565, 39.34,0.0
UBL, EQ, 14-Dec-2023,1710.0,1715.0,1726.25,1700.0, 1717.25,1715.6,1714.4,172715,2961.03,18046, 92242, 53.41,0.33
UBL, EQ, 15-Jan-2020,1303.7,1295.8,1318.0,1293.05, 1309.00,1310.5,1310.23,211818,2775.3,14198, 42332, 19.99,0.52
UBL, EQ, 15-Jan-2021,1280.8,1279.95,1300.95,1268.25,1295.0,1295.15,1285.9,379412,4878.88,13058, 94461, 24.90,1.12
UBL, EQ, 15-Jan-2024,1795.35,1796.0,1831.9,1780.4, 1828.00,1825.55,1817.52,371316,6748.73,29911, 207430, 55.86,1.68
UBL, EQ, 15-Jan-2025,1965.3,1983.1,1983.1,1935.3,1941.0,1948.3,1949.8,89650,1747.99,12093, 42390, 47.28,-0.87
UBL, EQ, 15-Feb-2021,1253.3,1257.5,1281.0,1247.0, 1275.95,1275.65,1264.84,416019,5261.96,15192, 104674, 25.16,1.78
UBL, EQ, 15-Feb-2022,1527.2,1527.2,1580.2,1525.0,1565.15,1569.85,1558.59,218831,3410.69,15570, 101637, 46.45,2.79
UBL, EQ, 15-Feb-2023,1460.15,1460.0,1472.75,1452.45, 1462.50,1468.95,1464.81,196540,2878.95,11421, 100828, 51.30,0.6
UBL, EQ, 15-Feb-2024,1731.5,1734.0,1771.45,1728.15, 1761.90,1763.95,1751.7,134566,2357.2,10113, 57039, 42.39,1.87
UBL, EQ, 15-Mar-2021,1214.0,1220.3,1220.3,1190.0, 1209.75,1206.2,1203.53,208934,2514.59,7504, 39832, 19.06,-0.64
UBL, EQ, 15-Mar-2022,1444.75,1444.8,1455.0,1415.5,1429.3,1431.5,1437.73,233251,3353.51,21876, 114629, 49.14,-0.92
UBL, EQ, 15-Mar-2023,1445.3,1451.6,1460.0,1438.0, 1441.50,1442.4,1447.67,264187,3824.55,28531, 106179, 40.19,-0.2
UBL, EQ, 15-Mar-2024,1722.55,1722.55,1745.95,1696.25, 1745.00,1738.5,1725.35,272331,4698.66,21627, 110418, 40.55,0.93
UBL, EQ, 15-Apr-2020,949.85,954.95,965.75,905.0, 917.35,913.95,936.87,738500,6918.77,34150, 272058, 36.84,-3.78
UBL, EQ, 15-Apr-2021,1101.0,1101.0,1111.0,1091.45,1100.0,1101.75,1099.82,341964,3761.0,23914, 162656, 47.57,0.07
UBL, EQ, 15-Apr-2024,1850.4,1813.3,1878.35,1813.3, 1849.00,1848.35,1852.46,358265,6636.72,33547, 157060, 43.84,-0.11
UBL, EQ, 15-Apr-2025,2019.5,2035.0,2102.5,1987.7,2090.0,2088.1,2060.34,297643,6132.46,45327, 176855, 59.42,3.4
UBL, EQ, 15-May-2020,939.1,942.0,949.35,910.0,911.6,914.45,925.73,747487,6919.7,31076, 159774, 21.37,-2.62
UBL, EQ, 15-May-2023,1412.05,1419.4,1438.25,1405.75, 1424.00,1422.6,1424.75,178266,2539.85,10758, 83025, 46.57,0.75
UBL, EQ, 15-May-2024,1915.2,1925.1,1930.0,1880.7,1895.0,1887.2,1896.06,129015,2446.2,11213, 43469, 33.69,-1.46
UBL, EQ, 15-Jun-2020,1013.6,1013.6,1027.85,1001.0,1005.5,1006.75,1010.12,727776,7351.43,19887, 299552, 41.16,-0.68
UBL, EQ, 15-Jun-2021,1368.95,1368.95,1381.65,1363.25, 1373.25,1371.85,1371.61,346546,4753.24,16292, 140569, 40.56,0.21
UBL, EQ, 15-Jun-2022,1459.35,1467.0,1467.0,1440.1, 1464.00,1460.05,1455.28,245360,3570.68,32472, 138918, 56.62,0.05
UBL, EQ, 15-Jun-2023,1483.9,1489.3,1496.0,1480.05, 1490.30,1489.25,1490.07,203287,3029.11,12866, 92901, 45.70,0.36
UBL, EQ, 15-Jul-2020,1004.55,1005.0,1015.0,993.0,1000.0,999.5,1003.55,688244,6906.87,24810, 90176, 13.10,-0.5
UBL, EQ, 15-Jul-2021,1420.9,1421.0,1428.0,1393.65, 1398.00,1396.2,1405.84,423905,5959.44,9249, 267116, 63.01,-1.74
UBL, EQ, 15-Jul-2022,1649.05,1661.0,1666.5,1643.05,1657.0,1653.1,1653.16,388465,6421.93,10992, 216288, 55.68,0.25
UBL, EQ, 15-Jul-2024,2065.1,2071.3,2076.45,2025.0,2065.75,2068.3,2051.82,174900,3588.63,18211, 67168, 38.40,0.15
UBL, EQ, 15-Sep-2020,1052.4,1052.5,1063.9,1040.0, 1049.65,1048.75,1048.33,321718,3372.67,11905, 91966, 28.59,-0.35
UBL, EQ, 15-Sep-2021,1586.6,1586.6,1601.0,1575.3, 1594.55,1592.2,1591.41,250811,3991.43,16205, 86863, 34.63,0.35
UBL, EQ, 15-Sep-2022,1680.95,1682.9,1702.0,1670.9,1690.95,1690.25,1686.5,53977,910.32,2872, 17021, 31.53,0.55
UBL, EQ, 15-Sep-2023,1624.05,1631.9,1637.75,1607.95, 1611.00,1611.0,1615.13,216474,3496.34,13297, 145462, 67.20,-0.8
UBL, EQ, 15-Oct-2020,971.1,974.0,979.8,961.35, 969.25,967.75,970.07,705626,6845.1,29328, 279216, 39.57,-0.34
UBL, EQ, 15-Oct-2024,2083.6,2081.0,2102.5,2055.4,2071.65,2069.35,2074.82,188792,3917.1,26628, 107622, 57.01,-0.68
UBL, EQ, 15-Nov-2021,1734.8,1737.0,1755.0,1714.45, 1719.40,1716.95,1732.38,239925,4156.41,15553, 66322, 27.64,-1.03
UBL, EQ, 15-Nov-2022,1690.1,1693.75,1696.0,1653.0, 1671.25,1675.3,1672.97,306094,5120.87,18838, 145887, 47.66,-0.88
UBL, EQ, 15-Nov-2023,1573.35,1581.6,1584.0,1552.75, 1557.00,1555.9,1565.01,367664,5753.98,14883, 265300, 72.16,-1.11
UBL, EQ, 15-Dec-2020,1158.1,1160.0,1165.8,1142.05,1161.0,1158.55,1155.34,339065,3917.37,18435, 86420, 25.49,0.04
UBL, EQ, 15-Dec-2021,1591.95,1587.8,1614.8,1585.0, 1602.00,1600.9,1600.43,146884,2350.77,9186, 32454, 22.09,0.56
UBL, EQ, 15-Dec-2022,1783.55,1785.0,1795.0,1763.35, 1768.00,1773.3,1779.17,169745,3020.05,10450, 70845, 41.74,-0.57
UBL, EQ, 15-Dec-2023,1715.6,1716.55,1722.45,1705.0, 1718.60,1718.1,1714.09,146023,2502.97,9004, 92241, 63.17,0.15
UBL, EQ, 16-Jan-2020,1310.5,1307.5,1316.8,1292.55, 1297.10,1295.6,1299.82,239520,3113.33,13925, 111531, 46.56,-1.14
UBL, EQ, 16-Jan-2023,1620.0,1614.0,1620.0,1604.65, 1615.70,1618.25,1613.6,78851,1272.34,10234, 22696, 28.78,-0.11
UBL, EQ, 16-Jan-2024,1825.55,1843.0,1843.0,1814.05, 1830.05,1833.85,1830.02,414883,7592.45,28107, 262464, 63.26,0.45
UBL, EQ, 16-Jan-2025,1948.3,1947.85,1963.0,1911.35,1932.5,1929.7,1930.52,90256,1742.41,13554, 40478, 44.85,-0.95
UBL, EQ, 16-Feb-2021,1275.65,1280.0,1289.8,1263.05, 1276.85,1276.7,1277.14,753372,9621.59,16034, 203580, 27.02,0.08
UBL, EQ, 16-Feb-2022,1569.85,1564.0,1602.95,1550.1,1556.0,1559.2,1582.9,315874,4999.96,27560, 86614, 27.42,-0.68
UBL, EQ, 16-Feb-2023,1468.95,1467.0,1479.5,1457.4, 1465.50,1461.85,1472.47,260224,3831.71,22497, 181014, 69.56,-0.48
UBL, EQ, 16-Feb-2024,1763.95,1768.3,1777.85,1723.35,1735.0,1733.9,1744.19,196409,3425.74,16744, 84175, 42.86,-1.7
UBL, EQ, 16-Mar-2020,1048.7,1018.4,1023.45,965.0, 977.15,975.3,994.55,276304,2747.98,20022, 93453, 33.82,-7.0
UBL, EQ, 16-Mar-2021,1206.2,1212.5,1225.0,1200.05, 1222.00,1218.1,1210.9,131837,1596.41,5619, 32145, 24.38,0.99
UBL, EQ, 16-Mar-2022,1431.5,1438.0,1483.4,1438.0,1469.0,1465.25,1465.37,249519,3656.37,13987, 116280, 46.60,2.36
UBL, EQ, 16-Mar-2023,1442.4,1438.3,1464.0,1433.0, 1464.00,1453.95,1450.6,339037,4918.08,19884, 194787, 57.45,0.8
UBL, EQ, 16-Apr-2020,913.95,912.5,925.5,888.6, 923.00,920.8,915.63,403453,3694.14,26142, 183217, 45.41,0.75
UBL, EQ, 16-Apr-2021,1101.75,1091.0,1109.1,1090.15,1101.55,1100.0,1099.84,469464,5163.37,18573, 200663, 42.74,-0.16
UBL, EQ, 16-Apr-2024,1848.35,1844.65,1857.45,1831.7, 1857.00,1853.55,1845.67,244412,4511.05,15720, 128397, 52.53,0.28
UBL, EQ, 16-Apr-2025,2088.1,2106.6,2123.7,2070.1,2107.5,2109.4,2104.54,208406,4385.99,27981, 99286, 47.64,1.02
UBL, EQ, 16-May-2022,1427.65,1430.0,1475.9,1428.55,1441.0,1435.45,1450.27,137735,1997.53,9006, 35124, 25.50,0.55
UBL, EQ, 16-May-2023,1422.6,1426.0,1453.1,1421.3,1450.0,1448.95,1441.78,188343,2715.5,11260, 60894, 32.33,1.85
UBL, EQ, 16-May-2024,1887.2,1887.55,1905.8,1887.05,1902.5,1899.8,1899.16,270122,5130.05,10287, 202196, 74.85,0.67
UBL, EQ, 16-Jun-2020,1006.75,1021.0,1024.95,987.3, 1004.00,1004.45,1006.95,608047,6122.71,21058, 239387, 39.37,-0.23
UBL, EQ, 16-Jun-2021,1371.85,1373.5,1379.55,1353.7, 1366.00,1370.2,1367.79,293443,4013.69,12203, 80474, 27.42,-0.12
UBL, EQ, 16-Jun-2022,1460.05,1469.05,1488.7,1438.85, 1440.15,1446.35,1462.31,173379,2535.33,28743, 51181, 29.52,-0.94
UBL, EQ, 16-Jun-2023,1489.25,1492.0,1524.8,1482.95, 1511.00,1512.2,1510.54,876318,13237.16,33827, 535265, 61.08,1.54
UBL, EQ, 16-Jul-2020,999.5,1000.0,1006.15,966.45, 978.35,977.1,977.22,604983,5912.04,21851, 191201, 31.60,-2.24
UBL, EQ, 16-Jul-2021,1396.2,1400.0,1457.85,1394.5, 1446.10,1447.9,1431.68,704613,10087.81,23846, 158496, 22.49,3.7
UBL, EQ, 16-Jul-2024,2068.3,2074.5,2136.45,2067.8,2083.1,2082.9,2103.79,654117,13761.23,39389, 297216, 45.44,0.71
UBL, EQ, 16-Aug-2021,1396.55,1396.5,1410.0,1377.45,1383.05,1386.45,1394.95,209206,2918.33,10815, 25764, 12.32,-0.72
UBL, EQ, 16-Aug-2022,1644.3,1650.0,1671.2,1642.95,1654.0,1660.95,1661.65,117169,1946.94,10077, 22987, 19.62,1.01
UBL, EQ, 16-Aug-2023,1539.1,1542.0,1553.5,1523.65, 1553.50,1547.15,1541.39,121681,1875.57,7566, 29949, 24.61,0.52
UBL, EQ, 16-Aug-2024,1891.5,1904.15,1976.3,1900.05,1973.0,1971.75,1949.16,312571,6092.52,21543, 142088, 45.46,4.24
UBL, EQ, 16-Sep-2020,1048.75,1056.5,1058.3,1028.0,1033.0,1031.35,1035.39,630312,6526.17,21059, 270548, 42.92,-1.66
UBL, EQ, 16-Sep-2021,1592.2,1603.0,1618.95,1590.2,1599.9,1601.95,1605.02,393853,6321.42,26791, 133108, 33.80,0.61
UBL, EQ, 16-Sep-2022,1690.25,1688.5,1688.7,1632.0, 1640.10,1635.6,1649.26,654363,10792.14,19468, 531177, 81.17,-3.23
UBL, EQ, 16-Sep-2024,2080.15,2089.0,2118.95,2076.0,2113.85,2115.0,2105.86,279881,5893.91,18869, 104183, 37.22,1.68
UBL, EQ, 16-Oct-2020,967.75,970.0,981.7,956.6, 977.00,973.75,970.48,648700,6295.5,19493, 200023, 30.83,0.62
UBL, EQ, 16-Oct-2023,1582.65,1575.0,1585.1,1541.0, 1567.00,1565.2,1559.68,362528,5654.29,17408, 146237, 40.34,-1.1
UBL, EQ, 16-Oct-2024,2069.35,2075.3,2084.5,2002.5,2031.65,2028.65,2027.51,257770,5226.32,32420, 87213, 33.83,-1.97
UBL, EQ, 16-Nov-2021,1716.95,1725.0,1728.8,1656.15, 1660.00,1677.2,1688.35,374373,6320.74,18425, 186779, 49.89,-2.32
UBL, EQ, 16-Nov-2022,1675.3,1677.75,1700.95,1671.0, 1683.90,1680.4,1686.47,117994,1989.93,11897, 26115, 22.13,0.3
UBL, EQ, 16-Nov-2023,1555.9,1551.2,1573.05,1547.0, 1565.00,1563.15,1561.1,305251,4765.29,18197, 203319, 66.61,0.47
UBL, EQ, 16-Dec-2020,1158.55,1168.55,1193.4,1151.0, 1153.95,1157.15,1176.92,1236531,14553.01,38100, 411805, 33.30,-0.12
UBL, EQ, 16-Dec-2021,1600.9,1601.1,1618.4,1595.05, 1609.00,1604.9,1606.41,222383,3572.39,15653, 61349, 27.59,0.25
UBL, EQ, 16-Dec-2022,1773.3,1777.0,1777.0,1735.85, 1745.00,1745.25,1762.04,225942,3981.18,13972, 102979, 45.58,-1.58
UBL, EQ, 16-Dec-2024,1992.4,2000.0,2022.75,1990.0,2001.2,1999.0,2003.94,307402,6160.16,20192, 119528, 38.88,0.33
UBL, EQ, 17-Jan-2020,1295.6,1293.5,1314.6,1288.9, 1300.15,1300.15,1302.11,581521,7572.03,11695, 371326, 63.85,0.35
UBL, EQ, 17-Jan-2022,1656.05,1656.0,1671.0,1648.1,1663.0,1663.7,1660.34,196451,3261.75,13314, 43812, 22.30,0.46
UBL, EQ, 17-Jan-2023,1618.25,1622.0,1624.3,1602.5,1603.75,1608.2,1609.28,102153,1643.93,17125, 58410, 57.18,-0.62
UBL, EQ, 17-Jan-2024,1833.85,1826.0,1853.1,1813.85, 1828.85,1827.1,1836.21,316473,5811.1,32200, 104431, 33.00,-0.37
UBL, EQ, 17-Jan-2025,1929.7,1932.0,1960.0,1922.25,1947.0,1951.3,1946.66,117060,2278.76,20999, 45440, 38.82,1.12
UBL, EQ, 17-Feb-2020,1286.4,1290.0,1295.0,1267.65, 1276.00,1273.6,1281.37,162115,2077.3,5658, 33688, 20.78,-1.0
UBL, EQ, 17-Feb-2021,1276.7,1280.95,1288.6,1257.95, 1264.40,1269.75,1271.36,1016208,12919.65,25668, 100338, 9.87,-0.54
UBL, EQ, 17-Feb-2022,1559.2,1560.0,1581.7,1536.3,1550.05,1551.0,1560.87,241152,3764.07,17884, 114152, 47.34,-0.53
UBL, EQ, 17-Feb-2023,1461.85,1452.0,1490.0,1450.0, 1472.80,1475.95,1477.24,269200,3976.73,16550, 115480, 42.90,0.96
UBL, EQ, 17-Feb-2025,2040.6,2000.0,2069.0,1999.05,2020.0,2028.15,2042.6,564875,11538.15,52892, 285673, 50.57,-0.61
UBL, EQ, 17-Mar-2020,975.3,976.0,1012.95,945.05, 959.50,955.05,986.97,753222,7434.04,28995, 374723, 49.75,-2.08
UBL, EQ, 17-Mar-2021,1218.1,1226.0,1234.9,1182.7,1182.7,1187.35,1211.62,288012,3489.62,10667, 68194, 23.68,-2.52
UBL, EQ, 17-Mar-2022,1465.25,1475.0,1496.7,1401.1, 1485.00,1482.9,1474.49,690848,10186.45,30455, 342913, 49.64,1.2
UBL, EQ, 17-Mar-2023,1453.95,1470.0,1475.0,1443.6, 1447.00,1446.4,1451.48,211946,3076.35,18784, 101613, 47.94,-0.52
UBL, EQ, 17-Mar-2025,1911.65,1927.3,1927.45,1870.15,1884.9,1884.75,1883.07,69289,1304.76,14626, 36931, 53.30,-1.41
UBL, EQ, 17-Apr-2020,920.8,939.0,939.0,903.0, 926.00,931.65,922.95,472370,4359.72,22975, 228475, 48.37,1.18
UBL, EQ, 17-Apr-2023,1387.75,1394.0,1421.0,1389.3, 1410.00,1411.75,1411.73,248165,3503.43,13904, 121349, 48.90,1.73
UBL, EQ, 17-Apr-2025,2109.4,2123.0,2158.9,2090.0,2145.0,2147.4,2130.85,152003,3238.96,20104, 79675, 52.42,1.8
UBL, EQ, 17-May-2021,1209.75,1213.8,1247.8,1210.0,1229.8,1229.95,1233.39,610405,7528.69,20528, 107975, 17.69,1.67
UBL, EQ, 17-May-2022,1435.45,1442.6,1500.0,1437.55, 1489.75,1496.4,1478.87,261495,3867.18,12123, 136088, 52.04,4.25
UBL, EQ, 17-May-2023,1448.95,1459.85,1462.0,1425.0, 1426.00,1430.0,1437.23,203989,2931.78,12678, 35646, 17.47,-1.31
UBL, EQ, 17-May-2024,1899.8,1906.15,1931.6,1886.5,1918.6,1928.05,1914.93,220911,4230.29,21642, 127059, 57.52,1.49
UBL, EQ, 17-Jun-2020,1004.45,1006.0,1014.75,997.05,1001.0,1002.45,1005.35,314888,3165.74,14736, 89977, 28.57,-0.2
UBL, EQ, 17-Jun-2021,1370.2,1365.0,1418.5,1362.0, 1404.60,1401.95,1397.86,1273546,17802.41,47255, 264131, 20.74,2.32
UBL, EQ, 17-Jun-2022,1446.35,1440.0,1463.95,1410.0,1448.4,1444.75,1441.88,313928,4526.47,59694, 119808, 38.16,-0.11
UBL, EQ, 17-Jul-2020,977.1,985.25,1003.3,975.0, 986.80,984.3,989.14,421447,4168.68,11769, 161829, 38.40,0.74
UBL, EQ, 17-Jul-2023,1510.35,1519.55,1528.8,1511.55,1514.0,1515.65,1520.24,135887,2065.81,6059, 47251, 34.77,0.35
UBL, EQ, 16-Jul-2024,2068.3,2074.5,2136.45,2067.8,2083.1,2082.9,2103.79,654117,13761.23,39389, 297216, 45.44,0.71
UBL, EQ, 17-Aug-2020,963.6,968.0,977.6,945.15, 974.45,972.4,959.81,914697,8779.32,20726, 101483, 11.09,0.91
UBL, EQ, 17-Aug-2021,1386.45,1382.0,1413.0,1379.05,1406.3,1407.05,1398.68,383396,5362.5,20963, 135327, 35.30,1.49
UBL, EQ, 17-Aug-2022,1660.95,1665.0,1669.45,1637.0, 1648.00,1647.9,1647.24,162980,2684.67,6976, 76679, 47.05,-0.79
UBL, EQ, 17-Aug-2023,1547.15,1554.75,1554.75,1534.05, 1546.35,1546.7,1544.12,57437,886.89,4064, 18678, 32.52,-0.03
UBL, EQ, 17-Sep-2020,1031.35,1031.0,1073.55,1021.9, 1043.65,1038.35,1051.17,2237026,23514.97,61304, 415570, 18.58,0.68
UBL, EQ, 17-Sep-2021,1601.95,1604.2,1647.4,1576.1, 1592.00,1594.65,1618.08,1434171,23206.06,75949, 293317, 20.45,-0.46
UBL, EQ, 17-Sep-2024,2115.0,2126.0,2128.0,2080.0,2091.1,2086.2,2107.64,209411,4413.63,19250, 51847, 24.76,-1.36
UBL, EQ, 17-Oct-2022,1661.75,1651.75,1674.65,1648.65,1669.55,1668.85,1667.56,83942,1399.78,9039, 32022, 38.15,0.43
UBL, EQ, 17-Oct-2023,1565.2,1574.8,1591.45,1565.3,1574.0,1572.35,1577.43,202368,3192.22,11143, 94611, 46.75,0.46
UBL, EQ, 17-Oct-2024,2028.65,2039.0,2042.7,1975.0,1979.9,1982.6,1995.01,210804,4205.55,30897, 129573, 61.47,-2.27
UBL, EQ, 17-Nov-2020,1026.2,1029.45,1047.9,1027.0, 1034.35,1038.75,1038.35,335775,3486.53,10951, 54265, 16.16,1.22
UBL, EQ, 17-Nov-2021,1677.2,1665.0,1683.2,1644.05, 1652.80,1655.75,1661.22,147241,2446.0,10228, 47304, 32.13,-1.28
UBL, EQ, 17-Nov-2022,1680.4,1689.0,1704.65,1675.05, 1676.15,1685.25,1688.85,295997,4998.94,20569, 129877, 43.88,0.29
UBL, EQ, 17-Nov-2023,1563.15,1563.3,1585.0,1562.35, 1582.20,1583.15,1577.31,126249,1991.34,12661, 63985, 50.68,1.28
UBL, EQ, 17-Dec-2020,1157.15,1164.0,1173.8,1132.95, 1140.20,1144.2,1159.5,647056,7502.64,27634, 237750, 36.74,-1.12
UBL, EQ, 17-Dec-2021,1604.9,1595.05,1603.0,1552.7, 1554.00,1559.5,1575.46,251679,3965.11,16746, 54555, 21.68,-2.83
UBL, EQ, 17-Dec-2024,1999.0,1997.2,2025.0,1994.7,2021.85,2014.4,2006.45,272704,5471.66,17797, 150128, 55.05,0.77
UBL, EQ, 18-Jan-2021,1295.15,1293.0,1293.0,1253.0, 1275.00,1279.55,1272.98,350960,4467.65,14066, 76234, 21.72,-1.2
UBL, EQ, 18-Jan-2022,1663.7,1664.95,1682.55,1617.05, 1624.75,1625.05,1654.39,327627,5420.21,19796, 88496, 27.01,-2.32
UBL, EQ, 18-Jan-2023,1608.2,1604.0,1617.4,1595.1,1614.9,1613.65,1610.32,105042,1691.51,12341, 46819, 44.57,0.34
UBL, EQ, 18-Jan-2024,1827.1,1827.1,1856.5,1804.45, 1846.00,1843.6,1839.67,310329,5709.02,20689, 134859, 43.46,0.9
UBL, EQ, 18-Feb-2020,1273.6,1276.9,1276.9,1256.0, 1264.55,1269.45,1264.94,141097,1784.79,4595, 32721, 23.19,-0.33
UBL, EQ, 18-Feb-2021,1269.75,1272.95,1279.55,1242.55,1254.0,1252.55,1260.78,735335,9270.92,18552, 161116, 21.91,-1.35
UBL, EQ, 18-Feb-2022,1551.0,1550.0,1558.1,1535.0,1546.35,1545.25,1545.58,148089,2288.83,10299, 45410, 30.66,-0.37
UBL, EQ, 18-Feb-2025,2028.15,2050.0,2050.0,2017.55,2020.0,2022.8,2030.54,281591,5717.82,24162, 131488, 46.69,-0.26
UBL, EQ, 18-Mar-2020,955.05,965.05,993.2,881.0, 881.00,890.95,922.64,297069,2740.89,13169, 82010, 27.61,-6.71
UBL, EQ, 18-Mar-2021,1187.35,1191.0,1214.7,1172.25, 1179.90,1188.75,1189.03,245859,2923.34,10861, 71452, 29.06,0.12
UBL, EQ, 18-Mar-2024,1738.5,1750.0,1750.25,1686.25, 1728.00,1731.2,1719.25,152191,2616.54,14391, 25026, 16.44,-0.42
UBL, EQ, 18-Mar-2025,1884.75,1890.65,1909.95,1884.05,1900.0,1899.75,1898.03,69666,1322.28,9445, 39255, 56.35,0.8
UBL, EQ, 18-Apr-2022,1526.5,1485.5,1521.45,1485.5, 1512.10,1508.55,1509.1,208565,3147.46,9099, 111459, 53.44,-1.18
UBL, EQ, 18-Apr-2023,1411.75,1416.0,1416.0,1396.05, 1398.90,1400.25,1402.41,217183,3045.79,15462, 67470, 31.07,-0.81
UBL, EQ, 18-Apr-2024,1853.55,1864.5,1864.5,1830.0, 1851.00,1840.75,1844.77,152768,2818.21,15237, 61155, 40.03,-0.69
UBL, EQ, 18-May-2020,914.45,922.0,928.0,875.5, 880.00,880.9,899.62,560608,5043.32,23267, 94546, 16.86,-3.67
UBL, EQ, 18-May-2021,1229.95,1236.05,1260.0,1225.85, 1248.70,1249.7,1242.27,552412,6862.42,27037, 190335, 34.46,1.61
UBL, EQ, 18-May-2022,1496.4,1508.0,1510.0,1483.0,1495.1,1499.15,1495.89,99419,1487.2,5945, 21344, 21.47,0.18
UBL, EQ, 18-May-2023,1430.0,1435.0,1445.0,1420.1, 1425.00,1424.45,1426.19,98647,1406.9,7263, 39622, 40.17,-0.39
UBL, EQ, 18-Jun-2020,1002.45,1002.0,1023.85,1001.0,1013.0,1011.95,1014.79,456190,4629.38,18670, 138487, 30.36,0.95
UBL, EQ, 18-Jun-2021,1401.95,1407.0,1409.3,1337.05, 1366.00,1366.75,1368.39,879916,12040.7,36328, 135602, 15.41,-2.51
UBL, EQ, 18-Jun-2024,2109.1,2100.3,2118.1,2080.0,2091.0,2092.95,2092.48,315481,6601.39,17174, 210756, 66.80,-0.77
UBL, EQ, 18-Jul-2022,1653.1,1661.0,1676.25,1640.55,1648.0,1645.5,1663.16,259194,4310.8,14891, 126424, 48.78,-0.46
UBL, EQ, 18-Jul-2023,1515.65,1522.8,1522.8,1492.6, 1503.00,1502.8,1502.58,131848,1981.13,9790, 56330, 42.72,-0.85
UBL, EQ, 18-Jul-2024,2082.9,2085.0,2100.0,2073.05,2094.0,2091.9,2087.62,383907,8014.52,28608, 227373, 59.23,0.43
UBL, EQ, 18-Aug-2020,972.4,975.0,1009.65,960.85,1003.95,1004.15,993.23,1037737,10307.1,23624, 252889, 24.37,3.27
UBL, EQ, 18-Aug-2021,1407.05,1413.0,1515.0,1400.55, 1490.00,1495.4,1485.84,3492519,51893.23,143259, 523783, 15.00,6.28
UBL, EQ, 18-Aug-2022,1647.9,1647.9,1706.45,1637.85,1706.45,1702.3,1680.96,400273,6728.44,18949, 142654, 35.64,3.3
UBL, EQ, 18-Aug-2023,1546.7,1556.8,1576.75,1510.85, 1513.00,1519.3,1543.1,476028,7345.59,25652, 57618, 12.10,-1.77
UBL, EQ, 18-Sep-2020,1038.35,1047.8,1051.95,1013.8, 1019.35,1018.75,1027.87,600755,6175.0,21269, 190077, 31.64,-1.89
UBL, EQ, 18-Sep-2023,1611.0,1619.9,1619.9,1599.4, 1610.00,1613.1,1609.65,95645,1539.55,9516, 35325, 36.93,0.13
UBL, EQ, 18-Sep-2024,2086.2,2100.0,2104.4,2017.5,2050.0,2049.2,2056.2,258860,5322.68,21009, 118315, 45.71,-1.77
UBL, EQ, 18-Oct-2021,1709.35,1714.95,1741.25,1667.05, 1674.30,1676.7,1697.91,378237,6422.13,27497, 149930, 39.64,-1.91
UBL, EQ, 18-Oct-2022,1668.85,1675.0,1690.0,1663.35,1690.0,1684.45,1676.75,143234,2401.68,10695, 61291, 42.79,0.93
UBL, EQ, 18-Oct-2023,1572.35,1572.35,1584.35,1555.4, 1570.50,1567.55,1570.54,306510,4813.88,10917, 198342, 64.71,-0.31
UBL, EQ, 18-Oct-2024,1982.6,1979.8,1982.7,1961.1,1975.0,1976.55,1973.21,182227,3595.72,21939, 120990, 66.40,-0.31
UBL, EQ, 18-Nov-2020,1038.75,1038.8,1049.95,1025.0, 1031.65,1029.55,1034.75,366293,3790.2,11791, 98628, 26.93,-0.89
UBL, EQ, 18-Nov-2021,1655.75,1650.1,1665.4,1620.05,1629.7,1628.0,1637.99,155136,2541.11,13081, 27313, 17.61,-1.68
UBL, EQ, 18-Nov-2022,1685.25,1690.0,1690.6,1643.15, 1658.00,1662.4,1661.05,131306,2181.05,12569, 19147, 14.58,-1.36
UBL, EQ, 18-Nov-2024,1883.55,1871.0,1887.95,1835.05,1880.0,1883.6,1869.57,125003,2337.02,16596, 38191, 30.55,0.0
UBL, EQ, 18-Dec-2020,1144.2,1144.0,1163.0,1123.7, 1137.00,1137.55,1145.3,644193,7377.93,23048, 118406, 18.38,-0.58
UBL, EQ, 18-Dec-2023,1718.1,1718.5,1724.1,1698.35, 1706.00,1704.55,1707.69,251146,4288.78,12006, 147550, 58.75,-0.79
UBL, EQ, 18-Dec-2024,2014.4,2026.45,2027.35,1990.05,2007.4,2016.45,2011.4,260981,5249.36,29511, 133076, 50.99,0.1
UBL, EQ, 19-Jan-2021,1279.55,1272.0,1312.1,1267.05, 1282.00,1282.45,1292.86,541027,6994.7,17756, 94291, 17.43,0.23
UBL, EQ, 19-Jan-2022,1625.05,1617.15,1641.7,1590.0, 1607.10,1612.4,1617.71,295196,4775.42,22452, 58834, 19.93,-0.78
UBL, EQ, 19-Jan-2023,1613.65,1613.85,1617.9,1591.05, 1594.95,1595.0,1601.59,107173,1716.47,13017, 44801, 41.80,-1.16
UBL, EQ, 19-Jan-2024,1843.6,1855.0,1855.0,1811.7, 1845.00,1844.8,1828.37,194333,3553.13,14352, 82009, 42.20,0.07
UBL, EQ, 19-Feb-2020,1269.45,1270.05,1298.45,1264.5, 1287.50,1286.4,1283.64,208671,2678.59,5797, 41467, 19.87,1.34
UBL, EQ, 19-Feb-2021,1252.55,1255.0,1256.5,1207.4,1218.5,1217.4,1233.81,567142,6997.47,16348, 199642, 35.20,-2.81
UBL, EQ, 19-Feb-2024,1733.9,1748.0,1772.6,1739.05, 1769.50,1765.95,1758.01,97509,1714.21,12505, 20587, 21.11,1.85
UBL, EQ, 19-Feb-2025,2022.8,2020.0,2049.0,2000.35,2031.25,2027.2,2015.93,329993,6652.44,23460, 222349, 67.38,0.22
UBL, EQ, 19-Mar-2020,890.95,857.7,952.45,749.5, 868.15,879.0,855.59,1131019,9676.89,41034, 237743, 21.02,-1.34
UBL, EQ, 19-Mar-2021,1188.75,1170.1,1225.0,1160.55,1224.9,1217.85,1203.83,678647,8169.73,22453, 181872, 26.80,2.45
UBL, EQ, 19-Mar-2024,1731.2,1730.0,1730.0,1667.15, 1679.00,1687.25,1688.07,192237,3245.09,13886, 88962, 46.28,-2.54
UBL, EQ, 19-Mar-2025,1899.75,1911.35,1928.0,1884.6,1905.0,1905.55,1911.67,296933,5676.37,30274, 221649, 74.65,0.31
UBL, EQ, 19-Apr-2021,1100.0,1075.0,1116.25,1073.0,1111.65,1113.05,1099.09,437431,4807.78,14140, 163425, 37.36,1.19
UBL, EQ, 19-Apr-2022,1508.55,1520.0,1525.15,1450.05,1459.0,1461.4,1498.04,145201,2175.16,11128, 58356, 40.19,-3.13
UBL, EQ, 19-Apr-2023,1400.25,1400.25,1414.55,1388.25, 1409.00,1410.65,1401.59,275947,3867.65,15969, 163298, 59.18,0.74
UBL, EQ, 19-Apr-2024,1840.75,1839.9,1849.25,1825.2, 1831.00,1834.0,1836.5,108830,1998.67,10193, 33088, 30.40,-0.37
UBL, EQ, 19-May-2020,880.9,887.0,893.05,870.1,874.0,874.3,879.26,654602,5755.68,24013, 172421, 26.34,-0.75
UBL, EQ, 19-May-2021,1249.7,1255.0,1288.0,1250.0, 1285.00,1283.2,1270.7,441921,5615.48,18937, 135145, 30.58,2.68
UBL, EQ, 19-May-2022,1499.15,1468.05,1472.2,1431.1,1461.0,1458.6,1454.57,198860,2892.55,12410, 69599, 35.00,-2.7
UBL, EQ, 19-May-2023,1424.45,1434.0,1434.0,1401.95,1417.0,1415.15,1410.43,219506,3095.99,13574, 100920, 45.98,-0.65
UBL, EQ, 19-Jun-2020,1011.95,1012.0,1055.0,1012.0, 1020.25,1020.05,1036.99,1359362,14096.47,45034, 275934, 20.30,0.8
UBL, EQ, 19-Jun-2023,1512.2,1522.0,1525.95,1483.05, 1489.85,1490.35,1503.11,368572,5540.04,17451, 197165, 53.49,-1.44
UBL, EQ, 19-Jun-2024,2092.95,2104.1,2117.15,2065.25,2094.0,2095.95,2093.67,135847,2844.18,14270, 49672, 36.56,0.14
UBL, EQ, 19-Jul-2021,1447.9,1439.95,1447.0,1412.6, 1420.00,1419.3,1429.39,184253,2633.69,8518, 48917, 26.55,-1.98
UBL, EQ, 19-Jul-2022,1645.5,1644.85,1654.45,1636.0, 1645.80,1648.0,1645.13,130024,2139.07,8348, 47340, 36.41,0.15
UBL, EQ, 19-Jul-2023,1502.8,1502.75,1507.75,1498.0, 1501.60,1504.1,1501.91,218625,3283.56,10296, 99624, 45.57,0.09
UBL, EQ, 19-Jul-2024,2091.9,2102.4,2103.2,2029.2,2033.85,2040.85,2053.14,280420,5757.42,21884, 189407, 67.54,-2.44
UBL, EQ, 19-Aug-2020,1004.15,1013.85,1034.7,1005.6,1016.0,1015.1,1022.66,1253903,12823.16,42958, 300967, 24.00,1.09
UBL, EQ, 18-Aug-2021,1407.05,1413.0,1515.0,1400.55, 1490.00,1495.4,1485.84,3492519,51893.23,143259, 523783, 15.00,6.28
UBL, EQ, 19-Aug-2022,1702.3,1715.0,1721.3,1659.9, 1663.00,1668.7,1683.22,444768,7486.41,16484, 162010, 36.43,-1.97
UBL, EQ, 19-Aug-2024,1971.75,1985.0,2027.0,1965.0,1983.0,1988.5,2003.49,683150,13686.87,40632, 378762, 55.44,0.85
UBL, EQ, 19-Sep-2022,1635.6,1631.0,1651.05,1621.05, 1641.75,1643.3,1639.45,70242,1151.58,11688, 31182, 44.39,0.47
UBL, EQ, 19-Sep-2024,2049.2,2077.8,2150.0,2076.0,2130.0,2130.5,2120.43,1263253,26786.34,78076, 375904, 29.76,3.97
UBL, EQ, 19-Oct-2020,973.75,978.0,988.9,956.75, 965.00,965.7,969.08,582903,5648.79,22100, 167610, 28.75,-0.83
UBL, EQ, 19-Oct-2021,1676.7,1673.0,1715.85,1655.1,1665.5,1672.15,1687.41,352114,5941.62,21515, 77069, 21.89,-0.27
UBL, EQ, 19-Oct-2022,1684.45,1692.9,1704.9,1660.0, 1677.10,1669.3,1684.98,240962,4060.16,16201, 104146, 43.22,-0.9
UBL, EQ, 19-Oct-2023,1567.55,1559.05,1575.9,1546.9,1561.05,1566.2,1564.24,205974,3221.94,13139, 66743, 32.40,-0.09
UBL, EQ, 19-Nov-2020,1029.55,1029.95,1076.75,1026.2, 1049.90,1052.15,1054.92,587812,6200.97,22471, 89313, 15.19,2.2
UBL, EQ, 19-Nov-2024,1883.6,1870.65,1898.45,1843.6,1860.0,1853.8,1871.4,192913,3610.16,11162, 112952, 58.55,-1.58
UBL, EQ, 19-Dec-2022,1745.25,1750.0,1775.0,1739.35,1751.5,1754.5,1755.48,228731,4015.33,12722, 103488, 45.24,0.53
UBL, EQ, 19-Dec-2023,1704.55,1709.0,1714.75,1695.0, 1697.00,1696.95,1702.83,237101,4037.43,11821, 171476, 72.32,-0.45
UBL, EQ, 19-Dec-2024,2016.45,2013.0,2034.1,2000.0,2015.2,2020.1,2021.58,206620,4176.98,26241, 53023, 25.66,0.18
UBL, EQ, 20-Jan-2020,1300.15,1289.1,1310.05,1289.1, 1300.65,1303.45,1303.96,131330,1712.49,5727, 41538, 31.63,0.25
UBL, EQ, 20-Jan-2021,1282.45,1280.05,1293.75,1257.0, 1263.65,1259.6,1265.8,340305,4307.57,13909, 84443, 24.81,-1.78
UBL, EQ, 20-Jan-2022,1612.4,1600.0,1633.35,1595.0, 1606.00,1602.3,1609.97,121244,1951.99,12056, 22247, 18.35,-0.63
UBL, EQ, 20-Jan-2023,1595.0,1590.0,1594.85,1559.6,1561.5,1568.7,1580.19,118585,1873.87,16652, 55662, 46.94,-1.65
UBL, EQ, 20-Jan-2025,1951.3,1959.8,2075.0,1951.55,2060.6,2059.4,2038.02,932221,18998.86,58019, 312649, 33.54,5.54
UBL, EQ, 20-Feb-2020,1286.4,1286.0,1304.7,1261.1, 1268.00,1267.0,1281.64,395050,5063.14,14944, 158756, 40.19,-1.51
UBL, EQ, 20-Feb-2023,1475.95,1473.95,1479.15,1448.55, 1459.00,1459.1,1465.2,378443,5544.94,23403, 164807, 43.55,-1.14
UBL, EQ, 20-Feb-2024,1765.95,1765.0,1765.0,1720.0, 1730.50,1729.9,1737.13,58705,1019.78,6204, 17204, 29.31,-2.04
UBL, EQ, 20-Feb-2025,2027.2,2020.25,2050.95,2003.0,2027.0,2028.2,2032.79,213767,4345.43,22472, 95859, 44.84,0.05
UBL, EQ, 20-Mar-2020,879.0,870.0,932.95,863.8, 900.15,892.45,902.41,439697,3967.88,16000, 89785, 20.42,1.53
UBL, EQ, 20-Mar-2023,1446.4,1446.4,1452.55,1422.75,1445.0,1448.4,1441.02,242874,3499.87,20864, 151996, 62.58,0.14
UBL, EQ, 20-Mar-2024,1687.25,1700.0,1725.05,1681.0, 1716.95,1713.15,1704.21,186459,3177.66,11802, 68171, 36.56,1.54
UBL, EQ, 20-Mar-2025,1905.55,1922.8,2030.0,1915.7,1945.0,1967.2,1975.53,379793,7502.92,51752, 130343, 34.32,3.24
UBL, EQ, 20-Apr-2020,931.65,934.8,936.0,915.0, 925.00,924.35,923.62,316624,2924.42,15849, 168576, 53.24,-0.78
UBL, EQ, 20-Apr-2021,1113.05,1116.0,1133.8,1111.6,1132.5,1130.35,1124.68,591139,6648.43,20999, 251669, 42.57,1.55
UBL, EQ, 20-Apr-2022,1461.4,1468.0,1503.05,1461.95, 1482.25,1481.8,1484.45,160227,2378.48,10637, 43026, 26.85,1.4
UBL, EQ, 20-Apr-2023,1410.65,1410.85,1444.35,1410.85, 1437.95,1438.4,1434.8,509749,7313.9,36757, 261746, 51.35,1.97
UBL, EQ, 20-May-2020,874.3,878.0,885.75,872.0, 875.00,874.9,877.58,452357,3969.79,22885, 168050, 37.15,0.07
UBL, EQ, 20-May-2021,1283.2,1283.2,1297.85,1262.5, 1285.00,1285.8,1281.4,701919,8994.36,20055, 270365, 38.52,0.2
UBL, EQ, 20-May-2022,1458.6,1472.9,1492.1,1468.0, 1476.70,1476.75,1480.89,112438,1665.09,5113, 36723, 32.66,1.24
UBL, EQ, 18-May-2024,1928.05,1933.0,1944.9,1912.0,1924.0,1922.7,1927.55,14288,275.41,1466, 4969, 34.78,-0.28
UBL, EQ, 20-Jun-2022,1444.75,1455.0,1490.85,1440.65,1447.3,1448.5,1467.46,429225,6298.69,48186, 120764, 28.14,0.26
UBL, EQ, 20-Jun-2023,1490.35,1494.0,1506.4,1480.0, 1497.00,1495.2,1492.21,392744,5860.56,11424, 276333, 70.36,0.33
UBL, EQ, 20-Jun-2024,2095.95,2117.15,2123.35,2082.9,2090.0,2090.4,2103.61,214763,4517.78,16538, 83163, 38.72,-0.26
UBL, EQ, 20-Jul-2020,984.3,994.45,1000.3,981.15, 986.95,985.1,989.16,330537,3269.52,9253, 178315, 53.95,0.08
UBL, EQ, 20-Jul-2021,1419.3,1421.0,1427.2,1405.0, 1413.50,1411.6,1417.19,273913,3881.88,15116, 76879, 28.07,-0.54
UBL, EQ, 20-Jul-2022,1648.0,1655.0,1665.65,1644.0, 1651.20,1655.75,1654.76,197538,3268.79,19323, 76656, 38.81,0.47
UBL, EQ, 20-Jul-2023,1504.1,1503.85,1514.6,1498.35,1501.0,1503.85,1505.78,102409,1542.05,4311, 51196, 49.99,-0.02
UBL, EQ, 20-Aug-2020,1015.1,1014.0,1035.0,1005.65,1025.8,1025.2,1023.54,549443,5623.79,12874, 127489, 23.20,0.99
UBL, EQ, 20-Aug-2021,1495.4,1472.0,1491.2,1432.55,1450.0,1452.2,1456.55,763486,11120.57,34913, 158038, 20.70,-2.89
UBL, EQ, 20-Aug-2024,1988.5,1989.9,1989.9,1934.25,1944.0,1937.7,1946.12,372747,7254.09,20267, 232460, 62.36,-2.55
UBL, EQ, 20-Sep-2021,1594.65,1572.3,1619.45,1540.35, 1544.70,1555.2,1580.71,359847,5688.12,20043, 66656, 18.52,-2.47
UBL, EQ, 20-Sep-2022,1643.3,1653.05,1680.0,1645.15, 1659.20,1662.5,1655.64,260123,4306.7,8502, 198076, 76.15,1.17
UBL, EQ, 20-Sep-2023,1613.1,1601.0,1609.4,1590.3, 1598.00,1599.9,1599.23,116657,1865.62,8236, 42632, 36.54,-0.82
UBL, EQ, 20-Sep-2024,2130.5,2139.5,2139.5,2057.05,2091.0,2089.75,2089.69,575889,12034.32,48369, 243724, 42.32,-1.91
UBL, EQ, 20-Oct-2020,965.7,956.1,970.55,951.65, 965.40,965.1,959.94,824155,7911.37,21630, 192340, 23.34,-0.06
UBL, EQ, 20-Oct-2021,1672.15,1670.5,1692.0,1646.4, 1661.00,1659.75,1667.9,268663,4481.02,15345, 91389, 34.02,-0.74
UBL, EQ, 20-Oct-2022,1669.3,1666.0,1683.0,1647.45,1655.0,1659.6,1665.3,124814,2078.53,6983, 58456, 46.83,-0.58
UBL, EQ, 20-Oct-2023,1566.2,1610.0,1634.5,1586.0, 1608.00,1610.65,1614.43,2109714,34059.84,80242, 432392, 20.50,2.84
UBL, EQ, 20-Nov-2020,1052.15,1057.85,1100.95,1051.5,1090.25,1094.25,1081.96,1464773,15848.33,60850, 422638, 28.85,4.0
UBL, EQ, 20-Nov-2023,1583.15,1590.0,1590.0,1570.1, 1570.30,1573.4,1578.03,152421,2405.25,10371, 100487, 65.93,-0.62
UBL, EQ, 19-Nov-2024,1883.6,1870.65,1898.45,1843.6,1860.0,1853.8,1871.4,192913,3610.16,11162, 112952, 58.55,-1.58
UBL, EQ, 20-Dec-2021,1559.5,1550.0,1550.0,1514.95,1540.0,1538.8,1532.56,281853,4319.57,24973, 87814, 31.16,-1.33
UBL, EQ, 20-Dec-2022,1754.5,1755.0,1755.0,1721.25,1733.65,1730.7,1731.48,119748,2073.42,8216, 43282, 36.14,-1.36
UBL, EQ, 20-Dec-2023,1696.95,1698.95,1762.8,1675.85, 1686.00,1683.55,1734.07,542638,9409.74,38546, 186743, 34.41,-0.79
UBL, EQ, 20-Dec-2024,2020.1,2023.0,2049.7,2015.05,2032.75,2025.35,2029.85,218386,4432.91,14984, 119090, 54.53,0.26
UBL, EQ, 21-Jan-2020,1303.45,1300.4,1305.3,1256.0, 1271.35,1271.85,1276.68,384005,4902.51,15313, 132378, 34.47,-2.42
UBL, EQ, 21-Jan-2021,1259.6,1263.0,1282.8,1237.4, 1249.35,1247.35,1264.62,656167,8298.02,15541, 161042, 24.54,-0.97
UBL, EQ, 21-Jan-2022,1602.3,1596.0,1609.8,1558.1, 1572.00,1566.35,1585.2,132104,2094.11,15218, 26557, 20.10,-2.24
UBL, EQ, 21-Jan-2025,2059.4,2060.6,2118.9,2055.4,2057.85,2064.5,2085.18,482072,10052.08,26630, 166191, 34.47,0.25
UBL, EQ, 21-Feb-2022,1545.25,1530.0,1549.85,1517.0, 1529.30,1525.35,1532.39,214417,3285.69,13031, 64765, 30.21,-1.29
UBL, EQ, 21-Feb-2023,1459.1,1459.05,1473.85,1453.2, 1461.00,1464.35,1465.88,246328,3610.88,22620, 121564, 49.35,0.36
UBL, EQ, 21-Feb-2024,1729.9,1730.85,1742.0,1712.75, 1716.00,1720.1,1726.07,67518,1165.41,6195, 22329, 33.07,-0.57
UBL, EQ, 21-Feb-2025,2028.2,2028.2,2044.9,2012.05,2014.85,2019.4,2024.18,194876,3944.64,12281, 119400, 61.27,-0.43
UBL, EQ, 21-Mar-2022,1482.9,1482.9,1503.75,1437.95,1444.15,1445.7,1461.69,318318,4652.82,25981, 138087, 43.38,-2.51
UBL, EQ, 21-Mar-2023,1448.4,1451.0,1451.0,1434.0, 1435.00,1437.9,1441.6,120648,1739.26,15767, 38708, 32.08,-0.72
UBL, EQ, 21-Mar-2024,1713.15,1719.7,1725.0,1703.4,1720.0,1720.7,1714.95,108867,1867.02,19187, 48236, 44.31,0.44
UBL, EQ, 21-Mar-2025,1967.2,1956.4,1981.7,1916.4,1934.9,1933.45,1944.5,163667,3182.5,18082, 68210, 41.68,-1.72
UBL, EQ, 21-Apr-2020,924.35,916.0,936.2,900.95,926.3,927.85,924.98,690198,6384.18,29432, 394181, 57.11,0.38
UBL, EQ, 21-Apr-2022,1481.8,1495.75,1501.4,1478.1, 1487.30,1483.6,1483.26,269104,3991.51,7659, 147678, 54.88,0.12
UBL, EQ, 21-Apr-2023,1438.4,1447.0,1452.0,1434.05, 1445.00,1444.3,1444.31,217505,3141.45,14343, 82224, 37.80,0.41
UBL, EQ, 21-Apr-2025,2147.4,2174.0,2245.0,2151.5,2245.0,2218.0,2185.29,310563,6786.69,38435, 114697, 36.93,3.29
UBL, EQ, 21-May-2020,874.9,870.0,934.65,859.2,928.2,927.05,900.62,1486687,13389.44,48978, 345651, 23.25,5.96
UBL, EQ, 21-May-2021,1285.8,1294.9,1294.9,1272.9, 1275.10,1279.45,1277.48,326212,4167.31,18628, 139728, 42.83,-0.49
UBL, EQ, 21-May-2024,1922.7,1925.0,1925.0,1867.2,1882.0,1893.55,1884.45,376575,7096.38,29252, 163074, 43.30,-1.52
UBL, EQ, 21-Jun-2021,1366.75,1371.15,1455.0,1371.15, 1417.00,1419.55,1423.41,3708423,52786.16,123440, 444422, 11.98,3.86
UBL, EQ, 21-Jun-2022,1448.5,1447.5,1489.55,1447.5,1485.7,1484.9,1472.68,331439,4881.03,17942, 233973, 70.59,2.51
UBL, EQ, 21-Jun-2023,1495.2,1496.05,1504.9,1478.6, 1485.00,1487.15,1485.86,242444,3602.37,8271, 158209, 65.26,-0.54
UBL, EQ, 21-Jun-2024,2090.4,2090.05,2099.3,2062.15,2068.35,2066.9,2074.88,150469,3122.05,16337, 77157, 51.28,-1.12
UBL, EQ, 21-Jul-2020,985.1,995.0,997.4,981.05, 985.00,984.5,987.63,276347,2729.29,10514, 65494, 23.70,-0.06
UBL, EQ, 21-Jul-2022,1655.75,1654.0,1675.9,1645.0,1670.0,1669.4,1663.28,181805,3023.93,17011, 67679, 37.23,0.82
UBL, EQ, 21-Jul-2023,1503.85,1510.0,1538.0,1498.05, 1526.45,1521.7,1522.71,357735,5447.26,21456, 151556, 42.37,1.19
UBL, EQ, 21-Aug-2020,1025.2,1034.0,1046.0,1023.6, 1038.55,1040.05,1036.4,693264,7185.01,17864, 144107, 20.79,1.45
UBL, EQ, 21-Aug-2023,1519.3,1524.05,1536.9,1492.15, 1525.25,1531.8,1522.98,121111,1844.49,8771, 28299, 23.37,0.82
UBL, EQ, 21-Aug-2024,1937.7,1958.7,2015.05,1945.55,2014.85,2010.3,1985.28,331017,6571.62,21736, 126432, 38.20,3.75
UBL, EQ, 21-Sep-2020,1018.75,1018.65,1022.15,971.0, 974.90,982.6,996.77,517003,5153.31,19787, 101328, 19.60,-3.55
UBL, EQ, 21-Sep-2021,1555.2,1560.65,1608.0,1535.2, 1597.90,1601.3,1583.96,733260,11614.54,40570, 161168, 21.98,2.96
UBL, EQ, 21-Sep-2022,1662.5,1666.6,1695.6,1653.85, 1664.00,1664.3,1677.43,220257,3694.66,16418, 87095, 39.54,0.11
UBL, EQ, 21-Sep-2023,1599.9,1586.0,1595.0,1566.0, 1570.00,1571.4,1577.46,121317,1913.72,9362, 53466, 44.07,-1.78
UBL, EQ, 21-Oct-2020,965.1,965.1,986.6,955.5, 962.00,961.45,974.28,808232,7874.44,23670, 187278, 23.17,-0.38
UBL, EQ, 21-Oct-2021,1659.75,1660.05,1669.85,1641.0, 1650.00,1654.95,1657.69,264207,4379.74,21018, 79313, 30.02,-0.29
UBL, EQ, 21-Oct-2022,1659.6,1650.0,1687.75,1634.0,1644.0,1642.25,1651.47,483409,7983.35,41388, 188723, 39.04,-1.05
UBL, EQ, 21-Oct-2024,1976.55,1986.4,1993.15,1945.0, 1961.45,1967.35,1962.94,143415,2815.15,21575, 57793, 40.30,-0.47
UBL, EQ, 21-Nov-2022,1662.4,1669.05,1669.05,1640.05, 1655.00,1653.6,1651.56,63711,1052.22,5237, 17715, 27.81,-0.53
UBL, EQ, 21-Nov-2023,1573.4,1565.05,1586.6,1565.05, 1582.95,1582.05,1578.07,125392,1978.77,13741, 66212, 52.80,0.55
UBL, EQ, 21-Nov-2024,1853.8,1859.0,1860.2,1810.0,1827.25,1827.95,1826.37,286533,5233.14,27588, 145188, 50.67,-1.39
UBL, EQ, 21-Dec-2020,1137.55,1139.0,1152.0,1038.6, 1081.05,1089.9,1118.85,974950,10908.2,34673, 203823, 20.91,-4.19
UBL, EQ, 21-Dec-2021,1538.8,1532.15,1581.2,1530.75,1555.5,1555.7,1559.99,285134,4448.06,22789, 42506, 14.91,1.1
UBL, EQ, 21-Dec-2022,1730.7,1733.0,1754.95,1705.0, 1708.05,1710.5,1720.29,225196,3874.02,18359, 109587, 48.66,-1.17
UBL, EQ, 21-Dec-2023,1683.55,1674.0,1716.0,1663.0, 1704.95,1703.0,1695.91,161896,2745.61,17662, 54090, 33.41,1.16
UBL, EQ, 22-Jan-2020,1271.85,1272.55,1276.95,1263.0, 1269.50,1268.1,1269.48,161744,2053.3,6702, 23878, 14.76,-0.29
UBL, EQ, 22-Jan-2021,1247.35,1257.0,1270.0,1242.05, 1245.05,1246.25,1255.74,530615,6663.13,14939, 167410, 31.55,-0.09
UBL, EQ, 20-Jan-2024,1844.8,1850.35,1864.15,1821.1, 1842.90,1841.1,1843.41,145006,2673.05,14218, 53452, 36.86,-0.2
UBL, EQ, 22-Jan-2025,2064.5,2055.0,2084.65,1990.0,2058.55,2064.0,2060.49,156388,3222.36,15642, 59078, 37.78,-0.02
UBL, EQ, 22-Feb-2021,1217.4,1207.85,1220.45,1192.65,1200.0,1204.1,1210.01,508113,6148.19,16939, 166546, 32.78,-1.09
UBL, EQ, 22-Feb-2022,1525.35,1499.95,1522.0,1492.8,1521.65,1516.0,1504.4,131222,1974.1,11479, 36417, 27.75,-0.61
UBL, EQ, 22-Feb-2023,1464.35,1462.05,1463.95,1436.0, 1437.00,1445.85,1443.1,303593,4381.15,42840, 169024, 55.67,-1.26
UBL, EQ, 22-Feb-2024,1720.1,1720.15,1736.0,1706.15, 1725.30,1732.8,1720.92,115018,1979.36,8509, 18825, 16.37,0.74
UBL, EQ, 22-Mar-2021,1217.85,1223.0,1263.2,1206.0,1245.0,1251.75,1239.56,417033,5169.38,13907, 83548, 20.03,2.78
UBL, EQ, 22-Mar-2022,1445.7,1433.1,1444.7,1404.55, 1440.00,1435.3,1426.93,175151,2499.29,15551, 46815, 26.73,-0.72
UBL, EQ, 22-Mar-2023,1437.9,1438.55,1449.0,1431.25, 1436.80,1440.55,1440.31,125867,1812.88,21900, 58347, 46.36,0.18
UBL, EQ, 22-Mar-2024,1720.7,1718.05,1740.9,1711.55,1718.2,1730.55,1728.55,237277,4101.45,24538, 131982, 55.62,0.57
UBL, EQ, 22-Apr-2020,927.85,925.0,932.3,902.05,925.5,924.25,916.64,1169907,10723.81,28028, 251245, 21.48,-0.39
UBL, EQ, 22-Apr-2021,1130.35,1134.0,1138.0,1104.0,1128.0,1122.25,1117.35,375227,4192.59,16243, 150091, 40.00,-0.72
UBL, EQ, 22-Apr-2022,1483.6,1483.6,1563.55,1467.2, 1543.00,1545.6,1529.65,1153370,17642.58,40775, 349697, 30.32,4.18
UBL, EQ, 22-Apr-2024,1834.0,1837.0,1859.7,1835.8,1851.75,1853.85,1850.48,112922,2089.6,11444, 35626, 31.55,1.08
UBL, EQ, 22-Apr-2025,2218.0,2232.0,2294.9,2218.3,2231.6,2230.8,2234.72,403166,9009.62,29318, 299971, 74.40,0.58
UBL, EQ, 22-May-2020,927.05,927.05,945.1,906.0,913.0,913.3,930.46,1161776,10809.87,39625, 181796, 15.65,-1.48
UBL, EQ, 22-May-2023,1415.15,1422.6,1422.6,1393.6,1400.0,1400.75,1402.14,409141,5736.73,16579, 293747, 71.80,-1.02
UBL, EQ, 22-May-2024,1893.55,1891.95,1897.5,1845.3,1873.05,1879.45,1870.29,352309,6589.19,34984, 161881, 45.95,-0.74
UBL, EQ, 22-Jun-2020,1020.05,1020.5,1045.5,1014.05, 1035.00,1035.45,1032.86,497091,5134.27,15711, 143084, 28.78,1.51
UBL, EQ, 22-Jun-2021,1419.55,1433.7,1472.0,1417.65, 1466.00,1456.5,1439.4,1259350,18127.03,47550, 208402, 16.55,2.6
UBL, EQ, 22-Jun-2022,1484.9,1484.9,1528.1,1470.1,1484.05,1476.55,1494.87,899550,13447.07,55228, 466604, 51.87,-0.56
UBL, EQ, 22-Jun-2023,1487.15,1488.5,1513.55,1473.6,1504.75,1508.1,1496.52,644709,9648.19,19987, 266397, 41.32,1.41
UBL, EQ, 22-Jul-2020,984.5,991.65,1009.0,972.85, 991.35,989.8,993.99,779451,7747.68,31699, 253686, 32.55,0.54
UBL, EQ, 22-Jul-2021,1411.6,1419.0,1441.3,1407.75, 1431.50,1429.8,1421.52,444583,6319.84,17901, 113060, 25.43,1.29
UBL, EQ, 22-Jul-2022,1669.4,1679.0,1690.95,1657.9, 1678.15,1685.85,1676.7,170488,2858.56,8200, 58875, 34.53,0.99
UBL, EQ, 22-Jul-2024,2040.85,2040.85,2050.0,2012.4,2017.15,2014.75,2030.88,291928,5928.72,13181, 204719, 70.13,-1.28
UBL, EQ, 22-Aug-2022,1668.7,1663.0,1673.3,1638.5, 1642.05,1643.35,1656.56,106117,1757.9,7527, 24845, 23.41,-1.52
UBL, EQ, 22-Aug-2023,1531.8,1535.0,1550.0,1520.0, 1539.90,1532.15,1530.54,162497,2487.09,8293, 76040, 46.79,0.02
UBL, EQ, 22-Aug-2024,2010.3,2025.0,2053.8,2010.3,2025.0,2024.55,2034.56,257739,5243.84,19099, 82408, 31.97,0.71
UBL, EQ, 22-Sep-2020,982.6,982.5,982.5,944.2, 964.00,964.2,957.6,582538,5578.39,32852, 154564, 26.53,-1.87
UBL, EQ, 22-Sep-2021,1601.3,1602.95,1649.9,1589.6, 1638.00,1638.95,1628.3,737379,12006.76,33649, 192021, 26.04,2.35
UBL, EQ, 22-Sep-2022,1664.3,1664.0,1680.0,1634.6, 1638.95,1639.45,1653.36,222913,3685.55,19452, 121671, 54.58,-1.49
UBL, EQ, 22-Sep-2023,1571.4,1571.4,1586.45,1557.4, 1564.70,1562.9,1572.7,69522,1093.37,4836, 17873, 25.71,-0.54
UBL, EQ, 22-Oct-2020,961.45,964.95,966.2,952.25, 960.00,956.5,957.63,714341,6840.72,17752, 317293, 44.42,-0.51
UBL, EQ, 22-Oct-2021,1654.95,1648.0,1687.0,1615.45, 1630.00,1630.4,1653.32,362763,5997.62,20241, 92756, 25.57,-1.48
UBL, EQ, 22-Oct-2024,1967.35,1964.15,1967.05,1925.5,1945.0,1938.05,1941.89,187739,3645.69,17971, 88252, 47.01,-1.49
UBL, EQ, 22-Nov-2021,1628.0,1629.7,1638.6,1567.8,1581.3,1586.8,1594.24,244803,3902.74,16294, 74241, 30.33,-2.53
UBL, EQ, 22-Nov-2022,1653.6,1648.1,1668.0,1648.1, 1666.00,1663.4,1660.82,67139,1115.06,6247, 23022, 34.29,0.59
UBL, EQ, 22-Nov-2023,1582.05,1592.0,1602.65,1580.05, 1600.00,1597.6,1591.73,355598,5660.15,29287, 176056, 49.51,0.98
UBL, EQ, 22-Nov-2024,1827.95,1827.25,1870.85,1824.05,1869.85,1859.85,1847.23,292335,5400.11,22128, 182125, 62.30,1.75
UBL, EQ, 22-Dec-2020,1089.9,1085.3,1111.15,1060.95, 1091.10,1095.3,1085.6,642095,6970.59,19483, 116352, 18.12,0.5
UBL, EQ, 22-Dec-2021,1555.7,1555.7,1590.0,1555.65, 1577.30,1584.85,1577.85,94934,1497.91,6566, 16051, 16.91,1.87
UBL, EQ, 22-Dec-2022,1710.5,1717.0,1727.2,1683.65, 1716.20,1719.0,1708.38,123423,2108.54,8399, 30623, 24.81,0.5
UBL, EQ, 22-Dec-2023,1703.0,1708.95,1726.0,1674.1, 1680.00,1684.6,1698.16,354584,6021.39,16932, 153094, 43.18,-1.08
UBL, EQ, 23-Jan-2020,1268.1,1268.5,1272.25,1257.1, 1263.00,1261.0,1264.18,90476,1143.78,4083, 20376, 22.52,-0.56
UBL, EQ, 23-Jan-2023,1568.7,1565.5,1583.4,1551.2,1580.0,1580.95,1568.74,141783,2224.21,11343, 56785, 40.05,0.78
UBL, EQ, 23-Jan-2024,1841.1,1840.0,1859.9,1823.65, 1840.00,1841.5,1843.73,406350,7491.98,25714, 231725, 57.03,0.02
UBL, EQ, 23-Jan-2025,2064.0,2058.55,2081.7,2038.6,2073.15,2073.75,2068.16,150061,3103.51,12185, 72047, 48.01,0.47
UBL, EQ, 23-Feb-2021,1204.1,1205.3,1218.2,1175.15, 1178.00,1180.85,1191.8,779325,9288.01,21355, 438428, 56.26,-1.93
UBL, EQ, 23-Feb-2022,1516.0,1518.15,1548.4,1516.85,1533.95,1531.8,1535.56,215548,3309.86,21516, 88768, 41.18,1.04
UBL, EQ, 23-Feb-2023,1445.85,1445.85,1458.4,1429.3,1444.05,1447.2,1447.07,257183,3721.62,22084, 97611, 37.95,0.09
UBL, EQ, 23-Feb-2024,1732.8,1732.75,1736.9,1708.0, 1724.00,1714.9,1716.13,103919,1783.39,7270, 43218, 41.59,-1.03
UBL, EQ, 23-Mar-2020,892.45,840.0,840.0,765.0, 801.85,802.5,802.3,263423,2113.43,9185, 113534, 43.10,-10.08
UBL, EQ, 23-Mar-2021,1251.75,1258.0,1278.65,1243.05, 1275.95,1273.75,1261.29,399894,5043.83,14920, 82580, 20.65,1.76
UBL, EQ, 23-Mar-2022,1435.3,1442.0,1457.0,1423.25, 1440.00,1437.1,1432.98,315277,4517.87,17892, 204437, 64.84,0.13
UBL, EQ, 23-Mar-2023,1440.55,1437.0,1443.95,1426.9, 1439.30,1436.45,1434.47,123285,1768.48,12211, 66724, 54.12,-0.28
UBL, EQ, 23-Apr-2020,924.25,935.0,950.0,911.8,922.75,920.0,935.63,907351,8489.43,22770, 144703, 15.95,-0.46
UBL, EQ, 23-Apr-2021,1122.25,1120.0,1146.9,1112.4,1136.0,1140.85,1135.95,496101,5635.45,18817, 260468, 52.50,1.66
UBL, EQ, 23-Apr-2024,1853.85,1847.05,1868.95,1837.05,1860.7,1860.2,1854.51,133309,2472.23,10301, 53940, 40.46,0.34
UBL, EQ, 23-Apr-2025,2230.8,2239.1,2274.6,2232.0,2232.0,2238.9,2245.23,147094,3302.59,19007, 89433, 60.80,0.36
UBL, EQ, 23-May-2022,1476.75,1478.65,1515.95,1453.8,1463.0,1463.7,1488.14,256811,3821.72,10830, 81152, 31.60,-0.88
UBL, EQ, 23-May-2023,1400.75,1405.0,1422.0,1395.2, 1415.00,1410.65,1409.81,270817,3818.01,21912, 135428, 50.01,0.71
UBL, EQ, 23-May-2024,1879.45,1893.3,1893.3,1870.0,1876.55,1879.8,1880.89,110841,2084.8,13609, 42998, 38.79,0.02
UBL, EQ, 23-Jun-2020,1035.45,1040.0,1051.95,1026.2, 1042.25,1042.9,1041.13,339827,3538.04,13383, 103347, 30.41,0.72
UBL, EQ, 23-Jun-2021,1456.5,1498.95,1498.95,1393.4, 1405.35,1403.85,1433.84,4313382,61846.83,130192, 821571, 19.05,-3.61
UBL, EQ, 23-Jun-2022,1476.55,1478.0,1503.05,1472.15,1492.55,1490.45,1488.73,131935,1964.15,15320, 22090, 16.74,0.94
UBL, EQ, 23-Jun-2023,1508.1,1515.0,1515.0,1482.0, 1490.05,1490.15,1491.3,188147,2805.84,11101, 78125, 41.52,-1.19
UBL, EQ, 23-Jul-2020,989.8,996.0,1006.5,989.9, 1000.60,1002.35,999.08,621257,6206.85,11092, 177100, 28.51,1.27
UBL, EQ, 23-Jul-2021,1429.8,1434.8,1453.7,1418.2,1446.0,1444.45,1441.14,313283,4514.84,14524, 105116, 33.55,1.02
UBL, EQ, 23-Jul-2024,2014.75,2020.0,2038.9,1979.3,2012.05,2023.35,2018.72,376361,7597.67,19785, 207291, 55.08,0.43
UBL, EQ, 23-Aug-2021,1452.2,1460.0,1487.9,1442.5, 1458.00,1459.65,1469.02,931330,13681.44,43771, 305839, 32.84,0.51
UBL, EQ, 23-Aug-2022,1643.35,1631.0,1658.5,1616.0, 1634.00,1622.7,1626.99,448549,7297.84,16696, 319708, 71.28,-1.26
UBL, EQ, 23-Aug-2023,1532.15,1538.0,1545.0,1522.1, 1529.10,1531.3,1533.78,90889,1394.04,8043, 22560, 24.82,-0.06
UBL, EQ, 23-Aug-2024,2024.55,2032.2,2035.2,1992.55,2006.0,2004.8,2011.34,276279,5556.9,21310, 152721, 55.28,-0.98
UBL, EQ, 23-Sep-2020,964.2,965.95,976.75,953.3, 965.90,963.4,960.54,522151,5015.49,24253, 210346, 40.28,-0.08
UBL, EQ, 23-Sep-2021,1638.95,1649.9,1686.0,1627.0, 1654.40,1654.35,1660.3,1255536,20845.62,58747, 244576, 19.48,0.94
UBL, EQ, 23-Sep-2022,1639.45,1642.0,1647.6,1612.1, 1636.15,1644.7,1635.76,206811,3382.93,16808, 107819, 52.13,0.32
UBL, EQ, 23-Sep-2024,2089.75,2092.0,2162.9,2074.7,2149.95,2144.05,2132.44,330927,7056.81,33049, 116415, 35.18,2.6
UBL, EQ, 23-Oct-2020,956.5,964.05,970.3,953.6, 959.00,960.05,960.07,638164,6126.81,16801, 202842, 31.79,0.37
UBL, EQ, 23-Oct-2023,1610.65,1610.6,1645.45,1602.05, 1625.00,1629.05,1629.95,647131,10547.91,40733, 171659, 26.53,1.14
UBL, EQ, 23-Oct-2024,1938.05,1938.05,2022.0,1915.55,1993.95,1990.7,1975.14,409293,8084.12,47052, 105296, 25.73,2.72
UBL, EQ, 23-Nov-2020,1094.25,1094.65,1099.7,1063.0, 1080.00,1086.3,1081.96,388441,4202.78,16085, 61188, 15.75,-0.73
UBL, EQ, 23-Nov-2021,1586.8,1572.4,1609.25,1568.3,1588.6,1594.1,1591.5,184390,2934.56,15262, 57769, 31.33,0.46
UBL, EQ, 23-Nov-2022,1663.4,1665.6,1699.2,1662.0,1667.8,1665.8,1681.88,278893,4690.66,12484, 82913, 29.73,0.14
UBL, EQ, 23-Nov-2023,1597.6,1604.95,1610.75,1592.35, 1608.30,1605.3,1600.16,294322,4709.61,9982, 207251, 70.42,0.48
UBL, EQ, 23-Dec-2020,1095.3,1099.0,1145.0,1092.95,1136.15,1131.35,1118.33,583136,6521.36,20143, 129524, 22.21,3.29
UBL, EQ, 23-Dec-2021,1584.85,1584.8,1600.0,1574.75, 1586.40,1590.1,1587.09,153776,2440.56,9542, 22454, 14.60,0.33
UBL, EQ, 23-Dec-2022,1719.0,1707.8,1711.85,1680.5, 1687.45,1699.4,1699.69,203039,3451.03,12622, 101375, 49.93,-1.14
UBL, EQ, 23-Dec-2024,2025.35,2038.3,2041.15,1989.1,1997.5,1999.35,2012.84,168751,3396.69,16076, 40765, 24.16,-1.28
UBL, EQ, 24-Jan-2020,1261.0,1264.9,1280.0,1260.0,1275.3,1275.1,1272.57,114282,1454.32,6165, 31296, 27.38,1.12
UBL, EQ, 24-Jan-2022,1566.35,1560.05,1570.4,1508.9,1522.05,1523.8,1538.74,285079,4386.61,19333, 110056, 38.61,-2.72
UBL, EQ, 24-Jan-2023,1580.95,1588.9,1589.3,1572.0,1572.0,1576.15,1577.47,238450,3761.47,17054, 156017, 65.43,-0.3
UBL, EQ, 24-Jan-2024,1841.5,1855.85,1884.8,1823.05, 1860.25,1876.7,1859.12,333305,6196.54,30952, 130633, 39.19,1.91
UBL, EQ, 24-Jan-2025,2073.75,2084.1,2084.1,2053.7,2069.25,2064.85,2064.89,107086,2211.21,11612, 25805, 24.10,-0.43
UBL, EQ, 24-Feb-2020,1267.0,1266.95,1283.1,1232.05, 1238.50,1240.75,1264.21,339871,4296.7,13170, 110475, 32.50,-2.07
UBL, EQ, 24-Feb-2021,1180.85,1190.0,1194.0,1160.0, 1178.00,1175.9,1177.57,214092,2521.07,14745, 93409, 43.63,-0.42
UBL, EQ, 24-Feb-2022,1531.8,1500.0,1513.05,1451.1, 1464.15,1464.55,1485.17,367659,5460.37,27435, 164534, 44.75,-4.39
UBL, EQ, 24-Feb-2023,1447.2,1453.0,1454.1,1425.55, 1429.00,1431.35,1440.6,154359,2223.69,13256, 71175, 46.11,-1.1
UBL, EQ, 24-Feb-2025,2019.4,2015.05,2071.75,2009.45,2035.0,2035.1,2046.58,315107,6448.93,27305, 138361, 43.91,0.78
UBL, EQ, 24-Mar-2020,802.5,835.0,882.0,765.0, 882.00,832.5,821.39,400351,3288.44,18279, 128857, 32.19,3.74
UBL, EQ, 24-Mar-2021,1273.75,1274.45,1288.5,1239.0, 1260.00,1244.45,1267.65,416917,5285.03,15025, 108330, 25.98,-2.3
UBL, EQ, 24-Mar-2022,1437.1,1431.0,1472.3,1424.7, 1460.00,1454.0,1455.35,259931,3782.91,16603, 118977, 45.77,1.18
UBL, EQ, 24-Mar-2023,1436.45,1440.5,1443.5,1428.7, 1436.95,1436.75,1436.49,72986,1048.43,8260, 15250, 20.89,0.02
UBL, EQ, 24-Mar-2025,1933.45,1940.0,1980.8,1940.0,1962.45,1962.35,1959.99,175701,3443.73,12806, 116061, 66.06,1.49
UBL, EQ, 24-Apr-2020,920.0,921.0,922.5,863.85,876.0,880.75,889.64,1049450,9336.37,30862, 295434, 28.15,-4.27
UBL, EQ, 24-Apr-2023,1444.3,1451.0,1451.0,1435.5, 1445.95,1443.85,1442.16,146562,2113.66,11619, 30783, 21.00,-0.03
UBL, EQ, 24-Apr-2024,1860.2,1872.45,2046.2,1855.1, 2046.20,2030.95,1968.81,2492686,49076.36,83028, 993642, 39.86,9.18
UBL, EQ, 24-Apr-2025,2238.9,2252.0,2254.9,2166.8,2172.0,2176.6,2195.57,143532,3151.35,22551, 70507, 49.12,-2.78
UBL, EQ, 24-May-2021,1279.45,1287.0,1293.75,1266.25, 1271.05,1270.5,1273.08,433164,5514.54,14408, 234402, 54.11,-0.7
UBL, EQ, 24-May-2022,1463.7,1475.0,1475.0,1442.1,1474.7,1461.65,1454.78,200168,2912.0,7717, 97065, 48.49,-0.14
UBL, EQ, 24-May-2023,1410.65,1414.75,1426.45,1406.75, 1425.00,1422.15,1416.99,431508,6114.42,23940, 246165, 57.05,0.82
UBL, EQ, 24-May-2024,1879.8,1879.8,1884.0,1857.1,1872.0,1874.6,1874.35,333393,6248.94,24785, 214712, 64.40,-0.28
UBL, EQ, 24-Jun-2020,1042.9,1049.4,1087.4,1040.35,1042.0,1050.8,1066.89,1307004,13944.23,51425, 442997, 33.89,0.76
UBL, EQ, 24-Jun-2021,1403.85,1414.45,1417.95,1371.0, 1381.00,1380.1,1389.97,1196140,16625.94,52784, 322820, 26.99,-1.69
UBL, EQ, 24-Jun-2022,1490.45,1500.7,1519.45,1490.3, 1501.00,1494.35,1503.33,235310,3537.48,25193, 84879, 36.07,0.26
UBL, EQ, 24-Jun-2024,2066.9,2069.0,2092.25,2037.05,2092.0,2082.3,2060.13,178548,3678.32,15240, 49719, 27.85,0.75
UBL, EQ, 24-Jul-2020,1002.35,971.35,1015.5,971.35,1000.5,998.35,1003.17,771001,7734.48,22981, 182154, 23.63,-0.4
UBL, EQ, 24-Jul-2023,1521.7,1536.6,1536.6,1486.2, 1494.00,1496.6,1500.91,232598,3491.08,16433, 68598, 29.49,-1.65
UBL, EQ, 24-Jul-2024,2023.35,2020.0,2040.6,1998.05,2013.15,2019.9,2018.07,314716,6351.19,23489, 142353, 45.23,-0.17
UBL, EQ, 24-Aug-2020,1040.05,1048.95,1061.0,1038.6,1056.0,1054.2,1050.83,844092,8869.93,24921, 239852, 28.42,1.36
UBL, EQ, 24-Aug-2021,1459.65,1464.05,1478.0,1448.75, 1451.35,1454.1,1461.15,474729,6936.49,23951, 158278, 33.34,-0.38
UBL, EQ, 24-Aug-2022,1622.7,1617.0,1655.0,1610.0,1624.6,1618.3,1622.08,229687,3725.7,18146, 88521, 38.54,-0.27
UBL, EQ, 24-Aug-2023,1531.3,1539.95,1539.95,1527.4, 1533.50,1532.35,1533.31,61819,947.88,4204, 28217, 45.64,0.07
UBL, EQ, 24-Sep-2020,963.4,960.0,960.0,915.1, 917.95,920.5,933.02,460617,4297.66,19915, 131736, 28.60,-4.45
UBL, EQ, 24-Sep-2021,1654.35,1658.0,1666.0,1587.0, 1602.30,1605.85,1619.5,666533,10794.47,44576, 247012, 37.06,-2.93
UBL, EQ, 24-Sep-2024,2144.05,2158.0,2162.0,2124.5,2159.7,2154.75,2146.99,235451,5055.1,27482, 92601, 39.33,0.5
UBL, EQ, 24-Oct-2024,1990.7,2004.0,2052.0,1938.05,1983.95,1978.45,1974.2,169580,3347.85,23411, 31986, 18.86,-0.62
UBL, EQ, 24-Nov-2020,1086.3,1086.0,1093.45,1068.4, 1071.85,1072.0,1078.27,288149,3107.04,10147, 78816, 27.35,-1.32
UBL, EQ, 24-Nov-2021,1594.1,1594.1,1597.3,1558.45, 1571.00,1571.35,1582.52,166856,2640.53,16084, 67399, 40.39,-1.43
UBL, EQ, 24-Nov-2022,1665.8,1667.0,1677.9,1658.05, 1670.00,1664.4,1670.74,279374,4667.6,10794, 162791, 58.27,-0.08
UBL, EQ, 24-Nov-2023,1605.3,1612.0,1636.5,1579.6, 1580.00,1584.1,1617.44,409804,6628.32,19939, 115760, 28.25,-1.32
UBL, EQ, 24-Dec-2020,1131.35,1145.0,1156.45,1122.15, 1132.35,1126.4,1141.6,446402,5096.11,15604, 67858, 15.20,-0.44
UBL, EQ, 24-Dec-2021,1590.1,1654.0,1654.0,1555.05, 1565.00,1568.75,1604.31,1000170,16045.79,52264, 77351, 7.73,-1.34
UBL, EQ, 24-Dec-2024,1999.35,1998.9,2068.55,1978.85,2058.0,2052.75,2042.24,281552,5749.96,28223, 88734, 31.52,2.67
UBL, EQ, 25-Jan-2021,1246.25,1248.0,1263.95,1222.7, 1252.65,1248.6,1248.04,374338,4671.87,13729, 117517, 31.39,0.19
UBL, EQ, 25-Jan-2022,1523.8,1512.0,1566.0,1473.05,1559.0,1557.95,1536.95,210818,3240.17,15104, 56651, 26.87,2.24
UBL, EQ, 25-Jan-2023,1576.15,1571.0,1575.0,1555.7, 1575.00,1572.15,1566.03,110987,1738.08,8677, 48234, 43.46,-0.25
UBL, EQ, 25-Jan-2024,1876.7,1862.0,1890.0,1836.0, 1838.60,1842.25,1860.65,299148,5566.1,13325, 152766, 51.07,-1.84
UBL, EQ, 25-Feb-2020,1240.75,1242.0,1259.75,1235.0, 1237.00,1239.75,1243.33,379735,4721.35,13864, 110858, 29.19,-0.08
UBL, EQ, 25-Feb-2021,1175.9,1178.0,1204.65,1173.0, 1199.50,1198.65,1185.05,546187,6472.6,24825, 216319, 39.61,1.93
UBL, EQ, 25-Feb-2022,1464.55,1472.3,1519.4,1471.95,1502.55,1501.6,1500.69,469393,7044.16,20193, 279804, 59.61,2.53
UBL, EQ, 25-Feb-2025,2035.1,2040.0,2060.0,2020.75,2039.0,2038.55,2041.62,891431,18199.63,44876, 551605, 61.88,0.17
UBL, EQ, 25-Mar-2020,832.5,832.5,915.3,832.5, 910.00,882.4,878.74,1413012,12416.64,48333, 931127, 65.90,5.99
UBL, EQ, 25-Mar-2021,1244.45,1260.0,1261.5,1210.0,1210.0,1217.0,1231.15,449038,5528.34,14592, 164304, 36.59,-2.21
UBL, EQ, 25-Mar-2022,1454.0,1467.9,1467.9,1434.7,1451.7,1449.1,1445.87,236336,3417.11,15527, 114504, 48.45,-0.34
UBL, EQ, 25-Mar-2025,1962.35,1978.15,1978.15,1886.1,1921.0,1924.8,1932.51,224980,4347.76,24463, 106846, 47.49,-1.91
UBL, EQ, 25-Apr-2022,1545.6,1542.0,1548.3,1508.7,1540.0,1531.4,1530.62,287510,4400.69,17547, 77345, 26.90,-0.92
UBL, EQ, 25-Apr-2023,1443.85,1450.0,1462.5,1439.65,1450.0,1453.2,1449.02,210230,3046.28,16682, 49263, 23.43,0.65
UBL, EQ, 25-Apr-2024,2030.95,2022.4,2106.0,2012.0, 2012.00,2022.35,2059.25,1441742,29689.14,74117, 343889, 23.85,-0.42
UBL, EQ, 25-Apr-2025,2176.6,2195.0,2195.0,2110.3,2129.9,2124.2,2131.29,98621,2101.9,15882, 40065, 40.63,-2.41
UBL, EQ, 25-May-2021,1270.5,1270.05,1303.75,1270.05, 1297.05,1297.75,1291.71,682840,8820.28,23686, 253796, 37.17,2.14
UBL, EQ, 25-May-2022,1461.65,1464.0,1478.85,1420.35, 1428.50,1430.1,1444.71,158662,2292.21,12577, 49350, 31.10,-2.16
UBL, EQ, 25-May-2023,1422.15,1426.9,1444.1,1420.0, 1443.00,1442.05,1436.86,148425,2132.66,9026, 36183, 24.38,1.4
UBL, EQ, 25-Jun-2020,1050.8,1047.0,1061.2,1021.8, 1050.00,1049.1,1042.22,822436,8571.58,35061, 235205, 28.60,-0.16
UBL, EQ, 25-Jun-2021,1380.1,1394.2,1403.95,1376.0, 1385.75,1381.7,1387.7,756458,10497.36,27373, 241301, 31.90,0.12
UBL, EQ, 25-Jun-2024,2082.3,2085.05,2086.6,1991.0,1996.0,1996.0,2008.91,550763,11064.33,41370, 203765, 37.00,-4.14
UBL, EQ, 25-Jul-2022,1685.85,1685.1,1707.2,1667.85, 1672.25,1676.05,1688.46,277461,4684.82,13187, 134977, 48.65,-0.58
UBL, EQ, 25-Jul-2023,1496.6,1497.0,1502.1,1470.15, 1481.00,1480.6,1481.68,150121,2224.31,11620, 70505, 46.97,-1.07
UBL, EQ, 25-Jul-2024,2019.9,2005.0,2150.0,1999.95,2146.55,2109.25,2057.27,419567,8631.61,30680, 82749, 19.72,4.42
UBL, EQ, 25-Aug-2020,1054.2,1060.0,1068.0,1052.05, 1059.90,1059.9,1060.99,822831,8730.13,23156, 320251, 38.92,0.54
UBL, EQ, 25-Aug-2021,1454.1,1454.0,1462.3,1414.2, 1434.00,1432.2,1432.72,574920,8236.99,31817, 127298, 22.14,-1.51
UBL, EQ, 25-Aug-2022,1618.3,1624.6,1637.95,1605.85,1612.5,1612.7,1619.69,812414,13158.56,14790, 596231, 73.39,-0.35
UBL, EQ, 25-Aug-2023,1532.35,1524.05,1532.95,1508.0, 1513.90,1514.9,1516.88,83105,1260.6,6579, 20923, 25.18,-1.14
UBL, EQ, 25-Sep-2020,920.5,921.0,960.9,920.5, 953.20,952.15,943.1,719427,6784.9,22759, 151658, 21.08,3.44
UBL, EQ, 25-Sep-2023,1562.9,1562.9,1583.45,1551.1, 1578.00,1578.8,1572.73,69311,1090.08,4615, 14663, 21.16,1.02
UBL, EQ, 25-Sep-2024,2154.75,2172.0,2180.0,2110.8,2134.0,2130.15,2139.33,399057,8537.16,38948, 163178, 40.89,-1.14
UBL, EQ, 25-Oct-2021,1630.4,1630.0,1645.4,1582.45, 1626.10,1626.55,1619.73,393271,6369.92,26019, 67118, 17.07,-0.24
UBL, EQ, 25-Oct-2022,1636.35,1630.0,1643.45,1591.65,1616.65,1615.8,1607.51,517782,8323.41,32849, 276652, 53.43,-1.26
UBL, EQ, 25-Oct-2023,1629.05,1645.8,1654.85,1588.75,1597.0,1594.3,1627.66,494630,8050.91,30109, 208951, 42.24,-2.13
UBL, EQ, 25-Oct-2024,1978.45,2020.05,2021.45,1906.7,1971.95,1983.6,1972.41,693861,13685.78,59115, 238391, 34.36,0.26
UBL, EQ, 25-Nov-2020,1072.0,1072.0,1087.2,1043.0, 1047.00,1046.15,1067.0,536222,5721.47,15410, 217066, 40.48,-2.41
UBL, EQ, 25-Nov-2021,1571.35,1570.0,1579.1,1558.05,1568.95,1566.55,1567.53,187688,2942.06,12462, 83913, 44.71,-0.31
UBL, EQ, 25-Nov-2022,1664.4,1671.3,1673.95,1651.55,1653.0,1656.1,1662.34,108038,1795.96,12320, 59147, 54.75,-0.5
UBL, EQ, 25-Nov-2024,1859.85,1878.3,1914.25,1867.55,1890.05,1897.15,1895.1,165597,3138.23,20240, 69686, 42.08,2.01
UBL, EQ, 26-Feb-2020,1239.75,1245.0,1252.0,1225.15, 1231.15,1235.45,1239.84,457073,5666.98,23880, 186650, 40.84,-0.35
UBL, EQ, 26-Feb-2021,1198.65,1191.65,1194.0,1153.3,1163.5,1161.35,1173.93,329005,3862.28,11472, 66212, 20.12,-3.11
UBL, EQ, 26-Feb-2024,1714.9,1714.95,1725.9,1693.5, 1710.00,1706.85,1703.64,134808,2296.65,18767, 66111, 49.04,-0.47
UBL, EQ, 26-Mar-2020,882.4,890.0,967.95,883.25, 898.55,894.65,916.34,763377,6995.16,39540, 167032, 21.88,1.39
UBL, EQ, 26-Mar-2021,1217.0,1220.2,1244.45,1215.0,1234.45,1236.3,1230.77,144181,1774.54,5839, 21385, 14.83,1.59
UBL, EQ, 26-Mar-2024,1730.55,1724.0,1736.65,1702.0,1702.0,1712.9,1720.64,159064,2736.91,21949, 96618, 60.74,-1.02
UBL, EQ, 26-Mar-2025,1924.8,1920.0,1960.85,1910.9,1931.0,1931.15,1935.82,149663,2897.2,14092, 59329, 39.64,0.33
UBL, EQ, 26-Apr-2021,1140.85,1145.5,1161.15,1127.75, 1145.00,1143.25,1149.71,650339,7477.0,30364, 287415, 44.19,0.21
UBL, EQ, 26-Apr-2022,1531.4,1533.55,1599.95,1516.05, 1527.15,1532.5,1561.22,858808,13407.88,38732, 183900, 21.41,0.07
UBL, EQ, 26-Apr-2023,1453.2,1421.55,1456.3,1421.55, 1447.00,1447.6,1447.53,159967,2315.57,11795, 73255, 45.79,-0.39
UBL, EQ, 26-Apr-2024,2022.35,2012.05,2062.55,1978.0, 2047.80,2045.55,2032.4,416180,8458.43,36510, 103751, 24.93,1.15
UBL, EQ, 26-May-2020,913.3,915.6,943.5,915.6, 928.55,925.8,930.62,594367,5531.32,24121, 123432, 20.77,1.37
UBL, EQ, 26-May-2021,1297.75,1308.0,1314.85,1282.45, 1303.00,1299.15,1295.55,530116,6867.91,17467, 157342, 29.68,0.11
UBL, EQ, 26-May-2022,1430.1,1434.45,1484.95,1406.65,1470.2,1475.3,1447.8,253063,3663.86,11937, 108692, 42.95,3.16
UBL, EQ, 26-May-2023,1442.05,1448.9,1465.75,1443.55,1456.6,1459.8,1452.62,373576,5426.63,15649, 243333, 65.14,1.23
UBL, EQ, 26-Jun-2020,1049.1,1051.0,1062.0,1011.1, 1019.95,1017.95,1027.39,679288,6978.95,36539, 262055, 38.58,-2.97
UBL, EQ, 26-Jun-2023,1490.15,1490.0,1501.95,1480.5, 1499.45,1496.25,1493.84,306059,4572.03,6770, 235631, 76.99,0.41
UBL, EQ, 26-Jun-2024,1996.0,1983.5,2011.0,1957.1,1960.0,1964.1,1982.31,420755,8340.66,37669, 236530, 56.22,-1.6
UBL, EQ, 26-Jul-2021,1444.45,1452.1,1477.35,1416.5,1440.0,1436.15,1448.1,1275241,18466.79,42171, 267222, 20.95,-0.57
UBL, EQ, 26-Jul-2022,1676.05,1679.85,1685.15,1658.4,1668.15,1668.4,1674.0,143587,2403.64,10634, 56130, 39.09,-0.46
UBL, EQ, 26-Jul-2023,1480.6,1487.95,1503.85,1475.05, 1500.00,1500.3,1489.75,331977,4945.62,12716, 219283, 66.05,1.33
UBL, EQ, 26-Jul-2024,2109.25,2135.0,2135.0,2025.0, 2040.90,2037.0,2055.37,1027129,21111.29,64967, 424789, 41.36,-3.43
UBL, EQ, 26-Aug-2020,1059.9,1069.0,1069.0,1041.15, 1055.00,1055.4,1050.68,443951,4664.52,12579, 123938, 27.92,-0.42
UBL, EQ, 26-Aug-2021,1432.2,1430.0,1449.65,1422.25, 1435.00,1435.75,1436.17,345584,4963.18,17750, 45379, 13.13,0.25
UBL, EQ, 26-Aug-2022,1612.7,1613.0,1628.9,1601.0,1610.0,1615.5,1614.84,296033,4780.46,14534, 173629, 58.65,0.17
UBL, EQ, 26-Aug-2024,2004.8,2009.9,2020.75,1988.2,2003.2,2008.05,2008.64,123130,2473.24,10357, 57964, 47.08,0.16
UBL, EQ, 26-Sep-2022,1644.7,1636.1,1675.0,1610.4,1640.7,1646.25,1645.89,378546,6230.43,30098, 190683, 50.37,0.09
UBL, EQ, 26-Sep-2023,1578.8,1578.05,1585.45,1571.05, 1573.00,1578.45,1578.98,64388,1016.67,7952, 26167, 40.64,-0.02
UBL, EQ, 26-Sep-2024,2130.15,2139.2,2169.55,2126.3,2161.0,2156.8,2149.71,198480,4266.74,23487, 91172, 45.94,1.25
UBL, EQ, 26-Oct-2020,960.05,964.95,965.85,936.6,939.95,943.2,950.7,1441306,13702.55,39397, 426705, 29.61,-1.76
UBL, EQ, 26-Oct-2021,1626.55,1625.6,1671.3,1625.0, 1658.65,1663.95,1654.87,148879,2463.75,9380, 35041, 23.54,2.3
UBL, EQ, 26-Oct-2023,1594.3,1585.0,1590.65,1558.0, 1571.75,1570.75,1570.02,118916,1867.0,7694, 38907, 32.72,-1.48
UBL, EQ, 26-Nov-2020,1046.15,1043.9,1078.6,1033.2, 1046.00,1045.75,1056.23,988872,10444.75,32570, 143421, 14.50,-0.04
UBL, EQ, 26-Nov-2021,1566.55,1557.0,1568.0,1483.2, 1500.00,1501.75,1506.7,500671,7543.59,41173, 242574, 48.45,-4.14
UBL, EQ, 26-Nov-2024,1897.15,1897.15,1920.95,1883.3,1900.0,1903.25,1904.88,120398,2293.44,20081, 47197, 39.20,0.32
UBL, EQ, 26-Dec-2022,1699.4,1684.5,1709.0,1661.4,1702.1,1703.4,1697.54,197553,3353.54,12888, 85407, 43.23,0.24
UBL, EQ, 26-Dec-2023,1684.6,1700.0,1714.0,1688.85, 1709.25,1708.95,1708.56,336099,5742.45,21016, 206864, 61.55,1.45
UBL, EQ, 26-Dec-2024,2052.75,2064.2,2064.2,2004.6,2011.1,2015.1,2027.46,239507,4855.91,19227, 52714, 22.01,-1.83
UBL, EQ, 27-Jan-2020,1275.1,1275.1,1286.3,1256.1, 1260.80,1261.25,1272.37,162784,2071.21,11195, 61272, 37.64,-1.09
UBL, EQ, 27-Jan-2021,1248.6,1248.6,1310.15,1246.55, 1310.00,1301.3,1285.85,1417143,18222.31,45350, 318215, 22.45,4.22
UBL, EQ, 27-Jan-2022,1557.95,1555.95,1555.95,1460.3, 1512.00,1507.2,1521.24,566836,8622.95,28736, 123430, 21.78,-3.26
UBL, EQ, 27-Jan-2023,1572.15,1574.1,1583.0,1530.35, 1557.95,1542.7,1559.03,196453,3062.77,9613, 91963, 46.81,-1.87
UBL, EQ, 27-Jan-2025,2064.85,2068.0,2068.0,2012.7,2012.7,2024.4,2035.34,97337,1981.14,10437, 36036, 37.02,-1.96
UBL, EQ, 27-Feb-2020,1235.45,1238.0,1265.8,1218.0, 1244.05,1249.75,1244.36,554380,6898.51,14176, 239151, 43.14,1.16
UBL, EQ, 27-Feb-2023,1431.35,1421.0,1442.9,1420.3, 1435.00,1434.75,1430.81,122184,1748.23,8789, 41139, 33.67,0.24
UBL, EQ, 27-Feb-2024,1706.85,1714.4,1714.4,1686.0, 1690.70,1688.5,1697.63,97529,1655.68,7687, 48848, 50.09,-1.08
UBL, EQ, 27-Feb-2025,2038.55,2041.35,2066.9,1960.0,1965.0,2006.85,2032.71,407862,8290.65,24580, 240121, 58.87,-1.56
UBL, EQ, 27-Mar-2020,894.65,935.0,935.0,895.0, 905.40,905.15,902.55,1043742,9420.25,37874, 685920, 65.72,1.17
UBL, EQ, 27-Mar-2023,1436.75,1438.4,1444.15,1411.0, 1415.05,1413.9,1424.11,159926,2277.52,15938, 76811, 48.03,-1.59
UBL, EQ, 27-Mar-2024,1712.9,1705.0,1716.4,1688.05, 1700.00,1697.55,1703.37,270850,4613.57,14053, 168901, 62.36,-0.9
UBL, EQ, 27-Mar-2025,1931.15,1931.15,1987.9,1917.1,1984.1,1975.95,1970.83,240882,4747.38,17012, 149529, 62.08,2.32
UBL, EQ, 27-Apr-2020,880.75,880.75,912.6,878.05, 910.95,908.3,898.3,612422,5501.36,17991, 338402, 55.26,3.13
UBL, EQ, 27-Apr-2021,1143.25,1150.0,1167.2,1130.65,1165.0,1164.25,1150.25,576165,6627.32,16820, 203504, 35.32,1.84
UBL, EQ, 27-Apr-2022,1532.5,1539.95,1580.0,1495.15,1500.0,1506.4,1538.77,1602291,24655.58,76193, 346655, 21.63,-1.7
UBL, EQ, 27-Apr-2023,1447.6,1449.7,1457.5,1436.55, 1455.00,1454.7,1448.8,204463,2962.26,15737, 143580, 70.22,0.49
UBL, EQ, 27-May-2020,925.8,931.05,938.75,918.05,929.3,931.4,929.02,577578,5365.84,27727, 74762, 12.94,0.6
UBL, EQ, 27-May-2021,1299.15,1307.95,1315.0,1289.2, 1297.50,1298.65,1301.68,308976,4021.88,13758, 72077, 23.33,-0.04
UBL, EQ, 27-May-2022,1475.3,1465.0,1492.95,1460.55, 1476.90,1477.35,1473.52,220427,3248.05,7320, 116837, 53.00,0.14
UBL, EQ, 27-May-2024,1874.6,1874.65,1886.85,1857.15,1870.5,1867.35,1870.75,158725,2969.35,12524, 81573, 51.39,-0.39
UBL, EQ, 27-Jun-2022,1494.35,1510.0,1521.0,1478.8,1488.2,1494.85,1492.51,312354,4661.92,26861, 105401, 33.74,0.03
UBL, EQ, 27-Jun-2023,1496.25,1499.25,1507.7,1486.8, 1495.00,1498.75,1496.37,131504,1967.78,7276, 47603, 36.20,0.17
UBL, EQ, 27-Jun-2024,1964.1,1964.1,1999.65,1964.1,1982.0,1990.7,1982.5,186125,3689.93,26773, 68939, 37.04,1.35
UBL, EQ, 27-Jul-2020,998.35,1006.1,1006.1,975.5,981.0,982.2,989.17,596126,5896.67,10633, 349719, 58.67,-1.62
UBL, EQ, 27-Jul-2021,1436.15,1435.0,1449.0,1412.2, 1416.90,1421.35,1428.67,288080,4115.7,13042, 113495, 39.40,-1.03
UBL, EQ, 27-Jul-2022,1668.4,1670.0,1671.75,1597.05,1650.0,1638.35,1630.7,709603,11571.47,53662, 375267, 52.88,-1.8
UBL, EQ, 27-Jul-2023,1500.3,1515.0,1563.15,1498.55, 1554.50,1551.3,1536.57,777000,11939.11,48036, 420891, 54.17,3.4
UBL, EQ, 27-Aug-2020,1055.4,1059.0,1065.65,1041.2,1050.85,1045.15,1052.63,355751,3744.76,12511, 50614, 14.23,-0.97
UBL, EQ, 27-Aug-2021,1435.75,1436.0,1467.85,1433.0, 1444.25,1448.6,1452.08,309462,4493.64,16432, 52550, 16.98,0.9
UBL, EQ, 27-Aug-2024,2008.05,2010.0,2037.95,1998.55,2030.0,2031.7,2020.71,185861,3755.71,14488, 79752, 42.91,1.18
UBL, EQ, 27-Sep-2021,1605.85,1573.75,1594.15,1537.0, 1554.20,1555.55,1560.29,791098,12343.42,50053, 190720, 24.11,-3.13
UBL, EQ, 27-Sep-2022,1646.25,1647.15,1667.7,1630.1,1655.5,1652.4,1650.22,159356,2629.73,19350, 72682, 45.61,0.37
UBL, EQ, 27-Sep-2023,1578.45,1580.95,1584.25,1561.35, 1574.90,1578.0,1571.37,74923,1177.32,6247, 20525, 27.39,-0.03
UBL, EQ, 27-Sep-2024,2156.8,2173.0,2204.9,2152.05,2174.3,2180.9,2186.43,901729,19715.66,23322, 718963, 79.73,1.12
UBL, EQ, 27-Oct-2020,943.2,936.2,939.65,916.5, 917.10,918.85,925.67,1513097,14006.28,46485, 347043, 22.94,-2.58
UBL, EQ, 27-Oct-2021,1663.95,1665.0,1704.4,1648.8, 1701.90,1693.3,1686.19,571423,9635.29,25823, 145043, 25.38,1.76
UBL, EQ, 27-Oct-2022,1615.8,1624.9,1654.95,1601.3,1647.05,1645.45,1628.33,310794,5060.75,18114, 153625, 49.43,1.84
UBL, EQ, 27-Oct-2023,1570.75,1579.0,1615.0,1578.95,1614.45,1611.55,1604.95,152114,2441.36,8923, 63778, 41.93,2.6
UBL, EQ, 27-Nov-2020,1045.75,1046.0,1057.7,1026.5,1030.0,1038.95,1037.66,628142,6517.96,23690, 233712, 37.21,-0.65
UBL, EQ, 27-Nov-2024,1903.25,1911.6,1942.55,1881.0,1925.0,1926.1,1913.84,136934,2620.7,18139, 55613, 40.61,1.2
UBL, EQ, 27-Dec-2021,1568.75,1562.5,1562.95,1505.0, 1531.00,1534.1,1529.96,581054,8889.88,33464, 76947, 13.24,-2.21
UBL, EQ, 27-Dec-2022,1703.4,1703.4,1718.75,1693.85,1700.5,1703.3,1701.96,109141,1857.53,8614, 47850, 43.84,-0.01
UBL, EQ, 27-Dec-2023,1708.95,1719.5,1720.05,1692.25, 1692.25,1707.45,1706.62,147871,2523.6,12227, 63165, 42.72,-0.09
UBL, EQ, 27-Dec-2024,2015.1,2015.1,2047.0,2012.8,2031.85,2030.15,2032.72,154132,3133.08,12752, 86755, 56.29,0.75
UBL, EQ, 28-Jan-2020,1261.25,1267.5,1300.5,1262.0, 1270.05,1276.6,1282.41,776280,9955.11,22261, 243134, 31.32,1.22
UBL, EQ, 28-Jan-2021,1301.3,1300.0,1318.9,1274.5, 1285.00,1283.75,1292.15,1535532,19841.39,44867, 336700, 21.93,-1.35
UBL, EQ, 28-Jan-2022,1507.2,1516.25,1575.0,1516.05, 1554.00,1549.85,1548.9,352731,5463.46,20584, 41694, 11.82,2.83
UBL, EQ, 28-Jan-2025,2024.4,2020.0,2070.0,1986.3,2025.6,2030.45,2015.29,155791,3139.64,17812, 29656, 19.04,0.3
UBL, EQ, 28-Feb-2020,1249.75,1230.75,1260.5,1211.05, 1245.00,1245.65,1236.41,691418,8548.75,22199, 336191, 48.62,-0.33
UBL, EQ, 28-Feb-2022,1501.6,1484.75,1517.6,1460.25, 1494.10,1500.95,1481.43,521052,7719.0,19571, 314828, 60.42,-0.04
UBL, EQ, 28-Feb-2023,1434.75,1437.95,1462.0,1433.0, 1445.00,1446.9,1450.31,230334,3340.56,22260, 105953, 46.00,0.85
UBL, EQ, 28-Feb-2024,1688.5,1693.95,1699.7,1647.25,1660.0,1661.2,1679.91,94333,1584.71,7129, 29339, 31.10,-1.62
UBL, EQ, 28-Feb-2025,2006.85,1971.55,1979.6,1919.0,1948.0,1946.15,1947.86,144303,2810.82,20608, 72150, 50.00,-3.02
UBL, EQ, 28-Mar-2022,1449.1,1444.0,1455.0,1411.15, 1411.15,1416.75,1425.86,339026,4834.04,15166, 225428, 66.49,-2.23
UBL, EQ, 28-Mar-2023,1413.9,1410.0,1416.2,1398.0, 1410.00,1406.7,1405.61,529957,7449.1,30731, 377592, 71.25,-0.51
UBL, EQ, 28-Mar-2024,1697.55,1693.05,1744.6,1688.7,1742.0,1735.95,1718.23,144921,2490.07,11954, 42876, 29.59,2.26
UBL, EQ, 28-Mar-2025,1975.95,1986.95,2027.4,1984.35,2000.0,1999.25,2005.48,86344,1731.61,12434, 30091, 34.85,1.18
UBL, EQ, 28-Apr-2020,908.3,915.0,937.15,900.0, 933.90,931.0,925.83,782294,7242.71,27291, 397830, 50.85,2.5
UBL, EQ, 28-Apr-2021,1164.25,1185.0,1219.0,1170.25, 1198.50,1206.65,1199.68,1170393,14041.01,47922, 187596, 16.03,3.64
UBL, EQ, 28-Apr-2022,1506.4,1522.95,1578.95,1500.8, 1577.00,1570.1,1548.42,722339,11184.86,38516, 138991, 19.24,4.23
UBL, EQ, 28-Apr-2023,1454.7,1454.7,1482.8,1450.05, 1476.15,1479.5,1467.48,219198,3216.7,31074, 107969, 49.26,1.7
UBL, EQ, 28-May-2020,931.4,926.15,963.9,925.0,946.0,943.1,947.85,1078697,10224.39,36433, 287217, 26.63,1.26
UBL, EQ, 28-May-2021,1298.65,1299.0,1304.45,1253.75,1267.0,1275.8,1274.19,782063,9964.93,25042, 141340, 18.07,-1.76
UBL, EQ, 28-May-2024,1867.35,1871.1,1885.0,1848.45,1874.0,1867.3,1869.19,132590,2478.35,15773, 44944, 33.90,-0.0
UBL, EQ, 28-Jun-2021,1381.7,1381.7,1439.95,1381.3, 1432.00,1429.75,1419.93,1864170,26469.95,48170, 713995, 38.30,3.48
UBL, EQ, 28-Jun-2022,1494.85,1485.1,1493.1,1448.15, 1455.45,1461.45,1458.59,321724,4692.63,23429, 126063, 39.18,-2.23
UBL, EQ, 28-Jun-2024,1990.7,1995.0,2004.95,1975.55,1983.0,1986.05,1991.78,108371,2158.52,11575, 37953, 35.02,-0.23
UBL, EQ, 28-Jul-2020,982.2,982.25,990.0,967.45,969.0,970.05,975.67,257409,2511.47,7716, 85602, 33.26,-1.24
UBL, EQ, 28-Jul-2021,1421.35,1427.0,1456.05,1400.15,1440.25,1443.55,1429.0,538338,7692.85,20363, 160197, 29.76,1.56
UBL, EQ, 28-Jul-2022,1638.35,1660.45,1687.4,1599.35, 1627.00,1618.4,1635.31,623303,10192.96,28477, 197174, 31.63,-1.22
UBL, EQ, 28-Jul-2023,1551.3,1558.75,1574.25,1543.55, 1570.95,1570.4,1562.62,354009,5531.81,18123, 90789, 25.65,1.23
UBL, EQ, 28-Aug-2020,1045.15,1049.95,1061.4,1032.15, 1040.30,1041.05,1046.73,413674,4330.06,16665, 84218, 20.36,-0.39
UBL, EQ, 28-Aug-2023,1514.9,1516.0,1524.7,1505.0, 1516.00,1518.8,1515.54,67466,1022.48,6410, 23304, 34.54,0.26
UBL, EQ, 28-Aug-2024,2031.7,2031.0,2041.0,2026.3,2031.0,2030.2,2030.5,290995,5908.67,14117, 202043, 69.43,-0.07
UBL, EQ, 28-Sep-2020,952.15,961.65,975.0,950.0,968.35,969.6,960.87,409882,3938.43,15987,94982,23.17,1.83
UBL, EQ, 28-Sep-2021,1555.55,1559.0,1580.0,1548.95, 1567.00,1564.7,1563.0,514427,8040.48,18751, 207335, 40.30,0.59
UBL, EQ, 28-Sep-2022,1652.4,1650.45,1696.25,1643.7,1687.5,1687.2,1674.86,167468,2804.85,9868, 44528, 26.59,2.11
UBL, EQ, 28-Sep-2023,1578.0,1575.05,1592.0,1535.1, 1545.00,1540.2,1561.06,253045,3950.2,10869, 98538, 38.94,-2.4
UBL, EQ, 28-Oct-2020,918.85,915.0,924.5,902.0, 903.45,907.4,911.99,1017869,9282.87,29599, 446666, 43.88,-1.25
UBL, EQ, 28-Oct-2021,1693.3,1690.0,1690.0,1556.55, 1630.00,1630.95,1608.61,1531715,24639.38,67131, 328812, 21.47,-3.68
UBL, EQ, 28-Oct-2022,1645.45,1648.75,1671.45,1640.1,1647.05,1653.45,1658.95,255192,4233.52,14226, 149227, 58.48,0.49
UBL, EQ, 28-Oct-2024,1983.6,1970.0,1971.5,1905.25,1944.9,1929.45,1940.5,265451,5151.07,31961, 114407, 43.10,-2.73
UBL, EQ, 28-Nov-2022,1656.1,1660.0,1685.0,1650.0, 1676.00,1678.2,1668.89,125361,2092.14,8318, 38391, 30.62,1.33
UBL, EQ, 28-Nov-2023,1584.1,1589.95,1623.05,1581.0, 1610.00,1612.35,1607.5,314501,5055.6,13579, 184833, 58.77,1.78
UBL, EQ, 28-Nov-2024,1926.1,1934.9,1955.85,1921.6,1930.15,1933.35,1937.36,301005,5831.56,37597, 144147, 47.89,0.38
UBL, EQ, 28-Dec-2020,1126.4,1132.35,1168.8,1129.1,1166.3,1163.8,1151.09,817294,9407.76,23079, 264009, 32.30,3.32
UBL, EQ, 28-Dec-2021,1534.1,1538.0,1552.9,1520.65,1547.6,1547.2,1535.79,285196,4380.01,22309, 90458, 31.72,0.85
UBL, EQ, 28-Dec-2022,1703.3,1703.0,1710.9,1687.0, 1705.60,1702.6,1700.46,151215,2571.35,7324, 84535, 55.90,-0.04
UBL, EQ, 28-Dec-2023,1707.45,1717.0,1777.0,1705.55, 1750.00,1751.25,1749.25,485581,8494.03,30813, 196156, 40.40,2.57
UBL, EQ, 29-Jan-2020,1276.6,1279.9,1297.0,1270.0, 1272.00,1274.05,1281.37,320076,4101.37,19312, 119107, 37.21,-0.2
UBL, EQ, 29-Jan-2021,1283.75,1270.0,1318.0,1270.0, 1300.00,1299.7,1296.88,1154744,14975.62,27700, 295785, 25.61,1.24
UBL, EQ, 29-Jan-2024,1842.25,1851.0,1851.0,1795.95, 1801.00,1801.7,1813.14,219353,3977.17,28695, 110995, 50.60,-2.2
UBL, EQ, 29-Jan-2025,2030.45,2030.0,2081.5,2027.05,2074.25,2073.2,2061.6,118239,2437.61,12491, 24446, 20.68,2.11
UBL, EQ, 29-Feb-2024,1661.2,1661.2,1706.75,1650.0, 1700.00,1697.2,1680.4,137645,2312.99,12186, 38019, 27.62,2.17
UBL, EQ, 29-Mar-2022,1416.75,1430.0,1430.0,1399.6, 1400.00,1407.45,1414.29,276278,3907.37,12454, 131611, 47.64,-0.66
UBL, EQ, 29-Mar-2023,1406.7,1406.95,1422.85,1402.0, 1409.40,1406.7,1408.38,343617,4839.42,18481, 253263, 73.71,0.0
UBL, EQ, 29-Apr-2020,931.0,943.0,967.85,931.0,949.0,943.85,955.65,899761,8598.57,47274, 161738, 17.98,1.38
UBL, EQ, 29-Apr-2021,1206.65,1215.0,1219.95,1182.0, 1205.50,1196.7,1197.17,378949,4536.68,11747, 133053, 35.11,-0.82
UBL, EQ, 29-Apr-2022,1570.1,1577.0,1615.0,1571.0,1589.55,1585.9,1595.96,626891,10004.95,29856, 129614, 20.68,1.01
UBL, EQ, 29-Apr-2024,2045.55,2057.15,2074.0,2018.65, 2033.55,2038.25,2047.6,332961,6817.72,29075, 123096, 36.97,-0.36
UBL, EQ, 29-May-2020,943.1,946.0,966.9,938.15, 954.00,957.0,951.24,844744,8035.51,33531, 228792, 27.08,1.47
UBL, EQ, 29-May-2023,1459.8,1460.0,1467.75,1451.85, 1455.00,1457.85,1459.55,253187,3695.38,8148, 185018, 73.08,-0.13
UBL, EQ, 29-May-2024,1867.3,1865.05,1883.0,1851.6,1869.95,1877.75,1870.98,177400,3319.11,18625, 84777, 47.79,0.56
UBL, EQ, 29-Jun-2020,1017.95,1018.85,1025.0,1000.4, 1010.00,1005.8,1008.33,558180,5628.29,17137, 190230, 34.08,-1.19
UBL, EQ, 29-Jun-2021,1429.75,1430.3,1457.15,1420.0, 1451.50,1449.25,1446.93,1645261,23805.76,42116, 727019, 44.19,1.36
UBL, EQ, 29-Jun-2022,1461.45,1450.7,1455.85,1428.75, 1428.75,1434.4,1441.06,242836,3499.42,24916, 94481, 38.91,-1.85
UBL, EQ, 28-Jun-2023,1498.75,1505.0,1508.7,1490.6, 1506.00,1505.15,1497.54,494524,7405.69,11753, 409590, 82.83,0.43
UBL, EQ, 29-Jul-2020,970.05,968.0,968.0,942.15, 960.05,960.9,955.44,955253,9126.89,39037, 210609, 22.05,-0.94
UBL, EQ, 29-Jul-2021,1443.55,1460.6,1470.0,1409.0,1415.0,1418.35,1426.75,1011279,14428.41,35898, 252417, 24.96,-1.75
UBL, EQ, 29-Jul-2022,1618.4,1631.15,1654.9,1616.3,1627.0,1622.45,1635.31,142362,2328.06,9055, 50169, 35.24,0.25
UBL, EQ, 29-Jul-2024,2037.0,2044.0,2046.75,1968.0,2001.0,1996.3,1996.56,664660,13270.34,37570, 292370, 43.99,-2.0
UBL, EQ, 29-Aug-2022,1615.5,1599.55,1623.2,1589.95, 1618.80,1608.0,1612.63,284532,4588.45,9303, 181907, 63.93,-0.46
UBL, EQ, 29-Aug-2023,1518.8,1527.0,1532.15,1516.0, 1529.00,1526.65,1523.5,119631,1822.57,6942, 59718, 49.92,0.52
UBL, EQ, 29-Aug-2024,2030.2,2034.0,2052.95,2017.15,2032.4,2034.55,2035.61,288803,5878.89,20125, 148565, 51.44,0.21
UBL, EQ, 29-Sep-2020,969.6,975.0,986.5,946.25,951.2,954.25,959.31,487655,4678.14,16368, 103837, 21.29,-1.58
UBL, EQ, 29-Sep-2021,1564.7,1557.1,1588.45,1540.35, 1560.00,1557.05,1564.58,1053883,16488.89,34452, 598032, 56.75,-0.49
UBL, EQ, 29-Sep-2022,1687.2,1699.0,1717.0,1665.9,1701.4,1699.7,1695.62,263550,4468.81,14452, 50799, 19.27,0.74
UBL, EQ, 29-Sep-2023,1540.2,1555.0,1563.8,1538.25, 1563.40,1557.0,1549.46,119365,1849.51,6615, 58051, 48.63,1.09
UBL, EQ, 29-Oct-2020,907.4,903.0,912.05,897.0,911.9,908.4,905.55,504926,4572.37,12738, 152216, 30.15,0.11
UBL, EQ, 29-Oct-2021,1630.95,1624.0,1705.75,1600.0, 1654.50,1658.55,1661.87,651742,10831.08,36009, 92010, 14.12,1.69
UBL, EQ, 29-Oct-2024,1929.45,1931.3,1936.3,1896.0,1930.0,1931.05,1921.39,234692,4509.34,18159, 125514, 53.48,0.08
UBL, EQ, 29-Nov-2021,1501.75,1499.9,1512.9,1443.0, 1509.00,1503.9,1493.71,742500,11090.8,40429, 233556, 31.46,0.14
UBL, EQ, 29-Nov-2022,1678.2,1685.95,1718.0,1672.25,1680.0,1680.15,1695.92,415385,7044.61,21815, 174814, 42.08,0.12
UBL, EQ, 29-Nov-2023,1612.35,1613.2,1653.75,1609.85, 1645.00,1647.45,1636.25,311376,5094.88,20602, 103713, 33.31,2.18
UBL, EQ, 29-Nov-2024,1933.35,1934.7,1957.0,1929.05,1950.0,1950.5,1945.81,131271,2554.29,17338, 42305, 32.23,0.89
UBL, EQ, 29-Dec-2020,1163.8,1173.0,1182.0,1141.2,1148.8,1147.2,1163.26,695960,8095.84,28936, 89133, 12.81,-1.43
UBL, EQ, 29-Dec-2021,1547.2,1535.0,1577.0,1535.0, 1572.55,1569.05,1563.96,234464,3666.93,14148, 37124, 15.83,1.41
UBL, EQ, 29-Dec-2022,1702.6,1696.85,1714.0,1668.1, 1704.90,1694.05,1678.62,246495,4137.71,7792, 147208, 59.72,-0.5
UBL, EQ, 29-Dec-2023,1751.25,1761.4,1789.0,1737.4, 1789.00,1785.15,1770.48,551866,9770.7,29692, 176567, 31.99,1.94
UBL, EQ, 30-Jan-2020,1274.05,1279.8,1280.4,1250.5, 1259.00,1256.05,1263.57,238333,3011.5,12239, 54511, 22.87,-1.41
UBL, EQ, 30-Jan-2023,1542.7,1550.8,1580.0,1536.85, 1573.80,1574.75,1570.87,160956,2528.41,17066, 79865, 49.62,2.08
UBL, EQ, 30-Jan-2024,1801.7,1806.3,1820.0,1792.7, 1796.05,1795.3,1806.79,45370,819.74,4621, 12177, 26.84,-0.36
UBL, EQ, 30-Jan-2025,2073.2,2073.25,2139.75,2064.65,2139.75,2124.4,2105.78,238369,5019.53,15575, 74536, 31.27,2.47
UBL, EQ, 30-Mar-2020,905.15,905.0,921.8,870.05, 910.60,906.1,904.88,358204,3241.33,14794, 178940, 49.95,0.1
UBL, EQ, 30-Mar-2021,1236.3,1253.0,1257.05,1221.8,1226.1,1227.4,1233.99,169608,2092.95,8657, 59875, 35.30,-0.72
UBL, EQ, 30-Mar-2022,1407.45,1415.95,1466.4,1380.0, 1458.20,1455.5,1426.61,532213,7592.6,28093, 246437, 46.30,3.41
UBL, EQ, 30-Apr-2020,943.85,961.0,961.0,925.1,940.0,938.6,945.69,499712,4725.75,17514, 146306, 29.28,-0.56
UBL, EQ, 30-Apr-2021,1196.7,1192.7,1231.55,1190.0,1215.0,1211.9,1218.34,532896,6492.46,20870, 124006, 23.27,1.27
UBL, EQ, 30-Apr-2024,2038.25,2043.25,2055.35,2026.4, 2027.45,2037.9,2044.12,359413,7346.84,25066, 220654, 61.39,-0.02
UBL, EQ, 30-May-2022,1477.35,1480.25,1542.0,1480.25, 1538.50,1539.2,1523.82,233339,3555.67,11479, 45659, 19.57,4.19
UBL, EQ, 30-May-2023,1457.85,1460.05,1465.0,1448.15, 1449.70,1450.05,1453.97,68948,1002.49,6538, 35146, 50.97,-0.54
UBL, EQ, 30-May-2024,1877.75,1860.1,1870.0,1830.1,1851.85,1840.85,1841.17,171464,3156.94,13626, 80937, 47.20,-1.97
UBL, EQ, 30-Jun-2020,1005.8,1008.0,1046.5,1008.0, 1037.05,1037.75,1033.64,837326,8654.92,37118, 236420, 28.24,3.18
UBL, EQ, 30-Jun-2021,1449.25,1456.9,1468.1,1433.25, 1433.30,1446.3,1456.7,912790,13296.66,16870, 464690, 50.91,-0.2
UBL, EQ, 30-Jun-2022,1434.4,1434.95,1462.85,1425.4,1450.0,1452.8,1449.79,227042,3291.64,22643, 79380, 34.96,1.28
UBL, EQ, 30-Jun-2023,1505.15,1512.0,1521.95,1504.0, 1507.20,1511.95,1512.31,206940,3129.58,10373, 113978, 55.08,0.45
UBL, EQ, 30-Jul-2020,960.9,967.2,995.45,956.0, 957.00,965.05,974.35,587176,5721.15,16761, 134666, 22.93,0.43
UBL, EQ, 30-Jul-2021,1418.35,1421.9,1452.0,1418.4, 1427.35,1428.6,1432.99,342615,4909.64,15676, 71755, 20.94,0.72
UBL, EQ, 30-Jul-2024,1996.3,2004.9,2025.0,1991.0,2025.0,2015.85,2004.34,541364,10850.76,24132, 408701, 75.49,0.98
UBL, EQ, 30-Aug-2021,1448.6,1452.0,1483.9,1451.5, 1471.90,1469.15,1468.86,293670,4313.61,19851, 98640, 33.59,1.42
UBL, EQ, 30-Aug-2022,1608.0,1610.0,1652.0,1610.0, 1649.60,1641.65,1641.41,255263,4189.9,19368, 148741, 58.27,2.09
UBL, EQ, 30-Aug-2023,1526.65,1534.0,1544.45,1528.45, 1535.35,1533.6,1535.17,155964,2394.32,9365, 77458, 49.66,0.46
UBL, EQ, 30-Aug-2024,2034.55,2035.0,2085.0,2028.55,2050.0,2050.45,2057.44,650616,13386.02,30292, 320922, 49.33,0.78
UBL, EQ, 30-Sep-2020,954.25,958.0,966.25,943.15,964.0,956.3,954.98,545184,5206.37,15737, 156521, 28.71,0.21
UBL, EQ, 30-Sep-2021,1557.05,1559.0,1610.0,1553.7, 1576.70,1571.5,1586.1,828156,13135.37,36515, 187754, 22.67,0.93
UBL, EQ, 30-Sep-2022,1699.7,1699.7,1712.55,1675.0, 1700.05,1706.9,1698.14,196223,3332.14,13427, 99902, 50.91,0.42
UBL, EQ, 30-Sep-2024,2180.9,2180.0,2196.15,2168.0,2170.0,2175.45,2179.62,138230,3012.89,16122, 65621, 47.47,-0.25
UBL, EQ, 30-Oct-2020,908.4,913.8,932.0,906.1, 926.00,926.2,922.61,829503,7653.06,25105, 195549, 23.57,1.96
UBL, EQ, 30-Oct-2023,1611.55,1607.0,1615.0,1590.6, 1608.80,1609.15,1603.63,222473,3567.65,13611, 105728, 47.52,-0.15
UBL, EQ, 30-Oct-2024,1931.05,1935.0,1944.75,1914.05,1927.95,1929.3,1930.55,178661,3449.15,20743, 104152, 58.30,-0.09
UBL, EQ, 30-Nov-2021,1503.9,1505.4,1537.2,1500.0,1501.0,1504.35,1515.99,425253,6446.81,24198, 183422, 43.13,0.03
UBL, EQ, 30-Nov-2022,1680.15,1688.55,1701.6,1671.55,1695.0,1686.1,1685.92,231120,3896.51,15296, 101180, 43.78,0.35
UBL, EQ, 30-Nov-2023,1647.45,1657.9,1660.8,1638.5, 1645.00,1646.8,1650.58,175094,2890.06,13571, 73799, 42.15,-0.04
UBL, EQ, 30-Dec-2020,1147.2,1157.0,1168.8,1145.0,1159.0,1159.9,1157.96,696591,8066.24,30033, 225032, 32.30,1.11
UBL, EQ, 30-Dec-2021,1569.05,1571.0,1577.45,1543.7, 1550.95,1547.7,1562.11,154594,2414.92,12553, 41263, 26.69,-1.36
UBL, EQ, 30-Dec-2022,1694.05,1703.4,1718.8,1692.8,1694.5,1699.8,1706.53,143971,2456.91,6029, 67612, 46.96,0.34
UBL, EQ, 30-Dec-2024,2030.15,2035.0,2051.95,2018.5,2041.0,2035.4,2036.64,56673,1154.23,10981, 17515, 30.91,0.26
UBL, EQ, 31-Jan-2020,1256.05,1263.9,1291.5,1258.05, 1260.40,1264.0,1278.27,317811,4062.47,12591, 85011, 26.75,0.63
UBL, EQ, 31-Jan-2022,1549.85,1550.05,1658.95,1550.05,1619.95,1619.2,1631.51,959716,15657.85,56017, 153548, 16.00,4.47
UBL, EQ, 31-Jan-2023,1574.75,1567.05,1595.6,1561.85,1593.85,1592.15,1580.56,85688,1354.35,8407, 44529, 51.97,1.1
UBL, EQ, 31-Jan-2024,1795.3,1804.95,1812.0,1794.05, 1810.75,1808.1,1806.47,90597,1636.61,14252, 42061, 46.43,0.71
UBL, EQ, 31-Jan-2025,2124.4,2124.4,2164.65,2115.7,2147.6,2146.0,2138.78,234243,5009.94,23594, 55953, 23.89,1.02
UBL, EQ, 31-Mar-2020,906.1,916.1,931.35,899.15,917.45,918.85,914.51,164142,1501.1,10494, 38534, 23.48,1.41
UBL, EQ, 31-Mar-2021,1227.4,1228.0,1251.45,1222.75, 1234.00,1241.45,1242.22,128319,1594.0,6255, 31765, 24.75,1.14
UBL, EQ, 31-Mar-2022,1455.5,1460.0,1500.0,1440.7, 1497.00,1489.55,1474.78,358730,5290.48,29379, 138372, 38.57,2.34
UBL, EQ, 31-Mar-2023,1406.7,1418.3,1431.25,1415.0, 1422.00,1424.45,1425.13,203026,2893.37,16404, 116169, 57.22,1.26
UBL, EQ, 31-May-2021,1275.8,1265.8,1269.0,1245.8, 1252.00,1253.35,1255.83,551702,6928.46,28772, 272169, 49.33,-1.76
UBL, EQ, 31-May-2022,1539.2,1542.5,1550.0,1523.85, 1540.00,1542.4,1536.96,105532,1621.99,5780, 31214, 29.58,0.21
UBL, EQ, 31-May-2023,1450.05,1448.0,1461.0,1444.85, 1450.00,1454.7,1454.29,110787,1611.16,10500, 53486, 48.28,0.32
UBL, EQ, 31-May-2024,1840.85,1852.0,1876.8,1840.55,1860.0,1860.4,1859.42,205198,3815.49,15868, 110086, 53.65,1.06
UBL, EQ, 31-Jul-2020,965.05,970.0,972.9,948.15,956.05,951.65,956.36,563284,5387.05,14636, 285213, 50.63,-1.39
UBL, EQ, 31-Jul-2023,1570.4,1550.0,1563.65,1524.0, 1539.10,1540.25,1541.43,511889,7890.41,24070, 135144, 26.40,-1.92
UBL, EQ, 31-Jul-2024,2015.85,2028.5,2028.5,1995.05,2016.75,2015.0,2012.08,452567,9105.99,31636, 322043, 71.16,-0.04
UBL, EQ, 31-Aug-2020,1041.05,1045.0,1056.0,1004.4, 1015.50,1010.65,1037.0,567965,5889.79,15701, 77646, 13.67,-2.92
UBL, EQ, 31-Aug-2021,1469.15,1471.0,1491.0,1469.75,1473.45,1475.0,1479.83,347346,5140.12,14906, 118370, 34.08,0.4
UBL, EQ, 31-Aug-2023,1533.6,1536.9,1536.9,1512.0, 1515.55,1516.6,1522.07,63549,967.26,4158, 17479, 27.50,-1.11
UBL, EQ, 31-Oct-2022,1653.45,1657.0,1660.3,1631.05,1651.0,1652.85,1647.74,193635,3190.6,11969, 93169, 48.12,-0.04
UBL, EQ, 31-Oct-2023,1609.15,1603.0,1631.2,1603.0, 1616.95,1615.15,1616.54,102136,1651.07,6568, 34124, 33.41,0.37
UBL, EQ, 31-Oct-2024,1929.3,1930.0,1939.95,1901.9,1920.05,1921.55,1913.7,279005,5339.31,25914, 150638, 53.99,-0.4
UBL, EQ, 31-Dec-2020,1159.9,1170.0,1195.0,1158.05,1186.35,1186.35,1177.79,916456,10793.9,28550, 206245, 22.50,2.28
UBL, EQ, 31-Dec-2021,1547.7,1547.7,1591.95,1547.45,1585.0,1586.05,1577.0,221330,3490.38,8951, 83260, 37.62,2.48
UBL, EQ, 31-Dec-2024,2035.4,2035.4,2047.75,2025.6,2040.0,2037.0,2037.04,121138,2467.63,12751, 28842, 23.81,0.08
