SYMBOL, SERIES, DATE1, PREV_CLOSE, OPEN_PRICE, HIGH_PRICE, LOW_PRICE, LAST_PRICE, CLOSE_PRICE, AVG_PRICE, TTL_TRD_QNTY, TURNOVER_LACS, NO_OF_TRADES, DELIV_QTY, DELIV_PER,PER_CHANGE
UCOBANK, EQ, 01-Jan-2020,16.7,16.9,17.1,16.65, 16.65,16.65,16.8,767454,128.92,1942, 265069, 34.54,-0.3
UCOBANK, EQ, 01-Jan-2021,12.7,12.8,13.3,12.75, 13.20,13.2,13.06,4362019,569.7,12685, 2034190, 46.63,3.94
UCOBANK, EQ, 01-Jan-2024,39.75,39.85,40.35,39.6, 39.90,40.0,40.01,8350081,3340.79,22863, 2525205, 30.24,0.63
UCOBANK, EQ, 01-Jan-2025,43.87,43.6,44.1,43.43,43.96,43.86,43.85,2797343,1226.62,13040, 889427, 31.80,-0.02
UCOBANK, EQ, 01-Feb-2021,12.85,13.0,13.15,12.9, 13.00,13.0,13.03,4810144,626.65,11102, 1588171, 33.02,1.17
UCOBANK, EQ, 01-Feb-2022,13.6,14.0,14.2,13.45,13.55,13.55,13.79,13459587,1856.46,25763, 5587913, 41.52,-0.37
UCOBANK, EQ, 01-Feb-2023,29.65,30.2,30.5,26.9, 28.90,28.65,29.15,23084638,6729.93,39989, 4245086, 18.39,-3.37
UCOBANK, EQ, 01-Feb-2024,46.5,47.2,49.85,46.25, 49.05,48.9,48.05,96347496,46296.05,115660, 17832942, 18.51,5.16
UCOBANK, EQ, 01-Mar-2021,13.9,14.0,14.25,13.55, 13.80,13.75,13.85,5424526,751.08,14999, 2625187, 48.39,-1.08
UCOBANK, EQ, 01-Mar-2023,25.9,26.0,26.5,25.75, 26.25,26.2,26.19,11840312,3101.38,29545, 2034947, 17.19,1.16
UCOBANK, EQ, 01-Mar-2024,56.7,56.95,58.9,56.7, 57.95,58.1,57.78,17607355,10172.86,30576, 4374572, 24.85,2.47
UCOBANK, EQ, 01-Apr-2020,9.05,9.15,9.2,8.8,9.2,9.15,9.06,376281,34.08,1430, 195462, 51.95,1.1
UCOBANK, EQ, 01-Apr-2021,11.0,11.4,11.5,11.15, 11.45,11.45,11.35,10635549,1206.63,21899, 4452953, 41.87,4.09
UCOBANK, EQ, 01-Apr-2022,11.85,11.9,12.2,11.9, 12.20,12.15,12.08,3086655,372.96,13542, 1492139, 48.34,2.53
UCOBANK, EQ, 01-Apr-2024,52.2,52.65,55.4,52.45, 55.20,55.15,54.24,20149810,10928.55,32594, 5721598, 28.40,5.65
UCOBANK, EQ, 01-Apr-2025,35.7,34.27,34.27,30.85,31.2,31.2,32.15,43855897,14101.28,89266, 24422820, 55.69,-12.61
UCOBANK, EQ, 01-Jun-2020,10.95,11.0,12.0,11.0, 11.70,11.7,11.59,2575000,298.49,5692, 951491, 36.95,6.85
UCOBANK, EQ, 01-Jun-2021,13.6,13.6,13.75,13.0, 13.25,13.2,13.27,12906744,1712.67,19889, 3510831, 27.20,-2.94
UCOBANK, EQ, 01-Jun-2022,11.6,11.6,11.65,11.5,11.65,11.55,11.58,797336,92.3,21599, 307228, 38.53,-0.43
UCOBANK, EQ, 01-Jun-2023,26.3,26.3,28.3,26.2, 27.75,27.8,27.53,30098125,8285.12,46230, 7888831, 26.21,5.7
UCOBANK, EQ, 01-Jul-2020,14.85,14.45,15.45,14.25, 15.05,15.05,14.83,6712141,995.68,16872, 2613665, 38.94,1.35
UCOBANK, EQ, 01-Jul-2021,15.2,15.3,15.5,15.1, 15.10,15.15,15.28,12174388,1860.53,19190, 4017309, 33.00,-0.33
UCOBANK, EQ, 01-Jul-2022,10.95,11.0,11.2,10.75,11.05,11.05,10.98,1157345,127.12,20519, 312608, 27.01,0.91
UCOBANK, EQ, 01-Jul-2024,54.78,55.0,57.52,54.3,54.6,54.66,55.29,13845823,7654.92,38158, 2824997, 20.40,-0.22
UCOBANK, EQ, 01-Aug-2022,11.3,11.35,11.7,11.3, 11.55,11.55,11.52,2293672,264.28,21861, 1085162, 47.31,2.21
UCOBANK, EQ, 01-Aug-2023,28.25,28.45,28.9,27.95, 28.30,28.25,28.48,11977301,3411.3,26789, 4592907, 38.35,0.0
UCOBANK, EQ, 01-Aug-2024,56.26,56.5,57.34,55.29,55.67,55.54,56.28,8569531,4823.26,29917, 2694326, 31.44,-1.28
UCOBANK, EQ, 01-Sep-2020,13.65,13.65,14.0,13.35, 13.55,13.5,13.54,1782168,241.32,3633, 858689, 48.18,-1.1
UCOBANK, EQ, 01-Sep-2021,12.8,12.8,13.0,12.75,12.8,12.8,12.87,2290275,294.66,21961, 994842, 43.44,0.0
UCOBANK, EQ, 01-Sep-2022,12.0,11.95,12.2,11.9,12.0,12.0,12.02,2625641,315.72,19314, 1134931, 43.22,0.0
UCOBANK, EQ, 01-Sep-2023,31.15,31.2,31.5,30.3, 31.25,31.2,31.04,16703184,5184.96,19162, 5076614, 30.39,0.16
UCOBANK, EQ, 01-Oct-2020,12.15,12.2,12.5,12.15, 12.20,12.2,12.24,625841,76.62,1451, 328351, 52.47,0.41
UCOBANK, EQ, 01-Oct-2021,13.65,13.55,13.7,13.4, 13.65,13.65,13.58,6933316,941.55,15577, 1623684, 23.42,0.0
UCOBANK, EQ, 01-Oct-2024,48.24,48.2,48.54,48.0,48.11,48.08,48.22,2294537,1106.41,13864, 892442, 38.89,-0.33
UCOBANK, EQ, 01-Nov-2021,14.4,14.5,14.55,14.3, 14.35,14.35,14.43,4264492,615.18,15558, 1675733, 39.30,-0.35
UCOBANK, EQ, 01-Nov-2022,13.2,13.3,13.45,13.1,13.2,13.2,13.29,5970798,793.47,19347, 2234056, 37.42,0.0
UCOBANK, EQ, 01-Nov-2023,37.1,37.1,37.6,36.7, 37.50,37.45,37.23,18838432,7012.65,24195, 2234822, 11.86,0.94
UCOBANK, EQ, 01-Dec-2020,12.35,12.45,12.6,12.3,12.4,12.4,12.45,2511599,312.64,3040, 963061, 38.34,0.4
UCOBANK, EQ, 01-Dec-2021,12.95,13.05,13.15,12.9,13.1,13.0,13.01,1638253,213.14,12908, 727576, 44.41,0.39
UCOBANK, EQ, 01-Dec-2022,19.8,19.8,20.55,19.25,20.5,20.3,19.82,26965655,5343.34,33807, 9215551, 34.18,2.53
UCOBANK, EQ, 01-Dec-2023,37.85,37.75,39.15,37.6, 37.90,38.0,38.38,15091770,5792.02,26023, 4194528, 27.79,0.4
UCOBANK, EQ, 02-Jan-2020,16.65,16.7,17.05,16.55, 16.80,16.8,16.82,930371,156.45,2815, 420138, 45.16,0.9
UCOBANK, EQ, 02-Jan-2023,31.5,31.8,32.05,31.15, 31.45,31.35,31.52,29856497,9411.46,49956, 5801120, 19.43,-0.48
UCOBANK, EQ, 02-Jan-2024,40.0,40.05,40.75,39.65, 40.10,39.85,40.02,11186544,4476.96,24494, 2889068, 25.83,-0.37
UCOBANK, EQ, 02-Jan-2025,43.86,43.96,44.62,43.21,44.14,44.08,43.92,4603742,2021.8,18930, 897501, 19.50,0.5
UCOBANK, EQ, 02-Feb-2021,13.0,13.15,13.3,13.0, 13.05,13.05,13.14,3206175,421.45,4000, 1279642, 39.91,0.38
UCOBANK, EQ, 02-Feb-2022,13.55,13.6,13.95,13.6, 13.75,13.8,13.78,8853755,1220.44,18263, 4073148, 46.00,1.85
UCOBANK, EQ, 02-Feb-2023,28.65,28.55,29.1,27.7, 28.15,28.05,28.39,18494674,5250.31,35858, 2637527, 14.26,-2.09
UCOBANK, EQ, 02-Feb-2024,48.9,49.9,51.6,48.7, 50.40,50.55,50.21,112088186,56276.56,130071, 27149283, 24.22,3.37
UCOBANK, EQ, 02-Mar-2020,12.35,12.55,13.0,12.25, 12.50,12.4,12.61,452562,57.05,1721, 251637, 55.60,0.4
UCOBANK, EQ, 02-Mar-2021,13.75,13.9,14.0,13.65,13.7,13.75,13.8,4046132,558.56,13038, 1925873, 47.60,0.0
UCOBANK, EQ, 02-Mar-2022,11.8,11.75,11.9,11.7, 11.90,11.85,11.82,2435332,287.91,13664, 976596, 40.10,0.42
UCOBANK, EQ, 02-Mar-2023,26.2,26.2,26.95,25.85, 26.00,25.95,26.32,14489604,3814.17,33121, 3029025, 20.90,-0.95
UCOBANK, EQ, 02-Apr-2024,55.15,55.4,56.3,54.45, 55.20,55.05,55.22,18838846,10402.95,30718, 6274810, 33.31,-0.18
UCOBANK, EQ, 02-Apr-2025,31.2,31.5,32.09,29.65,29.9,30.04,30.87,41857217,12921.82,101678, 22909191, 54.73,-3.72
UCOBANK, EQ, 02-May-2022,11.85,11.75,11.9,11.7,11.75,11.85,11.8,881133,103.96,11559, 495392, 56.22,0.0
UCOBANK, EQ, 02-May-2023,30.1,30.7,31.6,30.0, 30.30,30.75,30.85,51078123,15758.2,66826, 14398643, 28.19,2.16
UCOBANK, EQ, 02-May-2024,57.3,57.7,57.7,56.1, 56.35,56.25,56.6,9984238,5650.75,24578, 3565122, 35.71,-1.83
UCOBANK, EQ, 02-Jun-2020,11.7,11.85,12.1,11.55,11.75,11.65,11.77,1522395,179.21,2880, 716086, 47.04,-0.43
UCOBANK, EQ, 02-Jun-2021,13.2,13.25,13.5,13.0, 13.40,13.45,13.35,15857081,2116.14,19771, 3838885, 24.21,1.89
UCOBANK, EQ, 02-Jun-2022,11.55,11.6,11.65,11.5,11.65,11.6,11.59,1210963,140.36,22263, 498361, 41.15,0.43
UCOBANK, EQ, 02-Jun-2023,27.8,27.95,28.4,27.4, 27.50,27.55,27.75,15633701,4338.87,32551, 4155778, 26.58,-0.9
UCOBANK, EQ, 02-Jul-2020,15.05,14.85,15.15,14.15, 14.75,14.65,14.88,3544752,527.55,26353, 1721176, 48.56,-2.66
UCOBANK, EQ, 02-Jul-2021,15.15,15.1,15.35,15.0,15.05,15.1,15.13,10992901,1663.12,16858, 3093371, 28.14,-0.33
UCOBANK, EQ, 02-Jul-2024,54.66,54.89,55.24,53.75,53.87,53.94,54.44,6087072,3314.08,22721, 2327630, 38.24,-1.32
UCOBANK, EQ, 02-Aug-2021,13.8,13.85,13.9,13.7,13.7,13.75,13.78,3523885,485.6,25619, 1517836, 43.07,-0.36
UCOBANK, EQ, 02-Aug-2022,11.55,11.6,12.25,11.55,11.9,11.95,11.99,6573892,787.97,26169, 3004904, 45.71,3.46
UCOBANK, EQ, 02-Aug-2023,28.25,28.25,28.7,27.55, 28.05,27.95,28.11,10678556,3001.97,22870, 3370066, 31.56,-1.06
UCOBANK, EQ, 02-Aug-2024,55.54,54.99,55.9,54.57,55.3,55.18,55.22,7563458,4176.62,26404, 1962397, 25.95,-0.65
UCOBANK, EQ, 02-Sep-2020,13.5,13.45,13.55,13.3, 13.45,13.45,13.43,1162489,156.17,2404, 686228, 59.03,-0.37
UCOBANK, EQ, 02-Sep-2021,12.8,12.8,12.95,12.75, 12.80,12.8,12.86,2249732,289.26,13118, 1068859, 47.51,0.0
UCOBANK, EQ, 02-Sep-2022,12.0,12.1,12.1,11.9,11.95,11.95,12.02,1788535,214.98,18335, 749795, 41.92,-0.42
UCOBANK, EQ, 02-Sep-2024,51.02,51.1,51.19,50.24,50.58,50.58,50.65,4195476,2125.14,18201, 1546084, 36.85,-0.86
UCOBANK, EQ, 02-Nov-2020,11.6,12.75,12.75,11.65, 11.80,11.75,11.89,1423776,169.28,2390, 584660, 41.06,1.29
UCOBANK, EQ, 02-Nov-2021,14.35,14.4,14.55,14.3, 14.30,14.35,14.4,5711789,822.68,15985, 1875014, 32.83,0.0
UCOBANK, EQ, 02-Nov-2022,13.2,13.2,13.8,13.05,13.65,13.7,13.53,13518687,1828.84,23221, 5688305, 42.08,3.79
UCOBANK, EQ, 02-Nov-2023,37.45,38.0,38.55,37.55, 37.95,37.85,37.97,18801470,7138.05,25349, 3012008, 16.02,1.07
UCOBANK, EQ, 02-Dec-2020,12.4,12.5,12.55,12.3, 12.35,12.4,12.44,2019909,251.38,2247, 959891, 47.52,0.0
UCOBANK, EQ, 02-Dec-2021,13.0,13.0,13.15,12.95, 13.10,13.1,13.06,1260363,164.59,11945, 553859, 43.94,0.77
UCOBANK, EQ, 02-Dec-2022,20.3,20.5,20.7,20.05, 20.30,20.3,20.36,18598984,3786.39,33972, 5188332, 27.90,0.0
UCOBANK, EQ, 02-Dec-2024,44.48,44.4,44.6,43.91,44.28,44.24,44.2,2387025,1055.08,13344, 672372, 28.17,-0.54
UCOBANK, EQ, 03-Jan-2020,16.8,16.7,16.75,16.5, 16.55,16.6,16.65,660737,109.99,2068, 407659, 61.70,-1.19
UCOBANK, EQ, 03-Jan-2022,13.0,13.05,13.3,13.05, 13.20,13.2,13.18,3222426,424.76,15186, 1732385, 53.76,1.54
UCOBANK, EQ, 03-Jan-2023,31.35,31.55,33.75,31.4, 32.90,32.8,32.8,70790476,23216.2,79127, 15833707, 22.37,4.63
UCOBANK, EQ, 03-Jan-2024,39.85,39.85,41.75,39.8, 41.10,41.05,40.95,31102708,12736.48,37276, 9936641, 31.95,3.01
UCOBANK, EQ, 03-Jan-2025,44.08,44.3,45.73,44.15,44.99,44.96,45.11,7623451,3439.05,32384, 1534790, 20.13,2.0
UCOBANK, EQ, 03-Feb-2020,15.15,15.55,15.55,14.75, 14.85,14.8,15.01,465146,69.81,1378, 319111, 68.60,-2.31
UCOBANK, EQ, 03-Feb-2021,13.05,13.15,13.4,12.95, 13.30,13.25,13.16,4984754,656.2,13749, 2206692, 44.27,1.53
UCOBANK, EQ, 03-Feb-2022,13.8,13.85,13.95,13.6, 13.60,13.65,13.74,5768324,792.52,15209, 2117119, 36.70,-1.09
UCOBANK, EQ, 03-Feb-2023,28.05,28.3,28.55,26.75, 28.15,28.05,27.54,18388747,5063.78,36890, 3073170, 16.71,0.0
UCOBANK, EQ, 03-Feb-2025,42.9,42.3,42.56,41.5,41.63,41.62,41.97,3401618,1427.61,18292, 1427298, 41.96,-2.98
UCOBANK, EQ, 03-Mar-2020,12.4,12.85,12.85,12.2, 12.30,12.35,12.44,392657,48.85,1543, 202146, 51.48,-0.4
UCOBANK, EQ, 03-Mar-2021,13.75,13.9,14.1,13.7,13.9,13.85,13.91,6195967,862.15,14399, 2413744, 38.96,0.73
UCOBANK, EQ, 03-Mar-2022,11.85,11.95,12.15,11.85,11.95,11.9,11.96,3500394,418.53,14180, 1309649, 37.41,0.42
UCOBANK, EQ, 03-Mar-2023,25.95,26.3,28.35,26.2, 28.10,28.05,27.54,34896327,9609.98,53434, 7634149, 21.88,8.09
UCOBANK, EQ, 03-Mar-2025,36.37,36.6,36.79,34.01,34.84,34.84,34.84,6531729,2275.94,33037, 1754595, 26.86,-4.21
UCOBANK, EQ, 03-Apr-2020,9.15,9.25,9.25,9.0, 9.10,9.05,9.07,351207,31.87,1529, 233799, 66.57,-1.09
UCOBANK, EQ, 03-Apr-2023,24.3,24.4,26.3,24.2, 26.05,26.0,25.64,24070292,6170.81,43097, 5713755, 23.74,7.0
UCOBANK, EQ, 03-Apr-2024,55.05,55.0,57.3,54.5, 56.90,56.95,55.78,24797023,13832.82,34206, 7838289, 31.61,3.45
UCOBANK, EQ, 03-Apr-2025,30.04,30.29,31.11,29.81,30.37,30.38,30.32,28503936,8643.08,67045, 11578880, 40.62,1.13
UCOBANK, EQ, 03-May-2021,11.0,10.95,11.3,10.85,11.2,11.2,11.08,5808516,643.71,13570, 2498024, 43.01,1.82
UCOBANK, EQ, 03-May-2023,30.75,30.25,30.25,29.05,29.15,29.15,29.61,21189730,6273.95,45628, 8773086, 41.40,-5.2
UCOBANK, EQ, 03-May-2024,56.25,56.6,56.8,55.15, 55.30,55.45,55.72,8197745,4568.02,22419, 2847935, 34.74,-1.42
UCOBANK, EQ, 03-Jun-2020,11.65,11.85,12.8,11.8,12.35,12.4,12.41,6830478,847.67,10761, 1809783, 26.50,6.44
UCOBANK, EQ, 03-Jun-2021,13.45,13.5,13.8,13.3, 13.35,13.4,13.56,11431160,1550.17,17987, 3388516, 29.64,-0.37
UCOBANK, EQ, 03-Jun-2022,11.6,11.7,11.8,11.5, 11.55,11.55,11.63,869293,101.09,20541, 376193, 43.28,-0.43
UCOBANK, EQ, 03-Jun-2024,56.95,60.5,62.35,58.05,61.85,61.8,60.53,64998905,39341.64,97458, 19295451, 29.69,8.52
UCOBANK, EQ, 03-Jul-2020,14.65,14.75,14.9,14.4, 14.50,14.4,14.58,2348342,342.49,9071, 1339803, 57.05,-1.71
UCOBANK, EQ, 03-Jul-2023,27.4,27.6,28.8,27.4, 28.10,28.1,28.11,24369987,6851.54,40822, 7414147, 30.42,2.55
UCOBANK, EQ, 03-Jul-2024,53.94,54.2,54.69,54.0,54.14,54.13,54.31,4852673,2635.54,19219, 1592847, 32.82,0.35
UCOBANK, EQ, 03-Aug-2020,14.05,14.1,14.35,13.8,14.15,14.1,14.11,4253832,600.08,8253, 1494992, 35.14,0.36
UCOBANK, EQ, 03-Aug-2021,13.75,13.75,13.8,13.5,13.55,13.55,13.61,3214570,437.37,14338, 1735457, 53.99,-1.45
UCOBANK, EQ, 03-Aug-2022,11.95,12.0,12.2,11.7, 12.05,12.05,11.96,4170231,498.7,23371, 1724608, 41.36,0.84
UCOBANK, EQ, 03-Aug-2023,27.95,28.05,28.05,27.4, 27.70,27.7,27.69,7376321,2042.47,10893, 2490712, 33.77,-0.89
UCOBANK, EQ, 03-Sep-2020,13.45,13.45,13.55,13.35, 13.40,13.35,13.41,946486,126.92,2124, 564550, 59.65,-0.74
UCOBANK, EQ, 03-Sep-2021,12.8,12.85,13.1,12.8, 12.85,12.85,12.93,3017138,390.16,30502, 1150292, 38.13,0.39
UCOBANK, EQ, 03-Sep-2024,50.58,50.71,51.39,50.01,50.71,50.67,50.72,3255159,1651.16,17715, 998869, 30.69,0.18
UCOBANK, EQ, 03-Oct-2022,11.9,11.85,11.95,11.75,11.8,11.8,11.85,1702905,201.75,16880, 530857, 31.17,-0.84
UCOBANK, EQ, 03-Oct-2023,43.55,43.65,45.0,42.75, 44.55,44.75,43.89,45356553,19905.86,51750, 9050492, 19.95,2.76
UCOBANK, EQ, 03-Oct-2024,48.08,47.05,47.7,47.0,47.1,47.1,47.26,3542627,1674.1,21000, 1636149, 46.18,-2.04
UCOBANK, EQ, 03-Nov-2020,11.75,11.85,11.95,11.65,11.7,11.7,11.81,642959,75.96,1306, 322483, 50.16,-0.43
UCOBANK, EQ, 03-Nov-2021,14.35,14.4,14.45,14.15, 14.25,14.25,14.32,3778817,541.14,13826, 1493540, 39.52,-0.7
UCOBANK, EQ, 03-Nov-2022,13.7,13.55,15.0,13.5,14.4,14.45,14.48,67213881,9729.7,48967, 18162130, 27.02,5.47
UCOBANK, EQ, 03-Nov-2023,37.85,38.2,38.35,36.9, 37.55,37.5,37.64,22772040,8571.9,30913, 4213235, 18.50,-0.92
UCOBANK, EQ, 03-Dec-2020,12.4,12.5,12.95,12.45,12.85,12.85,12.75,8022826,1022.94,6178, 3335951, 41.58,3.63
UCOBANK, EQ, 03-Dec-2021,13.1,13.1,13.3,12.95, 13.05,13.0,13.1,3338904,437.3,13315, 1449536, 43.41,-0.76
UCOBANK, EQ, 03-Dec-2024,44.24,44.49,45.48,44.41,45.12,45.13,45.09,4584272,2067.11,21956, 1121230, 24.46,2.01
UCOBANK, EQ, 04-Jan-2021,13.2,13.3,13.4,12.75,13.2,13.1,13.09,4785012,626.15,13703, 1680535, 35.12,-0.76
UCOBANK, EQ, 04-Jan-2022,13.2,13.25,13.35,13.15, 13.20,13.2,13.23,2288072,302.73,13608, 1024735, 44.79,0.0
UCOBANK, EQ, 04-Jan-2023,32.8,33.0,33.4,32.05, 32.15,32.3,32.6,42337014,13801.93,54446, 8814204, 20.82,-1.52
UCOBANK, EQ, 04-Jan-2024,41.05,41.45,42.35,41.35, 41.55,41.7,41.88,21629930,9057.83,35040, 8260582, 38.19,1.58
UCOBANK, EQ, 04-Feb-2020,14.8,14.9,15.1,14.8, 14.95,14.9,14.98,395506,59.23,1176, 224198, 56.69,0.68
UCOBANK, EQ, 04-Feb-2021,13.25,13.3,13.5,13.15, 13.40,13.4,13.35,5677242,757.94,14112, 1993854, 35.12,1.13
UCOBANK, EQ, 04-Feb-2022,13.65,13.7,13.75,13.4, 13.45,13.45,13.55,4479779,606.79,13719, 1684939, 37.61,-1.47
UCOBANK, EQ, 04-Feb-2025,41.62,42.49,42.7,41.85,42.16,42.11,42.22,3379616,1426.81,14653, 1081670, 32.01,1.18
UCOBANK, EQ, 04-Mar-2020,12.35,12.35,12.8,12.1, 12.40,12.35,12.42,817490,101.51,2348, 221791, 27.13,0.0
UCOBANK, EQ, 04-Mar-2021,13.85,13.85,14.25,13.55, 13.65,13.65,13.82,7898882,1091.29,15392, 3675584, 46.53,-1.44
UCOBANK, EQ, 04-Mar-2022,11.9,11.85,12.0,11.8, 11.80,11.8,11.87,2471678,293.3,12502, 939423, 38.01,-0.84
UCOBANK, EQ, 04-Mar-2024,57.75,58.0,58.2,55.45, 56.05,56.1,56.66,12236994,6933.01,29860, 4015012, 32.81,-2.86
UCOBANK, EQ, 04-Mar-2025,34.84,34.5,36.28,34.15,35.74,35.79,35.61,5195111,1849.93,24392, 1386653, 26.69,2.73
UCOBANK, EQ, 04-Apr-2022,12.15,12.2,12.4,12.15,12.3,12.35,12.28,3537532,434.46,13540, 1612908, 45.59,1.65
UCOBANK, EQ, 04-Apr-2024,56.95,57.4,57.6,55.3, 56.25,56.15,56.51,16041916,9065.08,29165, 5793600, 36.12,-1.4
UCOBANK, EQ, 04-Apr-2025,30.38,30.79,31.2,29.7,29.92,29.81,30.26,22405832,6779.5,63258, 8300854, 37.05,-1.88
UCOBANK, EQ, 04-May-2020,12.8,12.4,12.45,12.05, 12.30,12.25,12.23,849434,103.87,2917, 416760, 49.06,-4.3
UCOBANK, EQ, 04-May-2021,11.2,11.25,11.75,11.2, 11.45,11.4,11.49,13582628,1560.53,19537, 3897872, 28.70,1.79
UCOBANK, EQ, 04-May-2022,11.85,11.85,11.9,11.65,11.7,11.65,11.76,1380814,162.39,12097, 783379, 56.73,-1.69
UCOBANK, EQ, 04-May-2023,29.15,29.15,29.6,28.75, 29.15,29.1,29.05,15303426,4445.91,35623, 4906573, 32.06,-0.17
UCOBANK, EQ, 04-Jun-2020,12.4,12.45,12.85,12.2,12.3,12.3,12.49,2347594,293.15,4371, 1096511, 46.71,-0.81
UCOBANK, EQ, 04-Jun-2021,13.4,13.45,13.7,13.2, 13.55,13.5,13.49,14487296,1954.86,15690, 4370956, 30.17,0.75
UCOBANK, EQ, 04-Jun-2024,61.8,61.8,61.8,50.0,54.25,53.65,55.73,49622302,27654.57,109996, 13031834, 26.26,-13.19
UCOBANK, EQ, 04-Jul-2022,11.05,11.0,11.2,10.95,11.2,11.15,11.09,1412018,156.55,19843, 601560, 42.60,0.9
UCOBANK, EQ, 04-Jul-2023,28.1,28.25,29.25,27.35, 28.30,28.4,28.49,34255575,9758.05,47148, 8512122, 24.85,1.07
UCOBANK, EQ, 04-Jul-2024,54.13,54.27,54.55,53.75,53.96,53.91,54.07,5339473,2887.32,19124, 2100448, 39.34,-0.41
UCOBANK, EQ, 04-Aug-2020,14.1,14.2,14.25,13.9,13.95,13.95,13.99,1378727,192.88,2951, 712173, 51.65,-1.06
UCOBANK, EQ, 04-Aug-2021,13.55,13.55,13.65,13.2,13.3,13.3,13.42,5068140,680.1,15249, 2139955, 42.22,-1.85
UCOBANK, EQ, 04-Aug-2022,12.05,12.15,12.35,12.05,12.15,12.15,12.19,3704591,451.62,23608, 1810692, 48.88,0.83
UCOBANK, EQ, 04-Aug-2023,27.7,27.75,27.95,27.5, 27.65,27.65,27.73,5521336,1530.83,7898, 1848046, 33.47,-0.18
UCOBANK, EQ, 04-Sep-2020,13.35,13.25,13.5,13.1,13.25,13.25,13.27,1194343,158.47,2315, 554051, 46.39,-0.75
UCOBANK, EQ, 04-Sep-2023,31.2,31.45,33.05,31.35, 32.95,32.9,32.44,27583693,8947.06,32742, 10306805, 37.37,5.45
UCOBANK, EQ, 04-Sep-2024,50.67,50.49,50.74,48.2,50.08,50.02,50.08,3857406,1931.97,16339, 1325392, 34.36,-1.28
UCOBANK, EQ, 04-Oct-2021,13.65,13.65,14.0,13.6, 13.80,13.75,13.79,4637171,639.62,20480, 1963548, 42.34,0.73
UCOBANK, EQ, 04-Oct-2022,11.8,11.95,12.05,11.8, 11.85,11.85,11.9,2366002,281.63,17287, 922647, 39.00,0.42
UCOBANK, EQ, 04-Oct-2023,44.75,44.55,46.25,43.3, 44.40,44.2,44.92,88205449,39618.02,81087, 16680162, 18.91,-1.23
UCOBANK, EQ, 04-Oct-2024,47.1,47.1,47.43,45.68,46.76,46.72,46.69,5999970,2801.38,28858, 1428601, 23.81,-0.81
UCOBANK, EQ, 04-Nov-2020,11.7,11.85,11.85,11.65,11.65,11.7,11.71,469194,54.92,928, 275753, 58.77,0.0
UCOBANK, EQ, 04-Nov-2022,14.45,14.6,15.15,14.5,14.95,14.95,14.9,57316737,8541.1,44090, 15788178, 27.55,3.46
UCOBANK, EQ, 04-Nov-2024,46.56,46.41,46.41,44.97,45.4,45.44,45.39,3579786,1624.72,20238, 1137296, 31.77,-2.41
UCOBANK, EQ, 04-Dec-2020,12.85,13.0,13.3,12.7, 12.95,12.95,13.03,4845456,631.35,5384, 1743451, 35.98,0.78
UCOBANK, EQ, 04-Dec-2023,38.0,39.05,39.9,38.45, 39.65,39.65,39.2,32636318,12792.14,37692, 10803153, 33.10,4.34
UCOBANK, EQ, 04-Dec-2024,45.13,45.3,51.5,45.2,50.9,50.39,49.07,92480063,45375.52,230550, 11866223, 12.83,11.66
UCOBANK, EQ, 05-Jan-2021,13.1,12.95,13.2,12.85, 13.05,13.05,13.06,2334370,304.97,10651, 1017824, 43.60,-0.38
UCOBANK, EQ, 05-Jan-2022,13.2,13.2,13.35,13.1, 13.25,13.3,13.26,4143419,549.35,14058, 1716509, 41.43,0.76
UCOBANK, EQ, 05-Jan-2023,32.3,32.6,32.85,31.65,32.1,32.2,32.14,22394272,7198.53,39863, 3572199, 15.95,-0.31
UCOBANK, EQ, 05-Jan-2024,41.7,42.1,42.6,41.0, 41.40,41.35,41.6,15382544,6399.62,30021, 6398866, 41.60,-0.84
UCOBANK, EQ, 05-Feb-2020,14.9,14.9,15.4,14.9, 15.15,15.1,15.11,435534,65.79,1458, 205883, 47.27,1.34
UCOBANK, EQ, 05-Feb-2021,13.4,13.65,14.15,13.25, 13.35,13.3,13.76,12086406,1663.44,12885, 4339225, 35.90,-0.75
UCOBANK, EQ, 05-Feb-2024,50.55,51.35,60.65,51.2, 58.25,57.75,58.22,206465797,120203.53,273693, 42064783, 20.37,14.24
UCOBANK, EQ, 05-Feb-2025,42.11,42.58,43.57,42.58,42.88,42.94,43.06,5004399,2154.71,20904, 1521656, 30.41,1.97
UCOBANK, EQ, 05-Mar-2020,12.35,12.4,12.7,12.2, 12.45,12.45,12.5,757672,94.69,2043, 248688, 32.82,0.81
UCOBANK, EQ, 05-Mar-2021,13.65,13.75,13.8,13.2,13.3,13.3,13.42,6495258,871.47,14749, 2772233, 42.68,-2.56
UCOBANK, EQ, 05-Mar-2024,56.1,56.3,60.9,55.6, 60.60,60.3,58.78,43450872,25541.32,66713, 10719041, 24.67,7.49
UCOBANK, EQ, 05-Mar-2025,35.79,35.99,36.9,35.9,36.83,36.76,36.57,3113428,1138.45,13476, 830297, 26.67,2.71
UCOBANK, EQ, 05-Apr-2021,11.45,11.45,11.5,11.0,11.25,11.2,11.18,6314462,706.04,16375, 3095420, 49.02,-2.18
UCOBANK, EQ, 05-Apr-2022,12.35,12.35,12.55,12.2, 12.40,12.45,12.41,4106125,509.47,14186, 1818680, 44.29,0.81
UCOBANK, EQ, 05-Apr-2023,26.0,26.2,26.35,25.2, 25.40,25.4,25.6,12246550,3135.13,31705, 3629541, 29.64,-2.31
UCOBANK, EQ, 05-Apr-2024,56.15,56.0,57.5,55.45, 57.15,57.05,56.84,19797356,11253.2,32771, 5343163, 26.99,1.6
UCOBANK, EQ, 05-May-2020,12.25,12.6,12.6,12.15, 12.25,12.2,12.31,427703,52.64,1856, 228695, 53.47,-0.41
UCOBANK, EQ, 05-May-2021,11.4,11.45,11.6,11.35, 11.35,11.4,11.48,4968945,570.25,13865, 1920315, 38.65,0.0
UCOBANK, EQ, 05-May-2022,11.65,11.75,11.85,11.65, 11.70,11.65,11.75,1246677,146.45,11437, 657793, 52.76,0.0
UCOBANK, EQ, 05-May-2023,29.1,29.05,29.6,28.35, 28.45,28.55,28.83,16932060,4881.08,37034, 4430014, 26.16,-1.89
UCOBANK, EQ, 05-Jun-2020,12.3,12.5,12.9,12.2, 12.80,12.75,12.59,3618027,455.42,5751, 1671724, 46.21,3.66
UCOBANK, EQ, 05-Jun-2023,27.55,27.75,27.75,27.0, 27.10,27.2,27.36,4537916,1241.65,26411, 1848092, 40.73,-1.27
UCOBANK, EQ, 05-Jun-2024,53.65,54.05,55.1,50.95,54.35,54.45,53.37,25912998,13830.52,52029, 5891499, 22.74,1.49
UCOBANK, EQ, 05-Jul-2021,15.1,15.25,15.3,14.95, 14.95,15.0,15.07,7747161,1167.54,16365, 3842816, 49.60,-0.66
UCOBANK, EQ, 05-Jul-2022,11.15,11.25,11.35,11.15,11.15,11.2,11.23,1756939,197.31,20812, 539314, 30.70,0.45
UCOBANK, EQ, 05-Jul-2023,28.4,28.5,29.1,28.15,28.7,28.75,28.67,21084451,6045.75,38066, 5101447, 24.20,1.23
UCOBANK, EQ, 05-Jul-2024,53.91,54.28,55.45,54.25,54.55,54.54,54.66,9989864,5460.94,33774, 2959394, 29.62,1.17
UCOBANK, EQ, 05-Aug-2020,13.95,13.9,14.0,13.8,13.8,13.85,13.88,1354207,188.02,3122, 812307, 59.98,-0.72
UCOBANK, EQ, 05-Aug-2021,13.3,13.4,13.4,13.0,13.25,13.2,13.13,3795889,498.24,14540, 1468328, 38.68,-0.75
UCOBANK, EQ, 05-Aug-2022,12.15,12.2,12.35,11.8,11.85,11.85,12.05,7843976,945.12,26389, 2179372, 27.78,-2.47
UCOBANK, EQ, 05-Aug-2024,55.18,54.0,54.25,51.4,51.6,51.67,52.65,16249844,8555.15,60722, 6143510, 37.81,-6.36
UCOBANK, EQ, 05-Sep-2022,11.95,11.95,12.4,11.95, 12.30,12.25,12.24,4709137,576.29,20819, 1999798, 42.47,2.51
UCOBANK, EQ, 05-Sep-2023,32.9,33.4,35.55,33.4, 34.50,34.4,34.55,57027703,19700.62,58440, 17276899, 30.30,4.56
UCOBANK, EQ, 05-Sep-2024,50.02,50.3,50.45,49.7,49.82,49.85,49.94,3540044,1767.96,15211, 1463762, 41.35,-0.34
UCOBANK, EQ, 05-Oct-2020,12.2,12.25,12.4,12.05, 12.15,12.1,12.2,762250,93.02,1889, 414502, 54.38,-0.82
UCOBANK, EQ, 05-Oct-2021,13.75,13.65,13.8,13.6, 13.70,13.75,13.74,3878318,533.06,14230, 1549261, 39.95,0.0
UCOBANK, EQ, 05-Oct-2023,44.2,44.65,45.0,43.1, 43.60,43.7,43.91,31194735,13697.78,38753, 6507407, 20.86,-1.13
UCOBANK, EQ, 05-Nov-2020,11.7,11.75,11.95,11.6, 11.60,11.65,11.76,1113660,130.98,1576, 531983, 47.77,-0.43
UCOBANK, EQ, 05-Nov-2024,45.44,45.1,46.4,45.1,45.85,46.05,45.85,4435181,2033.53,20143, 942197, 21.24,1.34
UCOBANK, EQ, 05-Dec-2022,20.3,20.4,20.7,20.1, 20.45,20.4,20.37,16490358,3359.51,30084, 4855180, 29.44,0.49
UCOBANK, EQ, 05-Dec-2023,39.65,39.9,40.8,39.35, 40.00,39.9,40.07,37151277,14888.24,42880, 11268109, 30.33,0.63
UCOBANK, EQ, 05-Dec-2024,50.39,51.8,52.0,49.0,49.8,49.69,49.9,27264597,13605.44,80832, 5129767, 18.81,-1.39
UCOBANK, EQ, 06-Jan-2020,16.6,17.25,17.4,16.35, 16.50,16.5,16.79,1975577,331.63,4594, 804652, 40.73,-0.6
UCOBANK, EQ, 06-Jan-2021,13.05,13.0,13.35,12.85, 13.00,13.0,13.09,2817758,368.91,9657, 970878, 34.46,-0.38
UCOBANK, EQ, 06-Jan-2022,13.3,13.25,13.3,13.15, 13.25,13.2,13.21,2421624,319.99,13397, 997189, 41.18,-0.75
UCOBANK, EQ, 06-Jan-2023,32.2,32.45,32.5,30.65,31.05,31.05,31.32,26781631,8388.36,42697, 7013074, 26.19,-3.57
UCOBANK, EQ, 06-Jan-2025,44.96,45.6,45.63,42.65,43.2,43.01,43.71,5647250,2468.46,26916, 1581450, 28.00,-4.34
UCOBANK, EQ, 06-Feb-2020,15.1,15.05,16.7,15.05, 15.80,15.9,16.01,3805669,609.14,7231, 730886, 19.21,5.3
UCOBANK, EQ, 06-Feb-2023,28.05,28.05,28.45,27.5, 27.55,27.65,28.01,12366432,3463.86,28692, 2947119, 23.83,-1.43
UCOBANK, EQ, 06-Feb-2024,57.75,59.35,62.9,55.85, 59.25,58.8,59.38,140960899,83706.32,184578, 24395912, 17.31,1.82
UCOBANK, EQ, 06-Feb-2025,42.94,43.2,43.2,42.27,42.76,42.45,42.7,3694025,1577.43,12664, 1406922, 38.09,-1.14
UCOBANK, EQ, 06-Mar-2020,12.45,11.8,12.0,11.45, 12.00,11.9,11.82,732552,86.62,2524, 396256, 54.09,-4.42
UCOBANK, EQ, 06-Mar-2023,28.05,28.4,28.55,27.05, 27.30,27.25,27.71,23957985,6639.79,44010, 7846730, 32.75,-2.85
UCOBANK, EQ, 06-Mar-2024,60.3,60.2,61.5,58.0, 58.55,58.55,59.17,27983760,16558.79,49014, 7215439, 25.78,-2.9
UCOBANK, EQ, 06-Mar-2025,36.76,37.22,37.8,37.05,37.19,37.26,37.38,2934925,1096.93,15087, 986249, 33.60,1.36
UCOBANK, EQ, 06-Apr-2021,11.2,11.3,11.35,11.1,11.15,11.15,11.2,4120560,461.36,12799, 1560874, 37.88,-0.45
UCOBANK, EQ, 06-Apr-2022,12.45,12.35,12.75,12.3, 12.75,12.7,12.54,5806818,728.45,4896, 2156784, 37.14,2.01
UCOBANK, EQ, 06-Apr-2023,25.4,25.4,26.15,25.15, 25.45,25.45,25.59,16281373,4166.21,32530, 2721030, 16.71,0.2
UCOBANK, EQ, 06-May-2020,12.2,12.3,12.3,11.8, 12.10,12.05,12.03,594467,71.5,2336, 313587, 52.75,-1.23
UCOBANK, EQ, 06-May-2021,11.4,11.45,11.55,11.3, 11.40,11.35,11.4,2909164,331.75,3187, 1392333, 47.86,-0.44
UCOBANK, EQ, 06-May-2022,11.65,11.55,11.6,11.45,11.5,11.5,11.54,1431687,165.18,11928, 889905, 62.16,-1.29
UCOBANK, EQ, 06-May-2024,55.45,55.8,55.85,53.5,54.4,54.3,54.17,9898683,5362.07,24291, 2693298, 27.21,-2.07
UCOBANK, EQ, 06-Jun-2022,11.55,11.55,11.6,11.5,11.6,11.55,11.54,696968,80.4,20954, 363016, 52.09,0.0
UCOBANK, EQ, 06-Jun-2023,27.2,27.3,27.3,26.85,27.3,27.2,27.09,3942552,1067.89,24119, 1740163, 44.14,0.0
UCOBANK, EQ, 06-Jun-2024,54.45,55.35,57.5,55.05,56.35,56.2,56.47,21285217,12019.07,38170, 5564514, 26.14,3.21
UCOBANK, EQ, 06-Jul-2020,14.4,14.5,14.65,14.1, 14.20,14.15,14.3,2570103,367.56,9293, 1450983, 56.46,-1.74
UCOBANK, EQ, 06-Jul-2021,15.0,15.0,15.1,14.45, 14.60,14.6,14.85,12000924,1782.26,11219, 4215735, 35.13,-2.67
UCOBANK, EQ, 06-Jul-2022,11.2,11.25,11.3,11.15,11.15,11.15,11.19,563060,63.0,21234, 249724, 44.35,-0.45
UCOBANK, EQ, 06-Jul-2023,28.75,28.75,29.55,28.55,28.8,28.85,29.02,19082711,5537.21,37065, 5166261, 27.07,0.35
UCOBANK, EQ, 06-Aug-2020,13.85,13.9,13.95,13.65,13.75,13.7,13.81,1662493,229.56,3324, 741958, 44.63,-1.08
UCOBANK, EQ, 06-Aug-2021,13.2,13.2,13.55,13.15, 13.40,13.35,13.33,3979040,530.48,14059, 1204223, 30.26,1.14
UCOBANK, EQ, 06-Aug-2024,51.67,52.45,53.45,50.26,50.8,50.55,51.62,12588351,6497.87,45901, 3931675, 31.23,-2.17
UCOBANK, EQ, 06-Sep-2021,12.85,12.9,13.0,12.8,12.85,12.9,12.88,2078546,267.73,27430, 993480, 47.80,0.39
UCOBANK, EQ, 06-Sep-2022,12.25,12.3,12.45,12.1, 12.25,12.2,12.3,5248964,645.79,19944, 1829649, 34.86,-0.41
UCOBANK, EQ, 06-Sep-2023,34.4,34.6,34.65,33.5, 33.85,33.8,33.88,18257720,6185.68,26192, 6758340, 37.02,-1.74
UCOBANK, EQ, 06-Sep-2024,49.85,49.85,50.08,48.8,49.1,49.03,49.14,4165472,2046.89,23535, 1759978, 42.25,-1.64
UCOBANK, EQ, 06-Oct-2020,12.1,12.2,12.3,11.95,12.05,12.05,12.1,776574,93.97,1670, 420639, 54.17,-0.41
UCOBANK, EQ, 06-Oct-2021,13.75,13.7,13.85,13.5, 13.55,13.5,13.69,3479726,476.29,14481, 1886972, 54.23,-1.82
UCOBANK, EQ, 06-Oct-2022,11.85,11.95,12.05,11.9, 11.95,11.95,11.97,2488794,297.98,17387, 850668, 34.18,0.84
UCOBANK, EQ, 06-Oct-2023,43.7,43.85,44.1,42.4, 43.30,43.2,43.23,44033584,19036.13,45835, 7179552, 16.30,-1.14
UCOBANK, EQ, 06-Nov-2020,11.65,11.65,11.9,11.65, 11.80,11.75,11.77,1262205,148.58,1652, 646077, 51.19,0.86
UCOBANK, EQ, 06-Nov-2023,37.5,37.5,37.65,37.05, 37.35,37.3,37.26,11655486,4342.85,24140, 3617872, 31.04,-0.53
UCOBANK, EQ, 06-Nov-2024,46.05,46.15,46.8,45.99,46.75,46.67,46.46,4310476,2002.82,19689, 1407677, 32.66,1.35
UCOBANK, EQ, 06-Dec-2021,13.0,13.05,13.2,12.95, 13.00,13.0,13.03,3605940,469.93,12901, 1335691, 37.04,0.0
UCOBANK, EQ, 06-Dec-2022,20.4,20.4,21.85,20.3, 21.15,21.15,21.15,55502135,11736.85,52121, 13101689, 23.61,3.68
UCOBANK, EQ, 06-Dec-2023,39.9,40.0,40.15,39.25, 39.55,39.55,39.58,14069327,5569.18,24232, 3855855, 27.41,-0.88
UCOBANK, EQ, 06-Dec-2024,49.69,49.8,51.94,49.11,49.97,50.03,50.4,30551055,15398.19,90176, 4639786, 15.19,0.68
UCOBANK, EQ, 07-Jan-2020,16.5,16.85,17.05,16.55, 16.70,16.75,16.78,1160398,194.72,2261, 485052, 41.80,1.52
UCOBANK, EQ, 07-Jan-2021,13.0,13.15,13.2,12.95, 13.05,13.0,13.06,2237602,292.23,11340, 879109, 39.29,0.0
UCOBANK, EQ, 07-Jan-2022,13.2,13.3,13.4,13.2,13.25,13.25,13.3,3110550,413.6,14156, 1385163, 44.53,0.38
UCOBANK, EQ, 07-Jan-2025,43.01,43.27,43.75,42.72,43.39,43.5,43.3,4133134,1789.66,18727, 981461, 23.75,1.14
UCOBANK, EQ, 07-Feb-2020,15.9,15.75,15.85,15.15, 15.35,15.3,15.41,1378187,212.41,2854, 448049, 32.51,-3.77
UCOBANK, EQ, 07-Feb-2022,13.45,13.45,13.8,13.35, 13.40,13.4,13.53,5714458,773.32,15971, 1656335, 28.98,-0.37
UCOBANK, EQ, 07-Feb-2023,27.65,27.85,27.9,27.0, 27.10,27.1,27.32,10032726,2740.45,32083, 2900551, 28.91,-1.99
UCOBANK, EQ, 07-Feb-2024,58.8,59.8,70.55,58.9, 70.55,68.4,64.58,210883479,136188.61,251830, 30917024, 14.66,16.33
UCOBANK, EQ, 07-Feb-2025,42.45,42.65,43.1,41.8,42.0,41.99,42.41,4884203,2071.48,18426, 1186480, 24.29,-1.08
UCOBANK, EQ, 07-Mar-2022,11.8,11.6,11.7,11.45, 11.50,11.5,11.57,2321024,268.59,13708,1300580,56.03,-2.54
UCOBANK, EQ, 07-Mar-2024,58.55,58.9,59.8,56.45, 57.10,57.5,58.09,26835442,15587.83,43711, 5095881, 18.99,-1.79
UCOBANK, EQ, 07-Mar-2025,37.26,37.3,37.75,37.01,37.48,37.44,37.4,3230191,1208.19,14891, 1075271, 33.29,0.48
UCOBANK, EQ, 07-Apr-2020,9.05,9.15,9.25,9.05, 9.15,9.15,9.14,330474,30.21,1481, 222158, 67.22,1.1
UCOBANK, EQ, 07-Apr-2021,11.15,11.2,11.55,11.15,11.45,11.35,11.31,8187970,925.87,13425, 2566244, 31.34,1.79
UCOBANK, EQ, 07-Apr-2022,12.7,12.7,12.9,12.65,12.7,12.7,12.77,3994451,510.02,5084, 1994177, 49.92,0.0
UCOBANK, EQ, 07-Apr-2025,29.81,28.7,28.7,26.81,28.13,28.06,27.68,24418188,6758.19,77667, 7343889, 30.08,-5.87
UCOBANK, EQ, 07-May-2020,12.05,12.1,12.3,11.9, 12.00,11.95,12.03,655734,78.91,2127, 271127, 41.35,-0.83
UCOBANK, EQ, 07-May-2021,11.35,11.45,11.5,11.25, 11.30,11.3,11.35,3235460,367.23,13539, 1378750, 42.61,-0.44
UCOBANK, EQ, 07-May-2024,54.3,54.4,54.8,51.65,52.45,52.25,52.93,15443374,8174.59,30226, 4332151, 28.05,-3.78
UCOBANK, EQ, 07-Jun-2021,13.5,13.65,13.8,13.55, 13.60,13.6,13.65,16358209,2232.37,19624, 4672808, 28.57,0.74
UCOBANK, EQ, 07-Jun-2022,11.55,11.55,11.6,11.5,11.5,11.5,11.54,578607,66.76,20581, 347121, 59.99,-0.43
UCOBANK, EQ, 07-Jun-2023,27.2,27.3,28.1,27.2, 27.50,27.5,27.7,10051299,2784.17,28984, 3051776, 30.36,1.1
UCOBANK, EQ, 07-Jun-2024,56.2,56.4,57.3,55.4,57.05,56.95,56.52,13814874,7808.14,24233, 3283123, 23.77,1.33
UCOBANK, EQ, 07-Jul-2020,14.15,14.2,14.2,13.7, 13.95,13.95,13.96,3446723,481.16,11588, 1467849, 42.59,-1.41
UCOBANK, EQ, 07-Jul-2021,14.6,14.55,14.65,14.15, 14.50,14.45,14.45,6972316,1007.47,15307, 3038128, 43.57,-1.03
UCOBANK, EQ, 07-Jul-2022,11.15,11.2,11.25,11.15, 11.25,11.2,11.21,1225736,137.41,20504, 466260, 38.04,0.45
UCOBANK, EQ, 07-Jul-2023,28.85,28.8,29.25,28.25, 28.75,28.8,28.72,14530751,4173.2,31272, 3671724, 25.27,-0.17
UCOBANK, EQ, 07-Aug-2020,13.7,13.7,13.9,13.55,13.85,13.75,13.71,2398361,328.71,3975, 1077016, 44.91,0.36
UCOBANK, EQ, 07-Aug-2023,27.65,27.8,27.85,27.05, 27.15,27.15,27.3,7744416,2114.03,11648, 3618870, 46.73,-1.81
UCOBANK, EQ, 07-Aug-2024,50.55,52.0,52.2,50.61,52.1,51.95,51.3,7958004,4082.84,29021, 2067826, 25.98,2.77
UCOBANK, EQ, 07-Sep-2020,13.25,13.25,13.35,13.1, 13.15,13.15,13.18,806138,106.28,1883, 428722, 53.18,-0.75
UCOBANK, EQ, 07-Sep-2021,12.9,12.95,12.95,12.75, 12.85,12.8,12.82,1462611,187.57,28992, 813816, 55.64,-0.78
UCOBANK, EQ, 07-Sep-2022,12.2,12.15,12.35,12.1, 12.30,12.25,12.27,2238580,274.77,19102, 921007, 41.14,0.41
UCOBANK, EQ, 07-Sep-2023,33.8,33.95,34.7,33.85, 34.35,34.4,34.3,17405052,5969.47,25245, 4561917, 26.21,1.78
UCOBANK, EQ, 07-Oct-2020,12.05,12.1,12.1,11.9,12.0,11.95,11.98,799842,95.84,1730, 368355, 46.05,-0.83
UCOBANK, EQ, 07-Oct-2021,13.5,13.65,13.7,13.5, 13.60,13.55,13.6,2702303,367.49,20434, 1269924, 46.99,0.37
UCOBANK, EQ, 07-Oct-2022,11.95,11.95,12.0,11.8, 11.90,11.9,11.87,1819777,215.99,16398, 516296, 28.37,-0.42
UCOBANK, EQ, 07-Oct-2024,46.72,47.01,47.44,44.2,44.72,44.56,45.29,6631537,3003.3,33663, 2177600, 32.84,-4.62
UCOBANK, EQ, 07-Nov-2022,14.95,15.1,15.5,15.05,15.2,15.15,15.24,26108100,3977.84,33779, 10493334, 40.19,1.34
UCOBANK, EQ, 07-Nov-2023,37.3,37.45,38.0,37.05, 37.75,37.7,37.51,12045649,4517.89,22319, 2538318, 21.07,1.07
UCOBANK, EQ, 07-Nov-2024,46.67,46.75,47.79,46.4,46.57,46.66,47.11,5141083,2422.02,25099, 1341643, 26.10,-0.02
UCOBANK, EQ, 07-Dec-2020,12.95,13.0,13.4,13.0, 13.20,13.15,13.2,4157629,549.01,5590, 1926587, 46.34,1.54
UCOBANK, EQ, 07-Dec-2021,13.0,13.1,13.15,13.05,13.15,13.1,13.12,1807365,237.09,12398, 875894, 48.46,0.77
UCOBANK, EQ, 07-Dec-2022,21.15,21.35,22.65,21.05, 22.45,22.25,22.09,81910345,18097.99,71348, 18924157, 23.10,5.2
UCOBANK, EQ, 07-Dec-2023,39.55,39.5,40.4,39.0, 39.75,39.9,39.77,15956530,6346.5,24390, 3483631, 21.83,0.88
UCOBANK, EQ, 08-Jan-2020,16.75,16.7,16.7,16.25, 16.35,16.35,16.41,818157,134.26,1733, 347254, 42.44,-2.39
UCOBANK, EQ, 08-Jan-2021,13.0,13.15,13.4,12.85, 13.00,12.95,13.11,4291847,562.67,4405, 1139665, 26.55,-0.38
UCOBANK, EQ, 08-Jan-2024,41.35,41.5,41.55,40.3, 40.40,40.45,40.79,8154156,3325.73,23536, 3457392, 42.40,-2.18
UCOBANK, EQ, 08-Jan-2025,43.5,43.5,43.5,42.76,43.25,43.23,43.03,2965117,1275.94,13773, 708738, 23.90,-0.62
UCOBANK, EQ, 08-Feb-2021,13.3,13.5,13.55,13.15, 13.20,13.15,13.3,1780567,236.85,11396, 784935, 44.08,-1.13
UCOBANK, EQ, 08-Feb-2022,13.4,13.45,13.55,13.25,13.3,13.3,13.35,4028500,537.95,13423, 1526271, 37.89,-0.75
UCOBANK, EQ, 08-Feb-2023,27.1,27.1,28.5,27.1, 28.25,28.25,27.86,15601306,4346.93,36878, 4202634, 26.94,4.24
UCOBANK, EQ, 08-Feb-2024,68.4,70.0,70.65,62.8, 63.70,63.3,65.23,115529709,75359.42,210762, 36095406, 31.24,-7.46
UCOBANK, EQ, 08-Mar-2021,13.3,13.5,13.9,13.3, 13.35,13.3,13.57,9090730,1233.27,15569, 3067479, 33.74,0.0
UCOBANK, EQ, 08-Mar-2022,11.5,11.55,11.75,11.5, 11.75,11.65,11.61,2738750,318.05,11595, 934946, 34.14,1.3
UCOBANK, EQ, 08-Mar-2023,27.25,27.2,27.3,26.6, 27.30,27.2,27.01,10363044,2799.27,29146, 2592400, 25.02,-0.18
UCOBANK, EQ, 08-Apr-2020,9.15,9.15,9.4,8.9, 9.05,9.05,9.15,710391,64.98,2422, 398728, 56.13,-1.09
UCOBANK, EQ, 08-Apr-2021,11.35,11.45,11.5,11.25, 11.30,11.3,11.39,5649979,643.74,12476, 1755570, 31.07,-0.44
UCOBANK, EQ, 08-Apr-2022,12.7,12.7,12.8,12.7, 12.70,12.7,12.74,1998955,254.59,12908, 1019530, 51.00,0.0
UCOBANK, EQ, 08-Apr-2024,57.05,57.25,57.45,55.55, 56.00,55.8,56.23,8629371,4852.63,21544, 3635664, 42.13,-2.19
UCOBANK, EQ, 08-Apr-2025,28.06,28.85,29.21,28.12,28.9,28.89,28.6,15423300,4410.6,43471, 4666733, 30.26,2.96
UCOBANK, EQ, 08-May-2020,11.95,12.0,12.2,11.75, 11.90,11.85,11.96,646208,77.3,2337, 385895, 59.72,-0.84
UCOBANK, EQ, 08-May-2023,28.55,28.5,28.9,28.1, 28.25,28.25,28.38,11201501,3178.85,33756, 3635118, 32.45,-1.05
UCOBANK, EQ, 08-May-2024,52.25,52.4,53.65,51.8,53.55,53.3,53.05,7720267,4095.6,18653, 1497954, 19.40,2.01
UCOBANK, EQ, 08-Jun-2020,12.75,13.1,13.5,13.05, 13.15,13.1,13.22,2898264,383.2,11591, 1864116, 64.32,2.75
UCOBANK, EQ, 08-Jun-2021,13.6,14.15,14.45,13.8, 14.00,13.9,14.05,30331979,4261.71,32920, 9616485, 31.70,2.21
UCOBANK, EQ, 08-Jun-2022,11.5,11.5,11.55,11.3,11.4,11.35,11.44,1077263,123.21,20848, 447864, 41.57,-1.3
UCOBANK, EQ, 08-Jun-2023,27.5,27.6,27.95,27.1, 27.30,27.45,27.6,8958985,2472.28,28418, 2537875, 28.33,-0.18
UCOBANK, EQ, 08-Jul-2020,13.95,13.95,14.7,13.9,14.1,14.0,14.36,8054643,1156.7,17555, 2412613, 29.95,0.36
UCOBANK, EQ, 08-Jul-2021,14.45,14.45,14.8,14.3, 14.35,14.4,14.52,9018525,1309.21,13681, 3374772, 37.42,-0.35
UCOBANK, EQ, 08-Jul-2022,11.2,11.25,11.35,11.2,11.2,11.2,11.25,834276,93.87,20473, 333726, 40.00,0.0
UCOBANK, EQ, 08-Jul-2024,54.54,54.88,54.9,53.81,54.0,54.08,54.11,5110957,2765.74,24197, 2148554, 42.04,-0.84
UCOBANK, EQ, 08-Aug-2022,11.85,11.85,11.95,11.65,11.75,11.7,11.81,2991730,353.45,22332,1132653,37.86,-1.27
UCOBANK, EQ, 08-Aug-2023,27.15,27.15,27.85,27.0, 27.70,27.75,27.47,9787714,2688.61,11218, 3300535, 33.72,2.21
UCOBANK, EQ, 08-Aug-2024,51.95,52.0,52.92,51.21,51.25,51.47,52.03,8771018,4563.66,28416, 2394801, 27.30,-0.92
UCOBANK, EQ, 08-Sep-2020,13.15,13.2,13.25,13.0, 13.10,13.05,13.11,870677,114.11,1837, 446836, 51.32,-0.76
UCOBANK, EQ, 08-Sep-2021,12.8,12.85,12.95,12.75, 12.80,12.8,12.86,1362143,175.23,19661, 652671, 47.92,0.0
UCOBANK, EQ, 08-Sep-2022,12.25,12.4,12.55,12.3, 12.35,12.35,12.42,4353381,540.89,20479, 1558799, 35.81,0.82
UCOBANK, EQ, 08-Sep-2023,34.4,34.7,36.5,34.7, 35.10,35.1,35.6,43850266,15610.69,49231, 12831775, 29.26,2.03
UCOBANK, EQ, 08-Oct-2020,11.95,12.05,12.1,11.8,11.85,11.9,11.96,578868,69.23,1456, 327184, 56.52,-0.42
UCOBANK, EQ, 08-Oct-2021,13.55,13.65,15.2,13.55, 14.75,14.8,14.63,21158850,3095.55,34032, 9345016, 44.17,9.23
UCOBANK, EQ, 08-Oct-2024,44.56,44.72,45.77,44.16,45.59,45.43,45.1,4286385,1933.18,20849, 1123678, 26.22,1.95
UCOBANK, EQ, 08-Nov-2021,14.4,14.45,14.6,14.35, 14.55,14.55,14.48,5353237,775.23,16993, 2692483, 50.30,1.04
UCOBANK, EQ, 08-Nov-2023,37.7,37.9,38.2,37.25, 37.40,37.45,37.69,11250480,4240.58,21959, 2539533, 22.57,-0.66
UCOBANK, EQ, 08-Nov-2024,46.66,46.39,46.59,45.25, 45.31,45.48,45.9,2367241,1086.54,15008, 853509, 36.06,-2.53
UCOBANK, EQ, 08-Dec-2020,13.15,13.3,14.05,13.0,13.95,13.85,13.57,11457081,1555.13,12242, 4528356, 39.52,5.32
UCOBANK, EQ, 08-Dec-2021,13.1,13.25,13.4,13.15,13.4,13.3,13.28,3228048,428.62,13207, 1480066, 45.85,1.53
UCOBANK, EQ, 08-Dec-2022,22.25,22.7,23.95,22.4, 23.90,23.5,23.04,65407111,15071.61,62572, 17281795, 26.42,5.62
UCOBANK, EQ, 08-Dec-2023,39.9,39.8,40.35,39.35, 39.80,39.85,39.85,13505945,5382.24,23290, 3339451, 24.73,-0.13
UCOBANK, EQ, 09-Jan-2020,16.35,16.75,16.75,16.4, 16.50,16.5,16.49,814750,134.37,1651, 448255, 55.02,0.92
UCOBANK, EQ, 09-Jan-2023,31.05,31.7,31.85,30.65,30.95,30.95,31.22,16595594,5181.05,35454, 3641155, 21.94,-0.32
UCOBANK, EQ, 09-Jan-2024,40.45,40.55,40.85,40.15,40.35,40.35,40.49,5393378,2183.77,20029, 1964846, 36.43,-0.25
UCOBANK, EQ, 09-Jan-2025,43.23,43.25,43.35,41.81,42.15,42.05,42.71,2712396,1158.44,13882, 955871, 35.24,-2.73
UCOBANK, EQ, 09-Feb-2021,13.15,13.15,13.25,13.05, 13.15,13.1,13.15,2048780,269.44,14541, 747369, 36.48,-0.38
UCOBANK, EQ, 09-Feb-2022,13.3,13.35,13.5,13.2, 13.30,13.25,13.31,2796950,372.14,12575, 910391, 32.55,-0.38
UCOBANK, EQ, 09-Feb-2023,28.25,28.2,28.2,27.5, 27.60,27.6,27.75,8701890,2414.65,31274, 2090207, 24.02,-2.3
UCOBANK, EQ, 09-Feb-2024,63.3,63.7,64.9,58.1, 60.80,60.55,60.86,64490554,39249.76,127078, 15966998, 24.76,-4.34
UCOBANK, EQ, 09-Mar-2020,11.9,11.9,11.9,11.05, 11.35,11.35,11.41,761222,86.86,2462, 452370, 59.43,-4.62
UCOBANK, EQ, 09-Mar-2021,13.3,13.45,13.6,13.0, 13.15,13.1,13.2,6972154,920.29,15163, 2858903, 41.00,-1.5
UCOBANK, EQ, 09-Mar-2022,11.65,11.75,11.9,11.7, 11.85,11.75,11.77,2002714,235.73,12735, 993663, 49.62,0.86
UCOBANK, EQ, 09-Mar-2023,27.2,27.4,27.45,26.9, 27.00,27.05,27.14,7787020,2113.7,27762, 1960441, 25.18,-0.55
UCOBANK, EQ, 09-Apr-2020,9.05,9.15,9.25,9.05, 9.25,9.2,9.18,644772,59.2,1932, 349865, 54.26,1.66
UCOBANK, EQ, 09-Apr-2021,11.3,11.3,12.25,11.15,12.0,11.95,11.91,29242435,3482.44,30662, 6736110, 23.04,5.75
UCOBANK, EQ, 09-Apr-2024,55.8,56.2,57.2,55.5, 56.20,56.25,56.39,12408265,6997.47,26293, 2837201, 22.87,0.81
UCOBANK, EQ, 09-Apr-2025,28.89,28.97,29.2,28.3,28.59,28.69,28.62,10978676,3141.78,37088, 3746948, 34.13,-0.69
UCOBANK, EQ, 09-May-2022,11.5,11.45,11.55,11.4, 11.50,11.45,11.44,1277947,146.24,11755, 718200, 56.20,-0.43
UCOBANK, EQ, 09-May-2023,28.25,28.35,28.6,27.35,27.55,27.5,27.91,9520845,2657.33,30757, 3315151, 34.82,-2.65
UCOBANK, EQ, 09-May-2024,53.3,55.25,55.25,51.5,52.0,51.95,52.87,10456379,5528.13,25333, 2957575, 28.28,-2.53
UCOBANK, EQ, 09-Jun-2020,13.1,13.1,13.2,12.5, 12.80,12.75,12.94,1677356,217.07,6162, 862935, 51.45,-2.67
UCOBANK, EQ, 09-Jun-2021,13.9,13.95,14.1,13.45,13.65,13.6,13.83,14238393,1969.48,22085, 4580977, 32.17,-2.16
UCOBANK, EQ, 09-Jun-2022,11.35,11.35,11.4,11.3, 11.40,11.35,11.36,486668,55.29,20480, 277507, 57.02,0.0
UCOBANK, EQ, 09-Jun-2023,27.45,27.4,27.45,26.85, 27.00,27.05,27.05,5571305,1507.25,27830, 2077925, 37.30,-1.46
UCOBANK, EQ, 09-Jul-2020,14.0,14.15,14.35,14.0, 14.20,14.15,14.15,2304374,326.17,15724, 873657, 37.91,1.07
UCOBANK, EQ, 09-Jul-2021,14.4,14.4,14.5,14.25,14.3,14.3,14.36,5728355,822.58,14696, 2362240, 41.24,-0.69
UCOBANK, EQ, 09-Jul-2024,54.08,54.07,57.4,53.95,55.64,55.13,56.08,29728972,16672.77,77305, 7131667, 23.99,1.94
UCOBANK, EQ, 09-Aug-2021,13.35,13.4,13.5,13.05, 13.10,13.1,13.22,2771089,366.4,13986, 1231763, 44.45,-1.87
UCOBANK, EQ, 09-Aug-2023,27.75,27.85,28.25,27.45, 27.75,27.7,27.84,13565404,3776.83,12380, 3464162, 25.54,-0.18
UCOBANK, EQ, 09-Aug-2024,51.47,52.0,52.3,51.39,51.65,51.61,51.85,7221320,3744.56,23184, 1900063, 26.31,0.27
UCOBANK, EQ, 09-Sep-2020,13.05,12.9,13.0,12.65, 12.95,12.85,12.78,926950,118.48,2362, 531706, 57.36,-1.53
UCOBANK, EQ, 09-Sep-2021,12.8,14.9,14.9,14.05, 14.15,14.2,14.31,50696692,7252.53,52004, 16055623, 31.67,10.94
UCOBANK, EQ, 09-Sep-2022,12.35,12.4,12.55,12.35, 12.35,12.4,12.44,3616911,449.91,19197, 1246263, 34.46,0.4
UCOBANK, EQ, 09-Sep-2024,49.03,48.61,48.99,47.72,48.61,48.48,48.17,4946741,2382.96,24311, 1565558, 31.65,-1.12
UCOBANK, EQ, 09-Oct-2020,11.9,11.85,12.35,11.8, 12.15,12.15,12.04,1628399,196.11,2923, 659062, 40.47,2.1
UCOBANK, EQ, 09-Oct-2023,43.2,42.0,42.35,40.05, 40.40,40.4,41.28,33707194,13915.88,47242, 9189765, 27.26,-6.48
UCOBANK, EQ, 09-Oct-2024,45.43,45.9,46.43,44.2,45.66,45.78,45.92,3726064,1711.18,16838, 1016366, 27.28,0.77
UCOBANK, EQ, 09-Nov-2020,11.75,11.95,11.95,11.65, 11.80,11.75,11.76,892636,104.99,1587, 494906, 55.44,0.0
UCOBANK, EQ, 09-Nov-2021,14.55,14.55,14.8,14.55,14.65,14.65,14.67,5278301,774.51,16355, 2246452, 42.56,0.69
UCOBANK, EQ, 09-Nov-2022,15.15,15.2,15.9,15.2, 15.75,15.75,15.59,45610446,7110.6,42822, 15490738, 33.96,3.96
UCOBANK, EQ, 09-Nov-2023,37.45,37.5,37.7,37.0, 37.15,37.2,37.29,7089972,2644.18,20526, 1940185, 27.37,-0.67
UCOBANK, EQ, 09-Dec-2020,13.85,14.0,14.25,13.75,13.75,13.8,13.99,7338760,1026.82,9979, 4266336, 58.13,-0.36
UCOBANK, EQ, 09-Dec-2021,13.3,13.3,13.55,13.2, 13.40,13.4,13.4,3732009,500.0,13877, 1470785, 39.41,0.75
UCOBANK, EQ, 09-Dec-2022,23.5,24.25,25.0,22.15, 23.55,23.6,23.91,91904850,21976.67,91114, 21974641, 23.91,0.43
UCOBANK, EQ, 09-Dec-2024,50.03,50.19,50.33,49.3,49.34,49.6,49.85,7623623,3800.6,29482, 1785477, 23.42,-0.86
UCOBANK, EQ, 10-Jan-2020,16.5,16.5,16.65,16.25, 16.30,16.35,16.47,710703,117.07,1679, 273634, 38.50,-0.91
UCOBANK, EQ, 10-Jan-2022,13.25,13.35,13.55,13.3,13.5,13.5,13.43,5501354,738.65,15348, 1902931, 34.59,1.89
UCOBANK, EQ, 10-Jan-2023,30.95,30.7,30.85,29.3,29.85,29.7,29.75,19438325,5782.83,42249, 5116687, 26.32,-4.04
UCOBANK, EQ, 10-Jan-2024,40.35,40.35,40.55,39.7, 39.95,39.9,40.05,6614395,2648.98,18491, 2309116, 34.91,-1.12
UCOBANK, EQ, 10-Jan-2025,42.05,42.25,42.42,40.6,40.89,40.92,41.15,3750249,1543.11,22338, 1173094, 31.28,-2.69
UCOBANK, EQ, 10-Feb-2020,15.3,15.3,15.3,14.9, 15.00,15.0,15.05,453014,68.19,1312, 205803, 45.43,-1.96
UCOBANK, EQ, 10-Feb-2021,13.1,13.1,13.15,12.95,12.95,12.95,13.04,1404033,183.1,10094, 631306, 44.96,-1.15
UCOBANK, EQ, 10-Feb-2022,13.25,13.3,13.35,13.2,13.25,13.25,13.25,1966747,260.67,11978, 798866, 40.62,0.0
UCOBANK, EQ, 10-Feb-2023,27.6,27.5,29.4,27.3, 28.10,28.15,28.39,33077692,9389.23,52434, 4850737, 14.66,1.99
UCOBANK, EQ, 10-Feb-2025,41.99,42.0,42.2,41.14,41.22,41.24,41.48,2006388,832.22,10896, 860725, 42.90,-1.79
UCOBANK, EQ, 10-Mar-2021,13.1,13.15,13.3,12.95, 13.05,13.0,13.1,6692307,876.66,12070, 2739040, 40.93,-0.76
UCOBANK, EQ, 10-Mar-2022,11.75,12.0,12.15,11.85, 11.90,11.9,12.01,2926559,351.61,15348, 972136, 33.22,1.28
UCOBANK, EQ, 10-Mar-2023,27.05,26.5,26.85,26.05, 26.70,26.65,26.55,10444818,2772.89,28507, 2182488, 20.90,-1.48
UCOBANK, EQ, 10-Mar-2025,37.44,37.44,37.7,36.09,36.4,36.3,36.84,3689131,1359.2,14140, 1245673, 33.77,-3.04
UCOBANK, EQ, 10-Apr-2023,25.45,25.45,25.65,24.8, 24.85,24.9,25.16,7684200,1933.2,29198, 1991668, 25.92,-2.16
UCOBANK, EQ, 10-Apr-2024,56.25,56.55,56.8,55.4, 56.10,56.15,55.98,10378291,5809.55,18856, 2636804, 25.41,-0.18
UCOBANK, EQ, 10-May-2021,11.3,11.4,11.5,11.3, 11.40,11.4,11.4,4181285,476.58,4711, 1608556, 38.47,0.88
UCOBANK, EQ, 10-May-2022,11.45,11.45,11.7,11.35, 11.40,11.4,11.49,1484972,170.63,12009, 682883, 45.99,-0.44
UCOBANK, EQ, 10-May-2023,27.5,27.5,27.5,26.6,27.25,27.2,27.05,16121156,4361.18,33133, 3750835, 23.27,-1.09
UCOBANK, EQ, 10-May-2024,51.95,52.05,53.3,50.2,52.6,52.95,51.92,11439270,5939.51,23159, 1862894, 16.29,1.92
UCOBANK, EQ, 10-Jun-2020,12.75,12.75,14.2,12.6, 13.65,13.55,13.53,5806766,785.59,14004, 2179546, 37.53,6.27
UCOBANK, EQ, 10-Jun-2021,13.6,13.65,13.75,13.55, 13.70,13.65,13.64,7113226,970.3,15917, 2475074, 34.80,0.37
UCOBANK, EQ, 10-Jun-2022,11.35,11.25,11.35,11.2,11.25,11.25,11.28,668369,75.36,21159, 380505, 56.93,-0.88
UCOBANK, EQ, 10-Jun-2024,56.95,57.1,57.56,56.15,56.3,56.42,56.97,12334185,7026.45,34169, 3778248, 30.63,-0.93
UCOBANK, EQ, 10-Jul-2020,14.15,14.0,14.1,13.8,14.0,13.95,13.94,1980307,276.0,14428, 971461, 49.06,-1.41
UCOBANK, EQ, 10-Jul-2023,28.8,29.0,29.4,28.25,28.65,28.55,28.82,13760080,3965.44,31051, 3882764, 28.22,-0.87
UCOBANK, EQ, 10-Jul-2024,55.13,55.35,55.74,53.9,54.9,54.72,54.74,8337963,4564.32,29493, 2857800, 34.27,-0.74
UCOBANK, EQ, 10-Aug-2020,13.75,13.85,13.95,13.7, 13.80,13.75,13.81,1001455,138.3,2290, 645045, 64.41,0.0
UCOBANK, EQ, 10-Aug-2021,13.1,13.15,13.2,12.8, 12.85,12.85,12.99,2962739,384.92,16019, 1588684, 53.62,-1.91
UCOBANK, EQ, 10-Aug-2022,11.7,11.75,11.75,11.5,11.55,11.55,11.61,1676134,194.59,21281, 786343, 46.91,-1.28
UCOBANK, EQ, 10-Aug-2023,27.7,27.7,28.2,27.5, 27.75,27.7,27.86,8558433,2384.74,10024, 2044822, 23.89,0.0
UCOBANK, EQ, 10-Sep-2020,12.85,13.0,13.15,12.9, 13.15,13.05,13.04,739491,96.39,1877, 441672, 59.73,1.56
UCOBANK, EQ, 10-Sep-2024,48.48,48.71,49.5,48.71,49.22,49.17,49.13,3253890,1598.74,14291, 917224, 28.19,1.42
UCOBANK, EQ, 10-Oct-2022,11.9,11.8,11.9,11.75, 11.85,11.8,11.82,1395292,164.85,16706, 541009, 38.77,-0.84
UCOBANK, EQ, 10-Oct-2023,40.4,41.0,42.45,40.7, 41.85,42.1,41.63,27501092,11448.87,28427, 5861585, 21.31,4.21
UCOBANK, EQ, 10-Oct-2024,45.78,45.99,46.36,44.4,45.5,45.5,45.84,2717372,1245.64,12580, 785299, 28.90,-0.61
UCOBANK, EQ, 10-Nov-2020,11.75,11.85,11.95,11.7, 11.85,11.85,11.83,1550282,183.38,2095, 818777, 52.81,0.85
UCOBANK, EQ, 10-Nov-2021,14.65,14.55,14.7,14.4, 14.40,14.45,14.54,3396748,493.99,11782, 1552932, 45.72,-1.37
UCOBANK, EQ, 10-Nov-2022,15.75,15.7,15.7,14.85, 14.95,15.0,15.19,24012831,3646.54,30617, 8579916, 35.73,-4.76
UCOBANK, EQ, 10-Nov-2023,37.2,37.0,37.15,36.7,37.05,37.0,36.94,5283807,1951.68,17776, 1308364, 24.76,-0.54
UCOBANK, EQ, 10-Dec-2020,13.8,13.8,13.8,13.3, 13.55,13.55,13.45,2810624,378.17,7879, 1157633, 41.19,-1.81
UCOBANK, EQ, 10-Dec-2021,13.4,13.4,13.9,13.35, 13.75,13.75,13.67,6431949,879.2,16057, 2217523, 34.48,2.61
UCOBANK, EQ, 10-Dec-2024,49.6,49.49,49.89,48.3,48.7,48.73,49.1,9357157,4594.09,28865, 2066488, 22.08,-1.75
UCOBANK, EQ, 11-Jan-2021,12.95,13.1,13.15,12.85, 13.00,12.9,12.97,1662280,215.62,9998, 688915, 41.44,-0.39
UCOBANK, EQ, 11-Jan-2022,13.5,13.5,13.55,13.3,13.3,13.3,13.38,3907146,522.7,60453, 1588221, 40.65,-1.48
UCOBANK, EQ, 11-Jan-2023,29.7,29.95,30.9,29.15, 30.10,30.15,30.06,30479230,9161.1,43868, 4403709, 14.45,1.52
UCOBANK, EQ, 11-Jan-2024,39.9,40.05,40.7,40.0, 40.15,40.1,40.25,6360989,2560.47,20182, 2238090, 35.18,0.5
UCOBANK, EQ, 11-Feb-2020,15.0,15.15,15.2,14.95, 15.00,15.0,15.07,293919,44.28,984, 196003, 66.69,0.0
UCOBANK, EQ, 11-Feb-2021,12.95,13.0,13.15,12.9,13.0,12.95,13.02,1456366,189.6,10303, 674429, 46.31,0.0
UCOBANK, EQ, 11-Feb-2022,13.25,13.15,13.15,12.95,13.0,13.0,13.07,2753939,359.96,13542, 1294693, 47.01,-1.89
UCOBANK, EQ, 11-Feb-2025,41.24,41.24,41.38,39.9,40.1,40.08,40.32,2669713,1076.5,15929, 1078311, 40.39,-2.81
UCOBANK, EQ, 11-Mar-2020,11.35,11.55,11.7,11.3, 11.50,11.5,11.49,558432,64.17,2283, 318661, 57.06,1.32
UCOBANK, EQ, 11-Mar-2022,11.9,11.85,12.05,11.8, 11.90,11.9,11.91,2276652,271.21,12928, 996446, 43.77,0.0
UCOBANK, EQ, 11-Mar-2024,57.5,54.5,55.9,54.05, 54.85,55.0,55.13,22217194,12247.85,47625, 5816768, 26.18,-4.35
UCOBANK, EQ, 11-Mar-2025,36.3,35.81,36.56,35.41,36.35,36.11,36.02,3172649,1142.73,16806, 1048882, 33.06,-0.52
UCOBANK, EQ, 11-Apr-2022,12.7,12.75,12.75,12.5,12.65,12.6,12.59,2254095,283.85,12445, 1274053, 56.52,-0.79
UCOBANK, EQ, 11-Apr-2023,24.9,25.05,26.2,25.05, 25.35,25.45,25.63,12748262,3266.75,24463, 2106318, 16.52,2.21
UCOBANK, EQ, 11-Apr-2025,28.69,29.5,29.5,28.72,28.92,28.94,28.98,8172251,2368.4,23830, 2718259, 33.26,0.87
UCOBANK, EQ, 11-May-2020,11.85,11.95,12.0,11.55, 11.65,11.65,11.71,706768,82.78,2622, 320599, 45.36,-1.69
UCOBANK, EQ, 11-May-2021,11.4,11.4,11.8,11.3, 11.75,11.7,11.59,8756095,1014.57,16361, 3110530, 35.52,2.63
UCOBANK, EQ, 11-May-2022,11.4,11.5,11.55,11.1,11.2,11.25,11.29,1674502,189.13,12137, 869744, 51.94,-1.32
UCOBANK, EQ, 11-May-2023,27.2,27.3,27.8,27.05, 27.20,27.15,27.42,9093664,2493.66,29185, 2749406, 30.23,-0.18
UCOBANK, EQ, 11-Jun-2020,13.55,13.55,13.9,12.9, 13.10,13.0,13.37,3075724,411.36,7253, 1651498, 53.69,-4.06
UCOBANK, EQ, 11-Jun-2021,13.65,13.7,13.9,13.6, 13.70,13.65,13.73,7322605,1005.26,16226, 2587317, 35.33,0.0
UCOBANK, EQ, 11-Jun-2024,56.42,56.5,56.93,55.8,56.14,56.16,56.28,10079346,5673.0,29531, 2687983, 26.67,-0.46
UCOBANK, EQ, 11-Jul-2022,11.2,11.2,11.55,11.2,11.35,11.35,11.35,2979349,338.2,21259, 947733, 31.81,1.34
UCOBANK, EQ, 11-Jul-2023,28.55,28.7,28.8,28.2, 28.30,28.3,28.4,6529998,1854.79,26849, 2150433, 32.93,-0.88
UCOBANK, EQ, 11-Jul-2024,54.72,55.0,55.19,54.2,54.5,54.36,54.6,5754856,3141.93,20403, 2220632, 38.59,-0.66
UCOBANK, EQ, 11-Aug-2020,13.75,13.8,13.85,13.6,13.7,13.65,13.69,1677946,229.7,2408, 798743, 47.60,-0.73
UCOBANK, EQ, 11-Aug-2021,12.85,12.9,12.95,12.35, 12.60,12.6,12.56,4411278,553.93,17536, 1977669, 44.83,-1.95
UCOBANK, EQ, 11-Aug-2022,11.55,11.6,11.7,11.55,11.55,11.55,11.62,2019815,234.65,21340, 778427, 38.54,0.0
UCOBANK, EQ, 11-Aug-2023,27.7,27.85,29.9,27.6, 29.10,29.05,29.04,49220593,14294.97,38401, 13108888, 26.63,4.87
UCOBANK, EQ, 11-Sep-2020,13.05,13.05,13.4,12.95, 13.00,13.05,13.1,845022,110.74,1956, 465857, 55.13,0.0
UCOBANK, EQ, 11-Sep-2023,35.1,35.4,37.3,35.2, 36.65,36.65,36.19,44130366,15969.97,51601, 15089058, 34.19,4.42
UCOBANK, EQ, 11-Sep-2024,49.17,49.45,49.45,48.28,48.36,48.46,48.79,2923287,1426.22,15282, 1000335, 34.22,-1.44
UCOBANK, EQ, 11-Oct-2021,14.8,14.8,14.9,14.1, 14.15,14.25,14.34,13634282,1955.71,21333, 5619331, 41.21,-3.72
UCOBANK, EQ, 11-Oct-2022,11.8,11.85,11.85,11.6, 11.60,11.65,11.73,1270772,149.01,16521, 710584, 55.92,-1.27
UCOBANK, EQ, 11-Oct-2023,42.1,42.3,42.6,41.2, 41.35,41.4,41.81,26453525,11059.05,27224, 7704095, 29.12,-1.66
UCOBANK, EQ, 11-Oct-2024,45.5,45.84,45.84,45.15,45.3,45.26,45.35,2039918,925.03,11162, 590267, 28.94,-0.53
UCOBANK, EQ, 11-Nov-2020,11.85,11.95,12.25,11.9, 12.00,11.95,12.07,2095504,252.88,2644, 960758, 45.85,0.84
UCOBANK, EQ, 11-Nov-2021,14.45,14.4,14.5,14.2, 14.30,14.25,14.31,3797740,543.36,14774, 1689982, 44.50,-1.38
UCOBANK, EQ, 11-Nov-2022,15.0,15.2,15.6,15.0,15.15,15.15,15.21,13091938,1991.04,24728, 4693143, 35.85,1.0
UCOBANK, EQ, 11-Nov-2024,45.48,45.3,45.55,44.2, 44.37,44.4,44.89,3655128,1640.64,17063, 1525592, 41.74,-2.37
UCOBANK, EQ, 11-Dec-2020,13.55,13.6,13.8,13.3, 13.35,13.4,13.59,3364390,457.12,4622, 1392315, 41.38,-1.11
UCOBANK, EQ, 11-Dec-2023,39.85,39.8,41.15,39.8, 40.40,40.5,40.62,29124956,11831.28,36107, 9488580, 32.58,1.63
UCOBANK, EQ, 11-Dec-2024,48.73,48.75,49.28,48.25,48.43,48.39,48.68,6279652,3056.63,23271, 1590764, 25.33,-0.7
UCOBANK, EQ, 12-Jan-2021,12.9,12.8,13.55,12.8, 13.25,13.35,13.2,7017794,926.4,13334, 2472381, 35.23,3.49
UCOBANK, EQ, 12-Jan-2022,13.3,13.35,13.45,13.2,13.25,13.2,13.3,2367692,314.9,13414, 1205649, 50.92,-0.75
UCOBANK, EQ, 12-Jan-2023,30.15,30.15,30.55,29.65, 29.85,29.9,29.96,16729450,5012.19,32359, 2254082, 13.47,-0.83
UCOBANK, EQ, 12-Jan-2024,40.1,40.35,42.0,40.1,41.4,41.45,41.36,26451180,10941.19,36859, 9793342, 37.02,3.37
UCOBANK, EQ, 12-Feb-2020,15.0,15.15,15.15,14.8, 14.90,14.85,14.88,253679,37.75,1016, 171773, 67.71,-1.0
UCOBANK, EQ, 12-Feb-2021,12.95,13.0,13.0,12.85,12.9,12.9,12.93,1522431,196.77,10411, 639313, 41.99,-0.39
UCOBANK, EQ, 12-Feb-2024,60.55,60.9,60.9,54.5, 54.50,55.1,57.33,38435300,22034.11,95528, 11106007, 28.90,-9.0
UCOBANK, EQ, 12-Feb-2025,40.08,40.39,40.43,38.27,40.0,39.96,39.49,5767287,2277.52,28014, 1129185, 19.58,-0.3
UCOBANK, EQ, 12-Mar-2020,11.5,11.3,11.3,10.75, 10.90,10.95,10.94,963438,105.44,2829, 561136, 58.24,-4.78
UCOBANK, EQ, 12-Mar-2021,13.0,13.5,13.85,13.2, 13.45,13.4,13.5,14289165,1928.47,21297, 5329166, 37.30,3.08
UCOBANK, EQ, 12-Mar-2024,55.0,55.0,55.2,51.1, 51.75,51.65,52.8,25029847,13215.9,49290, 5905684, 23.59,-6.09
UCOBANK, EQ, 12-Mar-2025,36.11,36.35,36.5,35.56,35.75,35.68,35.91,1837971,660.04,11242, 726974, 39.55,-1.19
UCOBANK, EQ, 12-Apr-2021,11.95,11.65,11.65,11.0, 11.15,11.15,11.19,11054408,1237.04,21645, 4487629, 40.60,-6.69
UCOBANK, EQ, 12-Apr-2022,12.6,12.6,12.6,12.1, 12.30,12.25,12.3,3898617,479.46,13727, 1523023, 39.07,-2.78
UCOBANK, EQ, 12-Apr-2023,25.45,25.6,25.6,25.05, 25.20,25.25,25.23,8633698,2178.37,28364, 1820821, 21.09,-0.79
UCOBANK, EQ, 12-Apr-2024,56.15,55.8,56.4,54.9, 55.30,55.1,55.58,8541579,4747.63,22016, 2793061, 32.70,-1.87
UCOBANK, EQ, 12-May-2020,11.65,11.5,11.5,11.1, 11.45,11.3,11.25,747651,84.1,2528, 358332, 47.93,-3.0
UCOBANK, EQ, 12-May-2021,11.7,11.75,13.05,11.65,12.7,12.6,12.5,50070757,6258.17,39348, 12757520, 25.48,7.69
UCOBANK, EQ, 12-May-2022,11.25,11.15,11.2,10.9,11.15,11.05,11.08,2204731,244.25,11905, 1236462, 56.08,-1.78
UCOBANK, EQ, 12-May-2023,27.15,27.25,27.6,27.05, 27.15,27.15,27.22,4954638,1348.86,25202, 1511376, 30.50,0.0
UCOBANK, EQ, 12-Jun-2020,13.0,12.6,12.95,12.1, 12.85,12.85,12.6,1807249,227.64,6447, 632747, 35.01,-1.15
UCOBANK, EQ, 12-Jun-2023,27.05,27.05,27.15,26.8, 26.80,26.9,26.92,2884695,776.7,6634, 1282775, 44.47,-0.55
UCOBANK, EQ, 12-Jun-2024,56.16,56.2,58.5,56.07,57.4,57.3,57.59,18590268,10705.61,47987, 5079995, 27.33,2.03
UCOBANK, EQ, 12-Jul-2021,14.3,14.4,14.5,14.2, 14.25,14.25,14.32,5308839,759.99,14899, 2268928, 42.74,-0.35
UCOBANK, EQ, 12-Jul-2022,11.35,11.25,11.5,11.25,11.3,11.3,11.39,851076,96.97,20833, 433323, 50.91,-0.44
UCOBANK, EQ, 12-Jul-2023,28.3,28.4,29.3,28.3, 28.85,28.85,28.87,17762050,5128.3,33426, 5171410, 29.11,1.94
UCOBANK, EQ, 12-Jul-2024,54.36,54.5,55.33,54.2,54.36,54.38,54.57,6254547,3413.05,23446, 1708451, 27.32,0.04
UCOBANK, EQ, 12-Aug-2020,13.65,14.0,14.15,13.9,13.95,13.9,14.0,3847173,538.75,5726, 2200509, 57.20,1.83
UCOBANK, EQ, 12-Aug-2021,12.6,12.6,13.4,12.6, 13.30,13.25,13.04,6107851,796.46,15970, 2145455, 35.13,5.16
UCOBANK, EQ, 12-Aug-2022,11.55,11.6,11.6,11.45,11.55,11.5,11.52,1717900,197.87,21407, 794064, 46.22,-0.43
UCOBANK, EQ, 12-Aug-2024,51.61,51.01,51.38,50.62,51.25,51.17,51.04,5572721,2844.58,25232, 1445150, 25.93,-0.85
UCOBANK, EQ, 12-Sep-2022,12.4,12.45,12.55,12.35, 12.45,12.45,12.43,3470762,431.5,21043, 1677869, 48.34,0.4
UCOBANK, EQ, 12-Sep-2023,36.65,36.95,37.35,33.3, 33.95,33.65,34.84,37364718,13017.62,53411, 12956190, 34.67,-8.19
UCOBANK, EQ, 12-Sep-2024,48.46,48.9,48.99,48.33,48.56,48.53,48.55,2546370,1236.19,13097, 813543, 31.95,0.14
UCOBANK, EQ, 12-Oct-2020,12.15,12.2,12.3,11.8, 11.90,11.9,12.04,882694,106.26,2053, 508981, 57.66,-2.06
UCOBANK, EQ, 12-Oct-2021,14.25,14.05,14.55,13.95, 14.20,14.3,14.27,13853676,1976.44,21705, 3881562, 28.02,0.35
UCOBANK, EQ, 12-Oct-2022,11.65,11.65,11.75,11.65, 11.70,11.7,11.7,947219,110.81,15764, 443583, 46.83,0.43
UCOBANK, EQ, 12-Oct-2023,41.4,41.6,42.2,41.15, 41.60,41.45,41.48,17595254,7298.15,18113, 2689269, 15.28,0.12
UCOBANK, EQ, 12-Nov-2020,11.95,11.95,11.95,11.75, 11.75,11.8,11.8,787101,92.89,1498, 527677, 67.04,-1.26
UCOBANK, EQ, 12-Nov-2021,14.25,14.3,14.4,14.05, 14.10,14.1,14.15,4301307,608.74,14086, 2059878, 47.89,-1.05
UCOBANK, EQ, 12-Nov-2024,44.4,44.55,45.18,43.52,43.9,43.87,44.45,2949524,1311.13,17511, 910837, 30.88,-1.19
UCOBANK, EQ, 12-Dec-2022,23.6,23.6,24.5,22.25, 24.40,24.25,23.52,55210146,12987.83,62921, 11714028, 21.22,2.75
UCOBANK, EQ, 12-Dec-2023,40.5,40.7,41.2,39.9, 40.10,40.15,40.65,17989794,7313.69,29161, 5752468, 31.98,-0.86
UCOBANK, EQ, 12-Dec-2024,48.39,48.39,48.88,47.66,48.55,48.62,48.21,5749588,2772.05,23137, 1555895, 27.06,0.48
UCOBANK, EQ, 13-Jan-2020,16.35,16.35,16.45,16.15, 16.20,16.2,16.25,803383,130.58,1730, 388162, 48.32,-0.92
UCOBANK, EQ, 13-Jan-2021,13.35,13.35,13.45,13.05, 13.20,13.25,13.23,4381028,579.77,11977, 1769278, 40.38,-0.75
UCOBANK, EQ, 13-Jan-2022,13.2,13.25,13.3,13.15, 13.25,13.25,13.24,2132786,282.29,12562, 857446, 40.20,0.38
UCOBANK, EQ, 13-Jan-2023,29.9,30.0,30.45,29.7,30.1,30.05,30.05,18939631,5691.29,32481, 2734551, 14.44,0.5
UCOBANK, EQ, 13-Jan-2025,40.92,40.85,40.89,38.01,38.55,38.56,39.5,6077828,2401.02,31066, 1953136, 32.14,-5.77
UCOBANK, EQ, 13-Feb-2020,14.85,14.9,14.95,14.5, 14.65,14.6,14.71,385402,56.68,1536, 229410, 59.52,-1.68
UCOBANK, EQ, 13-Feb-2023,28.15,28.4,28.4,27.6,27.9,27.9,27.9,8840066,2466.2,35041, 2007059, 22.70,-0.89
UCOBANK, EQ, 13-Feb-2024,55.1,54.9,58.1,52.3, 56.55,56.6,56.07,53510740,30002.29,101124, 8771414, 16.39,2.72
UCOBANK, EQ, 13-Feb-2025,39.96,40.0,40.75,39.9,40.08,40.2,40.29,3064165,1234.68,13166, 796503, 25.99,0.6
UCOBANK, EQ, 13-Mar-2020,10.95,10.0,12.9,9.75, 11.10,11.1,10.86,1296137,140.72,3672, 608468, 46.94,1.37
UCOBANK, EQ, 13-Mar-2023,26.65,26.2,26.85,25.25, 25.60,25.45,26.1,9278408,2421.78,30320, 2594786, 27.97,-4.5
UCOBANK, EQ, 13-Mar-2024,51.65,51.5,52.9,47.3, 47.90,48.15,49.46,30333152,15003.15,57471, 9784889, 32.26,-6.78
UCOBANK, EQ, 13-Mar-2025,35.68,35.8,36.1,35.11,35.26,35.2,35.58,2531661,900.8,12808, 922456, 36.44,-1.35
UCOBANK, EQ, 13-Apr-2020,9.2,9.25,9.3,9.1, 9.10,9.1,9.13,356180,32.52,5900,234499,73.37,-1.09
UCOBANK, EQ, 13-Apr-2021,11.15,11.25,11.65,11.15, 11.45,11.5,11.39,11182122,1273.63,17580, 2366044, 21.16,3.14
UCOBANK, EQ, 13-Apr-2022,12.25,12.35,12.45,12.3,12.35,12.3,12.36,1932610,238.86,11914, 717064, 37.10,0.41
UCOBANK, EQ, 13-Apr-2023,25.25,25.3,26.65,25.2, 26.40,26.35,25.91,17288536,4479.79,33518, 4564502, 26.40,4.36
UCOBANK, EQ, 13-May-2020,11.3,11.95,12.4,11.65,12.05,11.95,11.91,1375680,163.88,3396, 715459, 52.01,5.75
UCOBANK, EQ, 13-May-2022,11.05,11.3,11.8,11.2,11.7,11.55,11.48,2904212,333.4,3445, 1158896, 39.90,4.52
UCOBANK, EQ, 13-May-2024,52.95,52.95,53.0,51.0,51.65,51.65,51.71,8255633,4268.63,19951, 1942478, 23.53,-2.46
UCOBANK, EQ, 13-Jun-2022,11.25,11.15,11.25,11.05,11.1,11.1,11.16,1445232,161.26,22119, 844794, 58.45,-1.33
UCOBANK, EQ, 13-Jun-2023,26.9,26.9,27.0,26.75, 26.85,26.8,26.86,3064615,823.27,26035, 1411855, 46.07,-0.37
UCOBANK, EQ, 13-Jun-2024,57.3,57.9,58.04,56.7,57.0,56.94,57.27,9800932,5613.18,30813, 3229441, 32.95,-0.63
UCOBANK, EQ, 13-Jul-2020,13.95,13.9,14.05,13.7, 13.75,13.75,13.79,1462601,201.65,5355, 812719, 55.57,-1.43
UCOBANK, EQ, 13-Jul-2021,14.25,14.35,14.45,14.15, 14.20,14.3,14.29,4821634,689.08,4611, 1837752, 38.11,0.35
UCOBANK, EQ, 13-Jul-2022,11.3,11.4,11.5,11.25,11.3,11.3,11.33,1171656,132.8,20873, 541985, 46.26,0.0
UCOBANK, EQ, 13-Jul-2023,28.85,29.05,29.6,27.75, 27.90,27.9,28.55,14402595,4111.35,31785, 4833145, 33.56,-3.29
UCOBANK, EQ, 13-Aug-2020,13.9,14.05,14.05,13.75, 13.80,13.75,13.84,1552897,214.87,2932, 851092, 54.81,-1.08
UCOBANK, EQ, 13-Aug-2021,13.25,13.3,14.15,13.2,14.0,13.9,13.72,11137438,1527.69,21394, 4487601, 40.29,4.91
UCOBANK, EQ, 13-Aug-2024,51.17,51.4,51.84,50.21,50.25,50.42,51.02,4405887,2247.71,19926, 1584518, 35.96,-1.47
UCOBANK, EQ, 13-Sep-2021,14.2,14.2,14.2,13.75, 13.85,13.8,13.93,9214812,1283.91,35721, 3232056, 35.07,-2.82
UCOBANK, EQ, 13-Sep-2022,12.45,12.5,12.55,12.35, 12.40,12.4,12.47,1963204,244.77,18631, 912767, 46.49,-0.4
UCOBANK, EQ, 13-Sep-2023,33.65,33.85,35.7,32.7, 35.60,35.55,34.37,33188296,11406.15,42229, 9380983, 28.27,5.65
UCOBANK, EQ, 13-Sep-2024,48.53,48.81,50.6,48.57,49.6,49.64,49.77,7055468,3511.2,26187, 1742024, 24.69,2.29
UCOBANK, EQ, 13-Oct-2020,11.9,11.9,11.9,11.75, 11.80,11.75,11.82,641295,75.82,1469, 396202, 61.78,-1.26
UCOBANK, EQ, 13-Oct-2021,14.3,14.3,14.5,14.25,14.3,14.35,14.35,8439305,1210.82,18651, 3525149, 41.77,0.35
UCOBANK, EQ, 13-Oct-2022,11.7,11.7,11.75,11.55,11.6,11.6,11.64,1019094,118.59,16076, 514453, 50.48,-0.85
UCOBANK, EQ, 13-Oct-2023,41.45,41.4,41.6,40.9, 41.00,40.95,41.17,16636744,6849.25,20151, 4196938, 25.23,-1.21
UCOBANK, EQ, 13-Nov-2020,11.8,11.75,11.8,11.7,11.8,11.75,11.75,687588,80.76,1180, 369770, 53.78,-0.42
UCOBANK, EQ, 13-Nov-2023,37.5,37.45,40.2,37.05, 39.70,39.6,38.82,36375826,14120.88,42249, 11240409, 30.90,5.6
UCOBANK, EQ, 13-Nov-2024,43.87,42.5,43.64,41.36,41.7,41.61,42.34,5791301,2452.14,29390, 2033324, 35.11,-5.15
UCOBANK, EQ, 13-Dec-2021,13.75,14.0,14.15,13.65,13.65,13.7,13.87,3667309,508.67,16087, 1635909, 44.61,-0.36
UCOBANK, EQ, 13-Dec-2022,24.25,24.5,29.1,24.3, 29.10,29.05,27.41,203920141,55889.59,141318, 33528718, 16.44,19.79
UCOBANK, EQ, 13-Dec-2023,40.15,40.15,40.3,39.75, 40.00,40.05,40.04,9679107,3875.27,20374, 2437572, 25.18,-0.25
UCOBANK, EQ, 13-Dec-2024,48.62,48.48,48.6,45.84,47.0,46.89,46.81,12962580,6068.21,43705, 4127634, 31.84,-3.56
UCOBANK, EQ, 14-Jan-2020,16.2,16.1,16.35,16.1, 16.20,16.15,16.2,692008,112.08,1581, 386578, 55.86,-0.31
UCOBANK, EQ, 14-Jan-2021,13.25,13.25,13.35,13.05, 13.15,13.15,13.2,2285484,301.65,10450, 898466, 39.31,-0.75
UCOBANK, EQ, 14-Jan-2022,13.25,13.25,13.4,13.2, 13.25,13.2,13.29,3430753,456.06,12976, 1223589, 35.67,-0.38
UCOBANK, EQ, 14-Jan-2025,38.56,38.63,46.27,38.63,45.5,45.27,43.54,21598947,9404.15,65701, 4338953, 20.09,17.4
UCOBANK, EQ, 14-Feb-2020,14.6,14.5,14.65,14.05, 14.15,14.1,14.29,444991,63.61,1542, 269492, 60.56,-3.42
UCOBANK, EQ, 14-Feb-2022,13.0,12.9,12.9,12.5,12.55,12.55,12.71,4149177,527.3,15206, 1806255, 43.53,-3.46
UCOBANK, EQ, 14-Feb-2023,27.9,27.9,28.0,27.15,27.4,27.35,27.47,6945603,1907.79,30435, 1792936, 25.81,-1.97
UCOBANK, EQ, 14-Feb-2024,56.6,54.9,59.5,54.2, 59.20,58.9,57.31,42505539,24360.57,64507, 6411210, 15.08,4.06
UCOBANK, EQ, 14-Feb-2025,40.2,40.46,40.46,39.0,39.3,39.25,39.46,3102799,1224.35,16750, 1113847, 35.90,-2.36
UCOBANK, EQ, 14-Mar-2022,11.9,11.95,12.05,11.95,12.0,12.0,11.99,1938116,232.45,13258, 1159343, 59.82,0.84
UCOBANK, EQ, 14-Mar-2023,25.45,25.75,25.9,24.45, 24.90,24.8,24.95,12131153,3026.51,38681, 2908254, 23.97,-2.55
UCOBANK, EQ, 14-Mar-2024,48.15,48.15,52.95,47.3, 52.95,52.95,50.86,20943620,10652.56,38627, 5562550, 26.56,9.97
UCOBANK, EQ, 14-May-2020,11.95,12.0,12.0,11.65,11.75,11.75,11.77,538664,63.4,1682, 245150, 45.51,-1.67
UCOBANK, EQ, 14-May-2021,12.6,12.9,13.45,12.65, 12.75,12.8,12.98,33704777,4374.04,34563, 7713454, 22.89,1.59
UCOBANK, EQ, 14-May-2024,51.65,51.95,52.7,51.6,52.4,52.1,52.2,6695898,3495.27,16040, 1875484, 28.01,0.87
UCOBANK, EQ, 14-Jun-2021,13.65,13.65,13.75,13.25, 13.70,13.7,13.55,5740569,777.7,15899, 2393787, 41.70,0.37
UCOBANK, EQ, 14-Jun-2022,11.1,11.1,11.2,11.0, 11.05,11.05,11.09,1298572,143.95,22214, 634627, 48.87,-0.45
UCOBANK, EQ, 14-Jun-2023,26.8,26.9,27.0,26.45, 26.60,26.6,26.68,3680271,981.97,27061, 1748620, 47.51,-0.75
UCOBANK, EQ, 14-Jun-2024,56.94,57.0,57.55,56.5,56.79,56.8,57.01,7897385,4502.08,25175, 2511524, 31.80,-0.25
UCOBANK, EQ, 14-Jul-2020,13.75,13.65,13.75,13.25,13.3,13.3,13.38,1282596,171.6,8337, 635252, 49.53,-3.27
UCOBANK, EQ, 14-Jul-2021,14.3,14.3,14.3,14.1, 14.10,14.1,14.2,4089857,580.81,13800, 1807075, 44.18,-1.4
UCOBANK, EQ, 14-Jul-2022,11.3,11.3,11.35,11.1, 11.20,11.15,11.21,1364994,152.99,20664, 569153, 41.70,-1.33
UCOBANK, EQ, 14-Jul-2023,27.9,28.05,28.15,27.5,27.95,27.8,27.82,7323981,2037.88,27312, 2410718, 32.92,-0.36
UCOBANK, EQ, 14-Aug-2020,13.75,13.75,13.9,13.55, 13.65,13.65,13.71,1248317,171.11,2647, 663909, 53.18,-0.73
UCOBANK, EQ, 14-Aug-2023,29.05,29.15,29.95,28.3, 29.35,29.35,29.21,28066075,8199.34,26981, 8230509, 29.33,1.03
UCOBANK, EQ, 14-Aug-2024,50.42,50.4,50.65,49.6,49.85,49.74,49.96,6397489,3196.13,26726, 1755259, 27.44,-1.35
UCOBANK, EQ, 14-Sep-2020,13.05,13.1,14.75,13.0,14.4,14.3,14.04,12805194,1798.04,17335, 4746625, 37.07,9.58
UCOBANK, EQ, 14-Sep-2021,13.8,13.85,13.9,13.5, 13.60,13.55,13.68,5862626,801.88,17628, 2409889, 41.11,-1.81
UCOBANK, EQ, 14-Sep-2022,12.4,12.2,12.55,12.2,12.4,12.4,12.38,4003160,495.65,19306, 1331231, 33.25,0.0
UCOBANK, EQ, 14-Sep-2023,35.55,35.95,37.6,35.05, 36.90,37.15,36.23,57503482,20833.56,59754, 14687399, 25.54,4.5
UCOBANK, EQ, 14-Oct-2020,11.75,11.75,11.75,11.5, 11.70,11.7,11.62,942202,109.48,2054, 507419, 53.85,-0.43
UCOBANK, EQ, 14-Oct-2021,14.35,14.35,14.6,14.25,14.3,14.3,14.39,7269660,1045.94,16885, 3272167, 45.01,-0.35
UCOBANK, EQ, 14-Oct-2022,11.6,11.75,11.8,11.6, 11.65,11.65,11.69,1115759,130.42,15894, 536063, 48.04,0.43
UCOBANK, EQ, 14-Oct-2024,45.26,45.44,45.8,45.02,45.2,45.11,45.38,2282907,1035.96,13502, 734049, 32.15,-0.33
UCOBANK, EQ, 14-Nov-2022,15.15,15.2,15.2,14.7,14.75,14.8,14.94,10678259,1595.26,22328, 3685293, 34.51,-2.31
UCOBANK, EQ, 14-Nov-2024,41.61,41.8,42.2,40.2, 41.45,41.27,41.6,4957458,2062.1,25031, 1076698, 21.72,-0.82
UCOBANK, EQ, 14-Dec-2020,13.4,13.5,13.65,13.3,13.4,13.4,13.44,2018643,271.28,4831, 1039250, 51.48,0.0
UCOBANK, EQ, 14-Dec-2021,13.7,13.6,13.7,13.55,13.6,13.6,13.61,2672552,363.63,13252, 1058400, 39.60,-0.73
UCOBANK, EQ, 14-Dec-2022,29.05,30.6,34.5,29.3, 33.25,33.25,32.13,396389777,127357.1,324499, 41495546, 10.47,14.46
UCOBANK, EQ, 14-Dec-2023,40.05,40.45,40.65,40.05, 40.20,40.25,40.26,9245808,3722.39,20827, 2862504, 30.96,0.5
UCOBANK, EQ, 15-Jan-2020,16.15,16.2,16.35,15.95, 16.20,16.2,16.17,565382,91.43,1291, 229105, 40.52,0.31
UCOBANK, EQ, 15-Jan-2021,13.15,13.1,13.25,12.95,13.05,13.0,13.08,1715239,224.27,10075, 721112, 42.04,-1.14
UCOBANK, EQ, 15-Jan-2024,41.45,42.0,43.25,41.25, 41.65,41.65,42.12,32543074,13706.17,45454, 11008543, 33.83,0.48
UCOBANK, EQ, 15-Jan-2025,45.27,44.0,44.0,41.62,42.4,42.41,42.31,17827124,7543.54,58825, 2827048, 15.86,-6.32
UCOBANK, EQ, 15-Feb-2021,12.9,12.95,13.05,12.8, 12.85,12.85,12.9,1360611,175.51,10473, 591127, 43.45,-0.39
UCOBANK, EQ, 15-Feb-2022,12.55,12.6,12.8,12.4,12.8,12.75,12.6,4294571,540.91,13994, 1467884, 34.18,1.59
UCOBANK, EQ, 15-Feb-2023,27.35,27.45,27.85,27.1, 27.25,27.25,27.34,8303021,2270.34,30451, 1802197, 21.71,-0.37
UCOBANK, EQ, 15-Feb-2024,58.9,59.35,62.0,57.55, 61.50,61.6,60.04,62332576,37422.14,99867, 11363835, 18.23,4.58
UCOBANK, EQ, 15-Mar-2021,13.4,14.15,14.75,13.75, 14.05,14.05,14.27,50424843,7193.98,51078, 12241182, 24.28,4.85
UCOBANK, EQ, 15-Mar-2022,12.0,12.0,12.15,11.85,11.85,11.85,11.96,2004027,239.77,13250, 986669, 49.23,-1.25
UCOBANK, EQ, 15-Mar-2023,24.8,25.25,25.65,24.7, 24.90,24.85,25.0,7239983,1810.24,27746, 1423752, 19.67,0.2
UCOBANK, EQ, 15-Mar-2024,52.95,52.9,55.0,50.4, 52.35,52.4,52.26,21270818,11116.79,40935, 5282383, 24.83,-1.04
UCOBANK, EQ, 15-Apr-2020,9.1,9.15,9.45,9.15, 9.35,9.3,9.26,570114,52.82,7295, 326294, 57.23,2.2
UCOBANK, EQ, 15-Apr-2021,11.5,11.5,11.5,11.1,11.4,11.4,11.29,8625738,974.13,15047, 2496383, 28.94,-0.87
UCOBANK, EQ, 15-Apr-2024,55.1,52.0,54.15,51.55, 53.35,53.15,53.03,12592638,6677.78,29072, 3328799, 26.43,-3.54
UCOBANK, EQ, 15-Apr-2025,28.94,29.36,29.71,29.01,29.57,29.53,29.4,8009816,2355.2,24344, 3437635, 42.92,2.04
UCOBANK, EQ, 15-May-2020,11.75,11.8,11.8,11.6,11.75,11.7,11.68,338101,39.5,1124, 177394, 52.47,-0.43
UCOBANK, EQ, 15-May-2023,27.15,27.25,27.35,26.7, 26.85,26.85,26.98,7683574,2073.0,27866, 2630244, 34.23,-1.1
UCOBANK, EQ, 15-May-2024,52.1,52.45,53.75,52.4,52.8,52.75,53.02,7033933,3729.71,17235, 1702270, 24.20,1.25
UCOBANK, EQ, 15-Jun-2020,12.85,13.0,13.75,12.85,13.25,13.3,13.29,3941134,523.76,11274, 1371928, 34.81,3.5
UCOBANK, EQ, 15-Jun-2021,13.7,13.8,14.6,13.65, 14.25,14.25,14.18,27500564,3900.29,29334, 9703807, 35.29,4.01
UCOBANK, EQ, 15-Jun-2022,11.05,11.1,11.15,10.95, 11.00,10.95,11.02,1334405,147.02,21310, 696241, 52.18,-0.9
UCOBANK, EQ, 15-Jun-2023,26.6,26.6,26.85,26.15, 26.25,26.2,26.44,4635310,1225.4,28083, 2101845, 45.34,-1.5
UCOBANK, EQ, 15-Jul-2020,13.3,13.5,13.6,13.1,13.2,13.2,13.32,1019166,135.8,6517, 430205, 42.21,-0.75
UCOBANK, EQ, 15-Jul-2021,14.1,14.15,14.25,14.0, 14.10,14.05,14.12,3660781,516.79,13812, 1714635, 46.84,-0.35
UCOBANK, EQ, 15-Jul-2022,11.15,11.2,11.25,10.95,11.2,11.2,11.13,1274085,141.82,21593, 218314, 17.13,0.45
UCOBANK, EQ, 15-Jul-2024,54.38,54.7,57.69,53.9,56.39,56.39,56.47,36859416,20813.18,84701, 10939051, 29.68,3.7
UCOBANK, EQ, 15-Sep-2020,14.3,14.45,14.5,13.7, 13.80,13.8,14.02,5818691,815.84,8927, 2734066, 46.99,-3.5
UCOBANK, EQ, 15-Sep-2021,13.55,13.55,13.75,13.4, 13.65,13.6,13.61,5683208,773.27,25812, 2178838, 38.34,0.37
UCOBANK, EQ, 15-Sep-2022,12.4,12.55,12.75,12.45,12.5,12.5,12.58,5065166,637.19,22623, 2008804, 39.66,0.81
UCOBANK, EQ, 15-Sep-2023,37.15,37.0,40.95,36.75, 40.05,40.4,39.73,171087726,67966.77,144868, 32840218, 19.19,8.75
UCOBANK, EQ, 15-Oct-2020,11.7,11.7,11.75,11.4, 11.45,11.45,11.56,984328,113.83,2401, 468355, 47.58,-2.14
UCOBANK, EQ, 15-Oct-2024,45.11,45.33,45.4,44.91,45.35,45.18,45.13,2453597,1107.42,13195, 777750, 31.70,0.16
UCOBANK, EQ, 15-Nov-2021,14.1,14.15,14.25,13.9, 13.95,13.95,14.01,3028365,424.27,14983, 1567500, 51.76,-1.06
UCOBANK, EQ, 15-Nov-2022,14.8,14.75,14.85,14.3, 14.55,14.55,14.58,14557260,2122.35,23448, 3876989, 26.63,-1.69
UCOBANK, EQ, 15-Nov-2023,39.6,40.2,40.45,39.4, 39.80,39.8,39.82,20800888,8283.26,32978, 7409893, 35.62,0.51
UCOBANK, EQ, 15-Dec-2020,13.4,13.4,13.4,13.1,13.15,13.2,13.2,1707094,225.39,6778, 923704, 54.11,-1.49
UCOBANK, EQ, 15-Dec-2021,13.6,13.6,13.65,13.4, 13.50,13.4,13.5,1989964,268.56,12669, 1114517, 56.01,-1.47
UCOBANK, EQ, 15-Dec-2022,33.25,32.9,36.55,31.7, 35.75,35.6,35.46,346176229,122742.66,293736, 31177421, 9.01,7.07
UCOBANK, EQ, 15-Dec-2023,40.25,40.3,41.15,40.05, 40.70,40.75,40.68,21778831,8860.19,30111, 6438824, 29.56,1.24
UCOBANK, EQ, 16-Jan-2020,16.2,16.35,16.35,16.1, 16.25,16.2,16.25,700104,113.8,1533, 242798, 34.68,0.0
UCOBANK, EQ, 16-Jan-2023,30.05,30.3,32.95,30.1, 32.70,32.55,32.2,71319143,22963.1,74169, 15750100, 22.08,8.32
UCOBANK, EQ, 16-Jan-2024,41.65,41.8,43.0,41.4, 41.95,41.95,42.26,29996129,12677.53,40818, 9512638, 31.71,0.72
UCOBANK, EQ, 16-Jan-2025,42.41,42.85,44.15,42.81,42.93,42.94,43.41,8347158,3623.1,30652, 1925600, 23.07,1.25
UCOBANK, EQ, 16-Feb-2021,12.85,13.1,13.45,13.0, 13.15,13.15,13.19,7807937,1030.08,15209, 2579448, 33.04,2.33
UCOBANK, EQ, 16-Feb-2022,12.75,12.85,12.9,12.65,12.8,12.8,12.81,3846707,492.57,12799, 1283911, 33.38,0.39
UCOBANK, EQ, 16-Feb-2023,27.25,27.45,27.65,26.1, 26.45,26.55,26.94,8423585,2269.68,34146, 3307049, 39.26,-2.57
UCOBANK, EQ, 16-Feb-2024,61.6,62.0,62.8,60.15,60.35,60.6,61.33,32557812,19967.54,52450, 8382269, 25.75,-1.62
UCOBANK, EQ, 16-Mar-2020,11.1,10.95,10.95,10.2, 10.90,10.75,10.77,643816,69.35,2212, 321054, 49.87,-3.15
UCOBANK, EQ, 16-Mar-2021,14.05,14.15,14.35,13.85, 14.05,14.05,14.15,21091939,2984.99,17826, 4279260, 20.29,0.0
UCOBANK, EQ, 16-Mar-2022,11.85,11.95,12.0,11.85,11.95,11.9,11.92,1044497,124.46,10260, 594679, 56.93,0.42
UCOBANK, EQ, 16-Mar-2023,24.85,24.8,25.35,23.95, 25.05,25.1,24.56,12502598,3070.67,30900, 2295415, 18.36,1.01
UCOBANK, EQ, 16-Apr-2020,9.3,9.4,10.0,9.2, 10.00,9.9,9.72,1056673,102.7,4298, 412757, 39.06,6.45
UCOBANK, EQ, 16-Apr-2021,11.4,11.4,11.65,11.15,11.2,11.2,11.39,6565267,747.74,15371, 2077249, 31.64,-1.75
UCOBANK, EQ, 16-Apr-2024,53.15,52.8,55.0,52.35, 54.05,54.1,53.92,11705631,6312.0,20870, 3099103, 26.48,1.79
UCOBANK, EQ, 16-Apr-2025,29.53,29.5,30.61,29.5,30.3,30.25,30.27,11147302,3374.19,29412, 4212873, 37.79,2.44
UCOBANK, EQ, 16-May-2022,11.55,11.65,11.8,11.6,11.75,11.75,11.71,2361799,276.6,16279, 1024065, 43.36,1.73
UCOBANK, EQ, 16-May-2023,26.85,27.1,27.85,27.0,27.25,27.2,27.41,10210995,2799.14,28528, 2487557, 24.36,1.3
UCOBANK, EQ, 16-May-2024,52.75,53.15,53.4,52.1,52.45,52.55,52.61,6190952,3257.37,17567, 1595965, 25.78,-0.38
UCOBANK, EQ, 16-Jun-2020,13.3,13.55,13.7,12.7, 12.90,12.95,13.19,2365447,311.93,7893, 1080566, 45.68,-2.63
UCOBANK, EQ, 16-Jun-2021,14.25,14.25,14.45,13.9, 14.05,14.05,14.17,14827699,2101.57,22983, 5949709, 40.13,-1.4
UCOBANK, EQ, 16-Jun-2022,10.95,11.05,11.1,10.8, 10.85,10.85,10.9,1594519,173.88,23251, 813945, 51.05,-0.91
UCOBANK, EQ, 16-Jun-2023,26.2,26.4,26.6,26.25, 26.40,26.35,26.37,5602926,1477.25,26674, 1401753, 25.02,0.57
UCOBANK, EQ, 16-Jul-2020,13.2,13.25,13.35,12.65, 13.05,13.0,12.94,1790622,231.72,9919, 645561, 36.05,-1.52
UCOBANK, EQ, 16-Jul-2021,14.05,14.1,14.2,14.0, 14.00,14.05,14.08,3759950,529.41,13562, 1628214, 43.30,0.0
UCOBANK, EQ, 16-Jul-2024,56.39,56.5,57.85,55.67,56.2,56.09,56.62,11756138,6656.8,39337, 3680681, 31.31,-0.53
UCOBANK, EQ, 16-Aug-2021,13.9,13.9,13.95,13.45,13.6,13.5,13.67,3574350,488.46,15351, 1479070, 41.38,-2.88
UCOBANK, EQ, 16-Aug-2022,11.5,11.5,11.7,11.5,11.65,11.6,11.6,1407138,163.27,18761, 671179, 47.70,0.87
UCOBANK, EQ, 16-Aug-2023,29.35,29.15,30.75,28.9, 30.40,30.4,30.23,37787473,11424.5,41303, 12570950, 33.27,3.58
UCOBANK, EQ, 16-Aug-2024,49.74,50.4,50.85,50.05,50.79,50.68,50.41,3238713,1632.63,13383, 1075413, 33.20,1.89
UCOBANK, EQ, 16-Sep-2020,13.8,13.7,13.8,13.4,13.55,13.5,13.57,1593660,216.31,3778, 796194, 49.96,-2.17
UCOBANK, EQ, 16-Sep-2021,13.6,13.6,14.55,13.6,14.4,14.35,14.19,20860581,2961.08,33850, 8110115, 38.88,5.51
UCOBANK, EQ, 16-Sep-2022,12.5,12.5,12.55,12.05, 12.10,12.1,12.3,4562908,561.31,19728, 1891022, 41.44,-3.2
UCOBANK, EQ, 16-Sep-2024,49.64,49.9,50.57,49.3,49.7,49.5,49.79,4657048,2318.54,19890, 1260126, 27.06,-0.28
UCOBANK, EQ, 16-Oct-2020,11.45,11.4,11.65,11.3, 11.45,11.4,11.4,909177,103.67,1720, 339918, 37.39,-0.44
UCOBANK, EQ, 16-Oct-2023,40.95,41.2,41.5,40.75, 40.90,40.9,41.03,18095229,7424.2,19040, 3686219, 20.37,-0.12
UCOBANK, EQ, 16-Oct-2024,45.18,45.0,46.09,45.0,45.62,45.56,45.57,2748784,1252.65,14260, 733291, 26.68,0.84
UCOBANK, EQ, 16-Nov-2021,13.95,13.95,14.0,13.6, 13.65,13.6,13.74,6463142,887.74,17473, 2778302, 42.99,-2.51
UCOBANK, EQ, 16-Nov-2022,14.55,14.5,15.15,14.4, 14.85,14.9,14.91,19034932,2837.35,19284, 4034899, 21.20,2.41
UCOBANK, EQ, 16-Nov-2023,39.8,39.8,39.8,39.15, 39.35,39.35,39.43,9179135,3618.91,22118, 3153494, 34.36,-1.13
UCOBANK, EQ, 16-Dec-2020,13.2,13.25,13.4,13.1, 13.15,13.1,13.21,2082490,275.01,5306, 1152518, 55.34,-0.76
UCOBANK, EQ, 16-Dec-2021,13.4,13.45,13.65,13.25, 13.30,13.3,13.4,2100909,281.45,13003, 865313, 41.19,-0.75
UCOBANK, EQ, 16-Dec-2022,35.6,36.1,38.15,34.8, 36.50,36.4,36.62,277935587,101793.31,271779, 29860435, 10.74,2.25
UCOBANK, EQ, 16-Dec-2024,46.89,47.0,48.3,46.8,46.93,47.06,47.47,6958293,3302.94,27940, 1542675, 22.17,0.36
UCOBANK, EQ, 17-Jan-2020,16.2,16.25,16.4,16.05, 16.25,16.2,16.22,603433,97.87,1295, 304818, 50.51,0.0
UCOBANK, EQ, 17-Jan-2022,13.2,13.3,13.4,13.25,13.35,13.3,13.32,2227416,296.77,13471, 1138589, 51.12,0.76
UCOBANK, EQ, 17-Jan-2023,32.55,32.8,33.1,31.1,31.8,31.7,32.02,46527789,14898.9,52392, 9752368, 20.96,-2.61
UCOBANK, EQ, 17-Jan-2024,41.95,41.05,41.8,40.6, 40.95,40.9,41.18,16691879,6873.41,29744, 5133915, 30.76,-2.5
UCOBANK, EQ, 17-Jan-2025,42.94,43.0,43.73,42.44,43.1,43.07,43.08,4663324,2008.87,21019, 1024254, 21.96,0.3
UCOBANK, EQ, 17-Feb-2020,14.1,14.2,14.2,13.8, 13.95,13.9,13.95,280673,39.16,1314, 160480, 57.18,-1.42
UCOBANK, EQ, 17-Feb-2021,13.15,13.1,15.25,13.0, 14.20,14.25,14.47,81771071,11829.52,71604, 17149009, 20.97,8.37
UCOBANK, EQ, 17-Feb-2022,12.8,12.85,12.9,12.65,12.7,12.7,12.75,2344388,299.01,11356, 1013981, 43.25,-0.78
UCOBANK, EQ, 17-Feb-2023,26.55,26.5,26.5,25.65, 26.15,26.15,26.04,10571485,2753.27,36942, 3054858, 28.90,-1.51
UCOBANK, EQ, 17-Feb-2025,39.25,39.25,39.4,38.2,38.69,38.66,38.63,4462857,1723.83,24996, 1158226, 25.95,-1.5
UCOBANK, EQ, 17-Mar-2020,10.75,10.85,11.05,10.65, 10.70,10.75,10.85,658132,71.41,2990, 272094, 41.34,0.0
UCOBANK, EQ, 17-Mar-2021,14.05,13.95,14.5,13.55,13.55,13.7,14.02,19546698,2740.83,23889, 4264120, 21.82,-2.49
UCOBANK, EQ, 17-Mar-2022,11.9,12.0,12.05,11.8, 11.90,11.85,11.94,2147067,256.41,12755, 966818, 45.03,-0.42
UCOBANK, EQ, 17-Mar-2023,25.1,25.4,25.5,24.65, 25.00,24.9,24.97,8582788,2142.81,28327, 2014698, 23.47,-0.8
UCOBANK, EQ, 17-Mar-2025,35.2,35.64,35.64,35.0,35.1,35.04,35.21,2045484,720.31,12901, 914265, 44.70,-0.45
UCOBANK, EQ, 17-Apr-2020,9.9,10.2,10.75,9.95, 10.60,10.5,10.3,1247637,128.52,4161, 610661, 48.95,6.06
UCOBANK, EQ, 17-Apr-2023,26.35,26.35,28.45,26.05, 27.45,27.5,27.37,58595968,16040.64,66466, 11022082, 18.81,4.36
UCOBANK, EQ, 17-Apr-2025,30.25,30.18,30.69,30.04,30.47,30.43,30.41,8134012,2473.31,25193, 2959201, 36.38,0.6
UCOBANK, EQ, 17-May-2021,12.8,12.95,13.1,12.85,12.9,12.9,12.97,11264581,1460.69,21378, 4397908, 39.04,0.78
UCOBANK, EQ, 17-May-2022,11.75,11.8,11.9,11.6, 11.70,11.65,11.73,1607509,188.59,11985, 854250, 53.14,-0.85
UCOBANK, EQ, 17-May-2023,27.2,27.2,27.5,26.9, 27.25,27.2,27.14,6084717,1651.27,26916, 2124757, 34.92,0.0
UCOBANK, EQ, 17-May-2024,52.55,52.75,53.2,52.35,52.85,52.8,52.82,4948681,2614.12,12296, 1413280, 28.56,0.48
UCOBANK, EQ, 17-Jun-2020,12.95,12.95,13.15,12.7,12.8,12.85,12.93,1304336,168.69,3260, 658998, 50.52,-0.77
UCOBANK, EQ, 17-Jun-2021,14.05,13.9,14.35,13.8, 13.95,13.95,14.09,11208809,1579.17,18272, 3910210, 34.89,-0.71
UCOBANK, EQ, 17-Jun-2022,10.85,10.85,10.85,10.6,10.65,10.65,10.7,2075678,222.2,21839, 739047, 35.61,-1.84
UCOBANK, EQ, 17-Jul-2020,13.0,13.05,13.35,12.9, 13.15,13.15,13.1,1435923,188.09,6964, 612343, 42.64,1.15
UCOBANK, EQ, 17-Jul-2023,27.8,28.0,28.55,27.75,28.35,28.4,28.15,8891658,2502.87,28034, 2475852, 27.84,2.16
UCOBANK, EQ, 16-Jul-2024,56.39,56.5,57.85,55.67,56.2,56.09,56.62,11756138,6656.8,39337, 3680681, 31.31,-0.53
UCOBANK, EQ, 17-Aug-2020,13.65,13.65,13.7,13.35, 13.50,13.45,13.48,1342893,181.06,2805, 870961, 64.86,-1.47
UCOBANK, EQ, 17-Aug-2021,13.5,13.5,13.55,12.9,13.15,13.1,13.15,3829738,503.67,16133, 1803297, 47.09,-2.96
UCOBANK, EQ, 17-Aug-2022,11.6,11.65,11.8,11.55, 11.70,11.75,11.67,2546106,297.08,22551, 1185614, 46.57,1.29
UCOBANK, EQ, 17-Aug-2023,30.4,30.7,31.3,30.2, 30.30,30.45,30.72,26479629,8135.16,33674, 9087441, 34.32,0.16
UCOBANK, EQ, 17-Sep-2020,13.5,13.45,13.5,13.15, 13.30,13.3,13.31,1034342,137.71,3212, 639306, 61.81,-1.48
UCOBANK, EQ, 17-Sep-2021,14.35,14.45,14.55,13.75, 13.90,13.9,14.04,10882514,1527.41,20808, 4232463, 38.89,-3.14
UCOBANK, EQ, 17-Sep-2024,49.5,49.66,49.66,48.71,48.94,48.94,49.1,2418841,1187.65,11903, 1028762, 42.53,-1.13
UCOBANK, EQ, 17-Oct-2022,11.65,11.65,11.75,11.55,11.65,11.6,11.64,1394755,162.29,16308, 514129, 36.86,-0.43
UCOBANK, EQ, 17-Oct-2023,40.9,41.25,42.05,40.95,41.05,41.15,41.36,17792812,7359.04,16958, 3648013, 20.50,0.61
UCOBANK, EQ, 17-Oct-2024,45.56,45.71,45.79,44.9,45.2,45.11,45.18,2817461,1272.86,13230, 759791, 26.97,-0.99
UCOBANK, EQ, 17-Nov-2020,11.85,11.95,11.95,11.8, 11.90,11.85,11.87,687710,81.67,1328, 435012, 63.26,0.0
UCOBANK, EQ, 17-Nov-2021,13.6,13.6,13.85,13.55, 13.65,13.65,13.72,3119378,427.83,13686, 902615, 28.94,0.37
UCOBANK, EQ, 17-Nov-2022,14.9,15.0,15.2,14.8, 15.10,15.05,15.04,12148831,1826.91,23829, 3356205, 27.63,1.01
UCOBANK, EQ, 17-Nov-2023,39.35,38.9,38.9,38.35, 38.65,38.65,38.6,8674323,3348.59,22642, 2701746, 31.15,-1.78
UCOBANK, EQ, 17-Dec-2020,13.1,13.1,13.15,12.9, 12.95,12.95,13.05,1623871,211.95,2508, 865615, 53.31,-1.15
UCOBANK, EQ, 17-Dec-2021,13.3,13.3,13.35,13.0, 13.10,13.05,13.09,2783424,364.4,14138, 1417334, 50.92,-1.88
UCOBANK, EQ, 17-Dec-2024,47.06,46.96,47.15,46.11,46.21,46.41,46.7,3816666,1782.31,19682, 1242525, 32.56,-1.38
UCOBANK, EQ, 18-Jan-2021,13.0,13.05,13.2,12.85, 12.95,12.9,12.97,2194271,284.68,10272, 900166, 41.02,-0.77
UCOBANK, EQ, 18-Jan-2022,13.3,13.35,13.35,13.15, 13.30,13.2,13.26,3014260,399.54,13431, 1518576, 50.38,-0.75
UCOBANK, EQ, 18-Jan-2023,31.7,31.6,31.95,30.85,31.05,31.05,31.22,19946654,6227.61,34017, 4531109, 22.72,-2.05
UCOBANK, EQ, 18-Jan-2024,40.9,40.75,42.25,39.2, 41.55,41.4,41.0,32142637,13178.36,39514, 4590332, 14.28,1.22
UCOBANK, EQ, 18-Feb-2020,13.9,14.0,14.0,13.5, 13.65,13.6,13.61,423782,57.69,1623, 289133, 68.23,-2.16
UCOBANK, EQ, 18-Feb-2021,14.25,14.6,15.85,14.6,15.3,15.3,15.33,77469309,11872.19,67179, 19209825, 24.80,7.37
UCOBANK, EQ, 18-Feb-2022,12.7,12.65,12.75,12.6,12.65,12.6,12.67,2125872,269.34,12202, 716004, 33.68,-0.79
UCOBANK, EQ, 18-Feb-2025,38.66,38.4,38.8,37.25,37.3,37.4,37.75,4715214,1780.2,24700, 1498922, 31.79,-3.26
UCOBANK, EQ, 18-Mar-2020,10.75,10.8,10.85,10.1, 10.35,10.25,10.56,785616,82.96,3232, 473819, 60.31,-4.65
UCOBANK, EQ, 18-Mar-2021,13.7,13.95,14.1,12.8, 13.10,13.05,13.28,18109879,2404.75,34214, 5541821, 30.60,-4.74
UCOBANK, EQ, 18-Mar-2024,52.4,51.5,52.7,50.35, 50.55,50.6,51.13,12999880,6647.39,31788, 4388953, 33.76,-3.44
UCOBANK, EQ, 18-Mar-2025,35.04,35.3,36.44,35.14,36.2,36.13,35.82,4399454,1576.02,15688, 1385120, 31.48,3.11
UCOBANK, EQ, 18-Apr-2022,12.3,12.3,12.3,12.05, 12.15,12.1,12.15,1662795,201.98,14052, 998416, 60.04,-1.63
UCOBANK, EQ, 18-Apr-2023,27.5,27.7,27.7,26.8, 27.25,27.35,27.27,28591600,7795.7,40780, 5825652, 20.38,-0.55
UCOBANK, EQ, 18-Apr-2024,54.1,54.5,55.05,53.4, 53.55,53.55,54.33,7032784,3820.81,16823, 1855589, 26.38,-1.02
UCOBANK, EQ, 18-May-2020,11.7,11.8,11.85,11.2, 11.25,11.25,11.39,604130,68.81,1732, 332532, 55.04,-3.85
UCOBANK, EQ, 18-May-2021,12.9,13.05,13.1,12.6, 12.70,12.7,12.82,8302483,1064.2,17992, 3092436, 37.25,-1.55
UCOBANK, EQ, 18-May-2022,11.65,11.75,11.95,11.65,11.65,11.7,11.77,1822747,214.57,11924, 719408, 39.47,0.43
UCOBANK, EQ, 18-May-2023,27.2,27.3,27.4,26.85, 26.95,26.9,27.04,4812743,1301.34,25262, 1756270, 36.49,-1.1
UCOBANK, EQ, 18-Jun-2020,12.85,12.85,13.0,12.8,12.95,12.9,12.91,1191770,153.82,5666, 537244, 45.08,0.39
UCOBANK, EQ, 18-Jun-2021,13.95,14.1,14.1,13.2, 13.65,13.65,13.61,10032516,1365.22,20564, 4052354, 40.39,-2.15
UCOBANK, EQ, 18-Jun-2024,56.8,57.0,57.76,56.0,56.15,56.26,56.89,8672742,4933.53,27677, 3628578, 41.84,-0.95
UCOBANK, EQ, 18-Jul-2022,11.2,11.3,11.35,11.1,11.25,11.25,11.2,2042687,228.74,21463, 749291, 36.68,0.45
UCOBANK, EQ, 18-Jul-2023,28.4,28.5,28.65,27.85, 28.00,28.05,28.19,6971586,1965.09,28022, 2303073, 33.04,-1.23
UCOBANK, EQ, 18-Jul-2024,56.09,56.04,58.45,55.02,56.86,56.8,57.14,28686740,16391.21,86776, 7894499, 27.52,1.27
UCOBANK, EQ, 18-Aug-2020,13.45,13.5,14.1,13.35,13.55,13.7,13.57,2200691,298.66,3101, 887000, 40.31,1.86
UCOBANK, EQ, 18-Aug-2021,13.1,13.15,13.15,12.9, 12.90,12.95,12.97,2469036,320.33,15130, 992796, 40.21,-1.15
UCOBANK, EQ, 18-Aug-2022,11.75,11.7,11.85,11.6,11.7,11.65,11.7,3181652,372.28,22779, 1567679, 49.27,-0.85
UCOBANK, EQ, 18-Aug-2023,30.45,30.35,31.75,30.2, 31.10,31.2,31.23,31780408,9926.39,36315, 9354996, 29.44,2.46
UCOBANK, EQ, 18-Sep-2020,13.3,13.3,13.4,13.05, 13.15,13.1,13.14,1672135,219.73,4430, 1033777, 61.82,-1.5
UCOBANK, EQ, 18-Sep-2023,40.4,40.7,48.45,39.85, 45.80,46.5,45.68,318386203,145450.67,242473, 36168576, 11.36,15.1
UCOBANK, EQ, 18-Sep-2024,48.94,48.94,49.21,48.36,48.71,48.64,48.79,2707251,1320.77,15715, 1082407, 39.98,-0.61
UCOBANK, EQ, 18-Oct-2021,14.3,14.4,14.8,14.35, 14.60,14.65,14.59,17161006,2504.11,37320, 7221201, 42.08,2.45
UCOBANK, EQ, 18-Oct-2022,11.6,11.7,12.0,11.65,11.95,11.9,11.88,3815741,453.21,17748, 1693741, 44.39,2.59
UCOBANK, EQ, 18-Oct-2023,41.15,41.3,41.35,39.6, 39.90,39.85,40.31,20651104,8323.56,33179, 6783307, 32.85,-3.16
UCOBANK, EQ, 18-Oct-2024,45.11,45.0,46.0,44.31,45.75,45.68,45.26,4760112,2154.22,17553, 1277168, 26.83,1.26
UCOBANK, EQ, 18-Nov-2020,11.85,11.85,12.1,11.75, 11.85,11.9,11.89,1574956,187.31,2372, 621466, 39.46,0.42
UCOBANK, EQ, 18-Nov-2021,13.65,13.7,13.75,13.5,13.6,13.6,13.6,3238426,440.41,13721, 1256689, 38.81,-0.37
UCOBANK, EQ, 18-Nov-2022,15.05,15.1,15.95,15.1, 15.75,15.75,15.65,41422059,6482.65,40663, 10813429, 26.11,4.65
UCOBANK, EQ, 18-Nov-2024,41.27,41.86,42.42,40.6,41.6,41.59,41.6,4366441,1816.4,24438, 1020755, 23.38,0.78
UCOBANK, EQ, 18-Dec-2020,12.95,13.0,13.0,12.6, 12.75,12.75,12.76,1603874,204.62,2760, 829461, 51.72,-1.54
UCOBANK, EQ, 18-Dec-2023,40.75,41.05,42.75,40.7, 41.65,41.55,41.94,44216367,18544.64,53035, 12148041, 27.47,1.96
UCOBANK, EQ, 18-Dec-2024,46.41,46.25,46.49,45.2,45.4,45.36,45.76,4414375,2019.98,18881, 1321709, 29.94,-2.26
UCOBANK, EQ, 19-Jan-2021,12.9,12.95,13.25,12.95, 13.10,13.05,13.11,2334835,306.01,11130, 849047, 36.36,1.16
UCOBANK, EQ, 19-Jan-2022,13.2,13.2,13.25,13.05, 13.20,13.2,13.15,3570618,469.6,12603, 1281427, 35.89,0.0
UCOBANK, EQ, 19-Jan-2023,31.05,31.0,31.65,30.5, 31.40,31.45,30.99,23916086,7412.13,35761, 4242511, 17.74,1.29
UCOBANK, EQ, 19-Jan-2024,41.4,41.9,42.1,41.15, 41.40,41.5,41.48,14879619,6172.39,25524, 4434847, 29.80,0.24
UCOBANK, EQ, 19-Feb-2020,13.6,13.75,14.0,13.6, 13.80,13.8,13.82,376249,52.01,1277, 186305, 49.52,1.47
UCOBANK, EQ, 19-Feb-2021,15.3,15.9,16.35,13.8,14.4,14.4,15.24,59282527,9036.29,56996, 11669954, 19.69,-5.88
UCOBANK, EQ, 19-Feb-2024,60.6,60.75,62.6,59.6, 60.85,60.65,61.11,32126033,19633.71,54940, 5471403, 17.03,0.08
UCOBANK, EQ, 19-Feb-2025,37.4,37.38,38.8,36.99,38.64,38.58,38.28,3527775,1350.57,18252, 1095437, 31.05,3.16
UCOBANK, EQ, 19-Mar-2020,10.25,10.25,10.25,9.75, 9.90,9.95,9.95,952026,94.7,3743, 498132, 52.32,-2.93
UCOBANK, EQ, 19-Mar-2021,13.05,12.95,13.2,12.55,13.0,13.0,12.93,14724935,1904.51,29462, 3839304, 26.07,-0.38
UCOBANK, EQ, 19-Mar-2024,50.6,50.75,51.35,49.55, 49.65,49.7,50.28,10933672,5497.05,23685, 3257206, 29.79,-1.78
UCOBANK, EQ, 19-Mar-2025,36.13,36.44,37.42,36.35,37.3,37.35,37.1,4570362,1695.4,15624, 1515621, 33.16,3.38
UCOBANK, EQ, 19-Apr-2021,11.2,10.95,11.0,10.75,10.9,10.9,10.87,6400165,695.98,15728, 2584975, 40.39,-2.68
UCOBANK, EQ, 19-Apr-2022,12.1,12.2,12.45,12.0,12.05,12.1,12.23,3536435,432.43,12908, 1190098, 33.65,0.0
UCOBANK, EQ, 19-Apr-2023,27.35,27.35,28.15,27.0, 27.10,27.2,27.45,20695811,5680.51,36877, 3875828, 18.73,-0.55
UCOBANK, EQ, 19-Apr-2024,53.55,53.0,53.8,51.75, 53.40,53.5,53.03,10567274,5603.79,19603, 2404339, 22.75,-0.09
UCOBANK, EQ, 19-May-2020,11.25,11.4,11.45,10.75,11.1,11.0,11.12,636063,70.71,1911, 344495, 54.16,-2.22
UCOBANK, EQ, 19-May-2021,12.7,12.65,12.9,12.45, 12.65,12.6,12.67,9283811,1176.29,18788, 2115247, 22.78,-0.79
UCOBANK, EQ, 19-May-2022,11.7,11.55,11.75,11.4,11.6,11.55,11.54,3007332,347.06,13354, 864866, 28.76,-1.28
UCOBANK, EQ, 19-May-2023,26.9,26.95,27.05,26.35,26.6,26.55,26.56,5889082,1563.99,25555, 1860667, 31.60,-1.3
UCOBANK, EQ, 19-Jun-2020,12.9,13.1,13.1,12.9, 13.05,13.05,13.03,1380089,179.85,5042, 890727, 64.54,1.16
UCOBANK, EQ, 19-Jun-2023,26.35,26.4,27.3,26.25, 26.75,26.7,26.87,14157166,3803.98,33747, 2892301, 20.43,1.33
UCOBANK, EQ, 19-Jun-2024,56.26,56.45,57.6,55.02,56.35,56.31,56.48,15082270,8518.58,39415, 3475555, 23.04,0.09
UCOBANK, EQ, 19-Jul-2021,14.05,13.85,14.0,13.8, 13.85,13.85,13.86,4385689,607.88,15151, 2053185, 46.82,-1.42
UCOBANK, EQ, 19-Jul-2022,11.25,11.25,11.3,11.2, 11.30,11.3,11.27,1226104,138.22,20938, 850752, 69.39,0.44
UCOBANK, EQ, 19-Jul-2023,28.05,28.2,28.6,27.8, 28.40,28.45,28.16,8626224,2429.49,15018, 2691034, 31.20,1.43
UCOBANK, EQ, 19-Jul-2024,56.8,56.8,57.7,54.66,54.98,55.06,56.07,14134582,7925.42,53653, 5073657, 35.90,-3.06
UCOBANK, EQ, 19-Aug-2020,13.7,14.05,14.2,13.8,13.9,13.85,13.92,3752812,522.45,5021, 1936446, 51.60,1.09
UCOBANK, EQ, 18-Aug-2021,13.1,13.15,13.15,12.9, 12.90,12.95,12.97,2469036,320.33,15130, 992796, 40.21,-1.15
UCOBANK, EQ, 19-Aug-2022,11.65,11.7,11.7,11.5, 11.50,11.5,11.58,2222188,257.23,22120, 1036264, 46.63,-1.29
UCOBANK, EQ, 19-Aug-2024,50.68,51.2,52.25,51.19,51.99,51.95,51.85,5609042,2908.26,20866, 1775338, 31.65,2.51
UCOBANK, EQ, 19-Sep-2022,12.1,12.2,12.4,12.1, 12.35,12.25,12.29,3723170,457.54,19615, 1008269, 27.08,1.24
UCOBANK, EQ, 19-Sep-2024,48.64,48.9,49.17,47.01,47.67,47.51,47.72,4645329,2216.78,22035, 1733642, 37.32,-2.32
UCOBANK, EQ, 19-Oct-2020,11.4,11.5,11.95,11.45, 11.85,11.85,11.7,1770828,207.2,2959, 652375, 36.84,3.95
UCOBANK, EQ, 19-Oct-2021,14.65,14.7,14.95,14.2,14.3,14.3,14.58,10361105,1510.95,23643, 4640505, 44.79,-2.39
UCOBANK, EQ, 19-Oct-2022,11.9,11.95,12.2,11.85, 12.15,12.15,12.1,3693621,446.75,18165, 1703689, 46.13,2.1
UCOBANK, EQ, 19-Oct-2023,39.85,39.8,39.8,38.9,39.65,39.6,39.4,20569422,8104.92,23242, 4647624, 22.59,-0.63
UCOBANK, EQ, 19-Nov-2020,11.9,11.85,12.15,11.7, 11.80,11.8,11.88,1699234,201.8,2261, 677129, 39.85,-0.84
UCOBANK, EQ, 19-Nov-2024,41.59,41.75,43.17,41.71,42.35,42.48,42.61,6765690,2883.16,30627, 1432359, 21.17,2.14
UCOBANK, EQ, 19-Dec-2022,36.4,37.0,37.7,33.1,33.3,33.6,34.62,122103203,42273.45,150052, 23194788, 19.00,-7.69
UCOBANK, EQ, 19-Dec-2023,41.55,41.75,42.55,41.1, 41.80,41.8,41.75,30931862,12915.42,37059, 6974085, 22.55,0.6
UCOBANK, EQ, 19-Dec-2024,45.36,44.5,45.57,44.3,45.29,45.24,44.99,4350063,1957.23,20671, 810505, 18.63,-0.26
UCOBANK, EQ, 20-Jan-2020,16.2,16.4,17.35,15.95, 16.25,16.25,16.46,2112142,347.65,4127, 496424, 23.50,0.31
UCOBANK, EQ, 20-Jan-2021,13.05,13.05,13.25,13.0, 13.15,13.15,13.13,2180650,286.24,10203, 900999, 41.32,0.77
UCOBANK, EQ, 20-Jan-2022,13.2,13.2,13.25,13.1, 13.15,13.15,13.15,2490285,327.54,12042, 992795, 39.87,-0.38
UCOBANK, EQ, 20-Jan-2023,31.45,31.45,31.65,30.6,30.8,30.85,31.14,14979887,4664.95,30352, 4218765, 28.16,-1.91
UCOBANK, EQ, 20-Jan-2025,43.07,43.25,45.12,43.07,44.47,44.56,44.3,8592601,3806.46,28873, 2103611, 24.48,3.46
UCOBANK, EQ, 20-Feb-2020,13.8,14.0,14.05,13.65, 13.85,13.8,13.88,384069,53.33,1473, 184199, 47.96,0.0
UCOBANK, EQ, 20-Feb-2023,26.15,26.25,26.65,25.1, 25.35,25.45,25.84,10127892,2617.24,28758, 3086271, 30.47,-2.68
UCOBANK, EQ, 20-Feb-2024,60.65,60.85,61.55,59.15, 59.50,59.55,60.44,15928493,9627.33,35327, 4078724, 25.61,-1.81
UCOBANK, EQ, 20-Feb-2025,38.58,38.32,39.48,38.13,39.25,39.36,38.9,3253029,1265.32,14842, 973450, 29.92,2.02
UCOBANK, EQ, 20-Mar-2020,9.95,10.0,10.1,9.6, 9.75,9.7,9.8,1397032,136.85,2605, 925290, 66.23,-2.51
UCOBANK, EQ, 20-Mar-2023,24.9,24.85,25.0,24.0,24.5,24.3,24.3,6957521,1690.79,28314, 1605006, 23.07,-2.41
UCOBANK, EQ, 20-Mar-2024,49.7,50.15,50.7,48.95, 50.35,50.4,50.07,12804494,6411.43,20237, 2489663, 19.44,1.41
UCOBANK, EQ, 20-Mar-2025,37.35,37.72,38.12,37.0,37.08,37.09,37.44,3440932,1288.17,14239, 1251917, 36.38,-0.7
UCOBANK, EQ, 20-Apr-2020,10.5,11.0,12.6,10.75, 12.60,12.6,11.98,1354048,162.23,3480, 952772, 70.36,20.0
UCOBANK, EQ, 20-Apr-2021,10.9,11.0,11.25,10.85,10.95,10.95,10.99,6029567,662.95,13478, 1859976, 30.85,0.46
UCOBANK, EQ, 20-Apr-2022,12.1,12.2,12.25,12.0, 12.10,12.05,12.07,1813759,218.88,12698, 726754, 40.07,-0.41
UCOBANK, EQ, 20-Apr-2023,27.2,27.3,27.5,26.8, 27.00,27.0,27.12,8692224,2357.5,27382, 1896085, 21.81,-0.74
UCOBANK, EQ, 20-May-2020,11.0,11.0,11.1,10.7, 11.10,11.0,10.87,847259,92.08,2285, 384596, 45.39,0.0
UCOBANK, EQ, 20-May-2021,12.6,12.65,12.8,12.45, 12.60,12.55,12.66,6606745,836.21,15215, 1493435, 22.60,-0.4
UCOBANK, EQ, 20-May-2022,11.55,11.65,11.75,11.4, 11.50,11.5,11.58,2297197,265.9,11922, 1131631, 49.26,-0.43
UCOBANK, EQ, 18-May-2024,52.8,53.1,53.85,52.9,53.65,53.65,53.53,1503991,805.1,5190, 855240, 56.86,1.61
UCOBANK, EQ, 20-Jun-2022,10.65,10.7,10.8,10.55,10.6,10.6,10.66,1482851,158.08,21555, 657559, 44.34,-0.47
UCOBANK, EQ, 20-Jun-2023,26.7,26.65,28.15,26.55, 27.85,27.85,27.39,21802899,5972.77,41520, 7192790, 32.99,4.31
UCOBANK, EQ, 20-Jun-2024,56.31,56.59,59.1,56.42,57.48,57.42,58.0,26678575,15474.33,60818, 8113890, 30.41,1.97
UCOBANK, EQ, 20-Jul-2020,13.15,13.3,13.95,13.25, 13.60,13.6,13.68,1987075,271.8,9285, 772520, 38.88,3.42
UCOBANK, EQ, 20-Jul-2021,13.85,13.85,13.9,13.5, 13.60,13.6,13.64,4273991,583.14,14799, 2026821, 47.42,-1.81
UCOBANK, EQ, 20-Jul-2022,11.3,11.35,11.4,11.25, 11.30,11.3,11.32,1142686,129.32,21116, 579857, 50.75,0.0
UCOBANK, EQ, 20-Jul-2023,28.45,28.5,29.3,28.35,28.9,28.85,28.97,17587428,5094.69,32072, 5587605, 31.77,1.41
UCOBANK, EQ, 20-Aug-2020,13.85,13.8,13.9,13.65,13.7,13.7,13.76,1730104,238.02,3119, 848108, 49.02,-1.08
UCOBANK, EQ, 20-Aug-2021,12.95,12.8,12.95,12.65,12.8,12.85,12.8,2311569,295.83,14897, 959272, 41.50,-0.77
UCOBANK, EQ, 20-Aug-2024,51.95,52.1,52.4,51.67,52.23,52.2,52.09,5435698,2831.61,20915, 1521217, 27.99,0.48
UCOBANK, EQ, 20-Sep-2021,13.9,13.75,13.9,13.55, 13.60,13.65,13.73,4298069,590.32,26407, 2027727, 47.18,-1.8
UCOBANK, EQ, 20-Sep-2022,12.25,12.35,12.55,12.3, 12.35,12.4,12.43,3454351,429.47,20918, 1410023, 40.82,1.22
UCOBANK, EQ, 20-Sep-2023,46.5,45.8,47.2,43.2, 44.40,43.85,44.85,115512701,51803.85,123872, 20322358, 17.59,-5.7
UCOBANK, EQ, 20-Sep-2024,47.51,47.7,48.24,47.25,48.2,47.93,47.82,3526300,1686.12,19055, 1155957, 32.78,0.88
UCOBANK, EQ, 20-Oct-2020,11.85,11.85,12.3,11.7, 12.10,12.2,12.08,1744984,210.76,3054, 708556, 40.61,2.95
UCOBANK, EQ, 20-Oct-2021,14.3,14.3,14.35,14.05, 14.15,14.1,14.14,6271571,886.84,17140, 2174510, 34.67,-1.4
UCOBANK, EQ, 20-Oct-2022,12.15,12.05,12.35,11.85,12.15,12.15,12.07,3395278,409.7,17464, 941189, 27.72,0.0
UCOBANK, EQ, 20-Oct-2023,39.6,39.6,40.2,38.2, 38.50,38.4,39.22,22724052,8913.24,27487, 5830678, 25.66,-3.03
UCOBANK, EQ, 20-Nov-2020,11.8,11.85,12.4,11.75,12.1,12.05,12.03,4372241,525.97,4388, 1291045, 29.53,2.12
UCOBANK, EQ, 20-Nov-2023,38.65,38.65,39.15,38.45, 38.70,38.75,38.81,7757409,3010.93,19904, 1719398, 22.16,0.26
UCOBANK, EQ, 19-Nov-2024,41.59,41.75,43.17,41.71,42.35,42.48,42.61,6765690,2883.16,30627, 1432359, 21.17,2.14
UCOBANK, EQ, 20-Dec-2021,13.05,12.9,12.95,12.55,12.65,12.6,12.68,4073548,516.69,15269, 2161705, 53.07,-3.45
UCOBANK, EQ, 20-Dec-2022,33.6,33.0,33.3,30.35,31.35,31.2,31.57,91770706,28976.43,121093, 21192691, 23.09,-7.14
UCOBANK, EQ, 20-Dec-2023,41.8,42.2,42.35,36.75, 37.40,38.1,40.0,31237531,12494.22,44763, 10978762, 35.15,-8.85
UCOBANK, EQ, 20-Dec-2024,45.24,45.0,45.6,44.0,44.31,44.18,44.73,4956288,2217.0,23061, 1367743, 27.60,-2.34
UCOBANK, EQ, 21-Jan-2020,16.25,16.25,16.4,16.1, 16.20,16.15,16.24,561390,91.17,1109, 233278, 41.55,-0.62
UCOBANK, EQ, 21-Jan-2021,13.15,13.15,13.25,12.9, 13.00,13.0,13.09,2045403,267.72,9122, 1116557, 54.59,-1.14
UCOBANK, EQ, 21-Jan-2022,13.15,13.1,13.15,12.85, 13.00,12.9,13.0,2722849,353.96,13690, 1307381, 48.02,-1.9
UCOBANK, EQ, 21-Jan-2025,44.56,44.62,44.95,43.7,44.06,44.09,44.35,12740420,5650.16,39214, 1855008, 14.56,-1.05
UCOBANK, EQ, 21-Feb-2022,12.6,12.55,12.65,12.45, 12.50,12.5,12.55,2850338,357.64,12639, 1006173, 35.30,-0.79
UCOBANK, EQ, 21-Feb-2023,25.45,25.65,25.65,23.95, 24.15,24.15,24.65,15456923,3810.38,33398, 5750895, 37.21,-5.11
UCOBANK, EQ, 21-Feb-2024,59.55,59.75,61.35,59.1, 59.45,59.55,60.06,19995228,12008.2,41742, 4124000, 20.62,0.0
UCOBANK, EQ, 21-Feb-2025,39.36,39.25,39.89,38.3,38.64,38.58,39.08,3168923,1238.38,14599, 1052945, 33.23,-1.98
UCOBANK, EQ, 21-Mar-2022,11.85,11.95,11.95,11.8,11.9,11.9,11.87,2614760,310.46,12225, 1176324, 44.99,0.42
UCOBANK, EQ, 21-Mar-2023,24.3,24.6,25.05,24.3, 24.85,24.85,24.66,7165027,1766.77,26469, 1511858, 21.10,2.26
UCOBANK, EQ, 21-Mar-2024,50.4,51.2,52.25,50.4,50.9,50.8,51.43,10268589,5281.57,20514, 3297936, 32.12,0.79
UCOBANK, EQ, 21-Mar-2025,37.09,37.16,38.08,37.06,37.79,37.74,37.58,5080285,1909.2,16683, 2230361, 43.90,1.75
UCOBANK, EQ, 21-Apr-2020,12.6,13.95,14.95,12.85,14.8,14.65,14.15,8726677,1234.93,20734, 2660183, 30.48,16.27
UCOBANK, EQ, 21-Apr-2022,12.05,12.15,12.25,12.1, 12.20,12.2,12.18,1571997,191.46,11840, 808967, 51.46,1.24
UCOBANK, EQ, 21-Apr-2023,27.0,26.95,27.1,26.15, 26.20,26.3,26.43,10914586,2884.51,29623, 3198834, 29.31,-2.59
UCOBANK, EQ, 21-Apr-2025,30.43,30.5,31.73,30.5,31.35,31.27,31.22,13918704,4346.03,35114, 5592574, 40.18,2.76
UCOBANK, EQ, 21-May-2020,11.0,10.9,11.25,10.9,11.05,11.1,11.1,644984,71.62,1473, 224289, 34.77,0.91
UCOBANK, EQ, 21-May-2021,12.55,12.6,12.85,12.6, 12.75,12.7,12.74,7385894,941.13,15481, 2432536, 32.93,1.2
UCOBANK, EQ, 21-May-2024,53.65,53.85,57.5,53.1,56.8,56.55,55.94,23833643,13332.53,46866, 8297946, 34.82,5.41
UCOBANK, EQ, 21-Jun-2021,13.65,13.35,14.65,13.3, 14.35,14.35,14.22,29540880,4201.07,31798, 10254724, 34.71,5.13
UCOBANK, EQ, 21-Jun-2022,10.6,10.6,10.9,10.6,10.8,10.75,10.77,1432344,154.32,21345, 563526, 39.34,1.42
UCOBANK, EQ, 21-Jun-2023,27.85,28.0,28.3,27.25, 27.35,27.45,27.63,9162630,2531.72,29235, 3329690, 36.34,-1.44
UCOBANK, EQ, 21-Jun-2024,57.42,57.85,57.85,56.4,56.8,56.75,56.87,9426725,5361.18,30069, 3283209, 34.83,-1.17
UCOBANK, EQ, 21-Jul-2020,13.6,15.8,15.8,14.3, 14.50,14.5,14.8,12313748,1822.08,27863, 4969169, 40.35,6.62
UCOBANK, EQ, 21-Jul-2022,11.3,11.3,11.6,11.25,11.55,11.55,11.44,2707884,309.81,22222, 1507647, 55.68,2.21
UCOBANK, EQ, 21-Jul-2023,28.85,28.8,29.5,28.7, 29.05,29.0,29.17,17694671,5161.3,30377, 5448506, 30.79,0.52
UCOBANK, EQ, 21-Aug-2020,13.7,13.75,14.8,13.75, 14.10,14.15,14.31,15415575,2206.09,17957, 6473371, 41.99,3.28
UCOBANK, EQ, 21-Aug-2023,31.2,31.45,31.85,30.7, 31.30,31.35,31.3,21055664,6590.88,32995, 6969763, 33.10,0.48
UCOBANK, EQ, 21-Aug-2024,52.2,52.5,52.53,52.05,52.28,52.23,52.26,3336026,1743.3,13133, 1107921, 33.21,0.06
UCOBANK, EQ, 21-Sep-2020,13.1,13.15,13.2,12.5, 12.75,12.65,12.8,1706862,218.5,4027, 1105112, 64.75,-3.44
UCOBANK, EQ, 21-Sep-2021,13.65,13.65,13.75,13.15, 13.35,13.45,13.37,8325301,1113.17,30180, 2403591, 28.87,-1.47
UCOBANK, EQ, 21-Sep-2022,12.4,12.5,12.65,12.4, 12.45,12.4,12.5,3197626,399.57,17249, 1179615, 36.89,0.0
UCOBANK, EQ, 21-Sep-2023,43.85,43.9,46.35,41.1, 41.80,41.6,43.83,112191491,49170.57,122616, 20504385, 18.28,-5.13
UCOBANK, EQ, 21-Oct-2020,12.2,12.4,12.7,12.3, 12.60,12.6,12.56,2423576,304.46,3550, 1529096, 63.09,3.28
UCOBANK, EQ, 21-Oct-2021,14.1,14.2,14.9,14.15, 14.65,14.65,14.6,18684710,2727.79,43093, 6081496, 32.55,3.9
UCOBANK, EQ, 21-Oct-2022,12.15,12.15,12.7,12.15,12.35,12.35,12.48,8243160,1028.82,23506, 2771152, 33.62,1.65
UCOBANK, EQ, 21-Oct-2024,45.68,47.8,48.43,46.1, 46.20,46.39,47.02,19914386,9363.95,67072, 3073515, 15.43,1.55
UCOBANK, EQ, 21-Nov-2022,15.75,15.75,18.9,15.7, 18.90,18.65,17.92,137071823,24559.79,106539, 36725465, 26.79,18.41
UCOBANK, EQ, 21-Nov-2023,38.75,38.75,39.0,38.1, 38.25,38.4,38.62,5377844,2077.1,18854, 1660864, 30.88,-0.9
UCOBANK, EQ, 21-Nov-2024,42.48,42.75,42.75,41.03,41.42,41.51,41.56,4234302,1759.83,26171, 1083879, 25.60,-2.28
UCOBANK, EQ, 21-Dec-2020,12.75,12.7,12.95,12.1, 12.20,12.25,12.62,3053130,385.42,4692, 1105239, 36.20,-3.92
UCOBANK, EQ, 21-Dec-2021,12.6,12.7,13.0,12.7,12.75,12.75,12.81,2424538,310.7,13021, 948935, 39.14,1.19
UCOBANK, EQ, 21-Dec-2022,31.2,31.8,34.3,30.6, 31.90,31.85,33.28,194358814,64682.91,166425, 22037412, 11.34,2.08
UCOBANK, EQ, 21-Dec-2023,38.1,37.7,39.9,36.85, 39.65,39.7,38.77,25995351,10077.49,36329, 4438345, 17.07,4.2
UCOBANK, EQ, 22-Jan-2020,16.15,16.3,16.3,15.95, 16.00,15.95,16.07,670756,107.79,1399, 362971, 54.11,-1.24
UCOBANK, EQ, 22-Jan-2021,13.0,13.05,13.1,12.75, 12.90,12.85,12.92,1778583,229.78,10542, 988318, 55.57,-1.15
UCOBANK, EQ, 20-Jan-2024,41.5,41.75,43.0,41.6, 42.65,42.75,42.43,21796059,9248.86,28869, 9176088, 42.10,3.01
UCOBANK, EQ, 22-Jan-2025,44.09,44.11,44.14,42.63,43.12,43.15,43.1,5049227,2176.33,23253, 1157874, 22.93,-2.13
UCOBANK, EQ, 22-Feb-2021,14.4,14.5,14.65,13.4,13.8,13.85,13.95,19444426,2713.37,21353, 3334570, 17.15,-3.82
UCOBANK, EQ, 22-Feb-2022,12.5,12.25,12.45,12.2,12.25,12.2,12.28,2884176,354.1,13578, 1456225, 50.49,-2.4
UCOBANK, EQ, 22-Feb-2023,24.15,23.75,25.6,23.55, 24.45,24.45,24.64,27474440,6768.45,41681, 4862846, 17.70,1.24
UCOBANK, EQ, 22-Feb-2024,59.55,59.8,60.7,57.4, 60.40,60.5,59.29,19840925,11763.96,36065, 3740042, 18.85,1.6
UCOBANK, EQ, 22-Mar-2021,13.0,12.95,13.15,12.4,12.55,12.5,12.63,17636364,2227.43,38466, 7930980, 44.97,-3.85
UCOBANK, EQ, 22-Mar-2022,11.9,11.9,11.95,11.75, 11.90,11.85,11.83,1768679,209.19,12388, 797429, 45.09,-0.42
UCOBANK, EQ, 22-Mar-2023,24.85,25.0,25.45,24.5, 24.85,24.85,25.05,7686564,1925.31,27025, 1325637, 17.25,0.0
UCOBANK, EQ, 22-Mar-2024,50.8,51.0,52.1,50.8,51.35,51.5,51.51,10865434,5596.51,16912, 2833039, 26.07,1.38
UCOBANK, EQ, 22-Apr-2020,14.65,14.95,15.9,14.45,14.95,14.9,15.08,5471435,825.27,13416, 1988563, 36.34,1.71
UCOBANK, EQ, 22-Apr-2021,10.95,10.85,11.0,10.75,10.95,10.9,10.88,5644652,614.13,14499, 1499198, 26.56,-0.46
UCOBANK, EQ, 22-Apr-2022,12.2,12.15,12.3,12.05, 12.10,12.05,12.13,1824336,221.36,2461, 740416, 40.59,-1.23
UCOBANK, EQ, 22-Apr-2024,53.5,53.9,55.55,53.85,55.4,55.35,54.73,11536211,6313.77,20633, 3242928, 28.11,3.46
UCOBANK, EQ, 22-Apr-2025,31.27,31.7,32.19,31.06,31.54,31.49,31.65,13340665,4222.88,31676, 4674109, 35.04,0.7
UCOBANK, EQ, 22-May-2020,11.1,11.1,11.3,10.85,11.0,10.95,11.04,660034,72.87,1803, 292087, 44.25,-1.35
UCOBANK, EQ, 22-May-2023,26.55,26.65,26.65,26.1,26.2,26.25,26.31,6170963,1623.44,28156, 2434467, 39.45,-1.13
UCOBANK, EQ, 22-May-2024,56.55,56.95,57.35,55.55,56.85,56.8,56.67,11394151,6457.14,25008, 3256504, 28.58,0.44
UCOBANK, EQ, 22-Jun-2020,13.05,13.5,14.2,13.2, 14.00,14.0,13.76,6944117,955.77,15727, 3104846, 44.71,7.28
UCOBANK, EQ, 22-Jun-2021,14.35,14.55,15.15,14.45, 14.55,14.55,14.81,48088743,7121.54,43336, 13965778, 29.04,1.39
UCOBANK, EQ, 22-Jun-2022,10.75,10.8,11.4,10.7,11.15,11.15,11.0,4073981,448.21,23389, 1314173, 32.26,3.72
UCOBANK, EQ, 22-Jun-2023,27.45,27.45,27.6,26.75,27.0,27.0,27.1,5690249,1541.87,28383, 1750644, 30.77,-1.64
UCOBANK, EQ, 22-Jul-2020,14.5,14.6,14.65,13.5, 14.15,14.15,14.1,3350368,472.54,10577, 1503382, 44.87,-2.41
UCOBANK, EQ, 22-Jul-2021,13.6,13.65,13.8,13.5, 13.50,13.55,13.69,4069782,556.99,14337, 1849460, 45.44,-0.37
UCOBANK, EQ, 22-Jul-2022,11.55,11.5,11.6,11.4, 11.45,11.45,11.52,1573545,181.21,21045, 562066, 35.72,-0.87
UCOBANK, EQ, 22-Jul-2024,55.06,55.0,57.2,54.3,55.98,56.08,55.93,17290366,9671.02,53509, 2841526, 16.43,1.85
UCOBANK, EQ, 22-Aug-2022,11.5,11.5,11.55,11.35, 11.40,11.4,11.44,2481461,283.94,18238, 1202507, 48.46,-0.87
UCOBANK, EQ, 22-Aug-2023,31.35,31.55,31.7,30.9, 31.10,31.0,31.21,11327140,3535.36,21007, 4634607, 40.92,-1.12
UCOBANK, EQ, 22-Aug-2024,52.23,52.5,53.05,52.22,52.6,52.5,52.61,4892821,2574.16,17443, 1641576, 33.55,0.52
UCOBANK, EQ, 22-Sep-2020,12.65,12.75,12.75,12.05, 12.40,12.4,12.33,1632590,201.24,4418, 717553, 43.95,-1.98
UCOBANK, EQ, 22-Sep-2021,13.45,13.4,13.55,13.3, 13.50,13.4,13.44,2749803,369.57,28262, 962943, 35.02,-0.37
UCOBANK, EQ, 22-Sep-2022,12.4,12.45,12.5,12.25, 12.25,12.25,12.36,1720750,212.67,2103, 593387, 34.48,-1.21
UCOBANK, EQ, 22-Sep-2023,41.6,42.45,44.0,41.6, 43.15,43.05,42.74,101911643,43558.7,94046, 13333070, 13.08,3.49
UCOBANK, EQ, 22-Oct-2020,12.6,12.7,13.45,12.3, 12.40,12.4,12.92,9327763,1204.87,10219, 2163177, 23.19,-1.59
UCOBANK, EQ, 22-Oct-2021,14.65,14.75,14.95,14.35, 14.45,14.45,14.67,11235915,1648.85,28297, 4607606, 41.01,-1.37
UCOBANK, EQ, 22-Oct-2024,46.39,46.29,46.29,43.36,44.04,43.76,44.52,7825214,3484.08,35994, 1899422, 24.27,-5.67
UCOBANK, EQ, 22-Nov-2021,13.6,13.6,13.75,13.25,13.35,13.35,13.44,3725134,500.53,32044, 1581508, 42.46,-1.84
UCOBANK, EQ, 22-Nov-2022,18.65,19.3,21.35,19.15, 20.90,20.95,20.68,213203480,44098.26,142039, 30493791, 14.30,12.33
UCOBANK, EQ, 22-Nov-2023,38.4,38.25,38.35,37.4, 37.65,37.7,37.82,5250166,1985.72,19208, 1872978, 35.67,-1.82
UCOBANK, EQ, 22-Nov-2024,41.51,41.95,42.19,41.5,41.95,41.87,41.83,3938304,1647.45,17973, 785313, 19.94,0.87
UCOBANK, EQ, 22-Dec-2020,12.25,12.0,12.4,11.8, 12.25,12.25,12.1,2561342,309.95,3680, 937392, 36.60,0.0
UCOBANK, EQ, 22-Dec-2021,12.75,12.85,12.95,12.8, 12.95,12.9,12.88,1933592,248.97,3525, 822665, 42.55,1.18
UCOBANK, EQ, 22-Dec-2022,31.85,34.0,34.05,31.1, 32.70,32.75,32.32,114288612,36932.42,117744, 15884489, 13.90,2.83
UCOBANK, EQ, 22-Dec-2023,39.7,39.7,40.1,39.05, 39.60,39.5,39.62,12146192,4811.98,25733, 3260411, 26.84,-0.5
UCOBANK, EQ, 23-Jan-2020,15.95,16.0,16.3,15.95, 16.10,16.1,16.15,536706,86.68,1042, 284215, 52.96,0.94
UCOBANK, EQ, 23-Jan-2023,30.85,31.05,31.15,30.35,30.6,30.5,30.61,11726505,3589.1,27732, 2930929, 24.99,-1.13
UCOBANK, EQ, 23-Jan-2024,42.75,43.8,44.25,41.35, 41.75,41.75,43.05,42159975,18149.95,57962, 13242239, 31.41,-2.34
UCOBANK, EQ, 23-Jan-2025,43.15,43.3,44.23,42.75,43.46,43.5,43.56,4294556,1870.57,17827, 772822, 18.00,0.81
UCOBANK, EQ, 23-Feb-2021,13.85,13.95,15.0,13.75, 14.05,13.95,14.04,7008695,983.79,15452, 2061414, 29.41,0.72
UCOBANK, EQ, 23-Feb-2022,12.2,12.3,12.55,12.25,12.25,12.3,12.4,2581463,320.16,12901, 928398, 35.96,0.82
UCOBANK, EQ, 23-Feb-2023,24.45,24.55,25.7,23.9,25.55,25.45,24.85,20070729,4987.46,34415, 3006892, 14.98,4.09
UCOBANK, EQ, 23-Feb-2024,60.5,60.55,60.85,59.0, 59.15,59.2,59.71,13532627,8080.45,31082, 4079986, 30.15,-2.15
UCOBANK, EQ, 23-Mar-2020,9.7,9.5,10.75,9.0, 9.30,9.2,9.34,748953,69.98,2756, 490166, 65.45,-5.15
UCOBANK, EQ, 23-Mar-2021,12.5,12.7,12.95,12.4, 12.50,12.45,12.57,31702810,3985.65,41579, 11955393, 37.71,-0.4
UCOBANK, EQ, 23-Mar-2022,11.85,11.9,11.95,11.75, 11.80,11.8,11.84,2418672,286.42,12754, 1295509, 53.56,-0.42
UCOBANK, EQ, 23-Mar-2023,24.85,24.65,24.95,24.3, 24.55,24.45,24.59,6062209,1490.81,24804, 1048405, 17.29,-1.61
UCOBANK, EQ, 23-Apr-2020,14.9,14.8,14.95,14.0,14.05,14.05,14.14,2196582,310.65,6796, 1114118, 50.72,-5.7
UCOBANK, EQ, 23-Apr-2021,10.9,10.9,11.0,10.85,10.95,10.9,10.91,3628604,396.05,13384, 1578766, 43.51,0.0
UCOBANK, EQ, 23-Apr-2024,55.35,55.6,55.7,54.6,54.8,54.9,55.26,9908514,5474.97,19903, 3025218, 30.53,-0.81
UCOBANK, EQ, 23-Apr-2025,31.49,31.8,31.8,30.62,31.19,31.17,31.17,9647933,3007.23,23745, 3686750, 38.21,-1.02
UCOBANK, EQ, 23-May-2022,11.5,11.5,11.6,11.45,11.55,11.5,11.52,1601925,184.62,11904, 826446, 51.59,0.0
UCOBANK, EQ, 23-May-2023,26.25,26.3,26.5,26.05, 26.15,26.15,26.24,5699280,1495.35,26730, 2051848, 36.00,-0.38
UCOBANK, EQ, 23-May-2024,56.8,57.05,58.55,57.05,57.6,57.4,57.86,19489510,11276.19,36486, 5311985, 27.26,1.06
UCOBANK, EQ, 23-Jun-2020,14.0,14.05,14.6,14.05, 14.25,14.25,14.24,7448737,1060.92,10922, 3601435, 48.35,1.79
UCOBANK, EQ, 23-Jun-2021,14.55,14.85,15.5,14.6, 14.70,14.75,15.03,45835833,6887.72,39262, 12496584, 27.26,1.37
UCOBANK, EQ, 23-Jun-2022,11.15,11.25,11.25,10.9,11.0,10.95,11.03,1472100,162.34,21417, 523959, 35.59,-1.79
UCOBANK, EQ, 23-Jun-2023,27.0,27.0,27.0,26.4, 26.50,26.55,26.6,4861960,1293.05,27600, 1533451, 31.54,-1.67
UCOBANK, EQ, 23-Jul-2020,14.15,14.2,14.4,14.05, 14.20,14.15,14.23,4601785,655.04,16785, 1286744, 27.96,0.0
UCOBANK, EQ, 23-Jul-2021,13.55,13.65,13.8,13.4,13.55,13.55,13.57,5685361,771.42,14366, 1806001, 31.77,0.0
UCOBANK, EQ, 23-Jul-2024,56.08,56.25,56.4,52.25,54.47,54.45,54.73,14925419,8168.38,55511, 3890864, 26.07,-2.91
UCOBANK, EQ, 23-Aug-2021,12.85,12.9,13.05,12.5, 12.50,12.55,12.69,2633696,334.33,14158, 1014258, 38.51,-2.33
UCOBANK, EQ, 23-Aug-2022,11.4,11.3,11.5,11.3, 11.45,11.4,11.41,1287204,146.82,17651, 574454, 44.63,0.0
UCOBANK, EQ, 23-Aug-2023,31.0,31.2,33.5,30.9, 33.30,33.2,32.65,63980774,20891.48,61734, 19887854, 31.08,7.1
UCOBANK, EQ, 23-Aug-2024,52.5,52.7,52.7,51.55,51.8,51.86,52.15,3105359,1619.58,13455, 1488233, 47.92,-1.22
UCOBANK, EQ, 23-Sep-2020,12.4,12.45,12.65,12.15, 12.30,12.25,12.38,1085319,134.36,3195, 510282, 47.02,-1.21
UCOBANK, EQ, 23-Sep-2021,13.4,13.55,13.65,13.4, 13.50,13.45,13.53,2995060,405.17,39642, 1226952, 40.97,0.37
UCOBANK, EQ, 23-Sep-2022,12.25,12.2,12.35,12.05, 12.10,12.05,12.16,2367577,287.8,14286, 871189, 36.80,-1.63
UCOBANK, EQ, 23-Sep-2024,47.93,48.0,50.64,48.0,50.3,50.26,49.88,12083132,6026.72,38827, 3135624, 25.95,4.86
UCOBANK, EQ, 23-Oct-2020,12.4,12.5,12.75,12.45, 12.55,12.55,12.58,1786864,224.73,2842, 701735, 39.27,1.21
UCOBANK, EQ, 23-Oct-2023,38.4,38.55,38.95,35.2, 35.75,35.75,37.0,37503929,13876.45,42208, 9022757, 24.06,-6.9
UCOBANK, EQ, 23-Oct-2024,43.76,43.99,44.35,41.83,43.6,43.54,43.38,10053249,4360.9,41116, 1321355, 13.14,-0.5
UCOBANK, EQ, 23-Nov-2020,12.05,12.25,12.35,12.05, 12.15,12.15,12.17,2333769,284.05,2819, 998885, 42.80,0.83
UCOBANK, EQ, 23-Nov-2021,13.35,13.3,13.55,13.2,13.3,13.35,13.41,4604826,617.39,14358, 1345538, 29.22,0.0
UCOBANK, EQ, 23-Nov-2022,20.95,21.0,21.35,19.7,20.05,20.05,20.2,74274138,15001.2,70866, 18111476, 24.38,-4.3
UCOBANK, EQ, 23-Nov-2023,37.7,37.7,38.1,37.65, 37.75,37.8,37.85,4210838,1593.67,16883, 1075254, 25.54,0.27
UCOBANK, EQ, 23-Dec-2020,12.25,12.45,12.55,12.25,12.5,12.5,12.41,1604898,199.18,2402, 676451, 42.15,2.04
UCOBANK, EQ, 23-Dec-2021,12.9,13.0,13.15,12.95, 13.05,13.0,13.03,2478992,323.08,12891, 1006738, 40.61,0.78
UCOBANK, EQ, 23-Dec-2022,32.75,31.3,32.4,29.5, 29.50,29.5,30.39,60483359,18383.26,72491, 18488508, 30.57,-9.92
UCOBANK, EQ, 23-Dec-2024,44.18,44.5,44.84,43.5,43.58,43.57,43.94,4202249,1846.55,21795, 1193412, 28.40,-1.38
UCOBANK, EQ, 24-Jan-2020,16.1,16.2,16.25,16.05,16.05,16.1,16.14,390540,63.02,988, 221547, 56.73,0.0
UCOBANK, EQ, 24-Jan-2022,12.9,12.95,13.0,12.6,12.7,12.65,12.78,3294091,421.02,14977, 1803449, 54.75,-1.94
UCOBANK, EQ, 24-Jan-2023,30.5,30.7,30.7,29.25,29.5,29.45,29.84,22754199,6789.97,41080, 6083912, 26.74,-3.44
UCOBANK, EQ, 24-Jan-2024,41.75,41.7,43.6,40.85, 42.45,42.7,42.6,35928040,15305.12,45211, 8612473, 23.97,2.28
UCOBANK, EQ, 24-Jan-2025,43.5,43.7,43.71,41.9,42.07,42.13,42.65,4262055,1817.82,17683, 1244749, 29.21,-3.15
UCOBANK, EQ, 24-Feb-2020,13.8,13.75,13.8,13.3, 13.50,13.45,13.52,383321,51.84,1301, 234661, 61.22,-2.54
UCOBANK, EQ, 24-Feb-2021,13.95,14.15,14.85,13.95, 14.40,14.4,14.46,10362576,1497.96,14301, 2813343, 27.15,3.23
UCOBANK, EQ, 24-Feb-2022,12.3,12.0,12.1,11.05, 11.40,11.3,11.61,6042994,701.51,18081, 2572819, 42.58,-8.13
UCOBANK, EQ, 24-Feb-2023,25.45,25.7,25.95,24.9, 24.95,25.0,25.33,11985381,3035.52,28174, 2599250, 21.69,-1.77
UCOBANK, EQ, 24-Feb-2025,38.58,38.2,38.35,37.78,38.01,38.06,38.08,2026948,771.77,11341, 623143, 30.74,-1.35
UCOBANK, EQ, 24-Mar-2020,9.2,9.3,9.65,8.8, 9.05,8.95,9.0,788202,70.92,2640, 542916, 68.88,-2.72
UCOBANK, EQ, 24-Mar-2021,12.45,12.5,12.75,11.8, 11.90,11.9,12.22,22964069,2805.21,37518, 10448123, 45.50,-4.42
UCOBANK, EQ, 24-Mar-2022,11.8,11.75,11.8,11.7, 11.75,11.7,11.73,1649238,193.43,12002, 1093884, 66.33,-0.85
UCOBANK, EQ, 24-Mar-2023,24.45,24.45,24.7,23.7, 23.90,23.85,24.09,6275981,1511.63,27563, 1700954, 27.10,-2.45
UCOBANK, EQ, 24-Mar-2025,37.74,37.74,38.76,37.73,38.0,38.18,38.36,8236005,3159.1,24099, 3523300, 42.78,1.17
UCOBANK, EQ, 24-Apr-2020,14.05,13.4,13.5,12.65,12.65,12.65,12.81,2671516,342.26,7873, 1748277, 65.44,-9.96
UCOBANK, EQ, 24-Apr-2023,26.3,26.3,27.6,26.15, 27.50,27.45,27.02,19043056,5146.06,35261, 4556898, 23.93,4.37
UCOBANK, EQ, 24-Apr-2024,54.9,55.25,55.7,54.1, 54.60,54.45,54.91,7614323,4181.13,16135, 2756637, 36.20,-0.82
UCOBANK, EQ, 24-Apr-2025,31.17,31.02,31.55,30.94,30.99,31.0,31.21,9360643,2921.46,18894, 4226071, 45.15,-0.55
UCOBANK, EQ, 24-May-2021,12.7,12.9,13.15,12.75, 13.10,13.05,12.98,12619036,1638.24,20006, 4723085, 37.43,2.76
UCOBANK, EQ, 24-May-2022,11.5,11.55,11.55,11.4,11.5,11.45,11.46,1247333,142.91,11059, 474915, 38.07,-0.43
UCOBANK, EQ, 24-May-2023,26.15,26.0,26.35,25.65, 26.00,26.05,25.89,19564147,5065.44,31030, 2449477, 12.52,-0.38
UCOBANK, EQ, 24-May-2024,57.4,57.45,58.5,56.7,56.85,56.95,57.52,16017808,9213.4,29469, 4419118, 27.59,-0.78
UCOBANK, EQ, 24-Jun-2020,14.25,14.5,14.5,13.9,13.95,13.95,14.26,3970741,566.3,9912, 2022900, 50.95,-2.11
UCOBANK, EQ, 24-Jun-2021,14.75,14.75,15.05,14.3, 14.60,14.5,14.7,14493542,2131.18,19609, 4112243, 28.37,-1.69
UCOBANK, EQ, 24-Jun-2022,10.95,11.05,11.1,10.9, 11.00,11.0,11.02,2096684,230.99,21938, 809751, 38.62,0.46
UCOBANK, EQ, 24-Jun-2024,56.75,56.5,57.08,55.92,56.24,56.2,56.43,6734795,3800.61,24203, 1819887, 27.02,-0.97
UCOBANK, EQ, 24-Jul-2020,14.15,14.0,14.1,13.7,13.8,13.75,13.82,2450865,338.78,8975, 1370158, 55.91,-2.83
UCOBANK, EQ, 24-Jul-2023,29.0,29.2,29.75,28.5, 28.60,28.6,29.2,15326350,4475.85,31843, 4743068, 30.95,-1.38
UCOBANK, EQ, 24-Jul-2024,54.45,54.5,57.14,54.31,55.92,55.8,55.82,15792376,8816.06,49126, 3207118, 20.31,2.48
UCOBANK, EQ, 24-Aug-2020,14.15,14.2,14.35,13.9,14.0,14.0,14.1,2756337,388.63,4793, 1492054, 54.13,-1.06
UCOBANK, EQ, 24-Aug-2021,12.55,12.6,12.75,12.5, 12.60,12.6,12.61,2309406,291.11,13493, 924912, 40.05,0.4
UCOBANK, EQ, 24-Aug-2022,11.4,11.4,11.55,11.35,11.45,11.4,11.46,1858910,212.96,21556, 778473, 41.88,0.0
UCOBANK, EQ, 24-Aug-2023,33.2,33.55,34.4,32.5, 32.75,32.9,33.4,33778929,11281.56,41786, 11292968, 33.43,-0.9
UCOBANK, EQ, 24-Sep-2020,12.25,12.1,12.25,11.7, 12.00,11.95,11.94,1825126,217.86,3790, 1040484, 57.01,-2.45
UCOBANK, EQ, 24-Sep-2021,13.45,13.5,13.55,13.3, 13.40,13.35,13.4,2593443,347.49,25216, 1225094, 47.24,-0.74
UCOBANK, EQ, 24-Sep-2024,50.26,50.39,50.39,49.21,49.4,49.38,49.58,5308366,2631.95,21648, 1902373, 35.84,-1.75
UCOBANK, EQ, 24-Oct-2024,43.54,43.64,45.29,43.42,44.79,44.77,44.52,9342196,4159.37,29973, 1534186, 16.42,2.82
UCOBANK, EQ, 24-Nov-2020,12.15,12.2,12.25,12.1, 12.15,12.1,12.17,1317032,160.35,1707, 818633, 62.16,-0.41
UCOBANK, EQ, 24-Nov-2021,13.35,13.5,13.75,13.5, 13.65,13.65,13.64,5215857,711.3,14681, 1684037, 32.29,2.25
UCOBANK, EQ, 24-Nov-2022,20.05,20.1,21.2,20.1, 20.35,20.45,20.68,50660795,10477.08,54149, 13401086, 26.45,2.0
UCOBANK, EQ, 24-Nov-2023,37.8,37.8,38.1,37.5, 37.60,37.6,37.72,3721147,1403.46,14422, 1079730, 29.02,-0.53
UCOBANK, EQ, 24-Dec-2020,12.5,12.6,12.75,12.4, 12.55,12.45,12.55,1919310,240.89,2968, 910012, 47.41,-0.4
UCOBANK, EQ, 24-Dec-2021,13.0,13.1,13.1,12.8, 13.00,12.95,12.97,3501143,453.97,14696, 865429, 24.72,-0.38
UCOBANK, EQ, 24-Dec-2024,43.57,43.93,43.99,43.43,43.79,43.8,43.7,2468672,1078.89,14857, 726026, 29.41,0.53
UCOBANK, EQ, 25-Jan-2021,12.85,13.05,13.6,12.9, 13.05,13.05,13.25,13961962,1849.59,19159, 3385664, 24.25,1.56
UCOBANK, EQ, 25-Jan-2022,12.65,12.7,13.0,12.6,13.0,12.95,12.87,2601343,334.7,13947, 866998, 33.33,2.37
UCOBANK, EQ, 25-Jan-2023,29.45,30.2,30.75,29.65, 30.15,30.25,30.16,34130020,10292.02,47389, 4906086, 14.37,2.72
UCOBANK, EQ, 25-Jan-2024,42.7,42.3,42.5,40.85, 41.25,41.2,41.65,25855430,10768.53,38530, 9048793, 35.00,-3.51
UCOBANK, EQ, 25-Feb-2020,13.45,13.45,13.6,13.15, 13.20,13.2,13.29,379134,50.37,1614, 216044, 56.98,-1.86
UCOBANK, EQ, 25-Feb-2021,14.4,14.75,14.95,14.35, 14.40,14.4,14.59,9719733,1418.39,17398, 3620279, 37.25,0.0
UCOBANK, EQ, 25-Feb-2022,11.3,11.55,12.3,11.55,11.8,11.75,11.92,5428800,647.13,15539, 2027632, 37.35,3.98
UCOBANK, EQ, 25-Feb-2025,38.06,38.51,39.32,38.0,38.17,38.06,38.36,3551847,1362.4,17846, 725178, 20.42,0.0
UCOBANK, EQ, 25-Mar-2020,8.95,9.05,9.05,8.45, 8.50,8.55,8.56,1196993,102.47,2490, 950923, 79.44,-4.47
UCOBANK, EQ, 25-Mar-2021,11.9,12.05,12.1,10.8,11.0,10.9,11.14,34044691,3791.99,42305, 13798833, 40.53,-8.4
UCOBANK, EQ, 25-Mar-2022,11.7,11.8,11.8,11.7,11.75,11.7,11.74,1337717,157.02,11497, 710898, 53.14,0.0
UCOBANK, EQ, 25-Mar-2025,38.18,38.2,38.34,36.4,36.5,36.54,37.22,8165646,3039.45,26317, 3647931, 44.67,-4.3
UCOBANK, EQ, 25-Apr-2022,12.05,12.0,12.0,11.85,11.9,11.9,11.91,1677367,199.83,12580, 864599, 51.55,-1.24
UCOBANK, EQ, 25-Apr-2023,27.45,27.7,28.9,27.35,27.8,27.75,28.19,33424735,9423.96,45897, 8192459, 24.51,1.09
UCOBANK, EQ, 25-Apr-2024,54.45,54.6,57.5,54.25, 56.60,56.8,56.35,24141393,13603.22,41256, 8380038, 34.71,4.32
UCOBANK, EQ, 25-Apr-2025,31.0,31.1,31.1,29.78,30.35,30.45,30.26,15285336,4624.66,42498, 5779749, 37.81,-1.77
UCOBANK, EQ, 25-May-2021,13.05,13.15,13.2,12.9, 13.05,13.0,12.99,7659842,995.25,16533, 2921344, 38.14,-0.38
UCOBANK, EQ, 25-May-2022,11.45,11.5,11.5,11.2, 11.25,11.25,11.37,1467397,166.79,11500, 774409, 52.77,-1.75
UCOBANK, EQ, 25-May-2023,26.05,26.0,26.6,25.7, 26.30,26.25,26.24,10117135,2654.36,28519, 1751687, 17.31,0.77
UCOBANK, EQ, 25-Jun-2020,13.95,13.95,14.35,13.55, 14.00,13.95,14.02,2586461,362.69,11481, 1313947, 50.80,0.0
UCOBANK, EQ, 25-Jun-2021,14.5,14.6,14.8,14.3, 14.55,14.55,14.56,12052961,1755.41,18928, 3344294, 27.75,0.34
UCOBANK, EQ, 25-Jun-2024,56.2,56.39,56.8,55.5,55.69,55.6,56.08,7446858,4175.93,27341, 2853720, 38.32,-1.07
UCOBANK, EQ, 25-Jul-2022,11.45,11.4,11.45,11.2, 11.25,11.3,11.33,1122102,127.11,20771, 402157, 35.84,-1.31
UCOBANK, EQ, 25-Jul-2023,28.6,28.85,29.05,28.25, 28.60,28.65,28.59,7479465,2138.28,23607, 2883551, 38.55,0.17
UCOBANK, EQ, 25-Jul-2024,55.8,55.49,56.54,55.12,55.59,55.65,55.9,7828296,4376.01,27149, 2014946, 25.74,-0.27
UCOBANK, EQ, 25-Aug-2020,14.0,14.1,14.25,13.9, 13.95,13.95,14.04,2571719,361.08,3960, 1112639, 43.26,-0.36
UCOBANK, EQ, 25-Aug-2021,12.6,12.65,12.85,12.6, 12.65,12.65,12.72,2249479,286.17,14070, 803862, 35.74,0.4
UCOBANK, EQ, 25-Aug-2022,11.4,11.45,12.05,11.45,11.85,11.9,11.85,6831970,809.43,21982, 2845034, 41.64,4.39
UCOBANK, EQ, 25-Aug-2023,32.9,32.7,33.05,31.65, 32.30,32.3,32.28,17108855,5523.39,26530, 4319000, 25.24,-1.82
UCOBANK, EQ, 25-Sep-2020,11.95,12.0,12.2,11.9, 12.20,12.15,12.07,1506837,181.85,2953, 675467, 44.83,1.67
UCOBANK, EQ, 25-Sep-2023,43.05,43.3,43.8,41.8, 42.50,42.4,42.4,46880912,19879.02,55372, 7961163, 16.98,-1.51
UCOBANK, EQ, 25-Sep-2024,49.38,49.3,49.37,48.3,48.7,48.55,48.72,3118518,1519.19,16518, 1225236, 39.29,-1.68
UCOBANK, EQ, 25-Oct-2021,14.45,14.6,14.85,14.2, 14.60,14.55,14.61,11233682,1641.34,29416, 3705588, 32.99,0.69
UCOBANK, EQ, 25-Oct-2022,12.5,12.55,13.2,12.35,12.95,13.0,12.85,12758662,1639.95,23224, 5533511, 43.37,4.0
UCOBANK, EQ, 25-Oct-2023,35.75,36.2,37.7,35.1,36.75,36.65,36.55,38360410,14020.23,42084, 3847370, 10.03,2.52
UCOBANK, EQ, 25-Oct-2024,44.77,44.8,44.81,42.52,43.02,43.03,43.29,5891822,2550.33,29369, 1564699, 26.56,-3.89
UCOBANK, EQ, 25-Nov-2020,12.1,12.4,12.7,12.2, 12.25,12.25,12.39,5535287,685.66,5016, 1522257, 27.50,1.24
UCOBANK, EQ, 25-Nov-2021,13.65,13.75,13.75,13.0,13.45,13.4,13.41,3883870,520.94,24770, 1460752, 37.61,-1.83
UCOBANK, EQ, 25-Nov-2022,20.45,20.65,22.45,20.25,20.9,20.75,21.37,97577534,20856.44,80160, 19786929, 20.28,1.47
UCOBANK, EQ, 25-Nov-2024,41.87,42.7,45.4,42.7,44.2,44.33,44.41,11462693,5090.04,41408, 2360520, 20.59,5.88
UCOBANK, EQ, 26-Feb-2020,13.2,13.2,13.2,12.7, 12.70,12.75,12.85,567024,72.88,1791, 386680, 68.19,-3.41
UCOBANK, EQ, 26-Feb-2021,14.4,14.0,14.25,13.8,13.95,13.9,14.0,6255763,876.01,13418, 3290291, 52.60,-3.47
UCOBANK, EQ, 26-Feb-2024,59.2,59.05,59.2,57.55, 57.95,58.0,58.32,9910633,5779.92,27979, 2819773, 28.45,-2.03
UCOBANK, EQ, 26-Mar-2020,8.55,8.65,9.0,8.4, 8.85,8.85,8.84,890067,78.72,2254, 489193, 54.96,3.51
UCOBANK, EQ, 26-Mar-2021,10.9,11.2,11.35,10.9,10.95,10.95,11.02,17339622,1911.29,24799, 7610675, 43.89,0.46
UCOBANK, EQ, 26-Mar-2024,51.5,51.6,52.2,50.05,50.35,50.45,50.92,10068136,5126.79,20297, 4379760, 43.50,-2.04
UCOBANK, EQ, 26-Mar-2025,36.54,36.89,37.09,35.9,35.95,35.98,36.4,6305039,2295.25,23658, 2741195, 43.48,-1.53
UCOBANK, EQ, 26-Apr-2021,10.9,11.0,11.05,10.95, 10.95,10.95,10.98,3374462,370.58,12745, 1167551, 34.60,0.46
UCOBANK, EQ, 26-Apr-2022,11.9,12.0,12.05,11.85, 12.00,11.95,11.96,1574135,188.26,11657, 806396, 51.23,0.42
UCOBANK, EQ, 26-Apr-2023,27.75,27.85,28.45,27.4, 28.10,28.15,27.97,23129445,6469.38,35474, 4647819, 20.09,1.44
UCOBANK, EQ, 26-Apr-2024,56.8,57.1,57.75,56.15, 57.05,57.0,57.03,18891679,10773.22,33313, 5823128, 30.82,0.35
UCOBANK, EQ, 26-May-2020,10.95,11.0,11.1,10.85, 10.90,10.9,10.94,460052,50.34,1355, 273608, 59.47,-0.46
UCOBANK, EQ, 26-May-2021,13.0,13.0,13.2,12.8, 12.95,12.95,13.04,13161158,1715.64,18081, 3821882, 29.04,-0.38
UCOBANK, EQ, 26-May-2022,11.25,11.3,11.4,11.1,11.25,11.25,11.24,1533873,172.42,11661, 610682, 39.81,0.0
UCOBANK, EQ, 26-May-2023,26.25,26.3,26.6,26.15,26.55,26.45,26.4,4879324,1288.36,24532, 1726213, 35.38,0.76
UCOBANK, EQ, 26-Jun-2020,13.95,14.45,16.7,14.35, 16.15,16.15,16.0,51931816,8309.6,69008, 12412890, 23.90,15.77
UCOBANK, EQ, 26-Jun-2023,26.55,26.6,26.95,26.1, 26.70,26.6,26.53,4470941,1186.33,25224, 1262798, 28.24,0.19
UCOBANK, EQ, 26-Jun-2024,55.6,55.8,56.32,55.0,55.05,55.12,55.61,7426029,4129.95,23294, 2136074, 28.76,-0.86
UCOBANK, EQ, 26-Jul-2021,13.55,13.5,13.65,13.3,13.55,13.5,13.54,3304956,447.42,13966, 1360447, 41.16,-0.37
UCOBANK, EQ, 26-Jul-2022,11.3,11.25,11.3,11.15,11.25,11.2,11.23,681275,76.54,20112, 322498, 47.34,-0.88
UCOBANK, EQ, 26-Jul-2023,28.65,28.65,29.3,28.45, 29.10,29.05,28.95,9855452,2853.32,26125, 3521386, 35.73,1.4
UCOBANK, EQ, 26-Jul-2024,55.65,55.9,58.45,55.66, 57.05,57.14,57.32,26098098,14959.07,69508, 8066802, 30.91,2.68
UCOBANK, EQ, 26-Aug-2020,13.95,13.95,14.15,13.85, 13.95,13.95,13.94,2197071,306.26,3139, 993486, 45.22,0.0
UCOBANK, EQ, 26-Aug-2021,12.65,12.6,12.75,12.55, 12.60,12.6,12.65,1805611,228.35,13067, 761586, 42.18,-0.4
UCOBANK, EQ, 26-Aug-2022,11.9,12.1,12.65,12.1,12.15,12.2,12.4,8577130,1063.15,28788, 3271486, 38.14,2.52
UCOBANK, EQ, 26-Aug-2024,51.86,51.99,52.08,51.5,51.63,51.67,51.79,3827212,1982.29,17034, 1428863, 37.33,-0.37
UCOBANK, EQ, 26-Sep-2022,12.05,12.05,12.05,11.5,11.6,11.6,11.71,3649623,427.35,16453, 1498830, 41.07,-3.73
UCOBANK, EQ, 26-Sep-2023,42.4,42.55,43.85,41.7, 42.15,42.15,42.75,54086293,23120.66,56528, 9181475, 16.98,-0.59
UCOBANK, EQ, 26-Sep-2024,48.55,48.7,49.48,48.02,48.56,48.55,48.72,5184091,2525.94,21697, 1141287, 22.02,0.0
UCOBANK, EQ, 26-Oct-2020,12.55,12.6,12.6,12.15,12.15,12.2,12.27,1005223,123.38,2316, 453920, 45.16,-2.79
UCOBANK, EQ, 26-Oct-2021,14.55,14.55,15.1,14.5, 14.75,14.75,14.84,10897543,1617.5,21717, 4152510, 38.11,1.37
UCOBANK, EQ, 26-Oct-2023,36.65,36.65,36.85,34.75, 36.40,36.5,35.59,31166726,11091.17,38385, 3965012, 12.72,-0.41
UCOBANK, EQ, 26-Nov-2020,12.25,12.25,12.3,12.1, 12.25,12.2,12.22,1150090,140.57,1693, 587495, 51.08,-0.41
UCOBANK, EQ, 26-Nov-2021,13.4,13.3,13.35,13.1, 13.15,13.1,13.21,3236378,427.41,14001, 1504696, 46.49,-2.24
UCOBANK, EQ, 26-Nov-2024,44.33,44.36,44.62,43.38,43.98,43.81,44.1,4275132,1885.3,16960, 1175441, 27.49,-1.17
UCOBANK, EQ, 26-Dec-2022,29.5,28.35,32.35,26.85,32.15,31.95,30.42,138351627,42081.83,136271, 20291452, 14.67,8.31
UCOBANK, EQ, 26-Dec-2023,39.5,39.6,39.75,39.15, 39.25,39.2,39.38,6430312,2532.36,19747, 2054408, 31.95,-0.76
UCOBANK, EQ, 26-Dec-2024,43.8,43.8,44.2,42.9,43.27,43.26,43.67,3720196,1624.73,18017, 1135852, 30.53,-1.23
UCOBANK, EQ, 27-Jan-2020,16.1,16.05,16.15,15.9, 15.95,15.95,16.02,329379,52.76,915, 197277, 59.89,-0.93
UCOBANK, EQ, 27-Jan-2021,13.05,13.2,13.25,12.9, 12.95,13.0,13.09,2830449,370.42,12670, 1012190, 35.76,-0.38
UCOBANK, EQ, 27-Jan-2022,12.95,12.9,13.4,12.85, 13.35,13.35,13.21,6813083,900.23,16928, 3176481, 46.62,3.09
UCOBANK, EQ, 27-Jan-2023,30.25,30.5,30.5,27.65, 28.55,28.4,28.86,21654764,6249.53,29261, 5347415, 24.69,-6.12
UCOBANK, EQ, 27-Jan-2025,42.13,41.8,44.77,40.62,42.05,42.86,42.73,16383428,7001.03,66666, 1712876, 10.45,1.73
UCOBANK, EQ, 27-Feb-2020,12.75,12.75,12.9,12.5, 12.60,12.55,12.67,488712,61.91,1605, 295228, 60.41,-1.57
UCOBANK, EQ, 27-Feb-2023,25.0,24.95,25.4,24.45, 25.00,25.1,24.95,10998903,2744.14,12634, 2179048, 19.81,0.4
UCOBANK, EQ, 27-Feb-2024,58.0,58.0,58.3,56.15, 56.70,56.6,57.23,11867390,6792.0,26987, 3929332, 33.11,-2.41
UCOBANK, EQ, 27-Feb-2025,38.06,38.48,38.65,37.35,37.69,37.65,37.92,2439181,924.99,14240, 711096, 29.15,-1.08
UCOBANK, EQ, 27-Mar-2020,8.85,9.3,9.6,9.0, 9.20,9.05,9.34,1547817,144.53,3959, 976110, 63.06,2.26
UCOBANK, EQ, 27-Mar-2023,23.85,23.85,24.1,23.0, 23.10,23.2,23.33,8185025,1909.61,28322, 2113397, 25.82,-2.73
UCOBANK, EQ, 27-Mar-2024,50.45,50.9,51.2,49.25, 49.70,49.55,50.36,11071605,5575.33,20099, 4671844, 42.20,-1.78
UCOBANK, EQ, 27-Mar-2025,35.98,35.97,36.85,35.5,36.69,36.7,36.31,7615889,2765.65,29404, 3446036, 45.25,2.0
UCOBANK, EQ, 27-Apr-2020,12.65,12.65,13.0,11.65, 12.20,12.15,12.1,2961794,358.41,7079, 1060926, 35.82,-3.95
UCOBANK, EQ, 27-Apr-2021,10.95,11.0,11.1,10.95,11.05,11.05,11.04,3268716,360.95,12685, 1186816, 36.31,0.91
UCOBANK, EQ, 27-Apr-2022,11.95,11.95,11.95,11.8,11.85,11.85,11.88,1149602,136.57,11582, 833671, 72.52,-0.84
UCOBANK, EQ, 27-Apr-2023,28.15,28.25,28.9,28.15, 28.50,28.5,28.49,18122850,5163.74,35146, 4497073, 24.81,1.24
UCOBANK, EQ, 27-May-2020,10.9,10.85,11.05,10.7,11.0,11.0,10.93,707877,77.37,1561, 242838, 34.31,0.92
UCOBANK, EQ, 27-May-2021,12.95,13.0,13.4,13.0, 13.35,13.15,13.18,18539847,2444.37,21746, 6106197, 32.94,1.54
UCOBANK, EQ, 27-May-2022,11.25,11.35,11.5,11.3, 11.45,11.4,11.39,2090869,238.18,21148, 730602, 34.94,1.33
UCOBANK, EQ, 27-May-2024,56.95,57.4,61.9,56.7,61.05,61.0,60.06,71172486,42748.12,104222, 22788484, 32.02,7.11
UCOBANK, EQ, 27-Jun-2022,11.0,11.15,11.3,11.1,11.15,11.1,11.18,1148524,128.4,21169, 414001, 36.05,0.91
UCOBANK, EQ, 27-Jun-2023,26.6,26.75,27.1,26.65, 26.70,26.8,26.85,4704983,1263.29,25490, 1158486, 24.62,0.75
UCOBANK, EQ, 27-Jun-2024,55.12,55.13,55.35,53.61,54.25,54.2,54.42,10268001,5588.11,36292, 3623117, 35.29,-1.67
UCOBANK, EQ, 27-Jul-2020,13.75,13.85,13.9,13.1,13.15,13.15,13.34,1734799,231.39,8700, 1004101, 57.88,-4.36
UCOBANK, EQ, 27-Jul-2021,13.5,13.6,14.35,13.5, 13.85,13.8,13.94,19141634,2668.86,21750, 4318490, 22.56,2.22
UCOBANK, EQ, 27-Jul-2022,11.2,11.25,11.3,11.2,11.25,11.25,11.25,774475,87.1,20726, 374247, 48.32,0.45
UCOBANK, EQ, 27-Jul-2023,29.05,29.2,29.5,28.9, 29.20,29.25,29.2,9083691,2652.04,25028, 3350461, 36.88,0.69
UCOBANK, EQ, 27-Aug-2020,13.95,14.05,14.05,13.85,13.85,13.85,13.91,2206552,307.03,2676, 1448288, 65.64,-0.72
UCOBANK, EQ, 27-Aug-2021,12.6,12.6,12.8,12.55, 12.65,12.7,12.64,1914143,242.0,13731, 943794, 49.31,0.79
UCOBANK, EQ, 27-Aug-2024,51.67,51.7,51.98,51.37,51.48,51.5,51.64,3363183,1736.6,14855, 1052266, 31.29,-0.33
UCOBANK, EQ, 27-Sep-2021,13.35,13.5,13.5,13.15, 13.20,13.2,13.33,3882285,517.44,14410, 2207191, 56.85,-1.12
UCOBANK, EQ, 27-Sep-2022,11.6,11.6,11.8,11.5,11.65,11.6,11.67,2563745,299.18,17660, 747779, 29.17,0.0
UCOBANK, EQ, 27-Sep-2023,42.15,42.15,43.25,41.7, 43.05,43.05,42.52,40152117,17071.78,46039, 6767122, 16.85,2.14
UCOBANK, EQ, 27-Sep-2024,48.55,48.55,49.48,48.5,48.61,48.81,49.05,6274512,3077.86,21601, 2396425, 38.19,0.54
UCOBANK, EQ, 27-Oct-2020,12.2,12.2,12.25,11.9, 12.20,12.05,12.03,988154,118.83,1941, 370588, 37.50,-1.23
UCOBANK, EQ, 27-Oct-2021,14.75,14.8,15.3,14.6, 14.70,14.65,14.97,20730304,3102.72,25587, 5694547, 27.47,-0.68
UCOBANK, EQ, 27-Oct-2022,13.0,13.15,13.45,13.1,13.25,13.25,13.29,9531815,1267.02,23392, 4193601, 44.00,1.92
UCOBANK, EQ, 27-Oct-2023,36.5,36.8,38.45,36.35,38.2,38.2,37.64,41423980,15592.52,40531, 6098875, 14.72,4.66
UCOBANK, EQ, 27-Nov-2020,12.2,12.3,12.55,12.2,12.3,12.35,12.37,3057500,378.35,7265, 1035360, 33.86,1.23
UCOBANK, EQ, 27-Nov-2024,43.81,43.94,44.36,43.74,44.35,44.25,44.08,2936139,1294.34,13365, 675540, 23.01,1.0
UCOBANK, EQ, 27-Dec-2021,12.95,12.9,13.0,12.85, 12.90,12.85,12.91,2205105,284.58,12891, 845839, 38.36,-0.77
UCOBANK, EQ, 27-Dec-2022,31.95,32.5,33.45,31.0,32.2,32.45,32.23,107289429,34580.35,100012, 14082674, 13.13,1.56
UCOBANK, EQ, 27-Dec-2023,39.2,39.2,40.2,39.2, 40.10,39.9,39.83,14024472,5585.63,24498, 4031051, 28.74,1.79
UCOBANK, EQ, 27-Dec-2024,43.26,43.56,43.77,42.91,42.95,43.01,43.17,2647177,1142.91,18951, 910284, 34.39,-0.58
UCOBANK, EQ, 28-Jan-2020,15.95,16.05,16.1,15.7, 15.75,15.75,15.87,422146,66.98,1321, 283511, 67.16,-1.25
UCOBANK, EQ, 28-Jan-2021,13.0,12.75,12.85,12.65, 12.80,12.75,12.77,1709906,218.42,10359, 620745, 36.30,-1.92
UCOBANK, EQ, 28-Jan-2022,13.35,13.4,13.6,13.35, 13.45,13.45,13.47,6618099,891.31,19386, 3152588, 47.64,0.75
UCOBANK, EQ, 28-Jan-2025,42.86,42.85,43.74,42.02,42.7,42.67,42.84,7522475,3222.57,36618, 1039944, 13.82,-0.44
UCOBANK, EQ, 28-Feb-2020,12.55,12.5,12.55,12.0, 12.40,12.35,12.27,612847,75.22,2138, 388113, 63.33,-1.59
UCOBANK, EQ, 28-Feb-2022,11.75,11.75,11.85,11.65, 11.80,11.8,11.77,3504184,412.52,14705, 1526451, 43.56,0.43
UCOBANK, EQ, 28-Feb-2023,25.1,25.25,26.5,25.1, 25.95,25.9,25.77,18839969,4855.95,19111, 3471785, 18.43,3.19
UCOBANK, EQ, 28-Feb-2024,56.6,56.8,57.4,54.15,55.1,55.1,55.45,14956835,8293.8,35599, 4097974, 27.40,-2.65
UCOBANK, EQ, 28-Feb-2025,37.65,37.4,37.45,35.9,36.52,36.37,36.49,3739510,1364.51,22990, 1172228, 31.35,-3.4
UCOBANK, EQ, 28-Mar-2022,11.7,11.75,11.75,11.45, 11.55,11.5,11.57,3712238,429.41,13276, 1817694, 48.96,-1.71
UCOBANK, EQ, 28-Mar-2023,23.2,23.2,23.6,22.35, 22.50,22.55,22.72,8879940,2017.49,12423, 3075373, 34.63,-2.8
UCOBANK, EQ, 28-Mar-2024,49.55,50.0,53.35,49.9,52.0,52.2,51.95,27813819,14448.1,38300, 7161920, 25.75,5.35
UCOBANK, EQ, 28-Mar-2025,36.7,37.0,37.29,35.4,35.59,35.7,36.43,6939432,2527.87,23203, 3254807, 46.90,-2.72
UCOBANK, EQ, 28-Apr-2020,12.15,12.3,12.65,12.1, 12.30,12.2,12.23,1070063,130.9,3144, 545722, 51.00,0.41
UCOBANK, EQ, 28-Apr-2021,11.05,11.1,11.2,11.05, 11.10,11.1,11.13,4007209,446.08,12719, 1509256, 37.66,0.45
UCOBANK, EQ, 28-Apr-2022,11.85,11.9,11.95,11.8, 11.90,11.85,11.86,777339,92.23,11635, 409515, 52.68,0.0
UCOBANK, EQ, 28-Apr-2023,28.5,28.6,30.7,28.55, 30.10,30.1,29.84,48901981,14591.72,60014, 12885475, 26.35,5.61
UCOBANK, EQ, 28-May-2020,11.0,11.05,11.2,10.95,11.05,11.0,11.03,430731,47.52,1340, 240337, 55.80,0.0
UCOBANK, EQ, 28-May-2021,13.15,13.65,14.05,13.45,13.5,13.55,13.68,43581102,5961.51,41450, 15214003, 34.91,3.04
UCOBANK, EQ, 28-May-2024,61.0,61.45,61.9,57.25,58.15,58.15,59.19,34211309,20248.55,60710, 10404866, 30.41,-4.67
UCOBANK, EQ, 28-Jun-2021,14.55,14.65,15.45,14.5, 15.35,15.3,15.05,31619843,4758.82,33072, 12149945, 38.43,5.15
UCOBANK, EQ, 28-Jun-2022,11.1,11.15,11.15,10.95, 11.00,11.0,11.04,1081985,119.47,21451, 508346, 46.98,-0.9
UCOBANK, EQ, 28-Jun-2024,54.2,54.3,56.08,54.29,54.82,54.78,55.12,9214823,5078.9,28256, 2377478, 25.80,1.07
UCOBANK, EQ, 28-Jul-2020,13.15,13.25,13.35,13.05,13.2,13.2,13.17,1068802,140.73,4616, 581438, 54.40,0.38
UCOBANK, EQ, 28-Jul-2021,13.8,13.95,14.05,13.6,13.75,13.7,13.77,6222143,856.62,16332, 2053743, 33.01,-0.72
UCOBANK, EQ, 28-Jul-2022,11.25,11.3,11.4,11.3, 11.35,11.3,11.34,995332,112.84,20841, 503377, 50.57,0.44
UCOBANK, EQ, 28-Jul-2023,29.25,29.35,29.35,28.65, 28.75,28.75,28.91,9094880,2629.39,26182, 4189770, 46.07,-1.71
UCOBANK, EQ, 28-Aug-2020,13.85,13.9,14.3,13.85, 14.00,13.95,14.09,4688846,660.76,5888, 1785076, 38.07,0.72
UCOBANK, EQ, 28-Aug-2023,32.3,32.5,32.85,31.95, 32.35,32.45,32.38,12719277,4118.29,21630, 2971570, 23.36,0.46
UCOBANK, EQ, 28-Aug-2024,51.5,51.75,52.08,51.12,51.27,51.23,51.6,2800309,1444.82,12675, 1015703, 36.27,-0.52
UCOBANK, EQ, 28-Sep-2020,12.15,12.25,12.8,12.15,12.7,12.55,12.37,1144429,141.53,2491,549501,48.02,3.29
UCOBANK, EQ, 28-Sep-2021,13.2,13.3,13.45,13.15, 13.20,13.2,13.28,3515426,466.89,14719, 1490213, 42.39,0.0
UCOBANK, EQ, 28-Sep-2022,11.6,11.5,12.25,11.5,11.6,11.65,11.81,5248303,619.62,19974, 1211868, 23.09,0.43
UCOBANK, EQ, 28-Sep-2023,43.05,43.25,45.4,42.6, 43.15,43.0,44.14,93044518,41071.37,94206, 16199437, 17.41,-0.12
UCOBANK, EQ, 28-Oct-2020,12.05,12.1,12.15,11.75, 11.90,11.8,11.88,810173,96.28,1803, 482957, 59.61,-2.07
UCOBANK, EQ, 28-Oct-2021,14.65,14.75,14.95,14.3, 14.40,14.4,14.62,23374638,3416.35,28576, 5838307, 24.98,-1.71
UCOBANK, EQ, 28-Oct-2022,13.25,13.25,13.45,12.95,13.05,13.0,13.12,7185277,942.86,20066, 2706252, 37.66,-1.89
UCOBANK, EQ, 28-Oct-2024,43.03,43.05,44.35,42.76,43.95,43.99,43.66,6924275,3023.26,33619, 1455331, 21.02,2.23
UCOBANK, EQ, 28-Nov-2022,20.75,21.05,21.3,20.5, 20.75,20.7,20.87,24390209,5090.14,35165, 8491258, 34.81,-0.24
UCOBANK, EQ, 28-Nov-2023,37.6,37.6,38.4,36.75, 37.65,37.75,37.5,15641138,5865.65,28582, 3317386, 21.21,0.4
UCOBANK, EQ, 28-Nov-2024,44.25,44.32,45.38,44.06,45.07,44.96,44.91,5033496,2260.44,19667, 1259287, 25.02,1.6
UCOBANK, EQ, 28-Dec-2020,12.45,12.45,12.85,12.45,12.75,12.8,12.64,2364048,298.78,3281, 666762, 28.20,2.81
UCOBANK, EQ, 28-Dec-2021,12.85,12.95,13.0,12.9,13.0,12.95,12.96,1166876,151.21,12332, 637883, 54.67,0.78
UCOBANK, EQ, 28-Dec-2022,32.45,31.7,32.8,30.85, 31.20,31.4,32.1,66549004,21359.3,77633, 9676126, 14.54,-3.24
UCOBANK, EQ, 28-Dec-2023,39.9,40.1,40.85,39.5, 39.70,39.7,40.25,17673803,7113.6,27719, 4913134, 27.80,-0.5
UCOBANK, EQ, 29-Jan-2020,15.75,15.8,15.95,15.75, 15.80,15.85,15.87,262291,41.62,865, 177497, 67.67,0.63
UCOBANK, EQ, 29-Jan-2021,12.75,12.85,13.05,12.8, 12.90,12.85,12.92,3567275,461.01,10576, 994457, 27.88,0.78
UCOBANK, EQ, 29-Jan-2024,41.2,41.7,43.9,41.3, 42.55,42.65,42.82,35608209,15247.99,46054, 12494383, 35.09,3.52
UCOBANK, EQ, 29-Jan-2025,42.67,43.16,43.66,42.45,42.71,42.74,42.86,5058909,2168.31,21521, 1194412, 23.61,0.16
UCOBANK, EQ, 29-Feb-2024,55.1,55.2,57.1,54.0, 56.85,56.7,55.55,17501630,9722.14,33196, 3176536, 18.15,2.9
UCOBANK, EQ, 29-Mar-2022,11.5,11.6,11.6,11.2, 11.25,11.25,11.38,3928230,446.88,13985, 2384135, 60.69,-2.17
UCOBANK, EQ, 29-Mar-2023,22.55,22.55,24.8,22.25, 24.40,24.55,23.85,23014054,5488.97,39729, 4730407, 20.55,8.87
UCOBANK, EQ, 29-Apr-2020,12.2,12.15,13.0,12.05,12.85,12.7,12.61,2615143,329.73,6301, 977829, 37.39,4.1
UCOBANK, EQ, 29-Apr-2021,11.1,11.15,11.25,11.0, 11.05,11.05,11.08,4193586,464.5,3596, 1602002, 38.20,-0.45
UCOBANK, EQ, 29-Apr-2022,11.85,11.9,12.05,11.8,11.85,11.85,11.93,1646939,196.4,12324, 707841, 42.98,0.0
UCOBANK, EQ, 29-Apr-2024,57.0,57.65,59.15,57.3, 58.60,58.5,58.33,28267184,16488.29,44896, 9113088, 32.24,2.63
UCOBANK, EQ, 29-May-2020,11.0,11.0,11.05,10.9, 10.95,10.95,10.98,419140,46.0,1314, 259526, 61.92,-0.45
UCOBANK, EQ, 29-May-2023,26.45,26.65,26.7,26.3, 26.35,26.4,26.46,4295122,1136.69,25292, 1536791, 35.78,-0.19
UCOBANK, EQ, 29-May-2024,58.15,57.55,58.7,57.0,57.3,57.3,57.8,20788148,12015.37,34088, 4936606, 23.75,-1.46
UCOBANK, EQ, 29-Jun-2020,16.15,16.05,16.05,14.8, 15.05,15.0,15.25,12402582,1891.33,32063, 5556482, 44.80,-7.12
UCOBANK, EQ, 29-Jun-2021,15.3,15.35,15.35,14.9, 14.95,14.95,15.05,17939303,2699.71,23371, 6466667, 36.05,-2.29
UCOBANK, EQ, 29-Jun-2022,11.0,11.0,11.15,10.9, 11.00,11.0,11.03,1424918,157.12,21311, 496946, 34.88,0.0
UCOBANK, EQ, 28-Jun-2023,26.8,26.8,26.95,26.55, 26.70,26.7,26.73,3706157,990.66,25703, 1238967, 33.43,-0.37
UCOBANK, EQ, 29-Jul-2020,13.2,13.1,14.4,13.1, 14.00,14.0,14.01,7976424,1117.61,14909, 1992470, 24.98,6.06
UCOBANK, EQ, 29-Jul-2021,13.7,13.8,13.95,13.7,13.8,13.8,13.82,4588910,634.1,4719, 1472763, 32.09,0.73
UCOBANK, EQ, 29-Jul-2022,11.3,11.35,11.4,11.25,11.35,11.3,11.33,1108912,125.65,20819, 544298, 49.08,0.0
UCOBANK, EQ, 29-Jul-2024,57.14,58.0,60.68,57.16,57.21,57.34,59.03,31499863,18594.45,79642, 9772507, 31.02,0.35
UCOBANK, EQ, 29-Aug-2022,12.2,12.0,12.15,11.85, 12.05,12.0,12.02,2789645,335.37,16049, 932642, 33.43,-1.64
UCOBANK, EQ, 29-Aug-2023,32.45,32.55,32.65,31.7, 31.85,31.9,32.08,9646609,3094.94,21023, 4035492, 41.83,-1.69
UCOBANK, EQ, 29-Aug-2024,51.23,51.3,51.44,50.6,51.01,50.93,50.98,3112900,1586.99,15721, 1175435, 37.76,-0.59
UCOBANK, EQ, 29-Sep-2020,12.55,12.6,12.65,12.25,12.3,12.3,12.4,673281,83.46,1799, 320821, 47.65,-1.99
UCOBANK, EQ, 29-Sep-2021,13.2,13.1,13.85,13.05, 13.35,13.35,13.5,8088568,1092.33,18032, 3109767, 38.45,1.14
UCOBANK, EQ, 29-Sep-2022,11.65,11.8,11.95,11.6,11.8,11.75,11.75,4333361,509.0,18525, 1662652, 38.37,0.86
UCOBANK, EQ, 29-Sep-2023,43.0,43.5,44.2,43.1, 43.65,43.55,43.57,34965445,15236.12,42834, 6002035, 17.17,1.28
UCOBANK, EQ, 29-Oct-2020,11.8,11.7,11.8,11.55,11.7,11.65,11.68,649398,75.87,1499, 295137, 45.45,-1.27
UCOBANK, EQ, 29-Oct-2021,14.4,14.55,14.75,14.35, 14.45,14.4,14.51,11062644,1605.22,21619, 4123692, 37.28,0.0
UCOBANK, EQ, 29-Oct-2024,43.99,44.2,45.24,42.52,44.96,44.98,44.44,6049017,2688.08,26059, 1418222, 23.45,2.25
UCOBANK, EQ, 29-Nov-2021,13.1,13.15,13.2,12.8, 12.90,12.9,12.95,3410644,441.58,29676, 1415346, 41.50,-1.53
UCOBANK, EQ, 29-Nov-2022,20.7,20.9,20.9,19.85,20.25,20.25,20.23,28577931,5779.95,38013, 7435357, 26.02,-2.17
UCOBANK, EQ, 29-Nov-2023,37.75,37.95,38.65,37.75, 38.10,38.1,38.03,7818091,2973.12,19071, 3422944, 43.78,0.93
UCOBANK, EQ, 29-Nov-2024,44.96,45.36,45.65,43.47,44.39,44.48,44.44,6167156,2740.51,24514, 1750123, 28.38,-1.07
UCOBANK, EQ, 29-Dec-2020,12.8,13.1,13.1,12.7,12.75,12.8,12.87,2684367,345.4,4399, 955915, 35.61,0.0
UCOBANK, EQ, 29-Dec-2021,12.95,13.0,13.1,12.9, 13.00,12.95,12.97,1769016,229.51,12456, 986819, 55.78,0.0
UCOBANK, EQ, 29-Dec-2022,31.4,31.0,31.5,30.55, 30.85,30.8,30.93,36148593,11182.28,57759, 7249522, 20.05,-1.91
UCOBANK, EQ, 29-Dec-2023,39.7,39.9,40.1,39.5, 39.80,39.75,39.74,7127439,2832.36,22880, 2184804, 30.65,0.13
UCOBANK, EQ, 30-Jan-2020,15.85,15.85,15.85,15.5, 15.55,15.55,15.62,302847,47.31,1069, 196957, 65.04,-1.89
UCOBANK, EQ, 30-Jan-2023,28.4,27.6,29.25,27.3, 28.50,28.35,28.26,25972880,7340.43,40491, 3382374, 13.02,-0.18
UCOBANK, EQ, 30-Jan-2024,42.65,42.95,44.95,42.3, 43.80,43.75,43.91,46398613,20373.65,57894, 15070840, 32.48,2.58
UCOBANK, EQ, 30-Jan-2025,42.74,42.9,43.19,42.63,42.75,42.85,42.93,2653483,1139.14,12496, 785563, 29.60,0.26
UCOBANK, EQ, 30-Mar-2020,9.05,9.05,9.05,8.7, 9.00,9.0,8.93,316901,28.29,1570, 174483, 55.06,-0.55
UCOBANK, EQ, 30-Mar-2021,10.95,11.05,11.2,10.8,10.95,10.95,10.98,10869396,1193.36,22571, 4116329, 37.87,0.0
UCOBANK, EQ, 30-Mar-2022,11.25,11.45,11.95,11.25, 11.80,11.65,11.53,4762353,549.14,14002, 3105956, 65.22,3.56
UCOBANK, EQ, 30-Apr-2020,12.7,13.0,13.1,12.6,12.8,12.8,12.85,1238754,159.14,3633, 661611, 53.41,0.79
UCOBANK, EQ, 30-Apr-2021,11.05,10.9,11.1,10.9,11.0,11.0,11.02,3709688,408.65,14100, 1392121, 37.53,-0.45
UCOBANK, EQ, 30-Apr-2024,58.5,58.75,59.5,57.0, 57.20,57.3,58.45,25571222,14945.92,42593, 8744197, 34.20,-2.05
UCOBANK, EQ, 30-May-2022,11.4,11.55,11.85,11.5, 11.80,11.75,11.69,2822010,329.82,21542, 1489910, 52.80,3.07
UCOBANK, EQ, 30-May-2023,26.4,26.4,26.6,26.05, 26.20,26.2,26.24,4237014,1111.93,24034, 1148982, 27.12,-0.76
UCOBANK, EQ, 30-May-2024,57.3,57.1,57.9,55.7,56.0,55.95,56.52,19466033,11001.75,30762, 3977368, 20.43,-2.36
UCOBANK, EQ, 30-Jun-2020,15.0,15.6,15.7,14.3, 14.80,14.85,15.03,12656545,1902.16,30973, 4070613, 32.16,-1.0
UCOBANK, EQ, 30-Jun-2021,14.95,15.0,15.9,14.95, 15.20,15.2,15.48,42434479,6570.42,35186, 10293638, 24.26,1.67
UCOBANK, EQ, 30-Jun-2022,11.0,11.1,11.15,10.9,10.9,10.95,11.01,604217,66.5,20862, 254611, 42.14,-0.45
UCOBANK, EQ, 30-Jun-2023,26.7,26.85,27.75,26.65, 27.35,27.4,27.25,13537020,3689.4,31567, 4051823, 29.93,2.62
UCOBANK, EQ, 30-Jul-2020,14.0,14.35,14.7,14.05, 14.15,14.2,14.28,3799620,542.7,10437, 1829669, 48.15,1.43
UCOBANK, EQ, 30-Jul-2021,13.8,13.75,13.95,13.7, 13.80,13.8,13.84,4267799,590.68,14488, 1474075, 34.54,0.0
UCOBANK, EQ, 30-Jul-2024,57.34,57.53,57.73,56.75,57.09,56.95,57.3,8823670,5055.82,28043, 3027491, 34.31,-0.68
UCOBANK, EQ, 30-Aug-2021,12.7,12.7,13.2,12.65, 12.90,12.95,12.93,5239515,677.52,17512, 1924361, 36.73,1.97
UCOBANK, EQ, 30-Aug-2022,12.0,12.05,12.25,11.9, 12.00,12.0,12.08,2893252,349.45,19343, 1291577, 44.64,0.0
UCOBANK, EQ, 30-Aug-2023,31.9,32.2,32.25,31.35, 31.50,31.55,31.83,7933608,2525.02,20889, 3899452, 49.15,-1.1
UCOBANK, EQ, 30-Aug-2024,50.93,51.2,51.7,50.8,51.1,51.02,51.24,3340159,1711.47,14359, 1064634, 31.87,0.18
UCOBANK, EQ, 30-Sep-2020,12.3,12.3,12.3,11.95,12.15,12.15,12.13,1000413,121.35,2182, 530603, 53.04,-1.22
UCOBANK, EQ, 30-Sep-2021,13.35,13.5,14.25,13.5, 13.65,13.65,13.89,14370338,1996.56,23355, 3974337, 27.66,2.25
UCOBANK, EQ, 30-Sep-2022,11.75,11.7,12.05,11.65, 11.95,11.9,11.86,3607433,427.81,17998, 968541, 26.85,1.28
UCOBANK, EQ, 30-Sep-2024,48.81,48.69,48.88,48.0,48.2,48.24,48.31,3307722,1598.11,17919, 1019024, 30.81,-1.17
UCOBANK, EQ, 30-Oct-2020,11.65,11.75,11.85,11.55, 11.60,11.6,11.7,617081,72.19,1354, 327855, 53.13,-0.43
UCOBANK, EQ, 30-Oct-2023,38.2,38.35,38.4,36.75, 37.00,37.0,37.36,18655164,6969.97,30049, 4587692, 24.59,-3.14
UCOBANK, EQ, 30-Oct-2024,44.98,44.99,46.5,44.59,45.88,46.0,45.84,7701365,3530.65,28534, 1707234, 22.17,2.27
UCOBANK, EQ, 30-Nov-2021,12.9,12.8,13.15,12.8,12.95,12.95,12.97,4104299,532.41,14818, 1373978, 33.48,0.39
UCOBANK, EQ, 30-Nov-2022,20.25,20.25,20.45,19.65,19.75,19.8,19.96,17360162,3464.61,27194, 5745799, 33.10,-2.22
UCOBANK, EQ, 30-Nov-2023,38.1,38.1,38.3,37.6, 37.80,37.85,37.86,5050094,1911.87,17056, 1339903, 26.53,-0.66
UCOBANK, EQ, 30-Dec-2020,12.8,12.8,12.8,12.6,12.65,12.65,12.65,963936,121.98,9519, 419698, 43.54,-1.17
UCOBANK, EQ, 30-Dec-2021,12.95,13.0,13.05,12.85, 12.90,12.9,12.96,1998114,258.86,12866, 978810, 48.99,-0.39
UCOBANK, EQ, 30-Dec-2022,30.8,31.4,32.5,31.3,31.6,31.5,31.77,35706421,11345.02,52809, 6611277, 18.52,2.27
UCOBANK, EQ, 30-Dec-2024,43.01,43.0,43.31,42.2,42.52,42.39,42.75,3263546,1395.12,19864, 863265, 26.45,-1.44
UCOBANK, EQ, 31-Jan-2020,15.55,15.6,15.85,15.5, 15.60,15.55,15.63,370772,57.95,1179, 166791, 44.98,0.0
UCOBANK, EQ, 31-Jan-2022,13.45,13.6,13.85,13.55,13.65,13.6,13.71,6774619,928.63,18493, 2403436, 35.48,1.12
UCOBANK, EQ, 31-Jan-2023,28.35,28.65,30.15,28.35,29.75,29.65,29.31,25925484,7597.98,38075, 3681760, 14.20,4.59
UCOBANK, EQ, 31-Jan-2024,43.75,44.05,49.5,43.7, 46.60,46.5,47.2,156641592,73933.45,162269, 34827115, 22.23,6.29
UCOBANK, EQ, 31-Jan-2025,42.85,42.85,43.99,42.57,43.6,43.51,43.39,4932718,2140.37,18027, 1484859, 30.10,1.54
UCOBANK, EQ, 31-Mar-2020,9.0,9.05,9.25,8.9,9.05,9.05,9.06,463802,42.01,1891, 269886, 58.19,0.56
UCOBANK, EQ, 31-Mar-2021,10.95,11.15,11.15,10.9, 11.00,11.0,11.01,11384869,1253.48,20358, 6099111, 53.57,0.46
UCOBANK, EQ, 31-Mar-2022,11.65,11.75,12.4,11.55, 11.90,11.85,12.03,12415789,1493.93,22144, 3021848, 24.34,1.72
UCOBANK, EQ, 31-Mar-2023,24.55,24.7,25.35,24.1, 24.25,24.3,24.76,11688066,2894.5,34260, 3733526, 31.94,-1.02
UCOBANK, EQ, 31-May-2021,13.55,13.55,13.9,13.55, 13.60,13.6,13.67,13000057,1777.64,11447, 4599755, 35.38,0.37
UCOBANK, EQ, 31-May-2022,11.75,11.75,11.75,11.55, 11.65,11.6,11.62,1382986,160.76,18601, 470939, 34.05,-1.28
UCOBANK, EQ, 31-May-2023,26.2,26.2,26.45,25.85, 26.25,26.3,26.18,6049451,1583.51,26783, 1386040, 22.91,0.38
UCOBANK, EQ, 31-May-2024,55.95,56.2,57.45,54.6,56.8,56.95,56.27,20207629,11371.44,35197, 3770790, 18.66,1.79
UCOBANK, EQ, 31-Jul-2020,14.2,14.35,15.45,14.0,14.0,14.05,14.63,21192813,3101.4,23285, 4251311, 20.06,-1.06
UCOBANK, EQ, 31-Jul-2023,28.75,28.7,28.75,27.9, 28.25,28.25,28.19,12905960,3638.24,32317, 5789696, 44.86,-1.74
UCOBANK, EQ, 31-Jul-2024,56.95,57.2,57.28,56.01,56.34,56.26,56.45,7710637,4352.43,25881, 3493406, 45.31,-1.21
UCOBANK, EQ, 31-Aug-2020,13.95,14.8,14.8,13.6, 13.60,13.65,14.02,4329569,607.16,7195, 2330852, 53.84,-2.15
UCOBANK, EQ, 31-Aug-2021,12.95,12.9,13.1,12.75,12.8,12.8,12.88,3394160,437.27,25261, 1191151, 35.09,-1.16
UCOBANK, EQ, 31-Aug-2023,31.55,31.7,31.8,31.05, 31.15,31.15,31.3,7499998,2347.74,19597, 2725796, 36.34,-1.27
UCOBANK, EQ, 31-Oct-2022,13.0,13.1,13.35,12.95,13.2,13.2,13.16,6009524,791.0,19525, 2397486, 39.89,1.54
UCOBANK, EQ, 31-Oct-2023,37.0,37.45,38.4,36.7, 37.00,37.1,37.63,23867299,8980.15,29017, 3197431, 13.40,0.27
UCOBANK, EQ, 31-Oct-2024,46.0,45.6,46.74,45.58,46.19,46.11,46.21,5409076,2499.27,23733, 1421088, 26.27,0.24
UCOBANK, EQ, 31-Dec-2020,12.65,12.95,12.95,12.6,12.7,12.7,12.8,2801646,358.64,7661, 1112485, 39.71,0.4
UCOBANK, EQ, 31-Dec-2021,12.9,12.95,13.05,12.9,13.05,13.0,13.0,1410927,183.49,12938, 836522, 59.29,0.78
UCOBANK, EQ, 31-Dec-2024,42.39,42.49,44.09,42.25,43.75,43.87,43.25,4291824,1856.03,22371, 1270556, 29.60,3.49
