SYMBOL, SERIES, DATE1, PREV_CLOSE, OPEN_PRICE, HIGH_PRICE, LOW_PRICE, LAST_PRICE, CLOSE_PRICE, AVG_PRICE, TTL_TRD_QNTY, TURNOVER_LACS, NO_OF_TRADES, DELIV_QTY, DELIV_PER,PER_CHANGE
VGUARD, EQ, 01-Jan-2020,212.6,212.1,213.5,212.0, 212.50,212.65,212.89,68794,146.45,2212, 35874, 52.15,0.02
VGUARD, EQ, 01-Jan-2021,186.2,187.9,188.25,186.25, 187.50,187.25,187.31,192276,360.16,6503, 85432, 44.43,0.56
VGUARD, EQ, 01-Jan-2024,292.35,293.3,294.6,289.9, 291.90,291.4,291.07,229908,669.18,12621, 129142, 56.17,-0.32
VGUARD, EQ, 01-Jan-2025,422.5,426.5,450.0,426.5,446.0,446.55,444.5,1869368,8309.42,64317, 246410, 13.18,5.69
VGUARD, EQ, 01-Feb-2021,230.8,233.5,233.5,223.1, 229.50,230.85,228.45,487050,1112.65,12497, 130190, 26.73,0.02
VGUARD, EQ, 01-Feb-2022,215.65,217.6,219.75,216.2,216.95,216.9,217.61,284942,620.07,7784, 159670, 56.04,0.58
VGUARD, EQ, 01-Feb-2023,246.75,246.95,249.9,244.0, 245.90,246.35,247.41,61512,152.19,4800, 31301, 50.89,-0.16
VGUARD, EQ, 01-Feb-2024,292.4,293.05,305.7,291.05, 298.10,299.15,299.39,1854141,5551.14,44330, 553804, 29.87,2.31
VGUARD, EQ, 01-Mar-2021,225.1,226.9,229.15,220.6, 223.50,222.15,223.77,693140,1551.06,15559, 266856, 38.50,-1.31
VGUARD, EQ, 01-Mar-2023,245.95,247.2,249.5,245.25, 249.20,248.6,247.87,115496,286.29,5979, 52613, 45.55,1.08
VGUARD, EQ, 01-Mar-2024,324.95,326.25,343.0,324.2, 340.45,337.85,333.0,1283856,4275.21,21775, 632372, 49.26,3.97
VGUARD, EQ, 01-Apr-2020,155.15,156.9,164.0,152.05,162.1,159.25,156.49,234652,367.22,5582, 108888, 46.40,2.64
VGUARD, EQ, 01-Apr-2021,252.35,253.0,262.0,242.3, 248.60,247.55,255.08,1852199,4724.51,22700, 665907, 35.95,-1.9
VGUARD, EQ, 01-Apr-2022,215.8,216.0,220.65,215.5, 219.25,219.25,218.89,350220,766.6,10105, 77371, 22.09,1.6
VGUARD, EQ, 01-Apr-2024,331.35,331.4,338.5,331.4, 334.00,334.05,335.53,197689,663.31,9343, 92468, 46.77,0.81
VGUARD, EQ, 01-Apr-2025,355.55,354.35,355.4,347.05,350.0,350.0,349.8,267645,936.23,16927, 136931, 51.16,-1.56
VGUARD, EQ, 01-Jun-2020,177.05,180.0,186.0,179.95, 183.85,183.9,183.47,846746,1553.51,11331, 344040, 40.63,3.87
VGUARD, EQ, 01-Jun-2021,278.95,279.95,281.75,264.45, 267.90,266.3,271.19,2973441,8063.75,43756, 1260842, 42.40,-4.53
VGUARD, EQ, 01-Jun-2022,234.3,233.95,238.75,233.05,234.0,234.45,236.46,400898,947.95,9055, 178187, 44.45,0.06
VGUARD, EQ, 01-Jun-2023,251.05,252.4,255.0,251.9, 252.00,252.35,252.95,79513,201.13,3051, 42112, 52.96,0.52
VGUARD, EQ, 01-Jul-2020,169.95,170.3,171.45,169.0, 169.90,169.8,169.85,183687,311.99,3630, 109250, 59.48,-0.09
VGUARD, EQ, 01-Jul-2021,265.15,265.15,265.15,257.5, 259.50,258.9,260.58,1506945,3926.86,19485, 1031139, 68.43,-2.36
VGUARD, EQ, 01-Jul-2022,225.2,224.2,226.75,217.1,218.5,218.45,221.13,212688,470.32,7194, 77032, 36.22,-3.0
VGUARD, EQ, 01-Jul-2024,431.1,433.05,437.9,431.0,434.35,434.0,434.05,270549,1174.31,8682, 173084, 63.98,0.67
VGUARD, EQ, 01-Aug-2022,226.2,229.7,234.0,228.15, 233.15,232.5,231.85,370154,858.19,8986, 257108, 69.46,2.79
VGUARD, EQ, 01-Aug-2023,283.65,283.65,284.9,282.45, 283.05,282.85,283.14,69182,195.88,3058, 40603, 58.69,-0.28
VGUARD, EQ, 01-Aug-2024,459.7,463.4,467.9,459.0,461.5,461.05,463.16,212827,985.73,13302, 93491, 43.93,0.29
VGUARD, EQ, 01-Sep-2020,167.3,167.2,170.85,165.5, 168.55,168.6,168.17,570173,958.88,11657, 246422, 43.22,0.78
VGUARD, EQ, 01-Sep-2021,243.45,244.9,252.0,242.0,251.05,250.85,248.2,753491,1870.2,14981, 317274, 42.11,3.04
VGUARD, EQ, 01-Sep-2022,227.15,228.0,231.5,225.2,230.0,229.1,228.57,232807,532.13,6296, 109416, 47.00,0.86
VGUARD, EQ, 01-Sep-2023,314.35,318.8,322.8,312.0, 313.10,313.95,318.8,437970,1396.24,17187, 238520, 54.46,-0.13
VGUARD, EQ, 01-Oct-2020,170.45,173.0,173.35,168.0, 168.50,168.8,170.43,319085,543.83,5797, 111962, 35.09,-0.97
VGUARD, EQ, 01-Oct-2021,257.95,255.15,262.0,255.15, 259.90,259.7,259.54,339270,880.54,7063, 147962, 43.61,0.68
VGUARD, EQ, 01-Oct-2024,447.25,447.25,447.6,436.2,440.8,441.4,440.53,533685,2351.03,37658, 264942, 49.64,-1.31
VGUARD, EQ, 01-Nov-2021,256.9,257.95,260.0,252.6, 259.00,258.9,257.54,436671,1124.6,10875, 200267, 45.86,0.78
VGUARD, EQ, 01-Nov-2022,256.0,256.0,260.05,251.8,258.95,259.45,257.75,1009859,2602.88,18173, 519324, 51.43,1.35
VGUARD, EQ, 01-Nov-2023,299.6,297.0,300.95,295.7, 297.00,298.0,298.23,130010,387.72,5126, 45120, 34.71,-0.53
VGUARD, EQ, 01-Dec-2020,184.95,186.0,190.6,185.0,189.1,189.4,188.66,1148672,2167.14,20901, 625342, 54.44,2.41
VGUARD, EQ, 01-Dec-2021,244.75,248.0,249.0,238.55,242.5,242.05,241.63,411222,993.63,13081, 190440, 46.31,-1.1
VGUARD, EQ, 01-Dec-2022,252.9,254.15,255.2,249.2,253.5,253.45,252.84,172931,437.24,4878, 80959, 46.82,0.22
VGUARD, EQ, 01-Dec-2023,301.6,301.65,303.6,296.25, 297.65,296.9,298.75,165031,493.03,8723, 80426, 48.73,-1.56
VGUARD, EQ, 02-Jan-2020,212.65,213.45,216.8,212.65, 214.90,215.55,215.04,242587,521.66,6108, 159770, 65.86,1.36
VGUARD, EQ, 02-Jan-2023,261.4,262.9,268.0,260.55, 265.00,266.05,264.67,327769,867.5,7902, 153508, 46.83,1.78
VGUARD, EQ, 02-Jan-2024,291.4,291.4,292.4,287.85, 291.00,290.0,289.76,264805,767.3,11110, 128663, 48.59,-0.48
VGUARD, EQ, 02-Jan-2025,446.55,442.1,445.2,428.1,429.25,429.45,434.76,634113,2756.87,26757, 259403, 40.91,-3.83
VGUARD, EQ, 02-Feb-2021,230.85,231.3,244.8,231.3, 239.50,240.95,240.08,1532324,3678.79,30986, 434903, 28.38,4.38
VGUARD, EQ, 02-Feb-2022,216.9,217.95,219.8,212.0, 217.20,217.5,216.04,668013,1443.18,16190, 167274, 25.04,0.28
VGUARD, EQ, 02-Feb-2023,246.35,246.35,250.0,229.05, 248.00,248.55,243.73,557940,1359.89,16049, 144156, 25.84,0.89
VGUARD, EQ, 02-Feb-2024,299.15,303.9,316.0,297.7, 310.00,310.05,309.3,2692855,8328.92,61580, 1090610, 40.50,3.64
VGUARD, EQ, 02-Mar-2020,202.95,203.1,205.95,200.5, 202.50,202.55,202.58,316189,640.55,8711, 202315, 63.99,-0.2
VGUARD, EQ, 02-Mar-2021,222.15,224.7,227.5,223.0,224.0,224.2,225.08,355215,799.52,8688, 173473, 48.84,0.92
VGUARD, EQ, 02-Mar-2022,195.1,194.85,201.8,194.05, 201.35,200.8,200.04,317014,634.16,7607, 136778, 43.15,2.92
VGUARD, EQ, 02-Mar-2023,248.6,248.75,248.75,243.5, 246.00,246.1,246.27,81246,200.08,6770, 30813, 37.93,-1.01
VGUARD, EQ, 02-Apr-2024,334.05,336.0,339.0,334.0, 336.10,336.25,336.71,212046,713.97,9262, 97187, 45.83,0.66
VGUARD, EQ, 02-Apr-2025,350.0,348.5,356.95,345.2,356.1,354.75,352.83,146065,515.36,8610, 73321, 50.20,1.36
VGUARD, EQ, 02-May-2022,211.65,210.0,210.0,207.1,209.6,209.4,208.93,81110,169.47,3238, 33919, 41.82,-1.06
VGUARD, EQ, 02-May-2023,254.8,254.3,256.3,249.0, 250.00,250.3,251.45,400314,1006.6,13199, 237844, 59.41,-1.77
VGUARD, EQ, 02-May-2024,343.0,344.7,349.3,343.0, 348.50,348.1,347.27,185499,644.18,9145, 105520, 56.88,1.49
VGUARD, EQ, 02-Jun-2020,183.9,185.0,185.0,178.55,180.2,180.4,181.09,798058,1445.23,9938, 287987, 36.09,-1.9
VGUARD, EQ, 02-Jun-2021,266.3,267.05,270.05,264.0, 265.70,265.85,267.05,1877112,5012.77,24751, 542429, 28.90,-0.17
VGUARD, EQ, 02-Jun-2022,234.45,235.35,236.7,233.3,234.15,234.1,234.53,201759,473.19,5007, 142051, 70.41,-0.15
VGUARD, EQ, 02-Jun-2023,252.35,253.0,254.5,251.5, 253.50,252.35,253.23,115993,293.72,4508, 68735, 59.26,0.0
VGUARD, EQ, 02-Jul-2020,169.8,170.05,171.25,170.0, 170.90,170.75,170.74,220586,376.63,2766, 140349, 63.63,0.56
VGUARD, EQ, 02-Jul-2021,258.9,260.9,266.0,259.0,265.0,264.9,263.4,504530,1328.95,12721, 214397, 42.49,2.32
VGUARD, EQ, 02-Jul-2024,434.0,434.45,450.0,434.0,448.5,448.85,445.82,940078,4191.08,46057, 423621, 45.06,3.42
VGUARD, EQ, 02-Aug-2021,249.0,250.9,253.5,246.15,246.9,246.8,251.07,1556627,3908.23,13767, 1172270, 75.31,-0.88
VGUARD, EQ, 02-Aug-2022,232.5,233.15,247.0,230.2,242.65,240.5,234.05,1554774,3638.97,8198, 1326036, 85.29,3.44
VGUARD, EQ, 02-Aug-2023,282.85,282.85,286.9,276.25, 284.50,285.55,282.74,236376,668.32,7707, 116513, 49.29,0.95
VGUARD, EQ, 02-Aug-2024,461.05,459.5,472.9,456.6,461.35,460.2,465.69,507381,2362.82,29153, 172858, 34.07,-0.18
VGUARD, EQ, 02-Sep-2020,168.6,169.9,170.45,166.0, 169.50,169.85,168.29,432739,728.27,8140, 181009, 41.83,0.74
VGUARD, EQ, 02-Sep-2021,250.85,251.0,253.8,240.0, 240.95,241.65,246.27,951582,2343.43,15323, 472117, 49.61,-3.67
VGUARD, EQ, 02-Sep-2022,229.1,231.95,249.0,228.2,245.0,243.95,239.52,705069,1688.81,12117, 318957, 45.24,6.48
VGUARD, EQ, 02-Sep-2024,458.55,458.55,465.9,449.4,453.0,453.05,455.49,825480,3759.97,33127, 447492, 54.21,-1.2
VGUARD, EQ, 02-Nov-2020,169.75,172.45,172.45,167.5, 168.75,168.4,169.31,194924,330.02,5371, 82460, 42.30,-0.8
VGUARD, EQ, 02-Nov-2021,258.9,259.2,261.15,257.75, 260.40,260.0,259.8,375396,975.28,20559, 238738, 63.60,0.42
VGUARD, EQ, 02-Nov-2022,259.45,258.0,268.7,256.4,264.7,264.95,264.32,1118111,2955.4,20734, 552313, 49.40,2.12
VGUARD, EQ, 02-Nov-2023,298.0,299.5,300.55,294.7, 295.75,295.4,297.07,90220,268.02,4720, 38794, 43.00,-0.87
VGUARD, EQ, 02-Dec-2020,189.4,191.0,196.0,187.4, 192.60,192.9,192.52,1524545,2935.08,22337, 641457, 42.08,1.85
VGUARD, EQ, 02-Dec-2021,242.05,242.9,242.9,234.5, 238.00,238.05,237.78,345693,821.98,8657, 170168, 49.23,-1.65
VGUARD, EQ, 02-Dec-2022,253.45,254.0,255.7,252.0, 252.25,252.4,253.31,78720,199.41,2938, 31764, 40.35,-0.41
VGUARD, EQ, 02-Dec-2024,416.95,414.5,418.7,411.2,418.0,417.35,415.47,196481,816.31,15733, 93594, 47.64,0.1
VGUARD, EQ, 03-Jan-2020,215.55,215.0,219.1,215.0, 215.55,215.9,216.87,178878,387.94,5455, 95682, 53.49,0.16
VGUARD, EQ, 03-Jan-2022,221.65,223.25,224.5,222.0, 224.00,223.8,223.91,198569,444.61,2682, 127676, 64.30,0.97
VGUARD, EQ, 03-Jan-2023,266.05,266.4,267.0,260.9, 261.80,261.95,264.07,143778,379.67,3870, 71705, 49.87,-1.54
VGUARD, EQ, 03-Jan-2024,290.0,289.95,295.5,288.55, 294.30,294.75,292.99,394304,1155.25,10385, 194642, 49.36,1.64
VGUARD, EQ, 03-Jan-2025,429.45,429.45,433.7,421.5,422.65,427.1,428.25,261000,1117.74,14620, 102966, 39.45,-0.55
VGUARD, EQ, 03-Feb-2020,222.65,222.8,224.45,211.0, 218.60,218.3,219.48,238554,523.57,9150, 121114, 50.77,-1.95
VGUARD, EQ, 03-Feb-2021,240.95,243.7,255.0,230.0, 239.00,241.75,246.24,4450112,10958.13,55547, 1173612, 26.37,0.33
VGUARD, EQ, 03-Feb-2022,217.5,215.5,216.9,214.35, 215.00,215.0,215.06,209724,451.03,4477, 108769, 51.86,-1.15
VGUARD, EQ, 03-Feb-2023,248.55,245.2,247.95,238.35, 246.25,246.05,244.68,446943,1093.56,14595, 258409, 57.82,-1.01
VGUARD, EQ, 03-Feb-2025,385.4,378.05,390.1,374.55,389.2,389.15,386.32,339928,1313.2,23144, 149676, 44.03,0.97
VGUARD, EQ, 03-Mar-2020,202.55,204.0,205.95,195.1, 205.00,204.35,201.98,199172,402.29,4273, 99077, 49.74,0.89
VGUARD, EQ, 03-Mar-2021,224.2,226.9,227.25,221.5,222.0,223.1,224.31,516508,1158.56,13536, 269049, 52.09,-0.49
VGUARD, EQ, 03-Mar-2022,200.8,201.9,208.4,200.1,208.2,206.8,204.75,286706,587.04,7503, 119820, 41.79,2.99
VGUARD, EQ, 03-Mar-2023,246.1,246.5,248.9,245.45, 248.00,248.05,247.66,82171,203.5,3833, 45321, 55.15,0.79
VGUARD, EQ, 03-Mar-2025,309.45,309.45,318.75,301.25,310.95,311.05,307.4,339865,1044.74,27236, 149216, 43.90,0.52
VGUARD, EQ, 03-Apr-2020,159.25,162.5,162.9,153.0, 153.00,154.0,156.48,392199,613.72,7737, 222908, 56.84,-3.3
VGUARD, EQ, 03-Apr-2023,250.05,251.4,255.55,250.1, 253.30,253.85,253.92,130756,332.02,6144, 43017, 32.90,1.52
VGUARD, EQ, 03-Apr-2024,336.25,337.5,339.8,332.2, 335.50,335.7,336.07,186891,628.09,7758, 89074, 47.66,-0.16
VGUARD, EQ, 03-Apr-2025,354.75,354.0,358.1,350.25,355.0,355.25,353.86,127122,449.83,7856, 74282, 58.43,0.14
VGUARD, EQ, 03-May-2021,223.1,223.45,224.9,220.85,223.8,223.35,222.47,171528,381.59,7770, 87328, 50.91,0.11
VGUARD, EQ, 03-May-2023,250.3,248.9,252.0,243.3,244.0,246.2,247.69,231421,573.21,13404, 133099, 57.51,-1.64
VGUARD, EQ, 03-May-2024,348.1,348.2,351.0,343.0, 344.95,347.1,346.71,239363,829.89,11832, 109490, 45.74,-0.29
VGUARD, EQ, 03-Jun-2020,180.4,182.0,192.0,181.65,186.55,186.2,188.34,2000258,3767.28,23743, 908926, 45.44,3.22
VGUARD, EQ, 03-Jun-2021,265.85,266.95,268.2,258.35, 260.00,259.7,261.94,1934082,5066.04,29664, 980973, 50.72,-2.31
VGUARD, EQ, 03-Jun-2022,234.1,234.55,237.5,233.1, 234.40,233.95,233.9,111808,261.52,3611, 66435, 59.42,-0.06
VGUARD, EQ, 03-Jun-2024,370.4,380.0,385.0,369.5,376.0,375.0,371.5,1293328,4804.67,17313, 1073487, 83.00,1.24
VGUARD, EQ, 03-Jul-2020,170.75,171.0,172.8,168.0, 170.05,169.85,170.22,522600,889.54,8003, 307363, 58.81,-0.53
VGUARD, EQ, 03-Jul-2023,282.5,284.0,288.2,277.3, 288.00,287.2,283.39,459765,1302.91,11887, 258668, 56.26,1.66
VGUARD, EQ, 03-Jul-2024,448.85,450.0,463.75,446.05,458.8,460.75,457.54,847860,3879.32,28232, 295290, 34.83,2.65
VGUARD, EQ, 03-Aug-2020,162.85,162.85,163.35,161.5,162.2,161.95,162.14,175402,284.4,5448, 105699, 60.26,-0.55
VGUARD, EQ, 03-Aug-2021,246.8,249.8,250.5,245.05,247.05,247.05,246.81,538641,1329.41,13390, 299308, 55.57,0.1
VGUARD, EQ, 03-Aug-2022,240.5,243.0,244.7,234.7, 236.00,235.9,237.83,266182,633.07,8295, 103509, 38.89,-1.91
VGUARD, EQ, 03-Aug-2023,285.55,285.1,285.95,280.0, 281.95,280.9,282.32,101214,285.74,3968, 32847, 32.45,-1.63
VGUARD, EQ, 03-Sep-2020,169.85,169.4,173.0,169.0, 169.10,169.35,170.68,373873,638.11,8343, 183655, 49.12,-0.29
VGUARD, EQ, 03-Sep-2021,241.65,242.45,252.0,241.4, 249.50,250.1,246.97,1214476,2999.41,17855, 504522, 41.54,3.5
VGUARD, EQ, 03-Sep-2024,453.05,454.85,465.6,454.85,465.0,464.25,461.42,580139,2676.85,21512, 304252, 52.44,2.47
VGUARD, EQ, 03-Oct-2022,242.85,242.0,245.9,238.3,239.9,242.25,242.79,169554,411.66,5395, 79961, 47.16,-0.25
VGUARD, EQ, 03-Oct-2023,307.3,307.0,308.0,301.15, 302.50,303.05,304.36,165504,503.72,6192, 93848, 56.70,-1.38
VGUARD, EQ, 03-Oct-2024,441.4,440.0,441.0,432.35,435.0,436.5,436.88,776023,3390.27,55200, 439735, 56.67,-1.11
VGUARD, EQ, 03-Nov-2020,168.4,169.65,171.85,169.05,171.0,171.0,170.71,161116,275.05,6113, 98721, 61.27,1.54
VGUARD, EQ, 03-Nov-2021,260.0,260.0,263.85,254.65, 261.00,260.75,260.56,396997,1034.43,9169, 163848, 41.27,0.29
VGUARD, EQ, 03-Nov-2022,264.95,260.0,264.85,255.1,256.35,258.1,260.21,914586,2379.86,6205, 766529, 83.81,-2.59
VGUARD, EQ, 03-Nov-2023,295.4,298.6,300.95,295.2, 295.90,296.0,296.48,94202,279.29,4498, 40992, 43.51,0.2
VGUARD, EQ, 03-Dec-2020,192.9,194.8,196.0,191.0,191.7,191.55,193.15,548847,1060.09,10757, 293643, 53.50,-0.7
VGUARD, EQ, 03-Dec-2021,238.05,238.05,238.9,234.4, 235.90,236.4,236.13,602584,1422.86,8107, 424087, 70.38,-0.69
VGUARD, EQ, 03-Dec-2024,417.35,417.35,437.95,417.35,435.95,435.8,433.04,553455,2396.66,40879, 236463, 42.72,4.42
VGUARD, EQ, 04-Jan-2021,187.25,188.0,194.4,187.5,193.1,193.7,192.28,838218,1611.72,13481, 439086, 52.38,3.44
VGUARD, EQ, 04-Jan-2022,223.8,225.7,225.7,223.4, 224.50,224.35,224.43,172864,387.96,3745, 103388, 59.81,0.25
VGUARD, EQ, 04-Jan-2023,261.95,262.0,264.0,258.35, 259.60,260.0,261.03,88805,231.8,3253, 39586, 44.58,-0.74
VGUARD, EQ, 04-Jan-2024,294.75,296.0,297.0,294.15, 295.20,295.1,295.33,273672,808.22,10466, 142039, 51.90,0.12
VGUARD, EQ, 04-Feb-2020,218.3,219.0,222.2,213.55, 216.00,215.8,217.29,311522,676.92,11719, 182193, 58.48,-1.15
VGUARD, EQ, 04-Feb-2021,241.75,239.85,253.9,239.0, 252.00,252.15,248.9,1874074,4664.49,27758, 773706, 41.28,4.3
VGUARD, EQ, 04-Feb-2022,215.0,216.1,216.75,214.4, 215.00,214.75,215.36,135113,290.98,3497, 67445, 49.92,-0.12
VGUARD, EQ, 04-Feb-2025,389.15,385.75,398.0,381.7,392.0,389.0,387.53,221533,858.51,13827, 133053, 60.06,-0.04
VGUARD, EQ, 04-Mar-2020,204.35,204.0,204.95,200.5, 202.50,202.5,202.37,301007,609.15,5964, 242977, 80.72,-0.91
VGUARD, EQ, 04-Mar-2021,223.1,222.0,222.6,217.55, 219.10,218.35,219.44,1511538,3316.86,21540, 1070605, 70.83,-2.13
VGUARD, EQ, 04-Mar-2022,206.8,205.95,210.85,202.5, 209.20,209.0,208.72,2241849,4679.12,9296, 2069152, 92.30,1.06
VGUARD, EQ, 04-Mar-2024,341.85,346.45,350.35,339.4, 344.85,348.0,344.96,1566218,5402.8,42140, 707981, 45.20,1.8
VGUARD, EQ, 04-Mar-2025,311.05,306.7,315.3,300.0,314.95,313.3,309.5,636823,1970.95,37160, 355735, 55.86,0.72
VGUARD, EQ, 04-Apr-2022,219.25,219.75,225.55,219.75,223.9,222.95,223.59,810895,1813.07,14430, 190055, 23.44,1.69
VGUARD, EQ, 04-Apr-2024,335.7,337.4,340.0,332.4, 339.00,339.1,337.81,312072,1054.22,8726, 190744, 61.12,1.01
VGUARD, EQ, 04-Apr-2025,355.25,357.4,357.4,346.6,352.5,352.2,352.01,146398,515.34,11990, 77346, 52.83,-0.86
VGUARD, EQ, 04-May-2020,176.7,175.0,175.0,170.25, 170.80,170.7,172.0,275815,474.39,8394, 143263, 51.94,-3.4
VGUARD, EQ, 04-May-2021,223.35,226.85,230.0,219.0, 222.80,223.8,226.75,552473,1252.74,12819, 179901, 32.56,0.2
VGUARD, EQ, 04-May-2022,209.4,210.0,210.35,205.35,205.45,206.6,206.94,154105,318.91,5681, 86248, 55.97,-1.34
VGUARD, EQ, 04-May-2023,246.2,247.45,251.0,246.1, 249.35,249.2,249.02,119647,297.95,4480, 58385, 48.80,1.22
VGUARD, EQ, 04-Jun-2020,186.2,186.85,191.9,183.5,183.9,183.95,186.55,524615,978.68,8395, 252574, 48.14,-1.21
VGUARD, EQ, 04-Jun-2021,259.7,260.95,264.5,258.3, 260.00,260.45,260.73,2218788,5785.06,24165, 1164175, 52.47,0.29
VGUARD, EQ, 04-Jun-2024,375.0,376.0,376.85,345.0,365.0,369.45,364.06,697529,2539.42,37131, 327565, 46.96,-1.48
VGUARD, EQ, 04-Jul-2022,218.45,217.9,227.0,217.25,220.0,222.8,221.42,189690,420.01,6167, 75358, 39.73,1.99
VGUARD, EQ, 04-Jul-2023,287.2,288.0,289.55,280.3, 282.10,283.55,284.64,204216,581.28,8815, 94917, 46.48,-1.27
VGUARD, EQ, 04-Jul-2024,460.75,460.0,469.9,453.55,464.55,465.95,463.0,396077,1833.82,24764, 148914, 37.60,1.13
VGUARD, EQ, 04-Aug-2020,161.95,163.0,165.4,162.4,163.0,163.45,163.7,291424,477.05,4216, 117300, 40.25,0.93
VGUARD, EQ, 04-Aug-2021,247.05,249.2,250.45,246.95,248.15,247.9,248.99,1854989,4618.72,12549, 1524136, 82.16,0.34
VGUARD, EQ, 04-Aug-2022,235.9,237.1,239.9,235.4,237.5,238.05,237.55,485351,1152.97,9827, 166311, 34.27,0.91
VGUARD, EQ, 04-Aug-2023,280.9,281.7,285.25,281.3, 284.50,284.65,283.65,78276,222.03,4071, 37647, 48.10,1.33
VGUARD, EQ, 04-Sep-2020,169.35,166.0,171.5,165.5,168.95,168.95,169.22,454613,769.28,8623, 217538, 47.85,-0.24
VGUARD, EQ, 04-Sep-2023,313.95,315.0,318.75,308.55, 310.00,311.55,313.91,333122,1045.69,13108, 202647, 60.83,-0.76
VGUARD, EQ, 04-Sep-2024,464.25,463.0,471.0,461.05,465.0,466.7,467.38,611907,2859.9,23111, 285110, 46.59,0.53
VGUARD, EQ, 04-Oct-2021,259.7,259.7,274.8,259.7, 263.40,262.5,268.6,2241274,6020.09,32609, 660038, 29.45,1.08
VGUARD, EQ, 04-Oct-2022,242.25,243.5,245.5,242.25, 243.20,244.2,244.16,221299,540.31,5041, 50415, 22.78,0.8
VGUARD, EQ, 04-Oct-2023,303.05,302.9,303.9,291.35, 296.00,296.45,297.09,358965,1066.44,14158, 215024, 59.90,-2.18
VGUARD, EQ, 04-Oct-2024,436.5,435.25,451.2,419.65,446.55,443.9,431.95,1097145,4739.07,56541, 609601, 55.56,1.7
VGUARD, EQ, 04-Nov-2020,171.0,171.0,171.5,168.6,169.5,169.6,169.77,162640,276.11,4029, 65553, 40.31,-0.82
VGUARD, EQ, 04-Nov-2022,258.1,259.0,259.95,252.55,256.0,255.0,257.18,191132,491.55,5287, 71979, 37.66,-1.2
VGUARD, EQ, 04-Nov-2024,437.45,448.95,454.55,437.1,451.05,450.5,447.64,1246115,5578.11,51746, 350600, 28.14,2.98
VGUARD, EQ, 04-Dec-2020,191.55,192.9,194.25,183.7, 190.00,189.8,190.28,594494,1131.18,15207, 279893, 47.08,-0.91
VGUARD, EQ, 04-Dec-2023,296.9,301.35,303.8,296.1, 299.05,299.35,300.41,186024,558.84,9016, 103582, 55.68,0.83
VGUARD, EQ, 04-Dec-2024,435.8,436.0,438.8,428.3,430.3,431.75,432.58,255443,1105.0,19580, 106618, 41.74,-0.93
VGUARD, EQ, 05-Jan-2021,193.7,192.5,195.8,190.0, 193.75,194.9,193.92,503986,977.32,9753, 245933, 48.80,0.62
VGUARD, EQ, 05-Jan-2022,224.35,224.9,225.35,222.2, 223.00,222.95,223.68,206874,462.74,4793, 111282, 53.79,-0.62
VGUARD, EQ, 05-Jan-2023,260.0,261.0,263.8,260.2,261.6,262.4,262.35,230061,603.57,10869, 130525, 56.73,0.92
VGUARD, EQ, 05-Jan-2024,295.1,295.45,296.5,292.25, 293.00,293.95,293.82,257381,756.24,11448, 135825, 52.77,-0.39
VGUARD, EQ, 05-Feb-2020,215.8,216.0,216.6,213.5, 215.30,214.85,215.02,156824,337.21,5337, 91343, 58.25,-0.44
VGUARD, EQ, 05-Feb-2021,252.15,253.0,253.7,239.0, 240.80,241.1,244.71,998632,2443.75,26083, 418450, 41.90,-4.38
VGUARD, EQ, 05-Feb-2024,310.05,314.95,319.8,313.1, 313.50,314.65,316.47,860036,2721.8,36937, 467121, 54.31,1.48
VGUARD, EQ, 05-Feb-2025,389.0,400.0,402.75,386.8,395.2,396.95,395.49,377063,1491.25,23449, 177793, 47.15,2.04
VGUARD, EQ, 05-Mar-2020,202.5,201.55,204.95,201.5, 202.50,202.6,202.64,84359,170.95,2605, 36423, 43.18,0.05
VGUARD, EQ, 05-Mar-2021,218.35,219.1,228.75,218.0,225.0,225.15,224.77,1855725,4171.16,20150, 732473, 39.47,3.11
VGUARD, EQ, 05-Mar-2024,348.0,348.1,348.35,340.55, 344.50,342.8,343.02,516598,1772.04,16307, 174301, 33.74,-1.49
VGUARD, EQ, 05-Mar-2025,313.3,313.5,325.35,310.6,321.25,322.6,318.15,444411,1413.9,26354, 128481, 28.91,2.97
VGUARD, EQ, 05-Apr-2021,247.55,249.1,252.0,238.1,249.4,250.15,245.17,854954,2096.11,14902, 219344, 25.66,1.05
VGUARD, EQ, 05-Apr-2022,222.95,224.9,227.8,221.0, 223.80,223.0,225.92,482764,1090.65,11301, 145980, 30.24,0.02
VGUARD, EQ, 05-Apr-2023,253.85,253.0,254.8,251.0, 253.35,252.6,253.32,55723,141.16,3194, 31347, 56.26,-0.49
VGUARD, EQ, 05-Apr-2024,339.1,339.4,344.8,338.15, 340.00,341.0,342.11,450393,1540.83,11647, 263583, 58.52,0.56
VGUARD, EQ, 05-May-2020,170.7,173.0,174.4,168.55, 170.00,169.15,171.18,159565,273.14,4203, 76467, 47.92,-0.91
VGUARD, EQ, 05-May-2021,223.8,224.8,228.6,222.5, 226.40,226.65,226.4,332969,753.83,9006, 128010, 38.45,1.27
VGUARD, EQ, 05-May-2022,206.6,207.0,212.8,206.35, 210.55,211.4,209.96,188077,394.89,8440, 55499, 29.51,2.32
VGUARD, EQ, 05-May-2023,249.2,252.0,252.6,248.5, 249.10,249.05,249.6,50895,127.03,2100, 30068, 59.08,-0.06
VGUARD, EQ, 05-Jun-2020,183.95,185.8,187.3,184.05, 185.35,185.2,185.67,286721,532.34,5171, 137606, 47.99,0.68
VGUARD, EQ, 05-Jun-2023,252.35,253.75,254.7,251.25, 253.00,253.15,253.37,138061,349.8,5739, 89210, 64.62,0.32
VGUARD, EQ, 05-Jun-2024,369.45,369.35,384.5,363.9,378.0,378.5,378.4,647890,2451.62,36977, 304150, 46.94,2.45
VGUARD, EQ, 05-Jul-2021,264.9,267.0,267.85,261.0, 261.65,261.95,263.8,760310,2005.73,15550, 479884, 63.12,-1.11
VGUARD, EQ, 05-Jul-2022,222.8,220.7,223.55,219.1,219.2,219.65,221.1,80007,176.89,3202, 31987, 39.98,-1.41
VGUARD, EQ, 05-Jul-2023,283.55,284.4,284.4,277.35,279.0,281.15,281.85,196565,554.02,8684, 116123, 59.08,-0.85
VGUARD, EQ, 05-Jul-2024,465.95,463.0,480.05,460.0,478.7,476.5,472.56,327323,1546.79,19171, 122363, 37.38,2.26
VGUARD, EQ, 05-Aug-2020,163.45,164.8,166.5,164.0,164.35,164.65,165.05,194386,320.83,2750, 108021, 55.57,0.73
VGUARD, EQ, 05-Aug-2021,247.9,248.0,250.35,246.45,249.4,249.6,249.38,745659,1859.5,7166, 554429, 74.35,0.69
VGUARD, EQ, 05-Aug-2022,238.05,238.5,240.8,234.7,234.7,235.5,237.82,164197,390.49,4199, 62785, 38.24,-1.07
VGUARD, EQ, 05-Aug-2024,460.2,447.0,480.0,441.55,458.0,456.35,466.43,1304190,6083.1,72353, 324033, 24.85,-0.84
VGUARD, EQ, 05-Sep-2022,243.95,247.9,248.0,235.05, 237.45,236.9,239.61,391564,938.24,9608, 154453, 39.45,-2.89
VGUARD, EQ, 05-Sep-2023,311.55,312.55,316.8,311.9, 315.00,314.9,314.32,143600,451.37,7140, 66264, 46.14,1.08
VGUARD, EQ, 05-Sep-2024,466.7,464.65,471.0,462.7,465.9,465.9,467.27,503407,2352.26,25188, 252296, 50.12,-0.17
VGUARD, EQ, 05-Oct-2020,168.8,169.25,170.85,167.3, 167.55,167.7,168.83,190001,320.77,5302, 111872, 58.88,-0.65
VGUARD, EQ, 05-Oct-2021,262.5,262.95,266.65,257.6, 260.00,260.6,261.0,892211,2328.66,12341, 496072, 55.60,-0.72
VGUARD, EQ, 05-Oct-2023,296.45,298.6,300.2,291.5, 295.00,294.65,295.08,356220,1051.14,13156, 225918, 63.42,-0.61
VGUARD, EQ, 05-Nov-2020,169.6,170.5,171.95,170.2, 171.50,171.1,170.97,125601,214.74,3695, 73377, 58.42,0.88
VGUARD, EQ, 05-Nov-2024,450.5,447.35,450.5,436.0,441.7,440.55,440.83,293665,1294.56,20073, 112239, 38.22,-2.21
VGUARD, EQ, 05-Dec-2022,252.4,253.9,255.0,251.9, 252.05,252.1,252.9,105166,265.96,3516, 49289, 46.87,-0.12
VGUARD, EQ, 05-Dec-2023,299.35,300.9,305.3,299.5, 301.65,301.05,302.16,482578,1458.16,11664, 364999, 75.64,0.57
VGUARD, EQ, 05-Dec-2024,431.75,431.75,434.0,424.85,426.05,426.45,427.51,176590,754.93,15206, 78921, 44.69,-1.23
VGUARD, EQ, 06-Jan-2020,215.9,216.9,216.9,211.0, 212.00,211.85,212.63,213470,453.9,6944, 126329, 59.18,-1.88
VGUARD, EQ, 06-Jan-2021,194.9,196.0,213.45,195.25, 205.00,204.8,205.03,3642268,7467.89,41303, 1422390, 39.05,5.08
VGUARD, EQ, 06-Jan-2022,222.95,223.2,223.2,220.4, 220.85,220.85,221.18,240290,531.47,3873, 143973, 59.92,-0.94
VGUARD, EQ, 06-Jan-2023,262.4,262.7,262.9,258.5,258.6,259.4,259.94,188616,490.29,4612, 143997, 76.34,-1.14
VGUARD, EQ, 06-Jan-2025,427.1,422.25,425.5,410.8,420.0,421.35,418.72,341952,1431.83,20760, 165536, 48.41,-1.35
VGUARD, EQ, 06-Feb-2020,214.85,216.0,218.9,213.5, 213.90,214.0,214.97,161758,347.73,4547, 100132, 61.90,-0.4
VGUARD, EQ, 06-Feb-2023,246.05,247.25,247.25,241.05, 246.00,243.35,242.86,287876,699.13,11922, 202824, 70.46,-1.1
VGUARD, EQ, 06-Feb-2024,314.65,316.0,317.95,307.0, 309.00,308.25,311.35,719025,2238.7,22691, 411490, 57.23,-2.03
VGUARD, EQ, 06-Feb-2025,396.95,390.35,396.0,389.05,394.3,395.1,393.32,159955,629.14,10919, 73899, 46.20,-0.47
VGUARD, EQ, 06-Mar-2020,202.6,195.0,200.0,195.0, 196.90,198.05,198.22,282306,559.57,5282, 206069, 72.99,-2.25
VGUARD, EQ, 06-Mar-2023,248.05,246.65,249.85,246.6, 249.00,249.0,248.5,98070,243.7,3806, 53855, 54.91,0.38
VGUARD, EQ, 06-Mar-2024,342.8,343.7,344.5,332.0, 342.50,343.1,338.6,658279,2228.91,26288, 247761, 37.64,0.09
VGUARD, EQ, 06-Mar-2025,322.6,324.0,330.85,323.6,326.4,327.25,328.4,246406,809.19,17879, 120468, 48.89,1.44
VGUARD, EQ, 06-Apr-2021,250.15,250.0,251.45,244.0,246.5,245.55,247.07,444526,1098.28,10835, 126441, 28.44,-1.84
VGUARD, EQ, 06-Apr-2022,223.0,222.7,225.8,221.05, 222.00,221.85,223.62,396804,887.35,9721, 77328, 19.49,-0.52
VGUARD, EQ, 06-Apr-2023,252.6,251.2,254.7,250.4, 252.00,251.45,252.49,59175,149.41,2596, 21778, 36.80,-0.46
VGUARD, EQ, 06-May-2020,169.15,170.95,174.0,167.05, 172.00,172.65,171.52,207094,355.22,8114, 94716, 45.74,2.07
VGUARD, EQ, 06-May-2021,226.65,227.9,230.0,223.2, 224.70,224.25,224.75,411160,924.08,7875, 261952, 63.71,-1.06
VGUARD, EQ, 06-May-2022,211.4,208.0,210.4,205.3,206.5,206.85,206.73,139553,288.5,4556, 34587, 24.78,-2.15
VGUARD, EQ, 06-May-2024,347.1,347.3,357.45,340.45,344.5,346.2,350.13,2397662,8394.84,55038, 934975, 39.00,-0.26
VGUARD, EQ, 06-Jun-2022,233.95,235.0,237.0,230.0,230.5,232.15,233.98,309697,724.63,7583, 128614, 41.53,-0.77
VGUARD, EQ, 06-Jun-2023,253.15,254.45,254.45,249.5,253.25,253.2,251.79,126660,318.92,5460, 68545, 54.12,0.02
VGUARD, EQ, 06-Jun-2024,378.5,380.0,404.55,376.35,395.2,396.6,395.96,1693589,6705.94,61902, 705884, 41.68,4.78
VGUARD, EQ, 06-Jul-2020,169.85,171.3,172.5,169.1, 169.25,169.75,170.18,632963,1077.17,7521, 359671, 56.82,-0.06
VGUARD, EQ, 06-Jul-2021,261.95,263.7,263.7,259.1, 261.00,260.85,262.04,481023,1260.5,10756, 284702, 59.19,-0.42
VGUARD, EQ, 06-Jul-2022,219.65,220.0,222.85,218.9,220.75,220.35,220.27,168741,371.69,3971, 107906, 63.95,0.32
VGUARD, EQ, 06-Jul-2023,281.15,280.95,287.3,280.05,281.0,281.55,283.8,483501,1372.18,11322, 170694, 35.30,0.14
VGUARD, EQ, 06-Aug-2020,164.65,166.0,167.0,164.0,165.35,164.95,165.84,289996,480.93,4181, 121041, 41.74,0.18
VGUARD, EQ, 06-Aug-2021,249.6,250.0,255.1,248.2, 249.30,249.05,251.53,1643091,4132.89,14156, 1019460, 62.05,-0.22
VGUARD, EQ, 06-Aug-2024,456.35,458.9,472.45,455.0,456.15,458.15,464.91,363516,1690.03,24423, 157139, 43.23,0.39
VGUARD, EQ, 06-Sep-2021,250.1,250.1,258.65,250.1,254.6,254.25,255.41,1385826,3539.57,22968, 483466, 34.89,1.66
VGUARD, EQ, 06-Sep-2022,236.9,237.65,244.95,235.3, 244.05,244.15,242.02,389342,942.3,6879, 196801, 50.55,3.06
VGUARD, EQ, 06-Sep-2023,314.9,316.3,316.7,310.05, 315.00,314.7,313.97,226203,710.2,10857, 115610, 51.11,-0.06
VGUARD, EQ, 06-Sep-2024,465.9,467.65,477.0,463.3,466.6,466.55,469.74,707696,3324.32,25847, 322941, 45.63,0.14
VGUARD, EQ, 06-Oct-2020,167.7,168.5,169.5,166.0,167.0,166.9,167.44,233652,391.23,5911, 118605, 50.76,-0.48
VGUARD, EQ, 06-Oct-2021,260.6,261.4,262.5,250.2, 258.80,259.3,256.49,1149617,2948.66,19600, 561943, 48.88,-0.5
VGUARD, EQ, 06-Oct-2022,244.2,245.0,245.5,242.9, 244.00,244.95,244.48,299446,732.1,6668, 64790, 21.64,0.31
VGUARD, EQ, 06-Oct-2023,294.65,294.75,296.2,289.3, 292.00,291.8,292.25,331544,968.93,9422, 214168, 64.60,-0.97
VGUARD, EQ, 06-Nov-2020,171.1,172.0,172.45,168.2, 168.95,168.9,170.18,208096,354.14,4883, 133122, 63.97,-1.29
VGUARD, EQ, 06-Nov-2023,296.0,298.5,298.65,293.0, 294.00,293.85,294.09,211336,621.52,10272, 129373, 61.22,-0.73
VGUARD, EQ, 06-Nov-2024,440.55,446.4,448.0,435.3,446.0,444.9,440.87,346300,1526.73,20415, 160726, 46.41,0.99
VGUARD, EQ, 06-Dec-2021,236.4,237.9,237.9,232.1, 232.65,232.75,235.08,147127,345.86,6468, 67343, 45.77,-1.54
VGUARD, EQ, 06-Dec-2022,252.1,252.0,254.9,248.5, 249.50,249.35,250.62,152660,382.59,3538, 59758, 39.14,-1.09
VGUARD, EQ, 06-Dec-2023,301.05,302.55,303.75,298.75, 300.00,300.2,301.01,143863,433.04,6969, 80877, 56.22,-0.28
VGUARD, EQ, 06-Dec-2024,426.45,426.2,439.0,423.75,437.0,436.4,430.7,257040,1107.07,16415, 112859, 43.91,2.33
VGUARD, EQ, 07-Jan-2020,211.85,212.35,215.5,211.4, 212.55,212.55,213.17,152551,325.19,4185, 101618, 66.61,0.33
VGUARD, EQ, 07-Jan-2021,204.8,206.45,218.9,206.45, 215.70,216.15,214.89,3001349,6449.56,55426, 1091746, 36.38,5.54
VGUARD, EQ, 07-Jan-2022,220.85,224.65,224.65,219.0,220.0,219.75,220.92,811565,1792.94,5890, 699581, 86.20,-0.5
VGUARD, EQ, 07-Jan-2025,421.35,426.0,429.7,412.8,422.2,426.6,420.52,293241,1233.12,20358, 121207, 41.33,1.25
VGUARD, EQ, 07-Feb-2020,214.0,214.45,215.85,212.8, 213.00,213.2,214.16,120720,258.53,3346, 70822, 58.67,-0.37
VGUARD, EQ, 07-Feb-2022,214.75,220.0,224.55,217.6, 222.50,222.65,221.1,902150,1994.69,17347, 472448, 52.37,3.68
VGUARD, EQ, 07-Feb-2023,243.35,245.1,247.95,241.7, 247.50,246.0,245.3,266068,652.67,10538, 195698, 73.55,1.09
VGUARD, EQ, 07-Feb-2024,308.25,310.35,322.0,309.0, 315.00,314.1,318.05,1479980,4707.0,40442, 469681, 31.74,1.9
VGUARD, EQ, 07-Feb-2025,395.1,395.1,398.05,390.1,394.0,393.25,393.56,223663,880.25,17467, 119280, 53.33,-0.47
VGUARD, EQ, 07-Mar-2022,209.0,205.0,206.45,200.8, 205.00,204.95,204.4,286808,586.23,7457,163619,57.05,-1.94
VGUARD, EQ, 07-Mar-2024,343.1,344.8,350.2,342.25, 345.00,344.45,346.51,896484,3106.44,26833, 227810, 25.41,0.39
VGUARD, EQ, 07-Mar-2025,327.25,327.25,335.5,323.1,330.15,330.85,329.96,384250,1267.86,22608, 181318, 47.19,1.1
VGUARD, EQ, 07-Apr-2020,154.0,155.7,159.55,155.0, 157.00,157.5,157.05,165684,260.2,3589, 86768, 52.37,2.27
VGUARD, EQ, 07-Apr-2021,245.55,248.5,248.5,238.85,239.85,240.9,242.92,508236,1234.6,14229, 215446, 42.39,-1.89
VGUARD, EQ, 07-Apr-2022,221.85,221.95,224.65,220.4,222.4,222.55,222.93,450560,1004.43,13964, 140004, 31.07,0.32
VGUARD, EQ, 07-Apr-2025,352.2,330.0,351.8,330.0,351.2,347.95,341.16,250315,853.97,19211, 102448, 40.93,-1.21
VGUARD, EQ, 07-May-2020,172.65,173.0,173.9,170.1, 170.90,170.5,171.14,119867,205.14,2481, 44809, 37.38,-1.25
VGUARD, EQ, 07-May-2021,224.25,225.4,226.2,222.0, 223.00,223.0,223.0,1008440,2248.87,10284, 876126, 86.88,-0.56
VGUARD, EQ, 07-May-2024,346.2,345.35,347.4,337.5,341.95,341.95,342.43,927707,3176.7,23726, 367747, 39.64,-1.23
VGUARD, EQ, 07-Jun-2021,260.45,264.0,269.75,262.75, 266.25,265.4,266.57,3264468,8701.93,32194, 1794681, 54.98,1.9
VGUARD, EQ, 07-Jun-2022,232.15,232.4,234.55,231.2,233.0,233.4,233.16,218061,508.43,5935, 128881, 59.10,0.54
VGUARD, EQ, 07-Jun-2023,253.2,254.5,254.5,252.5, 252.65,253.05,253.44,77668,196.84,3417, 45560, 58.66,-0.06
VGUARD, EQ, 07-Jun-2024,396.6,395.1,396.3,389.0,390.0,390.7,392.02,411029,1611.32,16980, 158180, 38.48,-1.49
VGUARD, EQ, 07-Jul-2020,169.75,170.5,171.0,168.55, 169.80,170.05,170.16,823946,1402.05,9362, 579051, 70.28,0.18
VGUARD, EQ, 07-Jul-2021,260.85,260.85,262.9,257.9, 258.60,258.45,259.08,361770,937.27,8095, 220251, 60.88,-0.92
VGUARD, EQ, 07-Jul-2022,220.35,222.4,224.3,218.15, 218.80,218.85,220.28,146546,322.81,4521, 78465, 53.54,-0.68
VGUARD, EQ, 07-Jul-2023,281.55,283.95,290.0,283.55, 285.35,287.45,287.67,1142979,3288.01,20399, 293158, 25.65,2.1
VGUARD, EQ, 07-Aug-2020,164.95,165.55,165.95,164.05,164.6,164.4,164.94,156070,257.42,3006, 88037, 56.41,-0.33
VGUARD, EQ, 07-Aug-2023,284.65,284.95,289.85,281.95, 286.90,287.65,286.26,179938,515.09,6880, 81526, 45.31,1.05
VGUARD, EQ, 07-Aug-2024,458.15,467.0,473.9,464.75,473.5,472.8,469.51,456160,2141.7,17087, 157634, 34.56,3.2
VGUARD, EQ, 07-Sep-2020,168.95,167.5,170.6,165.45, 169.35,169.2,168.9,504712,852.47,6507, 213557, 42.31,0.15
VGUARD, EQ, 07-Sep-2021,254.25,257.8,265.55,255.55, 263.40,263.85,262.53,3415129,8965.82,45350, 1029088, 30.13,3.78
VGUARD, EQ, 07-Sep-2022,244.15,243.0,246.0,239.0, 243.50,244.3,243.73,183785,447.93,4921, 84193, 45.81,0.06
VGUARD, EQ, 07-Sep-2023,314.7,314.9,319.95,309.1, 310.00,309.95,312.86,295227,923.64,10128, 158348, 53.64,-1.51
VGUARD, EQ, 07-Oct-2020,166.9,166.6,169.2,166.05,166.7,166.35,167.75,290774,487.79,8518, 128797, 44.29,-0.33
VGUARD, EQ, 07-Oct-2021,259.3,260.0,266.9,258.0, 263.35,264.6,264.05,885167,2337.32,15732, 456546, 51.58,2.04
VGUARD, EQ, 07-Oct-2022,244.95,244.6,254.0,242.05, 250.00,250.5,247.78,641061,1588.4,16495, 297904, 46.47,2.27
VGUARD, EQ, 07-Oct-2024,443.9,445.0,446.15,427.05,436.1,436.25,434.54,528372,2296.0,35499, 245429, 46.45,-1.72
VGUARD, EQ, 07-Nov-2022,255.0,257.6,260.1,255.15,259.0,259.0,257.98,168319,434.23,5044, 89921, 53.42,1.57
VGUARD, EQ, 07-Nov-2023,293.85,294.95,296.0,290.1, 290.10,291.7,293.41,197640,579.9,6865, 139807, 70.74,-0.73
VGUARD, EQ, 07-Nov-2024,444.9,444.9,445.0,435.5,436.75,437.35,438.07,184449,808.01,9283, 85520, 46.37,-1.7
VGUARD, EQ, 07-Dec-2020,189.8,190.0,193.0,189.15, 190.00,190.05,191.13,447782,855.83,16066, 240825, 53.78,0.13
VGUARD, EQ, 07-Dec-2021,232.75,234.0,236.65,232.65,235.5,235.85,234.77,311889,732.23,8863, 139502, 44.73,1.33
VGUARD, EQ, 07-Dec-2022,249.35,250.0,252.75,248.0, 248.80,248.5,249.89,83863,209.56,3499, 36851, 43.94,-0.34
VGUARD, EQ, 07-Dec-2023,300.2,300.8,301.4,298.05, 298.50,298.9,299.72,131172,393.14,8109, 70022, 53.38,-0.43
VGUARD, EQ, 08-Jan-2020,212.55,211.2,212.5,207.0, 209.30,209.1,209.17,244300,511.01,9718, 172527, 70.62,-1.62
VGUARD, EQ, 08-Jan-2021,216.15,216.7,220.4,211.05, 213.70,214.55,215.89,926773,2000.82,19738, 426366, 46.01,-0.74
VGUARD, EQ, 08-Jan-2024,293.95,294.8,295.4,289.75, 294.30,294.3,292.24,396290,1158.12,24175, 179003, 45.17,0.12
VGUARD, EQ, 08-Jan-2025,426.6,427.45,428.7,416.0,418.5,417.95,419.45,117329,492.14,10124, 44692, 38.09,-2.03
VGUARD, EQ, 08-Feb-2021,241.1,244.4,245.35,232.5, 233.90,234.65,238.74,779377,1860.67,14756, 307857, 39.50,-2.68
VGUARD, EQ, 08-Feb-2022,222.65,225.45,225.5,217.0,217.8,218.0,220.69,360555,795.71,10390, 172530, 47.85,-2.09
VGUARD, EQ, 08-Feb-2023,246.0,247.0,249.5,245.15, 247.90,247.65,247.88,175360,434.68,4592, 120315, 68.61,0.67
VGUARD, EQ, 08-Feb-2024,314.1,318.05,319.0,309.0, 309.00,310.7,313.64,354148,1110.74,19337, 190898, 53.90,-1.08
VGUARD, EQ, 08-Mar-2021,225.15,227.0,230.5,221.65, 223.00,223.65,226.84,573601,1301.15,8510, 231146, 40.30,-0.67
VGUARD, EQ, 08-Mar-2022,204.95,204.4,208.0,201.8, 204.50,204.2,205.11,139570,286.27,3844, 49814, 35.69,-0.37
VGUARD, EQ, 08-Mar-2023,249.0,248.15,248.9,246.7, 248.70,248.55,247.99,52867,131.11,3334, 27997, 52.96,-0.18
VGUARD, EQ, 08-Apr-2020,157.5,157.5,164.8,156.0, 161.15,161.5,161.31,371661,599.52,6909, 177377, 47.73,2.54
VGUARD, EQ, 08-Apr-2021,240.9,242.8,250.8,241.1, 242.15,242.3,245.12,2853030,6993.4,20176, 2270780, 79.59,0.58
VGUARD, EQ, 08-Apr-2022,222.55,223.7,225.9,221.4, 222.50,222.7,224.17,220309,493.87,5643, 62012, 28.15,0.07
VGUARD, EQ, 08-Apr-2024,341.0,344.8,353.8,340.0, 340.35,341.35,346.93,681413,2364.01,23500, 235103, 34.50,0.1
VGUARD, EQ, 08-Apr-2025,347.95,349.6,364.95,348.0,360.2,360.05,360.51,485696,1751.0,28742, 123160, 25.36,3.48
VGUARD, EQ, 08-May-2020,170.5,171.2,172.95,169.2, 170.50,169.85,171.14,149899,256.54,3417, 47871, 31.94,-0.38
VGUARD, EQ, 08-May-2023,249.05,249.5,250.9,243.35, 244.70,245.0,248.0,190497,472.44,10932, 133096, 69.87,-1.63
VGUARD, EQ, 08-May-2024,341.95,342.0,354.9,340.05,354.0,353.95,346.45,940400,3257.97,43117, 670962, 71.35,3.51
VGUARD, EQ, 08-Jun-2020,185.2,187.9,190.4,182.7, 185.00,183.3,186.52,649340,1211.17,8353, 328212, 50.55,-1.03
VGUARD, EQ, 08-Jun-2021,265.4,263.55,268.6,263.55, 267.40,267.25,266.24,993313,2644.63,15425, 355523, 35.79,0.7
VGUARD, EQ, 08-Jun-2022,233.4,234.0,234.3,228.9,230.25,231.1,231.79,163872,379.84,5939, 96294, 58.76,-0.99
VGUARD, EQ, 08-Jun-2023,253.05,253.9,260.8,252.5, 259.25,258.9,257.72,409766,1056.03,9738, 207662, 50.68,2.31
VGUARD, EQ, 08-Jul-2020,170.05,171.0,174.8,170.3,173.2,173.0,173.26,612431,1061.08,6470, 299608, 48.92,1.73
VGUARD, EQ, 08-Jul-2021,258.45,259.45,261.0,257.65, 259.65,258.85,259.58,309409,803.15,5951, 148948, 48.14,0.15
VGUARD, EQ, 08-Jul-2022,218.85,221.2,229.75,218.5,227.4,227.25,224.25,342434,767.92,8098, 177331, 51.79,3.84
VGUARD, EQ, 08-Jul-2024,476.5,479.35,527.55,461.3,472.0,466.55,490.22,1623552,7959.0,78530, 614489, 37.85,-2.09
VGUARD, EQ, 08-Aug-2022,235.5,236.0,241.9,234.8,238.6,239.05,239.26,237846,569.06,5423,128055,53.84,1.51
VGUARD, EQ, 08-Aug-2023,287.65,288.45,289.1,282.6, 286.20,285.9,286.09,130915,374.53,9160, 72392, 55.30,-0.61
VGUARD, EQ, 08-Aug-2024,472.8,473.3,477.5,463.15,467.0,467.2,470.58,295340,1389.8,23333, 119432, 40.44,-1.18
VGUARD, EQ, 08-Sep-2020,169.2,168.95,171.4,166.0, 166.50,167.75,168.88,415596,701.85,5972, 183223, 44.09,-0.86
VGUARD, EQ, 08-Sep-2021,263.85,265.0,265.5,260.2, 262.00,261.75,262.9,893961,2350.19,13093, 354664, 39.67,-0.8
VGUARD, EQ, 08-Sep-2022,244.3,245.6,246.1,241.0, 242.05,242.15,243.9,115411,281.48,4088, 58358, 50.57,-0.88
VGUARD, EQ, 08-Sep-2023,309.95,311.65,317.95,311.45, 315.40,315.95,315.51,331689,1046.52,11474, 162321, 48.94,1.94
VGUARD, EQ, 08-Oct-2020,166.35,167.05,168.7,163.3,164.65,164.75,165.34,499963,826.66,6409, 363566, 72.72,-0.96
VGUARD, EQ, 08-Oct-2021,264.6,267.0,267.0,262.3, 263.30,264.4,264.78,431174,1141.65,6989, 246550, 57.18,-0.08
VGUARD, EQ, 08-Oct-2024,436.25,436.0,445.55,426.25,443.0,442.85,441.2,542871,2395.13,26539, 297899, 54.87,1.51
VGUARD, EQ, 08-Nov-2021,262.0,260.75,263.5,257.6, 259.80,260.2,260.46,355704,926.48,12620, 181343, 50.98,-0.69
VGUARD, EQ, 08-Nov-2023,291.7,291.7,292.2,284.65, 287.70,287.0,286.52,316790,907.66,12151, 167362, 52.83,-1.61
VGUARD, EQ, 08-Nov-2024,437.35,437.2,438.45,427.0, 431.55,431.65,431.6,151083,652.08,14465, 69220, 45.82,-1.3
VGUARD, EQ, 08-Dec-2020,190.05,191.6,191.6,182.7,186.4,184.8,185.99,1001273,1862.3,19212, 613362, 61.26,-2.76
VGUARD, EQ, 08-Dec-2021,235.85,236.95,240.9,234.0,240.65,240.25,239.15,226099,540.73,8648, 121070, 53.55,1.87
VGUARD, EQ, 08-Dec-2022,248.5,249.5,250.95,249.0, 249.10,249.3,249.83,43684,109.14,2452, 22387, 51.25,0.32
VGUARD, EQ, 08-Dec-2023,298.9,298.9,301.3,296.8, 299.00,299.35,299.07,559627,1673.65,6102, 489422, 87.46,0.15
VGUARD, EQ, 09-Jan-2020,209.1,212.1,215.6,211.4, 213.25,213.1,213.18,296121,631.26,3770, 159501, 53.86,1.91
VGUARD, EQ, 09-Jan-2023,259.4,259.95,262.0,258.0,258.6,258.6,259.71,70426,182.9,2019, 35707, 50.70,-0.31
VGUARD, EQ, 09-Jan-2024,294.3,294.3,296.5,292.0,292.0,292.2,294.24,257272,756.99,11661, 125378, 48.73,-0.71
VGUARD, EQ, 09-Jan-2025,417.95,419.75,421.45,412.05,413.9,413.45,415.88,102991,428.32,6732, 47049, 45.68,-1.08
VGUARD, EQ, 09-Feb-2021,234.65,234.7,237.65,228.15, 229.45,229.0,231.8,579248,1342.71,12438, 208618, 36.02,-2.41
VGUARD, EQ, 09-Feb-2022,218.0,219.6,220.0,217.5, 219.50,219.5,219.0,197639,432.83,6311, 104558, 52.90,0.69
VGUARD, EQ, 09-Feb-2023,247.65,248.15,248.6,245.0, 246.00,245.85,246.22,70581,173.79,2942, 33842, 47.95,-0.73
VGUARD, EQ, 09-Feb-2024,310.7,312.1,313.9,304.1, 311.90,311.4,310.25,450911,1398.96,26314, 247829, 54.96,0.23
VGUARD, EQ, 09-Mar-2020,198.05,195.0,199.85,192.05, 197.00,197.1,196.22,343921,674.84,12201, 242589, 70.54,-0.48
VGUARD, EQ, 09-Mar-2021,223.65,224.6,227.4,223.45, 225.00,225.55,225.43,619334,1396.15,15811, 306437, 49.48,0.85
VGUARD, EQ, 09-Mar-2022,204.2,207.0,207.5,204.0, 205.30,205.05,205.82,111448,229.38,2937, 50460, 45.28,0.42
VGUARD, EQ, 09-Mar-2023,248.55,248.0,249.05,245.15, 245.40,245.95,247.03,50087,123.73,2404, 21691, 43.31,-1.05
VGUARD, EQ, 09-Apr-2020,161.5,162.5,167.5,162.5, 164.45,164.05,164.68,251437,414.06,5285, 134977, 53.68,1.58
VGUARD, EQ, 09-Apr-2021,242.3,242.0,243.75,240.0,240.5,240.5,241.54,312046,753.72,9771, 131488, 42.14,-0.74
VGUARD, EQ, 09-Apr-2024,341.35,343.85,346.0,340.95, 343.80,344.1,343.24,169364,581.32,9127, 80818, 47.72,0.81
VGUARD, EQ, 09-Apr-2025,360.05,360.0,362.3,354.25,355.8,357.75,358.31,219056,784.91,22359, 121825, 55.61,-0.64
VGUARD, EQ, 09-May-2022,206.85,207.2,210.35,203.0, 203.95,204.55,205.7,254388,523.27,12478, 47365, 18.62,-1.11
VGUARD, EQ, 09-May-2023,245.0,245.05,249.55,245.05,249.4,249.0,247.95,118936,294.9,3418, 76603, 64.41,1.63
VGUARD, EQ, 09-May-2024,353.95,354.75,357.35,339.9,342.55,342.95,347.63,536968,1866.64,19883, 325864, 60.69,-3.11
VGUARD, EQ, 09-Jun-2020,183.3,185.0,186.25,181.0, 181.50,181.6,183.31,192644,353.13,3829, 107377, 55.74,-0.93
VGUARD, EQ, 09-Jun-2021,267.25,267.0,269.9,259.25,263.0,262.05,265.1,1103192,2924.57,19707, 529473, 47.99,-1.95
VGUARD, EQ, 09-Jun-2022,231.1,230.0,239.4,226.2, 237.00,236.1,232.15,220001,510.73,5285, 129864, 59.03,2.16
VGUARD, EQ, 09-Jun-2023,258.9,258.0,263.1,256.3, 257.30,256.9,260.21,200375,521.39,6234, 97340, 48.58,-0.77
VGUARD, EQ, 09-Jul-2020,173.0,173.5,176.9,170.75, 174.55,174.65,174.37,485855,847.2,6453, 213280, 43.90,0.95
VGUARD, EQ, 09-Jul-2021,258.85,258.85,260.3,257.05,258.15,257.95,258.23,428129,1105.56,5430, 291194, 68.02,-0.35
VGUARD, EQ, 09-Jul-2024,466.55,474.95,487.95,460.15,464.0,462.9,472.77,490978,2321.22,28346, 164242, 33.45,-0.78
VGUARD, EQ, 09-Aug-2021,249.05,250.5,251.0,241.25, 243.45,243.0,247.44,658851,1630.24,8545, 435356, 66.08,-2.43
VGUARD, EQ, 09-Aug-2023,285.9,286.75,335.0,284.0, 309.25,315.35,313.43,7224409,22643.56,98530, 1114917, 15.43,10.3
VGUARD, EQ, 09-Aug-2024,467.2,468.8,475.7,468.8,474.0,474.4,473.17,195991,927.38,14609, 114835, 58.59,1.54
VGUARD, EQ, 09-Sep-2020,167.75,165.75,167.45,163.0, 164.30,164.7,164.82,507120,835.82,9137, 283997, 56.00,-1.82
VGUARD, EQ, 09-Sep-2021,261.75,261.75,263.95,261.0, 261.95,261.85,262.07,462342,1211.68,7763, 191495, 41.42,0.04
VGUARD, EQ, 09-Sep-2022,242.15,242.95,244.8,238.0, 239.80,239.3,241.17,130713,315.25,4030, 64021, 48.98,-1.18
VGUARD, EQ, 09-Sep-2024,466.55,466.5,467.9,453.15,458.5,457.4,458.21,409784,1877.66,20866, 186102, 45.41,-1.96
VGUARD, EQ, 09-Oct-2020,164.75,165.2,168.0,163.65, 165.45,165.25,164.92,464110,765.39,10397, 245677, 52.94,0.3
VGUARD, EQ, 09-Oct-2023,291.8,291.8,291.95,281.0, 281.50,282.75,285.13,269905,769.59,22449, 148189, 54.90,-3.1
VGUARD, EQ, 09-Oct-2024,442.85,443.15,445.7,437.75,439.5,439.55,440.53,199639,879.46,16166, 88175, 44.17,-0.75
VGUARD, EQ, 09-Nov-2020,168.9,170.9,171.0,167.35, 167.50,167.45,168.35,261236,439.8,7219, 188511, 72.16,-0.86
VGUARD, EQ, 09-Nov-2021,260.2,260.2,261.6,257.5,260.5,260.25,259.5,318076,825.4,7339, 191275, 60.13,0.02
VGUARD, EQ, 09-Nov-2022,259.0,259.0,262.55,257.3, 262.25,261.9,261.32,360602,942.31,7543, 215276, 59.70,1.12
VGUARD, EQ, 09-Nov-2023,287.0,288.7,288.9,283.5, 284.00,284.5,285.04,145109,413.61,5954, 78816, 54.32,-0.87
VGUARD, EQ, 09-Dec-2020,184.8,186.85,191.2,186.1,189.0,188.95,188.02,760070,1429.06,12931, 491402, 64.65,2.25
VGUARD, EQ, 09-Dec-2021,240.25,241.9,241.9,235.5, 238.80,238.6,237.68,281163,668.27,8737, 124995, 44.46,-0.69
VGUARD, EQ, 09-Dec-2022,249.3,253.5,269.0,248.2, 258.00,260.0,260.44,1631021,4247.87,29412, 344547, 21.12,4.29
VGUARD, EQ, 09-Dec-2024,436.4,437.7,446.4,433.1,435.8,435.7,438.3,284866,1248.56,21391, 132017, 46.34,-0.16
VGUARD, EQ, 10-Jan-2020,213.1,213.1,218.3,212.9, 217.00,216.5,216.34,211223,456.97,4678, 95970, 45.44,1.6
VGUARD, EQ, 10-Jan-2022,219.75,220.85,222.9,220.15,221.45,221.85,221.83,224380,497.75,3394, 148635, 66.24,0.96
VGUARD, EQ, 10-Jan-2023,258.6,259.7,261.0,257.05,257.4,257.55,258.21,58075,149.96,1760, 34845, 60.00,-0.41
VGUARD, EQ, 10-Jan-2024,292.2,291.5,293.05,290.5, 291.50,291.75,291.87,131061,382.53,6547, 71343, 54.43,-0.15
VGUARD, EQ, 10-Jan-2025,413.45,413.8,415.45,395.3,396.5,397.4,400.81,234712,940.76,19980, 89710, 38.22,-3.88
VGUARD, EQ, 10-Feb-2020,213.2,213.7,214.25,207.5, 208.00,207.75,208.48,540750,1127.34,7054, 450374, 83.29,-2.56
VGUARD, EQ, 10-Feb-2021,229.0,229.0,232.85,222.25,224.5,224.7,227.23,496531,1128.28,9118, 208806, 42.05,-1.88
VGUARD, EQ, 10-Feb-2022,219.5,221.15,221.15,216.1,219.15,219.75,218.6,230925,504.81,6920, 111560, 48.31,0.11
VGUARD, EQ, 10-Feb-2023,245.85,245.5,249.9,244.0, 248.50,248.9,247.9,85625,212.26,2588, 37339, 43.61,1.24
VGUARD, EQ, 10-Feb-2025,393.25,391.95,391.95,378.2,390.15,389.9,385.92,143073,552.15,8948, 51004, 35.65,-0.85
VGUARD, EQ, 10-Mar-2021,225.55,227.1,227.8,223.3, 226.40,226.7,226.41,374927,848.87,12349, 163539, 43.62,0.51
VGUARD, EQ, 10-Mar-2022,205.05,207.05,216.4,207.05, 214.00,215.05,212.77,472406,1005.12,9335, 266465, 56.41,4.88
VGUARD, EQ, 10-Mar-2023,245.95,245.65,248.0,243.8, 247.75,247.15,245.96,40318,99.17,1829, 19077, 47.32,0.49
VGUARD, EQ, 10-Mar-2025,330.85,332.7,336.5,324.1,331.6,331.35,330.19,351105,1159.3,32962, 185818, 52.92,0.15
VGUARD, EQ, 10-Apr-2023,251.45,250.05,254.0,250.0, 250.90,251.75,252.37,51609,130.24,4549, 25464, 49.34,0.12
VGUARD, EQ, 10-Apr-2024,344.1,344.0,353.0,340.75, 349.00,348.75,347.28,1056332,3668.45,31803, 521444, 49.36,1.35
VGUARD, EQ, 10-May-2021,223.0,223.0,226.75,222.45, 224.50,224.8,224.79,675335,1518.12,7552, 555961, 82.32,0.81
VGUARD, EQ, 10-May-2022,204.55,204.0,207.35,200.15, 200.70,200.6,203.2,228307,463.93,10242, 51974, 22.76,-1.93
VGUARD, EQ, 10-May-2023,249.0,249.85,250.35,247.1,248.2,249.55,249.06,68139,169.71,3264, 36180, 53.10,0.22
VGUARD, EQ, 10-May-2024,342.95,344.8,364.7,344.75,356.6,354.7,356.83,1799627,6421.55,52194, 381685, 21.21,3.43
VGUARD, EQ, 10-Jun-2020,181.6,182.1,183.55,179.15, 180.10,179.95,180.42,160605,289.77,2828, 99531, 61.97,-0.91
VGUARD, EQ, 10-Jun-2021,262.05,264.15,267.8,261.35, 265.50,265.35,263.87,620379,1637.02,7890, 325413, 52.45,1.26
VGUARD, EQ, 10-Jun-2022,236.1,232.0,237.3,228.3,228.3,230.45,234.51,800652,1877.58,7784, 676738, 84.52,-2.39
VGUARD, EQ, 10-Jun-2024,390.7,391.3,396.0,386.15,393.5,394.75,392.84,1370086,5382.27,28227, 1056003, 77.08,1.04
VGUARD, EQ, 10-Jul-2020,174.65,174.5,174.5,172.0,172.85,172.5,172.94,285294,493.39,4459, 115640, 40.53,-1.23
VGUARD, EQ, 10-Jul-2023,287.45,291.9,296.95,287.45,288.25,289.9,292.17,668412,1952.91,14449, 288547, 43.17,0.85
VGUARD, EQ, 10-Jul-2024,462.9,467.0,476.45,445.0,470.25,472.65,461.62,645762,2981.0,37673, 233452, 36.15,2.11
VGUARD, EQ, 10-Aug-2020,164.4,165.0,165.8,161.7, 162.00,162.35,163.2,300989,491.22,4712, 231382, 76.87,-1.25
VGUARD, EQ, 10-Aug-2021,243.0,243.0,243.9,238.35, 240.05,240.5,240.14,683521,1641.4,16525, 401451, 58.73,-1.03
VGUARD, EQ, 10-Aug-2022,239.05,239.05,243.0,235.05,237.3,237.15,237.48,106125,252.02,3105, 45928, 43.28,-0.79
VGUARD, EQ, 10-Aug-2023,315.35,311.0,314.9,303.2, 307.55,308.4,308.63,1682044,5191.33,36563, 543831, 32.33,-2.2
VGUARD, EQ, 10-Sep-2020,164.7,165.2,172.5,165.2, 170.60,170.45,169.66,636755,1080.3,7687, 291421, 45.77,3.49
VGUARD, EQ, 10-Sep-2024,457.4,459.65,472.0,459.0,468.95,470.05,466.04,329168,1534.05,18409, 168061, 51.06,2.77
VGUARD, EQ, 10-Oct-2022,250.5,248.7,254.2,246.55, 249.80,251.2,250.51,227560,570.07,7362, 111390, 48.95,0.28
VGUARD, EQ, 10-Oct-2023,282.75,283.15,300.0,283.0, 290.05,294.8,294.05,731623,2151.34,35350, 367970, 50.30,4.26
VGUARD, EQ, 10-Oct-2024,439.55,442.15,443.05,434.7,440.05,441.8,440.24,489941,2156.91,22256, 366179, 74.74,0.51
VGUARD, EQ, 10-Nov-2020,167.45,168.5,168.75,163.85, 165.55,165.2,166.73,320836,534.93,7530, 230653, 71.89,-1.34
VGUARD, EQ, 10-Nov-2021,260.25,260.0,262.0,251.35, 256.20,255.05,255.97,421036,1077.71,12623, 224853, 53.40,-2.0
VGUARD, EQ, 10-Nov-2022,261.9,263.05,268.0,248.7, 254.60,254.05,257.69,522695,1346.95,12128, 176702, 33.81,-3.0
VGUARD, EQ, 10-Nov-2023,284.5,284.0,288.75,283.1,288.75,288.0,286.62,110954,318.02,3174, 52238, 47.08,1.23
VGUARD, EQ, 10-Dec-2020,188.95,188.1,190.8,185.25, 187.00,186.45,186.94,846522,1582.51,13153, 669696, 79.11,-1.32
VGUARD, EQ, 10-Dec-2021,238.6,243.9,243.9,235.5, 238.00,238.2,238.33,182865,435.83,5054, 77342, 42.29,-0.17
VGUARD, EQ, 10-Dec-2024,435.7,437.0,449.5,430.8,442.0,443.75,442.49,487416,2156.74,26939, 226883, 46.55,1.85
VGUARD, EQ, 11-Jan-2021,214.55,215.0,218.65,208.6, 216.00,215.9,215.1,943255,2028.97,20828, 382604, 40.56,0.63
VGUARD, EQ, 11-Jan-2022,221.85,221.1,224.0,220.1,220.95,220.55,221.55,415504,920.55,6651, 276851, 66.63,-0.59
VGUARD, EQ, 11-Jan-2023,257.55,258.6,258.6,252.15, 252.90,252.85,254.55,117848,299.98,4233, 63006, 53.46,-1.82
VGUARD, EQ, 11-Jan-2024,291.75,292.45,297.85,291.6, 295.25,295.55,295.11,443394,1308.49,11527, 267469, 60.32,1.3
VGUARD, EQ, 11-Feb-2020,207.75,208.0,211.5,203.3, 207.90,207.1,206.39,400830,827.28,8129, 213963, 53.38,-0.31
VGUARD, EQ, 11-Feb-2021,224.7,225.75,230.75,224.7,230.0,229.65,228.85,423755,969.78,6176, 134415, 31.72,2.2
VGUARD, EQ, 11-Feb-2022,219.75,218.85,218.9,216.1,217.0,216.8,216.92,181182,393.01,5265, 115604, 63.81,-1.34
VGUARD, EQ, 11-Feb-2025,389.9,390.0,390.75,366.1,369.85,373.9,373.85,276172,1032.47,19561, 138189, 50.04,-4.1
VGUARD, EQ, 11-Mar-2020,197.1,197.0,200.0,193.0, 193.10,193.35,194.3,178338,346.52,4916, 96260, 53.98,-1.9
VGUARD, EQ, 11-Mar-2022,215.05,214.4,217.15,212.0, 215.60,215.25,214.1,152077,325.6,3610, 70407, 46.30,0.09
VGUARD, EQ, 11-Mar-2024,344.45,349.0,352.0,332.45, 336.90,336.05,344.26,787681,2711.66,25558, 269782, 34.25,-2.44
VGUARD, EQ, 11-Mar-2025,331.35,327.7,333.75,321.15,333.05,332.4,329.43,380285,1252.76,31465, 214609, 56.43,0.32
VGUARD, EQ, 11-Apr-2022,222.7,222.65,225.5,222.65,223.0,224.4,224.18,485925,1089.35,19126, 72824, 14.99,0.76
VGUARD, EQ, 11-Apr-2023,251.75,251.75,255.9,251.0, 255.10,255.0,254.65,139810,356.03,8210, 96395, 68.95,1.29
VGUARD, EQ, 11-Apr-2025,357.75,365.0,365.5,355.95,360.65,361.9,360.36,214665,773.57,10635, 92803, 43.23,1.16
VGUARD, EQ, 11-May-2020,169.85,171.0,172.25,168.1, 170.00,169.6,170.24,228235,388.54,7138, 93934, 41.16,-0.15
VGUARD, EQ, 11-May-2021,224.8,222.7,227.8,221.95, 223.30,223.05,225.11,391972,882.39,14374, 175565, 44.79,-0.78
VGUARD, EQ, 11-May-2022,200.6,200.0,209.7,195.15,206.2,206.85,200.33,336685,674.49,11787, 118191, 35.10,3.12
VGUARD, EQ, 11-May-2023,249.55,249.95,251.0,247.6, 248.15,249.5,249.64,80637,201.31,4437, 43339, 53.75,-0.02
VGUARD, EQ, 11-Jun-2020,179.95,179.95,182.0,177.25, 178.40,177.95,179.84,202067,363.39,3870, 81641, 40.40,-1.11
VGUARD, EQ, 11-Jun-2021,265.35,267.0,270.5,264.3, 267.05,266.5,267.79,1273774,3411.1,19021, 349357, 27.43,0.43
VGUARD, EQ, 11-Jun-2024,394.75,395.0,412.0,394.75,404.05,404.0,406.04,1297624,5268.83,39801, 695440, 53.59,2.34
VGUARD, EQ, 11-Jul-2022,227.25,228.85,228.85,223.55,226.0,226.0,225.75,128530,290.16,3790, 40937, 31.85,-0.55
VGUARD, EQ, 11-Jul-2023,289.9,291.2,292.2,286.25, 290.00,290.5,289.18,211722,612.25,7582, 75700, 35.75,0.21
VGUARD, EQ, 11-Jul-2024,472.65,471.3,480.0,467.2,472.5,473.15,472.66,271231,1282.0,18226, 89935, 33.16,0.11
VGUARD, EQ, 11-Aug-2020,162.35,164.5,166.0,161.6,162.25,162.25,162.73,1535176,2498.17,11156, 1061056, 69.12,-0.06
VGUARD, EQ, 11-Aug-2021,240.5,237.5,240.5,230.3, 236.60,235.25,234.68,653395,1533.4,16389, 328355, 50.25,-2.18
VGUARD, EQ, 11-Aug-2022,237.15,241.0,241.3,236.0,239.05,238.15,238.81,107230,256.08,6210, 65058, 60.67,0.42
VGUARD, EQ, 11-Aug-2023,308.4,310.0,311.65,302.05, 303.00,303.85,306.81,536162,1645.01,14205, 246652, 46.00,-1.48
VGUARD, EQ, 11-Sep-2020,170.45,171.0,171.35,168.0, 168.45,168.25,168.87,242580,409.64,4667, 117994, 48.64,-1.29
VGUARD, EQ, 11-Sep-2023,315.95,316.0,318.45,312.8, 314.70,314.7,314.74,326032,1026.16,8361, 229496, 70.39,-0.4
VGUARD, EQ, 11-Sep-2024,470.05,470.05,470.8,463.25,470.0,466.65,466.3,164324,766.24,8703, 87168, 53.05,-0.72
VGUARD, EQ, 11-Oct-2021,264.4,264.95,266.25,260.0, 260.00,261.35,263.64,319941,843.49,7267, 136786, 42.75,-1.15
VGUARD, EQ, 11-Oct-2022,251.2,251.2,251.2,247.05, 248.50,249.9,249.46,327630,817.32,11382, 199263, 60.82,-0.52
VGUARD, EQ, 11-Oct-2023,294.8,291.85,296.9,290.9, 293.00,293.7,294.31,237534,699.08,8839, 157869, 66.46,-0.37
VGUARD, EQ, 11-Oct-2024,441.8,440.0,443.2,436.15,440.5,440.1,440.18,123598,544.05,10295, 60967, 49.33,-0.38
VGUARD, EQ, 11-Nov-2020,165.2,166.4,168.7,165.65, 167.15,167.8,167.54,208170,348.76,6009, 107702, 51.74,1.57
VGUARD, EQ, 11-Nov-2021,255.05,256.4,256.85,250.7, 253.50,252.8,253.49,295975,750.26,6253, 175872, 59.42,-0.88
VGUARD, EQ, 11-Nov-2022,254.05,255.95,268.3,254.5,264.25,264.7,262.95,969606,2549.54,11959, 687437, 70.90,4.19
VGUARD, EQ, 11-Nov-2024,431.65,428.65,432.0,419.25, 426.55,426.6,424.52,333090,1414.04,17788, 167230, 50.21,-1.17
VGUARD, EQ, 11-Dec-2020,186.45,186.0,190.35,185.55, 187.25,186.85,188.16,294122,553.41,10840, 144157, 49.01,0.21
VGUARD, EQ, 11-Dec-2023,299.35,300.3,301.8,296.65, 297.60,298.4,298.09,176931,527.41,9140, 85875, 48.54,-0.32
VGUARD, EQ, 11-Dec-2024,443.75,437.25,442.9,431.15,431.5,433.45,435.51,229795,1000.77,13381, 108217, 47.09,-2.32
VGUARD, EQ, 12-Jan-2021,215.9,211.8,215.65,210.0, 211.40,211.05,212.98,341617,727.59,11113, 153693, 44.99,-2.25
VGUARD, EQ, 12-Jan-2022,220.55,221.75,224.2,220.4,224.15,223.5,221.98,452311,1004.03,5759, 320867, 70.94,1.34
VGUARD, EQ, 12-Jan-2023,252.85,253.85,258.0,250.3, 256.40,256.75,254.19,160065,406.87,5271, 50491, 31.54,1.54
VGUARD, EQ, 12-Jan-2024,295.55,296.5,297.5,293.4,293.6,294.1,294.85,164416,484.79,7083, 95955, 58.36,-0.49
VGUARD, EQ, 12-Feb-2020,207.1,207.35,209.35,205.35, 207.00,206.9,207.11,172799,357.88,4851, 96417, 55.80,-0.1
VGUARD, EQ, 12-Feb-2021,229.65,229.7,232.3,223.25,225.45,225.0,227.29,500219,1136.95,8484, 209039, 41.79,-2.02
VGUARD, EQ, 12-Feb-2024,311.4,314.45,315.4,305.0, 310.00,307.0,310.14,274810,852.31,17618, 128922, 46.91,-1.41
VGUARD, EQ, 12-Feb-2025,373.9,373.8,373.8,354.0,360.0,358.85,358.9,492795,1768.62,35568, 209540, 42.52,-4.03
VGUARD, EQ, 12-Mar-2020,193.35,180.35,187.95,180.0, 180.50,180.4,181.72,549139,997.88,6030, 399028, 72.66,-6.7
VGUARD, EQ, 12-Mar-2021,226.7,227.0,231.0,227.0, 229.50,229.75,229.76,844415,1940.09,13911, 406637, 48.16,1.35
VGUARD, EQ, 12-Mar-2024,336.05,337.0,339.7,329.0, 330.50,331.05,333.91,369769,1234.68,16540, 138651, 37.50,-1.49
VGUARD, EQ, 12-Mar-2025,332.4,333.5,335.05,324.0,331.0,330.65,328.89,279421,919.0,28586, 151700, 54.29,-0.53
VGUARD, EQ, 12-Apr-2021,240.5,238.85,238.85,221.15, 230.10,231.6,229.62,787198,1807.57,31749, 382990, 48.65,-3.7
VGUARD, EQ, 12-Apr-2022,224.4,223.95,223.95,219.1, 221.00,219.95,220.31,587650,1294.65,16073, 67757, 11.53,-1.98
VGUARD, EQ, 12-Apr-2023,255.0,255.0,257.5,253.2, 255.80,255.4,255.24,84326,215.23,4593, 38213, 45.32,0.16
VGUARD, EQ, 12-Apr-2024,348.75,348.75,351.7,345.15, 346.80,346.8,348.43,308319,1074.28,11637, 171211, 55.53,-0.56
VGUARD, EQ, 12-May-2020,169.6,169.9,169.9,166.15, 167.40,167.65,167.87,161728,271.5,6818, 84289, 52.12,-1.15
VGUARD, EQ, 12-May-2021,223.05,224.6,225.0,222.5,223.75,223.35,223.71,154319,345.22,6569, 79769, 51.69,0.13
VGUARD, EQ, 12-May-2022,206.85,205.5,205.5,199.2,205.0,203.55,201.22,207730,417.99,9917, 96054, 46.24,-1.6
VGUARD, EQ, 12-May-2023,249.5,247.1,250.6,247.05, 250.10,250.0,249.62,69387,173.2,9464, 45204, 65.15,0.2
VGUARD, EQ, 12-Jun-2020,177.95,170.1,177.1,170.1, 175.30,176.55,175.25,252588,442.66,3994, 110064, 43.57,-0.79
VGUARD, EQ, 12-Jun-2023,256.9,256.9,258.8,254.0, 254.45,254.75,256.27,71949,184.39,2627, 42574, 59.17,-0.84
VGUARD, EQ, 12-Jun-2024,404.0,400.0,405.75,398.6,403.0,404.1,403.17,621522,2505.78,29294, 414713, 66.73,0.02
VGUARD, EQ, 12-Jul-2021,257.95,259.95,260.55,257.0, 258.00,257.75,258.67,255727,661.49,7867, 126918, 49.63,-0.08
VGUARD, EQ, 12-Jul-2022,226.0,224.1,230.2,220.7,221.0,221.45,224.99,199778,449.47,5302, 92682, 46.39,-2.01
VGUARD, EQ, 12-Jul-2023,290.5,291.9,294.0,288.55, 291.30,291.05,291.01,233982,680.9,6305, 92521, 39.54,0.19
VGUARD, EQ, 12-Jul-2024,473.15,473.2,477.8,461.2,464.5,466.45,466.34,526683,2456.15,26009, 213984, 40.63,-1.42
VGUARD, EQ, 12-Aug-2020,162.25,163.25,163.3,159.75,160.0,160.35,160.82,869438,1398.26,10844, 451991, 51.99,-1.17
VGUARD, EQ, 12-Aug-2021,235.25,233.55,238.85,233.55, 237.50,237.45,237.0,313049,741.92,9013, 138374, 44.20,0.94
VGUARD, EQ, 12-Aug-2022,238.15,240.0,252.0,239.4,248.05,249.55,246.97,793819,1960.48,12120, 400745, 50.48,4.79
VGUARD, EQ, 12-Aug-2024,474.4,472.05,509.0,466.05,509.0,503.25,491.41,1313706,6455.74,59187, 455382, 34.66,6.08
VGUARD, EQ, 12-Sep-2022,239.3,241.6,247.95,238.95, 239.70,239.75,243.56,550396,1340.52,8908, 201906, 36.68,0.19
VGUARD, EQ, 12-Sep-2023,314.7,316.8,316.8,300.65, 305.00,306.15,307.12,432190,1327.35,15262, 144190, 33.36,-2.72
VGUARD, EQ, 12-Sep-2024,466.65,468.2,471.5,460.05,461.1,461.8,464.14,265330,1231.49,17448, 136322, 51.38,-1.04
VGUARD, EQ, 12-Oct-2020,165.25,166.1,167.0,163.5, 165.60,165.05,165.7,357333,592.09,7415, 248459, 69.53,-0.12
VGUARD, EQ, 12-Oct-2021,261.35,260.9,269.95,260.8, 266.35,265.7,266.29,712111,1896.3,26299, 370222, 51.99,1.66
VGUARD, EQ, 12-Oct-2022,249.9,248.8,252.75,244.05, 249.15,251.0,247.87,219335,543.66,10276, 75514, 34.43,0.44
VGUARD, EQ, 12-Oct-2023,293.7,295.4,298.0,291.1, 294.00,293.0,294.5,210821,620.87,9394, 85655, 40.63,-0.24
VGUARD, EQ, 12-Nov-2020,167.8,168.0,170.45,166.0, 167.50,167.85,167.11,2868078,4792.72,11730, 2532662, 88.31,0.03
VGUARD, EQ, 12-Nov-2021,252.8,252.2,254.0,250.0, 253.05,253.0,252.16,180747,455.76,5333, 92336, 51.09,0.08
VGUARD, EQ, 12-Nov-2024,426.6,426.6,428.8,414.45,415.15,417.1,420.54,133172,560.05,11009, 60556, 45.47,-2.23
VGUARD, EQ, 12-Dec-2022,260.0,258.0,261.9,254.0, 261.00,260.05,258.23,674218,1741.06,21227, 275220, 40.82,0.02
VGUARD, EQ, 12-Dec-2023,298.4,298.4,299.75,296.45, 296.65,297.55,297.78,107709,320.73,6979, 53059, 49.26,-0.28
VGUARD, EQ, 12-Dec-2024,433.45,435.0,435.0,423.1,424.6,426.55,427.84,171065,731.89,10451, 86569, 50.61,-1.59
VGUARD, EQ, 13-Jan-2020,216.5,218.5,218.5,216.5, 217.00,217.2,217.34,135158,293.75,2320, 91991, 68.06,0.32
VGUARD, EQ, 13-Jan-2021,211.05,213.45,218.5,208.2, 215.05,215.4,213.95,995585,2130.01,16670, 365936, 36.76,2.06
VGUARD, EQ, 13-Jan-2022,223.5,224.65,228.75,224.05, 227.45,227.45,226.31,1073046,2428.37,10830, 810207, 75.51,1.77
VGUARD, EQ, 13-Jan-2023,256.75,260.0,260.75,256.1,258.1,258.25,258.26,140434,362.68,4434, 37295, 26.56,0.58
VGUARD, EQ, 13-Jan-2025,397.4,397.4,408.0,388.0,396.0,400.4,397.97,641659,2553.63,36994, 255134, 39.76,0.75
VGUARD, EQ, 13-Feb-2020,206.9,207.2,207.2,201.2, 202.90,202.9,203.74,289312,589.44,6489, 196769, 68.01,-1.93
VGUARD, EQ, 13-Feb-2023,248.9,248.95,249.4,245.85,246.1,247.1,247.11,36837,91.03,2249, 19012, 51.61,-0.72
VGUARD, EQ, 13-Feb-2024,307.0,307.25,310.85,302.0, 306.05,307.85,305.88,290728,889.29,20910, 125596, 43.20,0.28
VGUARD, EQ, 13-Feb-2025,358.85,361.4,368.8,340.1,342.1,343.15,349.29,689846,2409.56,47802, 383675, 55.62,-4.38
VGUARD, EQ, 13-Mar-2020,180.4,155.0,178.0,155.0, 173.25,173.4,173.65,734747,1275.86,9281, 542458, 73.83,-3.88
VGUARD, EQ, 13-Mar-2023,247.15,245.5,248.9,245.1, 247.00,247.45,246.75,77389,190.96,5338, 43063, 55.64,0.12
VGUARD, EQ, 13-Mar-2024,331.05,331.15,333.45,303.1, 309.90,306.1,314.42,771657,2426.25,35405, 380280, 49.28,-7.54
VGUARD, EQ, 13-Mar-2025,330.65,332.05,336.0,326.6,335.15,335.05,333.2,324768,1082.11,25171, 192380, 59.24,1.33
VGUARD, EQ, 13-Apr-2020,164.05,164.75,165.0,158.25, 159.15,159.05,160.18,235884,377.83,7610,141291,66.88,-3.05
VGUARD, EQ, 13-Apr-2021,231.6,231.5,235.35,229.0, 233.00,232.9,231.96,604873,1403.07,10508, 216243, 35.75,0.56
VGUARD, EQ, 13-Apr-2022,219.95,220.4,222.65,218.0,219.0,218.9,220.63,596195,1315.36,11809, 75050, 12.59,-0.48
VGUARD, EQ, 13-Apr-2023,255.4,256.0,256.5,253.35, 256.15,256.0,255.5,96530,246.63,8052, 64626, 66.95,0.23
VGUARD, EQ, 13-May-2020,167.65,172.0,179.7,172.0,176.0,175.8,176.46,1162982,2052.21,20389, 250424, 21.53,4.86
VGUARD, EQ, 13-May-2022,203.55,203.9,208.95,201.75,205.9,205.0,206.6,157028,324.41,7310, 54247, 34.55,0.71
VGUARD, EQ, 13-May-2024,354.7,354.6,359.0,349.65,353.55,353.7,355.32,523787,1861.14,22905, 190007, 36.28,-0.28
VGUARD, EQ, 13-Jun-2022,230.45,227.0,227.0,216.05,218.2,218.05,220.29,310169,683.27,16962, 173395, 55.90,-5.38
VGUARD, EQ, 13-Jun-2023,254.75,253.6,257.65,252.5, 254.40,255.3,255.15,231846,591.55,14776, 114735, 49.49,0.22
VGUARD, EQ, 13-Jun-2024,404.1,404.2,414.65,402.5,410.75,410.2,409.84,1033821,4237.04,27775, 498424, 48.21,1.51
VGUARD, EQ, 13-Jul-2020,172.5,173.1,173.95,170.05, 171.95,171.5,171.32,277017,474.59,4564, 144354, 52.11,-0.58
VGUARD, EQ, 13-Jul-2021,257.75,260.9,262.0,258.25, 258.80,258.75,259.62,231321,600.56,6721, 132344, 57.21,0.39
VGUARD, EQ, 13-Jul-2022,221.45,223.5,228.75,220.0,227.0,225.85,224.39,252676,566.99,6646, 106992, 42.34,1.99
VGUARD, EQ, 13-Jul-2023,291.05,292.0,292.55,279.85, 287.05,285.35,287.01,287067,823.92,10782, 136359, 47.50,-1.96
VGUARD, EQ, 13-Aug-2020,160.35,161.85,162.0,159.6, 159.80,159.75,160.21,571251,915.23,5886, 412400, 72.19,-0.37
VGUARD, EQ, 13-Aug-2021,237.45,237.4,237.4,235.15,237.0,236.5,236.49,973947,2303.32,10440, 840761, 86.33,-0.4
VGUARD, EQ, 13-Aug-2024,503.25,508.0,522.5,496.0,520.3,519.9,514.58,1413668,7274.52,39819, 313769, 22.20,3.31
VGUARD, EQ, 13-Sep-2021,261.85,261.85,264.8,260.0, 260.30,260.6,261.9,501250,1312.75,8956, 196484, 39.20,-0.48
VGUARD, EQ, 13-Sep-2022,239.75,240.95,243.3,238.9, 240.50,239.8,241.07,270376,651.8,6506, 83913, 31.04,0.02
VGUARD, EQ, 13-Sep-2023,306.15,306.15,316.05,303.4, 311.15,311.6,310.39,263959,819.29,9100, 116675, 44.20,1.78
VGUARD, EQ, 13-Sep-2024,461.8,462.0,466.95,459.0,460.95,460.45,463.0,159235,737.26,8787, 72024, 45.23,-0.29
VGUARD, EQ, 13-Oct-2020,165.05,165.1,167.5,164.3, 165.80,165.95,165.32,212293,350.97,7118, 110035, 51.83,0.55
VGUARD, EQ, 13-Oct-2021,265.7,270.0,270.0,262.0,263.6,263.3,266.7,561987,1498.85,10718, 204947, 36.47,-0.9
VGUARD, EQ, 13-Oct-2022,251.0,248.7,254.9,246.25,251.0,250.95,251.38,627464,1577.33,12740, 177123, 28.23,-0.02
VGUARD, EQ, 13-Oct-2023,293.0,293.0,302.95,293.0, 299.00,299.9,299.34,396538,1186.99,15739, 197095, 49.70,2.35
VGUARD, EQ, 13-Nov-2020,167.85,169.0,173.35,167.7,171.55,171.85,171.32,753580,1291.05,13543, 358704, 47.60,2.38
VGUARD, EQ, 13-Nov-2023,291.2,291.7,292.2,289.0, 291.00,290.55,290.49,71182,206.78,3258, 35535, 49.92,-0.22
VGUARD, EQ, 13-Nov-2024,417.1,417.7,417.7,402.9,411.0,409.7,408.06,265391,1082.97,17720, 129842, 48.92,-1.77
VGUARD, EQ, 13-Dec-2021,238.2,239.5,239.75,235.65,236.95,236.65,238.28,185792,442.71,7104, 87910, 47.32,-0.65
VGUARD, EQ, 13-Dec-2022,260.05,263.5,265.0,255.0, 261.05,260.95,260.47,455713,1186.98,11505, 180188, 39.54,0.35
VGUARD, EQ, 13-Dec-2023,297.55,297.55,297.55,293.0, 294.00,293.8,294.52,143562,422.81,6007, 79310, 55.24,-1.26
VGUARD, EQ, 13-Dec-2024,426.55,425.0,439.9,414.3,432.3,436.05,426.8,412291,1759.64,25774, 150200, 36.43,2.23
VGUARD, EQ, 14-Jan-2020,217.2,218.4,225.95,216.15, 224.40,224.9,222.64,558085,1242.53,14981, 271015, 48.56,3.55
VGUARD, EQ, 14-Jan-2021,215.4,213.2,223.2,213.05, 216.00,215.75,219.45,1073619,2356.07,16588, 345392, 32.17,0.16
VGUARD, EQ, 14-Jan-2022,227.45,228.0,228.0,226.0, 226.85,226.7,226.77,312860,709.46,6999, 183912, 58.78,-0.33
VGUARD, EQ, 14-Jan-2025,400.4,398.2,399.85,384.4,393.45,392.35,390.82,431037,1684.56,29191, 179138, 41.56,-2.01
VGUARD, EQ, 14-Feb-2020,202.9,202.9,205.9,202.0, 204.00,203.7,203.64,557581,1135.48,7703, 454757, 81.56,0.39
VGUARD, EQ, 14-Feb-2022,216.8,214.8,216.6,206.05,209.0,208.8,211.21,317225,670.0,12216, 180705, 56.96,-3.69
VGUARD, EQ, 14-Feb-2023,247.1,247.6,247.95,241.0,242.65,242.1,243.47,100049,243.59,4435, 50447, 50.42,-2.02
VGUARD, EQ, 14-Feb-2024,307.85,302.0,314.7,301.95, 309.95,309.75,310.97,316761,985.04,13645, 133416, 42.12,0.62
VGUARD, EQ, 14-Feb-2025,343.15,343.5,346.55,330.0,340.0,340.15,340.5,326049,1110.2,28440, 134229, 41.17,-0.87
VGUARD, EQ, 14-Mar-2022,215.25,215.0,217.0,211.3,216.2,215.5,215.63,264476,570.3,7146, 150611, 56.95,0.12
VGUARD, EQ, 14-Mar-2023,247.45,248.0,248.0,240.1, 248.00,247.2,246.57,84464,208.26,4051, 45477, 53.84,-0.1
VGUARD, EQ, 14-Mar-2024,306.1,306.95,326.6,303.1, 324.70,324.55,320.49,526789,1688.3,27231, 180243, 34.22,6.03
VGUARD, EQ, 14-May-2020,175.8,173.75,181.0,170.25,180.1,178.35,175.73,514009,903.27,9355, 265108, 51.58,1.45
VGUARD, EQ, 14-May-2021,223.35,224.3,224.6,221.1, 222.00,221.75,222.29,373317,829.84,11023, 235029, 62.96,-0.72
VGUARD, EQ, 14-May-2024,353.7,355.45,359.25,353.1,354.9,354.55,356.67,318210,1134.96,11043, 149049, 46.84,0.24
VGUARD, EQ, 14-Jun-2021,266.5,269.5,269.9,262.1, 269.05,268.95,267.49,1168838,3126.56,18764, 391630, 33.51,0.92
VGUARD, EQ, 14-Jun-2022,218.05,217.0,219.15,212.75, 213.70,214.25,215.01,171285,368.28,6261, 60693, 35.43,-1.74
VGUARD, EQ, 14-Jun-2023,255.3,255.8,256.05,252.65, 253.50,253.4,254.08,81427,206.89,3453, 47096, 57.84,-0.74
VGUARD, EQ, 14-Jun-2024,410.2,412.0,413.7,397.0,399.35,399.9,404.04,557339,2251.87,23754, 261643, 46.95,-2.51
VGUARD, EQ, 14-Jul-2020,171.5,171.5,173.5,165.65,170.5,171.5,169.35,661771,1120.73,8989, 213145, 32.21,0.0
VGUARD, EQ, 14-Jul-2021,258.75,261.4,261.4,258.0, 258.50,258.45,259.58,284633,738.85,8087, 141383, 49.67,-0.12
VGUARD, EQ, 14-Jul-2022,225.85,226.0,228.0,222.4, 223.70,225.05,224.9,165036,371.16,5406, 68305, 41.39,-0.35
VGUARD, EQ, 14-Jul-2023,285.35,285.35,288.3,282.0,283.4,283.55,284.95,114131,325.21,5067, 49630, 43.49,-0.63
VGUARD, EQ, 14-Aug-2020,159.75,161.45,162.4,159.6, 159.75,159.85,160.64,970259,1558.59,9450, 461975, 47.61,0.06
VGUARD, EQ, 14-Aug-2023,303.85,305.45,309.95,296.0, 305.25,307.8,305.28,966008,2949.0,24655, 406447, 42.07,1.3
VGUARD, EQ, 14-Aug-2024,519.9,532.0,577.45,507.1,526.0,519.1,544.31,8346253,45429.47,214926, 1347625, 16.15,-0.15
VGUARD, EQ, 14-Sep-2020,168.25,169.0,179.7,169.0,179.0,178.7,176.33,1869196,3295.95,22922, 931515, 49.84,6.21
VGUARD, EQ, 14-Sep-2021,260.6,261.7,264.15,256.05, 259.00,259.0,261.03,503751,1314.94,7644, 235526, 46.75,-0.61
VGUARD, EQ, 14-Sep-2022,239.8,238.6,244.85,237.0,243.0,241.8,241.7,265233,641.06,6985, 80997, 30.54,0.83
VGUARD, EQ, 14-Sep-2023,311.6,313.0,315.45,307.15, 309.70,308.85,309.47,247735,766.68,5246, 163959, 66.18,-0.88
VGUARD, EQ, 14-Oct-2020,165.95,165.0,167.0,164.2, 165.60,166.0,165.38,400098,661.67,6946, 294909, 73.71,0.03
VGUARD, EQ, 14-Oct-2021,263.3,264.95,266.5,261.1,263.85,262.9,263.89,290258,765.96,7124, 126318, 43.52,-0.15
VGUARD, EQ, 14-Oct-2022,250.95,252.3,255.0,240.55, 244.90,244.4,249.99,264734,661.81,6693, 91846, 34.69,-2.61
VGUARD, EQ, 14-Oct-2024,440.1,442.35,442.5,436.0,441.05,440.9,439.71,351349,1544.92,14747, 254201, 72.35,0.18
VGUARD, EQ, 14-Nov-2022,264.7,266.05,267.3,257.1,261.3,261.05,260.74,196295,511.82,4907, 93439, 47.60,-1.38
VGUARD, EQ, 14-Nov-2024,409.7,409.3,413.5,403.1, 406.50,405.55,407.58,152076,619.84,12508, 67707, 44.52,-1.01
VGUARD, EQ, 14-Dec-2020,186.85,188.0,190.8,186.0,190.0,190.1,189.3,607744,1150.49,17972, 326287, 53.69,1.74
VGUARD, EQ, 14-Dec-2021,236.65,239.1,240.0,234.4,235.5,235.0,236.17,458604,1083.08,12584, 233325, 50.88,-0.7
VGUARD, EQ, 14-Dec-2022,260.95,263.75,270.9,259.95, 268.00,269.8,267.62,1163541,3113.81,18051, 556078, 47.79,3.39
VGUARD, EQ, 14-Dec-2023,293.8,294.05,297.0,292.75, 294.00,293.8,294.17,113360,333.47,5548, 61589, 54.33,0.0
VGUARD, EQ, 15-Jan-2020,224.9,223.2,225.7,222.0, 223.00,223.65,224.2,776477,1740.84,4742, 669948, 86.28,-0.56
VGUARD, EQ, 15-Jan-2021,215.75,216.0,221.25,214.25,220.05,220.3,218.32,1230396,2686.16,15107, 510929, 41.53,2.11
VGUARD, EQ, 15-Jan-2024,294.1,295.2,295.5,289.85, 290.50,290.65,291.54,236708,690.11,7302, 134069, 56.64,-1.17
VGUARD, EQ, 15-Jan-2025,392.35,397.15,397.15,389.0,392.9,392.95,392.77,210493,826.76,13698, 115442, 54.84,0.15
VGUARD, EQ, 15-Feb-2021,225.0,227.7,229.0,222.2, 223.55,223.35,225.4,1020093,2299.26,12816, 671087, 65.79,-0.73
VGUARD, EQ, 15-Feb-2022,208.8,214.0,218.0,207.15,215.3,214.55,211.5,452882,957.86,15309, 298060, 65.81,2.75
VGUARD, EQ, 15-Feb-2023,242.1,243.0,246.5,242.15, 245.50,245.8,244.66,77798,190.34,3362, 34616, 44.49,1.53
VGUARD, EQ, 15-Feb-2024,309.75,313.5,321.9,309.05, 314.00,316.3,317.92,1331774,4234.01,48767, 653079, 49.04,2.11
VGUARD, EQ, 15-Mar-2021,229.75,232.0,234.9,229.0, 234.35,233.8,232.91,895269,2085.13,13177, 366463, 40.93,1.76
VGUARD, EQ, 15-Mar-2022,215.5,218.15,222.0,217.5,218.75,219.15,219.13,294396,645.12,9866, 132238, 44.92,1.69
VGUARD, EQ, 15-Mar-2023,247.2,249.5,249.5,243.1, 243.80,244.0,245.76,50431,123.94,2584, 24480, 48.54,-1.29
VGUARD, EQ, 15-Mar-2024,324.55,324.55,324.7,316.15, 319.10,319.85,319.74,185855,594.26,9899, 82316, 44.29,-1.45
VGUARD, EQ, 15-Apr-2020,159.05,163.4,166.9,158.5, 159.50,159.15,162.83,435064,708.41,17946, 190205, 43.72,0.06
VGUARD, EQ, 15-Apr-2021,232.9,233.0,233.95,229.85,233.0,233.0,232.27,279344,648.82,9329, 109312, 39.13,0.04
VGUARD, EQ, 15-Apr-2024,346.8,341.5,345.65,331.05, 345.00,341.65,339.21,283054,960.15,15856, 125289, 44.26,-1.49
VGUARD, EQ, 15-Apr-2025,361.9,364.35,364.85,357.8,364.1,363.9,361.45,323033,1167.59,23301, 164141, 50.81,0.55
VGUARD, EQ, 15-May-2020,178.35,180.0,185.6,175.25,177.65,178.3,180.45,520815,939.83,7950, 183170, 35.17,-0.03
VGUARD, EQ, 15-May-2023,250.0,250.0,252.4,247.6, 247.75,249.2,250.65,83017,208.08,3731, 40798, 49.14,-0.32
VGUARD, EQ, 15-May-2024,354.55,355.0,378.95,355.0,370.8,366.85,370.07,2275114,8419.56,55982, 795063, 34.95,3.47
VGUARD, EQ, 15-Jun-2020,176.55,175.5,178.9,174.95,175.95,175.0,175.39,480800,843.28,2781, 410392, 85.36,-0.88
VGUARD, EQ, 15-Jun-2021,268.95,271.85,274.9,270.2, 272.00,271.9,272.64,1465506,3995.48,21504, 554058, 37.81,1.1
VGUARD, EQ, 15-Jun-2022,214.25,214.0,217.95,210.15, 214.90,215.5,212.73,304886,648.58,5165, 201142, 65.97,0.58
VGUARD, EQ, 15-Jun-2023,253.4,253.45,254.25,251.5, 252.00,252.25,252.48,66861,168.81,3531, 42473, 63.52,-0.45
VGUARD, EQ, 15-Jul-2020,171.5,172.1,172.65,169.4,171.05,170.95,170.87,191581,327.36,3748, 77546, 40.48,-0.32
VGUARD, EQ, 15-Jul-2021,258.45,257.5,260.95,257.25, 259.70,259.45,259.65,290735,754.9,6633, 148482, 51.07,0.39
VGUARD, EQ, 15-Jul-2022,225.05,225.1,229.0,221.55,226.0,225.8,224.39,181179,406.55,11251, 98975, 54.63,0.33
VGUARD, EQ, 15-Jul-2024,466.45,469.9,471.3,457.95,461.1,462.05,463.71,297331,1378.77,27089, 172422, 57.99,-0.94
VGUARD, EQ, 15-Sep-2020,178.7,179.75,179.95,174.4, 176.00,176.0,176.54,495732,875.18,8173, 223903, 45.17,-1.51
VGUARD, EQ, 15-Sep-2021,259.0,259.0,263.9,250.7, 252.95,252.85,257.3,2060627,5301.94,22739, 1487154, 72.17,-2.37
VGUARD, EQ, 15-Sep-2022,241.8,244.75,246.0,235.8,239.8,239.25,242.83,250674,608.7,5680, 98700, 39.37,-1.05
VGUARD, EQ, 15-Sep-2023,308.85,311.0,313.0,307.25, 312.50,311.2,310.34,154528,479.57,4551, 77445, 50.12,0.76
VGUARD, EQ, 15-Oct-2020,166.0,166.95,168.0,165.55, 167.00,166.65,166.93,453154,756.46,7983, 273254, 60.30,0.39
VGUARD, EQ, 15-Oct-2024,440.9,441.7,444.85,436.5,442.2,443.5,441.43,293276,1294.6,19242, 155947, 53.17,0.59
VGUARD, EQ, 15-Nov-2021,253.0,253.0,255.1,250.15, 254.15,253.5,252.27,199589,503.51,4376, 88728, 44.46,0.2
VGUARD, EQ, 15-Nov-2022,261.05,262.4,262.4,258.25, 262.20,261.45,261.05,110594,288.7,3653, 64868, 58.65,0.15
VGUARD, EQ, 15-Nov-2023,290.55,290.0,292.95,287.1, 289.00,288.55,288.82,173182,500.19,5739, 94356, 54.48,-0.69
VGUARD, EQ, 15-Dec-2020,190.1,191.0,199.85,189.45,196.6,197.05,196.21,2536181,4976.36,36460, 1009033, 39.79,3.66
VGUARD, EQ, 15-Dec-2021,235.0,235.1,236.7,231.2, 232.30,232.3,234.24,655467,1535.36,6552, 504190, 76.92,-1.15
VGUARD, EQ, 15-Dec-2022,269.8,266.5,273.0,262.35, 264.50,264.95,269.61,455882,1229.08,9361, 173339, 38.02,-1.8
VGUARD, EQ, 15-Dec-2023,293.8,294.15,295.6,292.3, 292.60,292.9,293.15,131279,384.85,6426, 78235, 59.59,-0.31
VGUARD, EQ, 16-Jan-2020,223.65,224.2,225.65,222.1, 223.45,223.15,223.43,152563,340.87,2900, 102215, 67.00,-0.22
VGUARD, EQ, 16-Jan-2023,258.25,258.55,259.05,255.0, 255.00,255.3,256.49,45575,116.9,2291, 21225, 46.57,-1.14
VGUARD, EQ, 16-Jan-2024,290.65,290.9,295.5,290.7, 295.40,294.05,293.13,176983,518.79,9411, 91967, 51.96,1.17
VGUARD, EQ, 16-Jan-2025,392.95,394.85,397.8,390.5,391.8,392.1,394.2,250169,986.16,8148, 161945, 64.73,-0.22
VGUARD, EQ, 16-Feb-2021,223.35,223.55,226.65,219.0, 220.70,220.7,222.84,864627,1926.77,11830, 648719, 75.03,-1.19
VGUARD, EQ, 16-Feb-2022,214.55,215.2,218.35,212.0,214.05,213.95,213.98,499929,1069.74,15143, 303859, 60.78,-0.28
VGUARD, EQ, 16-Feb-2023,245.8,245.9,249.5,245.5, 247.30,248.2,248.0,93201,231.14,3819, 43976, 47.18,0.98
VGUARD, EQ, 16-Feb-2024,316.3,320.0,320.0,310.0,310.25,311.15,313.37,466816,1462.86,19608, 205179, 43.95,-1.63
VGUARD, EQ, 16-Mar-2020,173.4,173.0,177.75,168.45, 173.50,173.35,174.05,215095,374.37,6234, 112050, 52.09,-0.03
VGUARD, EQ, 16-Mar-2021,233.8,236.0,241.2,235.0, 240.00,238.7,238.18,1001009,2384.2,19520, 407628, 40.72,2.1
VGUARD, EQ, 16-Mar-2022,219.15,220.5,221.8,217.0,217.7,218.4,218.99,153307,335.73,5186, 59909, 39.08,-0.34
VGUARD, EQ, 16-Mar-2023,244.0,244.15,245.5,241.55, 243.00,242.8,243.31,81555,198.43,4208, 34439, 42.23,-0.49
VGUARD, EQ, 16-Apr-2020,159.15,160.75,163.1,158.55, 161.00,160.65,160.29,309310,495.79,8644, 142779, 46.16,0.94
VGUARD, EQ, 16-Apr-2021,233.0,236.0,238.9,233.15,235.35,235.45,236.7,614272,1454.0,6521, 94216, 15.34,1.05
VGUARD, EQ, 16-Apr-2024,341.65,339.45,347.4,331.0, 336.45,336.3,338.98,370911,1257.32,16301, 187604, 50.58,-1.57
VGUARD, EQ, 16-Apr-2025,363.9,365.0,365.95,359.1,361.0,361.45,362.06,229976,832.66,16860, 107150, 46.59,-0.67
VGUARD, EQ, 16-May-2022,205.0,205.0,215.25,202.25,212.5,213.4,209.86,209278,439.18,9245, 79430, 37.95,4.1
VGUARD, EQ, 16-May-2023,249.2,247.8,254.7,247.75,253.1,253.4,251.9,153051,385.54,5486, 73790, 48.21,1.69
VGUARD, EQ, 16-May-2024,366.85,367.0,377.9,367.0,373.8,374.25,374.0,1295108,4843.69,28779, 420746, 32.49,2.02
VGUARD, EQ, 16-Jun-2020,175.0,178.2,179.5,173.2, 173.90,173.95,175.88,171449,301.55,4302, 78051, 45.52,-0.6
VGUARD, EQ, 16-Jun-2021,271.9,273.5,273.9,268.1, 269.00,269.25,270.26,692317,1871.06,15202, 305264, 44.09,-0.97
VGUARD, EQ, 16-Jun-2022,215.5,216.45,216.45,210.5, 211.00,211.35,212.95,102229,217.7,3507, 43498, 42.55,-1.93
VGUARD, EQ, 16-Jun-2023,252.25,252.25,255.5,250.9, 255.40,254.75,253.15,117640,297.81,5475, 70449, 59.89,0.99
VGUARD, EQ, 16-Jul-2020,170.95,171.0,171.45,168.55, 170.60,170.45,170.11,276552,470.44,7701, 136943, 49.52,-0.29
VGUARD, EQ, 16-Jul-2021,259.45,260.75,266.0,258.0, 258.50,258.9,262.21,1129054,2960.46,20935, 403472, 35.74,-0.21
VGUARD, EQ, 16-Jul-2024,462.05,463.0,465.85,455.1,458.8,458.65,459.33,209124,960.56,16284, 116756, 55.83,-0.74
VGUARD, EQ, 16-Aug-2021,236.5,237.0,237.0,231.5,234.2,234.0,233.69,252022,588.95,6014, 104310, 41.39,-1.06
VGUARD, EQ, 16-Aug-2022,249.55,248.0,250.0,245.0,247.7,246.35,247.34,277465,686.29,10968, 108964, 39.27,-1.28
VGUARD, EQ, 16-Aug-2023,307.8,308.9,312.8,303.05, 309.00,311.15,308.84,633442,1956.32,19009, 217755, 34.38,1.09
VGUARD, EQ, 16-Aug-2024,519.1,521.3,530.9,516.85,521.0,524.15,523.46,652898,3417.64,27478, 240143, 36.78,0.97
VGUARD, EQ, 16-Sep-2020,176.0,178.5,180.0,175.2,177.45,177.5,178.0,517254,920.71,10648, 279453, 54.03,0.85
VGUARD, EQ, 16-Sep-2021,252.85,254.35,255.0,249.1,255.0,254.95,252.78,1600527,4045.75,22019, 981633, 61.33,0.83
VGUARD, EQ, 16-Sep-2022,239.25,242.0,242.0,233.0, 236.00,235.25,236.16,444586,1049.94,9364, 302305, 68.00,-1.67
VGUARD, EQ, 16-Sep-2024,460.45,468.0,469.5,462.0,462.6,463.1,464.97,227921,1059.77,22768, 120328, 52.79,0.58
VGUARD, EQ, 16-Oct-2020,166.65,167.15,167.5,165.5, 167.20,167.05,166.63,168174,280.23,3743, 86495, 51.43,0.24
VGUARD, EQ, 16-Oct-2023,299.9,299.8,306.85,296.1, 301.10,301.0,302.78,360721,1092.2,17722, 167217, 46.36,0.37
VGUARD, EQ, 16-Oct-2024,443.5,441.25,442.0,436.0,437.55,439.7,440.04,273114,1201.8,10253, 198883, 72.82,-0.86
VGUARD, EQ, 16-Nov-2021,253.5,254.45,254.5,251.1, 254.05,253.7,252.78,288868,730.21,7086, 169137, 58.55,0.08
VGUARD, EQ, 16-Nov-2022,261.45,261.45,262.0,257.0, 260.00,259.35,259.34,177901,461.36,8275, 87842, 49.38,-0.8
VGUARD, EQ, 16-Nov-2023,288.55,288.9,298.4,288.9, 294.10,293.3,295.2,351185,1036.69,17660, 167751, 47.77,1.65
VGUARD, EQ, 16-Dec-2020,197.05,199.7,199.7,195.55, 196.00,196.85,197.47,776187,1532.71,19609, 405445, 52.24,-0.1
VGUARD, EQ, 16-Dec-2021,232.3,233.25,235.9,229.0, 231.75,230.05,230.78,488010,1126.24,4405, 397817, 81.52,-0.97
VGUARD, EQ, 16-Dec-2022,264.95,266.25,272.6,262.0, 269.00,268.75,268.3,518800,1391.94,10602, 180596, 34.81,1.43
VGUARD, EQ, 16-Dec-2024,436.05,435.0,435.5,428.1,435.5,434.55,432.21,155653,672.75,9398, 56746, 36.46,-0.34
VGUARD, EQ, 17-Jan-2020,223.15,224.6,231.4,222.2, 230.00,229.85,228.54,419825,959.48,9541, 181553, 43.24,3.0
VGUARD, EQ, 17-Jan-2022,226.7,226.95,227.9,223.2,225.65,225.1,225.35,364895,822.28,6599, 179927, 49.31,-0.71
VGUARD, EQ, 17-Jan-2023,255.3,256.2,256.45,251.1,252.8,252.35,254.0,64623,164.14,3144, 35178, 54.44,-1.16
VGUARD, EQ, 17-Jan-2024,294.05,293.95,296.2,291.0, 291.40,293.0,293.5,196000,575.26,10719, 79009, 40.31,-0.36
VGUARD, EQ, 17-Jan-2025,392.1,393.0,395.15,379.75,382.6,384.15,383.33,386724,1482.44,19041, 173071, 44.75,-2.03
VGUARD, EQ, 17-Feb-2020,203.7,204.75,205.95,202.0, 202.65,203.35,204.39,221542,452.81,9118, 108891, 49.15,-0.17
VGUARD, EQ, 17-Feb-2021,220.7,224.85,234.45,221.0, 227.00,227.1,228.16,2897431,6610.9,37815, 1126555, 38.88,2.9
VGUARD, EQ, 17-Feb-2022,213.95,215.05,215.05,211.15,212.2,212.5,213.12,245341,522.86,5110, 144527, 58.91,-0.68
VGUARD, EQ, 17-Feb-2023,248.2,248.3,250.5,246.5, 249.75,249.7,248.97,131942,328.49,4405, 89319, 67.70,0.6
VGUARD, EQ, 17-Feb-2025,340.15,340.05,342.8,330.8,340.9,338.9,336.44,262649,883.66,26818, 111125, 42.31,-0.37
VGUARD, EQ, 17-Mar-2020,173.35,170.1,180.0,169.95, 174.50,170.5,172.5,600496,1035.85,12164, 435007, 72.44,-1.64
VGUARD, EQ, 17-Mar-2021,238.7,240.0,243.0,235.0,237.2,237.15,238.49,932420,2223.7,35351, 217304, 23.31,-0.65
VGUARD, EQ, 17-Mar-2022,218.4,218.55,220.95,218.0, 219.95,220.0,219.91,336398,739.77,7278, 237593, 70.63,0.73
VGUARD, EQ, 17-Mar-2023,242.8,243.7,247.45,242.3, 245.35,245.8,244.64,62042,151.78,3420, 29926, 48.24,1.24
VGUARD, EQ, 17-Mar-2025,335.05,339.95,339.95,331.1,335.4,335.05,334.4,186927,625.08,11335, 91600, 49.00,0.0
VGUARD, EQ, 17-Apr-2020,160.65,162.8,169.4,161.4, 167.20,167.2,165.29,357023,590.12,6360, 154921, 43.39,4.08
VGUARD, EQ, 17-Apr-2023,256.0,256.3,260.0,253.0, 258.00,259.0,257.1,145314,373.6,7085, 74110, 51.00,1.17
VGUARD, EQ, 17-Apr-2025,361.45,362.05,362.95,348.5,352.55,352.4,354.69,631149,2238.62,39605, 341068, 54.04,-2.5
VGUARD, EQ, 17-May-2021,221.75,222.85,223.3,220.05,221.65,221.4,221.34,330419,731.35,12246, 200646, 60.72,-0.16
VGUARD, EQ, 17-May-2022,213.4,212.5,217.45,209.65, 215.65,215.0,213.46,191926,409.69,7254, 53904, 28.09,0.75
VGUARD, EQ, 17-May-2023,253.4,254.9,255.75,252.25, 253.60,254.0,254.37,133779,340.29,6510, 72292, 54.04,0.24
VGUARD, EQ, 17-May-2024,374.25,375.0,377.15,367.0,370.0,369.5,370.89,753763,2795.6,25311, 320061, 42.46,-1.27
VGUARD, EQ, 17-Jun-2020,173.95,173.9,175.95,172.0,173.3,173.65,174.27,212956,371.12,2490, 147995, 69.50,-0.17
VGUARD, EQ, 17-Jun-2021,269.25,267.0,267.25,253.0, 256.30,255.75,258.47,2565299,6630.62,36199, 953193, 37.16,-5.01
VGUARD, EQ, 17-Jun-2022,211.35,212.2,212.2,207.05,210.2,210.25,209.85,275382,577.9,12168, 171126, 62.14,-0.52
VGUARD, EQ, 17-Jul-2020,170.45,171.35,171.6,169.45, 169.95,170.05,170.28,138912,236.54,2834, 67027, 48.25,-0.23
VGUARD, EQ, 17-Jul-2023,283.55,283.0,290.2,283.0,290.05,289.8,288.22,196659,566.81,7509, 114353, 58.15,2.2
VGUARD, EQ, 16-Jul-2024,462.05,463.0,465.85,455.1,458.8,458.65,459.33,209124,960.56,16284, 116756, 55.83,-0.74
VGUARD, EQ, 17-Aug-2020,159.85,161.8,164.55,160.3, 162.25,162.15,162.84,782082,1273.56,9943, 345138, 44.13,1.44
VGUARD, EQ, 17-Aug-2021,234.0,232.0,242.5,231.25,241.8,240.0,236.45,443627,1048.94,9396, 199886, 45.06,2.56
VGUARD, EQ, 17-Aug-2022,246.35,247.6,253.4,244.9, 245.50,247.15,250.22,449313,1124.28,8879, 266531, 59.32,0.32
VGUARD, EQ, 17-Aug-2023,311.15,311.7,319.95,308.15, 310.50,312.35,315.23,1705954,5377.71,33509, 663697, 38.90,0.39
VGUARD, EQ, 17-Sep-2020,177.5,176.2,177.3,173.65, 175.80,175.4,175.4,258588,453.57,7074, 145422, 56.24,-1.18
VGUARD, EQ, 17-Sep-2021,254.95,255.95,261.0,255.95, 259.95,259.6,258.88,2475523,6408.7,24292, 1774725, 71.69,1.82
VGUARD, EQ, 17-Sep-2024,463.1,460.1,470.5,458.1,466.9,467.95,464.02,242138,1123.57,15961, 109126, 45.07,1.05
VGUARD, EQ, 17-Oct-2022,244.4,243.1,252.0,243.1,248.35,248.9,249.19,229182,571.11,6565, 62416, 27.23,1.84
VGUARD, EQ, 17-Oct-2023,301.0,302.05,306.6,300.95,305.9,305.1,303.56,255589,775.87,9642, 153207, 59.94,1.36
VGUARD, EQ, 17-Oct-2024,439.7,439.7,453.8,436.55,439.0,438.45,445.43,382142,1702.18,28239, 153055, 40.05,-0.28
VGUARD, EQ, 17-Nov-2020,173.55,176.0,176.0,170.5, 172.90,172.8,173.15,914952,1584.24,13368, 632944, 69.18,-0.43
VGUARD, EQ, 17-Nov-2021,253.7,253.7,254.9,250.2, 250.60,251.5,251.98,123182,310.39,3451, 61018, 49.53,-0.87
VGUARD, EQ, 17-Nov-2022,259.35,258.0,261.9,255.95, 256.90,257.45,259.28,86842,225.16,3213, 45083, 51.91,-0.73
VGUARD, EQ, 17-Nov-2023,293.3,293.9,295.55,289.5, 291.50,291.7,291.75,186641,544.53,6027, 126342, 67.69,-0.55
VGUARD, EQ, 17-Dec-2020,196.85,196.1,198.2,194.0, 194.80,194.95,195.67,383181,749.78,11030, 183163, 47.80,-0.97
VGUARD, EQ, 17-Dec-2021,230.05,231.7,231.9,226.65, 228.00,227.65,227.99,218225,497.54,5928, 132610, 60.77,-1.04
VGUARD, EQ, 17-Dec-2024,434.55,435.5,436.65,430.05,435.0,435.05,434.23,198404,861.54,10445, 107769, 54.32,0.12
VGUARD, EQ, 18-Jan-2021,220.3,220.05,225.0,212.15, 214.00,215.2,220.68,1131797,2497.61,12950, 547028, 48.33,-2.32
VGUARD, EQ, 18-Jan-2022,225.1,226.15,226.85,222.15, 223.15,223.0,223.97,898552,2012.46,5857, 771173, 85.82,-0.93
VGUARD, EQ, 18-Jan-2023,252.35,253.7,254.05,248.25,251.0,251.1,250.76,231776,581.19,9158, 106897, 46.12,-0.5
VGUARD, EQ, 18-Jan-2024,293.0,293.8,295.9,289.5, 290.55,292.6,293.59,220141,646.32,10884, 101901, 46.29,-0.14
VGUARD, EQ, 18-Feb-2020,203.35,204.85,204.85,199.3, 202.20,202.05,201.87,176142,355.57,4144, 112445, 63.84,-0.64
VGUARD, EQ, 18-Feb-2021,227.1,227.1,231.7,224.15,230.0,229.0,229.14,753309,1726.1,13819, 265138, 35.20,0.84
VGUARD, EQ, 18-Feb-2022,212.5,211.0,213.2,209.25,210.8,210.65,211.27,275615,582.29,6998, 160329, 58.17,-0.87
VGUARD, EQ, 18-Feb-2025,338.9,340.0,342.2,326.25,339.0,333.6,332.57,270885,900.88,24193, 103492, 38.21,-1.56
VGUARD, EQ, 18-Mar-2020,170.5,176.0,177.4,164.0, 166.95,165.8,169.8,458474,778.5,14394, 291218, 63.52,-2.76
VGUARD, EQ, 18-Mar-2021,237.15,238.4,242.0,229.75, 233.20,231.9,234.85,845987,1986.83,30033, 273480, 32.33,-2.21
VGUARD, EQ, 18-Mar-2024,319.85,324.0,325.85,319.35, 323.25,324.65,322.43,159900,515.57,8764, 70440, 44.05,1.5
VGUARD, EQ, 18-Mar-2025,335.05,336.75,352.95,335.6,350.4,350.25,348.86,430843,1503.06,21114, 161802, 37.55,4.54
VGUARD, EQ, 18-Apr-2022,218.9,217.0,221.6,216.05, 221.30,220.4,218.45,524642,1146.07,15955, 68265, 13.01,0.69
VGUARD, EQ, 18-Apr-2023,259.0,259.0,259.0,255.1, 258.75,258.45,257.34,88776,228.46,6389, 50532, 56.92,-0.21
VGUARD, EQ, 18-Apr-2024,336.3,338.0,349.0,337.5, 346.20,345.15,344.73,435085,1499.88,27506, 199682, 45.89,2.63
VGUARD, EQ, 18-May-2020,178.3,178.45,180.0,171.25, 172.80,172.65,173.94,213333,371.08,4510, 67248, 31.52,-3.17
VGUARD, EQ, 18-May-2021,221.4,222.6,228.4,221.5, 225.00,225.65,225.24,1084361,2442.43,27302, 583418, 53.80,1.92
VGUARD, EQ, 18-May-2022,215.0,215.0,222.3,212.65,218.55,219.95,217.19,230806,501.28,9351, 98311, 42.59,2.3
VGUARD, EQ, 18-May-2023,254.0,253.8,255.25,251.05, 253.50,253.6,253.46,89249,226.21,3350, 45091, 50.52,-0.16
VGUARD, EQ, 18-Jun-2020,173.65,175.6,175.6,172.45,174.2,173.95,173.86,178221,309.86,3651, 115052, 64.56,0.17
VGUARD, EQ, 18-Jun-2021,255.75,257.0,266.75,251.25, 266.00,264.55,260.74,1443468,3763.66,23967, 492479, 34.12,3.44
VGUARD, EQ, 18-Jun-2024,399.9,400.0,417.45,400.0,412.7,413.8,412.42,1244010,5130.52,34455, 663842, 53.36,3.48
VGUARD, EQ, 18-Jul-2022,225.8,226.95,227.5,221.6,222.4,222.2,223.81,152327,340.92,5792, 84599, 55.54,-1.59
VGUARD, EQ, 18-Jul-2023,289.8,288.0,295.05,285.0, 286.90,286.3,289.76,269353,780.48,11343, 129233, 47.98,-1.21
VGUARD, EQ, 18-Jul-2024,458.65,456.0,465.2,452.0,457.55,459.05,460.29,311106,1431.98,24444, 130518, 41.95,0.09
VGUARD, EQ, 18-Aug-2020,162.15,163.0,165.0,162.8,163.9,163.85,163.76,735900,1205.14,11981, 342084, 46.49,1.05
VGUARD, EQ, 18-Aug-2021,240.0,242.0,249.8,240.1, 248.85,248.1,246.1,1277494,3143.94,19971, 626906, 49.07,3.37
VGUARD, EQ, 18-Aug-2022,247.15,247.95,250.4,244.2,244.65,245.85,248.06,130187,322.94,5493, 63416, 48.71,-0.53
VGUARD, EQ, 18-Aug-2023,312.35,314.9,316.8,305.1, 305.95,306.6,309.31,469314,1451.62,11589, 192417, 41.00,-1.84
VGUARD, EQ, 18-Sep-2020,175.4,176.0,177.35,171.0, 171.80,173.1,174.22,418849,729.7,12114, 316976, 75.68,-1.31
VGUARD, EQ, 18-Sep-2023,311.2,311.2,314.9,305.7, 307.25,308.6,308.43,421260,1299.31,19762, 259091, 61.50,-0.84
VGUARD, EQ, 18-Sep-2024,467.95,468.0,470.3,460.2,463.0,463.2,465.67,362320,1687.21,21779, 197082, 54.39,-1.02
VGUARD, EQ, 18-Oct-2021,262.9,264.95,265.95,261.1, 261.75,261.8,263.3,337218,887.91,6210, 179693, 53.29,-0.42
VGUARD, EQ, 18-Oct-2022,248.9,249.5,250.95,243.6,248.3,246.75,248.25,439426,1090.86,11579, 257728, 58.65,-0.86
VGUARD, EQ, 18-Oct-2023,305.1,304.0,305.55,284.0, 300.60,299.7,299.85,406892,1220.06,15962, 236246, 58.06,-1.77
VGUARD, EQ, 18-Oct-2024,438.45,437.9,442.0,428.6,439.5,439.9,435.71,161637,704.26,10219, 49507, 30.63,0.33
VGUARD, EQ, 18-Nov-2020,172.8,172.9,174.8,168.0, 168.45,169.95,171.67,754954,1296.02,11243, 467231, 61.89,-1.65
VGUARD, EQ, 18-Nov-2021,251.5,254.0,254.0,245.0,249.2,249.75,248.72,307569,764.97,9254, 148169, 48.17,-0.7
VGUARD, EQ, 18-Nov-2022,257.45,257.35,261.5,253.05, 256.30,255.8,256.37,100562,257.81,3557, 49009, 48.74,-0.64
VGUARD, EQ, 18-Nov-2024,405.55,404.55,405.45,394.4,396.45,396.8,398.93,222195,886.41,22607, 111930, 50.37,-2.16
VGUARD, EQ, 18-Dec-2020,194.95,194.0,195.2,189.45, 193.70,193.0,192.6,630491,1214.32,12361, 429846, 68.18,-1.0
VGUARD, EQ, 18-Dec-2023,292.9,292.4,293.15,290.5, 290.75,291.0,291.42,168626,491.41,6444, 102077, 60.53,-0.65
VGUARD, EQ, 18-Dec-2024,435.05,433.0,444.5,428.9,441.2,442.55,438.8,428106,1878.52,20332, 173775, 40.59,1.72
VGUARD, EQ, 19-Jan-2021,215.2,216.15,220.6,215.1, 215.85,215.95,217.19,408392,886.97,5910, 186422, 45.65,0.35
VGUARD, EQ, 19-Jan-2022,223.0,222.0,223.15,217.5, 221.15,220.8,220.42,430526,948.95,14737, 235408, 54.68,-0.99
VGUARD, EQ, 19-Jan-2023,251.1,250.0,257.0,248.5, 255.50,253.65,253.47,154403,391.36,4725, 60434, 39.14,1.02
VGUARD, EQ, 19-Jan-2024,292.6,295.0,295.0,289.65, 291.15,291.2,292.05,181883,531.19,7090, 108045, 59.40,-0.48
VGUARD, EQ, 19-Feb-2020,202.05,202.5,205.6,202.15, 205.50,205.05,204.15,202624,413.65,8367, 120234, 59.34,1.48
VGUARD, EQ, 19-Feb-2021,229.0,229.0,236.9,226.15,232.75,234.1,232.78,1294533,3013.4,23243, 514955, 39.78,2.23
VGUARD, EQ, 19-Feb-2024,311.15,312.75,317.85,312.35, 314.95,314.35,314.63,287351,904.1,13424, 103902, 36.16,1.03
VGUARD, EQ, 19-Feb-2025,333.6,335.0,345.0,331.0,335.0,333.75,337.73,357953,1208.91,26022, 178409, 49.84,0.04
VGUARD, EQ, 19-Mar-2020,165.8,160.0,163.0,156.65, 160.10,160.1,160.08,268468,429.75,5351, 181541, 67.62,-3.44
VGUARD, EQ, 19-Mar-2021,231.9,231.7,233.0,224.0,229.9,229.1,228.85,1001429,2291.82,37532, 354748, 35.42,-1.21
VGUARD, EQ, 19-Mar-2024,324.65,324.65,325.85,318.2, 321.00,321.4,321.6,121940,392.16,8085, 52907, 43.39,-1.0
VGUARD, EQ, 19-Mar-2025,350.25,350.25,355.4,345.45,350.55,350.1,349.52,302408,1056.97,14063, 138247, 45.72,-0.04
VGUARD, EQ, 19-Apr-2021,235.45,232.6,233.0,224.25,228.05,227.85,227.75,1274015,2901.6,10478, 970266, 76.16,-3.23
VGUARD, EQ, 19-Apr-2022,220.4,218.0,223.0,215.45,216.45,217.45,221.06,823059,1819.44,18039, 51270, 6.23,-1.34
VGUARD, EQ, 19-Apr-2023,258.45,258.45,261.35,256.15, 259.00,259.3,259.02,100678,260.77,5181, 54117, 53.75,0.33
VGUARD, EQ, 19-Apr-2024,345.15,343.35,345.15,335.1, 339.00,340.0,341.57,264600,903.79,15430, 108506, 41.01,-1.49
VGUARD, EQ, 19-May-2020,172.65,174.3,175.3,172.15,172.7,172.8,173.56,152798,265.2,6262, 93165, 60.97,0.09
VGUARD, EQ, 19-May-2021,225.65,226.95,236.5,224.3, 233.90,233.8,231.92,1869495,4335.68,33961, 692584, 37.05,3.61
VGUARD, EQ, 19-May-2022,219.95,218.9,228.5,212.0,223.45,224.25,222.52,1832748,4078.28,29996, 365038, 19.92,1.95
VGUARD, EQ, 19-May-2023,253.6,251.9,253.9,249.45,253.0,251.35,251.87,63591,160.16,4004, 31204, 49.07,-0.89
VGUARD, EQ, 19-Jun-2020,173.95,174.8,175.8,170.8, 172.85,172.8,173.75,735671,1278.2,9002, 350432, 47.63,-0.66
VGUARD, EQ, 19-Jun-2023,254.75,255.4,258.35,252.2, 257.85,256.8,254.79,210171,535.5,9013, 126094, 60.00,0.8
VGUARD, EQ, 19-Jun-2024,413.8,414.0,416.9,408.2,410.5,410.9,411.21,632942,2602.72,17778, 403699, 63.78,-0.7
VGUARD, EQ, 19-Jul-2021,258.9,262.85,265.4,255.2, 256.85,256.1,259.28,1982942,5141.42,22381, 1443345, 72.79,-1.08
VGUARD, EQ, 19-Jul-2022,222.2,222.0,226.25,221.7, 225.95,224.85,223.94,274200,614.05,4924, 154731, 56.43,1.19
VGUARD, EQ, 19-Jul-2023,286.3,287.8,293.05,286.15, 288.30,288.45,289.68,253929,735.58,8254, 82552, 32.51,0.75
VGUARD, EQ, 19-Jul-2024,459.05,459.15,459.2,445.2,448.25,450.65,452.37,231498,1047.23,17883, 91390, 39.48,-1.83
VGUARD, EQ, 19-Aug-2020,163.85,164.95,167.8,159.35,160.75,160.25,161.75,5997435,9700.83,28529, 2593704, 43.25,-2.2
VGUARD, EQ, 18-Aug-2021,240.0,242.0,249.8,240.1, 248.85,248.1,246.1,1277494,3143.94,19971, 626906, 49.07,3.37
VGUARD, EQ, 19-Aug-2022,245.85,247.9,248.55,238.65, 238.80,239.25,242.39,156897,380.3,6311, 87247, 55.61,-2.68
VGUARD, EQ, 19-Aug-2024,524.15,524.15,525.9,481.4,484.65,483.55,488.56,3266731,15960.06,75761, 1248302, 38.21,-7.75
VGUARD, EQ, 19-Sep-2022,235.25,239.9,244.0,235.85, 241.10,240.5,240.97,696699,1678.81,10385, 451265, 64.77,2.23
VGUARD, EQ, 19-Sep-2024,463.2,465.4,469.8,451.0,466.4,462.45,458.61,291032,1334.72,26661, 162429, 55.81,-0.16
VGUARD, EQ, 19-Oct-2020,167.05,168.5,168.7,166.0, 167.30,167.25,167.01,283522,473.51,3590, 184672, 65.13,0.12
VGUARD, EQ, 19-Oct-2021,261.8,262.95,264.25,256.3,257.0,256.85,257.95,652360,1682.77,14007, 426568, 65.39,-1.89
VGUARD, EQ, 19-Oct-2022,246.75,248.0,258.0,246.3, 254.50,254.45,254.69,906588,2309.03,14319, 294008, 32.43,3.12
VGUARD, EQ, 19-Oct-2023,299.7,299.65,313.5,297.3,304.1,304.35,306.95,756366,2321.7,31244, 284069, 37.56,1.55
VGUARD, EQ, 19-Nov-2020,169.95,169.9,177.45,168.5, 175.80,175.95,175.16,1490522,2610.84,24725, 789794, 52.99,3.53
VGUARD, EQ, 19-Nov-2024,396.8,394.15,429.35,394.1,426.95,425.55,419.37,619772,2599.14,31864, 172082, 27.77,7.25
VGUARD, EQ, 19-Dec-2022,268.75,272.45,274.9,269.2,270.95,271.25,272.6,602465,1642.32,13233, 201887, 33.51,0.93
VGUARD, EQ, 19-Dec-2023,291.0,289.3,292.45,289.1, 289.25,289.6,290.27,179939,522.31,7251, 98421, 54.70,-0.48
VGUARD, EQ, 19-Dec-2024,442.55,439.5,439.5,424.6,428.05,429.5,430.92,991370,4271.99,32656, 695933, 70.20,-2.95
VGUARD, EQ, 20-Jan-2020,229.85,230.9,233.95,226.5, 229.25,229.8,229.44,185534,425.7,4382, 99175, 53.45,-0.02
VGUARD, EQ, 20-Jan-2021,215.95,217.45,221.0,216.0, 216.65,216.95,217.94,516905,1126.53,8827, 218545, 42.28,0.46
VGUARD, EQ, 20-Jan-2022,220.8,221.0,224.0,220.7, 221.00,221.55,222.95,441719,984.82,9003, 326218, 73.85,0.34
VGUARD, EQ, 20-Jan-2023,253.65,254.6,254.65,251.05,251.1,251.95,253.2,42125,106.66,2885, 19629, 46.60,-0.67
VGUARD, EQ, 20-Jan-2025,384.15,384.15,390.0,379.65,387.25,387.8,386.75,302910,1171.51,12928, 150131, 49.56,0.95
VGUARD, EQ, 20-Feb-2020,205.05,206.0,206.0,202.25, 203.35,202.9,204.79,348312,713.32,4835, 279180, 80.15,-1.05
VGUARD, EQ, 20-Feb-2023,249.7,250.0,250.9,242.6, 245.15,246.1,247.36,267654,662.07,11631, 170845, 63.83,-1.44
VGUARD, EQ, 20-Feb-2024,314.35,315.0,323.45,311.3, 312.60,313.3,317.36,348832,1107.05,17954, 155440, 44.56,-0.33
VGUARD, EQ, 20-Feb-2025,333.75,333.75,339.0,327.15,331.0,330.65,331.29,637573,2112.22,34836, 452958, 71.04,-0.93
VGUARD, EQ, 20-Mar-2020,160.1,164.7,186.25,160.5, 179.60,179.3,171.99,438200,753.67,10821, 227645, 51.95,11.99
VGUARD, EQ, 20-Mar-2023,245.8,249.0,260.0,243.15,247.9,247.5,246.89,110277,272.26,6758, 51700, 46.88,0.69
VGUARD, EQ, 20-Mar-2024,321.4,321.55,322.5,315.4, 317.40,318.35,317.42,206520,655.54,10765, 85056, 41.19,-0.95
VGUARD, EQ, 20-Mar-2025,350.1,351.95,352.55,342.0,343.4,343.3,345.4,378013,1305.65,23537, 213844, 56.57,-1.94
VGUARD, EQ, 20-Apr-2020,167.2,168.7,195.0,168.55, 176.90,176.3,184.7,3021812,5581.35,33827, 575424, 19.04,5.44
VGUARD, EQ, 20-Apr-2021,227.85,228.0,231.05,225.1,226.0,226.65,227.58,340671,775.29,13619, 160152, 47.01,-0.53
VGUARD, EQ, 20-Apr-2022,217.45,218.8,220.9,215.15, 217.00,216.3,218.95,527679,1155.38,21006, 113211, 21.45,-0.53
VGUARD, EQ, 20-Apr-2023,259.3,259.0,261.4,256.5, 259.20,259.35,259.26,74731,193.75,4128, 38130, 51.02,0.02
VGUARD, EQ, 20-May-2020,172.8,173.3,173.9,171.1, 171.50,171.95,172.23,136817,235.64,2551, 42424, 31.01,-0.49
VGUARD, EQ, 20-May-2021,233.8,235.05,244.9,235.05, 242.00,242.45,242.09,2641429,6394.64,31223, 1091593, 41.33,3.7
VGUARD, EQ, 20-May-2022,224.25,229.95,231.4,222.3, 225.05,224.9,224.79,1188611,2671.83,21875, 626465, 52.71,0.29
VGUARD, EQ, 18-May-2024,369.5,372.5,375.0,366.5,366.7,367.7,370.39,63724,236.03,2241, 39397, 61.82,-0.49
VGUARD, EQ, 20-Jun-2022,210.25,210.15,212.0,204.0,205.55,209.15,207.52,215241,446.66,7315, 111112, 51.62,-0.52
VGUARD, EQ, 20-Jun-2023,256.8,257.75,258.45,252.95, 256.00,256.9,255.11,248454,633.84,10415, 141798, 57.07,0.04
VGUARD, EQ, 20-Jun-2024,410.9,410.9,414.45,407.55,412.0,412.15,411.69,758925,3124.42,22242, 420978, 55.47,0.3
VGUARD, EQ, 20-Jul-2020,170.05,170.5,173.0,169.5, 170.05,169.8,170.28,209824,357.28,3643, 111684, 53.23,-0.15
VGUARD, EQ, 20-Jul-2021,256.1,257.65,259.0,248.5, 249.90,249.9,251.33,965573,2426.76,15743, 665683, 68.94,-2.42
VGUARD, EQ, 20-Jul-2022,224.85,225.75,232.95,224.5, 228.85,230.65,228.56,316055,722.39,4557, 158911, 50.28,2.58
VGUARD, EQ, 20-Jul-2023,288.45,288.0,292.7,287.35,288.0,288.8,289.9,109665,317.92,4719, 48982, 44.67,0.12
VGUARD, EQ, 20-Aug-2020,160.25,164.75,171.0,163.95,170.5,169.25,168.25,5786671,9735.81,45086, 2957088, 51.10,5.62
VGUARD, EQ, 20-Aug-2021,248.1,242.6,246.5,237.05,240.2,240.35,242.1,637097,1542.42,15352, 272026, 42.70,-3.12
VGUARD, EQ, 20-Aug-2024,483.55,486.7,489.0,472.35,477.4,478.05,478.45,1177672,5634.61,37724, 479850, 40.75,-1.14
VGUARD, EQ, 20-Sep-2021,259.6,254.6,262.0,249.1, 258.80,254.25,258.58,1548642,4004.55,16518, 1135263, 73.31,-2.06
VGUARD, EQ, 20-Sep-2022,240.5,242.85,254.95,241.25, 243.00,242.95,248.85,1127296,2805.29,23806, 504188, 44.73,1.02
VGUARD, EQ, 20-Sep-2023,308.6,307.0,311.4,304.0, 308.00,307.6,307.18,246912,758.46,15678, 124794, 50.54,-0.32
VGUARD, EQ, 20-Sep-2024,462.45,464.3,465.8,446.3,449.8,449.8,454.03,484378,2199.22,22164, 303860, 62.73,-2.74
VGUARD, EQ, 20-Oct-2020,167.25,166.0,166.65,163.7, 164.00,163.95,164.57,468434,770.9,6001, 362283, 77.34,-1.97
VGUARD, EQ, 20-Oct-2021,256.85,255.0,256.0,245.2, 248.40,248.45,249.65,723753,1806.86,16898, 431201, 59.58,-3.27
VGUARD, EQ, 20-Oct-2022,254.45,252.6,257.0,248.75,253.25,253.1,252.9,237307,600.15,5876, 81236, 34.23,-0.53
VGUARD, EQ, 20-Oct-2023,304.35,304.0,310.0,303.6, 308.05,308.5,307.78,230427,709.21,8761, 128985, 55.98,1.36
VGUARD, EQ, 20-Nov-2020,175.95,178.0,179.9,175.5,178.05,176.9,178.21,1082350,1928.88,21538, 561288, 51.86,0.54
VGUARD, EQ, 20-Nov-2023,291.7,291.7,292.8,288.4, 291.80,291.15,290.87,72703,211.47,3732, 35058, 48.22,-0.19
VGUARD, EQ, 19-Nov-2024,396.8,394.15,429.35,394.1,426.95,425.55,419.37,619772,2599.14,31864, 172082, 27.77,7.25
VGUARD, EQ, 20-Dec-2021,227.65,228.0,228.25,221.0,222.8,223.65,223.31,267093,596.45,7384, 133867, 50.12,-1.76
VGUARD, EQ, 20-Dec-2022,271.25,272.0,274.5,266.8,272.5,272.5,271.78,399184,1084.9,8658, 128557, 32.20,0.46
VGUARD, EQ, 20-Dec-2023,289.6,289.25,306.0,287.1, 287.30,290.6,297.01,960014,2851.37,30116, 351110, 36.57,0.35
VGUARD, EQ, 20-Dec-2024,429.5,428.0,430.0,413.95,414.5,415.6,418.55,984714,4121.56,25088, 690711, 70.14,-3.24
VGUARD, EQ, 21-Jan-2020,229.8,229.3,229.65,226.45, 227.05,227.55,228.1,88745,202.43,2570, 41023, 46.23,-0.98
VGUARD, EQ, 21-Jan-2021,216.95,219.45,241.15,219.0, 237.00,235.8,233.39,5696438,13294.84,63091, 1488374, 26.13,8.69
VGUARD, EQ, 21-Jan-2022,221.55,220.9,224.2,220.0, 222.50,221.45,222.41,306866,682.51,13513, 150792, 49.14,-0.05
VGUARD, EQ, 21-Jan-2025,387.8,387.55,387.8,372.1,376.05,378.55,377.91,500346,1890.87,26396, 193558, 38.68,-2.39
VGUARD, EQ, 21-Feb-2022,210.65,209.5,210.8,202.45, 206.00,206.25,205.53,284743,585.23,12538, 135861, 47.71,-2.09
VGUARD, EQ, 21-Feb-2023,246.1,246.15,258.8,245.0, 249.70,250.85,253.4,499038,1264.57,17477, 159067, 31.87,1.93
VGUARD, EQ, 21-Feb-2024,313.3,314.85,320.7,310.3, 314.00,312.75,316.49,951817,3012.37,35406, 394960, 41.50,-0.18
VGUARD, EQ, 21-Feb-2025,330.65,333.1,354.45,333.1,344.4,344.65,345.27,1068452,3689.05,61816, 374983, 35.10,4.23
VGUARD, EQ, 21-Mar-2022,220.0,219.0,220.2,214.4,215.0,215.3,216.81,186851,405.11,5780, 105355, 56.38,-2.14
VGUARD, EQ, 21-Mar-2023,247.5,248.2,249.5,245.3, 248.75,248.35,247.89,98551,244.29,9411, 58404, 59.26,0.34
VGUARD, EQ, 21-Mar-2024,318.35,320.8,325.0,318.05,318.5,319.95,321.13,134038,430.44,8222, 65110, 48.58,0.5
VGUARD, EQ, 21-Mar-2025,343.3,344.45,351.0,341.4,350.95,350.15,348.51,221515,772.0,10063, 118470, 53.48,2.0
VGUARD, EQ, 21-Apr-2020,176.3,174.9,175.0,163.05,168.5,168.55,168.87,953186,1609.65,19557, 642624, 67.42,-4.4
VGUARD, EQ, 21-Apr-2022,216.3,217.35,222.7,217.1, 219.00,219.35,219.77,368241,809.27,7883, 67331, 18.28,1.41
VGUARD, EQ, 21-Apr-2023,259.35,258.6,264.45,255.7, 255.80,257.95,259.29,75434,195.59,3755, 35904, 47.60,-0.54
VGUARD, EQ, 21-Apr-2025,352.4,352.4,355.35,347.05,354.0,354.15,352.11,380959,1341.38,29882, 186857, 49.05,0.5
VGUARD, EQ, 21-May-2020,171.95,173.0,173.9,171.45,171.6,172.05,172.85,102685,177.5,3375, 42090, 40.99,0.06
VGUARD, EQ, 21-May-2021,242.45,246.0,246.5,236.55, 237.55,237.8,240.36,893635,2147.92,15934, 229214, 25.65,-1.92
VGUARD, EQ, 21-May-2024,367.7,370.3,393.75,365.9,375.4,374.3,383.52,3586168,13753.66,76730, 1048501, 29.24,1.79
VGUARD, EQ, 21-Jun-2021,264.55,261.0,264.95,258.1, 264.10,263.95,261.95,609300,1596.06,11876, 216790, 35.58,-0.23
VGUARD, EQ, 21-Jun-2022,209.15,209.5,211.5,206.0,210.5,210.1,208.92,193216,403.67,8485, 67107, 34.73,0.45
VGUARD, EQ, 21-Jun-2023,256.9,260.0,266.45,256.8, 263.00,263.1,262.81,663574,1743.97,14258, 418990, 63.14,2.41
VGUARD, EQ, 21-Jun-2024,412.15,413.0,429.8,412.15,424.0,424.8,423.73,1711822,7253.44,59359, 764332, 44.65,3.07
VGUARD, EQ, 21-Jul-2020,169.8,170.5,174.6,170.0, 173.80,173.25,173.11,589484,1020.47,10879, 254334, 43.15,2.03
VGUARD, EQ, 21-Jul-2022,230.65,231.4,232.0,222.55,224.4,224.1,226.54,277855,629.46,5253, 120977, 43.54,-2.84
VGUARD, EQ, 21-Jul-2023,288.8,287.5,289.0,282.95, 284.40,283.8,285.65,135962,388.38,5297, 70800, 52.07,-1.73
VGUARD, EQ, 21-Aug-2020,169.25,173.55,174.8,171.15, 173.00,173.05,173.09,2438067,4220.15,20269, 955700, 39.20,2.25
VGUARD, EQ, 21-Aug-2023,306.6,306.8,312.65,306.15, 308.85,307.7,308.65,298068,919.99,10612, 143060, 48.00,0.36
VGUARD, EQ, 21-Aug-2024,478.05,479.7,481.5,476.15,479.65,479.9,479.57,473064,2268.7,16759, 202990, 42.91,0.39
VGUARD, EQ, 21-Sep-2020,173.1,172.0,178.1,169.0, 169.55,170.25,173.56,673289,1168.58,9608, 338657, 50.30,-1.65
VGUARD, EQ, 21-Sep-2021,254.25,257.0,257.0,249.3, 253.70,252.95,252.22,429852,1084.17,7704, 132343, 30.79,-0.51
VGUARD, EQ, 21-Sep-2022,242.95,244.9,254.55,241.5, 249.25,251.45,248.87,984336,2449.72,15130, 534444, 54.29,3.5
VGUARD, EQ, 21-Sep-2023,307.6,307.6,310.5,302.0, 302.25,303.0,304.62,309100,941.59,13192, 191365, 61.91,-1.5
VGUARD, EQ, 21-Oct-2020,163.95,164.8,165.9,163.5, 164.85,164.65,164.62,245207,403.65,4691, 109588, 44.69,0.43
VGUARD, EQ, 21-Oct-2021,248.45,250.0,255.95,246.65, 252.65,253.95,251.06,408845,1026.44,12398, 178766, 43.72,2.21
VGUARD, EQ, 21-Oct-2022,253.1,254.4,254.4,249.5,252.0,252.65,252.31,248676,627.43,8951, 119598, 48.09,-0.18
VGUARD, EQ, 21-Oct-2024,439.9,436.0,439.45,425.2, 425.50,428.55,429.62,261245,1122.37,17702, 129559, 49.59,-2.58
VGUARD, EQ, 21-Nov-2022,255.8,255.1,256.9,253.0, 253.20,254.9,254.46,76403,194.41,3139, 38139, 49.92,-0.35
VGUARD, EQ, 21-Nov-2023,291.15,290.0,294.9,287.6, 288.35,289.25,289.61,129655,375.5,6061, 53452, 41.23,-0.65
VGUARD, EQ, 21-Nov-2024,425.55,425.2,425.5,409.55,415.0,413.85,414.8,421267,1747.42,29118, 119401, 28.34,-2.75
VGUARD, EQ, 21-Dec-2020,193.0,193.0,196.35,177.95, 186.70,191.25,190.76,1035595,1975.53,22827, 490698, 47.38,-0.91
VGUARD, EQ, 21-Dec-2021,223.65,225.0,226.8,221.15,223.6,222.5,223.71,272075,608.66,8005, 123676, 45.46,-0.51
VGUARD, EQ, 21-Dec-2022,272.5,273.0,273.8,264.35, 271.00,270.95,270.14,722455,1951.67,10670, 349232, 48.34,-0.57
VGUARD, EQ, 21-Dec-2023,290.6,290.0,291.25,284.0, 287.00,287.15,288.7,717624,2071.76,19688, 558011, 77.76,-1.19
VGUARD, EQ, 22-Jan-2020,227.55,227.35,229.5,224.0, 224.50,225.15,226.33,96512,218.44,2691, 44682, 46.30,-1.05
VGUARD, EQ, 22-Jan-2021,235.8,238.0,242.0,229.65, 231.85,231.85,234.99,1556651,3657.97,32043, 454655, 29.21,-1.68
VGUARD, EQ, 20-Jan-2024,291.2,292.1,296.0,291.0, 293.60,293.45,293.0,103672,303.76,4383, 56104, 54.12,0.77
VGUARD, EQ, 22-Jan-2025,378.55,378.9,381.8,365.5,380.25,380.05,373.46,339531,1268.02,26486, 153350, 45.17,0.4
VGUARD, EQ, 22-Feb-2021,234.1,234.9,236.25,225.55,228.5,228.65,232.0,708805,1644.46,13884, 237576, 33.52,-2.33
VGUARD, EQ, 22-Feb-2022,206.25,202.0,203.95,197.5,198.2,198.75,200.03,451700,903.56,14250, 239364, 52.99,-3.64
VGUARD, EQ, 22-Feb-2023,250.85,249.8,252.15,237.3, 241.20,241.4,242.35,740421,1794.4,20571, 328636, 44.39,-3.77
VGUARD, EQ, 22-Feb-2024,312.75,314.0,318.3,311.0, 311.50,311.85,312.85,254292,795.55,11604, 94106, 37.01,-0.29
VGUARD, EQ, 22-Mar-2021,229.1,230.9,236.0,228.8,234.1,233.8,232.44,476582,1107.77,20889, 117273, 24.61,2.05
VGUARD, EQ, 22-Mar-2022,215.3,214.5,215.0,212.4, 213.90,213.9,213.73,163624,349.72,4548, 103476, 63.24,-0.65
VGUARD, EQ, 22-Mar-2023,248.35,249.6,249.9,246.6, 249.10,249.05,248.7,57423,142.81,5766, 29851, 51.98,0.28
VGUARD, EQ, 22-Mar-2024,319.95,321.0,324.95,318.15,321.5,321.9,322.0,120870,389.21,7094, 42447, 35.12,0.61
VGUARD, EQ, 22-Apr-2020,168.55,168.55,183.0,167.3,170.8,170.6,173.56,1181951,2051.45,17744, 246253, 20.83,1.22
VGUARD, EQ, 22-Apr-2021,226.65,226.65,227.8,220.3,223.2,222.8,223.0,419801,936.15,12393, 191267, 45.56,-1.7
VGUARD, EQ, 22-Apr-2022,219.35,218.0,221.05,216.0, 216.80,216.9,219.05,337518,739.32,9983, 62647, 18.56,-1.12
VGUARD, EQ, 22-Apr-2024,340.0,341.0,349.8,341.0,346.4,345.35,346.37,264145,914.92,13150, 109272, 41.37,1.57
VGUARD, EQ, 22-Apr-2025,354.15,357.1,361.45,349.85,359.8,360.0,357.28,559520,1999.03,29629, 371694, 66.43,1.65
VGUARD, EQ, 22-May-2020,172.05,171.05,172.9,170.0,170.6,170.35,171.34,162588,278.58,4923, 36016, 22.15,-0.99
VGUARD, EQ, 22-May-2023,251.35,250.5,252.0,248.5,248.7,249.0,250.15,42408,106.09,2424, 27429, 64.68,-0.93
VGUARD, EQ, 22-May-2024,374.3,375.7,389.35,373.4,377.25,375.3,381.11,1169010,4455.22,40340, 496860, 42.50,0.27
VGUARD, EQ, 22-Jun-2020,172.8,172.95,175.0,171.75, 173.55,173.15,173.3,419615,727.19,5430, 251631, 59.97,0.2
VGUARD, EQ, 22-Jun-2021,263.95,262.0,265.45,262.0, 264.00,263.55,263.56,575242,1516.09,12125, 233373, 40.57,-0.15
VGUARD, EQ, 22-Jun-2022,210.1,211.1,215.9,207.1,214.55,212.8,210.88,190562,401.86,7947, 110898, 58.20,1.29
VGUARD, EQ, 22-Jun-2023,263.1,264.5,272.5,261.95,264.55,264.2,268.59,827682,2223.04,17583, 376093, 45.44,0.42
VGUARD, EQ, 22-Jul-2020,173.25,173.55,173.9,170.7, 171.00,170.95,171.59,150083,257.52,4031, 77235, 51.46,-1.33
VGUARD, EQ, 22-Jul-2021,249.9,254.9,259.8,249.05, 250.00,250.0,252.98,1745859,4416.71,21962, 816462, 46.77,0.04
VGUARD, EQ, 22-Jul-2022,224.1,225.0,227.45,223.5, 227.00,227.0,225.64,282647,637.77,3805, 175529, 62.10,1.29
VGUARD, EQ, 22-Jul-2024,450.65,445.4,455.8,439.35,454.5,453.55,450.36,177274,798.37,14118, 66718, 37.64,0.64
VGUARD, EQ, 22-Aug-2022,239.25,237.0,238.65,228.0, 229.25,229.85,233.36,327329,763.87,6421, 249334, 76.17,-3.93
VGUARD, EQ, 22-Aug-2023,307.7,309.55,313.7,307.05, 307.35,307.5,309.65,228857,708.66,8108, 112821, 49.30,-0.06
VGUARD, EQ, 22-Aug-2024,479.9,482.5,485.0,467.8,469.5,468.85,472.93,954265,4513.03,29152, 620938, 65.07,-2.3
VGUARD, EQ, 22-Sep-2020,170.25,170.0,170.9,162.8, 168.00,168.2,166.1,711409,1181.68,19112, 365934, 51.44,-1.2
VGUARD, EQ, 22-Sep-2021,252.95,254.0,256.75,252.0, 254.00,254.7,254.18,280880,713.95,7572, 91200, 32.47,0.69
VGUARD, EQ, 22-Sep-2022,251.45,249.0,251.45,247.05, 248.60,248.35,248.6,216802,538.96,5094, 136446, 62.94,-1.23
VGUARD, EQ, 22-Sep-2023,303.0,304.0,308.95,301.0, 301.50,301.95,304.41,222473,677.23,9932, 105903, 47.60,-0.35
VGUARD, EQ, 22-Oct-2020,164.65,164.0,165.1,163.5, 163.75,164.0,163.98,245532,402.63,4057, 177409, 72.25,-0.39
VGUARD, EQ, 22-Oct-2021,253.95,255.65,255.65,245.15, 248.70,248.8,248.34,495997,1231.75,11906, 263808, 53.19,-2.03
VGUARD, EQ, 22-Oct-2024,428.55,428.0,428.0,410.8,416.0,415.95,416.81,385445,1606.56,28822, 150178, 38.96,-2.94
VGUARD, EQ, 22-Nov-2021,249.75,249.9,250.7,232.1,239.6,236.75,239.91,599994,1439.47,19188, 379885, 63.31,-5.21
VGUARD, EQ, 22-Nov-2022,254.9,253.5,255.9,250.15, 251.50,251.25,252.4,78996,199.39,2663, 43714, 55.34,-1.43
VGUARD, EQ, 22-Nov-2023,289.25,289.0,290.7,287.05, 287.10,287.6,288.15,80466,231.86,4657, 38913, 48.36,-0.57
VGUARD, EQ, 22-Nov-2024,413.85,414.0,421.7,410.3,412.9,412.45,414.14,200732,831.32,11339, 89039, 44.36,-0.34
VGUARD, EQ, 22-Dec-2020,191.25,185.05,189.2,180.45, 185.90,185.85,184.67,646564,1194.04,24006, 289917, 44.84,-2.82
VGUARD, EQ, 22-Dec-2021,222.5,226.4,227.45,222.3, 226.50,225.25,224.5,323023,725.2,6660, 184159, 57.01,1.24
VGUARD, EQ, 22-Dec-2022,270.95,270.95,270.95,261.1, 268.00,267.7,266.63,331085,882.76,9205, 150330, 45.41,-1.2
VGUARD, EQ, 22-Dec-2023,287.15,295.0,304.3,290.65, 291.85,293.2,295.81,782677,2315.21,23840, 203572, 26.01,2.11
VGUARD, EQ, 23-Jan-2020,225.15,224.0,229.7,224.0, 229.50,229.2,228.49,156275,357.08,6927, 78285, 50.09,1.8
VGUARD, EQ, 23-Jan-2023,251.95,251.15,254.4,250.5,252.45,252.85,252.72,90053,227.58,9583, 40292, 44.74,0.36
VGUARD, EQ, 23-Jan-2024,293.45,293.6,295.8,285.8, 292.40,288.85,289.5,171916,497.7,8513, 83546, 48.60,-1.57
VGUARD, EQ, 23-Jan-2025,380.05,375.0,381.6,370.05,373.4,374.3,375.67,221805,833.26,13559, 115596, 52.12,-1.51
VGUARD, EQ, 23-Feb-2021,228.65,230.5,236.5,228.0, 231.40,232.4,232.88,1008907,2349.56,11900, 281057, 27.86,1.64
VGUARD, EQ, 23-Feb-2022,198.75,199.95,205.0,196.0,196.7,196.85,199.24,301649,600.99,9152, 188709, 62.56,-0.96
VGUARD, EQ, 23-Feb-2023,241.4,242.25,244.95,240.0,241.0,241.9,242.68,124368,301.81,6117, 54629, 43.93,0.21
VGUARD, EQ, 23-Feb-2024,311.85,312.5,315.9,306.45, 311.50,310.95,310.09,241947,750.24,9192, 113978, 47.11,-0.29
VGUARD, EQ, 23-Mar-2020,179.3,152.0,175.0,150.0, 155.30,155.9,161.53,486026,785.09,9798, 378947, 77.97,-13.05
VGUARD, EQ, 23-Mar-2021,233.8,236.0,237.35,232.35, 234.15,234.15,234.78,455231,1068.79,19400, 106418, 23.38,0.15
VGUARD, EQ, 23-Mar-2022,213.9,213.9,219.0,212.15, 217.50,214.75,213.78,1703895,3642.52,9057, 1558908, 91.49,0.4
VGUARD, EQ, 23-Mar-2023,249.05,248.0,249.3,246.25, 248.65,248.55,248.19,71144,176.57,5170, 48682, 68.43,-0.2
VGUARD, EQ, 23-Apr-2020,170.6,171.3,176.0,171.0,174.85,174.85,173.46,337930,586.18,9133, 145765, 43.13,2.49
VGUARD, EQ, 23-Apr-2021,222.8,224.5,227.25,223.0,223.15,224.6,225.14,271350,610.91,9075, 102259, 37.69,0.81
VGUARD, EQ, 23-Apr-2024,345.35,347.05,347.05,337.7,343.5,340.8,341.01,368993,1258.32,12409, 174616, 47.32,-1.32
VGUARD, EQ, 23-Apr-2025,360.0,360.8,361.5,355.5,359.0,358.9,358.16,334385,1197.65,22328, 215048, 64.31,-0.31
VGUARD, EQ, 23-May-2022,224.9,225.85,228.5,221.6,224.15,224.15,224.74,1104775,2482.93,8836, 614353, 55.61,-0.33
VGUARD, EQ, 23-May-2023,249.0,249.0,251.25,249.0, 249.60,250.3,250.13,33263,83.2,2025, 18724, 56.29,0.52
VGUARD, EQ, 23-May-2024,375.3,378.5,385.95,376.3,378.5,379.55,380.17,388887,1478.43,13456, 184513, 47.45,1.13
VGUARD, EQ, 23-Jun-2020,173.15,173.9,180.0,173.15, 179.95,179.5,177.47,993486,1763.11,11448, 429332, 43.21,3.67
VGUARD, EQ, 23-Jun-2021,263.55,265.7,272.7,261.0, 271.25,270.85,268.92,1444724,3885.09,29646, 456673, 31.61,2.77
VGUARD, EQ, 23-Jun-2022,212.8,213.85,223.35,212.05,218.25,218.65,217.59,191955,417.68,9636, 85174, 44.37,2.75
VGUARD, EQ, 23-Jun-2023,264.2,266.0,267.35,260.0, 265.25,265.05,263.55,161177,424.78,4956, 83203, 51.62,0.32
VGUARD, EQ, 23-Jul-2020,170.95,171.15,172.15,170.5, 170.60,170.8,171.26,104553,179.05,1952, 50378, 48.18,-0.09
VGUARD, EQ, 23-Jul-2021,250.0,252.0,256.8,249.25,252.75,250.3,252.41,1392642,3515.12,16190, 854067, 61.33,0.12
VGUARD, EQ, 23-Jul-2024,453.55,455.0,461.45,449.0,459.0,454.8,456.92,255609,1167.93,22183, 115670, 45.25,0.28
VGUARD, EQ, 23-Aug-2021,240.35,242.3,243.25,232.3, 238.25,240.35,239.69,1823283,4370.18,13189, 1480288, 81.19,0.0
VGUARD, EQ, 23-Aug-2022,229.85,228.75,234.85,224.95, 234.00,232.2,232.13,161427,374.72,4125, 86415, 53.53,1.02
VGUARD, EQ, 23-Aug-2023,307.5,308.65,314.1,308.3, 311.60,311.2,311.11,214648,667.78,8389, 97974, 45.64,1.2
VGUARD, EQ, 23-Aug-2024,468.85,470.1,473.9,464.4,471.0,467.6,467.34,568770,2658.09,22640, 218561, 38.43,-0.27
VGUARD, EQ, 23-Sep-2020,168.2,169.0,169.65,165.1, 168.00,168.0,167.55,245555,411.43,6992, 128592, 52.37,-0.12
VGUARD, EQ, 23-Sep-2021,254.7,256.5,260.65,255.45, 258.00,258.25,259.09,624752,1618.67,12094, 347812, 55.67,1.39
VGUARD, EQ, 23-Sep-2022,248.35,249.8,250.9,247.0, 249.00,248.35,248.54,379087,942.2,9492, 278437, 73.45,0.0
VGUARD, EQ, 23-Sep-2024,449.8,456.1,456.1,444.05,444.95,446.25,447.98,488000,2186.16,26022, 228308, 46.78,-0.79
VGUARD, EQ, 23-Oct-2020,164.0,165.2,165.5,163.8, 164.50,164.55,164.71,275741,454.17,4347, 141852, 51.44,0.34
VGUARD, EQ, 23-Oct-2023,308.5,310.05,310.05,295.0, 297.80,297.5,303.51,148596,451.01,11005, 71012, 47.79,-3.57
VGUARD, EQ, 23-Oct-2024,415.95,408.05,443.2,407.0,424.7,425.85,427.15,474937,2028.71,31349, 141901, 29.88,2.38
VGUARD, EQ, 23-Nov-2020,176.9,180.0,182.0,178.35, 179.10,179.25,180.2,1196046,2155.32,24473, 617675, 51.64,1.33
VGUARD, EQ, 23-Nov-2021,236.75,234.0,237.0,222.0,234.5,233.9,230.69,1376671,3175.88,43869, 677262, 49.20,-1.2
VGUARD, EQ, 23-Nov-2022,251.25,252.0,253.0,248.75,248.75,249.65,250.8,72209,181.1,2193, 37634, 52.12,-0.64
VGUARD, EQ, 23-Nov-2023,287.6,289.0,289.0,286.25, 286.30,287.15,287.52,121983,350.73,7618, 85406, 70.01,-0.16
VGUARD, EQ, 23-Dec-2020,185.85,186.5,189.35,185.5,187.5,188.0,188.0,329362,619.19,6851, 188187, 57.14,1.16
VGUARD, EQ, 23-Dec-2021,225.25,228.7,228.7,223.6, 224.00,224.25,225.34,145658,328.23,3676, 74966, 51.47,-0.44
VGUARD, EQ, 23-Dec-2022,267.7,262.8,265.9,257.0, 257.10,260.7,262.78,517908,1360.98,12729, 239906, 46.32,-2.61
VGUARD, EQ, 23-Dec-2024,415.6,415.6,425.85,408.4,419.6,421.2,418.48,337562,1412.64,23958, 139926, 41.45,1.35
VGUARD, EQ, 24-Jan-2020,229.2,229.5,230.8,225.0,228.25,228.35,228.44,137104,313.2,5689, 73907, 53.91,-0.37
VGUARD, EQ, 24-Jan-2022,221.45,222.6,222.6,215.1,216.25,216.5,218.9,415330,909.17,14028, 258249, 62.18,-2.24
VGUARD, EQ, 24-Jan-2023,252.85,250.1,255.0,250.1,251.0,251.35,252.43,53176,134.23,2915, 22961, 43.18,-0.59
VGUARD, EQ, 24-Jan-2024,288.85,288.0,294.5,285.85, 293.10,292.9,289.83,362406,1050.36,6904, 265234, 73.19,1.4
VGUARD, EQ, 24-Jan-2025,374.3,375.0,377.45,364.05,366.0,365.55,368.8,123703,456.21,12978, 52746, 42.64,-2.34
VGUARD, EQ, 24-Feb-2020,202.9,202.0,202.65,199.7, 201.20,200.95,200.65,179856,360.89,3444, 110574, 61.48,-0.96
VGUARD, EQ, 24-Feb-2021,232.4,234.4,234.4,222.35, 230.05,230.85,231.58,207405,480.31,4710, 90268, 43.52,-0.67
VGUARD, EQ, 24-Feb-2022,196.85,196.4,196.4,181.0, 182.30,183.15,186.64,1201534,2242.55,32714, 804582, 66.96,-6.96
VGUARD, EQ, 24-Feb-2023,241.9,242.1,249.5,242.1, 242.15,243.6,246.17,249745,614.8,7394, 59657, 23.89,0.7
VGUARD, EQ, 24-Feb-2025,344.65,340.0,344.7,329.3,333.7,334.4,333.86,532657,1778.35,41047, 230365, 43.25,-2.97
VGUARD, EQ, 24-Mar-2020,155.9,157.0,163.5,150.65, 152.30,152.55,155.86,235229,366.63,9913, 128571, 54.66,-2.15
VGUARD, EQ, 24-Mar-2021,234.15,234.0,239.4,230.5, 235.50,236.3,236.03,961686,2269.85,41232, 252851, 26.29,0.92
VGUARD, EQ, 24-Mar-2022,214.75,217.85,223.55,217.25, 219.00,217.95,220.03,977872,2151.65,14774, 220722, 22.57,1.49
VGUARD, EQ, 24-Mar-2023,248.55,247.9,248.8,244.6, 248.00,248.05,247.48,73619,182.19,3415, 39119, 53.14,-0.2
VGUARD, EQ, 24-Mar-2025,350.15,350.65,362.35,350.65,355.0,356.8,357.12,293713,1048.9,16310, 150595, 51.27,1.9
VGUARD, EQ, 24-Apr-2020,174.85,172.0,174.0,168.3,169.9,169.9,170.53,385707,657.73,13713, 215670, 55.92,-2.83
VGUARD, EQ, 24-Apr-2023,257.95,257.95,259.6,255.2, 259.00,259.0,258.08,80275,207.17,5097, 38953, 48.52,0.41
VGUARD, EQ, 24-Apr-2024,340.8,343.9,346.05,340.3, 342.80,342.95,342.68,338600,1160.32,11971, 144734, 42.74,0.63
VGUARD, EQ, 24-Apr-2025,358.9,358.9,360.25,351.7,358.5,358.0,356.72,419846,1497.68,25102, 240188, 57.21,-0.25
VGUARD, EQ, 24-May-2021,237.8,239.25,245.0,236.25, 239.35,238.5,240.53,681588,1639.45,11596, 202625, 29.73,0.29
VGUARD, EQ, 24-May-2022,224.15,225.3,227.3,222.0,224.5,222.9,224.02,214458,480.44,6363, 97115, 45.28,-0.56
VGUARD, EQ, 24-May-2023,250.3,250.5,251.0,246.0, 250.70,249.05,249.14,88962,221.64,5410, 40617, 45.66,-0.5
VGUARD, EQ, 24-May-2024,379.55,379.55,387.45,365.0,370.0,368.35,372.45,1011452,3767.12,26399, 550946, 54.47,-2.95
VGUARD, EQ, 24-Jun-2020,179.5,180.4,182.0,176.25,176.5,176.9,179.55,523763,940.4,6276, 272581, 52.04,-1.45
VGUARD, EQ, 24-Jun-2021,270.85,273.2,276.85,270.3, 272.30,272.3,273.65,1348688,3690.66,26488, 475607, 35.26,0.54
VGUARD, EQ, 24-Jun-2022,218.65,218.95,219.6,216.0, 218.10,218.2,217.64,130918,284.92,6835, 62533, 47.77,-0.21
VGUARD, EQ, 24-Jun-2024,424.8,424.6,424.95,415.75,420.3,419.95,420.07,343233,1441.83,12410, 169048, 49.25,-1.14
VGUARD, EQ, 24-Jul-2020,170.8,170.0,170.75,168.4,168.9,168.8,169.19,248497,420.42,3256, 144068, 57.98,-1.17
VGUARD, EQ, 24-Jul-2023,283.8,284.0,287.0,281.05, 284.75,284.35,283.71,224374,636.56,12193, 109791, 48.93,0.19
VGUARD, EQ, 24-Jul-2024,454.8,456.3,485.15,456.3,467.0,467.5,472.56,1712710,8093.5,76342, 579290, 33.82,2.79
VGUARD, EQ, 24-Aug-2020,173.05,173.0,176.6,171.0,173.7,173.25,174.01,1756510,3056.47,22430, 875118, 49.82,0.12
VGUARD, EQ, 24-Aug-2021,240.35,239.1,242.55,235.2, 240.00,240.35,239.47,604486,1447.59,9542, 411172, 68.02,0.0
VGUARD, EQ, 24-Aug-2022,232.2,232.0,238.4,232.0,235.15,235.55,236.16,106928,252.52,3349, 62251, 58.22,1.44
VGUARD, EQ, 24-Aug-2023,311.2,312.0,320.0,311.05, 313.00,315.15,315.8,679094,2144.58,16686, 349719, 51.50,1.27
VGUARD, EQ, 24-Sep-2020,168.0,164.2,167.0,162.6, 163.85,164.5,164.7,314156,517.42,9792, 161762, 51.49,-2.08
VGUARD, EQ, 24-Sep-2021,258.25,259.7,259.85,255.4, 257.75,257.55,257.34,304676,784.06,8459, 163052, 53.52,-0.27
VGUARD, EQ, 24-Sep-2024,446.25,446.3,449.4,442.05,444.0,443.9,444.58,240922,1071.08,17192, 118024, 48.99,-0.53
VGUARD, EQ, 24-Oct-2024,425.85,425.85,425.95,418.1,420.6,420.35,421.39,137445,579.17,9979, 49092, 35.72,-1.29
VGUARD, EQ, 24-Nov-2020,179.25,181.0,181.9,177.4, 179.90,178.95,179.22,658898,1180.89,18609, 405759, 61.58,-0.17
VGUARD, EQ, 24-Nov-2021,233.9,235.0,252.0,235.0, 248.50,249.3,247.18,1192187,2946.81,26440, 256022, 21.47,6.58
VGUARD, EQ, 24-Nov-2022,249.65,249.65,252.85,249.35, 250.35,250.05,250.85,77844,195.27,2356, 31797, 40.85,0.16
VGUARD, EQ, 24-Nov-2023,287.15,288.0,291.25,285.15, 286.40,287.1,287.22,253368,727.73,10170, 142417, 56.21,-0.02
VGUARD, EQ, 24-Dec-2020,188.0,191.1,192.0,187.0, 188.35,188.35,190.07,264759,503.23,9219, 137480, 51.93,0.19
VGUARD, EQ, 24-Dec-2021,224.25,226.0,227.0,222.15, 222.75,222.7,223.38,111574,249.23,2794, 45673, 40.94,-0.69
VGUARD, EQ, 24-Dec-2024,421.2,418.0,424.7,418.0,422.5,421.6,421.85,80127,338.02,7051, 35158, 43.88,0.09
VGUARD, EQ, 25-Jan-2021,231.85,233.05,239.4,216.85, 233.20,234.65,228.08,2118237,4831.28,34275, 667178, 31.50,1.21
VGUARD, EQ, 25-Jan-2022,216.5,216.5,219.0,210.7,217.9,217.8,214.87,536878,1153.59,31989, 328075, 61.11,0.6
VGUARD, EQ, 25-Jan-2023,251.35,251.3,254.5,248.7, 251.80,250.7,250.73,47432,118.93,2509, 15556, 32.80,-0.26
VGUARD, EQ, 25-Jan-2024,292.9,296.45,297.0,287.35, 293.00,293.35,291.91,235015,686.03,10029, 123550, 52.57,0.15
VGUARD, EQ, 25-Feb-2020,200.95,201.55,205.8,200.15, 205.00,204.45,204.75,1455250,2979.63,6269, 1297701, 89.17,1.74
VGUARD, EQ, 25-Feb-2021,230.85,231.7,235.95,230.0, 230.65,230.8,232.6,516188,1200.63,8837, 150746, 29.20,-0.02
VGUARD, EQ, 25-Feb-2022,183.15,189.9,193.5,183.75,189.5,187.5,189.35,603864,1143.44,13729, 364887, 60.43,2.38
VGUARD, EQ, 25-Feb-2025,334.4,333.7,336.1,325.0,326.55,326.55,328.73,444363,1460.76,29971, 232233, 52.26,-2.35
VGUARD, EQ, 25-Mar-2020,152.55,150.25,154.75,149.0, 150.50,150.55,150.1,387727,582.0,5463, 284387, 73.35,-1.31
VGUARD, EQ, 25-Mar-2021,236.3,238.0,238.0,228.6,233.5,233.15,231.59,617147,1429.23,13987, 204089, 33.07,-1.33
VGUARD, EQ, 25-Mar-2022,217.95,218.0,219.75,216.25,218.1,218.0,218.07,356485,777.4,6766, 241266, 67.68,0.02
VGUARD, EQ, 25-Mar-2025,356.8,357.3,358.2,350.15,356.0,356.75,354.83,274255,973.14,16788, 140063, 51.07,-0.01
VGUARD, EQ, 25-Apr-2022,216.9,215.0,215.15,211.35,215.0,214.4,214.0,339435,726.38,9997, 97528, 28.73,-1.15
VGUARD, EQ, 25-Apr-2023,259.0,259.2,259.2,256.2,258.0,258.0,257.77,134010,345.44,6359, 99281, 74.08,-0.39
VGUARD, EQ, 25-Apr-2024,342.95,343.65,345.9,341.0, 344.00,342.85,343.19,141364,485.15,6764, 62322, 44.09,-0.03
VGUARD, EQ, 25-Apr-2025,358.0,358.0,358.7,353.6,355.75,356.4,355.3,366451,1301.99,28220, 238322, 65.04,-0.45
VGUARD, EQ, 25-May-2021,238.5,241.4,249.8,238.05, 240.00,240.25,245.15,1429841,3505.21,22693, 518589, 36.27,0.73
VGUARD, EQ, 25-May-2022,222.9,221.0,226.8,217.5, 223.95,224.9,222.07,325145,722.05,11273, 117707, 36.20,0.9
VGUARD, EQ, 25-May-2023,249.05,249.05,250.25,248.0, 248.05,248.5,249.05,36736,91.49,2955, 19636, 53.45,-0.22
VGUARD, EQ, 25-Jun-2020,176.9,175.0,178.7,173.55, 174.60,174.2,175.48,260395,456.95,7008, 129967, 49.91,-1.53
VGUARD, EQ, 25-Jun-2021,272.3,274.0,274.0,268.0, 270.90,270.5,270.58,527634,1427.69,11968, 227050, 43.03,-0.66
VGUARD, EQ, 25-Jun-2024,419.95,420.3,431.75,420.05,426.45,423.15,425.02,507834,2158.38,19770, 185954, 36.62,0.76
VGUARD, EQ, 25-Jul-2022,227.0,227.9,233.95,225.85, 229.95,232.0,230.3,342767,789.39,5600, 162467, 47.40,2.2
VGUARD, EQ, 25-Jul-2023,284.35,285.5,286.5,278.4, 280.20,280.8,281.18,241487,679.01,9371, 130443, 54.02,-1.25
VGUARD, EQ, 25-Jul-2024,467.5,472.0,480.0,458.0,460.8,460.2,470.04,942872,4431.88,43395, 338831, 35.94,-1.56
VGUARD, EQ, 25-Aug-2020,173.25,175.0,175.0,170.0, 171.85,171.3,172.02,785899,1351.87,7272, 418319, 53.23,-1.13
VGUARD, EQ, 25-Aug-2021,240.35,238.5,241.6,237.75, 239.00,238.7,239.44,143672,344.01,3724, 68802, 47.89,-0.69
VGUARD, EQ, 25-Aug-2022,235.55,231.0,238.4,231.0,234.0,234.0,236.24,207535,490.28,3602, 150218, 72.38,-0.66
VGUARD, EQ, 25-Aug-2023,315.15,315.15,316.65,307.7, 312.65,313.1,312.82,402164,1258.07,12104, 215171, 53.50,-0.65
VGUARD, EQ, 25-Sep-2020,164.5,165.5,166.9,163.15, 164.65,165.1,165.03,340767,562.38,8160, 170828, 50.13,0.36
VGUARD, EQ, 25-Sep-2023,301.95,304.6,306.0,302.0, 305.50,305.55,304.91,208599,636.05,6777, 144561, 69.30,1.19
VGUARD, EQ, 25-Sep-2024,443.9,446.55,454.5,444.25,453.8,452.9,451.13,298454,1346.43,15306, 109311, 36.63,2.03
VGUARD, EQ, 25-Oct-2021,248.8,249.9,249.9,241.05, 242.00,242.7,243.78,261233,636.84,9052, 95062, 36.39,-2.45
VGUARD, EQ, 25-Oct-2022,251.8,252.95,261.75,248.15,257.2,259.3,256.91,455896,1171.25,6633, 221049, 48.49,2.98
VGUARD, EQ, 25-Oct-2023,297.5,295.0,301.8,294.05,300.95,299.6,298.59,140532,419.61,8456, 58858, 41.88,0.71
VGUARD, EQ, 25-Oct-2024,420.35,421.95,421.95,406.05,411.55,411.1,411.71,247869,1020.51,19763, 115552, 46.62,-2.2
VGUARD, EQ, 25-Nov-2020,178.95,181.0,181.35,176.7, 178.05,178.9,179.14,679217,1216.75,21431, 327025, 48.15,-0.03
VGUARD, EQ, 25-Nov-2021,249.3,248.7,248.7,240.0,244.5,243.6,243.95,396399,967.02,10740, 96365, 24.31,-2.29
VGUARD, EQ, 25-Nov-2022,250.05,250.0,254.8,249.85,253.0,251.95,252.42,103406,261.02,2850, 43138, 41.72,0.76
VGUARD, EQ, 25-Nov-2024,412.45,417.8,420.2,408.25,413.1,412.3,412.47,340230,1403.33,16851, 174421, 51.27,-0.04
VGUARD, EQ, 26-Feb-2020,204.45,204.0,204.0,201.0, 202.05,202.15,202.06,250394,505.95,4912, 204711, 81.76,-1.12
VGUARD, EQ, 26-Feb-2021,230.8,229.0,230.85,221.1,225.25,225.1,225.11,675002,1519.51,15810, 328585, 48.68,-2.47
VGUARD, EQ, 26-Feb-2024,310.95,310.0,317.0,308.8, 316.55,315.85,313.0,310684,972.44,14369, 170738, 54.96,1.58
VGUARD, EQ, 26-Mar-2020,150.55,154.5,163.8,151.05, 160.00,160.55,158.75,465326,738.71,12046, 324914, 69.83,6.64
VGUARD, EQ, 26-Mar-2021,233.15,235.0,236.3,229.3,230.5,230.35,232.21,225727,524.16,5424, 99052, 43.88,-1.2
VGUARD, EQ, 26-Mar-2024,321.9,321.9,324.45,319.05,319.35,320.1,321.47,151394,486.69,9830, 76930, 50.81,-0.56
VGUARD, EQ, 26-Mar-2025,356.75,356.75,357.45,351.0,353.15,353.0,354.27,290811,1030.25,15753, 159682, 54.91,-1.05
VGUARD, EQ, 26-Apr-2021,224.6,223.4,226.3,223.4, 223.50,223.85,224.35,236334,530.22,6490, 124185, 52.55,-0.33
VGUARD, EQ, 26-Apr-2022,214.4,215.05,216.4,209.95, 211.05,211.4,213.11,368773,785.89,11255, 190802, 51.74,-1.4
VGUARD, EQ, 26-Apr-2023,258.0,258.0,258.45,253.3, 253.85,254.45,255.3,143433,366.18,6646, 74640, 52.04,-1.38
VGUARD, EQ, 26-Apr-2024,342.85,343.95,348.0,340.85, 343.30,342.55,344.25,216299,744.61,9851, 83689, 38.69,-0.09
VGUARD, EQ, 26-May-2020,170.35,171.15,172.0,169.2, 170.10,170.1,170.31,114626,195.22,3133, 52376, 45.69,-0.15
VGUARD, EQ, 26-May-2021,240.25,242.0,252.5,240.6, 252.00,248.9,247.73,2864701,7096.66,44637, 647095, 22.59,3.6
VGUARD, EQ, 26-May-2022,224.9,226.05,235.5,223.05,229.7,230.15,229.34,1017096,2332.58,16983, 416461, 40.95,2.33
VGUARD, EQ, 26-May-2023,248.5,248.5,251.0,247.0,250.15,250.15,249.59,98937,246.94,3790, 56375, 56.98,0.66
VGUARD, EQ, 26-Jun-2020,174.2,174.65,177.0,174.65, 175.45,175.3,175.72,153140,269.1,3214, 65741, 42.93,0.63
VGUARD, EQ, 26-Jun-2023,265.05,264.9,277.6,260.3, 273.50,274.7,272.47,1231324,3355.01,28579, 464649, 37.74,3.64
VGUARD, EQ, 26-Jun-2024,423.15,426.5,435.3,424.3,434.95,434.3,431.55,519109,2240.22,35341, 236650, 45.59,2.63
VGUARD, EQ, 26-Jul-2021,250.3,252.5,256.5,252.0,254.0,254.65,254.67,471071,1199.7,9590, 209817, 44.54,1.74
VGUARD, EQ, 26-Jul-2022,232.0,233.0,233.8,229.1,230.1,230.15,230.58,139177,320.91,3200, 58161, 41.79,-0.8
VGUARD, EQ, 26-Jul-2023,280.8,280.95,285.95,280.2, 280.50,281.2,282.79,162126,458.48,5274, 57461, 35.44,0.14
VGUARD, EQ, 26-Jul-2024,460.2,462.0,462.55,450.0, 453.95,452.0,455.95,312972,1427.01,18509, 151706, 48.47,-1.78
VGUARD, EQ, 26-Aug-2020,171.3,172.9,179.5,171.2, 176.00,175.95,176.51,2144685,3785.62,19562, 806521, 37.61,2.71
VGUARD, EQ, 26-Aug-2021,238.7,237.2,241.2,237.2, 239.95,239.25,239.73,355303,851.75,5229, 224435, 63.17,0.23
VGUARD, EQ, 26-Aug-2022,234.0,236.0,237.85,232.95,234.9,234.5,235.36,79584,187.31,2758, 40060, 50.34,0.21
VGUARD, EQ, 26-Aug-2024,467.6,471.0,480.8,464.0,476.5,477.5,472.87,1100122,5202.18,39983, 463018, 42.09,2.12
VGUARD, EQ, 26-Sep-2022,248.35,248.35,248.35,229.0,232.95,233.7,239.53,394749,945.54,9088, 252651, 64.00,-5.9
VGUARD, EQ, 26-Sep-2023,305.55,306.95,309.7,304.1, 306.90,305.0,306.07,129641,396.79,7117, 60502, 46.67,-0.18
VGUARD, EQ, 26-Sep-2024,452.9,454.0,456.0,444.05,444.3,446.2,449.91,284425,1279.66,14595, 108859, 38.27,-1.48
VGUARD, EQ, 26-Oct-2020,164.55,164.9,173.5,164.55,171.0,171.75,170.67,1867835,3187.91,20851, 572573, 30.65,4.38
VGUARD, EQ, 26-Oct-2021,242.7,242.7,249.3,241.6, 249.30,247.95,244.96,361609,885.81,9460, 191829, 53.05,2.16
VGUARD, EQ, 26-Oct-2023,299.6,299.0,300.55,290.75, 299.90,299.05,295.37,145560,429.95,13519, 71280, 48.97,-0.18
VGUARD, EQ, 26-Nov-2020,178.9,178.4,179.55,175.6, 176.00,176.6,177.43,382600,678.86,13120, 243260, 63.58,-1.29
VGUARD, EQ, 26-Nov-2021,243.6,242.4,244.4,230.1, 236.20,234.85,238.09,461754,1099.41,12696, 191700, 41.52,-3.59
VGUARD, EQ, 26-Nov-2024,412.3,414.1,418.7,410.5,414.6,415.5,414.64,162140,672.3,10981, 73336, 45.23,0.78
VGUARD, EQ, 26-Dec-2022,260.7,257.55,264.4,257.3,261.1,261.2,261.79,182438,477.61,4748, 71252, 39.06,0.19
VGUARD, EQ, 26-Dec-2023,293.2,293.25,294.9,289.55, 290.90,290.65,290.64,270238,785.41,15026, 132431, 49.01,-0.87
VGUARD, EQ, 26-Dec-2024,421.6,419.25,424.0,415.15,418.1,419.85,419.13,72326,303.14,7212, 19196, 26.54,-0.42
VGUARD, EQ, 27-Jan-2020,228.35,228.35,230.0,226.0, 228.10,229.0,228.64,180684,413.12,5822, 98104, 54.30,0.28
VGUARD, EQ, 27-Jan-2021,234.65,232.5,233.8,223.1, 225.90,226.25,227.18,831902,1889.89,23261, 297046, 35.71,-3.58
VGUARD, EQ, 27-Jan-2022,217.8,216.0,217.0,213.05, 214.95,214.85,214.9,386826,831.3,23036, 253636, 65.57,-1.35
VGUARD, EQ, 27-Jan-2023,250.7,251.05,252.0,241.3, 244.00,245.3,244.86,109887,269.07,5934, 54498, 49.59,-2.15
VGUARD, EQ, 27-Jan-2025,365.55,355.0,366.8,350.4,365.0,365.7,358.35,414744,1486.22,33237, 233501, 56.30,0.04
VGUARD, EQ, 27-Feb-2020,202.15,202.0,208.5,200.5, 204.80,205.25,205.72,487422,1002.72,7709, 155663, 31.94,1.53
VGUARD, EQ, 27-Feb-2023,243.6,244.6,244.6,240.45, 241.00,241.1,242.01,87961,212.87,4747, 45295, 51.49,-1.03
VGUARD, EQ, 27-Feb-2024,315.85,317.3,326.8,314.55, 322.00,322.3,322.84,1187174,3832.64,32402, 480811, 40.50,2.04
VGUARD, EQ, 27-Feb-2025,326.55,319.55,324.4,314.5,317.45,317.25,317.48,404486,1284.17,24312, 200751, 49.63,-2.85
VGUARD, EQ, 27-Mar-2020,160.55,164.9,171.65,155.5, 157.30,157.4,161.06,252339,406.42,9011, 126447, 50.11,-1.96
VGUARD, EQ, 27-Mar-2023,248.05,246.0,246.15,242.95, 245.00,245.0,244.69,73095,178.85,3856, 36756, 50.29,-1.23
VGUARD, EQ, 27-Mar-2024,320.1,321.95,334.9,321.95, 330.45,329.85,329.24,446460,1469.94,20020, 168147, 37.66,3.05
VGUARD, EQ, 27-Mar-2025,353.0,353.0,354.85,348.0,350.45,350.45,350.82,150157,526.79,10605, 73557, 48.99,-0.72
VGUARD, EQ, 27-Apr-2020,169.9,173.7,174.4,170.4, 171.30,171.7,172.18,237225,408.46,4500, 97431, 41.07,1.06
VGUARD, EQ, 27-Apr-2021,223.85,225.0,226.45,223.5,225.55,225.8,225.4,129942,292.9,5051, 63050, 48.52,0.87
VGUARD, EQ, 27-Apr-2022,211.4,210.15,216.0,210.15,214.0,213.45,212.23,184367,391.28,6702, 46290, 25.11,0.97
VGUARD, EQ, 27-Apr-2023,254.45,254.8,255.85,251.55, 255.20,254.9,254.45,54484,138.63,3144, 27396, 50.28,0.18
VGUARD, EQ, 27-May-2020,170.1,170.1,174.0,169.35,170.25,170.85,171.94,289885,498.42,3972, 124246, 42.86,0.44
VGUARD, EQ, 27-May-2021,248.9,253.0,265.95,252.15, 263.25,262.7,259.97,7299295,18976.28,82400, 1831527, 25.09,5.54
VGUARD, EQ, 27-May-2022,230.15,232.8,234.0,226.1, 226.50,230.45,229.49,278496,639.13,7832, 104533, 37.53,0.13
VGUARD, EQ, 27-May-2024,368.35,370.0,379.0,368.65,373.35,373.2,373.04,408905,1525.39,14111, 185920, 45.47,1.32
VGUARD, EQ, 27-Jun-2022,218.2,219.45,227.1,217.05,222.4,221.95,222.36,532055,1183.09,12187, 143460, 26.96,1.72
VGUARD, EQ, 27-Jun-2023,274.7,275.7,288.25,275.5, 285.20,284.35,284.46,2013038,5726.36,40214, 722633, 35.90,3.51
VGUARD, EQ, 27-Jun-2024,434.3,434.3,440.0,428.0,431.0,431.15,432.33,384700,1663.19,16688, 154921, 40.27,-0.73
VGUARD, EQ, 27-Jul-2020,168.8,168.8,170.95,164.05,165.95,166.15,167.38,421323,705.23,6184, 108699, 25.80,-1.57
VGUARD, EQ, 27-Jul-2021,254.65,254.75,257.0,250.75, 251.70,251.7,253.94,1474394,3744.05,16984, 1262334, 85.62,-1.16
VGUARD, EQ, 27-Jul-2022,230.15,229.2,238.9,223.05,224.2,224.55,231.62,1450935,3360.67,25657, 215819, 14.87,-2.43
VGUARD, EQ, 27-Jul-2023,281.2,282.5,283.0,279.0, 281.35,280.1,280.51,147876,414.8,7161, 92647, 62.65,-0.39
VGUARD, EQ, 27-Aug-2020,175.95,177.9,182.6,176.0,176.5,176.55,179.24,2481688,4448.24,22705, 895250, 36.07,0.34
VGUARD, EQ, 27-Aug-2021,239.25,239.0,241.0,237.1, 240.00,240.35,239.58,370017,886.48,5901, 257796, 69.67,0.46
VGUARD, EQ, 27-Aug-2024,477.5,479.0,493.2,469.6,471.45,471.65,481.15,1466580,7056.42,39470, 381634, 26.02,-1.23
VGUARD, EQ, 27-Sep-2021,257.55,257.55,258.95,253.0, 257.00,256.95,256.0,237544,608.12,5534, 115696, 48.71,-0.23
VGUARD, EQ, 27-Sep-2022,233.7,236.0,239.7,230.3,233.5,233.6,234.64,257355,603.86,8879, 95377, 37.06,-0.04
VGUARD, EQ, 27-Sep-2023,305.0,306.0,309.55,303.1, 306.90,306.6,307.49,162730,500.39,7947, 81768, 50.25,0.52
VGUARD, EQ, 27-Sep-2024,446.2,449.05,453.1,442.55,444.55,446.35,447.68,282833,1266.19,13396, 124422, 43.99,0.03
VGUARD, EQ, 27-Oct-2020,171.75,170.75,173.9,168.1, 172.80,172.05,171.8,619533,1064.38,11834, 227587, 36.74,0.17
VGUARD, EQ, 27-Oct-2021,247.95,249.4,251.8,246.8, 249.20,249.95,249.71,179575,448.41,8035, 70888, 39.48,0.81
VGUARD, EQ, 27-Oct-2022,259.3,258.5,258.5,243.1,253.0,253.1,250.18,1094736,2738.79,18035, 357394, 32.65,-2.39
VGUARD, EQ, 27-Oct-2023,299.05,299.5,307.9,299.5,306.55,307.1,304.93,107375,327.42,6741, 54931, 51.16,2.69
VGUARD, EQ, 27-Nov-2020,176.6,176.9,186.0,176.9,183.7,184.95,183.08,2516428,4606.97,33228, 1438032, 57.15,4.73
VGUARD, EQ, 27-Nov-2024,415.5,417.0,421.4,412.05,420.25,420.05,416.47,122568,510.45,8437, 56641, 46.21,1.1
VGUARD, EQ, 27-Dec-2021,222.7,223.9,224.0,221.6, 222.00,221.95,222.1,266572,592.07,9564, 196252, 73.62,-0.34
VGUARD, EQ, 27-Dec-2022,261.2,264.0,264.9,260.0,260.9,261.1,262.27,122798,322.06,4422, 41733, 33.99,-0.04
VGUARD, EQ, 27-Dec-2023,290.65,292.25,292.35,287.2, 288.00,288.0,288.8,379768,1096.77,11050, 255072, 67.17,-0.91
VGUARD, EQ, 27-Dec-2024,419.85,417.5,419.95,416.0,417.9,417.2,417.89,83376,348.42,5062, 38356, 46.00,-0.63
VGUARD, EQ, 28-Jan-2020,229.0,230.0,230.0,222.0, 224.90,225.5,226.9,160923,365.14,7387, 77267, 48.01,-1.53
VGUARD, EQ, 28-Jan-2021,226.25,223.8,227.7,219.45, 222.00,223.05,224.35,771657,1731.2,15263, 221704, 28.73,-1.41
VGUARD, EQ, 28-Jan-2022,214.85,215.85,217.0,214.45, 214.80,215.2,216.44,329586,713.35,11202, 204299, 61.99,0.16
VGUARD, EQ, 28-Jan-2025,365.7,365.7,366.3,344.05,350.25,353.8,359.12,597716,2146.55,38139, 275692, 46.12,-3.25
VGUARD, EQ, 28-Feb-2020,205.25,200.0,204.0,198.0, 203.40,202.95,201.49,394439,794.77,6611, 274474, 69.59,-1.12
VGUARD, EQ, 28-Feb-2022,187.5,191.45,200.0,188.0, 195.00,195.1,192.56,367062,706.82,8124, 151704, 41.33,4.05
VGUARD, EQ, 28-Feb-2023,241.1,242.05,247.0,240.4, 245.00,245.95,244.68,151613,370.96,4479, 62296, 41.09,2.01
VGUARD, EQ, 28-Feb-2024,322.3,325.65,344.4,324.5,332.4,330.05,337.08,7608365,25645.92,120743, 1417693, 18.63,2.4
VGUARD, EQ, 28-Feb-2025,317.25,317.25,317.45,304.2,314.0,309.45,308.66,489720,1511.57,26301, 240441, 49.10,-2.46
VGUARD, EQ, 28-Mar-2022,218.0,218.0,218.3,213.15, 214.50,214.15,214.7,269091,577.73,10837, 102697, 38.16,-1.77
VGUARD, EQ, 28-Mar-2023,245.0,243.0,246.3,237.5, 244.85,241.15,241.93,86308,208.8,4295, 41207, 47.74,-1.57
VGUARD, EQ, 28-Mar-2024,329.85,333.85,337.0,327.15,332.5,331.35,333.73,442696,1477.42,16640, 148622, 33.57,0.45
VGUARD, EQ, 28-Mar-2025,350.45,348.5,360.95,346.05,356.4,355.55,352.63,251317,886.22,14966, 130241, 51.82,1.46
VGUARD, EQ, 28-Apr-2020,171.7,172.95,190.0,168.2, 178.90,178.1,180.96,2113824,3825.21,28382, 349236, 16.52,3.73
VGUARD, EQ, 28-Apr-2021,225.8,227.9,229.8,225.15, 225.90,225.9,227.14,201933,458.67,5233, 76535, 37.90,0.04
VGUARD, EQ, 28-Apr-2022,213.45,213.45,213.9,211.4, 211.70,211.7,212.04,75625,160.36,2534, 36045, 47.66,-0.82
VGUARD, EQ, 28-Apr-2023,254.9,256.0,256.0,253.1, 255.50,254.8,254.41,87197,221.84,2970, 51891, 59.51,-0.04
VGUARD, EQ, 28-May-2020,170.85,172.65,178.65,171.2,173.55,173.8,175.39,1203799,2111.33,13936, 312518, 25.96,1.73
VGUARD, EQ, 28-May-2021,262.7,266.35,274.9,262.0,274.05,269.85,267.68,3105831,8313.73,40010, 947187, 30.50,2.72
VGUARD, EQ, 28-May-2024,373.2,375.85,383.25,367.1,369.05,369.45,376.27,506613,1906.22,17551, 159836, 31.55,-1.0
VGUARD, EQ, 28-Jun-2021,270.5,272.25,275.5,265.7, 267.90,268.5,272.41,766357,2087.62,13494, 227180, 29.64,-0.74
VGUARD, EQ, 28-Jun-2022,221.95,218.4,221.85,215.2, 215.45,215.65,218.16,391677,854.49,6207, 229326, 58.55,-2.84
VGUARD, EQ, 28-Jun-2024,431.15,431.3,438.15,424.2,431.2,431.1,430.55,330284,1422.05,16649, 130428, 39.49,-0.01
VGUARD, EQ, 28-Jul-2020,166.15,165.0,166.75,163.0,165.0,164.85,165.02,354363,584.78,5423, 152754, 43.11,-0.78
VGUARD, EQ, 28-Jul-2021,251.7,252.0,252.5,246.25,247.9,247.7,248.32,661263,1642.04,9461, 471005, 71.23,-1.59
VGUARD, EQ, 28-Jul-2022,224.55,225.7,228.75,224.0, 224.00,224.3,225.76,199256,449.84,5323, 83093, 41.70,-0.11
VGUARD, EQ, 28-Jul-2023,280.1,281.05,287.5,281.0, 285.85,286.1,285.45,222301,634.56,8056, 105902, 47.64,2.14
VGUARD, EQ, 28-Aug-2020,176.55,179.55,179.55,174.0, 175.40,175.35,176.83,828563,1465.12,11071, 452835, 54.65,-0.68
VGUARD, EQ, 28-Aug-2023,313.1,314.65,315.95,309.9, 311.20,310.55,311.75,118736,370.16,5304, 54111, 45.57,-0.81
VGUARD, EQ, 28-Aug-2024,471.65,473.6,476.9,458.65,462.0,460.15,466.04,1100648,5129.44,40874, 492646, 44.76,-2.44
VGUARD, EQ, 28-Sep-2020,165.1,167.25,168.7,166.05,166.6,166.5,166.95,274842,458.84,5119,114749,41.75,0.85
VGUARD, EQ, 28-Sep-2021,256.95,255.0,262.0,254.0, 259.75,259.1,258.61,506152,1308.95,11771, 194273, 38.38,0.84
VGUARD, EQ, 28-Sep-2022,233.6,233.6,234.25,230.5,230.7,231.15,231.29,364456,842.94,6904, 253054, 69.43,-1.05
VGUARD, EQ, 28-Sep-2023,306.6,307.9,311.75,304.15, 304.65,305.1,308.05,156707,482.74,8969, 62222, 39.71,-0.49
VGUARD, EQ, 28-Oct-2020,172.05,172.4,173.85,168.15, 169.40,170.7,171.74,617365,1060.23,17934, 216961, 35.14,-0.78
VGUARD, EQ, 28-Oct-2021,249.95,250.8,263.95,242.0, 263.00,261.2,254.21,1904089,4840.37,40613, 576339, 30.27,4.5
VGUARD, EQ, 28-Oct-2022,253.1,249.1,255.45,247.3,253.1,253.0,252.47,437117,1103.6,10569, 232614, 53.22,-0.04
VGUARD, EQ, 28-Oct-2024,411.1,412.0,416.0,405.9,413.7,413.75,411.44,237502,977.17,20111, 85410, 35.96,0.64
VGUARD, EQ, 28-Nov-2022,251.95,251.0,254.25,251.0, 252.30,252.35,252.86,85474,216.13,3397, 40174, 47.00,0.16
VGUARD, EQ, 28-Nov-2023,287.1,289.2,302.9,288.15, 300.40,300.55,297.27,636569,1892.3,20326, 269349, 42.31,4.68
VGUARD, EQ, 28-Nov-2024,420.05,419.8,424.0,416.15,419.0,420.3,420.97,103807,437.0,7395, 55378, 53.35,0.06
VGUARD, EQ, 28-Dec-2020,188.35,189.9,192.15,188.0,190.9,190.8,190.2,620748,1180.64,6854, 274908, 44.29,1.3
VGUARD, EQ, 28-Dec-2021,221.95,224.9,227.7,222.45,224.0,224.1,225.58,352099,794.25,8797, 180536, 51.27,0.97
VGUARD, EQ, 28-Dec-2022,261.1,261.0,267.5,260.3, 265.10,265.35,265.27,192489,510.61,4862, 62138, 32.28,1.63
VGUARD, EQ, 28-Dec-2023,288.0,288.95,290.65,283.35, 284.90,284.2,285.62,313944,896.68,9726, 220062, 70.10,-1.32
VGUARD, EQ, 29-Jan-2020,225.5,225.0,228.5,224.8, 228.40,226.8,227.11,99518,226.02,2379, 52910, 53.17,0.58
VGUARD, EQ, 29-Jan-2021,223.05,223.45,234.75,223.1, 231.00,230.8,228.97,1196068,2738.68,34353, 437119, 36.55,3.47
VGUARD, EQ, 29-Jan-2024,293.35,295.6,295.6,290.7, 291.10,290.95,291.72,119883,349.72,4679, 69339, 57.84,-0.82
VGUARD, EQ, 29-Jan-2025,353.8,350.1,363.6,348.85,357.0,357.3,357.92,267837,958.64,15998, 107134, 40.00,0.99
VGUARD, EQ, 29-Feb-2024,330.05,333.0,333.75,321.45, 325.00,324.95,326.32,1422194,4640.87,32929, 584070, 41.07,-1.55
VGUARD, EQ, 29-Mar-2022,214.15,213.9,219.8,212.7, 215.00,214.15,214.81,1205945,2590.47,18872, 850737, 70.55,0.0
VGUARD, EQ, 29-Mar-2023,241.15,241.9,248.5,241.9, 248.35,247.85,246.53,134560,331.74,6356, 63361, 47.09,2.78
VGUARD, EQ, 29-Apr-2020,178.1,180.0,181.35,174.45,178.85,178.1,177.41,624033,1107.1,16386, 304610, 48.81,0.0
VGUARD, EQ, 29-Apr-2021,225.9,225.9,227.4,222.35, 223.55,223.65,224.02,282789,633.49,10681, 146851, 51.93,-1.0
VGUARD, EQ, 29-Apr-2022,211.7,211.7,214.45,210.8,211.45,211.65,212.6,160488,341.19,5933, 36513, 22.75,-0.02
VGUARD, EQ, 29-Apr-2024,342.55,344.0,353.75,343.35, 347.40,346.2,347.95,400622,1393.96,14681, 164775, 41.13,1.07
VGUARD, EQ, 29-May-2020,173.8,173.7,177.95,171.6, 176.50,177.05,176.03,355965,626.6,7020, 172884, 48.57,1.87
VGUARD, EQ, 29-May-2023,250.15,250.45,252.5,249.15, 250.30,249.85,250.85,66019,165.61,3682, 31037, 47.01,-0.12
VGUARD, EQ, 29-May-2024,369.45,374.8,385.75,370.05,383.3,382.15,381.27,1022638,3899.02,28958, 338991, 33.15,3.44
VGUARD, EQ, 29-Jun-2020,175.3,174.9,175.25,171.5, 172.00,171.9,172.1,355270,611.42,6043, 275599, 77.57,-1.94
VGUARD, EQ, 29-Jun-2021,268.5,269.8,270.5,263.45, 266.90,266.75,266.81,749053,1998.54,10120, 487055, 65.02,-0.65
VGUARD, EQ, 29-Jun-2022,215.65,214.9,224.7,213.55, 220.00,221.0,219.28,173942,381.42,5378, 70413, 40.48,2.48
VGUARD, EQ, 28-Jun-2023,284.35,285.2,290.85,280.1, 284.00,284.5,286.42,955362,2736.39,20210, 331332, 34.68,0.05
VGUARD, EQ, 29-Jul-2020,164.85,165.0,166.5,164.0, 164.60,164.55,164.82,285859,471.15,4750, 149192, 52.19,-0.18
VGUARD, EQ, 29-Jul-2021,247.7,249.5,253.5,247.7,249.9,248.75,250.33,411187,1029.33,7060, 179855, 43.74,0.42
VGUARD, EQ, 29-Jul-2022,224.3,225.7,227.0,223.75,226.9,226.2,225.66,428359,966.64,12266, 310272, 72.43,0.85
VGUARD, EQ, 29-Jul-2024,452.0,464.9,471.0,452.0,461.4,459.85,465.15,324004,1507.11,16003, 127857, 39.46,1.74
VGUARD, EQ, 29-Aug-2022,234.5,230.0,232.15,226.0, 230.20,229.0,229.19,458054,1049.82,14160, 357252, 77.99,-2.35
VGUARD, EQ, 29-Aug-2023,310.55,312.2,314.6,309.7, 312.75,313.05,312.52,153455,479.58,6705, 75369, 49.11,0.81
VGUARD, EQ, 29-Aug-2024,460.15,463.35,476.45,454.7,461.8,461.1,464.96,1199835,5578.72,38140, 431999, 36.00,0.21
VGUARD, EQ, 29-Sep-2020,166.5,167.0,169.7,164.5,168.45,168.7,168.02,422488,709.87,5905, 126718, 29.99,1.32
VGUARD, EQ, 29-Sep-2021,259.1,259.0,263.95,255.5, 256.00,257.4,259.81,714255,1855.7,12995, 282854, 39.60,-0.66
VGUARD, EQ, 29-Sep-2022,231.15,232.4,238.7,231.2,232.0,235.25,236.21,516522,1220.1,7541, 277612, 53.75,1.77
VGUARD, EQ, 29-Sep-2023,305.1,307.0,309.0,305.1, 305.25,307.3,307.43,84716,260.44,5815, 38764, 45.76,0.72
VGUARD, EQ, 29-Oct-2020,170.7,169.1,172.25,164.05,169.4,168.3,169.04,462783,782.29,8771, 172944, 37.37,-1.41
VGUARD, EQ, 29-Oct-2021,261.2,255.0,262.0,251.0, 255.80,256.9,257.54,756107,1947.29,18048, 205177, 27.14,-1.65
VGUARD, EQ, 29-Oct-2024,413.75,415.0,432.5,410.5,428.5,426.85,419.39,756847,3174.15,37561, 190467, 25.17,3.17
VGUARD, EQ, 29-Nov-2021,234.85,228.0,236.4,224.0, 232.05,232.15,231.66,462733,1071.96,19202, 179413, 38.77,-1.15
VGUARD, EQ, 29-Nov-2022,252.35,255.0,259.0,251.0,251.4,251.35,254.95,301638,769.03,9834, 145538, 48.25,-0.4
VGUARD, EQ, 29-Nov-2023,300.55,299.65,303.05,296.05, 301.00,300.9,299.57,665776,1994.47,23150, 471000, 70.74,0.12
VGUARD, EQ, 29-Nov-2024,420.3,421.0,423.9,414.0,415.95,416.95,416.94,129444,539.7,10904, 59671, 46.10,-0.8
VGUARD, EQ, 29-Dec-2020,190.8,192.6,192.6,187.0,188.0,187.9,189.24,254499,481.6,6159, 140362, 55.15,-1.52
VGUARD, EQ, 29-Dec-2021,224.1,225.0,226.5,222.0, 223.50,222.25,223.23,174607,389.78,2851, 88659, 50.78,-0.83
VGUARD, EQ, 29-Dec-2022,265.35,265.0,265.0,262.1, 263.50,263.35,263.37,68726,181.0,2165, 34824, 50.67,-0.75
VGUARD, EQ, 29-Dec-2023,284.2,286.9,294.0,285.1, 292.40,292.35,290.87,485620,1412.54,15806, 239845, 49.39,2.87
VGUARD, EQ, 30-Jan-2020,226.8,228.2,233.0,222.0, 222.50,222.8,226.9,417076,946.36,7816, 188428, 45.18,-1.76
VGUARD, EQ, 30-Jan-2023,245.3,246.0,248.65,242.1, 247.50,247.05,245.7,130339,320.25,7127, 67808, 52.02,0.71
VGUARD, EQ, 30-Jan-2024,290.95,290.5,292.4,289.05, 289.70,289.6,290.45,163541,475.01,10115, 80828, 49.42,-0.46
VGUARD, EQ, 30-Jan-2025,357.3,356.65,368.8,356.65,364.9,364.35,364.15,316058,1150.93,26174, 125295, 39.64,1.97
VGUARD, EQ, 30-Mar-2020,157.4,152.0,157.15,151.0, 154.25,154.1,153.56,256303,393.57,12073, 163795, 63.91,-2.1
VGUARD, EQ, 30-Mar-2021,230.35,234.0,249.8,233.95,248.35,246.3,242.92,1966644,4777.4,32488, 590719, 30.04,6.92
VGUARD, EQ, 30-Mar-2022,214.15,215.0,220.0,214.8, 217.05,217.55,216.63,886026,1919.39,15235, 585603, 66.09,1.59
VGUARD, EQ, 30-Apr-2020,178.1,180.0,182.5,176.0,176.05,176.7,179.25,381264,683.43,10133, 187874, 49.28,-0.79
VGUARD, EQ, 30-Apr-2021,223.65,223.5,225.8,222.0,224.45,223.1,223.7,339067,758.48,15931, 224983, 66.35,-0.25
VGUARD, EQ, 30-Apr-2024,346.2,347.85,350.1,341.4, 342.95,343.0,345.05,251729,868.58,11872, 109614, 43.54,-0.92
VGUARD, EQ, 30-May-2022,230.45,230.4,237.1,227.35, 236.00,234.5,234.32,3141307,7360.6,6439, 995414, 31.69,1.76
VGUARD, EQ, 30-May-2023,249.85,250.95,254.0,242.0, 248.25,249.75,247.14,614515,1518.7,16988, 136468, 22.21,-0.04
VGUARD, EQ, 30-May-2024,382.15,382.2,390.8,373.95,377.1,376.0,381.64,601657,2296.19,23182, 187438, 31.15,-1.61
VGUARD, EQ, 30-Jun-2020,171.9,172.9,173.5,169.15, 170.20,169.95,170.27,506499,862.43,10465, 374978, 74.03,-1.13
VGUARD, EQ, 30-Jun-2021,266.75,268.45,268.9,264.0, 265.65,265.15,265.5,490949,1303.46,9425, 296926, 60.48,-0.6
VGUARD, EQ, 30-Jun-2022,221.0,220.45,228.0,217.4,221.0,225.2,223.12,251570,561.3,10076, 121690, 48.37,1.9
VGUARD, EQ, 30-Jun-2023,284.5,285.0,289.75,280.3, 284.00,282.5,285.44,559556,1597.17,15363, 268911, 48.06,-0.7
VGUARD, EQ, 30-Jul-2020,164.55,164.6,166.0,163.0, 163.25,163.55,164.58,128344,211.22,2866, 84257, 65.65,-0.61
VGUARD, EQ, 30-Jul-2021,248.75,251.0,256.4,247.25, 249.45,249.0,251.76,2116411,5328.19,38689, 415712, 19.64,0.1
VGUARD, EQ, 30-Jul-2024,459.85,464.45,470.0,456.3,459.4,458.5,462.9,276905,1281.8,15734, 122465, 44.23,-0.29
VGUARD, EQ, 30-Aug-2021,240.35,240.4,245.4,239.5, 241.00,241.65,243.33,788613,1918.9,11294, 493844, 62.62,0.54
VGUARD, EQ, 30-Aug-2022,229.0,232.0,234.0,226.0, 226.95,227.15,228.93,588069,1346.29,11930, 432755, 73.59,-0.81
VGUARD, EQ, 30-Aug-2023,313.05,314.7,318.5,312.0, 316.90,316.4,315.44,663771,2093.78,19770, 455640, 68.64,1.07
VGUARD, EQ, 30-Aug-2024,461.1,466.0,467.25,453.0,456.95,458.55,457.11,652912,2984.51,21064, 313003, 47.94,-0.55
VGUARD, EQ, 30-Sep-2020,168.7,167.15,171.8,164.55,169.25,170.45,168.43,379439,639.08,7128, 172714, 45.52,1.04
VGUARD, EQ, 30-Sep-2021,257.4,257.55,259.95,256.55, 257.40,257.95,258.13,240379,620.49,6067, 97113, 40.40,0.21
VGUARD, EQ, 30-Sep-2022,235.25,232.8,245.7,232.2, 240.90,242.85,242.06,383073,927.25,7934, 211591, 55.24,3.23
VGUARD, EQ, 30-Sep-2024,446.35,445.0,448.5,439.15,448.2,447.25,443.64,355952,1579.16,15029, 216935, 60.95,0.2
VGUARD, EQ, 30-Oct-2020,168.3,170.0,173.25,168.5, 168.70,169.75,170.92,428334,732.1,9512, 142934, 33.37,0.86
VGUARD, EQ, 30-Oct-2023,307.1,307.1,308.0,296.5, 303.00,303.05,300.46,211146,634.4,9513, 91469, 43.32,-1.32
VGUARD, EQ, 30-Oct-2024,426.85,423.95,426.85,416.8,423.0,423.05,421.79,246376,1039.18,13424, 114151, 46.33,-0.89
VGUARD, EQ, 30-Nov-2021,232.15,233.3,247.35,233.25,244.9,244.75,241.5,778637,1880.42,17240, 435014, 55.87,5.43
VGUARD, EQ, 30-Nov-2022,251.35,252.3,255.0,251.5,253.0,252.9,253.05,120999,306.19,4094, 66147, 54.67,0.62
VGUARD, EQ, 30-Nov-2023,300.9,303.45,304.4,297.35, 300.20,301.6,300.62,173969,522.98,7779, 94430, 54.28,0.23
VGUARD, EQ, 30-Dec-2020,187.9,187.9,187.9,185.3,186.95,186.6,186.29,261879,487.86,8762, 150197, 57.35,-0.69
VGUARD, EQ, 30-Dec-2021,222.25,222.35,224.0,219.65, 220.00,220.4,221.72,210129,465.9,4463, 126584, 60.24,-0.83
VGUARD, EQ, 30-Dec-2022,263.35,263.35,266.9,259.8,262.0,261.4,262.73,202598,532.29,4754, 85636, 42.27,-0.74
VGUARD, EQ, 30-Dec-2024,417.2,416.1,428.0,412.15,427.0,424.75,420.49,248316,1044.14,16541, 109501, 44.10,1.81
VGUARD, EQ, 31-Jan-2020,222.8,223.5,231.0,220.6, 225.20,225.45,226.93,1198060,2718.78,22199, 201343, 16.81,1.19
VGUARD, EQ, 31-Jan-2022,215.2,216.35,217.9,215.0,215.7,215.65,215.85,255095,550.62,8127, 132100, 51.78,0.21
VGUARD, EQ, 31-Jan-2023,247.05,246.1,249.0,244.7,247.15,246.75,246.47,81892,201.84,3818, 39362, 48.07,-0.12
VGUARD, EQ, 31-Jan-2024,289.6,289.65,293.0,288.95, 292.90,292.4,291.44,203518,593.14,10926, 127907, 62.85,0.97
VGUARD, EQ, 31-Jan-2025,364.35,360.5,369.5,357.95,364.7,364.45,363.66,333473,1212.7,27015, 121303, 36.38,0.03
VGUARD, EQ, 31-Mar-2020,154.1,160.0,160.0,153.55,155.9,155.15,155.44,194735,302.7,5322, 108117, 55.52,0.68
VGUARD, EQ, 31-Mar-2021,246.3,245.8,255.0,242.25, 251.25,252.35,251.46,2184653,5493.58,25149, 665385, 30.46,2.46
VGUARD, EQ, 31-Mar-2022,217.55,218.9,219.85,215.0, 215.00,215.8,217.18,262291,569.63,8072, 117293, 44.72,-0.8
VGUARD, EQ, 31-Mar-2023,247.85,246.2,252.3,246.2, 250.25,250.05,250.61,132239,331.4,9269, 78370, 59.26,0.89
VGUARD, EQ, 31-May-2021,269.85,285.0,285.0,276.05, 279.70,278.95,280.21,6402699,17940.79,83626, 2091308, 32.66,3.37
VGUARD, EQ, 31-May-2022,234.5,234.9,236.0,231.0, 234.40,234.3,234.12,573112,1341.79,11713, 354855, 61.92,-0.09
VGUARD, EQ, 31-May-2023,249.75,248.0,253.9,239.0, 250.85,251.05,250.62,283067,709.44,11678, 117416, 41.48,0.52
VGUARD, EQ, 31-May-2024,376.0,377.1,379.8,368.0,371.5,370.4,372.53,413577,1540.68,15845, 192298, 46.50,-1.49
VGUARD, EQ, 31-Jul-2020,163.55,164.0,164.9,162.0,162.8,162.85,162.95,174232,283.91,3460, 107277, 61.57,-0.43
VGUARD, EQ, 31-Jul-2023,286.1,287.0,287.5,282.6, 283.00,283.65,284.57,207534,590.58,5346, 114222, 55.04,-0.86
VGUARD, EQ, 31-Jul-2024,458.5,460.8,470.05,458.0,462.9,459.7,464.15,496741,2305.64,33950, 203773, 41.02,0.26
VGUARD, EQ, 31-Aug-2020,175.35,179.8,179.8,165.0, 167.00,167.3,170.66,1061226,1811.13,13400, 542074, 51.08,-4.59
VGUARD, EQ, 31-Aug-2021,241.65,243.9,245.05,238.7,244.6,243.45,241.36,844062,2037.21,13256, 545502, 64.63,0.74
VGUARD, EQ, 31-Aug-2023,316.4,320.45,325.0,311.05, 315.50,314.35,318.17,631016,2007.72,18444, 317605, 50.33,-0.65
VGUARD, EQ, 31-Oct-2022,253.0,253.0,256.7,251.4,256.05,256.0,255.74,783532,2003.78,9914, 532584, 67.97,1.19
VGUARD, EQ, 31-Oct-2023,303.05,304.5,308.85,296.4, 297.55,299.6,302.6,870159,2633.06,21572, 109671, 12.60,-1.14
VGUARD, EQ, 31-Oct-2024,423.05,423.05,441.25,421.05,433.0,434.7,427.0,486443,2077.09,21974, 327377, 67.30,2.75
VGUARD, EQ, 31-Dec-2020,186.6,188.5,188.5,185.55,186.0,186.2,186.61,201836,376.65,6408, 91274, 45.22,-0.21
VGUARD, EQ, 31-Dec-2021,220.4,220.5,222.5,220.5,221.9,221.65,221.88,291871,647.59,6456, 189068, 64.78,0.57
VGUARD, EQ, 31-Dec-2024,424.75,424.8,426.1,418.05,422.05,422.5,421.37,88579,373.24,9464, 33478, 37.79,-0.53
